time,sm_bank_20cm,sm_irr_10cm,temp_bank_20cm,temp_irr_10cm
2025-10-16 09:00:00,0.373,0.421,23.6,23
2025-10-16 10:00:00,0.375,0.421,23.2,22.8
2025-10-16 11:00:00,0.376,0.422,22.4,22.4
2025-10-16 12:00:00,0.377,0.422,21.8,22
2025-10-16 13:00:00,0.378,0.422,21.3,21.6
2025-10-16 14:00:00,0.378,0.423,20.9,21.3
2025-10-16 15:00:00,0.379,0.423,20.5,21
2025-10-16 16:00:00,0.379,0.423,20,20.6
2025-10-16 17:00:00,0.38,0.424,19.6,20.3
2025-10-16 18:00:00,0.38,0.424,19.3,20
2025-10-16 19:00:00,0.38,0.424,19,19.8
2025-10-16 20:00:00,0.381,0.425,18.7,19.6
2025-10-16 21:00:00,0.381,0.425,18.5,19.4
2025-10-16 22:00:00,0.381,0.425,18.5,19.3
2025-10-16 23:00:00,0.381,0.425,18.7,19.4
2025-10-17 00:00:00,0.381,0.425,19.2,19.7
2025-10-17 01:00:00,0.38,0.424,20,20.2
2025-10-17 02:00:00,0.38,0.424,20.9,20.8
2025-10-17 03:00:00,0.379,0.423,21.7,21.5
2025-10-17 04:00:00,0.378,0.422,22.4,22.1
2025-10-17 05:00:00,0.378,0.422,22.8,22.4
2025-10-17 06:00:00,0.377,0.421,23.2,22.6
2025-10-17 07:00:00,0.377,0.421,23,22.5
2025-10-17 08:00:00,0.381,0.421,22.6,22.3
2025-10-17 09:00:00,0.386,0.421,22.1,22
2025-10-17 10:00:00,0.386,0.422,21.8,21.8
2025-10-17 11:00:00,0.387,0.422,21.5,21.6
2025-10-17 12:00:00,0.387,0.422,21.3,21.4
2025-10-17 13:00:00,0.387,0.422,21.1,21.2
2025-10-17 14:00:00,0.387,0.422,20.9,21
2025-10-17 15:00:00,0.387,0.422,20.8,20.9
2025-10-17 16:00:00,0.387,0.422,20.8,20.9
2025-10-17 17:00:00,0.387,0.422,20.8,20.9
2025-10-17 18:00:00,0.387,0.422,20.8,20.9
2025-10-17 19:00:00,0.387,0.422,20.8,20.9
2025-10-17 20:00:00,0.387,0.422,20.8,20.9
2025-10-17 21:00:00,0.387,0.422,20.8,20.9
2025-10-17 22:00:00,0.387,0.422,20.8,20.9
2025-10-17 23:00:00,0.388,0.423,20.7,20.8
2025-10-18 00:00:00,0.39,0.423,20.6,20.7
2025-10-18 01:00:00,0.39,0.423,20.6,20.7
2025-10-18 02:00:00,0.39,0.423,20.7,20.8
2025-10-18 03:00:00,0.39,0.422,21.1,21
2025-10-18 04:00:00,0.39,0.422,21.2,21.1
2025-10-18 05:00:00,0.39,0.422,21.2,21.1
2025-10-18 06:00:00,0.39,0.422,21.3,21.1
2025-10-18 07:00:00,0.389,0.422,21.1,21
2025-10-18 08:00:00,0.389,0.422,20.8,20.8
2025-10-18 09:00:00,0.39,0.423,20.4,20.5
2025-10-18 10:00:00,0.39,0.423,20,20.2
2025-10-18 11:00:00,0.39,0.423,19.6,20
2025-10-18 12:00:00,0.39,0.423,19.2,19.8
2025-10-18 13:00:00,0.39,0.423,19,19.6
2025-10-18 14:00:00,0.39,0.423,18.7,19.5
2025-10-18 15:00:00,0.39,0.424,18.5,19.4
2025-10-18 16:00:00,0.39,0.426,18.4,19.2
2025-10-18 17:00:00,0.39,0.426,18.2,19.1
2025-10-18 18:00:00,0.39,0.426,18,19
2025-10-18 19:00:00,0.39,0.426,17.9,18.9
2025-10-18 20:00:00,0.39,0.426,17.8,18.8
2025-10-18 21:00:00,0.389,0.426,17.7,18.8
2025-10-18 22:00:00,0.389,0.426,17.6,18.7
2025-10-18 23:00:00,0.389,0.426,17.7,18.7
2025-10-19 00:00:00,0.389,0.425,18.1,18.9
2025-10-19 01:00:00,0.389,0.425,18.8,19.3
2025-10-19 02:00:00,0.388,0.424,19.8,19.8
2025-10-19 03:00:00,0.387,0.424,20.9,20.4
2025-10-19 04:00:00,0.386,0.423,21.8,21.1
2025-10-19 05:00:00,0.386,0.422,22.2,21.5
2025-10-19 06:00:00,0.385,0.422,22.3,21.6
2025-10-19 07:00:00,0.386,0.422,22,21.5
2025-10-19 08:00:00,0.386,0.422,21.5,21.2
2025-10-19 09:00:00,0.386,0.423,20.9,20.8
2025-10-19 10:00:00,0.386,0.423,20.2,20.4
2025-10-19 11:00:00,0.386,0.424,19.7,20.1
2025-10-19 12:00:00,0.386,0.424,19.2,19.7
2025-10-19 13:00:00,0.386,0.424,18.7,19.4
2025-10-19 14:00:00,0.386,0.425,18.1,19
2025-10-19 15:00:00,0.387,0.425,17.5,18.6
2025-10-19 16:00:00,0.387,0.426,17,18.2
2025-10-19 17:00:00,0.387,0.426,16.6,18
2025-10-19 18:00:00,0.387,0.426,16.1,17.6
2025-10-19 19:00:00,0.387,0.427,15.7,17.3
2025-10-19 20:00:00,0.387,0.427,15.2,17
2025-10-19 21:00:00,0.387,0.428,14.7,16.7
2025-10-19 22:00:00,0.388,0.428,14.2,16.4
2025-10-19 23:00:00,0.388,0.428,14,16.1
2025-10-20 00:00:00,0.387,0.428,14.6,16.2
2025-10-20 01:00:00,0.386,0.428,15.9,16.5
2025-10-20 02:00:00,0.385,0.427,17.6,17.2
2025-10-20 03:00:00,0.383,0.426,19.2,18.2
2025-10-20 04:00:00,0.382,0.425,20.6,19
2025-10-20 05:00:00,0.381,0.425,21.4,19.6
2025-10-20 06:00:00,0.381,0.424,21.6,19.8
2025-10-20 07:00:00,0.38,0.424,21.4,19.7
2025-10-20 08:00:00,0.38,0.425,20.7,19.4
2025-10-20 09:00:00,0.38,0.425,19.5,18.9
2025-10-20 10:00:00,0.38,0.426,18.3,18.3
2025-10-20 11:00:00,0.379,0.426,17.4,17.8
2025-10-20 12:00:00,0.379,0.427,16.6,17.4
2025-10-20 13:00:00,0.379,0.427,15.8,17
2025-10-20 14:00:00,0.379,0.428,15.3,16.6
2025-10-20 15:00:00,0.379,0.428,14.8,16.4
2025-10-20 16:00:00,0.379,0.428,14.4,16.1
2025-10-20 17:00:00,0.378,0.428,14.2,16
2025-10-20 18:00:00,0.378,0.428,14,15.9
2025-10-20 19:00:00,0.378,0.428,13.9,15.8
2025-10-20 20:00:00,0.378,0.429,13.8,15.8
2025-10-20 21:00:00,0.377,0.429,13.8,15.8
2025-10-20 22:00:00,0.377,0.429,13.7,15.7
2025-10-20 23:00:00,0.377,0.429,13.8,15.7
2025-10-21 00:00:00,0.377,0.428,14,15.9
2025-10-21 01:00:00,0.376,0.428,14.7,16.2
2025-10-21 02:00:00,0.376,0.428,15.5,16.6
2025-10-21 03:00:00,0.375,0.427,16,17
2025-10-21 04:00:00,0.374,0.427,16.6,17.3
2025-10-21 05:00:00,0.373,0.426,17.2,17.6
2025-10-21 06:00:00,0.373,0.426,17.7,17.9
2025-10-21 07:00:00,0.372,0.426,17.9,18.1
2025-10-21 08:00:00,0.372,0.426,17.5,18
2025-10-21 09:00:00,0.372,0.426,16.9,17.7
2025-10-21 10:00:00,0.371,0.426,16.3,17.3
2025-10-21 11:00:00,0.372,0.427,15.8,17
2025-10-21 12:00:00,0.371,0.427,15.3,16.7
2025-10-21 13:00:00,0.371,0.427,14.8,16.4
2025-10-21 14:00:00,0.372,0.427,14.3,16.1
2025-10-21 15:00:00,0.372,0.428,13.9,15.8
2025-10-21 16:00:00,0.372,0.428,13.5,15.5
2025-10-21 17:00:00,0.372,0.428,13,15.2
2025-10-21 18:00:00,0.372,0.428,12.5,14.9
2025-10-21 19:00:00,0.372,0.429,12.1,14.6
2025-10-21 20:00:00,0.373,0.429,11.6,14.2
2025-10-21 21:00:00,0.373,0.43,11.2,13.9
2025-10-21 22:00:00,0.373,0.43,10.8,13.7
2025-10-21 23:00:00,0.373,0.43,10.8,13.5
2025-10-22 00:00:00,0.372,0.43,11.6,13.7
2025-10-22 01:00:00,0.371,0.429,13.1,14.3
2025-10-22 02:00:00,0.37,0.428,15.2,15.3
2025-10-22 03:00:00,0.368,0.427,17.4,16.5
2025-10-22 04:00:00,0.367,0.425,19.3,17.7
2025-10-22 05:00:00,0.365,0.424,20.7,18.7
2025-10-22 06:00:00,0.364,0.423,21.3,19.2
2025-10-22 07:00:00,0.364,0.423,21.1,19.3
2025-10-22 08:00:00,0.363,0.423,20.2,19.1
2025-10-22 09:00:00,0.363,0.423,19.2,18.6
2025-10-22 10:00:00,0.363,0.424,18.4,18.2
2025-10-22 11:00:00,0.363,0.424,17.9,17.9
2025-10-22 12:00:00,0.363,0.424,17.5,17.7
2025-10-22 13:00:00,0.363,0.424,17,17.5
2025-10-22 14:00:00,0.363,0.424,16.4,17.2
2025-10-22 15:00:00,0.363,0.425,15.8,16.8
2025-10-22 16:00:00,0.363,0.425,15.3,16.5
2025-10-22 17:00:00,0.363,0.426,14.8,16.1
2025-10-22 18:00:00,0.363,0.426,14.3,15.8
2025-10-22 19:00:00,0.363,0.426,13.9,15.5
2025-10-22 20:00:00,0.364,0.426,13.5,15.2
2025-10-22 21:00:00,0.364,0.427,13.1,15
2025-10-22 22:00:00,0.364,0.427,12.9,14.8
2025-10-22 23:00:00,0.364,0.427,13.2,14.9
2025-10-23 00:00:00,0.363,0.427,14.1,15.2
2025-10-23 01:00:00,0.362,0.426,16,15.9
2025-10-23 02:00:00,0.36,0.425,18.1,16.9
2025-10-23 03:00:00,0.359,0.424,20.1,18.1
2025-10-23 04:00:00,0.357,0.423,21.4,19.2
2025-10-23 05:00:00,0.356,0.422,22.2,19.9
2025-10-23 06:00:00,0.355,0.421,22.5,20.2
2025-10-23 07:00:00,0.355,0.421,22.1,20.1
2025-10-23 08:00:00,0.355,0.421,21.2,19.7
2025-10-23 09:00:00,0.355,0.421,20.2,19.2
2025-10-23 10:00:00,0.355,0.421,19.1,18.7
2025-10-23 11:00:00,0.355,0.421,18.2,18.2
2025-10-23 12:00:00,0.355,0.422,17.4,17.7
2025-10-23 13:00:00,0.355,0.422,16.7,17.2
2025-10-23 14:00:00,0.355,0.422,16,16.8
2025-10-23 15:00:00,0.355,0.423,15.4,16.5
2025-10-23 16:00:00,0.356,0.423,14.9,16.1
2025-10-23 17:00:00,0.356,0.423,14.5,15.8
2025-10-23 18:00:00,0.356,0.424,14,15.5
2025-10-23 19:00:00,0.356,0.424,13.7,15.3
2025-10-23 20:00:00,0.356,0.424,13.5,15.1
2025-10-23 21:00:00,0.356,0.424,13.1,15
2025-10-23 22:00:00,0.356,0.425,12.9,14.8
2025-10-23 23:00:00,0.356,0.425,13.1,14.8
2025-10-24 00:00:00,0.356,0.424,14,15.1
2025-10-24 01:00:00,0.355,0.424,15.7,15.8
2025-10-24 02:00:00,0.353,0.423,17.7,16.8
2025-10-24 03:00:00,0.352,0.42,19.7,17.9
2025-10-24 04:00:00,0.35,0.418,21.4,19.1
2025-10-24 05:00:00,0.349,0.418,22.6,19.9
2025-10-24 06:00:00,0.348,0.417,22.9,20.3
2025-10-24 07:00:00,0.348,0.417,22.4,20.2
2025-10-24 08:00:00,0.348,0.417,21.5,19.9
2025-10-24 09:00:00,0.348,0.417,20.4,19.3
2025-10-24 10:00:00,0.348,0.417,19.3,18.8
2025-10-24 11:00:00,0.348,0.418,18.5,18.3
2025-10-24 12:00:00,0.348,0.417,17.9,17.9
2025-10-24 13:00:00,0.348,0.417,17.2,17.6
2025-10-24 14:00:00,0.348,0.417,16.6,17.2
2025-10-24 15:00:00,0.349,0.418,16.1,16.9
2025-10-24 16:00:00,0.349,0.418,15.8,16.7
2025-10-24 17:00:00,0.349,0.418,15.6,16.5
2025-10-24 18:00:00,0.349,0.418,15.3,16.4
2025-10-24 19:00:00,0.349,0.418,15.1,16.2
2025-10-24 20:00:00,0.349,0.418,15,16.2
2025-10-24 21:00:00,0.349,0.419,14.8,16
2025-10-24 22:00:00,0.349,0.419,14.7,16
2025-10-24 23:00:00,0.349,0.419,14.8,16
2025-10-25 00:00:00,0.349,0.419,15.2,16.2
2025-10-25 01:00:00,0.348,0.418,16.1,16.6
2025-10-25 02:00:00,0.348,0.418,17.1,17.2
2025-10-25 03:00:00,0.347,0.417,18.4,17.9
2025-10-25 04:00:00,0.346,0.417,19.8,18.7
2025-10-25 05:00:00,0.345,0.416,20.4,19.1
2025-10-25 06:00:00,0.344,0.416,21,19.3
2025-10-25 07:00:00,0.343,0.416,21,19.4
2025-10-25 08:00:00,0.343,0.416,20.2,19
2025-10-25 09:00:00,0.343,0.416,19.1,18.4
2025-10-25 10:00:00,0.344,0.416,18,17.8
2025-10-25 11:00:00,0.344,0.417,17.1,17.3
2025-10-25 12:00:00,0.344,0.417,16.3,16.8
2025-10-25 13:00:00,0.344,0.418,15.7,16.5
2025-10-25 14:00:00,0.344,0.418,15.2,16.2
2025-10-25 15:00:00,0.344,0.418,14.8,16
2025-10-25 16:00:00,0.345,0.418,14.6,15.8
2025-10-25 17:00:00,0.345,0.419,14.4,15.7
2025-10-25 18:00:00,0.345,0.419,14.3,15.6
2025-10-25 19:00:00,0.345,0.419,14.2,15.6
2025-10-25 20:00:00,0.345,0.419,14.1,15.5
2025-10-25 21:00:00,0.345,0.419,14,15.5
2025-10-25 22:00:00,0.345,0.419,13.9,15.4
2025-10-25 23:00:00,0.345,0.419,14,15.4
2025-10-26 00:00:00,0.345,0.419,14.4,15.6
2025-10-26 01:00:00,0.344,0.418,15.6,16.1
2025-10-26 02:00:00,0.343,0.418,17.2,16.7
2025-10-26 03:00:00,0.342,0.417,18.6,17.5
2025-10-26 04:00:00,0.341,0.416,19.5,18.2
2025-10-26 05:00:00,0.34,0.416,19,18.2
2025-10-26 06:00:00,0.34,0.416,18.5,17.9
2025-10-26 07:00:00,0.34,0.416,18.5,17.9
2025-10-26 08:00:00,0.341,0.417,18.2,17.8
2025-10-26 09:00:00,0.341,0.417,17.4,17.5
2025-10-26 10:00:00,0.341,0.417,16.7,17.1
2025-10-26 11:00:00,0.342,0.417,16.1,16.7
2025-10-26 12:00:00,0.342,0.418,15.5,16.4
2025-10-26 13:00:00,0.343,0.418,14.9,16
2025-10-26 14:00:00,0.343,0.418,14.3,15.6
2025-10-26 15:00:00,0.343,0.419,13.8,15.2
2025-10-26 16:00:00,0.344,0.419,13.5,15
2025-10-26 17:00:00,0.344,0.419,13.5,15
2025-10-26 18:00:00,0.344,0.419,13.5,15
2025-10-26 19:00:00,0.344,0.419,13.2,14.9
2025-10-26 20:00:00,0.344,0.419,12.8,14.6
2025-10-26 21:00:00,0.345,0.42,12.3,14.3
2025-10-26 22:00:00,0.345,0.42,11.8,14
2025-10-26 23:00:00,0.345,0.421,11.7,13.8
2025-10-27 00:00:00,0.345,0.421,12.2,13.8
2025-10-27 01:00:00,0.344,0.42,13.4,14.2
2025-10-27 02:00:00,0.343,0.419,14.7,14.7
2025-10-27 03:00:00,0.342,0.419,15.9,15.4
2025-10-27 04:00:00,0.341,0.418,16.9,16
2025-10-27 05:00:00,0.34,0.417,17.7,16.4
2025-10-27 06:00:00,0.339,0.415,17.8,16.5
2025-10-27 07:00:00,0.339,0.415,17.2,16.2
2025-10-27 08:00:00,0.339,0.414,16.5,15.8
2025-10-27 09:00:00,0.339,0.414,15.5,15.3
2025-10-27 10:00:00,0.339,0.415,14.5,14.9
2025-10-27 11:00:00,0.339,0.415,13.8,14.5
2025-10-27 12:00:00,0.339,0.415,13.3,14.4
2025-10-27 13:00:00,0.339,0.416,12.8,14.1
2025-10-27 14:00:00,0.339,0.416,12.3,13.9
2025-10-27 15:00:00,0.34,0.416,11.8,13.6
2025-10-27 16:00:00,0.34,0.417,11.2,13.2
2025-10-27 17:00:00,0.341,0.417,10.6,12.9
2025-10-27 18:00:00,0.341,0.417,10,12.5
2025-10-27 19:00:00,0.341,0.417,9.7,12.3
2025-10-27 20:00:00,0.341,0.418,9.5,12.2
2025-10-27 21:00:00,0.342,0.418,9.3,12.1
2025-10-27 22:00:00,0.342,0.418,9,11.9
2025-10-27 23:00:00,0.342,0.418,8.9,11.7
2025-10-28 00:00:00,0.341,0.418,9.8,11.9
2025-10-28 01:00:00,0.34,0.417,11.5,12.5
2025-10-28 02:00:00,0.338,0.417,13.3,13.1
2025-10-28 03:00:00,0.337,,14.5,
2025-10-28 04:00:00,0.336,,15.8,
2025-10-28 05:00:00,0.335,,16.7,
2025-10-28 06:00:00,0.334,,17.2,
2025-10-28 07:00:00,0.334,,17.1,
2025-10-28 08:00:00,0.334,,16.4,
2025-10-28 09:00:00,0.334,,15.1,
2025-10-28 10:00:00,0.335,,13.9,
2025-10-28 11:00:00,0.335,,12.8,
2025-10-28 12:00:00,0.335,,11.8,
2025-10-28 13:00:00,0.336,,11,
2025-10-28 14:00:00,0.336,,10.2,
2025-10-28 15:00:00,0.336,,9.6,
2025-10-28 16:00:00,0.337,,9,
2025-10-28 17:00:00,0.337,,8.5,
2025-10-28 18:00:00,0.337,,8.1,
2025-10-28 19:00:00,0.338,,7.6,
2025-10-28 20:00:00,0.338,,7.2,
2025-10-28 21:00:00,0.338,,6.9,
2025-10-28 22:00:00,0.339,,6.6,
2025-10-28 23:00:00,0.339,,6.5,
2025-10-29 00:00:00,0.338,,7.5,
2025-10-29 01:00:00,0.336,,9.3,
2025-10-29 02:00:00,0.335,,11.6,
2025-10-29 03:00:00,0.333,,13.7,
2025-10-29 04:00:00,0.332,,15.5,
2025-10-29 05:00:00,0.331,,16.9,
2025-10-29 06:00:00,0.33,,17.6,
2025-10-29 07:00:00,0.329,,17.8,
2025-10-29 08:00:00,0.329,,17.2,
2025-10-29 09:00:00,0.33,,16,
2025-10-29 10:00:00,0.33,,14.8,
2025-10-29 11:00:00,0.331,,13.6,
2025-10-29 12:00:00,0.331,,12.6,
2025-10-29 13:00:00,0.331,,11.7,
2025-10-29 14:00:00,0.332,,11,
2025-10-29 15:00:00,0.332,,10.3,
2025-10-29 16:00:00,0.333,,9.7,
2025-10-29 17:00:00,0.333,,9.2,
2025-10-29 18:00:00,0.334,,8.7,
2025-10-29 19:00:00,0.334,,8.3,
2025-10-29 20:00:00,0.334,,7.9,
2025-10-29 21:00:00,0.334,,7.5,
2025-10-29 22:00:00,0.335,,7.2,
2025-10-29 23:00:00,0.335,,7.2,
2025-10-30 00:00:00,0.334,,8.2,
2025-10-30 01:00:00,0.333,,10.1,
2025-10-30 02:00:00,0.331,,12.1,
2025-10-30 03:00:00,0.33,,13.7,
2025-10-30 04:00:00,0.329,,14.9,
2025-10-30 05:00:00,0.328,,15.7,
2025-10-30 06:00:00,0.328,,16.1,
2025-10-30 07:00:00,0.327,,16.1,
2025-10-30 08:00:00,0.327,,15.8,
2025-10-30 09:00:00,0.328,,15.2,
2025-10-30 10:00:00,0.328,,14.4,
2025-10-30 11:00:00,0.328,,13.7,
2025-10-30 12:00:00,0.329,,13.1,
2025-10-30 13:00:00,0.329,,12.6,
2025-10-30 14:00:00,0.329,,12.2,
2025-10-30 15:00:00,0.33,,11.8,
2025-10-30 16:00:00,0.33,,11.3,
2025-10-30 17:00:00,0.33,,10.8,
2025-10-30 18:00:00,0.331,,10.3,
2025-10-30 19:00:00,0.331,,10,
2025-10-30 20:00:00,0.331,,9.5,
2025-10-30 21:00:00,0.332,,9.1,
2025-10-30 22:00:00,0.332,,8.7,
2025-10-30 23:00:00,0.332,,8.5,
2025-10-31 00:00:00,0.332,,9.4,
2025-10-31 01:00:00,0.33,,11.2,
2025-10-31 02:00:00,0.328,,13.4,
2025-10-31 03:00:00,0.327,,15.5,
2025-10-31 04:00:00,0.326,,17.3,
2025-10-31 05:00:00,0.325,,18.4,
2025-10-31 06:00:00,0.324,,18.7,
2025-10-31 07:00:00,0.324,,18.5,
2025-10-31 08:00:00,0.324,,17.6,
2025-10-31 09:00:00,0.324,,16.5,
2025-10-31 10:00:00,0.325,,15.5,
2025-10-31 11:00:00,0.325,,14.9,
2025-10-31 12:00:00,0.325,,14.5,
2025-10-31 13:00:00,0.325,,14.2,
2025-10-31 14:00:00,0.325,,13.9,
2025-10-31 15:00:00,0.325,,13.7,
2025-10-31 16:00:00,0.326,,13.6,
2025-10-31 17:00:00,0.326,,13.3,
2025-10-31 18:00:00,0.332,,13.3,
2025-10-31 19:00:00,0.343,,13.2,
2025-10-31 20:00:00,0.339,,12.9,
2025-10-31 21:00:00,0.338,,12.4,
2025-10-31 22:00:00,0.337,,11.9,
2025-10-31 23:00:00,0.337,,11.6,
2025-11-01 00:00:00,0.336,,12.3,
2025-11-01 01:00:00,0.335,,13.7,
2025-11-01 02:00:00,0.334,,15.1,
2025-11-01 03:00:00,0.333,,16.4,
2025-11-01 04:00:00,0.333,,17.2,
2025-11-01 05:00:00,0.332,,17.5,
2025-11-01 06:00:00,0.332,,17.5,
2025-11-01 07:00:00,0.332,,17.1,
2025-11-01 08:00:00,0.333,,16.4,
2025-11-01 09:00:00,0.333,,15.7,
2025-11-01 10:00:00,0.333,,14.9,
2025-11-01 11:00:00,0.334,,14.2,
2025-11-01 12:00:00,0.334,,13.5,
2025-11-01 13:00:00,0.334,,12.8,
2025-11-01 14:00:00,0.334,,12.2,
2025-11-01 15:00:00,0.335,,11.6,
2025-11-01 16:00:00,0.335,,11.1,
2025-11-01 17:00:00,0.335,,10.7,
2025-11-01 18:00:00,0.335,,10.3,
2025-11-01 19:00:00,0.335,,10.3,
2025-11-01 20:00:00,0.335,,10.6,
2025-11-01 21:00:00,0.335,,10.6,
2025-11-01 22:00:00,0.335,,10.4,
2025-11-01 23:00:00,0.335,,10.3,
2025-11-02 00:00:00,0.335,,11,
2025-11-02 01:00:00,0.334,,12.7,
2025-11-02 02:00:00,0.333,,14.2,
2025-11-02 03:00:00,0.332,,15.3,
2025-11-02 04:00:00,0.331,,15.8,
2025-11-02 05:00:00,0.331,,16.3,
2025-11-02 06:00:00,0.331,,16.5,
2025-11-02 07:00:00,0.331,,15.8,
2025-11-02 08:00:00,0.331,,15,
2025-11-02 09:00:00,0.331,,13.9,
2025-11-02 10:00:00,0.332,,13,
2025-11-02 11:00:00,0.332,,12.4,
2025-11-02 12:00:00,0.332,,11.8,
2025-11-02 13:00:00,0.332,,11.4,
2025-11-02 14:00:00,0.332,,11,
2025-11-02 15:00:00,0.332,,10.6,
2025-11-02 16:00:00,0.332,,10.4,
2025-11-02 17:00:00,0.332,,9.9,
2025-11-02 18:00:00,0.333,,9.3,
2025-11-02 19:00:00,0.333,,8.8,
2025-11-02 20:00:00,0.333,,8.2,
2025-11-02 21:00:00,0.334,,7.7,
2025-11-02 22:00:00,0.334,,7.1,
2025-11-02 23:00:00,0.334,,6.8,
2025-11-03 00:00:00,0.334,,7.5,
2025-11-03 01:00:00,0.332,,9.1,
2025-11-03 02:00:00,0.33,,11.1,
2025-11-03 03:00:00,0.329,,13.1,
2025-11-03 04:00:00,0.327,,14.9,
2025-11-03 05:00:00,0.326,,16.2,
2025-11-03 06:00:00,0.326,,16.9,
2025-11-03 07:00:00,0.325,,16.6,
2025-11-03 08:00:00,0.326,,15.6,
2025-11-03 09:00:00,0.326,,14.2,
2025-11-03 10:00:00,0.326,,13.1,
2025-11-03 11:00:00,0.327,,12.1,
2025-11-03 12:00:00,0.328,,11.3,
2025-11-03 13:00:00,0.328,,10.5,
2025-11-03 14:00:00,0.328,,10.1,
2025-11-03 15:00:00,0.328,,9.9,
2025-11-03 16:00:00,0.328,,9.8,
2025-11-03 17:00:00,0.328,,9.6,
2025-11-03 18:00:00,0.328,,9.4,
2025-11-03 19:00:00,0.329,,9.2,
2025-11-03 20:00:00,0.329,,9,
2025-11-03 21:00:00,0.329,,8.9,
2025-11-03 22:00:00,0.329,,8.7,
2025-11-03 23:00:00,0.329,,8.8,
2025-11-04 00:00:00,0.329,,9.4,
2025-11-04 01:00:00,0.328,,10.8,
2025-11-04 02:00:00,0.327,,12.6,
2025-11-04 03:00:00,0.325,,14.7,
2025-11-04 04:00:00,0.324,,16.4,
2025-11-04 05:00:00,0.323,,17.5,
2025-11-04 06:00:00,0.322,,18,
2025-11-04 07:00:00,0.322,0.402,18.1,16.1
2025-11-04 08:00:00,0.322,0.402,17.3,15.8
2025-11-04 09:00:00,0.322,0.402,16.1,15.2
2025-11-04 10:00:00,0.323,0.402,15,14.6
2025-11-04 11:00:00,0.323,0.403,14,13.9
2025-11-04 12:00:00,0.324,0.403,13.1,13.4
2025-11-04 13:00:00,0.324,0.403,12.3,12.9
2025-11-04 14:00:00,0.324,0.403,11.7,12.5
2025-11-04 15:00:00,0.325,0.403,11.1,12.1
2025-11-04 16:00:00,0.325,0.403,10.5,11.8
2025-11-04 17:00:00,0.325,0.404,10,11.5
2025-11-04 18:00:00,0.326,0.404,9.5,11.2
2025-11-04 19:00:00,0.326,0.404,9.1,10.9
2025-11-04 20:00:00,0.327,0.404,8.7,10.7
2025-11-04 21:00:00,0.327,0.404,8.4,10.4
2025-11-04 22:00:00,0.327,0.404,8,10.2
2025-11-04 23:00:00,0.327,0.404,7.9,10.1
2025-11-05 00:00:00,0.327,0.404,8.8,10.3
2025-11-05 01:00:00,0.325,0.404,10.6,11.1
2025-11-05 02:00:00,0.324,0.403,12.8,12.3
2025-11-05 03:00:00,0.322,0.402,15,13.7
2025-11-05 04:00:00,0.321,0.4,17,15
2025-11-05 05:00:00,0.319,0.399,18.5,16
2025-11-05 06:00:00,0.319,0.398,19.3,16.5
2025-11-05 07:00:00,0.318,0.397,19.3,16.6
2025-11-05 08:00:00,0.318,0.397,18.4,16.2
2025-11-05 09:00:00,0.319,0.397,17.1,15.6
2025-11-05 10:00:00,0.319,0.398,15.9,14.8
2025-11-05 11:00:00,0.32,0.398,14.7,14.2
2025-11-05 12:00:00,0.32,0.399,13.7,13.6
2025-11-05 13:00:00,0.321,0.399,12.8,13.1
2025-11-05 14:00:00,0.321,0.399,12.1,12.6
2025-11-05 15:00:00,0.322,0.4,11.5,12.2
2025-11-05 16:00:00,0.322,0.4,10.9,11.9
2025-11-05 17:00:00,0.322,0.4,10.3,11.6
2025-11-05 18:00:00,0.323,0.4,9.8,11.2
2025-11-05 19:00:00,0.323,0.401,9.3,11
2025-11-05 20:00:00,0.324,0.401,8.8,10.7
2025-11-05 21:00:00,0.324,0.401,8.4,10.4
2025-11-05 22:00:00,0.324,0.401,8,10.1
2025-11-05 23:00:00,0.324,0.401,7.9,10
2025-11-06 00:00:00,0.324,0.401,8.6,10.2
2025-11-06 01:00:00,0.323,0.401,10.2,10.9
2025-11-06 02:00:00,0.321,0.4,12.3,12.1
2025-11-06 03:00:00,0.32,0.399,14.5,13.5
2025-11-06 04:00:00,0.318,0.397,16.4,14.7
2025-11-06 05:00:00,0.317,0.396,17.7,15.6
2025-11-06 06:00:00,0.316,0.395,18.5,16
2025-11-06 07:00:00,0.316,0.395,18.6,16.2
2025-11-06 08:00:00,0.316,0.394,17.9,15.9
2025-11-06 09:00:00,0.316,0.395,16.7,15.4
2025-11-06 10:00:00,0.317,0.395,15.6,14.8
2025-11-06 11:00:00,0.318,0.395,14.7,14.3
2025-11-06 12:00:00,0.318,0.396,14,13.9
2025-11-06 13:00:00,0.318,0.396,13.4,13.6
2025-11-06 14:00:00,0.318,0.396,12.9,13.3
2025-11-06 15:00:00,0.318,0.397,12.4,13
2025-11-06 16:00:00,0.319,0.397,11.9,12.6
2025-11-06 17:00:00,0.319,0.397,11.4,12.4
2025-11-06 18:00:00,0.319,0.397,11,12.1
2025-11-06 19:00:00,0.32,0.397,10.5,11.8
2025-11-06 20:00:00,0.32,0.398,10,11.5
2025-11-06 21:00:00,0.321,0.398,9.5,11.2
2025-11-06 22:00:00,0.321,0.398,9.1,10.9
2025-11-06 23:00:00,0.321,0.398,9,10.8
2025-11-07 00:00:00,0.321,0.398,9.8,11
2025-11-07 01:00:00,0.32,0.397,11.4,11.7
2025-11-07 02:00:00,0.318,0.397,13.5,12.8
2025-11-07 03:00:00,0.317,0.395,15.7,14.2
2025-11-07 04:00:00,0.315,0.394,17.7,15.4
2025-11-07 05:00:00,0.314,0.393,19.2,16.3
2025-11-07 06:00:00,0.313,0.392,20.1,16.9
2025-11-07 07:00:00,0.313,0.391,20,17
2025-11-07 08:00:00,0.313,0.391,19.1,16.6
2025-11-07 09:00:00,0.313,0.391,17.8,16
2025-11-07 10:00:00,0.314,0.391,16.6,15.4
2025-11-07 11:00:00,0.315,0.392,15.5,14.8
2025-11-07 12:00:00,0.315,0.392,14.7,14.3
2025-11-07 13:00:00,0.315,0.393,13.9,13.8
2025-11-07 14:00:00,0.316,0.393,13.3,13.5
2025-11-07 15:00:00,0.316,0.393,12.7,13.2
2025-11-07 16:00:00,0.316,0.393,12.2,12.9
2025-11-07 17:00:00,0.317,0.394,11.7,12.5
2025-11-07 18:00:00,0.317,0.394,11.2,12.2
2025-11-07 19:00:00,0.317,0.394,10.8,12
2025-11-07 20:00:00,0.318,0.394,10.5,11.8
2025-11-07 21:00:00,0.318,0.394,10.4,11.7
2025-11-07 22:00:00,0.318,0.394,10.4,11.7
2025-11-07 23:00:00,0.318,0.394,10.6,11.8
2025-11-08 00:00:00,0.317,0.394,11.3,12.2
2025-11-08 01:00:00,0.317,0.394,12,12.8
2025-11-08 02:00:00,0.316,0.393,12.9,13.3
2025-11-08 03:00:00,0.315,0.392,14.2,14.2
2025-11-08 04:00:00,0.315,0.391,15.1,14.9
2025-11-08 05:00:00,0.314,0.391,15.6,15.3
2025-11-08 06:00:00,0.314,0.39,15.8,15.4
2025-11-08 07:00:00,0.314,0.39,15.6,15.4
2025-11-08 08:00:00,0.314,0.39,15.3,15.2
2025-11-08 09:00:00,0.314,0.391,15.1,15.1
2025-11-08 10:00:00,0.315,0.392,14.8,14.9
2025-11-08 11:00:00,0.315,0.407,14.6,14.8
2025-11-08 12:00:00,0.315,0.417,14.4,14.6
2025-11-08 13:00:00,0.316,0.418,14.3,14.5
2025-11-08 14:00:00,0.321,0.419,14.1,14.4
2025-11-08 15:00:00,0.336,0.421,14,14.3
2025-11-08 16:00:00,0.343,0.421,14,14.3
2025-11-08 17:00:00,0.345,0.422,13.9,14.2
2025-11-08 18:00:00,0.345,0.423,13.8,14.2
2025-11-08 19:00:00,0.344,0.422,13.7,14.1
2025-11-08 20:00:00,0.342,0.422,13.6,14.1
2025-11-08 21:00:00,0.34,0.422,13.5,14
2025-11-08 22:00:00,0.338,0.423,13.3,13.9
2025-11-08 23:00:00,0.338,0.423,13.1,13.7
2025-11-09 00:00:00,0.337,0.423,13.5,13.8
2025-11-09 01:00:00,0.336,0.422,14.6,14.2
2025-11-09 02:00:00,0.335,0.422,15.8,14.9
2025-11-09 03:00:00,0.334,0.421,17,15.6
2025-11-09 04:00:00,0.333,0.42,18.2,16.4
2025-11-09 05:00:00,0.332,0.42,19.1,17
2025-11-09 06:00:00,0.332,0.419,19.4,17.2
2025-11-09 07:00:00,0.332,0.419,19,17
2025-11-09 08:00:00,0.332,0.419,18,16.5
2025-11-09 09:00:00,0.333,0.418,16.8,15.9
2025-11-09 10:00:00,0.334,0.418,15.8,15.2
2025-11-09 11:00:00,0.334,0.418,14.8,14.7
2025-11-09 12:00:00,0.334,0.419,14,14.1
2025-11-09 13:00:00,0.335,0.419,13.2,13.6
2025-11-09 14:00:00,0.335,0.42,12.6,13.2
2025-11-09 15:00:00,0.335,0.42,12,12.9
2025-11-09 16:00:00,0.335,0.42,11.8,12.7
2025-11-09 17:00:00,0.336,0.42,11.6,12.6
2025-11-09 18:00:00,0.336,0.42,11.3,12.4
2025-11-09 19:00:00,0.336,0.42,11,12.2
2025-11-09 20:00:00,0.336,0.42,10.6,12
2025-11-09 21:00:00,0.336,0.42,10.2,11.7
2025-11-09 22:00:00,0.337,0.42,9.7,11.4
2025-11-09 23:00:00,0.337,0.42,9.4,11.1
2025-11-10 00:00:00,0.337,0.42,10,11.2
2025-11-10 01:00:00,0.335,0.419,11.4,11.6
2025-11-10 02:00:00,0.334,0.419,13.1,12.4
2025-11-10 03:00:00,0.333,0.418,14.7,13.4
2025-11-10 04:00:00,0.332,0.416,15.8,14.2
2025-11-10 05:00:00,0.332,0.415,16.3,14.7
2025-11-10 06:00:00,0.332,0.415,16.5,14.9
2025-11-10 07:00:00,0.332,0.414,16.1,14.6
2025-11-10 08:00:00,0.332,0.414,15,14.1
2025-11-10 09:00:00,0.333,0.414,13.8,13.4
2025-11-10 10:00:00,0.333,0.411,12.6,12.8
2025-11-10 11:00:00,0.334,0.41,11.5,12.2
2025-11-10 12:00:00,0.334,0.41,10.6,11.6
2025-11-10 13:00:00,0.335,0.41,9.8,11.1
2025-11-10 14:00:00,0.335,0.41,9.1,10.7
2025-11-10 15:00:00,0.336,0.41,8.5,10.3
2025-11-10 16:00:00,0.336,0.41,7.9,10
2025-11-10 17:00:00,0.336,0.409,7.6,9.8
2025-11-10 18:00:00,0.336,0.41,7.4,9.6
2025-11-10 19:00:00,0.336,0.409,7,9.4
2025-11-10 20:00:00,0.336,0.409,6.7,9.3
2025-11-10 21:00:00,0.336,0.409,6.4,9
2025-11-10 22:00:00,0.336,0.409,6.2,8.9
2025-11-10 23:00:00,0.336,0.409,6.1,8.8
2025-11-11 00:00:00,0.336,0.409,6.7,9
2025-11-11 01:00:00,0.335,0.409,8.2,9.5
2025-11-11 02:00:00,0.333,0.408,9.9,10.4
2025-11-11 03:00:00,0.332,0.407,11.7,11.5
2025-11-11 04:00:00,0.331,0.406,13.4,12.6
2025-11-11 05:00:00,0.33,0.404,14.5,13.4
2025-11-11 06:00:00,0.329,0.403,15.2,13.8
2025-11-11 07:00:00,0.329,0.402,15.2,13.8
2025-11-11 08:00:00,0.33,0.401,14.4,13.4
2025-11-11 09:00:00,0.33,0.401,13.3,12.9
2025-11-11 10:00:00,0.331,0.401,12.2,12.2
2025-11-11 11:00:00,0.331,0.402,11.2,11.7
2025-11-11 12:00:00,0.331,0.402,10.3,11.2
2025-11-11 13:00:00,0.332,0.402,9.6,10.8
2025-11-11 14:00:00,0.332,0.402,8.9,10.4
2025-11-11 15:00:00,0.332,0.402,8.3,10
2025-11-11 16:00:00,0.333,0.402,7.8,9.6
2025-11-11 17:00:00,0.333,0.403,7.3,9.3
2025-11-11 18:00:00,0.333,0.403,6.8,9
2025-11-11 19:00:00,0.333,0.403,6.3,8.7
2025-11-11 20:00:00,0.333,0.403,5.9,8.5
2025-11-11 21:00:00,0.333,0.403,5.5,8.2
2025-11-11 22:00:00,0.334,0.403,5.2,8
2025-11-11 23:00:00,0.334,0.404,5,7.8
2025-11-12 00:00:00,0.334,0.403,5.3,8
2025-11-12 01:00:00,0.333,0.403,6.2,8.5
2025-11-12 02:00:00,0.332,0.403,7.4,9.2
2025-11-12 03:00:00,0.331,0.402,8.6,10
2025-11-12 04:00:00,0.33,0.401,9.9,10.9
2025-11-12 05:00:00,0.329,0.401,10.6,11.4
2025-11-12 06:00:00,0.329,0.4,11,11.7
2025-11-12 07:00:00,0.329,0.4,11.1,11.9
2025-11-12 08:00:00,0.329,0.4,10.9,11.9
2025-11-12 09:00:00,0.329,0.4,10.5,11.6
2025-11-12 10:00:00,0.329,0.4,10.1,11.3
2025-11-12 11:00:00,0.329,0.401,9.7,11
2025-11-12 12:00:00,0.33,0.401,9.3,10.8
2025-11-12 13:00:00,0.33,0.401,9,10.6
2025-11-12 14:00:00,0.33,0.401,8.7,10.3
2025-11-12 15:00:00,0.33,0.401,8.4,10.1
2025-11-12 16:00:00,0.331,0.401,8,9.8
2025-11-12 17:00:00,0.331,0.402,7.5,9.5
2025-11-12 18:00:00,0.331,0.402,7.1,9.2
2025-11-12 19:00:00,0.331,0.402,6.6,8.9
2025-11-12 20:00:00,0.332,0.402,6.2,8.6
2025-11-12 21:00:00,0.332,0.402,5.8,8.3
2025-11-12 22:00:00,0.332,0.402,5.4,8.1
2025-11-12 23:00:00,0.332,0.402,5.2,7.9
2025-11-13 00:00:00,0.332,0.403,5.4,7.9
2025-11-13 01:00:00,0.331,0.402,6.7,8.3
2025-11-13 02:00:00,0.33,0.401,9.1,9.5
2025-11-13 03:00:00,0.328,0.4,11.7,11
2025-11-13 04:00:00,0.326,0.399,13.7,12.4
2025-11-13 05:00:00,0.325,0.399,14.8,13.2
2025-11-13 06:00:00,0.325,0.398,15.3,13.7
2025-11-13 07:00:00,0.325,0.397,15.1,13.7
2025-11-13 08:00:00,0.325,0.397,14.4,13.4
2025-11-13 09:00:00,0.325,0.397,13.5,13
2025-11-13 10:00:00,0.326,0.397,12.5,12.4
2025-11-13 11:00:00,0.326,0.398,11.6,11.9
2025-11-13 12:00:00,0.327,0.398,10.8,11.4
2025-11-13 13:00:00,0.327,0.398,10.1,10.9
2025-11-13 14:00:00,0.327,0.398,9.4,10.5
2025-11-13 15:00:00,0.328,0.399,8.8,10.1
2025-11-13 16:00:00,0.328,0.399,8.2,9.7
2025-11-13 17:00:00,0.329,0.399,7.7,9.4
2025-11-13 18:00:00,0.329,0.399,7.3,9.1
2025-11-13 19:00:00,0.329,0.399,6.8,8.8
2025-11-13 20:00:00,0.329,0.4,6.4,8.5
2025-11-13 21:00:00,0.329,0.4,6,8.3
2025-11-13 22:00:00,0.33,0.4,5.6,8
2025-11-13 23:00:00,0.33,0.4,5.4,7.8
2025-11-14 00:00:00,0.329,0.4,6.2,8
2025-11-14 01:00:00,0.328,0.399,8,8.6
2025-11-14 02:00:00,0.326,0.399,10.3,9.8
2025-11-14 03:00:00,0.325,0.398,12.1,11.1
2025-11-14 04:00:00,0.323,0.397,13.5,12.1
2025-11-14 05:00:00,0.323,0.396,14.3,12.7
2025-11-14 06:00:00,0.322,0.395,14.5,12.9
2025-11-14 07:00:00,0.322,0.395,14.4,12.9
2025-11-14 08:00:00,0.322,0.395,13.8,12.5
2025-11-14 09:00:00,0.323,0.395,12.8,12
2025-11-14 10:00:00,0.323,0.395,11.7,11.5
2025-11-14 11:00:00,0.324,0.395,10.7,10.8
2025-11-14 12:00:00,0.324,0.396,9.8,10.3
2025-11-14 13:00:00,0.325,0.396,9,9.8
2025-11-14 14:00:00,0.325,0.396,8.3,9.4
2025-11-14 15:00:00,0.325,0.396,7.7,9.1
2025-11-14 16:00:00,0.326,0.397,7.3,8.8
2025-11-14 17:00:00,0.326,0.397,6.9,8.6
2025-11-14 18:00:00,0.326,0.397,6.5,8.4
2025-11-14 19:00:00,0.326,0.397,6,8.1
2025-11-14 20:00:00,0.327,0.397,5.6,7.8
2025-11-14 21:00:00,0.327,0.398,5.2,7.6
2025-11-14 22:00:00,0.327,0.398,4.8,7.3
2025-11-14 23:00:00,0.327,0.398,4.6,7.1
2025-11-15 00:00:00,0.327,0.398,5.3,7.3
2025-11-15 01:00:00,0.326,0.397,7.2,7.9
2025-11-15 02:00:00,0.324,0.396,9.4,9.1
2025-11-15 03:00:00,0.322,0.395,11.7,10.6
2025-11-15 04:00:00,0.32,0.394,13.8,11.9
2025-11-15 05:00:00,0.319,0.393,15.3,12.8
2025-11-15 06:00:00,0.318,0.393,16.2,13.4
2025-11-15 07:00:00,0.318,0.392,16.3,13.5
2025-11-15 08:00:00,0.318,0.392,15.4,13.2
2025-11-15 09:00:00,0.319,0.392,14.1,12.6
2025-11-15 10:00:00,0.319,0.392,12.9,11.9
2025-11-15 11:00:00,0.32,0.392,11.7,11.2
2025-11-15 12:00:00,0.32,0.393,10.7,10.7
2025-11-15 13:00:00,0.321,0.393,9.8,10.2
2025-11-15 14:00:00,0.321,0.393,9,9.7
2025-11-15 15:00:00,0.322,0.394,8.4,9.3
2025-11-15 16:00:00,0.322,0.394,7.9,9
2025-11-15 17:00:00,0.322,0.394,7.5,8.8
2025-11-15 18:00:00,0.323,0.394,7.1,8.6
2025-11-15 19:00:00,0.323,0.394,6.7,8.4
2025-11-15 20:00:00,0.323,0.394,6.4,8.2
2025-11-15 21:00:00,0.323,0.395,6,8
2025-11-15 22:00:00,0.324,0.395,5.7,7.9
2025-11-15 23:00:00,0.324,0.395,5.7,7.8
2025-11-16 00:00:00,0.323,0.395,6.6,8.2
2025-11-16 01:00:00,0.322,0.394,8.3,9
2025-11-16 02:00:00,0.32,0.393,10.3,10.2
2025-11-16 03:00:00,0.319,0.392,12.3,11.3
2025-11-16 04:00:00,0.317,0.391,14.1,12.6
2025-11-16 05:00:00,0.317,0.39,15.1,13.4
2025-11-16 06:00:00,0.316,0.39,15.5,13.7
2025-11-16 07:00:00,0.316,0.389,15.6,13.7
2025-11-16 08:00:00,0.316,0.389,15.1,13.5
2025-11-16 09:00:00,0.316,0.389,14.2,13
2025-11-16 10:00:00,0.316,0.389,13.1,12.4
2025-11-16 11:00:00,0.317,0.39,12.1,11.8
2025-11-16 12:00:00,0.317,0.39,11.2,11.2
2025-11-16 13:00:00,0.318,0.39,10.4,10.8
2025-11-16 14:00:00,0.318,0.39,9.8,10.4
2025-11-16 15:00:00,0.319,0.39,9.3,10.1
2025-11-16 16:00:00,0.319,0.39,9.3,10.1
2025-11-16 17:00:00,0.319,0.39,9.3,10.2
2025-11-16 18:00:00,0.319,0.39,9.4,10.2
2025-11-16 19:00:00,0.319,0.39,9.5,10.3
2025-11-16 20:00:00,0.319,0.391,9.2,10.2
2025-11-16 21:00:00,0.319,0.391,8.8,9.9
2025-11-16 22:00:00,0.319,0.391,8.4,9.7
2025-11-16 23:00:00,0.32,0.391,8.2,9.5
2025-11-17 00:00:00,0.319,0.391,8.5,9.5
2025-11-17 01:00:00,0.319,0.39,9.2,9.8
2025-11-17 02:00:00,0.318,0.39,9.8,10.2
2025-11-17 03:00:00,0.318,0.389,10.1,10.4
2025-11-17 04:00:00,0.318,0.388,10.4,10.7
2025-11-17 05:00:00,0.317,0.387,10.6,10.8
2025-11-17 06:00:00,0.317,0.386,10.5,10.8
2025-11-17 07:00:00,0.317,0.386,10.2,10.6
2025-11-17 08:00:00,0.317,0.385,9.7,10.3
2025-11-17 09:00:00,0.318,0.385,9.2,9.9
2025-11-17 10:00:00,0.318,0.385,8.7,9.6
2025-11-17 11:00:00,0.318,0.384,8.2,9.2
2025-11-17 12:00:00,0.319,0.384,7.8,9
2025-11-17 13:00:00,0.319,0.384,7.6,8.9
2025-11-17 14:00:00,0.319,0.384,7.4,8.8
2025-11-17 15:00:00,0.319,0.384,7.3,8.7
2025-11-17 16:00:00,0.318,0.383,7.1,8.6
2025-11-17 17:00:00,0.318,0.383,7,8.5
2025-11-17 18:00:00,0.318,0.383,7,8.5
2025-11-17 19:00:00,0.318,0.383,6.9,8.4
2025-11-17 20:00:00,0.318,0.383,6.8,8.4
2025-11-17 21:00:00,0.318,0.383,6.7,8.3
2025-11-17 22:00:00,0.318,0.383,6.5,8.2
2025-11-17 23:00:00,0.318,0.383,6.4,8.2
2025-11-18 00:00:00,0.318,0.383,6.4,8.2
2025-11-18 01:00:00,0.318,0.384,6.6,8.3
2025-11-18 02:00:00,0.318,0.383,7.1,8.6
2025-11-18 03:00:00,0.317,0.383,8.7,9.4
2025-11-18 04:00:00,0.316,0.382,10.4,10.3
2025-11-18 05:00:00,0.315,0.381,10.9,10.8
2025-11-18 06:00:00,0.315,0.381,10.7,10.8
2025-11-18 07:00:00,0.315,0.38,10.4,10.6
2025-11-18 08:00:00,0.315,0.38,9.9,10.3
2025-11-18 09:00:00,0.316,0.38,9.2,10
2025-11-18 10:00:00,0.316,0.381,8.6,9.6
2025-11-18 11:00:00,0.316,0.381,8.2,9.3
2025-11-18 12:00:00,0.317,0.381,7.9,9.2
2025-11-18 13:00:00,0.317,0.381,7.7,9.1
2025-11-18 14:00:00,0.317,0.382,7.5,9
2025-11-18 15:00:00,0.317,0.383,7.3,8.9
2025-11-18 16:00:00,0.318,0.387,7.2,8.8
2025-11-18 17:00:00,0.318,0.389,7,8.7
2025-11-18 18:00:00,0.318,0.389,6.9,8.6
2025-11-18 19:00:00,0.319,0.39,6.8,8.5
2025-11-18 20:00:00,0.319,0.39,6.6,8.4
2025-11-18 21:00:00,0.319,0.39,6.5,8.4
2025-11-18 22:00:00,0.319,0.39,6.5,8.3
2025-11-18 23:00:00,0.319,0.391,6.4,8.3
2025-11-19 00:00:00,0.319,0.391,6.6,8.4
2025-11-19 01:00:00,0.319,0.391,7.2,8.7
2025-11-19 02:00:00,0.319,0.39,7.8,9.1
2025-11-19 03:00:00,0.318,0.39,8.5,9.5
2025-11-19 04:00:00,0.318,0.39,9.2,10
2025-11-19 05:00:00,0.317,0.39,10.3,10.5
2025-11-19 06:00:00,0.316,0.389,11.3,11.1
2025-11-19 07:00:00,0.317,0.389,11.2,11.2
2025-11-19 08:00:00,0.317,0.389,10.7,11
2025-11-19 09:00:00,0.318,0.389,10.1,10.6
2025-11-19 10:00:00,0.318,0.389,9.5,10.3
2025-11-19 11:00:00,0.318,0.389,9.1,10.1
2025-11-19 12:00:00,0.319,0.389,8.7,9.8
2025-11-19 13:00:00,0.319,0.389,8.3,9.5
2025-11-19 14:00:00,0.32,0.389,7.7,9.1
2025-11-19 15:00:00,0.32,0.39,7,8.7
2025-11-19 16:00:00,0.321,0.39,6.3,8.2
2025-11-19 17:00:00,0.321,0.39,5.8,7.8
2025-11-19 18:00:00,0.321,0.39,5.5,7.6
2025-11-19 19:00:00,0.322,0.39,5.3,7.5
2025-11-19 20:00:00,0.322,0.39,5.2,7.4
2025-11-19 21:00:00,0.322,0.39,5.2,7.4
2025-11-19 22:00:00,0.322,0.39,5.2,7.4
2025-11-19 23:00:00,0.322,0.39,5.3,7.5
2025-11-20 00:00:00,0.321,0.389,5.7,7.7
2025-11-20 01:00:00,0.321,0.389,6.5,8.1
2025-11-20 02:00:00,0.32,0.389,7.4,8.7
2025-11-20 03:00:00,0.32,0.388,8.5,9.3
2025-11-20 04:00:00,0.318,0.388,10.4,10.3
2025-11-20 05:00:00,0.317,0.387,11.5,11.1
2025-11-20 06:00:00,0.317,0.386,11.8,11.4
2025-11-20 07:00:00,0.317,0.386,11.7,11.4
2025-11-20 08:00:00,0.317,0.386,11.2,11.2
2025-11-20 09:00:00,0.317,0.386,10.7,10.9
2025-11-20 10:00:00,0.318,0.386,10.2,10.6
2025-11-20 11:00:00,0.318,0.386,9.7,10.3
2025-11-20 12:00:00,0.319,0.386,9.2,10
2025-11-20 13:00:00,0.319,0.386,8.7,9.6
2025-11-20 14:00:00,0.319,0.386,8.3,9.3
2025-11-20 15:00:00,0.319,0.386,7.8,9.1
2025-11-20 16:00:00,0.32,0.386,7.3,8.7
2025-11-20 17:00:00,0.32,0.386,6.8,8.4
2025-11-20 18:00:00,0.321,0.387,6.3,8.1
2025-11-20 19:00:00,0.321,0.387,5.8,7.8
2025-11-20 20:00:00,0.321,0.387,5.4,7.5
2025-11-20 21:00:00,0.322,0.387,4.9,7.2
2025-11-20 22:00:00,0.322,0.387,4.5,6.9
2025-11-20 23:00:00,0.322,0.387,4.3,6.7
2025-11-21 00:00:00,0.322,0.387,4.9,6.8
2025-11-21 01:00:00,0.321,0.387,6.6,7.3
2025-11-21 02:00:00,0.319,0.386,8.5,8.3
2025-11-21 03:00:00,0.318,0.385,10.2,9.5
2025-11-21 04:00:00,0.317,0.384,11.6,10.5
2025-11-21 05:00:00,0.316,0.383,12.7,11.1
2025-11-21 06:00:00,0.315,0.382,13.3,11.5
2025-11-21 07:00:00,0.315,0.382,13.2,11.5
2025-11-21 08:00:00,0.315,0.381,12.3,11.1
2025-11-21 09:00:00,0.316,0.381,11.2,10.5
2025-11-21 10:00:00,0.316,0.381,10.1,9.9
2025-11-21 11:00:00,0.317,0.382,9.2,9.3
2025-11-21 12:00:00,0.318,0.382,8.3,8.8
2025-11-21 13:00:00,0.318,0.382,7.6,8.4
2025-11-21 14:00:00,0.318,0.382,6.9,8
2025-11-21 15:00:00,0.319,0.383,6.3,7.7
2025-11-21 16:00:00,0.319,0.383,5.8,7.4
2025-11-21 17:00:00,0.319,0.383,5.3,7.1
2025-11-21 18:00:00,0.32,0.383,4.9,6.8
2025-11-21 19:00:00,0.32,0.383,4.5,6.5
2025-11-21 20:00:00,0.321,0.384,4.1,6.3
2025-11-21 21:00:00,0.321,0.384,3.8,6.1
2025-11-21 22:00:00,0.321,0.384,3.4,5.9
2025-11-21 23:00:00,0.321,0.384,3.2,5.7
2025-11-22 00:00:00,0.321,0.384,3.8,5.8
2025-11-22 01:00:00,0.32,0.383,5.3,6.4
2025-11-22 02:00:00,0.318,0.383,7.4,7.5
2025-11-22 03:00:00,0.316,0.382,9.7,8.9
2025-11-22 04:00:00,0.315,0.381,11.7,10.2
2025-11-22 05:00:00,0.314,0.38,13.1,11.2
2025-11-22 06:00:00,0.313,0.379,13.8,11.6
2025-11-22 07:00:00,0.313,0.379,13.7,11.7
2025-11-22 08:00:00,0.313,0.378,12.9,11.4
2025-11-22 09:00:00,0.314,0.379,11.8,10.8
2025-11-22 10:00:00,0.314,0.379,10.6,10.1
2025-11-22 11:00:00,0.315,0.379,9.5,9.5
2025-11-22 12:00:00,0.316,0.379,8.6,8.9
2025-11-22 13:00:00,0.316,0.38,7.8,8.5
2025-11-22 14:00:00,0.317,0.38,7.1,8.1
2025-11-22 15:00:00,0.317,0.38,6.6,7.7
2025-11-22 16:00:00,0.317,0.38,6.1,7.4
2025-11-22 17:00:00,0.318,0.38,5.6,7.2
2025-11-22 18:00:00,0.318,0.381,5.2,6.9
2025-11-22 19:00:00,0.319,0.381,4.8,6.7
2025-11-22 20:00:00,0.319,0.381,4.5,6.5
2025-11-22 21:00:00,0.319,0.381,4.3,6.4
2025-11-22 22:00:00,0.32,0.381,4,6.3
2025-11-22 23:00:00,0.32,0.381,3.9,6.2
2025-11-23 00:00:00,0.319,0.381,4.6,6.4
2025-11-23 01:00:00,0.318,0.381,6.2,7.1
2025-11-23 02:00:00,0.316,0.38,8.1,8.2
2025-11-23 03:00:00,0.315,0.379,10.2,9.5
2025-11-23 04:00:00,0.313,0.378,12.1,10.8
2025-11-23 05:00:00,0.312,0.377,13.5,11.7
2025-11-23 06:00:00,0.311,0.376,14.3,12.2
2025-11-23 07:00:00,0.311,0.376,14.3,12.3
2025-11-23 08:00:00,0.311,0.376,13.6,11.9
2025-11-23 09:00:00,0.312,0.376,12.5,11.4
2025-11-23 10:00:00,0.312,0.376,11.4,10.8
2025-11-23 11:00:00,0.313,0.376,10.6,10.3
2025-11-23 12:00:00,0.313,0.377,10,10
2025-11-23 13:00:00,0.314,0.377,9.5,9.7
2025-11-23 14:00:00,0.314,0.377,8.9,9.4
2025-11-23 15:00:00,0.314,0.377,8.6,9.2
2025-11-23 16:00:00,0.314,0.377,8.5,9.2
2025-11-23 17:00:00,0.314,0.377,8.4,9.1
2025-11-23 18:00:00,0.315,0.377,8.3,9.1
2025-11-23 19:00:00,0.315,0.377,8.2,9.1
2025-11-23 20:00:00,0.315,0.377,8.1,9.1
2025-11-23 21:00:00,0.315,0.377,8,9
2025-11-23 22:00:00,0.315,0.378,7.7,8.9
2025-11-23 23:00:00,0.315,0.378,7.4,8.6
2025-11-24 00:00:00,0.315,0.378,7.8,8.7
2025-11-24 01:00:00,0.314,0.377,8.9,9.2
2025-11-24 02:00:00,0.313,0.377,10.6,10.2
2025-11-24 03:00:00,0.312,0.376,12.4,11.3
2025-11-24 04:00:00,0.311,0.375,13.8,12.2
2025-11-24 05:00:00,0.31,0.374,14.9,12.9
2025-11-24 06:00:00,0.309,0.374,15.4,13.2
2025-11-24 07:00:00,0.309,0.373,15.2,13.1
2025-11-24 08:00:00,0.309,0.373,14.5,12.8
2025-11-24 09:00:00,0.31,0.373,13.5,12.3
2025-11-24 10:00:00,0.31,0.374,12.5,11.8
2025-11-24 11:00:00,0.311,0.374,11.6,11.2
2025-11-24 12:00:00,0.311,0.374,10.8,10.7
2025-11-24 13:00:00,0.312,0.374,10.2,10.3
2025-11-24 14:00:00,0.312,0.374,9.6,10
2025-11-24 15:00:00,0.312,0.375,9.2,9.7
2025-11-24 16:00:00,0.312,0.375,8.9,9.5
2025-11-24 17:00:00,0.313,0.375,8.7,9.4
2025-11-24 18:00:00,0.313,0.375,8.6,9.4
2025-11-24 19:00:00,0.313,0.375,8.7,9.4
2025-11-24 20:00:00,0.313,0.375,8.7,9.5
2025-11-24 21:00:00,0.313,0.375,8.7,9.5
2025-11-24 22:00:00,0.313,0.376,8.7,9.5
2025-11-24 23:00:00,0.313,0.376,8.8,9.6
2025-11-25 00:00:00,0.313,0.376,9,9.7
2025-11-25 01:00:00,0.313,0.377,9.3,9.9
2025-11-25 02:00:00,0.313,0.377,9.8,10.2
2025-11-25 03:00:00,0.312,0.377,10.5,10.7
2025-11-25 04:00:00,0.312,0.377,10.9,11
2025-11-25 05:00:00,0.312,0.377,11,11.1
2025-11-25 06:00:00,0.312,0.376,10.7,11
2025-11-25 07:00:00,0.312,0.376,10.5,10.8
2025-11-25 08:00:00,0.313,0.376,9.9,10.4
2025-11-25 09:00:00,0.313,0.376,9.4,10
2025-11-25 10:00:00,0.313,0.376,9,9.7
2025-11-25 11:00:00,0.313,0.376,8.7,9.5
2025-11-25 12:00:00,0.314,0.376,8.5,9.4
2025-11-25 13:00:00,0.314,0.375,8.3,9.2
2025-11-25 14:00:00,0.314,0.376,8.2,9.2
2025-11-25 15:00:00,0.314,0.375,8.1,9.1
2025-11-25 16:00:00,0.314,0.375,8,9.1
2025-11-25 17:00:00,0.314,0.375,7.9,9.1
2025-11-25 18:00:00,0.314,0.375,7.8,9
2025-11-25 19:00:00,0.314,0.376,7.8,9
2025-11-25 20:00:00,0.314,0.375,7.7,8.9
2025-11-25 21:00:00,0.314,0.376,7.5,8.9
2025-11-25 22:00:00,0.315,0.376,7.1,8.6
2025-11-25 23:00:00,0.315,0.376,6.7,8.3
2025-11-26 00:00:00,0.315,0.376,7.2,8.4
2025-11-26 01:00:00,0.314,0.375,8.3,8.9
2025-11-26 02:00:00,0.312,0.375,9.7,9.7
2025-11-26 03:00:00,0.311,0.374,11.4,10.7
2025-11-26 04:00:00,0.31,0.373,12.9,11.6
2025-11-26 05:00:00,0.309,0.372,14.1,12.2
2025-11-26 06:00:00,0.309,0.372,14.6,12.4
2025-11-26 07:00:00,0.308,0.371,14.4,12.3
2025-11-26 08:00:00,0.309,0.371,13.4,11.8
2025-11-26 09:00:00,0.309,0.371,12.1,11.1
2025-11-26 10:00:00,0.31,0.372,10.9,10.4
2025-11-26 11:00:00,0.311,0.372,9.7,9.7
2025-11-26 12:00:00,0.311,0.372,8.7,9.1
2025-11-26 13:00:00,0.312,0.372,7.9,8.6
2025-11-26 14:00:00,0.312,0.373,7.1,8.2
2025-11-26 15:00:00,0.313,0.373,6.5,7.7
2025-11-26 16:00:00,0.313,0.373,5.9,7.4
2025-11-26 17:00:00,0.314,0.373,5.6,7.2
2025-11-26 18:00:00,0.314,0.373,5.4,7.1
2025-11-26 19:00:00,0.314,0.373,5.3,7.1
2025-11-26 20:00:00,0.314,0.373,5.3,7.2
2025-11-26 21:00:00,0.314,0.373,5.3,7.2
2025-11-26 22:00:00,0.317,0.4,5.4,7.1
2025-11-26 23:00:00,0.318,0.418,5.4,6.9
2025-11-27 00:00:00,0.317,0.413,5.8,7.1
2025-11-27 01:00:00,0.316,0.418,7,7.7
2025-11-27 02:00:00,0.315,0.422,7.6,8.2
2025-11-27 03:00:00,0.315,0.419,8.2,8.6
2025-11-27 04:00:00,0.314,0.418,9.1,9.3
2025-11-27 05:00:00,0.314,0.417,9.5,9.6
2025-11-27 06:00:00,0.314,0.417,9.8,9.9
2025-11-27 07:00:00,0.315,0.416,9.5,9.8
2025-11-27 08:00:00,0.315,0.415,9,9.6
2025-11-27 09:00:00,0.316,0.415,8.4,9.1
2025-11-27 10:00:00,0.316,0.415,7.8,8.7
2025-11-27 11:00:00,0.317,0.415,7.2,8.4
2025-11-27 12:00:00,0.317,0.415,7,8.2
2025-11-27 13:00:00,0.318,0.415,6.8,8.1
2025-11-27 14:00:00,0.318,0.414,6.5,7.9
2025-11-27 15:00:00,0.318,0.414,6.2,7.6
2025-11-27 16:00:00,0.318,0.413,6.1,7.6
2025-11-27 17:00:00,0.319,0.413,6.1,7.5
2025-11-27 18:00:00,0.319,0.41,6,7.5
2025-11-27 19:00:00,0.319,0.408,5.8,7.4
2025-11-27 20:00:00,0.319,0.408,5.6,7.3
2025-11-27 21:00:00,0.319,0.408,5.4,7.1
2025-11-27 22:00:00,0.32,0.407,5.1,7
2025-11-27 23:00:00,0.32,0.407,5,6.9
2025-11-28 00:00:00,0.32,0.406,5.3,7
2025-11-28 01:00:00,0.319,0.406,6.5,7.5
2025-11-28 02:00:00,0.318,0.405,7.9,8.3
2025-11-28 03:00:00,0.317,0.404,9.3,9.2
2025-11-28 04:00:00,0.316,0.403,10.7,10.1
2025-11-28 05:00:00,0.315,0.402,11.8,10.8
2025-11-28 06:00:00,0.315,0.401,12.1,11
2025-11-28 07:00:00,0.315,0.401,11.8,10.9
2025-11-28 08:00:00,0.316,0.4,10.8,10.3
2025-11-28 09:00:00,0.317,0.399,9.6,9.7
2025-11-28 10:00:00,0.318,0.399,8.5,9
2025-11-28 11:00:00,0.318,0.399,7.5,8.4
2025-11-28 12:00:00,0.319,0.398,6.6,7.8
2025-11-28 13:00:00,0.32,0.398,5.9,7.3
2025-11-28 14:00:00,0.32,0.398,5.2,6.9
2025-11-28 15:00:00,0.321,0.398,4.6,6.5
2025-11-28 16:00:00,0.321,0.398,4.1,6.2
2025-11-28 17:00:00,0.322,0.398,3.7,5.8
2025-11-28 18:00:00,0.322,0.397,3.4,5.6
2025-11-28 19:00:00,0.322,0.397,3.1,5.3
2025-11-28 20:00:00,0.322,0.397,2.8,5.2
2025-11-28 21:00:00,0.322,0.396,2.6,5
2025-11-28 22:00:00,0.322,0.396,2.4,4.8
2025-11-28 23:00:00,0.323,0.395,2.2,4.7
2025-11-29 00:00:00,0.323,0.395,2.1,4.7
2025-11-29 01:00:00,0.322,0.395,2.8,5
2025-11-29 02:00:00,0.32,0.394,5,6.1
2025-11-29 03:00:00,0.318,0.393,7.6,7.6
2025-11-29 04:00:00,0.316,0.392,9.6,9
2025-11-29 05:00:00,0.315,0.392,11,10
2025-11-29 06:00:00,0.315,0.391,11.6,10.6
2025-11-29 07:00:00,0.314,0.39,12,10.9
2025-11-29 08:00:00,0.314,0.39,11.8,10.8
2025-11-29 09:00:00,0.315,0.389,11,10.4
2025-11-29 10:00:00,0.315,0.389,10.2,10
2025-11-29 11:00:00,0.316,0.389,9.6,9.6
2025-11-29 12:00:00,0.316,0.389,9.1,9.3
2025-11-29 13:00:00,0.316,0.389,8.7,9.1
2025-11-29 14:00:00,0.317,0.389,8.3,8.9
2025-11-29 15:00:00,0.317,0.389,8,8.7
2025-11-29 16:00:00,0.317,0.389,7.7,8.5
2025-11-29 17:00:00,0.318,0.389,7.3,8.3
2025-11-29 18:00:00,0.318,0.389,6.8,8
2025-11-29 19:00:00,0.318,0.389,6.3,7.7
2025-11-29 20:00:00,0.318,0.389,5.9,7.4
2025-11-29 21:00:00,0.319,0.389,5.6,7.2
2025-11-29 22:00:00,0.319,0.389,5.3,7
2025-11-29 23:00:00,0.319,0.389,5.1,6.9
2025-11-30 00:00:00,0.319,0.389,5.6,7
2025-11-30 01:00:00,0.318,0.389,7,7.6
2025-11-30 02:00:00,0.316,0.388,9,8.7
2025-11-30 03:00:00,0.315,0.387,11.1,10.1
2025-11-30 04:00:00,0.313,0.386,12.9,11.3
2025-11-30 05:00:00,0.312,0.385,14.2,12.2
2025-11-30 06:00:00,0.312,0.385,15,12.7
2025-11-30 07:00:00,0.311,0.384,15,12.9
2025-11-30 08:00:00,0.312,0.384,14.4,12.7
2025-11-30 09:00:00,0.312,0.383,13.5,12.2
2025-11-30 10:00:00,0.313,0.383,12.5,11.6
2025-11-30 11:00:00,0.313,0.383,11.8,11.1
2025-11-30 12:00:00,0.313,0.383,11,10.7
2025-11-30 13:00:00,0.314,0.384,10.3,10.3
2025-11-30 14:00:00,0.314,0.384,9.7,9.8
2025-11-30 15:00:00,0.315,0.384,9.1,9.5
2025-11-30 16:00:00,0.315,0.384,8.9,9.3
2025-11-30 17:00:00,0.315,0.384,8.9,9.4
2025-11-30 18:00:00,0.315,0.384,8.8,9.3
2025-11-30 19:00:00,0.315,0.384,8.7,9.3
2025-11-30 20:00:00,0.315,0.384,8.7,9.3
2025-11-30 21:00:00,0.315,0.384,8.5,9.1
2025-11-30 22:00:00,0.315,0.384,8.1,8.9
2025-11-30 23:00:00,0.316,0.384,7.7,8.6
2025-12-01 00:00:00,0.316,0.384,7.7,8.5
2025-12-01 01:00:00,0.315,0.384,8.4,8.7
2025-12-01 02:00:00,0.314,0.383,9.7,9.4
2025-12-01 03:00:00,0.313,0.383,11,10.3
2025-12-01 04:00:00,0.312,0.381,12.2,11
2025-12-01 05:00:00,0.311,0.38,13.1,11.5
2025-12-01 06:00:00,0.311,0.379,13.4,11.6
2025-12-01 07:00:00,0.311,0.378,13,11.4
2025-12-01 08:00:00,0.311,0.378,12.1,10.9
2025-12-01 09:00:00,0.312,0.378,10.9,10.2
2025-12-01 10:00:00,0.312,0.378,9.7,9.6
2025-12-01 11:00:00,0.313,0.378,8.6,9
2025-12-01 12:00:00,0.314,0.379,7.7,8.4
2025-12-01 13:00:00,0.314,0.379,6.9,7.9
2025-12-01 14:00:00,0.315,0.379,6.1,7.4
2025-12-01 15:00:00,0.315,0.379,5.4,7
2025-12-01 16:00:00,0.316,0.379,4.9,6.7
2025-12-01 17:00:00,0.316,0.38,4.4,6.4
2025-12-01 18:00:00,0.316,0.38,4.1,6.2
2025-12-01 19:00:00,0.317,0.38,3.9,6
2025-12-01 20:00:00,0.317,0.38,3.8,6
2025-12-01 21:00:00,0.317,0.38,3.9,6
2025-12-01 22:00:00,0.317,0.38,3.8,6
2025-12-01 23:00:00,0.317,0.38,3.9,6
2025-12-02 00:00:00,0.316,0.38,4.2,6.1
2025-12-02 01:00:00,0.316,0.379,5,6.5
2025-12-02 02:00:00,0.315,0.379,6.3,7.2
2025-12-02 03:00:00,0.313,0.377,7.7,7.9
2025-12-02 04:00:00,0.312,0.376,9,8.7
2025-12-02 05:00:00,0.311,0.375,9.9,9.2
2025-12-02 06:00:00,0.311,0.375,10.3,9.4
2025-12-02 07:00:00,0.311,0.374,9.9,9.2
2025-12-02 08:00:00,0.311,0.374,8.9,8.7
2025-12-02 09:00:00,0.312,0.374,8,8.2
2025-12-02 10:00:00,0.313,0.374,7.4,7.8
2025-12-02 11:00:00,0.313,0.374,6.8,7.6
2025-12-02 12:00:00,0.313,0.374,6.4,7.3
2025-12-02 13:00:00,0.313,0.374,6.1,7.1
2025-12-02 14:00:00,0.313,0.374,5.7,6.9
2025-12-02 15:00:00,0.313,0.374,5.4,6.8
2025-12-02 16:00:00,0.313,0.374,5.2,6.7
2025-12-02 17:00:00,0.314,0.374,5,6.6
2025-12-02 18:00:00,0.314,0.374,4.9,6.5
2025-12-02 19:00:00,0.314,0.374,4.7,6.5
2025-12-02 20:00:00,0.314,0.374,4.5,6.3
2025-12-02 21:00:00,0.314,0.374,4.3,6.2
2025-12-02 22:00:00,0.314,0.374,4,6
2025-12-02 23:00:00,0.315,0.375,3.5,5.7
2025-12-03 00:00:00,0.315,0.374,3.5,5.4
2025-12-03 01:00:00,0.315,0.374,4.1,5.5
2025-12-03 02:00:00,0.313,0.374,5.4,6.1
2025-12-03 03:00:00,0.312,0.373,7,7
2025-12-03 04:00:00,0.311,0.372,7.8,7.6
2025-12-03 05:00:00,0.311,0.373,7.6,7.7
2025-12-03 06:00:00,0.311,0.373,7.8,7.9
2025-12-03 07:00:00,0.311,0.373,7.6,7.7
2025-12-03 08:00:00,0.312,0.373,6.8,7.2
2025-12-03 09:00:00,0.312,0.373,5.9,6.7
2025-12-03 10:00:00,0.313,0.373,5.2,6.4
2025-12-03 11:00:00,0.313,0.374,4.5,6
2025-12-03 12:00:00,0.314,0.374,4,5.8
2025-12-03 13:00:00,0.314,0.374,3.7,5.6
2025-12-03 14:00:00,0.315,0.374,3.5,5.5
2025-12-03 15:00:00,0.315,0.374,3.3,5.4
2025-12-03 16:00:00,0.315,0.374,3.2,5.4
2025-12-03 17:00:00,0.315,0.374,3.1,5.3
2025-12-03 18:00:00,0.315,0.374,2.9,5.2
2025-12-03 19:00:00,0.315,0.375,2.6,5
2025-12-03 20:00:00,0.316,0.375,2.5,5
2025-12-03 21:00:00,0.316,0.375,2.4,4.9
2025-12-03 22:00:00,0.316,0.375,2.3,4.9
2025-12-03 23:00:00,0.316,0.375,2.1,4.7
2025-12-04 00:00:00,0.316,0.375,2.3,4.8
2025-12-04 01:00:00,0.315,0.374,3,5.1
2025-12-04 02:00:00,0.315,0.374,3.6,5.5
2025-12-04 03:00:00,0.314,0.374,4.5,6.1
2025-12-04 04:00:00,0.313,0.373,5.8,6.9
2025-12-04 05:00:00,0.312,0.373,6.9,7.5
2025-12-04 06:00:00,0.312,0.372,7.4,7.9
2025-12-04 07:00:00,0.312,0.372,7.6,7.8
2025-12-04 08:00:00,0.312,0.372,7.1,7.5
2025-12-04 09:00:00,0.313,0.372,6.1,7
2025-12-04 10:00:00,0.313,0.373,5.3,6.5
2025-12-04 11:00:00,0.313,0.373,4.9,6.2
2025-12-04 12:00:00,0.314,0.373,4.6,6
2025-12-04 13:00:00,0.314,0.373,4.3,5.9
2025-12-04 14:00:00,0.314,0.373,3.9,5.7
2025-12-04 15:00:00,0.314,0.373,3.7,5.6
2025-12-04 16:00:00,0.314,0.373,3.6,5.5
2025-12-04 17:00:00,0.315,0.373,3.4,5.3
2025-12-04 18:00:00,0.315,0.374,3.2,5.1
2025-12-04 19:00:00,0.315,0.374,2.9,4.9
2025-12-04 20:00:00,0.315,0.374,2.9,4.9
2025-12-04 21:00:00,0.315,0.374,2.9,4.9
2025-12-04 22:00:00,0.315,0.374,2.6,4.7
2025-12-04 23:00:00,0.316,0.374,2.1,4.5
2025-12-05 00:00:00,0.316,0.374,2.2,4.3
2025-12-05 01:00:00,0.315,0.374,3.2,4.6
2025-12-05 02:00:00,0.314,0.373,4.8,5.4
2025-12-05 03:00:00,0.312,0.372,6.4,6.4
2025-12-05 04:00:00,0.311,0.371,7.8,7.3
2025-12-05 05:00:00,0.31,0.371,8.7,7.8
2025-12-05 06:00:00,0.31,0.37,9.2,8
2025-12-05 07:00:00,0.309,0.369,9.1,7.9
2025-12-05 08:00:00,0.31,0.369,8.3,7.5
2025-12-05 09:00:00,0.311,0.37,7.1,6.9
2025-12-05 10:00:00,0.311,0.37,5.9,6.3
2025-12-05 11:00:00,0.312,0.37,4.7,5.7
2025-12-05 12:00:00,0.313,0.37,3.8,5.1
2025-12-05 13:00:00,0.314,0.37,3,4.7
2025-12-05 14:00:00,0.314,0.369,2.5,4.4
2025-12-05 15:00:00,0.314,0.368,2.1,4.2
2025-12-05 16:00:00,0.314,0.367,1.8,4
2025-12-05 17:00:00,0.314,0.367,1.5,3.8
2025-12-05 18:00:00,0.314,0.366,1.3,3.6
2025-12-05 19:00:00,0.314,0.365,1.1,3.5
2025-12-05 20:00:00,0.314,0.364,1,3.4
2025-12-05 21:00:00,0.314,0.363,0.8,3.3
2025-12-05 22:00:00,0.314,0.363,0.7,3.1
2025-12-05 23:00:00,0.314,0.362,0.5,3.1
2025-12-06 00:00:00,0.314,0.362,0.5,3
2025-12-06 01:00:00,0.314,0.362,0.5,2.9
2025-12-06 02:00:00,0.315,0.363,0.7,2.9
2025-12-06 03:00:00,0.314,0.363,1.8,3.4
2025-12-06 04:00:00,0.312,0.363,4.5,4.8
2025-12-06 05:00:00,0.311,0.363,6.8,6.1
2025-12-06 06:00:00,0.309,0.362,8,7.1
2025-12-06 07:00:00,0.309,0.362,8.6,7.5
2025-12-06 08:00:00,0.309,0.362,8.3,7.5
2025-12-06 09:00:00,0.309,0.363,7.5,7.2
2025-12-06 10:00:00,0.31,0.363,6.6,6.8
2025-12-06 11:00:00,0.31,0.363,5.8,6.4
2025-12-06 12:00:00,0.311,0.363,5.2,6
2025-12-06 13:00:00,0.311,0.363,4.6,5.7
2025-12-06 14:00:00,0.312,0.364,4.1,5.4
2025-12-06 15:00:00,0.312,0.364,3.6,5.2
2025-12-06 16:00:00,0.313,0.364,3.2,4.9
2025-12-06 17:00:00,0.313,0.364,3.1,4.8
2025-12-06 18:00:00,0.313,0.364,3.1,4.8
2025-12-06 19:00:00,0.313,0.364,3.1,4.9
2025-12-06 20:00:00,0.313,0.364,3,4.8
2025-12-06 21:00:00,0.313,0.364,2.9,4.8
2025-12-06 22:00:00,0.313,0.364,2.9,4.8
2025-12-06 23:00:00,0.313,0.364,3,4.9
2025-12-07 00:00:00,0.313,0.364,3.5,5.1
2025-12-07 01:00:00,0.312,0.363,4.5,5.6
2025-12-07 02:00:00,0.311,0.363,5.6,6.4
2025-12-07 03:00:00,0.31,0.362,7.2,7.3
2025-12-07 04:00:00,0.308,0.361,9,8.4
2025-12-07 05:00:00,0.308,0.361,10,9.1
2025-12-07 06:00:00,0.307,0.36,10.7,9.5
2025-12-07 07:00:00,0.307,0.36,10.9,9.7
2025-12-07 08:00:00,0.307,0.36,10.5,9.5
2025-12-07 09:00:00,0.307,0.36,9.6,9
2025-12-07 10:00:00,0.308,0.36,8.7,8.5
2025-12-07 11:00:00,0.308,0.361,8.1,8.1
2025-12-07 12:00:00,0.308,0.361,7.6,7.8
2025-12-07 13:00:00,0.309,0.361,7.3,7.6
2025-12-07 14:00:00,0.309,0.361,7.1,7.5
2025-12-07 15:00:00,0.309,0.361,7,7.4
2025-12-07 16:00:00,0.309,0.361,6.7,7.2
2025-12-07 17:00:00,0.31,0.361,6.4,7
2025-12-07 18:00:00,0.31,0.361,6.1,6.9
2025-12-07 19:00:00,0.31,0.361,5.9,6.7
2025-12-07 20:00:00,0.31,0.362,5.5,6.5
2025-12-07 21:00:00,0.311,0.362,5,6.2
2025-12-07 22:00:00,0.311,0.362,4.7,6
2025-12-07 23:00:00,0.311,0.362,4.3,5.8
2025-12-08 00:00:00,0.311,0.362,4.4,5.7
2025-12-08 01:00:00,0.311,0.362,5.2,5.9
2025-12-08 02:00:00,0.31,0.361,6.6,6.6
2025-12-08 03:00:00,0.308,0.36,8.1,7.4
2025-12-08 04:00:00,0.307,0.36,9.4,8.2
2025-12-08 05:00:00,0.306,0.359,10.4,8.7
2025-12-08 06:00:00,0.306,0.359,10.7,8.8
2025-12-08 07:00:00,0.306,0.358,10.4,8.6
2025-12-08 08:00:00,0.306,0.358,9.5,8.2
2025-12-08 09:00:00,0.307,0.359,8.2,7.5
2025-12-08 10:00:00,0.308,0.359,7,7
2025-12-08 11:00:00,0.309,0.359,6,6.3
2025-12-08 12:00:00,0.31,0.359,5,5.8
2025-12-08 13:00:00,0.31,0.36,4.1,5.3
2025-12-08 14:00:00,0.311,0.36,3.4,4.9
2025-12-08 15:00:00,0.311,0.36,2.8,4.6
2025-12-08 16:00:00,0.312,0.36,2.4,4.4
2025-12-08 17:00:00,0.312,0.359,2.1,4.2
2025-12-08 18:00:00,0.312,0.359,1.9,4
2025-12-08 19:00:00,0.312,0.359,1.6,3.9
2025-12-08 20:00:00,0.312,0.358,1.4,3.7
2025-12-08 21:00:00,0.312,0.358,1.3,3.6
2025-12-08 22:00:00,0.312,0.357,1.1,3.5
2025-12-08 23:00:00,0.312,0.357,1,3.3
2025-12-09 00:00:00,0.312,0.357,0.9,3.3
2025-12-09 01:00:00,0.313,0.357,1,3.2
2025-12-09 02:00:00,0.312,0.358,2.2,3.5
2025-12-09 03:00:00,0.31,0.357,4.7,4.6
2025-12-09 04:00:00,0.308,0.357,6.8,6
2025-12-09 05:00:00,0.307,0.357,8.3,7
2025-12-09 06:00:00,0.306,0.356,9.1,7.5
2025-12-09 07:00:00,0.306,0.356,9.1,7.6
2025-12-09 08:00:00,0.306,0.356,8.5,7.3
2025-12-09 09:00:00,0.307,0.356,7.4,6.8
2025-12-09 10:00:00,0.308,0.356,6.2,6.2
2025-12-09 11:00:00,0.309,0.356,5.2,5.7
2025-12-09 12:00:00,0.309,0.357,4.4,5.2
2025-12-09 13:00:00,0.31,0.357,3.7,4.8
2025-12-09 14:00:00,0.31,0.357,3.1,4.5
2025-12-09 15:00:00,0.311,0.357,2.6,4.3
2025-12-09 16:00:00,0.311,0.357,2.3,4.1
2025-12-09 17:00:00,0.311,0.357,2,3.9
2025-12-09 18:00:00,0.312,0.357,1.8,3.8
2025-12-09 19:00:00,0.312,0.357,1.6,3.7
2025-12-09 20:00:00,0.312,0.357,1.4,3.6
2025-12-09 21:00:00,0.312,0.357,1.3,3.5
2025-12-09 22:00:00,0.312,0.357,1.2,3.4
2025-12-09 23:00:00,0.312,0.357,1.1,3.4
2025-12-10 00:00:00,0.312,0.358,1.3,3.4
2025-12-10 01:00:00,0.312,0.357,1.8,3.8
2025-12-10 02:00:00,0.31,0.357,3.5,4.6
2025-12-10 03:00:00,0.308,0.356,5.8,5.8
2025-12-10 04:00:00,0.307,0.356,7.9,6.9
2025-12-10 05:00:00,0.306,0.355,9.4,7.9
2025-12-10 06:00:00,0.305,0.354,10,8.4
2025-12-10 07:00:00,0.305,0.354,10,8.5
2025-12-10 08:00:00,0.305,0.354,9.4,8.3
2025-12-10 09:00:00,0.306,0.354,8.5,7.8
2025-12-10 10:00:00,0.306,0.355,7.6,7.4
2025-12-10 11:00:00,0.307,0.355,7.1,7.1
2025-12-10 12:00:00,0.307,0.355,6.7,6.9
2025-12-10 13:00:00,0.307,0.355,6.4,6.8
2025-12-10 14:00:00,0.307,0.355,6.2,6.7
2025-12-10 15:00:00,0.307,0.355,6.1,6.6
2025-12-10 16:00:00,0.308,0.355,6,6.6
2025-12-10 17:00:00,0.308,0.355,5.9,6.6
2025-12-10 18:00:00,0.308,0.355,5.9,6.6
2025-12-10 19:00:00,0.308,0.355,6,6.7
2025-12-10 20:00:00,0.309,0.384,6.1,6.7
2025-12-10 21:00:00,0.309,0.397,6.2,6.8
2025-12-10 22:00:00,0.309,0.402,6.4,6.9
2025-12-10 23:00:00,0.309,0.4,6.5,7
2025-12-11 00:00:00,0.309,0.399,6.7,7.1
2025-12-11 01:00:00,0.309,0.398,7.6,7.5
2025-12-11 02:00:00,0.308,0.397,8.8,8.2
2025-12-11 03:00:00,0.307,0.396,9.9,9
2025-12-11 04:00:00,0.307,0.395,10.1,9.4
2025-12-11 05:00:00,0.307,0.394,10.3,9.6
2025-12-11 06:00:00,0.308,0.393,10.2,9.6
2025-12-11 07:00:00,0.308,0.391,9.8,9.4
2025-12-11 08:00:00,0.309,0.39,9,9
2025-12-11 09:00:00,0.31,0.389,8.1,8.4
2025-12-11 10:00:00,0.311,0.388,7.3,7.8
2025-12-11 11:00:00,0.311,0.388,6.5,7.3
2025-12-11 12:00:00,0.312,0.387,5.8,6.8
2025-12-11 13:00:00,0.313,0.387,5.2,6.3
2025-12-11 14:00:00,0.313,0.387,4.6,6
2025-12-11 15:00:00,0.314,0.386,4,5.6
2025-12-11 16:00:00,0.314,0.386,3.5,5.2
2025-12-11 17:00:00,0.315,0.386,3.2,4.8
2025-12-11 18:00:00,0.315,0.386,2.9,4.6
2025-12-11 19:00:00,0.315,0.385,2.5,4.4
2025-12-11 20:00:00,0.315,0.385,2.3,4.2
2025-12-11 21:00:00,0.316,0.384,2.1,4
2025-12-11 22:00:00,0.316,0.383,1.9,3.9
2025-12-11 23:00:00,0.316,0.382,1.7,3.8
2025-12-12 00:00:00,0.316,0.381,1.6,3.7
2025-12-12 01:00:00,0.316,0.381,1.6,3.6
2025-12-12 02:00:00,0.316,0.381,2.5,4
2025-12-12 03:00:00,0.313,0.38,5.1,5.2
2025-12-12 04:00:00,0.312,0.38,7.6,6.5
2025-12-12 05:00:00,0.31,0.379,9.3,7.6
2025-12-12 06:00:00,0.31,0.379,10.2,8.2
2025-12-12 07:00:00,0.31,0.379,10.3,8.5
2025-12-12 08:00:00,0.31,0.379,9.5,8.2
2025-12-12 09:00:00,0.311,0.379,8.3,7.7
2025-12-12 10:00:00,0.312,0.379,7.2,7.1
2025-12-12 11:00:00,0.313,0.379,6.2,6.5
2025-12-12 12:00:00,0.314,0.379,5.3,6
2025-12-12 13:00:00,0.314,0.379,4.6,5.5
2025-12-12 14:00:00,0.315,0.379,4,5.2
2025-12-12 15:00:00,0.315,0.379,3.6,4.9
2025-12-12 16:00:00,0.315,0.379,3.4,4.9
2025-12-12 17:00:00,0.315,0.379,3.5,4.9
2025-12-12 18:00:00,0.315,0.379,3.6,5
2025-12-12 19:00:00,0.315,0.378,3.7,5.1
2025-12-12 20:00:00,0.315,0.378,3.8,5.2
2025-12-12 21:00:00,0.315,0.378,3.9,5.3
2025-12-12 22:00:00,0.315,0.378,4.2,5.4
2025-12-12 23:00:00,0.315,0.378,4.4,5.6
2025-12-13 00:00:00,0.314,0.378,4.7,5.8
2025-12-13 01:00:00,0.314,0.377,5.2,6.1
2025-12-13 02:00:00,0.314,0.377,5.9,6.5
2025-12-13 03:00:00,0.313,0.377,6.8,7.1
2025-12-13 04:00:00,0.313,0.377,7.3,7.5
2025-12-13 05:00:00,0.313,0.379,7.4,7.7
2025-12-13 06:00:00,0.313,0.404,7.3,7.7
2025-12-13 07:00:00,0.314,0.424,7.1,7.5
2025-12-13 08:00:00,0.314,0.433,6.8,7.4
2025-12-13 09:00:00,0.314,0.432,6.5,7.1
2025-12-13 10:00:00,0.314,0.426,6.2,6.9
2025-12-13 11:00:00,0.315,0.421,5.9,6.7
2025-12-13 12:00:00,0.316,0.418,5.6,6.6
2025-12-13 13:00:00,0.317,0.418,5.3,6.3
2025-12-13 14:00:00,0.318,0.418,4.7,6
2025-12-13 15:00:00,0.318,0.423,4.5,5.8
2025-12-13 16:00:00,0.319,0.427,4.4,5.7
2025-12-13 17:00:00,0.319,0.428,4.4,5.7
2025-12-13 18:00:00,0.319,0.431,4.4,5.6
2025-12-13 19:00:00,0.322,0.43,4.3,5.6
2025-12-13 20:00:00,0.324,0.427,4.2,5.5
2025-12-13 21:00:00,0.325,0.424,4.1,5.4
2025-12-13 22:00:00,0.326,0.422,4.1,5.4
2025-12-13 23:00:00,0.327,0.42,4.1,5.4
2025-12-14 00:00:00,0.327,0.419,4.2,5.4
2025-12-14 01:00:00,0.327,0.419,4.4,5.5
2025-12-14 02:00:00,0.327,0.418,4.9,5.8
2025-12-14 03:00:00,0.327,0.417,5.4,6.2
2025-12-14 04:00:00,0.326,0.415,6.4,6.8
2025-12-14 05:00:00,0.326,0.414,6.5,7
2025-12-14 06:00:00,0.326,0.414,6.3,6.9
2025-12-14 07:00:00,0.327,0.412,6.2,6.8
2025-12-14 08:00:00,0.327,0.412,5.8,6.6
2025-12-14 09:00:00,0.327,0.412,5.4,6.3
2025-12-14 10:00:00,0.328,0.412,5.1,6.1
2025-12-14 11:00:00,0.328,0.412,4.9,6
2025-12-14 12:00:00,0.328,0.412,4.7,5.9
2025-12-14 13:00:00,0.328,0.412,4.5,5.7
2025-12-14 14:00:00,0.329,0.412,4.4,5.7
2025-12-14 15:00:00,0.329,0.413,4.1,5.5
2025-12-14 16:00:00,0.329,0.413,4,5.4
2025-12-14 17:00:00,0.329,0.413,3.9,5.4
2025-12-14 18:00:00,0.33,0.413,3.7,5.2
2025-12-14 19:00:00,0.33,0.413,3.6,5.2
2025-12-14 20:00:00,0.33,0.413,3.6,5.2
2025-12-14 21:00:00,0.33,0.413,3.6,5.2
2025-12-14 22:00:00,0.331,0.413,3.5,5.1
2025-12-14 23:00:00,0.331,0.413,3.5,5.1
2025-12-15 00:00:00,0.331,0.413,3.7,5.2
2025-12-15 01:00:00,0.33,0.413,4.5,5.4
2025-12-15 02:00:00,0.329,0.412,6.1,6.1
2025-12-15 03:00:00,0.328,0.411,8.1,7.2
2025-12-15 04:00:00,0.327,0.41,9.5,8.1
2025-12-15 05:00:00,0.327,0.409,10,8.5
2025-12-15 06:00:00,0.326,0.406,10.4,8.8
2025-12-15 07:00:00,0.327,0.405,10.3,8.7
2025-12-15 08:00:00,0.327,0.405,9.7,8.5
2025-12-15 09:00:00,0.328,0.404,8.7,7.9
2025-12-15 10:00:00,0.329,0.404,7.6,7.3
2025-12-15 11:00:00,0.33,0.404,6.6,6.7
2025-12-15 12:00:00,0.331,0.404,5.7,6.1
2025-12-15 13:00:00,0.331,0.404,5.1,5.7
2025-12-15 14:00:00,0.332,0.404,4.4,5.4
2025-12-15 15:00:00,0.332,0.404,3.8,5
2025-12-15 16:00:00,0.332,0.404,3.6,4.9
2025-12-15 17:00:00,0.333,0.404,3.4,4.8
2025-12-15 18:00:00,0.333,0.404,3.2,4.8
2025-12-15 19:00:00,0.333,0.404,3,4.7
2025-12-15 20:00:00,0.333,0.404,2.7,4.4
2025-12-15 21:00:00,0.334,0.403,2.6,4.3
2025-12-15 22:00:00,0.334,0.403,2.4,4.2
2025-12-15 23:00:00,0.334,0.403,2.3,4.1
2025-12-16 00:00:00,0.334,0.403,2.2,4.1
2025-12-16 01:00:00,0.333,0.403,2.8,4.5
2025-12-16 02:00:00,0.332,0.402,4.2,5.2
2025-12-16 03:00:00,0.331,0.402,5.4,6
2025-12-16 04:00:00,0.331,0.401,6.2,6.6
2025-12-16 05:00:00,0.33,0.401,6.8,7.1
2025-12-16 06:00:00,0.33,0.4,7.3,7.4
2025-12-16 07:00:00,0.33,0.4,7.5,7.6
2025-12-16 08:00:00,0.33,0.4,7.5,7.6
2025-12-16 09:00:00,0.33,0.399,7.3,7.5
2025-12-16 10:00:00,0.33,0.399,7.2,7.4
2025-12-16 11:00:00,0.33,0.399,7,7.3
2025-12-16 12:00:00,0.33,0.399,6.9,7.2
2025-12-16 13:00:00,0.33,0.399,6.8,7.2
2025-12-16 14:00:00,0.33,0.399,6.6,7.1
2025-12-16 15:00:00,0.331,0.399,6.5,7
2025-12-16 16:00:00,0.331,0.399,6.3,6.9
2025-12-16 17:00:00,0.331,0.398,6.1,6.8
2025-12-16 18:00:00,0.331,0.398,6,6.7
2025-12-16 19:00:00,0.331,0.398,5.7,6.5
2025-12-16 20:00:00,0.332,0.398,5.4,6.3
2025-12-16 21:00:00,0.332,0.398,5.2,6.1
2025-12-16 22:00:00,0.332,0.398,5.2,6.1
2025-12-16 23:00:00,0.332,0.398,5.4,6.2
2025-12-17 00:00:00,0.332,0.397,5.6,6.3
2025-12-17 01:00:00,0.331,0.397,6.1,6.5
2025-12-17 02:00:00,0.33,0.397,7,7.1
2025-12-17 03:00:00,0.33,0.396,7.9,7.7
2025-12-17 04:00:00,0.329,0.396,8.8,8.3
2025-12-17 05:00:00,0.328,0.395,9.4,8.8
2025-12-17 06:00:00,0.328,0.394,9.2,8.9
2025-12-17 07:00:00,0.329,0.394,8.8,8.6
2025-12-17 08:00:00,0.329,0.393,8.2,8.2
2025-12-17 09:00:00,0.33,0.393,7.4,7.7
2025-12-17 10:00:00,0.331,0.393,6.6,7.2
2025-12-17 11:00:00,0.331,0.393,5.7,6.6
2025-12-17 12:00:00,0.332,0.393,5,6
2025-12-17 13:00:00,0.332,0.393,4.3,5.5
2025-12-17 14:00:00,0.333,0.392,3.8,5.1
2025-12-17 15:00:00,0.333,0.392,3.3,4.8
2025-12-17 16:00:00,0.333,0.392,3,4.5
2025-12-17 17:00:00,0.333,0.392,2.7,4.3
2025-12-17 18:00:00,0.333,0.391,2.5,4.1
2025-12-17 19:00:00,0.333,0.39,2.3,3.9
2025-12-17 20:00:00,0.334,0.39,2.1,3.8
2025-12-17 21:00:00,0.334,0.388,1.9,3.7
2025-12-17 22:00:00,0.334,0.387,1.8,3.6
2025-12-17 23:00:00,0.334,0.386,1.7,3.4
2025-12-18 00:00:00,0.334,0.385,1.6,3.4
2025-12-18 01:00:00,0.334,0.385,1.6,3.3
2025-12-18 02:00:00,0.334,0.385,2.1,3.5
2025-12-18 03:00:00,0.331,0.385,4.6,4.6
2025-12-18 04:00:00,0.329,0.384,7.2,6.1
2025-12-18 05:00:00,0.327,0.384,9,7.2
2025-12-18 06:00:00,0.327,0.384,10,7.9
2025-12-18 07:00:00,0.326,0.384,10,8.1
2025-12-18 08:00:00,0.327,0.384,9.3,7.9
2025-12-18 09:00:00,0.328,0.384,8.2,7.3
2025-12-18 10:00:00,0.329,0.385,7,6.7
2025-12-18 11:00:00,0.33,0.385,6,6
2025-12-18 12:00:00,0.33,0.385,5.1,5.6
2025-12-18 13:00:00,0.331,0.385,4.4,5.1
2025-12-18 14:00:00,0.331,0.385,3.8,4.8
2025-12-18 15:00:00,0.331,0.385,3.4,4.5
2025-12-18 16:00:00,0.332,0.385,3,4.2
2025-12-18 17:00:00,0.332,0.385,2.7,4
2025-12-18 18:00:00,0.332,0.385,2.5,3.9
2025-12-18 19:00:00,0.332,0.385,2.3,3.8
2025-12-18 20:00:00,0.332,0.385,2.2,3.8
2025-12-18 21:00:00,0.332,0.385,2.1,3.8
2025-12-18 22:00:00,0.332,0.385,2.1,4
2025-12-18 23:00:00,0.332,0.385,2.1,4.2
2025-12-19 00:00:00,0.332,0.385,2.5,4.4
2025-12-19 01:00:00,0.331,0.385,3.1,4.8
2025-12-19 02:00:00,0.33,0.385,4.3,5.4
2025-12-19 03:00:00,0.329,0.384,6.4,6.5
2025-12-19 04:00:00,0.327,0.383,8.5,7.8
2025-12-19 05:00:00,0.325,0.383,10.2,8.8
2025-12-19 06:00:00,0.325,0.382,11.4,9.5
2025-12-19 07:00:00,0.324,0.382,11.9,9.8
2025-12-19 08:00:00,0.324,0.382,11.6,9.7
2025-12-19 09:00:00,0.325,0.381,10.8,9.2
2025-12-19 10:00:00,0.325,0.381,10,8.8
2025-12-19 11:00:00,0.326,0.382,9.5,8.5
2025-12-19 12:00:00,0.326,0.382,9.1,8.3
2025-12-19 13:00:00,0.327,0.382,8.5,8
2025-12-19 14:00:00,0.327,0.382,7.8,7.6
2025-12-19 15:00:00,0.327,0.382,7.3,7.3
2025-12-19 16:00:00,0.328,0.382,6.8,6.9
2025-12-19 17:00:00,0.328,0.382,6.4,6.7
2025-12-19 18:00:00,0.328,0.382,6.1,6.5
2025-12-19 19:00:00,0.328,0.382,5.9,6.4
2025-12-19 20:00:00,0.328,0.382,6,6.5
2025-12-19 21:00:00,0.328,0.382,6,6.5
2025-12-19 22:00:00,0.328,0.382,6.2,6.7
2025-12-19 23:00:00,0.328,0.382,6.4,6.8
2025-12-20 00:00:00,0.327,0.382,6.8,7.1
2025-12-20 01:00:00,0.327,0.382,7.4,7.5
2025-12-20 02:00:00,0.326,0.381,8.5,8.1
2025-12-20 03:00:00,0.325,0.381,9.5,8.8
2025-12-20 04:00:00,0.325,0.381,10.3,9.4
2025-12-20 05:00:00,0.324,0.38,10.8,9.8
2025-12-20 06:00:00,0.324,0.38,10.9,9.9
2025-12-20 07:00:00,0.324,0.38,10.7,9.9
2025-12-20 08:00:00,0.325,0.38,10.4,9.7
2025-12-20 09:00:00,0.325,0.38,10.1,9.5
2025-12-20 10:00:00,0.325,0.381,9.8,9.3
2025-12-20 11:00:00,0.325,0.381,9.4,9.1
2025-12-20 12:00:00,0.326,0.381,9,8.8
2025-12-20 13:00:00,0.326,0.381,8.7,8.6
2025-12-20 14:00:00,0.326,0.381,8.3,8.3
2025-12-20 15:00:00,0.327,0.381,7.9,8.1
2025-12-20 16:00:00,0.327,0.381,7.3,7.7
2025-12-20 17:00:00,0.327,0.381,6.8,7.3
2025-12-20 18:00:00,0.328,0.382,6.3,7
2025-12-20 19:00:00,0.328,0.382,5.9,6.7
2025-12-20 20:00:00,0.328,0.382,5.4,6.3
2025-12-20 21:00:00,0.328,0.382,5,6.1
2025-12-20 22:00:00,0.329,0.382,4.8,5.8
2025-12-20 23:00:00,0.329,0.382,4.6,5.7
2025-12-21 00:00:00,0.329,0.382,4.5,5.7
2025-12-21 01:00:00,0.328,0.381,4.6,5.8
2025-12-21 02:00:00,0.328,0.381,5,6
2025-12-21 03:00:00,0.328,0.38,5.6,6.5
2025-12-21 04:00:00,0.327,0.38,6.2,6.9
2025-12-21 05:00:00,0.327,0.379,6.8,7.3
2025-12-21 06:00:00,0.326,0.379,7.2,7.4
2025-12-21 07:00:00,0.326,0.378,7.1,7.3
2025-12-21 08:00:00,0.326,0.378,6.5,6.8
2025-12-21 09:00:00,0.327,0.378,5.5,6.2
2025-12-21 10:00:00,0.327,0.378,4.6,5.7
2025-12-21 11:00:00,0.328,0.378,3.9,5.2
2025-12-21 12:00:00,0.329,0.378,3.3,4.8
2025-12-21 13:00:00,0.329,0.378,2.9,4.5
2025-12-21 14:00:00,0.329,0.377,2.5,4.3
2025-12-21 15:00:00,0.329,0.376,2.2,4
2025-12-21 16:00:00,0.329,0.375,1.9,3.8
2025-12-21 17:00:00,0.329,0.373,1.7,3.7
2025-12-21 18:00:00,0.329,0.372,1.5,3.5
2025-12-21 19:00:00,0.329,0.371,1.3,3.4
2025-12-21 20:00:00,0.328,0.369,1.2,3.2
2025-12-21 21:00:00,0.328,0.368,1,3.1
2025-12-21 22:00:00,0.328,0.367,0.9,3
2025-12-21 23:00:00,0.327,0.366,0.7,2.9
2025-12-22 00:00:00,0.326,0.365,0.6,2.8
2025-12-22 01:00:00,0.326,0.365,0.6,2.7
2025-12-22 02:00:00,0.325,0.365,0.7,2.7
2025-12-22 03:00:00,0.325,0.366,0.8,2.7
2025-12-22 04:00:00,0.325,0.366,1.2,3.3
2025-12-22 05:00:00,0.323,0.366,3.7,4.4
2025-12-22 06:00:00,0.322,0.366,5.7,5.4
2025-12-22 07:00:00,0.321,0.366,6.6,5.9
2025-12-22 08:00:00,0.321,0.367,6.4,5.9
2025-12-22 09:00:00,0.322,0.367,5.5,5.5
2025-12-22 10:00:00,0.323,0.368,4.6,5.1
2025-12-22 11:00:00,0.323,0.368,3.9,4.7
2025-12-22 12:00:00,0.324,0.369,3.2,4.4
2025-12-22 13:00:00,0.325,0.369,2.7,4
2025-12-22 14:00:00,0.325,0.369,2.3,3.8
2025-12-22 15:00:00,0.325,0.369,2,3.6
2025-12-22 16:00:00,0.325,0.369,1.8,3.5
2025-12-22 17:00:00,0.326,0.369,1.6,3.4
2025-12-22 18:00:00,0.326,0.368,1.5,3.3
2025-12-22 19:00:00,0.326,0.368,1.4,3.2
2025-12-22 20:00:00,0.326,0.368,1.3,3.1
2025-12-22 21:00:00,0.326,0.368,1.2,3.1
2025-12-22 22:00:00,0.326,0.368,1.1,3
2025-12-22 23:00:00,0.326,0.368,1.1,3
2025-12-23 00:00:00,0.326,0.368,1.1,3
2025-12-23 01:00:00,0.326,0.368,1.1,3.1
2025-12-23 02:00:00,0.325,0.368,1.3,3.6
2025-12-23 03:00:00,0.324,0.368,2.4,4.4
2025-12-23 04:00:00,0.323,0.368,3.7,5.1
2025-12-23 05:00:00,0.323,0.368,4.7,5.7
2025-12-23 06:00:00,0.322,0.368,5.2,6.1
2025-12-23 07:00:00,0.322,0.368,5.6,6.2
2025-12-23 08:00:00,0.322,0.368,5.7,6.3
2025-12-23 09:00:00,0.322,0.368,5.8,6.4
2025-12-23 10:00:00,0.322,0.369,5.9,6.4
2025-12-23 11:00:00,0.323,0.37,6,6.5
2025-12-23 12:00:00,0.323,0.37,6.1,6.5
2025-12-23 13:00:00,0.323,0.389,6.2,6.5
2025-12-23 14:00:00,0.323,0.42,6.2,6.6
2025-12-23 15:00:00,0.323,0.427,6.3,6.7
2025-12-23 16:00:00,0.325,0.427,6.4,6.7
2025-12-23 17:00:00,0.345,0.428,6.5,6.8
2025-12-23 18:00:00,0.356,0.431,6.7,6.9
2025-12-23 19:00:00,0.36,0.431,6.7,6.9
2025-12-23 20:00:00,0.362,0.432,6.7,6.9
2025-12-23 21:00:00,0.362,0.432,6.6,6.9
2025-12-23 22:00:00,0.362,0.432,6.5,6.8
2025-12-23 23:00:00,0.362,0.432,6.5,6.8
2025-12-24 00:00:00,0.362,0.429,6.4,6.7
2025-12-24 01:00:00,0.361,0.42,6.3,6.7
2025-12-24 02:00:00,0.361,0.418,6.4,6.8
2025-12-24 03:00:00,0.36,0.417,6.6,6.9
2025-12-24 04:00:00,0.359,0.416,6.7,7
2025-12-24 05:00:00,0.359,0.416,6.7,7.1
2025-12-24 06:00:00,0.358,0.416,6.8,7.1
2025-12-24 07:00:00,0.357,0.415,6.9,7.3
2025-12-24 08:00:00,0.357,0.414,6.6,7.1
2025-12-24 09:00:00,0.356,0.414,6.1,6.8
2025-12-24 10:00:00,0.356,0.414,5.7,6.5
2025-12-24 11:00:00,0.356,0.414,5.3,6.2
2025-12-24 12:00:00,0.356,0.414,5,6
2025-12-24 13:00:00,0.356,0.414,4.8,5.8
2025-12-24 14:00:00,0.355,0.414,4.5,5.6
2025-12-24 15:00:00,0.355,0.414,4.2,5.4
2025-12-24 16:00:00,0.355,0.413,3.8,5.2
2025-12-24 17:00:00,0.356,0.413,3.4,4.9
2025-12-24 18:00:00,0.356,0.413,3,4.7
2025-12-24 19:00:00,0.356,0.413,2.8,4.4
2025-12-24 20:00:00,0.356,0.413,2.6,4.2
2025-12-24 21:00:00,0.356,0.413,2.4,4
2025-12-24 22:00:00,0.356,0.413,2.3,3.9
2025-12-24 23:00:00,0.355,0.413,2.2,3.7
2025-12-25 00:00:00,0.355,0.413,2.1,3.7
2025-12-25 01:00:00,0.355,0.412,2.3,4
2025-12-25 02:00:00,0.355,0.412,2.9,4.5
2025-12-25 03:00:00,0.353,0.412,4,5.1
2025-12-25 04:00:00,0.353,0.411,4.9,5.7
2025-12-25 05:00:00,0.353,0.411,5.1,5.8
2025-12-25 06:00:00,0.352,0.41,5.1,5.9
2025-12-25 07:00:00,0.352,0.408,4.7,5.6
2025-12-25 08:00:00,0.353,0.407,4.1,5.3
2025-12-25 09:00:00,0.353,0.407,3.5,4.8
2025-12-25 10:00:00,0.354,0.407,3,4.4
2025-12-25 11:00:00,0.354,0.407,2.7,4.1
2025-12-25 12:00:00,0.354,0.407,2.5,3.8
2025-12-25 13:00:00,0.354,0.406,2.2,3.7
2025-12-25 14:00:00,0.354,0.406,2.1,3.5
2025-12-25 15:00:00,0.354,0.406,1.9,3.4
2025-12-25 16:00:00,0.354,0.405,1.8,3.3
2025-12-25 17:00:00,0.354,0.404,1.7,3.2
2025-12-25 18:00:00,0.354,0.404,1.7,3.1
2025-12-25 19:00:00,0.354,0.403,1.6,3.1
2025-12-25 20:00:00,0.353,0.403,1.5,3
2025-12-25 21:00:00,0.353,0.402,1.4,3
2025-12-25 22:00:00,0.353,0.402,1.3,2.9
2025-12-25 23:00:00,0.353,0.401,1.3,2.9
2025-12-26 00:00:00,0.353,0.4,1.3,2.9
2025-12-26 01:00:00,0.352,0.4,1.2,2.9
2025-12-26 02:00:00,0.352,0.4,1.3,2.9
2025-12-26 03:00:00,0.351,0.4,1.4,3.3
2025-12-26 04:00:00,0.35,0.401,2.4,4
2025-12-26 05:00:00,0.349,0.402,3.6,4.7
2025-12-26 06:00:00,0.348,0.403,4.2,5
2025-12-26 07:00:00,0.348,0.403,4.2,4.9
2025-12-26 08:00:00,0.348,0.403,3.5,4.4
2025-12-26 09:00:00,0.349,0.403,2.9,3.9
2025-12-26 10:00:00,0.349,0.402,2.4,3.6
2025-12-26 11:00:00,0.349,0.402,2.1,3.4
2025-12-26 12:00:00,0.349,0.401,1.9,3.2
2025-12-26 13:00:00,0.349,0.4,1.7,3.1
2025-12-26 14:00:00,0.349,0.399,1.6,2.9
2025-12-26 15:00:00,0.349,0.398,1.4,2.8
2025-12-26 16:00:00,0.349,0.396,1.3,2.8
2025-12-26 17:00:00,0.349,0.395,1.2,2.7
2025-12-26 18:00:00,0.349,0.393,1.1,2.6
2025-12-26 19:00:00,0.349,0.391,1.1,2.5
2025-12-26 20:00:00,0.349,0.389,1,2.5
2025-12-26 21:00:00,0.348,0.387,0.9,2.4
2025-12-26 22:00:00,0.348,0.385,0.8,2.3
2025-12-26 23:00:00,0.347,0.383,0.7,2.3
2025-12-27 00:00:00,0.347,0.381,0.7,2.2
2025-12-27 01:00:00,0.347,0.381,0.7,2.2
2025-12-27 02:00:00,0.346,0.381,0.7,2.2
2025-12-27 03:00:00,0.346,0.381,0.7,2.2
2025-12-27 04:00:00,0.345,0.381,0.8,2.3
2025-12-27 05:00:00,0.343,0.381,1.9,3.1
2025-12-27 06:00:00,0.342,0.381,3.4,4
2025-12-27 07:00:00,0.341,0.382,3.8,4.3
2025-12-27 08:00:00,0.341,0.382,3.8,4.4
2025-12-27 09:00:00,0.341,0.383,3.5,4.3
2025-12-27 10:00:00,0.342,0.384,3,4
2025-12-27 11:00:00,0.342,0.384,2.5,3.7
2025-12-27 12:00:00,0.342,0.385,2.2,3.4
2025-12-27 13:00:00,0.343,0.385,2,3.3
2025-12-27 14:00:00,0.343,0.386,1.8,3.1
2025-12-27 15:00:00,0.343,0.386,1.7,3
2025-12-27 16:00:00,0.343,0.386,1.6,2.9
2025-12-27 17:00:00,0.343,0.386,1.4,2.8
2025-12-27 18:00:00,0.344,0.386,1.3,2.7
2025-12-27 19:00:00,0.344,0.385,1.2,2.6
2025-12-27 20:00:00,0.344,0.385,1.1,2.5
2025-12-27 21:00:00,0.344,0.384,1.1,2.5
2025-12-27 22:00:00,0.344,0.383,1,2.4
2025-12-27 23:00:00,0.344,0.382,1,2.4
2025-12-28 00:00:00,0.344,0.381,0.9,2.3
2025-12-28 01:00:00,0.344,0.381,0.9,2.3
2025-12-28 02:00:00,0.344,0.382,0.9,2.3
2025-12-28 03:00:00,0.344,0.382,1,2.7
2025-12-28 04:00:00,0.342,0.382,2.5,3.8
2025-12-28 05:00:00,0.34,0.381,4.8,5.1
2025-12-28 06:00:00,0.339,0.381,5.9,5.8
2025-12-28 07:00:00,0.339,0.382,6,6.1
2025-12-28 08:00:00,0.339,0.382,5.8,6
2025-12-28 09:00:00,0.339,0.382,5.4,5.8
2025-12-28 10:00:00,0.34,0.383,5.1,5.6
2025-12-28 11:00:00,0.34,0.383,4.9,5.5
2025-12-28 12:00:00,0.34,0.383,4.6,5.3
2025-12-28 13:00:00,0.34,0.383,4.4,5.2
2025-12-28 14:00:00,0.34,0.383,4,5
2025-12-28 15:00:00,0.341,0.384,3.6,4.7
2025-12-28 16:00:00,0.341,0.384,3.1,4.4
2025-12-28 17:00:00,0.342,0.384,2.7,4
2025-12-28 18:00:00,0.342,0.384,2.4,3.7
2025-12-28 19:00:00,0.342,0.384,2.2,3.5
2025-12-28 20:00:00,0.342,0.385,2,3.3
2025-12-28 21:00:00,0.342,0.384,1.8,3.2
2025-12-28 22:00:00,0.343,0.384,1.7,3.1
2025-12-28 23:00:00,0.343,0.384,1.6,2.9
2025-12-29 00:00:00,0.343,0.384,1.5,2.9
2025-12-29 01:00:00,0.343,0.384,1.4,2.9
2025-12-29 02:00:00,0.343,0.383,2.1,3.4
2025-12-29 03:00:00,0.341,0.383,4,4.5
2025-12-29 04:00:00,0.339,0.383,5.8,5.7
2025-12-29 05:00:00,0.338,0.382,7.2,6.6
2025-12-29 06:00:00,0.338,0.382,8,7.2
2025-12-29 07:00:00,0.337,0.382,8.3,7.5
2025-12-29 08:00:00,0.337,0.382,8.1,7.4
2025-12-29 09:00:00,0.338,0.382,7.6,7.1
2025-12-29 10:00:00,0.338,0.382,7,6.7
2025-12-29 11:00:00,0.339,0.382,6.5,6.3
2025-12-29 12:00:00,0.339,0.382,5.9,5.9
2025-12-29 13:00:00,0.34,0.382,5.4,5.5
2025-12-29 14:00:00,0.34,0.382,4.7,5.1
2025-12-29 15:00:00,0.341,0.382,4.1,4.8
2025-12-29 16:00:00,0.341,0.383,3.6,4.4
2025-12-29 17:00:00,0.342,0.383,3.2,4.1
2025-12-29 18:00:00,0.342,0.383,2.9,3.8
2025-12-29 19:00:00,0.342,0.383,2.6,3.6
2025-12-29 20:00:00,0.342,0.382,2.3,3.4
2025-12-29 21:00:00,0.342,0.382,2.1,3.3
2025-12-29 22:00:00,0.342,0.382,1.9,3.1
2025-12-29 23:00:00,0.342,0.381,1.7,3
2025-12-30 00:00:00,0.342,0.381,1.7,3
2025-12-30 01:00:00,0.342,0.381,1.6,2.9
2025-12-30 02:00:00,0.342,0.381,1.8,3.1
2025-12-30 03:00:00,0.341,0.381,2.9,3.8
2025-12-30 04:00:00,0.34,0.381,4.5,4.7
2025-12-30 05:00:00,0.339,0.38,5.6,5.4
2025-12-30 06:00:00,0.338,0.38,6.4,5.7
2025-12-30 07:00:00,0.338,0.38,6.8,5.9
2025-12-30 08:00:00,0.338,0.38,6.4,5.7
2025-12-30 09:00:00,0.339,0.38,5.6,5.2
2025-12-30 10:00:00,0.339,0.38,4.7,4.6
2025-12-30 11:00:00,0.34,0.38,3.9,4.2
2025-12-30 12:00:00,0.34,0.38,3.3,3.8
2025-12-30 13:00:00,0.341,0.38,2.8,3.5
2025-12-30 14:00:00,0.341,0.379,2.4,3.3
2025-12-30 15:00:00,0.341,0.378,2.1,3.1
2025-12-30 16:00:00,0.341,0.377,1.9,2.9
2025-12-30 17:00:00,0.341,0.376,1.7,2.8
2025-12-30 18:00:00,0.341,0.374,1.5,2.7
2025-12-30 19:00:00,0.341,0.374,1.4,2.6
2025-12-30 20:00:00,0.341,0.374,1.3,2.6
2025-12-30 21:00:00,0.341,0.374,1.2,2.5
2025-12-30 22:00:00,0.341,0.374,1.2,2.5
2025-12-30 23:00:00,0.341,0.374,1.1,2.5
2025-12-31 00:00:00,0.341,0.375,1.1,2.4
2025-12-31 01:00:00,0.341,0.375,1.1,2.4
2025-12-31 02:00:00,0.341,0.375,1.2,2.5
2025-12-31 03:00:00,0.34,0.375,1.4,3
2025-12-31 04:00:00,0.339,0.375,2.2,3.8
2025-12-31 05:00:00,0.338,0.375,3.3,4.3
2025-12-31 06:00:00,0.338,0.375,4,4.5
2025-12-31 07:00:00,0.337,0.375,4.2,4.4
2025-12-31 08:00:00,0.338,0.375,3.9,4.1
2025-12-31 09:00:00,0.338,0.375,3.3,3.6
2025-12-31 10:00:00,0.339,0.375,2.7,3.3
2025-12-31 11:00:00,0.339,0.374,2.3,3.1
2025-12-31 12:00:00,0.339,0.374,1.9,2.9
2025-12-31 13:00:00,0.34,0.373,1.7,2.7
2025-12-31 14:00:00,0.34,0.372,1.5,2.6
2025-12-31 15:00:00,0.339,0.371,1.3,2.5
2025-12-31 16:00:00,0.339,0.37,1.1,2.4
2025-12-31 17:00:00,0.339,0.369,1,2.3
2025-12-31 18:00:00,0.339,0.367,0.9,2.2
2025-12-31 19:00:00,0.339,0.366,0.8,2.1
2025-12-31 20:00:00,0.338,0.365,0.7,2
2025-12-31 21:00:00,0.338,0.364,0.6,1.9
2025-12-31 22:00:00,0.337,0.363,0.5,1.9
2025-12-31 23:00:00,0.336,0.362,0.5,1.8
2026-01-01 00:00:00,0.335,0.361,0.4,1.8
2026-01-01 01:00:00,0.333,0.361,0.4,1.8
2026-01-01 02:00:00,0.331,0.362,0.4,1.8
2026-01-01 03:00:00,0.33,0.362,0.4,1.8
2026-01-01 04:00:00,0.33,0.362,0.5,1.8
2026-01-01 05:00:00,0.33,0.363,0.5,1.7
2026-01-01 06:00:00,0.33,0.363,0.5,1.7
2026-01-01 07:00:00,0.33,0.364,0.5,1.8
2026-01-01 08:00:00,0.331,0.364,0.5,1.8
2026-01-01 09:00:00,0.331,0.364,0.6,1.8
2026-01-01 10:00:00,0.331,0.365,0.6,1.8
2026-01-01 11:00:00,0.331,0.365,0.6,1.8
2026-01-01 12:00:00,0.331,0.365,0.6,1.8
2026-01-01 13:00:00,0.331,0.365,0.6,1.8
2026-01-01 14:00:00,0.331,0.365,0.6,1.8
2026-01-01 15:00:00,0.331,0.364,0.5,1.8
2026-01-01 16:00:00,0.331,0.364,0.5,1.8
2026-01-01 17:00:00,0.331,0.364,0.5,1.8
2026-01-01 18:00:00,0.33,0.364,0.5,1.8
2026-01-01 19:00:00,0.33,0.365,0.5,1.8
2026-01-01 20:00:00,0.33,0.365,0.5,1.8
2026-01-01 21:00:00,0.33,0.365,0.5,1.8
2026-01-01 22:00:00,0.33,0.365,0.5,1.8
2026-01-01 23:00:00,0.33,0.366,0.5,1.8
2026-01-02 00:00:00,0.33,0.366,0.5,1.8
2026-01-02 01:00:00,0.33,0.366,0.5,1.8
2026-01-02 02:00:00,0.33,0.367,0.5,1.8
2026-01-02 03:00:00,0.331,0.367,0.5,1.8
2026-01-02 04:00:00,0.331,0.367,0.6,1.8
2026-01-02 05:00:00,0.331,0.367,0.6,1.8
2026-01-02 06:00:00,0.331,0.368,0.7,1.8
2026-01-02 07:00:00,0.332,0.368,0.7,1.9
2026-01-02 08:00:00,0.332,0.368,0.7,1.9
2026-01-02 09:00:00,0.332,0.369,0.7,1.9
2026-01-02 10:00:00,0.332,0.369,0.7,1.9
2026-01-02 11:00:00,0.332,0.369,0.7,2
2026-01-02 12:00:00,0.332,0.37,0.7,2
2026-01-02 13:00:00,0.332,0.37,0.7,2.1
2026-01-02 14:00:00,0.333,0.371,0.7,2.1
2026-01-02 15:00:00,0.333,0.371,0.7,2.1
2026-01-02 16:00:00,0.333,0.372,0.7,2.2
2026-01-02 17:00:00,0.333,0.372,0.7,2.2
2026-01-02 18:00:00,0.333,0.373,0.7,2.3
2026-01-02 19:00:00,0.333,0.373,0.7,2.3
2026-01-02 20:00:00,0.333,0.374,0.7,2.3
2026-01-02 21:00:00,0.333,0.374,0.7,2.3
2026-01-02 22:00:00,0.333,0.375,0.7,2.3
2026-01-02 23:00:00,0.333,0.375,0.7,2.3
2026-01-03 00:00:00,0.334,0.376,0.7,2.3
2026-01-03 01:00:00,0.334,0.376,0.7,2.4
2026-01-03 02:00:00,0.334,0.376,0.7,2.4
2026-01-03 03:00:00,0.334,0.376,0.7,2.4
2026-01-03 04:00:00,0.334,0.388,1.2,2.4
2026-01-03 05:00:00,0.333,0.416,2.4,2.5
2026-01-03 06:00:00,0.332,0.418,3.1,2.9
2026-01-03 07:00:00,0.332,0.418,3.5,3.4
2026-01-03 08:00:00,0.332,0.417,3.2,3.5
2026-01-03 09:00:00,0.333,0.416,2.8,3.3
2026-01-03 10:00:00,0.333,0.414,2.3,3
2026-01-03 11:00:00,0.334,0.411,1.9,2.8
2026-01-03 12:00:00,0.335,0.41,1.7,2.6
2026-01-03 13:00:00,0.335,0.409,1.5,2.5
2026-01-03 14:00:00,0.335,0.408,1.4,2.4
2026-01-03 15:00:00,0.336,0.407,1.2,2.3
2026-01-03 16:00:00,0.336,0.406,1.1,2.2
2026-01-03 17:00:00,0.336,0.404,1,2.1
2026-01-03 18:00:00,0.336,0.403,1,2.1
2026-01-03 19:00:00,0.336,0.401,0.9,2
2026-01-03 20:00:00,0.336,0.399,0.9,2
2026-01-03 21:00:00,0.337,0.397,0.8,1.9
2026-01-03 22:00:00,0.336,0.395,0.8,1.9
2026-01-03 23:00:00,0.337,0.394,0.8,1.9
2026-01-04 00:00:00,0.336,0.393,0.7,1.9
2026-01-04 01:00:00,0.337,0.393,0.7,1.9
2026-01-04 02:00:00,0.337,0.392,0.7,1.9
2026-01-04 03:00:00,0.336,0.396,1.1,2.1
2026-01-04 04:00:00,0.335,0.403,2.7,3.1
2026-01-04 05:00:00,0.333,0.406,4.3,4.1
2026-01-04 06:00:00,0.332,0.406,5.2,4.8
2026-01-04 07:00:00,0.332,0.406,5.4,5.1
2026-01-04 08:00:00,0.332,0.406,5.2,5
2026-01-04 09:00:00,0.333,0.406,4.6,4.7
2026-01-04 10:00:00,0.334,0.406,3.9,4.4
2026-01-04 11:00:00,0.334,0.405,3.3,4
2026-01-04 12:00:00,0.335,0.405,2.8,3.7
2026-01-04 13:00:00,0.335,0.405,2.5,3.5
2026-01-04 14:00:00,0.336,0.405,2.2,3.4
2026-01-04 15:00:00,0.336,0.405,2.1,3.3
2026-01-04 16:00:00,0.336,0.404,1.9,3.2
2026-01-04 17:00:00,0.336,0.404,1.8,3.1
2026-01-04 18:00:00,0.337,0.404,1.7,3
2026-01-04 19:00:00,0.337,0.404,1.6,2.9
2026-01-04 20:00:00,0.337,0.403,1.5,2.8
2026-01-04 21:00:00,0.337,0.403,1.4,2.7
2026-01-04 22:00:00,0.337,0.403,1.4,2.6
2026-01-04 23:00:00,0.337,0.402,1.3,2.5
2026-01-05 00:00:00,0.338,0.402,1.3,2.5
2026-01-05 01:00:00,0.338,0.401,1.2,2.5
2026-01-05 02:00:00,0.338,0.401,1.6,3
2026-01-05 03:00:00,0.337,0.401,2.6,3.7
2026-01-05 04:00:00,0.336,0.401,3.8,4.6
2026-01-05 05:00:00,0.335,0.4,4.6,5.1
2026-01-05 06:00:00,0.335,0.4,5.2,5.3
2026-01-05 07:00:00,0.335,0.399,5.3,5.2
2026-01-05 08:00:00,0.335,0.399,4.8,4.8
2026-01-05 09:00:00,0.336,0.398,4,4.3
2026-01-05 10:00:00,0.336,0.398,3.3,3.8
2026-01-05 11:00:00,0.337,0.397,2.8,3.4
2026-01-05 12:00:00,0.337,0.396,2.4,3.1
2026-01-05 13:00:00,0.338,0.396,2,2.9
2026-01-05 14:00:00,0.338,0.395,1.8,2.8
2026-01-05 15:00:00,0.338,0.394,1.6,2.6
2026-01-05 16:00:00,0.338,0.392,1.4,2.5
2026-01-05 17:00:00,0.338,0.39,1.3,2.4
2026-01-05 18:00:00,0.338,0.388,1.1,2.3
2026-01-05 19:00:00,0.338,0.385,1,2.2
2026-01-05 20:00:00,0.338,0.383,0.9,2.1
2026-01-05 21:00:00,0.337,0.381,0.9,2
2026-01-05 22:00:00,0.337,0.379,0.8,1.9
2026-01-05 23:00:00,0.337,0.376,0.7,1.8
2026-01-06 00:00:00,0.336,0.374,0.6,1.8
2026-01-06 01:00:00,0.336,0.373,0.6,1.7
2026-01-06 02:00:00,0.336,0.373,0.6,1.7
2026-01-06 03:00:00,0.336,0.373,0.6,1.7
2026-01-06 04:00:00,0.336,0.374,0.7,1.7
2026-01-06 05:00:00,0.335,0.374,1.2,2.1
2026-01-06 06:00:00,0.333,0.374,2.7,3
2026-01-06 07:00:00,0.332,0.375,3.4,3.4
2026-01-06 08:00:00,0.332,0.375,3.5,3.5
2026-01-06 09:00:00,0.333,0.376,3.1,3.4
2026-01-06 10:00:00,0.333,0.377,2.7,3.1
2026-01-06 11:00:00,0.334,0.377,2.3,2.9
2026-01-06 12:00:00,0.334,0.378,2,2.7
2026-01-06 13:00:00,0.335,0.378,1.8,2.5
2026-01-06 14:00:00,0.335,0.378,1.6,2.4
2026-01-06 15:00:00,0.335,0.378,1.5,2.3
2026-01-06 16:00:00,0.335,0.378,1.3,2.3
2026-01-06 17:00:00,0.335,0.377,1.2,2.2
2026-01-06 18:00:00,0.335,0.377,1.1,2.1
2026-01-06 19:00:00,0.335,0.377,1.1,2.1
2026-01-06 20:00:00,0.335,0.376,1,2
2026-01-06 21:00:00,0.336,0.376,0.9,2
2026-01-06 22:00:00,0.335,0.375,0.9,2
2026-01-06 23:00:00,0.335,0.375,0.9,1.9
2026-01-07 00:00:00,0.335,0.374,0.8,1.9
2026-01-07 01:00:00,0.336,0.374,0.8,1.9
2026-01-07 02:00:00,0.336,0.375,0.8,1.9
2026-01-07 03:00:00,0.336,0.375,0.8,2
2026-01-07 04:00:00,0.336,0.375,1,2.4
2026-01-07 05:00:00,0.335,0.375,1.7,3.2
2026-01-07 06:00:00,0.334,0.376,2.6,3.8
2026-01-07 07:00:00,0.333,0.376,3.2,4.1
2026-01-07 08:00:00,0.333,0.376,3.3,4
2026-01-07 09:00:00,0.333,0.377,3,3.7
2026-01-07 10:00:00,0.334,0.377,2.6,3.4
2026-01-07 11:00:00,0.334,0.377,2.3,3.1
2026-01-07 12:00:00,0.335,0.378,2.1,2.9
2026-01-07 13:00:00,0.335,0.378,1.9,2.8
2026-01-07 14:00:00,0.335,0.378,1.7,2.7
2026-01-07 15:00:00,0.335,0.378,1.7,2.6
2026-01-07 16:00:00,0.335,0.378,1.6,2.6
2026-01-07 17:00:00,0.335,0.378,1.5,2.5
2026-01-07 18:00:00,0.335,0.378,1.4,2.5
2026-01-07 19:00:00,0.335,0.378,1.4,2.4
2026-01-07 20:00:00,0.336,0.378,1.3,2.3
2026-01-07 21:00:00,0.336,0.378,1.2,2.3
2026-01-07 22:00:00,0.336,0.378,1.2,2.2
2026-01-07 23:00:00,0.336,0.377,1.1,2.1
2026-01-08 00:00:00,0.336,0.377,1.1,2.1
2026-01-08 01:00:00,0.336,0.377,1.1,2
2026-01-08 02:00:00,0.336,0.377,1.1,2
2026-01-08 03:00:00,0.335,0.377,1.7,2.4
2026-01-08 04:00:00,0.334,0.377,2.8,3.2
2026-01-08 05:00:00,0.333,0.377,3.7,3.8
2026-01-08 06:00:00,0.333,0.376,4.4,4.1
2026-01-08 07:00:00,0.332,0.376,4.7,4.2
2026-01-08 08:00:00,0.333,0.376,4.4,3.9
2026-01-08 09:00:00,0.333,0.377,3.8,3.4
2026-01-08 10:00:00,0.334,0.376,3.1,3.1
2026-01-08 11:00:00,0.334,0.376,2.5,2.8
2026-01-08 12:00:00,0.335,0.376,2.1,2.6
2026-01-08 13:00:00,0.335,0.375,1.8,2.4
2026-01-08 14:00:00,0.335,0.374,1.6,2.3
2026-01-08 15:00:00,0.335,0.374,1.4,2.2
2026-01-08 16:00:00,0.335,0.373,1.3,2.2
2026-01-08 17:00:00,0.335,0.372,1.2,2.1
2026-01-08 18:00:00,0.335,0.372,1.1,2
2026-01-08 19:00:00,0.335,0.371,1,1.9
2026-01-08 20:00:00,0.335,0.37,0.9,1.9
2026-01-08 21:00:00,0.335,0.369,0.8,1.8
2026-01-08 22:00:00,0.335,0.368,0.7,1.8
2026-01-08 23:00:00,0.334,0.367,0.7,1.7
2026-01-09 00:00:00,0.334,0.366,0.6,1.7
2026-01-09 01:00:00,0.334,0.366,0.6,1.7
2026-01-09 02:00:00,0.334,0.366,0.6,1.6
2026-01-09 03:00:00,0.334,0.367,0.6,1.6
2026-01-09 04:00:00,0.334,0.367,0.8,1.9
2026-01-09 05:00:00,0.333,0.367,1.4,2.7
2026-01-09 06:00:00,0.332,0.367,2.6,3.6
2026-01-09 07:00:00,0.331,0.368,3.4,4.1
2026-01-09 08:00:00,0.331,0.368,3.7,4.2
2026-01-09 09:00:00,0.331,0.368,3.6,4.1
2026-01-09 10:00:00,0.331,0.369,3.3,3.9
2026-01-09 11:00:00,0.332,0.369,3.1,3.7
2026-01-09 12:00:00,0.332,0.369,2.8,3.5
2026-01-09 13:00:00,0.332,0.37,2.4,3.3
2026-01-09 14:00:00,0.333,0.37,2.1,3
2026-01-09 15:00:00,0.333,0.37,1.8,2.8
2026-01-09 16:00:00,0.333,0.37,1.7,2.7
2026-01-09 17:00:00,0.333,0.37,1.5,2.6
2026-01-09 18:00:00,0.333,0.37,1.4,2.5
2026-01-09 19:00:00,0.333,0.37,1.5,2.6
2026-01-09 20:00:00,0.333,0.37,1.7,2.7
2026-01-09 21:00:00,0.333,0.371,2,2.9
2026-01-09 22:00:00,0.333,0.37,2.2,3.1
2026-01-09 23:00:00,0.333,0.37,2.6,3.3
2026-01-10 00:00:00,0.332,0.37,3,3.6
2026-01-10 01:00:00,0.332,0.37,3.4,3.9
2026-01-10 02:00:00,0.331,0.369,4.1,4.3
2026-01-10 03:00:00,0.331,0.369,5,4.8
2026-01-10 04:00:00,0.33,0.368,5.8,5.3
2026-01-10 05:00:00,0.329,0.368,6.5,5.6
2026-01-10 06:00:00,0.329,0.368,6.6,5.6
2026-01-10 07:00:00,0.33,0.367,6.3,5.3
2026-01-10 08:00:00,0.33,0.367,5.8,4.9
2026-01-10 09:00:00,0.331,0.367,5.3,4.5
2026-01-10 10:00:00,0.331,0.367,4.7,4.2
2026-01-10 11:00:00,0.331,0.367,4.2,3.9
2026-01-10 12:00:00,0.332,0.367,3.7,3.6
2026-01-10 13:00:00,0.332,0.368,3.3,3.4
2026-01-10 14:00:00,0.332,0.368,2.9,3.2
2026-01-10 15:00:00,0.333,0.368,2.7,3
2026-01-10 16:00:00,0.333,0.368,2.4,2.9
2026-01-10 17:00:00,0.333,0.368,2.2,2.9
2026-01-10 18:00:00,0.333,0.368,2,2.8
2026-01-10 19:00:00,0.333,0.368,1.9,2.8
2026-01-10 20:00:00,0.333,0.368,1.8,2.8
2026-01-10 21:00:00,0.333,0.368,1.7,2.7
2026-01-10 22:00:00,0.333,0.368,1.7,2.7
2026-01-10 23:00:00,0.333,0.369,1.7,2.7
2026-01-11 00:00:00,0.333,0.369,1.6,2.7
2026-01-11 01:00:00,0.333,0.369,1.6,2.7
2026-01-11 02:00:00,0.333,0.369,1.6,2.7
2026-01-11 03:00:00,0.333,0.369,1.6,2.7
2026-01-11 04:00:00,0.334,0.37,1.6,2.7
2026-01-11 05:00:00,0.334,0.37,1.7,2.7
2026-01-11 06:00:00,0.334,0.37,2,2.7
2026-01-11 07:00:00,0.334,0.371,2.4,2.6
2026-01-11 08:00:00,0.333,0.371,2.4,2.6
2026-01-11 09:00:00,0.334,0.371,2.2,2.6
2026-01-11 10:00:00,0.334,0.372,2.1,2.6
2026-01-11 11:00:00,0.334,0.373,1.9,2.6
2026-01-11 12:00:00,0.334,0.373,1.8,2.6
2026-01-11 13:00:00,0.334,0.374,1.7,2.6
2026-01-11 14:00:00,0.334,0.374,1.7,2.6
2026-01-11 15:00:00,0.334,0.375,1.6,2.6
2026-01-11 16:00:00,0.335,0.375,1.5,2.5
2026-01-11 17:00:00,0.335,0.376,1.4,2.5
2026-01-11 18:00:00,0.335,0.376,1.4,2.5
2026-01-11 19:00:00,0.335,0.376,1.3,2.5
2026-01-11 20:00:00,0.335,0.377,1.3,2.4
2026-01-11 21:00:00,0.335,0.377,1.2,2.4
2026-01-11 22:00:00,0.335,0.377,1.2,2.4
2026-01-11 23:00:00,0.335,0.377,1.2,2.4
2026-01-12 00:00:00,0.335,0.378,1.2,2.4
2026-01-12 01:00:00,0.335,0.378,1.1,2.4
2026-01-12 02:00:00,0.335,0.378,1.1,2.4
2026-01-12 03:00:00,0.336,0.379,1.1,2.4
2026-01-12 04:00:00,0.335,0.39,1.4,2.4
2026-01-12 05:00:00,0.335,0.414,2,2.5
2026-01-12 06:00:00,0.334,0.416,2.8,2.9
2026-01-12 07:00:00,0.333,0.416,3.4,3.3
2026-01-12 08:00:00,0.333,0.416,3.7,3.4
2026-01-12 09:00:00,0.334,0.416,3.3,3.3
2026-01-12 10:00:00,0.334,0.415,2.8,3
2026-01-12 11:00:00,0.335,0.414,2.4,2.8
2026-01-12 12:00:00,0.335,0.412,2.1,2.6
2026-01-12 13:00:00,0.335,0.411,1.9,2.5
2026-01-12 14:00:00,0.336,0.41,1.7,2.5
2026-01-12 15:00:00,0.336,0.409,1.6,2.4
2026-01-12 16:00:00,0.336,0.409,1.6,2.4
2026-01-12 17:00:00,0.336,0.409,1.5,2.4
2026-01-12 18:00:00,0.336,0.41,1.5,2.5
2026-01-12 19:00:00,0.336,0.412,1.5,2.5
2026-01-12 20:00:00,0.337,0.412,1.5,2.4
2026-01-12 21:00:00,0.337,0.411,1.4,2.3
2026-01-12 22:00:00,0.337,0.41,1.4,2.3
2026-01-12 23:00:00,0.337,0.409,1.3,2.2
2026-01-13 00:00:00,0.337,0.408,1.2,2.2
2026-01-13 01:00:00,0.337,0.408,1.3,2.2
2026-01-13 02:00:00,0.337,0.409,1.9,2.6
2026-01-13 03:00:00,0.336,0.417,3.1,3.4
2026-01-13 04:00:00,0.335,0.429,4.3,4.3
2026-01-13 05:00:00,0.334,0.422,5.3,5
2026-01-13 06:00:00,0.334,0.417,6.1,5.5
2026-01-13 07:00:00,0.334,0.414,6.3,5.6
2026-01-13 08:00:00,0.334,0.412,5.9,5.3
2026-01-13 09:00:00,0.335,0.412,5.1,4.8
2026-01-13 10:00:00,0.335,0.411,4.3,4.2
2026-01-13 11:00:00,0.336,0.411,3.6,3.8
2026-01-13 12:00:00,0.336,0.409,3.1,3.4
2026-01-13 13:00:00,0.337,0.409,2.7,3.2
2026-01-13 14:00:00,0.337,0.408,2.4,2.9
2026-01-13 15:00:00,0.337,0.408,2.1,2.8
2026-01-13 16:00:00,0.338,0.406,1.8,2.6
2026-01-13 17:00:00,0.338,0.406,1.7,2.5
2026-01-13 18:00:00,0.338,0.405,1.5,2.4
2026-01-13 19:00:00,0.338,0.404,1.4,2.3
2026-01-13 20:00:00,0.338,0.402,1.2,2.2
2026-01-13 21:00:00,0.338,0.399,1.1,2.1
2026-01-13 22:00:00,0.338,0.396,1,2
2026-01-13 23:00:00,0.338,0.393,1,1.9
2026-01-14 00:00:00,0.338,0.39,0.9,1.9
2026-01-14 01:00:00,0.338,0.388,0.8,1.8
2026-01-14 02:00:00,0.338,0.387,0.8,1.8
2026-01-14 03:00:00,0.338,0.387,0.8,1.8
2026-01-14 04:00:00,0.338,0.388,0.9,1.9
2026-01-14 05:00:00,0.337,0.388,1.8,2.5
2026-01-14 06:00:00,0.335,0.388,3.4,3.5
2026-01-14 07:00:00,0.334,0.389,4.5,4.1
2026-01-14 08:00:00,0.334,0.39,4.8,4.3
2026-01-14 09:00:00,0.334,0.391,4.4,4.2
2026-01-14 10:00:00,0.334,0.391,3.9,3.8
2026-01-14 11:00:00,0.335,0.392,3.4,3.6
2026-01-14 12:00:00,0.335,0.392,3.1,3.4
2026-01-14 13:00:00,0.335,0.392,2.9,3.4
2026-01-14 14:00:00,0.335,0.392,2.8,3.3
2026-01-14 15:00:00,0.336,0.393,2.7,3.3
2026-01-14 16:00:00,0.336,0.393,2.6,3.2
2026-01-14 17:00:00,0.336,0.393,2.4,3.1
2026-01-14 18:00:00,0.336,0.393,2.4,3.1
2026-01-14 19:00:00,0.336,0.393,2.5,3.2
2026-01-14 20:00:00,0.336,0.393,2.6,3.3
2026-01-14 21:00:00,0.336,0.392,2.9,3.5
2026-01-14 22:00:00,0.335,0.392,3.4,3.8
2026-01-14 23:00:00,0.335,0.392,3.9,4.1
2026-01-15 00:00:00,0.335,0.392,4.3,4.4
2026-01-15 01:00:00,0.334,0.392,5,4.8
2026-01-15 02:00:00,0.334,0.392,6,5.5
2026-01-15 03:00:00,0.333,0.391,7.2,6.3
2026-01-15 04:00:00,0.332,0.391,8.2,7
2026-01-15 05:00:00,0.331,0.39,9.1,7.7
2026-01-15 06:00:00,0.331,0.39,9.5,8
2026-01-15 07:00:00,0.331,0.389,9.7,8.1
2026-01-15 08:00:00,0.331,0.389,9.5,7.9
2026-01-15 09:00:00,0.332,0.389,8.8,7.5
2026-01-15 10:00:00,0.333,0.389,8.1,6.9
2026-01-15 11:00:00,0.333,0.389,7.2,6.2
2026-01-15 12:00:00,0.334,0.389,6.4,5.7
2026-01-15 13:00:00,0.335,0.389,5.6,5.2
2026-01-15 14:00:00,0.335,0.389,5,4.8
2026-01-15 15:00:00,0.335,0.389,4.4,4.4
2026-01-15 16:00:00,0.336,0.388,4,4.2
2026-01-15 17:00:00,0.336,0.388,3.8,4
2026-01-15 18:00:00,0.336,0.389,3.6,4
2026-01-15 19:00:00,0.336,0.389,3.5,3.9
2026-01-15 20:00:00,0.336,0.389,3.3,3.8
2026-01-15 21:00:00,0.336,0.389,3.1,3.7
2026-01-15 22:00:00,0.336,0.389,2.9,3.6
2026-01-15 23:00:00,0.337,0.389,2.7,3.5
2026-01-16 00:00:00,0.337,0.389,2.7,3.5
2026-01-16 01:00:00,0.336,0.389,3,3.8
2026-01-16 02:00:00,0.335,0.388,4,4.3
2026-01-16 03:00:00,0.334,0.387,5.5,5.2
2026-01-16 04:00:00,0.333,0.387,7.2,6.3
2026-01-16 05:00:00,0.331,0.386,8.7,7.3
2026-01-16 06:00:00,0.331,0.386,9.9,7.9
2026-01-16 07:00:00,0.33,0.385,10.5,8.1
2026-01-16 08:00:00,0.33,0.385,10.5,7.9
2026-01-16 09:00:00,0.331,0.385,9.7,7.4
2026-01-16 10:00:00,0.332,0.385,8.6,6.7
2026-01-16 11:00:00,0.333,0.385,7.6,6
2026-01-16 12:00:00,0.333,0.385,6.6,5.4
2026-01-16 13:00:00,0.334,0.385,5.7,4.9
2026-01-16 14:00:00,0.335,0.385,5,4.5
2026-01-16 15:00:00,0.335,0.384,4.4,4.2
2026-01-16 16:00:00,0.335,0.384,3.8,3.9
2026-01-16 17:00:00,0.336,0.384,3.4,3.7
2026-01-16 18:00:00,0.336,0.384,3.1,3.5
2026-01-16 19:00:00,0.336,0.383,2.8,3.4
2026-01-16 20:00:00,0.336,0.383,2.6,3.3
2026-01-16 21:00:00,0.336,0.383,2.5,3.3
2026-01-16 22:00:00,0.336,0.384,2.5,3.3
2026-01-16 23:00:00,0.336,0.384,2.7,3.4
2026-01-17 00:00:00,0.336,0.384,2.9,3.7
2026-01-17 01:00:00,0.335,0.383,3.3,3.9
2026-01-17 02:00:00,0.335,0.383,3.9,4.4
2026-01-17 03:00:00,0.334,0.383,5.2,5.3
2026-01-17 04:00:00,0.332,0.382,6.6,6.2
2026-01-17 05:00:00,0.331,0.382,7.9,6.9
2026-01-17 06:00:00,0.331,0.381,8.8,7.3
2026-01-17 07:00:00,0.331,0.381,9.1,7.3
2026-01-17 08:00:00,0.331,0.381,8.8,7
2026-01-17 09:00:00,0.331,0.381,8,6.5
2026-01-17 10:00:00,0.332,0.381,7,5.9
2026-01-17 11:00:00,0.333,0.381,6.1,5.3
2026-01-17 12:00:00,0.334,0.381,5.2,4.8
2026-01-17 13:00:00,0.334,0.381,4.5,4.4
2026-01-17 14:00:00,0.335,0.381,3.9,4
2026-01-17 15:00:00,0.335,0.38,3.4,3.8
2026-01-17 16:00:00,0.335,0.38,3,3.5
2026-01-17 17:00:00,0.336,0.379,2.6,3.3
2026-01-17 18:00:00,0.336,0.379,2.3,3.1
2026-01-17 19:00:00,0.336,0.378,2.1,3
2026-01-17 20:00:00,0.336,0.377,1.9,2.9
2026-01-17 21:00:00,0.336,0.376,1.7,2.8
2026-01-17 22:00:00,0.336,0.375,1.6,2.6
2026-01-17 23:00:00,0.336,0.374,1.4,2.5
2026-01-18 00:00:00,0.336,0.373,1.3,2.5
2026-01-18 01:00:00,0.336,0.373,1.3,2.4
2026-01-18 02:00:00,0.336,0.373,1.3,2.4
2026-01-18 03:00:00,0.335,0.373,1.8,2.9
2026-01-18 04:00:00,0.334,0.373,3.8,4.2
2026-01-18 05:00:00,0.332,0.373,5.6,5.4
2026-01-18 06:00:00,0.331,0.373,7,6.2
2026-01-18 07:00:00,0.33,0.373,7.6,6.6
2026-01-18 08:00:00,0.33,0.373,7.7,6.6
2026-01-18 09:00:00,0.331,0.373,7.2,6.3
2026-01-18 10:00:00,0.331,0.373,6.5,5.8
2026-01-18 11:00:00,0.332,0.374,5.9,5.4
2026-01-18 12:00:00,0.332,0.374,5.3,5
2026-01-18 13:00:00,0.333,0.374,4.7,4.7
2026-01-18 14:00:00,0.333,0.374,4.3,4.4
2026-01-18 15:00:00,0.333,0.374,3.9,4.2
2026-01-18 16:00:00,0.334,0.374,3.6,4
2026-01-18 17:00:00,0.334,0.374,3.3,3.9
2026-01-18 18:00:00,0.334,0.374,3.1,3.8
2026-01-18 19:00:00,0.334,0.374,2.9,3.7
2026-01-18 20:00:00,0.334,0.374,2.9,3.6
2026-01-18 21:00:00,0.334,0.374,2.9,3.7
2026-01-18 22:00:00,0.334,0.374,3,3.8
2026-01-18 23:00:00,0.334,0.374,3.1,3.8
2026-01-19 00:00:00,0.334,0.374,3.1,3.8
2026-01-19 01:00:00,0.334,0.374,3.1,3.8
2026-01-19 02:00:00,0.334,0.374,3.2,4
2026-01-19 03:00:00,0.334,0.374,3.4,4.2
2026-01-19 04:00:00,0.333,0.374,3.5,4.3
2026-01-19 05:00:00,0.333,0.373,3.5,4.3
2026-01-19 06:00:00,0.333,0.373,3.7,4.3
2026-01-19 07:00:00,0.333,0.373,3.7,4.3
2026-01-19 08:00:00,0.333,0.373,3.4,4
2026-01-19 09:00:00,0.334,0.373,3.1,3.7
2026-01-19 10:00:00,0.334,0.373,2.7,3.4
2026-01-19 11:00:00,0.334,0.373,2.4,3.2
2026-01-19 12:00:00,0.334,0.373,2.2,3
2026-01-19 13:00:00,0.335,0.373,2,2.9
2026-01-19 14:00:00,0.335,0.372,1.8,2.7
2026-01-19 15:00:00,0.335,0.371,1.7,2.6
2026-01-19 16:00:00,0.335,0.371,1.6,2.5
2026-01-19 17:00:00,0.335,0.37,1.4,2.4
2026-01-19 18:00:00,0.335,0.369,1.3,2.3
2026-01-19 19:00:00,0.335,0.369,1.2,2.2
2026-01-19 20:00:00,0.335,0.368,1.2,2.2
2026-01-19 21:00:00,0.334,0.367,1.1,2.1
2026-01-19 22:00:00,0.334,0.367,1,2.1
2026-01-19 23:00:00,0.334,0.366,1,2
2026-01-20 00:00:00,0.334,0.365,0.9,2
2026-01-20 01:00:00,0.334,0.365,0.9,1.9
2026-01-20 02:00:00,0.334,0.365,0.9,1.9
2026-01-20 03:00:00,0.334,0.366,0.9,1.9
2026-01-20 04:00:00,0.334,0.366,1.2,2
2026-01-20 05:00:00,0.333,0.366,2.1,2.6
2026-01-20 06:00:00,0.332,0.366,3,3.1
2026-01-20 07:00:00,0.331,0.366,3.5,3.3
2026-01-20 08:00:00,0.331,0.367,3.5,3.2
2026-01-20 09:00:00,0.332,0.367,3.1,2.9
2026-01-20 10:00:00,0.332,0.367,2.6,2.7
2026-01-20 11:00:00,0.332,0.367,2.1,2.5
2026-01-20 12:00:00,0.333,0.366,1.8,2.4
2026-01-20 13:00:00,0.333,0.366,1.6,2.3
2026-01-20 14:00:00,0.333,0.365,1.4,2.1
2026-01-20 15:00:00,0.333,0.364,1.2,2.1
2026-01-20 16:00:00,0.333,0.364,1.1,2
2026-01-20 17:00:00,0.333,0.364,1,1.9
2026-01-20 18:00:00,0.333,0.364,0.9,1.9
2026-01-20 19:00:00,0.333,0.363,0.9,1.8
2026-01-20 20:00:00,0.333,0.364,0.8,1.8
2026-01-20 21:00:00,0.333,0.364,0.8,1.8
2026-01-20 22:00:00,0.333,0.364,0.7,1.8
2026-01-20 23:00:00,0.333,0.364,0.7,1.8
2026-01-21 00:00:00,0.333,0.364,0.7,1.8
2026-01-21 01:00:00,0.333,0.364,0.7,1.8
2026-01-21 02:00:00,0.332,0.364,0.7,1.8
2026-01-21 03:00:00,0.332,0.365,0.7,1.7
2026-01-21 04:00:00,0.332,0.365,0.7,1.8
2026-01-21 05:00:00,0.332,0.365,0.8,1.8
2026-01-21 06:00:00,0.332,0.366,0.8,1.8
2026-01-21 07:00:00,0.332,0.366,0.8,1.8
2026-01-21 08:00:00,0.332,0.366,0.9,1.8
2026-01-21 09:00:00,0.332,0.367,0.9,1.9
2026-01-21 10:00:00,0.332,0.367,0.9,1.9
2026-01-21 11:00:00,0.332,0.367,0.9,1.9
2026-01-21 12:00:00,0.332,0.367,0.8,1.9
2026-01-21 13:00:00,0.332,0.368,0.8,2
2026-01-21 14:00:00,0.332,0.368,0.8,2
2026-01-21 15:00:00,0.332,0.368,0.8,2
2026-01-21 16:00:00,0.332,0.368,0.8,2
2026-01-21 17:00:00,0.332,0.369,0.8,2.1
2026-01-21 18:00:00,0.332,0.369,0.8,2.1
2026-01-21 19:00:00,0.332,0.369,0.7,2.1
2026-01-21 20:00:00,0.332,0.369,0.7,2.1
2026-01-21 21:00:00,0.332,0.369,0.7,2.1
2026-01-21 22:00:00,0.332,0.369,0.7,2.1
2026-01-21 23:00:00,0.332,0.369,0.7,2.1
2026-01-22 00:00:00,0.332,0.369,0.7,2.1
2026-01-22 01:00:00,0.333,0.37,0.7,2.1
2026-01-22 02:00:00,0.333,0.37,0.7,2.1
2026-01-22 03:00:00,0.333,0.37,0.7,2.1
2026-01-22 04:00:00,0.333,0.37,1.1,2.1
2026-01-22 05:00:00,0.332,0.37,2.1,2.3
2026-01-22 06:00:00,0.331,0.37,3.1,2.7
2026-01-22 07:00:00,0.33,0.371,3.5,2.9
2026-01-22 08:00:00,0.33,0.371,3.3,2.9
2026-01-22 09:00:00,0.331,0.372,2.9,2.8
2026-01-22 10:00:00,0.331,0.372,2.4,2.6
2026-01-22 11:00:00,0.331,0.373,2,2.4
2026-01-22 12:00:00,0.332,0.373,1.7,2.4
2026-01-22 13:00:00,0.332,0.373,1.5,2.3
2026-01-22 14:00:00,0.332,0.373,1.4,2.2
2026-01-22 15:00:00,0.332,0.373,1.2,2.1
2026-01-22 16:00:00,0.332,0.372,1.1,2.1
2026-01-22 17:00:00,0.332,0.372,1,2
2026-01-22 18:00:00,0.332,0.372,0.9,2
2026-01-22 19:00:00,0.332,0.372,0.9,2
2026-01-22 20:00:00,0.332,0.372,0.8,2
2026-01-22 21:00:00,0.332,0.372,0.8,1.9
2026-01-22 22:00:00,0.332,0.372,0.8,1.9
2026-01-22 23:00:00,0.332,0.372,0.7,1.9
2026-01-23 00:00:00,0.332,0.372,0.7,1.9
2026-01-23 01:00:00,0.333,0.371,0.7,1.9
2026-01-23 02:00:00,0.333,0.372,0.7,1.9
2026-01-23 03:00:00,0.333,0.372,0.8,2
2026-01-23 04:00:00,0.332,0.372,1.8,2.5
2026-01-23 05:00:00,0.331,0.372,2.9,3.3
2026-01-23 06:00:00,0.33,0.373,3.9,4.1
2026-01-23 07:00:00,0.33,0.373,4,4.2
2026-01-23 08:00:00,0.33,0.374,3.9,4.2
2026-01-23 09:00:00,0.33,0.375,3.6,4
2026-01-23 10:00:00,0.331,0.375,3.1,3.7
2026-01-23 11:00:00,0.331,0.376,2.8,3.5
2026-01-23 12:00:00,0.331,0.376,2.4,3.3
2026-01-23 13:00:00,0.332,0.377,2.2,3.1
2026-01-23 14:00:00,0.332,0.377,2,2.9
2026-01-23 15:00:00,0.332,0.378,1.7,2.7
2026-01-23 16:00:00,0.332,0.378,1.6,2.5
2026-01-23 17:00:00,0.332,0.378,1.4,2.4
2026-01-23 18:00:00,0.332,0.378,1.3,2.3
2026-01-23 19:00:00,0.332,0.378,1.2,2.2
2026-01-23 20:00:00,0.332,0.378,1.1,2.2
2026-01-23 21:00:00,0.333,0.378,1,2.1
2026-01-23 22:00:00,0.333,0.377,1,2
2026-01-23 23:00:00,0.333,0.377,0.9,2
2026-01-24 00:00:00,0.333,0.377,0.9,2
2026-01-24 01:00:00,0.333,0.377,0.9,2
2026-01-24 02:00:00,0.333,0.377,0.9,2
2026-01-24 03:00:00,0.333,0.377,1.4,2.5
2026-01-24 04:00:00,0.331,0.377,2.5,3.4
2026-01-24 05:00:00,0.331,0.377,3.5,4.1
2026-01-24 06:00:00,0.33,0.377,4,4.3
2026-01-24 07:00:00,0.33,0.377,4.3,4.5
2026-01-24 08:00:00,0.33,0.377,4.3,4.3
2026-01-24 09:00:00,0.33,0.377,3.8,3.9
2026-01-24 10:00:00,0.331,0.378,3.2,3.4
2026-01-24 11:00:00,0.331,0.378,2.7,3.1
2026-01-24 12:00:00,0.332,0.378,2.3,2.8
2026-01-24 13:00:00,0.332,0.377,1.9,2.6
2026-01-24 14:00:00,0.332,0.377,1.6,2.4
2026-01-24 15:00:00,0.332,0.375,1.4,2.3
2026-01-24 16:00:00,0.332,0.374,1.2,2.1
2026-01-24 17:00:00,0.332,0.373,1.1,2
2026-01-24 18:00:00,0.332,0.372,1,1.9
2026-01-24 19:00:00,0.332,0.371,0.9,1.9
2026-01-24 20:00:00,0.332,0.371,0.8,1.8
2026-01-24 21:00:00,0.332,0.371,0.7,1.8
2026-01-24 22:00:00,0.332,0.37,0.7,1.8
2026-01-24 23:00:00,0.332,0.369,0.7,1.7
2026-01-25 00:00:00,0.331,0.368,0.6,1.7
2026-01-25 01:00:00,0.331,0.368,0.6,1.6
2026-01-25 02:00:00,0.332,0.368,0.6,1.6
2026-01-25 03:00:00,0.331,0.369,0.6,1.6
2026-01-25 04:00:00,0.331,0.369,0.8,1.8
2026-01-25 05:00:00,0.331,0.369,1.3,2.5
2026-01-25 06:00:00,0.33,0.369,2.4,3.2
2026-01-25 07:00:00,0.329,0.369,3.2,3.6
2026-01-25 08:00:00,0.329,0.369,3.5,3.6
2026-01-25 09:00:00,0.329,0.37,3.2,3.3
2026-01-25 10:00:00,0.33,0.371,2.7,2.9
2026-01-25 11:00:00,0.33,0.371,2.2,2.7
2026-01-25 12:00:00,0.33,0.371,1.9,2.4
2026-01-25 13:00:00,0.331,0.37,1.6,2.3
2026-01-25 14:00:00,0.331,0.369,1.4,2.1
2026-01-25 15:00:00,0.331,0.369,1.2,2
2026-01-25 16:00:00,0.331,0.367,1,1.9
2026-01-25 17:00:00,0.331,0.366,0.9,1.8
2026-01-25 18:00:00,0.331,0.365,0.8,1.7
2026-01-25 19:00:00,0.331,0.364,0.7,1.6
2026-01-25 20:00:00,0.33,0.363,0.6,1.5
2026-01-25 21:00:00,0.33,0.362,0.5,1.5
2026-01-25 22:00:00,0.33,0.361,0.5,1.4
2026-01-25 23:00:00,0.329,0.36,0.4,1.4
2026-01-26 00:00:00,0.328,0.359,0.3,1.3
2026-01-26 01:00:00,0.328,0.359,0.3,1.3
2026-01-26 02:00:00,0.327,0.359,0.3,1.3
2026-01-26 03:00:00,0.326,0.36,0.3,1.3
2026-01-26 04:00:00,0.326,0.36,0.3,1.3
2026-01-26 05:00:00,0.326,0.36,0.4,1.3
2026-01-26 06:00:00,0.326,0.361,0.4,1.3
2026-01-26 07:00:00,0.326,0.362,0.4,1.3
2026-01-26 08:00:00,0.326,0.362,0.4,1.3
2026-01-26 09:00:00,0.326,0.363,0.5,1.3
2026-01-26 10:00:00,0.327,0.363,0.5,1.3
2026-01-26 11:00:00,0.327,0.364,0.5,1.4
2026-01-26 12:00:00,0.327,0.364,0.5,1.4
2026-01-26 13:00:00,0.327,0.364,0.5,1.4
2026-01-26 14:00:00,0.327,0.364,0.5,1.4
2026-01-26 15:00:00,0.327,0.365,0.5,1.4
2026-01-26 16:00:00,0.327,0.365,0.5,1.4
2026-01-26 17:00:00,0.327,0.365,0.5,1.4
2026-01-26 18:00:00,0.327,0.365,0.5,1.4
2026-01-26 19:00:00,0.327,0.365,0.5,1.4
2026-01-26 20:00:00,0.327,0.365,0.5,1.5
2026-01-26 21:00:00,0.327,0.364,0.5,1.5
2026-01-26 22:00:00,0.327,0.364,0.5,1.5
2026-01-26 23:00:00,0.327,0.364,0.5,1.5
2026-01-27 00:00:00,0.327,0.364,0.5,1.5
2026-01-27 01:00:00,0.327,0.364,0.5,1.5
2026-01-27 02:00:00,0.327,0.365,0.5,1.5
2026-01-27 03:00:00,0.327,0.365,0.5,1.8
2026-01-27 04:00:00,0.327,0.365,0.7,2.6
2026-01-27 05:00:00,0.327,0.364,1.1,3.4
2026-01-27 06:00:00,0.326,0.365,2.1,3.8
2026-01-27 07:00:00,0.326,0.365,2.8,3.9
2026-01-27 08:00:00,0.326,0.365,2.9,3.7
2026-01-27 09:00:00,0.326,0.365,2.7,3.3
2026-01-27 10:00:00,0.327,0.366,2.3,2.9
2026-01-27 11:00:00,0.327,0.366,1.9,2.6
2026-01-27 12:00:00,0.327,0.366,1.6,2.4
2026-01-27 13:00:00,0.328,0.365,1.4,2.2
2026-01-27 14:00:00,0.328,0.365,1.2,2.1
2026-01-27 15:00:00,0.328,0.364,1.1,2
2026-01-27 16:00:00,0.328,0.363,1,1.9
2026-01-27 17:00:00,0.328,0.363,0.9,1.8
2026-01-27 18:00:00,0.328,0.362,0.8,1.7
2026-01-27 19:00:00,0.328,0.361,0.7,1.6
2026-01-27 20:00:00,0.328,0.361,0.7,1.6
2026-01-27 21:00:00,0.328,0.36,0.6,1.5
2026-01-27 22:00:00,0.328,0.36,0.6,1.4
2026-01-27 23:00:00,0.328,0.359,0.5,1.4
2026-01-28 00:00:00,0.328,0.359,0.5,1.4
2026-01-28 01:00:00,0.328,0.359,0.5,1.3
2026-01-28 02:00:00,0.328,0.359,0.5,1.3
2026-01-28 03:00:00,0.328,0.359,0.5,1.3
2026-01-28 04:00:00,0.328,0.359,0.6,1.3
2026-01-28 05:00:00,0.327,0.36,1.2,1.6
2026-01-28 06:00:00,0.326,0.36,2.3,2.3
2026-01-28 07:00:00,0.325,0.36,3.1,2.8
2026-01-28 08:00:00,0.325,0.361,3.3,2.8
2026-01-28 09:00:00,0.326,0.361,3.1,2.6
2026-01-28 10:00:00,0.326,0.361,2.6,2.4
2026-01-28 11:00:00,0.326,0.362,2.1,2.2
2026-01-28 12:00:00,0.327,0.361,1.7,2
2026-01-28 13:00:00,0.327,0.361,1.5,1.9
2026-01-28 14:00:00,0.327,0.36,1.2,1.8
2026-01-28 15:00:00,0.327,0.36,1.1,1.7
2026-01-28 16:00:00,0.327,0.359,1,1.6
2026-01-28 17:00:00,0.328,0.358,0.9,1.5
2026-01-28 18:00:00,0.328,0.358,0.7,1.4
2026-01-28 19:00:00,0.328,0.357,0.7,1.4
2026-01-28 20:00:00,0.328,0.356,0.6,1.3
2026-01-28 21:00:00,0.327,0.355,0.5,1.3
2026-01-28 22:00:00,0.327,0.354,0.5,1.2
2026-01-28 23:00:00,0.327,0.354,0.4,1.2
2026-01-29 00:00:00,0.326,0.353,0.4,1.1
2026-01-29 01:00:00,0.326,0.353,0.3,1.1
2026-01-29 02:00:00,0.325,0.353,0.3,1.1
2026-01-29 03:00:00,0.325,0.353,0.3,1.1
2026-01-29 04:00:00,0.325,0.354,0.3,1.1
2026-01-29 05:00:00,0.325,0.354,0.4,1.1
2026-01-29 06:00:00,0.325,0.355,0.5,1.2
2026-01-29 07:00:00,0.325,0.355,0.6,1.3
2026-01-29 08:00:00,0.325,0.356,0.7,1.4
2026-01-29 09:00:00,0.326,0.357,0.8,1.5
2026-01-29 10:00:00,0.326,0.357,0.8,1.5
2026-01-29 11:00:00,0.326,0.357,0.7,1.5
2026-01-29 12:00:00,0.326,0.357,0.7,1.5
2026-01-29 13:00:00,0.326,0.357,0.7,1.4
2026-01-29 14:00:00,0.326,0.356,0.6,1.4
2026-01-29 15:00:00,0.326,0.356,0.6,1.4
2026-01-29 16:00:00,0.326,0.355,0.6,1.3
2026-01-29 17:00:00,0.326,0.355,0.5,1.3
2026-01-29 18:00:00,0.326,0.354,0.5,1.2
2026-01-29 19:00:00,0.326,0.353,0.4,1.2
2026-01-29 20:00:00,0.326,0.353,0.4,1.2
2026-01-29 21:00:00,0.325,0.352,0.3,1.1
2026-01-29 22:00:00,0.325,0.352,0.3,1.1
2026-01-29 23:00:00,0.324,0.351,0.2,1.1
2026-01-30 00:00:00,0.323,0.351,0.2,1.1
2026-01-30 01:00:00,0.323,0.351,0.2,1
2026-01-30 02:00:00,0.322,0.351,0.2,1
2026-01-30 03:00:00,0.321,0.351,0.2,1.1
2026-01-30 04:00:00,0.321,0.351,0.2,1.1
2026-01-30 05:00:00,0.321,0.352,0.3,1.1
2026-01-30 06:00:00,0.321,0.352,0.3,1.1
2026-01-30 07:00:00,0.322,0.352,0.4,1.1
2026-01-30 08:00:00,0.322,0.353,0.4,1.1
2026-01-30 09:00:00,0.322,0.353,0.5,1.2
2026-01-30 10:00:00,0.322,0.354,0.5,1.2
2026-01-30 11:00:00,0.322,0.354,0.5,1.3
2026-01-30 12:00:00,0.322,0.354,0.5,1.3
2026-01-30 13:00:00,0.323,0.354,0.5,1.2
2026-01-30 14:00:00,0.323,0.353,0.5,1.2
2026-01-30 15:00:00,0.323,0.353,0.5,1.2
2026-01-30 16:00:00,0.323,0.352,0.5,1.2
2026-01-30 17:00:00,0.323,0.352,0.4,1.1
2026-01-30 18:00:00,0.323,0.351,0.3,1.1
2026-01-30 19:00:00,0.322,0.35,0.2,1.1
2026-01-30 20:00:00,0.321,0.349,0.1,1
2026-01-30 21:00:00,0.32,0.348,0.1,1
2026-01-30 22:00:00,0.319,0.347,0.1,0.9
2026-01-30 23:00:00,0.316,0.346,0,0.9
2026-01-31 00:00:00,0.312,0.345,-0,0.9
2026-01-31 01:00:00,0.307,0.345,0,0.9
2026-01-31 02:00:00,0.303,0.345,0,0.9
2026-01-31 03:00:00,0.303,0.345,0.1,0.9
2026-01-31 04:00:00,0.304,0.345,0.1,0.9
2026-01-31 05:00:00,0.305,0.346,0.2,0.9
2026-01-31 06:00:00,0.308,0.346,0.3,0.9
2026-01-31 07:00:00,0.314,0.346,0.4,1
2026-01-31 08:00:00,0.318,0.347,0.5,1.1
2026-01-31 09:00:00,0.319,0.347,0.7,1.2
2026-01-31 10:00:00,0.32,0.348,0.7,1.3
2026-01-31 11:00:00,0.321,0.348,0.7,1.3
2026-01-31 12:00:00,0.321,0.349,0.7,1.3
2026-01-31 13:00:00,0.321,0.349,0.6,1.2
2026-01-31 14:00:00,0.321,0.349,0.6,1.2
2026-01-31 15:00:00,0.321,0.349,0.6,1.2
2026-01-31 16:00:00,0.321,0.348,0.5,1.2
2026-01-31 17:00:00,0.321,0.348,0.5,1.2
2026-01-31 18:00:00,0.321,0.348,0.5,1.2
2026-01-31 19:00:00,0.321,0.348,0.5,1.2
2026-01-31 20:00:00,0.321,0.348,0.5,1.2
2026-01-31 21:00:00,0.321,0.347,0.4,1.1
2026-01-31 22:00:00,0.321,0.347,0.4,1.1
2026-01-31 23:00:00,0.321,0.347,0.4,1.1
2026-02-01 00:00:00,0.321,0.346,0.4,1.1
2026-02-01 01:00:00,0.321,0.346,0.3,1.1
2026-02-01 02:00:00,0.321,0.347,0.3,1.1
2026-02-01 03:00:00,0.32,0.347,0.4,1.1
2026-02-01 04:00:00,0.32,0.347,0.6,1.3
2026-02-01 05:00:00,0.32,0.348,1.4,2
2026-02-01 06:00:00,0.319,0.348,2.3,2.7
2026-02-01 07:00:00,0.319,0.348,2.9,3
2026-02-01 08:00:00,0.319,0.349,3.1,3
2026-02-01 09:00:00,0.319,0.349,2.8,2.7
2026-02-01 10:00:00,0.32,0.349,2.4,2.4
2026-02-01 11:00:00,0.32,0.35,1.9,2.2
2026-02-01 12:00:00,0.321,0.35,1.5,2
2026-02-01 13:00:00,0.321,0.349,1.2,1.9
2026-02-01 14:00:00,0.322,0.349,1,1.7
2026-02-01 15:00:00,0.322,0.349,0.9,1.6
2026-02-01 16:00:00,0.322,0.348,0.8,1.5
2026-02-01 17:00:00,0.322,0.347,0.7,1.5
2026-02-01 18:00:00,0.322,0.347,0.6,1.4
2026-02-01 19:00:00,0.322,0.347,0.6,1.3
2026-02-01 20:00:00,0.322,0.346,0.6,1.3
2026-02-01 21:00:00,0.322,0.346,0.5,1.3
2026-02-01 22:00:00,0.322,0.346,0.5,1.3
2026-02-01 23:00:00,0.322,0.346,0.5,1.3
2026-02-02 00:00:00,0.322,0.347,0.5,1.2
2026-02-02 01:00:00,0.322,0.347,0.5,1.2
2026-02-02 02:00:00,0.322,0.347,0.5,1.2
2026-02-02 03:00:00,0.322,0.347,0.5,1.2
2026-02-02 04:00:00,0.322,0.347,0.5,1.2
2026-02-02 05:00:00,0.322,0.348,0.6,1.2
2026-02-02 06:00:00,0.322,0.348,0.7,1.2
2026-02-02 07:00:00,0.322,0.349,1,1.3
2026-02-02 08:00:00,0.321,0.35,1.2,1.4
2026-02-02 09:00:00,0.321,0.35,1.1,1.5
2026-02-02 10:00:00,0.321,0.351,1,1.4
2026-02-02 11:00:00,0.322,0.351,0.9,1.4
2026-02-02 12:00:00,0.322,0.351,0.8,1.4
2026-02-02 13:00:00,0.322,0.351,0.7,1.4
2026-02-02 14:00:00,0.322,0.351,0.7,1.4
2026-02-02 15:00:00,0.322,0.351,0.6,1.4
2026-02-02 16:00:00,0.322,0.35,0.6,1.3
2026-02-02 17:00:00,0.322,0.35,0.5,1.3
2026-02-02 18:00:00,0.322,0.349,0.5,1.3
2026-02-02 19:00:00,0.322,0.349,0.5,1.2
2026-02-02 20:00:00,0.322,0.348,0.4,1.2
2026-02-02 21:00:00,0.321,0.347,0.4,1.2
2026-02-02 22:00:00,0.321,0.347,0.3,1.1
2026-02-02 23:00:00,0.32,0.346,0.3,1.1
2026-02-03 00:00:00,0.32,0.346,0.2,1.1
2026-02-03 01:00:00,0.319,0.346,0.2,1
2026-02-03 02:00:00,0.318,0.346,0.2,1
2026-02-03 03:00:00,0.318,0.346,0.2,1
2026-02-03 04:00:00,0.318,0.347,0.3,1.1
2026-02-03 05:00:00,0.318,0.347,0.8,1.8
2026-02-03 06:00:00,0.317,0.347,2.2,2.7
2026-02-03 07:00:00,0.317,0.348,3.2,3.3
2026-02-03 08:00:00,0.317,0.348,3.5,3.4
2026-02-03 09:00:00,0.318,0.349,3.2,3.3
2026-02-03 10:00:00,0.318,0.349,2.8,2.9
2026-02-03 11:00:00,0.319,0.35,2.3,2.6
2026-02-03 12:00:00,0.319,0.35,1.9,2.4
2026-02-03 13:00:00,0.32,0.35,1.6,2.2
2026-02-03 14:00:00,0.32,0.35,1.4,2.1
2026-02-03 15:00:00,0.321,0.35,1.2,2
2026-02-03 16:00:00,0.321,0.351,1.1,1.9
2026-02-03 17:00:00,0.321,0.35,1,1.8
2026-02-03 18:00:00,0.321,0.35,0.9,1.7
2026-02-03 19:00:00,0.321,0.35,0.8,1.7
2026-02-03 20:00:00,0.321,0.35,0.7,1.6
2026-02-03 21:00:00,0.321,0.349,0.7,1.5
2026-02-03 22:00:00,0.321,0.349,0.6,1.5
2026-02-03 23:00:00,0.321,0.348,0.6,1.4
2026-02-04 00:00:00,0.321,0.348,0.5,1.4
2026-02-04 01:00:00,0.322,0.348,0.5,1.3
2026-02-04 02:00:00,0.322,0.348,0.5,1.3
2026-02-04 03:00:00,0.322,0.349,0.5,1.3
2026-02-04 04:00:00,0.322,0.348,1.2,2.1
2026-02-04 05:00:00,0.32,0.348,3.2,3.3
2026-02-04 06:00:00,0.318,0.348,4.8,4.4
2026-02-04 07:00:00,0.318,0.348,5.8,5
2026-02-04 08:00:00,0.318,0.348,5.8,5.1
2026-02-04 09:00:00,0.318,0.349,5.3,4.8
2026-02-04 10:00:00,0.319,0.349,4.5,4.4
2026-02-04 11:00:00,0.32,0.349,3.7,3.8
2026-02-04 12:00:00,0.321,0.35,3,3.4
2026-02-04 13:00:00,0.321,0.35,2.5,3.1
2026-02-04 14:00:00,0.322,0.35,2.2,2.8
2026-02-04 15:00:00,0.322,0.35,2,2.7
2026-02-04 16:00:00,0.322,0.351,1.9,2.7
2026-02-04 17:00:00,0.322,0.35,1.9,2.7
2026-02-04 18:00:00,0.322,0.351,1.8,2.6
2026-02-04 19:00:00,0.322,0.351,1.7,2.6
2026-02-04 20:00:00,0.322,0.351,1.5,2.5
2026-02-04 21:00:00,0.323,0.351,1.4,2.4
2026-02-04 22:00:00,0.323,0.351,1.2,2.3
2026-02-04 23:00:00,0.323,0.351,1.2,2.2
2026-02-05 00:00:00,0.323,0.351,1.3,2.3
2026-02-05 01:00:00,0.322,0.351,1.9,2.8
2026-02-05 02:00:00,0.321,0.35,3.1,3.5
2026-02-05 03:00:00,0.32,0.349,4.9,4.6
2026-02-05 04:00:00,0.319,0.349,6.6,5.7
2026-02-05 05:00:00,0.318,0.348,7.9,6.6
2026-02-05 06:00:00,0.317,0.348,8.9,7.2
2026-02-05 07:00:00,0.317,0.348,9.4,7.4
2026-02-05 08:00:00,0.317,0.347,9.2,7.3
2026-02-05 09:00:00,0.318,0.348,8.5,6.9
2026-02-05 10:00:00,0.319,0.348,7.6,6.4
2026-02-05 11:00:00,0.319,0.348,6.9,5.9
2026-02-05 12:00:00,0.32,0.348,6.2,5.6
2026-02-05 13:00:00,0.321,0.348,5.7,5.2
2026-02-05 14:00:00,0.321,0.349,5.1,4.9
2026-02-05 15:00:00,0.322,0.349,4.6,4.6
2026-02-05 16:00:00,0.322,0.349,4.2,4.3
2026-02-05 17:00:00,0.322,0.349,3.7,4
2026-02-05 18:00:00,0.322,0.349,3.3,3.7
2026-02-05 19:00:00,0.323,0.349,2.9,3.5
2026-02-05 20:00:00,0.323,0.349,2.5,3.3
2026-02-05 21:00:00,0.323,0.349,2.2,3.1
2026-02-05 22:00:00,0.323,0.349,1.9,2.9
2026-02-05 23:00:00,0.324,0.349,1.7,2.7
2026-02-06 00:00:00,0.324,0.349,1.6,2.6
2026-02-06 01:00:00,0.324,0.349,1.7,2.6
2026-02-06 02:00:00,0.323,0.349,2.4,2.8
2026-02-06 03:00:00,0.322,0.349,3.4,3.5
2026-02-06 04:00:00,0.321,0.348,4.5,4.3
2026-02-06 05:00:00,0.32,0.348,5.7,5
2026-02-06 06:00:00,0.32,0.347,6.3,5.4
2026-02-06 07:00:00,0.32,0.347,6.4,5.3
2026-02-06 08:00:00,0.32,0.347,5.8,5
2026-02-06 09:00:00,0.321,0.347,5,4.5
2026-02-06 10:00:00,0.321,0.347,4.2,3.9
2026-02-06 11:00:00,0.322,0.347,3.4,3.5
2026-02-06 12:00:00,0.322,0.347,2.8,3.2
2026-02-06 13:00:00,0.323,0.347,2.4,2.9
2026-02-06 14:00:00,0.323,0.347,2.1,2.7
2026-02-06 15:00:00,0.323,0.347,1.9,2.6
2026-02-06 16:00:00,0.323,0.347,1.7,2.4
2026-02-06 17:00:00,0.323,0.347,1.5,2.3
2026-02-06 18:00:00,0.323,0.346,1.4,2.2
2026-02-06 19:00:00,0.323,0.346,1.3,2.1
2026-02-06 20:00:00,0.323,0.346,1.2,2
2026-02-06 21:00:00,0.323,0.346,1.1,2
2026-02-06 22:00:00,0.323,0.346,1,1.9
2026-02-06 23:00:00,0.323,0.345,0.9,1.8
2026-02-07 00:00:00,0.323,0.345,0.8,1.7
2026-02-07 01:00:00,0.323,0.345,0.8,1.7
2026-02-07 02:00:00,0.323,0.346,0.8,1.7
2026-02-07 03:00:00,0.323,0.346,0.9,1.7
2026-02-07 04:00:00,0.323,0.346,1,1.8
2026-02-07 05:00:00,0.323,0.346,1.4,2.1
2026-02-07 06:00:00,0.322,0.346,2.1,2.6
2026-02-07 07:00:00,0.322,0.346,2.7,2.9
2026-02-07 08:00:00,0.322,0.346,2.7,2.9
2026-02-07 09:00:00,0.322,0.346,2.2,2.6
2026-02-07 10:00:00,0.323,0.346,1.8,2.4
2026-02-07 11:00:00,0.323,0.346,1.5,2.2
2026-02-07 12:00:00,0.323,0.346,1.3,2.1
2026-02-07 13:00:00,0.323,0.346,1.2,2
2026-02-07 14:00:00,0.323,0.346,1.1,1.9
2026-02-07 15:00:00,0.323,0.346,1,1.9
2026-02-07 16:00:00,0.323,0.346,1,1.8
2026-02-07 17:00:00,0.323,0.346,1,1.8
2026-02-07 18:00:00,0.323,0.346,0.9,1.8
2026-02-07 19:00:00,0.323,0.347,0.9,1.8
2026-02-07 20:00:00,0.323,0.347,0.9,1.8
2026-02-07 21:00:00,0.323,0.347,0.9,1.8
2026-02-07 22:00:00,0.323,0.347,0.9,1.8
2026-02-07 23:00:00,0.323,0.347,0.9,1.8
2026-02-08 00:00:00,0.323,0.347,0.9,1.8
2026-02-08 01:00:00,0.323,0.347,0.9,1.9
2026-02-08 02:00:00,0.323,0.347,0.9,1.9
2026-02-08 03:00:00,0.323,0.347,0.9,1.9
2026-02-08 04:00:00,0.324,0.348,1,1.9
2026-02-08 05:00:00,0.324,0.348,1.1,1.9
2026-02-08 06:00:00,0.324,0.348,1.4,1.9
2026-02-08 07:00:00,0.324,0.348,1.6,2
2026-02-08 08:00:00,0.323,0.349,1.7,2
2026-02-08 09:00:00,0.324,0.349,1.6,2
2026-02-08 10:00:00,0.324,0.349,1.4,2
2026-02-08 11:00:00,0.323,0.349,1.2,1.9
2026-02-08 12:00:00,0.323,0.349,1.1,1.9
2026-02-08 13:00:00,0.323,0.35,1,1.9
2026-02-08 14:00:00,0.324,0.35,0.9,1.8
2026-02-08 15:00:00,0.324,0.35,0.9,1.8
2026-02-08 16:00:00,0.324,0.35,0.8,1.8
2026-02-08 17:00:00,0.324,0.35,0.7,1.8
2026-02-08 18:00:00,0.324,0.35,0.7,1.8
2026-02-08 19:00:00,0.323,0.35,0.7,1.7
2026-02-08 20:00:00,0.323,0.35,0.6,1.7
2026-02-08 21:00:00,0.323,0.35,0.6,1.7
2026-02-08 22:00:00,0.323,0.35,0.6,1.7
2026-02-08 23:00:00,0.323,0.35,0.5,1.6
2026-02-09 00:00:00,0.323,0.349,0.5,1.6
2026-02-09 01:00:00,0.323,0.349,0.5,1.6
2026-02-09 02:00:00,0.323,0.349,0.5,1.6
2026-02-09 03:00:00,0.323,0.35,0.6,1.6
2026-02-09 04:00:00,0.323,0.35,1.7,1.9
2026-02-09 05:00:00,0.321,0.35,3.6,2.9
2026-02-09 06:00:00,0.32,0.35,5.1,4
2026-02-09 07:00:00,0.319,0.35,5.8,4.6
2026-02-09 08:00:00,0.319,0.351,5.8,4.6
2026-02-09 09:00:00,0.32,0.352,5.2,4.3
2026-02-09 10:00:00,0.321,0.352,4.4,3.8
2026-02-09 11:00:00,0.321,0.353,3.6,3.3
2026-02-09 12:00:00,0.322,0.353,3,3
2026-02-09 13:00:00,0.322,0.353,2.6,2.7
2026-02-09 14:00:00,0.323,0.354,2.2,2.5
2026-02-09 15:00:00,0.323,0.354,1.9,2.3
2026-02-09 16:00:00,0.323,0.354,1.6,2.2
2026-02-09 17:00:00,0.323,0.353,1.4,2.1
2026-02-09 18:00:00,0.323,0.353,1.3,2
2026-02-09 19:00:00,0.323,0.353,1.2,1.9
2026-02-09 20:00:00,0.324,0.353,1.1,1.9
2026-02-09 21:00:00,0.324,0.353,1,1.8
2026-02-09 22:00:00,0.324,0.353,0.9,1.8
2026-02-09 23:00:00,0.324,0.353,0.9,1.8
2026-02-10 00:00:00,0.324,0.353,0.9,1.7
2026-02-10 01:00:00,0.324,0.353,0.9,1.7
2026-02-10 02:00:00,0.324,0.353,0.9,1.7
2026-02-10 03:00:00,0.324,0.354,0.9,1.8
2026-02-10 04:00:00,0.324,0.354,1.3,2.1
2026-02-10 05:00:00,0.324,0.355,1.8,2.5
2026-02-10 06:00:00,0.324,0.373,2.2,2.8
2026-02-10 07:00:00,0.323,0.386,2.4,3
2026-02-10 08:00:00,0.323,0.389,2.5,3
2026-02-10 09:00:00,0.323,0.389,2.4,3
2026-02-10 10:00:00,0.324,0.388,2.4,3
2026-02-10 11:00:00,0.324,0.387,2.3,3
2026-02-10 12:00:00,0.324,0.385,2.3,2.9
2026-02-10 13:00:00,0.324,0.385,2.2,2.9
2026-02-10 14:00:00,0.324,0.386,2.2,2.9
2026-02-10 15:00:00,0.324,0.386,2.1,2.9
2026-02-10 16:00:00,0.324,0.385,2.1,2.8
2026-02-10 17:00:00,0.325,0.384,2,2.8
2026-02-10 18:00:00,0.325,0.384,2,2.8
2026-02-10 19:00:00,0.325,0.383,1.8,2.6
2026-02-10 20:00:00,0.325,0.383,1.6,2.4
2026-02-10 21:00:00,0.325,0.382,1.5,2.3
2026-02-10 22:00:00,0.326,0.381,1.4,2.2
2026-02-10 23:00:00,0.326,0.38,1.3,2.1
2026-02-11 00:00:00,0.326,0.379,1.2,2.1
2026-02-11 01:00:00,0.326,0.379,1.4,2.3
2026-02-11 02:00:00,0.325,0.379,2.2,2.9
2026-02-11 03:00:00,0.325,0.379,3.4,3.7
2026-02-11 04:00:00,0.324,0.379,4.8,4.7
2026-02-11 05:00:00,0.323,0.378,5.5,5.2
2026-02-11 06:00:00,0.323,0.377,5.8,5.4
2026-02-11 07:00:00,0.323,0.376,6.3,5.7
2026-02-11 08:00:00,0.323,0.376,6.3,5.6
2026-02-11 09:00:00,0.323,0.375,5.7,5.3
2026-02-11 10:00:00,0.324,0.375,5.1,4.8
2026-02-11 11:00:00,0.325,0.374,4.5,4.4
2026-02-11 12:00:00,0.325,0.374,3.8,3.9
2026-02-11 13:00:00,0.326,0.374,3.3,3.5
2026-02-11 14:00:00,0.326,0.373,2.8,3.2
2026-02-11 15:00:00,0.326,0.373,2.4,3
2026-02-11 16:00:00,0.327,0.372,2.1,2.8
2026-02-11 17:00:00,0.327,0.371,1.9,2.6
2026-02-11 18:00:00,0.327,0.371,1.7,2.4
2026-02-11 19:00:00,0.327,0.369,1.5,2.3
2026-02-11 20:00:00,0.327,0.368,1.3,2.2
2026-02-11 21:00:00,0.327,0.367,1.2,2.1
2026-02-11 22:00:00,0.327,0.366,1.1,2
2026-02-11 23:00:00,0.327,0.365,1,2
2026-02-12 00:00:00,0.328,0.364,1,1.9
2026-02-12 01:00:00,0.328,0.364,0.9,1.9
2026-02-12 02:00:00,0.328,0.364,0.9,1.9
2026-02-12 03:00:00,0.328,0.364,1.8,2.5
2026-02-12 04:00:00,0.326,0.364,3.9,3.9
2026-02-12 05:00:00,0.324,0.363,5.8,5.2
2026-02-12 06:00:00,0.323,0.363,7.3,6.1
2026-02-12 07:00:00,0.322,0.363,8,6.5
2026-02-12 08:00:00,0.323,0.363,8.1,6.5
2026-02-12 09:00:00,0.323,0.364,7.6,6.1
2026-02-12 10:00:00,0.324,0.364,6.7,5.4
2026-02-12 11:00:00,0.325,0.364,5.7,4.8
2026-02-12 12:00:00,0.326,0.364,4.8,4.2
2026-02-12 13:00:00,0.326,0.364,4.1,3.8
2026-02-12 14:00:00,0.326,0.364,3.5,3.4
2026-02-12 15:00:00,0.327,0.364,3,3.2
2026-02-12 16:00:00,0.327,0.364,2.6,2.9
2026-02-12 17:00:00,0.328,0.363,2.2,2.8
2026-02-12 18:00:00,0.328,0.363,2,2.6
2026-02-12 19:00:00,0.328,0.362,1.7,2.4
2026-02-12 20:00:00,0.328,0.361,1.5,2.3
2026-02-12 21:00:00,0.328,0.36,1.4,2.2
2026-02-12 22:00:00,0.328,0.359,1.2,2.1
2026-02-12 23:00:00,0.328,0.358,1.1,2
2026-02-13 00:00:00,0.328,0.357,1,1.9
2026-02-13 01:00:00,0.328,0.357,1,1.9
2026-02-13 02:00:00,0.329,0.357,0.9,1.8
2026-02-13 03:00:00,0.328,0.357,1.5,2.1
2026-02-13 04:00:00,0.326,0.357,3.7,3.6
2026-02-13 05:00:00,0.324,0.356,5.9,5
2026-02-13 06:00:00,0.323,0.356,7.5,6.1
2026-02-13 07:00:00,0.322,0.356,8.4,6.6
2026-02-13 08:00:00,0.322,0.356,8.6,6.7
2026-02-13 09:00:00,0.322,0.357,8.2,6.4
2026-02-13 10:00:00,0.323,0.357,7.4,5.8
2026-02-13 11:00:00,0.324,0.357,6.5,5.3
2026-02-13 12:00:00,0.325,0.358,5.7,4.7
2026-02-13 13:00:00,0.326,0.358,4.9,4.2
2026-02-13 14:00:00,0.326,0.358,4.3,3.9
2026-02-13 15:00:00,0.327,0.358,3.7,3.6
2026-02-13 16:00:00,0.327,0.358,3.2,3.3
2026-02-13 17:00:00,0.327,0.358,2.9,3.1
2026-02-13 18:00:00,0.327,0.358,2.5,2.9
2026-02-13 19:00:00,0.328,0.358,2.3,2.8
2026-02-13 20:00:00,0.328,0.357,2.1,2.6
2026-02-13 21:00:00,0.328,0.357,1.9,2.5
2026-02-13 22:00:00,0.328,0.357,1.7,2.4
2026-02-13 23:00:00,0.328,0.357,1.6,2.4
2026-02-14 00:00:00,0.328,0.357,1.5,2.3
2026-02-14 01:00:00,0.328,0.357,1.7,2.4
2026-02-14 02:00:00,0.327,0.357,2.5,2.9
2026-02-14 03:00:00,0.326,0.357,4,4
2026-02-14 04:00:00,0.325,0.357,5.3,5
2026-02-14 05:00:00,0.325,0.356,6.2,5.7
2026-02-14 06:00:00,0.324,0.356,7.1,6.3
2026-02-14 07:00:00,0.324,0.356,7.5,6.6
2026-02-14 08:00:00,0.323,0.356,7.8,6.7
2026-02-14 09:00:00,0.323,0.355,7.8,6.7
2026-02-14 10:00:00,0.324,0.356,7.5,6.4
2026-02-14 11:00:00,0.324,0.356,6.9,5.9
2026-02-14 12:00:00,0.325,0.356,6.3,5.5
2026-02-14 13:00:00,0.325,0.356,5.7,5
2026-02-14 14:00:00,0.326,0.357,5.1,4.6
2026-02-14 15:00:00,0.326,0.357,4.6,4.2
2026-02-14 16:00:00,0.327,0.357,4.1,4
2026-02-14 17:00:00,0.327,0.357,3.7,3.7
2026-02-14 18:00:00,0.327,0.357,3.4,3.5
2026-02-14 19:00:00,0.327,0.357,3.1,3.4
2026-02-14 20:00:00,0.328,0.357,3,3.3
2026-02-14 21:00:00,0.327,0.357,3,3.3
2026-02-14 22:00:00,0.327,0.357,3,3.3
2026-02-14 23:00:00,0.327,0.357,2.9,3.3
2026-02-15 00:00:00,0.327,0.357,3.1,3.5
2026-02-15 01:00:00,0.327,0.357,3.8,4
2026-02-15 02:00:00,0.326,0.356,4.8,4.8
2026-02-15 03:00:00,0.325,0.356,6.1,5.7
2026-02-15 04:00:00,0.324,0.355,7.6,6.7
2026-02-15 05:00:00,0.323,0.354,8.8,7.3
2026-02-15 06:00:00,0.322,0.354,9.5,7.8
2026-02-15 07:00:00,0.322,0.353,9.7,7.9
2026-02-15 08:00:00,0.322,0.353,9.6,7.7
2026-02-15 09:00:00,0.323,0.353,9.1,7.3
2026-02-15 10:00:00,0.323,0.354,8.4,6.8
2026-02-15 11:00:00,0.324,0.354,7.6,6.3
2026-02-15 12:00:00,0.325,0.354,6.9,5.7
2026-02-15 13:00:00,0.325,0.354,6.2,5.3
2026-02-15 14:00:00,0.326,0.354,5.5,4.9
2026-02-15 15:00:00,0.326,0.354,5,4.5
2026-02-15 16:00:00,0.327,0.355,4.5,4.2
2026-02-15 17:00:00,0.327,0.355,4,4
2026-02-15 18:00:00,0.327,0.354,3.6,3.8
2026-02-15 19:00:00,0.327,0.354,3.2,3.6
2026-02-15 20:00:00,0.327,0.354,2.9,3.4
2026-02-15 21:00:00,0.328,0.354,2.7,3.2
2026-02-15 22:00:00,0.328,0.354,2.5,3.1
2026-02-15 23:00:00,0.328,0.354,2.3,3
2026-02-16 00:00:00,0.328,0.354,2.3,3
2026-02-16 01:00:00,0.328,0.354,2.5,3.2
2026-02-16 02:00:00,0.327,0.354,3.1,3.7
2026-02-16 03:00:00,0.326,0.353,4,4.5
2026-02-16 04:00:00,0.325,0.353,5.2,5.3
2026-02-16 05:00:00,0.324,0.352,6.4,6
2026-02-16 06:00:00,0.324,0.352,7.4,6.5
2026-02-16 07:00:00,0.323,0.351,7.9,6.7
2026-02-16 08:00:00,0.323,0.351,8,6.6
2026-02-16 09:00:00,0.323,0.351,7.5,6.1
2026-02-16 10:00:00,0.324,0.351,6.7,5.6
2026-02-16 11:00:00,0.325,0.351,5.9,5.1
2026-02-16 12:00:00,0.325,0.351,5.3,4.7
2026-02-16 13:00:00,0.326,0.351,4.7,4.3
2026-02-16 14:00:00,0.326,0.351,4.2,4
2026-02-16 15:00:00,0.326,0.351,3.7,3.8
2026-02-16 16:00:00,0.327,0.351,3.2,3.5
2026-02-16 17:00:00,0.327,0.351,2.8,3.3
2026-02-16 18:00:00,0.327,0.351,2.5,3.1
2026-02-16 19:00:00,0.327,0.35,2.2,2.9
2026-02-16 20:00:00,0.327,0.35,1.9,2.7
2026-02-16 21:00:00,0.327,0.349,1.7,2.5
2026-02-16 22:00:00,0.327,0.348,1.6,2.4
2026-02-16 23:00:00,0.327,0.348,1.4,2.3
2026-02-17 00:00:00,0.328,0.348,1.3,2.2
2026-02-17 01:00:00,0.328,0.348,1.2,2.1
2026-02-17 02:00:00,0.328,0.348,1.3,2.1
2026-02-17 03:00:00,0.326,0.348,2.8,2.8
2026-02-17 04:00:00,0.325,0.347,4.8,4.3
2026-02-17 05:00:00,0.324,0.347,6.4,5.4
2026-02-17 06:00:00,0.323,0.347,7.5,6
2026-02-17 07:00:00,0.322,0.346,8,6.2
2026-02-17 08:00:00,0.322,0.346,8,6
2026-02-17 09:00:00,0.323,0.346,7.6,5.6
2026-02-17 10:00:00,0.323,0.347,6.7,5.1
2026-02-17 11:00:00,0.324,0.347,5.8,4.6
2026-02-17 12:00:00,0.325,0.347,4.9,4.1
2026-02-17 13:00:00,0.325,0.347,4.1,3.7
2026-02-17 14:00:00,0.326,0.347,3.5,3.4
2026-02-17 15:00:00,0.326,0.347,3,3.2
2026-02-17 16:00:00,0.326,0.347,2.6,2.9
2026-02-17 17:00:00,0.327,0.347,2.2,2.8
2026-02-17 18:00:00,0.327,0.346,2,2.6
2026-02-17 19:00:00,0.327,0.346,1.8,2.4
2026-02-17 20:00:00,0.327,0.346,1.6,2.3
2026-02-17 21:00:00,0.327,0.345,1.4,2.1
2026-02-17 22:00:00,0.327,0.345,1.2,2
2026-02-17 23:00:00,0.327,0.344,1.1,1.9
2026-02-18 00:00:00,0.327,0.344,1,1.8
2026-02-18 01:00:00,0.327,0.344,1,1.8
2026-02-18 02:00:00,0.327,0.345,1,1.8
2026-02-18 03:00:00,0.327,0.345,1.5,2.1
2026-02-18 04:00:00,0.325,0.345,3.2,3.3
2026-02-18 05:00:00,0.324,0.344,5,4.5
2026-02-18 06:00:00,0.323,0.344,6.3,5.3
2026-02-18 07:00:00,0.322,0.344,7.1,5.7
2026-02-18 08:00:00,0.322,0.344,7.3,5.8
2026-02-18 09:00:00,0.322,0.344,7,5.4
2026-02-18 10:00:00,0.323,0.344,6.3,4.9
2026-02-18 11:00:00,0.323,0.344,5.5,4.4
2026-02-18 12:00:00,0.324,0.344,4.8,4
2026-02-18 13:00:00,0.325,0.345,4.2,3.7
2026-02-18 14:00:00,0.325,0.345,3.5,3.4
2026-02-18 15:00:00,0.326,0.345,3,3.2
2026-02-18 16:00:00,0.326,0.345,2.5,2.9
2026-02-18 17:00:00,0.326,0.344,2.2,2.7
2026-02-18 18:00:00,0.326,0.344,1.9,2.6
2026-02-18 19:00:00,0.326,0.344,1.7,2.4
2026-02-18 20:00:00,0.326,0.344,1.5,2.2
2026-02-18 21:00:00,0.326,0.344,1.3,2.1
2026-02-18 22:00:00,0.326,0.343,1.2,2
2026-02-18 23:00:00,0.326,0.343,1,1.9
2026-02-19 00:00:00,0.326,0.343,0.9,1.8
2026-02-19 01:00:00,0.326,0.343,0.9,1.7
2026-02-19 02:00:00,0.327,0.343,0.9,1.7
2026-02-19 03:00:00,0.326,0.343,1.8,2.1
2026-02-19 04:00:00,0.324,0.343,3.9,3.5
2026-02-19 05:00:00,0.322,0.342,5.9,4.9
2026-02-19 06:00:00,0.321,0.342,7.2,5.9
2026-02-19 07:00:00,0.321,0.342,8.1,6.3
2026-02-19 08:00:00,0.32,0.342,8.1,6.3
2026-02-19 09:00:00,0.321,0.342,7.7,6
2026-02-19 10:00:00,0.321,0.342,7,5.5
2026-02-19 11:00:00,0.322,0.342,6.2,5.1
2026-02-19 12:00:00,0.323,0.343,5.4,4.5
2026-02-19 13:00:00,0.324,0.343,4.7,4.1
2026-02-19 14:00:00,0.324,0.343,4,3.7
2026-02-19 15:00:00,0.325,0.343,3.4,3.4
2026-02-19 16:00:00,0.325,0.343,3,3.2
2026-02-19 17:00:00,0.325,0.343,2.6,3
2026-02-19 18:00:00,0.325,0.343,2.3,2.8
2026-02-19 19:00:00,0.326,0.343,2,2.7
2026-02-19 20:00:00,0.326,0.343,1.8,2.5
2026-02-19 21:00:00,0.326,0.343,1.6,2.4
2026-02-19 22:00:00,0.326,0.343,1.5,2.3
2026-02-19 23:00:00,0.326,0.343,1.3,2.2
2026-02-20 00:00:00,0.326,0.343,1.2,2.1
2026-02-20 01:00:00,0.326,0.343,1.2,2
2026-02-20 02:00:00,0.326,0.343,1.9,2.2
2026-02-20 03:00:00,0.324,0.342,3.8,3.4
2026-02-20 04:00:00,0.322,0.342,5.9,4.9
2026-02-20 05:00:00,0.321,0.341,7.7,6.2
2026-02-20 06:00:00,0.32,0.34,9,6.9
2026-02-20 07:00:00,0.319,0.34,9.8,7.2
2026-02-20 08:00:00,0.319,0.34,10,7.3
2026-02-20 09:00:00,0.32,0.34,9.5,7
2026-02-20 10:00:00,0.321,0.34,8.6,6.4
2026-02-20 11:00:00,0.321,0.341,7.6,5.8
2026-02-20 12:00:00,0.322,0.341,6.7,5.3
2026-02-20 13:00:00,0.323,0.341,5.9,4.8
2026-02-20 14:00:00,0.323,0.341,5.2,4.4
2026-02-20 15:00:00,0.324,0.341,4.5,4.1
2026-02-20 16:00:00,0.324,0.342,3.9,3.8
2026-02-20 17:00:00,0.324,0.342,3.4,3.5
2026-02-20 18:00:00,0.325,0.342,2.9,3.3
2026-02-20 19:00:00,0.325,0.342,2.5,3.1
2026-02-20 20:00:00,0.325,0.342,2.2,3
2026-02-20 21:00:00,0.325,0.342,2,2.8
2026-02-20 22:00:00,0.325,0.342,1.8,2.7
2026-02-20 23:00:00,0.325,0.342,1.7,2.6
2026-02-21 00:00:00,0.325,0.342,1.6,2.5
2026-02-21 01:00:00,0.325,0.342,2.4,2.7
2026-02-21 02:00:00,0.323,0.342,4.2,3.7
2026-02-21 03:00:00,0.322,0.341,6.1,4.9
2026-02-21 04:00:00,0.32,0.34,7.9,6.1
2026-02-21 05:00:00,0.319,0.339,9.5,7.2
2026-02-21 06:00:00,0.318,0.339,10.8,7.9
2026-02-21 07:00:00,0.317,0.338,11.5,8.4
2026-02-21 08:00:00,0.317,0.338,11.6,8.5
2026-02-21 09:00:00,0.317,0.338,11.1,8.2
2026-02-21 10:00:00,0.318,0.338,10.4,7.8
2026-02-21 11:00:00,0.318,0.339,9.6,7.4
2026-02-21 12:00:00,0.319,0.339,8.9,7
2026-02-21 13:00:00,0.319,0.339,8.2,6.6
2026-02-21 14:00:00,0.32,0.339,7.6,6.2
2026-02-21 15:00:00,0.32,0.34,7,5.9
2026-02-21 16:00:00,0.32,0.34,6.6,5.6
2026-02-21 17:00:00,0.32,0.34,6.1,5.4
2026-02-21 18:00:00,0.321,0.34,5.7,5.2
2026-02-21 19:00:00,0.321,0.34,5.4,5
2026-02-21 20:00:00,0.321,0.34,5.4,5
2026-02-21 21:00:00,0.321,0.34,5.5,5.1
2026-02-21 22:00:00,0.321,0.34,5.6,5.2
2026-02-21 23:00:00,0.32,0.34,5.9,5.3
2026-02-22 00:00:00,0.32,0.34,6.6,5.7
2026-02-22 01:00:00,0.319,0.34,7.5,6.3
2026-02-22 02:00:00,0.318,0.339,8.3,6.8
2026-02-22 03:00:00,0.318,0.339,8.7,7.2
2026-02-22 04:00:00,0.318,0.339,9.3,7.6
2026-02-22 05:00:00,0.317,0.338,10.2,8.2
2026-02-22 06:00:00,0.317,0.338,10.9,8.7
2026-02-22 07:00:00,0.316,0.338,11.1,8.8
2026-02-22 08:00:00,0.316,0.338,10.9,8.6
2026-02-22 09:00:00,0.317,0.338,10.2,8.2
2026-02-22 10:00:00,0.317,0.338,9.3,7.6
2026-02-22 11:00:00,0.318,0.339,8.4,7
2026-02-22 12:00:00,0.318,0.339,7.5,6.4
2026-02-22 13:00:00,0.319,0.339,6.6,5.9
2026-02-22 14:00:00,0.32,0.34,5.8,5.4
2026-02-22 15:00:00,0.32,0.34,5.1,5
2026-02-22 16:00:00,0.32,0.34,4.4,4.7
2026-02-22 17:00:00,0.321,0.34,3.8,4.3
2026-02-22 18:00:00,0.321,0.34,3.3,4.1
2026-02-22 19:00:00,0.321,0.34,2.9,3.8
2026-02-22 20:00:00,0.321,0.34,2.6,3.6
2026-02-22 21:00:00,0.321,0.34,2.3,3.4
2026-02-22 22:00:00,0.321,0.34,2.1,3.2
2026-02-22 23:00:00,0.321,0.34,1.9,3.1
2026-02-23 00:00:00,0.321,0.34,1.8,2.9
2026-02-23 01:00:00,0.321,0.34,2.1,3
2026-02-23 02:00:00,0.32,0.34,3.6,3.6
2026-02-23 03:00:00,0.319,0.339,5.5,4.8
2026-02-23 04:00:00,0.317,0.339,7.2,5.9
2026-02-23 05:00:00,0.316,0.338,8.7,6.9
2026-02-23 06:00:00,0.315,0.338,9.7,7.5
2026-02-23 07:00:00,0.315,0.337,10.4,7.9
2026-02-23 08:00:00,0.315,0.337,10.4,7.9
2026-02-23 09:00:00,0.315,0.337,9.7,7.5
2026-02-23 10:00:00,0.316,0.338,8.7,7
2026-02-23 11:00:00,0.317,0.338,7.8,6.4
2026-02-23 12:00:00,0.317,0.338,6.9,5.9
2026-02-23 13:00:00,0.318,0.339,6.1,5.4
2026-02-23 14:00:00,0.318,0.339,5.4,5.1
2026-02-23 15:00:00,0.319,0.339,4.9,4.8
2026-02-23 16:00:00,0.319,0.339,4.4,4.6
2026-02-23 17:00:00,0.319,0.339,4.1,4.4
2026-02-23 18:00:00,0.319,0.339,3.8,4.2
2026-02-23 19:00:00,0.319,0.339,3.4,4
2026-02-23 20:00:00,0.319,0.34,3.2,3.9
2026-02-23 21:00:00,0.319,0.34,3,3.8
2026-02-23 22:00:00,0.319,0.34,3,3.9
2026-02-23 23:00:00,0.319,0.34,3.1,3.9
2026-02-24 00:00:00,0.319,0.34,3.1,4
2026-02-24 01:00:00,0.319,0.34,3.2,4
2026-02-24 02:00:00,0.32,0.34,3.3,4
2026-02-24 03:00:00,0.321,0.341,3.5,4.2
2026-02-24 04:00:00,0.321,0.397,3.7,4.3
2026-02-24 05:00:00,0.347,0.41,3.9,4.4
2026-02-24 06:00:00,0.357,0.41,4.2,4.6
2026-02-24 07:00:00,0.362,0.41,4.4,4.7
2026-02-24 08:00:00,0.366,0.41,4.5,4.9
2026-02-24 09:00:00,0.368,0.41,4.6,4.9
2026-02-24 10:00:00,0.369,0.41,4.5,4.8
2026-02-24 11:00:00,0.368,0.409,4.4,4.8
2026-02-24 12:00:00,0.367,0.406,4.2,4.7
2026-02-24 13:00:00,0.367,0.404,3.8,4.4
2026-02-24 14:00:00,0.367,0.404,3.3,4.2
2026-02-24 15:00:00,0.366,0.403,2.9,3.9
2026-02-24 16:00:00,0.366,0.402,2.6,3.6
2026-02-24 17:00:00,0.364,0.402,2.4,3.4
2026-02-24 18:00:00,0.363,0.401,2.2,3.3
2026-02-24 19:00:00,0.363,0.399,2.1,3.1
2026-02-24 20:00:00,0.362,0.398,2,3
2026-02-24 21:00:00,0.361,0.398,1.9,3
2026-02-24 22:00:00,0.36,0.398,1.9,2.9
2026-02-24 23:00:00,0.36,0.398,1.8,2.9
2026-02-25 00:00:00,0.359,0.4,1.8,3.1
2026-02-25 01:00:00,0.36,0.4,2.4,3.6
2026-02-25 02:00:00,0.361,0.399,3.9,4.4
2026-02-25 03:00:00,0.36,0.398,6.1,5.5
2026-02-25 04:00:00,0.358,0.397,8.5,6.9
2026-02-25 05:00:00,0.355,0.394,11.1,8.5
2026-02-25 06:00:00,0.353,0.392,12.3,9.5
2026-02-25 07:00:00,0.352,0.391,12.5,9.8
2026-02-25 08:00:00,0.352,0.389,12.2,9.6
2026-02-25 09:00:00,0.351,0.388,11.4,9.2
2026-02-25 10:00:00,0.352,0.387,10.2,8.5
2026-02-25 11:00:00,0.352,0.386,9.1,7.8
2026-02-25 12:00:00,0.352,0.386,8.1,7.2
2026-02-25 13:00:00,0.352,0.386,7.2,6.6
2026-02-25 14:00:00,0.353,0.385,6.4,6
2026-02-25 15:00:00,0.353,0.385,5.7,5.6
2026-02-25 16:00:00,0.353,0.385,5,5.2
2026-02-25 17:00:00,0.353,0.384,4.5,4.9
2026-02-25 18:00:00,0.353,0.384,4.1,4.7
2026-02-25 19:00:00,0.353,0.384,3.8,4.5
2026-02-25 20:00:00,0.353,0.384,3.4,4.2
2026-02-25 21:00:00,0.353,0.384,3.2,4
2026-02-25 22:00:00,0.353,0.383,2.9,3.8
2026-02-25 23:00:00,0.353,0.383,2.8,3.7
2026-02-26 00:00:00,0.353,0.382,2.8,3.6
2026-02-26 01:00:00,0.352,0.382,4,4.1
2026-02-26 02:00:00,0.351,0.382,5.9,5.2
2026-02-26 03:00:00,0.349,0.381,7.9,6.4
2026-02-26 04:00:00,0.348,0.381,9.3,7.6
2026-02-26 05:00:00,0.347,0.38,10.2,8.3
2026-02-26 06:00:00,0.347,0.38,10.7,8.9
2026-02-26 07:00:00,0.347,0.379,10.6,9
2026-02-26 08:00:00,0.347,0.379,10.2,8.8
2026-02-26 09:00:00,0.347,0.379,9.7,8.5
2026-02-26 10:00:00,0.347,0.379,9.2,8.2
2026-02-26 11:00:00,0.347,0.378,8.8,7.9
2026-02-26 12:00:00,0.347,0.378,8.5,7.7
2026-02-26 13:00:00,0.347,0.378,8.2,7.5
2026-02-26 14:00:00,0.347,0.378,8,7.3
2026-02-26 15:00:00,0.347,0.378,7.8,7.2
2026-02-26 16:00:00,0.347,0.378,7.6,7.1
2026-02-26 17:00:00,0.347,0.378,7.5,7
2026-02-26 18:00:00,0.347,0.379,7.3,6.9
2026-02-26 19:00:00,0.349,0.4,7.2,6.8
2026-02-26 20:00:00,0.363,0.409,7.1,6.7
2026-02-26 21:00:00,0.366,0.409,7,6.7
2026-02-26 22:00:00,0.367,0.409,7,6.6
2026-02-26 23:00:00,0.367,0.408,7,6.6
2026-02-27 00:00:00,0.367,0.408,7.1,6.7
2026-02-27 01:00:00,0.366,0.407,7.6,7
2026-02-27 02:00:00,0.365,0.406,8.5,7.6
2026-02-27 03:00:00,0.364,0.405,9.4,8.3
2026-02-27 04:00:00,0.362,0.403,10.2,9
2026-02-27 05:00:00,0.361,0.402,10.5,9.3
2026-02-27 06:00:00,0.36,0.401,10.4,9.4
2026-02-27 07:00:00,0.359,0.4,10.7,9.5
2026-02-27 08:00:00,0.358,0.4,10.9,9.6
2026-02-27 09:00:00,0.358,0.399,10.7,9.5
2026-02-27 10:00:00,0.358,0.398,10,9
2026-02-27 11:00:00,0.358,0.397,9.2,8.4
2026-02-27 12:00:00,0.358,0.397,8.4,7.8
2026-02-27 13:00:00,0.358,0.396,7.7,7.3
2026-02-27 14:00:00,0.358,0.396,7,6.8
2026-02-27 15:00:00,0.358,0.396,6.4,6.4
2026-02-27 16:00:00,0.359,0.396,5.8,6
2026-02-27 17:00:00,0.359,0.396,5.2,5.6
2026-02-27 18:00:00,0.359,0.396,4.7,5.3
2026-02-27 19:00:00,0.359,0.395,4.2,4.9
2026-02-27 20:00:00,0.359,0.395,3.8,4.7
2026-02-27 21:00:00,0.359,0.395,3.6,4.5
2026-02-27 22:00:00,0.359,0.395,3.3,4.3
2026-02-27 23:00:00,0.359,0.394,3.2,4.2
2026-02-28 00:00:00,0.359,0.394,3.5,4.4
2026-02-28 01:00:00,0.358,0.394,5.1,5.1
2026-02-28 02:00:00,0.356,0.394,7.4,6.4
2026-02-28 03:00:00,0.354,0.393,9.9,8.1
2026-02-28 04:00:00,0.353,0.392,12.2,9.7
2026-02-28 05:00:00,0.351,0.39,13.9,11
2026-02-28 06:00:00,0.351,0.389,14.8,11.9
2026-02-28 07:00:00,0.35,0.388,14.9,12.1
2026-02-28 08:00:00,0.35,0.386,14.4,11.8
2026-02-28 09:00:00,0.35,0.385,13.3,11.2
2026-02-28 10:00:00,0.35,0.385,12.1,10.4
2026-02-28 11:00:00,0.35,0.384,11.2,9.8
2026-02-28 12:00:00,0.35,0.384,10.5,9.3
2026-02-28 13:00:00,0.35,0.383,9.8,8.8
2026-02-28 14:00:00,0.351,0.383,9,8.3
2026-02-28 15:00:00,0.351,0.383,8.3,7.7
2026-02-28 16:00:00,0.351,0.383,7.6,7.3
2026-02-28 17:00:00,0.351,0.383,7,6.9
2026-02-28 18:00:00,0.351,0.383,6.5,6.5
2026-02-28 19:00:00,0.351,0.383,6.1,6.3
2026-02-28 20:00:00,0.351,0.383,5.8,6.2
2026-02-28 21:00:00,0.351,0.383,5.5,5.9
2026-02-28 22:00:00,0.351,0.383,5.1,5.6
2026-02-28 23:00:00,0.351,0.383,4.7,5.4
2026-03-01 00:00:00,0.351,0.382,5.2,5.6
2026-03-01 01:00:00,0.35,0.382,6.7,6.3
2026-03-01 02:00:00,0.348,0.381,8.3,7.4
2026-03-01 03:00:00,0.347,0.38,9.7,8.5
2026-03-01 04:00:00,0.346,0.379,10.9,9.5
2026-03-01 05:00:00,0.345,0.378,12,10.4
2026-03-01 06:00:00,0.344,0.377,12.8,11.1
2026-03-01 07:00:00,0.344,0.377,12.8,11.2
2026-03-01 08:00:00,0.344,0.376,12.3,10.9
2026-03-01 09:00:00,0.344,0.376,11.7,10.5
2026-03-01 10:00:00,0.344,0.376,11,10
2026-03-01 11:00:00,0.344,0.375,10.5,9.6
2026-03-01 12:00:00,0.344,0.375,10.1,9.3
2026-03-01 13:00:00,0.344,0.375,9.8,9.1
2026-03-01 14:00:00,0.344,0.375,9.6,8.9
2026-03-01 15:00:00,0.344,0.376,9.3,8.8
2026-03-01 16:00:00,0.344,0.382,9,8.6
2026-03-01 17:00:00,0.344,0.41,8.7,8.3
2026-03-01 18:00:00,0.363,0.427,8.3,8.1
2026-03-01 19:00:00,0.378,0.43,8,7.9
2026-03-01 20:00:00,0.383,0.431,7.8,7.7
2026-03-01 21:00:00,0.384,0.431,7.7,7.6
2026-03-01 22:00:00,0.385,0.432,7.5,7.5
2026-03-01 23:00:00,0.385,0.432,7.5,7.5
2026-03-02 00:00:00,0.384,0.432,7.6,7.5
2026-03-02 01:00:00,0.384,0.432,7.8,7.7
2026-03-02 02:00:00,0.384,0.432,8.2,8
2026-03-02 03:00:00,0.383,0.432,8.6,8.2
2026-03-02 04:00:00,0.382,0.432,8.9,8.5
2026-03-02 05:00:00,0.383,0.431,9.1,8.7
2026-03-02 06:00:00,0.385,0.433,9.2,8.7
2026-03-02 07:00:00,0.386,0.434,9.2,8.8
2026-03-02 08:00:00,0.386,0.434,9.1,8.8
2026-03-02 09:00:00,0.387,0.435,8.9,8.6
2026-03-02 10:00:00,0.387,0.435,8.7,8.4
2026-03-02 11:00:00,0.388,0.435,8.4,8.2
2026-03-02 12:00:00,0.388,0.436,8.2,8.1
2026-03-02 13:00:00,0.388,0.436,8,7.9
2026-03-02 14:00:00,0.388,0.436,7.9,7.8
2026-03-02 15:00:00,0.387,0.436,7.8,7.8
2026-03-02 16:00:00,0.386,0.437,7.7,7.7
2026-03-02 17:00:00,0.385,0.437,7.6,7.6
2026-03-02 18:00:00,0.384,0.437,7.5,7.5
2026-03-02 19:00:00,0.384,0.437,7.4,7.4
2026-03-02 20:00:00,0.383,0.437,7.3,7.4
2026-03-02 21:00:00,0.383,0.437,7.2,7.3
2026-03-02 22:00:00,0.383,0.437,7.2,7.3
2026-03-02 23:00:00,0.382,0.438,7.1,7.3
2026-03-03 00:00:00,0.382,0.438,7.3,7.3
2026-03-03 01:00:00,0.381,0.437,8.4,7.9
2026-03-03 02:00:00,0.379,0.436,10.2,9
2026-03-03 03:00:00,0.377,0.435,11.7,10.1
2026-03-03 04:00:00,0.375,0.435,12.6,10.8
2026-03-03 05:00:00,0.374,0.434,13.1,11.3
2026-03-03 06:00:00,0.373,0.434,13.5,11.7
2026-03-03 07:00:00,0.373,0.434,13.6,12
2026-03-03 08:00:00,0.373,0.434,12.9,11.7
2026-03-03 09:00:00,0.373,0.434,12,11.1
2026-03-03 10:00:00,0.373,0.435,11,10.4
2026-03-03 11:00:00,0.372,0.435,10.2,9.8
2026-03-03 12:00:00,0.372,0.435,9.5,9.3
2026-03-03 13:00:00,0.372,0.435,9,9
2026-03-03 14:00:00,0.372,0.435,8.6,8.7
2026-03-03 15:00:00,0.372,0.436,8.1,8.3
2026-03-03 16:00:00,0.372,0.436,7.4,7.9
2026-03-03 17:00:00,0.372,0.436,6.8,7.4
2026-03-03 18:00:00,0.373,0.437,6.3,7
2026-03-03 19:00:00,0.373,0.437,5.8,6.7
2026-03-03 20:00:00,0.374,0.437,5.3,6.3
2026-03-03 21:00:00,0.374,0.438,4.8,6
2026-03-03 22:00:00,0.374,0.439,4.4,5.7
2026-03-03 23:00:00,0.374,0.439,4.2,5.5
2026-03-04 00:00:00,0.374,0.439,4.8,5.7
2026-03-04 01:00:00,0.373,0.439,6.3,6.4
2026-03-04 02:00:00,0.371,0.438,8.3,7.6
2026-03-04 03:00:00,0.37,0.438,10.3,9.1
2026-03-04 04:00:00,0.368,0.437,11.8,10.6
2026-03-04 05:00:00,0.367,0.435,12.9,11.7
2026-03-04 06:00:00,0.366,0.434,13.7,12.4
2026-03-04 07:00:00,0.365,0.433,13.9,12.6
2026-03-04 08:00:00,0.365,0.433,13.5,12.3
2026-03-04 09:00:00,0.365,0.432,12.5,11.6
2026-03-04 10:00:00,0.365,0.421,11.3,10.8
2026-03-04 11:00:00,0.365,0.421,10.2,10
2026-03-04 12:00:00,0.366,0.421,9.3,9.3
2026-03-04 13:00:00,0.366,0.42,8.5,8.7
2026-03-04 14:00:00,0.366,0.42,7.8,8.1
2026-03-04 15:00:00,0.366,0.421,7.1,7.6
2026-03-04 16:00:00,0.366,0.421,6.5,7.2
2026-03-04 17:00:00,0.366,0.421,6,6.8
2026-03-04 18:00:00,0.367,0.421,5.4,6.4
2026-03-04 19:00:00,0.367,0.421,5,6.1
2026-03-04 20:00:00,0.367,0.422,4.6,5.8
2026-03-04 21:00:00,0.367,0.422,4.2,5.5
2026-03-04 22:00:00,0.367,0.422,4,5.3
2026-03-04 23:00:00,0.367,0.422,3.8,5.2
2026-03-05 00:00:00,0.366,0.422,4.3,5.5
2026-03-05 01:00:00,0.365,0.421,5.8,6.3
2026-03-05 02:00:00,0.363,0.42,7.8,7.6
2026-03-05 03:00:00,0.362,0.419,9.7,9
2026-03-05 04:00:00,0.36,0.417,10.9,10.1
2026-03-05 05:00:00,0.36,0.416,11.3,10.6
2026-03-05 06:00:00,0.36,0.416,11.3,10.7
2026-03-05 07:00:00,0.359,0.416,11.4,10.8
2026-03-05 08:00:00,0.359,0.415,11.2,10.6
2026-03-05 09:00:00,0.359,0.417,10.7,10.3
2026-03-05 10:00:00,0.359,0.417,10.3,10
2026-03-05 11:00:00,0.359,0.418,9.9,9.6
2026-03-05 12:00:00,0.359,0.42,9.4,9.3
2026-03-05 13:00:00,0.359,0.422,9.1,9
2026-03-05 14:00:00,0.359,0.425,8.7,8.8
2026-03-05 15:00:00,0.36,0.427,8.3,8.5
2026-03-05 16:00:00,0.362,0.428,7.9,8.2
2026-03-05 17:00:00,0.373,0.428,7.5,8
2026-03-05 18:00:00,0.379,0.429,7.2,7.8
2026-03-05 19:00:00,0.38,0.429,6.8,7.5
2026-03-05 20:00:00,0.38,0.429,6.4,7.3
2026-03-05 21:00:00,0.381,0.43,5.8,6.9
2026-03-05 22:00:00,0.381,0.43,5.4,6.6
2026-03-05 23:00:00,0.381,0.431,5.2,6.4
2026-03-06 00:00:00,0.38,0.431,5.5,6.5
2026-03-06 01:00:00,0.38,0.43,6.3,7
2026-03-06 02:00:00,0.378,0.429,7.6,7.7
2026-03-06 03:00:00,0.377,0.428,8.4,8.3
2026-03-06 04:00:00,0.376,0.428,8.8,8.7
2026-03-06 05:00:00,0.375,0.428,9.5,9.2
2026-03-06 06:00:00,0.374,0.429,10.2,9.8
2026-03-06 07:00:00,0.373,0.43,10.3,10
2026-03-06 08:00:00,0.373,0.431,9.5,9.7
2026-03-06 09:00:00,0.373,0.431,8.7,9.1
2026-03-06 10:00:00,0.373,0.431,7.8,8.5
2026-03-06 11:00:00,0.373,0.431,7.1,8
2026-03-06 12:00:00,0.374,0.428,6.5,7.5
2026-03-06 13:00:00,0.374,0.428,6,7.2
2026-03-06 14:00:00,0.374,0.425,5.6,6.8
2026-03-06 15:00:00,0.374,0.424,5.2,6.6
2026-03-06 16:00:00,0.374,0.424,4.9,6.3
2026-03-06 17:00:00,0.374,0.424,4.6,6.1
2026-03-06 18:00:00,0.374,0.424,4.3,5.9
2026-03-06 19:00:00,0.374,0.424,4,5.7
2026-03-06 20:00:00,0.374,0.424,3.6,5.4
2026-03-06 21:00:00,0.373,0.424,3.4,5.1
2026-03-06 22:00:00,0.373,0.424,3.2,4.8
2026-03-06 23:00:00,0.373,0.424,3.1,4.8
2026-03-07 00:00:00,0.373,0.424,3.2,5
2026-03-07 01:00:00,0.373,0.423,3.9,5.5
2026-03-07 02:00:00,0.372,0.422,5.2,6.3
2026-03-07 03:00:00,0.37,0.421,6.8,7.6
2026-03-07 04:00:00,0.369,0.419,8.2,8.8
2026-03-07 05:00:00,0.368,0.418,9.1,9.8
2026-03-07 06:00:00,0.367,0.417,9.7,10.3
2026-03-07 07:00:00,0.366,0.416,9.8,10.4
2026-03-07 08:00:00,0.366,0.416,9.3,10
2026-03-07 09:00:00,0.366,0.416,8.4,9.2
2026-03-07 10:00:00,0.367,0.416,7.2,8.3
2026-03-07 11:00:00,0.367,0.417,6.1,7.4
2026-03-07 12:00:00,0.368,0.418,5.3,6.7
2026-03-07 13:00:00,0.368,0.418,4.6,6.1
2026-03-07 14:00:00,0.368,0.418,4.1,5.6
2026-03-07 15:00:00,0.368,0.419,3.6,5.1
2026-03-07 16:00:00,0.368,0.419,3.3,4.8
2026-03-07 17:00:00,0.367,0.418,3,4.5
2026-03-07 18:00:00,0.367,0.418,2.7,4.3
2026-03-07 19:00:00,0.367,0.418,2.5,4.1
2026-03-07 20:00:00,0.367,0.417,2.3,3.9
2026-03-07 21:00:00,0.367,0.417,2.1,3.8
2026-03-07 22:00:00,0.367,0.417,1.9,3.7
2026-03-07 23:00:00,0.366,0.416,1.8,3.6
2026-03-08 00:00:00,0.366,0.416,1.7,3.5
2026-03-08 01:00:00,0.366,0.421,1.7,3.6
2026-03-08 02:00:00,0.365,0.423,2.3,4.6
2026-03-08 03:00:00,0.363,0.42,4.4,6.2
2026-03-08 04:00:00,0.361,0.418,6.5,7.7
2026-03-08 05:00:00,0.359,0.416,8.3,9.1
2026-03-08 06:00:00,0.358,0.415,9.3,9.9
2026-03-08 07:00:00,0.358,0.414,9.6,10
2026-03-08 08:00:00,0.358,0.413,9.4,9.7
2026-03-08 09:00:00,0.358,0.413,8.7,9
2026-03-08 10:00:00,0.358,0.413,7.7,8.2
2026-03-08 11:00:00,0.359,0.413,6.7,7.4
2026-03-08 12:00:00,0.359,0.412,5.8,6.7
2026-03-08 13:00:00,0.36,0.409,5,6.1
2026-03-08 14:00:00,0.36,0.409,4.4,5.6
2026-03-08 15:00:00,0.36,0.409,4,5.2
2026-03-08 16:00:00,0.36,0.409,3.6,4.9
2026-03-08 17:00:00,0.36,0.409,3.3,4.6
2026-03-08 18:00:00,0.36,0.409,3,4.3
2026-03-08 19:00:00,0.36,0.409,2.7,4.1
2026-03-08 20:00:00,0.36,0.409,2.5,3.9
2026-03-08 21:00:00,0.359,0.408,2.3,3.8
2026-03-08 22:00:00,0.359,0.408,2.2,3.7
2026-03-08 23:00:00,0.359,0.408,2.1,3.6
2026-03-09 00:00:00,0.359,0.408,2,3.7
2026-03-09 01:00:00,0.359,0.408,2,3.9
2026-03-09 02:00:00,0.359,0.408,2.2,4.4
2026-03-09 03:00:00,0.358,0.408,3.1,5.2
2026-03-09 04:00:00,0.357,0.408,4.4,6.3
2026-03-09 05:00:00,0.355,0.407,5.6,7.3
2026-03-09 06:00:00,0.354,0.406,6.5,8
2026-03-09 07:00:00,0.354,0.405,7,8.2
2026-03-09 08:00:00,0.354,0.404,7,8
2026-03-09 09:00:00,0.354,0.404,6.6,7.4
2026-03-09 10:00:00,0.355,0.404,5.9,6.8
2026-03-09 11:00:00,0.355,0.404,5.1,6.1
2026-03-09 12:00:00,0.356,0.404,4.5,5.6
2026-03-09 13:00:00,0.356,0.404,3.9,5.2
2026-03-09 14:00:00,0.356,0.404,3.4,4.7
2026-03-09 15:00:00,0.356,0.404,3.1,4.4
2026-03-09 16:00:00,0.356,0.404,2.8,4.1
2026-03-09 17:00:00,0.356,0.403,2.5,3.9
2026-03-09 18:00:00,0.356,0.403,2.3,3.7
2026-03-09 19:00:00,0.356,0.403,2.1,3.5
2026-03-09 20:00:00,0.356,0.402,1.9,3.4
2026-03-09 21:00:00,0.356,0.401,1.8,3.2
2026-03-09 22:00:00,0.356,0.401,1.7,3.1
2026-03-09 23:00:00,0.356,0.4,1.5,3
2026-03-10 00:00:00,0.356,0.399,1.5,3
2026-03-10 01:00:00,0.356,0.399,1.5,3.2
2026-03-10 02:00:00,0.355,0.398,2.5,4.5
2026-03-10 03:00:00,0.353,0.398,4.8,6.2
2026-03-10 04:00:00,0.351,0.397,7.2,7.9
2026-03-10 05:00:00,0.349,0.396,9.2,9.3
2026-03-10 06:00:00,0.348,0.395,10.7,10.2
2026-03-10 07:00:00,0.348,0.395,11.4,10.6
2026-03-10 08:00:00,0.348,0.394,11.2,10.2
2026-03-10 09:00:00,0.348,0.394,10.4,9.4
2026-03-10 10:00:00,0.349,0.394,9.3,8.5
2026-03-10 11:00:00,0.35,0.394,8.1,7.7
2026-03-10 12:00:00,0.351,0.394,7.1,6.9
2026-03-10 13:00:00,0.351,0.394,6.1,6.2
2026-03-10 14:00:00,0.352,0.394,5.3,5.7
2026-03-10 15:00:00,0.353,0.394,4.6,5.2
2026-03-10 16:00:00,0.353,0.394,4.1,4.8
2026-03-10 17:00:00,0.353,0.393,3.6,4.5
2026-03-10 18:00:00,0.353,0.393,3.3,4.2
2026-03-10 19:00:00,0.353,0.393,2.9,4
2026-03-10 20:00:00,0.353,0.392,2.7,3.8
2026-03-10 21:00:00,0.353,0.392,2.4,3.6
2026-03-10 22:00:00,0.353,0.391,2.2,3.5
2026-03-10 23:00:00,0.354,0.39,2.1,3.4
2026-03-11 00:00:00,0.353,0.39,2,3.3
2026-03-11 01:00:00,0.353,0.39,2.2,3.9
2026-03-11 02:00:00,0.352,0.39,3.8,5.2
2026-03-11 03:00:00,0.35,0.389,5.9,6.8
2026-03-11 04:00:00,0.348,0.388,8,8.3
2026-03-11 05:00:00,0.347,0.387,9.7,9.5
2026-03-11 06:00:00,0.346,0.386,10.7,10.2
2026-03-11 07:00:00,0.346,0.386,11.2,10.3
2026-03-11 08:00:00,0.346,0.385,11,9.9
2026-03-11 09:00:00,0.347,0.385,10.4,9.3
2026-03-11 10:00:00,0.347,0.385,9.4,8.5
2026-03-11 11:00:00,0.348,0.385,8.5,7.8
2026-03-11 12:00:00,0.349,0.385,7.6,7.2
2026-03-11 13:00:00,0.349,0.385,6.8,6.6
2026-03-11 14:00:00,0.35,0.385,6.1,6.1
2026-03-11 15:00:00,0.35,0.385,5.4,5.7
2026-03-11 16:00:00,0.351,0.385,4.9,5.3
2026-03-11 17:00:00,0.351,0.385,4.3,5
2026-03-11 18:00:00,0.351,0.385,3.9,4.7
2026-03-11 19:00:00,0.351,0.385,3.5,4.4
2026-03-11 20:00:00,0.351,0.385,3.2,4.2
2026-03-11 21:00:00,0.352,0.385,3,4
2026-03-11 22:00:00,0.352,0.385,2.7,3.8
2026-03-11 23:00:00,0.352,0.385,2.5,3.7
2026-03-12 00:00:00,0.351,0.385,2.6,3.9
2026-03-12 01:00:00,0.351,0.384,3.6,4.8
2026-03-12 02:00:00,0.349,0.383,5.3,6.1
2026-03-12 03:00:00,0.348,0.382,7.2,7.6
2026-03-12 04:00:00,0.346,0.381,9,8.9
2026-03-12 05:00:00,0.345,0.38,10.4,9.9
2026-03-12 06:00:00,0.345,0.379,11.4,10.4
2026-03-12 07:00:00,0.344,0.378,11.7,10.4
2026-03-12 08:00:00,0.345,0.378,11.5,10.1
2026-03-12 09:00:00,0.345,0.378,10.9,9.5
2026-03-12 10:00:00,0.346,0.378,10,8.9
2026-03-12 11:00:00,0.346,0.378,9.1,8.2
2026-03-12 12:00:00,0.347,0.378,8.3,7.6
2026-03-12 13:00:00,0.347,0.378,7.5,7.1
2026-03-12 14:00:00,0.348,0.378,6.8,6.6
2026-03-12 15:00:00,0.348,0.378,6.1,6.1
2026-03-12 16:00:00,0.349,0.379,5.5,5.7
2026-03-12 17:00:00,0.349,0.379,4.9,5.4
2026-03-12 18:00:00,0.349,0.379,4.4,5
2026-03-12 19:00:00,0.35,0.379,3.9,4.7
2026-03-12 20:00:00,0.35,0.379,3.6,4.5
2026-03-12 21:00:00,0.35,0.379,3.2,4.2
2026-03-12 22:00:00,0.35,0.379,3,4
2026-03-12 23:00:00,0.35,0.378,2.8,3.9
2026-03-13 00:00:00,0.35,0.378,2.9,4.1
2026-03-13 01:00:00,0.349,0.378,4.2,5.1
2026-03-13 02:00:00,0.347,0.377,6.1,6.4
2026-03-13 03:00:00,0.345,0.376,8.2,8
2026-03-13 04:00:00,0.344,0.375,10.2,9.5
2026-03-13 05:00:00,0.343,0.374,11.8,10.7
2026-03-13 06:00:00,0.342,0.373,12.9,11.3
2026-03-13 07:00:00,0.342,0.372,13.4,11.5
2026-03-13 08:00:00,0.342,0.371,13.3,11.2
2026-03-13 09:00:00,0.342,0.371,12.6,10.5
2026-03-13 10:00:00,0.343,0.371,11.5,9.7
2026-03-13 11:00:00,0.344,0.371,10.4,9
2026-03-13 12:00:00,0.345,0.371,9.4,8.3
2026-03-13 13:00:00,0.345,0.371,8.5,7.6
2026-03-13 14:00:00,0.346,0.371,7.7,7.1
2026-03-13 15:00:00,0.346,0.371,6.9,6.6
2026-03-13 16:00:00,0.347,0.372,6.2,6.2
2026-03-13 17:00:00,0.347,0.372,5.6,5.8
2026-03-13 18:00:00,0.347,0.372,5.1,5.4
2026-03-13 19:00:00,0.348,0.372,4.6,5.1
2026-03-13 20:00:00,0.348,0.372,4.1,4.9
2026-03-13 21:00:00,0.348,0.372,3.7,4.6
2026-03-13 22:00:00,0.348,0.372,3.4,4.4
2026-03-13 23:00:00,0.348,0.372,3.2,4.3
2026-03-14 00:00:00,0.348,0.372,3.7,4.7
2026-03-14 01:00:00,0.347,0.372,5,5.6
2026-03-14 02:00:00,0.345,0.371,6.7,6.9
2026-03-14 03:00:00,0.343,0.369,8.8,8.4
2026-03-14 04:00:00,0.342,0.368,10.9,10
2026-03-14 05:00:00,0.341,0.367,12.4,11.1
2026-03-14 06:00:00,0.34,0.366,13.4,11.7
2026-03-14 07:00:00,0.34,0.365,13.8,11.8
2026-03-14 08:00:00,0.34,0.364,13.5,11.3
2026-03-14 09:00:00,0.341,0.364,12.7,10.6
2026-03-14 10:00:00,0.341,0.364,11.7,9.8
2026-03-14 11:00:00,0.342,0.364,10.6,9
2026-03-14 12:00:00,0.343,0.364,9.6,8.3
2026-03-14 13:00:00,0.343,0.364,8.6,7.7
2026-03-14 14:00:00,0.344,0.364,7.8,7.1
2026-03-14 15:00:00,0.344,0.365,7.1,6.7
2026-03-14 16:00:00,0.345,0.365,6.4,6.3
2026-03-14 17:00:00,0.345,0.365,6,6
2026-03-14 18:00:00,0.345,0.365,5.7,5.9
2026-03-14 19:00:00,0.345,0.365,5.5,5.8
2026-03-14 20:00:00,0.345,0.365,5.3,5.7
2026-03-14 21:00:00,0.345,0.365,5.2,5.7
2026-03-14 22:00:00,0.345,0.365,5.1,5.7
2026-03-14 23:00:00,0.345,0.365,5.1,5.7
2026-03-15 00:00:00,0.345,0.365,5.3,6
2026-03-15 01:00:00,0.344,0.365,5.6,6.2
2026-03-15 02:00:00,0.344,0.365,6,6.6
2026-03-15 03:00:00,0.343,0.364,6.9,7.3
2026-03-15 04:00:00,0.342,0.363,8.4,8.5
2026-03-15 05:00:00,0.341,0.362,9.6,9.4
2026-03-15 06:00:00,0.34,0.362,10.2,9.8
2026-03-15 07:00:00,0.34,0.361,10.6,10
2026-03-15 08:00:00,0.34,0.361,10.4,9.8
2026-03-15 09:00:00,0.34,0.361,10,9.4
2026-03-15 10:00:00,0.341,0.361,9.5,8.9
2026-03-15 11:00:00,0.341,0.361,9,8.5
2026-03-15 12:00:00,0.342,0.361,8.4,8
2026-03-15 13:00:00,0.342,0.361,7.7,7.5
2026-03-15 14:00:00,0.342,0.361,7,7
2026-03-15 15:00:00,0.343,0.362,6.4,6.5
2026-03-15 16:00:00,0.343,0.362,5.8,6.1
2026-03-15 17:00:00,0.343,0.362,5.4,5.8
2026-03-15 18:00:00,0.344,0.362,5,5.6
2026-03-15 19:00:00,0.344,0.362,4.6,5.3
2026-03-15 20:00:00,0.344,0.362,4.2,5
2026-03-15 21:00:00,0.344,0.363,3.7,4.8
2026-03-15 22:00:00,0.344,0.363,3.4,4.5
2026-03-15 23:00:00,0.344,0.363,3.3,4.5
2026-03-16 00:00:00,0.344,0.363,3.7,4.8
2026-03-16 01:00:00,0.343,0.362,4.6,5.5
2026-03-16 02:00:00,0.342,0.362,6.1,6.7
2026-03-16 03:00:00,0.34,0.361,7.9,8
2026-03-16 04:00:00,0.339,0.36,9.5,9.2
2026-03-16 05:00:00,0.338,0.359,10.9,10.3
2026-03-16 06:00:00,0.337,0.358,11.9,11
2026-03-16 07:00:00,0.337,0.357,11.9,10.9
2026-03-16 08:00:00,0.337,0.357,11.7,10.7
2026-03-16 09:00:00,0.338,0.357,11.2,10.2
2026-03-16 10:00:00,0.338,0.357,10.6,9.7
2026-03-16 11:00:00,0.339,0.357,9.8,9
2026-03-16 12:00:00,0.339,0.357,8.9,8.4
2026-03-16 13:00:00,0.34,0.357,8.2,7.8
2026-03-16 14:00:00,0.34,0.358,7.6,7.3
2026-03-16 15:00:00,0.34,0.358,7,6.9
2026-03-16 16:00:00,0.341,0.358,6.5,6.6
2026-03-16 17:00:00,0.341,0.358,6.1,6.3
2026-03-16 18:00:00,0.341,0.358,5.6,6
2026-03-16 19:00:00,0.341,0.358,5.3,5.7
2026-03-16 20:00:00,0.342,0.359,4.9,5.5
2026-03-16 21:00:00,0.342,0.359,4.5,5.2
2026-03-16 22:00:00,0.342,0.359,4.1,5
2026-03-16 23:00:00,0.342,0.359,3.9,4.9
2026-03-17 00:00:00,0.341,0.359,4.4,5.2
2026-03-17 01:00:00,0.34,0.358,5.8,6.2
2026-03-17 02:00:00,0.339,0.357,7.7,7.6
2026-03-17 03:00:00,0.337,0.356,9.9,9.2
2026-03-17 04:00:00,0.335,0.355,12,10.7
2026-03-17 05:00:00,0.334,0.354,13.8,11.9
2026-03-17 06:00:00,0.333,0.353,15,12.7
2026-03-17 07:00:00,0.333,0.352,15.5,13
2026-03-17 08:00:00,0.333,0.352,15.2,12.7
2026-03-17 09:00:00,0.334,0.351,14.5,12.1
2026-03-17 10:00:00,0.334,0.351,13.4,11.3
2026-03-17 11:00:00,0.335,0.352,12.4,10.5
2026-03-17 12:00:00,0.335,0.352,11.4,9.8
2026-03-17 13:00:00,0.336,0.352,10.5,9.2
2026-03-17 14:00:00,0.336,0.352,9.9,8.8
2026-03-17 15:00:00,0.337,0.352,9.4,8.5
2026-03-17 16:00:00,0.337,0.353,9.2,8.4
2026-03-17 17:00:00,0.337,0.353,9,8.3
2026-03-17 18:00:00,0.337,0.373,8.8,8.3
2026-03-17 19:00:00,0.338,0.412,8.8,8.3
2026-03-17 20:00:00,0.362,0.426,8.7,8.3
2026-03-17 21:00:00,0.372,0.427,8.8,8.3
2026-03-17 22:00:00,0.38,0.43,8.8,8.4
2026-03-17 23:00:00,0.384,0.431,8.8,8.4
2026-03-18 00:00:00,0.384,0.431,9,8.5
2026-03-18 01:00:00,0.383,0.431,9.3,8.7
2026-03-18 02:00:00,0.383,0.432,9.6,8.9
2026-03-18 03:00:00,0.384,0.432,9.8,9.1
2026-03-18 04:00:00,0.382,0.432,9.8,9.1
2026-03-18 05:00:00,0.381,0.432,9.7,9.1
2026-03-18 06:00:00,0.38,0.432,9.5,9.1
2026-03-18 07:00:00,0.379,0.432,9.3,9
2026-03-18 08:00:00,0.378,0.432,9.1,9
2026-03-18 09:00:00,0.378,0.434,9,8.9
2026-03-18 10:00:00,0.378,0.435,8.7,8.7
2026-03-18 11:00:00,0.377,0.435,8.3,8.5
2026-03-18 12:00:00,0.377,0.434,8,8.2
2026-03-18 13:00:00,0.377,0.429,7.6,7.9
2026-03-18 14:00:00,0.377,0.421,7.1,7.6
2026-03-18 15:00:00,0.377,0.421,6.5,7.2
2026-03-18 16:00:00,0.378,0.421,6,6.9
2026-03-18 17:00:00,0.378,0.42,5.5,6.5
2026-03-18 18:00:00,0.379,0.421,5.1,6.3
2026-03-18 19:00:00,0.379,0.421,4.7,6
2026-03-18 20:00:00,0.379,0.421,4.3,5.7
2026-03-18 21:00:00,0.379,0.421,3.9,5.5
2026-03-18 22:00:00,0.378,0.421,3.7,5.2
2026-03-18 23:00:00,0.378,0.42,3.6,5.1
2026-03-19 00:00:00,0.378,0.42,4.3,5.5
2026-03-19 01:00:00,0.377,0.419,6.1,6.6
2026-03-19 02:00:00,0.376,0.417,8.1,8
2026-03-19 03:00:00,0.373,0.415,10.2,9.7
2026-03-19 04:00:00,0.372,0.413,12.2,11.2
2026-03-19 05:00:00,0.37,0.412,13.6,12.4
2026-03-19 06:00:00,0.369,0.41,14.2,12.9
2026-03-19 07:00:00,0.368,0.409,14.2,13
2026-03-19 08:00:00,0.367,0.408,13.7,12.6
2026-03-19 09:00:00,0.367,0.408,12.7,11.9
2026-03-19 10:00:00,0.367,0.408,11.3,11
2026-03-19 11:00:00,0.367,0.408,10.1,10.1
2026-03-19 12:00:00,0.368,0.409,8.9,9.3
2026-03-19 13:00:00,0.368,0.409,8,8.7
2026-03-19 14:00:00,0.368,0.409,7.2,8.1
2026-03-19 15:00:00,0.368,0.409,6.5,7.5
2026-03-19 16:00:00,0.369,0.407,6,7.1
2026-03-19 17:00:00,0.369,0.406,5.5,6.7
2026-03-19 18:00:00,0.369,0.406,5,6.4
2026-03-19 19:00:00,0.369,0.406,4.7,6.1
2026-03-19 20:00:00,0.369,0.406,4.4,5.9
2026-03-19 21:00:00,0.369,0.406,4.1,5.7
2026-03-19 22:00:00,0.369,0.406,3.9,5.5
2026-03-19 23:00:00,0.369,0.406,3.8,5.5
2026-03-20 00:00:00,0.368,0.405,4.5,5.9
2026-03-20 01:00:00,0.366,0.405,6.3,6.8
2026-03-20 02:00:00,0.365,0.404,8.4,8.3
2026-03-20 03:00:00,0.363,0.402,10.1,9.8
2026-03-20 04:00:00,0.362,0.401,11.6,11.2
2026-03-20 05:00:00,0.36,0.4,12.8,12.3
2026-03-20 06:00:00,0.36,0.399,13.7,12.9
2026-03-20 07:00:00,0.359,0.398,14.2,13
2026-03-20 08:00:00,0.358,0.397,13.9,12.6
2026-03-20 09:00:00,0.358,0.396,13.1,12
2026-03-20 10:00:00,0.359,0.396,11.9,11.2
2026-03-20 11:00:00,0.359,0.396,10.8,10.4
2026-03-20 12:00:00,0.359,0.396,9.8,9.7
2026-03-20 13:00:00,0.36,0.395,8.9,9
2026-03-20 14:00:00,0.36,0.395,8.1,8.4
2026-03-20 15:00:00,0.36,0.395,7.4,7.9
2026-03-20 16:00:00,0.361,0.395,6.7,7.4
2026-03-20 17:00:00,0.361,0.394,6.1,7
2026-03-20 18:00:00,0.361,0.394,5.7,6.8
2026-03-20 19:00:00,0.361,0.394,5.4,6.5
2026-03-20 20:00:00,0.361,0.394,5.1,6.4
2026-03-20 21:00:00,0.361,0.394,4.9,6.2
2026-03-20 22:00:00,0.36,0.394,4.7,6.1
2026-03-20 23:00:00,0.36,0.394,4.8,6.2
2026-03-21 00:00:00,0.359,0.393,5.3,6.5
2026-03-21 01:00:00,0.358,0.393,6.7,7.4
2026-03-21 02:00:00,0.356,0.392,8.7,8.7
2026-03-21 03:00:00,0.354,0.391,11,10.4
2026-03-21 04:00:00,0.352,0.389,13.2,12
2026-03-21 05:00:00,0.351,0.387,15,13.2
2026-03-21 06:00:00,0.35,0.385,16.1,13.9
2026-03-21 07:00:00,0.35,0.384,16.4,14.1
2026-03-21 08:00:00,0.35,0.383,16,13.7
2026-03-21 09:00:00,0.35,0.383,15,12.9
2026-03-21 10:00:00,0.351,0.383,13.6,11.9
2026-03-21 11:00:00,0.352,0.382,12.1,10.9
2026-03-21 12:00:00,0.352,0.382,10.9,10
2026-03-21 13:00:00,0.352,0.382,9.7,9.2
2026-03-21 14:00:00,0.353,0.382,8.7,8.5
2026-03-21 15:00:00,0.353,0.382,7.9,8
2026-03-21 16:00:00,0.353,0.382,7.3,7.6
2026-03-21 17:00:00,0.353,0.382,6.8,7.3
2026-03-21 18:00:00,0.353,0.382,6.4,7.1
2026-03-21 19:00:00,0.353,0.382,6.1,7
2026-03-21 20:00:00,0.353,0.382,5.8,6.8
2026-03-21 21:00:00,0.353,0.382,5.5,6.6
2026-03-21 22:00:00,0.353,0.382,5.3,6.5
2026-03-21 23:00:00,0.353,0.382,5.3,6.5
2026-03-22 00:00:00,0.352,0.381,5.8,6.8
2026-03-22 01:00:00,0.351,0.381,6.7,7.5
2026-03-22 02:00:00,0.35,0.38,7.7,8.2
2026-03-22 03:00:00,0.348,0.379,9,9.2
2026-03-22 04:00:00,0.347,0.378,11.3,10.7
2026-03-22 05:00:00,0.345,0.376,13.5,12.1
2026-03-22 06:00:00,0.344,0.375,15.1,12.9
2026-03-22 07:00:00,0.343,0.374,15.9,13.3
2026-03-22 08:00:00,0.342,0.373,15.8,13.1
2026-03-22 09:00:00,0.342,0.372,15,12.5
2026-03-22 10:00:00,0.343,0.372,13.8,11.6
2026-03-22 11:00:00,0.343,0.372,12.5,10.8
2026-03-22 12:00:00,0.344,0.372,11.3,10
2026-03-22 13:00:00,0.344,0.371,10.2,9.3
2026-03-22 14:00:00,0.345,0.372,9.2,8.6
2026-03-22 15:00:00,0.345,0.372,8.4,8.1
2026-03-22 16:00:00,0.345,0.372,7.7,7.7
2026-03-22 17:00:00,0.346,0.372,7,7.2
2026-03-22 18:00:00,0.346,0.372,6.4,6.8
2026-03-22 19:00:00,0.346,0.372,5.8,6.5
2026-03-22 20:00:00,0.346,0.372,5.3,6.2
2026-03-22 21:00:00,0.347,0.372,4.9,5.9
2026-03-22 22:00:00,0.347,0.372,4.5,5.7
2026-03-22 23:00:00,0.347,0.372,4.5,5.7
2026-03-23 00:00:00,0.346,0.372,5.3,6.2
2026-03-23 01:00:00,0.345,0.371,7,7.3
2026-03-23 02:00:00,0.343,0.37,9.1,8.8
2026-03-23 03:00:00,0.341,0.368,11.5,10.5
2026-03-23 04:00:00,0.34,0.367,13.6,12
2026-03-23 05:00:00,0.338,0.365,15.2,13.1
2026-03-23 06:00:00,0.337,0.363,16.4,13.8
2026-03-23 07:00:00,0.337,0.361,16.8,14
2026-03-23 08:00:00,0.336,0.361,16.7,13.6
2026-03-23 09:00:00,0.337,0.36,15.8,13
2026-03-23 10:00:00,0.337,0.36,14.6,12.2
2026-03-23 11:00:00,0.338,0.36,13.3,11.3
2026-03-23 12:00:00,0.338,0.36,12.1,10.6
2026-03-23 13:00:00,0.339,0.36,11.1,9.9
2026-03-23 14:00:00,0.339,0.361,10.2,9.3
2026-03-23 15:00:00,0.339,0.361,9.4,8.8
2026-03-23 16:00:00,0.34,0.361,8.7,8.3
2026-03-23 17:00:00,0.34,0.361,8.1,7.9
2026-03-23 18:00:00,0.34,0.361,7.5,7.6
2026-03-23 19:00:00,0.341,0.361,7,7.2
2026-03-23 20:00:00,0.341,0.362,6.5,6.9
2026-03-23 21:00:00,0.341,0.362,6.1,6.8
2026-03-23 22:00:00,0.341,0.362,5.9,6.6
2026-03-23 23:00:00,0.341,0.362,6,6.7
2026-03-24 00:00:00,0.34,0.361,6.9,7.3
2026-03-24 01:00:00,0.339,0.361,8.4,8.3
2026-03-24 02:00:00,0.337,0.36,10.3,9.7
2026-03-24 03:00:00,0.335,0.358,12.5,11.1
2026-03-24 04:00:00,0.334,0.357,14.3,12.3
2026-03-24 05:00:00,0.333,0.355,15.4,12.9
2026-03-24 06:00:00,0.332,0.354,15.9,13.2
2026-03-24 07:00:00,0.332,0.353,16.1,13.3
2026-03-24 08:00:00,0.332,0.353,15.7,13.1
2026-03-24 09:00:00,0.333,0.353,15,12.6
2026-03-24 10:00:00,0.333,0.353,14.2,12.2
2026-03-24 11:00:00,0.334,0.353,13.5,11.7
2026-03-24 12:00:00,0.334,0.353,12.9,11.3
2026-03-24 13:00:00,0.334,0.353,12.4,11
2026-03-24 14:00:00,0.335,0.354,12,10.7
2026-03-24 15:00:00,0.335,0.354,11.6,10.5
2026-03-24 16:00:00,0.335,0.354,11.3,10.3
2026-03-24 17:00:00,0.335,0.354,11,10.2
2026-03-24 18:00:00,0.335,0.354,10.8,10
2026-03-24 19:00:00,0.335,0.354,10.5,9.9
2026-03-24 20:00:00,0.335,0.355,10.3,9.8
2026-03-24 21:00:00,0.335,0.355,10.1,9.7
2026-03-24 22:00:00,0.335,0.355,10,9.6
2026-03-24 23:00:00,0.335,0.355,10,9.6
2026-03-25 00:00:00,0.334,0.355,10.2,9.8
2026-03-25 01:00:00,0.334,0.355,10.6,10
2026-03-25 02:00:00,0.334,0.355,11,10.4
2026-03-25 03:00:00,0.333,0.355,11.7,11
2026-03-25 04:00:00,0.332,0.354,13.3,12.2
2026-03-25 05:00:00,0.331,0.353,15.3,13.6
2026-03-25 06:00:00,0.33,0.351,16.7,14.4
2026-03-25 07:00:00,0.33,0.351,17.3,14.6
2026-03-25 08:00:00,0.33,0.35,17.2,14.4
2026-03-25 09:00:00,0.331,0.35,16.5,13.9
2026-03-25 10:00:00,0.332,0.351,15.4,13.2
2026-03-25 11:00:00,0.333,0.351,14.3,12.4
2026-03-25 12:00:00,0.333,0.351,13.3,11.8
2026-03-25 13:00:00,0.334,0.352,12.5,11.3
2026-03-25 14:00:00,0.334,0.352,11.7,10.8
2026-03-25 15:00:00,0.334,0.352,11,10.3
2026-03-25 16:00:00,0.335,0.352,10.3,9.8
2026-03-25 17:00:00,0.335,0.352,9.6,9.4
2026-03-25 18:00:00,0.335,0.353,9.1,9
2026-03-25 19:00:00,0.336,0.353,8.6,8.7
2026-03-25 20:00:00,0.335,0.353,8.4,8.6
2026-03-25 21:00:00,0.335,0.353,8.4,8.6
2026-03-25 22:00:00,0.335,0.353,8.2,8.5
2026-03-25 23:00:00,0.335,0.353,8.1,8.5
2026-03-26 00:00:00,0.335,0.353,8.8,8.9
2026-03-26 01:00:00,0.334,0.352,10.2,9.8
2026-03-26 02:00:00,0.332,0.351,12.1,11.1
2026-03-26 03:00:00,0.331,0.35,14.3,12.5
2026-03-26 04:00:00,0.329,0.348,16.2,13.9
2026-03-26 05:00:00,0.328,0.347,17.8,15
2026-03-26 06:00:00,0.328,0.345,18.8,15.6
2026-03-26 07:00:00,0.327,0.344,19,15.8
2026-03-26 08:00:00,0.327,0.344,18.6,15.5
2026-03-26 09:00:00,0.328,0.343,17.7,14.7
2026-03-26 10:00:00,0.328,0.344,16.3,13.8
2026-03-26 11:00:00,0.329,0.345,15,12.9
2026-03-26 12:00:00,0.33,0.345,13.9,12.2
2026-03-26 13:00:00,0.33,0.345,13,11.6
2026-03-26 14:00:00,0.33,0.345,12.2,11.1
2026-03-26 15:00:00,0.33,0.345,11.5,10.6
2026-03-26 16:00:00,0.331,0.346,10.8,10.2
2026-03-26 17:00:00,0.331,0.346,10.1,9.7
2026-03-26 18:00:00,0.331,0.346,9.5,9.3
2026-03-26 19:00:00,0.331,0.346,9.1,9.1
2026-03-26 20:00:00,0.331,0.347,8.6,8.8
2026-03-26 21:00:00,0.331,0.347,8.2,8.5
2026-03-26 22:00:00,0.332,0.347,7.8,8.2
2026-03-26 23:00:00,0.332,0.347,7.8,8.3
2026-03-27 00:00:00,0.331,0.347,8.5,8.8
2026-03-27 01:00:00,0.33,0.346,10,9.7
2026-03-27 02:00:00,0.328,0.345,11.9,11
2026-03-27 03:00:00,0.327,0.344,14.1,12.5
2026-03-27 04:00:00,0.325,0.342,16.2,13.9
2026-03-27 05:00:00,0.324,0.34,17.7,14.8
2026-03-27 06:00:00,0.324,0.339,18.5,15.3
2026-03-27 07:00:00,0.323,0.338,18.8,15.5
2026-03-27 08:00:00,0.323,0.337,18.4,15.2
2026-03-27 09:00:00,0.323,0.337,17.6,14.6
2026-03-27 10:00:00,0.324,0.337,16.5,13.8
2026-03-27 11:00:00,0.325,0.338,15.3,13.1
2026-03-27 12:00:00,0.325,0.338,14.3,12.4
2026-03-27 13:00:00,0.325,0.339,13.4,11.9
2026-03-27 14:00:00,0.325,0.339,12.7,11.4
2026-03-27 15:00:00,0.326,0.339,12,11
2026-03-27 16:00:00,0.326,0.339,11.7,10.7
2026-03-27 17:00:00,0.326,0.339,11.5,10.7
2026-03-27 18:00:00,0.326,0.339,11.4,10.7
2026-03-27 19:00:00,0.325,0.339,11.2,10.6
2026-03-27 20:00:00,0.325,0.34,11,10.5
2026-03-27 21:00:00,0.325,0.34,10.5,10.2
2026-03-27 22:00:00,0.326,0.34,10,9.9
2026-03-27 23:00:00,0.326,0.34,9.8,9.7
2026-03-28 00:00:00,0.326,0.34,10.3,10
2026-03-28 01:00:00,0.324,0.339,11.6,10.9
2026-03-28 02:00:00,0.323,0.338,13.6,12.2
2026-03-28 03:00:00,0.321,0.337,15.8,13.8
2026-03-28 04:00:00,0.32,0.335,17.8,15.2
2026-03-28 05:00:00,0.319,0.333,19.2,16.3
2026-03-28 06:00:00,0.318,0.332,20,16.9
2026-03-28 07:00:00,0.318,0.331,19.9,16.7
2026-03-28 08:00:00,0.318,0.331,19.2,16
2026-03-28 09:00:00,0.319,0.331,18.2,15.3
2026-03-28 10:00:00,0.319,0.331,16.9,14.5
2026-03-28 11:00:00,0.32,0.332,15.6,13.5
2026-03-28 12:00:00,0.32,0.333,14.4,12.7
2026-03-28 13:00:00,0.321,0.333,13.3,12
2026-03-28 14:00:00,0.321,0.333,12.3,11.3
2026-03-28 15:00:00,0.321,0.334,11.4,10.7
2026-03-28 16:00:00,0.322,0.334,10.7,10.2
2026-03-28 17:00:00,0.322,0.334,10.1,9.9
2026-03-28 18:00:00,0.322,0.334,9.6,9.6
2026-03-28 19:00:00,0.323,0.335,9.2,9.3
2026-03-28 20:00:00,0.323,0.335,8.7,9.1
2026-03-28 21:00:00,0.323,0.335,8.3,8.8
2026-03-28 22:00:00,0.323,0.335,8,8.6
2026-03-28 23:00:00,0.323,0.335,8.1,8.7
2026-03-29 00:00:00,0.322,0.335,8.8,9.2
2026-03-29 01:00:00,0.321,0.334,10.4,10.2
2026-03-29 02:00:00,0.32,0.333,12.4,11.6
2026-03-29 03:00:00,0.318,0.332,14.5,13
2026-03-29 04:00:00,0.317,0.33,16.5,14.4
2026-03-29 05:00:00,0.316,0.329,18.4,15.5
2026-03-29 06:00:00,0.315,0.327,19.3,16.1
2026-03-29 07:00:00,0.315,0.327,19.2,15.9
2026-03-29 08:00:00,0.315,0.326,18.8,15.7
2026-03-29 09:00:00,0.315,0.326,18.2,15.3
2026-03-29 10:00:00,0.315,0.327,17.4,14.8
2026-03-29 11:00:00,0.316,0.327,16.5,14.2
2026-03-29 12:00:00,0.316,0.328,15.5,13.6
2026-03-29 13:00:00,0.317,0.328,14.7,12.9
2026-03-29 14:00:00,0.317,0.329,13.9,12.4
2026-03-29 15:00:00,0.317,0.329,13.1,11.9
2026-03-29 16:00:00,0.317,0.329,12.5,11.6
2026-03-29 17:00:00,0.318,0.329,12.1,11.3
2026-03-29 18:00:00,0.318,0.329,11.7,11
2026-03-29 19:00:00,0.317,0.33,11.4,10.9
2026-03-29 20:00:00,0.317,0.33,11.1,10.7
2026-03-29 21:00:00,0.318,0.33,10.8,10.5
2026-03-29 22:00:00,0.317,0.33,10.7,10.4
2026-03-29 23:00:00,0.317,0.33,10.8,10.5
2026-03-30 00:00:00,0.317,0.33,11.2,10.8
2026-03-30 01:00:00,0.317,0.33,11.9,11.4
2026-03-30 02:00:00,0.316,0.329,12.8,12
2026-03-30 03:00:00,0.316,0.329,13.4,12.4
2026-03-30 04:00:00,0.315,0.329,13.8,12.7
2026-03-30 05:00:00,0.315,0.329,14,12.7
2026-03-30 06:00:00,0.316,0.329,14,12.8
2026-03-30 07:00:00,0.316,0.329,13.9,12.8
2026-03-30 08:00:00,0.316,0.337,13.8,12.8
2026-03-30 09:00:00,0.317,0.397,13.7,12.8
2026-03-30 10:00:00,0.317,0.401,13.5,12.7
2026-03-30 11:00:00,0.329,0.415,13.3,12.5
2026-03-30 12:00:00,0.354,0.434,13.1,12.4
2026-03-30 13:00:00,0.368,0.435,12.9,12.3
2026-03-30 14:00:00,0.374,0.435,12.8,12.2
2026-03-30 15:00:00,0.377,0.435,12.6,12.1
2026-03-30 16:00:00,0.378,0.436,12.5,12
2026-03-30 17:00:00,0.377,0.436,12.4,12
2026-03-30 18:00:00,0.376,0.436,12.3,11.9
2026-03-30 19:00:00,0.375,0.436,12.2,11.8
2026-03-30 20:00:00,0.375,0.437,12,11.7
2026-03-30 21:00:00,0.374,0.437,11.8,11.6
2026-03-30 22:00:00,0.374,0.437,11.6,11.5
2026-03-30 23:00:00,0.374,0.437,11.8,11.5
2026-03-31 00:00:00,0.373,0.437,12.5,11.9
2026-03-31 01:00:00,0.372,0.437,13.3,12.4
2026-03-31 02:00:00,0.371,0.436,14.6,13.3
2026-03-31 03:00:00,0.369,0.435,16.3,14.6
2026-03-31 04:00:00,0.367,0.433,18.2,16
2026-03-31 05:00:00,0.365,0.432,19.4,17
2026-03-31 06:00:00,0.364,0.432,19.5,17.5
2026-03-31 07:00:00,0.363,0.432,18.9,17.3
2026-03-31 08:00:00,0.363,0.432,18.2,16.8
2026-03-31 09:00:00,0.363,0.433,17.4,16.3
2026-03-31 10:00:00,0.363,0.433,16.4,15.6
2026-03-31 11:00:00,0.363,0.434,15.6,15
2026-03-31 12:00:00,0.363,0.434,15.1,14.6
2026-03-31 13:00:00,0.363,0.434,14.5,14.2
2026-03-31 14:00:00,0.363,0.435,14,13.8
2026-03-31 15:00:00,0.363,0.435,13.5,13.4
2026-03-31 16:00:00,0.363,0.435,13.1,13.1
2026-03-31 17:00:00,0.363,0.435,12.8,12.8
2026-03-31 18:00:00,0.362,0.435,12.6,12.6
2026-03-31 19:00:00,0.362,0.436,12.4,12.5
2026-03-31 20:00:00,0.362,0.436,12.2,12.3
2026-03-31 21:00:00,0.362,0.436,12,12.1
2026-03-31 22:00:00,0.362,0.436,11.9,12
2026-03-31 23:00:00,0.362,0.436,12,12.1
2026-04-01 00:00:00,0.361,0.435,12.6,12.3
2026-04-01 01:00:00,0.361,0.435,13.1,12.6
2026-04-01 02:00:00,0.36,0.435,13.8,13
2026-04-01 03:00:00,0.36,0.435,14.7,13.5
2026-04-01 04:00:00,0.359,0.434,15.2,14
2026-04-01 05:00:00,0.359,0.434,15.4,14.2
2026-04-01 06:00:00,0.359,0.434,15.6,14.5
2026-04-01 07:00:00,0.358,0.434,15.6,14.7
2026-04-01 08:00:00,0.358,0.435,15.4,14.6
2026-04-01 09:00:00,0.359,0.436,14.9,14.3
2026-04-01 10:00:00,0.359,0.436,14.1,13.9
2026-04-01 11:00:00,0.359,0.437,13.5,13.4
2026-04-01 12:00:00,0.359,0.438,12.8,12.9
2026-04-01 13:00:00,0.359,0.438,12.2,12.5
2026-04-01 14:00:00,0.359,0.438,11.6,12
2026-04-01 15:00:00,0.36,0.439,11,11.6
2026-04-01 16:00:00,0.36,0.439,10.4,11.2
2026-04-01 17:00:00,0.36,0.439,9.8,10.7
2026-04-01 18:00:00,0.36,0.439,9.3,10.3
2026-04-01 19:00:00,0.36,0.44,8.8,10
2026-04-01 20:00:00,0.361,0.44,8.4,9.7
2026-04-01 21:00:00,0.361,0.44,8,9.4
2026-04-01 22:00:00,0.361,0.44,7.7,9.2
2026-04-01 23:00:00,0.361,0.44,7.8,9.2
2026-04-02 00:00:00,0.36,0.44,8.9,9.7
2026-04-02 01:00:00,0.358,0.439,10.7,10.7
2026-04-02 02:00:00,0.357,0.436,12.8,12.1
2026-04-02 03:00:00,0.355,0.434,14.7,13.7
2026-04-02 04:00:00,0.354,0.432,16.2,15.1
2026-04-02 05:00:00,0.353,0.43,17.4,16
2026-04-02 06:00:00,0.352,0.428,18.2,16.7
2026-04-02 07:00:00,0.352,0.427,18.6,17
2026-04-02 08:00:00,0.352,0.427,18.3,16.7
2026-04-02 09:00:00,0.352,0.427,17.4,16.1
2026-04-02 10:00:00,0.352,0.428,16.2,15.3
2026-04-02 11:00:00,0.353,0.428,15.2,14.6
2026-04-02 12:00:00,0.353,0.429,14.3,14
2026-04-02 13:00:00,0.353,0.43,13.5,13.4
2026-04-02 14:00:00,0.353,0.423,12.8,12.8
2026-04-02 15:00:00,0.353,0.42,12.3,12.5
2026-04-02 16:00:00,0.353,0.42,12,12.3
2026-04-02 17:00:00,0.353,0.42,11.8,12.1
2026-04-02 18:00:00,0.353,0.42,11.6,11.9
2026-04-02 19:00:00,0.353,0.42,11.3,11.7
2026-04-02 20:00:00,0.353,0.42,11,11.6
2026-04-02 21:00:00,0.352,0.42,10.8,11.4
2026-04-02 22:00:00,0.352,0.42,10.5,11.2
2026-04-02 23:00:00,0.352,0.421,10.6,11.2
2026-04-03 00:00:00,0.351,0.42,11.1,11.5
2026-04-03 01:00:00,0.351,0.42,12.2,12.1
2026-04-03 02:00:00,0.349,0.419,13.8,13.2
2026-04-03 03:00:00,0.348,0.417,15.6,14.5
2026-04-03 04:00:00,0.347,0.416,16.8,15.3
2026-04-03 05:00:00,0.346,0.414,17.9,15.9
2026-04-03 06:00:00,0.345,0.413,18.5,16.3
2026-04-03 07:00:00,0.345,0.412,18.3,16
2026-04-03 08:00:00,0.346,0.412,17.5,15.5
2026-04-03 09:00:00,0.346,0.412,16.7,15
2026-04-03 10:00:00,0.346,0.412,15.9,14.6
2026-04-03 11:00:00,0.346,0.413,15.3,14.2
2026-04-03 12:00:00,0.346,0.414,14.9,14
2026-04-03 13:00:00,0.347,0.424,14.6,13.8
2026-04-03 14:00:00,0.347,0.427,14.3,13.6
2026-04-03 15:00:00,0.356,0.427,13.9,13.4
2026-04-03 16:00:00,0.38,0.428,13.6,13.2
2026-04-03 17:00:00,0.384,0.428,13.4,13
2026-04-03 18:00:00,0.385,0.428,13.2,12.9
2026-04-03 19:00:00,0.386,0.428,13.1,12.8
2026-04-03 20:00:00,0.386,0.429,13,12.7
2026-04-03 21:00:00,0.386,0.429,12.9,12.6
2026-04-03 22:00:00,0.386,0.429,12.8,12.6
2026-04-03 23:00:00,0.385,0.429,12.8,12.7
2026-04-04 00:00:00,0.384,0.429,13.2,13.3
2026-04-04 01:00:00,0.382,0.427,14.1,14.7
2026-04-04 02:00:00,0.38,0.426,15.4,16.1
2026-04-04 03:00:00,0.378,0.426,16.3,16.9
2026-04-04 04:00:00,0.376,0.425,16.9,16.8
2026-04-04 05:00:00,0.376,0.426,16.7,16.2
2026-04-04 06:00:00,0.375,0.426,16.8,16.4
2026-04-04 07:00:00,0.374,0.426,16.6,16
2026-04-04 08:00:00,0.374,0.426,15.8,15.3
2026-04-04 09:00:00,0.374,0.427,15.2,14.8
2026-04-04 10:00:00,0.374,0.427,14.6,14.3
2026-04-04 11:00:00,0.374,0.428,14,14
2026-04-04 12:00:00,0.374,0.428,13.5,13.7
2026-04-04 13:00:00,0.374,0.429,13.1,13.3
2026-04-04 14:00:00,0.375,0.429,12.7,13
2026-04-04 15:00:00,0.375,0.429,12.3,12.8
2026-04-04 16:00:00,0.375,0.429,11.9,12.5
2026-04-04 17:00:00,0.375,0.43,11.5,12.3
2026-04-04 18:00:00,0.375,0.43,11.3,12.1
2026-04-04 19:00:00,0.375,0.43,11,11.9
2026-04-04 20:00:00,0.375,0.43,10.8,11.7
2026-04-04 21:00:00,0.375,0.43,10.6,11.6
2026-04-04 22:00:00,0.375,0.43,10.4,11.4
2026-04-04 23:00:00,0.375,0.43,10.6,11.4
2026-04-05 00:00:00,0.375,0.43,11.4,11.7
2026-04-05 01:00:00,0.374,0.43,12.6,12.3
2026-04-05 02:00:00,0.372,0.429,14.5,13.4
2026-04-05 03:00:00,0.371,0.427,16.5,14.8
2026-04-05 04:00:00,0.369,0.426,17.9,16
2026-04-05 05:00:00,0.368,0.425,18.9,17
2026-04-05 06:00:00,0.367,0.424,19.6,17.7
2026-04-05 07:00:00,0.367,0.424,19.8,18
2026-04-05 08:00:00,0.366,0.424,19.3,17.8
2026-04-05 09:00:00,0.366,0.425,18.3,17.2
2026-04-05 10:00:00,0.366,0.425,17.1,16.5
2026-04-05 11:00:00,0.366,0.426,16,15.7
2026-04-05 12:00:00,0.366,0.426,15.1,15.1
2026-04-05 13:00:00,0.366,0.427,14.5,14.6
2026-04-05 14:00:00,0.366,0.427,14.1,14.2
2026-04-05 15:00:00,0.366,0.428,13.8,14
2026-04-05 16:00:00,0.366,0.428,13.7,13.8
2026-04-05 17:00:00,0.366,0.428,13.5,13.6
2026-04-05 18:00:00,0.366,0.428,13.3,13.5
2026-04-05 19:00:00,0.366,0.429,13.2,13.4
2026-04-05 20:00:00,0.365,0.429,13.2,13.3
2026-04-05 21:00:00,0.365,0.429,13.1,13.2
2026-04-05 22:00:00,0.368,0.429,13,13.1
2026-04-05 23:00:00,0.368,0.429,13.3,13.2
2026-04-06 00:00:00,0.367,0.428,13.9,13.4
2026-04-06 01:00:00,0.367,0.428,14.6,13.8
2026-04-06 02:00:00,0.366,0.427,15.2,14.2
2026-04-06 03:00:00,0.366,0.427,15.4,14.3
2026-04-06 04:00:00,0.366,0.427,15.7,14.5
2026-04-06 05:00:00,0.366,0.427,15.8,14.6
2026-04-06 06:00:00,0.366,0.427,15.6,14.6
2026-04-06 07:00:00,0.366,0.427,15.5,14.6
2026-04-06 08:00:00,0.366,0.427,15.2,14.5
2026-04-06 09:00:00,0.367,0.427,14.9,14.3
2026-04-06 10:00:00,0.367,0.428,14.3,14.1
2026-04-06 11:00:00,0.368,0.428,13.6,13.7
2026-04-06 12:00:00,0.368,0.429,12.8,13.3
2026-04-06 13:00:00,0.369,0.429,12.2,12.9
2026-04-06 14:00:00,0.369,0.429,11.6,12.5
2026-04-06 15:00:00,0.37,0.43,11,12.1
2026-04-06 16:00:00,0.37,0.43,10.5,11.7
2026-04-06 17:00:00,0.371,0.43,9.9,11.3
2026-04-06 18:00:00,0.371,0.431,9.3,10.9
2026-04-06 19:00:00,0.372,0.431,8.8,10.6
2026-04-06 20:00:00,0.372,0.431,8.4,10.3
2026-04-06 21:00:00,0.373,0.432,7.9,10
2026-04-06 22:00:00,0.373,0.432,7.5,9.7
2026-04-06 23:00:00,0.373,0.432,7.8,9.7
2026-04-07 00:00:00,0.372,0.432,9,10.1
2026-04-07 01:00:00,0.371,0.431,10.7,11
2026-04-07 02:00:00,0.37,0.43,12.5,12.3
2026-04-07 03:00:00,0.369,0.428,14.2,13.8
2026-04-07 04:00:00,0.368,0.426,15.4,15.2
2026-04-07 05:00:00,0.367,0.425,16.1,16.1
2026-04-07 06:00:00,0.367,0.426,16.5,16.7
2026-04-07 07:00:00,0.366,0.427,16.6,16.9
2026-04-07 08:00:00,0.366,0.428,16.1,16.6
2026-04-07 09:00:00,0.366,0.428,15.1,15.9
2026-04-07 10:00:00,0.367,0.428,13.8,15
2026-04-07 11:00:00,0.367,0.429,12.6,14.1
2026-04-07 12:00:00,0.367,0.43,11.5,13.2
2026-04-07 13:00:00,0.368,0.431,10.6,12.4
2026-04-07 14:00:00,0.368,0.432,9.7,11.8
2026-04-07 15:00:00,0.368,0.432,9,11.2
2026-04-07 16:00:00,0.369,0.432,8.4,10.7
2026-04-07 17:00:00,0.369,0.433,7.8,10.2
2026-04-07 18:00:00,0.369,0.433,7.3,9.8
2026-04-07 19:00:00,0.369,0.433,6.8,9.4
2026-04-07 20:00:00,0.369,0.434,6.4,9.1
2026-04-07 21:00:00,0.37,0.434,6,8.8
2026-04-07 22:00:00,0.37,0.433,5.7,8.5
2026-04-07 23:00:00,0.369,0.433,6,8.5
2026-04-08 00:00:00,0.368,0.432,7.2,9
2026-04-08 01:00:00,0.367,0.431,9.2,10
2026-04-08 02:00:00,0.365,0.43,11.4,11.5
2026-04-08 03:00:00,0.363,0.428,13.7,13.3
2026-04-08 04:00:00,0.362,0.425,15.8,14.8
2026-04-08 05:00:00,0.36,0.424,17.5,15.9
2026-04-08 06:00:00,0.359,0.423,18.8,16.7
2026-04-08 07:00:00,0.358,0.419,19.1,16.9
2026-04-08 08:00:00,0.358,0.419,18.7,16.8
2026-04-08 09:00:00,0.358,0.419,17.6,16.2
2026-04-08 10:00:00,0.358,0.42,16.2,15.4
2026-04-08 11:00:00,0.358,0.42,15,14.6
2026-04-08 12:00:00,0.358,0.421,13.9,13.9
2026-04-08 13:00:00,0.358,0.422,13.1,13.3
2026-04-08 14:00:00,0.358,0.422,12.5,12.8
2026-04-08 15:00:00,0.358,0.422,12,12.5
2026-04-08 16:00:00,0.358,0.423,11.7,12.2
2026-04-08 17:00:00,0.357,0.423,11.4,12.1
2026-04-08 18:00:00,0.357,0.423,11.2,11.9
2026-04-08 19:00:00,0.357,0.426,11.1,11.8
2026-04-08 20:00:00,0.356,0.427,11,11.7
2026-04-08 21:00:00,0.356,0.427,10.9,11.6
2026-04-08 22:00:00,0.356,0.428,10.9,11.6
2026-04-08 23:00:00,0.355,0.429,11,11.6
2026-04-09 00:00:00,0.355,0.43,11.2,11.7
2026-04-09 01:00:00,0.355,0.428,11.5,11.8
2026-04-09 02:00:00,0.355,0.428,11.9,12
2026-04-09 03:00:00,0.375,0.428,12.4,12.3
2026-04-09 04:00:00,0.386,0.428,12.8,12.5
2026-04-09 05:00:00,0.386,0.428,13.3,12.7
2026-04-09 06:00:00,0.386,0.428,13.7,13
2026-04-09 07:00:00,0.386,0.428,14,13.2
2026-04-09 08:00:00,0.386,0.428,14.3,13.4
2026-04-09 09:00:00,0.385,0.428,14.5,13.9
2026-04-09 10:00:00,0.383,0.428,14.5,13.9
2026-04-09 11:00:00,0.383,0.428,14.5,13.9
2026-04-09 12:00:00,0.382,0.428,14.5,13.9
2026-04-09 13:00:00,0.382,0.428,14.5,13.8
2026-04-09 14:00:00,0.382,0.428,14.5,13.8
2026-04-09 15:00:00,0.381,0.428,14.5,13.8
2026-04-09 16:00:00,0.382,0.428,14.5,13.8
2026-04-09 17:00:00,0.383,0.428,14.3,13.7
2026-04-09 18:00:00,0.383,0.428,14.2,13.5
2026-04-09 19:00:00,0.383,0.429,14,13.4
2026-04-09 20:00:00,0.383,0.429,13.8,13.2
2026-04-09 21:00:00,0.382,0.429,13.4,13
2026-04-09 22:00:00,0.382,0.429,13.2,12.8
2026-04-09 23:00:00,0.382,0.429,13,12.7
2026-04-10 00:00:00,0.382,0.429,13.1,12.8
2026-04-10 01:00:00,0.382,0.429,13.2,12.9
2026-04-10 02:00:00,0.381,0.429,13.3,13
2026-04-10 03:00:00,0.381,0.429,13.6,13.2
2026-04-10 04:00:00,0.381,0.429,13.9,13.5
2026-04-10 05:00:00,0.38,0.428,14.1,13.7
2026-04-10 06:00:00,0.38,0.428,14.1,13.8
2026-04-10 07:00:00,0.38,0.428,13.9,13.7
2026-04-10 08:00:00,0.379,0.429,13.7,13.6
2026-04-10 09:00:00,0.379,0.429,13.5,13.4
2026-04-10 10:00:00,0.379,0.429,13.1,13.2
2026-04-10 11:00:00,0.38,0.429,12.7,13
2026-04-10 12:00:00,0.38,0.429,12.4,12.8
2026-04-10 13:00:00,0.38,0.429,12.2,12.6
2026-04-10 14:00:00,0.38,0.429,12,12.5
2026-04-10 15:00:00,0.38,0.429,11.9,12.3
2026-04-10 16:00:00,0.379,0.43,11.8,12.2
2026-04-10 17:00:00,0.379,0.43,11.7,12.1
2026-04-10 18:00:00,0.379,0.43,11.5,12
2026-04-10 19:00:00,0.379,0.43,11.4,12
2026-04-10 20:00:00,0.379,0.43,11.4,11.9
2026-04-10 21:00:00,0.379,0.43,11.3,11.9
2026-04-10 22:00:00,0.379,0.43,11.3,11.8
2026-04-10 23:00:00,0.378,0.43,11.5,11.8
2026-04-11 00:00:00,0.378,0.43,12.2,12.1
2026-04-11 01:00:00,0.377,0.429,13.5,12.7
2026-04-11 02:00:00,0.376,0.428,15.7,13.9
2026-04-11 03:00:00,0.375,0.426,17.6,15.3
2026-04-11 04:00:00,0.373,0.425,18.8,16.4
2026-04-11 05:00:00,0.372,0.425,19.6,17.3
2026-04-11 06:00:00,0.372,0.424,19.8,17.7
2026-04-11 07:00:00,0.371,0.424,19.7,17.9
2026-04-11 08:00:00,0.371,0.424,19.3,17.7
2026-04-11 09:00:00,0.371,0.424,18.5,17.3
2026-04-11 10:00:00,0.371,0.425,17.7,16.8
2026-04-11 11:00:00,0.371,0.425,16.8,16.2
2026-04-11 12:00:00,0.371,0.425,16.1,15.7
2026-04-11 13:00:00,0.371,0.426,15.5,15.3
2026-04-11 14:00:00,0.371,0.426,15,14.9
2026-04-11 15:00:00,0.371,0.426,14.6,14.5
2026-04-11 16:00:00,0.371,0.426,14.3,14.3
2026-04-11 17:00:00,0.371,0.427,14.1,14.1
2026-04-11 18:00:00,0.371,0.427,14,14
2026-04-11 19:00:00,0.371,0.427,13.8,13.9
2026-04-11 20:00:00,0.371,0.427,13.6,13.7
2026-04-11 21:00:00,0.371,0.427,13.5,13.6
2026-04-11 22:00:00,0.371,0.427,13.3,13.5
2026-04-11 23:00:00,0.371,0.428,13.4,13.4
2026-04-12 00:00:00,0.371,0.427,13.8,13.6
2026-04-12 01:00:00,0.37,0.427,15,14.1
2026-04-12 02:00:00,0.369,0.427,16.2,14.8
2026-04-12 03:00:00,0.368,0.427,17.2,15.4
2026-04-12 04:00:00,0.367,0.427,18.1,16.2
2026-04-12 05:00:00,0.367,0.427,19,16.8
2026-04-12 06:00:00,0.366,0.426,19.4,17.3
2026-04-12 07:00:00,0.366,0.425,19.6,17.5
2026-04-12 08:00:00,0.365,0.425,19.1,17.4
2026-04-12 09:00:00,0.366,0.426,18.4,17
2026-04-12 10:00:00,0.366,0.426,17.8,16.6
2026-04-12 11:00:00,0.366,0.427,17.2,16.2
2026-04-12 12:00:00,0.366,0.427,16.6,15.8
2026-04-12 13:00:00,0.366,0.427,16.2,15.4
2026-04-12 14:00:00,0.366,0.427,15.8,15.2
2026-04-12 15:00:00,0.366,0.428,15.4,14.9
2026-04-12 16:00:00,0.365,0.428,15.1,14.7
2026-04-12 17:00:00,0.365,0.428,14.8,14.5
2026-04-12 18:00:00,0.365,0.428,14.5,14.3
2026-04-12 19:00:00,0.365,0.429,14.2,14.1
2026-04-12 20:00:00,0.365,0.429,14,13.9
2026-04-12 21:00:00,0.365,0.429,13.6,13.7
2026-04-12 22:00:00,0.365,0.43,13.2,13.5
2026-04-12 23:00:00,0.365,0.43,13.5,13.5
2026-04-13 00:00:00,0.364,0.429,14.6,13.9
2026-04-13 01:00:00,0.363,0.428,16.2,14.9
2026-04-13 02:00:00,0.362,0.427,17.8,16
2026-04-13 03:00:00,0.361,0.425,19.4,17.2
2026-04-13 04:00:00,0.36,0.424,20.3,17.9
2026-04-13 05:00:00,0.359,0.423,20.8,18.4
2026-04-13 06:00:00,0.358,0.422,21,18.7
2026-04-13 07:00:00,0.358,0.422,20.6,18.6
2026-04-13 08:00:00,0.358,0.422,20.1,18.4
2026-04-13 09:00:00,0.358,0.423,19.5,18.1
2026-04-13 10:00:00,0.358,0.423,18.8,17.6
2026-04-13 11:00:00,0.358,0.423,18.1,17.1
2026-04-13 12:00:00,0.358,0.424,17.5,16.6
2026-04-13 13:00:00,0.358,0.424,16.8,16.2
2026-04-13 14:00:00,0.357,0.425,16.4,15.8
2026-04-13 15:00:00,0.357,0.425,16.1,15.5
2026-04-13 16:00:00,0.357,0.425,15.8,15.3
2026-04-13 17:00:00,0.356,0.425,15.5,15.1
2026-04-13 18:00:00,0.356,0.425,15.2,14.9
2026-04-13 19:00:00,0.356,0.426,15,14.8
2026-04-13 20:00:00,0.356,0.426,14.8,14.6
2026-04-13 21:00:00,0.355,0.426,14.6,14.5
2026-04-13 22:00:00,0.355,0.426,14.5,14.4
2026-04-13 23:00:00,0.354,0.426,14.7,14.5
2026-04-14 00:00:00,0.354,0.426,15.1,14.6
2026-04-14 01:00:00,0.353,0.426,15.5,14.9
2026-04-14 02:00:00,0.353,0.425,16.2,15.2
2026-04-14 03:00:00,0.352,0.425,16.8,15.6
2026-04-14 04:00:00,0.352,0.425,17.3,16
2026-04-14 05:00:00,0.351,0.423,17.8,16.3
2026-04-14 06:00:00,0.351,0.421,17.9,16.4
2026-04-14 07:00:00,0.351,0.421,17.9,16.5
2026-04-14 08:00:00,0.351,0.42,18,16.6
2026-04-14 09:00:00,0.35,0.42,17.9,16.6
2026-04-14 10:00:00,0.35,0.42,17.5,16.4
2026-04-14 11:00:00,0.35,0.42,17.1,16.2
2026-04-14 12:00:00,0.35,0.421,16.6,15.9
2026-04-14 13:00:00,0.35,0.421,16.1,15.5
2026-04-14 14:00:00,0.35,0.421,15.5,15.1
2026-04-14 15:00:00,0.35,0.422,14.9,14.7
2026-04-14 16:00:00,0.35,0.422,14.4,14.4
2026-04-14 17:00:00,0.35,0.421,13.8,14
2026-04-14 18:00:00,0.35,0.422,13.3,13.7
2026-04-14 19:00:00,0.35,0.422,12.9,13.4
2026-04-14 20:00:00,0.35,0.422,12.5,13.1
2026-04-14 21:00:00,0.349,0.422,12.3,12.9
2026-04-14 22:00:00,0.349,0.423,12.2,12.8
2026-04-14 23:00:00,0.349,0.423,12.4,12.9
2026-04-15 00:00:00,0.348,0.422,13.6,13.4
2026-04-15 01:00:00,0.347,0.421,15.3,14.4
2026-04-15 02:00:00,0.346,0.42,17.3,15.7
2026-04-15 03:00:00,0.345,0.418,19.4,17.1
2026-04-15 04:00:00,0.343,0.417,21.2,18.5
2026-04-15 05:00:00,0.342,0.415,22.4,19.5
2026-04-15 06:00:00,0.342,0.413,23.1,19.9
2026-04-15 07:00:00,0.341,0.413,23.3,20
2026-04-15 08:00:00,0.341,0.412,22.8,19.7
2026-04-15 09:00:00,0.341,0.412,21.7,19.1
2026-04-15 10:00:00,0.342,0.413,20.3,18.3
2026-04-15 11:00:00,0.343,0.413,18.9,17.5
2026-04-15 12:00:00,0.343,0.413,17.7,16.8
2026-04-15 13:00:00,0.343,0.414,16.6,16.1
2026-04-15 14:00:00,0.343,0.414,15.8,15.5
2026-04-15 15:00:00,0.343,0.414,15.1,15.1
2026-04-15 16:00:00,0.343,0.415,14.5,14.7
2026-04-15 17:00:00,0.343,0.415,13.9,14.3
2026-04-15 18:00:00,0.343,0.415,13.4,14
2026-04-15 19:00:00,0.342,0.415,13,13.7
2026-04-15 20:00:00,0.342,0.415,12.5,13.4
2026-04-15 21:00:00,0.342,0.415,12.1,13.1
2026-04-15 22:00:00,0.342,0.415,11.9,12.9
2026-04-15 23:00:00,0.341,0.415,12.3,13
2026-04-16 00:00:00,0.34,0.415,13.7,13.6
2026-04-16 01:00:00,0.339,0.413,15.5,14.7
2026-04-16 02:00:00,0.338,0.412,17.7,16
2026-04-16 03:00:00,0.336,0.405,20.1,17.6
2026-04-16 04:00:00,0.334,0.4,22.3,19
2026-04-16 05:00:00,0.334,0.399,24,20.1
2026-04-16 06:00:00,0.333,0.397,25,20.7
2026-04-16 07:00:00,0.333,0.396,25.1,20.9
2026-04-16 08:00:00,0.332,0.396,24.6,20.6
2026-04-16 09:00:00,0.333,0.396,23.4,20
2026-04-16 10:00:00,0.333,0.397,22.1,19.2
2026-04-16 11:00:00,0.333,0.396,20.7,18.4
2026-04-16 12:00:00,0.334,0.396,19.5,17.6
2026-04-16 13:00:00,0.334,0.396,18.7,17.1
2026-04-16 14:00:00,0.334,0.396,18,16.6
2026-04-16 15:00:00,0.334,0.396,17.4,16.3
2026-04-16 16:00:00,0.334,0.396,16.9,16
2026-04-16 17:00:00,0.334,0.396,16.4,15.7
2026-04-16 18:00:00,0.334,0.396,16,15.5
2026-04-16 19:00:00,0.333,0.396,15.6,15.3
2026-04-16 20:00:00,0.333,0.396,15.4,15.1
2026-04-16 21:00:00,0.333,0.396,15.1,15
2026-04-16 22:00:00,0.333,0.396,15,14.8
2026-04-16 23:00:00,0.333,0.396,14.9,14.8
2026-04-17 00:00:00,0.333,0.396,15.2,15
2026-04-17 01:00:00,0.332,0.396,15.4,15.1
2026-04-17 02:00:00,0.332,0.396,15.4,15.2
2026-04-17 03:00:00,0.332,0.395,15.6,15.3
2026-04-17 04:00:00,0.332,0.396,15.7,15.4
2026-04-17 05:00:00,0.332,0.398,16,15.5
2026-04-17 06:00:00,0.332,0.399,16.2,15.7
2026-04-17 07:00:00,0.332,0.408,16.2,15.7
2026-04-17 08:00:00,0.333,0.417,16.2,15.7
2026-04-17 09:00:00,0.333,0.421,16.1,15.6
2026-04-17 10:00:00,0.334,0.422,15.9,15.5
2026-04-17 11:00:00,0.345,0.423,15.7,15.4
2026-04-17 12:00:00,0.347,0.423,15.5,15.3
2026-04-17 13:00:00,0.346,0.423,15.4,15.2
2026-04-17 14:00:00,0.345,0.424,15.3,15.1
2026-04-17 15:00:00,0.352,0.424,15.2,15
2026-04-17 16:00:00,0.356,0.424,15.1,15
2026-04-17 17:00:00,0.361,0.425,15,14.9
2026-04-17 18:00:00,0.364,0.425,15,14.9
2026-04-17 19:00:00,0.365,0.425,14.9,14.8
2026-04-17 20:00:00,0.365,0.425,14.9,14.8
2026-04-17 21:00:00,0.364,0.425,14.8,14.7
2026-04-17 22:00:00,0.364,0.425,14.8,14.7
2026-04-17 23:00:00,0.363,0.425,15.1,14.8
2026-04-18 00:00:00,0.362,0.424,15.9,15.2
2026-04-18 01:00:00,0.361,0.424,16.9,15.7
2026-04-18 02:00:00,0.36,0.422,18.4,16.8
2026-04-18 03:00:00,0.359,0.42,19.7,17.8
2026-04-18 04:00:00,0.357,0.418,20.6,18.4
2026-04-18 05:00:00,0.356,0.417,21.5,19.1
2026-04-18 06:00:00,0.355,0.414,21.9,19.5
2026-04-18 07:00:00,0.354,0.413,21.7,19.5
2026-04-18 08:00:00,0.354,0.413,21.4,19.3
2026-04-18 09:00:00,0.354,0.412,21,19.1
2026-04-18 10:00:00,0.354,0.412,20.6,18.8
2026-04-18 11:00:00,0.354,0.412,19.9,18.4
2026-04-18 12:00:00,0.354,0.413,19.1,17.9
2026-04-18 13:00:00,0.354,0.413,18.5,17.4
2026-04-18 14:00:00,0.354,0.413,18,17.1
2026-04-18 15:00:00,0.354,0.413,17.6,16.8
2026-04-18 16:00:00,0.354,0.414,17.2,16.5
2026-04-18 17:00:00,0.354,0.414,16.8,16.2
2026-04-18 18:00:00,0.354,0.414,16.4,16
2026-04-18 19:00:00,0.354,0.414,16.1,15.8
2026-04-18 20:00:00,0.354,0.414,15.8,15.6
2026-04-18 21:00:00,0.354,0.414,15.6,15.4
2026-04-18 22:00:00,0.354,0.414,15.6,15.4
2026-04-18 23:00:00,0.354,0.415,15.9,15.5
2026-04-19 00:00:00,0.353,0.414,17,16
2026-04-19 01:00:00,0.352,0.414,18.3,16.8
2026-04-19 02:00:00,0.352,0.413,18.9,17.3
2026-04-19 03:00:00,0.351,0.413,19.1,17.5
2026-04-19 04:00:00,0.351,0.412,19.8,18
2026-04-19 05:00:00,0.35,0.412,20.2,18.4
2026-04-19 06:00:00,0.349,0.411,21.3,19
2026-04-19 07:00:00,0.348,0.41,22.4,19.8
2026-04-19 08:00:00,0.348,0.409,22.2,19.9
2026-04-19 09:00:00,0.348,0.409,21.6,19.5
2026-04-19 10:00:00,0.349,0.409,20.6,19
2026-04-19 11:00:00,0.349,0.41,19.7,18.4
2026-04-19 12:00:00,0.349,0.41,18.9,17.8
2026-04-19 13:00:00,0.35,0.41,18.2,17.3
2026-04-19 14:00:00,0.35,0.41,17.6,16.9
2026-04-19 15:00:00,0.35,0.41,17.1,16.6
2026-04-19 16:00:00,0.35,0.41,16.7,16.3
2026-04-19 17:00:00,0.349,0.41,16.2,16
2026-04-19 18:00:00,0.349,0.41,15.8,15.7
2026-04-19 19:00:00,0.349,0.41,15.5,15.4
2026-04-19 20:00:00,0.349,0.41,15.4,15.4
2026-04-19 21:00:00,0.349,0.41,15.2,15.2
2026-04-19 22:00:00,0.349,0.41,15.1,15.1
2026-04-19 23:00:00,0.348,0.41,15.6,15.3
2026-04-20 00:00:00,0.347,0.409,16.9,15.9
2026-04-20 01:00:00,0.346,0.409,17.9,16.5
2026-04-20 02:00:00,0.346,0.408,18.1,16.9
2026-04-20 03:00:00,0.346,0.408,18.3,17.1
2026-04-20 04:00:00,0.346,0.408,18.2,17.1
2026-04-20 05:00:00,0.346,0.408,17.9,16.9
2026-04-20 06:00:00,0.346,0.408,17.5,16.7
2026-04-20 07:00:00,0.345,0.408,17.2,16.6
2026-04-20 08:00:00,0.345,0.408,16.9,16.4
2026-04-20 09:00:00,0.345,0.407,16.6,16.3
2026-04-20 10:00:00,0.345,0.406,16,15.9
2026-04-20 11:00:00,0.346,0.403,15.1,15.4
2026-04-20 12:00:00,0.346,0.401,14.2,14.8
2026-04-20 13:00:00,0.346,0.401,13.3,14.3
2026-04-20 14:00:00,0.346,0.402,12.6,13.8
2026-04-20 15:00:00,0.346,0.402,11.9,13.3
2026-04-20 16:00:00,0.346,0.402,11.4,12.9
2026-04-20 17:00:00,0.346,0.402,10.8,12.5
2026-04-20 18:00:00,0.346,0.402,10.3,12.2
2026-04-20 19:00:00,0.346,0.402,9.8,11.8
2026-04-20 20:00:00,0.347,0.402,9.4,11.5
2026-04-20 21:00:00,0.347,0.402,9,11.2
2026-04-20 22:00:00,0.347,0.402,8.8,11.1
2026-04-20 23:00:00,0.346,0.402,9.4,11.3
2026-04-21 00:00:00,0.345,0.401,10.8,11.9
2026-04-21 01:00:00,0.344,0.4,12.8,13
2026-04-21 02:00:00,0.342,0.399,15,14.4
2026-04-21 03:00:00,0.341,0.398,17.2,15.9
2026-04-21 04:00:00,0.34,0.396,19.4,17.4
2026-04-21 05:00:00,0.338,0.395,21.4,18.7
2026-04-21 06:00:00,0.337,0.394,22.6,19.5
2026-04-21 07:00:00,0.337,0.393,23.1,19.8
2026-04-21 08:00:00,0.336,0.392,22.8,19.6
2026-04-21 09:00:00,0.336,0.392,21.7,19
2026-04-21 10:00:00,0.337,0.392,20.2,18.2
2026-04-21 11:00:00,0.338,0.392,18.8,17.3
2026-04-21 12:00:00,0.338,0.392,17.8,16.7
2026-04-21 13:00:00,0.338,0.392,16.9,16.1
2026-04-21 14:00:00,0.338,0.392,16.2,15.7
2026-04-21 15:00:00,0.338,0.392,15.6,15.3
2026-04-21 16:00:00,0.338,0.392,15.1,15
2026-04-21 17:00:00,0.338,0.392,14.7,14.8
2026-04-21 18:00:00,0.338,0.392,14.4,14.6
2026-04-21 19:00:00,0.338,0.392,14.1,14.4
2026-04-21 20:00:00,0.338,0.392,13.8,14.2
2026-04-21 21:00:00,0.338,0.392,13.5,14
2026-04-21 22:00:00,0.338,0.393,13.3,13.9
2026-04-21 23:00:00,0.337,0.392,13.3,13.9
2026-04-22 00:00:00,0.337,0.392,13.3,14
2026-04-22 01:00:00,0.337,0.392,13.5,14
2026-04-22 02:00:00,0.336,0.392,13.9,14.3
2026-04-22 03:00:00,0.336,0.393,14.5,14.6
2026-04-22 04:00:00,0.336,0.393,15,14.8
2026-04-22 05:00:00,0.335,0.393,15.4,15.1
2026-04-22 06:00:00,0.335,0.393,15.5,15.2
2026-04-22 07:00:00,0.336,0.393,15.4,15.2
2026-04-22 08:00:00,0.336,0.394,15.2,15.1
2026-04-22 09:00:00,0.336,0.394,15.1,15.1
2026-04-22 10:00:00,0.336,0.395,14.9,14.9
2026-04-22 11:00:00,0.336,0.396,14.6,14.8
2026-04-22 12:00:00,0.336,0.396,14.4,14.6
2026-04-22 13:00:00,0.336,0.397,14.2,14.5
2026-04-22 14:00:00,0.337,0.397,14,14.3
2026-04-22 15:00:00,0.337,0.397,13.8,14.2
2026-04-22 16:00:00,0.337,0.397,13.6,14.1
2026-04-22 17:00:00,0.337,0.397,13.4,14
2026-04-22 18:00:00,0.337,0.397,13.3,13.9
2026-04-22 19:00:00,0.337,0.398,13.1,13.7
2026-04-22 20:00:00,0.338,0.398,12.9,13.6
2026-04-22 21:00:00,0.338,0.398,12.7,13.5
2026-04-22 22:00:00,0.338,0.398,12.6,13.4
2026-04-22 23:00:00,0.338,0.398,12.9,13.5
2026-04-23 00:00:00,0.337,0.397,13.7,13.9
2026-04-23 01:00:00,0.337,0.397,14.8,14.5
2026-04-23 02:00:00,0.336,0.396,16.5,15.4
2026-04-23 03:00:00,0.335,0.395,18.7,16.8
2026-04-23 04:00:00,0.334,0.394,20.2,18
2026-04-23 05:00:00,0.333,0.392,21.5,19
2026-04-23 06:00:00,0.332,0.391,22.6,19.7
2026-04-23 07:00:00,0.332,0.391,23,19.9
2026-04-23 08:00:00,0.332,0.39,22.4,19.6
2026-04-23 09:00:00,0.333,0.39,21.4,19
2026-04-23 10:00:00,0.334,0.389,20.1,18.3
2026-04-23 11:00:00,0.334,0.389,18.9,17.6
2026-04-23 12:00:00,0.335,0.389,17.8,16.9
2026-04-23 13:00:00,0.335,0.389,16.9,16.3
2026-04-23 14:00:00,0.335,0.389,16.2,15.8
2026-04-23 15:00:00,0.336,0.389,15.6,15.5
2026-04-23 16:00:00,0.336,0.389,15.2,15.2
2026-04-23 17:00:00,0.336,0.389,14.7,14.8
2026-04-23 18:00:00,0.336,0.389,14.1,14.5
2026-04-23 19:00:00,0.336,0.39,13.6,14.2
2026-04-23 20:00:00,0.336,0.39,13.1,13.8
2026-04-23 21:00:00,0.336,0.39,12.7,13.5
2026-04-23 22:00:00,0.336,0.39,12.5,13.3
2026-04-23 23:00:00,0.336,0.39,13,13.5
2026-04-24 00:00:00,0.335,0.389,14.4,14.2
2026-04-24 01:00:00,0.334,0.388,16.3,15.2
2026-04-24 02:00:00,0.332,0.387,18.5,16.6
2026-04-24 03:00:00,0.33,0.385,20.9,18.1
2026-04-24 04:00:00,0.329,0.383,23.1,19.5
2026-04-24 05:00:00,0.328,0.381,24.6,20.5
2026-04-24 06:00:00,0.328,0.379,25.6,21
2026-04-24 07:00:00,0.327,0.377,25.7,21
2026-04-24 08:00:00,0.327,0.376,25.1,20.6
2026-04-24 09:00:00,0.328,0.375,23.9,19.9
2026-04-24 10:00:00,0.328,0.374,22.2,19.1
2026-04-24 11:00:00,0.329,0.374,20.7,18.2
2026-04-24 12:00:00,0.33,0.374,19.4,17.5
2026-04-24 13:00:00,0.33,0.374,18.2,16.8
2026-04-24 14:00:00,0.33,0.374,17.2,16.2
2026-04-24 15:00:00,0.33,0.374,16.3,15.6
2026-04-24 16:00:00,0.331,0.374,15.4,15.1
2026-04-24 17:00:00,0.331,0.374,14.7,14.6
2026-04-24 18:00:00,0.331,0.374,14,14.2
2026-04-24 19:00:00,0.33,0.374,13.4,13.9
2026-04-24 20:00:00,0.331,0.375,12.9,13.5
2026-04-24 21:00:00,0.331,0.375,12.3,13.2
2026-04-24 22:00:00,0.331,0.375,12.1,13
2026-04-24 23:00:00,0.33,0.374,12.7,13.3
2026-04-25 00:00:00,0.329,0.374,14.1,14.1
2026-04-25 01:00:00,0.328,0.373,16.1,15.2
2026-04-25 02:00:00,0.326,0.371,18.7,16.6
2026-04-25 03:00:00,0.324,0.369,21.2,18.1
2026-04-25 04:00:00,0.323,0.367,23.5,19.5
2026-04-25 05:00:00,0.322,0.365,25.3,20.7
2026-04-25 06:00:00,0.322,0.363,26.4,21.3
2026-04-25 07:00:00,0.321,0.361,26.7,21.4
2026-04-25 08:00:00,0.321,0.359,26.3,21.1
2026-04-25 09:00:00,0.321,0.358,25.1,20.5
2026-04-25 10:00:00,0.322,0.358,23.5,19.7
2026-04-25 11:00:00,0.322,0.358,21.8,18.8
2026-04-25 12:00:00,0.323,0.358,20.4,18
2026-04-25 13:00:00,0.323,0.358,19.1,17.2
2026-04-25 14:00:00,0.323,0.358,18,16.6
2026-04-25 15:00:00,0.324,0.358,17,16
2026-04-25 16:00:00,0.324,0.358,16.1,15.5
2026-04-25 17:00:00,0.324,0.358,15.3,15
2026-04-25 18:00:00,0.324,0.358,14.7,14.6
2026-04-25 19:00:00,0.324,0.359,14.1,14.2
2026-04-25 20:00:00,0.324,0.359,13.6,13.9
2026-04-25 21:00:00,0.324,0.359,13.1,13.7
2026-04-25 22:00:00,0.323,0.359,12.9,13.5
2026-04-25 23:00:00,0.323,0.359,13.5,13.8
2026-04-26 00:00:00,0.322,0.358,14.8,14.5
2026-04-26 01:00:00,0.321,0.357,16.9,15.6
2026-04-26 02:00:00,0.32,0.356,19.2,16.9
2026-04-26 03:00:00,0.318,0.355,21.7,18.3
2026-04-26 04:00:00,0.317,0.353,23.5,19.5
2026-04-26 05:00:00,0.316,0.351,25,20.4
2026-04-26 06:00:00,0.316,0.35,26.2,21.1
2026-04-26 07:00:00,0.315,0.349,26.6,21.3
2026-04-26 08:00:00,0.315,0.347,26.2,21
2026-04-26 09:00:00,0.315,0.347,25.1,20.4
2026-04-26 10:00:00,0.316,0.346,23.3,19.5
2026-04-26 11:00:00,0.316,0.346,21.6,18.5
2026-04-26 12:00:00,0.317,0.346,20.2,17.7
2026-04-26 13:00:00,0.317,0.346,19.1,17.1
2026-04-26 14:00:00,0.317,0.347,18.2,16.5
2026-04-26 15:00:00,0.318,0.347,17.2,16
2026-04-26 16:00:00,0.318,0.347,16.3,15.5
2026-04-26 17:00:00,0.318,0.347,15.5,15
2026-04-26 18:00:00,0.318,0.347,14.8,14.6
2026-04-26 19:00:00,0.318,0.347,14,14.1
2026-04-26 20:00:00,0.318,0.348,13.4,13.8
2026-04-26 21:00:00,0.318,0.348,12.8,13.4
2026-04-26 22:00:00,0.318,0.348,12.6,13.3
2026-04-26 23:00:00,0.318,0.348,13.1,13.6
2026-04-27 00:00:00,0.317,0.347,14.5,14.2
2026-04-27 01:00:00,0.316,0.346,16.3,15.2
2026-04-27 02:00:00,0.315,0.345,18.7,16.5
2026-04-27 03:00:00,0.313,0.344,21.1,17.9
2026-04-27 04:00:00,0.312,0.342,23.2,19.2
2026-04-27 05:00:00,0.311,0.341,24.7,20.1
2026-04-27 06:00:00,0.311,0.339,25,20.3
2026-04-27 07:00:00,0.311,0.339,24.3,19.8
2026-04-27 08:00:00,0.311,0.338,23.6,19.4
2026-04-27 09:00:00,0.311,0.337,22.8,19
2026-04-27 10:00:00,0.311,0.337,21.6,18.4
2026-04-27 11:00:00,0.312,0.337,20.2,17.6
2026-04-27 12:00:00,0.312,0.337,19,16.9
2026-04-27 13:00:00,0.313,0.337,18,16.3
2026-04-27 14:00:00,0.313,0.337,17,15.8
2026-04-27 15:00:00,0.313,0.338,16.3,15.4
2026-04-27 16:00:00,0.313,0.338,15.7,15.1
2026-04-27 17:00:00,0.313,0.338,15.3,14.9
2026-04-27 18:00:00,0.313,0.338,15.1,14.8
2026-04-27 19:00:00,0.313,0.338,15,14.8
2026-04-27 20:00:00,0.313,0.338,14.9,14.8
2026-04-27 21:00:00,0.313,0.338,14.8,14.8
2026-04-27 22:00:00,0.313,0.338,14.7,14.7
2026-04-27 23:00:00,0.313,0.338,15,14.9
2026-04-28 00:00:00,0.312,0.337,15.9,15.4
2026-04-28 01:00:00,0.312,0.337,17,15.9
2026-04-28 02:00:00,0.311,0.336,18.1,16.6
2026-04-28 03:00:00,0.31,0.335,19.4,17.4
2026-04-28 04:00:00,0.309,0.334,21.1,18.4
2026-04-28 05:00:00,0.308,0.333,22.6,19.2
2026-04-28 06:00:00,0.308,0.332,22.9,19.3
2026-04-28 07:00:00,0.308,0.331,22.7,19.2
2026-04-28 08:00:00,0.308,0.331,22,18.8
2026-04-28 09:00:00,0.308,0.33,21.1,18.3
2026-04-28 10:00:00,0.309,0.33,20,17.7
2026-04-28 11:00:00,0.309,0.33,18.9,17
2026-04-28 12:00:00,0.309,0.33,18,16.5
2026-04-28 13:00:00,0.309,0.33,17.2,16.1
2026-04-28 14:00:00,0.31,0.331,16.6,15.7
2026-04-28 15:00:00,0.31,0.331,16,15.4
2026-04-28 16:00:00,0.31,0.331,15.5,15.1
2026-04-28 17:00:00,0.31,0.331,15,14.9
2026-04-28 18:00:00,0.31,0.331,14.6,14.6
2026-04-28 19:00:00,0.31,0.331,14.2,14.4
2026-04-28 20:00:00,0.31,0.331,13.9,14.2
2026-04-28 21:00:00,0.31,0.332,13.5,14
2026-04-28 22:00:00,0.31,0.332,13.4,13.9
2026-04-28 23:00:00,0.31,0.332,13.7,14.1
2026-04-29 00:00:00,0.31,0.331,14.5,14.6
2026-04-29 01:00:00,0.309,0.331,15.8,15.3
2026-04-29 02:00:00,0.308,0.33,17.1,16
2026-04-29 03:00:00,0.307,0.329,18.6,16.8
2026-04-29 04:00:00,0.307,0.329,19.4,17.3
2026-04-29 05:00:00,0.307,0.328,20.3,17.7
2026-04-29 06:00:00,0.306,0.327,20.6,17.9
2026-04-29 07:00:00,0.306,0.327,20.4,17.8
2026-04-29 08:00:00,0.306,0.326,20.1,17.6
2026-04-29 09:00:00,0.306,0.326,19.5,17.3
2026-04-29 10:00:00,0.306,0.326,18.7,16.9
2026-04-29 11:00:00,0.307,0.326,17.9,16.4
2026-04-29 12:00:00,0.307,0.326,17.2,16.1
2026-04-29 13:00:00,0.307,0.327,16.6,15.7
2026-04-29 14:00:00,0.307,0.327,16.1,15.4
2026-04-29 15:00:00,0.307,0.327,15.7,15.2
2026-04-29 16:00:00,0.307,0.327,15.3,15
2026-04-29 17:00:00,0.307,0.327,15,14.8
2026-04-29 18:00:00,0.307,0.327,14.7,14.6
2026-04-29 19:00:00,0.307,0.327,14.4,14.5
2026-04-29 20:00:00,0.307,0.327,14.2,14.4
2026-04-29 21:00:00,0.307,0.327,14,14.3
2026-04-29 22:00:00,0.307,0.328,13.9,14.2
2026-04-29 23:00:00,0.307,0.328,14,14.3
2026-04-30 00:00:00,0.307,0.327,14.6,14.6
2026-04-30 01:00:00,0.307,0.327,15.7,15.2
2026-04-30 02:00:00,0.306,0.326,17.4,16.1
2026-04-30 03:00:00,0.305,0.325,19.1,17
2026-04-30 04:00:00,0.304,0.324,20.6,17.8
2026-04-30 05:00:00,0.303,0.324,21.2,18.2
2026-04-30 06:00:00,0.303,0.323,21.1,18
2026-04-30 07:00:00,0.303,0.323,20.8,17.9
2026-04-30 08:00:00,0.304,0.323,20.3,17.6
2026-04-30 09:00:00,0.304,0.323,19.6,17.2
2026-04-30 10:00:00,0.304,0.323,18.7,16.8
2026-04-30 11:00:00,0.304,0.323,18,16.4
2026-04-30 12:00:00,0.304,0.323,17.3,16
2026-04-30 13:00:00,0.305,0.323,16.8,15.7
2026-04-30 14:00:00,0.305,0.323,16.2,15.4
2026-04-30 15:00:00,0.305,0.323,15.5,15.1
2026-04-30 16:00:00,0.305,0.323,14.7,14.6
2026-04-30 17:00:00,0.305,0.324,14,14.1
2026-04-30 18:00:00,0.306,0.324,13.3,13.7
2026-04-30 19:00:00,0.306,0.325,12.7,13.3
2026-04-30 20:00:00,0.306,0.325,12.3,13
2026-04-30 21:00:00,0.306,0.325,12.1,12.9
2026-04-30 22:00:00,0.306,0.325,12.2,13
2026-04-30 23:00:00,0.306,0.325,12.6,13.3
2026-05-01 00:00:00,0.305,0.324,13.6,13.8
2026-05-01 01:00:00,0.305,0.323,15.4,14.8
2026-05-01 02:00:00,0.303,0.322,17.8,16.1
2026-05-01 03:00:00,0.302,0.321,20.2,17.5
2026-05-01 04:00:00,0.301,0.32,22.4,18.8
2026-05-01 05:00:00,0.3,0.319,24,19.8
2026-05-01 06:00:00,0.299,0.318,25,20.2
2026-05-01 07:00:00,0.299,0.317,25.3,20.2
2026-05-01 08:00:00,0.299,0.317,24.9,19.9
2026-05-01 09:00:00,0.299,0.317,23.9,19.4
2026-05-01 10:00:00,0.299,0.316,22.4,18.7
2026-05-01 11:00:00,0.3,0.317,20.9,17.9
2026-05-01 12:00:00,0.3,0.317,19.6,17.1
2026-05-01 13:00:00,0.301,0.317,18.4,16.5
2026-05-01 14:00:00,0.301,0.318,17.4,15.9
2026-05-01 15:00:00,0.301,0.318,16.6,15.5
2026-05-01 16:00:00,0.302,0.318,15.9,15.1
2026-05-01 17:00:00,0.302,0.318,15.2,14.7
2026-05-01 18:00:00,0.302,0.319,14.7,14.4
2026-05-01 19:00:00,0.302,0.319,14.2,14.2
2026-05-01 20:00:00,0.302,0.319,13.8,14
2026-05-01 21:00:00,0.302,0.319,13.4,13.8
2026-05-01 22:00:00,0.303,0.319,13.3,13.8
2026-05-01 23:00:00,0.303,0.319,13.7,14
2026-05-02 00:00:00,0.302,0.319,14.6,14.5
2026-05-02 01:00:00,0.301,0.318,16,15.3
2026-05-02 02:00:00,0.301,0.318,17.3,16
2026-05-02 03:00:00,0.3,0.317,18.6,16.7
2026-05-02 04:00:00,0.3,0.316,19.4,17.2
2026-05-02 05:00:00,0.3,0.316,19.7,17.4
2026-05-02 06:00:00,0.3,0.316,19.8,17.5
2026-05-02 07:00:00,0.299,0.316,20,17.7
2026-05-02 08:00:00,0.299,0.316,19.9,17.7
2026-05-02 09:00:00,0.299,0.316,19.6,17.5
2026-05-02 10:00:00,0.299,0.316,19,17.2
2026-05-02 11:00:00,0.299,0.316,18.4,16.9
2026-05-02 12:00:00,0.299,0.316,17.9,16.6
2026-05-02 13:00:00,0.3,0.316,17.4,16.3
2026-05-02 14:00:00,0.3,0.316,17,16.1
2026-05-02 15:00:00,0.3,0.317,16.6,15.9
2026-05-02 16:00:00,0.3,0.317,16.3,15.7
2026-05-02 17:00:00,0.301,0.318,15.9,15.5
2026-05-02 18:00:00,0.301,0.318,15.6,15.4
2026-05-02 19:00:00,0.301,0.319,15.3,15.3
2026-05-02 20:00:00,0.302,0.319,15.1,15.2
2026-05-02 21:00:00,0.302,0.324,15,15.1
2026-05-02 22:00:00,0.304,0.349,14.9,15
2026-05-02 23:00:00,0.319,0.379,14.8,15
2026-05-03 00:00:00,0.334,0.386,14.9,15
2026-05-03 01:00:00,0.338,0.386,15.1,15.1
2026-05-03 02:00:00,0.339,0.386,15.4,15.3
2026-05-03 03:00:00,0.338,0.385,15.6,15.4
2026-05-03 04:00:00,0.336,0.384,15.7,15.5
2026-05-03 05:00:00,0.334,0.382,15.7,15.5
2026-05-03 06:00:00,0.333,0.381,15.8,15.5
2026-05-03 07:00:00,0.331,0.38,16,15.6
2026-05-03 08:00:00,0.331,0.379,15.9,15.6
2026-05-03 09:00:00,0.33,0.327,15.6,15.5
2026-05-03 10:00:00,0.33,0.296,15.4,15.4
2026-05-03 11:00:00,0.33,0.296,15.1,15.3
2026-05-03 12:00:00,0.33,0.296,14.9,15.1
2026-05-03 13:00:00,0.331,0.296,14.7,15
2026-05-03 14:00:00,0.331,0.296,14.4,14.9
2026-05-03 15:00:00,0.331,0.296,14.1,14.7
2026-05-03 16:00:00,0.331,0.296,13.9,14.5
2026-05-03 17:00:00,0.331,0.296,13.5,14.3
2026-05-03 18:00:00,0.332,0.296,13.1,14.1
2026-05-03 19:00:00,0.332,0.296,12.7,13.9
2026-05-03 20:00:00,0.332,0.296,12.3,13.7
2026-05-03 21:00:00,0.333,0.296,12,13.5
2026-05-03 22:00:00,0.333,0.296,12.1,13.4
2026-05-03 23:00:00,0.332,0.296,12.8,13.7
2026-05-04 00:00:00,0.332,0.296,13.9,14.3
2026-05-04 01:00:00,0.331,0.296,15.2,15
2026-05-04 02:00:00,0.33,0.296,16.7,15.8
2026-05-04 03:00:00,0.329,0.297,18.2,16.7
2026-05-04 04:00:00,0.329,0.297,19.2,17.4
2026-05-04 05:00:00,0.328,0.298,20.1,17.9
2026-05-04 06:00:00,0.328,0.298,20.5,18.1
2026-05-04 07:00:00,0.327,0.298,20.7,18.1
2026-05-04 08:00:00,0.328,0.297,20.4,17.8
2026-05-04 09:00:00,0.328,0.296,19.6,17.4
2026-05-04 10:00:00,0.329,0.296,18.4,16.9
2026-05-04 11:00:00,0.329,0.295,17.2,16.3
2026-05-04 12:00:00,0.33,0.294,16.1,15.7
2026-05-04 13:00:00,0.33,0.294,15.2,15.2
2026-05-04 14:00:00,0.33,0.293,14.4,14.7
2026-05-04 15:00:00,0.331,0.293,13.7,14.3
2026-05-04 16:00:00,0.331,0.292,13,13.9
2026-05-04 17:00:00,0.331,0.292,12.4,13.5
2026-05-04 18:00:00,0.331,0.292,11.9,13.2
2026-05-04 19:00:00,0.331,0.292,11.5,13
2026-05-04 20:00:00,0.331,0.291,11.2,12.8
2026-05-04 21:00:00,0.331,0.291,10.9,12.6
2026-05-04 22:00:00,0.331,0.29,11,12.6
2026-05-04 23:00:00,0.331,0.29,11.5,12.7
2026-05-05 00:00:00,0.33,0.29,12.8,13.3
2026-05-05 01:00:00,0.329,0.289,14.8,14.4
2026-05-05 02:00:00,0.328,0.289,17,15.6
2026-05-05 03:00:00,0.326,0.289,19,16.8
2026-05-05 04:00:00,0.325,0.289,20.8,17.8
2026-05-05 05:00:00,0.324,0.289,22.2,18.6
2026-05-05 06:00:00,0.323,0.289,23.3,19.1
2026-05-05 07:00:00,0.323,0.288,23.5,19.1
2026-05-05 08:00:00,0.323,0.287,23,18.7
2026-05-05 09:00:00,0.323,0.287,22,18.3
2026-05-05 10:00:00,0.324,0.286,20.6,17.7
2026-05-05 11:00:00,0.325,0.285,19.2,17
2026-05-05 12:00:00,0.325,0.284,17.9,16.4
2026-05-05 13:00:00,0.326,0.284,16.9,15.8
2026-05-05 14:00:00,0.326,0.283,16,15.4
2026-05-05 15:00:00,0.326,0.282,15.2,15
2026-05-05 16:00:00,0.326,0.282,14.5,14.6
2026-05-05 17:00:00,0.326,0.281,13.9,14.2
2026-05-05 18:00:00,0.326,0.281,13.3,13.9
2026-05-05 19:00:00,0.326,0.281,12.8,13.6
2026-05-05 20:00:00,0.326,0.28,12.4,13.3
2026-05-05 21:00:00,0.326,0.28,12,13.1
2026-05-05 22:00:00,0.326,0.28,11.9,13
2026-05-05 23:00:00,0.325,0.279,12.7,13.5
2026-05-06 00:00:00,0.324,0.279,14.1,14.4
2026-05-06 01:00:00,0.323,0.278,16,15.5
2026-05-06 02:00:00,0.322,0.278,18.2,16.8
2026-05-06 03:00:00,0.32,0.278,20.7,17.9
2026-05-06 04:00:00,0.319,0.277,22.9,19
2026-05-06 05:00:00,0.318,0.277,24.5,19.8
2026-05-06 06:00:00,0.317,0.276,25.5,20.2
2026-05-06 07:00:00,0.317,0.276,25.7,20.3
2026-05-06 08:00:00,0.317,0.275,25.2,19.9
2026-05-06 09:00:00,0.317,0.274,24.2,19.4
2026-05-06 10:00:00,0.318,0.273,22.7,18.7
2026-05-06 11:00:00,0.318,0.272,21.1,18
2026-05-06 12:00:00,0.319,0.271,19.8,17.3
2026-05-06 13:00:00,0.32,0.27,18.6,16.7
2026-05-06 14:00:00,0.32,0.27,17.6,16.1
2026-05-06 15:00:00,0.32,0.269,16.8,15.7
2026-05-06 16:00:00,0.32,0.268,16.1,15.4
2026-05-06 17:00:00,0.32,0.267,15.5,15.1
2026-05-06 18:00:00,0.32,0.267,15.1,14.9
2026-05-06 19:00:00,0.32,0.266,14.6,14.6
2026-05-06 20:00:00,0.32,0.266,14.1,14.4
2026-05-06 21:00:00,0.32,0.265,13.6,14.1
2026-05-06 22:00:00,0.32,0.265,13.5,14
2026-05-06 23:00:00,0.319,0.265,14.1,14.4
2026-05-07 00:00:00,0.319,0.265,15.2,15.1
2026-05-07 01:00:00,0.318,0.264,16.9,16.1
2026-05-07 02:00:00,0.316,0.264,19.1,17.4
2026-05-07 03:00:00,0.315,0.264,21.2,18.5
2026-05-07 04:00:00,0.313,0.263,23.2,19.6
2026-05-07 05:00:00,0.313,0.263,24.6,20.3
2026-05-07 06:00:00,0.312,0.262,24.9,20.2
2026-05-07 07:00:00,0.312,0.261,24.9,20
2026-05-07 08:00:00,0.312,0.26,24.4,19.8
2026-05-07 09:00:00,0.312,0.26,23.4,19.4
2026-05-07 10:00:00,0.313,0.259,22.3,18.8
2026-05-07 11:00:00,0.313,0.258,21.3,18.3
2026-05-07 12:00:00,0.314,0.258,20.4,17.9
2026-05-07 13:00:00,0.314,0.257,19.7,17.6
2026-05-07 14:00:00,0.314,0.257,19.1,17.3
2026-05-07 15:00:00,0.314,0.256,18.5,17
2026-05-07 16:00:00,0.314,0.256,18,16.7
2026-05-07 17:00:00,0.314,0.256,17.4,16.5
2026-05-07 18:00:00,0.314,0.255,16.7,16.1
2026-05-07 19:00:00,0.314,0.255,16,15.8
2026-05-07 20:00:00,0.314,0.254,15.3,15.4
2026-05-07 21:00:00,0.314,0.253,14.7,15
2026-05-07 22:00:00,0.314,0.253,14.4,14.8
2026-05-07 23:00:00,0.314,0.253,15,15.2
2026-05-08 00:00:00,0.313,0.252,16,16.1
2026-05-08 01:00:00,0.312,0.252,17.5,17.1
2026-05-08 02:00:00,0.311,0.251,19.2,18.1
2026-05-08 03:00:00,0.307,0.301,21.2,18.6
2026-05-08 04:00:00,0.304,0.34,21.5,19.1
2026-05-08 05:00:00,0.303,0.338,21.4,20.2
2026-05-08 06:00:00,0.303,0.336,21.7,20.5
2026-05-08 07:00:00,0.303,0.336,21.7,20.2
2026-05-08 08:00:00,0.303,0.335,21.4,19.5
2026-05-08 09:00:00,0.303,0.335,21,18.8
2026-05-08 10:00:00,0.304,0.335,20.4,18.1
2026-05-08 11:00:00,0.304,0.335,19.6,17.4
2026-05-08 12:00:00,0.304,0.335,18.8,16.8
2026-05-08 13:00:00,0.304,0.334,18,16.2
2026-05-08 14:00:00,0.304,0.334,17.3,15.6
2026-05-08 15:00:00,0.305,0.334,16.5,15.1
2026-05-08 16:00:00,0.305,0.334,15.8,14.7
2026-05-08 17:00:00,0.305,0.334,15.2,14.2
2026-05-08 18:00:00,0.305,0.334,14.6,13.9
2026-05-08 19:00:00,0.305,0.334,14,13.6
2026-05-08 20:00:00,0.305,0.334,13.5,13.3
2026-05-08 21:00:00,0.305,0.334,13.1,13.2
2026-05-08 22:00:00,0.305,0.333,12.8,13.3
2026-05-08 23:00:00,0.305,0.333,12.9,14
2026-05-09 00:00:00,0.304,0.332,13.6,15.3
2026-05-09 01:00:00,0.304,0.331,14.9,16.9
2026-05-09 02:00:00,0.303,0.329,16.5,18.5
2026-05-09 03:00:00,0.302,0.328,18.3,20
2026-05-09 04:00:00,0.301,0.328,20.1,21.2
2026-05-09 05:00:00,0.3,0.327,21.5,21.8
2026-05-09 06:00:00,0.3,0.327,22.5,22.2
2026-05-09 07:00:00,0.3,0.327,23.1,22
2026-05-09 08:00:00,0.3,0.327,23.3,21.3
2026-05-09 09:00:00,0.3,0.327,22.9,20.4
2026-05-09 10:00:00,0.3,0.328,22.2,19.3
2026-05-09 11:00:00,0.301,0.328,21.3,18.4
2026-05-09 12:00:00,0.302,0.328,20.3,17.7
2026-05-09 13:00:00,0.302,0.328,19.3,17
2026-05-09 14:00:00,0.303,0.328,18.5,16.4
2026-05-09 15:00:00,0.303,0.328,17.7,15.9
2026-05-09 16:00:00,0.303,0.328,17,15.5
2026-05-09 17:00:00,0.303,0.328,16.3,15.1
2026-05-09 18:00:00,0.304,0.328,15.7,14.7
2026-05-09 19:00:00,0.304,0.328,15.1,14.4
2026-05-09 20:00:00,0.304,0.328,14.6,14.1
2026-05-09 21:00:00,0.304,0.328,14.1,13.8
2026-05-09 22:00:00,0.304,0.328,13.8,13.9
2026-05-09 23:00:00,0.304,0.327,13.8,14.6
2026-05-10 00:00:00,0.304,0.326,14.5,16
2026-05-10 01:00:00,0.303,0.325,15.6,17.4
2026-05-10 02:00:00,0.302,0.324,17.1,18.8
2026-05-10 03:00:00,0.302,0.323,18.5,20
2026-05-10 04:00:00,0.301,0.322,19.9,21
2026-05-10 05:00:00,0.3,0.322,21.2,21.7
2026-05-10 06:00:00,0.3,0.321,22.1,22
2026-05-10 07:00:00,0.3,0.321,22.8,21.9
2026-05-10 08:00:00,0.3,0.321,23.1,21.5
2026-05-10 09:00:00,0.3,0.321,23,20.7
2026-05-10 10:00:00,0.3,0.322,22.5,19.9
2026-05-10 11:00:00,0.3,0.322,21.8,19
2026-05-10 12:00:00,0.301,0.322,21,18.3
2026-05-10 13:00:00,0.301,0.322,20.1,17.7
2026-05-10 14:00:00,0.302,0.322,19.4,17.1
2026-05-10 15:00:00,0.302,0.322,18.7,16.7
2026-05-10 16:00:00,0.302,0.322,18.1,16.3
2026-05-10 17:00:00,0.302,0.322,17.5,16.1
2026-05-10 18:00:00,0.302,0.322,17.1,16
2026-05-10 19:00:00,0.302,0.322,16.8,15.9
2026-05-10 20:00:00,0.302,0.322,16.5,15.7
2026-05-10 21:00:00,0.303,0.322,16.2,15.5
2026-05-10 22:00:00,0.303,0.322,15.9,15.5
2026-05-10 23:00:00,0.302,0.321,16.1,16.2
2026-05-11 00:00:00,0.302,0.321,16.7,17.3
2026-05-11 01:00:00,0.302,0.32,17.6,18.5
2026-05-11 02:00:00,0.301,0.319,18.8,19.6
2026-05-11 03:00:00,0.3,0.318,20,20.7
2026-05-11 04:00:00,0.3,0.318,21.2,21.4
2026-05-11 05:00:00,0.299,0.317,22.3,22
2026-05-11 06:00:00,0.299,0.317,23,21.9
2026-05-11 07:00:00,0.299,0.317,23.1,21.3
2026-05-11 08:00:00,0.299,0.317,23,20.9
2026-05-11 09:00:00,0.299,0.317,22.8,20.5
2026-05-11 10:00:00,0.299,0.317,22.4,20.1
2026-05-11 11:00:00,0.299,0.317,22,19.5
2026-05-11 12:00:00,0.299,0.318,21.5,19.1
2026-05-11 13:00:00,0.3,0.318,21.1,18.8
2026-05-11 14:00:00,0.3,0.318,20.6,18.4
2026-05-11 15:00:00,0.3,0.318,20.2,18.1
2026-05-11 16:00:00,0.3,0.318,19.8,17.9
2026-05-11 17:00:00,0.3,0.318,19.5,17.6
2026-05-11 18:00:00,0.3,0.318,19.1,17.4
2026-05-11 19:00:00,0.301,0.318,18.8,17.3
2026-05-11 20:00:00,0.301,0.318,18.6,17.2
2026-05-11 21:00:00,0.301,0.318,18.4,17.2
2026-05-11 22:00:00,0.301,0.343,18.3,17.1
2026-05-11 23:00:00,0.301,0.376,18.1,17
2026-05-12 00:00:00,0.303,0.382,17.9,16.7
2026-05-12 01:00:00,0.306,0.391,17.6,16.5
2026-05-12 02:00:00,0.313,0.391,17.4,16.6
2026-05-12 03:00:00,0.316,0.387,17.4,17.1
2026-05-12 04:00:00,0.316,0.386,17.8,17.7
2026-05-12 05:00:00,0.316,0.383,18.5,18.6
2026-05-12 06:00:00,0.316,0.359,19.4,19.2
2026-05-12 07:00:00,0.315,0.353,20,19.5
2026-05-12 08:00:00,0.315,0.352,20.4,19.7
2026-05-12 09:00:00,0.315,0.351,20.7,19.5
2026-05-12 10:00:00,0.316,0.35,20.6,18.9
2026-05-12 11:00:00,0.316,0.35,20.1,18.3
2026-05-12 12:00:00,0.317,0.35,19.4,17.8
2026-05-12 13:00:00,0.318,0.35,18.8,17.3
2026-05-12 14:00:00,0.318,0.35,18.2,16.8
2026-05-12 15:00:00,0.319,0.35,17.6,16.5
2026-05-12 16:00:00,0.319,0.35,17.1,16.1
2026-05-12 17:00:00,0.32,0.349,16.6,15.9
2026-05-12 18:00:00,0.32,0.349,16.3,15.9
2026-05-12 19:00:00,0.321,0.349,16.1,15.8
2026-05-12 20:00:00,0.321,0.349,15.9,15.7
2026-05-12 21:00:00,0.321,0.349,15.8,15.7
2026-05-12 22:00:00,0.322,0.348,15.7,15.9
2026-05-12 23:00:00,0.322,0.348,15.9,16.2
2026-05-13 00:00:00,0.321,0.348,16.3,16.7
2026-05-13 01:00:00,0.321,0.345,16.8,17.2
2026-05-13 02:00:00,0.321,0.344,17.8,17.5
2026-05-13 03:00:00,0.32,0.344,19.5,17.9
2026-05-13 04:00:00,0.318,0.343,21.2,18.5
2026-05-13 05:00:00,0.317,0.368,22.6,20.9
2026-05-13 06:00:00,0.317,0.373,23.6,24.6
2026-05-13 07:00:00,0.317,0.373,24.1,25.3
2026-05-13 08:00:00,0.317,0.374,24.2,25.1
2026-05-13 09:00:00,0.317,0.375,23.8,24.5
2026-05-13 10:00:00,0.317,0.377,23.2,23.7
2026-05-13 11:00:00,0.317,0.378,22.4,22.8
2026-05-13 12:00:00,0.318,0.379,21.6,22
2026-05-13 13:00:00,0.318,0.381,20.9,21.3
2026-05-13 14:00:00,0.319,0.382,20.3,20.7
2026-05-13 15:00:00,0.319,0.383,19.8,20.2
2026-05-13 16:00:00,0.319,0.385,19.3,19.7
2026-05-13 17:00:00,0.32,0.386,18.8,19.3
2026-05-13 18:00:00,0.321,0.387,18.3,18.9
2026-05-13 19:00:00,0.321,0.388,17.8,18.5
2026-05-13 20:00:00,0.322,0.389,17.3,18.2
2026-05-13 21:00:00,0.323,0.389,16.8,17.9
2026-05-13 22:00:00,0.324,0.39,16.5,17.7
2026-05-13 23:00:00,0.325,0.39,16.6,17.5
2026-05-14 00:00:00,0.326,0.39,17.4,17.6
2026-05-14 01:00:00,0.327,0.39,18.8,17.9
2026-05-14 02:00:00,0.327,0.391,20.6,18.5
2026-05-14 03:00:00,0.327,0.391,22.6,19.3
2026-05-14 04:00:00,0.327,0.391,24.4,20.2
2026-05-14 05:00:00,0.327,0.39,25.9,21.3
2026-05-14 06:00:00,0.327,0.39,27.3,22.4
2026-05-14 07:00:00,0.327,0.389,28.3,23.4
2026-05-14 08:00:00,0.327,0.388,28.8,24.1
2026-05-14 09:00:00,0.327,0.388,28.9,24.5
2026-05-14 10:00:00,0.328,0.388,28.5,24.6
2026-05-14 11:00:00,0.328,0.388,27.8,24.3
2026-05-14 12:00:00,0.329,0.388,26.9,23.9
2026-05-14 13:00:00,0.329,0.389,26.1,23.4
2026-05-14 14:00:00,0.33,0.389,25.4,22.9
2026-05-14 15:00:00,0.33,0.39,24.6,22.4
2026-05-14 16:00:00,0.331,0.39,23.9,21.8
2026-05-14 17:00:00,0.332,0.391,23.2,21.4
2026-05-14 18:00:00,0.332,0.391,22.5,20.9
2026-05-14 19:00:00,0.333,0.392,21.9,20.5
2026-05-14 20:00:00,0.334,0.392,21.3,20
2026-05-14 21:00:00,0.335,0.393,20.7,19.6
2026-05-14 22:00:00,0.335,0.393,20.3,19.3
2026-05-14 23:00:00,0.335,0.393,20.3,19.1
2026-05-15 00:00:00,0.335,0.393,20.9,19.1
2026-05-15 01:00:00,0.334,0.393,21.8,19.5
2026-05-15 02:00:00,0.335,0.392,22.8,20
2026-05-15 03:00:00,0.334,0.391,23.9,20.8
2026-05-15 04:00:00,0.334,0.39,24.8,21.6
2026-05-15 05:00:00,0.334,0.389,25.9,22.5
2026-05-15 06:00:00,0.334,0.388,26.8,23.4
2026-05-15 07:00:00,0.334,0.387,27.6,24.1
2026-05-15 08:00:00,0.333,0.386,28,24.7
2026-05-15 09:00:00,0.334,0.386,27.9,25
2026-05-15 10:00:00,0.334,0.386,27.4,24.9
2026-05-15 11:00:00,0.334,0.386,26.6,24.4
2026-05-15 12:00:00,0.335,0.387,25.8,23.9
2026-05-15 13:00:00,0.335,0.387,25,23.4
2026-05-15 14:00:00,0.336,0.388,24.3,22.8
2026-05-15 15:00:00,0.336,0.388,23.6,22.3
2026-05-15 16:00:00,0.337,0.388,23,21.9
2026-05-15 17:00:00,0.337,0.389,22.3,21.4
2026-05-15 18:00:00,0.338,0.389,21.8,21
2026-05-15 19:00:00,0.338,0.39,21.2,20.6
2026-05-15 20:00:00,0.339,0.39,20.6,20.2
2026-05-15 21:00:00,0.339,0.391,20.1,19.8
2026-05-15 22:00:00,0.34,0.391,19.8,19.5
2026-05-15 23:00:00,0.34,0.391,19.9,19.2
2026-05-16 00:00:00,0.339,0.391,20.6,19.2
2026-05-16 01:00:00,0.338,0.391,21.7,19.5
2026-05-16 02:00:00,0.338,0.39,23.2,20
2026-05-16 03:00:00,0.337,0.389,24.8,20.8
2026-05-16 04:00:00,0.337,0.388,26.3,21.6
2026-05-16 05:00:00,0.336,0.387,27.5,22.6
2026-05-16 06:00:00,0.336,0.386,28.3,23.4
2026-05-16 07:00:00,0.337,0.385,28.7,24.1
2026-05-16 08:00:00,0.337,0.391,28.6,24.5
2026-05-16 09:00:00,0.337,0.41,28.3,24.7
2026-05-16 10:00:00,0.338,0.416,27.5,24.6
2026-05-16 11:00:00,0.338,0.417,26.6,24.3
2026-05-16 12:00:00,0.339,0.417,25.7,24
2026-05-16 13:00:00,0.339,0.418,24.9,23.6
2026-05-16 14:00:00,0.34,0.418,24.1,23.2
2026-05-16 15:00:00,0.341,0.418,23.4,22.7
2026-05-16 16:00:00,0.341,0.419,22.7,22.3
2026-05-16 17:00:00,0.342,0.419,22,21.9
2026-05-16 18:00:00,0.342,0.419,21.4,21.5
2026-05-16 19:00:00,0.343,0.42,20.8,21.1
2026-05-16 20:00:00,0.344,0.42,20.3,20.7
2026-05-16 21:00:00,0.344,0.42,19.7,20.4
2026-05-16 22:00:00,0.344,0.421,19.4,20
2026-05-16 23:00:00,0.344,0.421,19.4,19.7
2026-05-17 00:00:00,0.344,0.421,20.1,19.6
2026-05-17 01:00:00,0.343,0.421,21.2,19.7
2026-05-17 02:00:00,0.342,0.42,22.7,20.1
2026-05-17 03:00:00,0.342,0.419,24.4,20.8
2026-05-17 04:00:00,0.341,0.419,25.8,21.7
2026-05-17 05:00:00,0.341,0.418,27.2,22.6
2026-05-17 06:00:00,0.341,0.417,28.3,23.5
2026-05-17 07:00:00,0.341,0.416,28.9,24.2
2026-05-17 08:00:00,0.342,0.415,29,24.8
2026-05-17 09:00:00,0.342,0.415,28.7,25
2026-05-17 10:00:00,0.342,0.415,28.1,25.1
2026-05-17 11:00:00,0.343,0.415,27.3,24.9
2026-05-17 12:00:00,0.343,0.415,26.4,24.6
2026-05-17 13:00:00,0.344,0.415,25.5,24.2
2026-05-17 14:00:00,0.345,0.416,24.7,23.8
2026-05-17 15:00:00,0.345,0.416,23.8,23.3
2026-05-17 16:00:00,0.346,0.417,23.1,22.8
2026-05-17 17:00:00,0.346,0.417,22.3,22.3
2026-05-17 18:00:00,0.347,0.417,21.6,21.9
2026-05-17 19:00:00,0.348,0.418,21,21.4
2026-05-17 20:00:00,0.349,0.418,20.3,21
2026-05-17 21:00:00,0.349,0.418,19.8,20.6
2026-05-17 22:00:00,0.349,0.419,19.4,20.1
2026-05-17 23:00:00,0.349,0.419,19.4,19.8
2026-05-18 00:00:00,0.349,0.419,20.1,19.6
2026-05-18 01:00:00,0.348,0.419,21.2,19.8
2026-05-18 02:00:00,0.347,0.418,22.5,20.3
2026-05-18 03:00:00,0.347,0.418,23.8,21.1
2026-05-18 04:00:00,0.346,0.416,25.2,22.1
2026-05-18 05:00:00,0.346,0.415,26.6,23.1
2026-05-18 06:00:00,0.346,0.414,27.7,24.1
2026-05-18 07:00:00,0.345,0.413,28.4,25
2026-05-18 08:00:00,0.345,0.412,28.5,25.7
2026-05-18 09:00:00,0.345,0.412,28.3,26
2026-05-18 10:00:00,0.345,0.412,27.8,26.1
2026-05-18 11:00:00,0.345,0.412,27.1,25.9
2026-05-18 12:00:00,0.346,0.412,26.4,25.5
2026-05-18 13:00:00,0.346,0.412,25.5,25
2026-05-18 14:00:00,0.347,0.413,24.8,24.4
2026-05-18 15:00:00,0.348,0.414,24.1,23.8
2026-05-18 16:00:00,0.348,0.414,23.4,23.3
2026-05-18 17:00:00,0.349,0.414,22.7,22.7
2026-05-18 18:00:00,0.349,0.415,22.1,22.2
2026-05-18 19:00:00,0.35,0.415,21.5,21.8
2026-05-18 20:00:00,0.351,0.416,20.9,21.3
2026-05-18 21:00:00,0.352,0.416,20.4,20.9
2026-05-18 22:00:00,0.352,0.417,20.1,20.5
2026-05-18 23:00:00,0.352,0.417,20.2,20.2
2026-05-19 00:00:00,0.352,0.417,20.7,20.2
2026-05-19 01:00:00,0.351,0.417,21.4,20.4
2026-05-19 02:00:00,0.352,0.416,22.1,20.9
2026-05-19 03:00:00,0.353,0.416,22.9,21.5
2026-05-19 04:00:00,0.353,0.415,23.7,22
2026-05-19 05:00:00,0.353,0.414,24.4,22.6
2026-05-19 06:00:00,0.353,0.414,24.8,23.1
2026-05-19 07:00:00,0.353,0.413,25,23.6
2026-05-19 08:00:00,0.354,0.413,25.1,23.9
2026-05-19 09:00:00,0.354,0.412,25.1,24
2026-05-19 10:00:00,0.354,0.412,24.9,24.1
2026-05-19 11:00:00,0.354,0.412,24.6,24
2026-05-19 12:00:00,0.355,0.412,24.2,23.8
2026-05-19 13:00:00,0.355,0.412,23.9,23.6
2026-05-19 14:00:00,0.355,0.413,23.6,23.4
2026-05-19 15:00:00,0.356,0.413,23.3,23.1
2026-05-19 16:00:00,0.356,0.413,23,22.9
2026-05-19 17:00:00,0.356,0.413,22.7,22.7
2026-05-19 18:00:00,0.357,0.413,22.4,22.4
2026-05-19 19:00:00,0.357,0.413,22.1,22.2
2026-05-19 20:00:00,0.358,0.414,21.8,22
2026-05-19 21:00:00,0.358,0.414,21.6,21.8
2026-05-19 22:00:00,0.358,0.414,21.4,21.6
2026-05-19 23:00:00,0.358,0.414,21.2,21.5
2026-05-20 00:00:00,0.36,0.414,21.1,21.3
2026-05-20 01:00:00,0.364,0.414,21,21.2
2026-05-20 02:00:00,0.37,0.414,20.9,21.2
2026-05-20 03:00:00,0.374,0.414,21,21.1
2026-05-20 04:00:00,0.377,0.414,21.2,21.1
2026-05-20 05:00:00,0.376,0.414,21.2,21.2
2026-05-20 06:00:00,0.376,0.414,21.3,21.2
2026-05-20 07:00:00,0.375,0.414,21.4,21.2
2026-05-20 08:00:00,0.374,0.414,21.4,21.2
2026-05-20 09:00:00,0.374,0.413,21.4,21.3
2026-05-20 10:00:00,0.375,0.413,21.4,21.3
2026-05-20 11:00:00,0.375,0.413,21.2,21.2
2026-05-20 12:00:00,0.375,0.413,21.1,21.2
2026-05-20 13:00:00,0.375,0.413,21,21.1
2026-05-20 14:00:00,0.375,0.413,20.9,21.1
2026-05-20 15:00:00,0.376,0.413,20.7,21
2026-05-20 16:00:00,0.376,0.413,20.6,20.9
2026-05-20 17:00:00,0.375,0.414,20.5,20.9
2026-05-20 18:00:00,0.375,0.414,20.5,20.8
2026-05-20 19:00:00,0.375,0.414,20.4,20.7
2026-05-20 20:00:00,0.375,0.414,20.2,20.6
2026-05-20 21:00:00,0.375,0.414,20,20.6
2026-05-20 22:00:00,0.375,0.414,19.8,20.5
2026-05-20 23:00:00,0.375,0.414,19.7,20.4
2026-05-21 00:00:00,0.375,0.414,19.7,20.3
2026-05-21 01:00:00,0.375,0.414,19.8,20.2
2026-05-21 02:00:00,0.375,0.414,20,20.2
2026-05-21 03:00:00,0.374,0.414,20.3,20.3
2026-05-21 04:00:00,0.374,0.414,20.6,20.4
2026-05-21 05:00:00,0.374,0.414,20.8,20.5
2026-05-21 06:00:00,0.374,0.414,20.8,20.7
2026-05-21 07:00:00,0.374,0.413,20.8,20.7
2026-05-21 08:00:00,0.374,0.413,20.7,20.8
2026-05-21 09:00:00,0.374,0.413,20.6,20.8
2026-05-21 10:00:00,0.374,0.413,20.5,20.7
2026-05-21 11:00:00,0.374,0.413,20.3,20.7
2026-05-21 12:00:00,0.375,0.413,20.1,20.6
2026-05-21 13:00:00,0.375,0.413,19.9,20.5
2026-05-21 14:00:00,0.375,0.414,19.7,20.4
2026-05-21 15:00:00,0.375,0.414,19.5,20.3
2026-05-21 16:00:00,0.375,0.414,19.4,20.2
2026-05-21 17:00:00,0.375,0.414,19.2,20.1
2026-05-21 18:00:00,0.376,0.414,19.1,20
2026-05-21 19:00:00,0.376,0.414,19,19.9
2026-05-21 20:00:00,0.376,0.414,18.9,19.8
2026-05-21 21:00:00,0.376,0.414,18.7,19.7
2026-05-21 22:00:00,0.376,0.414,18.7,19.6
2026-05-21 23:00:00,0.376,0.414,18.8,19.5
2026-05-22 00:00:00,0.375,0.414,19.2,19.5
2026-05-22 01:00:00,0.374,0.414,20,19.6
2026-05-22 02:00:00,0.373,0.414,20.7,19.9
2026-05-22 03:00:00,0.372,0.413,21.4,20.2
2026-05-22 04:00:00,0.371,0.413,22,20.7
2026-05-22 05:00:00,0.371,0.412,22.6,21.1
2026-05-22 06:00:00,0.37,0.412,23.3,21.6
2026-05-22 07:00:00,0.37,0.411,23.7,22.1
2026-05-22 08:00:00,0.37,0.41,23.9,22.6
2026-05-22 09:00:00,0.37,0.41,24.1,22.9
2026-05-22 10:00:00,0.37,0.41,23.9,23.1
2026-05-22 11:00:00,0.371,0.409,23.5,23.1
2026-05-22 12:00:00,0.371,0.409,23,23
2026-05-22 13:00:00,0.372,0.41,22.4,22.8
2026-05-22 14:00:00,0.373,0.41,21.8,22.5
2026-05-22 15:00:00,0.374,0.41,21.2,22.2
2026-05-22 16:00:00,0.375,0.41,20.7,21.8
2026-05-22 17:00:00,0.375,0.411,20.2,21.5
2026-05-22 18:00:00,0.376,0.411,19.8,21.1
2026-05-22 19:00:00,0.376,0.411,19.6,20.8
2026-05-22 20:00:00,0.376,0.412,19.3,20.6
2026-05-22 21:00:00,0.377,0.412,18.9,20.3
2026-05-22 22:00:00,0.377,0.412,18.7,20.1
2026-05-22 23:00:00,0.377,0.413,18.8,19.9
2026-05-23 00:00:00,0.376,0.413,19.2,19.8
2026-05-23 01:00:00,0.376,0.412,19.5,19.9
2026-05-23 02:00:00,0.376,0.412,19.8,20
2026-05-23 03:00:00,0.375,0.412,20.6,20.2
2026-05-23 04:00:00,0.373,0.411,21.8,20.6
2026-05-23 05:00:00,0.372,0.411,23.2,21.3
2026-05-23 06:00:00,0.371,0.41,24.1,22.1
2026-05-23 07:00:00,0.37,0.409,24.6,22.8
2026-05-23 08:00:00,0.37,0.408,24.8,23.2
2026-05-23 09:00:00,0.37,0.408,25,23.5
2026-05-23 10:00:00,0.37,0.408,24.9,23.6
2026-05-23 11:00:00,0.37,0.407,24.4,23.6
2026-05-23 12:00:00,0.371,0.407,23.8,23.4
2026-05-23 13:00:00,0.371,0.408,23.2,23.2
2026-05-23 14:00:00,0.372,0.408,22.6,22.8
2026-05-23 15:00:00,0.373,0.408,22.1,22.4
2026-05-23 16:00:00,0.373,0.409,21.6,22.1
2026-05-23 17:00:00,0.374,0.409,21.1,21.7
2026-05-23 18:00:00,0.375,0.41,20.7,21.3
2026-05-23 19:00:00,0.375,0.41,20.5,21
2026-05-23 20:00:00,0.375,0.41,20.2,20.7
2026-05-23 21:00:00,0.376,0.41,20,20.5
2026-05-23 22:00:00,0.376,0.411,19.8,20.3
2026-05-23 23:00:00,0.376,0.411,19.9,20.1
2026-05-24 00:00:00,0.376,0.411,20.4,20.2
2026-05-24 01:00:00,0.375,0.411,21.2,20.5
2026-05-24 02:00:00,0.374,0.41,22.3,21
2026-05-24 03:00:00,0.372,0.409,23.8,21.8
2026-05-24 04:00:00,0.371,0.408,25.5,22.8
2026-05-24 05:00:00,0.37,0.407,27,23.8
2026-05-24 06:00:00,0.369,0.405,27.9,24.8
2026-05-24 07:00:00,0.369,0.404,28.4,25.5
2026-05-24 08:00:00,0.369,0.403,28.4,25.9
2026-05-24 09:00:00,0.369,0.403,28,26
2026-05-24 10:00:00,0.37,0.403,27.4,25.8
2026-05-24 11:00:00,0.37,0.403,26.8,25.6
2026-05-24 12:00:00,0.371,0.403,26.1,25.3
2026-05-24 13:00:00,0.372,0.403,25.3,25
2026-05-24 14:00:00,0.373,0.404,24.6,24.6
2026-05-24 15:00:00,0.374,0.404,24,24.2
2026-05-24 16:00:00,0.374,0.405,23.5,23.8
2026-05-24 17:00:00,0.375,0.405,23,23.4
2026-05-24 18:00:00,0.376,0.406,22.6,23.1
2026-05-24 19:00:00,0.376,0.406,22.2,22.8
2026-05-24 20:00:00,0.376,0.406,21.8,22.5
2026-05-24 21:00:00,0.377,0.407,21.5,22.2
2026-05-24 22:00:00,0.377,0.407,21.4,22
2026-05-24 23:00:00,0.377,0.407,21.6,21.8
2026-05-25 00:00:00,0.377,0.407,22,21.8
2026-05-25 01:00:00,0.376,0.407,22.7,22
2026-05-25 02:00:00,0.375,0.406,23.4,22.4
2026-05-25 03:00:00,0.374,0.406,24.4,23
2026-05-25 04:00:00,0.373,0.405,25.5,23.7
2026-05-25 05:00:00,0.372,0.403,26.5,24.6
2026-05-25 06:00:00,0.372,0.402,27.2,25.3
2026-05-25 07:00:00,0.371,0.401,27.6,25.9
2026-05-25 08:00:00,0.371,0.4,27.7,26.4
2026-05-25 09:00:00,0.372,0.4,27.6,26.5
2026-05-25 10:00:00,0.372,0.4,27.2,26.4
2026-05-25 11:00:00,0.373,0.4,26.7,26.2
2026-05-25 12:00:00,0.373,0.4,26.2,25.8
2026-05-25 13:00:00,0.374,0.401,25.6,25.4
2026-05-25 14:00:00,0.375,0.401,25.2,25
2026-05-25 15:00:00,0.375,0.402,24.7,24.6
2026-05-25 16:00:00,0.376,0.402,24.3,24.3
2026-05-25 17:00:00,0.376,0.403,23.9,23.9
2026-05-25 18:00:00,0.377,0.403,23.7,23.6
2026-05-25 19:00:00,0.377,0.403,23.5,23.4
2026-05-25 20:00:00,0.377,0.403,23.3,23.2
2026-05-25 21:00:00,0.378,0.404,23.1,23
2026-05-25 22:00:00,0.378,0.404,23,22.9
2026-05-25 23:00:00,0.378,0.404,23,22.8
2026-05-26 00:00:00,0.378,0.404,23.1,22.7
2026-05-26 01:00:00,0.378,0.404,23.2,22.7
2026-05-26 02:00:00,0.377,0.404,23.5,22.8
2026-05-26 03:00:00,0.377,0.403,24,23.1
2026-05-26 04:00:00,0.377,0.403,24.4,23.4
2026-05-26 05:00:00,0.377,0.402,24.6,23.8
2026-05-26 06:00:00,0.376,0.402,24.8,24.1
2026-05-26 07:00:00,0.375,0.401,24.9,24.3
2026-05-26 08:00:00,0.375,0.397,24.9,24.4
2026-05-26 09:00:00,0.372,0.397,24.7,24.4
2026-05-26 10:00:00,0.37,0.397,24.5,24.3
2026-05-26 11:00:00,0.371,0.397,24.3,24.2
2026-05-26 12:00:00,0.371,0.397,24,24
2026-05-26 13:00:00,0.371,0.398,23.8,23.8
2026-05-26 14:00:00,0.371,0.398,23.6,23.6
2026-05-26 15:00:00,0.373,0.398,23.3,23.4
2026-05-26 16:00:00,0.374,0.398,23.1,23.2
2026-05-26 17:00:00,0.374,0.399,23,23
2026-05-26 18:00:00,0.375,0.399,22.8,22.8
2026-05-26 19:00:00,0.375,0.399,22.7,22.7
2026-05-26 20:00:00,0.375,0.399,22.6,22.6
2026-05-26 21:00:00,0.375,0.4,22.5,22.4
2026-05-26 22:00:00,0.375,0.4,22.4,22.3
2026-05-26 23:00:00,0.374,0.4,22.4,22.3
2026-05-27 00:00:00,0.374,0.4,22.6,22.2
2026-05-27 01:00:00,0.374,0.4,23,22.3
2026-05-27 02:00:00,0.373,0.399,23.6,22.5
2026-05-27 03:00:00,0.372,0.399,24.2,23
2026-05-27 04:00:00,0.372,0.398,24.7,23.5
2026-05-27 05:00:00,0.371,0.397,25.1,23.9
2026-05-27 06:00:00,0.371,0.396,25.3,24.4
2026-05-27 07:00:00,0.371,0.396,25.4,24.8
2026-05-27 08:00:00,0.371,0.395,25.5,25
2026-05-27 09:00:00,0.371,0.395,25.4,25
2026-05-27 10:00:00,0.372,0.395,25.3,25
2026-05-27 11:00:00,0.373,0.395,25.1,24.9
2026-05-27 12:00:00,0.373,0.395,25,24.8
2026-05-27 13:00:00,0.373,0.396,24.8,24.6
2026-05-27 14:00:00,0.374,0.396,24.6,24.4
2026-05-27 15:00:00,0.374,0.396,24.4,24.2
2026-05-27 16:00:00,0.374,0.397,24.2,24.1
2026-05-27 17:00:00,0.374,0.397,24.1,23.9
2026-05-27 18:00:00,0.375,0.397,23.9,23.7
2026-05-27 19:00:00,0.375,0.397,23.8,23.6
2026-05-27 20:00:00,0.376,0.397,23.6,23.4
2026-05-27 21:00:00,0.376,0.398,23.4,23.3
2026-05-27 22:00:00,0.377,0.398,23.2,23.1
2026-05-27 23:00:00,0.377,0.398,23,23
2026-05-28 00:00:00,0.377,0.398,23,22.9
2026-05-28 01:00:00,0.377,0.398,23.1,22.8
2026-05-28 02:00:00,0.376,0.398,23.3,22.9
2026-05-28 03:00:00,0.375,0.398,23.3,22.9
2026-05-28 04:00:00,0.374,0.398,23.4,23
2026-05-28 05:00:00,0.374,0.398,23.6,23
2026-05-28 06:00:00,0.373,0.398,23.8,23.2
2026-05-28 07:00:00,0.373,0.398,23.9,23.3
2026-05-28 08:00:00,0.372,0.398,23.8,23.4
2026-05-28 09:00:00,0.371,0.398,23.7,23.4
2026-05-28 10:00:00,0.372,0.398,23.5,23.4
2026-05-28 11:00:00,0.372,0.398,23.2,23.3
2026-05-28 12:00:00,0.372,0.398,22.9,23.1
2026-05-28 13:00:00,0.372,0.398,22.6,22.9
2026-05-28 14:00:00,0.372,0.399,22.2,22.7
2026-05-28 15:00:00,0.373,0.399,21.9,22.5
2026-05-28 16:00:00,0.372,0.399,21.7,22.3
2026-05-28 17:00:00,0.372,0.399,21.4,22
2026-05-28 18:00:00,0.373,0.4,21.1,21.8
2026-05-28 19:00:00,0.374,0.4,20.7,21.6
2026-05-28 20:00:00,0.375,0.401,20.4,21.4
2026-05-28 21:00:00,0.375,0.401,20,21.2
2026-05-28 22:00:00,0.375,0.401,19.8,20.9
2026-05-28 23:00:00,0.375,0.402,20,20.8
2026-05-29 00:00:00,0.373,0.402,20.7,20.7
2026-05-29 01:00:00,0.371,0.402,21.5,20.9
2026-05-29 02:00:00,0.37,0.401,22.6,21.3
2026-05-29 03:00:00,0.369,0.4,24,22
2026-05-29 04:00:00,0.368,0.399,25.1,22.9
2026-05-29 05:00:00,0.367,0.397,26,23.9
2026-05-29 06:00:00,0.366,0.396,26.6,24.7
2026-05-29 07:00:00,0.366,0.395,26.9,25.4
2026-05-29 08:00:00,0.366,0.394,27.1,25.9
2026-05-29 09:00:00,0.366,0.394,27,26.2
2026-05-29 10:00:00,0.367,0.393,26.6,26.3
2026-05-29 11:00:00,0.367,0.394,26,26.1
2026-05-29 12:00:00,0.368,0.394,25.2,25.7
2026-05-29 13:00:00,0.368,0.395,24.5,25.3
2026-05-29 14:00:00,0.369,0.395,23.8,24.8
2026-05-29 15:00:00,0.37,0.396,23.2,24.3
2026-05-29 16:00:00,0.371,0.397,22.5,23.8
2026-05-29 17:00:00,0.371,0.398,21.9,23.4
2026-05-29 18:00:00,0.372,0.398,21.4,22.9
2026-05-29 19:00:00,0.373,0.399,20.8,22.5
2026-05-29 20:00:00,0.374,0.4,20.3,22.1
2026-05-29 21:00:00,0.375,0.401,19.8,21.7
2026-05-29 22:00:00,0.375,0.401,19.6,21.4
2026-05-29 23:00:00,0.375,0.402,19.8,21.1
2026-05-30 00:00:00,0.374,0.402,20.6,21
2026-05-30 01:00:00,0.373,0.402,21.7,21.2
2026-05-30 02:00:00,0.372,0.401,23,21.7
2026-05-30 03:00:00,0.371,0.4,24.4,22.5
2026-05-30 04:00:00,0.37,0.398,25.6,23.4
2026-05-30 05:00:00,0.369,0.396,26.6,24.4
2026-05-30 06:00:00,0.368,0.395,27.3,25.2
2026-05-30 07:00:00,0.367,0.394,27.8,25.9
2026-05-30 08:00:00,0.367,0.393,28.1,26.4
2026-05-30 09:00:00,0.366,0.393,28,26.8
2026-05-30 10:00:00,0.366,0.392,27.6,27
2026-05-30 11:00:00,0.367,0.392,27,26.8
2026-05-30 12:00:00,0.367,0.392,26.3,26.5
2026-05-30 13:00:00,0.368,0.393,25.6,25.9
2026-05-30 14:00:00,0.367,0.394,24.9,25.4
2026-05-30 15:00:00,0.366,0.395,24.2,24.7
2026-05-30 16:00:00,0.366,0.396,23.6,24.1
2026-05-30 17:00:00,0.367,0.397,22.9,23.5
2026-05-30 18:00:00,0.367,0.398,22.4,23
2026-05-30 19:00:00,0.368,0.398,21.9,22.5
2026-05-30 20:00:00,0.368,0.399,21.4,22.1
2026-05-30 21:00:00,0.369,0.4,20.9,21.6
2026-05-30 22:00:00,0.369,0.401,20.6,21.2
2026-05-30 23:00:00,0.369,0.401,20.9,21
2026-05-31 00:00:00,0.367,0.401,21.7,21.1
2026-05-31 01:00:00,0.366,0.4,22.9,21.5
2026-05-31 02:00:00,0.364,0.399,24.3,22.2
2026-05-31 03:00:00,0.363,0.398,25.6,23
2026-05-31 04:00:00,0.362,0.397,26.6,23.9
2026-05-31 05:00:00,0.36,0.395,27.5,24.8
2026-05-31 06:00:00,0.36,0.394,28.2,25.8
2026-05-31 07:00:00,0.359,0.393,28.7,26.6
2026-05-31 08:00:00,0.359,0.393,28.8,27.2
2026-05-31 09:00:00,0.359,0.393,28.6,27.6
2026-05-31 10:00:00,0.359,0.393,28,27.6
2026-05-31 11:00:00,0.359,0.393,27.3,27.4
2026-05-31 12:00:00,0.36,0.393,26.5,27
2026-05-31 13:00:00,0.36,0.394,25.7,26.4
2026-05-31 14:00:00,0.361,0.394,25,25.9
2026-05-31 15:00:00,0.362,0.395,24.3,25.3
2026-05-31 16:00:00,0.363,0.396,23.7,24.8
2026-05-31 17:00:00,0.363,0.397,23.1,24.2
2026-05-31 18:00:00,0.364,0.398,22.6,23.8
2026-05-31 19:00:00,0.365,0.399,22.2,23.3
2026-05-31 20:00:00,0.365,0.399,21.8,22.9
2026-05-31 21:00:00,0.366,0.4,21.3,22.5
2026-05-31 22:00:00,0.366,0.401,21.1,22.2
2026-05-31 23:00:00,0.366,0.401,21.2,22
2026-06-01 00:00:00,0.366,0.401,21.7,22
2026-06-01 01:00:00,0.366,0.401,22.5,22.2
2026-06-01 02:00:00,0.365,0.4,23.6,22.7
2026-06-01 03:00:00,0.364,0.398,24.7,23.5
2026-06-01 04:00:00,0.363,0.396,25.6,24.5
2026-06-01 05:00:00,0.362,0.395,26.4,25.5
2026-06-01 06:00:00,0.361,0.393,27.1,26.4
2026-06-01 07:00:00,0.361,0.393,27.5,27.1
2026-06-01 08:00:00,0.361,0.392,27.6,27.7
2026-06-01 09:00:00,0.361,0.391,27.4,27.8
2026-06-01 10:00:00,0.361,0.391,27.1,27.7
2026-06-01 11:00:00,0.361,0.392,26.6,27.4
2026-06-01 12:00:00,0.362,0.392,26.1,27
2026-06-01 13:00:00,0.362,0.392,25.6,26.5
2026-06-01 14:00:00,0.362,0.393,25.3,26
2026-06-01 15:00:00,0.362,0.394,24.9,25.6
2026-06-01 16:00:00,0.363,0.394,24.6,25.3
2026-06-01 17:00:00,0.363,0.395,24.3,24.9
2026-06-01 18:00:00,0.363,0.395,24,24.6
2026-06-01 19:00:00,0.364,0.396,23.7,24.3
2026-06-01 20:00:00,0.364,0.396,23.5,24
2026-06-01 21:00:00,0.365,0.397,23.3,23.8
2026-06-01 22:00:00,0.371,0.397,23.2,23.6
2026-06-01 23:00:00,0.377,0.397,23,23.5
2026-06-02 00:00:00,0.376,0.398,22.9,23.3
2026-06-02 01:00:00,0.377,0.398,22.9,23.2
2026-06-02 02:00:00,0.375,0.398,22.9,23.1
2026-06-02 03:00:00,0.373,0.398,23,23.1
2026-06-02 04:00:00,0.373,0.398,23.2,23.2
2026-06-02 05:00:00,0.372,0.397,23.5,23.3
2026-06-02 06:00:00,0.37,0.397,24,23.5
2026-06-02 07:00:00,0.369,0.396,24.4,23.8
2026-06-02 08:00:00,0.368,0.396,25,24.1
2026-06-02 09:00:00,0.367,0.395,25.3,24.5
2026-06-02 10:00:00,0.367,0.394,25.5,24.8
2026-06-02 11:00:00,0.367,0.394,25.2,25
2026-06-02 12:00:00,0.367,0.394,24.8,25
2026-06-02 13:00:00,0.368,0.394,24.4,24.8
2026-06-02 14:00:00,0.368,0.394,24,24.5
2026-06-02 15:00:00,0.369,0.395,23.6,24.2
2026-06-02 16:00:00,0.369,0.395,23.2,23.9
2026-06-02 17:00:00,0.369,0.396,22.9,23.6
2026-06-02 18:00:00,0.37,0.396,22.5,23.3
2026-06-02 19:00:00,0.37,0.397,22.2,23
2026-06-02 20:00:00,0.37,0.397,21.9,22.7
2026-06-02 21:00:00,0.371,0.398,21.6,22.4
2026-06-02 22:00:00,0.371,0.398,21.5,22.1
2026-06-02 23:00:00,0.37,0.398,21.8,22
2026-06-03 00:00:00,0.37,0.398,22.5,22.1
2026-06-03 01:00:00,0.369,0.397,23.5,22.5
2026-06-03 02:00:00,0.368,0.396,24.8,23.2
2026-06-03 03:00:00,0.367,0.395,26.3,24.3
2026-06-03 04:00:00,0.365,0.393,27.6,25.4
2026-06-03 05:00:00,0.365,0.392,28.6,26.6
2026-06-03 06:00:00,0.364,0.391,29.1,27.5
2026-06-03 07:00:00,0.363,0.39,29.3,28.2
2026-06-03 08:00:00,0.363,0.39,29.2,28.5
2026-06-03 09:00:00,0.362,0.389,28.9,28.6
2026-06-03 10:00:00,0.361,0.389,28.4,28.4
2026-06-03 11:00:00,0.362,0.39,27.9,28
2026-06-03 12:00:00,0.362,0.391,27.3,27.6
2026-06-03 13:00:00,0.363,0.391,26.8,27
2026-06-03 14:00:00,0.363,0.392,26.3,26.5
2026-06-03 15:00:00,0.363,0.392,25.8,26.1
2026-06-03 16:00:00,0.364,0.393,25.4,25.6
2026-06-03 17:00:00,0.364,0.394,25,25.3
2026-06-03 18:00:00,0.364,0.394,24.7,24.9
2026-06-03 19:00:00,0.365,0.395,24.4,24.6
2026-06-03 20:00:00,0.365,0.395,24.1,24.4
2026-06-03 21:00:00,0.365,0.396,23.8,24.1
2026-06-03 22:00:00,0.366,0.396,23.6,23.9
2026-06-03 23:00:00,0.366,0.396,23.6,23.7
2026-06-04 00:00:00,0.365,0.396,24,23.7
2026-06-04 01:00:00,0.365,0.396,24.3,23.8
2026-06-04 02:00:00,0.365,0.395,24.5,24
2026-06-04 03:00:00,0.365,0.395,24.6,24.2
2026-06-04 04:00:00,0.365,0.395,24.9,24.4
2026-06-04 05:00:00,0.365,0.394,25.2,24.7
2026-06-04 06:00:00,0.364,0.393,25.6,25.1
2026-06-04 07:00:00,0.364,0.393,25.9,25.5
2026-06-04 08:00:00,0.364,0.392,26,25.9
2026-06-04 09:00:00,0.364,0.391,26.1,26.2
2026-06-04 10:00:00,0.364,0.391,26,26.4
2026-06-04 11:00:00,0.364,0.391,25.7,26.3
2026-06-04 12:00:00,0.365,0.391,25.3,26.1
2026-06-04 13:00:00,0.365,0.392,25,25.8
2026-06-04 14:00:00,0.366,0.392,24.8,25.4
2026-06-04 15:00:00,0.366,0.393,24.4,25.1
2026-06-04 16:00:00,0.366,0.393,24.2,24.8
2026-06-04 17:00:00,0.366,0.394,23.9,24.5
2026-06-04 18:00:00,0.366,0.394,23.7,24.3
2026-06-04 19:00:00,0.367,0.395,23.5,24
2026-06-04 20:00:00,0.367,0.395,23.3,23.8
2026-06-04 21:00:00,0.367,0.396,23,23.6
2026-06-04 22:00:00,0.368,0.396,22.7,23.4
2026-06-04 23:00:00,0.368,0.397,22.7,23.1
2026-06-05 00:00:00,0.369,0.397,23.2,23.1
2026-06-05 01:00:00,0.368,0.396,23.8,23.4
2026-06-05 02:00:00,0.368,0.396,24.5,23.8
2026-06-05 03:00:00,0.367,0.394,25.3,24.4
2026-06-05 04:00:00,0.366,0.393,26.3,25.1
2026-06-05 05:00:00,0.365,0.392,27.1,25.8
2026-06-05 06:00:00,0.365,0.391,27.8,26.5
2026-06-05 07:00:00,0.364,0.39,28.1,27
2026-06-05 08:00:00,0.364,0.39,28.2,27.4
2026-06-05 09:00:00,0.364,0.389,27.9,27.5
2026-06-05 10:00:00,0.364,0.389,27.3,27.4
2026-06-05 11:00:00,0.366,0.39,26.4,27
2026-06-05 12:00:00,0.366,0.39,25.5,26.6
2026-06-05 13:00:00,0.367,0.391,24.7,26
2026-06-05 14:00:00,0.368,0.392,23.9,25.4
2026-06-05 15:00:00,0.369,0.393,23.1,24.9
2026-06-05 16:00:00,0.37,0.394,22.3,24.3
2026-06-05 17:00:00,0.371,0.395,21.6,23.8
2026-06-05 18:00:00,0.372,0.396,21,23.3
2026-06-05 19:00:00,0.372,0.397,20.4,22.8
2026-06-05 20:00:00,0.373,0.397,19.8,22.4
2026-06-05 21:00:00,0.377,0.398,19.3,22
2026-06-05 22:00:00,0.378,0.399,19,21.6
2026-06-05 23:00:00,0.377,0.399,19.3,21.3
2026-06-06 00:00:00,0.376,0.399,20.2,21.2
2026-06-06 01:00:00,0.375,0.399,21.2,21.5
2026-06-06 02:00:00,0.374,0.398,22.2,22.1
2026-06-06 03:00:00,0.373,0.397,23.3,22.8
2026-06-06 04:00:00,0.372,0.395,24.4,23.7
2026-06-06 05:00:00,0.371,0.393,25.5,24.6
2026-06-06 06:00:00,0.37,0.392,26.3,25.5
2026-06-06 07:00:00,0.369,0.391,26.8,26.2
2026-06-06 08:00:00,0.369,0.39,26.9,26.6
2026-06-06 09:00:00,0.369,0.389,26.7,26.9
2026-06-06 10:00:00,0.369,0.389,26.2,26.9
2026-06-06 11:00:00,0.368,0.389,25.6,26.7
2026-06-06 12:00:00,0.369,0.389,25,26.3
2026-06-06 13:00:00,0.369,0.39,24.3,25.9
2026-06-06 14:00:00,0.37,0.391,23.7,25.5
2026-06-06 15:00:00,0.371,0.391,23.1,25
2026-06-06 16:00:00,0.371,0.392,22.6,24.5
2026-06-06 17:00:00,0.372,0.393,22.1,24.1
2026-06-06 18:00:00,0.372,0.394,21.7,23.7
2026-06-06 19:00:00,0.372,0.394,21.4,23.3
2026-06-06 20:00:00,0.373,0.395,21,23
2026-06-06 21:00:00,0.373,0.396,20.7,22.7
2026-06-06 22:00:00,0.374,0.396,20.6,22.4
2026-06-06 23:00:00,0.373,0.396,21,22.1
2026-06-07 00:00:00,0.372,0.397,21.6,22.1
2026-06-07 01:00:00,0.369,0.396,22.6,22.3
2026-06-07 02:00:00,0.367,0.395,23.8,22.7
2026-06-07 03:00:00,0.366,0.394,25.1,23.3
2026-06-07 04:00:00,0.365,0.393,26.1,24
2026-06-07 05:00:00,0.364,0.392,26.6,24.7
2026-06-07 06:00:00,0.364,0.391,27.3,25.3
2026-06-07 07:00:00,0.363,0.389,27.9,25.9
2026-06-07 08:00:00,0.363,0.389,28.1,26.5
2026-06-07 09:00:00,0.363,0.388,28,26.9
2026-06-07 10:00:00,0.363,0.388,27.6,27.1
2026-06-07 11:00:00,0.364,0.388,27,27
2026-06-07 12:00:00,0.365,0.388,26.3,26.8
2026-06-07 13:00:00,0.366,0.389,25.7,26.5
2026-06-07 14:00:00,0.366,0.389,25.2,26.1
2026-06-07 15:00:00,0.367,0.39,24.8,25.6
2026-06-07 16:00:00,0.367,0.391,24.4,25.3
2026-06-07 17:00:00,0.367,0.391,24,24.9
2026-06-07 18:00:00,0.367,0.392,23.7,24.6
2026-06-07 19:00:00,0.367,0.393,23.4,24.3
2026-06-07 20:00:00,0.368,0.393,23.1,24
2026-06-07 21:00:00,0.368,0.394,22.8,23.8
2026-06-07 22:00:00,0.368,0.394,22.5,23.5
2026-06-07 23:00:00,0.369,0.395,22.3,23.3
2026-06-08 00:00:00,0.369,0.395,22.2,23.1
2026-06-08 01:00:00,0.369,0.395,22.2,23
2026-06-08 02:00:00,0.369,0.395,22.4,22.9
2026-06-08 03:00:00,0.369,0.395,22.8,22.9
2026-06-08 04:00:00,0.368,0.395,23.1,23
2026-06-08 05:00:00,0.368,0.395,23.4,23.2
2026-06-08 06:00:00,0.368,0.394,23.9,23.4
2026-06-08 07:00:00,0.367,0.394,24.4,23.6
2026-06-08 08:00:00,0.367,0.393,24.5,23.9
2026-06-08 09:00:00,0.367,0.393,24.3,24.1
2026-06-08 10:00:00,0.367,0.393,24,24.2
2026-06-08 11:00:00,0.368,0.393,23.5,24.1
2026-06-08 12:00:00,0.37,0.393,23,24
2026-06-08 13:00:00,0.369,0.393,22.5,23.8
2026-06-08 14:00:00,0.37,0.394,22.1,23.6
2026-06-08 15:00:00,0.372,0.394,21.7,23.3
2026-06-08 16:00:00,0.372,0.395,21.4,23.1
2026-06-08 17:00:00,0.373,0.395,20.9,22.8
2026-06-08 18:00:00,0.373,0.395,20.5,22.6
2026-06-08 19:00:00,0.373,0.396,20,22.3
2026-06-08 20:00:00,0.373,0.396,19.6,22
2026-06-08 21:00:00,0.372,0.397,19.3,21.7
2026-06-08 22:00:00,0.373,0.397,19.2,21.4
2026-06-08 23:00:00,0.372,0.398,19.4,21.2
2026-06-09 00:00:00,0.372,0.398,20.1,21.1
2026-06-09 01:00:00,0.371,0.398,21,21.3
2026-06-09 02:00:00,0.37,0.397,22,21.6
2026-06-09 03:00:00,0.369,0.396,23.3,22.1
2026-06-09 04:00:00,0.37,0.395,24.6,22.8
2026-06-09 05:00:00,0.369,0.394,25.8,23.6
2026-06-09 06:00:00,0.367,0.392,26.7,24.4
2026-06-09 07:00:00,0.366,0.39,27.3,25.2
2026-06-09 08:00:00,0.366,0.389,27.5,25.9
2026-06-09 09:00:00,0.366,0.388,27.3,26.2
2026-06-09 10:00:00,0.365,0.388,26.8,26.3
2026-06-09 11:00:00,0.365,0.388,26,26.1
2026-06-09 12:00:00,0.366,0.389,25.2,25.8
2026-06-09 13:00:00,0.366,0.39,24.4,25.4
2026-06-09 14:00:00,0.367,0.39,23.7,24.9
2026-06-09 15:00:00,0.368,0.391,23.1,24.4
2026-06-09 16:00:00,0.368,0.392,22.5,24
2026-06-09 17:00:00,0.369,0.393,21.9,23.5
2026-06-09 18:00:00,0.369,0.394,21.4,23
2026-06-09 19:00:00,0.37,0.394,20.8,22.5
2026-06-09 20:00:00,0.371,0.395,20.3,22.1
2026-06-09 21:00:00,0.371,0.396,19.9,21.7
2026-06-09 22:00:00,0.371,0.397,19.6,21.3
2026-06-09 23:00:00,0.371,0.397,19.9,21
2026-06-10 00:00:00,0.371,0.397,20.7,21
2026-06-10 01:00:00,0.369,0.397,21.8,21.3
2026-06-10 02:00:00,0.368,0.396,22.9,21.9
2026-06-10 03:00:00,0.368,0.395,24,22.6
2026-06-10 04:00:00,0.367,0.393,25,23.4
2026-06-10 05:00:00,0.366,0.392,25.8,24.2
2026-06-10 06:00:00,0.365,0.39,26.4,24.9
2026-06-10 07:00:00,0.365,0.389,27,25.5
2026-06-10 08:00:00,0.364,0.388,27.1,25.9
2026-06-10 09:00:00,0.364,0.388,26.9,26.2
2026-06-10 10:00:00,0.365,0.388,26.3,26.2
2026-06-10 11:00:00,0.366,0.388,25.6,26
2026-06-10 12:00:00,0.366,0.389,24.9,25.7
2026-06-10 13:00:00,0.367,0.389,24.2,25.2
2026-06-10 14:00:00,0.368,0.39,23.6,24.8
2026-06-10 15:00:00,0.368,0.391,23,24.3
2026-06-10 16:00:00,0.369,0.392,22.5,23.8
2026-06-10 17:00:00,0.37,0.393,22.1,23.4
2026-06-10 18:00:00,0.37,0.394,21.7,22.9
2026-06-10 19:00:00,0.37,0.394,21.3,22.6
2026-06-10 20:00:00,0.37,0.395,20.9,22.2
2026-06-10 21:00:00,0.371,0.396,20.6,21.9
2026-06-10 22:00:00,0.371,0.396,20.4,21.7
2026-06-10 23:00:00,0.371,0.396,20.7,21.5
2026-06-11 00:00:00,0.371,0.397,21.3,21.5
2026-06-11 01:00:00,0.37,0.396,22.1,21.7
2026-06-11 02:00:00,0.37,0.396,23.1,22.1
2026-06-11 03:00:00,0.37,0.395,24.3,22.6
2026-06-11 04:00:00,0.369,0.393,25.2,23.4
2026-06-11 05:00:00,0.368,0.392,26.1,24.1
2026-06-11 06:00:00,0.367,0.391,26.8,24.7
2026-06-11 07:00:00,0.366,0.39,27.2,25.3
2026-06-11 08:00:00,0.366,0.389,27.5,25.8
2026-06-11 09:00:00,0.366,0.388,27.4,26.1
2026-06-11 10:00:00,0.367,0.388,27,26.2
2026-06-11 11:00:00,0.368,0.388,26.3,26.1
2026-06-11 12:00:00,0.369,0.388,25.5,25.8
2026-06-11 13:00:00,0.369,0.389,24.8,25.4
2026-06-11 14:00:00,0.37,0.39,24.1,25
2026-06-11 15:00:00,0.371,0.391,23.5,24.6
2026-06-11 16:00:00,0.371,0.391,23,24.2
2026-06-11 17:00:00,0.371,0.392,22.4,23.7
2026-06-11 18:00:00,0.372,0.393,21.9,23.3
2026-06-11 19:00:00,0.372,0.394,21.5,22.9
2026-06-11 20:00:00,0.373,0.394,21,22.5
2026-06-11 21:00:00,0.374,0.395,20.6,22.2
2026-06-11 22:00:00,0.375,0.396,20.5,21.9
2026-06-11 23:00:00,0.375,0.396,20.8,21.7
2026-06-12 00:00:00,0.375,0.396,21.6,21.7
2026-06-12 01:00:00,0.374,0.395,22.7,21.9
2026-06-12 02:00:00,0.373,0.395,24.1,22.3
2026-06-12 03:00:00,0.372,0.393,25.5,23.1
2026-06-12 04:00:00,0.371,0.392,26.8,24
2026-06-12 05:00:00,0.371,0.39,27.9,24.9
2026-06-12 06:00:00,0.37,0.388,28.7,25.9
2026-06-12 07:00:00,0.37,0.387,29.3,26.7
2026-06-12 08:00:00,0.37,0.387,29.6,27.4
2026-06-12 09:00:00,0.37,0.386,29.6,27.8
2026-06-12 10:00:00,0.37,0.386,29.2,28
2026-06-12 11:00:00,0.371,0.386,28.5,27.9
2026-06-12 12:00:00,0.371,0.386,27.7,27.5
2026-06-12 13:00:00,0.372,0.387,26.9,27
2026-06-12 14:00:00,0.373,0.388,26.2,26.4
2026-06-12 15:00:00,0.374,0.389,25.4,25.9
2026-06-12 16:00:00,0.375,0.39,24.8,25.3
2026-06-12 17:00:00,0.376,0.391,24.1,24.8
2026-06-12 18:00:00,0.376,0.392,23.5,24.3
2026-06-12 19:00:00,0.377,0.393,22.9,23.8
2026-06-12 20:00:00,0.377,0.393,22.4,23.4
2026-06-12 21:00:00,0.378,0.394,21.9,23
2026-06-12 22:00:00,0.378,0.395,21.6,22.6
2026-06-12 23:00:00,0.378,0.395,21.7,22.4
2026-06-13 00:00:00,0.378,0.395,22.3,22.3
2026-06-13 01:00:00,0.377,0.395,23,22.5
2026-06-13 02:00:00,0.376,0.394,24.1,22.9
2026-06-13 03:00:00,0.376,0.393,25.3,23.6
2026-06-13 04:00:00,0.375,0.391,26.3,24.5
2026-06-13 05:00:00,0.374,0.39,27.1,25.3
2026-06-13 06:00:00,0.374,0.388,27.9,26
2026-06-13 07:00:00,0.373,0.387,28.4,26.7
2026-06-13 08:00:00,0.373,0.387,28.5,27.2
2026-06-13 09:00:00,0.373,0.386,28.4,27.5
2026-06-13 10:00:00,0.373,0.386,28,27.5
2026-06-13 11:00:00,0.374,0.386,27.5,27.3
2026-06-13 12:00:00,0.374,0.386,26.9,27
2026-06-13 13:00:00,0.375,0.387,26.5,26.7
2026-06-13 14:00:00,0.375,0.388,26,26.3
2026-06-13 15:00:00,0.375,0.388,25.6,25.9
2026-06-13 16:00:00,0.376,0.389,25.3,25.6
2026-06-13 17:00:00,0.376,0.389,24.9,25.3
2026-06-13 18:00:00,0.376,0.39,24.6,25
2026-06-13 19:00:00,0.377,0.39,24.2,24.7
2026-06-13 20:00:00,0.377,0.391,23.9,24.4
2026-06-13 21:00:00,0.377,0.392,23.5,24.2
2026-06-13 22:00:00,0.378,0.392,23.3,23.9
2026-06-13 23:00:00,0.378,0.393,23.3,23.7
2026-06-14 00:00:00,0.378,0.393,23.6,23.6
2026-06-14 01:00:00,0.378,0.393,24.3,23.6
2026-06-14 02:00:00,0.377,0.392,25.5,23.9
2026-06-14 03:00:00,0.376,0.391,26.9,24.4
2026-06-14 04:00:00,0.375,0.39,28.2,25.2
2026-06-14 05:00:00,0.374,0.388,29.2,26.1
2026-06-14 06:00:00,0.374,0.387,29.3,26.8
2026-06-14 07:00:00,0.374,0.386,28.8,27.2
2026-06-14 08:00:00,0.375,0.386,28.4,27.3
2026-06-14 09:00:00,0.375,0.386,28.1,27.2
2026-06-14 10:00:00,0.375,0.386,27.8,27.1
2026-06-14 11:00:00,0.375,0.386,27.4,26.9
2026-06-14 12:00:00,0.376,0.386,26.9,26.7
2026-06-14 13:00:00,0.377,0.387,26.4,26.5
2026-06-14 14:00:00,0.378,0.387,25.8,26.2
2026-06-14 15:00:00,0.379,0.388,25.3,25.9
2026-06-14 16:00:00,0.379,0.388,24.7,25.6
2026-06-14 17:00:00,0.38,0.389,24.2,25.3
2026-06-14 18:00:00,0.38,0.389,23.8,25
2026-06-14 19:00:00,0.381,0.39,23.4,24.7
2026-06-14 20:00:00,0.381,0.391,23,24.5
2026-06-14 21:00:00,0.382,0.391,22.6,24.2
2026-06-14 22:00:00,0.382,0.392,22.4,23.9
2026-06-14 23:00:00,0.382,0.392,22.6,23.7
2026-06-15 00:00:00,0.381,0.392,23.4,23.7
2026-06-15 01:00:00,0.38,0.392,24.5,23.8
2026-06-15 02:00:00,0.379,0.391,25.9,24.2
2026-06-15 03:00:00,0.378,0.39,27.4,24.8
2026-06-15 04:00:00,0.377,0.389,28.5,25.6
2026-06-15 05:00:00,0.376,0.387,29.3,26.4
2026-06-15 06:00:00,0.376,0.386,29.9,27.2
2026-06-15 07:00:00,0.375,0.385,30.1,27.9
2026-06-15 08:00:00,0.376,0.384,29.9,28.4
2026-06-15 09:00:00,0.376,0.384,29.5,28.7
2026-06-15 10:00:00,0.376,0.384,29.2,28.7
2026-06-15 11:00:00,0.376,0.384,28.8,28.5
2026-06-15 12:00:00,0.377,0.384,28.2,28.3
2026-06-15 13:00:00,0.377,0.385,27.5,27.9
2026-06-15 14:00:00,0.378,0.386,26.9,27.5
2026-06-15 15:00:00,0.378,0.386,26.3,27
2026-06-15 16:00:00,0.379,0.387,25.7,26.5
2026-06-15 17:00:00,0.38,0.388,25.1,26
2026-06-15 18:00:00,0.38,0.389,24.5,25.5
2026-06-15 19:00:00,0.381,0.39,24,25.1
2026-06-15 20:00:00,0.381,0.391,23.5,24.7
2026-06-15 21:00:00,0.381,0.392,23,24.3
2026-06-15 22:00:00,0.382,0.392,22.8,24
2026-06-15 23:00:00,0.382,0.393,22.9,23.7
2026-06-16 00:00:00,0.381,0.393,23.4,23.6
2026-06-16 01:00:00,0.381,0.393,23.9,23.7
2026-06-16 02:00:00,0.381,0.393,24.5,24
2026-06-16 03:00:00,0.38,0.391,25.5,24.4
2026-06-16 04:00:00,0.379,0.39,26.3,25.1
2026-06-16 05:00:00,0.378,0.389,26.9,25.8
2026-06-16 06:00:00,0.378,0.387,27.7,26.5
2026-06-16 07:00:00,0.377,0.386,28.2,27.2
2026-06-16 08:00:00,0.377,0.385,28.3,27.8
2026-06-16 09:00:00,0.377,0.384,28.2,28
2026-06-16 10:00:00,0.377,0.384,28,28
2026-06-16 11:00:00,0.377,0.384,27.7,27.9
2026-06-16 12:00:00,0.377,0.385,27.4,27.6
2026-06-16 13:00:00,0.378,0.385,27.1,27.3
2026-06-16 14:00:00,0.378,0.386,26.8,27
2026-06-16 15:00:00,0.378,0.386,26.5,26.7
2026-06-16 16:00:00,0.378,0.386,26.2,26.4
2026-06-16 17:00:00,0.379,0.387,25.8,26.1
2026-06-16 18:00:00,0.379,0.387,25.5,25.8
2026-06-16 19:00:00,0.379,0.388,25.1,25.5
2026-06-16 20:00:00,0.38,0.389,24.8,25.3
2026-06-16 21:00:00,0.38,0.389,24.5,25
2026-06-16 22:00:00,0.38,0.39,24.3,24.8
2026-06-16 23:00:00,0.38,0.39,24.3,24.6
2026-06-17 00:00:00,0.38,0.39,24.4,24.5
2026-06-17 01:00:00,0.381,0.39,24.8,24.5
2026-06-17 02:00:00,0.381,0.39,25.2,24.7
2026-06-17 03:00:00,0.38,0.39,25.7,25
2026-06-17 04:00:00,0.38,0.389,26.1,25.3
2026-06-17 05:00:00,0.38,0.388,26.3,25.6
2026-06-17 06:00:00,0.38,0.388,26.3,25.9
2026-06-17 07:00:00,0.38,0.387,26.5,26.1
2026-06-17 08:00:00,0.38,0.387,26.6,26.2
2026-06-17 09:00:00,0.38,0.387,26.5,26.3
2026-06-17 10:00:00,0.38,0.387,26.3,26.3
2026-06-17 11:00:00,0.38,0.387,26.1,26.2
2026-06-17 12:00:00,0.38,0.387,25.8,26.1
2026-06-17 13:00:00,0.381,0.387,25.5,25.9
2026-06-17 14:00:00,0.381,0.388,25.3,25.7
2026-06-17 15:00:00,0.381,0.388,25,25.5
2026-06-17 16:00:00,0.382,0.389,24.8,25.3
2026-06-17 17:00:00,0.382,0.389,24.6,25.1
2026-06-17 18:00:00,0.382,0.389,24.5,24.9
2026-06-17 19:00:00,0.382,0.39,24.3,24.8
2026-06-17 20:00:00,0.383,0.39,24.2,24.6
2026-06-17 21:00:00,0.383,0.39,24.1,24.5
2026-06-17 22:00:00,0.383,0.39,24.1,24.4
2026-06-17 23:00:00,0.383,0.391,24.2,24.3
2026-06-18 00:00:00,0.383,0.391,24.7,24.3
2026-06-18 01:00:00,0.382,0.39,25.6,24.5
2026-06-18 02:00:00,0.382,0.39,26.6,24.8
2026-06-18 03:00:00,0.381,0.389,27.8,25.3
2026-06-18 04:00:00,0.38,0.388,29.1,25.9
2026-06-18 05:00:00,0.38,0.386,29.9,26.6
2026-06-18 06:00:00,0.379,0.385,30.6,27.3
2026-06-18 07:00:00,0.379,0.384,31.2,27.8
2026-06-18 08:00:00,0.379,0.383,31.6,28.3
2026-06-18 09:00:00,0.379,0.383,31.5,28.6
2026-06-18 10:00:00,0.379,0.382,31,28.8
2026-06-18 11:00:00,0.379,0.383,30.4,28.7
2026-06-18 12:00:00,0.38,0.383,29.8,28.5
2026-06-18 13:00:00,0.381,0.384,29.2,28.2
2026-06-18 14:00:00,0.381,0.384,28.7,27.9
2026-06-18 15:00:00,0.381,0.385,28.3,27.5
2026-06-18 16:00:00,0.381,0.385,27.9,27.2
2026-06-18 17:00:00,0.382,0.385,27.5,26.9
2026-06-18 18:00:00,0.382,0.386,27.1,26.6
2026-06-18 19:00:00,0.382,0.387,26.7,26.4
2026-06-18 20:00:00,0.383,0.387,26.4,26.1
2026-06-18 21:00:00,0.383,0.388,26.2,25.9
2026-06-18 22:00:00,0.383,0.388,26,25.7
2026-06-18 23:00:00,0.383,0.388,25.9,25.5
2026-06-19 00:00:00,0.383,0.389,26.1,25.4
2026-06-19 01:00:00,0.383,0.388,26.4,25.5
2026-06-19 02:00:00,0.383,0.388,26.7,25.6
2026-06-19 03:00:00,0.382,0.388,26.9,25.8
2026-06-19 04:00:00,0.382,0.387,27.2,26
2026-06-19 05:00:00,0.382,0.387,27.3,26.3
2026-06-19 06:00:00,0.382,0.386,27.4,26.5
2026-06-19 07:00:00,0.382,0.386,27.4,26.6
2026-06-19 08:00:00,0.382,0.386,27.4,26.7
2026-06-19 09:00:00,0.382,0.386,27.2,26.7
2026-06-19 10:00:00,0.382,0.386,27,26.7
2026-06-19 11:00:00,0.383,0.386,26.6,26.6
2026-06-19 12:00:00,0.384,0.386,26.2,26.4
2026-06-19 13:00:00,0.389,0.387,25.9,26.1
2026-06-19 14:00:00,0.392,0.387,25.5,25.9
2026-06-19 15:00:00,0.392,0.387,25.2,25.6
2026-06-19 16:00:00,0.393,0.388,25,25.4
2026-06-19 17:00:00,0.393,0.388,24.8,25.2
2026-06-19 18:00:00,0.391,0.388,24.8,25
2026-06-19 19:00:00,0.39,0.389,24.7,24.9
2026-06-19 20:00:00,0.39,0.389,24.6,24.8
2026-06-19 21:00:00,0.389,0.389,24.5,24.7
2026-06-19 22:00:00,0.387,0.389,24.5,24.7
2026-06-19 23:00:00,0.386,0.389,24.4,24.6
2026-06-20 00:00:00,0.386,0.39,24.4,24.6
2026-06-20 01:00:00,0.386,0.39,24.4,24.6
2026-06-20 02:00:00,0.385,0.39,24.4,24.5
2026-06-20 03:00:00,0.385,0.39,24.5,24.6
2026-06-20 04:00:00,0.385,0.39,24.6,24.6
2026-06-20 05:00:00,0.384,0.39,24.6,24.7
2026-06-20 06:00:00,0.384,0.39,24.7,24.7
2026-06-20 07:00:00,0.384,0.39,24.7,24.8
2026-06-20 08:00:00,0.384,0.39,24.6,24.8
2026-06-20 09:00:00,0.384,0.39,24.6,24.8
2026-06-20 10:00:00,0.384,0.39,24.5,24.8
2026-06-20 11:00:00,0.384,0.39,24.3,24.7
2026-06-20 12:00:00,0.384,0.39,24.1,24.6
2026-06-20 13:00:00,0.384,0.391,23.9,24.5
2026-06-20 14:00:00,0.385,0.391,23.7,24.3
2026-06-20 15:00:00,0.385,0.391,23.6,24.2
2026-06-20 16:00:00,0.385,0.392,23.4,24.1
2026-06-20 17:00:00,0.385,0.392,23.3,23.9
2026-06-20 18:00:00,0.386,0.392,23.1,23.8
2026-06-20 19:00:00,0.386,0.392,23,23.7
2026-06-20 20:00:00,0.386,0.393,22.8,23.5
2026-06-20 21:00:00,0.386,0.393,22.7,23.4
2026-06-20 22:00:00,0.386,0.393,22.7,23.3
2026-06-20 23:00:00,0.385,0.393,22.8,23.2
2026-06-21 00:00:00,0.385,0.394,22.9,23.2
2026-06-21 01:00:00,0.385,0.394,23.4,23.2
2026-06-21 02:00:00,0.383,0.393,24.1,23.4
2026-06-21 03:00:00,0.383,0.393,24.8,23.7
2026-06-21 04:00:00,0.382,0.392,25.5,24.2
2026-06-21 05:00:00,0.38,0.391,26.4,24.7
2026-06-21 06:00:00,0.38,0.39,27.2,25.2
2026-06-21 07:00:00,0.379,0.389,27.7,25.9
2026-06-21 08:00:00,0.379,0.388,28,26.4
2026-06-21 09:00:00,0.379,0.387,28.1,26.8
2026-06-21 10:00:00,0.379,0.387,27.9,27
2026-06-21 11:00:00,0.379,0.387,27.4,27
2026-06-21 12:00:00,0.38,0.387,27,26.9
2026-06-21 13:00:00,0.38,0.387,26.5,26.6
2026-06-21 14:00:00,0.38,0.387,26.2,26.4
2026-06-21 15:00:00,0.381,0.388,25.9,26.1
2026-06-21 16:00:00,0.381,0.388,25.7,25.8
2026-06-21 17:00:00,0.381,0.389,25.4,25.5
2026-06-21 18:00:00,0.381,0.389,25.1,25.3
2026-06-21 19:00:00,0.382,0.39,24.8,25.1
2026-06-21 20:00:00,0.382,0.39,24.6,24.9
2026-06-21 21:00:00,0.382,0.391,24.3,24.7
2026-06-21 22:00:00,0.383,0.391,24.2,24.5
2026-06-21 23:00:00,0.383,0.391,24.1,24.3
2026-06-22 00:00:00,0.383,0.392,24.2,24.2
2026-06-22 01:00:00,0.383,0.392,24.3,24.1
2026-06-22 02:00:00,0.383,0.392,24.4,24.2
2026-06-22 03:00:00,0.382,0.392,24.5,24.2
2026-06-22 04:00:00,0.383,0.392,24.5,24.3
2026-06-22 05:00:00,0.383,0.391,24.5,24.3
2026-06-22 06:00:00,0.383,0.391,24.4,24.4
2026-06-22 07:00:00,0.383,0.391,24.5,24.4
2026-06-22 08:00:00,0.382,0.391,24.5,24.4
2026-06-22 09:00:00,0.382,0.391,24.5,24.5
2026-06-22 10:00:00,0.382,0.391,24.5,24.5
2026-06-22 11:00:00,0.383,0.391,24.3,24.5
2026-06-22 12:00:00,0.383,0.391,24.1,24.5
2026-06-22 13:00:00,0.383,0.392,23.8,24.4
2026-06-22 14:00:00,0.383,0.392,23.6,24.2
2026-06-22 15:00:00,0.383,0.392,23.3,24.1
2026-06-22 16:00:00,0.384,0.393,23.1,23.9
2026-06-22 17:00:00,0.384,0.393,22.9,23.7
2026-06-22 18:00:00,0.384,0.393,22.7,23.5
2026-06-22 19:00:00,0.384,0.393,22.5,23.4
2026-06-22 20:00:00,0.384,0.394,22.3,23.2
2026-06-22 21:00:00,0.384,0.394,22.1,23.1
2026-06-22 22:00:00,0.384,0.394,22,22.9
2026-06-22 23:00:00,0.384,0.395,22.1,22.8
2026-06-23 00:00:00,0.384,0.395,22.3,22.8
2026-06-23 01:00:00,0.384,0.395,22.5,22.8
2026-06-23 02:00:00,0.384,0.394,23,23
2026-06-23 03:00:00,0.383,0.394,23.6,23.3
2026-06-23 04:00:00,0.382,0.393,24.2,23.8
2026-06-23 05:00:00,0.382,0.392,24.8,24.4
2026-06-23 06:00:00,0.382,0.391,25.3,25
2026-06-23 07:00:00,0.381,0.39,25.6,25.5
2026-06-23 08:00:00,0.381,0.389,25.8,26
2026-06-23 09:00:00,0.38,0.388,25.8,26.3
2026-06-23 10:00:00,0.38,0.388,25.6,26.4
2026-06-23 11:00:00,0.38,0.388,25.3,26.3
2026-06-23 12:00:00,0.377,0.388,25,26.1
2026-06-23 13:00:00,0.374,0.389,24.7,25.9
2026-06-23 14:00:00,0.374,0.389,24.5,25.6
2026-06-23 15:00:00,0.374,0.39,24.2,25.3
2026-06-23 16:00:00,0.374,0.39,24.1,25
2026-06-23 17:00:00,0.374,0.391,23.9,24.8
2026-06-23 18:00:00,0.373,0.391,23.8,24.6
2026-06-23 19:00:00,0.374,0.392,23.6,24.4
2026-06-23 20:00:00,0.374,0.392,23.4,24.2
2026-06-23 21:00:00,0.374,0.392,23.2,24
2026-06-23 22:00:00,0.374,0.393,23,23.8
2026-06-23 23:00:00,0.374,0.393,23.1,23.7
2026-06-24 00:00:00,0.374,0.393,23.4,23.6
2026-06-24 01:00:00,0.373,0.393,23.8,23.6
2026-06-24 02:00:00,0.373,0.393,24.3,23.7
2026-06-24 03:00:00,0.373,0.393,24.7,24
2026-06-24 04:00:00,0.373,0.392,24.8,24.2
2026-06-24 05:00:00,0.372,0.392,25,24.4
2026-06-24 06:00:00,0.372,0.391,25.4,24.5
2026-06-24 07:00:00,0.372,0.391,25.6,24.8
2026-06-24 08:00:00,0.372,0.391,25.4,24.9
2026-06-24 09:00:00,0.372,0.391,25.4,25
2026-06-24 10:00:00,0.372,0.39,25.3,25
2026-06-24 11:00:00,0.372,0.391,25.1,25
2026-06-24 12:00:00,0.372,0.391,24.9,24.9
2026-06-24 13:00:00,0.372,0.391,24.6,24.8
2026-06-24 14:00:00,0.372,0.391,24.4,24.7
2026-06-24 15:00:00,0.373,0.391,24.1,24.5
2026-06-24 16:00:00,0.373,0.392,23.8,24.4
2026-06-24 17:00:00,0.373,0.392,23.5,24.2
2026-06-24 18:00:00,0.374,0.392,23.3,24
2026-06-24 19:00:00,0.374,0.393,23.1,23.8
2026-06-24 20:00:00,0.374,0.393,23,23.6
2026-06-24 21:00:00,0.374,0.393,22.8,23.5
2026-06-24 22:00:00,0.374,0.394,22.8,23.3
2026-06-24 23:00:00,0.374,0.394,23,23.2
2026-06-25 00:00:00,0.374,0.394,23.3,23.2
2026-06-25 01:00:00,0.373,0.394,23.7,23.3
2026-06-25 02:00:00,0.373,0.394,24.2,23.4
2026-06-25 03:00:00,0.372,0.393,25.2,23.6
2026-06-25 04:00:00,0.371,0.393,26.4,24
2026-06-25 05:00:00,0.37,0.391,27.1,24.7
2026-06-25 06:00:00,0.37,0.39,27.4,25.3
2026-06-25 07:00:00,0.37,0.389,27.6,25.8
2026-06-25 08:00:00,0.37,0.389,27.5,26.1
2026-06-25 09:00:00,0.37,0.388,27.4,26.3
2026-06-25 10:00:00,0.37,0.388,27,26.4
2026-06-25 11:00:00,0.37,0.388,26.6,26.4
2026-06-25 12:00:00,0.37,0.389,26.1,26.2
2026-06-25 13:00:00,0.371,0.389,25.6,26
2026-06-25 14:00:00,0.371,0.389,25.2,25.7
2026-06-25 15:00:00,0.372,0.39,24.8,25.4
2026-06-25 16:00:00,0.372,0.39,24.4,25.1
2026-06-25 17:00:00,0.372,0.391,24,24.8
2026-06-25 18:00:00,0.372,0.392,23.7,24.6
2026-06-25 19:00:00,0.373,0.392,23.4,24.3
2026-06-25 20:00:00,0.373,0.393,23,24.1
2026-06-25 21:00:00,0.374,0.393,22.7,23.8
2026-06-25 22:00:00,0.374,0.394,22.5,23.6
2026-06-25 23:00:00,0.374,0.394,22.7,23.4
2026-06-26 00:00:00,0.373,0.394,23.4,23.3
2026-06-26 01:00:00,0.372,0.394,24.4,23.4
2026-06-26 02:00:00,0.371,0.394,25.5,23.6
2026-06-26 03:00:00,0.37,0.393,26.6,24.1
2026-06-26 04:00:00,0.369,0.391,27.6,24.8
2026-06-26 05:00:00,0.369,0.39,28.3,25.5
2026-06-26 06:00:00,0.368,0.389,28.8,26.2
2026-06-26 07:00:00,0.368,0.388,28.9,26.9
2026-06-26 08:00:00,0.368,0.387,28.9,27.3
2026-06-26 09:00:00,0.368,0.387,28.8,27.6
2026-06-26 10:00:00,0.368,0.386,28.4,27.7
2026-06-26 11:00:00,0.368,0.386,27.8,27.7
2026-06-26 12:00:00,0.368,0.387,27.2,27.5
2026-06-26 13:00:00,0.369,0.387,26.6,27.2
2026-06-26 14:00:00,0.369,0.387,26.2,26.8
2026-06-26 15:00:00,0.369,0.388,25.7,26.5
2026-06-26 16:00:00,0.37,0.389,25.3,26.1
2026-06-26 17:00:00,0.37,0.389,25,25.8
2026-06-26 18:00:00,0.37,0.39,24.6,25.5
2026-06-26 19:00:00,0.371,0.39,24.2,25.1
2026-06-26 20:00:00,0.371,0.391,23.9,24.9
2026-06-26 21:00:00,0.371,0.392,23.5,24.6
2026-06-26 22:00:00,0.371,0.392,23.4,24.3
2026-06-26 23:00:00,0.371,0.393,23.5,24.1
2026-06-27 00:00:00,0.371,0.393,24,24
2026-06-27 01:00:00,0.37,0.393,24.9,24
2026-06-27 02:00:00,0.369,0.393,26,24.2
2026-06-27 03:00:00,0.368,0.392,27.2,24.6
2026-06-27 04:00:00,0.367,0.391,28.3,25.3
2026-06-27 05:00:00,0.366,0.389,29.3,26
2026-06-27 06:00:00,0.365,0.388,30.1,26.8
2026-06-27 07:00:00,0.364,0.387,30.5,27.6
2026-06-27 08:00:00,0.364,0.386,30.5,28.1
2026-06-27 09:00:00,0.363,0.385,30.2,28.4
2026-06-27 10:00:00,0.363,0.384,29.7,28.6
2026-06-27 11:00:00,0.363,0.385,29.1,28.5
2026-06-27 12:00:00,0.364,0.385,28.5,28.3
2026-06-27 13:00:00,0.364,0.385,27.9,28
2026-06-27 14:00:00,0.364,0.386,27.4,27.6
2026-06-27 15:00:00,0.364,0.387,26.9,27.3
2026-06-27 16:00:00,0.365,0.387,26.5,26.9
2026-06-27 17:00:00,0.365,0.388,26.1,26.6
2026-06-27 18:00:00,0.365,0.389,25.8,26.3
2026-06-27 19:00:00,0.365,0.389,25.4,26
2026-06-27 20:00:00,0.366,0.39,25.1,25.7
2026-06-27 21:00:00,0.366,0.39,24.8,25.5
2026-06-27 22:00:00,0.366,0.391,24.7,25.2
2026-06-27 23:00:00,0.366,0.391,24.7,25
2026-06-28 00:00:00,0.366,0.392,25,24.9
2026-06-28 01:00:00,0.365,0.392,25.8,24.9
2026-06-28 02:00:00,0.364,0.391,27,25.1
2026-06-28 03:00:00,0.363,0.391,28.2,25.5
2026-06-28 04:00:00,0.362,0.389,29.1,26.1
2026-06-28 05:00:00,0.36,0.388,30,26.8
2026-06-28 06:00:00,0.359,0.387,30.8,27.5
2026-06-28 07:00:00,0.358,0.386,31.2,28.1
2026-06-28 08:00:00,0.357,0.385,31,28.6
2026-06-28 09:00:00,0.357,0.384,30.6,28.9
2026-06-28 10:00:00,0.357,0.384,30,28.9
2026-06-28 11:00:00,0.358,0.384,29.3,28.8
2026-06-28 12:00:00,0.358,0.385,28.6,28.5
2026-06-28 13:00:00,0.358,0.385,28,28.2
2026-06-28 14:00:00,0.358,0.386,27.4,27.8
2026-06-28 15:00:00,0.359,0.387,26.8,27.4
2026-06-28 16:00:00,0.359,0.388,26.3,27
2026-06-28 17:00:00,0.36,0.388,25.9,26.7
2026-06-28 18:00:00,0.36,0.389,25.4,26.3
2026-06-28 19:00:00,0.36,0.389,25,26
2026-06-28 20:00:00,0.361,0.39,24.7,25.6
2026-06-28 21:00:00,0.361,0.391,24.4,25.3
2026-06-28 22:00:00,0.361,0.391,24.2,25.1
2026-06-28 23:00:00,0.361,0.392,24.4,24.8
2026-06-29 00:00:00,0.36,0.392,25.1,24.8
2026-06-29 01:00:00,0.359,0.392,26.1,24.8
2026-06-29 02:00:00,0.358,0.391,27.3,25.1
2026-06-29 03:00:00,0.357,0.39,28.5,25.6
2026-06-29 04:00:00,0.355,0.389,29.6,26.2
2026-06-29 05:00:00,0.354,0.388,30.4,27
2026-06-29 06:00:00,0.354,0.387,30.9,27.7
2026-06-29 07:00:00,0.353,0.385,31.3,28.3
2026-06-29 08:00:00,0.353,0.384,31.5,28.7
2026-06-29 09:00:00,0.353,0.384,31.2,29
2026-06-29 10:00:00,0.352,0.384,30.6,29.1
2026-06-29 11:00:00,0.353,0.384,29.9,29
2026-06-29 12:00:00,0.353,0.385,29.2,28.8
2026-06-29 13:00:00,0.354,0.385,28.6,28.5
2026-06-29 14:00:00,0.354,0.386,28.1,28.1
2026-06-29 15:00:00,0.354,0.387,27.6,27.8
2026-06-29 16:00:00,0.355,0.387,27.2,27.5
2026-06-29 17:00:00,0.355,0.388,26.8,27.1
2026-06-29 18:00:00,0.355,0.388,26.4,26.8
2026-06-29 19:00:00,0.356,0.389,25.9,26.5
2026-06-29 20:00:00,0.356,0.389,25.5,26.3
2026-06-29 21:00:00,0.356,0.39,25.2,26
2026-06-29 22:00:00,0.357,0.391,25,25.7
2026-06-29 23:00:00,0.356,0.391,25.1,25.5
2026-06-30 00:00:00,0.354,0.391,25.7,25.4
2026-06-30 01:00:00,0.353,0.391,26.4,25.4
2026-06-30 02:00:00,0.352,0.391,27.6,25.6
2026-06-30 03:00:00,0.351,0.39,28.7,25.9
2026-06-30 04:00:00,0.35,0.389,29.6,26.5
2026-06-30 05:00:00,0.349,0.389,30.2,27.1
2026-06-30 06:00:00,0.348,0.388,30.5,27.6
2026-06-30 07:00:00,0.348,0.387,30.5,28
2026-06-30 08:00:00,0.348,0.386,30.5,28.4
2026-06-30 09:00:00,0.348,0.386,30.3,28.6
2026-06-30 10:00:00,0.348,0.386,29.9,28.6
2026-06-30 11:00:00,0.348,0.386,29.3,28.6
2026-06-30 12:00:00,0.348,0.386,28.7,28.5
2026-06-30 13:00:00,0.349,0.386,28.2,28.2
2026-06-30 14:00:00,0.349,0.387,27.7,27.9
2026-06-30 15:00:00,0.349,0.387,27.3,27.7
2026-06-30 16:00:00,0.35,0.388,27,27.4
2026-06-30 17:00:00,0.35,0.388,26.7,27.1
2026-06-30 18:00:00,0.351,0.388,26.3,26.9
2026-06-30 19:00:00,0.354,0.388,25.9,26.6
2026-06-30 20:00:00,0.373,0.389,25.4,26.4
2026-06-30 21:00:00,0.382,0.389,24.9,26.2
2026-06-30 22:00:00,0.383,0.39,24.4,26
2026-06-30 23:00:00,0.383,0.39,24.1,25.7
2026-07-01 00:00:00,0.383,0.39,24,25.6
2026-07-01 01:00:00,0.385,0.391,23.9,25.4
2026-07-01 02:00:00,0.383,0.391,23.9,25.3
2026-07-01 03:00:00,0.381,0.391,24.2,25.2
2026-07-01 04:00:00,0.38,0.391,24.6,25.1
2026-07-01 05:00:00,0.378,0.391,25,25.1
2026-07-01 06:00:00,0.377,0.391,25.3,25.2
2026-07-01 07:00:00,0.376,0.391,25.6,25.3
2026-07-01 08:00:00,0.374,0.391,26.1,25.4
2026-07-01 09:00:00,0.373,0.39,26.4,25.6
2026-07-01 10:00:00,0.373,0.39,26.4,25.8
2026-07-01 11:00:00,0.372,0.39,26.2,25.9
2026-07-01 12:00:00,0.372,0.39,26,26
2026-07-01 13:00:00,0.372,0.39,25.8,25.9
2026-07-01 14:00:00,0.372,0.39,25.7,25.9
2026-07-01 15:00:00,0.372,0.39,25.5,25.8
2026-07-01 16:00:00,0.372,0.39,25.4,25.7
2026-07-01 17:00:00,0.373,0.39,25.2,25.6
2026-07-01 18:00:00,0.373,0.391,25,25.5
2026-07-01 19:00:00,0.373,0.391,24.9,25.4
2026-07-01 20:00:00,0.373,0.391,24.8,25.3
2026-07-01 21:00:00,0.373,0.391,24.7,25.2
2026-07-01 22:00:00,0.373,0.391,24.6,25.1
2026-07-01 23:00:00,0.373,0.392,24.6,25
2026-07-02 00:00:00,0.373,0.392,24.9,25
2026-07-02 01:00:00,0.372,0.392,25.1,25
2026-07-02 02:00:00,0.371,0.392,25.5,25.1
2026-07-02 03:00:00,0.37,0.392,26,25.2
2026-07-02 04:00:00,0.369,0.391,26.8,25.4
2026-07-02 05:00:00,0.368,0.391,27.9,25.8
2026-07-02 06:00:00,0.367,0.39,28.6,26.2
2026-07-02 07:00:00,0.367,0.389,29.1,26.7
2026-07-02 08:00:00,0.367,0.389,29,27.2
2026-07-02 09:00:00,0.367,0.388,28.8,27.5
2026-07-02 10:00:00,0.367,0.388,28.5,27.6
2026-07-02 11:00:00,0.367,0.388,28.1,27.5
2026-07-02 12:00:00,0.368,0.388,27.7,27.4
2026-07-02 13:00:00,0.368,0.389,27.3,27.2
2026-07-02 14:00:00,0.368,0.389,26.9,27
2026-07-02 15:00:00,0.369,0.389,26.5,26.8
2026-07-02 16:00:00,0.369,0.389,26.2,26.5
2026-07-02 17:00:00,0.369,0.39,26,26.3
2026-07-02 18:00:00,0.37,0.39,25.7,26.1
2026-07-02 19:00:00,0.37,0.391,25.6,25.9
2026-07-02 20:00:00,0.37,0.391,25.4,25.7
2026-07-02 21:00:00,0.37,0.391,25.3,25.6
2026-07-02 22:00:00,0.37,0.391,25.2,25.4
2026-07-02 23:00:00,0.37,0.392,25.2,25.3
2026-07-03 00:00:00,0.37,0.392,25.5,25.2
2026-07-03 01:00:00,0.369,0.392,25.9,25.3
2026-07-03 02:00:00,0.368,0.392,26.5,25.4
2026-07-03 03:00:00,0.367,0.391,27.1,25.7
2026-07-03 04:00:00,0.366,0.391,27.6,26
2026-07-03 05:00:00,0.366,0.39,27.9,26.3
2026-07-03 06:00:00,0.365,0.39,28.1,26.6
2026-07-03 07:00:00,0.365,0.389,28.1,26.8
2026-07-03 08:00:00,0.365,0.389,28,26.9
2026-07-03 09:00:00,0.365,0.389,27.9,27
2026-07-03 10:00:00,0.365,0.389,27.8,27
2026-07-03 11:00:00,0.365,0.389,27.5,27
2026-07-03 12:00:00,0.365,0.389,27.2,26.9
2026-07-03 13:00:00,0.365,0.389,26.9,26.7
2026-07-03 14:00:00,0.365,0.39,26.7,26.6
2026-07-03 15:00:00,0.365,0.39,26.4,26.4
2026-07-03 16:00:00,0.365,0.39,26.2,26.2
2026-07-03 17:00:00,0.365,0.39,26.1,26.1
2026-07-03 18:00:00,0.366,0.391,25.9,25.9
2026-07-03 19:00:00,0.366,0.391,25.7,25.8
2026-07-03 20:00:00,0.366,0.391,25.5,25.6
2026-07-03 21:00:00,0.366,0.391,25.4,25.5
2026-07-03 22:00:00,0.367,0.392,25.3,25.4
2026-07-03 23:00:00,0.367,0.392,25.3,25.3
2026-07-04 00:00:00,0.367,0.392,25.5,25.2
2026-07-04 01:00:00,0.366,0.392,25.8,25.2
2026-07-04 02:00:00,0.366,0.392,26.5,25.3
2026-07-04 03:00:00,0.365,0.392,27.4,25.6
2026-07-04 04:00:00,0.364,0.391,28.1,25.9
2026-07-04 05:00:00,0.364,0.39,28.6,26.4
2026-07-04 06:00:00,0.364,0.39,28.7,26.8
2026-07-04 07:00:00,0.364,0.39,28.5,27
2026-07-04 08:00:00,0.364,0.39,28.3,27.1
2026-07-04 09:00:00,0.364,0.39,28.1,27.1
2026-07-04 10:00:00,0.364,0.39,27.9,27
2026-07-04 11:00:00,0.364,0.39,27.6,26.9
2026-07-04 12:00:00,0.364,0.39,27.3,26.8
2026-07-04 13:00:00,0.364,0.39,27.1,26.7
2026-07-04 14:00:00,0.364,0.39,26.8,26.5
2026-07-04 15:00:00,0.364,0.39,26.6,26.4
2026-07-04 16:00:00,0.365,0.391,26.5,26.2
2026-07-04 17:00:00,0.365,0.391,26.3,26.1
2026-07-04 18:00:00,0.365,0.391,26.1,26
2026-07-04 19:00:00,0.365,0.391,26,25.8
2026-07-04 20:00:00,0.365,0.391,25.8,25.7
2026-07-04 21:00:00,0.365,0.392,25.7,25.6
2026-07-04 22:00:00,0.366,0.392,25.6,25.5
2026-07-04 23:00:00,0.366,0.392,25.5,25.4
2026-07-05 00:00:00,0.366,0.392,25.5,25.4
2026-07-05 01:00:00,0.366,0.392,25.6,25.3
2026-07-05 02:00:00,0.365,0.392,25.8,25.3
2026-07-05 03:00:00,0.365,0.392,26.2,25.4
2026-07-05 04:00:00,0.365,0.392,26.7,25.5
2026-07-05 05:00:00,0.364,0.392,27,25.7
2026-07-05 06:00:00,0.364,0.391,27.3,25.9
2026-07-05 07:00:00,0.364,0.391,27.5,26.1
2026-07-05 08:00:00,0.364,0.391,27.7,26.3
2026-07-05 09:00:00,0.364,0.391,27.6,26.4
2026-07-05 10:00:00,0.364,0.391,27.4,26.5
2026-07-05 11:00:00,0.364,0.391,27.2,26.4
2026-07-05 12:00:00,0.364,0.391,27,26.3
2026-07-05 13:00:00,0.364,0.391,26.8,26.2
2026-07-05 14:00:00,0.365,0.391,26.6,26.1
2026-07-05 15:00:00,0.365,0.391,26.4,26
2026-07-05 16:00:00,0.365,0.391,26.3,25.9
2026-07-05 17:00:00,0.365,0.392,26.1,25.8
2026-07-05 18:00:00,0.365,0.392,26,25.7
2026-07-05 19:00:00,0.365,0.392,25.9,25.6
2026-07-05 20:00:00,0.383,0.392,25.7,25.5
2026-07-05 21:00:00,0.383,0.392,25.6,25.5
2026-07-05 22:00:00,0.38,0.392,25.5,25.4
2026-07-05 23:00:00,0.379,0.393,25.5,25.3
2026-07-06 00:00:00,0.378,0.393,25.7,25.3
2026-07-06 01:00:00,0.376,0.393,26.1,25.3
2026-07-06 02:00:00,0.374,0.393,26.6,25.4
2026-07-06 03:00:00,0.371,0.392,27,25.6
2026-07-06 04:00:00,0.37,0.392,27.5,25.8
2026-07-06 05:00:00,0.369,0.391,27.9,26
2026-07-06 06:00:00,0.368,0.391,28.3,26.2
2026-07-06 07:00:00,0.367,0.391,28.7,26.4
2026-07-06 08:00:00,0.366,0.39,29,26.6
2026-07-06 09:00:00,0.366,0.39,29,26.7
2026-07-06 10:00:00,0.365,0.39,28.8,26.8
2026-07-06 11:00:00,0.365,0.39,28.5,26.8
2026-07-06 12:00:00,0.365,0.39,28.1,26.8
2026-07-06 13:00:00,0.365,0.39,27.8,26.7
2026-07-06 14:00:00,0.365,0.39,27.4,26.5
2026-07-06 15:00:00,0.365,0.391,27.2,26.4
2026-07-06 16:00:00,0.365,0.391,26.9,26.3
2026-07-06 17:00:00,0.365,0.391,26.7,26.2
2026-07-06 18:00:00,0.365,0.391,26.5,26.1
2026-07-06 19:00:00,0.365,0.391,26.4,26
2026-07-06 20:00:00,0.365,0.391,26.2,25.9
2026-07-06 21:00:00,0.365,0.391,26.1,25.8
2026-07-06 22:00:00,0.365,0.392,26.1,25.7
2026-07-06 23:00:00,0.365,0.392,26.2,25.7
2026-07-07 00:00:00,0.365,0.392,26.5,25.7
2026-07-07 01:00:00,0.364,0.391,27.1,25.7
2026-07-07 02:00:00,0.363,0.391,27.7,25.9
2026-07-07 03:00:00,0.362,0.391,28.5,26.1
2026-07-07 04:00:00,0.361,0.39,29.4,26.3
2026-07-07 05:00:00,0.36,0.39,30.1,26.6
2026-07-07 06:00:00,0.359,0.39,30.6,26.9
2026-07-07 07:00:00,0.358,0.389,30.8,27.2
2026-07-07 08:00:00,0.357,0.389,30.7,27.4
2026-07-07 09:00:00,0.357,0.389,30.6,27.5
2026-07-07 10:00:00,0.356,0.389,30.2,27.6
2026-07-07 11:00:00,0.356,0.389,29.8,27.6
2026-07-07 12:00:00,0.356,0.389,29.2,27.5
2026-07-07 13:00:00,0.356,0.389,28.7,27.4
2026-07-07 14:00:00,0.356,0.39,28.3,27.2
2026-07-07 15:00:00,0.355,0.39,27.8,27.1
2026-07-07 16:00:00,0.355,0.39,27.4,26.9
2026-07-07 17:00:00,0.355,0.39,27.1,26.7
2026-07-07 18:00:00,0.355,0.391,26.8,26.6
2026-07-07 19:00:00,0.355,0.391,26.6,26.4
2026-07-07 20:00:00,0.355,0.391,26.5,26.3
2026-07-07 21:00:00,0.354,0.391,26.4,26.2
2026-07-07 22:00:00,0.354,0.392,26.3,26.1
2026-07-07 23:00:00,0.354,0.392,26.3,26
2026-07-08 00:00:00,0.353,0.392,26.3,26
2026-07-08 01:00:00,0.353,0.392,26.2,25.9
2026-07-08 02:00:00,0.353,0.392,26.3,25.9
2026-07-08 03:00:00,0.353,0.392,26.3,25.8
2026-07-08 04:00:00,0.353,0.392,26.3,25.8
2026-07-08 05:00:00,0.355,0.393,26.4,25.8
2026-07-08 06:00:00,0.356,0.393,26.4,25.8
2026-07-08 07:00:00,0.356,0.393,26.6,25.8
2026-07-08 08:00:00,0.357,0.393,26.7,25.9
2026-07-08 09:00:00,0.358,0.393,26.8,25.9
2026-07-08 10:00:00,0.359,0.393,26.8,25.9
2026-07-08 11:00:00,0.359,0.393,26.7,25.9
2026-07-08 12:00:00,0.36,0.393,26.6,25.9
2026-07-08 13:00:00,0.36,0.393,26.5,25.9
2026-07-08 14:00:00,0.361,0.393,26.4,25.8
2026-07-08 15:00:00,0.361,0.393,26.3,25.8
2026-07-08 16:00:00,0.361,0.393,26.2,25.8
2026-07-08 17:00:00,0.361,0.393,26.2,25.7
2026-07-08 18:00:00,0.376,0.394,26.1,25.7
2026-07-08 19:00:00,0.379,0.394,26,25.6
2026-07-08 20:00:00,0.378,0.394,25.9,25.6
2026-07-08 21:00:00,0.378,0.394,25.8,25.6
2026-07-08 22:00:00,0.377,0.394,25.8,25.5
2026-07-08 23:00:00,0.376,0.394,25.8,25.5
2026-07-09 00:00:00,0.376,0.394,25.8,25.5
2026-07-09 01:00:00,0.375,0.394,25.8,25.4
2026-07-09 02:00:00,0.382,0.395,25.8,25.4
2026-07-09 03:00:00,0.385,0.395,25.6,25.4
2026-07-09 04:00:00,0.383,0.395,25.6,25.3
2026-07-09 05:00:00,0.381,0.395,26,25.3
2026-07-09 06:00:00,0.379,0.395,26.3,25.4
2026-07-09 07:00:00,0.378,0.395,26.6,25.5
2026-07-09 08:00:00,0.377,0.395,26.8,25.6
2026-07-09 09:00:00,0.377,0.395,27,25.7
2026-07-09 10:00:00,0.376,0.395,27,25.7
2026-07-09 11:00:00,0.375,0.395,26.9,25.8
2026-07-09 12:00:00,0.375,0.395,26.6,25.8
2026-07-09 13:00:00,0.376,0.395,26.4,25.7
2026-07-09 14:00:00,0.376,0.395,26.1,25.7
2026-07-09 15:00:00,0.376,0.395,25.9,25.6
2026-07-09 16:00:00,0.376,0.395,25.8,25.5
2026-07-09 17:00:00,0.376,0.395,25.6,25.4
2026-07-09 18:00:00,0.375,0.396,25.4,25.3
2026-07-09 19:00:00,0.375,0.396,25.3,25.2
2026-07-09 20:00:00,0.375,0.396,25.2,25.2
2026-07-09 21:00:00,0.375,0.396,25.2,25.1
2026-07-09 22:00:00,0.375,0.396,25.1,25.1
2026-07-09 23:00:00,0.375,0.396,25.4,25.1
2026-07-10 00:00:00,0.374,0.396,25.9,25.1
2026-07-10 01:00:00,0.374,0.396,26.5,25.2
2026-07-10 02:00:00,0.373,0.396,27,25.3
2026-07-10 06:00:00,0.368,0.394,31,26.5
2026-07-10 07:00:00,0.366,0.394,31.2,26.8
2026-07-10 08:00:00,0.365,0.393,31.2,27.1
2026-07-10 09:00:00,0.364,0.393,30.9,27.3
2026-07-10 10:00:00,0.364,0.392,30.4,27.4
2026-07-10 11:00:00,0.364,0.392,29.8,27.4
2026-07-10 12:00:00,0.363,0.392,29.2,27.4
2026-07-10 13:00:00,0.363,0.392,28.7,27.2
2026-07-10 14:00:00,0.363,0.392,28.2,27.1
2026-07-10 15:00:00,0.363,0.392,27.8,26.9
2026-07-10 16:00:00,0.363,0.393,27.4,26.8
2026-07-10 17:00:00,0.363,0.393,27.1,26.6
2026-07-10 18:00:00,0.363,0.393,26.8,26.4
2026-07-10 19:00:00,0.363,0.393,26.5,26.3
2026-07-10 20:00:00,0.363,0.393,26.3,26.2
2026-07-10 21:00:00,0.363,0.394,26,26
2026-07-10 22:00:00,0.363,0.394,25.9,25.9
2026-07-10 23:00:00,0.363,0.394,26.1,25.8
2026-07-11 00:00:00,0.362,0.394,26.8,25.9
2026-07-11 01:00:00,0.361,0.394,27.9,26
2026-07-11 02:00:00,0.359,0.394,28.9,26.2
2026-07-11 03:00:00,0.357,0.394,29.9,26.4
2026-07-11 04:00:00,0.355,0.393,30.8,26.6
2026-07-11 05:00:00,0.354,0.393,31.5,27
2026-07-11 06:00:00,0.352,0.39,31.9,27.3
2026-07-11 07:00:00,0.35,0.379,32,27.6
2026-07-11 08:00:00,0.349,0.376,31.9,27.9
2026-07-11 09:00:00,0.348,0.375,31.5,28.1
2026-07-11 10:00:00,0.347,0.375,30.9,28.2
2026-07-11 11:00:00,0.347,0.375,30.3,28.2
2026-07-11 12:00:00,0.347,0.375,29.7,28.1
2026-07-11 13:00:00,0.347,0.376,29.2,27.9
2026-07-11 14:00:00,0.347,0.376,28.8,27.8
2026-07-11 15:00:00,0.347,0.376,28.4,27.6
2026-07-11 16:00:00,0.347,0.377,28,27.5
2026-07-11 17:00:00,0.347,0.377,27.7,27.3
2026-07-11 18:00:00,0.347,0.377,27.4,27.1
2026-07-11 19:00:00,0.347,0.377,27.2,27
2026-07-11 20:00:00,0.347,0.377,27,26.9
2026-07-11 21:00:00,0.347,0.377,26.8,26.8
2026-07-11 22:00:00,0.347,0.378,26.8,26.7
2026-07-11 23:00:00,0.347,0.377,26.9,26.6
2026-07-12 00:00:00,0.346,0.377,27.1,26.6
2026-07-12 01:00:00,0.346,0.377,27.4,26.7
2026-07-12 02:00:00,0.344,0.376,28.1,26.8
2026-07-12 03:00:00,0.343,0.375,29.1,26.9
2026-07-12 04:00:00,0.341,0.373,30.1,27.2
2026-07-12 05:00:00,0.339,0.372,30.8,27.5
2026-07-12 06:00:00,0.337,0.37,31.3,27.8
2026-07-12 07:00:00,0.336,0.369,31.4,28
2026-07-12 08:00:00,0.334,0.368,31.3,28.2
2026-07-12 09:00:00,0.333,0.367,31.1,28.4
2026-07-12 10:00:00,0.332,0.367,30.6,28.5
2026-07-12 11:00:00,0.332,0.367,30.1,28.4
2026-07-12 12:00:00,0.332,0.368,29.6,28.3
2026-07-12 13:00:00,0.332,0.368,29.1,28.2
2026-07-12 14:00:00,0.332,0.368,28.7,28
2026-07-12 15:00:00,0.332,0.368,28.4,27.8
2026-07-12 16:00:00,0.332,0.368,28.2,27.7
2026-07-12 17:00:00,0.332,0.368,28,27.6
2026-07-12 18:00:00,0.333,0.368,27.9,27.5
2026-07-12 19:00:00,0.333,0.368,27.7,27.4
2026-07-12 20:00:00,0.333,0.369,27.6,27.3
2026-07-12 21:00:00,0.333,0.369,27.5,27.2
2026-07-12 22:00:00,0.333,0.369,27.4,27.1
2026-07-12 23:00:00,0.333,0.369,27.6,27.1
2026-07-13 00:00:00,0.332,0.368,27.9,27.1
2026-07-13 01:00:00,0.332,0.367,28.4,27.2
2026-07-13 02:00:00,0.331,0.365,28.9,27.3
2026-07-13 03:00:00,0.329,0.364,29.7,27.5
2026-07-13 04:00:00,0.328,0.362,30.5,27.7
2026-07-13 05:00:00,0.327,0.359,31.1,28
2026-07-13 06:00:00,0.325,0.357,31.5,28.2
2026-07-13 07:00:00,0.324,0.355,31.4,28.4
2026-07-13 08:00:00,0.323,0.353,31.3,28.5
2026-07-13 09:00:00,0.323,0.352,31,28.6
2026-07-13 10:00:00,0.322,0.351,30.5,28.6
2026-07-13 11:00:00,0.322,0.352,30,28.5
2026-07-13 12:00:00,0.322,0.352,29.5,28.4
2026-07-13 13:00:00,0.323,0.352,29.2,28.2
2026-07-13 14:00:00,0.323,0.352,28.9,28.1
2026-07-13 15:00:00,0.323,0.352,28.6,28
2026-07-13 16:00:00,0.323,0.353,28.4,27.8
2026-07-13 17:00:00,0.323,0.353,28.2,27.7
2026-07-13 18:00:00,0.323,0.353,28.1,27.6
2026-07-13 19:00:00,0.323,0.353,27.9,27.5
2026-07-13 20:00:00,0.323,0.353,27.7,27.4
2026-07-13 21:00:00,0.323,0.353,27.6,27.3
2026-07-13 22:00:00,0.323,0.353,27.5,27.2
2026-07-13 23:00:00,0.323,0.353,27.4,27.2
2026-07-14 00:00:00,0.323,0.353,27.5,27.2
2026-07-14 01:00:00,0.323,0.353,27.7,27.2
2026-07-24 06:00:00,0.314,0.402,33.9,28.3
2026-07-24 07:00:00,0.313,0.402,34.2,28.6
2026-07-24 08:00:00,0.313,0.402,34.1,28.8
2026-07-24 09:00:00,0.313,0.401,33.5,28.9
2026-07-24 10:00:00,0.313,0.401,32.7,29
2026-07-24 11:00:00,0.313,0.401,31.9,29
2026-07-24 12:00:00,0.313,0.401,31.2,28.9
2026-07-24 13:00:00,0.313,0.401,30.6,28.8
2026-07-24 14:00:00,0.314,0.402,30.1,28.6
2026-07-24 15:00:00,0.314,0.402,29.7,28.4
2026-07-24 16:00:00,0.314,0.402,29.3,28.2
2026-07-24 17:00:00,0.315,0.402,29,28.1
2026-07-24 18:00:00,0.315,0.402,28.7,27.9
2026-07-24 19:00:00,0.315,0.402,28.5,27.8
2026-07-24 20:00:00,0.315,0.402,28.2,27.6
2026-07-24 21:00:00,0.315,0.402,28,27.5
2026-07-24 22:00:00,0.316,0.402,27.9,27.4
2026-07-24 23:00:00,0.316,0.402,28.2,27.3
2026-07-25 00:00:00,0.315,0.402,29.1,27.4
2026-07-25 01:00:00,0.315,0.402,29.9,27.5
2026-07-25 02:00:00,0.314,0.402,31,27.6
2026-07-25 03:00:00,0.314,0.401,32.1,27.8
2026-07-25 04:00:00,0.313,0.401,33.3,28.1
2026-07-25 05:00:00,0.312,0.401,34.2,28.3
2026-07-25 06:00:00,0.311,0.4,34.7,28.7
2026-07-25 07:00:00,0.311,0.4,34.9,28.9
2026-07-25 08:00:00,0.311,0.399,34.8,29.2
2026-07-25 09:00:00,0.311,0.399,34.2,29.3
2026-07-25 10:00:00,0.311,0.399,33.5,29.5
2026-07-25 11:00:00,0.312,0.399,32.8,29.5
2026-07-25 12:00:00,0.312,0.398,32.2,29.5
2026-07-25 13:00:00,0.313,0.398,31.6,29.4
2026-07-25 14:00:00,0.313,0.399,31,29.3
2026-07-25 15:00:00,0.314,0.399,30.6,29.1
2026-07-25 16:00:00,0.314,0.399,30.2,29
2026-07-25 17:00:00,0.315,0.399,29.8,28.8
2026-07-25 18:00:00,0.315,0.399,29.5,28.7
2026-07-25 19:00:00,0.316,0.399,29.2,28.5
2026-07-25 20:00:00,0.316,0.399,28.9,28.4
2026-07-25 21:00:00,0.317,0.399,28.7,28.3
2026-07-25 22:00:00,0.317,0.399,28.5,28.2
2026-07-25 23:00:00,0.317,0.399,28.8,28.1
2026-07-26 00:00:00,0.317,0.399,29.5,28.1
2026-07-26 01:00:00,0.317,0.399,30.8,28.1
2026-07-26 02:00:00,0.317,0.399,32,28.2
2026-07-26 03:00:00,0.316,0.399,33.2,28.3
2026-07-26 04:00:00,0.315,0.398,34.3,28.5
2026-07-26 05:00:00,0.314,0.398,35,28.7
2026-07-26 06:00:00,0.313,0.398,35.5,29
2026-07-26 07:00:00,0.313,0.397,35.7,29.3
2026-07-26 08:00:00,0.312,0.397,35.5,29.5
2026-07-26 09:00:00,0.313,0.397,34.8,29.6
2026-07-26 10:00:00,0.313,0.397,34,29.7
2026-07-26 11:00:00,0.314,0.397,33.1,29.7
2026-07-26 12:00:00,0.314,0.397,32.4,29.7
2026-07-26 13:00:00,0.315,0.397,31.7,29.6
2026-07-26 14:00:00,0.315,0.397,31.2,29.4
2026-07-26 15:00:00,0.316,0.397,30.6,29.3
2026-07-26 16:00:00,0.316,0.397,30.2,29.1
2026-07-26 17:00:00,0.317,0.397,29.8,28.9
2026-07-26 18:00:00,0.317,0.397,29.5,28.8
2026-07-26 19:00:00,0.317,0.397,29.2,28.6
2026-07-26 20:00:00,0.318,0.398,28.9,28.5
2026-07-26 21:00:00,0.318,0.398,28.7,28.3
2026-07-26 22:00:00,0.318,0.398,28.7,28.2
2026-07-26 23:00:00,0.318,0.398,29,28.1
2026-07-27 00:00:00,0.318,0.398,29.8,28.1
2026-07-27 01:00:00,0.318,0.398,30.7,28.1
2026-07-27 02:00:00,0.318,0.398,31.7,28.2
2026-07-27 03:00:00,0.317,0.398,33.2,28.4
2026-07-27 04:00:00,0.316,0.398,34.5,28.6
2026-07-27 05:00:00,0.315,0.397,35.2,28.8
2026-07-27 06:00:00,0.314,0.397,35.3,29.1
2026-07-27 07:00:00,0.313,0.397,35.4,29.3
2026-07-27 08:00:00,0.313,0.396,35.2,29.5
2026-07-27 09:00:00,0.313,0.396,34.6,29.7
2026-07-27 10:00:00,0.313,0.395,33.8,29.8
2026-07-27 11:00:00,0.314,0.395,33,29.8
2026-07-27 12:00:00,0.315,0.395,32.2,29.7
2026-07-27 13:00:00,0.315,0.395,31.6,29.6
2026-07-27 14:00:00,0.315,0.395,31,29.4
2026-07-27 15:00:00,0.316,0.396,30.4,29.2
2026-07-27 16:00:00,0.316,0.396,30,29
2026-07-27 17:00:00,0.317,0.396,29.7,28.8
2026-07-27 18:00:00,0.317,0.396,29.4,28.7
2026-07-27 19:00:00,0.318,0.396,29.2,28.5
2026-07-27 20:00:00,0.318,0.397,29,28.4
2026-07-27 21:00:00,0.318,0.397,28.8,28.3
2026-07-27 22:00:00,0.318,0.397,28.8,28.2
2026-07-27 23:00:00,0.318,0.397,29,28.1
2026-07-28 00:00:00,0.318,0.397,29.6,28.1
2026-07-28 01:00:00,0.318,0.397,30.7,28.1
2026-07-28 02:00:00,0.317,0.397,32.2,28.1
2026-07-28 03:00:00,0.316,0.397,33.6,28.3
2026-07-28 04:00:00,0.315,0.397,34.8,28.4
2026-07-28 05:00:00,0.314,0.397,35.7,28.6
2026-07-28 06:00:00,0.313,0.397,36.2,28.9
2026-07-28 07:00:00,0.312,0.396,36.2,29.1
2026-07-28 08:00:00,0.312,0.396,35.7,29.3
2026-07-28 09:00:00,0.312,0.395,34.9,29.4
2026-07-28 10:00:00,0.313,0.395,34,29.5
2026-07-28 11:00:00,0.313,0.395,33,29.5
2026-07-28 12:00:00,0.314,0.395,32.2,29.4
2026-07-28 13:00:00,0.314,0.395,31.6,29.3
2026-07-28 14:00:00,0.315,0.395,31,29.1
2026-07-28 15:00:00,0.315,0.395,30.5,29
2026-07-28 16:00:00,0.316,0.395,30.1,28.8
2026-07-28 17:00:00,0.316,0.395,29.7,28.7
2026-07-28 18:00:00,0.317,0.395,29.3,28.5
2026-07-28 19:00:00,0.317,0.396,29,28.4
2026-07-28 20:00:00,0.317,0.396,28.7,28.2
2026-07-28 21:00:00,0.317,0.396,28.5,28.1
2026-07-28 22:00:00,0.318,0.396,28.3,28
2026-07-28 23:00:00,0.318,0.396,28.3,27.9
2026-07-29 00:00:00,0.318,0.396,28.7,27.8
2026-07-29 01:00:00,0.318,0.396,29.5,27.8
2026-07-29 02:00:00,0.317,0.397,30.8,27.8
2026-07-29 03:00:00,0.317,0.397,32.4,27.9
2026-07-29 04:00:00,0.316,0.397,33.7,28.1
2026-07-29 05:00:00,0.315,0.397,34.7,28.4
2026-07-29 06:00:00,0.314,0.397,35.2,28.6
2026-07-29 07:00:00,0.313,0.397,35.3,28.8
2026-07-29 08:00:00,0.312,0.396,34.8,29
2026-07-29 09:00:00,0.312,0.396,34.1,29
2026-07-29 10:00:00,0.313,0.395,33.2,29.1
2026-07-29 11:00:00,0.314,0.394,32.3,29.1
2026-07-29 12:00:00,0.314,0.394,31.5,29
2026-07-29 13:00:00,0.315,0.394,30.9,28.9
2026-07-29 14:00:00,0.315,0.394,30.3,28.7
2026-07-29 15:00:00,0.316,0.394,29.8,28.6
2026-07-29 16:00:00,0.316,0.394,29.3,28.5
2026-07-29 17:00:00,0.316,0.394,28.9,28.3
2026-07-29 18:00:00,0.317,0.393,28.6,28.2
2026-07-29 19:00:00,0.317,0.393,28.4,28
2026-07-29 20:00:00,0.317,0.393,28.1,27.9
2026-07-29 21:00:00,0.318,0.393,27.9,27.7
2026-07-29 22:00:00,0.318,0.393,27.8,27.6
2026-07-29 23:00:00,0.318,0.393,28.1,27.5
2026-07-30 00:00:00,0.318,0.393,29.1,27.5
2026-07-30 01:00:00,0.318,0.393,30,27.5
2026-07-30 02:00:00,0.317,0.393,30.8,27.6
2026-07-30 03:00:00,0.316,0.394,32.3,27.7
2026-07-30 04:00:00,0.316,0.394,33.6,27.9
2026-07-30 05:00:00,0.315,0.394,34.7,28.2
2026-07-30 06:00:00,0.314,0.393,35.3,28.4
2026-07-30 07:00:00,0.313,0.393,35.4,28.6
2026-07-30 08:00:00,0.312,0.393,35.1,28.8
2026-07-30 09:00:00,0.312,0.392,34.4,28.9
2026-07-30 10:00:00,0.313,0.392,33.4,28.9
2026-07-30 11:00:00,0.313,0.392,32.5,28.9
2026-07-30 12:00:00,0.314,0.392,31.7,28.9
2026-07-30 13:00:00,0.314,0.392,30.9,28.8
2026-07-30 14:00:00,0.315,0.392,30.3,28.6
2026-07-30 15:00:00,0.315,0.392,29.7,28.5
2026-07-30 16:00:00,0.316,0.393,29.2,28.3
2026-07-30 17:00:00,0.316,0.393,28.8,28.1
2026-07-30 18:00:00,0.317,0.393,28.5,27.9
2026-07-30 19:00:00,0.317,0.393,28.2,27.8
2026-07-30 20:00:00,0.317,0.394,27.9,27.6
2026-07-30 21:00:00,0.318,0.394,27.8,27.5
2026-07-30 22:00:00,0.318,0.396,27.7,27.3
2026-07-30 23:00:00,0.318,0.401,28,27.3
2026-07-31 00:00:00,0.318,0.401,28.6,27.3
2026-07-31 01:00:00,0.317,0.401,29.6,27.3
2026-07-31 02:00:00,0.317,0.402,30.9,27.4
2026-07-31 03:00:00,0.317,0.402,32.4,27.6
2026-07-31 04:00:00,0.316,0.401,33.7,27.8
2026-07-31 05:00:00,0.315,0.401,34.7,28.2
2026-07-31 06:00:00,0.315,0.401,35.3,28.5
2026-07-31 07:00:00,0.315,0.4,35.5,28.8
2026-07-31 08:00:00,0.314,0.4,35.3,28.9
2026-07-31 09:00:00,0.314,0.4,34.8,29.1
2026-07-31 10:00:00,0.314,0.4,34.1,29.1
2026-07-31 11:00:00,0.315,0.399,33.3,29.1
2026-07-31 12:00:00,0.315,0.399,32.5,29
2026-07-31 13:00:00,0.316,0.399,31.8,28.9
2026-07-31 14:00:00,0.316,0.399,31.2,28.7
2026-07-31 15:00:00,0.316,0.4,30.7,28.6
2026-07-31 16:00:00,0.317,0.4,30.2,28.4
2026-07-31 17:00:00,0.317,0.4,29.8,28.3
2026-07-31 18:00:00,0.317,0.4,29.4,28.1
2026-07-31 19:00:00,0.318,0.4,29,28
2026-07-31 20:00:00,0.318,0.4,28.7,27.8
2026-07-31 21:00:00,0.318,0.4,28.5,27.7
2026-07-31 22:00:00,0.318,0.401,28.4,27.6
2026-07-31 23:00:00,0.318,0.401,28.6,27.5
2026-08-01 00:00:00,0.318,0.401,29.3,27.6
2026-08-01 01:00:00,0.318,0.401,30.4,27.7
2026-08-01 02:00:00,0.317,0.401,31.8,27.9
2026-08-01 03:00:00,0.317,0.401,33.1,28.1
2026-08-01 04:00:00,0.316,0.401,34.3,28.3
2026-08-01 05:00:00,0.316,0.401,35.2,28.6
2026-08-01 06:00:00,0.315,0.401,35.8,28.9
2026-08-01 07:00:00,0.315,0.4,35.9,29.1
2026-08-01 08:00:00,0.314,0.4,35.7,29.2
2026-08-01 09:00:00,0.314,0.4,35.2,29.3
2026-08-01 10:00:00,0.314,0.4,34.4,29.3
2026-08-01 11:00:00,0.315,0.4,33.5,29.3
2026-08-01 12:00:00,0.315,0.4,32.7,29.2
2026-08-01 13:00:00,0.316,0.4,31.9,29
2026-08-01 14:00:00,0.316,0.4,31.3,28.9
2026-08-01 15:00:00,0.316,0.4,30.7,28.7
2026-08-01 16:00:00,0.317,0.4,30.2,28.5
2026-08-01 17:00:00,0.317,0.4,29.8,28.4
2026-08-01 18:00:00,0.317,0.4,29.4,28.2
2026-08-01 19:00:00,0.318,0.4,29,28
2026-08-01 20:00:00,0.318,0.401,28.6,27.9
2026-08-01 21:00:00,0.318,0.401,28.4,27.7
2026-08-01 22:00:00,0.318,0.401,28.4,27.6
2026-08-01 23:00:00,0.318,0.401,28.5,27.5
2026-08-02 00:00:00,0.318,0.401,29.2,27.5
2026-08-02 01:00:00,0.318,0.401,30.4,27.5
2026-08-02 02:00:00,0.317,0.401,32,27.7
2026-08-02 03:00:00,0.317,0.401,33.6,27.8
2026-08-02 04:00:00,0.316,0.401,34.9,28.1
2026-08-02 05:00:00,0.315,0.401,36,28.4
2026-08-02 06:00:00,0.315,0.401,36.5,28.7
2026-08-02 07:00:00,0.314,0.4,36.4,28.9
2026-08-02 08:00:00,0.314,0.4,36,29.1
2026-08-02 09:00:00,0.314,0.4,35.3,29.2
2026-08-02 10:00:00,0.314,0.4,34.5,29.3
2026-08-02 11:00:00,0.315,0.4,33.5,29.3
2026-08-02 12:00:00,0.315,0.4,32.7,29.2
2026-08-02 13:00:00,0.316,0.4,32,29.1
2026-08-02 14:00:00,0.316,0.4,31.4,29
2026-08-02 15:00:00,0.316,0.4,30.8,28.8
2026-08-02 16:00:00,0.317,0.4,30.3,28.7
2026-08-02 17:00:00,0.317,0.4,29.9,28.5
2026-08-02 18:00:00,0.318,0.4,29.4,28.4
2026-08-02 19:00:00,0.318,0.4,29,28.2
2026-08-02 20:00:00,0.318,0.401,28.6,28
2026-08-02 21:00:00,0.319,0.401,28.3,27.9
2026-08-02 22:00:00,0.319,0.401,28.1,27.7
2026-08-02 23:00:00,0.319,0.401,28.4,27.6
2026-08-03 00:00:00,0.319,0.401,29.2,27.5
2026-08-03 01:00:00,0.318,0.402,30.4,27.6
2026-08-03 02:00:00,0.318,0.402,32,27.7
2026-08-03 03:00:00,0.317,0.402,33.6,27.9
2026-08-03 04:00:00,0.316,0.402,35.1,28.1
2026-08-03 05:00:00,0.315,0.401,36.1,28.4
2026-08-03 06:00:00,0.315,0.401,36.8,28.7
2026-08-03 07:00:00,0.314,0.401,36.9,29
2026-08-03 08:00:00,0.314,0.401,36.6,29.2
2026-08-03 09:00:00,0.314,0.401,35.9,29.4
2026-08-03 10:00:00,0.314,0.4,35.1,29.5
2026-08-03 11:00:00,0.314,0.4,34.2,29.5
2026-08-03 12:00:00,0.315,0.4,33.4,29.4
2026-08-03 13:00:00,0.315,0.4,32.7,29.4
2026-08-03 14:00:00,0.316,0.4,32.1,29.3
2026-08-03 15:00:00,0.316,0.4,31.6,29.2
2026-08-03 16:00:00,0.316,0.4,31.2,29
2026-08-03 17:00:00,0.316,0.401,30.8,28.9
2026-08-03 18:00:00,0.317,0.401,30.4,28.8
2026-08-03 19:00:00,0.317,0.401,30.1,28.7
2026-08-03 20:00:00,0.318,0.401,29.8,28.6
2026-08-03 21:00:00,0.318,0.401,29.5,28.5
2026-08-03 22:00:00,0.319,0.401,29.3,28.4
2026-08-03 23:00:00,0.318,0.401,29.5,28.3
2026-08-04 00:00:00,0.318,0.401,30.2,28.3
2026-08-04 01:00:00,0.318,0.402,31.3,28.3
2026-08-04 02:00:00,0.317,0.402,32.6,28.3
2026-08-04 03:00:00,0.317,0.402,33.6,28.5
2026-08-04 04:00:00,0.316,0.402,34.3,28.6
2026-08-04 05:00:00,0.316,0.401,34.9,28.8
2026-08-04 06:00:00,0.316,0.401,35.3,29
2026-08-04 07:00:00,0.315,0.401,35.1,29.2
2026-08-04 08:00:00,0.315,0.401,34.9,29.4
2026-08-04 09:00:00,0.316,0.4,34.3,29.5
2026-08-04 10:00:00,0.316,0.4,33.6,29.5
2026-08-04 11:00:00,0.316,0.4,33.1,29.5
2026-08-04 12:00:00,0.317,0.4,32.5,29.4
2026-08-04 13:00:00,0.317,0.4,32,29.4
2026-08-04 14:00:00,0.317,0.4,31.6,29.3
2026-08-04 15:00:00,0.317,0.4,31.3,29.2
2026-08-04 16:00:00,0.317,0.4,31,29.1
2026-08-04 17:00:00,0.318,0.4,30.8,29.1
2026-08-04 18:00:00,0.318,0.4,30.5,29
2026-08-04 19:00:00,0.318,0.4,30.3,28.9
2026-08-04 20:00:00,0.319,0.4,30.1,28.8
2026-08-04 21:00:00,0.319,0.401,29.9,28.7
2026-08-04 22:00:00,0.319,0.401,29.7,28.6
2026-08-04 23:00:00,0.319,0.401,29.8,28.6
2026-08-05 00:00:00,0.319,0.401,30.3,28.5
2026-08-05 01:00:00,0.319,0.401,30.9,28.6
2026-08-05 02:00:00,0.318,0.401,31.8,28.7
2026-08-05 03:00:00,0.318,0.401,32.7,28.8
2026-08-05 04:00:00,0.318,0.401,33.2,28.9
2026-08-05 05:00:00,0.317,0.401,33.9,29.1
2026-08-05 06:00:00,0.317,0.401,34.7,29.3
2026-08-05 07:00:00,0.316,0.401,35,29.4
2026-08-05 08:00:00,0.316,0.4,34.9,29.6
2026-08-05 09:00:00,0.316,0.4,34.3,29.7
2026-08-05 10:00:00,0.317,0.4,33.5,29.7
2026-08-05 11:00:00,0.318,0.4,32.7,29.7
2026-08-05 12:00:00,0.319,0.4,32.1,29.6
2026-08-05 13:00:00,0.319,0.4,31.7,29.5
2026-08-05 14:00:00,0.32,0.4,31.3,29.4
2026-08-05 15:00:00,0.32,0.4,31,29.3
2026-08-05 16:00:00,0.321,0.401,30.7,29.2
2026-08-05 17:00:00,0.322,0.401,30.4,29.1
2026-08-05 18:00:00,0.323,0.401,30.1,29
2026-08-05 19:00:00,0.323,0.401,29.8,28.9
2026-08-05 20:00:00,0.324,0.401,29.5,28.8
2026-08-05 21:00:00,0.325,0.401,29.3,28.7
2026-08-05 22:00:00,0.325,0.401,29.2,28.6
2026-08-05 23:00:00,0.325,0.401,29.3,28.5
2026-08-06 00:00:00,0.325,0.401,29.8,28.5
2026-08-06 01:00:00,0.325,0.402,30.7,28.5
2026-08-06 02:00:00,0.325,0.402,31.6,28.5
