time,sm_bank_20cm,sm_irr_10cm,temp_bank_20cm,temp_irr_10cm
2026-02-20 08:00:00,0.304,0.353,6.5,7.6
2026-02-20 09:00:00,0.305,0.352,6,7.1
2026-02-20 10:00:00,0.305,0.352,5.6,6.6
2026-02-20 11:00:00,0.306,0.351,5,6.1
2026-02-20 12:00:00,0.306,0.351,4.6,5.5
2026-02-20 13:00:00,0.307,0.351,4.2,5.1
2026-02-20 14:00:00,0.307,0.351,3.9,4.7
2026-02-20 15:00:00,0.307,0.351,3.6,4.4
2026-02-20 16:00:00,0.308,0.351,3.3,4.1
2026-02-20 17:00:00,0.308,0.351,3.1,3.9
2026-02-20 18:00:00,0.308,0.351,2.8,3.7
2026-02-20 19:00:00,0.308,0.351,2.6,3.5
2026-02-20 20:00:00,0.308,0.351,2.5,3.3
2026-02-20 21:00:00,0.308,0.351,2.3,3.1
2026-02-20 22:00:00,0.308,0.35,2.2,2.9
2026-02-20 23:00:00,0.308,0.35,2,2.8
2026-02-21 00:00:00,0.308,0.35,2,2.7
2026-02-21 01:00:00,0.307,0.35,2.2,2.6
2026-02-21 02:00:00,0.306,0.35,3.3,3.1
2026-02-21 03:00:00,0.305,0.348,4.6,4.3
2026-02-21 04:00:00,0.304,0.347,5.9,5.7
2026-02-21 05:00:00,0.303,0.346,6.9,7.1
2026-02-21 06:00:00,0.302,0.345,7.7,8.5
2026-02-21 07:00:00,0.302,0.345,8.2,9.4
2026-02-21 08:00:00,0.302,0.344,8.3,9.9
2026-02-21 09:00:00,0.302,0.344,8.1,9.7
2026-02-21 10:00:00,0.302,0.345,7.7,9.2
2026-02-21 11:00:00,0.303,0.345,7.4,8.7
2026-02-21 12:00:00,0.303,0.345,7,8.1
2026-02-21 13:00:00,0.303,0.346,6.6,7.6
2026-02-21 14:00:00,0.304,0.346,6.2,7.1
2026-02-21 15:00:00,0.304,0.346,5.9,6.7
2026-02-21 16:00:00,0.304,0.347,5.6,6.3
2026-02-21 17:00:00,0.304,0.347,5.3,6
2026-02-21 18:00:00,0.305,0.347,5.1,5.8
2026-02-21 19:00:00,0.305,0.347,4.9,5.5
2026-02-21 20:00:00,0.305,0.347,4.9,5.4
2026-02-21 21:00:00,0.304,0.347,5,5.4
2026-02-21 22:00:00,0.304,0.347,5.1,5.4
2026-02-21 23:00:00,0.304,0.347,5.2,5.5
2026-02-22 00:00:00,0.303,0.347,5.7,5.7
2026-02-22 01:00:00,0.303,0.346,6.4,6.2
2026-02-22 02:00:00,0.302,0.346,7,6.7
2026-02-22 03:00:00,0.302,0.346,7.3,7
2026-02-22 04:00:00,0.302,0.345,7.7,7.4
2026-02-22 05:00:00,0.301,0.345,8.3,8.1
2026-02-22 06:00:00,0.301,0.345,8.7,8.8
2026-02-22 07:00:00,0.301,0.344,8.9,9.2
2026-02-22 08:00:00,0.301,0.344,8.8,9.4
2026-02-22 09:00:00,0.301,0.344,8.5,9.1
2026-02-22 10:00:00,0.301,0.344,7.9,8.6
2026-02-22 11:00:00,0.302,0.345,7.3,8
2026-02-22 12:00:00,0.302,0.345,6.8,7.4
2026-02-22 13:00:00,0.303,0.346,6.2,6.9
2026-02-22 14:00:00,0.304,0.347,5.7,6.3
2026-02-22 15:00:00,0.304,0.347,5.2,5.8
2026-02-22 16:00:00,0.304,0.347,4.8,5.4
2026-02-22 17:00:00,0.305,0.348,4.4,5
2026-02-22 18:00:00,0.305,0.348,4,4.7
2026-02-22 19:00:00,0.305,0.348,3.7,4.4
2026-02-22 20:00:00,0.305,0.348,3.4,4.1
2026-02-22 21:00:00,0.305,0.348,3.2,3.9
2026-02-22 22:00:00,0.305,0.348,2.9,3.7
2026-02-22 23:00:00,0.305,0.348,2.7,3.4
2026-02-23 00:00:00,0.305,0.348,2.6,3.3
2026-02-23 01:00:00,0.304,0.349,2.8,3.2
2026-02-23 02:00:00,0.303,0.348,3.5,3.5
2026-02-23 03:00:00,0.302,0.347,4.5,4.6
2026-02-23 04:00:00,0.301,0.346,5.4,6
2026-02-23 05:00:00,0.301,0.345,6.2,7.3
2026-02-23 06:00:00,0.3,0.344,6.8,8.5
2026-02-23 07:00:00,0.3,0.343,7.2,9.4
2026-02-23 08:00:00,0.3,0.343,7.3,9.8
2026-02-23 09:00:00,0.3,0.343,7.1,9.5
2026-02-23 10:00:00,0.3,0.344,6.6,8.9
2026-02-23 11:00:00,0.301,0.344,6.1,8.2
2026-02-23 12:00:00,0.301,0.345,5.7,7.5
2026-02-23 13:00:00,0.302,0.345,5.3,6.9
2026-02-23 14:00:00,0.302,0.346,4.9,6.4
2026-02-23 15:00:00,0.302,0.346,4.6,6
2026-02-23 16:00:00,0.302,0.346,4.3,5.6
2026-02-23 17:00:00,0.302,0.347,4.1,5.3
2026-02-23 18:00:00,0.302,0.347,3.9,5.1
2026-02-23 19:00:00,0.302,0.347,3.7,4.8
2026-02-23 20:00:00,0.302,0.347,3.6,4.6
2026-02-23 21:00:00,0.302,0.347,3.5,4.5
2026-02-23 22:00:00,0.302,0.347,3.5,4.4
2026-02-23 23:00:00,0.302,0.347,3.5,4.4
2026-02-24 00:00:00,0.302,0.347,3.6,4.4
2026-02-24 01:00:00,0.302,0.347,3.6,4.4
2026-02-24 02:00:00,0.302,0.347,3.7,4.4
2026-02-24 03:00:00,0.303,0.347,3.8,4.5
2026-02-24 04:00:00,0.337,0.347,3.9,4.6
2026-02-24 05:00:00,0.384,0.346,4.1,4.7
2026-02-24 06:00:00,0.384,0.346,4.2,4.7
2026-02-24 07:00:00,0.385,0.348,4.4,4.9
2026-02-24 08:00:00,0.383,0.35,4.5,5
2026-02-24 09:00:00,0.38,0.352,4.5,5.1
2026-02-24 10:00:00,0.377,0.353,4.5,5
2026-02-24 11:00:00,0.373,0.354,4.5,5
2026-02-24 12:00:00,0.371,0.355,4.4,4.9
2026-02-24 13:00:00,0.369,0.357,4.2,4.8
2026-02-24 14:00:00,0.368,0.358,3.9,4.5
2026-02-24 15:00:00,0.367,0.358,3.6,4.3
2026-02-24 16:00:00,0.366,0.359,3.3,4
2026-02-24 17:00:00,0.365,0.36,3.2,3.8
2026-02-24 18:00:00,0.364,0.361,3,3.6
2026-02-24 19:00:00,0.363,0.361,2.9,3.5
2026-02-24 20:00:00,0.362,0.362,2.8,3.4
2026-02-24 21:00:00,0.362,0.362,2.7,3.3
2026-02-24 22:00:00,0.362,0.362,2.6,3.2
2026-02-24 23:00:00,0.362,0.362,2.6,3.1
2026-02-25 00:00:00,0.362,0.363,2.6,3.2
2026-02-25 01:00:00,0.364,0.363,2.8,3.4
2026-02-25 02:00:00,0.366,0.362,3.7,4
2026-02-25 03:00:00,0.365,0.362,5,5
2026-02-25 04:00:00,0.363,0.361,6.5,6.4
2026-02-25 05:00:00,0.361,0.36,8,8
2026-02-25 06:00:00,0.359,0.359,9,9.4
2026-02-25 07:00:00,0.358,0.359,9.3,9.9
2026-02-25 08:00:00,0.358,0.358,9.3,10
2026-02-25 09:00:00,0.357,0.359,8.9,9.8
2026-02-25 10:00:00,0.357,0.359,8.3,9.2
2026-02-25 11:00:00,0.357,0.36,7.7,8.6
2026-02-25 12:00:00,0.358,0.36,7.1,8
2026-02-25 13:00:00,0.358,0.361,6.5,7.4
2026-02-25 14:00:00,0.358,0.362,6,6.8
2026-02-25 15:00:00,0.358,0.362,5.5,6.3
2026-02-25 16:00:00,0.358,0.363,5.1,5.9
2026-02-25 17:00:00,0.358,0.363,4.8,5.5
2026-02-25 18:00:00,0.358,0.364,4.5,5.2
2026-02-25 19:00:00,0.358,0.364,4.3,5
2026-02-25 20:00:00,0.358,0.364,4.1,4.7
2026-02-25 21:00:00,0.359,0.365,3.8,4.5
2026-02-25 22:00:00,0.358,0.365,3.7,4.3
2026-02-25 23:00:00,0.358,0.365,3.5,4.1
2026-02-26 00:00:00,0.358,0.365,3.5,4
2026-02-26 01:00:00,0.358,0.365,4,4.1
2026-02-26 02:00:00,0.357,0.364,5.2,4.8
2026-02-26 03:00:00,0.356,0.363,6.4,5.9
2026-02-26 04:00:00,0.355,0.362,7.4,7.1
2026-02-26 05:00:00,0.354,0.361,8,8
2026-02-26 06:00:00,0.359,0.361,8.6,8.6
2026-02-26 07:00:00,0.359,0.361,8.8,8.8
2026-02-26 08:00:00,0.359,0.361,8.7,8.7
2026-02-26 09:00:00,0.36,0.361,8.5,8.6
2026-02-26 10:00:00,0.36,0.361,8.2,8.3
2026-02-26 11:00:00,0.36,0.362,7.9,8.1
2026-02-26 12:00:00,0.36,0.362,7.7,7.9
2026-02-26 13:00:00,0.36,0.362,7.6,7.7
2026-02-26 14:00:00,0.36,0.362,7.4,7.6
2026-02-26 15:00:00,0.36,0.362,7.3,7.4
2026-02-26 16:00:00,0.36,0.362,7.2,7.3
2026-02-26 17:00:00,0.361,0.363,7.1,7.2
2026-02-26 18:00:00,0.361,0.363,7,7.2
2026-02-26 19:00:00,0.379,0.363,6.9,7.1
2026-02-26 20:00:00,0.387,0.365,6.9,7
2026-02-26 21:00:00,0.387,0.366,6.8,6.9
2026-02-26 22:00:00,0.385,0.367,6.8,6.9
2026-02-26 23:00:00,0.384,0.367,6.8,6.9
2026-02-27 00:00:00,0.383,0.367,6.9,6.9
2026-02-27 01:00:00,0.383,0.367,7.2,7
2026-02-27 02:00:00,0.382,0.367,7.9,7.4
2026-02-27 03:00:00,0.38,0.367,8.7,7.9
2026-02-27 04:00:00,0.379,0.367,9.3,8.4
2026-02-27 05:00:00,0.378,0.366,9.6,8.7
2026-02-27 06:00:00,0.378,0.366,9.6,8.9
2026-02-27 07:00:00,0.377,0.366,9.8,9
2026-02-27 08:00:00,0.376,0.366,10,9.2
2026-02-27 09:00:00,0.376,0.366,9.9,9.4
2026-02-27 10:00:00,0.376,0.366,9.4,9.2
2026-02-27 11:00:00,0.376,0.367,8.8,8.8
2026-02-27 12:00:00,0.375,0.367,8.2,8.4
2026-02-27 13:00:00,0.373,0.368,7.7,8
2026-02-27 14:00:00,0.373,0.368,7.2,7.5
2026-02-27 15:00:00,0.373,0.369,6.6,7.1
2026-02-27 16:00:00,0.373,0.369,6.1,6.7
2026-02-27 17:00:00,0.373,0.37,5.7,6.3
2026-02-27 18:00:00,0.373,0.37,5.2,6
2026-02-27 19:00:00,0.373,0.37,4.9,5.6
2026-02-27 20:00:00,0.373,0.371,4.6,5.3
2026-02-27 21:00:00,0.373,0.371,4.3,5.1
2026-02-27 22:00:00,0.373,0.371,4.1,4.9
2026-02-27 23:00:00,0.373,0.371,3.9,4.7
2026-02-28 00:00:00,0.373,0.371,4.1,4.7
2026-02-28 01:00:00,0.372,0.371,5.1,4.9
2026-02-28 02:00:00,0.372,0.371,6.8,5.7
2026-02-28 03:00:00,0.371,0.369,8.6,7.1
2026-02-28 04:00:00,0.37,0.368,10.1,8.8
2026-02-28 05:00:00,0.369,0.366,11.4,10.4
2026-02-28 06:00:00,0.368,0.365,12,11.6
2026-02-28 07:00:00,0.368,0.364,12.2,12.2
2026-02-28 08:00:00,0.368,0.363,11.8,12.3
2026-02-28 09:00:00,0.368,0.363,11.2,11.9
2026-02-28 10:00:00,0.368,0.364,10.5,11.2
2026-02-28 11:00:00,0.368,0.364,9.9,10.6
2026-02-28 12:00:00,0.368,0.364,9.4,10.1
2026-02-28 13:00:00,0.368,0.365,8.9,9.6
2026-02-28 14:00:00,0.368,0.365,8.4,9.1
2026-02-28 15:00:00,0.369,0.366,7.9,8.6
2026-02-28 16:00:00,0.369,0.366,7.4,8.1
2026-02-28 17:00:00,0.369,0.366,6.9,7.7
2026-02-28 18:00:00,0.369,0.367,6.5,7.3
2026-02-28 19:00:00,0.369,0.367,6.2,7
2026-02-28 20:00:00,0.369,0.367,6,6.8
2026-02-28 21:00:00,0.369,0.367,5.8,6.6
2026-02-28 22:00:00,0.369,0.368,5.5,6.3
2026-02-28 23:00:00,0.369,0.368,5.2,6
2026-03-01 00:00:00,0.369,0.368,5.5,5.9
2026-03-01 01:00:00,0.368,0.368,6.5,6.2
2026-03-01 02:00:00,0.367,0.367,7.6,6.9
2026-03-01 03:00:00,0.366,0.366,8.7,7.9
2026-03-01 04:00:00,0.366,0.365,9.6,8.9
2026-03-01 05:00:00,0.365,0.364,10.5,9.8
2026-03-01 06:00:00,0.365,0.363,11.1,10.8
2026-03-01 07:00:00,0.364,0.363,11.2,11.2
2026-03-01 08:00:00,0.364,0.363,11,11
2026-03-01 09:00:00,0.364,0.363,10.6,10.7
2026-03-01 10:00:00,0.364,0.363,10.2,10.4
2026-03-01 11:00:00,0.365,0.363,9.8,10
2026-03-01 12:00:00,0.364,0.363,9.6,9.7
2026-03-01 13:00:00,0.364,0.363,9.4,9.5
2026-03-01 14:00:00,0.364,0.363,9.2,9.3
2026-03-01 15:00:00,0.365,0.363,9,9.1
2026-03-01 16:00:00,0.365,0.364,8.8,9
2026-03-01 17:00:00,0.377,0.364,8.6,8.8
2026-03-01 18:00:00,0.397,0.367,8.3,8.6
2026-03-01 19:00:00,0.401,0.382,8.1,8.4
2026-03-01 20:00:00,0.402,0.387,7.9,8.2
2026-03-01 21:00:00,0.402,0.388,7.8,8.1
2026-03-01 22:00:00,0.402,0.389,7.7,7.9
2026-03-01 23:00:00,0.402,0.39,7.6,7.8
2026-03-02 00:00:00,0.403,0.39,7.7,7.8
2026-03-02 01:00:00,0.403,0.391,7.8,7.9
2026-03-02 02:00:00,0.403,0.391,8.1,8.1
2026-03-02 03:00:00,0.403,0.391,8.4,8.4
2026-03-02 04:00:00,0.403,0.391,8.6,8.7
2026-03-02 05:00:00,0.403,0.391,8.8,8.9
2026-03-02 06:00:00,0.403,0.392,9,9
2026-03-02 07:00:00,0.404,0.393,9,9.1
2026-03-02 08:00:00,0.404,0.394,9,9.1
2026-03-02 09:00:00,0.405,0.395,8.8,9
2026-03-02 10:00:00,0.405,0.395,8.6,8.9
2026-03-02 11:00:00,0.406,0.396,8.4,8.7
2026-03-02 12:00:00,0.406,0.397,8.2,8.5
2026-03-02 13:00:00,0.406,0.397,8.1,8.3
2026-03-02 14:00:00,0.406,0.398,8,8.2
2026-03-02 15:00:00,0.407,0.398,7.9,8.1
2026-03-02 16:00:00,0.407,0.399,7.8,8
2026-03-02 17:00:00,0.407,0.399,7.7,7.9
2026-03-02 18:00:00,0.408,0.399,7.6,7.8
2026-03-02 19:00:00,0.407,0.4,7.5,7.7
2026-03-02 20:00:00,0.405,0.4,7.4,7.6
2026-03-02 21:00:00,0.403,0.401,7.4,7.5
2026-03-02 22:00:00,0.403,0.401,7.4,7.5
2026-03-02 23:00:00,0.402,0.401,7.3,7.4
2026-03-03 00:00:00,0.398,0.402,7.4,7.4
2026-03-03 01:00:00,0.397,0.402,8.1,7.8
2026-03-03 02:00:00,0.395,0.401,9.3,8.9
2026-03-03 03:00:00,0.393,0.4,10.4,10.5
2026-03-03 04:00:00,0.392,0.399,11.1,11.6
2026-03-03 05:00:00,0.392,0.398,11.5,12.3
2026-03-03 06:00:00,0.391,0.398,11.9,12.9
2026-03-03 07:00:00,0.391,0.397,12.1,13.4
2026-03-03 08:00:00,0.391,0.398,11.7,13
2026-03-03 09:00:00,0.391,0.398,11.2,12.2
2026-03-03 10:00:00,0.391,0.399,10.5,11.3
2026-03-03 11:00:00,0.392,0.4,9.9,10.5
2026-03-03 12:00:00,0.392,0.4,9.4,9.9
2026-03-03 13:00:00,0.392,0.401,9,9.4
2026-03-03 14:00:00,0.392,0.401,8.7,9
2026-03-03 15:00:00,0.391,0.401,8.3,8.6
2026-03-03 16:00:00,0.39,0.402,7.8,8.1
2026-03-03 17:00:00,0.39,0.402,7.3,7.6
2026-03-03 18:00:00,0.391,0.403,6.8,7.2
2026-03-03 19:00:00,0.391,0.403,6.4,6.7
2026-03-03 20:00:00,0.391,0.404,6,6.3
2026-03-03 21:00:00,0.392,0.404,5.6,6
2026-03-03 22:00:00,0.392,0.404,5.2,5.6
2026-03-03 23:00:00,0.392,0.405,5,5.4
2026-03-04 00:00:00,0.392,0.405,5.4,5.4
2026-03-04 01:00:00,0.391,0.405,6.4,5.9
2026-03-04 02:00:00,0.39,0.404,7.8,7.2
2026-03-04 03:00:00,0.389,0.403,9.1,9.2
2026-03-04 04:00:00,0.388,0.401,10.2,11.3
2026-03-04 05:00:00,0.388,0.399,10.9,13
2026-03-04 06:00:00,0.388,0.398,11.4,14.4
2026-03-04 07:00:00,0.387,0.396,11.5,14.8
2026-03-04 08:00:00,0.386,0.396,11.3,14.1
2026-03-04 09:00:00,0.386,0.397,10.8,12.9
2026-03-04 10:00:00,0.386,0.398,10,11.7
2026-03-04 11:00:00,0.387,0.399,9.3,10.7
2026-03-04 12:00:00,0.386,0.4,8.7,9.9
2026-03-04 13:00:00,0.38,0.4,8.1,9.2
2026-03-04 14:00:00,0.38,0.401,7.6,8.6
2026-03-04 15:00:00,0.38,0.401,7.1,8.1
2026-03-04 16:00:00,0.38,0.402,6.7,7.6
2026-03-04 17:00:00,0.38,0.402,6.3,7.2
2026-03-04 18:00:00,0.38,0.403,5.9,6.8
2026-03-04 19:00:00,0.381,0.403,5.5,6.4
2026-03-04 20:00:00,0.381,0.403,5.2,6.1
2026-03-04 21:00:00,0.381,0.404,4.9,5.8
2026-03-04 22:00:00,0.381,0.404,4.6,5.5
2026-03-04 23:00:00,0.381,0.404,4.5,5.3
2026-03-05 00:00:00,0.381,0.404,4.8,5.4
2026-03-05 01:00:00,0.38,0.404,5.9,5.9
2026-03-05 02:00:00,0.379,0.403,7.4,7.1
2026-03-05 03:00:00,0.378,0.402,8.8,8.7
2026-03-05 04:00:00,0.378,0.4,9.9,10.1
2026-03-05 05:00:00,0.377,0.399,10.4,10.8
2026-03-05 06:00:00,0.377,0.399,10.5,10.9
2026-03-05 07:00:00,0.377,0.399,10.7,10.9
2026-03-05 08:00:00,0.376,0.399,10.6,10.9
2026-03-05 09:00:00,0.377,0.399,10.3,10.6
2026-03-05 10:00:00,0.377,0.399,10,10.3
2026-03-05 11:00:00,0.377,0.399,9.7,10
2026-03-05 12:00:00,0.377,0.399,9.4,9.6
2026-03-05 13:00:00,0.377,0.4,9.1,9.3
2026-03-05 14:00:00,0.378,0.4,8.8,9
2026-03-05 15:00:00,0.392,0.401,8.5,8.8
2026-03-05 16:00:00,0.397,0.401,8.1,8.5
2026-03-05 17:00:00,0.398,0.401,7.8,8.2
2026-03-05 18:00:00,0.399,0.402,7.5,7.8
2026-03-05 19:00:00,0.399,0.402,7.3,7.6
2026-03-05 20:00:00,0.4,0.402,6.9,7.2
2026-03-05 21:00:00,0.4,0.403,6.5,6.8
2026-03-05 22:00:00,0.4,0.403,6.1,6.4
2026-03-05 23:00:00,0.399,0.403,5.9,6.1
2026-03-06 00:00:00,0.399,0.403,6,6.1
2026-03-06 01:00:00,0.398,0.403,6.6,6.5
2026-03-06 02:00:00,0.397,0.403,7.4,7.3
2026-03-06 03:00:00,0.394,0.402,8.1,8.1
2026-03-06 04:00:00,0.393,0.402,8.5,8.6
2026-03-06 05:00:00,0.392,0.401,9,9.2
2026-03-06 06:00:00,0.391,0.4,9.4,10.1
2026-03-06 07:00:00,0.391,0.399,9.5,10.7
2026-03-06 08:00:00,0.391,0.399,9.1,10.3
2026-03-06 09:00:00,0.391,0.4,8.5,9.5
2026-03-06 10:00:00,0.392,0.4,7.9,8.7
2026-03-06 11:00:00,0.392,0.401,7.3,8
2026-03-06 12:00:00,0.393,0.402,6.8,7.4
2026-03-06 13:00:00,0.393,0.402,6.5,7
2026-03-06 14:00:00,0.393,0.403,6.1,6.6
2026-03-06 15:00:00,0.393,0.403,5.8,6.2
2026-03-06 16:00:00,0.393,0.403,5.5,5.9
2026-03-06 17:00:00,0.393,0.403,5.2,5.6
2026-03-06 18:00:00,0.394,0.403,5,5.3
2026-03-06 19:00:00,0.394,0.404,4.8,4.9
2026-03-06 20:00:00,0.393,0.404,4.4,4.6
2026-03-06 21:00:00,0.388,0.404,4.2,4.3
2026-03-06 22:00:00,0.386,0.404,3.9,4.3
2026-03-06 23:00:00,0.386,0.404,3.8,4.3
2026-03-07 00:00:00,0.386,0.405,4,4.3
2026-03-07 01:00:00,0.386,0.404,4.4,4.6
2026-03-07 02:00:00,0.385,0.404,5.2,5.2
2026-03-07 03:00:00,0.384,0.403,6.2,6.4
2026-03-07 04:00:00,0.383,0.402,7.1,7.8
2026-03-07 05:00:00,0.382,0.4,7.7,9.1
2026-03-07 06:00:00,0.382,0.399,8,10.1
2026-03-07 07:00:00,0.381,0.397,8.1,10.6
2026-03-07 08:00:00,0.381,0.397,7.8,10.6
2026-03-07 09:00:00,0.381,0.397,7.1,9.9
2026-03-07 10:00:00,0.381,0.398,6.3,8.8
2026-03-07 11:00:00,0.381,0.399,5.6,7.9
2026-03-07 12:00:00,0.381,0.4,5.1,7.1
2026-03-07 13:00:00,0.381,0.401,4.6,6.4
2026-03-07 14:00:00,0.381,0.402,4.2,5.8
2026-03-07 15:00:00,0.381,0.402,3.9,5.4
2026-03-07 16:00:00,0.381,0.403,3.6,5
2026-03-07 17:00:00,0.381,0.403,3.4,4.8
2026-03-07 18:00:00,0.381,0.403,3.2,4.5
2026-03-07 19:00:00,0.38,0.403,3,4.3
2026-03-07 20:00:00,0.38,0.403,2.8,4.2
2026-03-07 21:00:00,0.38,0.403,2.6,4
2026-03-07 22:00:00,0.38,0.403,2.5,3.9
2026-03-07 23:00:00,0.38,0.403,2.3,3.8
2026-03-08 00:00:00,0.38,0.403,2.3,3.7
2026-03-08 01:00:00,0.379,0.403,2.3,3.6
2026-03-08 02:00:00,0.379,0.404,3,3.7
2026-03-08 03:00:00,0.378,0.403,4.5,4.5
2026-03-08 04:00:00,0.377,0.402,5.9,5.7
2026-03-08 05:00:00,0.376,0.4,7.2,7.2
2026-03-08 06:00:00,0.375,0.398,7.8,8.4
2026-03-08 07:00:00,0.375,0.397,8,9
2026-03-08 08:00:00,0.375,0.397,7.9,9.1
2026-03-08 09:00:00,0.375,0.397,7.4,8.8
2026-03-08 10:00:00,0.375,0.397,6.8,8.2
2026-03-08 11:00:00,0.376,0.398,6.1,7.5
2026-03-08 12:00:00,0.376,0.399,5.5,6.8
2026-03-08 13:00:00,0.376,0.4,4.9,6.3
2026-03-08 14:00:00,0.376,0.4,4.5,5.8
2026-03-08 15:00:00,0.377,0.401,4.1,5.4
2026-03-08 16:00:00,0.377,0.401,3.8,5.1
2026-03-08 17:00:00,0.377,0.401,3.5,4.8
2026-03-08 18:00:00,0.377,0.401,3.3,4.6
2026-03-08 19:00:00,0.376,0.402,3.1,4.4
2026-03-08 20:00:00,0.377,0.402,2.9,4.2
2026-03-08 21:00:00,0.377,0.402,2.7,4.1
2026-03-08 22:00:00,0.377,0.402,2.6,4
2026-03-08 23:00:00,0.377,0.402,2.5,3.9
2026-03-09 00:00:00,0.376,0.402,2.5,3.8
2026-03-09 01:00:00,0.376,0.403,2.4,3.8
2026-03-09 02:00:00,0.376,0.403,2.8,3.8
2026-03-09 03:00:00,0.375,0.403,3.6,4.2
2026-03-09 04:00:00,0.375,0.402,4.7,4.9
2026-03-09 05:00:00,0.374,0.401,5.5,5.8
2026-03-09 06:00:00,0.373,0.399,6,6.6
2026-03-09 07:00:00,0.373,0.399,6.2,7.2
2026-03-09 08:00:00,0.373,0.398,6.1,7.4
2026-03-09 09:00:00,0.373,0.398,5.7,7.2
2026-03-09 10:00:00,0.373,0.399,5.2,6.7
2026-03-09 11:00:00,0.374,0.399,4.7,6.2
2026-03-09 12:00:00,0.374,0.4,4.3,5.7
2026-03-09 13:00:00,0.374,0.4,3.9,5.3
2026-03-09 14:00:00,0.374,0.401,3.6,5
2026-03-09 15:00:00,0.374,0.401,3.3,4.7
2026-03-09 16:00:00,0.374,0.402,3.1,4.4
2026-03-09 17:00:00,0.374,0.402,2.8,4.2
2026-03-09 18:00:00,0.374,0.401,2.6,4
2026-03-09 19:00:00,0.374,0.396,2.5,3.8
2026-03-09 20:00:00,0.374,0.38,2.3,3.7
2026-03-09 21:00:00,0.374,0.379,2.2,3.6
2026-03-09 22:00:00,0.374,0.379,2,3.4
2026-03-09 23:00:00,0.374,0.379,1.9,3.4
2026-03-10 00:00:00,0.374,0.379,1.9,3.3
2026-03-10 01:00:00,0.374,0.381,2,3.2
2026-03-10 02:00:00,0.373,0.383,3.1,3.5
2026-03-10 03:00:00,0.371,0.383,4.8,4.6
2026-03-10 04:00:00,0.37,0.381,6.4,6
2026-03-10 05:00:00,0.369,0.378,7.7,7.4
2026-03-10 06:00:00,0.368,0.376,8.5,8.6
2026-03-10 07:00:00,0.368,0.375,8.8,9.5
2026-03-10 08:00:00,0.368,0.374,8.6,9.7
2026-03-10 09:00:00,0.368,0.374,8,9.3
2026-03-10 10:00:00,0.368,0.374,7.3,8.6
2026-03-10 11:00:00,0.369,0.375,6.6,7.9
2026-03-10 12:00:00,0.369,0.375,5.9,7.3
2026-03-10 13:00:00,0.369,0.376,5.2,6.7
2026-03-10 14:00:00,0.37,0.376,4.7,6.1
2026-03-10 15:00:00,0.37,0.377,4.2,5.7
2026-03-10 16:00:00,0.37,0.377,3.9,5.3
2026-03-10 17:00:00,0.37,0.377,3.5,5
2026-03-10 18:00:00,0.37,0.377,3.3,4.8
2026-03-10 19:00:00,0.37,0.378,3,4.5
2026-03-10 20:00:00,0.37,0.378,2.8,4.3
2026-03-10 21:00:00,0.37,0.378,2.6,4.1
2026-03-10 22:00:00,0.37,0.378,2.5,3.9
2026-03-10 23:00:00,0.37,0.379,2.3,3.8
2026-03-11 00:00:00,0.37,0.379,2.3,3.7
2026-03-11 01:00:00,0.37,0.379,2.6,3.6
2026-03-11 02:00:00,0.368,0.379,3.9,4
2026-03-11 03:00:00,0.367,0.379,5.5,5
2026-03-11 04:00:00,0.366,0.378,6.9,6.3
2026-03-11 05:00:00,0.365,0.376,8.1,7.4
2026-03-11 06:00:00,0.364,0.375,8.7,8.3
2026-03-11 07:00:00,0.364,0.374,8.9,8.8
2026-03-11 08:00:00,0.364,0.374,8.8,9
2026-03-11 09:00:00,0.364,0.374,8.4,8.7
2026-03-11 10:00:00,0.364,0.374,7.8,8.2
2026-03-11 11:00:00,0.364,0.374,7.1,7.7
2026-03-11 12:00:00,0.365,0.375,6.5,7.2
2026-03-11 13:00:00,0.365,0.375,6,6.7
2026-03-11 14:00:00,0.365,0.375,5.4,6.3
2026-03-11 15:00:00,0.365,0.376,5,5.9
2026-03-11 16:00:00,0.366,0.376,4.6,5.6
2026-03-11 17:00:00,0.366,0.376,4.2,5.3
2026-03-11 18:00:00,0.366,0.377,3.9,5
2026-03-11 19:00:00,0.366,0.377,3.6,4.8
2026-03-11 20:00:00,0.366,0.377,3.4,4.6
2026-03-11 21:00:00,0.366,0.377,3.2,4.4
2026-03-11 22:00:00,0.366,0.377,3,4.2
2026-03-11 23:00:00,0.366,0.377,2.8,4.1
2026-03-12 00:00:00,0.366,0.377,3,4
2026-03-12 01:00:00,0.365,0.377,3.9,4.1
2026-03-12 02:00:00,0.364,0.377,5.2,4.8
2026-03-12 03:00:00,0.362,0.376,6.6,5.7
2026-03-12 04:00:00,0.361,0.375,7.8,6.8
2026-03-12 05:00:00,0.36,0.374,8.8,7.8
2026-03-12 06:00:00,0.36,0.373,9.5,8.6
2026-03-12 07:00:00,0.359,0.373,9.7,9.1
2026-03-12 08:00:00,0.359,0.372,9.6,9.3
2026-03-12 09:00:00,0.359,0.372,9.1,9.1
2026-03-12 10:00:00,0.359,0.372,8.5,8.7
2026-03-12 11:00:00,0.36,0.372,7.9,8.2
2026-03-12 12:00:00,0.36,0.371,7.3,7.7
2026-03-12 13:00:00,0.36,0.372,6.8,7.3
2026-03-12 14:00:00,0.36,0.372,6.2,6.9
2026-03-12 15:00:00,0.361,0.373,5.7,6.5
2026-03-12 16:00:00,0.361,0.373,5.3,6.1
2026-03-12 17:00:00,0.361,0.373,4.9,5.8
2026-03-12 18:00:00,0.361,0.373,4.5,5.5
2026-03-12 19:00:00,0.361,0.374,4.1,5.2
2026-03-12 20:00:00,0.361,0.374,3.8,4.9
2026-03-12 21:00:00,0.361,0.374,3.5,4.7
2026-03-12 22:00:00,0.362,0.374,3.3,4.5
2026-03-12 23:00:00,0.361,0.374,3.1,4.3
2026-03-13 00:00:00,0.361,0.374,3.4,4.2
2026-03-13 01:00:00,0.36,0.374,4.5,4.4
2026-03-13 02:00:00,0.359,0.374,6,5.1
2026-03-13 03:00:00,0.357,0.373,7.5,6.3
2026-03-13 04:00:00,0.356,0.372,8.9,7.8
2026-03-13 05:00:00,0.355,0.37,9.9,9.1
2026-03-13 06:00:00,0.354,0.369,10.7,10.1
2026-03-13 07:00:00,0.353,0.369,10.9,10.7
2026-03-13 08:00:00,0.353,0.368,10.8,10.9
2026-03-13 09:00:00,0.353,0.368,10.3,10.5
2026-03-13 10:00:00,0.354,0.369,9.6,9.9
2026-03-13 11:00:00,0.354,0.369,8.9,9.3
2026-03-13 12:00:00,0.354,0.369,8.2,8.7
2026-03-13 13:00:00,0.354,0.37,7.5,8.2
2026-03-13 14:00:00,0.355,0.37,6.9,7.7
2026-03-13 15:00:00,0.355,0.37,6.4,7.3
2026-03-13 16:00:00,0.355,0.371,5.9,6.8
2026-03-13 17:00:00,0.355,0.371,5.4,6.4
2026-03-13 18:00:00,0.355,0.371,5,6.1
2026-03-13 19:00:00,0.355,0.372,4.7,5.8
2026-03-13 20:00:00,0.355,0.372,4.3,5.5
2026-03-13 21:00:00,0.355,0.372,4,5.2
2026-03-13 22:00:00,0.356,0.372,3.8,5
2026-03-13 23:00:00,0.355,0.372,3.7,4.8
2026-03-14 00:00:00,0.355,0.372,4.2,4.7
2026-03-14 01:00:00,0.353,0.372,5.2,5
2026-03-14 02:00:00,0.352,0.371,6.6,5.8
2026-03-14 03:00:00,0.351,0.37,8.1,6.9
2026-03-14 04:00:00,0.349,0.369,9.5,8.3
2026-03-14 05:00:00,0.348,0.368,10.7,9.5
2026-03-14 06:00:00,0.347,0.367,11.3,10.4
2026-03-14 07:00:00,0.347,0.367,11.4,10.9
2026-03-14 08:00:00,0.346,0.366,11.2,10.9
2026-03-14 09:00:00,0.346,0.366,10.7,10.6
2026-03-14 10:00:00,0.346,0.367,9.9,10
2026-03-14 11:00:00,0.347,0.367,9.2,9.4
2026-03-14 12:00:00,0.347,0.367,8.5,8.9
2026-03-14 13:00:00,0.347,0.368,7.8,8.4
2026-03-14 14:00:00,0.348,0.368,7.2,7.9
2026-03-14 15:00:00,0.348,0.369,6.6,7.4
2026-03-14 16:00:00,0.348,0.369,6.2,7
2026-03-14 17:00:00,0.348,0.369,5.9,6.7
2026-03-14 18:00:00,0.348,0.369,5.7,6.4
2026-03-14 19:00:00,0.348,0.369,5.6,6.3
2026-03-14 20:00:00,0.348,0.369,5.5,6.1
2026-03-14 21:00:00,0.348,0.369,5.4,6
2026-03-14 22:00:00,0.348,0.369,5.4,6
2026-03-14 23:00:00,0.347,0.369,5.4,6
2026-03-15 00:00:00,0.347,0.369,5.6,6
2026-03-15 01:00:00,0.346,0.369,5.8,6.1
2026-03-15 02:00:00,0.346,0.369,6.2,6.3
2026-03-15 03:00:00,0.345,0.368,6.9,6.7
2026-03-15 04:00:00,0.344,0.368,8,7.4
2026-03-15 05:00:00,0.343,0.367,8.9,8.1
2026-03-15 06:00:00,0.342,0.367,9.5,8.6
2026-03-15 07:00:00,0.341,0.366,9.7,8.9
2026-03-15 08:00:00,0.341,0.366,9.6,8.9
2026-03-15 09:00:00,0.341,0.366,9.3,8.8
2026-03-15 10:00:00,0.341,0.366,8.9,8.6
2026-03-15 11:00:00,0.341,0.366,8.5,8.4
2026-03-15 12:00:00,0.341,0.366,8.1,8.1
2026-03-15 13:00:00,0.342,0.367,7.5,7.7
2026-03-15 14:00:00,0.342,0.367,7,7.4
2026-03-15 15:00:00,0.342,0.367,6.5,7
2026-03-15 16:00:00,0.342,0.367,6,6.6
2026-03-15 17:00:00,0.342,0.368,5.7,6.4
2026-03-15 18:00:00,0.342,0.368,5.4,6.1
2026-03-15 19:00:00,0.342,0.368,5.1,5.9
2026-03-15 20:00:00,0.343,0.368,4.7,5.6
2026-03-15 21:00:00,0.343,0.368,4.3,5.3
2026-03-15 22:00:00,0.343,0.368,4.1,5.1
2026-03-15 23:00:00,0.343,0.368,4,4.9
2026-03-16 00:00:00,0.342,0.368,4.4,4.9
2026-03-16 01:00:00,0.341,0.368,5.1,5.2
2026-03-16 02:00:00,0.34,0.368,6.3,5.8
2026-03-16 03:00:00,0.338,0.367,7.7,6.7
2026-03-16 04:00:00,0.337,0.366,8.8,7.7
2026-03-16 05:00:00,0.336,0.365,9.8,8.7
2026-03-16 06:00:00,0.335,0.364,10.4,9.5
2026-03-16 07:00:00,0.335,0.364,10.4,9.9
2026-03-16 08:00:00,0.334,0.364,10.3,9.8
2026-03-16 09:00:00,0.334,0.364,10,9.6
2026-03-16 10:00:00,0.334,0.364,9.6,9.4
2026-03-16 11:00:00,0.335,0.364,9,9
2026-03-16 12:00:00,0.335,0.364,8.3,8.5
2026-03-16 13:00:00,0.335,0.365,7.8,8.1
2026-03-16 14:00:00,0.335,0.365,7.3,7.7
2026-03-16 15:00:00,0.336,0.365,6.9,7.4
2026-03-16 16:00:00,0.336,0.365,6.5,7.1
2026-03-16 17:00:00,0.336,0.366,6.1,6.8
2026-03-16 18:00:00,0.336,0.366,5.8,6.5
2026-03-16 19:00:00,0.336,0.366,5.5,6.2
2026-03-16 20:00:00,0.336,0.366,5.2,6
2026-03-16 21:00:00,0.336,0.366,4.9,5.8
2026-03-16 22:00:00,0.336,0.366,4.6,5.5
2026-03-16 23:00:00,0.336,0.366,4.5,5.3
2026-03-17 00:00:00,0.336,0.366,4.9,5.3
2026-03-17 01:00:00,0.334,0.366,6,5.6
2026-03-17 02:00:00,0.333,0.365,7.6,6.4
2026-03-17 03:00:00,0.331,0.364,9.3,7.7
2026-03-17 04:00:00,0.329,0.363,10.9,9.1
2026-03-17 05:00:00,0.328,0.362,12.1,10.4
2026-03-17 06:00:00,0.327,0.361,12.9,11.5
2026-03-17 07:00:00,0.326,0.36,13.1,12.3
2026-03-17 08:00:00,0.326,0.36,12.8,12.5
2026-03-17 09:00:00,0.326,0.36,12.3,12.2
2026-03-17 10:00:00,0.326,0.36,11.6,11.7
2026-03-17 11:00:00,0.326,0.36,10.8,11.1
2026-03-17 12:00:00,0.327,0.36,10.1,10.5
2026-03-17 13:00:00,0.327,0.361,9.5,10
2026-03-17 14:00:00,0.327,0.361,9.1,9.5
2026-03-17 15:00:00,0.327,0.361,8.8,9.2
2026-03-17 16:00:00,0.327,0.361,8.6,8.9
2026-03-17 17:00:00,0.328,0.361,8.5,8.8
2026-03-17 18:00:00,0.328,0.362,8.5,8.7
2026-03-17 19:00:00,0.327,0.362,8.5,8.6
2026-03-17 20:00:00,0.365,0.37,8.5,8.6
2026-03-17 21:00:00,0.38,0.379,8.5,8.6
2026-03-17 22:00:00,0.383,0.379,8.5,8.6
2026-03-17 23:00:00,0.385,0.379,8.6,8.6
2026-03-18 00:00:00,0.385,0.38,8.7,8.7
2026-03-18 01:00:00,0.385,0.38,8.9,8.8
2026-03-18 02:00:00,0.385,0.38,9.2,9
2026-03-18 03:00:00,0.385,0.381,9.4,9.2
2026-03-18 04:00:00,0.385,0.381,9.5,9.3
2026-03-18 05:00:00,0.386,0.381,9.4,9.3
2026-03-18 06:00:00,0.386,0.382,9.3,9.2
2026-03-18 07:00:00,0.386,0.383,9.2,9.1
2026-03-18 08:00:00,0.386,0.384,9.1,9
2026-03-18 09:00:00,0.387,0.385,8.9,9
2026-03-18 10:00:00,0.386,0.386,8.7,8.8
2026-03-18 11:00:00,0.384,0.388,8.4,8.6
2026-03-18 12:00:00,0.381,0.389,8.2,8.4
2026-03-18 13:00:00,0.381,0.39,7.9,8.1
2026-03-18 14:00:00,0.38,0.391,7.5,7.9
2026-03-18 15:00:00,0.38,0.392,7.1,7.6
2026-03-18 16:00:00,0.377,0.393,6.6,7.2
2026-03-18 17:00:00,0.377,0.394,6.2,6.9
2026-03-18 18:00:00,0.377,0.395,5.9,6.6
2026-03-18 19:00:00,0.376,0.396,5.6,6.3
2026-03-18 20:00:00,0.376,0.397,5.2,6
2026-03-18 21:00:00,0.376,0.397,4.9,5.7
2026-03-18 22:00:00,0.376,0.398,4.6,5.5
2026-03-18 23:00:00,0.376,0.399,4.5,5.3
2026-03-19 00:00:00,0.376,0.399,5.1,5.2
2026-03-19 01:00:00,0.375,0.399,6.2,5.6
2026-03-19 02:00:00,0.374,0.398,7.6,6.4
2026-03-19 03:00:00,0.373,0.397,9,7.7
2026-03-19 04:00:00,0.373,0.395,10.3,9.1
2026-03-19 05:00:00,0.372,0.394,11.3,10.4
2026-03-19 06:00:00,0.371,0.392,11.9,11.3
2026-03-19 07:00:00,0.371,0.391,12,11.9
2026-03-19 08:00:00,0.371,0.391,11.6,12.1
2026-03-19 09:00:00,0.37,0.391,10.9,11.8
2026-03-19 10:00:00,0.369,0.392,10,11.1
2026-03-19 11:00:00,0.369,0.393,9.2,10.3
2026-03-19 12:00:00,0.37,0.394,8.4,9.5
2026-03-19 13:00:00,0.37,0.395,7.7,8.9
2026-03-19 14:00:00,0.37,0.396,7.2,8.3
2026-03-19 15:00:00,0.371,0.397,6.6,7.8
2026-03-19 16:00:00,0.371,0.397,6.2,7.4
2026-03-19 17:00:00,0.371,0.398,5.9,7
2026-03-19 18:00:00,0.371,0.398,5.5,6.6
2026-03-19 19:00:00,0.371,0.399,5.2,6.4
2026-03-19 20:00:00,0.371,0.399,5,6.1
2026-03-19 21:00:00,0.371,0.399,4.8,5.9
2026-03-19 22:00:00,0.371,0.4,4.6,5.7
2026-03-19 23:00:00,0.371,0.4,4.5,5.5
2026-03-20 00:00:00,0.371,0.4,5.1,5.5
2026-03-20 01:00:00,0.37,0.4,6.4,5.9
2026-03-20 02:00:00,0.369,0.399,7.9,6.7
2026-03-20 03:00:00,0.368,0.398,9.2,7.8
2026-03-20 04:00:00,0.367,0.396,10.2,9
2026-03-20 05:00:00,0.366,0.395,10.9,10
2026-03-20 06:00:00,0.366,0.38,11.4,10.9
2026-03-20 07:00:00,0.365,0.373,11.6,11.5
2026-03-20 08:00:00,0.365,0.372,11.5,11.8
2026-03-20 09:00:00,0.365,0.372,11,11.6
2026-03-20 10:00:00,0.365,0.372,10.4,11.1
2026-03-20 11:00:00,0.365,0.372,9.7,10.4
2026-03-20 12:00:00,0.366,0.372,9.1,9.8
2026-03-20 13:00:00,0.366,0.373,8.5,9.3
2026-03-20 14:00:00,0.366,0.374,7.9,8.8
2026-03-20 15:00:00,0.366,0.374,7.4,8.3
2026-03-20 16:00:00,0.367,0.374,6.9,7.8
2026-03-20 17:00:00,0.367,0.375,6.4,7.4
2026-03-20 18:00:00,0.367,0.375,6.1,7.1
2026-03-20 19:00:00,0.367,0.375,5.9,6.8
2026-03-20 20:00:00,0.367,0.375,5.7,6.6
2026-03-20 21:00:00,0.367,0.375,5.5,6.4
2026-03-20 22:00:00,0.367,0.375,5.4,6.2
2026-03-20 23:00:00,0.367,0.375,5.4,6.2
2026-03-21 00:00:00,0.367,0.375,5.8,6.3
2026-03-21 01:00:00,0.366,0.375,6.7,6.7
2026-03-21 02:00:00,0.365,0.374,8.3,7.6
2026-03-21 03:00:00,0.363,0.373,9.9,9
2026-03-21 04:00:00,0.362,0.372,11.4,10.5
2026-03-21 05:00:00,0.361,0.371,12.5,11.8
2026-03-21 06:00:00,0.36,0.37,13.2,12.8
2026-03-21 07:00:00,0.36,0.369,13.3,13.5
2026-03-21 08:00:00,0.36,0.368,12.9,13.7
2026-03-21 09:00:00,0.36,0.367,12.3,13.2
2026-03-21 10:00:00,0.36,0.367,11.5,12.4
2026-03-21 11:00:00,0.36,0.367,10.6,11.6
2026-03-21 12:00:00,0.361,0.368,9.8,10.8
2026-03-21 13:00:00,0.361,0.369,9,10
2026-03-21 14:00:00,0.361,0.369,8.4,9.4
2026-03-21 15:00:00,0.362,0.369,7.8,8.8
2026-03-21 16:00:00,0.362,0.37,7.4,8.4
2026-03-21 17:00:00,0.362,0.37,7.1,8
2026-03-21 18:00:00,0.362,0.37,6.8,7.7
2026-03-21 19:00:00,0.362,0.37,6.6,7.5
2026-03-21 20:00:00,0.362,0.37,6.4,7.2
2026-03-21 21:00:00,0.362,0.37,6.2,7
2026-03-21 22:00:00,0.362,0.371,5.9,6.8
2026-03-21 23:00:00,0.362,0.371,5.9,6.7
2026-03-22 00:00:00,0.362,0.371,6.3,6.8
2026-03-22 01:00:00,0.361,0.37,7,7.2
2026-03-22 02:00:00,0.36,0.37,7.7,7.7
2026-03-22 03:00:00,0.359,0.369,8.7,8.4
2026-03-22 04:00:00,0.357,0.368,10.2,9.7
2026-03-22 05:00:00,0.356,0.367,11.7,11.2
2026-03-22 06:00:00,0.355,0.366,12.7,12.4
2026-03-22 07:00:00,0.354,0.365,13.2,13.3
2026-03-22 08:00:00,0.354,0.364,13.1,13.6
2026-03-22 09:00:00,0.354,0.364,12.6,13.3
2026-03-22 10:00:00,0.354,0.365,11.8,12.5
2026-03-22 11:00:00,0.354,0.365,11,11.7
2026-03-22 12:00:00,0.354,0.366,10.3,11
2026-03-22 13:00:00,0.354,0.366,9.6,10.3
2026-03-22 14:00:00,0.355,0.367,8.9,9.7
2026-03-22 15:00:00,0.355,0.367,8.4,9.2
2026-03-22 16:00:00,0.355,0.367,7.9,8.7
2026-03-22 17:00:00,0.355,0.368,7.4,8.2
2026-03-22 18:00:00,0.355,0.368,6.9,7.8
2026-03-22 19:00:00,0.355,0.368,6.5,7.4
2026-03-22 20:00:00,0.355,0.368,6.1,7.1
2026-03-22 21:00:00,0.356,0.368,5.7,6.7
2026-03-22 22:00:00,0.356,0.368,5.4,6.4
2026-03-22 23:00:00,0.355,0.368,5.4,6.2
2026-03-23 00:00:00,0.355,0.368,6.1,6.3
2026-03-23 01:00:00,0.353,0.368,7.3,6.7
2026-03-23 02:00:00,0.351,0.367,8.8,7.5
2026-03-23 03:00:00,0.35,0.366,10.4,8.8
2026-03-23 04:00:00,0.348,0.365,11.9,10.3
2026-03-23 05:00:00,0.346,0.364,12.9,11.6
2026-03-23 06:00:00,0.345,0.363,13.5,12.6
2026-03-23 07:00:00,0.344,0.362,13.9,13.4
2026-03-23 08:00:00,0.343,0.361,13.7,13.7
2026-03-23 09:00:00,0.343,0.361,13.3,13.4
2026-03-23 10:00:00,0.343,0.362,12.5,12.8
2026-03-23 11:00:00,0.343,0.362,11.8,12
2026-03-23 12:00:00,0.343,0.362,11,11.4
2026-03-23 13:00:00,0.343,0.362,10.3,10.7
2026-03-23 14:00:00,0.343,0.363,9.7,10.2
2026-03-23 15:00:00,0.344,0.363,9.2,9.7
2026-03-23 16:00:00,0.343,0.363,8.7,9.2
2026-03-23 17:00:00,0.344,0.364,8.2,8.8
2026-03-23 18:00:00,0.344,0.364,7.8,8.4
2026-03-23 19:00:00,0.344,0.364,7.4,8.1
2026-03-23 20:00:00,0.344,0.364,7,7.7
2026-03-23 21:00:00,0.344,0.364,6.8,7.5
2026-03-23 22:00:00,0.344,0.364,6.6,7.3
2026-03-23 23:00:00,0.343,0.364,6.6,7.2
2026-03-24 00:00:00,0.342,0.364,7.3,7.3
2026-03-24 01:00:00,0.341,0.363,8.4,7.9
2026-03-24 02:00:00,0.339,0.362,9.9,8.8
2026-03-24 03:00:00,0.337,0.361,11.4,10.2
2026-03-24 04:00:00,0.335,0.36,12.8,11.5
2026-03-24 05:00:00,0.333,0.359,13.7,12.5
2026-03-24 06:00:00,0.332,0.358,14.2,13.1
2026-03-24 07:00:00,0.331,0.358,14.5,13.4
2026-03-24 08:00:00,0.331,0.358,14.2,13.3
2026-03-24 09:00:00,0.33,0.358,13.8,13
2026-03-24 10:00:00,0.33,0.358,13.3,12.6
2026-03-24 11:00:00,0.331,0.358,12.8,12.2
2026-03-24 12:00:00,0.331,0.358,12.4,11.9
2026-03-24 13:00:00,0.331,0.358,12,11.6
2026-03-24 14:00:00,0.331,0.358,11.7,11.4
2026-03-24 15:00:00,0.331,0.358,11.5,11.1
2026-03-24 16:00:00,0.331,0.358,11.2,10.9
2026-03-24 17:00:00,0.331,0.358,11,10.8
2026-03-24 18:00:00,0.331,0.358,10.8,10.6
2026-03-24 19:00:00,0.331,0.358,10.6,10.5
2026-03-24 20:00:00,0.331,0.358,10.5,10.4
2026-03-24 21:00:00,0.331,0.358,10.3,10.2
2026-03-24 22:00:00,0.331,0.358,10.2,10.1
2026-03-24 23:00:00,0.331,0.358,10.2,10.1
2026-03-25 00:00:00,0.33,0.358,10.3,10.1
2026-03-25 01:00:00,0.33,0.357,10.6,10.3
2026-03-25 02:00:00,0.33,0.357,10.9,10.5
2026-03-25 03:00:00,0.329,0.357,11.4,10.8
2026-03-25 04:00:00,0.328,0.356,12.4,11.6
2026-03-25 05:00:00,0.326,0.355,13.6,12.9
2026-03-25 06:00:00,0.325,0.355,14.5,14
2026-03-25 07:00:00,0.324,0.354,14.9,14.7
2026-03-25 08:00:00,0.323,0.354,14.8,14.9
2026-03-25 09:00:00,0.323,0.353,14.4,14.7
2026-03-25 10:00:00,0.323,0.354,13.8,14.1
2026-03-25 11:00:00,0.324,0.354,13.1,13.5
2026-03-25 12:00:00,0.324,0.354,12.5,12.8
2026-03-25 13:00:00,0.324,0.354,12,12.3
2026-03-25 14:00:00,0.325,0.354,11.5,11.8
2026-03-25 15:00:00,0.325,0.355,10.9,11.3
2026-03-25 16:00:00,0.325,0.355,10.4,10.9
2026-03-25 17:00:00,0.325,0.355,9.9,10.4
2026-03-25 18:00:00,0.325,0.355,9.5,10
2026-03-25 19:00:00,0.326,0.355,9.1,9.7
2026-03-25 20:00:00,0.325,0.355,9,9.4
2026-03-25 21:00:00,0.325,0.355,8.9,9.3
2026-03-25 22:00:00,0.325,0.355,8.8,9.2
2026-03-25 23:00:00,0.325,0.355,8.7,9.1
2026-03-26 00:00:00,0.325,0.355,9.2,9.2
2026-03-26 01:00:00,0.323,0.355,10.2,9.6
2026-03-26 02:00:00,0.322,0.354,11.6,10.4
2026-03-26 03:00:00,0.32,0.353,13.1,11.6
2026-03-26 04:00:00,0.318,0.352,14.4,12.8
2026-03-26 05:00:00,0.316,0.351,15.4,14.2
2026-03-26 06:00:00,0.315,0.35,16,15.2
2026-03-26 07:00:00,0.314,0.349,16.1,15.8
2026-03-26 08:00:00,0.313,0.349,15.8,16
2026-03-26 09:00:00,0.313,0.349,15.2,15.6
2026-03-26 10:00:00,0.313,0.349,14.4,14.9
2026-03-26 11:00:00,0.314,0.35,13.6,14
2026-03-26 12:00:00,0.314,0.35,12.9,13.3
2026-03-26 13:00:00,0.314,0.35,12.3,12.7
2026-03-26 14:00:00,0.315,0.35,11.8,12.2
2026-03-26 15:00:00,0.315,0.351,11.3,11.7
2026-03-26 16:00:00,0.315,0.351,10.8,11.2
2026-03-26 17:00:00,0.316,0.351,10.3,10.8
2026-03-26 18:00:00,0.316,0.351,9.9,10.4
2026-03-26 19:00:00,0.316,0.351,9.6,10.1
2026-03-26 20:00:00,0.316,0.351,9.2,9.8
2026-03-26 21:00:00,0.316,0.351,8.9,9.5
2026-03-26 22:00:00,0.316,0.351,8.6,9.2
2026-03-26 23:00:00,0.316,0.351,8.6,9
2026-03-27 00:00:00,0.316,0.351,9.1,9.1
2026-03-27 01:00:00,0.314,0.351,10.1,9.6
2026-03-27 02:00:00,0.312,0.35,11.6,10.4
2026-03-27 03:00:00,0.31,0.349,13.1,11.7
2026-03-27 04:00:00,0.308,0.348,14.4,13
2026-03-27 05:00:00,0.306,0.347,15.4,14.2
2026-03-27 06:00:00,0.305,0.346,16,15.1
2026-03-27 07:00:00,0.304,0.346,16.2,15.7
2026-03-27 08:00:00,0.303,0.345,15.9,15.9
2026-03-27 09:00:00,0.303,0.345,15.4,15.6
2026-03-27 10:00:00,0.304,0.345,14.7,15
2026-03-27 11:00:00,0.304,0.345,14,14.3
2026-03-27 12:00:00,0.305,0.346,13.4,13.6
2026-03-27 13:00:00,0.305,0.346,12.8,13.1
2026-03-27 14:00:00,0.305,0.346,12.3,12.6
2026-03-27 15:00:00,0.306,0.346,11.8,12.1
2026-03-27 16:00:00,0.306,0.346,11.6,11.8
2026-03-27 17:00:00,0.306,0.346,11.5,11.6
2026-03-27 18:00:00,0.306,0.346,11.4,11.5
2026-03-27 19:00:00,0.306,0.346,11.3,11.4
2026-03-27 20:00:00,0.306,0.346,11.1,11.3
2026-03-27 21:00:00,0.306,0.346,10.9,11
2026-03-27 22:00:00,0.306,0.346,10.5,10.8
2026-03-27 23:00:00,0.306,0.347,10.3,10.5
2026-03-28 00:00:00,0.306,0.346,10.6,10.5
2026-03-28 01:00:00,0.304,0.346,11.5,10.8
2026-03-28 02:00:00,0.303,0.345,12.9,11.5
2026-03-28 03:00:00,0.301,0.345,14.4,12.8
2026-03-28 04:00:00,0.299,0.343,15.7,14.2
2026-03-28 05:00:00,0.298,0.342,16.7,15.5
2026-03-28 06:00:00,0.298,0.342,17.1,16.6
2026-03-28 07:00:00,0.298,0.341,17,17.1
2026-03-28 08:00:00,0.298,0.341,16.6,17
2026-03-28 09:00:00,0.298,0.341,15.9,16.5
2026-03-28 10:00:00,0.299,0.341,15.1,15.8
2026-03-28 11:00:00,0.299,0.341,14.3,15
2026-03-28 12:00:00,0.3,0.342,13.5,14.2
2026-03-28 13:00:00,0.3,0.342,12.8,13.4
2026-03-28 14:00:00,0.301,0.343,12.1,12.8
2026-03-28 15:00:00,0.301,0.343,11.4,12.1
2026-03-28 16:00:00,0.302,0.343,10.9,11.6
2026-03-28 17:00:00,0.302,0.343,10.4,11.1
2026-03-28 18:00:00,0.302,0.343,10.1,10.8
2026-03-28 19:00:00,0.302,0.344,9.7,10.5
2026-03-28 20:00:00,0.303,0.344,9.4,10.2
2026-03-28 21:00:00,0.303,0.344,9.1,9.9
2026-03-28 22:00:00,0.303,0.344,8.8,9.6
2026-03-28 23:00:00,0.303,0.344,8.9,9.5
2026-03-29 00:00:00,0.302,0.344,9.4,9.6
2026-03-29 01:00:00,0.301,0.343,10.5,10
2026-03-29 02:00:00,0.3,0.343,12,11
2026-03-29 03:00:00,0.299,0.342,13.6,12.4
2026-03-29 04:00:00,0.297,0.34,15.1,13.9
2026-03-29 05:00:00,0.296,0.339,16.5,15.4
2026-03-29 06:00:00,0.295,0.339,17.2,16.4
2026-03-29 07:00:00,0.294,0.338,17.3,16.6
2026-03-29 08:00:00,0.294,0.338,17.1,16.5
2026-03-29 09:00:00,0.294,0.338,16.7,16.2
2026-03-29 10:00:00,0.294,0.338,16.2,15.8
2026-03-29 11:00:00,0.294,0.338,15.5,15.3
2026-03-29 12:00:00,0.295,0.339,14.9,14.8
2026-03-29 13:00:00,0.295,0.339,14.3,14.2
2026-03-29 14:00:00,0.295,0.339,13.6,13.7
2026-03-29 15:00:00,0.296,0.339,13.1,13.2
2026-03-29 16:00:00,0.296,0.34,12.6,12.8
2026-03-29 17:00:00,0.296,0.34,12.3,12.5
2026-03-29 18:00:00,0.297,0.34,12,12.2
2026-03-29 19:00:00,0.297,0.34,11.7,12
2026-03-29 20:00:00,0.297,0.34,11.5,11.8
2026-03-29 21:00:00,0.297,0.34,11.3,11.6
2026-03-29 22:00:00,0.297,0.34,11.1,11.4
2026-03-29 23:00:00,0.297,0.34,11.2,11.4
2026-03-30 00:00:00,0.297,0.34,11.5,11.5
2026-03-30 01:00:00,0.296,0.34,12,11.8
2026-03-30 02:00:00,0.296,0.339,12.7,12.3
2026-03-30 03:00:00,0.295,0.339,13.2,12.8
2026-03-30 04:00:00,0.295,0.339,13.5,13.1
2026-03-30 05:00:00,0.295,0.338,13.7,13.3
2026-03-30 06:00:00,0.295,0.338,13.7,13.4
2026-03-30 07:00:00,0.295,0.338,13.7,13.4
2026-03-30 08:00:00,0.295,0.339,13.7,13.4
2026-03-30 09:00:00,0.309,0.339,13.6,13.4
2026-03-30 10:00:00,0.327,0.341,13.4,13.3
2026-03-30 11:00:00,0.365,0.356,13.3,13.2
2026-03-30 12:00:00,0.382,0.379,13.1,13.1
2026-03-30 13:00:00,0.383,0.384,13,12.9
2026-03-30 14:00:00,0.384,0.386,12.9,12.8
2026-03-30 15:00:00,0.385,0.386,12.7,12.7
2026-03-30 16:00:00,0.385,0.387,12.6,12.6
2026-03-30 17:00:00,0.385,0.387,12.5,12.5
2026-03-30 18:00:00,0.386,0.388,12.5,12.4
2026-03-30 19:00:00,0.386,0.388,12.3,12.3
2026-03-30 20:00:00,0.386,0.389,12.2,12.2
2026-03-30 21:00:00,0.387,0.39,12,12
2026-03-30 22:00:00,0.386,0.39,11.9,11.9
2026-03-30 23:00:00,0.385,0.391,12,11.8
2026-03-31 00:00:00,0.383,0.391,12.4,12
2026-03-31 01:00:00,0.381,0.392,13,12.4
2026-03-31 02:00:00,0.379,0.391,13.7,13.3
2026-03-31 03:00:00,0.378,0.39,14.9,14.7
2026-03-31 04:00:00,0.376,0.389,16.2,16.7
2026-03-31 05:00:00,0.375,0.388,17.2,18.2
2026-03-31 06:00:00,0.374,0.387,17.4,18.8
2026-03-31 07:00:00,0.372,0.387,17.2,18.4
2026-03-31 08:00:00,0.371,0.388,16.8,17.8
2026-03-31 09:00:00,0.37,0.388,16.2,17.1
2026-03-31 10:00:00,0.368,0.389,15.6,16.4
2026-03-31 11:00:00,0.365,0.39,15,15.7
2026-03-31 12:00:00,0.365,0.391,14.6,15.2
2026-03-31 13:00:00,0.365,0.391,14.2,14.7
2026-03-31 14:00:00,0.365,0.392,13.9,14.3
2026-03-31 15:00:00,0.365,0.392,13.5,14
2026-03-31 16:00:00,0.365,0.393,13.2,13.6
2026-03-31 17:00:00,0.365,0.393,12.9,13.3
2026-03-31 18:00:00,0.365,0.393,12.7,13.1
2026-03-31 19:00:00,0.365,0.394,12.6,13
2026-03-31 20:00:00,0.365,0.394,12.4,12.8
2026-03-31 21:00:00,0.365,0.394,12.2,12.6
2026-03-31 22:00:00,0.365,0.394,12.2,12.5
2026-03-31 23:00:00,0.365,0.394,12.3,12.5
2026-04-01 00:00:00,0.365,0.394,12.6,12.6
2026-04-01 01:00:00,0.364,0.394,13.1,12.9
2026-04-01 02:00:00,0.364,0.394,13.6,13.2
2026-04-01 03:00:00,0.363,0.393,14.2,13.6
2026-04-01 04:00:00,0.363,0.392,14.7,14
2026-04-01 05:00:00,0.363,0.392,14.9,14.3
2026-04-01 06:00:00,0.363,0.392,15,14.5
2026-04-01 07:00:00,0.363,0.391,15.1,14.6
2026-04-01 08:00:00,0.362,0.391,14.9,14.6
2026-04-01 09:00:00,0.363,0.391,14.6,14.4
2026-04-01 10:00:00,0.363,0.392,14.1,14
2026-04-01 11:00:00,0.363,0.392,13.6,13.6
2026-04-01 12:00:00,0.363,0.392,13.1,13.2
2026-04-01 13:00:00,0.363,0.393,12.6,12.8
2026-04-01 14:00:00,0.363,0.393,12.1,12.4
2026-04-01 15:00:00,0.363,0.393,11.6,12
2026-04-01 16:00:00,0.364,0.394,11.1,11.6
2026-04-01 17:00:00,0.364,0.394,10.6,11.3
2026-04-01 18:00:00,0.364,0.394,10.2,10.9
2026-04-01 19:00:00,0.364,0.395,9.8,10.5
2026-04-01 20:00:00,0.364,0.395,9.4,10.2
2026-04-01 21:00:00,0.364,0.395,9.1,9.9
2026-04-01 22:00:00,0.364,0.396,8.8,9.6
2026-04-01 23:00:00,0.364,0.396,8.8,9.5
2026-04-02 00:00:00,0.364,0.396,9.5,9.6
2026-04-02 01:00:00,0.363,0.396,10.8,10.1
2026-04-02 02:00:00,0.362,0.395,12.3,11
2026-04-02 03:00:00,0.361,0.393,13.7,12.2
2026-04-02 04:00:00,0.361,0.392,14.8,13.5
2026-04-02 05:00:00,0.36,0.39,15.6,14.5
2026-04-02 06:00:00,0.359,0.388,16.1,15.5
2026-04-02 07:00:00,0.359,0.387,16.3,16.2
2026-04-02 08:00:00,0.359,0.386,16.1,16.4
2026-04-02 09:00:00,0.359,0.387,15.6,16
2026-04-02 10:00:00,0.359,0.387,15,15.4
2026-04-02 11:00:00,0.36,0.388,14.3,14.8
2026-04-02 12:00:00,0.36,0.389,13.7,14.2
2026-04-02 13:00:00,0.36,0.389,13.1,13.6
2026-04-02 14:00:00,0.36,0.39,12.6,13.2
2026-04-02 15:00:00,0.36,0.39,12.3,12.8
2026-04-02 16:00:00,0.36,0.391,12.1,12.5
2026-04-02 17:00:00,0.36,0.391,12,12.3
2026-04-02 18:00:00,0.36,0.391,11.8,12.2
2026-04-02 19:00:00,0.36,0.391,11.6,12
2026-04-02 20:00:00,0.36,0.392,11.4,11.8
2026-04-02 21:00:00,0.36,0.392,11.2,11.6
2026-04-02 22:00:00,0.36,0.392,11,11.4
2026-04-02 23:00:00,0.36,0.392,11,11.3
2026-04-03 00:00:00,0.36,0.392,11.4,11.4
2026-04-03 01:00:00,0.359,0.392,12.2,11.9
2026-04-03 02:00:00,0.358,0.391,13.5,12.7
2026-04-03 03:00:00,0.357,0.39,14.9,13.9
2026-04-03 04:00:00,0.357,0.388,16.1,14.9
2026-04-03 05:00:00,0.356,0.387,17,15.6
2026-04-03 06:00:00,0.355,0.386,17.6,16.3
2026-04-03 07:00:00,0.355,0.385,17.5,16.3
2026-04-03 08:00:00,0.355,0.386,17,16
2026-04-03 09:00:00,0.355,0.386,16.5,15.5
2026-04-03 10:00:00,0.355,0.387,15.9,15.1
2026-04-03 11:00:00,0.356,0.387,15.4,14.8
2026-04-03 12:00:00,0.356,0.388,15.1,14.5
2026-04-03 13:00:00,0.356,0.389,14.8,14.3
2026-04-03 14:00:00,0.357,0.39,14.5,14.1
2026-04-03 15:00:00,0.375,0.391,14.2,13.9
2026-04-03 16:00:00,0.382,0.392,13.9,13.7
2026-04-03 17:00:00,0.383,0.392,13.7,13.5
2026-04-03 18:00:00,0.384,0.393,13.5,13.4
2026-04-03 19:00:00,0.384,0.393,13.4,13.3
2026-04-03 20:00:00,0.385,0.393,13.3,13.2
2026-04-03 21:00:00,0.386,0.393,13.2,13.1
2026-04-03 22:00:00,0.387,0.394,13.1,13
2026-04-03 23:00:00,0.388,0.394,13,13
2026-04-04 00:00:00,0.388,0.394,13.2,13
2026-04-04 01:00:00,0.388,0.394,13.7,13.3
2026-04-04 02:00:00,0.387,0.393,14.6,13.9
2026-04-04 03:00:00,0.386,0.392,15.4,14.7
2026-04-04 04:00:00,0.384,0.392,15.9,15.4
2026-04-04 05:00:00,0.382,0.391,15.9,15.7
2026-04-04 06:00:00,0.381,0.391,15.9,15.8
2026-04-04 07:00:00,0.38,0.391,15.7,15.9
2026-04-04 08:00:00,0.38,0.391,15.2,15.6
2026-04-04 09:00:00,0.381,0.392,14.7,15.2
2026-04-04 10:00:00,0.381,0.392,14.2,14.8
2026-04-04 11:00:00,0.382,0.393,13.8,14.4
2026-04-04 12:00:00,0.382,0.393,13.4,14
2026-04-04 13:00:00,0.382,0.393,13.1,13.6
2026-04-04 14:00:00,0.382,0.394,12.8,13.2
2026-04-04 15:00:00,0.383,0.394,12.4,12.9
2026-04-04 16:00:00,0.383,0.394,12.1,12.5
2026-04-04 17:00:00,0.383,0.395,11.8,12.2
2026-04-04 18:00:00,0.383,0.395,11.6,11.9
2026-04-04 19:00:00,0.383,0.395,11.3,11.7
2026-04-04 20:00:00,0.383,0.395,11.1,11.5
2026-04-04 21:00:00,0.384,0.396,10.9,11.2
2026-04-04 22:00:00,0.384,0.396,10.7,11
2026-04-04 23:00:00,0.384,0.396,10.9,10.9
2026-04-05 00:00:00,0.383,0.396,11.4,11
2026-04-05 01:00:00,0.383,0.395,12.3,11.5
2026-04-05 02:00:00,0.382,0.395,13.7,12.4
2026-04-05 03:00:00,0.38,0.393,15.3,13.9
2026-04-05 04:00:00,0.379,0.391,16.5,15.4
2026-04-05 05:00:00,0.378,0.389,17.3,16.8
2026-04-05 06:00:00,0.378,0.387,17.8,18
2026-04-05 07:00:00,0.377,0.385,17.8,18.9
2026-04-05 08:00:00,0.377,0.384,17.3,19.1
2026-04-05 09:00:00,0.376,0.384,16.7,18.6
2026-04-05 10:00:00,0.376,0.385,16,17.8
2026-04-05 11:00:00,0.377,0.386,15.2,16.8
2026-04-05 12:00:00,0.378,0.387,14.6,16
2026-04-05 13:00:00,0.379,0.388,14.1,15.3
2026-04-05 14:00:00,0.381,0.388,13.8,14.8
2026-04-05 15:00:00,0.381,0.389,13.6,14.4
2026-04-05 16:00:00,0.38,0.389,13.5,14.2
2026-04-05 17:00:00,0.378,0.389,13.4,14
2026-04-05 18:00:00,0.377,0.389,13.3,13.8
2026-04-05 19:00:00,0.378,0.39,13.2,13.7
2026-04-05 20:00:00,0.379,0.39,13.2,13.6
2026-04-05 21:00:00,0.38,0.39,13.1,13.5
2026-04-05 22:00:00,0.379,0.39,13.1,13.4
2026-04-05 23:00:00,0.381,0.39,13.2,13.4
2026-04-06 00:00:00,0.38,0.39,13.7,13.7
2026-04-06 01:00:00,0.379,0.389,14.3,14.1
2026-04-06 02:00:00,0.378,0.388,14.8,14.6
2026-04-06 03:00:00,0.379,0.388,15.1,15
2026-04-06 04:00:00,0.38,0.387,15.4,15.2
2026-04-06 05:00:00,0.379,0.387,15.5,15.5
2026-04-06 06:00:00,0.382,0.387,15.4,15.5
2026-04-06 07:00:00,0.382,0.387,15.3,15.4
2026-04-06 08:00:00,0.381,0.387,15.1,15.3
2026-04-06 09:00:00,0.377,0.387,14.8,15.1
2026-04-06 10:00:00,0.376,0.387,14.4,14.8
2026-04-06 11:00:00,0.376,0.388,13.8,14.3
2026-04-06 12:00:00,0.376,0.389,13.2,13.7
2026-04-06 13:00:00,0.377,0.389,12.6,13.2
2026-04-06 14:00:00,0.377,0.39,12.2,12.7
2026-04-06 15:00:00,0.377,0.391,11.7,12.2
2026-04-06 16:00:00,0.377,0.391,11.2,11.7
2026-04-06 17:00:00,0.378,0.392,10.7,11.3
2026-04-06 18:00:00,0.378,0.393,10.3,10.8
2026-04-06 19:00:00,0.378,0.393,9.8,10.3
2026-04-06 20:00:00,0.378,0.394,9.4,9.9
2026-04-06 21:00:00,0.379,0.395,9,9.5
2026-04-06 22:00:00,0.379,0.395,8.7,9
2026-04-06 23:00:00,0.379,0.396,8.9,8.8
2026-04-07 00:00:00,0.378,0.396,9.6,8.8
2026-04-07 01:00:00,0.378,0.395,10.5,9.5
2026-04-07 02:00:00,0.377,0.394,11.5,10.9
2026-04-07 03:00:00,0.376,0.392,12.5,12.4
2026-04-07 04:00:00,0.375,0.389,13.3,13.9
2026-04-07 05:00:00,0.373,0.387,13.8,15
2026-04-07 06:00:00,0.371,0.384,14,15.9
2026-04-07 07:00:00,0.37,0.383,14,16.5
2026-04-07 08:00:00,0.37,0.382,13.6,16.6
2026-04-07 09:00:00,0.371,0.383,12.9,16.1
2026-04-07 10:00:00,0.371,0.384,12.1,15.1
2026-04-07 11:00:00,0.371,0.386,11.4,14.1
2026-04-07 12:00:00,0.37,0.388,10.7,13.1
2026-04-07 13:00:00,0.371,0.389,10.2,12.3
2026-04-07 14:00:00,0.371,0.39,9.6,11.6
2026-04-07 15:00:00,0.371,0.391,9.1,11
2026-04-07 16:00:00,0.371,0.392,8.7,10.5
2026-04-07 17:00:00,0.371,0.393,8.3,10
2026-04-07 18:00:00,0.371,0.393,7.9,9.6
2026-04-07 19:00:00,0.371,0.394,7.5,9.2
2026-04-07 20:00:00,0.372,0.394,7.2,8.8
2026-04-07 21:00:00,0.372,0.395,6.9,8.5
2026-04-07 22:00:00,0.372,0.395,6.6,8.2
2026-04-07 23:00:00,0.371,0.396,6.9,8
2026-04-08 00:00:00,0.371,0.396,7.8,8
2026-04-08 01:00:00,0.37,0.395,9.3,8.5
2026-04-08 02:00:00,0.368,0.394,11,9.6
2026-04-08 03:00:00,0.367,0.392,12.8,11.1
2026-04-08 04:00:00,0.366,0.389,14.5,12.8
2026-04-08 05:00:00,0.365,0.385,16,14.4
2026-04-08 06:00:00,0.364,0.382,16.9,15.8
2026-04-08 07:00:00,0.364,0.38,17.1,16.6
2026-04-08 08:00:00,0.364,0.38,16.6,16.8
2026-04-08 09:00:00,0.364,0.38,15.8,16.4
2026-04-08 10:00:00,0.364,0.381,15,15.6
2026-04-08 11:00:00,0.365,0.383,14.1,14.8
2026-04-08 12:00:00,0.365,0.384,13.4,14.1
2026-04-08 13:00:00,0.365,0.385,12.8,13.5
2026-04-08 14:00:00,0.366,0.386,12.3,13
2026-04-08 15:00:00,0.366,0.387,12,12.6
2026-04-08 16:00:00,0.366,0.387,11.8,12.3
2026-04-08 17:00:00,0.366,0.388,11.6,12.1
2026-04-08 18:00:00,0.366,0.388,11.4,11.9
2026-04-08 19:00:00,0.366,0.389,11.3,11.8
2026-04-08 20:00:00,0.366,0.39,11.2,11.7
2026-04-08 21:00:00,0.366,0.39,11.2,11.6
2026-04-08 22:00:00,0.366,0.39,11.1,11.5
2026-04-08 23:00:00,0.366,0.39,11.2,11.5
2026-04-09 00:00:00,0.366,0.39,11.4,11.6
2026-04-09 01:00:00,0.368,0.39,11.6,11.7
2026-04-09 02:00:00,0.379,0.391,11.9,11.9
2026-04-09 03:00:00,0.403,0.391,12.3,12.2
2026-04-09 04:00:00,0.404,0.391,12.7,12.5
2026-04-09 05:00:00,0.405,0.39,13,12.7
2026-04-09 06:00:00,0.404,0.39,13.3,13
2026-04-09 07:00:00,0.405,0.39,13.6,13.3
2026-04-09 08:00:00,0.405,0.39,13.9,13.5
2026-04-09 09:00:00,0.405,0.39,14,13.7
2026-04-09 10:00:00,0.405,0.389,14,13.8
2026-04-09 11:00:00,0.406,0.389,14,14
2026-04-09 12:00:00,0.406,0.389,14,14
2026-04-09 13:00:00,0.406,0.389,14,14
2026-04-09 14:00:00,0.405,0.389,14,14.1
2026-04-09 15:00:00,0.401,0.388,14.1,14.1
2026-04-09 16:00:00,0.401,0.388,14.1,14.1
2026-04-09 17:00:00,0.399,0.388,14,14.1
2026-04-09 18:00:00,0.397,0.388,13.9,14.1
2026-04-09 19:00:00,0.391,0.388,13.8,14
2026-04-09 20:00:00,0.388,0.388,13.6,13.8
2026-04-09 21:00:00,0.385,0.389,13.4,13.6
2026-04-09 22:00:00,0.384,0.389,13.2,13.4
2026-04-09 23:00:00,0.384,0.389,13.1,13.2
2026-04-10 00:00:00,0.383,0.39,13,13.1
2026-04-10 01:00:00,0.383,0.39,13.1,13.1
2026-04-10 02:00:00,0.383,0.39,13.2,13.1
2026-04-10 03:00:00,0.382,0.39,13.4,13.2
2026-04-10 04:00:00,0.381,0.389,13.6,13.4
2026-04-10 05:00:00,0.381,0.389,13.7,13.6
2026-04-10 06:00:00,0.38,0.389,13.7,13.7
2026-04-10 07:00:00,0.38,0.389,13.6,13.7
2026-04-10 08:00:00,0.38,0.389,13.4,13.5
2026-04-10 09:00:00,0.38,0.389,13.2,13.4
2026-04-10 10:00:00,0.38,0.389,13,13.2
2026-04-10 11:00:00,0.38,0.39,12.7,13
2026-04-10 12:00:00,0.38,0.39,12.4,12.8
2026-04-10 13:00:00,0.38,0.39,12.2,12.6
2026-04-10 14:00:00,0.38,0.39,12.1,12.4
2026-04-10 15:00:00,0.38,0.391,11.9,12.2
2026-04-10 16:00:00,0.38,0.391,11.8,12.1
2026-04-10 17:00:00,0.38,0.391,11.7,12
2026-04-10 18:00:00,0.38,0.391,11.7,11.9
2026-04-10 19:00:00,0.38,0.391,11.6,11.8
2026-04-10 20:00:00,0.381,0.391,11.5,11.7
2026-04-10 21:00:00,0.381,0.391,11.5,11.7
2026-04-10 22:00:00,0.381,0.392,11.4,11.6
2026-04-10 23:00:00,0.381,0.392,11.6,11.6
2026-04-11 00:00:00,0.38,0.391,12.2,11.8
2026-04-11 01:00:00,0.38,0.39,13.2,12.3
2026-04-11 02:00:00,0.379,0.389,14.8,13.3
2026-04-11 03:00:00,0.381,0.388,16.4,14.9
2026-04-11 04:00:00,0.383,0.42,17.7,21.9
2026-04-11 05:00:00,0.382,0.42,18.3,22.8
2026-04-11 06:00:00,0.382,0.42,18.5,22.1
2026-04-11 07:00:00,0.382,0.422,18.4,20.4
2026-04-11 08:00:00,0.382,0.423,18,18.4
2026-04-11 09:00:00,0.382,0.425,17.4,16.6
2026-04-11 10:00:00,0.383,0.426,16.6,15.4
2026-04-11 11:00:00,0.383,0.427,15.9,14.6
2026-04-11 12:00:00,0.384,0.427,15.3,14
2026-04-11 13:00:00,0.384,0.428,14.9,13.6
2026-04-11 14:00:00,0.384,0.429,14.5,13.1
2026-04-11 15:00:00,0.385,0.429,14.1,13.2
2026-04-11 16:00:00,0.385,0.429,13.9,13.4
2026-04-11 17:00:00,0.385,0.429,13.8,13.4
2026-04-11 18:00:00,0.385,0.429,13.7,13.1
2026-04-11 19:00:00,0.385,0.43,13.5,12.8
2026-04-11 20:00:00,0.385,0.43,13.4,12.6
2026-04-11 21:00:00,0.386,0.43,13.2,12.5
2026-04-11 22:00:00,0.386,0.43,13.2,12.8
2026-04-11 23:00:00,0.386,0.43,13.2,13.5
2026-04-12 00:00:00,0.385,0.429,13.6,15.9
2026-04-12 01:00:00,0.385,0.427,14.7,18.6
2026-04-12 02:00:00,0.384,0.426,15.8,19.3
2026-04-12 03:00:00,0.383,0.421,16.7,20.6
2026-04-12 04:00:00,0.383,0.42,17.6,21.9
2026-04-12 05:00:00,0.382,0.418,18.4,21.7
2026-04-12 06:00:00,0.381,0.417,18.9,21.7
2026-04-12 07:00:00,0.38,0.417,19,19.5
2026-04-12 08:00:00,0.378,0.417,18.6,17.6
2026-04-12 09:00:00,0.378,0.415,18,16.8
2026-04-12 10:00:00,0.378,0.415,17.4,15.8
2026-04-12 11:00:00,0.378,0.415,16.8,15.2
2026-04-12 12:00:00,0.378,0.41,16.4,14.8
2026-04-12 13:00:00,0.378,0.408,16,14.6
2026-04-12 14:00:00,0.378,0.408,15.6,14.3
2026-04-12 15:00:00,0.378,0.408,15.3,14
2026-04-12 16:00:00,0.379,0.408,15.1,13.7
2026-04-12 17:00:00,0.379,0.408,14.8,13.4
2026-04-12 18:00:00,0.379,0.408,14.5,13.2
2026-04-12 19:00:00,0.379,0.408,14.3,13.1
2026-04-12 20:00:00,0.379,0.409,14.1,12.5
2026-04-12 21:00:00,0.379,0.409,13.7,11.7
2026-04-12 22:00:00,0.379,0.409,13.4,12.2
2026-04-12 23:00:00,0.379,0.408,13.7,14.2
2026-04-13 00:00:00,0.378,0.406,14.4,17.9
2026-04-13 01:00:00,0.378,0.403,15.5,23.5
2026-04-13 02:00:00,0.377,0.4,16.7,26.2
2026-04-13 03:00:00,0.376,0.399,18.2,25.4
2026-04-13 04:00:00,0.375,0.398,19.2,23.7
2026-04-13 05:00:00,0.374,0.398,19.6,22.5
2026-04-13 06:00:00,0.374,0.394,19.7,21
2026-04-13 07:00:00,0.373,0.395,19.4,20
2026-04-13 08:00:00,0.373,0.395,18.9,19.1
2026-04-13 09:00:00,0.373,0.396,18.3,17.4
2026-04-13 10:00:00,0.373,0.396,17.7,16.3
2026-04-13 11:00:00,0.373,0.397,17.2,15.7
2026-04-13 12:00:00,0.373,0.397,16.8,14.7
2026-04-13 13:00:00,0.373,0.398,16.3,14.5
2026-04-13 14:00:00,0.373,0.398,15.9,14.6
2026-04-13 15:00:00,0.373,0.399,15.7,14.4
2026-04-13 16:00:00,0.373,0.399,15.5,14.3
2026-04-13 17:00:00,0.373,0.399,15.3,14
2026-04-13 18:00:00,0.373,0.399,15.1,13.8
2026-04-13 19:00:00,0.373,0.4,14.9,13.7
2026-04-13 20:00:00,0.373,0.4,14.7,13.5
2026-04-13 21:00:00,0.373,0.4,14.6,13.5
2026-04-13 22:00:00,0.373,0.4,14.5,14.3
2026-04-13 23:00:00,0.373,0.399,14.8,15.4
2026-04-14 00:00:00,0.373,0.399,15.1,16.1
2026-04-14 01:00:00,0.372,0.398,15.5,17.4
2026-04-14 02:00:00,0.372,0.398,16.1,18.7
2026-04-14 03:00:00,0.372,0.397,16.6,18.8
2026-04-14 04:00:00,0.371,0.397,17,19.8
2026-04-14 05:00:00,0.371,0.397,17.4,19.1
2026-04-14 06:00:00,0.371,0.396,17.4,18.9
2026-04-14 07:00:00,0.371,0.396,17.5,18.5
2026-04-14 08:00:00,0.371,0.396,17.6,18.6
2026-04-14 09:00:00,0.37,0.396,17.5,17.3
2026-04-14 10:00:00,0.37,0.397,17.1,16.2
2026-04-14 11:00:00,0.371,0.397,16.7,15.6
2026-04-14 12:00:00,0.371,0.398,16.3,14.8
2026-04-14 13:00:00,0.371,0.399,15.8,13.7
2026-04-14 14:00:00,0.371,0.399,15.3,12.8
2026-04-14 15:00:00,0.371,0.4,14.9,12.2
2026-04-14 16:00:00,0.371,0.401,14.4,11.7
2026-04-14 17:00:00,0.371,0.401,14,11.2
2026-04-14 18:00:00,0.372,0.402,13.6,10.8
2026-04-14 19:00:00,0.372,0.402,13.2,10.5
2026-04-14 20:00:00,0.372,0.402,12.9,10.6
2026-04-14 21:00:00,0.372,0.403,12.7,10.7
2026-04-14 22:00:00,0.372,0.403,12.6,11.2
2026-04-14 23:00:00,0.372,0.402,12.8,12.9
2026-04-15 00:00:00,0.371,0.4,13.9,17.1
2026-04-15 01:00:00,0.37,0.396,15.3,22.8
2026-04-15 02:00:00,0.369,0.393,17.1,26.4
2026-04-15 03:00:00,0.368,0.389,18.8,28.3
2026-04-15 04:00:00,0.367,0.386,19.8,29
2026-04-15 05:00:00,0.367,0.384,20.2,28
2026-04-15 06:00:00,0.366,0.383,20.5,24.7
2026-04-15 07:00:00,0.366,0.382,20.4,22.7
2026-04-15 08:00:00,0.366,0.383,19.8,19.3
2026-04-15 09:00:00,0.366,0.383,18.9,16.6
2026-04-15 10:00:00,0.366,0.384,18,14.8
2026-04-15 11:00:00,0.367,0.385,17.1,13.6
2026-04-15 12:00:00,0.367,0.386,16.3,12.7
2026-04-15 13:00:00,0.367,0.387,15.6,12.2
2026-04-15 14:00:00,0.367,0.388,15,11.9
2026-04-15 15:00:00,0.367,0.388,14.6,11.3
2026-04-15 16:00:00,0.367,0.389,14.1,11
2026-04-15 17:00:00,0.367,0.389,13.7,10.7
2026-04-15 18:00:00,0.367,0.39,13.3,10.4
2026-04-15 19:00:00,0.367,0.39,13,10
2026-04-15 20:00:00,0.367,0.391,12.6,9.7
2026-04-15 21:00:00,0.367,0.391,12.3,9.6
2026-04-15 22:00:00,0.367,0.391,12.2,10.6
2026-04-15 23:00:00,0.367,0.39,12.6,12.8
2026-04-16 00:00:00,0.366,0.388,13.8,17.9
2026-04-16 01:00:00,0.365,0.384,15.5,24
2026-04-16 02:00:00,0.364,0.38,17.3,28
2026-04-16 03:00:00,0.362,0.376,19.2,30.7
2026-04-16 04:00:00,0.361,0.373,20.9,31.3
2026-04-16 05:00:00,0.359,0.37,22.1,31.3
2026-04-16 06:00:00,0.359,0.369,22.3,28.6
2026-04-16 07:00:00,0.359,0.37,22,25.1
2026-04-16 08:00:00,0.359,0.371,21.1,21.4
2026-04-16 09:00:00,0.359,0.372,20.2,19.1
2026-04-16 10:00:00,0.36,0.372,19.2,17
2026-04-16 11:00:00,0.36,0.367,18.4,15.9
2026-04-16 12:00:00,0.36,0.367,17.7,15.6
2026-04-16 13:00:00,0.359,0.368,17.2,15.4
2026-04-16 14:00:00,0.359,0.368,16.8,15.1
2026-04-16 15:00:00,0.359,0.369,16.5,14.7
2026-04-16 16:00:00,0.359,0.369,16.1,14.3
2026-04-16 17:00:00,0.359,0.369,15.8,14.1
2026-04-16 18:00:00,0.359,0.369,15.5,13.9
2026-04-16 19:00:00,0.358,0.369,15.3,13.8
2026-04-16 20:00:00,0.358,0.37,15.1,13.8
2026-04-16 21:00:00,0.358,0.371,15,13.7
2026-04-16 22:00:00,0.358,0.372,14.9,13.7
2026-04-16 23:00:00,0.358,0.371,14.9,14.7
2026-04-17 00:00:00,0.357,0.371,15.1,15.3
2026-04-17 01:00:00,0.357,0.37,15.3,15.4
2026-04-17 02:00:00,0.357,0.371,15.5,15.4
2026-04-17 03:00:00,0.357,0.372,15.7,15.6
2026-04-17 04:00:00,0.357,0.384,15.7,16
2026-04-17 05:00:00,0.356,0.38,15.9,16.2
2026-04-17 06:00:00,0.356,0.38,15.9,16
2026-04-17 07:00:00,0.356,0.392,15.9,16
2026-04-17 08:00:00,0.357,0.395,15.8,15.7
2026-04-17 09:00:00,0.358,0.396,15.7,15.5
2026-04-17 10:00:00,0.373,0.398,15.5,15.1
2026-04-17 11:00:00,0.392,0.399,15.3,14.9
2026-04-17 12:00:00,0.389,0.399,15.2,14.9
2026-04-17 13:00:00,0.386,0.399,15.2,14.9
2026-04-17 14:00:00,0.385,0.4,15.1,14.9
2026-04-17 15:00:00,0.393,0.401,15,14.8
2026-04-17 16:00:00,0.395,0.401,15,14.8
2026-04-17 17:00:00,0.397,0.402,14.9,14.7
2026-04-17 18:00:00,0.397,0.402,14.9,14.7
2026-04-17 19:00:00,0.396,0.402,14.9,14.7
2026-04-17 20:00:00,0.392,0.402,14.8,14.7
2026-04-17 21:00:00,0.389,0.402,14.8,14.5
2026-04-17 22:00:00,0.384,0.402,14.8,15.2
2026-04-17 23:00:00,0.381,0.401,15,16.8
2026-04-18 00:00:00,0.379,0.4,15.8,18.5
2026-04-18 01:00:00,0.377,0.397,16.7,22.7
2026-04-18 02:00:00,0.375,0.388,18.2,25.1
2026-04-18 03:00:00,0.373,0.384,19.4,24.9
2026-04-18 04:00:00,0.371,0.382,20.2,25.3
2026-04-18 05:00:00,0.369,0.38,21,24.8
2026-04-18 06:00:00,0.368,0.38,21.4,23.1
2026-04-18 07:00:00,0.368,0.38,21.1,21.8
2026-04-18 08:00:00,0.367,0.38,20.7,21.2
2026-04-18 09:00:00,0.367,0.38,20.4,20.4
2026-04-18 10:00:00,0.367,0.381,20,19.2
2026-04-18 11:00:00,0.367,0.382,19.5,17.7
2026-04-18 12:00:00,0.367,0.382,18.8,17.1
2026-04-18 13:00:00,0.367,0.383,18.3,16.7
2026-04-18 14:00:00,0.367,0.383,17.9,16.3
2026-04-18 15:00:00,0.368,0.384,17.5,16.1
2026-04-18 16:00:00,0.368,0.384,17.2,15.4
2026-04-18 17:00:00,0.368,0.385,16.8,15.3
2026-04-18 18:00:00,0.368,0.385,16.5,15.1
2026-04-18 19:00:00,0.368,0.385,16.3,14.7
2026-04-18 20:00:00,0.368,0.385,16,14.7
2026-04-18 21:00:00,0.368,0.386,15.8,14.9
2026-04-18 22:00:00,0.368,0.385,15.8,15.7
2026-04-18 23:00:00,0.368,0.385,16.1,17.4
2026-04-19 00:00:00,0.367,0.383,17.1,20.8
2026-04-19 01:00:00,0.367,0.382,18.3,20.9
2026-04-19 02:00:00,0.366,0.382,18.8,19.8
2026-04-19 03:00:00,0.366,0.381,19.1,22.2
2026-04-19 04:00:00,0.365,0.38,19.8,21.8
2026-04-19 05:00:00,0.365,0.38,20.2,22.4
2026-04-19 06:00:00,0.364,0.377,21.1,26.3
2026-04-19 07:00:00,0.363,0.377,21.6,23.7
2026-04-19 08:00:00,0.364,0.378,21.1,21.1
2026-04-19 09:00:00,0.364,0.379,20.4,19.4
2026-04-19 10:00:00,0.365,0.38,19.7,17.9
2026-04-19 11:00:00,0.365,0.38,19,17.1
2026-04-19 12:00:00,0.365,0.381,18.4,16.3
2026-04-19 13:00:00,0.365,0.382,17.9,15.6
2026-04-19 14:00:00,0.365,0.382,17.4,15.3
2026-04-19 15:00:00,0.365,0.383,17,15.2
2026-04-19 16:00:00,0.366,0.383,16.6,14.6
2026-04-19 17:00:00,0.366,0.384,16.3,14.1
2026-04-19 18:00:00,0.366,0.384,15.9,14.1
2026-04-19 19:00:00,0.366,0.384,15.7,14.5
2026-04-19 20:00:00,0.366,0.384,15.6,14.3
2026-04-19 21:00:00,0.366,0.385,15.4,13.9
2026-04-19 22:00:00,0.366,0.385,15.3,14.7
2026-04-19 23:00:00,0.366,0.384,15.8,16.7
2026-04-20 00:00:00,0.365,0.382,16.9,19.3
2026-04-20 01:00:00,0.364,0.382,17.7,18.9
2026-04-20 02:00:00,0.364,0.381,17.9,19.4
2026-04-20 03:00:00,0.364,0.381,18,18
2026-04-20 04:00:00,0.364,0.382,17.8,17.4
2026-04-20 05:00:00,0.364,0.382,17.5,16.4
2026-04-20 06:00:00,0.364,0.382,17.1,16.3
2026-04-20 07:00:00,0.364,0.383,16.8,15.7
2026-04-20 08:00:00,0.364,0.383,16.4,15.4
2026-04-20 09:00:00,0.364,0.383,15.9,14.2
2026-04-20 10:00:00,0.365,0.384,15.3,12.4
2026-04-20 11:00:00,0.365,0.385,14.5,11.1
2026-04-20 12:00:00,0.365,0.386,13.7,10.3
2026-04-20 13:00:00,0.366,0.386,13.1,9.4
2026-04-20 14:00:00,0.366,0.387,12.5,8.7
2026-04-20 15:00:00,0.366,0.387,12,8.3
2026-04-20 16:00:00,0.366,0.388,11.6,8
2026-04-20 17:00:00,0.366,0.388,11.2,7.5
2026-04-20 18:00:00,0.366,0.389,10.8,7.1
2026-04-20 19:00:00,0.366,0.389,10.4,6.8
2026-04-20 20:00:00,0.366,0.389,10.1,6.5
2026-04-20 21:00:00,0.367,0.39,9.7,6.5
2026-04-20 22:00:00,0.367,0.389,9.6,7.8
2026-04-20 23:00:00,0.366,0.388,10.1,9.8
2026-04-21 00:00:00,0.365,0.386,11.4,14.3
2026-04-21 01:00:00,0.364,0.383,13.1,19.8
2026-04-21 02:00:00,0.363,0.379,15.1,24.2
2026-04-21 03:00:00,0.362,0.376,17.1,27.2
2026-04-21 04:00:00,0.36,0.373,18.8,28.9
2026-04-21 05:00:00,0.359,0.371,20.1,28.2
2026-04-21 06:00:00,0.359,0.371,20.6,26.2
2026-04-21 07:00:00,0.359,0.371,20.1,23.5
2026-04-21 08:00:00,0.359,0.373,19.2,19.9
2026-04-21 09:00:00,0.359,0.374,18.2,17.2
2026-04-21 10:00:00,0.359,0.375,17.3,15.3
2026-04-21 11:00:00,0.36,0.376,16.5,14.8
2026-04-21 12:00:00,0.36,0.377,15.9,14.1
2026-04-21 13:00:00,0.36,0.377,15.4,13.7
2026-04-21 14:00:00,0.36,0.378,15,13.4
2026-04-21 15:00:00,0.36,0.378,14.7,13
2026-04-21 16:00:00,0.36,0.379,14.4,12.9
2026-04-21 17:00:00,0.36,0.379,14.2,12.7
2026-04-21 18:00:00,0.359,0.379,14,12.5
2026-04-21 19:00:00,0.359,0.379,13.8,12.3
2026-04-21 20:00:00,0.359,0.38,13.6,12.1
2026-04-21 21:00:00,0.359,0.38,13.3,12.1
2026-04-21 22:00:00,0.359,0.38,13.2,12.4
2026-04-21 23:00:00,0.358,0.38,13.3,12.8
2026-04-22 00:00:00,0.358,0.38,13.3,13.1
2026-04-22 01:00:00,0.358,0.381,13.5,13.6
2026-04-22 02:00:00,0.358,0.383,13.9,14.9
2026-04-22 03:00:00,0.357,0.384,14.3,15.1
2026-04-22 04:00:00,0.357,0.384,14.5,15.5
2026-04-22 05:00:00,0.357,0.384,14.8,15.3
2026-04-22 06:00:00,0.357,0.383,14.8,14.9
2026-04-22 07:00:00,0.357,0.384,14.7,14.4
2026-04-22 08:00:00,0.357,0.385,14.6,14.5
2026-04-22 09:00:00,0.357,0.385,14.6,14.2
2026-04-22 10:00:00,0.357,0.385,14.4,13.8
2026-04-22 11:00:00,0.357,0.384,14.2,13.6
2026-04-22 12:00:00,0.358,0.384,14.1,13.5
2026-04-22 13:00:00,0.358,0.384,13.9,13.2
2026-04-22 14:00:00,0.358,0.384,13.8,13.1
2026-04-22 15:00:00,0.358,0.384,13.7,12.9
2026-04-22 16:00:00,0.358,0.384,13.6,12.8
2026-04-22 17:00:00,0.358,0.384,13.5,12.7
2026-04-22 18:00:00,0.358,0.385,13.3,12.5
2026-04-22 19:00:00,0.358,0.385,13.2,12.2
2026-04-22 20:00:00,0.358,0.385,13,12
2026-04-22 21:00:00,0.358,0.385,12.9,11.8
2026-04-22 22:00:00,0.358,0.385,12.8,12.5
2026-04-22 23:00:00,0.358,0.384,13.1,13.8
2026-04-23 00:00:00,0.358,0.383,13.8,16.1
2026-04-23 01:00:00,0.357,0.381,14.7,18.6
2026-04-23 02:00:00,0.357,0.377,15.9,24.3
2026-04-23 03:00:00,0.355,0.375,17.7,26.4
2026-04-23 04:00:00,0.354,0.372,18.9,27.1
2026-04-23 05:00:00,0.354,0.371,20,26.9
2026-04-23 06:00:00,0.353,0.37,20.4,25.8
2026-04-23 07:00:00,0.353,0.371,20,22.7
2026-04-23 08:00:00,0.353,0.372,19.4,19.5
2026-04-23 09:00:00,0.354,0.372,18.7,17.5
2026-04-23 10:00:00,0.354,0.373,17.9,16
2026-04-23 11:00:00,0.354,0.374,17.1,14.8
2026-04-23 12:00:00,0.355,0.375,16.4,14
2026-04-23 13:00:00,0.355,0.376,15.8,13.7
2026-04-23 14:00:00,0.355,0.376,15.4,13.3
2026-04-23 15:00:00,0.355,0.376,15,13.1
2026-04-23 16:00:00,0.355,0.377,14.6,12.7
2026-04-23 17:00:00,0.355,0.377,14.3,12.1
2026-04-23 18:00:00,0.355,0.378,13.9,11.5
2026-04-23 19:00:00,0.355,0.378,13.5,11
2026-04-23 20:00:00,0.355,0.379,13.1,10.5
2026-04-23 21:00:00,0.355,0.379,12.8,10.6
2026-04-23 22:00:00,0.355,0.379,12.6,11.5
2026-04-23 23:00:00,0.355,0.378,13.2,13.4
2026-04-24 00:00:00,0.354,0.375,14.4,17.7
2026-04-24 01:00:00,0.353,0.372,16,23.3
2026-04-24 02:00:00,0.351,0.368,17.8,27.6
2026-04-24 03:00:00,0.35,0.364,19.4,30.5
2026-04-24 04:00:00,0.348,0.36,20.8,30.5
2026-04-24 05:00:00,0.347,0.356,21.8,29.7
2026-04-24 06:00:00,0.346,0.354,22.1,27.2
2026-04-24 07:00:00,0.346,0.354,21.6,24.9
2026-04-24 08:00:00,0.346,0.355,20.7,20.9
2026-04-24 09:00:00,0.346,0.356,19.8,18.3
2026-04-24 10:00:00,0.346,0.356,18.9,16.6
2026-04-24 11:00:00,0.346,0.357,18,15.5
2026-04-24 12:00:00,0.346,0.358,17.2,14.4
2026-04-24 13:00:00,0.345,0.359,16.5,13.4
2026-04-24 14:00:00,0.345,0.36,15.8,12.7
2026-04-24 15:00:00,0.345,0.36,15.2,12
2026-04-24 16:00:00,0.345,0.361,14.7,11.4
2026-04-24 17:00:00,0.345,0.361,14.2,10.9
2026-04-24 18:00:00,0.344,0.362,13.7,10.5
2026-04-24 19:00:00,0.344,0.363,13.3,10.1
2026-04-24 20:00:00,0.344,0.363,12.8,9.7
2026-04-24 21:00:00,0.343,0.363,12.5,9.5
2026-04-24 22:00:00,0.343,0.363,12.3,10.8
2026-04-24 23:00:00,0.342,0.362,12.9,13
2026-04-25 00:00:00,0.341,0.359,14.2,17.5
2026-04-25 01:00:00,0.339,0.355,15.8,24.1
2026-04-25 02:00:00,0.338,0.351,17.7,28.6
2026-04-25 03:00:00,0.335,0.347,19.8,30.5
2026-04-25 04:00:00,0.333,0.343,21.6,31.2
2026-04-25 05:00:00,0.331,0.341,23,30.2
2026-04-25 06:00:00,0.33,0.339,23.5,28.5
2026-04-25 07:00:00,0.329,0.339,22.9,26.4
2026-04-25 08:00:00,0.329,0.34,22,22.5
2026-04-25 09:00:00,0.329,0.341,21,19.8
2026-04-25 10:00:00,0.329,0.341,20,17.6
2026-04-25 11:00:00,0.329,0.342,19.1,16.2
2026-04-25 12:00:00,0.328,0.343,18.2,15
2026-04-25 13:00:00,0.328,0.344,17.4,14.1
2026-04-25 14:00:00,0.328,0.344,16.7,13.2
2026-04-25 15:00:00,0.328,0.345,16,12.4
2026-04-25 16:00:00,0.327,0.346,15.4,11.9
2026-04-25 17:00:00,0.327,0.346,14.9,11.4
2026-04-25 18:00:00,0.327,0.347,14.4,11.1
2026-04-25 19:00:00,0.327,0.347,14,10.8
2026-04-25 20:00:00,0.326,0.347,13.6,10.6
2026-04-25 21:00:00,0.326,0.348,13.3,10.6
2026-04-25 22:00:00,0.326,0.347,13.2,11.7
2026-04-25 23:00:00,0.325,0.346,13.7,13.8
2026-04-26 00:00:00,0.324,0.343,14.9,18.3
2026-04-26 01:00:00,0.323,0.339,16.5,24
2026-04-26 02:00:00,0.321,0.336,18.4,27.8
2026-04-26 03:00:00,0.319,0.333,20.3,29.5
2026-04-26 04:00:00,0.317,0.33,21.6,29.5
2026-04-26 05:00:00,0.316,0.328,22.5,29.3
2026-04-26 06:00:00,0.315,0.327,22.9,27.9
2026-04-26 07:00:00,0.314,0.326,22.4,26.1
2026-04-26 08:00:00,0.314,0.327,21.6,22
2026-04-26 09:00:00,0.314,0.328,20.6,19
2026-04-26 10:00:00,0.314,0.328,19.7,16.7
2026-04-26 11:00:00,0.314,0.329,18.8,15.6
2026-04-26 12:00:00,0.314,0.329,18,14.8
2026-04-26 13:00:00,0.314,0.33,17.3,14.3
2026-04-26 14:00:00,0.314,0.33,16.8,13.3
2026-04-26 15:00:00,0.314,0.331,16.2,12.5
2026-04-26 16:00:00,0.314,0.332,15.6,11.8
2026-04-26 17:00:00,0.314,0.332,15.1,11.1
2026-04-26 18:00:00,0.314,0.333,14.5,10.5
2026-04-26 19:00:00,0.314,0.333,14,10.1
2026-04-26 20:00:00,0.314,0.334,13.6,9.7
2026-04-26 21:00:00,0.314,0.334,13.2,9.7
2026-04-26 22:00:00,0.313,0.334,13,11.1
2026-04-26 23:00:00,0.313,0.332,13.5,13.3
2026-04-27 00:00:00,0.312,0.33,14.5,17.5
2026-04-27 01:00:00,0.311,0.326,16,23.6
2026-04-27 02:00:00,0.31,0.323,17.8,27.3
2026-04-27 03:00:00,0.309,0.32,19.5,30.2
2026-04-27 04:00:00,0.307,0.318,21,29.9
2026-04-27 05:00:00,0.306,0.318,21.8,27.5
2026-04-27 06:00:00,0.306,0.318,21.7,23.4
2026-04-27 07:00:00,0.306,0.318,21.2,22
2026-04-27 08:00:00,0.305,0.318,20.7,20.7
2026-04-27 09:00:00,0.305,0.318,20.2,18.6
2026-04-27 10:00:00,0.305,0.319,19.3,16.1
2026-04-27 11:00:00,0.305,0.32,18.4,14.6
2026-04-27 12:00:00,0.305,0.321,17.6,13.8
2026-04-27 13:00:00,0.305,0.321,16.9,13.1
2026-04-27 14:00:00,0.305,0.322,16.3,12.9
2026-04-27 15:00:00,0.305,0.322,15.8,12.4
2026-04-27 16:00:00,0.305,0.323,15.4,12.6
2026-04-27 17:00:00,0.305,0.323,15.1,13.2
2026-04-27 18:00:00,0.305,0.322,15,13.6
2026-04-27 19:00:00,0.304,0.322,15,13.8
2026-04-27 20:00:00,0.304,0.322,15,13.9
2026-04-27 21:00:00,0.304,0.323,14.8,13.4
2026-04-27 22:00:00,0.304,0.322,14.7,13.8
2026-04-27 23:00:00,0.304,0.322,14.9,15.4
2026-04-28 00:00:00,0.303,0.32,15.5,18
2026-04-28 01:00:00,0.303,0.319,16.1,20
2026-04-28 02:00:00,0.302,0.317,17,21.7
2026-04-28 03:00:00,0.301,0.315,17.9,25.5
2026-04-28 04:00:00,0.3,0.313,19.2,26.8
2026-04-28 05:00:00,0.299,0.313,20.1,23.6
2026-04-28 06:00:00,0.299,0.312,20.2,22.7
2026-04-28 07:00:00,0.299,0.313,19.8,19.8
2026-04-28 08:00:00,0.299,0.313,19.1,18.4
2026-04-28 09:00:00,0.299,0.313,18.4,16.8
2026-04-28 10:00:00,0.299,0.314,17.7,15.4
2026-04-28 11:00:00,0.299,0.315,17.1,14.6
2026-04-28 12:00:00,0.299,0.315,16.5,14.2
2026-04-28 13:00:00,0.298,0.315,16,13.8
2026-04-28 14:00:00,0.298,0.316,15.7,13.4
2026-04-28 15:00:00,0.298,0.316,15.3,13
2026-04-28 16:00:00,0.298,0.317,15,12.6
2026-04-28 17:00:00,0.299,0.317,14.7,12.4
2026-04-28 18:00:00,0.299,0.317,14.4,12.1
2026-04-28 19:00:00,0.298,0.318,14.2,11.8
2026-04-28 20:00:00,0.298,0.318,13.9,11.5
2026-04-28 21:00:00,0.298,0.318,13.6,11.6
2026-04-28 22:00:00,0.298,0.318,13.6,12.9
2026-04-28 23:00:00,0.298,0.317,13.9,14.7
2026-04-29 00:00:00,0.298,0.316,14.6,17.5
2026-04-29 01:00:00,0.297,0.314,15.6,19.4
2026-04-29 02:00:00,0.296,0.313,16.6,21.8
2026-04-29 03:00:00,0.295,0.312,17.6,21.9
2026-04-29 04:00:00,0.295,0.311,18.1,21.7
2026-04-29 05:00:00,0.294,0.311,18.7,21.5
2026-04-29 06:00:00,0.294,0.311,18.9,19.6
2026-04-29 07:00:00,0.294,0.311,18.6,18.9
2026-04-29 08:00:00,0.293,0.311,18.4,17.9
2026-04-29 09:00:00,0.293,0.311,17.9,16.6
2026-04-29 10:00:00,0.293,0.312,17.4,15.5
2026-04-29 11:00:00,0.293,0.313,16.8,14.9
2026-04-29 12:00:00,0.293,0.313,16.4,14.4
2026-04-29 13:00:00,0.293,0.313,16,14
2026-04-29 14:00:00,0.293,0.314,15.7,13.7
2026-04-29 15:00:00,0.293,0.314,15.4,13.3
2026-04-29 16:00:00,0.293,0.314,15.1,13.2
2026-04-29 17:00:00,0.293,0.315,14.9,13
2026-04-29 18:00:00,0.293,0.315,14.7,12.9
2026-04-29 19:00:00,0.293,0.315,14.5,12.8
2026-04-29 20:00:00,0.293,0.315,14.3,12.6
2026-04-29 21:00:00,0.293,0.315,14.2,12.6
2026-04-29 22:00:00,0.293,0.315,14.1,13.2
2026-04-29 23:00:00,0.293,0.315,14.2,14.6
2026-04-30 00:00:00,0.293,0.314,14.7,16.9
2026-04-30 01:00:00,0.292,0.312,15.7,20.4
2026-04-30 02:00:00,0.291,0.31,17,22.8
2026-04-30 03:00:00,0.29,0.309,18.2,23.8
2026-04-30 04:00:00,0.29,0.308,19.2,23.4
2026-04-30 05:00:00,0.289,0.308,19.4,20.7
2026-04-30 06:00:00,0.289,0.308,19.2,19.9
2026-04-30 07:00:00,0.289,0.308,19.1,19.1
2026-04-30 08:00:00,0.289,0.309,18.7,17.4
2026-04-30 09:00:00,0.289,0.309,18.2,16.2
2026-04-30 10:00:00,0.289,0.31,17.6,15.3
2026-04-30 11:00:00,0.289,0.31,17.1,14.8
2026-04-30 12:00:00,0.289,0.31,16.6,14.6
2026-04-30 13:00:00,0.289,0.311,16.2,14.1
2026-04-30 14:00:00,0.289,0.311,15.8,13
2026-04-30 15:00:00,0.29,0.312,15.3,11.5
2026-04-30 16:00:00,0.29,0.313,14.7,10.6
2026-04-30 17:00:00,0.29,0.314,14.1,10
2026-04-30 18:00:00,0.29,0.314,13.6,9.7
2026-04-30 19:00:00,0.29,0.315,13.1,9.6
2026-04-30 20:00:00,0.29,0.315,12.8,10
2026-04-30 21:00:00,0.29,0.315,12.7,10.7
2026-04-30 22:00:00,0.29,0.314,12.8,12.1
2026-04-30 23:00:00,0.29,0.313,13.2,14.2
2026-05-01 00:00:00,0.29,0.311,14,18.1
2026-05-01 01:00:00,0.289,0.308,15.4,23
2026-05-01 02:00:00,0.288,0.306,17.3,26.1
2026-05-01 03:00:00,0.286,0.304,19.1,27.6
2026-05-01 04:00:00,0.285,0.302,20.6,28.4
2026-05-01 05:00:00,0.284,0.301,21.7,28.1
2026-05-01 06:00:00,0.283,0.301,22,26.6
2026-05-01 07:00:00,0.283,0.3,21.5,25.2
2026-05-01 08:00:00,0.284,0.301,20.7,21.4
2026-05-01 09:00:00,0.284,0.302,19.8,18.8
2026-05-01 10:00:00,0.285,0.303,19,16.7
2026-05-01 11:00:00,0.285,0.304,18.2,15.3
2026-05-01 12:00:00,0.285,0.305,17.4,14.3
2026-05-01 13:00:00,0.285,0.306,16.8,13.5
2026-05-01 14:00:00,0.286,0.307,16.1,13
2026-05-01 15:00:00,0.286,0.307,15.6,12.5
2026-05-01 16:00:00,0.286,0.308,15.2,12.2
2026-05-01 17:00:00,0.286,0.308,14.8,12
2026-05-01 18:00:00,0.286,0.308,14.4,11.5
2026-05-01 19:00:00,0.286,0.309,14.1,11.4
2026-05-01 20:00:00,0.286,0.309,13.8,11.1
2026-05-01 21:00:00,0.286,0.309,13.5,11.6
2026-05-01 22:00:00,0.286,0.309,13.6,12.8
2026-05-01 23:00:00,0.286,0.308,13.9,14.8
2026-05-02 00:00:00,0.286,0.306,14.8,17.9
2026-05-02 01:00:00,0.285,0.305,15.9,19.9
2026-05-02 02:00:00,0.285,0.304,16.9,21.2
2026-05-02 03:00:00,0.284,0.303,18,22.2
2026-05-02 04:00:00,0.283,0.303,18.5,20.7
2026-05-02 05:00:00,0.283,0.303,18.6,20.5
2026-05-02 06:00:00,0.283,0.303,18.8,20.8
2026-05-02 07:00:00,0.283,0.303,19,20.4
2026-05-02 08:00:00,0.283,0.303,18.9,19.2
2026-05-02 09:00:00,0.283,0.304,18.6,18.1
2026-05-02 10:00:00,0.283,0.304,18.2,17
2026-05-02 11:00:00,0.283,0.305,17.7,16.4
2026-05-02 12:00:00,0.283,0.305,17.3,16
2026-05-02 13:00:00,0.283,0.305,17,15.7
2026-05-02 14:00:00,0.283,0.307,16.7,15.2
2026-05-02 15:00:00,0.283,0.309,16.4,14.7
2026-05-02 16:00:00,0.284,0.31,16.2,14.6
2026-05-02 17:00:00,0.284,0.312,15.9,14.3
2026-05-02 18:00:00,0.285,0.314,15.6,14.1
2026-05-02 19:00:00,0.285,0.315,15.4,14.1
2026-05-02 20:00:00,0.285,0.321,15.2,14.2
2026-05-02 21:00:00,0.284,0.352,15.1,14.2
2026-05-02 22:00:00,0.29,0.37,15,14.4
2026-05-02 23:00:00,0.313,0.375,15,14.7
2026-05-03 00:00:00,0.336,0.371,15.1,15.1
2026-05-03 01:00:00,0.346,0.366,15.2,15.6
2026-05-03 02:00:00,0.347,0.364,15.5,15.8
2026-05-03 03:00:00,0.346,0.362,15.6,15.5
2026-05-03 04:00:00,0.345,0.36,15.7,15.4
2026-05-03 05:00:00,0.345,0.359,15.7,15.4
2026-05-03 06:00:00,0.344,0.358,15.8,15.8
2026-05-03 07:00:00,0.343,0.357,15.8,15.4
2026-05-03 08:00:00,0.343,0.356,15.7,14.9
2026-05-03 09:00:00,0.343,0.355,15.5,14.5
2026-05-03 10:00:00,0.343,0.355,15.3,14.2
2026-05-03 11:00:00,0.342,0.354,15,14
2026-05-03 12:00:00,0.342,0.354,14.9,13.8
2026-05-03 13:00:00,0.342,0.354,14.7,13.4
2026-05-03 14:00:00,0.342,0.355,14.5,12.9
2026-05-03 15:00:00,0.342,0.355,14.2,12.7
2026-05-03 16:00:00,0.342,0.354,13.9,12.3
2026-05-03 17:00:00,0.342,0.354,13.6,11.5
2026-05-03 18:00:00,0.342,0.354,13.3,11.2
2026-05-03 19:00:00,0.342,0.354,12.9,10.7
2026-05-03 20:00:00,0.342,0.354,12.6,10.6
2026-05-03 21:00:00,0.342,0.353,12.4,11.3
2026-05-03 22:00:00,0.342,0.352,12.5,12.3
2026-05-03 23:00:00,0.341,0.351,13.1,13.8
2026-05-04 00:00:00,0.341,0.349,14.1,16
2026-05-04 01:00:00,0.34,0.346,15.3,19.2
2026-05-04 02:00:00,0.339,0.343,16.5,21.7
2026-05-04 03:00:00,0.338,0.34,17.8,22.8
2026-05-04 04:00:00,0.337,0.337,18.9,24.3
2026-05-04 05:00:00,0.336,0.334,19.6,23.6
2026-05-04 06:00:00,0.335,0.332,19.6,22.6
2026-05-04 07:00:00,0.335,0.331,19.1,21.8
2026-05-04 08:00:00,0.335,0.331,18.5,18.6
2026-05-04 09:00:00,0.336,0.331,17.8,16.3
2026-05-04 10:00:00,0.336,0.331,17,14.5
2026-05-04 11:00:00,0.336,0.331,16.3,13.3
2026-05-04 12:00:00,0.336,0.332,15.6,12.4
2026-05-04 13:00:00,0.336,0.332,14.9,11.6
2026-05-04 14:00:00,0.336,0.333,14.3,10.9
2026-05-04 15:00:00,0.336,0.333,13.7,10.3
2026-05-04 16:00:00,0.336,0.334,13.2,9.8
2026-05-04 17:00:00,0.336,0.334,12.7,9.4
2026-05-04 18:00:00,0.336,0.334,12.3,9.4
2026-05-04 19:00:00,0.336,0.334,12.1,9
2026-05-04 20:00:00,0.336,0.334,11.8,8.9
2026-05-04 21:00:00,0.336,0.334,11.6,9.3
2026-05-04 22:00:00,0.335,0.333,11.7,10.8
2026-05-04 23:00:00,0.335,0.332,12.2,12.7
2026-05-05 00:00:00,0.334,0.33,13.4,17.3
2026-05-05 01:00:00,0.333,0.326,15.3,22.4
2026-05-05 02:00:00,0.331,0.324,17.3,24.9
2026-05-05 03:00:00,0.329,0.322,19.1,26.4
2026-05-05 04:00:00,0.328,0.319,20.5,27.9
2026-05-05 05:00:00,0.326,0.317,21.6,27.9
2026-05-05 06:00:00,0.326,0.316,22.1,26.6
2026-05-05 07:00:00,0.326,0.315,21.5,23.7
2026-05-05 08:00:00,0.326,0.314,20.7,20.6
2026-05-05 09:00:00,0.326,0.315,19.8,18
2026-05-05 10:00:00,0.327,0.315,18.9,16.1
2026-05-05 11:00:00,0.327,0.316,18,14.8
2026-05-05 12:00:00,0.327,0.317,17.2,14
2026-05-05 13:00:00,0.327,0.317,16.5,13
2026-05-05 14:00:00,0.326,0.318,15.8,12.4
2026-05-05 15:00:00,0.326,0.319,15.2,11.8
2026-05-05 16:00:00,0.326,0.319,14.7,11.2
2026-05-05 17:00:00,0.325,0.32,14.2,10.8
2026-05-05 18:00:00,0.325,0.32,13.7,10.4
2026-05-05 19:00:00,0.324,0.321,13.3,10.1
2026-05-05 20:00:00,0.324,0.322,12.9,9.7
2026-05-05 21:00:00,0.323,0.322,12.6,10
2026-05-05 22:00:00,0.323,0.321,12.6,11.6
2026-05-05 23:00:00,0.322,0.319,13.3,14.4
2026-05-06 00:00:00,0.321,0.317,14.7,19
2026-05-06 01:00:00,0.319,0.314,16.5,23.5
2026-05-06 02:00:00,0.317,0.312,18.5,27.5
2026-05-06 03:00:00,0.316,0.309,20.5,30.4
2026-05-06 04:00:00,0.314,0.307,22.3,31.7
2026-05-06 05:00:00,0.313,0.305,23.6,31.1
2026-05-06 06:00:00,0.312,0.304,23.9,28.9
2026-05-06 07:00:00,0.312,0.304,23.5,26.4
2026-05-06 08:00:00,0.312,0.304,22.7,23.2
2026-05-06 09:00:00,0.312,0.305,21.9,20.4
2026-05-06 10:00:00,0.312,0.306,20.9,17.8
2026-05-06 11:00:00,0.312,0.307,19.9,16.2
2026-05-06 12:00:00,0.312,0.308,18.9,15.1
2026-05-06 13:00:00,0.312,0.309,18.1,14.3
2026-05-06 14:00:00,0.311,0.31,17.4,13.6
2026-05-06 15:00:00,0.311,0.311,16.7,13.2
2026-05-06 16:00:00,0.311,0.311,16.2,13.1
2026-05-06 17:00:00,0.31,0.311,15.8,12.9
2026-05-06 18:00:00,0.31,0.312,15.4,12.4
2026-05-06 19:00:00,0.31,0.313,15,11.9
2026-05-06 20:00:00,0.309,0.313,14.6,11.4
2026-05-06 21:00:00,0.309,0.313,14.2,11.8
2026-05-06 22:00:00,0.309,0.313,14.2,13.3
2026-05-06 23:00:00,0.308,0.311,14.7,15.9
2026-05-07 00:00:00,0.307,0.309,15.8,19.7
2026-05-07 01:00:00,0.305,0.307,17.5,24.1
2026-05-07 02:00:00,0.304,0.305,19.4,26.8
2026-05-07 03:00:00,0.303,0.303,21.3,28.7
2026-05-07 04:00:00,0.301,0.3,23.1,30.7
2026-05-07 05:00:00,0.3,0.3,24,28
2026-05-07 06:00:00,0.3,0.299,24.1,26.4
2026-05-07 07:00:00,0.299,0.299,23.7,25.3
2026-05-07 08:00:00,0.299,0.3,23.1,22.3
2026-05-07 09:00:00,0.299,0.301,22.3,20.4
2026-05-07 10:00:00,0.299,0.302,21.4,19.1
2026-05-07 11:00:00,0.299,0.303,20.6,18.3
2026-05-07 12:00:00,0.299,0.303,19.9,17.8
2026-05-07 13:00:00,0.299,0.304,19.4,17.2
2026-05-07 14:00:00,0.299,0.304,18.8,16.5
2026-05-07 15:00:00,0.298,0.305,18.3,15.9
2026-05-07 16:00:00,0.298,0.305,17.8,15.4
2026-05-07 17:00:00,0.298,0.306,17.2,14.3
2026-05-07 18:00:00,0.298,0.307,16.7,13.5
2026-05-07 19:00:00,0.298,0.307,16.1,12.5
2026-05-07 20:00:00,0.298,0.308,15.6,11.8
2026-05-07 21:00:00,0.298,0.309,15.1,11.7
2026-05-07 22:00:00,0.298,0.308,14.9,13.2
2026-05-07 23:00:00,0.297,0.307,15.4,15.7
2026-05-08 00:00:00,0.296,0.305,16.4,20.1
2026-05-08 01:00:00,0.295,0.302,17.9,24.5
2026-05-08 02:00:00,0.294,0.3,19.4,27.7
2026-05-08 03:00:00,0.293,0.297,20.9,29.3
2026-05-08 04:00:00,0.292,0.296,22.1,30.1
2026-05-08 05:00:00,0.291,0.295,23,29.2
2026-05-08 06:00:00,0.29,0.295,23.2,26.9
2026-05-08 07:00:00,0.29,0.295,22.6,23.6
2026-05-08 08:00:00,0.29,0.296,21.9,20.6
2026-05-08 09:00:00,0.29,0.297,21.1,18.7
2026-05-08 10:00:00,0.29,0.298,20.2,16.9
2026-05-08 11:00:00,0.29,0.299,19.3,15.6
2026-05-08 12:00:00,0.29,0.301,18.4,14.1
2026-05-08 13:00:00,0.29,0.302,17.6,13
2026-05-08 14:00:00,0.291,0.303,16.8,12.2
2026-05-08 15:00:00,0.291,0.303,16,11.4
2026-05-08 16:00:00,0.291,0.304,15.4,10.7
2026-05-08 17:00:00,0.291,0.305,14.8,10.2
2026-05-08 18:00:00,0.291,0.306,14.2,9.7
2026-05-08 19:00:00,0.29,0.306,13.7,9.5
2026-05-08 20:00:00,0.29,0.307,13.3,9.4
2026-05-08 21:00:00,0.29,0.307,13,9.8
2026-05-08 22:00:00,0.29,0.307,13,10.9
2026-05-08 23:00:00,0.29,0.305,13.6,13.6
2026-05-09 00:00:00,0.289,0.302,15.1,18.7
2026-05-09 01:00:00,0.288,0.299,17,24.4
2026-05-09 02:00:00,0.286,0.296,19.2,28.9
2026-05-09 03:00:00,0.285,0.294,21.3,31.6
2026-05-09 04:00:00,0.284,0.292,23,31.5
2026-05-09 05:00:00,0.283,0.291,24.2,31.6
2026-05-09 06:00:00,0.282,0.291,24.5,30
2026-05-09 07:00:00,0.282,0.291,23.9,26.8
2026-05-09 08:00:00,0.282,0.293,23,23
2026-05-09 09:00:00,0.282,0.294,22.1,20
2026-05-09 10:00:00,0.283,0.295,21,17.8
2026-05-09 11:00:00,0.284,0.296,20,16.2
2026-05-09 12:00:00,0.284,0.298,19,14.9
2026-05-09 13:00:00,0.284,0.299,18.2,13.9
2026-05-09 14:00:00,0.284,0.299,17.4,13.1
2026-05-09 15:00:00,0.285,0.3,16.8,12.4
2026-05-09 16:00:00,0.285,0.301,16.1,11.8
2026-05-09 17:00:00,0.285,0.302,15.5,11.3
2026-05-09 18:00:00,0.285,0.302,15,10.8
2026-05-09 19:00:00,0.286,0.303,14.5,10.3
2026-05-09 20:00:00,0.286,0.303,14.1,10.1
2026-05-09 21:00:00,0.286,0.304,13.7,10.3
2026-05-09 22:00:00,0.286,0.303,13.7,11.9
2026-05-09 23:00:00,0.285,0.301,14.3,14.9
2026-05-10 00:00:00,0.285,0.299,15.7,20.2
2026-05-10 01:00:00,0.284,0.297,17.6,24.5
2026-05-10 02:00:00,0.283,0.294,19.7,27.4
2026-05-10 03:00:00,0.281,0.292,21.7,29.6
2026-05-10 04:00:00,0.28,0.29,23.5,30.4
2026-05-10 05:00:00,0.28,0.289,24.7,30.5
2026-05-10 06:00:00,0.279,0.288,25.1,29
2026-05-10 07:00:00,0.279,0.288,24.8,27.1
2026-05-10 08:00:00,0.279,0.289,24.1,24.2
2026-05-10 09:00:00,0.28,0.291,23.4,21.7
2026-05-10 10:00:00,0.281,0.292,22.4,19.5
2026-05-10 11:00:00,0.283,0.293,21.5,17.7
2026-05-10 12:00:00,0.291,0.294,20.6,16.5
2026-05-10 13:00:00,0.307,0.295,19.7,15.5
2026-05-10 14:00:00,0.323,0.296,19,15
2026-05-10 15:00:00,0.333,0.297,18.4,14.5
2026-05-10 16:00:00,0.341,0.297,17.9,14.2
2026-05-10 17:00:00,0.347,0.297,17.5,14.7
2026-05-10 18:00:00,0.352,0.298,17.2,14.9
2026-05-10 19:00:00,0.354,0.298,17,14.2
2026-05-10 20:00:00,0.356,0.3,16.7,13.7
2026-05-10 21:00:00,0.358,0.301,16.4,13.9
2026-05-10 22:00:00,0.359,0.3,16.4,15.7
2026-05-10 23:00:00,0.361,0.299,17,18.9
2026-05-11 00:00:00,0.361,0.297,18.1,22.7
2026-05-11 01:00:00,0.36,0.296,19.6,25.5
2026-05-11 02:00:00,0.36,0.295,21.1,28
2026-05-11 03:00:00,0.359,0.293,22.3,28.8
2026-05-11 04:00:00,0.359,0.291,23.3,30.7
2026-05-11 05:00:00,0.359,0.291,24.2,29
2026-05-11 06:00:00,0.36,0.292,24.1,25.4
2026-05-11 07:00:00,0.361,0.293,23.6,24.5
2026-05-11 08:00:00,0.362,0.294,23.1,23.4
2026-05-11 09:00:00,0.363,0.295,22.7,22.3
2026-05-11 10:00:00,0.364,0.295,22.2,20.7
2026-05-11 11:00:00,0.364,0.296,21.6,19.9
2026-05-11 12:00:00,0.365,0.297,21,19.3
2026-05-11 13:00:00,0.366,0.298,20.5,18.6
2026-05-11 14:00:00,0.367,0.298,20,18.1
2026-05-11 15:00:00,0.367,0.299,19.7,18.1
2026-05-11 16:00:00,0.366,0.299,19.5,17.4
2026-05-11 17:00:00,0.366,0.3,19.1,16.9
2026-05-11 18:00:00,0.366,0.3,18.8,17.1
2026-05-11 19:00:00,0.366,0.301,18.6,17.2
2026-05-11 20:00:00,0.366,0.301,18.5,17.1
2026-05-11 21:00:00,0.37,0.306,18.3,17.1
2026-05-11 22:00:00,0.394,0.348,18.1,17
2026-05-11 23:00:00,0.395,0.364,17.9,16.6
2026-05-12 00:00:00,0.395,0.373,17.7,16.3
2026-05-12 01:00:00,0.396,0.377,17.5,16.1
2026-05-12 02:00:00,0.396,0.379,17.5,17.4
2026-05-12 03:00:00,0.396,0.378,17.9,18.9
2026-05-12 04:00:00,0.386,0.376,18.6,20.7
2026-05-12 05:00:00,0.382,0.374,19.6,22.1
2026-05-12 06:00:00,0.378,0.316,20.5,20.8
2026-05-12 07:00:00,0.374,0.31,20.8,20.1
2026-05-12 08:00:00,0.373,0.312,20.8,20
2026-05-12 09:00:00,0.373,0.313,20.5,20
2026-05-12 10:00:00,0.373,0.314,19.9,19.8
2026-05-12 11:00:00,0.373,0.315,19.3,19.6
2026-05-12 12:00:00,0.374,0.315,18.7,19.4
2026-05-12 13:00:00,0.374,0.316,18.1,19.1
2026-05-12 14:00:00,0.375,0.316,17.6,18.9
2026-05-12 15:00:00,0.375,0.317,17.1,18.6
2026-05-12 16:00:00,0.376,0.317,16.7,18.4
2026-05-12 17:00:00,0.376,0.317,16.5,18.2
2026-05-12 18:00:00,0.376,0.317,16.4,18
2026-05-12 19:00:00,0.376,0.317,16.2,17.8
2026-05-12 20:00:00,0.376,0.318,16.1,17.7
2026-05-12 21:00:00,0.376,0.318,16,17.5
2026-05-12 22:00:00,0.376,0.318,16.2,17.5
2026-05-12 23:00:00,0.375,0.318,16.6,17.5
2026-05-13 00:00:00,0.374,0.318,17.1,17.5
2026-05-13 01:00:00,0.373,0.318,17.9,17.7
2026-05-13 02:00:00,0.371,0.318,19.7,18
2026-05-13 03:00:00,0.368,0.318,21.8,18.7
2026-05-13 04:00:00,0.365,0.318,23.4,19.3
2026-05-13 05:00:00,0.363,0.349,24.5,20
2026-05-13 06:00:00,0.364,0.426,24.6,20.3
2026-05-13 07:00:00,0.365,0.418,24,20.8
2026-05-13 08:00:00,0.367,0.421,23.4,21
2026-05-13 09:00:00,0.37,0.426,22.6,21.2
2026-05-13 10:00:00,0.373,0.423,21.7,21.1
2026-05-13 11:00:00,0.377,0.428,20.9,20.9
2026-05-13 12:00:00,0.38,0.429,20.2,20.7
2026-05-13 13:00:00,0.386,0.432,19.7,19.8
2026-05-13 14:00:00,0.391,0.435,19.2,18.6
2026-05-13 15:00:00,0.393,0.435,18.7,18.4
2026-05-13 16:00:00,0.394,0.436,18.3,18.2
2026-05-13 17:00:00,0.395,0.436,17.9,17.9
2026-05-13 18:00:00,0.396,0.436,17.6,17.6
2026-05-13 19:00:00,0.397,0.437,17.3,17.4
2026-05-13 20:00:00,0.397,0.437,17,17.3
2026-05-13 21:00:00,0.397,0.435,16.7,17.2
2026-05-13 22:00:00,0.398,0.435,16.8,17.3
2026-05-13 23:00:00,0.397,0.434,17.5,18.4
2026-05-14 00:00:00,0.396,0.433,18.9,20.1
2026-05-14 01:00:00,0.395,0.432,20.7,22.2
2026-05-14 02:00:00,0.393,0.43,22.4,24.9
2026-05-14 03:00:00,0.392,0.429,24,27.1
2026-05-14 04:00:00,0.391,0.427,25.3,29.5
2026-05-14 05:00:00,0.39,0.426,26.1,30.5
2026-05-14 06:00:00,0.39,0.425,26.3,30.6
2026-05-14 07:00:00,0.39,0.425,25.9,30.3
2026-05-14 08:00:00,0.39,0.426,25.4,29.8
2026-05-14 09:00:00,0.391,0.427,24.7,28.6
2026-05-14 10:00:00,0.391,0.428,23.9,26.8
2026-05-14 11:00:00,0.392,0.429,23,25.5
2026-05-14 12:00:00,0.393,0.43,22.4,24.7
2026-05-14 13:00:00,0.393,0.43,21.8,24
2026-05-14 14:00:00,0.394,0.431,21.2,23.3
2026-05-14 15:00:00,0.395,0.431,20.7,22.7
2026-05-14 16:00:00,0.395,0.432,20.2,22.4
2026-05-14 17:00:00,0.396,0.432,19.8,21.9
2026-05-14 18:00:00,0.396,0.433,19.3,21.3
2026-05-14 19:00:00,0.396,0.433,18.9,20.9
2026-05-14 20:00:00,0.397,0.433,18.5,20.4
2026-05-14 21:00:00,0.397,0.434,18.2,19.9
2026-05-14 22:00:00,0.397,0.434,18.2,19.4
2026-05-14 23:00:00,0.396,0.434,18.9,19.4
2026-05-15 00:00:00,0.395,0.434,20.1,19.8
2026-05-15 01:00:00,0.393,0.433,21.7,21.2
2026-05-15 02:00:00,0.392,0.432,23,22.5
2026-05-15 03:00:00,0.391,0.431,24,23.7
2026-05-15 04:00:00,0.391,0.431,24.8,24.2
2026-05-15 05:00:00,0.39,0.43,25.6,25
2026-05-15 06:00:00,0.389,0.429,25.9,25.9
2026-05-15 07:00:00,0.39,0.429,25.4,26.4
2026-05-15 08:00:00,0.39,0.429,24.8,26.6
2026-05-15 09:00:00,0.391,0.429,24.2,26.3
2026-05-15 10:00:00,0.391,0.429,23.4,25.7
2026-05-15 11:00:00,0.392,0.43,22.7,25
2026-05-15 12:00:00,0.393,0.43,22,24.4
2026-05-15 13:00:00,0.393,0.431,21.5,23.8
2026-05-15 14:00:00,0.394,0.431,21,23.3
2026-05-15 15:00:00,0.394,0.431,20.5,22.7
2026-05-15 16:00:00,0.395,0.432,20,22.2
2026-05-15 17:00:00,0.395,0.432,19.6,21.7
2026-05-15 18:00:00,0.395,0.432,19.1,21.2
2026-05-15 19:00:00,0.396,0.433,18.7,20.8
2026-05-15 20:00:00,0.396,0.433,18.2,20.3
2026-05-15 21:00:00,0.397,0.433,17.9,19.9
2026-05-15 22:00:00,0.397,0.434,17.9,19.5
2026-05-15 23:00:00,0.396,0.434,18.6,19.3
2026-05-16 00:00:00,0.395,0.434,19.9,19.6
2026-05-16 01:00:00,0.394,0.433,21.5,20.3
2026-05-16 02:00:00,0.392,0.433,23.1,21.3
2026-05-16 03:00:00,0.391,0.432,24.5,22.5
2026-05-16 04:00:00,0.39,0.431,25.5,23.7
2026-05-16 05:00:00,0.389,0.43,25.8,24.5
2026-05-16 06:00:00,0.389,0.43,25.5,25
2026-05-16 07:00:00,0.389,0.43,24.8,25.2
2026-05-16 08:00:00,0.39,0.429,24.3,25.2
2026-05-16 09:00:00,0.39,0.43,23.7,25
2026-05-16 10:00:00,0.391,0.43,23,24.6
2026-05-16 11:00:00,0.392,0.43,22.3,24
2026-05-16 12:00:00,0.393,0.431,21.7,23.4
2026-05-16 13:00:00,0.393,0.432,21.1,21.9
2026-05-16 14:00:00,0.394,0.432,20.6,21
2026-05-16 15:00:00,0.394,0.433,20.1,20.3
2026-05-16 16:00:00,0.394,0.433,19.6,19.7
2026-05-16 17:00:00,0.395,0.434,19.1,19.2
2026-05-16 18:00:00,0.396,0.434,18.7,18.6
2026-05-16 19:00:00,0.396,0.435,18.3,18.2
2026-05-16 20:00:00,0.396,0.435,17.9,17.7
2026-05-16 21:00:00,0.396,0.435,17.6,17.3
2026-05-16 22:00:00,0.396,0.435,17.6,17.5
2026-05-16 23:00:00,0.396,0.435,18.3,18.7
2026-05-17 00:00:00,0.395,0.434,19.6,20.3
2026-05-17 01:00:00,0.394,0.433,21.1,21.5
2026-05-17 02:00:00,0.391,0.433,22.7,21.6
2026-05-17 03:00:00,0.388,0.432,24,22.1
2026-05-17 04:00:00,0.385,0.432,25.1,23
2026-05-17 05:00:00,0.382,0.431,25.8,23.8
2026-05-17 06:00:00,0.38,0.43,25.9,24.6
2026-05-17 07:00:00,0.38,0.43,25.2,25
2026-05-17 08:00:00,0.381,0.429,24.7,25.1
2026-05-17 09:00:00,0.382,0.429,24.1,24.9
2026-05-17 10:00:00,0.386,0.429,23.4,24.6
2026-05-17 11:00:00,0.389,0.43,22.7,24.2
2026-05-17 12:00:00,0.391,0.43,22,23.7
2026-05-17 13:00:00,0.39,0.43,21.4,23.3
2026-05-17 14:00:00,0.393,0.431,20.8,22.8
2026-05-17 15:00:00,0.394,0.431,20.3,22.3
2026-05-17 16:00:00,0.395,0.431,19.8,21.9
2026-05-17 17:00:00,0.395,0.432,19.3,21.5
2026-05-17 18:00:00,0.396,0.432,18.8,21
2026-05-17 19:00:00,0.397,0.432,18.4,20.6
2026-05-17 20:00:00,0.397,0.432,17.9,20.2
2026-05-17 21:00:00,0.398,0.433,17.6,19.8
2026-05-17 22:00:00,0.398,0.433,17.6,19.5
2026-05-17 23:00:00,0.397,0.433,18.4,19.2
2026-05-18 00:00:00,0.396,0.433,19.9,19.3
2026-05-18 01:00:00,0.393,0.432,21.6,19.9
2026-05-18 02:00:00,0.39,0.431,23,20.8
2026-05-18 03:00:00,0.388,0.43,24.2,21.9
2026-05-18 04:00:00,0.389,0.429,25.3,23.2
2026-05-18 05:00:00,0.389,0.428,26.2,24.5
2026-05-18 06:00:00,0.389,0.427,26.5,25.7
2026-05-18 07:00:00,0.389,0.426,26,26.6
2026-05-18 08:00:00,0.39,0.426,25.4,27.1
2026-05-18 09:00:00,0.391,0.425,24.9,27.3
2026-05-18 10:00:00,0.391,0.425,24.3,27.2
2026-05-18 11:00:00,0.392,0.425,23.6,26.8
2026-05-18 12:00:00,0.393,0.426,22.9,26.3
2026-05-18 13:00:00,0.394,0.426,22.2,25.7
2026-05-18 14:00:00,0.394,0.427,21.6,25
2026-05-18 15:00:00,0.396,0.427,21.1,24.2
2026-05-18 16:00:00,0.396,0.428,20.5,23.4
2026-05-18 17:00:00,0.397,0.428,20,22.7
2026-05-18 18:00:00,0.396,0.429,19.6,22.1
2026-05-18 19:00:00,0.396,0.429,19.2,21.5
2026-05-18 20:00:00,0.396,0.43,18.8,20.9
2026-05-18 21:00:00,0.397,0.43,18.5,20.4
2026-05-18 22:00:00,0.397,0.43,18.7,20.1
2026-05-18 23:00:00,0.396,0.431,19.4,20
2026-05-19 00:00:00,0.395,0.43,20.5,20.4
2026-05-19 01:00:00,0.393,0.43,21.7,21
2026-05-19 02:00:00,0.392,0.43,22.7,21.7
2026-05-19 03:00:00,0.391,0.429,23.4,22.4
2026-05-19 04:00:00,0.391,0.429,24.1,23.3
2026-05-19 05:00:00,0.39,0.428,24.5,24
2026-05-19 06:00:00,0.39,0.428,24.5,24.4
2026-05-19 07:00:00,0.39,0.427,24.4,24.7
2026-05-19 08:00:00,0.39,0.427,24.2,24.7
2026-05-19 09:00:00,0.391,0.427,23.8,24.6
2026-05-19 10:00:00,0.391,0.428,23.3,24.4
2026-05-19 11:00:00,0.391,0.428,22.9,24.1
2026-05-19 12:00:00,0.391,0.428,22.5,23.8
2026-05-19 13:00:00,0.392,0.429,22.2,23.4
2026-05-19 14:00:00,0.392,0.429,22,23.1
2026-05-19 15:00:00,0.392,0.429,21.7,22.8
2026-05-19 16:00:00,0.393,0.429,21.5,22.5
2026-05-19 17:00:00,0.393,0.429,21.3,22.2
2026-05-19 18:00:00,0.393,0.43,21.1,22
2026-05-19 19:00:00,0.393,0.43,20.9,21.7
2026-05-19 20:00:00,0.393,0.43,20.7,21.5
2026-05-19 21:00:00,0.393,0.43,20.6,21.3
2026-05-19 22:00:00,0.393,0.431,20.5,21.1
2026-05-19 23:00:00,0.393,0.431,20.5,21
2026-05-20 00:00:00,0.394,0.431,20.6,20.9
2026-05-20 01:00:00,0.394,0.431,20.6,20.9
2026-05-20 02:00:00,0.393,0.431,20.8,20.9
2026-05-20 03:00:00,0.393,0.431,21,20.9
2026-05-20 04:00:00,0.393,0.431,21.1,21
2026-05-20 05:00:00,0.393,0.431,21.1,21.1
2026-05-20 06:00:00,0.393,0.431,21.1,21.1
2026-05-20 07:00:00,0.393,0.431,21.2,21.2
2026-05-20 08:00:00,0.393,0.431,21.2,21.2
2026-05-20 09:00:00,0.393,0.431,21.1,21.2
2026-05-20 10:00:00,0.394,0.431,21,21.2
2026-05-20 11:00:00,0.394,0.432,20.9,21.1
2026-05-20 12:00:00,0.394,0.432,20.8,21
2026-05-20 13:00:00,0.394,0.432,20.7,21
2026-05-20 14:00:00,0.394,0.432,20.6,20.9
2026-05-20 15:00:00,0.394,0.432,20.5,20.8
2026-05-20 16:00:00,0.394,0.432,20.4,20.7
2026-05-20 17:00:00,0.395,0.432,20.4,20.7
2026-05-20 18:00:00,0.394,0.432,20.3,20.6
2026-05-20 19:00:00,0.393,0.432,20.1,20.5
2026-05-20 20:00:00,0.394,0.432,19.9,20.4
2026-05-20 21:00:00,0.394,0.433,19.8,20.2
2026-05-20 22:00:00,0.394,0.433,19.7,20.1
2026-05-20 23:00:00,0.394,0.433,19.7,20
2026-05-21 00:00:00,0.394,0.433,19.7,20
2026-05-21 01:00:00,0.394,0.433,19.9,20
2026-05-21 02:00:00,0.395,0.433,20.1,20.1
2026-05-21 03:00:00,0.394,0.433,20.5,20.2
2026-05-21 04:00:00,0.393,0.433,20.6,20.4
2026-05-21 05:00:00,0.393,0.433,20.4,20.5
2026-05-21 06:00:00,0.393,0.432,20.3,20.5
2026-05-21 07:00:00,0.393,0.432,20.1,20.5
2026-05-21 08:00:00,0.393,0.432,20,20.4
2026-05-21 09:00:00,0.394,0.432,19.9,20.3
2026-05-21 10:00:00,0.394,0.432,19.8,20.3
2026-05-21 11:00:00,0.394,0.432,19.6,20.2
2026-05-21 12:00:00,0.395,0.433,19.5,20
2026-05-21 13:00:00,0.395,0.433,19.4,19.9
2026-05-21 14:00:00,0.395,0.433,19.2,19.8
2026-05-21 15:00:00,0.395,0.433,19.2,19.7
2026-05-21 16:00:00,0.395,0.433,19.1,19.6
2026-05-21 17:00:00,0.395,0.433,19,19.5
2026-05-21 18:00:00,0.395,0.433,18.9,19.4
2026-05-21 19:00:00,0.395,0.433,18.9,19.3
2026-05-21 20:00:00,0.396,0.433,18.8,19.3
2026-05-21 21:00:00,0.396,0.433,18.7,19.2
2026-05-21 22:00:00,0.395,0.433,18.8,19.1
2026-05-21 23:00:00,0.395,0.433,19.1,19.1
2026-05-22 00:00:00,0.394,0.433,19.7,19.2
2026-05-22 01:00:00,0.393,0.433,20.7,19.5
2026-05-22 02:00:00,0.392,0.432,21.2,20
2026-05-22 03:00:00,0.392,0.432,21.8,20.5
2026-05-22 04:00:00,0.391,0.432,22.1,21
2026-05-22 05:00:00,0.39,0.431,22.8,21.5
2026-05-22 06:00:00,0.39,0.431,23.2,22.1
2026-05-22 07:00:00,0.389,0.43,23.2,22.6
2026-05-22 08:00:00,0.389,0.43,23.2,22.9
2026-05-22 09:00:00,0.39,0.43,23,23.2
2026-05-22 10:00:00,0.391,0.43,22.6,23.2
2026-05-22 11:00:00,0.391,0.43,22,22.9
2026-05-22 12:00:00,0.393,0.43,21.4,22.6
2026-05-22 13:00:00,0.393,0.431,20.9,22.1
2026-05-22 14:00:00,0.394,0.431,20.4,21.7
2026-05-22 15:00:00,0.394,0.431,20,21.3
2026-05-22 16:00:00,0.395,0.432,19.6,20.8
2026-05-22 17:00:00,0.395,0.432,19.3,20.5
2026-05-22 18:00:00,0.396,0.432,19.2,20.2
2026-05-22 19:00:00,0.395,0.432,19.1,20
2026-05-22 20:00:00,0.395,0.433,18.8,19.8
2026-05-22 21:00:00,0.396,0.433,18.6,19.5
2026-05-22 22:00:00,0.396,0.433,18.6,19.3
2026-05-22 23:00:00,0.395,0.433,19,19.3
2026-05-23 00:00:00,0.395,0.433,19.3,19.3
2026-05-23 01:00:00,0.395,0.433,19.5,19.5
2026-05-23 02:00:00,0.394,0.433,20,19.7
2026-05-23 03:00:00,0.393,0.432,21.1,20.1
2026-05-23 04:00:00,0.391,0.432,22.3,21
2026-05-23 05:00:00,0.39,0.431,23.1,22
2026-05-23 06:00:00,0.389,0.431,23.3,22.7
2026-05-23 07:00:00,0.39,0.43,23.2,23
2026-05-23 08:00:00,0.39,0.43,23.1,23.3
2026-05-23 09:00:00,0.391,0.43,22.9,23.3
2026-05-23 10:00:00,0.392,0.43,22.5,23.2
2026-05-23 11:00:00,0.393,0.43,21.9,23
2026-05-23 12:00:00,0.394,0.431,21.4,22.5
2026-05-23 13:00:00,0.394,0.431,20.9,22.1
2026-05-23 14:00:00,0.395,0.431,20.4,21.7
2026-05-23 15:00:00,0.395,0.432,20,21.3
2026-05-23 16:00:00,0.396,0.432,19.7,20.9
2026-05-23 17:00:00,0.396,0.432,19.4,20.6
2026-05-23 18:00:00,0.396,0.432,19.2,20.3
2026-05-23 19:00:00,0.396,0.433,19.1,20.1
2026-05-23 20:00:00,0.396,0.433,19,19.9
2026-05-23 21:00:00,0.397,0.433,18.8,19.7
2026-05-23 22:00:00,0.397,0.433,18.9,19.5
2026-05-23 23:00:00,0.396,0.433,19.4,19.5
2026-05-24 00:00:00,0.395,0.433,20.4,19.8
2026-05-24 01:00:00,0.392,0.432,21.5,20.5
2026-05-24 02:00:00,0.39,0.432,22.8,21.4
2026-05-24 03:00:00,0.387,0.431,24.2,22.6
2026-05-24 04:00:00,0.385,0.43,25.4,23.7
2026-05-24 05:00:00,0.382,0.429,26,24.5
2026-05-24 06:00:00,0.378,0.429,26,25.1
2026-05-24 07:00:00,0.378,0.429,25.6,25.3
2026-05-24 08:00:00,0.381,0.429,25.1,25.3
2026-05-24 09:00:00,0.38,0.429,24.5,25
2026-05-24 10:00:00,0.38,0.429,23.9,24.7
2026-05-24 11:00:00,0.381,0.429,23.3,24.3
2026-05-24 12:00:00,0.383,0.43,22.8,23.8
2026-05-24 13:00:00,0.386,0.43,22.2,23.3
2026-05-24 14:00:00,0.388,0.43,21.8,22.9
2026-05-24 15:00:00,0.389,0.431,21.5,22.5
2026-05-24 16:00:00,0.39,0.431,21.3,22.2
2026-05-24 17:00:00,0.39,0.431,21.1,22
2026-05-24 18:00:00,0.39,0.431,20.8,21.7
2026-05-24 19:00:00,0.39,0.431,20.6,21.5
2026-05-24 20:00:00,0.39,0.431,20.4,21.3
2026-05-24 21:00:00,0.391,0.432,20.3,21.1
2026-05-24 22:00:00,0.39,0.432,20.5,21
2026-05-24 23:00:00,0.391,0.432,21,21
2026-05-25 00:00:00,0.388,0.432,21.9,21.1
2026-05-25 01:00:00,0.383,0.432,22.8,21.4
2026-05-25 02:00:00,0.378,0.431,23.8,21.7
2026-05-25 03:00:00,0.375,0.431,24.9,22.2
2026-05-25 04:00:00,0.368,0.43,25.7,22.8
2026-05-25 05:00:00,0.366,0.43,26.4,23.3
2026-05-25 06:00:00,0.364,0.429,26.5,23.7
2026-05-25 07:00:00,0.363,0.429,26.3,24.1
2026-05-25 08:00:00,0.363,0.429,26,24.3
2026-05-25 09:00:00,0.364,0.428,25.5,24.3
2026-05-25 10:00:00,0.364,0.429,25,24.3
2026-05-25 11:00:00,0.365,0.429,24.4,24.1
2026-05-25 12:00:00,0.366,0.428,23.8,23.9
2026-05-25 13:00:00,0.367,0.428,23.4,23.7
2026-05-25 14:00:00,0.368,0.428,23,23.5
2026-05-25 15:00:00,0.369,0.428,22.7,23.3
2026-05-25 16:00:00,0.371,0.428,22.4,23.1
2026-05-25 17:00:00,0.372,0.429,22.2,22.9
2026-05-25 18:00:00,0.373,0.429,22.1,22.7
2026-05-25 19:00:00,0.374,0.429,22,22.6
2026-05-25 20:00:00,0.375,0.429,22,22.5
2026-05-25 21:00:00,0.376,0.429,21.9,22.4
2026-05-25 22:00:00,0.376,0.429,22,22.3
2026-05-25 23:00:00,0.375,0.429,22.2,22.3
2026-05-26 00:00:00,0.374,0.429,22.6,22.3
2026-05-26 01:00:00,0.373,0.429,22.9,22.3
2026-05-26 02:00:00,0.37,0.429,23.5,22.4
2026-05-26 03:00:00,0.368,0.428,24.3,22.6
2026-05-26 04:00:00,0.366,0.428,24.6,22.8
2026-05-26 05:00:00,0.365,0.428,24.7,23
2026-05-26 06:00:00,0.365,0.428,24.6,23.2
2026-05-26 07:00:00,0.366,0.428,24.5,23.3
2026-05-26 08:00:00,0.369,0.427,24.3,23.3
2026-05-26 09:00:00,0.375,0.423,23.9,23.3
2026-05-26 10:00:00,0.38,0.415,23.4,23.3
2026-05-26 11:00:00,0.382,0.413,23,23.2
2026-05-26 12:00:00,0.383,0.412,22.7,23.1
2026-05-26 13:00:00,0.384,0.412,22.5,23
2026-05-26 14:00:00,0.385,0.412,22.3,22.8
2026-05-26 15:00:00,0.386,0.412,22.1,22.7
2026-05-26 16:00:00,0.386,0.412,21.9,22.6
2026-05-26 17:00:00,0.387,0.412,21.8,22.5
2026-05-26 18:00:00,0.387,0.412,21.7,22.4
2026-05-26 19:00:00,0.387,0.412,21.6,22.3
2026-05-26 20:00:00,0.388,0.412,21.6,22.2
2026-05-26 21:00:00,0.388,0.412,21.5,22.1
2026-05-26 22:00:00,0.388,0.412,21.6,22
2026-05-26 23:00:00,0.388,0.411,21.8,22
2026-05-27 00:00:00,0.387,0.411,22.2,22
2026-05-27 01:00:00,0.385,0.411,22.9,22
2026-05-27 02:00:00,0.384,0.411,23.9,22.1
2026-05-27 03:00:00,0.383,0.403,24.7,22.4
2026-05-27 04:00:00,0.382,0.394,25.2,22.6
2026-05-27 05:00:00,0.377,0.392,25.4,22.9
2026-05-27 06:00:00,0.372,0.389,25.3,23.2
2026-05-27 07:00:00,0.372,0.386,25.1,23.4
2026-05-27 08:00:00,0.373,0.385,24.8,23.5
2026-05-27 09:00:00,0.373,0.384,24.5,23.5
2026-05-27 10:00:00,0.378,0.383,24.2,23.5
2026-05-27 11:00:00,0.379,0.383,23.9,23.5
2026-05-27 12:00:00,0.383,0.383,23.7,23.4
2026-05-27 13:00:00,0.385,0.383,23.4,23.3
2026-05-27 14:00:00,0.386,0.387,23.3,23.3
2026-05-27 15:00:00,0.387,0.417,23.1,23.2
2026-05-27 16:00:00,0.388,0.419,22.9,23.1
2026-05-27 17:00:00,0.388,0.419,22.8,22.9
2026-05-27 18:00:00,0.389,0.419,22.6,22.7
2026-05-27 19:00:00,0.389,0.42,22.5,22.6
2026-05-27 20:00:00,0.39,0.421,22.3,22.5
2026-05-27 21:00:00,0.39,0.421,22.1,22.4
2026-05-27 22:00:00,0.39,0.421,22,22.3
2026-05-27 23:00:00,0.39,0.421,22.1,22.3
2026-05-28 00:00:00,0.39,0.421,22.2,22.3
2026-05-28 01:00:00,0.39,0.421,22.4,22.5
2026-05-28 02:00:00,0.39,0.421,22.6,22.7
2026-05-28 03:00:00,0.39,0.422,22.6,22.7
2026-05-28 04:00:00,0.39,0.421,22.7,22.8
2026-05-28 05:00:00,0.389,0.421,22.9,23
2026-05-28 06:00:00,0.389,0.421,23.1,23.2
2026-05-28 07:00:00,0.389,0.421,23,23.1
2026-05-28 08:00:00,0.389,0.421,22.9,23
2026-05-28 09:00:00,0.389,0.421,22.6,22.9
2026-05-28 10:00:00,0.39,0.422,22.3,22.8
2026-05-28 11:00:00,0.39,0.422,22,22.6
2026-05-28 12:00:00,0.391,0.422,21.6,22.4
2026-05-28 13:00:00,0.392,0.422,21.2,22.1
2026-05-28 14:00:00,0.392,0.423,20.9,21.7
2026-05-28 15:00:00,0.392,0.423,20.7,21.4
2026-05-28 16:00:00,0.392,0.423,20.5,21.2
2026-05-28 17:00:00,0.392,0.423,20.3,20.9
2026-05-28 18:00:00,0.393,0.424,20,20.7
2026-05-28 19:00:00,0.393,0.424,19.6,20.5
2026-05-28 20:00:00,0.394,0.424,19.3,20.2
2026-05-28 21:00:00,0.394,0.424,19.1,20
2026-05-28 22:00:00,0.394,0.425,19.2,19.9
2026-05-28 23:00:00,0.393,0.425,19.9,19.9
2026-05-29 00:00:00,0.392,0.424,20.9,20.1
2026-05-29 01:00:00,0.39,0.424,22,20.5
2026-05-29 02:00:00,0.388,0.424,23.5,21.1
2026-05-29 03:00:00,0.387,0.423,24.7,22.4
2026-05-29 04:00:00,0.386,0.422,25.5,23.5
2026-05-29 05:00:00,0.385,0.422,26,24.3
2026-05-29 06:00:00,0.38,0.421,26,25
2026-05-29 07:00:00,0.376,0.421,25.4,25.4
2026-05-29 08:00:00,0.376,0.42,25,25.8
2026-05-29 09:00:00,0.376,0.42,24.4,25.6
2026-05-29 10:00:00,0.376,0.421,23.6,25.2
2026-05-29 11:00:00,0.377,0.421,22.8,24.4
2026-05-29 12:00:00,0.378,0.421,22.1,23.6
2026-05-29 13:00:00,0.38,0.422,21.5,23
2026-05-29 14:00:00,0.382,0.423,21,22.3
2026-05-29 15:00:00,0.384,0.423,20.5,21.8
2026-05-29 16:00:00,0.385,0.423,20.1,21.3
2026-05-29 17:00:00,0.386,0.424,19.6,20.8
2026-05-29 18:00:00,0.387,0.424,19.2,20.4
2026-05-29 19:00:00,0.387,0.425,18.9,20
2026-05-29 20:00:00,0.388,0.425,18.5,19.7
2026-05-29 21:00:00,0.389,0.425,18.2,19.3
2026-05-29 22:00:00,0.389,0.425,18.4,19
2026-05-29 23:00:00,0.389,0.426,19.3,19.1
2026-05-30 00:00:00,0.388,0.426,20.8,19.4
2026-05-30 01:00:00,0.386,0.425,22.5,20.2
2026-05-30 02:00:00,0.384,0.425,24.1,21.2
2026-05-30 03:00:00,0.381,0.424,25.5,22
2026-05-30 04:00:00,0.376,0.424,26.3,23
2026-05-30 05:00:00,0.373,0.423,26.7,23.7
2026-05-30 06:00:00,0.372,0.423,26.5,24.1
2026-05-30 07:00:00,0.371,0.422,26,24.5
2026-05-30 08:00:00,0.37,0.422,25.6,24.8
2026-05-30 09:00:00,0.37,0.421,25.3,24.9
2026-05-30 10:00:00,0.371,0.421,24.7,24.9
2026-05-30 11:00:00,0.372,0.418,24,24.9
2026-05-30 12:00:00,0.373,0.418,23.3,24.6
2026-05-30 13:00:00,0.374,0.418,22.6,24.4
2026-05-30 14:00:00,0.376,0.419,22.1,24
2026-05-30 15:00:00,0.379,0.419,21.5,23.6
2026-05-30 16:00:00,0.381,0.42,21.1,23.3
2026-05-30 17:00:00,0.383,0.42,20.6,22.9
2026-05-30 18:00:00,0.385,0.42,20.2,22.5
2026-05-30 19:00:00,0.386,0.421,19.8,22.2
2026-05-30 20:00:00,0.387,0.421,19.4,21.9
2026-05-30 21:00:00,0.388,0.421,19.1,21.5
2026-05-30 22:00:00,0.389,0.422,19.2,21
2026-05-30 23:00:00,0.388,0.423,20.1,20.8
2026-05-31 00:00:00,0.387,0.423,21.6,20.7
2026-05-31 01:00:00,0.385,0.423,23.3,20.8
2026-05-31 02:00:00,0.383,0.423,24.9,21.4
2026-05-31 03:00:00,0.378,0.422,26.2,22.2
2026-05-31 04:00:00,0.375,0.422,27,22.9
2026-05-31 05:00:00,0.372,0.421,27.3,23.6
2026-05-31 06:00:00,0.37,0.42,27.2,24.1
2026-05-31 07:00:00,0.37,0.419,26.5,24.6
2026-05-31 08:00:00,0.37,0.418,26.1,25
2026-05-31 09:00:00,0.37,0.418,25.7,25.3
2026-05-31 10:00:00,0.371,0.418,25.1,25.4
2026-05-31 11:00:00,0.371,0.417,24.4,25.3
2026-05-31 12:00:00,0.373,0.416,23.8,25.1
2026-05-31 13:00:00,0.374,0.414,23.1,24.9
2026-05-31 14:00:00,0.375,0.415,22.6,24.5
2026-05-31 15:00:00,0.377,0.416,22.1,24.2
2026-05-31 16:00:00,0.379,0.416,21.6,23.9
2026-05-31 17:00:00,0.381,0.417,21.2,23.5
2026-05-31 18:00:00,0.383,0.418,20.9,23.2
2026-05-31 19:00:00,0.384,0.418,20.6,22.9
2026-05-31 20:00:00,0.385,0.418,20.3,22.6
2026-05-31 21:00:00,0.386,0.419,20,22.3
2026-05-31 22:00:00,0.387,0.419,20,22
2026-05-31 23:00:00,0.387,0.418,20.7,21.8
2026-06-01 00:00:00,0.386,0.419,21.5,21.7
2026-06-01 01:00:00,0.385,0.419,22.8,21.7
2026-06-01 02:00:00,0.383,0.42,24.4,21.9
2026-06-01 03:00:00,0.381,0.419,25.7,22.3
2026-06-01 04:00:00,0.378,0.412,26.5,22.9
2026-06-01 05:00:00,0.376,0.403,27.2,23.4
2026-06-01 06:00:00,0.373,0.394,27.6,24
2026-06-01 07:00:00,0.373,0.391,27.3,24.5
2026-06-01 08:00:00,0.373,0.404,26.9,24.9
2026-06-01 09:00:00,0.373,0.415,26.5,25.2
2026-06-01 10:00:00,0.373,0.414,25.9,25.4
2026-06-01 11:00:00,0.374,0.414,25.2,25.4
2026-06-01 12:00:00,0.375,0.405,24.6,25.2
2026-06-01 13:00:00,0.376,0.401,24.2,25.1
2026-06-01 14:00:00,0.377,0.401,23.9,24.9
2026-06-01 15:00:00,0.378,0.401,23.5,24.7
2026-06-01 16:00:00,0.384,0.401,23.3,24.5
2026-06-01 17:00:00,0.386,0.399,23,24.3
2026-06-01 18:00:00,0.386,0.398,22.8,24
2026-06-01 19:00:00,0.387,0.395,22.6,23.8
2026-06-01 20:00:00,0.388,0.405,22.4,23.7
2026-06-01 21:00:00,0.388,0.412,22.3,23.5
2026-06-01 22:00:00,0.388,0.413,22.2,23.3
2026-06-01 23:00:00,0.389,0.414,22.2,23.1
2026-06-02 00:00:00,0.39,0.415,22.2,23
2026-06-02 01:00:00,0.39,0.415,22.2,23
2026-06-02 02:00:00,0.39,0.415,22.4,22.9
2026-06-02 03:00:00,0.39,0.415,22.6,22.9
2026-06-02 04:00:00,0.39,0.415,22.8,22.9
2026-06-02 05:00:00,0.39,0.414,23.2,22.9
2026-06-02 06:00:00,0.389,0.412,23.8,23
2026-06-02 07:00:00,0.389,0.412,24.2,23.1
2026-06-02 08:00:00,0.388,0.408,24.6,23.3
2026-06-02 09:00:00,0.388,0.409,24.8,23.6
2026-06-02 10:00:00,0.388,0.409,24.4,23.9
2026-06-02 11:00:00,0.388,0.41,24,23.9
2026-06-02 12:00:00,0.389,0.407,23.5,23.9
2026-06-02 13:00:00,0.389,0.409,23,23.8
2026-06-02 14:00:00,0.39,0.411,22.6,23.6
2026-06-02 15:00:00,0.39,0.41,22.3,23.4
2026-06-02 16:00:00,0.391,0.412,22,23.2
2026-06-02 17:00:00,0.391,0.413,21.7,23
2026-06-02 18:00:00,0.392,0.412,21.4,22.8
2026-06-02 19:00:00,0.392,0.413,21.1,22.6
2026-06-02 20:00:00,0.392,0.413,20.8,22.4
2026-06-02 21:00:00,0.392,0.413,20.6,22.2
2026-06-02 22:00:00,0.392,0.414,20.8,22
2026-06-02 23:00:00,0.392,0.414,21.5,21.9
2026-06-03 00:00:00,0.39,0.414,22.5,21.9
2026-06-03 01:00:00,0.389,0.413,23.8,22
2026-06-03 02:00:00,0.387,0.417,25.4,22.2
2026-06-03 03:00:00,0.385,0.415,26.8,22.7
2026-06-03 04:00:00,0.384,0.413,27.9,23.4
2026-06-03 05:00:00,0.378,0.413,28.6,24.3
2026-06-03 06:00:00,0.375,0.411,28.5,25
2026-06-03 07:00:00,0.372,0.412,28.1,25.5
2026-06-03 08:00:00,0.372,0.411,27.5,25.8
2026-06-03 09:00:00,0.372,0.411,26.9,25.9
2026-06-03 10:00:00,0.373,0.412,26.3,25.9
2026-06-03 11:00:00,0.373,0.412,25.7,25.8
2026-06-03 12:00:00,0.374,0.412,25.3,25.6
2026-06-03 13:00:00,0.375,0.414,24.9,25.4
2026-06-03 14:00:00,0.376,0.416,24.4,25.2
2026-06-03 15:00:00,0.378,0.417,24.1,25
2026-06-03 16:00:00,0.379,0.417,23.8,24.8
2026-06-03 17:00:00,0.381,0.417,23.5,24.6
2026-06-03 18:00:00,0.382,0.417,23.2,24.4
2026-06-03 19:00:00,0.383,0.417,23,24.2
2026-06-03 20:00:00,0.384,0.418,22.8,24
2026-06-03 21:00:00,0.385,0.418,22.6,23.8
2026-06-03 22:00:00,0.385,0.418,22.6,23.6
2026-06-03 23:00:00,0.385,0.418,22.9,23.4
2026-06-04 00:00:00,0.384,0.418,23.5,23.4
2026-06-04 01:00:00,0.384,0.418,23.8,23.4
2026-06-04 02:00:00,0.384,0.418,23.9,23.5
2026-06-04 03:00:00,0.384,0.418,24.1,23.6
2026-06-04 04:00:00,0.382,0.417,24.6,23.7
2026-06-04 05:00:00,0.382,0.417,25,23.9
2026-06-04 06:00:00,0.38,0.417,25.6,24
2026-06-04 07:00:00,0.38,0.417,25.6,24.3
2026-06-04 08:00:00,0.379,0.417,25.6,24.5
2026-06-04 09:00:00,0.379,0.416,25.5,24.7
2026-06-04 10:00:00,0.38,0.416,25.1,24.8
2026-06-04 11:00:00,0.38,0.416,24.5,24.9
2026-06-04 12:00:00,0.381,0.416,24.1,24.8
2026-06-04 13:00:00,0.382,0.416,23.8,24.6
2026-06-04 14:00:00,0.383,0.417,23.5,24.4
2026-06-04 15:00:00,0.384,0.417,23.2,24.3
2026-06-04 16:00:00,0.385,0.417,23.1,24.1
2026-06-04 17:00:00,0.385,0.417,22.9,23.9
2026-06-04 18:00:00,0.385,0.417,22.7,23.8
2026-06-04 19:00:00,0.386,0.417,22.5,23.6
2026-06-04 20:00:00,0.386,0.417,22.1,23.5
2026-06-04 21:00:00,0.386,0.418,21.7,23.3
2026-06-04 22:00:00,0.387,0.418,21.5,23.1
2026-06-04 23:00:00,0.386,0.418,21.7,22.9
2026-06-05 00:00:00,0.384,0.418,22.3,22.7
2026-06-05 01:00:00,0.381,0.418,22.8,22.7
2026-06-05 02:00:00,0.378,0.416,23.4,22.7
2026-06-05 03:00:00,0.376,0.403,24.1,22.9
2026-06-05 04:00:00,0.375,0.4,24.8,23.2
2026-06-05 05:00:00,0.374,0.399,25.2,23.6
2026-06-05 06:00:00,0.373,0.393,25,23.9
2026-06-05 07:00:00,0.373,0.39,24.2,24.3
2026-06-05 08:00:00,0.373,0.391,23.7,24.5
2026-06-05 09:00:00,0.372,0.391,23.2,24.6
2026-06-05 10:00:00,0.372,0.391,22.6,24.6
2026-06-05 11:00:00,0.373,0.393,22,24.5
2026-06-05 12:00:00,0.374,0.394,21.5,24.3
2026-06-05 13:00:00,0.375,0.394,21,24
2026-06-05 14:00:00,0.375,0.395,20.5,23.7
2026-06-05 15:00:00,0.376,0.395,20,23.3
2026-06-05 16:00:00,0.377,0.394,19.6,23
2026-06-05 17:00:00,0.377,0.393,19.2,22.7
2026-06-05 18:00:00,0.378,0.391,18.8,22.3
2026-06-05 19:00:00,0.379,0.39,18.5,22
2026-06-05 20:00:00,0.379,0.391,18.1,21.7
2026-06-05 21:00:00,0.38,0.393,17.8,21.4
2026-06-05 22:00:00,0.381,0.394,18,21.1
2026-06-05 23:00:00,0.381,0.394,18.9,20.9
2026-06-06 00:00:00,0.381,0.392,20.2,20.7
2026-06-06 01:00:00,0.379,0.399,21.6,20.7
2026-06-06 02:00:00,0.377,0.412,22.8,20.9
2026-06-06 03:00:00,0.375,0.405,24,21.3
2026-06-06 04:00:00,0.374,0.403,25.1,21.8
2026-06-06 05:00:00,0.373,0.402,25.9,22.3
2026-06-06 06:00:00,0.372,0.411,26.1,22.9
2026-06-06 07:00:00,0.372,0.42,25.5,23.5
2026-06-06 08:00:00,0.373,0.42,25,24
2026-06-06 09:00:00,0.373,0.419,24.7,24.3
2026-06-06 10:00:00,0.374,0.419,24.2,24.6
2026-06-06 11:00:00,0.374,0.419,23.6,24.6
2026-06-06 12:00:00,0.376,0.419,23,24.5
2026-06-06 13:00:00,0.377,0.419,22.4,24.4
2026-06-06 14:00:00,0.378,0.419,21.9,24.2
2026-06-06 15:00:00,0.379,0.419,21.5,24
2026-06-06 16:00:00,0.38,0.42,21.1,23.7
2026-06-06 17:00:00,0.381,0.42,20.7,23.4
2026-06-06 18:00:00,0.382,0.42,20.5,23.1
2026-06-06 19:00:00,0.383,0.42,20.2,22.9
2026-06-06 20:00:00,0.384,0.421,20,22.6
2026-06-06 21:00:00,0.385,0.421,19.8,22.4
2026-06-06 22:00:00,0.385,0.421,20.1,22.1
2026-06-06 23:00:00,0.385,0.421,20.7,22
2026-06-07 00:00:00,0.385,0.421,21.4,21.8
2026-06-07 01:00:00,0.383,0.421,22.6,21.8
2026-06-07 02:00:00,0.382,0.421,23.7,22
2026-06-07 03:00:00,0.38,0.421,25.1,22.3
2026-06-07 04:00:00,0.379,0.421,25.6,22.7
2026-06-07 05:00:00,0.377,0.42,25.8,23.2
2026-06-07 06:00:00,0.376,0.42,26.3,23.6
2026-06-07 07:00:00,0.375,0.419,26.4,24
2026-06-07 08:00:00,0.374,0.419,26.2,24.5
2026-06-07 09:00:00,0.374,0.418,25.8,24.8
2026-06-07 10:00:00,0.374,0.418,25.3,25
2026-06-07 11:00:00,0.375,0.418,24.6,25
2026-06-07 12:00:00,0.375,0.417,23.9,25
2026-06-07 13:00:00,0.376,0.415,23.4,24.8
2026-06-07 14:00:00,0.376,0.414,23.1,24.6
2026-06-07 15:00:00,0.377,0.415,22.8,24.4
2026-06-07 16:00:00,0.377,0.415,22.5,24.2
2026-06-07 17:00:00,0.378,0.416,22.2,24
2026-06-07 18:00:00,0.379,0.416,22,23.8
2026-06-07 19:00:00,0.379,0.415,21.8,23.7
2026-06-07 20:00:00,0.38,0.414,21.5,23.5
2026-06-07 21:00:00,0.38,0.414,21.3,23.3
2026-06-07 22:00:00,0.381,0.414,21.2,23.1
2026-06-07 23:00:00,0.382,0.415,21.1,22.9
2026-06-08 00:00:00,0.382,0.415,21.2,22.8
2026-06-08 01:00:00,0.382,0.419,21.3,22.7
2026-06-08 02:00:00,0.382,0.42,21.6,22.6
2026-06-08 03:00:00,0.381,0.42,22,22.5
2026-06-08 04:00:00,0.38,0.42,22.1,22.6
2026-06-08 05:00:00,0.38,0.42,22.4,22.6
2026-06-08 06:00:00,0.379,0.42,22.7,22.6
2026-06-08 07:00:00,0.378,0.42,22.7,22.8
2026-06-08 08:00:00,0.378,0.42,22.5,22.9
2026-06-08 09:00:00,0.378,0.42,22.2,23
2026-06-08 10:00:00,0.379,0.42,21.8,23
2026-06-08 11:00:00,0.38,0.42,21.3,23
2026-06-08 12:00:00,0.38,0.421,20.9,22.8
2026-06-08 13:00:00,0.381,0.421,20.6,22.7
2026-06-08 14:00:00,0.382,0.421,20.3,22.5
2026-06-08 15:00:00,0.382,0.421,20,22.2
2026-06-08 16:00:00,0.383,0.421,19.8,22
2026-06-08 17:00:00,0.384,0.422,19.4,21.8
2026-06-08 18:00:00,0.385,0.422,19.1,21.6
2026-06-08 19:00:00,0.385,0.422,18.8,21.3
2026-06-08 20:00:00,0.386,0.422,18.6,21.1
2026-06-08 21:00:00,0.386,0.422,18.4,20.9
2026-06-08 22:00:00,0.387,0.42,18.6,20.6
2026-06-08 23:00:00,0.387,0.418,19.2,20.5
2026-06-09 00:00:00,0.386,0.42,20.2,20.4
2026-06-09 01:00:00,0.385,0.422,21.4,20.4
2026-06-09 02:00:00,0.383,0.422,22.6,20.7
2026-06-09 03:00:00,0.381,0.422,24,21
2026-06-09 04:00:00,0.38,0.422,24.9,21.5
2026-06-09 05:00:00,0.378,0.421,25.7,22
2026-06-09 06:00:00,0.376,0.421,25.9,22.6
2026-06-09 07:00:00,0.375,0.421,25.2,23.1
2026-06-09 08:00:00,0.375,0.421,24.6,23.6
2026-06-09 09:00:00,0.375,0.42,24.2,23.9
2026-06-09 10:00:00,0.375,0.417,23.5,24
2026-06-09 11:00:00,0.376,0.413,22.8,24
2026-06-09 12:00:00,0.377,0.417,22.1,23.9
2026-06-09 13:00:00,0.378,0.406,21.6,23.7
2026-06-09 14:00:00,0.379,0.404,21.1,23.4
2026-06-09 15:00:00,0.38,0.404,20.6,23.2
2026-06-09 16:00:00,0.381,0.404,20.1,22.9
2026-06-09 17:00:00,0.382,0.404,19.7,22.6
2026-06-09 18:00:00,0.382,0.405,19.3,22.3
2026-06-09 19:00:00,0.383,0.405,18.9,22
2026-06-09 20:00:00,0.384,0.405,18.6,21.7
2026-06-09 21:00:00,0.384,0.406,18.3,21.5
2026-06-09 22:00:00,0.385,0.416,18.5,21.2
2026-06-09 23:00:00,0.385,0.415,19.4,20.9
2026-06-10 00:00:00,0.384,0.417,20.7,20.7
2026-06-10 01:00:00,0.382,0.416,22.1,20.7
2026-06-10 02:00:00,0.381,0.418,23.2,20.9
2026-06-10 03:00:00,0.38,0.42,24.1,21.3
2026-06-10 04:00:00,0.379,0.423,24.8,21.7
2026-06-10 05:00:00,0.378,0.423,25,22.2
2026-06-10 06:00:00,0.376,0.422,25,22.7
2026-06-10 07:00:00,0.375,0.422,24.7,23.1
2026-06-10 08:00:00,0.375,0.422,24.2,23.5
2026-06-10 09:00:00,0.376,0.421,23.8,23.7
2026-06-10 10:00:00,0.376,0.421,23.1,23.8
2026-06-10 11:00:00,0.377,0.421,22.4,23.8
2026-06-10 12:00:00,0.379,0.421,21.9,23.7
2026-06-10 13:00:00,0.38,0.421,21.4,23.5
2026-06-10 14:00:00,0.381,0.421,20.9,23.3
2026-06-10 15:00:00,0.382,0.422,20.5,23
2026-06-10 16:00:00,0.383,0.422,20.3,22.7
2026-06-10 17:00:00,0.384,0.422,20.1,22.4
2026-06-10 18:00:00,0.385,0.423,19.8,21.1
2026-06-10 19:00:00,0.386,0.424,19.6,19.9
2026-06-10 20:00:00,0.387,0.425,19.3,19.4
2026-06-10 21:00:00,0.388,0.425,19.2,19.1
2026-06-10 22:00:00,0.389,0.425,19.3,19.2
2026-06-10 23:00:00,0.389,0.425,20.1,20.3
2026-06-11 00:00:00,0.388,0.424,20.9,21.6
2026-06-11 01:00:00,0.387,0.423,21.8,23.5
2026-06-11 02:00:00,0.386,0.421,23,25.8
2026-06-11 03:00:00,0.385,0.419,24,27.8
2026-06-11 04:00:00,0.384,0.418,24.4,28.9
2026-06-11 05:00:00,0.384,0.418,24.9,29.6
2026-06-11 06:00:00,0.384,0.417,24.8,30
2026-06-11 07:00:00,0.385,0.417,24.2,29.9
2026-06-11 08:00:00,0.386,0.418,23.9,29.1
2026-06-11 09:00:00,0.387,0.418,23.7,28.3
2026-06-11 10:00:00,0.387,0.419,23.2,26.9
2026-06-11 11:00:00,0.387,0.42,22.7,25.6
2026-06-11 12:00:00,0.388,0.421,22.2,24.5
2026-06-11 13:00:00,0.389,0.422,21.7,23.8
2026-06-11 14:00:00,0.39,0.423,21.3,23.1
2026-06-11 15:00:00,0.391,0.423,20.9,22.4
2026-06-11 16:00:00,0.391,0.424,20.5,21.8
2026-06-11 17:00:00,0.392,0.425,20.2,21.2
2026-06-11 18:00:00,0.392,0.425,19.8,20.6
2026-06-11 19:00:00,0.393,0.426,19.5,20.1
2026-06-11 20:00:00,0.393,0.426,19.2,19.7
2026-06-11 21:00:00,0.394,0.426,19.1,19.6
2026-06-11 22:00:00,0.393,0.426,19.4,19.7
2026-06-11 23:00:00,0.393,0.426,20.1,20.3
2026-06-12 00:00:00,0.391,0.425,21.4,21.4
2026-06-12 01:00:00,0.389,0.425,22.9,22.6
2026-06-12 02:00:00,0.387,0.423,24.5,24.2
2026-06-12 03:00:00,0.386,0.422,25.8,26.3
2026-06-12 04:00:00,0.385,0.421,26.6,27.6
2026-06-12 05:00:00,0.384,0.42,27,28.1
2026-06-12 06:00:00,0.384,0.42,26.9,28.5
2026-06-12 07:00:00,0.384,0.42,26.4,28.5
2026-06-12 08:00:00,0.384,0.42,26,28.5
2026-06-12 09:00:00,0.384,0.42,25.6,28.5
2026-06-12 10:00:00,0.384,0.42,25,28.3
2026-06-12 11:00:00,0.385,0.42,24.3,27.7
2026-06-12 12:00:00,0.386,0.421,23.7,27
2026-06-12 13:00:00,0.387,0.421,23.1,26.2
2026-06-12 14:00:00,0.387,0.422,22.6,25.5
2026-06-12 15:00:00,0.388,0.422,22.2,24.8
2026-06-12 16:00:00,0.388,0.423,21.7,24.2
2026-06-12 17:00:00,0.389,0.423,21.3,23.6
2026-06-12 18:00:00,0.389,0.424,21,23
2026-06-12 19:00:00,0.388,0.424,20.7,22.5
2026-06-12 20:00:00,0.388,0.425,20.4,22.2
2026-06-12 21:00:00,0.389,0.425,20.1,21.9
2026-06-12 22:00:00,0.388,0.425,20.3,21.7
2026-06-12 23:00:00,0.388,0.425,20.9,21.6
2026-06-13 00:00:00,0.387,0.425,21.9,21.7
2026-06-13 01:00:00,0.386,0.425,23.2,22
2026-06-13 02:00:00,0.385,0.425,24.6,22.4
2026-06-13 03:00:00,0.384,0.424,25.9,22.9
2026-06-13 04:00:00,0.382,0.423,26.5,23.5
2026-06-13 05:00:00,0.381,0.423,27,24.1
2026-06-13 06:00:00,0.381,0.423,27.1,24.6
2026-06-13 07:00:00,0.381,0.423,26.6,25.1
2026-06-13 08:00:00,0.381,0.423,26.2,25.4
2026-06-13 09:00:00,0.381,0.422,25.8,25.7
2026-06-13 10:00:00,0.382,0.422,25.2,25.8
2026-06-13 11:00:00,0.383,0.422,24.7,25.7
2026-06-13 12:00:00,0.383,0.422,24.2,25.5
2026-06-13 13:00:00,0.384,0.422,23.8,25.3
2026-06-13 14:00:00,0.385,0.422,23.6,25.1
2026-06-13 15:00:00,0.385,0.422,23.3,24.9
2026-06-13 16:00:00,0.386,0.422,23.1,24.7
2026-06-13 17:00:00,0.386,0.422,22.9,24.5
2026-06-13 18:00:00,0.387,0.421,22.6,24.3
2026-06-13 19:00:00,0.387,0.42,22.4,24.1
2026-06-13 20:00:00,0.388,0.419,22.2,23.9
2026-06-13 21:00:00,0.388,0.419,22,23.7
2026-06-13 22:00:00,0.388,0.42,22,23.5
2026-06-13 23:00:00,0.388,0.42,22.3,23.4
2026-06-14 00:00:00,0.388,0.42,23,23.3
2026-06-14 01:00:00,0.386,0.419,24.2,23.4
2026-06-14 02:00:00,0.384,0.419,25.3,23.6
2026-06-14 03:00:00,0.382,0.419,26.6,23.9
2026-06-14 04:00:00,0.381,0.417,27.7,24.4
2026-06-14 05:00:00,0.38,0.417,28.1,24.9
2026-06-14 06:00:00,0.381,0.417,27.4,25.6
2026-06-14 07:00:00,0.384,0.418,26.5,25.9
2026-06-14 08:00:00,0.385,0.42,26.1,26.1
2026-06-14 09:00:00,0.386,0.421,25.7,26.2
2026-06-14 10:00:00,0.387,0.422,25.4,26.1
2026-06-14 11:00:00,0.388,0.422,25,25.9
2026-06-14 12:00:00,0.389,0.422,24.5,25.5
2026-06-14 13:00:00,0.39,0.423,24,25.1
2026-06-14 14:00:00,0.391,0.423,23.6,24.7
2026-06-14 15:00:00,0.391,0.423,23.2,24.4
2026-06-14 16:00:00,0.392,0.423,22.9,24.2
2026-06-14 17:00:00,0.392,0.423,22.6,24
2026-06-14 18:00:00,0.393,0.423,22.4,23.9
2026-06-14 19:00:00,0.394,0.423,22.1,23.6
2026-06-14 20:00:00,0.394,0.424,21.8,23.4
2026-06-14 21:00:00,0.395,0.424,21.6,23.3
2026-06-14 22:00:00,0.394,0.424,21.8,23.1
2026-06-14 23:00:00,0.393,0.424,22.5,22.9
2026-06-15 00:00:00,0.392,0.424,23.8,22.9
2026-06-15 01:00:00,0.39,0.424,25.4,23
2026-06-15 02:00:00,0.388,0.424,26.9,23.3
2026-06-15 03:00:00,0.387,0.423,28.1,23.7
2026-06-15 04:00:00,0.383,0.423,28.7,24.3
2026-06-15 05:00:00,0.38,0.423,29.3,24.9
2026-06-15 06:00:00,0.379,0.422,29.3,25.5
2026-06-15 07:00:00,0.378,0.421,28.6,26
2026-06-15 08:00:00,0.377,0.417,28,26.5
2026-06-15 09:00:00,0.378,0.416,27.4,26.8
2026-06-15 10:00:00,0.378,0.412,26.7,26.8
2026-06-15 11:00:00,0.379,0.417,26,26.7
2026-06-15 12:00:00,0.38,0.416,25.3,26.6
2026-06-15 13:00:00,0.382,0.415,24.7,26.4
2026-06-15 14:00:00,0.383,0.416,24.2,26.1
2026-06-15 15:00:00,0.384,0.41,23.7,25.8
2026-06-15 16:00:00,0.385,0.408,23.2,25.6
2026-06-15 17:00:00,0.386,0.414,22.8,25.3
2026-06-15 18:00:00,0.387,0.413,22.4,25
2026-06-15 19:00:00,0.388,0.42,22,24.7
2026-06-15 20:00:00,0.389,0.422,21.8,24.4
2026-06-15 21:00:00,0.39,0.423,21.6,24.1
2026-06-15 22:00:00,0.39,0.423,21.7,23.8
2026-06-15 23:00:00,0.39,0.423,22.4,23.6
2026-06-16 00:00:00,0.389,0.423,23.2,23.4
2026-06-16 01:00:00,0.388,0.423,23.9,23.4
2026-06-16 02:00:00,0.387,0.423,25,23.5
2026-06-16 03:00:00,0.384,0.423,26.3,23.8
2026-06-16 04:00:00,0.382,0.423,26.9,24.2
2026-06-16 05:00:00,0.381,0.423,27.7,24.6
2026-06-16 06:00:00,0.379,0.422,28.2,25.1
2026-06-16 07:00:00,0.378,0.421,28,25.7
2026-06-16 08:00:00,0.378,0.421,27.5,26.1
2026-06-16 09:00:00,0.378,0.421,27.1,26.3
2026-06-16 10:00:00,0.379,0.421,26.6,26.5
2026-06-16 11:00:00,0.38,0.421,26.1,26.5
2026-06-16 12:00:00,0.381,0.421,25.7,26.4
2026-06-16 13:00:00,0.381,0.421,25.3,26.2
2026-06-16 14:00:00,0.382,0.421,25,26.1
2026-06-16 15:00:00,0.383,0.422,24.7,25.9
2026-06-16 16:00:00,0.383,0.422,24.4,25.7
2026-06-16 17:00:00,0.384,0.422,24.1,25.6
2026-06-16 18:00:00,0.384,0.422,23.8,25.4
2026-06-16 19:00:00,0.385,0.422,23.6,25.2
2026-06-16 20:00:00,0.385,0.422,23.4,25
2026-06-16 21:00:00,0.386,0.423,23.2,24.8
2026-06-16 22:00:00,0.386,0.423,23.3,24.6
2026-06-16 23:00:00,0.388,0.423,23.4,24.5
2026-06-17 00:00:00,0.387,0.423,24.1,24.4
2026-06-17 01:00:00,0.386,0.423,24.6,24.4
2026-06-17 02:00:00,0.385,0.422,25.3,24.4
2026-06-17 03:00:00,0.384,0.422,25.8,24.5
2026-06-17 04:00:00,0.383,0.421,26.1,24.7
2026-06-17 05:00:00,0.383,0.418,26,24.9
2026-06-17 06:00:00,0.384,0.418,26,25.1
2026-06-17 07:00:00,0.383,0.419,26,25.2
2026-06-17 08:00:00,0.383,0.42,25.8,25.3
2026-06-17 09:00:00,0.384,0.419,25.6,25.4
2026-06-17 10:00:00,0.384,0.419,25.2,25.4
2026-06-17 11:00:00,0.385,0.419,24.8,25.3
2026-06-17 12:00:00,0.385,0.419,24.5,25.2
2026-06-17 13:00:00,0.386,0.42,24.2,25.1
2026-06-17 14:00:00,0.386,0.422,24.1,25
2026-06-17 15:00:00,0.387,0.421,23.9,24.9
2026-06-17 16:00:00,0.387,0.42,23.8,24.8
2026-06-17 17:00:00,0.387,0.419,23.7,24.6
2026-06-17 18:00:00,0.387,0.418,23.6,24.5
2026-06-17 19:00:00,0.387,0.417,23.5,24.4
2026-06-17 20:00:00,0.388,0.416,23.5,24.4
2026-06-17 21:00:00,0.388,0.409,23.5,24.3
2026-06-17 22:00:00,0.388,0.407,23.6,24.2
2026-06-17 23:00:00,0.388,0.407,24,24.2
2026-06-18 00:00:00,0.387,0.407,24.9,24.2
2026-06-18 01:00:00,0.385,0.407,25.9,24.3
2026-06-18 02:00:00,0.384,0.407,27,24.5
2026-06-18 03:00:00,0.382,0.406,27.9,24.7
2026-06-18 04:00:00,0.38,0.406,28.7,25.1
2026-06-18 05:00:00,0.379,0.406,28.9,25.5
2026-06-18 06:00:00,0.377,0.405,29,25.9
2026-06-18 07:00:00,0.376,0.404,28.7,26.2
2026-06-18 08:00:00,0.376,0.395,28.4,26.6
2026-06-18 09:00:00,0.376,0.39,27.9,26.8
2026-06-18 10:00:00,0.376,0.388,27.3,26.9
2026-06-18 11:00:00,0.377,0.389,26.7,26.9
2026-06-18 12:00:00,0.378,0.389,26.2,26.8
2026-06-18 13:00:00,0.378,0.388,25.8,26.6
2026-06-18 14:00:00,0.379,0.388,25.5,26.5
2026-06-18 15:00:00,0.38,0.387,25.2,26.3
2026-06-18 16:00:00,0.38,0.387,25,26.1
2026-06-18 17:00:00,0.381,0.387,24.8,25.9
2026-06-18 18:00:00,0.382,0.387,24.6,25.8
2026-06-18 19:00:00,0.383,0.387,24.4,25.6
2026-06-18 20:00:00,0.383,0.388,24.3,25.5
2026-06-18 21:00:00,0.384,0.387,24.2,25.3
2026-06-18 22:00:00,0.384,0.387,24.2,25.2
2026-06-18 23:00:00,0.384,0.387,24.5,25.1
2026-06-19 00:00:00,0.384,0.387,25,25.1
2026-06-19 01:00:00,0.384,0.387,25.6,25.1
2026-06-19 02:00:00,0.384,0.387,26,25.2
2026-06-19 03:00:00,0.383,0.386,26.4,25.3
2026-06-19 04:00:00,0.383,0.385,26.7,25.4
2026-06-19 05:00:00,0.383,0.385,26.7,25.6
2026-06-19 06:00:00,0.382,0.384,26.7,25.7
2026-06-19 07:00:00,0.382,0.385,26.7,25.8
2026-06-19 08:00:00,0.382,0.386,26.5,25.9
2026-06-19 09:00:00,0.383,0.386,26.2,26
2026-06-19 10:00:00,0.386,0.407,25.7,26
2026-06-19 11:00:00,0.387,0.417,25.3,26
2026-06-19 12:00:00,0.388,0.417,24.9,25.8
2026-06-19 13:00:00,0.389,0.417,24.6,25.4
2026-06-19 14:00:00,0.39,0.419,24.3,24.9
2026-06-19 15:00:00,0.39,0.419,24.1,24.7
2026-06-19 16:00:00,0.391,0.42,24,24.4
2026-06-19 17:00:00,0.391,0.421,24,24.1
2026-06-19 18:00:00,0.391,0.421,24,24.1
2026-06-19 19:00:00,0.391,0.421,24,24.1
2026-06-19 20:00:00,0.391,0.421,24,24.1
2026-06-19 21:00:00,0.392,0.421,24,24.2
2026-06-19 22:00:00,0.392,0.421,24,24.2
2026-06-19 23:00:00,0.392,0.421,24,24.1
2026-06-20 00:00:00,0.392,0.421,23.9,24.1
2026-06-20 01:00:00,0.392,0.421,23.8,24.1
2026-06-20 02:00:00,0.392,0.421,23.7,24.1
2026-06-20 03:00:00,0.392,0.421,23.7,24.1
2026-06-20 04:00:00,0.392,0.421,23.7,24.2
2026-06-20 05:00:00,0.392,0.421,23.7,24.2
2026-06-20 06:00:00,0.392,0.421,23.7,24.2
2026-06-20 07:00:00,0.391,0.421,23.6,24.2
2026-06-20 08:00:00,0.391,0.421,23.6,24.2
2026-06-20 09:00:00,0.391,0.422,23.5,24.2
2026-06-20 10:00:00,0.391,0.422,23.4,24.1
2026-06-20 11:00:00,0.391,0.422,23.3,24
2026-06-20 12:00:00,0.392,0.422,23.2,23.8
2026-06-20 13:00:00,0.392,0.423,23.1,23.7
2026-06-20 14:00:00,0.392,0.423,23,23.6
2026-06-20 15:00:00,0.392,0.423,22.9,23.6
2026-06-20 16:00:00,0.392,0.422,22.9,23.5
2026-06-20 17:00:00,0.392,0.422,22.8,23.5
2026-06-20 18:00:00,0.392,0.423,22.7,23.4
2026-06-20 19:00:00,0.392,0.423,22.6,23.3
2026-06-20 20:00:00,0.392,0.423,22.5,23.2
2026-06-20 21:00:00,0.393,0.423,22.5,23.1
2026-06-20 22:00:00,0.393,0.423,22.4,23
2026-06-20 23:00:00,0.393,0.422,22.4,23
2026-06-21 00:00:00,0.393,0.422,22.5,23
2026-06-21 01:00:00,0.393,0.422,22.6,23
2026-06-21 02:00:00,0.392,0.422,22.9,23.1
2026-06-21 03:00:00,0.392,0.422,23.2,23.3
2026-06-21 04:00:00,0.392,0.422,23.6,23.5
2026-06-21 05:00:00,0.391,0.423,24,23.8
2026-06-21 06:00:00,0.391,0.422,24.4,24.2
2026-06-21 07:00:00,0.391,0.422,24.8,24.6
2026-06-21 08:00:00,0.39,0.422,25.3,24.9
2026-06-21 09:00:00,0.39,0.421,25.5,25.2
2026-06-21 10:00:00,0.39,0.421,25.2,25.5
2026-06-21 11:00:00,0.39,0.422,24.7,25.6
2026-06-21 12:00:00,0.391,0.422,24.3,25.6
2026-06-21 13:00:00,0.391,0.422,23.9,25.4
2026-06-21 14:00:00,0.391,0.422,23.8,25.3
2026-06-21 15:00:00,0.392,0.422,23.6,25.1
2026-06-21 16:00:00,0.392,0.421,23.5,24.9
2026-06-21 17:00:00,0.392,0.419,23.3,24.8
2026-06-21 18:00:00,0.392,0.42,23.1,24.6
2026-06-21 19:00:00,0.392,0.419,22.9,24.4
2026-06-21 20:00:00,0.392,0.421,22.8,24.3
2026-06-21 21:00:00,0.393,0.422,22.7,24.1
2026-06-21 22:00:00,0.393,0.422,22.7,24
2026-06-21 23:00:00,0.393,0.422,22.9,23.9
2026-06-22 00:00:00,0.392,0.422,23.2,23.8
2026-06-22 01:00:00,0.392,0.422,23.5,23.8
2026-06-22 02:00:00,0.392,0.422,23.8,23.8
2026-06-22 03:00:00,0.391,0.422,24,23.8
2026-06-22 04:00:00,0.392,0.422,24,23.8
2026-06-22 05:00:00,0.392,0.422,23.9,23.9
2026-06-22 06:00:00,0.392,0.422,24,23.9
2026-06-22 07:00:00,0.392,0.422,24.1,23.9
2026-06-22 08:00:00,0.391,0.422,24.2,23.9
2026-06-22 09:00:00,0.391,0.422,24.2,24
2026-06-22 10:00:00,0.391,0.422,24,24
2026-06-22 11:00:00,0.392,0.422,23.7,24
2026-06-22 12:00:00,0.392,0.422,23.3,23.9
2026-06-22 13:00:00,0.392,0.422,23,23.8
2026-06-22 14:00:00,0.392,0.422,22.7,23.7
2026-06-22 15:00:00,0.393,0.422,22.4,23.6
2026-06-22 16:00:00,0.393,0.422,22.2,23.5
2026-06-22 17:00:00,0.394,0.422,22,23.3
2026-06-22 18:00:00,0.394,0.422,21.8,23.2
2026-06-22 19:00:00,0.394,0.422,21.7,23.1
2026-06-22 20:00:00,0.394,0.422,21.5,22.9
2026-06-22 21:00:00,0.395,0.422,21.3,22.8
2026-06-22 22:00:00,0.394,0.422,21.5,22.7
2026-06-22 23:00:00,0.394,0.423,21.8,22.6
2026-06-23 00:00:00,0.394,0.423,22.1,22.5
