time,sm_bank_20cm,sm_irr_10cm,temp_bank_20cm,temp_irr_10cm
2025-06-05 02:00:00,0.236,0.376,26,24.5
2025-06-05 03:00:00,0.235,0.375,24.8,22.3
2025-06-05 04:00:00,0.235,0.374,25.6,22.5
2025-06-05 05:00:00,0.234,0.373,26.7,23.3
2025-06-05 06:00:00,0.234,0.373,27.5,23.9
2025-06-05 07:00:00,0.233,0.372,27.7,24.3
2025-06-05 08:00:00,0.233,0.371,27.8,24.6
2025-06-05 09:00:00,0.233,0.371,27.5,24.7
2025-06-05 10:00:00,0.233,0.371,26.8,24.4
2025-06-05 11:00:00,0.232,0.372,25.8,23.8
2025-06-05 12:00:00,0.233,0.372,24.7,23.2
2025-06-05 13:00:00,0.233,0.373,23.8,22.5
2025-06-05 14:00:00,0.234,0.373,22.9,21.9
2025-06-05 15:00:00,0.234,0.374,22.2,21.4
2025-06-05 16:00:00,0.234,0.374,21.7,21
2025-06-05 17:00:00,0.234,0.374,21.2,20.6
2025-06-05 18:00:00,0.234,0.375,20.7,20.2
2025-06-05 19:00:00,0.235,0.375,20.3,19.9
2025-06-05 20:00:00,0.235,0.376,19.9,19.6
2025-06-05 21:00:00,0.235,0.376,19.6,19.3
2025-06-05 22:00:00,0.235,0.376,19.5,19.2
2025-06-05 23:00:00,0.235,0.376,19.9,19.3
2025-06-06 00:00:00,0.234,0.376,20.6,19.5
2025-06-06 01:00:00,0.233,0.375,22,20.2
2025-06-06 02:00:00,0.233,0.375,23.2,20.9
2025-06-06 03:00:00,0.233,0.374,24,21.4
2025-06-06 04:00:00,0.232,0.374,24.1,21.6
2025-06-06 05:00:00,0.232,0.374,24,21.7
2025-06-06 06:00:00,0.232,0.374,23.7,21.6
2025-06-06 07:00:00,0.232,0.374,23.5,21.6
2025-06-06 08:00:00,0.232,0.373,23.5,21.7
2025-06-06 09:00:00,0.232,0.373,23.2,21.7
2025-06-06 10:00:00,0.232,0.373,22.9,21.6
2025-06-06 11:00:00,0.232,0.373,22.6,21.4
2025-06-06 12:00:00,0.232,0.374,22.1,21.1
2025-06-06 13:00:00,0.232,0.374,21.6,20.8
2025-06-06 14:00:00,0.232,0.374,21,20.5
2025-06-06 15:00:00,0.233,0.375,20.6,20.1
2025-06-06 16:00:00,0.233,0.375,20.1,19.8
2025-06-06 17:00:00,0.234,0.375,19.7,19.5
2025-06-06 18:00:00,0.234,0.375,19.2,19.2
2025-06-06 19:00:00,0.234,0.376,18.9,18.9
2025-06-06 20:00:00,0.235,0.376,18.6,18.7
2025-06-06 21:00:00,0.235,0.376,18.4,18.5
2025-06-06 22:00:00,0.235,0.377,18.4,18.5
2025-06-06 23:00:00,0.234,0.377,18.9,18.7
2025-06-07 00:00:00,0.234,0.377,19.9,19
2025-06-07 01:00:00,0.233,0.376,21.4,19.6
2025-06-07 02:00:00,0.232,0.376,22.9,20.6
2025-06-07 03:00:00,0.232,0.374,24.4,21.7
2025-06-07 04:00:00,0.231,0.373,25.7,22.8
2025-06-07 05:00:00,0.231,0.372,26.7,23.8
2025-06-07 06:00:00,0.231,0.371,27.6,24.6
2025-06-07 07:00:00,0.231,0.371,27.8,25.1
2025-06-07 08:00:00,0.231,0.371,27.8,25.4
2025-06-07 09:00:00,0.231,0.37,27.4,25.3
2025-06-07 10:00:00,0.231,0.37,26.7,25.1
2025-06-07 11:00:00,0.231,0.371,25.9,24.8
2025-06-07 12:00:00,0.231,0.371,25.2,24.4
2025-06-07 13:00:00,0.231,0.371,24.6,24
2025-06-07 14:00:00,0.232,0.371,24,23.7
2025-06-07 15:00:00,0.232,0.372,23.6,23.4
2025-06-07 16:00:00,0.232,0.372,23.2,23.1
2025-06-07 17:00:00,0.232,0.372,22.8,22.8
2025-06-07 18:00:00,0.232,0.372,22.5,22.5
2025-06-07 19:00:00,0.232,0.372,22.2,22.3
2025-06-07 20:00:00,0.233,0.373,21.9,22.1
2025-06-07 21:00:00,0.233,0.373,21.6,21.9
2025-06-07 22:00:00,0.233,0.373,21.6,21.7
2025-06-07 23:00:00,0.233,0.373,22,21.8
2025-06-08 00:00:00,0.232,0.373,22.5,22
2025-06-08 01:00:00,0.232,0.373,23.2,22.4
2025-06-08 02:00:00,0.232,0.372,24.3,22.8
2025-06-08 03:00:00,0.231,0.371,26.3,23.8
2025-06-08 04:00:00,0.231,0.371,27.9,24.7
2025-06-08 05:00:00,0.23,0.371,29.2,25.5
2025-06-08 06:00:00,0.229,0.371,30.2,26.3
2025-06-08 07:00:00,0.228,0.37,30.4,26.7
2025-06-08 08:00:00,0.228,0.37,30.4,27
2025-06-08 09:00:00,0.228,0.37,30.1,27.1
2025-06-08 10:00:00,0.228,0.37,29.4,26.9
2025-06-08 11:00:00,0.228,0.37,28.5,26.4
2025-06-08 12:00:00,0.228,0.371,27.5,25.9
2025-06-08 13:00:00,0.229,0.371,26.6,25.3
2025-06-08 14:00:00,0.229,0.372,25.9,24.8
2025-06-08 15:00:00,0.229,0.372,25.2,24.4
2025-06-08 16:00:00,0.23,0.373,24.6,24
2025-06-08 17:00:00,0.23,0.373,24.1,23.6
2025-06-08 18:00:00,0.23,0.373,23.6,23.2
2025-06-08 19:00:00,0.231,0.374,23.2,23
2025-06-08 20:00:00,0.231,0.374,22.9,22.7
2025-06-08 21:00:00,0.231,0.374,22.6,22.5
2025-06-08 22:00:00,0.231,0.374,22.5,22.3
2025-06-08 23:00:00,0.231,0.374,22.8,22.4
2025-06-09 00:00:00,0.23,0.374,23.4,22.6
2025-06-09 01:00:00,0.23,0.374,24.7,23.1
2025-06-09 02:00:00,0.23,0.373,26.4,23.9
2025-06-09 03:00:00,0.229,0.373,28.1,24.8
2025-06-09 04:00:00,0.228,0.372,29.4,25.6
2025-06-09 05:00:00,0.228,0.371,30.2,26.2
2025-06-09 06:00:00,0.227,0.371,30.6,26.6
2025-06-09 07:00:00,0.226,0.371,30.9,26.9
2025-06-09 08:00:00,0.226,0.369,31,27.3
2025-06-09 09:00:00,0.226,0.369,30.7,27.3
2025-06-09 10:00:00,0.226,0.369,29.9,27
2025-06-09 11:00:00,0.226,0.369,28.9,26.4
2025-06-09 12:00:00,0.227,0.37,27.9,25.9
2025-06-09 13:00:00,0.227,0.371,27,25.3
2025-06-09 14:00:00,0.227,0.371,26.2,24.8
2025-06-09 15:00:00,0.227,0.372,25.6,24.4
2025-06-09 16:00:00,0.228,0.372,24.9,24
2025-06-09 17:00:00,0.228,0.373,24.4,23.6
2025-06-09 18:00:00,0.229,0.373,23.8,23.2
2025-06-09 19:00:00,0.229,0.373,23.4,22.9
2025-06-09 20:00:00,0.23,0.374,23.1,22.6
2025-06-09 21:00:00,0.23,0.374,22.8,22.4
2025-06-09 22:00:00,0.23,0.374,22.7,22.2
2025-06-09 23:00:00,0.229,0.374,23.2,22.2
2025-06-10 00:00:00,0.229,0.374,24.3,22.5
2025-06-10 01:00:00,0.228,0.374,25.6,23
2025-06-10 02:00:00,0.228,0.374,26.9,23.7
2025-06-10 03:00:00,0.228,0.373,27.2,24.2
2025-06-10 04:00:00,0.227,0.373,27.6,24.5
2025-06-10 05:00:00,0.227,0.372,28.4,25
2025-06-10 06:00:00,0.227,0.372,28.9,25.4
2025-06-10 07:00:00,0.226,0.371,28.9,25.5
2025-06-10 08:00:00,0.226,0.371,28.7,25.6
2025-06-10 09:00:00,0.226,0.371,28.3,25.5
2025-06-10 10:00:00,0.226,0.371,27.6,25.2
2025-06-10 11:00:00,0.226,0.372,26.8,24.8
2025-06-10 12:00:00,0.226,0.372,26.1,24.4
2025-06-10 13:00:00,0.226,0.372,25.5,24
2025-06-10 14:00:00,0.227,0.373,25,23.7
2025-06-10 15:00:00,0.227,0.373,24.5,23.4
2025-06-10 16:00:00,0.228,0.373,23.9,23
2025-06-10 17:00:00,0.228,0.374,23.3,22.6
2025-06-10 18:00:00,0.228,0.374,22.8,22.3
2025-06-10 19:00:00,0.229,0.374,22.4,22
2025-06-10 20:00:00,0.23,0.375,22,21.7
2025-06-10 21:00:00,0.229,0.375,21.6,21.4
2025-06-10 22:00:00,0.23,0.376,21.3,21.2
2025-06-10 23:00:00,0.23,0.376,21.8,21
2025-06-11 00:00:00,0.229,0.376,22.9,21
2025-06-11 01:00:00,0.228,0.376,24.4,21.5
2025-06-11 02:00:00,0.227,0.376,26,22.3
2025-06-11 03:00:00,0.227,0.375,27.5,23.1
2025-06-11 04:00:00,0.226,0.374,28.9,24
2025-06-11 05:00:00,0.225,0.373,30.1,24.8
2025-06-11 06:00:00,0.224,0.372,30.8,25.4
2025-06-11 07:00:00,0.224,0.371,31.2,25.9
2025-06-11 08:00:00,0.223,0.371,31,26.1
2025-06-11 09:00:00,0.224,0.37,30.3,26
2025-06-11 10:00:00,0.224,0.371,29.3,25.5
2025-06-11 11:00:00,0.224,0.371,28.2,24.9
2025-06-11 12:00:00,0.225,0.372,27.3,24.3
2025-06-11 13:00:00,0.225,0.372,26.4,23.9
2025-06-11 14:00:00,0.225,0.373,25.7,23.5
2025-06-11 15:00:00,0.225,0.373,25.1,23.1
2025-06-11 16:00:00,0.226,0.374,24.5,22.7
2025-06-11 17:00:00,0.226,0.374,24,22.5
2025-06-11 18:00:00,0.227,0.374,23.5,22.2
2025-06-11 19:00:00,0.227,0.375,23.1,21.9
2025-06-11 20:00:00,0.228,0.375,22.7,21.7
2025-06-11 21:00:00,0.228,0.375,22.3,21.4
2025-06-11 22:00:00,0.228,0.375,22.1,21.3
2025-06-11 23:00:00,0.228,0.376,22.4,21.3
2025-06-12 00:00:00,0.227,0.375,23.3,21.5
2025-06-12 01:00:00,0.226,0.375,24.7,21.9
2025-06-12 02:00:00,0.226,0.375,26,22.6
2025-06-12 03:00:00,0.226,0.374,26.9,23.2
2025-06-12 04:00:00,0.225,0.374,27.8,23.8
2025-06-12 05:00:00,0.224,0.373,28.8,24.5
2025-06-12 06:00:00,0.224,0.372,29.7,25.1
2025-06-12 07:00:00,0.223,0.371,30.1,25.6
2025-06-12 08:00:00,0.223,0.37,30.3,26
2025-06-12 09:00:00,0.223,0.369,30,26
2025-06-12 10:00:00,0.223,0.37,29.2,25.7
2025-06-12 11:00:00,0.223,0.37,28.2,25.3
2025-06-12 12:00:00,0.223,0.371,27.4,24.8
2025-06-12 13:00:00,0.224,0.371,26.5,24.4
2025-06-12 14:00:00,0.224,0.372,25.8,24
2025-06-12 15:00:00,0.224,0.372,25.2,23.6
2025-06-12 16:00:00,0.225,0.372,24.7,23.3
2025-06-12 17:00:00,0.225,0.373,24.3,23
2025-06-12 18:00:00,0.225,0.373,23.9,22.8
2025-06-12 19:00:00,0.226,0.373,23.6,22.6
2025-06-12 20:00:00,0.226,0.373,23.4,22.4
2025-06-12 21:00:00,0.226,0.374,23.1,22.2
2025-06-12 22:00:00,0.226,0.374,23,22.1
2025-06-12 23:00:00,0.226,0.374,23.1,22.2
2025-06-13 00:00:00,0.226,0.374,23.4,22.3
2025-06-13 01:00:00,0.226,0.374,23.6,22.5
2025-06-13 02:00:00,0.226,0.373,23.9,22.7
2025-06-13 03:00:00,0.225,0.373,24.4,23.1
2025-06-13 04:00:00,0.225,0.373,24.8,23.4
2025-06-13 05:00:00,0.225,0.373,24.9,23.6
2025-06-13 06:00:00,0.226,0.374,24.7,23.6
2025-06-13 07:00:00,0.226,0.373,24.8,23.7
2025-06-13 08:00:00,0.226,0.373,24.7,23.7
2025-06-13 09:00:00,0.247,0.373,24.1,23.6
2025-06-13 10:00:00,0.29,0.374,23.2,23.3
2025-06-13 11:00:00,0.311,0.374,22.5,23.1
2025-06-13 12:00:00,0.312,0.374,22.3,22.9
2025-06-13 13:00:00,0.315,0.374,22.2,22.7
2025-06-13 14:00:00,0.315,0.374,22.1,22.6
2025-06-13 15:00:00,0.311,0.374,22,22.5
2025-06-13 16:00:00,0.313,0.374,22,22.4
2025-06-13 17:00:00,0.317,0.374,22,22.4
2025-06-13 18:00:00,0.32,0.374,21.9,22.3
2025-06-13 19:00:00,0.321,0.374,21.9,22.3
2025-06-13 20:00:00,0.323,0.374,21.8,22.3
2025-06-13 21:00:00,0.317,0.374,21.9,22.2
2025-06-13 22:00:00,0.317,0.374,22.1,22.2
2025-06-13 23:00:00,0.317,0.374,22.3,22.3
2025-06-14 00:00:00,0.314,0.374,22.5,22.4
2025-06-14 01:00:00,0.312,0.374,23,22.5
2025-06-14 02:00:00,0.312,0.374,23.6,22.7
2025-06-14 03:00:00,0.309,0.373,24.7,23.2
2025-06-14 04:00:00,0.307,0.373,24.7,23.5
2025-06-14 05:00:00,0.306,0.373,24.8,23.6
2025-06-14 06:00:00,0.305,0.373,25.3,23.9
2025-06-14 07:00:00,0.303,0.372,25.9,24.3
2025-06-14 08:00:00,0.302,0.372,26.4,24.8
2025-06-14 09:00:00,0.301,0.371,26.4,25.1
2025-06-14 10:00:00,0.3,0.371,25.8,25.1
2025-06-14 11:00:00,0.3,0.371,25.1,24.9
2025-06-14 12:00:00,0.3,0.372,24.4,24.5
2025-06-14 13:00:00,0.3,0.372,23.8,24.1
2025-06-14 14:00:00,0.3,0.372,23.3,23.8
2025-06-14 15:00:00,0.301,0.373,22.9,23.5
2025-06-14 16:00:00,0.301,0.373,22.6,23.2
2025-06-14 17:00:00,0.301,0.373,22.3,23
2025-06-14 18:00:00,0.302,0.373,22,22.7
2025-06-14 19:00:00,0.302,0.373,21.7,22.5
2025-06-14 20:00:00,0.302,0.374,21.4,22.3
2025-06-14 21:00:00,0.302,0.374,21.2,22.1
2025-06-14 22:00:00,0.302,0.374,21.3,22
2025-06-14 23:00:00,0.302,0.374,21.8,22
2025-06-15 00:00:00,0.3,0.374,23,22.3
2025-06-15 01:00:00,0.299,0.373,24.5,22.7
2025-06-15 02:00:00,0.297,0.373,25.5,23.4
2025-06-15 03:00:00,0.296,0.372,26.5,24.1
2025-06-15 04:00:00,0.295,0.371,27.7,24.9
2025-06-15 05:00:00,0.294,0.37,28.2,25.6
2025-06-15 06:00:00,0.293,0.369,28.7,26.2
2025-06-15 07:00:00,0.292,0.367,28.8,26.6
2025-06-15 08:00:00,0.292,0.366,28.4,26.7
2025-06-15 09:00:00,0.292,0.366,27.9,26.5
2025-06-15 10:00:00,0.292,0.366,27.1,26.2
2025-06-15 11:00:00,0.292,0.367,26.4,25.9
2025-06-15 12:00:00,0.292,0.367,25.9,25.5
2025-06-15 13:00:00,0.292,0.367,25.5,25.2
2025-06-15 14:00:00,0.293,0.367,25.1,24.9
2025-06-15 15:00:00,0.295,0.368,24.8,24.7
2025-06-15 16:00:00,0.297,0.368,24.6,24.5
2025-06-15 17:00:00,0.307,0.368,24.4,24.3
2025-06-15 18:00:00,0.31,0.368,24.2,24.2
2025-06-15 19:00:00,0.31,0.368,24.1,24
2025-06-15 20:00:00,0.31,0.368,23.9,23.9
2025-06-15 21:00:00,0.31,0.369,23.9,23.8
2025-06-15 22:00:00,0.31,0.369,23.8,23.7
2025-06-15 23:00:00,0.31,0.369,23.8,23.7
2025-06-16 00:00:00,0.313,0.369,23.8,23.6
2025-06-16 01:00:00,0.318,0.369,23.7,23.6
2025-06-16 02:00:00,0.32,0.369,23.9,23.6
2025-06-16 03:00:00,0.317,0.369,24.9,23.8
2025-06-16 04:00:00,0.313,0.368,26,24.3
2025-06-16 05:00:00,0.31,0.368,27,25
2025-06-16 06:00:00,0.308,0.367,27.6,25.6
2025-06-16 07:00:00,0.306,0.367,28,26.1
2025-06-16 08:00:00,0.305,0.367,28,26.4
2025-06-16 09:00:00,0.304,0.367,27.9,26.6
2025-06-16 10:00:00,0.302,0.367,27.2,26.5
2025-06-16 11:00:00,0.302,0.367,26.4,26.2
2025-06-16 12:00:00,0.302,0.367,25.6,25.8
2025-06-16 13:00:00,0.302,0.368,25,25.4
2025-06-16 14:00:00,0.302,0.368,24.5,25
2025-06-16 15:00:00,0.302,0.369,24.1,24.6
2025-06-16 16:00:00,0.302,0.369,23.8,24.3
2025-06-16 17:00:00,0.303,0.369,23.4,24
2025-06-16 18:00:00,0.303,0.37,23.1,23.8
2025-06-16 19:00:00,0.303,0.37,22.8,23.5
2025-06-16 20:00:00,0.303,0.37,22.6,23.3
2025-06-16 21:00:00,0.303,0.371,22.4,23.1
2025-06-16 22:00:00,0.302,0.371,22.5,23
2025-06-16 23:00:00,0.302,0.371,22.9,23
2025-06-17 00:00:00,0.301,0.371,23.3,23.2
2025-06-17 01:00:00,0.301,0.371,23.7,23.4
2025-06-17 02:00:00,0.3,0.37,24.2,23.6
2025-06-17 03:00:00,0.299,0.37,25.1,23.9
2025-06-17 04:00:00,0.298,0.369,26.5,24.6
2025-06-17 05:00:00,0.297,0.368,27.7,25.4
2025-06-17 06:00:00,0.296,0.368,28.3,26.1
2025-06-17 07:00:00,0.295,0.368,28.5,26.6
2025-06-17 08:00:00,0.295,0.367,28.5,26.9
2025-06-17 09:00:00,0.295,0.367,28.4,27
2025-06-17 10:00:00,0.295,0.367,27.8,26.9
2025-06-17 11:00:00,0.294,0.367,27,26.5
2025-06-17 12:00:00,0.294,0.368,26.2,26.1
2025-06-17 13:00:00,0.294,0.368,25.4,25.6
2025-06-17 14:00:00,0.294,0.369,24.8,25.1
2025-06-17 15:00:00,0.294,0.369,24.2,24.7
2025-06-17 16:00:00,0.294,0.37,23.7,24.3
2025-06-17 17:00:00,0.294,0.37,23.2,24
2025-06-17 18:00:00,0.294,0.371,22.8,23.6
2025-06-17 19:00:00,0.294,0.371,22.5,23.4
2025-06-17 20:00:00,0.294,0.371,22.5,23.2
2025-06-17 21:00:00,0.294,0.371,22.4,23
2025-06-17 22:00:00,0.293,0.372,22.5,22.9
2025-06-17 23:00:00,0.292,0.372,22.9,23
2025-06-18 00:00:00,0.291,0.372,23.8,23.1
2025-06-18 01:00:00,0.29,0.371,25.1,23.5
2025-06-18 02:00:00,0.289,0.371,26.6,24.2
2025-06-18 03:00:00,0.288,0.37,28.1,25.1
2025-06-18 04:00:00,0.286,0.369,29.6,26
2025-06-18 05:00:00,0.285,0.368,30.9,26.8
2025-06-18 06:00:00,0.284,0.368,31.9,27.5
2025-06-18 07:00:00,0.283,0.367,32.5,28
2025-06-18 08:00:00,0.282,0.367,32.4,28.2
2025-06-18 09:00:00,0.282,0.367,31.9,28.2
2025-06-18 10:00:00,0.282,0.367,31,28
2025-06-18 11:00:00,0.282,0.367,29.8,27.6
2025-06-18 12:00:00,0.281,0.368,28.6,27.1
2025-06-18 13:00:00,0.281,0.368,27.6,26.5
2025-06-18 14:00:00,0.281,0.369,26.7,26
2025-06-18 15:00:00,0.28,0.369,26,25.5
2025-06-18 16:00:00,0.279,0.37,25.4,25.1
2025-06-18 17:00:00,0.279,0.37,24.8,24.7
2025-06-18 18:00:00,0.278,0.371,24.2,24.4
2025-06-18 19:00:00,0.278,0.371,23.8,24
2025-06-18 20:00:00,0.277,0.372,23.4,23.7
2025-06-18 21:00:00,0.276,0.372,23.2,23.5
2025-06-18 22:00:00,0.276,0.372,23.3,23.4
2025-06-18 23:00:00,0.275,0.372,23.6,23.4
2025-06-19 00:00:00,0.274,0.372,24.4,23.5
2025-06-19 01:00:00,0.273,0.372,25.5,23.9
2025-06-19 02:00:00,0.272,0.371,26.6,24.5
2025-06-19 03:00:00,0.271,0.371,28.1,25.1
2025-06-19 04:00:00,0.27,0.37,29,25.8
2025-06-19 05:00:00,0.27,0.369,29.9,26.2
2025-06-19 06:00:00,0.268,0.369,30.7,26.7
2025-06-19 07:00:00,0.268,0.368,30.8,27
2025-06-19 08:00:00,0.267,0.367,31,27.3
2025-06-19 09:00:00,0.266,0.367,30.4,27.3
2025-06-19 10:00:00,0.266,0.367,29.7,27.1
2025-06-19 11:00:00,0.265,0.368,28.9,26.8
2025-06-19 12:00:00,0.265,0.368,28.2,26.4
2025-06-19 13:00:00,0.264,0.368,27.6,26.1
2025-06-19 14:00:00,0.264,0.369,27.2,25.9
2025-06-19 15:00:00,0.263,0.369,26.8,25.6
2025-06-19 16:00:00,0.263,0.369,26.4,25.4
2025-06-19 17:00:00,0.263,0.369,26.1,25.2
2025-06-19 18:00:00,0.262,0.369,25.8,25
2025-06-19 19:00:00,0.262,0.369,25.6,24.9
2025-06-19 20:00:00,0.262,0.369,25.4,24.8
2025-06-19 21:00:00,0.261,0.37,25.3,24.7
2025-06-19 22:00:00,0.261,0.37,25.3,24.6
2025-06-19 23:00:00,0.261,0.37,25.4,24.6
2025-06-20 00:00:00,0.261,0.37,25.7,24.7
2025-06-20 01:00:00,0.26,0.369,25.9,24.8
2025-06-20 02:00:00,0.26,0.369,26,24.9
2025-06-20 03:00:00,0.26,0.369,26.3,25
2025-06-20 04:00:00,0.259,0.369,26.8,25.1
2025-06-20 05:00:00,0.259,0.369,26.7,25.2
2025-06-20 06:00:00,0.259,0.369,26.5,25.3
2025-06-20 07:00:00,0.258,0.369,26.3,25.2
2025-06-20 08:00:00,0.259,0.369,26,25.1
2025-06-20 09:00:00,0.259,0.369,25.8,25.1
2025-06-20 10:00:00,0.259,0.369,25.6,25
2025-06-20 11:00:00,0.26,0.369,25.3,24.8
2025-06-20 12:00:00,0.26,0.369,25,24.7
2025-06-20 13:00:00,0.261,0.369,24.9,24.6
2025-06-20 14:00:00,0.261,0.369,24.7,24.4
2025-06-20 15:00:00,0.262,0.369,24.6,24.3
2025-06-20 16:00:00,0.263,0.37,24.5,24.3
2025-06-20 17:00:00,0.263,0.37,24.4,24.2
2025-06-20 18:00:00,0.264,0.37,24.3,24.1
2025-06-20 19:00:00,0.273,0.37,24.2,24.1
2025-06-20 20:00:00,0.314,0.37,24.1,24
2025-06-20 21:00:00,0.324,0.37,24.1,24
2025-06-20 22:00:00,0.325,0.37,24.1,23.9
2025-06-20 23:00:00,0.325,0.37,24,23.9
2025-06-21 00:00:00,0.321,0.37,24.1,23.9
2025-06-21 01:00:00,0.32,0.37,24.2,23.9
2025-06-21 02:00:00,0.325,0.37,24.3,23.9
2025-06-21 03:00:00,0.326,0.37,24.4,23.9
2025-06-21 04:00:00,0.324,0.37,24.5,24
2025-06-21 05:00:00,0.323,0.37,24.5,24
2025-06-21 06:00:00,0.325,0.37,24.6,24
2025-06-21 07:00:00,0.329,0.37,24.4,24
2025-06-21 08:00:00,0.332,0.37,24.1,24
2025-06-21 09:00:00,0.33,0.37,23.9,23.9
2025-06-21 10:00:00,0.33,0.37,23.7,23.8
2025-06-21 11:00:00,0.357,0.37,23.3,23.7
2025-06-21 12:00:00,0.352,0.37,22.7,23.6
2025-06-21 13:00:00,0.353,0.37,22.3,23.4
2025-06-21 14:00:00,0.35,0.371,22,23.2
2025-06-21 15:00:00,0.346,0.371,21.8,23.1
2025-06-21 16:00:00,0.341,0.371,21.7,23
2025-06-21 17:00:00,0.339,0.371,21.5,22.8
2025-06-21 18:00:00,0.336,0.371,21.4,22.7
2025-06-21 19:00:00,0.335,0.371,21.2,22.6
2025-06-21 20:00:00,0.334,0.372,21.1,22.4
2025-06-21 21:00:00,0.333,0.372,21,22.3
2025-06-21 22:00:00,0.332,0.372,20.9,22.2
2025-06-21 23:00:00,0.332,0.372,21.2,22.1
2025-06-22 00:00:00,0.331,0.372,21.9,22.2
2025-06-22 01:00:00,0.329,0.372,23.3,22.3
2025-06-22 02:00:00,0.327,0.372,25.2,22.7
2025-06-22 03:00:00,0.325,0.371,26.3,23.3
2025-06-22 04:00:00,0.323,0.37,26.7,23.8
2025-06-22 05:00:00,0.322,0.37,26.8,24.2
2025-06-22 06:00:00,0.322,0.369,26.9,24.5
2025-06-22 07:00:00,0.32,0.369,27.1,24.7
2025-06-22 08:00:00,0.318,0.368,27.4,24.9
2025-06-22 09:00:00,0.317,0.368,27.3,25.1
2025-06-22 10:00:00,0.317,0.368,26.8,25.2
2025-06-22 11:00:00,0.317,0.368,25.8,25.1
2025-06-22 12:00:00,0.317,0.368,25,24.9
2025-06-22 13:00:00,0.317,0.369,24.3,24.6
2025-06-22 14:00:00,0.317,0.369,23.7,24.3
2025-06-22 15:00:00,0.317,0.369,23.2,24
2025-06-22 16:00:00,0.317,0.37,22.6,23.7
2025-06-22 17:00:00,0.317,0.37,22.1,23.4
2025-06-22 18:00:00,0.317,0.37,21.6,23.1
2025-06-22 19:00:00,0.317,0.371,21.2,22.8
2025-06-22 20:00:00,0.317,0.371,20.8,22.5
2025-06-22 21:00:00,0.318,0.371,20.5,22.2
2025-06-22 22:00:00,0.318,0.372,20.4,21.9
2025-06-22 23:00:00,0.317,0.372,21,21.8
2025-06-23 00:00:00,0.316,0.372,22.2,21.9
2025-06-23 01:00:00,0.315,0.372,23.8,22.3
2025-06-23 02:00:00,0.314,0.371,25.5,23
2025-06-23 03:00:00,0.313,0.369,26.8,23.8
2025-06-23 04:00:00,0.312,0.368,28.1,24.7
2025-06-23 05:00:00,0.311,0.368,29.3,25.5
2025-06-23 06:00:00,0.31,0.367,30.2,26.2
2025-06-23 07:00:00,0.31,0.365,30.2,26.7
2025-06-23 08:00:00,0.309,0.366,30,26.9
2025-06-23 09:00:00,0.309,0.366,29.7,26.9
2025-06-23 10:00:00,0.309,0.366,29.1,26.7
2025-06-23 11:00:00,0.309,0.366,28.3,26.3
2025-06-23 12:00:00,0.309,0.367,27.5,26
2025-06-23 13:00:00,0.309,0.367,26.8,25.6
2025-06-23 14:00:00,0.309,0.368,26.2,25.3
2025-06-23 15:00:00,0.309,0.368,25.7,25
2025-06-23 16:00:00,0.309,0.368,25.2,24.6
2025-06-23 17:00:00,0.308,0.369,24.8,24.4
2025-06-23 18:00:00,0.308,0.369,24.4,24.1
2025-06-23 19:00:00,0.308,0.369,24,23.9
2025-06-23 20:00:00,0.308,0.369,23.7,23.6
2025-06-23 21:00:00,0.308,0.37,23.5,23.4
2025-06-23 22:00:00,0.307,0.37,23.4,23.3
2025-06-23 23:00:00,0.307,0.37,23.4,23.2
2025-06-24 00:00:00,0.306,0.37,23.3,23.2
2025-06-24 01:00:00,0.339,0.371,23,23.2
2025-06-24 02:00:00,0.351,0.371,22.8,23.1
2025-06-24 03:00:00,0.346,0.371,22.9,23.1
2025-06-24 04:00:00,0.343,0.371,22.9,23.1
2025-06-24 05:00:00,0.34,0.371,23,23.1
2025-06-24 06:00:00,0.338,0.371,23.1,23.1
2025-06-24 07:00:00,0.337,0.371,23.2,23.1
2025-06-24 08:00:00,0.336,0.371,23.2,23.2
2025-06-24 09:00:00,0.335,0.37,23.2,23.2
2025-06-24 10:00:00,0.335,0.371,23.2,23.1
2025-06-24 11:00:00,0.335,0.371,23.1,23.1
2025-06-24 12:00:00,0.334,0.371,23,23
2025-06-24 13:00:00,0.334,0.371,22.9,23
2025-06-24 14:00:00,0.333,0.371,22.8,22.9
2025-06-24 15:00:00,0.333,0.371,22.7,22.8
2025-06-24 16:00:00,0.333,0.371,22.6,22.7
2025-06-24 17:00:00,0.332,0.371,22.3,22.6
2025-06-24 18:00:00,0.332,0.371,22.1,22.5
2025-06-24 19:00:00,0.333,0.371,22,22.4
2025-06-24 20:00:00,0.333,0.371,21.8,22.3
2025-06-24 21:00:00,0.335,0.372,21.7,22.2
2025-06-24 22:00:00,0.337,0.372,21.6,22.1
2025-06-24 23:00:00,0.337,0.372,21.7,22
2025-06-25 00:00:00,0.336,0.372,22.1,22.1
2025-06-25 01:00:00,0.335,0.372,22.8,22.4
2025-06-25 02:00:00,0.333,0.371,23.5,22.8
2025-06-25 03:00:00,0.332,0.371,24.4,23.2
2025-06-25 04:00:00,0.331,0.37,25.4,23.8
2025-06-25 05:00:00,0.329,0.369,26.3,24.3
2025-06-25 06:00:00,0.328,0.369,26.8,24.8
2025-06-25 07:00:00,0.327,0.368,27.2,25.2
2025-06-25 08:00:00,0.327,0.367,27.4,25.5
2025-06-25 09:00:00,0.326,0.367,27.2,25.6
2025-06-25 10:00:00,0.326,0.367,26.6,25.5
2025-06-25 11:00:00,0.326,0.367,26,25.2
2025-06-25 12:00:00,0.325,0.368,25.3,24.9
2025-06-25 13:00:00,0.325,0.368,24.6,24.6
2025-06-25 14:00:00,0.325,0.369,24.1,24.2
2025-06-25 15:00:00,0.325,0.369,23.6,23.9
2025-06-25 16:00:00,0.325,0.369,23.2,23.6
2025-06-25 17:00:00,0.325,0.37,22.8,23.3
2025-06-25 18:00:00,0.325,0.37,22.5,23.1
2025-06-25 19:00:00,0.325,0.37,22.2,22.9
2025-06-25 20:00:00,0.325,0.37,22.1,22.7
2025-06-25 21:00:00,0.324,0.37,22.1,22.6
2025-06-25 22:00:00,0.323,0.371,22.1,22.5
2025-06-25 23:00:00,0.323,0.371,22.4,22.5
2025-06-26 00:00:00,0.322,0.371,23.1,22.7
2025-06-26 01:00:00,0.322,0.37,24.1,23
2025-06-26 02:00:00,0.321,0.37,25.2,23.5
2025-06-26 03:00:00,0.32,0.369,26.3,24.1
2025-06-26 04:00:00,0.32,0.369,27.3,24.8
2025-06-26 05:00:00,0.32,0.369,28.1,25.3
2025-06-26 06:00:00,0.319,0.369,28.7,25.9
2025-06-26 07:00:00,0.319,0.369,29,26.2
2025-06-26 08:00:00,0.319,0.369,28.7,26.4
2025-06-26 09:00:00,0.319,0.369,28.1,26.3
2025-06-26 10:00:00,0.318,0.369,27.6,26
2025-06-26 11:00:00,0.318,0.369,26.9,25.8
2025-06-26 12:00:00,0.318,0.37,26.3,25.5
2025-06-26 13:00:00,0.318,0.37,25.7,25.1
2025-06-26 14:00:00,0.318,0.37,25.2,24.8
2025-06-26 15:00:00,0.318,0.37,24.7,24.5
2025-06-26 16:00:00,0.318,0.371,24.2,24.2
2025-06-26 17:00:00,0.318,0.371,23.9,24
2025-06-26 18:00:00,0.318,0.371,23.5,23.7
2025-06-26 19:00:00,0.318,0.371,23.1,23.5
2025-06-26 20:00:00,0.317,0.371,22.8,23.2
2025-06-26 21:00:00,0.317,0.371,22.5,23
2025-06-26 22:00:00,0.317,0.372,22.5,22.9
2025-06-26 23:00:00,0.316,0.372,22.9,22.8
2025-06-27 00:00:00,0.316,0.372,23.7,23
2025-06-27 01:00:00,0.315,0.371,24.6,23.4
2025-06-27 02:00:00,0.314,0.371,25.7,23.9
2025-06-27 03:00:00,0.313,0.371,27.1,24.5
2025-06-27 04:00:00,0.312,0.37,28.5,25.3
2025-06-27 05:00:00,0.311,0.369,29.8,26.1
2025-06-27 06:00:00,0.31,0.368,30.8,26.8
2025-06-27 07:00:00,0.31,0.368,31.5,27.4
2025-06-27 08:00:00,0.31,0.367,31.5,27.7
2025-06-27 09:00:00,0.31,0.367,31.1,27.7
2025-06-27 10:00:00,0.31,0.367,30.6,27.6
2025-06-27 11:00:00,0.31,0.367,29.8,27.4
2025-06-27 12:00:00,0.31,0.367,29,27
2025-06-27 13:00:00,0.31,0.367,28.4,26.8
2025-06-27 14:00:00,0.309,0.368,27.8,26.5
2025-06-27 15:00:00,0.309,0.368,27.4,26.2
2025-06-27 16:00:00,0.309,0.368,27.1,26
2025-06-27 17:00:00,0.308,0.368,26.9,25.8
2025-06-27 18:00:00,0.308,0.368,26.7,25.7
2025-06-27 19:00:00,0.308,0.368,26.5,25.6
2025-06-27 20:00:00,0.307,0.368,26.3,25.5
2025-06-27 21:00:00,0.307,0.368,26.2,25.4
2025-06-27 22:00:00,0.307,0.369,26.1,25.3
2025-06-27 23:00:00,0.307,0.368,26.5,25.3
2025-06-28 00:00:00,0.306,0.369,27,25.4
2025-06-28 01:00:00,0.305,0.368,27.8,25.7
2025-06-28 02:00:00,0.304,0.368,29,26.1
2025-06-28 03:00:00,0.303,0.367,30.2,26.6
2025-06-28 04:00:00,0.302,0.367,31.5,27.2
2025-06-28 05:00:00,0.301,0.366,32.7,27.8
2025-06-28 06:00:00,0.301,0.365,33.5,28.3
2025-06-28 07:00:00,0.3,0.364,34,28.8
2025-06-28 08:00:00,0.3,0.364,34,29
2025-06-28 09:00:00,0.299,0.364,33.3,29
2025-06-28 10:00:00,0.299,0.364,32.4,28.7
2025-06-28 11:00:00,0.298,0.364,31.6,28.4
2025-06-28 12:00:00,0.298,0.364,30.7,28.1
2025-06-28 13:00:00,0.297,0.365,29.9,27.8
2025-06-28 14:00:00,0.297,0.365,29.2,27.5
2025-06-28 15:00:00,0.296,0.365,28.7,27.2
2025-06-28 16:00:00,0.295,0.366,28.3,26.9
2025-06-28 17:00:00,0.294,0.366,27.9,26.7
2025-06-28 18:00:00,0.293,0.366,27.6,26.5
2025-06-28 19:00:00,0.293,0.366,27.4,26.4
2025-06-28 20:00:00,0.292,0.366,27.1,26.2
2025-06-28 21:00:00,0.291,0.366,26.9,26
2025-06-28 22:00:00,0.29,0.366,26.8,25.9
2025-06-28 23:00:00,0.29,0.367,27,25.8
2025-06-29 00:00:00,0.289,0.367,27.5,25.9
2025-06-29 01:00:00,0.288,0.367,28.6,26.1
2025-06-29 02:00:00,0.287,0.366,30.1,26.6
2025-06-29 03:00:00,0.286,0.366,31.6,27.3
2025-06-29 04:00:00,0.286,0.365,32.9,28
2025-06-29 05:00:00,0.285,0.364,33.9,28.6
2025-06-29 06:00:00,0.284,0.364,34.6,29.1
2025-06-29 07:00:00,0.284,0.363,34.2,29.4
2025-06-29 08:00:00,0.283,0.363,33.6,29.4
2025-06-29 09:00:00,0.282,0.363,32.8,29.3
2025-06-29 10:00:00,0.282,0.363,32,29
2025-06-29 11:00:00,0.281,0.363,31.2,28.7
2025-06-29 12:00:00,0.28,0.364,30.4,28.3
2025-06-29 13:00:00,0.279,0.364,29.8,28
2025-06-29 14:00:00,0.279,0.365,29.2,27.7
2025-06-29 15:00:00,0.279,0.365,28.6,27.4
2025-06-29 16:00:00,0.278,0.365,28.2,27.1
2025-06-29 17:00:00,0.278,0.365,27.8,26.9
2025-06-29 18:00:00,0.277,0.366,27.4,26.6
2025-06-29 19:00:00,0.277,0.366,27,26.4
2025-06-29 20:00:00,0.277,0.366,26.7,26.2
2025-06-29 21:00:00,0.276,0.366,26.5,26
2025-06-29 22:00:00,0.276,0.367,26.5,25.8
2025-06-29 23:00:00,0.276,0.367,27,25.8
2025-06-30 00:00:00,0.275,0.367,27.9,25.9
2025-06-30 01:00:00,0.275,0.366,29,26.2
2025-06-30 02:00:00,0.274,0.366,30.4,26.8
2025-06-30 03:00:00,0.273,0.365,31.8,27.4
2025-06-30 04:00:00,0.273,0.365,32.8,28
2025-06-30 05:00:00,0.272,0.364,33.3,28.5
2025-06-30 06:00:00,0.272,0.363,33.5,28.8
2025-06-30 07:00:00,0.271,0.363,33.6,29
2025-06-30 08:00:00,0.271,0.362,33.7,29.1
2025-06-30 09:00:00,0.27,0.362,33.6,29.1
2025-06-30 10:00:00,0.27,0.362,33.1,28.9
2025-06-30 11:00:00,0.269,0.362,32.2,28.7
2025-06-30 12:00:00,0.269,0.363,31.3,28.4
2025-06-30 13:00:00,0.268,0.363,30.6,28
2025-06-30 14:00:00,0.268,0.363,29.9,27.8
2025-06-30 15:00:00,0.268,0.364,29.4,27.5
2025-06-30 16:00:00,0.268,0.364,28.9,27.2
2025-06-30 17:00:00,0.268,0.364,28.5,27
2025-06-30 18:00:00,0.268,0.364,28.1,26.8
2025-06-30 19:00:00,0.268,0.365,27.7,26.6
2025-06-30 20:00:00,0.268,0.365,27.4,26.4
2025-06-30 21:00:00,0.268,0.365,27.3,26.3
2025-06-30 22:00:00,0.268,0.365,27.3,26.2
2025-06-30 23:00:00,0.267,0.365,27.6,26.2
2025-07-01 00:00:00,0.267,0.365,28.3,26.3
2025-07-01 01:00:00,0.267,0.365,29,26.5
2025-07-01 02:00:00,0.266,0.365,29.7,26.8
2025-07-01 03:00:00,0.266,0.364,30.7,27.2
2025-07-01 04:00:00,0.265,0.364,31.7,27.6
2025-07-01 05:00:00,0.265,0.363,32.3,28
2025-07-01 06:00:00,0.264,0.362,32.7,28.4
2025-07-01 07:00:00,0.264,0.361,33,28.6
2025-07-01 08:00:00,0.263,0.361,33.7,28.8
2025-07-01 09:00:00,0.263,0.36,34,28.9
2025-07-01 10:00:00,0.262,0.36,33.5,28.9
2025-07-01 11:00:00,0.262,0.36,32.7,28.7
2025-07-01 12:00:00,0.262,0.36,31.8,28.5
2025-07-01 13:00:00,0.261,0.36,31,28.2
2025-07-01 14:00:00,0.261,0.361,30.4,28
2025-07-01 15:00:00,0.261,0.361,29.8,27.8
2025-07-01 16:00:00,0.261,0.361,29.3,27.5
2025-07-01 17:00:00,0.262,0.361,28.8,27.3
2025-07-01 18:00:00,0.262,0.362,28.4,27.1
2025-07-01 19:00:00,0.262,0.362,28,26.9
2025-07-01 20:00:00,0.262,0.362,27.7,26.7
2025-07-01 21:00:00,0.262,0.362,27.5,26.6
2025-07-01 22:00:00,0.262,0.362,27.6,26.5
2025-07-01 23:00:00,0.262,0.362,27.9,26.5
2025-07-02 00:00:00,0.261,0.362,28.6,26.6
2025-07-02 01:00:00,0.26,0.362,29.9,26.9
2025-07-02 02:00:00,0.26,0.361,31.4,27.4
2025-07-02 03:00:00,0.259,0.361,33,27.9
2025-07-02 04:00:00,0.259,0.36,34.3,28.6
2025-07-02 05:00:00,0.258,0.359,35,29.1
2025-07-02 06:00:00,0.258,0.359,35.6,29.5
2025-07-02 07:00:00,0.257,0.361,36,29.8
2025-07-02 08:00:00,0.256,0.361,36,29.9
2025-07-02 09:00:00,0.256,0.361,35.6,29.8
2025-07-02 10:00:00,0.256,0.361,34.9,29.6
2025-07-02 11:00:00,0.255,0.361,33.8,29.3
2025-07-02 12:00:00,0.255,0.362,32.8,29
2025-07-02 13:00:00,0.255,0.362,31.9,28.7
2025-07-02 14:00:00,0.255,0.363,31.1,28.4
2025-07-02 15:00:00,0.255,0.363,30.5,28.1
2025-07-02 16:00:00,0.255,0.363,29.8,27.8
2025-07-02 17:00:00,0.256,0.364,29.3,27.6
2025-07-02 18:00:00,0.256,0.364,28.8,27.3
2025-07-02 19:00:00,0.256,0.364,28.5,27.1
2025-07-02 20:00:00,0.256,0.365,28.1,26.9
2025-07-02 21:00:00,0.256,0.365,27.9,26.8
2025-07-02 22:00:00,0.256,0.365,27.8,26.6
2025-07-02 23:00:00,0.256,0.365,28.1,26.6
2025-07-03 00:00:00,0.256,0.365,28.9,26.6
2025-07-03 01:00:00,0.255,0.365,30.2,26.9
2025-07-03 02:00:00,0.254,0.365,31.7,27.4
2025-07-03 03:00:00,0.254,0.364,33.1,28.1
2025-07-03 04:00:00,0.254,0.364,34.4,28.6
2025-07-03 05:00:00,0.253,0.364,35.4,29.2
2025-07-03 06:00:00,0.252,0.363,36.2,29.7
2025-07-03 07:00:00,0.251,0.363,36.6,30
2025-07-03 08:00:00,0.251,0.362,36.6,30
2025-07-03 09:00:00,0.25,0.362,36.1,29.9
2025-07-03 10:00:00,0.25,0.362,35.1,29.7
2025-07-03 11:00:00,0.25,0.362,34,29.3
2025-07-03 12:00:00,0.25,0.363,32.9,29
2025-07-03 13:00:00,0.25,0.363,31.9,28.6
2025-07-03 14:00:00,0.25,0.363,31.1,28.3
2025-07-03 15:00:00,0.25,0.364,30.4,28
2025-07-03 16:00:00,0.251,0.364,29.9,27.7
2025-07-03 17:00:00,0.251,0.364,29.3,27.5
2025-07-03 18:00:00,0.251,0.364,28.8,27.2
2025-07-03 19:00:00,0.252,0.364,28.4,27
2025-07-03 20:00:00,0.252,0.365,28.1,26.8
2025-07-03 21:00:00,0.252,0.365,27.8,26.7
2025-07-03 22:00:00,0.252,0.365,27.7,26.5
2025-07-03 23:00:00,0.252,0.365,27.9,26.5
2025-07-04 00:00:00,0.251,0.365,28.8,26.5
2025-07-04 01:00:00,0.251,0.365,30.1,26.8
2025-07-04 02:00:00,0.25,0.364,31.4,27.3
2025-07-04 03:00:00,0.25,0.364,32.5,27.7
2025-07-04 04:00:00,0.249,0.363,33.3,28.2
2025-07-04 05:00:00,0.249,0.363,33.5,28.5
2025-07-04 06:00:00,0.249,0.363,33.7,28.6
2025-07-04 07:00:00,0.248,0.362,33.8,28.8
2025-07-04 08:00:00,0.248,0.362,33.4,28.8
2025-07-04 09:00:00,0.248,0.362,33,28.7
2025-07-04 10:00:00,0.248,0.362,32.6,28.5
2025-07-04 11:00:00,0.248,0.362,31.9,28.3
2025-07-04 12:00:00,0.248,0.363,31.1,28.1
2025-07-04 13:00:00,0.248,0.363,30.3,27.9
2025-07-04 14:00:00,0.248,0.363,29.7,27.6
2025-07-04 15:00:00,0.249,0.363,29.2,27.4
2025-07-04 16:00:00,0.249,0.364,28.7,27.1
2025-07-04 17:00:00,0.249,0.364,28.3,26.9
2025-07-04 18:00:00,0.25,0.364,27.9,26.7
2025-07-04 19:00:00,0.25,0.364,27.6,26.6
2025-07-04 20:00:00,0.25,0.364,27.4,26.4
2025-07-04 21:00:00,0.25,0.364,27.2,26.3
2025-07-04 22:00:00,0.25,0.365,27.2,26.2
2025-07-04 23:00:00,0.25,0.365,27.6,26.1
2025-07-05 00:00:00,0.249,0.365,28.5,26.3
2025-07-05 01:00:00,0.249,0.364,29.8,26.6
2025-07-05 02:00:00,0.248,0.364,31,27
2025-07-05 03:00:00,0.248,0.363,31.8,27.5
2025-07-05 04:00:00,0.247,0.363,33,27.9
2025-07-05 05:00:00,0.247,0.359,34.2,28.4
2025-07-05 06:00:00,0.246,0.356,34.8,28.9
2025-07-05 07:00:00,0.246,0.355,35.2,29.2
2025-07-05 08:00:00,0.245,0.354,35.3,29.2
2025-07-05 09:00:00,0.245,0.354,34.9,29.1
2025-07-05 10:00:00,0.245,0.354,34.1,28.9
2025-07-05 11:00:00,0.245,0.354,33.1,28.6
2025-07-05 12:00:00,0.245,0.354,32.1,28.3
2025-07-05 13:00:00,0.245,0.355,31.3,28
2025-07-05 14:00:00,0.245,0.355,30.8,27.8
2025-07-05 15:00:00,0.245,0.355,30.3,27.6
2025-07-05 16:00:00,0.245,0.355,30,27.5
2025-07-05 17:00:00,0.246,0.355,29.7,27.4
2025-07-05 18:00:00,0.246,0.356,29.4,27.3
2025-07-05 19:00:00,0.246,0.356,29.1,27.2
2025-07-05 20:00:00,0.246,0.356,28.9,27.1
2025-07-05 21:00:00,0.247,0.356,28.7,27
2025-07-05 22:00:00,0.247,0.356,28.6,26.9
2025-07-05 23:00:00,0.247,0.357,28.8,26.9
2025-07-06 00:00:00,0.246,0.356,29.3,27
2025-07-06 01:00:00,0.246,0.356,30.1,27.2
2025-07-06 02:00:00,0.246,0.356,31.4,27.5
2025-07-06 03:00:00,0.245,0.355,33,28.1
2025-07-06 04:00:00,0.245,0.355,33.9,28.6
2025-07-06 05:00:00,0.244,0.354,34.9,29.1
2025-07-06 06:00:00,0.243,0.354,35.8,29.5
2025-07-06 07:00:00,0.243,0.353,36.3,29.8
2025-07-06 08:00:00,0.242,0.353,36.3,29.9
2025-07-06 09:00:00,0.242,0.353,35.9,29.7
2025-07-06 10:00:00,0.242,0.352,35.1,29.5
2025-07-06 11:00:00,0.242,0.352,34,29.3
2025-07-06 12:00:00,0.242,0.352,32.9,29
2025-07-06 13:00:00,0.242,0.352,32,28.7
2025-07-06 14:00:00,0.242,0.353,31.3,28.4
2025-07-06 15:00:00,0.243,0.353,30.7,28.1
2025-07-06 16:00:00,0.243,0.353,30.2,27.9
2025-07-06 17:00:00,0.243,0.353,29.8,27.7
2025-07-06 18:00:00,0.244,0.353,29.2,27.5
2025-07-06 19:00:00,0.244,0.353,28.7,27.3
2025-07-06 20:00:00,0.244,0.354,28.3,27.1
2025-07-06 21:00:00,0.244,0.354,28.1,26.9
2025-07-06 22:00:00,0.244,0.354,28.2,26.8
2025-07-06 23:00:00,0.244,0.354,28.5,26.8
2025-07-07 00:00:00,0.244,0.354,29.3,27
2025-07-07 01:00:00,0.243,0.354,30.4,27.2
2025-07-07 02:00:00,0.243,0.354,31.7,27.7
2025-07-07 03:00:00,0.243,0.353,33.4,28.3
2025-07-07 04:00:00,0.242,0.353,34.8,29
2025-07-07 05:00:00,0.242,0.352,35.5,29.6
2025-07-07 06:00:00,0.241,0.351,36.1,30
2025-07-07 07:00:00,0.24,0.351,36.8,30.3
2025-07-07 08:00:00,0.24,0.35,36.8,30.3
2025-07-07 09:00:00,0.239,0.35,36.3,30.2
2025-07-07 10:00:00,0.24,0.35,35.4,29.9
2025-07-07 11:00:00,0.24,0.35,34.3,29.6
2025-07-07 12:00:00,0.24,0.349,33.3,29.3
2025-07-07 13:00:00,0.24,0.349,32.5,29
2025-07-07 14:00:00,0.24,0.35,31.9,28.8
2025-07-07 15:00:00,0.24,0.35,31.4,28.6
2025-07-07 16:00:00,0.241,0.35,30.8,28.3
2025-07-07 17:00:00,0.241,0.35,30.3,28.1
2025-07-07 18:00:00,0.241,0.35,29.8,27.9
2025-07-07 19:00:00,0.241,0.35,29.4,27.7
2025-07-07 20:00:00,0.242,0.351,29.1,27.6
2025-07-07 21:00:00,0.242,0.351,28.8,27.4
2025-07-07 22:00:00,0.242,0.351,28.7,27.3
2025-07-07 23:00:00,0.242,0.351,29.2,27.3
2025-07-08 00:00:00,0.241,0.352,30.2,27.4
2025-07-08 01:00:00,0.241,0.353,31.3,27.7
2025-07-08 02:00:00,0.241,0.354,32.5,28.2
2025-07-08 03:00:00,0.24,0.355,33.9,28.6
2025-07-08 04:00:00,0.24,0.356,35.1,29.2
2025-07-08 05:00:00,0.239,0.357,36.2,29.6
2025-07-08 06:00:00,0.238,0.357,37.2,30
2025-07-08 07:00:00,0.238,0.357,37.6,30.3
2025-07-08 08:00:00,0.237,0.358,37.6,30.3
2025-07-08 09:00:00,0.237,0.358,37.3,30.2
2025-07-08 10:00:00,0.237,0.358,36.6,30
2025-07-08 11:00:00,0.237,0.359,35.7,29.8
2025-07-08 12:00:00,0.237,0.359,34.6,29.5
2025-07-08 13:00:00,0.237,0.36,33.7,29.3
2025-07-08 14:00:00,0.237,0.36,33,29
2025-07-08 15:00:00,0.237,0.361,32.3,28.8
2025-07-08 16:00:00,0.238,0.361,31.6,28.6
2025-07-08 17:00:00,0.238,0.361,31.1,28.4
2025-07-08 18:00:00,0.238,0.362,30.6,28.2
2025-07-08 19:00:00,0.239,0.362,30.1,28
2025-07-08 20:00:00,0.239,0.362,29.7,27.8
2025-07-08 21:00:00,0.239,0.362,29.3,27.6
2025-07-08 22:00:00,0.239,0.362,29.2,27.4
2025-07-08 23:00:00,0.239,0.362,29.6,27.4
2025-07-09 00:00:00,0.239,0.362,30.7,27.5
2025-07-09 01:00:00,0.238,0.362,31.9,27.9
2025-07-09 02:00:00,0.238,0.361,33.4,28.4
2025-07-09 03:00:00,0.238,0.36,35,29
2025-07-09 04:00:00,0.237,0.359,36.4,29.6
2025-07-09 05:00:00,0.236,0.358,37.7,30.3
2025-07-09 06:00:00,0.235,0.356,38.6,30.8
2025-07-09 07:00:00,0.235,0.355,39,31.1
2025-07-09 08:00:00,0.234,0.355,38.9,31
2025-07-09 09:00:00,0.234,0.355,38.3,30.9
2025-07-09 10:00:00,0.234,0.355,37.4,30.6
2025-07-09 11:00:00,0.234,0.355,36.3,30.3
2025-07-09 12:00:00,0.235,0.355,35.2,30
2025-07-09 13:00:00,0.235,0.355,34.2,29.7
2025-07-09 14:00:00,0.235,0.355,33.4,29.4
2025-07-09 15:00:00,0.235,0.355,32.6,29.1
2025-07-09 16:00:00,0.235,0.355,31.9,28.8
2025-07-09 17:00:00,0.236,0.355,31.3,28.6
2025-07-09 18:00:00,0.236,0.355,30.7,28.3
2025-07-09 19:00:00,0.236,0.355,30.2,28.1
2025-07-09 20:00:00,0.237,0.355,29.7,27.8
2025-07-09 21:00:00,0.237,0.355,29.3,27.6
2025-07-09 22:00:00,0.237,0.355,29.1,27.4
2025-07-09 23:00:00,0.237,0.355,29.2,27.3
2025-07-10 00:00:00,0.237,0.355,29.8,27.4
2025-07-10 01:00:00,0.236,0.355,31.1,27.7
2025-07-10 02:00:00,0.236,0.354,32.8,28.2
2025-07-10 03:00:00,0.236,0.352,34.6,28.8
2025-07-10 04:00:00,0.235,0.35,36.3,29.5
2025-07-10 05:00:00,0.234,0.348,37.6,30.1
2025-07-10 06:00:00,0.233,0.347,38.5,30.7
2025-07-10 07:00:00,0.233,0.357,38.4,30.9
2025-07-10 08:00:00,0.237,0.374,37.6,30.9
2025-07-10 09:00:00,0.239,0.382,36,30.7
2025-07-10 10:00:00,0.239,0.383,34.7,30.4
2025-07-10 11:00:00,0.24,0.383,33.6,30.1
2025-07-10 12:00:00,0.241,0.384,32.7,29.7
2025-07-10 13:00:00,0.242,0.384,31.9,29.4
2025-07-10 14:00:00,0.242,0.385,31.2,29.1
2025-07-10 15:00:00,0.243,0.385,30.6,28.8
2025-07-10 16:00:00,0.243,0.386,30,28.5
2025-07-10 17:00:00,0.244,0.386,29.5,28.2
2025-07-10 18:00:00,0.245,0.386,28.9,28
2025-07-10 19:00:00,0.246,0.387,28.4,27.7
2025-07-10 20:00:00,0.246,0.387,27.9,27.4
2025-07-10 21:00:00,0.247,0.387,27.5,27.1
2025-07-10 22:00:00,0.247,0.387,27.3,26.9
2025-07-10 23:00:00,0.247,0.387,27.8,26.8
2025-07-11 00:00:00,0.247,0.387,28.7,26.9
2025-07-11 01:00:00,0.246,0.387,29.8,27.3
2025-07-11 02:00:00,0.246,0.387,30.5,27.7
2025-07-11 03:00:00,0.246,0.386,31.2,28.3
2025-07-11 04:00:00,0.246,0.386,32,28.7
2025-07-11 05:00:00,0.246,0.385,33.3,29.3
2025-07-11 06:00:00,0.245,0.385,34.4,29.8
2025-07-11 07:00:00,0.245,0.384,35,30
2025-07-11 08:00:00,0.245,0.384,34.7,30
2025-07-11 09:00:00,0.245,0.384,34.1,29.9
2025-07-11 10:00:00,0.245,0.384,33.5,29.7
2025-07-11 11:00:00,0.245,0.385,32.8,29.6
2025-07-11 12:00:00,0.245,0.385,32.1,29.3
2025-07-11 13:00:00,0.245,0.385,31.4,29.1
2025-07-11 14:00:00,0.245,0.385,30.8,28.8
2025-07-11 15:00:00,0.245,0.385,30.1,28.6
2025-07-11 16:00:00,0.245,0.386,29.6,28.3
2025-07-11 17:00:00,0.245,0.386,29,28
2025-07-11 18:00:00,0.245,0.386,28.5,27.8
2025-07-11 19:00:00,0.245,0.386,28.1,27.5
2025-07-11 20:00:00,0.245,0.386,27.6,27.2
2025-07-11 21:00:00,0.245,0.387,27.1,27
2025-07-11 22:00:00,0.245,0.387,26.9,26.7
2025-07-11 23:00:00,0.245,0.387,27.2,26.6
2025-07-12 00:00:00,0.244,0.387,28.2,26.6
2025-07-12 01:00:00,0.244,0.387,29.5,27
2025-07-12 02:00:00,0.243,0.386,31.1,27.5
2025-07-12 03:00:00,0.242,0.386,32.9,28.1
2025-07-12 04:00:00,0.242,0.385,34.7,28.9
2025-07-12 05:00:00,0.241,0.385,36.2,29.6
2025-07-12 06:00:00,0.24,0.384,37,30.2
2025-07-12 07:00:00,0.24,0.384,37.2,30.3
2025-07-12 08:00:00,0.239,0.384,37,30.2
2025-07-12 09:00:00,0.239,0.384,36,29.9
2025-07-12 10:00:00,0.239,0.384,34.9,29.6
2025-07-12 11:00:00,0.239,0.384,33.8,29.3
2025-07-12 12:00:00,0.239,0.384,32.8,29
2025-07-12 13:00:00,0.239,0.385,32,28.7
2025-07-12 14:00:00,0.239,0.385,31.3,28.4
2025-07-12 15:00:00,0.239,0.385,30.6,28.2
2025-07-12 16:00:00,0.239,0.385,30.1,27.9
2025-07-12 17:00:00,0.239,0.386,29.5,27.7
2025-07-12 18:00:00,0.24,0.386,29.1,27.5
2025-07-12 19:00:00,0.24,0.386,28.8,27.3
2025-07-12 20:00:00,0.24,0.386,28.5,27.1
2025-07-12 21:00:00,0.24,0.386,28.3,27
2025-07-12 22:00:00,0.24,0.386,28.2,26.9
2025-07-12 23:00:00,0.24,0.386,28.2,26.8
2025-07-13 00:00:00,0.24,0.386,28.4,26.8
2025-07-13 01:00:00,0.24,0.386,28.9,26.9
2025-07-13 02:00:00,0.24,0.386,29.1,27.1
2025-07-13 03:00:00,0.242,0.386,28.9,27.1
2025-07-13 04:00:00,0.271,0.386,28.3,27.1
2025-07-13 05:00:00,0.3,0.386,27.7,26.9
2025-07-13 06:00:00,0.312,0.386,27.3,26.8
2025-07-13 07:00:00,0.314,0.386,27.1,26.7
2025-07-13 08:00:00,0.311,0.386,27.1,26.6
2025-07-13 09:00:00,0.311,0.386,27,26.5
2025-07-13 10:00:00,0.312,0.386,26.6,26.4
2025-07-13 11:00:00,0.312,0.387,26.4,26.2
2025-07-13 12:00:00,0.312,0.387,26.1,26.1
2025-07-13 13:00:00,0.311,0.387,25.7,25.9
2025-07-13 14:00:00,0.311,0.387,25.3,25.7
2025-07-13 15:00:00,0.31,0.387,25,25.5
2025-07-13 16:00:00,0.309,0.387,24.6,25.3
2025-07-13 17:00:00,0.309,0.387,24.3,25.1
2025-07-13 18:00:00,0.308,0.387,24,24.9
2025-07-13 19:00:00,0.308,0.387,23.8,24.7
2025-07-13 20:00:00,0.308,0.387,23.6,24.6
2025-07-13 21:00:00,0.308,0.388,23.4,24.4
2025-07-13 22:00:00,0.307,0.388,23.5,24.3
2025-07-13 23:00:00,0.307,0.388,24.2,24.3
2025-07-14 00:00:00,0.305,0.388,25.4,24.5
2025-07-14 01:00:00,0.303,0.387,26.7,25
2025-07-14 02:00:00,0.301,0.387,27.4,25.6
2025-07-14 03:00:00,0.3,0.386,28.2,26.1
2025-07-14 04:00:00,0.298,0.386,29,26.8
2025-07-14 05:00:00,0.297,0.385,29.6,27.4
2025-07-14 06:00:00,0.296,0.385,29.9,27.8
2025-07-14 07:00:00,0.295,0.385,30.1,28
2025-07-14 08:00:00,0.295,0.385,30.1,27.9
2025-07-14 09:00:00,0.294,0.385,29.8,27.6
2025-07-14 10:00:00,0.294,0.385,29,27.4
2025-07-14 11:00:00,0.294,0.385,28.2,27
2025-07-14 12:00:00,0.294,0.385,27.6,26.7
2025-07-14 13:00:00,0.294,0.386,27,26.5
2025-07-14 14:00:00,0.293,0.386,26.6,26.2
2025-07-14 15:00:00,0.293,0.386,26.1,26
2025-07-14 16:00:00,0.293,0.386,25.9,25.8
2025-07-14 17:00:00,0.293,0.386,25.6,25.6
2025-07-14 18:00:00,0.292,0.386,25.3,25.4
2025-07-14 19:00:00,0.292,0.387,25,25.3
2025-07-14 20:00:00,0.292,0.387,24.8,25.1
2025-07-14 21:00:00,0.291,0.387,24.7,25
2025-07-14 22:00:00,0.291,0.387,24.6,24.9
2025-07-14 23:00:00,0.291,0.387,24.6,24.9
2025-07-15 00:00:00,0.29,0.387,24.7,24.8
2025-07-15 01:00:00,0.294,0.387,24.9,24.8
2025-07-15 02:00:00,0.316,0.387,25,24.9
2025-07-15 03:00:00,0.316,0.387,25.2,24.9
2025-07-15 04:00:00,0.314,0.387,25.8,25
2025-07-15 05:00:00,0.31,0.387,27.1,25.3
2025-07-15 06:00:00,0.307,0.386,28.5,25.8
2025-07-15 07:00:00,0.304,0.386,29.2,26.2
2025-07-15 08:00:00,0.302,0.386,29.2,26.4
2025-07-15 09:00:00,0.301,0.386,28.9,26.3
2025-07-15 10:00:00,0.3,0.386,28.4,26.2
2025-07-15 11:00:00,0.3,0.386,27.8,26.1
2025-07-15 12:00:00,0.299,0.386,27.2,25.9
2025-07-15 13:00:00,0.299,0.386,26.7,25.7
2025-07-15 14:00:00,0.299,0.386,26.2,25.6
2025-07-15 15:00:00,0.299,0.386,25.9,25.4
2025-07-15 16:00:00,0.299,0.386,25.7,25.3
2025-07-15 17:00:00,0.299,0.386,25.4,25.2
2025-07-15 18:00:00,0.298,0.386,25.3,25.1
2025-07-15 19:00:00,0.298,0.387,25.1,25
2025-07-15 20:00:00,0.298,0.387,25,24.9
2025-07-15 21:00:00,0.298,0.387,24.9,24.8
2025-07-15 22:00:00,0.298,0.387,24.9,24.8
2025-07-15 23:00:00,0.298,0.387,24.9,24.7
2025-07-16 00:00:00,0.299,0.387,25,24.7
2025-07-16 01:00:00,0.312,0.387,25,24.8
2025-07-16 02:00:00,0.324,0.387,25,24.8
2025-07-16 03:00:00,0.322,0.387,25,24.8
2025-07-16 04:00:00,0.316,0.387,25.1,24.8
2025-07-16 05:00:00,0.312,0.387,25.5,24.8
2025-07-16 06:00:00,0.31,0.387,25.8,24.9
2025-07-16 07:00:00,0.308,0.387,25.8,25
2025-07-16 08:00:00,0.307,0.387,25.8,25
2025-07-16 09:00:00,0.306,0.387,25.7,25
2025-07-16 10:00:00,0.306,0.387,25.6,25
2025-07-16 11:00:00,0.305,0.387,25.4,25
2025-07-16 12:00:00,0.305,0.387,25.2,24.9
2025-07-16 13:00:00,0.304,0.387,25,24.8
2025-07-16 14:00:00,0.304,0.387,25,24.8
2025-07-16 15:00:00,0.304,0.387,25,24.7
2025-07-16 16:00:00,0.304,0.387,25.1,24.7
2025-07-16 17:00:00,0.304,0.387,25.3,24.8
2025-07-16 18:00:00,0.304,0.387,25.4,24.9
2025-07-16 19:00:00,0.304,0.387,25.4,24.9
2025-07-16 20:00:00,0.304,0.387,25.5,24.9
2025-07-16 21:00:00,0.304,0.387,25.5,25
2025-07-16 22:00:00,0.304,0.386,25.6,25
2025-07-16 23:00:00,0.304,0.386,26,25.1
2025-07-17 00:00:00,0.304,0.386,26.3,25.2
2025-07-17 01:00:00,0.305,0.386,26.6,25.4
2025-07-17 02:00:00,0.327,0.386,26.7,25.5
2025-07-17 03:00:00,0.329,0.386,26.5,25.5
2025-07-17 04:00:00,0.328,0.386,26.4,25.5
2025-07-17 05:00:00,0.327,0.386,26.2,25.5
2025-07-17 06:00:00,0.328,0.386,25.8,25.5
2025-07-17 07:00:00,0.33,0.386,25.5,25.4
2025-07-17 08:00:00,0.325,0.386,25.4,25.4
2025-07-17 09:00:00,0.331,0.386,25.1,25.3
2025-07-17 10:00:00,0.333,0.387,24.6,25.3
2025-07-17 11:00:00,0.333,0.387,24.2,25.2
2025-07-17 12:00:00,0.333,0.387,23.9,25.1
2025-07-17 13:00:00,0.331,0.387,23.7,25
2025-07-17 14:00:00,0.336,0.387,23.5,24.9
2025-07-17 15:00:00,0.339,0.387,23.2,24.8
2025-07-17 16:00:00,0.335,0.387,23.2,24.7
2025-07-17 17:00:00,0.333,0.387,23.1,24.6
2025-07-17 18:00:00,0.337,0.387,23,24.5
2025-07-17 19:00:00,0.338,0.387,22.9,24.4
2025-07-17 20:00:00,0.336,0.387,22.8,24.4
2025-07-17 21:00:00,0.333,0.387,22.8,24.3
2025-07-17 22:00:00,0.332,0.387,23,24.2
2025-07-17 23:00:00,0.331,0.387,23.7,24.2
2025-07-18 00:00:00,0.329,0.387,25.1,24.2
2025-07-18 01:00:00,0.326,0.387,26.8,24.2
2025-07-18 02:00:00,0.324,0.386,28.1,24.4
2025-07-18 03:00:00,0.322,0.386,28.6,24.7
2025-07-18 04:00:00,0.32,0.386,29.4,25
2025-07-18 05:00:00,0.319,0.385,29.5,25.3
2025-07-18 06:00:00,0.321,0.385,29,25.5
2025-07-18 07:00:00,0.327,0.385,28.3,25.8
2025-07-18 08:00:00,0.332,0.385,27.8,25.9
2025-07-18 09:00:00,0.338,0.385,27.2,25.9
2025-07-18 10:00:00,0.338,0.385,26.5,25.9
2025-07-18 11:00:00,0.336,0.385,26,25.8
2025-07-18 12:00:00,0.334,0.385,25.6,25.7
2025-07-18 13:00:00,0.337,0.386,25.3,25.6
2025-07-18 14:00:00,0.341,0.386,25.2,25.5
2025-07-18 15:00:00,0.344,0.386,25.2,25.4
2025-07-18 16:00:00,0.344,0.386,25.2,25.3
2025-07-18 17:00:00,0.344,0.386,25.1,25.2
2025-07-18 18:00:00,0.344,0.386,25.1,25.2
2025-07-18 19:00:00,0.346,0.386,25.1,25.1
2025-07-18 20:00:00,0.344,0.386,25.1,25.1
2025-07-18 21:00:00,0.345,0.386,25.1,25.1
2025-07-18 22:00:00,0.345,0.386,25.1,25
2025-07-18 23:00:00,0.344,0.386,25.2,25
2025-07-19 00:00:00,0.344,0.386,25.5,25
2025-07-19 01:00:00,0.346,0.386,25.6,25
2025-07-19 02:00:00,0.346,0.386,25.8,25
2025-07-19 03:00:00,0.345,0.386,26.2,25
2025-07-19 04:00:00,0.341,0.386,27.5,25.1
2025-07-19 05:00:00,0.337,0.386,28.6,25.2
2025-07-19 06:00:00,0.335,0.385,28.9,25.4
2025-07-19 07:00:00,0.333,0.385,28.9,25.6
2025-07-19 08:00:00,0.334,0.385,28.7,25.8
2025-07-19 09:00:00,0.345,0.385,28.7,25.9
2025-07-19 10:00:00,0.346,0.385,28.4,26
2025-07-19 11:00:00,0.344,0.385,27.9,26.1
2025-07-19 12:00:00,0.342,0.385,27.5,26.1
2025-07-19 13:00:00,0.34,0.385,27,26.1
2025-07-19 14:00:00,0.339,0.385,26.6,26
2025-07-19 15:00:00,0.339,0.385,26.3,26
2025-07-19 16:00:00,0.338,0.385,26,25.9
2025-07-19 17:00:00,0.338,0.385,25.7,25.8
2025-07-19 18:00:00,0.338,0.385,25.5,25.7
2025-07-19 19:00:00,0.338,0.385,25.2,25.6
2025-07-19 20:00:00,0.337,0.385,25,25.5
2025-07-19 21:00:00,0.337,0.385,24.8,25.4
2025-07-19 22:00:00,0.337,0.386,25,25.3
2025-07-19 23:00:00,0.336,0.386,25.8,25.3
2025-07-20 00:00:00,0.335,0.386,26.9,25.2
2025-07-20 01:00:00,0.334,0.385,28.1,25.3
2025-07-20 02:00:00,0.332,0.385,29.3,25.5
2025-07-20 03:00:00,0.33,0.385,30.3,25.7
2025-07-20 04:00:00,0.328,0.385,31.2,26
2025-07-20 05:00:00,0.327,0.384,31.8,26.4
2025-07-20 06:00:00,0.325,0.384,32.1,26.7
2025-07-20 07:00:00,0.324,0.384,32.3,27
2025-07-20 08:00:00,0.324,0.383,32.1,27.2
2025-07-20 09:00:00,0.323,0.383,31.8,27.2
2025-07-20 10:00:00,0.322,0.383,30.9,27.2
2025-07-20 11:00:00,0.322,0.383,29.9,27.2
2025-07-20 12:00:00,0.322,0.383,29,27.1
2025-07-20 13:00:00,0.322,0.384,28.5,26.9
2025-07-20 14:00:00,0.321,0.384,28,26.8
2025-07-20 15:00:00,0.321,0.384,27.5,26.7
2025-07-20 16:00:00,0.32,0.384,27.1,26.6
2025-07-20 17:00:00,0.32,0.384,26.8,26.4
2025-07-20 18:00:00,0.32,0.384,26.4,26.3
2025-07-20 19:00:00,0.319,0.384,26.2,26.2
2025-07-20 20:00:00,0.319,0.384,25.9,26.1
2025-07-20 21:00:00,0.319,0.384,25.8,25.9
2025-07-20 22:00:00,0.318,0.384,25.9,25.9
2025-07-20 23:00:00,0.317,0.384,26.6,25.8
2025-07-21 00:00:00,0.316,0.384,27.7,25.7
2025-07-21 01:00:00,0.315,0.384,28.8,25.8
2025-07-21 02:00:00,0.314,0.384,30,26
2025-07-21 03:00:00,0.313,0.384,31,26.2
2025-07-21 04:00:00,0.312,0.384,31.6,26.6
2025-07-21 05:00:00,0.313,0.384,30.9,26.9
2025-07-21 06:00:00,0.314,0.384,30.8,27.1
2025-07-21 07:00:00,0.314,0.383,30.5,27.3
2025-07-21 08:00:00,0.314,0.383,30.3,27.3
2025-07-21 09:00:00,0.315,0.383,30.3,27.3
2025-07-21 10:00:00,0.315,0.383,29.9,27.3
2025-07-21 11:00:00,0.316,0.383,29.1,27.2
2025-07-21 12:00:00,0.316,0.383,28.4,27.2
2025-07-21 13:00:00,0.316,0.383,27.9,27
2025-07-21 14:00:00,0.316,0.383,27.5,26.9
2025-07-21 15:00:00,0.316,0.383,27.1,26.8
2025-07-21 16:00:00,0.316,0.384,26.7,26.7
2025-07-21 17:00:00,0.316,0.384,26.4,26.5
2025-07-21 18:00:00,0.316,0.384,26,26.4
2025-07-21 19:00:00,0.316,0.384,25.8,26.3
2025-07-21 20:00:00,0.316,0.384,25.5,26.1
2025-07-21 21:00:00,0.316,0.384,25.3,26
2025-07-21 22:00:00,0.316,0.384,25.3,25.9
2025-07-21 23:00:00,0.316,0.384,26.1,25.8
2025-07-22 00:00:00,0.316,0.384,27.3,25.7
2025-07-22 01:00:00,0.315,0.384,28.7,25.8
2025-07-22 02:00:00,0.314,0.384,30.2,25.9
2025-07-22 03:00:00,0.313,0.384,31.7,26.2
2025-07-22 04:00:00,0.312,0.383,32.8,26.6
2025-07-22 05:00:00,0.312,0.383,33.5,27.1
2025-07-22 06:00:00,0.311,0.382,33.6,27.5
2025-07-22 07:00:00,0.31,0.382,33.1,27.8
2025-07-22 08:00:00,0.308,0.382,32.5,28.1
2025-07-22 09:00:00,0.307,0.381,32,28.1
2025-07-22 10:00:00,0.305,0.381,31.3,28.2
2025-07-22 11:00:00,0.304,0.381,30.5,28.1
2025-07-22 12:00:00,0.303,0.381,29.8,28
2025-07-22 13:00:00,0.301,0.381,29.3,27.9
2025-07-22 14:00:00,0.3,0.381,28.8,27.8
2025-07-22 15:00:00,0.3,0.381,28.3,27.6
2025-07-22 16:00:00,0.299,0.381,27.8,27.5
2025-07-22 17:00:00,0.298,0.381,27.4,27.3
2025-07-22 18:00:00,0.298,0.382,27,27.2
2025-07-22 19:00:00,0.299,0.382,26.7,27
2025-07-22 20:00:00,0.298,0.382,26.4,26.9
2025-07-22 21:00:00,0.296,0.382,26.2,26.7
2025-07-22 22:00:00,0.295,0.382,26.2,26.6
2025-07-22 23:00:00,0.295,0.382,26.9,26.5
2025-07-23 00:00:00,0.294,0.382,28.2,26.4
2025-07-23 01:00:00,0.293,0.382,29.5,26.4
2025-07-23 02:00:00,0.292,0.381,30.5,26.6
2025-07-23 03:00:00,0.29,0.381,31.9,26.9
2025-07-23 04:00:00,0.289,0.38,32.8,27.2
2025-07-23 05:00:00,0.288,0.38,33.3,27.6
2025-07-23 06:00:00,0.286,0.38,33.9,28
2025-07-23 07:00:00,0.284,0.379,34.3,28.2
2025-07-23 08:00:00,0.282,0.379,34.3,28.3
2025-07-23 09:00:00,0.28,0.379,33.8,28.4
2025-07-23 10:00:00,0.278,0.379,32.7,28.4
2025-07-23 11:00:00,0.277,0.379,31.5,28.3
2025-07-23 12:00:00,0.276,0.379,30.5,28.2
2025-07-23 13:00:00,0.276,0.379,29.7,28.1
2025-07-23 14:00:00,0.276,0.379,29,27.9
2025-07-23 15:00:00,0.276,0.379,28.4,27.7
2025-07-23 16:00:00,0.276,0.379,27.9,27.6
2025-07-23 17:00:00,0.276,0.379,27.4,27.4
2025-07-23 18:00:00,0.276,0.379,26.9,27.2
2025-07-23 19:00:00,0.277,0.379,26.6,27
2025-07-23 20:00:00,0.277,0.38,26.2,26.8
2025-07-23 21:00:00,0.277,0.38,25.9,26.7
2025-07-23 22:00:00,0.277,0.38,25.9,26.5
2025-07-23 23:00:00,0.276,0.38,26.7,26.4
2025-07-24 00:00:00,0.276,0.38,28,26.3
2025-07-24 01:00:00,0.275,0.38,29.7,26.3
2025-07-24 02:00:00,0.273,0.38,31.4,26.6
2025-07-24 03:00:00,0.272,0.372,32.7,26.9
2025-07-24 04:00:00,0.271,0.371,34.4,27.3
2025-07-24 05:00:00,0.268,0.37,36.1,27.7
2025-07-24 06:00:00,0.267,0.369,37.2,28.1
2025-07-24 07:00:00,0.265,0.368,37.7,28.5
2025-07-24 08:00:00,0.263,0.367,37.4,28.7
2025-07-24 09:00:00,0.262,0.363,36.5,28.8
2025-07-24 10:00:00,0.262,0.362,35.1,28.7
2025-07-24 11:00:00,0.261,0.362,33.7,28.7
2025-07-24 12:00:00,0.261,0.362,32.5,28.6
2025-07-24 13:00:00,0.261,0.362,31.5,28.5
2025-07-24 14:00:00,0.262,0.362,30.7,28.3
2025-07-24 15:00:00,0.262,0.362,30,28.2
2025-07-24 16:00:00,0.262,0.362,29.4,28
2025-07-24 17:00:00,0.263,0.362,28.8,27.8
2025-07-24 18:00:00,0.263,0.362,28.3,27.7
2025-07-24 19:00:00,0.263,0.362,28,27.5
2025-07-24 20:00:00,0.263,0.362,27.9,27.3
2025-07-24 21:00:00,0.263,0.362,27.7,27.2
2025-07-24 22:00:00,0.263,0.362,27.7,27.1
2025-07-24 23:00:00,0.263,0.362,28,27
2025-07-25 00:00:00,0.262,0.362,29.1,26.9
2025-07-25 01:00:00,0.262,0.361,30.7,27
2025-07-25 02:00:00,0.261,0.361,32.5,27.2
2025-07-25 03:00:00,0.259,0.36,34.4,27.4
2025-07-25 04:00:00,0.258,0.36,36.1,27.8
2025-07-25 05:00:00,0.257,0.359,37.3,28.2
2025-07-25 06:00:00,0.255,0.358,38,28.6
2025-07-25 07:00:00,0.254,0.357,38.6,28.8
2025-07-25 08:00:00,0.253,0.356,38.4,28.9
2025-07-25 09:00:00,0.253,0.356,37.8,29
2025-07-25 10:00:00,0.252,0.355,36.5,29
2025-07-25 11:00:00,0.253,0.355,35,28.9
2025-07-25 12:00:00,0.253,0.355,33.6,28.8
2025-07-25 13:00:00,0.253,0.354,32.5,28.7
2025-07-25 14:00:00,0.254,0.354,31.6,28.6
2025-07-25 15:00:00,0.254,0.354,30.8,28.4
2025-07-25 16:00:00,0.254,0.354,30,28.2
2025-07-25 17:00:00,0.255,0.354,29.4,28.1
2025-07-25 18:00:00,0.255,0.354,28.9,27.9
2025-07-25 19:00:00,0.256,0.354,28.4,27.7
2025-07-25 20:00:00,0.256,0.354,28,27.6
2025-07-25 21:00:00,0.256,0.354,27.6,27.4
2025-07-25 22:00:00,0.256,0.354,27.5,27.2
2025-07-25 23:00:00,0.256,0.354,28.2,27.1
2025-07-26 00:00:00,0.255,0.353,29.5,27.1
2025-07-26 01:00:00,0.254,0.353,31.1,27.1
2025-07-26 02:00:00,0.253,0.352,33.1,27.3
2025-07-26 03:00:00,0.252,0.351,34.9,27.6
2025-07-26 04:00:00,0.251,0.35,36.8,28
2025-07-26 05:00:00,0.25,0.348,38.4,28.4
2025-07-26 06:00:00,0.249,0.347,39.6,28.8
2025-07-26 07:00:00,0.247,0.346,40.1,29.1
2025-07-26 08:00:00,0.247,0.345,39.9,29.2
2025-07-26 09:00:00,0.247,0.344,39,29.2
2025-07-26 10:00:00,0.247,0.344,37.5,29.2
2025-07-26 11:00:00,0.247,0.343,35.9,29.1
2025-07-26 12:00:00,0.248,0.343,34.5,29
2025-07-26 13:00:00,0.248,0.343,33.3,28.8
2025-07-26 14:00:00,0.248,0.343,32.4,28.7
2025-07-26 15:00:00,0.249,0.342,31.6,28.5
2025-07-26 16:00:00,0.249,0.342,30.8,28.4
2025-07-26 17:00:00,0.249,0.342,30.2,28.2
2025-07-26 18:00:00,0.25,0.342,29.6,28
2025-07-26 19:00:00,0.25,0.342,29.1,27.9
2025-07-26 20:00:00,0.251,0.342,28.6,27.7
2025-07-26 21:00:00,0.251,0.342,28.2,27.6
2025-07-26 22:00:00,0.251,0.341,28,27.4
2025-07-26 23:00:00,0.251,0.341,28.6,27.3
2025-07-27 00:00:00,0.25,0.34,29.8,27.2
2025-07-27 01:00:00,0.249,0.339,31.5,27.3
2025-07-27 02:00:00,0.248,0.338,33.5,27.4
2025-07-27 03:00:00,0.247,0.337,35.7,27.7
2025-07-27 04:00:00,0.246,0.336,37.6,28.1
2025-07-27 05:00:00,0.245,0.335,39.2,28.7
2025-07-27 06:00:00,0.244,0.334,40.3,29.2
2025-07-27 07:00:00,0.243,0.333,40.8,29.6
2025-07-27 08:00:00,0.243,0.333,40.7,29.8
2025-07-27 09:00:00,0.242,0.332,39.8,29.8
2025-07-27 10:00:00,0.242,0.331,38.2,29.7
2025-07-27 11:00:00,0.243,0.331,36.5,29.6
2025-07-27 12:00:00,0.243,0.33,35.1,29.5
2025-07-27 13:00:00,0.244,0.33,33.9,29.3
2025-07-27 14:00:00,0.244,0.33,32.9,29.1
2025-07-27 15:00:00,0.244,0.329,32.1,28.9
2025-07-27 16:00:00,0.245,0.329,31.4,28.8
2025-07-27 17:00:00,0.245,0.329,30.7,28.6
2025-07-27 18:00:00,0.246,0.329,30.1,28.4
2025-07-27 19:00:00,0.246,0.328,29.6,28.2
2025-07-27 20:00:00,0.246,0.328,29.1,28.1
2025-07-27 21:00:00,0.247,0.328,28.7,27.9
2025-07-27 22:00:00,0.247,0.327,28.5,27.8
2025-07-27 23:00:00,0.246,0.327,29.1,27.6
2025-07-28 00:00:00,0.246,0.326,30.5,27.6
2025-07-28 01:00:00,0.245,0.325,32.4,27.6
2025-07-28 02:00:00,0.245,0.324,34.5,27.9
2025-07-28 03:00:00,0.243,0.323,36.6,28.3
2025-07-28 04:00:00,0.243,0.323,38,28.8
2025-07-28 05:00:00,0.242,0.322,39,29.4
2025-07-28 06:00:00,0.241,0.321,39.8,29.9
2025-07-28 07:00:00,0.24,0.32,39.9,30.2
2025-07-28 08:00:00,0.24,0.319,39.5,30.4
2025-07-28 09:00:00,0.24,0.319,38.4,30.4
2025-07-28 10:00:00,0.24,0.319,36.9,30.3
2025-07-28 11:00:00,0.24,0.318,35.6,30.1
2025-07-28 12:00:00,0.241,0.318,34.4,30
2025-07-28 13:00:00,0.241,0.318,33.3,29.8
2025-07-28 14:00:00,0.242,0.318,32.3,29.6
2025-07-28 15:00:00,0.242,0.317,31.5,29.4
2025-07-28 16:00:00,0.242,0.317,30.8,29.1
2025-07-28 17:00:00,0.243,0.317,30.1,28.9
2025-07-28 18:00:00,0.243,0.316,29.5,28.7
2025-07-28 19:00:00,0.244,0.316,29,28.5
2025-07-28 20:00:00,0.244,0.316,28.5,28.3
2025-07-28 21:00:00,0.244,0.316,28,28.1
2025-07-28 22:00:00,0.245,0.315,27.8,27.9
2025-07-28 23:00:00,0.244,0.315,28.3,27.7
2025-07-29 00:00:00,0.243,0.314,29.7,27.6
2025-07-29 01:00:00,0.243,0.314,31.6,27.7
2025-07-29 02:00:00,0.242,0.313,33.8,27.9
2025-07-29 03:00:00,0.241,0.312,36,28.3
2025-07-29 04:00:00,0.24,0.311,38.1,28.8
2025-07-29 05:00:00,0.239,0.31,39.8,29.4
2025-07-29 06:00:00,0.238,0.31,40.9,30
2025-07-29 07:00:00,0.238,0.31,41.2,30.4
2025-07-29 08:00:00,0.237,0.31,41,30.6
2025-07-29 09:00:00,0.237,0.31,40,30.7
2025-07-29 10:00:00,0.237,0.31,38.3,30.6
2025-07-29 11:00:00,0.238,0.311,36.6,30.4
2025-07-29 12:00:00,0.238,0.317,35.1,30.2
2025-07-29 13:00:00,0.239,0.357,33.9,30
2025-07-29 14:00:00,0.239,0.385,32.9,29.8
2025-07-29 15:00:00,0.239,0.387,32,29.5
2025-07-29 16:00:00,0.24,0.387,31.2,29.3
2025-07-29 17:00:00,0.24,0.388,30.4,29.1
2025-07-29 18:00:00,0.241,0.389,29.8,28.9
2025-07-29 19:00:00,0.241,0.389,29.2,28.6
2025-07-29 20:00:00,0.242,0.39,28.6,28.4
2025-07-29 21:00:00,0.242,0.391,28.2,28.2
2025-07-29 22:00:00,0.242,0.391,28,28
2025-07-29 23:00:00,0.242,0.391,28.6,27.8
2025-07-30 00:00:00,0.241,0.391,30.1,27.7
2025-07-30 01:00:00,0.24,0.391,31.9,27.8
2025-07-30 02:00:00,0.24,0.391,34.1,28
2025-07-30 03:00:00,0.239,0.391,36.4,28.3
2025-07-30 04:00:00,0.238,0.391,38.4,28.8
2025-07-30 05:00:00,0.237,0.39,39.7,29.3
2025-07-30 06:00:00,0.236,0.39,40.2,29.7
2025-07-30 07:00:00,0.236,0.39,39.9,30
2025-07-30 08:00:00,0.236,0.389,39.2,30
2025-07-30 09:00:00,0.236,0.389,38.2,29.9
2025-07-30 10:00:00,0.236,0.389,36.8,29.8
2025-07-30 11:00:00,0.236,0.389,35.4,29.7
2025-07-30 12:00:00,0.237,0.39,34.2,29.5
2025-07-30 13:00:00,0.237,0.39,33.3,29.3
2025-07-30 14:00:00,0.237,0.39,32.5,29.1
2025-07-30 15:00:00,0.238,0.39,31.8,28.9
2025-07-30 16:00:00,0.238,0.39,31.2,28.7
2025-07-30 17:00:00,0.238,0.39,30.7,28.5
2025-07-30 18:00:00,0.238,0.39,30.3,28.4
2025-07-30 19:00:00,0.239,0.39,29.9,28.2
2025-07-30 20:00:00,0.239,0.391,29.5,28.1
2025-07-30 21:00:00,0.239,0.391,29.2,27.9
2025-07-30 22:00:00,0.239,0.391,29,27.8
2025-07-30 23:00:00,0.239,0.391,29.4,27.7
2025-07-31 00:00:00,0.239,0.391,30.6,27.6
2025-07-31 01:00:00,0.238,0.391,32.2,27.6
2025-07-31 02:00:00,0.238,0.391,34.3,27.7
2025-07-31 03:00:00,0.237,0.39,35.9,27.9
2025-07-31 04:00:00,0.236,0.39,37.8,28.2
2025-07-31 05:00:00,0.235,0.39,38.8,28.5
2025-07-31 06:00:00,0.235,0.389,39.1,28.8
2025-07-31 07:00:00,0.234,0.389,39.8,29
2025-07-31 08:00:00,0.234,0.389,39.7,29.1
2025-07-31 09:00:00,0.234,0.389,38.8,29.1
2025-07-31 10:00:00,0.234,0.389,37.4,29
2025-07-31 11:00:00,0.235,0.389,35.8,28.9
2025-07-31 12:00:00,0.235,0.389,34.5,28.8
2025-07-31 13:00:00,0.235,0.389,33.4,28.7
2025-07-31 14:00:00,0.236,0.389,32.4,28.5
2025-07-31 15:00:00,0.236,0.39,31.5,28.4
2025-07-31 16:00:00,0.236,0.39,30.8,28.2
2025-07-31 17:00:00,0.237,0.39,30.1,28
2025-07-31 18:00:00,0.237,0.39,29.5,27.9
2025-07-31 19:00:00,0.237,0.39,29,27.7
2025-07-31 20:00:00,0.238,0.39,28.5,27.5
2025-07-31 21:00:00,0.238,0.39,28.2,27.4
2025-07-31 22:00:00,0.238,0.39,28.1,27.2
2025-07-31 23:00:00,0.238,0.39,28.7,27.1
2025-08-01 00:00:00,0.237,0.39,30.1,27
2025-08-01 01:00:00,0.237,0.39,32.1,27.1
2025-08-01 02:00:00,0.236,0.39,34.4,27.4
2025-08-01 03:00:00,0.235,0.39,36.5,27.7
2025-08-01 04:00:00,0.235,0.389,37.8,28.1
2025-08-01 05:00:00,0.234,0.389,38.4,28.6
2025-08-01 06:00:00,0.234,0.389,39.1,29
2025-08-01 07:00:00,0.233,0.388,39.7,29.2
2025-08-01 08:00:00,0.233,0.388,39.7,29.4
2025-08-01 09:00:00,0.233,0.388,38.8,29.4
2025-08-01 10:00:00,0.233,0.388,37.2,29.4
2025-08-01 11:00:00,0.233,0.388,35.7,29.3
2025-08-01 12:00:00,0.234,0.388,34.4,29.2
2025-08-01 13:00:00,0.234,0.388,33.4,29
2025-08-01 14:00:00,0.234,0.388,32.5,28.9
2025-08-01 15:00:00,0.235,0.388,31.7,28.7
2025-08-01 16:00:00,0.235,0.388,31,28.5
2025-08-01 17:00:00,0.235,0.389,30.5,28.3
2025-08-01 18:00:00,0.236,0.389,30,28.2
2025-08-01 19:00:00,0.236,0.389,29.7,28
2025-08-01 20:00:00,0.236,0.389,29.3,27.9
2025-08-01 21:00:00,0.237,0.389,28.9,27.7
2025-08-01 22:00:00,0.237,0.389,28.7,27.6
2025-08-01 23:00:00,0.236,0.389,29.2,27.5
2025-08-02 00:00:00,0.236,0.389,30.6,27.4
2025-08-02 01:00:00,0.235,0.389,32.6,27.5
2025-08-02 02:00:00,0.235,0.389,34.7,27.7
2025-08-02 03:00:00,0.234,0.388,36.6,28
2025-08-02 04:00:00,0.234,0.388,37.8,28.4
2025-08-02 05:00:00,0.233,0.387,39.5,28.9
2025-08-02 06:00:00,0.232,0.387,40.4,29.3
2025-08-02 07:00:00,0.232,0.387,40,29.6
2025-08-02 08:00:00,0.232,0.386,38.9,29.8
2025-08-02 09:00:00,0.232,0.386,37.6,29.9
2025-08-02 10:00:00,0.232,0.386,36.4,29.9
2025-08-02 11:00:00,0.233,0.386,35.1,29.8
2025-08-02 12:00:00,0.233,0.386,34.1,29.7
2025-08-02 13:00:00,0.234,0.386,33.2,29.6
2025-08-02 14:00:00,0.234,0.387,32.4,29.4
2025-08-02 15:00:00,0.234,0.387,31.9,29.2
2025-08-02 16:00:00,0.234,0.387,31.3,29.1
2025-08-02 17:00:00,0.234,0.387,30.8,28.9
2025-08-02 18:00:00,0.235,0.387,30.5,28.7
2025-08-02 19:00:00,0.235,0.387,30.1,28.6
2025-08-02 20:00:00,0.235,0.387,29.8,28.4
2025-08-02 21:00:00,0.235,0.387,29.5,28.3
2025-08-02 22:00:00,0.235,0.387,29.3,28.2
2025-08-02 23:00:00,0.236,0.387,29.4,28.1
2025-08-03 00:00:00,0.235,0.387,30,28
2025-08-03 01:00:00,0.235,0.387,30.9,27.9
2025-08-03 02:00:00,0.235,0.387,31.2,28
2025-08-03 03:00:00,0.235,0.387,31.2,28
2025-08-03 04:00:00,0.235,0.387,31.2,28.1
2025-08-03 05:00:00,0.235,0.387,31,28.1
2025-08-03 06:00:00,0.235,0.387,30.7,28.1
2025-08-03 07:00:00,0.235,0.387,30.3,28.1
2025-08-03 08:00:00,0.242,0.387,29.8,28.1
2025-08-03 09:00:00,0.243,0.388,29.3,28
2025-08-03 10:00:00,0.26,0.388,28.9,27.9
2025-08-03 11:00:00,0.294,0.388,28.5,27.9
2025-08-03 12:00:00,0.312,0.388,28.1,27.8
2025-08-03 13:00:00,0.314,0.388,28,27.7
2025-08-03 14:00:00,0.313,0.388,28,27.6
2025-08-03 15:00:00,0.313,0.388,28,27.5
2025-08-03 16:00:00,0.315,0.388,27.9,27.5
2025-08-03 17:00:00,0.317,0.388,27.9,27.5
2025-08-03 18:00:00,0.316,0.388,27.8,27.4
2025-08-03 19:00:00,0.314,0.388,27.7,27.4
2025-08-03 20:00:00,0.313,0.388,27.7,27.4
2025-08-03 21:00:00,0.312,0.388,27.7,27.3
2025-08-03 22:00:00,0.312,0.388,27.8,27.3
2025-08-03 23:00:00,0.312,0.388,28,27.3
2025-08-04 00:00:00,0.314,0.388,28.3,27.3
2025-08-04 01:00:00,0.314,0.388,28.9,27.3
2025-08-04 02:00:00,0.316,0.388,29.2,27.4
2025-08-04 03:00:00,0.316,0.388,29.5,27.5
2025-08-04 04:00:00,0.318,0.388,29.4,27.6
2025-08-04 05:00:00,0.318,0.388,29.5,27.7
2025-08-04 06:00:00,0.316,0.387,30.2,27.7
2025-08-04 07:00:00,0.313,0.387,30.8,27.8
2025-08-04 08:00:00,0.312,0.387,30.4,27.9
2025-08-04 09:00:00,0.311,0.387,29.9,28
2025-08-04 10:00:00,0.311,0.387,29.6,28
2025-08-04 11:00:00,0.31,0.387,29.1,28
2025-08-04 12:00:00,0.31,0.387,28.7,28
2025-08-04 13:00:00,0.31,0.387,28.3,27.9
2025-08-04 14:00:00,0.31,0.387,28,27.8
2025-08-04 15:00:00,0.31,0.387,27.9,27.7
2025-08-04 16:00:00,0.31,0.387,27.8,27.7
2025-08-04 17:00:00,0.31,0.387,27.7,27.6
2025-08-04 18:00:00,0.31,0.387,27.5,27.5
2025-08-04 19:00:00,0.309,0.387,27.3,27.4
2025-08-04 20:00:00,0.309,0.387,27.3,27.4
2025-08-04 21:00:00,0.309,0.387,27.2,27.3
2025-08-04 22:00:00,0.309,0.387,27.3,27.2
2025-08-04 23:00:00,0.308,0.387,27.7,27.2
2025-08-05 00:00:00,0.307,0.387,28.7,27.2
2025-08-05 01:00:00,0.305,0.387,30.2,27.2
2025-08-05 02:00:00,0.303,0.387,31.5,27.4
2025-08-05 03:00:00,0.302,0.386,31.9,27.6
2025-08-05 04:00:00,0.301,0.386,32.3,27.9
2025-08-05 05:00:00,0.3,0.386,32.8,28.2
2025-08-05 06:00:00,0.299,0.385,33,28.5
2025-08-05 07:00:00,0.298,0.385,33.1,28.8
2025-08-05 08:00:00,0.298,0.385,33.1,28.9
2025-08-05 09:00:00,0.297,0.384,32.4,29
2025-08-05 10:00:00,0.296,0.384,31.5,29.1
2025-08-05 11:00:00,0.296,0.384,30.7,29
2025-08-05 12:00:00,0.296,0.384,30,29
2025-08-05 13:00:00,0.295,0.384,29.5,28.9
2025-08-05 14:00:00,0.295,0.385,29,28.7
2025-08-05 15:00:00,0.294,0.385,28.7,28.6
2025-08-05 16:00:00,0.294,0.385,28.5,28.4
2025-08-05 17:00:00,0.294,0.385,28.3,28.3
2025-08-05 18:00:00,0.293,0.385,28.1,28.2
2025-08-05 19:00:00,0.293,0.385,28,28.1
2025-08-05 20:00:00,0.292,0.385,27.9,28
2025-08-05 21:00:00,0.292,0.385,27.8,27.9
2025-08-05 22:00:00,0.292,0.385,27.9,27.8
2025-08-05 23:00:00,0.291,0.385,28.1,27.7
2025-08-06 00:00:00,0.29,0.385,28.4,27.7
2025-08-06 01:00:00,0.29,0.385,29.1,27.7
2025-08-06 02:00:00,0.289,0.385,29.8,27.7
2025-08-06 03:00:00,0.289,0.385,30.2,27.8
2025-08-06 04:00:00,0.288,0.385,30.8,27.9
2025-08-06 05:00:00,0.287,0.385,31.1,28
2025-08-06 06:00:00,0.287,0.384,31.4,28.2
2025-08-06 07:00:00,0.286,0.384,31.6,28.3
2025-08-06 08:00:00,0.285,0.384,31.4,28.4
2025-08-06 09:00:00,0.284,0.384,31.1,28.5
2025-08-06 10:00:00,0.284,0.384,30.6,28.6
2025-08-06 11:00:00,0.283,0.384,30,28.6
2025-08-06 12:00:00,0.282,0.384,29.6,28.6
2025-08-06 13:00:00,0.281,0.384,29.2,28.5
2025-08-06 14:00:00,0.281,0.384,29,28.4
2025-08-06 15:00:00,0.28,0.384,28.8,28.3
2025-08-06 16:00:00,0.28,0.384,28.6,28.2
2025-08-06 17:00:00,0.28,0.384,28.4,28.2
2025-08-06 18:00:00,0.279,0.384,28.3,28.1
2025-08-06 19:00:00,0.279,0.384,28.2,28
2025-08-06 20:00:00,0.279,0.384,28,27.9
2025-08-06 21:00:00,0.279,0.384,27.8,27.9
2025-08-06 22:00:00,0.278,0.384,27.9,27.8
2025-08-06 23:00:00,0.278,0.384,28.4,27.7
2025-08-07 00:00:00,0.277,0.384,29.2,27.7
2025-08-07 01:00:00,0.276,0.384,30,27.7
2025-08-07 02:00:00,0.276,0.384,30.9,27.9
2025-08-07 03:00:00,0.275,0.384,31.8,28.1
2025-08-07 04:00:00,0.274,0.383,33,28.3
2025-08-07 05:00:00,0.272,0.383,33.6,28.6
2025-08-07 06:00:00,0.271,0.382,33.9,28.9
2025-08-07 07:00:00,0.269,0.381,33.4,29.1
2025-08-07 08:00:00,0.267,0.379,33.1,29.2
2025-08-07 09:00:00,0.265,0.378,32.4,29.2
2025-08-07 10:00:00,0.264,0.378,31.3,29.2
2025-08-07 11:00:00,0.263,0.378,30.2,29.1
2025-08-07 12:00:00,0.263,0.378,29.3,28.9
2025-08-07 13:00:00,0.263,0.377,28.6,28.8
2025-08-07 14:00:00,0.263,0.377,28.1,28.6
2025-08-07 15:00:00,0.263,0.377,27.5,28.4
2025-08-07 16:00:00,0.263,0.377,27.1,28.2
2025-08-07 17:00:00,0.263,0.378,26.6,28
2025-08-07 18:00:00,0.263,0.378,26.1,27.8
2025-08-07 19:00:00,0.263,0.378,25.8,27.6
2025-08-07 20:00:00,0.263,0.378,25.4,27.4
2025-08-07 21:00:00,0.263,0.378,25.3,27.3
2025-08-07 22:00:00,0.263,0.378,25.3,27.1
2025-08-07 23:00:00,0.263,0.378,25.9,26.9
2025-08-08 00:00:00,0.262,0.378,27,26.8
2025-08-08 01:00:00,0.262,0.378,28.5,26.8
2025-08-08 02:00:00,0.26,0.378,29.9,26.9
2025-08-08 03:00:00,0.259,0.377,31.7,27.2
2025-08-08 04:00:00,0.258,0.377,33.4,27.5
2025-08-08 05:00:00,0.257,0.376,34.1,27.9
2025-08-08 06:00:00,0.255,0.375,34.8,28.2
2025-08-08 07:00:00,0.254,0.375,34.8,28.5
2025-08-08 08:00:00,0.253,0.374,33.6,28.6
2025-08-08 09:00:00,0.252,0.374,32.4,28.6
2025-08-08 10:00:00,0.252,0.374,31.3,28.6
2025-08-08 11:00:00,0.252,0.373,30.4,28.5
2025-08-08 12:00:00,0.252,0.373,29.5,28.4
2025-08-08 13:00:00,0.253,0.373,28.9,28.3
2025-08-08 14:00:00,0.253,0.373,28.4,28.1
2025-08-08 15:00:00,0.253,0.373,28,28
2025-08-08 16:00:00,0.253,0.373,27.6,27.8
2025-08-08 17:00:00,0.254,0.374,27.2,27.7
2025-08-08 18:00:00,0.254,0.363,26.9,27.5
2025-08-08 19:00:00,0.254,0.355,26.5,27.4
2025-08-08 20:00:00,0.254,0.355,26.2,27.3
2025-08-08 21:00:00,0.255,0.355,25.9,27.1
2025-08-08 22:00:00,0.255,0.355,25.8,27
2025-08-08 23:00:00,0.255,0.355,26.1,26.9
2025-08-09 00:00:00,0.254,0.355,26.5,26.8
2025-08-09 01:00:00,0.254,0.355,26.9,26.7
2025-08-09 02:00:00,0.254,0.355,27,26.7
2025-08-09 03:00:00,0.255,0.357,27.1,26.7
2025-08-09 04:00:00,0.259,0.373,26.9,26.7
2025-08-09 05:00:00,0.278,0.378,26.8,26.6
2025-08-09 06:00:00,0.304,0.378,26.7,26.6
2025-08-09 07:00:00,0.313,0.379,26.5,26.6
2025-08-09 08:00:00,0.314,0.379,26.4,26.5
2025-08-09 09:00:00,0.316,0.379,26.2,26.5
2025-08-09 10:00:00,0.318,0.379,25.9,26.4
2025-08-09 11:00:00,0.319,0.38,25.6,26.3
2025-08-09 12:00:00,0.319,0.38,25.4,26.2
2025-08-09 13:00:00,0.319,0.38,25.3,26.2
2025-08-09 14:00:00,0.32,0.38,25.1,26.1
2025-08-09 15:00:00,0.32,0.38,25,26
2025-08-09 16:00:00,0.32,0.38,24.9,25.9
2025-08-09 17:00:00,0.319,0.38,24.8,25.8
2025-08-09 18:00:00,0.319,0.38,24.7,25.7
2025-08-09 19:00:00,0.319,0.38,24.6,25.7
2025-08-09 20:00:00,0.321,0.381,24.5,25.6
2025-08-09 21:00:00,0.322,0.381,24.4,25.5
2025-08-09 22:00:00,0.32,0.38,24.3,25.5
2025-08-09 23:00:00,0.321,0.381,24.5,25.4
2025-08-10 00:00:00,0.32,0.381,24.9,25.4
2025-08-10 01:00:00,0.317,0.38,25.8,25.4
2025-08-10 02:00:00,0.314,0.38,27.2,25.4
2025-08-10 03:00:00,0.311,0.38,28.4,25.6
2025-08-10 04:00:00,0.309,0.38,29.6,25.8
2025-08-10 05:00:00,0.307,0.379,30.5,26.1
2025-08-10 06:00:00,0.305,0.379,30.9,26.4
2025-08-10 07:00:00,0.304,0.378,30.9,26.7
2025-08-10 08:00:00,0.303,0.378,30.8,26.9
2025-08-10 09:00:00,0.303,0.377,30,27
2025-08-10 10:00:00,0.302,0.377,28.9,27
2025-08-10 11:00:00,0.303,0.377,28.1,27
2025-08-10 12:00:00,0.303,0.377,27.4,27
2025-08-10 13:00:00,0.303,0.377,26.8,26.9
2025-08-10 14:00:00,0.303,0.378,26.2,26.8
2025-08-10 15:00:00,0.303,0.378,25.8,26.6
2025-08-10 16:00:00,0.303,0.378,25.4,26.5
2025-08-10 17:00:00,0.303,0.378,25.1,26.4
2025-08-10 18:00:00,0.302,0.378,24.8,26.2
2025-08-10 19:00:00,0.302,0.378,24.7,26.1
2025-08-10 20:00:00,0.302,0.378,24.5,25.9
2025-08-10 21:00:00,0.302,0.378,24.4,25.8
2025-08-10 22:00:00,0.302,0.378,24.6,25.7
2025-08-10 23:00:00,0.301,0.378,25.1,25.6
2025-08-11 00:00:00,0.301,0.378,25.8,25.6
2025-08-11 01:00:00,0.3,0.378,26.5,25.6
2025-08-11 02:00:00,0.3,0.378,27,25.6
2025-08-11 03:00:00,0.302,0.379,27.2,25.7
2025-08-11 04:00:00,0.319,0.379,27.2,25.8
2025-08-11 05:00:00,0.325,0.379,26.9,25.9
2025-08-11 06:00:00,0.326,0.379,26.7,25.9
2025-08-11 07:00:00,0.324,0.379,26.6,25.9
2025-08-11 08:00:00,0.323,0.379,26.4,25.9
2025-08-11 09:00:00,0.322,0.379,26.2,25.9
2025-08-11 10:00:00,0.323,0.379,25.8,25.9
2025-08-11 11:00:00,0.323,0.379,25.5,25.8
2025-08-11 12:00:00,0.322,0.379,25.2,25.7
2025-08-11 13:00:00,0.321,0.379,24.9,25.7
2025-08-11 14:00:00,0.32,0.379,24.7,25.6
2025-08-11 15:00:00,0.319,0.379,24.5,25.5
2025-08-11 16:00:00,0.32,0.379,24.4,25.4
2025-08-11 17:00:00,0.319,0.379,24.2,25.3
2025-08-11 18:00:00,0.318,0.379,24.1,25.3
2025-08-11 19:00:00,0.318,0.379,23.9,25.2
2025-08-11 20:00:00,0.318,0.379,23.8,25.1
2025-08-11 21:00:00,0.318,0.379,23.7,25
2025-08-11 22:00:00,0.317,0.379,23.8,25
2025-08-11 23:00:00,0.317,0.379,24,24.9
2025-08-12 00:00:00,0.322,0.379,24.4,24.9
2025-08-12 01:00:00,0.33,0.38,24.1,24.8
2025-08-12 02:00:00,0.33,0.38,24,24.8
2025-08-12 03:00:00,0.328,0.38,24.5,24.8
2025-08-12 04:00:00,0.325,0.379,25.3,24.8
2025-08-12 05:00:00,0.324,0.379,25.9,24.8
2025-08-12 06:00:00,0.322,0.379,26.5,24.9
2025-08-12 07:00:00,0.322,0.379,26.5,25
2025-08-12 08:00:00,0.327,0.379,26.3,25.1
2025-08-12 09:00:00,0.333,0.38,25.9,25.2
2025-08-12 10:00:00,0.332,0.379,25.6,25.2
2025-08-12 11:00:00,0.329,0.379,25.3,25.2
2025-08-12 12:00:00,0.327,0.379,25.1,25.2
2025-08-12 13:00:00,0.326,0.379,25,25.2
2025-08-12 14:00:00,0.325,0.379,24.9,25.1
2025-08-12 15:00:00,0.324,0.379,24.8,25.1
2025-08-12 16:00:00,0.323,0.379,24.7,25.1
2025-08-12 17:00:00,0.322,0.379,24.5,25
2025-08-12 18:00:00,0.322,0.379,24.4,25
2025-08-12 19:00:00,0.321,0.379,24.3,24.9
2025-08-12 20:00:00,0.321,0.379,24.2,24.9
2025-08-12 21:00:00,0.321,0.379,24.2,24.9
2025-08-12 22:00:00,0.321,0.379,24.4,24.8
2025-08-12 23:00:00,0.321,0.379,24.9,24.8
2025-08-13 00:00:00,0.321,0.379,25.7,24.8
2025-08-13 01:00:00,0.32,0.379,27,24.9
2025-08-13 02:00:00,0.318,0.378,28.4,25
2025-08-13 03:00:00,0.316,0.378,29.1,25.3
2025-08-13 04:00:00,0.321,0.378,29.3,25.6
2025-08-13 05:00:00,0.318,0.377,30.6,25.9
2025-08-13 06:00:00,0.316,0.377,31.2,26.2
2025-08-13 07:00:00,0.315,0.376,31.3,26.5
2025-08-13 08:00:00,0.314,0.376,31,26.7
2025-08-13 09:00:00,0.313,0.376,30.2,26.8
2025-08-13 10:00:00,0.313,0.376,29.3,26.8
2025-08-13 11:00:00,0.313,0.376,28.6,26.8
2025-08-13 12:00:00,0.313,0.376,27.9,26.7
2025-08-13 13:00:00,0.313,0.376,27.4,26.6
2025-08-13 14:00:00,0.313,0.376,27,26.6
2025-08-13 15:00:00,0.313,0.376,26.6,26.4
2025-08-13 16:00:00,0.313,0.376,26.2,26.3
2025-08-13 17:00:00,0.313,0.376,26,26.2
2025-08-13 18:00:00,0.313,0.376,25.7,26.1
2025-08-13 19:00:00,0.312,0.376,25.4,26
2025-08-13 20:00:00,0.312,0.377,25.1,25.9
2025-08-13 21:00:00,0.312,0.377,24.9,25.8
2025-08-13 22:00:00,0.312,0.377,24.9,25.7
2025-08-13 23:00:00,0.311,0.377,25.5,25.6
2025-08-14 00:00:00,0.31,0.377,26.7,25.6
2025-08-14 01:00:00,0.31,0.377,28.2,25.6
2025-08-14 02:00:00,0.309,0.377,28.9,25.8
2025-08-14 03:00:00,0.308,0.376,30,26
2025-08-14 04:00:00,0.307,0.376,30.8,26.3
2025-08-14 05:00:00,0.306,0.375,31.8,26.7
2025-08-14 06:00:00,0.305,0.375,32.4,27
2025-08-14 07:00:00,0.304,0.374,32.8,27.3
2025-08-14 08:00:00,0.303,0.374,32.6,27.5
2025-08-14 09:00:00,0.302,0.374,31.7,27.6
2025-08-14 10:00:00,0.302,0.374,30.6,27.6
2025-08-14 11:00:00,0.301,0.374,29.7,27.5
2025-08-14 12:00:00,0.3,0.374,28.9,27.5
2025-08-14 13:00:00,0.299,0.374,28.3,27.4
2025-08-14 14:00:00,0.299,0.374,27.7,27.2
2025-08-14 15:00:00,0.298,0.374,27.3,27.1
2025-08-14 16:00:00,0.298,0.375,26.9,27
2025-08-14 17:00:00,0.297,0.375,26.5,26.8
2025-08-14 18:00:00,0.296,0.375,26.4,26.7
2025-08-14 19:00:00,0.295,0.375,26.3,26.6
2025-08-14 20:00:00,0.295,0.375,26,26.5
2025-08-14 21:00:00,0.294,0.375,25.7,26.4
2025-08-14 22:00:00,0.294,0.375,25.8,26.2
2025-08-14 23:00:00,0.293,0.375,26.4,26.2
2025-08-15 00:00:00,0.292,0.375,27.8,26.1
2025-08-15 01:00:00,0.291,0.375,29.4,26.2
2025-08-15 02:00:00,0.289,0.375,31.3,26.3
2025-08-15 03:00:00,0.288,0.374,32.8,26.6
2025-08-15 04:00:00,0.287,0.374,34.2,27
2025-08-15 05:00:00,0.285,0.373,35.4,27.5
2025-08-15 06:00:00,0.282,0.372,36.2,28
2025-08-15 07:00:00,0.28,0.371,36.4,28.3
2025-08-15 08:00:00,0.277,0.366,35.8,28.4
2025-08-15 09:00:00,0.275,0.366,34.2,28.4
2025-08-15 10:00:00,0.274,0.366,32.5,28.3
2025-08-15 11:00:00,0.272,0.366,31.3,28.2
2025-08-15 12:00:00,0.271,0.365,30.4,28.1
2025-08-15 13:00:00,0.271,0.365,29.6,27.9
2025-08-15 14:00:00,0.27,0.365,28.9,27.8
2025-08-15 15:00:00,0.27,0.365,28.3,27.6
2025-08-15 16:00:00,0.27,0.365,27.7,27.5
2025-08-15 17:00:00,0.27,0.365,27.2,27.3
2025-08-15 18:00:00,0.271,0.366,26.9,27.2
2025-08-15 19:00:00,0.27,0.366,26.8,27
2025-08-15 20:00:00,0.27,0.366,26.7,26.9
2025-08-15 21:00:00,0.27,0.366,26.6,26.7
2025-08-15 22:00:00,0.27,0.366,26.7,26.6
2025-08-15 23:00:00,0.27,0.366,27,26.5
2025-08-16 00:00:00,0.27,0.366,27.5,26.5
2025-08-16 01:00:00,0.269,0.366,28.5,26.4
2025-08-16 02:00:00,0.268,0.366,30.5,26.5
2025-08-16 03:00:00,0.267,0.365,32.7,26.7
2025-08-16 04:00:00,0.265,0.364,34.6,27
2025-08-16 05:00:00,0.264,0.363,35.6,27.5
2025-08-16 06:00:00,0.262,0.362,36.4,27.9
2025-08-16 07:00:00,0.26,0.361,36.5,28.1
2025-08-16 08:00:00,0.258,0.36,36.1,28.3
2025-08-16 09:00:00,0.258,0.36,34.6,28.3
2025-08-16 10:00:00,0.257,0.36,33,28.2
2025-08-16 11:00:00,0.257,0.36,31.6,28.2
2025-08-16 12:00:00,0.257,0.36,30.5,28
2025-08-16 13:00:00,0.258,0.36,29.5,27.9
2025-08-16 14:00:00,0.258,0.36,28.7,27.7
2025-08-16 15:00:00,0.258,0.36,28.1,27.6
2025-08-16 16:00:00,0.259,0.36,27.4,27.4
2025-08-16 17:00:00,0.259,0.36,26.9,27.2
2025-08-16 18:00:00,0.259,0.361,26.4,27
2025-08-16 19:00:00,0.26,0.361,26,26.9
2025-08-16 20:00:00,0.26,0.361,25.7,26.7
2025-08-16 21:00:00,0.26,0.361,25.5,26.5
2025-08-16 22:00:00,0.26,0.361,25.6,26.4
2025-08-16 23:00:00,0.26,0.361,26.2,26.2
2025-08-17 00:00:00,0.259,0.361,27.4,26.2
2025-08-17 01:00:00,0.258,0.356,29.2,26.2
2025-08-17 02:00:00,0.257,0.354,31,26.3
2025-08-17 03:00:00,0.256,0.354,33.1,26.6
2025-08-17 04:00:00,0.254,0.353,35,26.9
2025-08-17 05:00:00,0.253,0.352,36.6,27.4
2025-08-17 06:00:00,0.252,0.352,37.4,27.8
2025-08-17 07:00:00,0.251,0.351,36.9,28.1
2025-08-17 08:00:00,0.25,0.35,35.9,28.3
2025-08-17 09:00:00,0.25,0.35,34.8,28.3
2025-08-17 10:00:00,0.25,0.349,33.4,28.3
2025-08-17 11:00:00,0.25,0.349,32.1,28.3
2025-08-17 12:00:00,0.25,0.349,31.1,28.2
2025-08-17 13:00:00,0.251,0.349,30.3,28.1
2025-08-17 14:00:00,0.251,0.348,29.5,27.9
2025-08-17 15:00:00,0.252,0.348,28.9,27.8
2025-08-17 16:00:00,0.252,0.348,28.3,27.7
2025-08-17 17:00:00,0.253,0.347,27.8,27.5
2025-08-17 18:00:00,0.253,0.347,27.3,27.3
2025-08-17 19:00:00,0.253,0.347,27,27.2
2025-08-17 20:00:00,0.253,0.347,26.9,27.1
2025-08-17 21:00:00,0.253,0.347,26.7,26.9
2025-08-17 22:00:00,0.253,0.347,26.8,26.8
2025-08-17 23:00:00,0.253,0.347,27.2,26.7
2025-08-18 00:00:00,0.253,0.347,27.9,26.6
2025-08-18 01:00:00,0.252,0.347,28.6,26.6
2025-08-18 02:00:00,0.251,0.347,30.5,26.7
2025-08-18 03:00:00,0.251,0.347,32,26.8
2025-08-18 04:00:00,0.25,0.346,33.6,27.1
2025-08-18 05:00:00,0.25,0.346,33.5,27.4
2025-08-18 06:00:00,0.249,0.346,33.7,27.7
2025-08-18 07:00:00,0.248,0.345,34.4,27.9
2025-08-18 08:00:00,0.248,0.345,34.4,28
2025-08-18 09:00:00,0.248,0.345,33.6,28.1
2025-08-18 10:00:00,0.247,0.344,32.6,28.1
2025-08-18 11:00:00,0.248,0.344,31.5,28.1
2025-08-18 12:00:00,0.248,0.344,30.5,28
2025-08-18 13:00:00,0.248,0.345,29.8,27.9
2025-08-18 14:00:00,0.249,0.347,29.2,27.8
2025-08-18 15:00:00,0.249,0.361,28.6,27.7
2025-08-18 16:00:00,0.25,0.38,28.2,27.6
2025-08-18 17:00:00,0.25,0.383,27.8,27.4
2025-08-18 18:00:00,0.25,0.383,27.4,27.3
2025-08-18 19:00:00,0.251,0.384,27.1,27.2
2025-08-18 20:00:00,0.251,0.384,26.8,27
2025-08-18 21:00:00,0.251,0.384,26.6,26.9
2025-08-18 22:00:00,0.251,0.384,26.7,26.8
2025-08-18 23:00:00,0.251,0.384,27.1,26.7
2025-08-19 00:00:00,0.25,0.385,28.1,26.7
2025-08-19 01:00:00,0.249,0.385,30.1,26.7
2025-08-19 02:00:00,0.248,0.384,31.5,26.8
2025-08-19 03:00:00,0.248,0.384,32.6,27
2025-08-19 04:00:00,0.247,0.384,33.3,27.3
2025-08-19 05:00:00,0.246,0.384,34.1,27.6
2025-08-19 06:00:00,0.246,0.383,34.8,27.9
2025-08-19 07:00:00,0.245,0.383,35.3,28.1
2025-08-19 08:00:00,0.244,0.383,35.2,28.2
2025-08-19 09:00:00,0.244,0.383,34,28.2
2025-08-19 10:00:00,0.244,0.383,32.8,28.2
2025-08-19 11:00:00,0.244,0.383,31.8,28.1
2025-08-19 12:00:00,0.245,0.383,30.8,28.1
2025-08-19 13:00:00,0.245,0.383,30,28
2025-08-19 14:00:00,0.246,0.383,29.3,27.9
2025-08-19 15:00:00,0.246,0.383,28.7,27.7
2025-08-19 16:00:00,0.247,0.383,28.2,27.6
2025-08-19 17:00:00,0.247,0.383,27.8,27.5
2025-08-19 18:00:00,0.247,0.384,27.4,27.3
2025-08-19 19:00:00,0.248,0.384,27,27.2
2025-08-19 20:00:00,0.248,0.384,26.7,27
2025-08-19 21:00:00,0.248,0.384,26.4,26.9
2025-08-19 22:00:00,0.248,0.384,26.3,26.8
2025-08-19 23:00:00,0.248,0.384,27,26.7
2025-08-20 00:00:00,0.248,0.384,28.3,26.6
2025-08-20 01:00:00,0.247,0.384,30,26.6
2025-08-20 02:00:00,0.246,0.384,31.8,26.8
2025-08-20 03:00:00,0.245,0.384,33.7,27
2025-08-20 04:00:00,0.244,0.383,35.1,27.4
2025-08-20 05:00:00,0.242,0.383,36.6,27.8
2025-08-20 06:00:00,0.242,0.382,37,28.1
2025-08-20 07:00:00,0.241,0.382,36.1,28.3
2025-08-20 08:00:00,0.241,0.382,35.4,28.5
2025-08-20 09:00:00,0.241,0.382,34.2,28.5
2025-08-20 10:00:00,0.242,0.382,32.9,28.4
2025-08-20 11:00:00,0.242,0.381,31.9,28.3
2025-08-20 12:00:00,0.242,0.381,31,28.2
2025-08-20 13:00:00,0.243,0.381,30.2,28.1
2025-08-20 14:00:00,0.243,0.381,29.5,28
2025-08-20 15:00:00,0.244,0.381,28.9,27.8
2025-08-20 16:00:00,0.244,0.379,28.4,27.7
2025-08-20 17:00:00,0.245,0.379,27.9,27.5
2025-08-20 18:00:00,0.245,0.379,27.5,27.4
2025-08-20 19:00:00,0.245,0.379,27.1,27.2
2025-08-20 20:00:00,0.246,0.379,26.8,27.1
2025-08-20 21:00:00,0.246,0.379,26.4,27
2025-08-20 22:00:00,0.246,0.379,26.3,26.8
2025-08-20 23:00:00,0.246,0.379,26.9,26.7
2025-08-21 00:00:00,0.245,0.378,28.3,26.6
2025-08-21 01:00:00,0.244,0.378,30.4,26.7
2025-08-21 02:00:00,0.243,0.379,32.6,26.9
2025-08-21 03:00:00,0.242,0.381,35,27.2
2025-08-21 04:00:00,0.241,0.381,36.7,27.6
2025-08-21 05:00:00,0.24,0.381,36.9,28
2025-08-21 06:00:00,0.239,0.381,37.7,28.4
2025-08-21 07:00:00,0.239,0.38,38.3,28.6
2025-08-21 08:00:00,0.238,0.38,37.6,28.8
2025-08-21 09:00:00,0.239,0.38,35.9,28.8
2025-08-21 10:00:00,0.239,0.38,34.5,28.7
2025-08-21 11:00:00,0.24,0.38,33.1,28.6
2025-08-21 12:00:00,0.24,0.381,32,28.5
2025-08-21 13:00:00,0.241,0.381,31.1,28.4
2025-08-21 14:00:00,0.241,0.381,30.3,28.2
2025-08-21 15:00:00,0.242,0.381,29.7,28.1
2025-08-21 16:00:00,0.242,0.381,29.1,27.9
2025-08-21 17:00:00,0.243,0.381,28.6,27.8
2025-08-21 18:00:00,0.243,0.381,28.2,27.6
2025-08-21 19:00:00,0.244,0.381,27.9,27.5
2025-08-21 20:00:00,0.244,0.382,27.5,27.3
2025-08-21 21:00:00,0.244,0.382,27.1,27.2
2025-08-21 22:00:00,0.245,0.382,27,27.1
2025-08-21 23:00:00,0.244,0.382,27.6,26.9
2025-08-22 00:00:00,0.244,0.382,29,26.9
2025-08-22 01:00:00,0.243,0.382,31,26.9
2025-08-22 02:00:00,0.242,0.382,33.3,27.1
2025-08-22 03:00:00,0.241,0.381,35.1,27.4
2025-08-22 04:00:00,0.24,0.381,36.5,27.8
2025-08-22 05:00:00,0.239,0.38,37.4,28.2
2025-08-22 06:00:00,0.239,0.38,38.4,28.6
2025-08-22 07:00:00,0.238,0.379,38.7,28.8
2025-08-22 08:00:00,0.238,0.377,38,28.8
2025-08-22 09:00:00,0.238,0.377,36.2,28.8
2025-08-22 10:00:00,0.239,0.376,34.6,28.7
2025-08-22 11:00:00,0.24,0.376,33.2,28.7
2025-08-22 12:00:00,0.24,0.376,32,28.5
2025-08-22 13:00:00,0.241,0.376,31,28.4
2025-08-22 14:00:00,0.241,0.376,30.2,28.2
2025-08-22 15:00:00,0.241,0.376,29.5,28.1
2025-08-22 16:00:00,0.242,0.376,28.9,27.9
2025-08-22 17:00:00,0.242,0.376,28.4,27.7
2025-08-22 18:00:00,0.243,0.376,27.9,27.6
2025-08-22 19:00:00,0.243,0.376,27.5,27.4
2025-08-22 20:00:00,0.243,0.376,27.1,27.2
2025-08-22 21:00:00,0.243,0.376,27,27.1
2025-08-22 22:00:00,0.244,0.376,27.2,26.9
2025-08-22 23:00:00,0.243,0.376,27.7,26.8
2025-08-23 00:00:00,0.242,0.376,28.9,26.8
2025-08-23 01:00:00,0.242,0.376,30.6,26.8
2025-08-23 02:00:00,0.241,0.376,32.7,27
2025-08-23 03:00:00,0.24,0.375,34.9,27.3
2025-08-23 04:00:00,0.239,0.374,36.7,27.7
2025-08-23 05:00:00,0.238,0.374,37.5,28.1
2025-08-23 06:00:00,0.238,0.373,37.5,28.5
2025-08-23 07:00:00,0.237,0.372,38,28.7
2025-08-23 08:00:00,0.238,0.372,37.5,28.8
2025-08-23 09:00:00,0.238,0.371,36,28.9
2025-08-23 10:00:00,0.239,0.371,34.6,28.9
2025-08-23 11:00:00,0.24,0.371,33.3,28.8
2025-08-23 12:00:00,0.24,0.359,32.1,28.7
2025-08-23 13:00:00,0.241,0.354,31.2,28.6
2025-08-23 14:00:00,0.241,0.354,30.4,28.4
2025-08-23 15:00:00,0.242,0.353,29.7,28.2
2025-08-23 16:00:00,0.243,0.353,29,28.1
2025-08-23 17:00:00,0.243,0.353,28.5,27.9
2025-08-23 18:00:00,0.244,0.353,28,27.7
2025-08-23 19:00:00,0.244,0.353,27.7,27.6
2025-08-23 20:00:00,0.245,0.353,27.4,27.4
2025-08-23 21:00:00,0.245,0.354,27.1,27.3
2025-08-23 22:00:00,0.245,0.353,27,27.2
2025-08-23 23:00:00,0.245,0.354,27.6,27
2025-08-24 00:00:00,0.245,0.353,28.9,27
2025-08-24 01:00:00,0.244,0.353,30.5,27
2025-08-24 02:00:00,0.243,0.353,32.1,27.2
2025-08-24 03:00:00,0.243,0.352,33.7,27.4
2025-08-24 04:00:00,0.242,0.351,35.6,27.7
2025-08-24 05:00:00,0.242,0.351,37,28
2025-08-24 06:00:00,0.242,0.35,36.6,28.4
2025-08-24 07:00:00,0.241,0.349,36.3,28.6
2025-08-24 08:00:00,0.241,0.348,36.4,28.7
2025-08-24 09:00:00,0.242,0.347,35.1,28.8
2025-08-24 10:00:00,0.242,0.347,33.8,28.8
2025-08-24 11:00:00,0.243,0.347,32.6,28.7
2025-08-24 12:00:00,0.243,0.346,31.6,28.6
2025-08-24 13:00:00,0.243,0.346,30.9,28.5
2025-08-24 14:00:00,0.244,0.346,30.3,28.4
2025-08-24 15:00:00,0.244,0.346,29.7,28.2
2025-08-24 16:00:00,0.245,0.346,29.2,28.1
2025-08-24 17:00:00,0.245,0.346,28.8,28
2025-08-24 18:00:00,0.246,0.346,28.5,27.9
2025-08-24 19:00:00,0.246,0.346,28.2,27.7
2025-08-24 20:00:00,0.246,0.346,27.9,27.6
2025-08-24 21:00:00,0.247,0.346,27.7,27.5
2025-08-24 22:00:00,0.247,0.346,27.7,27.4
2025-08-24 23:00:00,0.247,0.346,28.1,27.3
2025-08-25 00:00:00,0.246,0.346,29.2,27.3
2025-08-25 01:00:00,0.245,0.346,30.9,27.3
2025-08-25 02:00:00,0.245,0.345,33.1,27.4
2025-08-25 03:00:00,0.244,0.344,34.8,27.7
2025-08-25 04:00:00,0.243,0.343,36.8,28.1
2025-08-25 05:00:00,0.242,0.343,38.2,28.5
2025-08-25 06:00:00,0.241,0.342,38.9,28.8
2025-08-25 07:00:00,0.241,0.342,38.4,29
2025-08-25 08:00:00,0.241,0.341,37.5,29
2025-08-25 09:00:00,0.241,0.341,36,29
2025-08-25 10:00:00,0.242,0.341,34.6,29
2025-08-25 11:00:00,0.242,0.34,33.4,28.9
2025-08-25 12:00:00,0.243,0.34,32.5,28.8
2025-08-25 13:00:00,0.243,0.34,31.9,28.7
2025-08-25 14:00:00,0.243,0.34,31.3,28.5
2025-08-25 15:00:00,0.244,0.339,30.8,28.4
2025-08-25 16:00:00,0.244,0.339,30.5,28.3
2025-08-25 17:00:00,0.244,0.339,30.2,28.2
2025-08-25 18:00:00,0.244,0.339,29.9,28.1
2025-08-25 19:00:00,0.245,0.339,29.7,28
2025-08-25 20:00:00,0.245,0.339,29.5,27.9
2025-08-25 21:00:00,0.245,0.339,29.3,27.9
2025-08-25 22:00:00,0.245,0.339,29.2,27.8
2025-08-25 23:00:00,0.245,0.339,29.3,27.8
2025-08-26 00:00:00,0.247,0.339,29.4,27.7
2025-08-26 01:00:00,0.264,0.34,29.3,27.7
2025-08-26 02:00:00,0.262,0.347,29.5,27.7
2025-08-26 03:00:00,0.259,0.357,30.7,27.7
2025-08-26 04:00:00,0.258,0.363,31.6,27.8
2025-08-26 05:00:00,0.257,0.365,32.5,27.9
2025-08-26 06:00:00,0.257,0.364,32.8,28.1
2025-08-26 07:00:00,0.257,0.364,32.6,28.2
2025-08-26 08:00:00,0.257,0.363,32.1,28.3
2025-08-26 09:00:00,0.257,0.362,31.5,28.4
2025-08-26 10:00:00,0.257,0.362,30.8,28.4
2025-08-26 11:00:00,0.258,0.361,30.2,28.4
2025-08-26 12:00:00,0.258,0.361,29.7,28.3
2025-08-26 13:00:00,0.258,0.361,29.2,28.2
2025-08-26 14:00:00,0.258,0.361,28.8,28.1
2025-08-26 15:00:00,0.259,0.361,28.5,28
2025-08-26 16:00:00,0.259,0.361,28.1,27.9
2025-08-26 17:00:00,0.259,0.361,27.8,27.8
2025-08-26 18:00:00,0.26,0.36,27.6,27.7
2025-08-26 19:00:00,0.26,0.36,27.5,27.6
2025-08-26 20:00:00,0.26,0.36,27.3,27.5
2025-08-26 21:00:00,0.26,0.36,27.2,27.4
2025-08-26 22:00:00,0.26,0.361,27.2,27.3
2025-08-26 23:00:00,0.26,0.368,27.6,27.2
2025-08-27 00:00:00,0.259,0.38,28.6,27.2
2025-08-27 01:00:00,0.257,0.382,30.1,27.2
2025-08-27 02:00:00,0.256,0.382,31.4,27.3
2025-08-27 03:00:00,0.254,0.382,32.9,27.6
2025-08-27 04:00:00,0.252,0.382,34,27.9
2025-08-27 05:00:00,0.251,0.382,35.2,28.3
2025-08-27 06:00:00,0.249,0.381,35.9,28.6
2025-08-27 07:00:00,0.249,0.381,36,28.8
2025-08-27 08:00:00,0.249,0.381,35.3,28.8
2025-08-27 09:00:00,0.25,0.381,33.9,28.8
2025-08-27 10:00:00,0.25,0.381,32.6,28.7
2025-08-27 11:00:00,0.25,0.381,31.5,28.7
2025-08-27 12:00:00,0.25,0.382,30.6,28.5
2025-08-27 13:00:00,0.251,0.382,29.8,28.4
2025-08-27 14:00:00,0.251,0.382,29.1,28.2
2025-08-27 15:00:00,0.251,0.382,28.5,28.1
2025-08-27 16:00:00,0.252,0.382,28,27.9
2025-08-27 17:00:00,0.252,0.382,27.6,27.7
2025-08-27 18:00:00,0.252,0.383,27.2,27.6
2025-08-27 19:00:00,0.253,0.383,26.8,27.4
2025-08-27 20:00:00,0.253,0.383,26.6,27.3
2025-08-27 21:00:00,0.253,0.383,26.4,27.1
2025-08-27 22:00:00,0.253,0.383,26.4,27
2025-08-27 23:00:00,0.253,0.383,26.9,26.9
2025-08-28 00:00:00,0.252,0.383,28,26.8
2025-08-28 01:00:00,0.25,0.383,29.4,26.8
2025-08-28 02:00:00,0.249,0.383,31.1,27
2025-08-28 03:00:00,0.247,0.383,33.1,27.2
2025-08-28 04:00:00,0.246,0.382,34.9,27.6
2025-08-28 05:00:00,0.245,0.382,35.9,27.9
2025-08-28 06:00:00,0.244,0.381,36.3,28.2
2025-08-28 07:00:00,0.244,0.381,36.1,28.4
2025-08-28 08:00:00,0.244,0.38,35.5,28.5
2025-08-28 09:00:00,0.245,0.379,34.4,28.6
2025-08-28 10:00:00,0.245,0.379,33.1,28.6
2025-08-28 11:00:00,0.246,0.379,32.1,28.5
2025-08-28 12:00:00,0.246,0.379,31.1,28.4
2025-08-28 13:00:00,0.246,0.378,30.3,28.3
2025-08-28 14:00:00,0.247,0.378,29.6,28.2
2025-08-28 15:00:00,0.247,0.378,29,28
2025-08-28 16:00:00,0.247,0.378,28.5,27.9
2025-08-28 17:00:00,0.248,0.378,28,27.7
2025-08-28 18:00:00,0.248,0.377,27.7,27.6
2025-08-28 19:00:00,0.248,0.377,27.3,27.4
2025-08-28 20:00:00,0.249,0.377,27,27.3
2025-08-28 21:00:00,0.249,0.377,26.7,27.2
2025-08-28 22:00:00,0.249,0.377,26.7,27.1
2025-08-28 23:00:00,0.249,0.377,27.2,26.9
2025-08-29 00:00:00,0.248,0.376,28.4,26.9
2025-08-29 01:00:00,0.247,0.376,30.1,26.9
2025-08-29 02:00:00,0.246,0.376,31.1,27.1
2025-08-29 03:00:00,0.245,0.375,32.7,27.3
2025-08-29 04:00:00,0.244,0.374,34.3,27.6
2025-08-29 05:00:00,0.243,0.374,35.6,28
2025-08-29 06:00:00,0.242,0.373,36.5,28.3
2025-08-29 07:00:00,0.242,0.372,36.8,28.5
2025-08-29 08:00:00,0.242,0.372,36.1,28.6
2025-08-29 09:00:00,0.242,0.371,34.6,28.6
2025-08-29 10:00:00,0.243,0.371,33.4,28.5
2025-08-29 11:00:00,0.243,0.371,32.2,28.5
2025-08-29 12:00:00,0.243,0.371,31.3,28.4
2025-08-29 13:00:00,0.244,0.371,30.5,28.3
2025-08-29 14:00:00,0.244,0.371,29.9,28.1
2025-08-29 15:00:00,0.245,0.37,29.3,28
2025-08-29 16:00:00,0.245,0.357,28.8,27.9
2025-08-29 17:00:00,0.245,0.356,28.3,27.7
2025-08-29 18:00:00,0.246,0.356,28,27.6
2025-08-29 19:00:00,0.246,0.356,27.9,27.5
2025-08-29 20:00:00,0.246,0.356,27.9,27.4
2025-08-29 21:00:00,0.246,0.356,27.8,27.3
2025-08-29 22:00:00,0.246,0.356,27.8,27.2
2025-08-29 23:00:00,0.246,0.356,28.1,27.1
2025-08-30 00:00:00,0.245,0.356,29.2,27.1
2025-08-30 01:00:00,0.244,0.355,30.9,27.2
2025-08-30 02:00:00,0.244,0.355,32.4,27.3
2025-08-30 03:00:00,0.243,0.355,33.9,27.6
2025-08-30 04:00:00,0.242,0.354,36,27.9
2025-08-30 05:00:00,0.241,0.352,37.6,28.3
2025-08-30 06:00:00,0.239,0.352,38.6,28.6
2025-08-30 07:00:00,0.239,0.351,38.7,28.8
2025-08-30 08:00:00,0.239,0.35,38,28.9
2025-08-30 09:00:00,0.24,0.35,36.5,28.9
2025-08-30 10:00:00,0.24,0.349,35.1,28.9
2025-08-30 11:00:00,0.241,0.348,33.9,28.8
2025-08-30 12:00:00,0.241,0.348,33,28.7
2025-08-30 13:00:00,0.241,0.348,32.2,28.6
2025-08-30 14:00:00,0.241,0.348,31.4,28.5
2025-08-30 15:00:00,0.242,0.348,30.8,28.4
2025-08-30 16:00:00,0.242,0.348,30.2,28.3
2025-08-30 17:00:00,0.242,0.348,29.7,28.1
2025-08-30 18:00:00,0.242,0.348,29.2,28
2025-08-30 19:00:00,0.243,0.347,28.8,27.9
2025-08-30 20:00:00,0.243,0.347,28.4,27.8
2025-08-30 21:00:00,0.244,0.347,28,27.7
2025-08-30 22:00:00,0.244,0.347,27.9,27.5
2025-08-30 23:00:00,0.244,0.347,28.3,27.4
2025-08-31 00:00:00,0.243,0.347,29.1,27.3
2025-08-31 01:00:00,0.242,0.346,30.3,27.4
2025-08-31 02:00:00,0.242,0.346,31.5,27.4
2025-08-31 03:00:00,0.243,0.367,31.5,27.6
2025-08-31 04:00:00,0.246,0.381,30.4,27.8
2025-08-31 05:00:00,0.248,0.382,30.8,27.8
2025-08-31 06:00:00,0.249,0.382,31.3,27.8
2025-08-31 07:00:00,0.25,0.382,31.5,27.9
2025-08-31 08:00:00,0.261,0.383,30.3,27.9
2025-08-31 09:00:00,0.287,0.384,29.5,27.9
2025-08-31 10:00:00,0.292,0.384,29.1,27.9
2025-08-31 11:00:00,0.294,0.384,28.6,27.8
2025-08-31 12:00:00,0.294,0.384,28.2,27.7
2025-08-31 13:00:00,0.294,0.384,27.9,27.6
2025-08-31 14:00:00,0.294,0.384,27.6,27.5
2025-08-31 15:00:00,0.294,0.384,27.3,27.4
2025-08-31 16:00:00,0.294,0.384,27,27.3
2025-08-31 17:00:00,0.294,0.384,26.8,27.2
2025-08-31 18:00:00,0.294,0.385,26.5,27.1
2025-08-31 19:00:00,0.294,0.385,26.3,27
2025-08-31 20:00:00,0.293,0.385,26.1,26.9
2025-08-31 21:00:00,0.294,0.385,25.9,26.8
2025-08-31 22:00:00,0.294,0.385,25.9,26.7
2025-08-31 23:00:00,0.294,0.385,26.3,26.6
2025-09-01 00:00:00,0.293,0.385,27.2,26.6
2025-09-01 01:00:00,0.291,0.385,28.4,26.6
2025-09-01 02:00:00,0.288,0.385,29.5,26.7
2025-09-01 03:00:00,0.285,0.385,30.6,26.8
2025-09-01 04:00:00,0.281,0.385,31.6,27.1
2025-09-01 05:00:00,0.279,0.384,32.5,27.3
2025-09-01 06:00:00,0.278,0.384,32.5,27.6
2025-09-01 07:00:00,0.277,0.384,32.5,27.7
2025-09-01 08:00:00,0.277,0.384,32.1,27.8
2025-09-01 09:00:00,0.277,0.384,31.2,27.9
2025-09-01 10:00:00,0.277,0.384,30.4,27.9
2025-09-01 11:00:00,0.277,0.384,29.7,27.9
2025-09-01 12:00:00,0.277,0.384,29.1,27.8
2025-09-01 13:00:00,0.277,0.384,28.7,27.8
2025-09-01 14:00:00,0.278,0.384,28.3,27.7
2025-09-01 15:00:00,0.279,0.384,27.9,27.6
2025-09-01 16:00:00,0.281,0.384,27.6,27.5
2025-09-01 17:00:00,0.288,0.385,27.3,27.4
2025-09-01 18:00:00,0.294,0.385,27.1,27.3
2025-09-01 19:00:00,0.297,0.385,26.9,27.2
2025-09-01 20:00:00,0.305,0.385,26.8,27.1
2025-09-01 21:00:00,0.314,0.385,26.6,27
2025-09-01 22:00:00,0.315,0.385,26.5,26.9
2025-09-01 23:00:00,0.315,0.385,26.7,26.9
2025-09-02 00:00:00,0.314,0.385,27.5,26.8
2025-09-02 01:00:00,0.312,0.385,28.4,26.8
2025-09-02 02:00:00,0.31,0.385,28.8,26.8
2025-09-02 03:00:00,0.309,0.385,28.9,26.9
2025-09-02 04:00:00,0.308,0.385,29.2,27.1
2025-09-02 05:00:00,0.307,0.385,29.3,27.1
2025-09-02 06:00:00,0.305,0.384,29.7,27.2
2025-09-02 07:00:00,0.303,0.384,30.3,27.3
2025-09-02 08:00:00,0.302,0.384,30.6,27.3
2025-09-02 09:00:00,0.302,0.384,29.8,27.4
2025-09-02 10:00:00,0.301,0.384,29.1,27.3
2025-09-02 11:00:00,0.301,0.384,28.3,27.3
2025-09-02 12:00:00,0.301,0.384,27.6,27.2
2025-09-02 13:00:00,0.301,0.384,26.9,27.1
2025-09-02 14:00:00,0.3,0.385,26.5,26.9
2025-09-02 15:00:00,0.3,0.385,26,26.8
2025-09-02 16:00:00,0.3,0.385,25.6,26.7
2025-09-02 17:00:00,0.299,0.385,25.3,26.5
2025-09-02 18:00:00,0.299,0.385,25,26.4
2025-09-02 19:00:00,0.299,0.385,24.7,26.2
2025-09-02 20:00:00,0.298,0.385,24.4,26.1
2025-09-02 21:00:00,0.298,0.385,24.2,25.9
2025-09-02 22:00:00,0.298,0.386,24,25.8
2025-09-02 23:00:00,0.297,0.386,24.3,25.7
2025-09-03 00:00:00,0.295,0.386,25.2,25.6
2025-09-03 01:00:00,0.292,0.386,26.6,25.6
2025-09-03 02:00:00,0.288,0.386,28.1,25.7
2025-09-03 03:00:00,0.284,0.385,29.7,25.9
2025-09-03 04:00:00,0.28,0.385,30.9,26.2
2025-09-03 05:00:00,0.276,0.385,31.9,26.6
2025-09-03 06:00:00,0.274,0.384,32.7,26.9
2025-09-03 07:00:00,0.275,0.384,32.5,27.1
2025-09-03 08:00:00,0.275,0.384,31.8,27.3
2025-09-03 09:00:00,0.276,0.384,31.1,27.4
2025-09-03 10:00:00,0.276,0.384,30.2,27.4
2025-09-03 11:00:00,0.276,0.384,29.5,27.4
2025-09-03 12:00:00,0.277,0.384,28.9,27.3
2025-09-03 13:00:00,0.277,0.384,28.3,27.2
2025-09-03 14:00:00,0.277,0.384,27.8,27.1
2025-09-03 15:00:00,0.277,0.384,27.4,27
2025-09-03 16:00:00,0.278,0.384,27,26.9
2025-09-03 17:00:00,0.278,0.384,26.7,26.8
2025-09-03 18:00:00,0.277,0.384,26.5,26.7
2025-09-03 19:00:00,0.277,0.384,26.3,26.6
2025-09-03 20:00:00,0.277,0.384,26,26.5
2025-09-03 21:00:00,0.277,0.384,25.8,26.4
2025-09-03 22:00:00,0.277,0.384,25.6,26.3
2025-09-03 23:00:00,0.277,0.384,26.1,26.2
2025-09-04 00:00:00,0.277,0.384,27.1,26.1
2025-09-04 01:00:00,0.276,0.384,28.6,26.1
2025-09-04 02:00:00,0.276,0.384,30.1,26.2
2025-09-04 03:00:00,0.275,0.384,31.2,26.4
2025-09-04 04:00:00,0.275,0.384,31.3,26.6
2025-09-04 05:00:00,0.275,0.384,31.4,26.8
2025-09-04 06:00:00,0.275,0.383,32.1,27
2025-09-04 07:00:00,0.274,0.383,32.6,27.2
2025-09-04 08:00:00,0.274,0.383,32.2,27.3
2025-09-04 09:00:00,0.273,0.383,31.5,27.4
2025-09-04 10:00:00,0.273,0.383,30.6,27.4
2025-09-04 11:00:00,0.273,0.383,29.7,27.4
2025-09-04 12:00:00,0.273,0.383,28.9,27.4
2025-09-04 13:00:00,0.273,0.383,28.3,27.3
2025-09-04 14:00:00,0.273,0.383,27.8,27.2
2025-09-04 15:00:00,0.273,0.383,27.4,27.1
2025-09-04 16:00:00,0.272,0.383,27,27
2025-09-04 17:00:00,0.272,0.383,26.6,26.9
2025-09-04 18:00:00,0.272,0.383,26.3,26.8
2025-09-04 19:00:00,0.272,0.384,26,26.7
2025-09-04 20:00:00,0.272,0.384,25.7,26.5
2025-09-04 21:00:00,0.272,0.384,25.7,26.4
2025-09-04 22:00:00,0.271,0.384,25.8,26.3
2025-09-04 23:00:00,0.271,0.384,26.1,26.2
2025-09-05 00:00:00,0.271,0.384,26.7,26.2
2025-09-05 01:00:00,0.27,0.384,27.6,26.2
2025-09-05 02:00:00,0.269,0.384,29.6,26.2
2025-09-05 03:00:00,0.268,0.38,31.8,26.4
2025-09-05 04:00:00,0.268,0.378,33.4,26.7
2025-09-05 05:00:00,0.267,0.377,34.5,27.1
2025-09-05 06:00:00,0.266,0.377,34.6,27.4
2025-09-05 07:00:00,0.265,0.376,34.5,27.6
2025-09-05 08:00:00,0.264,0.376,33.8,27.7
2025-09-05 09:00:00,0.264,0.376,32.9,27.8
2025-09-05 10:00:00,0.263,0.376,31.8,27.8
2025-09-05 11:00:00,0.263,0.376,30.8,27.8
2025-09-05 12:00:00,0.262,0.376,30,27.7
2025-09-05 13:00:00,0.262,0.376,29.4,27.7
2025-09-05 14:00:00,0.262,0.376,28.8,27.6
2025-09-05 15:00:00,0.262,0.376,28.3,27.5
2025-09-05 16:00:00,0.263,0.376,27.9,27.4
2025-09-05 17:00:00,0.263,0.376,27.6,27.3
2025-09-05 18:00:00,0.263,0.376,27.2,27.2
2025-09-05 19:00:00,0.263,0.376,27,27
2025-09-05 20:00:00,0.263,0.376,26.7,26.9
2025-09-05 21:00:00,0.263,0.376,26.5,26.8
2025-09-05 22:00:00,0.263,0.376,26.4,26.8
2025-09-05 23:00:00,0.263,0.376,26.9,26.7
2025-09-06 00:00:00,0.262,0.376,27.6,26.6
2025-09-06 01:00:00,0.262,0.376,28.6,26.6
2025-09-06 02:00:00,0.261,0.376,30.3,26.6
2025-09-06 03:00:00,0.261,0.375,31.6,26.8
2025-09-06 04:00:00,0.26,0.375,32.4,27
2025-09-06 05:00:00,0.26,0.374,32.5,27.2
2025-09-06 06:00:00,0.259,0.374,33,27.5
2025-09-06 07:00:00,0.258,0.373,33.4,27.6
2025-09-06 08:00:00,0.258,0.373,32.9,27.7
2025-09-06 09:00:00,0.257,0.373,32,27.7
2025-09-06 10:00:00,0.257,0.373,31.1,27.7
2025-09-06 11:00:00,0.257,0.372,30.3,27.7
2025-09-06 12:00:00,0.256,0.366,29.7,27.7
2025-09-06 13:00:00,0.256,0.358,29.3,27.6
2025-09-06 14:00:00,0.257,0.358,28.9,27.5
2025-09-06 15:00:00,0.257,0.358,28.7,27.4
2025-09-06 16:00:00,0.257,0.358,28.4,27.4
2025-09-06 17:00:00,0.257,0.358,28.2,27.3
2025-09-06 18:00:00,0.257,0.358,28.1,27.3
2025-09-06 19:00:00,0.257,0.358,27.9,27.2
2025-09-06 20:00:00,0.257,0.358,27.7,27.1
2025-09-06 21:00:00,0.271,0.359,27.6,27.1
2025-09-06 22:00:00,0.325,0.374,27.4,27
2025-09-06 23:00:00,0.327,0.376,27.3,27
2025-09-07 00:00:00,0.328,0.379,27.4,26.9
2025-09-07 01:00:00,0.328,0.379,27.6,26.9
2025-09-07 02:00:00,0.323,0.38,28.8,26.8
2025-09-07 03:00:00,0.322,0.38,29.5,26.9
2025-09-07 04:00:00,0.327,0.381,29.5,26.9
2025-09-07 05:00:00,0.324,0.381,29.7,27.1
2025-09-07 06:00:00,0.325,0.381,29.5,27.1
2025-09-07 07:00:00,0.324,0.381,29.4,27.2
2025-09-07 08:00:00,0.323,0.381,29.3,27.3
2025-09-07 09:00:00,0.323,0.381,28.9,27.3
2025-09-07 10:00:00,0.323,0.381,28.5,27.3
2025-09-07 11:00:00,0.322,0.381,28.1,27.3
2025-09-07 12:00:00,0.322,0.381,27.7,27.2
2025-09-07 13:00:00,0.322,0.381,27.5,27.2
2025-09-07 14:00:00,0.321,0.381,27.2,27.1
2025-09-07 15:00:00,0.321,0.381,26.9,27
2025-09-07 16:00:00,0.321,0.382,26.5,26.9
2025-09-07 17:00:00,0.32,0.382,26.2,26.9
2025-09-07 18:00:00,0.32,0.382,26,26.8
2025-09-07 19:00:00,0.32,0.382,25.6,26.7
2025-09-07 20:00:00,0.32,0.382,25.3,26.6
2025-09-07 21:00:00,0.32,0.382,25,26.5
2025-09-07 22:00:00,0.319,0.382,24.8,26.4
2025-09-07 23:00:00,0.319,0.382,25.1,26.3
2025-09-08 00:00:00,0.318,0.382,25.8,26.2
2025-09-08 01:00:00,0.317,0.382,26.2,26.1
2025-09-08 02:00:00,0.317,0.383,26.5,26.1
2025-09-08 03:00:00,0.324,0.383,26.5,26.1
2025-09-08 04:00:00,0.332,0.383,26.5,26.1
2025-09-08 05:00:00,0.334,0.383,26.4,26
2025-09-08 06:00:00,0.332,0.383,26.4,26
2025-09-08 07:00:00,0.33,0.383,26.7,26
2025-09-08 08:00:00,0.329,0.383,26.4,26
2025-09-08 09:00:00,0.328,0.383,25.9,25.9
2025-09-08 10:00:00,0.327,0.383,25.3,25.9
2025-09-08 11:00:00,0.327,0.383,24.8,25.8
2025-09-08 12:00:00,0.329,0.384,24.5,25.7
2025-09-08 13:00:00,0.331,0.384,24.1,25.6
2025-09-08 14:00:00,0.331,0.384,23.9,25.4
2025-09-08 15:00:00,0.331,0.384,23.7,25.3
2025-09-08 16:00:00,0.332,0.384,23.5,25.2
2025-09-08 17:00:00,0.336,0.385,23.3,25.1
2025-09-08 18:00:00,0.337,0.385,23,25
2025-09-08 19:00:00,0.335,0.385,22.9,24.9
2025-09-08 20:00:00,0.333,0.385,22.6,24.8
2025-09-08 21:00:00,0.332,0.385,22.4,24.7
2025-09-08 22:00:00,0.332,0.385,22.2,24.6
2025-09-08 23:00:00,0.336,0.385,22.1,24.5
2025-09-09 00:00:00,0.334,0.385,22.5,24.4
2025-09-09 01:00:00,0.332,0.385,23.2,24.3
2025-09-09 02:00:00,0.33,0.386,23.7,24.3
2025-09-09 03:00:00,0.329,0.385,24.1,24.3
2025-09-09 04:00:00,0.332,0.386,24.4,24.3
2025-09-09 05:00:00,0.333,0.386,24.5,24.3
2025-09-09 06:00:00,0.332,0.386,24.4,24.3
2025-09-09 07:00:00,0.332,0.385,24.2,24.3
2025-09-09 08:00:00,0.334,0.386,24,24.3
2025-09-09 09:00:00,0.335,0.386,23.8,24.3
2025-09-09 10:00:00,0.334,0.386,23.6,24.3
2025-09-09 11:00:00,0.335,0.386,23.4,24.2
2025-09-09 12:00:00,0.334,0.385,23.3,24.2
2025-09-09 13:00:00,0.332,0.385,23.2,24.2
2025-09-09 14:00:00,0.331,0.385,23.1,24.1
2025-09-09 15:00:00,0.335,0.386,23,24.1
2025-09-09 16:00:00,0.337,0.386,22.8,24
2025-09-09 17:00:00,0.338,0.386,22.6,24
2025-09-09 18:00:00,0.337,0.386,22.5,23.9
2025-09-09 19:00:00,0.337,0.386,22.5,23.9
2025-09-09 20:00:00,0.336,0.386,22.5,23.9
2025-09-09 21:00:00,0.334,0.385,22.5,23.8
2025-09-09 22:00:00,0.333,0.385,22.5,23.8
2025-09-09 23:00:00,0.332,0.385,23,23.8
2025-09-10 00:00:00,0.33,0.385,23.6,23.8
2025-09-10 01:00:00,0.328,0.385,24.9,23.8
2025-09-10 02:00:00,0.326,0.385,26.3,23.8
2025-09-10 03:00:00,0.323,0.385,28,23.9
2025-09-10 04:00:00,0.32,0.384,29.5,24.2
2025-09-10 05:00:00,0.319,0.384,30.2,24.4
2025-09-10 06:00:00,0.317,0.384,30.5,24.7
2025-09-10 07:00:00,0.316,0.383,31,24.9
2025-09-10 08:00:00,0.315,0.383,30.5,25
2025-09-10 09:00:00,0.315,0.383,29.3,25.1
2025-09-10 10:00:00,0.316,0.383,28.2,25.1
2025-09-10 11:00:00,0.316,0.383,27.2,25.1
2025-09-10 12:00:00,0.316,0.383,26.4,25.1
2025-09-10 13:00:00,0.316,0.383,25.8,25
2025-09-10 14:00:00,0.316,0.383,25.2,25
2025-09-10 15:00:00,0.316,0.383,24.7,24.9
2025-09-10 16:00:00,0.316,0.383,24.3,24.8
2025-09-10 17:00:00,0.315,0.382,23.9,24.7
2025-09-10 18:00:00,0.315,0.382,23.5,24.6
2025-09-10 19:00:00,0.315,0.382,23.2,24.5
2025-09-10 20:00:00,0.315,0.382,22.8,24.4
2025-09-10 21:00:00,0.315,0.382,22.6,24.3
2025-09-10 22:00:00,0.315,0.382,22.5,24.2
2025-09-10 23:00:00,0.314,0.382,23.1,24.1
2025-09-11 00:00:00,0.314,0.382,24.2,24
2025-09-11 01:00:00,0.313,0.382,25.8,24
2025-09-11 02:00:00,0.312,0.382,27.3,24.1
2025-09-11 03:00:00,0.31,0.382,28.7,24.2
2025-09-11 04:00:00,0.309,0.381,29.9,24.4
2025-09-11 05:00:00,0.308,0.381,30.4,24.7
2025-09-11 06:00:00,0.308,0.38,30.3,24.9
2025-09-11 07:00:00,0.307,0.38,30.4,25.1
2025-09-11 08:00:00,0.307,0.38,30,25.2
2025-09-11 09:00:00,0.306,0.38,29.2,25.2
2025-09-11 10:00:00,0.306,0.38,28.4,25.3
2025-09-11 11:00:00,0.305,0.38,27.7,25.3
2025-09-11 12:00:00,0.305,0.379,27,25.3
2025-09-11 13:00:00,0.304,0.379,26.5,25.2
2025-09-11 14:00:00,0.303,0.379,26,25.2
2025-09-11 15:00:00,0.303,0.379,25.6,25.1
2025-09-11 16:00:00,0.302,0.379,25.2,25
2025-09-11 17:00:00,0.302,0.379,24.9,25
2025-09-11 18:00:00,0.301,0.379,24.6,24.9
2025-09-11 19:00:00,0.3,0.379,24.3,24.8
2025-09-11 20:00:00,0.3,0.379,24.1,24.7
2025-09-11 21:00:00,0.3,0.379,23.9,24.7
2025-09-11 22:00:00,0.299,0.379,23.8,24.6
2025-09-11 23:00:00,0.298,0.379,24,24.5
2025-09-12 00:00:00,0.298,0.378,24.8,24.4
2025-09-12 01:00:00,0.297,0.378,25.8,24.4
2025-09-12 02:00:00,0.297,0.378,26,24.4
2025-09-12 03:00:00,0.296,0.378,26.1,24.5
2025-09-12 04:00:00,0.295,0.378,26.7,24.5
2025-09-12 05:00:00,0.295,0.378,26.7,24.6
2025-09-12 06:00:00,0.295,0.378,26.6,24.6
2025-09-12 07:00:00,0.295,0.377,26.8,24.7
2025-09-12 08:00:00,0.295,0.377,26.6,24.7
2025-09-12 09:00:00,0.295,0.378,26.4,24.7
2025-09-12 10:00:00,0.295,0.377,26.1,24.8
2025-09-12 11:00:00,0.295,0.377,25.7,24.8
2025-09-12 12:00:00,0.296,0.377,25.5,24.8
2025-09-12 13:00:00,0.296,0.377,25.3,24.8
2025-09-12 14:00:00,0.296,0.377,25.1,24.7
2025-09-12 15:00:00,0.296,0.377,25,24.7
2025-09-12 16:00:00,0.296,0.377,24.9,24.7
2025-09-12 17:00:00,0.296,0.376,24.8,24.7
2025-09-12 18:00:00,0.296,0.377,24.8,24.6
2025-09-12 19:00:00,0.297,0.377,24.8,24.6
2025-09-12 20:00:00,0.298,0.377,24.9,24.6
2025-09-12 21:00:00,0.304,0.377,25.1,24.6
2025-09-12 22:00:00,0.317,0.377,25.2,24.6
2025-09-12 23:00:00,0.32,0.377,25.3,24.6
2025-09-13 00:00:00,0.32,0.376,25.7,24.6
2025-09-13 01:00:00,0.324,0.377,26.2,24.7
2025-09-13 02:00:00,0.328,0.376,26.1,24.7
2025-09-13 03:00:00,0.328,0.376,26.9,24.8
2025-09-13 04:00:00,0.327,0.376,27.7,24.8
2025-09-13 05:00:00,0.324,0.376,28.8,24.9
2025-09-13 06:00:00,0.322,0.376,29.6,25
2025-09-13 07:00:00,0.32,0.376,30.3,25.1
2025-09-13 08:00:00,0.319,0.376,29.8,25.2
2025-09-13 09:00:00,0.319,0.375,28.8,25.3
2025-09-13 10:00:00,0.319,0.375,27.9,25.3
2025-09-13 11:00:00,0.319,0.375,27.1,25.4
2025-09-13 12:00:00,0.319,0.375,26.4,25.3
2025-09-13 13:00:00,0.319,0.375,25.9,25.3
2025-09-13 14:00:00,0.319,0.375,25.4,25.2
2025-09-13 15:00:00,0.319,0.375,25,25.1
2025-09-13 16:00:00,0.319,0.375,24.7,25.1
2025-09-13 17:00:00,0.319,0.375,24.5,25
2025-09-13 18:00:00,0.319,0.375,24.2,24.9
2025-09-13 19:00:00,0.319,0.375,24.1,24.8
2025-09-13 20:00:00,0.319,0.375,23.9,24.7
2025-09-13 21:00:00,0.319,0.375,23.7,24.7
2025-09-13 22:00:00,0.318,0.375,23.7,24.6
2025-09-13 23:00:00,0.318,0.375,24.2,24.5
2025-09-14 00:00:00,0.318,0.375,24.9,24.5
2025-09-14 01:00:00,0.317,0.375,26.2,24.4
2025-09-14 02:00:00,0.316,0.375,27.4,24.5
2025-09-14 03:00:00,0.314,0.374,28.8,24.6
2025-09-14 04:00:00,0.313,0.374,29.7,24.7
2025-09-14 05:00:00,0.313,0.374,29.8,24.9
2025-09-14 06:00:00,0.313,0.373,29.5,25.1
2025-09-14 07:00:00,0.312,0.372,29.5,25.2
2025-09-14 08:00:00,0.312,0.372,29.1,25.3
2025-09-14 09:00:00,0.312,0.372,28.5,25.4
2025-09-14 10:00:00,0.312,0.371,27.8,25.5
2025-09-14 11:00:00,0.312,0.371,27.2,25.5
2025-09-14 12:00:00,0.312,0.371,26.8,25.5
2025-09-14 13:00:00,0.312,0.371,26.4,25.4
2025-09-14 14:00:00,0.312,0.371,26.1,25.4
2025-09-14 15:00:00,0.312,0.372,25.8,25.3
2025-09-14 16:00:00,0.312,0.372,25.6,25.3
2025-09-14 17:00:00,0.312,0.371,25.4,25.2
2025-09-14 18:00:00,0.312,0.371,25.2,25.1
2025-09-14 19:00:00,0.312,0.371,25.1,25.1
2025-09-14 20:00:00,0.312,0.371,24.9,25
2025-09-14 21:00:00,0.312,0.371,24.8,25
2025-09-14 22:00:00,0.311,0.371,24.8,24.9
2025-09-14 23:00:00,0.311,0.371,25.1,24.9
2025-09-15 00:00:00,0.311,0.371,25.3,24.9
2025-09-15 01:00:00,0.311,0.371,25.6,24.8
2025-09-15 02:00:00,0.311,0.372,25.9,24.8
2025-09-15 03:00:00,0.334,0.372,25.8,24.8
2025-09-15 04:00:00,0.335,0.372,26.1,24.8
2025-09-15 05:00:00,0.333,0.372,26.6,24.9
2025-09-15 06:00:00,0.331,0.371,27.1,24.9
2025-09-15 07:00:00,0.328,0.371,27.8,24.9
2025-09-15 08:00:00,0.327,0.371,27.9,25
2025-09-15 09:00:00,0.326,0.37,27.6,25
2025-09-15 10:00:00,0.326,0.37,27.1,25
2025-09-15 11:00:00,0.325,0.369,26.7,25.1
2025-09-15 12:00:00,0.325,0.369,26.2,25.1
2025-09-15 13:00:00,0.325,0.368,25.9,25.1
2025-09-15 14:00:00,0.325,0.367,25.7,25
2025-09-15 15:00:00,0.325,0.367,25.5,25
2025-09-15 16:00:00,0.325,0.367,25.3,25
2025-09-15 17:00:00,0.324,0.367,25,24.9
2025-09-15 18:00:00,0.324,0.367,24.9,24.9
2025-09-15 19:00:00,0.324,0.367,24.7,24.9
2025-09-15 20:00:00,0.324,0.367,24.5,24.8
2025-09-15 21:00:00,0.324,0.367,24.4,24.8
2025-09-15 22:00:00,0.324,0.367,24.4,24.7
2025-09-15 23:00:00,0.324,0.367,24.8,24.7
2025-09-16 00:00:00,0.323,0.367,25.8,24.7
2025-09-16 01:00:00,0.322,0.367,27.3,24.7
2025-09-16 02:00:00,0.32,0.366,28.6,24.7
2025-09-16 03:00:00,0.319,0.365,29.6,24.9
2025-09-16 04:00:00,0.318,0.364,30.8,25.1
2025-09-16 05:00:00,0.317,0.363,31.7,25.3
2025-09-16 06:00:00,0.316,0.362,32,25.5
2025-09-16 07:00:00,0.315,0.362,32.1,25.7
2025-09-16 08:00:00,0.314,0.362,31.2,25.8
2025-09-16 09:00:00,0.314,0.362,30.3,25.8
2025-09-16 10:00:00,0.314,0.362,29.4,25.9
2025-09-16 11:00:00,0.313,0.361,28.6,25.9
2025-09-16 12:00:00,0.313,0.361,28,25.9
2025-09-16 13:00:00,0.313,0.361,27.5,25.8
2025-09-16 14:00:00,0.313,0.361,27.1,25.8
2025-09-16 15:00:00,0.312,0.361,26.8,25.7
2025-09-16 16:00:00,0.312,0.361,26.6,25.7
2025-09-16 17:00:00,0.312,0.361,26.5,25.6
2025-09-16 18:00:00,0.311,0.361,26.4,25.6
2025-09-16 19:00:00,0.311,0.361,26.2,25.5
2025-09-16 20:00:00,0.311,0.361,26.1,25.5
2025-09-16 21:00:00,0.31,0.361,26,25.5
2025-09-16 22:00:00,0.31,0.361,25.9,25.4
2025-09-16 23:00:00,0.309,0.361,26.4,25.4
2025-09-17 00:00:00,0.309,0.361,27,25.4
2025-09-17 01:00:00,0.308,0.364,27.7,25.4
2025-09-17 02:00:00,0.307,0.365,28.7,25.4
2025-09-17 03:00:00,0.306,0.365,29.2,25.5
2025-09-17 04:00:00,0.309,0.364,28.9,25.7
2025-09-17 05:00:00,0.321,0.365,28.3,25.8
2025-09-17 06:00:00,0.328,0.366,27.7,25.9
2025-09-17 07:00:00,0.327,0.365,27.8,25.9
2025-09-17 08:00:00,0.326,0.365,28,25.9
2025-09-17 09:00:00,0.325,0.365,27.8,25.9
2025-09-17 10:00:00,0.325,0.365,27.3,25.8
2025-09-17 11:00:00,0.324,0.365,26.7,25.8
2025-09-17 12:00:00,0.324,0.365,26.3,25.8
2025-09-17 13:00:00,0.324,0.365,25.9,25.7
2025-09-17 14:00:00,0.324,0.364,25.7,25.7
2025-09-17 15:00:00,0.323,0.364,25.4,25.6
2025-09-17 16:00:00,0.323,0.364,24.9,25.5
2025-09-17 17:00:00,0.323,0.364,24.5,25.4
2025-09-17 18:00:00,0.323,0.364,24.3,25.3
2025-09-17 19:00:00,0.323,0.364,24.2,25.2
2025-09-17 20:00:00,0.323,0.364,24,25.1
2025-09-17 21:00:00,0.322,0.364,23.7,25.1
2025-09-17 22:00:00,0.322,0.365,23.6,25
2025-09-17 23:00:00,0.322,0.365,23.8,24.9
2025-09-18 00:00:00,0.322,0.365,24.2,24.8
2025-09-18 01:00:00,0.322,0.365,24.6,24.7
2025-09-18 02:00:00,0.321,0.364,25.3,24.7
2025-09-18 03:00:00,0.32,0.364,27,24.7
2025-09-18 04:00:00,0.318,0.364,28.5,24.8
2025-09-18 05:00:00,0.317,0.363,30,24.9
2025-09-18 06:00:00,0.317,0.363,30.5,25
2025-09-18 07:00:00,0.316,0.362,30.4,25.1
2025-09-18 08:00:00,0.316,0.362,29.4,25.2
2025-09-18 09:00:00,0.316,0.362,28.2,25.2
2025-09-18 10:00:00,0.316,0.362,27.1,25.2
2025-09-18 11:00:00,0.316,0.362,26.4,25.2
2025-09-18 12:00:00,0.315,0.362,25.8,25.1
2025-09-18 13:00:00,0.315,0.362,25.2,25.1
2025-09-18 14:00:00,0.315,0.362,24.7,25
2025-09-18 15:00:00,0.315,0.362,24.3,24.9
2025-09-18 16:00:00,0.314,0.362,24,24.8
2025-09-18 17:00:00,0.314,0.362,23.8,24.7
2025-09-18 18:00:00,0.313,0.362,23.5,24.6
2025-09-18 19:00:00,0.313,0.362,23.2,24.5
2025-09-18 20:00:00,0.313,0.362,22.9,24.4
2025-09-18 21:00:00,0.313,0.362,22.7,24.3
2025-09-18 22:00:00,0.313,0.361,22.7,24.2
2025-09-18 23:00:00,0.312,0.361,22.9,24.1
2025-09-19 00:00:00,0.312,0.361,23.4,24.1
2025-09-19 01:00:00,0.311,0.361,23.9,24
2025-09-19 02:00:00,0.311,0.361,24.6,24
2025-09-19 03:00:00,0.31,0.36,25.5,24
2025-09-19 04:00:00,0.309,0.359,26.4,24
2025-09-19 05:00:00,0.308,0.359,27.2,24.1
2025-09-19 06:00:00,0.307,0.359,27.4,24.1
2025-09-19 07:00:00,0.306,0.358,26.9,24.2
2025-09-19 08:00:00,0.306,0.357,26.4,24.3
2025-09-19 09:00:00,0.305,0.357,25.8,24.3
2025-09-19 10:00:00,0.304,0.357,25.2,24.3
2025-09-19 11:00:00,0.303,0.357,24.7,24.3
2025-09-19 12:00:00,0.303,0.357,24.3,24.3
2025-09-19 13:00:00,0.302,0.357,24,24.2
2025-09-19 14:00:00,0.301,0.357,23.8,24.2
2025-09-19 15:00:00,0.301,0.357,23.7,24.1
2025-09-19 16:00:00,0.301,0.357,23.6,24.1
2025-09-19 17:00:00,0.3,0.357,23.5,24
2025-09-19 18:00:00,0.3,0.357,23.5,24
2025-09-19 19:00:00,0.3,0.357,23.5,23.9
2025-09-19 20:00:00,0.335,0.363,23.5,23.9
2025-09-19 21:00:00,0.338,0.366,23.6,23.9
2025-09-19 22:00:00,0.335,0.366,23.6,23.8
2025-09-19 23:00:00,0.333,0.366,23.6,23.8
2025-09-20 00:00:00,0.332,0.366,23.8,23.8
2025-09-20 01:00:00,0.331,0.366,24.2,23.8
2025-09-20 02:00:00,0.332,0.366,24.9,23.8
2025-09-20 03:00:00,0.333,0.365,25.6,23.9
2025-09-20 04:00:00,0.331,0.365,26.1,23.9
2025-09-20 05:00:00,0.329,0.365,26.6,24
2025-09-20 06:00:00,0.328,0.365,26.4,24
2025-09-20 07:00:00,0.327,0.365,26.3,24.1
2025-09-20 08:00:00,0.326,0.364,26.1,24.1
2025-09-20 09:00:00,0.326,0.364,25.2,24.1
2025-09-20 10:00:00,0.325,0.364,24.4,24.1
2025-09-20 11:00:00,0.325,0.364,23.7,24.1
2025-09-20 12:00:00,0.325,0.364,23.2,24
2025-09-20 13:00:00,0.325,0.364,22.7,24
2025-09-20 14:00:00,0.324,0.364,22.2,23.9
2025-09-20 15:00:00,0.323,0.364,21.8,23.8
2025-09-20 16:00:00,0.323,0.365,21.4,23.7
2025-09-20 17:00:00,0.323,0.365,21,23.6
2025-09-20 18:00:00,0.323,0.365,20.7,23.4
2025-09-20 19:00:00,0.323,0.365,20.3,23.3
2025-09-20 20:00:00,0.323,0.365,20,23.2
2025-09-20 21:00:00,0.323,0.365,19.7,23.1
2025-09-20 22:00:00,0.323,0.365,19.6,23
2025-09-20 23:00:00,0.323,0.365,20,22.9
2025-09-21 00:00:00,0.322,0.365,21,22.8
2025-09-21 01:00:00,0.321,0.365,22.9,22.7
2025-09-21 02:00:00,0.32,0.365,24.6,22.8
2025-09-21 03:00:00,0.319,0.365,26.3,22.9
2025-09-21 04:00:00,0.318,0.364,27.6,23.1
2025-09-21 05:00:00,0.316,0.364,28.3,23.3
2025-09-21 06:00:00,0.316,0.363,28.8,23.4
2025-09-21 07:00:00,0.315,0.363,28.9,23.5
2025-09-21 08:00:00,0.315,0.363,28.3,23.6
2025-09-21 09:00:00,0.315,0.363,27.3,23.6
2025-09-21 10:00:00,0.315,0.364,26.3,23.7
2025-09-21 11:00:00,0.314,0.363,25.4,23.7
2025-09-21 12:00:00,0.314,0.363,24.8,23.7
2025-09-21 13:00:00,0.313,0.363,24.1,23.6
2025-09-21 14:00:00,0.313,0.362,23.6,23.6
2025-09-21 15:00:00,0.312,0.362,23.1,23.5
2025-09-21 16:00:00,0.312,0.362,22.6,23.5
2025-09-21 17:00:00,0.312,0.362,22.3,23.4
2025-09-21 18:00:00,0.311,0.362,22,23.3
2025-09-21 19:00:00,0.311,0.361,21.6,23.2
2025-09-21 20:00:00,0.311,0.361,21.2,23.2
2025-09-21 21:00:00,0.311,0.361,20.7,23.1
2025-09-21 22:00:00,0.31,0.361,20.4,23
2025-09-21 23:00:00,0.31,0.361,20.9,22.9
2025-09-22 00:00:00,0.309,0.361,21.9,22.8
2025-09-22 01:00:00,0.308,0.361,23.4,22.8
2025-09-22 02:00:00,0.307,0.36,24.8,22.8
2025-09-22 03:00:00,0.305,0.36,26.1,22.9
2025-09-22 04:00:00,0.304,0.359,26.9,23
2025-09-22 05:00:00,0.302,0.358,27.7,23.2
2025-09-22 06:00:00,0.301,0.358,28,23.3
2025-09-22 07:00:00,0.299,0.357,27.9,23.4
2025-09-22 08:00:00,0.297,0.357,27.2,23.4
2025-09-22 09:00:00,0.295,0.357,26.4,23.5
2025-09-22 10:00:00,0.294,0.356,25.6,23.5
2025-09-22 11:00:00,0.293,0.356,24.7,23.5
2025-09-22 12:00:00,0.291,0.356,24,23.5
2025-09-22 13:00:00,0.29,0.356,23.5,23.5
2025-09-22 14:00:00,0.29,0.356,23.1,23.4
2025-09-22 15:00:00,0.289,0.356,22.8,23.3
2025-09-22 16:00:00,0.289,0.356,22.4,23.3
2025-09-22 17:00:00,0.289,0.356,22.2,23.2
2025-09-22 18:00:00,0.288,0.356,21.9,23.1
2025-09-22 19:00:00,0.288,0.356,21.7,23
2025-09-22 20:00:00,0.288,0.356,21.5,23
2025-09-22 21:00:00,0.288,0.357,21.4,22.9
2025-09-22 22:00:00,0.288,0.356,21.3,22.8
2025-09-22 23:00:00,0.287,0.357,21.6,22.8
2025-09-23 00:00:00,0.287,0.356,22.3,22.7
2025-09-23 01:00:00,0.286,0.356,23.2,22.7
2025-09-23 02:00:00,0.285,0.355,24.3,22.7
2025-09-23 03:00:00,0.284,0.355,25.8,22.7
2025-09-23 04:00:00,0.282,0.355,27.4,22.8
2025-09-23 05:00:00,0.28,0.354,28.6,22.9
2025-09-23 06:00:00,0.278,0.354,29.4,23
2025-09-23 07:00:00,0.276,0.353,29.4,23
2025-09-23 08:00:00,0.275,0.353,28.4,23
2025-09-23 09:00:00,0.274,0.353,27.1,23.1
2025-09-23 10:00:00,0.274,0.352,25.9,23.1
2025-09-23 11:00:00,0.273,0.352,25.1,23.1
2025-09-23 12:00:00,0.273,0.351,24.4,23
2025-09-23 13:00:00,0.272,0.351,23.8,23
2025-09-23 14:00:00,0.272,0.351,23.3,23
2025-09-23 15:00:00,0.273,0.351,22.9,22.9
2025-09-23 16:00:00,0.273,0.351,22.5,22.9
2025-09-23 17:00:00,0.273,0.351,22.2,22.8
2025-09-23 18:00:00,0.273,0.351,22,22.7
2025-09-23 19:00:00,0.273,0.351,21.8,22.7
2025-09-23 20:00:00,0.273,0.351,21.7,22.6
2025-09-23 21:00:00,0.273,0.351,21.6,22.6
2025-09-23 22:00:00,0.273,0.351,21.5,22.5
2025-09-23 23:00:00,0.273,0.351,22,22.5
2025-09-24 00:00:00,0.273,0.351,23,22.5
2025-09-24 01:00:00,0.272,0.351,24.3,22.5
2025-09-24 02:00:00,0.271,0.351,25.2,22.6
2025-09-24 03:00:00,0.27,0.351,26.1,22.7
2025-09-24 04:00:00,0.269,0.35,26.9,22.9
2025-09-24 05:00:00,0.268,0.35,27.6,23
2025-09-24 06:00:00,0.267,0.35,27.6,23.2
2025-09-24 07:00:00,0.266,0.35,27.5,23.3
2025-09-24 08:00:00,0.266,0.35,27.2,23.5
2025-09-24 09:00:00,0.266,0.349,26.6,23.6
2025-09-24 10:00:00,0.267,0.35,26,23.7
2025-09-24 11:00:00,0.267,0.35,25.5,23.7
2025-09-24 12:00:00,0.268,0.35,25.1,23.8
2025-09-24 13:00:00,0.268,0.35,24.7,23.8
2025-09-24 14:00:00,0.269,0.35,24.5,23.8
2025-09-24 15:00:00,0.269,0.35,24.3,23.7
2025-09-24 16:00:00,0.269,0.35,24.1,23.7
2025-09-24 17:00:00,0.27,0.35,23.9,23.7
2025-09-24 18:00:00,0.27,0.35,23.9,23.7
2025-09-24 19:00:00,0.27,0.351,23.8,23.6
2025-09-24 20:00:00,0.27,0.351,23.7,23.6
2025-09-24 21:00:00,0.319,0.361,23.7,23.6
2025-09-24 22:00:00,0.329,0.373,23.5,23.6
2025-09-24 23:00:00,0.328,0.374,23.6,23.5
2025-09-25 00:00:00,0.33,0.374,23.9,23.5
2025-09-25 01:00:00,0.337,0.375,24,23.5
2025-09-25 02:00:00,0.338,0.376,24.3,23.5
2025-09-25 03:00:00,0.339,0.376,24.5,23.5
2025-09-25 04:00:00,0.336,0.376,24.9,23.5
2025-09-25 05:00:00,0.333,0.376,25.4,23.5
2025-09-25 06:00:00,0.331,0.377,25.9,23.6
2025-09-25 07:00:00,0.33,0.377,26.1,23.6
2025-09-25 08:00:00,0.328,0.377,26,23.7
2025-09-25 09:00:00,0.328,0.377,25.7,23.7
2025-09-25 10:00:00,0.327,0.378,25.3,23.8
2025-09-25 11:00:00,0.327,0.378,24.9,23.8
2025-09-25 12:00:00,0.327,0.378,24.5,23.8
2025-09-25 13:00:00,0.327,0.378,24.3,23.8
2025-09-25 14:00:00,0.327,0.378,24.1,23.8
2025-09-25 15:00:00,0.326,0.379,23.9,23.7
2025-09-25 16:00:00,0.326,0.379,23.8,23.7
2025-09-25 17:00:00,0.326,0.379,23.7,23.7
2025-09-25 18:00:00,0.326,0.379,23.7,23.7
2025-09-25 19:00:00,0.326,0.379,23.6,23.6
2025-09-25 20:00:00,0.326,0.379,23.5,23.6
2025-09-25 21:00:00,0.326,0.379,23.4,23.6
2025-09-25 22:00:00,0.326,0.379,23.3,23.6
2025-09-25 23:00:00,0.325,0.379,23.7,23.5
2025-09-26 00:00:00,0.325,0.379,24.5,23.5
2025-09-26 01:00:00,0.324,0.379,25.6,23.5
2025-09-26 02:00:00,0.323,0.379,26.9,23.6
2025-09-26 03:00:00,0.322,0.379,27.7,23.7
2025-09-26 04:00:00,0.32,0.379,28.4,23.8
2025-09-26 05:00:00,0.319,0.378,29.1,23.9
2025-09-26 06:00:00,0.318,0.378,29.3,24.1
2025-09-26 07:00:00,0.318,0.378,28.9,24.2
2025-09-26 08:00:00,0.318,0.378,28.1,24.3
2025-09-26 09:00:00,0.318,0.378,27.2,24.3
2025-09-26 10:00:00,0.318,0.378,26.4,24.3
2025-09-26 11:00:00,0.318,0.378,25.8,24.3
2025-09-26 12:00:00,0.317,0.378,25.2,24.3
2025-09-26 13:00:00,0.317,0.377,24.8,24.2
2025-09-26 14:00:00,0.317,0.377,24.4,24.2
2025-09-26 15:00:00,0.317,0.377,24.1,24.1
2025-09-26 16:00:00,0.316,0.377,23.8,24
2025-09-26 17:00:00,0.316,0.377,23.6,24
2025-09-26 18:00:00,0.316,0.377,23.5,23.9
2025-09-26 19:00:00,0.316,0.377,23.3,23.8
2025-09-26 20:00:00,0.316,0.377,23.2,23.8
2025-09-26 21:00:00,0.315,0.377,23,23.7
2025-09-26 22:00:00,0.315,0.377,22.9,23.6
2025-09-26 23:00:00,0.315,0.377,23.2,23.6
2025-09-27 00:00:00,0.314,0.377,23.9,23.5
2025-09-27 01:00:00,0.314,0.377,24.6,23.5
2025-09-27 02:00:00,0.313,0.377,25.6,23.5
2025-09-27 03:00:00,0.313,0.377,26.2,23.6
2025-09-27 04:00:00,0.312,0.377,26.9,23.6
2025-09-27 05:00:00,0.312,0.377,27.2,23.7
2025-09-27 06:00:00,0.311,0.376,27,23.8
2025-09-27 07:00:00,0.311,0.376,26.6,23.9
2025-09-27 08:00:00,0.311,0.376,26.3,24
2025-09-27 09:00:00,0.311,0.376,25.9,24
2025-09-27 10:00:00,0.31,0.376,25.5,24.1
2025-09-27 11:00:00,0.31,0.376,25.1,24.1
2025-09-27 12:00:00,0.31,0.376,24.9,24.1
2025-09-27 13:00:00,0.309,0.376,24.6,24
2025-09-27 14:00:00,0.309,0.376,24.4,24
2025-09-27 15:00:00,0.309,0.376,24.2,24
2025-09-27 16:00:00,0.309,0.375,24,23.9
2025-09-27 17:00:00,0.308,0.375,23.7,23.9
2025-09-27 18:00:00,0.308,0.375,23.6,23.9
2025-09-27 19:00:00,0.308,0.375,23.4,23.8
2025-09-27 20:00:00,0.307,0.375,23.3,23.8
2025-09-27 21:00:00,0.327,0.375,23.2,23.7
2025-09-27 22:00:00,0.349,0.376,22.9,23.7
2025-09-27 23:00:00,0.345,0.376,22.9,23.6
2025-09-28 00:00:00,0.343,0.376,23.1,23.6
2025-09-28 01:00:00,0.341,0.376,23.4,23.5
2025-09-28 02:00:00,0.34,0.376,24.1,23.5
2025-09-28 03:00:00,0.338,0.376,24.8,23.5
2025-09-28 04:00:00,0.346,0.376,25,23.5
2025-09-28 05:00:00,0.35,0.376,24.7,23.5
2025-09-28 06:00:00,0.347,0.376,24.8,23.6
2025-09-28 07:00:00,0.345,0.375,25.1,23.6
2025-09-28 08:00:00,0.343,0.375,25,23.6
2025-09-28 09:00:00,0.342,0.375,24.6,23.7
2025-09-28 10:00:00,0.342,0.375,24.1,23.7
2025-09-28 11:00:00,0.341,0.375,23.7,23.7
2025-09-28 12:00:00,0.34,0.375,23.3,23.6
2025-09-28 13:00:00,0.34,0.375,23,23.6
2025-09-28 14:00:00,0.34,0.375,22.7,23.6
2025-09-28 15:00:00,0.339,0.375,22.3,23.5
2025-09-28 16:00:00,0.339,0.375,22,23.4
2025-09-28 17:00:00,0.339,0.375,21.7,23.4
2025-09-28 18:00:00,0.339,0.375,21.5,23.3
2025-09-28 19:00:00,0.338,0.375,21.4,23.2
2025-09-28 20:00:00,0.338,0.375,21.4,23.1
2025-09-28 21:00:00,0.338,0.375,21.3,23
2025-09-28 22:00:00,0.337,0.375,21.3,23
2025-09-28 23:00:00,0.337,0.374,21.5,22.9
2025-09-29 00:00:00,0.337,0.374,22.1,22.9
2025-09-29 01:00:00,0.335,0.374,23.2,22.8
2025-09-29 02:00:00,0.334,0.374,24.6,22.8
2025-09-29 03:00:00,0.333,0.374,25.9,22.9
2025-09-29 04:00:00,0.331,0.373,26.6,23
2025-09-29 05:00:00,0.33,0.373,26.8,23.1
2025-09-29 06:00:00,0.329,0.373,26.4,23.2
2025-09-29 07:00:00,0.328,0.373,26,23.3
2025-09-29 08:00:00,0.327,0.373,25.3,23.3
2025-09-29 09:00:00,0.327,0.372,24.4,23.3
2025-09-29 10:00:00,0.327,0.372,23.4,23.3
2025-09-29 11:00:00,0.327,0.372,22.6,23.3
2025-09-29 12:00:00,0.327,0.372,21.9,23.2
2025-09-29 13:00:00,0.327,0.372,21.2,23.1
2025-09-29 14:00:00,0.327,0.372,20.7,23
2025-09-29 15:00:00,0.326,0.373,20.2,22.9
2025-09-29 16:00:00,0.326,0.373,19.7,22.8
2025-09-29 17:00:00,0.326,0.373,19.4,22.7
2025-09-29 18:00:00,0.326,0.373,19,22.5
2025-09-29 19:00:00,0.326,0.373,18.7,22.4
2025-09-29 20:00:00,0.326,0.373,18.6,22.3
2025-09-29 21:00:00,0.325,0.373,18.4,22.2
2025-09-29 22:00:00,0.325,0.373,18.3,22.1
2025-09-29 23:00:00,0.325,0.374,18.6,21.9
2025-09-30 00:00:00,0.324,0.373,19.3,21.8
2025-09-30 01:00:00,0.323,0.374,20.6,21.8
2025-09-30 02:00:00,0.322,0.374,22,21.7
2025-09-30 03:00:00,0.321,0.373,23.7,21.8
2025-09-30 04:00:00,0.32,0.373,24.9,21.8
2025-09-30 05:00:00,0.32,0.373,25.1,21.9
2025-09-30 06:00:00,0.319,0.373,25.5,22
2025-09-30 07:00:00,0.319,0.373,26,22.1
2025-09-30 08:00:00,0.318,0.373,25.6,22.2
2025-09-30 09:00:00,0.318,0.373,24.6,22.3
2025-09-30 10:00:00,0.318,0.373,23.5,22.3
2025-09-30 11:00:00,0.318,0.373,22.6,22.3
2025-09-30 12:00:00,0.317,0.373,21.8,22.3
2025-09-30 13:00:00,0.317,0.373,21.1,22.3
2025-09-30 14:00:00,0.317,0.373,20.5,22.2
2025-09-30 15:00:00,0.317,0.373,19.9,22.1
2025-09-30 16:00:00,0.317,0.373,19.5,22
2025-09-30 17:00:00,0.317,0.373,19.1,21.9
2025-09-30 18:00:00,0.316,0.373,18.7,21.8
2025-09-30 19:00:00,0.316,0.373,18.4,21.7
2025-09-30 20:00:00,0.315,0.373,18.1,21.6
2025-09-30 21:00:00,0.315,0.373,17.9,21.5
2025-09-30 22:00:00,0.314,0.373,17.9,21.4
2025-09-30 23:00:00,0.314,0.373,18.3,21.3
2025-10-01 00:00:00,0.313,0.373,19.1,21.2
2025-10-01 01:00:00,0.311,0.373,20.9,21.1
2025-10-01 02:00:00,0.31,0.373,23,21.1
2025-10-01 03:00:00,0.309,0.373,24.6,21.2
2025-10-01 04:00:00,0.308,0.372,26,21.3
2025-10-01 05:00:00,0.307,0.372,27,21.4
2025-10-01 06:00:00,0.306,0.372,27.4,21.6
2025-10-01 07:00:00,0.305,0.372,27.4,21.7
2025-10-01 08:00:00,0.304,0.372,26.6,21.8
2025-10-01 09:00:00,0.303,0.371,25.3,21.9
2025-10-01 10:00:00,0.302,0.371,24,22
2025-10-01 11:00:00,0.301,0.371,23,22
2025-10-01 12:00:00,0.3,0.371,22.2,22
2025-10-01 13:00:00,0.299,0.371,21.5,22
2025-10-01 14:00:00,0.299,0.371,20.9,21.9
2025-10-01 15:00:00,0.298,0.371,20.5,21.9
2025-10-01 16:00:00,0.298,0.371,20.3,21.8
2025-10-01 17:00:00,0.297,0.371,20.1,21.7
2025-10-01 18:00:00,0.297,0.371,19.9,21.6
2025-10-01 19:00:00,0.297,0.371,19.7,21.6
2025-10-01 20:00:00,0.296,0.37,19.6,21.5
2025-10-01 21:00:00,0.296,0.37,19.5,21.4
2025-10-01 22:00:00,0.296,0.37,19.5,21.4
2025-10-01 23:00:00,0.296,0.37,19.6,21.3
2025-10-02 00:00:00,0.295,0.37,20.1,21.3
2025-10-02 01:00:00,0.294,0.37,21.1,21.2
2025-10-02 02:00:00,0.294,0.37,21.7,21.2
2025-10-02 03:00:00,0.293,0.37,23,21.3
2025-10-02 04:00:00,0.292,0.369,23.8,21.3
2025-10-02 05:00:00,0.292,0.369,23.7,21.4
2025-10-02 06:00:00,0.291,0.369,23.6,21.5
2025-10-02 07:00:00,0.291,0.368,23.6,21.6
2025-10-02 08:00:00,0.29,0.368,23.2,21.7
2025-10-02 09:00:00,0.291,0.368,22.7,21.7
2025-10-02 10:00:00,0.291,0.368,22.3,21.8
2025-10-02 11:00:00,0.291,0.369,22,21.8
2025-10-02 12:00:00,0.291,0.369,21.7,21.8
2025-10-02 13:00:00,0.311,0.372,21.3,21.8
2025-10-02 14:00:00,0.33,0.373,20.8,21.7
2025-10-02 15:00:00,0.346,0.374,20.3,21.7
2025-10-02 16:00:00,0.348,0.374,19.9,21.6
2025-10-02 17:00:00,0.349,0.375,19.5,21.6
2025-10-02 18:00:00,0.348,0.374,19.3,21.5
2025-10-02 19:00:00,0.349,0.374,19.2,21.4
2025-10-02 20:00:00,0.352,0.375,18.8,21.2
2025-10-02 21:00:00,0.352,0.375,18.6,21.1
2025-10-02 22:00:00,0.352,0.375,18.5,21.1
2025-10-02 23:00:00,0.353,0.375,18.5,21
2025-10-03 00:00:00,0.352,0.375,18.6,20.9
2025-10-03 01:00:00,0.352,0.375,18.9,20.8
2025-10-03 02:00:00,0.351,0.375,19.3,20.7
2025-10-03 03:00:00,0.348,0.375,19.9,20.7
2025-10-03 04:00:00,0.348,0.375,20,20.7
2025-10-03 05:00:00,0.351,0.375,20.1,20.7
2025-10-03 06:00:00,0.353,0.375,20,20.7
2025-10-03 07:00:00,0.353,0.375,19.9,20.8
2025-10-03 08:00:00,0.352,0.375,19.9,20.8
2025-10-03 09:00:00,0.35,0.374,19.9,20.8
2025-10-03 10:00:00,0.348,0.374,19.8,20.8
2025-10-03 11:00:00,0.347,0.374,19.8,20.8
2025-10-03 12:00:00,0.348,0.374,19.8,20.8
2025-10-03 13:00:00,0.347,0.374,19.9,20.8
2025-10-03 14:00:00,0.348,0.374,19.9,20.8
2025-10-03 15:00:00,0.347,0.374,20,20.7
2025-10-03 16:00:00,0.346,0.374,20,20.8
2025-10-03 17:00:00,0.346,0.374,20,20.8
2025-10-03 18:00:00,0.345,0.374,20,20.8
2025-10-03 19:00:00,0.345,0.373,20.1,20.8
2025-10-03 20:00:00,0.344,0.373,20.1,20.8
2025-10-03 21:00:00,0.344,0.373,20.1,20.8
2025-10-03 22:00:00,0.343,0.373,20.2,20.8
2025-10-03 23:00:00,0.343,0.373,20.4,20.8
2025-10-04 00:00:00,0.343,0.373,20.9,20.8
2025-10-04 01:00:00,0.341,0.373,21.9,20.8
2025-10-04 02:00:00,0.34,0.373,23.1,20.9
2025-10-04 03:00:00,0.338,0.373,24.2,21
2025-10-04 04:00:00,0.337,0.372,25.2,21.2
2025-10-04 05:00:00,0.336,0.372,25.6,21.4
2025-10-04 06:00:00,0.335,0.371,25.4,21.6
2025-10-04 07:00:00,0.334,0.369,25,21.8
2025-10-04 08:00:00,0.334,0.368,24.7,21.9
2025-10-04 09:00:00,0.333,0.368,24.2,22
2025-10-04 10:00:00,0.333,0.368,23.7,22.1
2025-10-04 11:00:00,0.332,0.368,23.2,22.1
2025-10-04 12:00:00,0.332,0.368,22.8,22.1
2025-10-04 13:00:00,0.332,0.368,22.6,22.1
2025-10-04 14:00:00,0.332,0.367,22.4,22.1
2025-10-04 15:00:00,0.332,0.367,22.2,22.1
2025-10-04 16:00:00,0.332,0.367,22.1,22
2025-10-04 17:00:00,0.332,0.367,22,22
2025-10-04 18:00:00,0.331,0.367,22,22
2025-10-04 19:00:00,0.331,0.367,21.9,22
2025-10-04 20:00:00,0.331,0.367,21.8,21.9
2025-10-04 21:00:00,0.331,0.367,21.8,21.9
2025-10-04 22:00:00,0.331,0.367,21.8,21.9
2025-10-04 23:00:00,0.331,0.367,22,21.9
2025-10-05 00:00:00,0.331,0.367,22.7,21.9
2025-10-05 01:00:00,0.33,0.367,23.5,21.9
2025-10-05 02:00:00,0.33,0.366,24.5,21.9
2025-10-05 03:00:00,0.329,0.365,25.9,22
2025-10-05 04:00:00,0.328,0.365,26.9,22.2
2025-10-05 05:00:00,0.328,0.365,27.1,22.4
2025-10-05 06:00:00,0.327,0.364,27.2,22.5
2025-10-05 07:00:00,0.327,0.364,27.1,22.7
2025-10-05 08:00:00,0.327,0.364,26.5,22.8
2025-10-05 09:00:00,0.327,0.364,25.6,22.9
2025-10-05 10:00:00,0.326,0.363,24.9,22.9
2025-10-05 11:00:00,0.326,0.363,24.3,22.9
2025-10-05 12:00:00,0.326,0.363,23.8,22.9
2025-10-05 13:00:00,0.326,0.363,23.4,22.8
2025-10-05 14:00:00,0.325,0.363,23,22.8
2025-10-05 15:00:00,0.325,0.363,22.8,22.7
2025-10-05 16:00:00,0.325,0.363,22.6,22.7
2025-10-05 17:00:00,0.325,0.363,22.4,22.6
2025-10-05 18:00:00,0.324,0.363,22.1,22.5
2025-10-05 19:00:00,0.324,0.363,21.9,22.5
2025-10-05 20:00:00,0.324,0.363,21.7,22.4
2025-10-05 21:00:00,0.324,0.364,21.6,22.4
2025-10-05 22:00:00,0.323,0.364,21.5,22.3
2025-10-05 23:00:00,0.323,0.364,21.8,22.2
2025-10-06 00:00:00,0.323,0.364,22.3,22.2
2025-10-06 01:00:00,0.322,0.363,22.9,22.2
2025-10-06 02:00:00,0.321,0.363,24.6,22.2
2025-10-06 03:00:00,0.32,0.363,26.1,22.2
2025-10-06 04:00:00,0.319,0.363,26.8,22.4
2025-10-06 05:00:00,0.319,0.363,27.3,22.5
2025-10-06 06:00:00,0.318,0.362,27.3,22.7
2025-10-06 07:00:00,0.318,0.362,26.7,22.9
2025-10-06 08:00:00,0.317,0.363,26.1,23
2025-10-06 09:00:00,0.317,0.363,25.6,23.1
2025-10-06 10:00:00,0.317,0.363,25,23.1
2025-10-06 11:00:00,0.316,0.363,24.6,23.2
2025-10-06 12:00:00,0.315,0.363,24.3,23.2
2025-10-06 13:00:00,0.315,0.363,24,23.2
2025-10-06 14:00:00,0.314,0.363,23.9,23.1
2025-10-06 15:00:00,0.314,0.363,23.7,23.1
2025-10-06 16:00:00,0.314,0.363,23.5,23.1
2025-10-06 17:00:00,0.313,0.363,23.4,23
2025-10-06 18:00:00,0.313,0.363,23.3,23
2025-10-06 19:00:00,0.313,0.362,23.1,22.9
2025-10-06 20:00:00,0.313,0.362,23,22.9
2025-10-06 21:00:00,0.312,0.362,23,22.9
2025-10-06 22:00:00,0.312,0.362,22.9,22.8
2025-10-06 23:00:00,0.312,0.362,22.9,22.8
2025-10-07 00:00:00,0.312,0.362,23.2,22.8
2025-10-07 01:00:00,0.312,0.362,23.9,22.8
2025-10-07 02:00:00,0.311,0.362,24.3,22.8
2025-10-07 03:00:00,0.311,0.362,24.3,22.8
2025-10-07 04:00:00,0.311,0.362,24.5,22.9
2025-10-07 05:00:00,0.311,0.362,24.7,22.9
2025-10-07 06:00:00,0.311,0.362,24.6,23
2025-10-07 07:00:00,0.31,0.362,24.5,23
2025-10-07 08:00:00,0.31,0.361,24.2,23
2025-10-07 09:00:00,0.31,0.361,23.8,23.1
2025-10-07 10:00:00,0.309,0.361,23.4,23.1
2025-10-07 11:00:00,0.309,0.361,23.1,23
2025-10-07 12:00:00,0.309,0.362,22.8,23
2025-10-07 13:00:00,0.31,0.362,22.6,23
2025-10-07 14:00:00,0.31,0.362,22.5,22.9
2025-10-07 15:00:00,0.31,0.362,22.4,22.9
2025-10-07 16:00:00,0.31,0.362,22.3,22.8
2025-10-07 17:00:00,0.31,0.362,22.2,22.8
2025-10-07 18:00:00,0.31,0.362,22.1,22.7
2025-10-07 19:00:00,0.31,0.362,22,22.7
2025-10-07 20:00:00,0.311,0.362,21.9,22.6
2025-10-07 21:00:00,0.311,0.362,21.8,22.6
2025-10-07 22:00:00,0.311,0.362,21.8,22.5
2025-10-07 23:00:00,0.311,0.362,22,22.5
2025-10-08 00:00:00,0.311,0.362,22.4,22.5
2025-10-08 01:00:00,0.311,0.362,22.9,22.5
2025-10-08 02:00:00,0.311,0.362,23.7,22.5
2025-10-08 03:00:00,0.311,0.362,24.4,22.5
2025-10-08 04:00:00,0.31,0.361,25.1,22.6
2025-10-08 05:00:00,0.31,0.361,26.2,22.7
2025-10-08 06:00:00,0.309,0.361,26.9,22.8
2025-10-08 07:00:00,0.309,0.361,27.1,22.9
2025-10-08 08:00:00,0.309,0.361,26.8,23
2025-10-08 09:00:00,0.309,0.361,25.8,23.1
2025-10-08 10:00:00,0.309,0.36,24.9,23.2
2025-10-08 11:00:00,0.309,0.36,24.3,23.2
2025-10-08 12:00:00,0.309,0.36,23.9,23.2
2025-10-08 13:00:00,0.308,0.359,23.5,23.2
2025-10-08 14:00:00,0.308,0.358,23.1,23.1
2025-10-08 15:00:00,0.308,0.358,22.8,23.1
2025-10-08 16:00:00,0.308,0.358,22.4,23
2025-10-08 17:00:00,0.308,0.358,22.1,22.9
2025-10-08 18:00:00,0.307,0.358,21.9,22.9
2025-10-08 19:00:00,0.307,0.358,21.8,22.8
2025-10-08 20:00:00,0.307,0.358,21.8,22.7
2025-10-08 21:00:00,0.307,0.358,21.7,22.6
2025-10-08 22:00:00,0.306,0.358,21.7,22.6
2025-10-08 23:00:00,0.306,0.358,21.6,22.5
2025-10-09 00:00:00,0.306,0.358,21.8,22.5
2025-10-09 01:00:00,0.305,0.358,23.2,22.5
2025-10-09 02:00:00,0.304,0.36,24.7,22.5
2025-10-09 03:00:00,0.303,0.36,26,22.6
2025-10-09 04:00:00,0.302,0.36,27.1,22.7
2025-10-09 05:00:00,0.301,0.359,27.9,22.9
2025-10-09 06:00:00,0.3,0.358,27.5,23
2025-10-09 07:00:00,0.3,0.358,26.7,23.2
2025-10-09 08:00:00,0.299,0.358,26,23.3
2025-10-09 09:00:00,0.298,0.358,25.4,23.3
2025-10-09 10:00:00,0.298,0.358,24.8,23.4
2025-10-09 11:00:00,0.297,0.358,24.2,23.4
2025-10-09 12:00:00,0.297,0.357,23.8,23.3
2025-10-09 13:00:00,0.296,0.357,23.5,23.3
2025-10-09 14:00:00,0.296,0.357,23.2,23.2
2025-10-09 15:00:00,0.296,0.357,22.9,23.2
2025-10-09 16:00:00,0.296,0.357,22.6,23.1
2025-10-09 17:00:00,0.296,0.357,22,23
2025-10-09 18:00:00,0.296,0.357,21.4,22.9
2025-10-09 19:00:00,0.296,0.357,20.9,22.8
2025-10-09 20:00:00,0.296,0.357,20.5,22.7
2025-10-09 21:00:00,0.297,0.357,20.1,22.6
2025-10-09 22:00:00,0.297,0.357,19.8,22.5
2025-10-09 23:00:00,0.296,0.357,19.8,22.3
2025-10-10 00:00:00,0.296,0.356,20.1,22.2
2025-10-10 01:00:00,0.295,0.356,21.4,22.1
2025-10-10 02:00:00,0.294,0.356,23.1,22.1
2025-10-10 03:00:00,0.293,0.356,24.8,22.2
2025-10-10 04:00:00,0.292,0.356,26.2,22.3
2025-10-10 05:00:00,0.29,0.355,27.4,22.4
2025-10-10 06:00:00,0.288,0.355,28.1,22.6
2025-10-10 07:00:00,0.287,0.355,28.2,22.7
2025-10-10 08:00:00,0.286,0.355,27.7,22.8
2025-10-10 09:00:00,0.285,0.355,26.7,22.9
2025-10-10 10:00:00,0.284,0.355,25.5,23
2025-10-10 11:00:00,0.284,0.355,24.6,23
2025-10-10 12:00:00,0.284,0.355,23.8,23
2025-10-10 13:00:00,0.283,0.355,23.1,22.9
2025-10-10 14:00:00,0.284,0.355,22.6,22.9
2025-10-10 15:00:00,0.284,0.355,22.1,22.8
2025-10-10 16:00:00,0.284,0.355,21.6,22.7
2025-10-10 17:00:00,0.284,0.355,21.2,22.7
2025-10-10 18:00:00,0.284,0.355,20.9,22.6
2025-10-10 19:00:00,0.284,0.355,20.5,22.5
2025-10-10 20:00:00,0.285,0.355,20.2,22.4
2025-10-10 21:00:00,0.285,0.356,19.9,22.3
2025-10-10 22:00:00,0.285,0.356,19.6,22.2
2025-10-10 23:00:00,0.285,0.356,19.7,22.1
2025-10-11 00:00:00,0.284,0.356,20.1,22.1
2025-10-11 01:00:00,0.283,0.356,21.6,22
2025-10-11 02:00:00,0.282,0.356,23.6,22
2025-10-11 03:00:00,0.282,0.356,25.5,22
2025-10-11 04:00:00,0.28,0.356,27,22.1
2025-10-11 05:00:00,0.279,0.356,28,22.2
2025-10-11 06:00:00,0.277,0.355,28.4,22.4
2025-10-11 07:00:00,0.276,0.355,28.3,22.6
2025-10-11 08:00:00,0.276,0.355,27.6,22.7
2025-10-11 09:00:00,0.275,0.354,26.4,22.9
2025-10-11 10:00:00,0.275,0.354,25.3,23
2025-10-11 11:00:00,0.274,0.354,24.3,23
2025-10-11 12:00:00,0.274,0.354,23.6,23
2025-10-11 13:00:00,0.274,0.354,23,23
2025-10-11 14:00:00,0.275,0.354,22.6,22.9
2025-10-11 15:00:00,0.275,0.354,22.2,22.9
2025-10-11 16:00:00,0.275,0.354,21.9,22.8
2025-10-11 17:00:00,0.275,0.354,21.7,22.8
2025-10-11 18:00:00,0.275,0.354,21.7,22.7
2025-10-11 19:00:00,0.275,0.354,21.7,22.6
2025-10-11 20:00:00,0.275,0.354,21.7,22.6
2025-10-11 21:00:00,0.275,0.354,21.7,22.5
2025-10-11 22:00:00,0.275,0.354,21.8,22.5
2025-10-11 23:00:00,0.275,0.354,21.9,22.5
2025-10-12 00:00:00,0.275,0.354,22.2,22.4
2025-10-12 01:00:00,0.275,0.354,22.9,22.4
2025-10-12 02:00:00,0.275,0.354,23.7,22.4
2025-10-12 03:00:00,0.274,0.355,24.5,22.5
2025-10-12 04:00:00,0.274,0.355,25.6,22.5
2025-10-12 05:00:00,0.273,0.354,25.8,22.6
2025-10-12 06:00:00,0.273,0.354,25.9,22.7
2025-10-12 07:00:00,0.273,0.354,25.7,22.8
2025-10-12 08:00:00,0.272,0.354,25.2,22.9
2025-10-12 09:00:00,0.272,0.354,24.5,23
2025-10-12 10:00:00,0.272,0.354,23.8,23.1
2025-10-12 11:00:00,0.272,0.354,23.1,23.1
2025-10-12 12:00:00,0.272,0.353,22.5,23.1
2025-10-12 13:00:00,0.273,0.353,22,23
2025-10-12 14:00:00,0.273,0.353,21.5,23
2025-10-12 15:00:00,0.273,0.353,21.1,22.9
2025-10-12 16:00:00,0.273,0.353,20.8,22.8
2025-10-12 17:00:00,0.273,0.353,20.5,22.7
2025-10-12 18:00:00,0.274,0.353,20.3,22.6
2025-10-12 19:00:00,0.274,0.354,20.3,22.6
2025-10-12 20:00:00,0.274,0.353,20.2,22.5
2025-10-12 21:00:00,0.274,0.353,20.1,22.4
2025-10-12 22:00:00,0.274,0.354,20.2,22.3
2025-10-12 23:00:00,0.274,0.354,20.4,22.3
2025-10-13 00:00:00,0.274,0.354,21,22.2
2025-10-13 01:00:00,0.273,0.354,22.3,22.2
2025-10-13 02:00:00,0.272,0.354,23.8,22.2
2025-10-13 03:00:00,0.272,0.354,24.6,22.2
2025-10-13 04:00:00,0.271,0.354,25,22.3
2025-10-13 05:00:00,0.271,0.354,25.4,22.4
2025-10-13 06:00:00,0.27,0.354,25.6,22.5
2025-10-13 07:00:00,0.27,0.354,25.5,22.7
2025-10-13 08:00:00,0.269,0.353,25.1,22.8
2025-10-13 09:00:00,0.269,0.353,24.7,22.9
2025-10-13 10:00:00,0.269,0.353,24.3,23
2025-10-13 11:00:00,0.269,0.353,24,23
2025-10-13 12:00:00,0.269,0.353,23.7,23.1
2025-10-13 13:00:00,0.27,0.353,23.5,23.1
2025-10-13 14:00:00,0.27,0.353,23.3,23.1
2025-10-13 15:00:00,0.27,0.353,23.1,23
2025-10-13 16:00:00,0.27,0.354,23,23
2025-10-13 17:00:00,0.273,0.356,22.9,23
2025-10-13 18:00:00,0.276,0.361,22.6,23
2025-10-13 19:00:00,0.313,0.366,22.4,22.9
2025-10-13 20:00:00,0.343,0.376,22,22.9
2025-10-13 21:00:00,0.336,0.377,21.9,22.8
2025-10-13 22:00:00,0.335,0.377,21.8,22.8
2025-10-13 23:00:00,0.333,0.377,21.9,22.7
2025-10-14 00:00:00,0.332,0.378,22.1,22.7
2025-10-14 01:00:00,0.331,0.378,22.4,22.6
2025-10-14 02:00:00,0.33,0.378,22.7,22.6
2025-10-14 03:00:00,0.329,0.378,23.5,22.6
2025-10-14 04:00:00,0.327,0.379,24.1,22.7
2025-10-14 05:00:00,0.326,0.379,24.5,22.8
2025-10-14 06:00:00,0.324,0.379,25,22.9
2025-10-14 07:00:00,0.323,0.379,24.7,23
2025-10-14 08:00:00,0.323,0.379,24.1,23.1
2025-10-14 09:00:00,0.322,0.379,23.3,23.2
2025-10-14 10:00:00,0.322,0.379,22.6,23.2
2025-10-14 11:00:00,0.321,0.379,22.1,23.1
2025-10-14 12:00:00,0.321,0.38,21.7,23
2025-10-14 13:00:00,0.32,0.38,21.5,22.9
2025-10-14 14:00:00,0.32,0.38,21.1,22.8
2025-10-14 15:00:00,0.32,0.38,20.9,22.7
2025-10-14 16:00:00,0.32,0.38,20.6,22.6
2025-10-14 17:00:00,0.32,0.38,20.3,22.5
2025-10-14 18:00:00,0.319,0.38,20,22.4
2025-10-14 19:00:00,0.319,0.38,19.9,22.3
2025-10-14 20:00:00,0.319,0.38,19.9,22.2
2025-10-14 21:00:00,0.319,0.381,19.8,22.1
2025-10-14 22:00:00,0.318,0.381,19.8,22.1
2025-10-14 23:00:00,0.318,0.381,19.9,22
2025-10-15 00:00:00,0.318,0.381,20.3,21.9
2025-10-15 01:00:00,0.317,0.381,20.8,21.9
2025-10-15 02:00:00,0.323,0.381,21.1,21.9
2025-10-15 03:00:00,0.335,0.381,21.3,21.9
2025-10-15 04:00:00,0.335,0.381,21.5,21.9
2025-10-15 05:00:00,0.334,0.381,21.7,21.9
2025-10-15 06:00:00,0.333,0.381,21.9,21.9
2025-10-15 07:00:00,0.331,0.381,21.9,22
2025-10-15 08:00:00,0.331,0.381,21.9,22
2025-10-15 09:00:00,0.33,0.381,21.7,22
2025-10-15 10:00:00,0.329,0.381,21.4,22
2025-10-15 11:00:00,0.329,0.381,21.2,22
2025-10-15 12:00:00,0.328,0.38,20.9,22
2025-10-15 13:00:00,0.328,0.38,20.7,22
2025-10-15 14:00:00,0.327,0.38,20.6,21.9
2025-10-15 15:00:00,0.327,0.38,20.5,21.9
2025-10-15 16:00:00,0.327,0.38,20.5,21.8
2025-10-15 17:00:00,0.327,0.38,20.5,21.8
2025-10-15 18:00:00,0.352,0.381,20.6,21.7
2025-10-15 19:00:00,0.352,0.381,20.5,21.7
2025-10-15 20:00:00,0.353,0.381,20.5,21.7
2025-10-15 21:00:00,0.35,0.381,20.5,21.7
2025-10-15 22:00:00,0.347,0.381,20.4,21.6
2025-10-15 23:00:00,0.346,0.381,20.5,21.6
2025-10-16 00:00:00,0.345,0.381,21.1,21.6
2025-10-16 01:00:00,0.343,0.381,21.6,21.6
2025-10-16 02:00:00,0.342,0.381,22.1,21.6
2025-10-16 03:00:00,0.34,0.381,23.1,21.7
2025-10-16 04:00:00,0.338,0.381,23.6,21.8
2025-10-16 05:00:00,0.337,0.381,23.6,21.9
2025-10-16 06:00:00,0.335,0.38,24,22.1
2025-10-16 07:00:00,0.334,0.38,24,22.2
2025-10-16 08:00:00,0.334,0.38,23.6,22.3
2025-10-16 09:00:00,0.333,0.38,22.9,22.4
2025-10-16 10:00:00,0.333,0.38,22.1,22.4
2025-10-16 11:00:00,0.333,0.38,21.4,22.4
2025-10-16 12:00:00,0.332,0.38,20.9,22.3
2025-10-16 13:00:00,0.332,0.38,20.5,22.2
2025-10-16 14:00:00,0.332,0.38,20.2,22.1
2025-10-16 15:00:00,0.332,0.38,19.8,22
2025-10-16 16:00:00,0.332,0.38,19.4,21.9
2025-10-16 17:00:00,0.332,0.38,19.1,21.8
2025-10-16 18:00:00,0.332,0.38,18.8,21.7
2025-10-16 19:00:00,0.332,0.38,18.6,21.5
2025-10-16 20:00:00,0.332,0.38,18.4,21.4
2025-10-16 21:00:00,0.332,0.38,18.2,21.3
2025-10-16 22:00:00,0.332,0.381,18.3,21.2
2025-10-16 23:00:00,0.331,0.381,18.5,21.1
2025-10-17 00:00:00,0.331,0.381,18.9,21
2025-10-17 01:00:00,0.33,0.381,19.8,21
2025-10-17 02:00:00,0.329,0.381,20.8,20.9
2025-10-17 03:00:00,0.328,0.38,21.8,21
2025-10-17 04:00:00,0.328,0.38,22.6,21.1
2025-10-17 05:00:00,0.327,0.38,23.2,21.2
2025-10-17 06:00:00,0.327,0.38,23.5,21.4
2025-10-17 07:00:00,0.326,0.38,23.2,21.5
2025-10-17 08:00:00,0.336,0.38,22.6,21.7
2025-10-17 09:00:00,0.346,0.38,22.1,21.8
2025-10-17 10:00:00,0.345,0.38,21.7,21.8
2025-10-17 11:00:00,0.345,0.38,21.4,21.8
2025-10-17 12:00:00,0.345,0.38,21.1,21.8
2025-10-17 13:00:00,0.344,0.38,20.9,21.7
2025-10-17 14:00:00,0.344,0.38,20.8,21.7
2025-10-17 15:00:00,0.343,0.379,20.7,21.6
2025-10-17 16:00:00,0.343,0.379,20.7,21.6
2025-10-17 17:00:00,0.343,0.379,20.7,21.5
2025-10-17 18:00:00,0.343,0.379,20.7,21.5
2025-10-17 19:00:00,0.342,0.379,20.7,21.5
2025-10-17 20:00:00,0.342,0.379,20.7,21.5
2025-10-17 21:00:00,0.344,0.379,20.7,21.4
2025-10-17 22:00:00,0.345,0.379,20.6,21.4
2025-10-17 23:00:00,0.346,0.379,20.4,21.4
2025-10-18 00:00:00,0.348,0.38,20.3,21.4
2025-10-18 01:00:00,0.348,0.38,20.4,21.4
2025-10-18 02:00:00,0.347,0.38,20.5,21.3
2025-10-18 03:00:00,0.346,0.38,20.8,21.3
2025-10-18 04:00:00,0.345,0.379,20.8,21.3
2025-10-18 05:00:00,0.344,0.379,20.7,21.3
2025-10-18 06:00:00,0.343,0.379,20.7,21.3
2025-10-18 07:00:00,0.342,0.379,20.5,21.3
2025-10-18 08:00:00,0.341,0.379,20.1,21.3
2025-10-18 09:00:00,0.341,0.379,19.7,21.3
2025-10-18 10:00:00,0.341,0.379,19.3,21.3
2025-10-18 11:00:00,0.341,0.379,18.9,21.2
2025-10-18 12:00:00,0.34,0.379,18.6,21.1
2025-10-18 13:00:00,0.34,0.379,18.4,21
2025-10-18 14:00:00,0.34,0.379,18.3,20.9
2025-10-18 15:00:00,0.34,0.379,18.1,20.8
2025-10-18 16:00:00,0.34,0.379,18,20.7
2025-10-18 17:00:00,0.34,0.38,17.8,20.7
2025-10-18 18:00:00,0.34,0.38,17.7,20.6
2025-10-18 19:00:00,0.34,0.38,17.5,20.5
2025-10-18 20:00:00,0.339,0.38,17.5,20.4
2025-10-18 21:00:00,0.339,0.38,17.5,20.3
2025-10-18 22:00:00,0.339,0.38,17.4,20.3
2025-10-18 23:00:00,0.339,0.38,17.6,20.2
2025-10-19 00:00:00,0.338,0.38,18.1,20.1
2025-10-19 01:00:00,0.338,0.38,18.9,20.1
2025-10-19 02:00:00,0.337,0.38,19.9,20.1
2025-10-19 03:00:00,0.336,0.38,21.1,20.2
2025-10-19 04:00:00,0.335,0.38,21.9,20.3
2025-10-19 05:00:00,0.334,0.379,22,20.5
2025-10-19 06:00:00,0.333,0.379,21.8,20.6
2025-10-19 07:00:00,0.333,0.379,21.3,20.8
2025-10-19 08:00:00,0.333,0.379,20.6,20.9
2025-10-19 09:00:00,0.333,0.379,20,20.9
2025-10-19 10:00:00,0.333,0.379,19.4,20.9
2025-10-19 11:00:00,0.333,0.379,18.8,20.9
2025-10-19 12:00:00,0.333,0.379,18.3,20.8
2025-10-19 13:00:00,0.333,0.379,17.8,20.7
2025-10-19 14:00:00,0.333,0.379,17.2,20.6
2025-10-19 15:00:00,0.333,0.379,16.7,20.5
2025-10-19 16:00:00,0.333,0.379,16.3,20.3
2025-10-19 17:00:00,0.333,0.379,15.9,20.2
2025-10-19 18:00:00,0.333,0.379,15.5,20
2025-10-19 19:00:00,0.333,0.379,15.1,19.9
2025-10-19 20:00:00,0.333,0.379,14.6,19.7
2025-10-19 21:00:00,0.333,0.38,14.2,19.5
2025-10-19 22:00:00,0.333,0.38,13.7,19.4
2025-10-19 23:00:00,0.333,0.38,13.4,19.2
2025-10-20 00:00:00,0.333,0.38,13.3,19
2025-10-20 01:00:00,0.332,0.38,14.1,18.9
2025-10-20 02:00:00,0.331,0.38,15.7,18.8
2025-10-20 03:00:00,0.33,0.38,17.2,18.8
2025-10-20 04:00:00,0.329,0.38,18.4,18.9
2025-10-20 05:00:00,0.328,0.38,19.2,19
2025-10-20 06:00:00,0.327,0.379,19.4,19.2
2025-10-20 07:00:00,0.327,0.379,19.2,19.4
2025-10-20 08:00:00,0.327,0.379,18.6,19.5
2025-10-20 09:00:00,0.327,0.379,17.6,19.6
2025-10-20 10:00:00,0.327,0.379,16.6,19.5
2025-10-20 11:00:00,0.327,0.379,16,19.5
2025-10-20 12:00:00,0.327,0.377,15.3,19.3
2025-10-20 13:00:00,0.327,0.376,14.8,19.2
2025-10-20 14:00:00,0.326,0.376,14.4,19.1
2025-10-20 15:00:00,0.326,0.376,14.1,18.9
2025-10-20 16:00:00,0.325,0.376,13.8,18.8
2025-10-20 17:00:00,0.325,0.376,13.7,18.6
2025-10-20 18:00:00,0.324,0.376,13.6,18.5
2025-10-20 19:00:00,0.324,0.376,13.6,18.4
2025-10-20 20:00:00,0.324,0.376,13.6,18.3
2025-10-20 21:00:00,0.323,0.376,13.5,18.2
2025-10-20 22:00:00,0.323,0.376,13.5,18.1
2025-10-20 23:00:00,0.322,0.376,13.6,18
2025-10-21 00:00:00,0.322,0.376,13.9,17.9
2025-10-21 01:00:00,0.321,0.376,14.7,17.9
2025-10-21 02:00:00,0.32,0.376,15.5,17.9
2025-10-21 03:00:00,0.319,0.375,16,17.9
2025-10-21 04:00:00,0.319,0.375,16.4,18
2025-10-21 05:00:00,0.318,0.375,17,18
2025-10-21 06:00:00,0.317,0.375,17.3,18.1
2025-10-21 07:00:00,0.317,0.375,17.3,18.3
2025-10-21 08:00:00,0.316,0.374,16.8,18.3
2025-10-21 09:00:00,0.316,0.374,16.2,18.4
2025-10-21 10:00:00,0.316,0.374,15.7,18.4
2025-10-21 11:00:00,0.315,0.374,15.2,18.4
2025-10-21 12:00:00,0.315,0.374,14.8,18.3
2025-10-21 13:00:00,0.314,0.374,14.4,18.3
2025-10-21 14:00:00,0.314,0.374,13.9,18.2
2025-10-21 15:00:00,0.314,0.374,13.5,18.1
2025-10-21 16:00:00,0.314,0.374,13.1,18
2025-10-21 17:00:00,0.313,0.374,12.7,17.8
2025-10-21 18:00:00,0.313,0.374,12.3,17.7
2025-10-21 19:00:00,0.313,0.374,11.8,17.6
2025-10-21 20:00:00,0.313,0.374,11.4,17.4
2025-10-21 21:00:00,0.313,0.374,11,17.3
2025-10-21 22:00:00,0.313,0.374,10.7,17.1
2025-10-21 23:00:00,0.313,0.374,10.7,17
2025-10-22 00:00:00,0.312,0.374,11.1,16.8
2025-10-22 01:00:00,0.311,0.375,12.4,16.7
2025-10-22 02:00:00,0.309,0.375,14.6,16.7
2025-10-22 03:00:00,0.308,0.374,16.7,16.8
2025-10-22 04:00:00,0.306,0.374,18.4,17
2025-10-22 05:00:00,0.305,0.374,19.6,17.3
2025-10-22 06:00:00,0.304,0.374,20.1,17.6
2025-10-22 07:00:00,0.303,0.373,19.9,17.9
2025-10-22 08:00:00,0.303,0.373,19.2,18.2
2025-10-22 09:00:00,0.303,0.373,18.3,18.3
2025-10-22 10:00:00,0.302,0.372,17.6,18.4
2025-10-22 11:00:00,0.301,0.372,17.1,18.4
2025-10-22 12:00:00,0.301,0.372,16.7,18.4
2025-10-22 13:00:00,0.3,0.372,16.4,18.4
2025-10-22 14:00:00,0.3,0.364,15.8,18.3
2025-10-22 15:00:00,0.3,0.36,15.3,18.3
2025-10-22 16:00:00,0.3,0.36,14.8,18.2
2025-10-22 17:00:00,0.3,0.36,14.3,18.1
2025-10-22 18:00:00,0.3,0.36,13.9,18
2025-10-22 19:00:00,0.3,0.36,13.6,17.9
2025-10-22 20:00:00,0.3,0.36,13.2,17.8
2025-10-22 21:00:00,0.3,0.36,13,17.6
2025-10-22 22:00:00,0.3,0.36,12.8,17.5
2025-10-22 23:00:00,0.3,0.36,13.1,17.4
2025-10-23 00:00:00,0.299,0.36,13.4,17.3
2025-10-23 01:00:00,0.298,0.36,14.9,17.2
2025-10-23 02:00:00,0.297,0.36,17.1,17.3
2025-10-23 03:00:00,0.296,0.36,18.9,17.4
2025-10-23 04:00:00,0.294,0.359,20.2,17.6
2025-10-23 05:00:00,0.293,0.359,21,17.9
2025-10-23 06:00:00,0.292,0.359,21.4,18.3
2025-10-23 07:00:00,0.292,0.358,20.9,18.5
2025-10-23 08:00:00,0.291,0.356,20.2,18.8
2025-10-23 09:00:00,0.29,0.356,19.1,18.9
2025-10-23 10:00:00,0.29,0.355,18.1,18.9
2025-10-23 11:00:00,0.289,0.355,17.2,18.9
2025-10-23 12:00:00,0.289,0.355,16.5,18.8
2025-10-23 13:00:00,0.289,0.355,15.9,18.7
2025-10-23 14:00:00,0.29,0.355,15.3,18.6
2025-10-23 15:00:00,0.29,0.355,14.9,18.5
2025-10-23 16:00:00,0.29,0.356,14.4,18.4
2025-10-23 17:00:00,0.29,0.357,14,18.2
2025-10-23 18:00:00,0.29,0.358,13.7,18.1
2025-10-23 19:00:00,0.29,0.358,13.4,17.9
2025-10-23 20:00:00,0.29,0.358,13.2,17.8
2025-10-23 21:00:00,0.29,0.359,12.9,17.7
2025-10-23 22:00:00,0.29,0.359,12.8,17.6
2025-10-23 23:00:00,0.29,0.359,13,17.4
2025-10-24 00:00:00,0.29,0.359,13.7,17.3
2025-10-24 01:00:00,0.29,0.359,15.2,17.3
2025-10-24 02:00:00,0.289,0.359,17.1,17.3
2025-10-24 03:00:00,0.288,0.359,19.1,17.4
2025-10-24 04:00:00,0.287,0.359,20.7,17.6
2025-10-24 05:00:00,0.286,0.359,21.7,17.8
2025-10-24 06:00:00,0.285,0.358,22,18.1
2025-10-24 07:00:00,0.284,0.358,21.6,18.3
2025-10-24 08:00:00,0.283,0.358,20.7,18.5
2025-10-24 09:00:00,0.283,0.357,19.6,18.7
2025-10-24 10:00:00,0.283,0.357,18.5,18.8
2025-10-24 11:00:00,0.283,0.357,17.8,18.8
2025-10-24 12:00:00,0.284,0.357,17.2,18.8
2025-10-24 13:00:00,0.284,0.357,16.6,18.7
2025-10-24 14:00:00,0.284,0.357,16.1,18.6
2025-10-24 15:00:00,0.284,0.357,15.7,18.6
2025-10-24 16:00:00,0.284,0.357,15.5,18.5
2025-10-24 17:00:00,0.285,0.357,15.3,18.4
2025-10-24 18:00:00,0.285,0.357,15.1,18.3
2025-10-24 19:00:00,0.285,0.357,15,18.2
2025-10-24 20:00:00,0.285,0.357,14.8,18.1
2025-10-24 21:00:00,0.285,0.357,14.6,18
2025-10-24 22:00:00,0.285,0.357,14.6,18
2025-10-24 23:00:00,0.285,0.357,14.8,17.9
2025-10-25 00:00:00,0.285,0.357,15.4,17.8
2025-10-25 01:00:00,0.284,0.357,16.4,17.8
2025-10-25 02:00:00,0.284,0.357,17.2,17.8
2025-10-25 03:00:00,0.283,0.357,18.5,17.8
2025-10-25 04:00:00,0.282,0.357,19.6,17.9
2025-10-25 05:00:00,0.281,0.357,20.1,18
2025-10-25 06:00:00,0.28,0.357,20.6,18.2
2025-10-25 07:00:00,0.279,0.357,20.5,18.4
2025-10-25 08:00:00,0.279,0.357,19.6,18.5
2025-10-25 09:00:00,0.279,0.356,18.4,18.6
2025-10-25 10:00:00,0.279,0.356,17.3,18.6
2025-10-25 11:00:00,0.279,0.356,16.5,18.6
2025-10-25 12:00:00,0.279,0.356,15.9,18.5
2025-10-25 13:00:00,0.279,0.356,15.4,18.4
2025-10-25 14:00:00,0.28,0.356,15,18.3
2025-10-25 15:00:00,0.28,0.356,14.6,18.2
2025-10-25 16:00:00,0.28,0.356,14.4,18.1
2025-10-25 17:00:00,0.28,0.356,14.4,18
2025-10-25 18:00:00,0.28,0.355,14.3,17.9
2025-10-25 19:00:00,0.28,0.355,14.2,17.8
2025-10-25 20:00:00,0.28,0.355,14.1,17.7
2025-10-25 21:00:00,0.28,0.355,14,17.6
2025-10-25 22:00:00,0.28,0.355,13.9,17.6
2025-10-25 23:00:00,0.28,0.356,14.1,17.5
2025-10-26 00:00:00,0.28,0.356,14.5,17.4
2025-10-26 01:00:00,0.279,0.356,15.5,17.4
2025-10-26 02:00:00,0.279,0.356,16.8,17.4
2025-10-26 03:00:00,0.278,0.356,18.2,17.5
2025-10-26 04:00:00,0.276,0.355,19,17.6
2025-10-26 05:00:00,0.276,0.355,18.3,17.7
2025-10-26 06:00:00,0.276,0.355,17.8,17.9
2025-10-26 07:00:00,0.276,0.355,17.8,17.9
2025-10-26 08:00:00,0.277,0.355,17.4,18
2025-10-26 09:00:00,0.277,0.355,16.6,18
2025-10-26 10:00:00,0.277,0.355,16,18
2025-10-26 11:00:00,0.278,0.355,15.5,18
2025-10-26 12:00:00,0.278,0.355,15,18
2025-10-26 13:00:00,0.279,0.355,14.4,17.9
2025-10-26 14:00:00,0.279,0.355,13.8,17.8
2025-10-26 15:00:00,0.28,0.355,13.4,17.7
2025-10-26 16:00:00,0.28,0.355,13.3,17.6
2025-10-26 17:00:00,0.28,0.355,13.4,17.5
2025-10-26 18:00:00,0.28,0.355,13.4,17.4
2025-10-26 19:00:00,0.28,0.355,13,17.3
2025-10-26 20:00:00,0.281,0.355,12.6,17.2
2025-10-26 21:00:00,0.281,0.355,12.1,17.1
2025-10-26 22:00:00,0.281,0.355,11.6,17
2025-10-26 23:00:00,0.281,0.355,11.4,16.9
2025-10-27 00:00:00,0.281,0.355,11.5,16.8
2025-10-27 01:00:00,0.281,0.355,12.2,16.7
2025-10-27 02:00:00,0.28,0.355,13.6,16.6
2025-10-27 03:00:00,0.278,0.355,15,16.6
2025-10-27 04:00:00,0.277,0.355,16.2,16.6
2025-10-27 05:00:00,0.276,0.355,16.9,16.7
2025-10-27 06:00:00,0.275,0.354,17,16.8
2025-10-27 07:00:00,0.275,0.354,16.5,16.9
2025-10-27 08:00:00,0.274,0.354,15.9,17
2025-10-27 09:00:00,0.274,0.354,14.8,17
2025-10-27 10:00:00,0.275,0.354,13.9,16.9
2025-10-27 11:00:00,0.275,0.354,13.4,16.9
2025-10-27 12:00:00,0.275,0.354,13.1,16.8
2025-10-27 13:00:00,0.275,0.354,12.6,16.7
2025-10-27 14:00:00,0.276,0.354,12.1,16.6
2025-10-27 15:00:00,0.276,0.354,11.6,16.5
2025-10-27 16:00:00,0.276,0.354,11,16.4
2025-10-27 17:00:00,0.277,0.354,10.5,16.3
2025-10-27 18:00:00,0.277,0.354,10,16.1
2025-10-27 19:00:00,0.277,0.354,9.8,16
2025-10-27 20:00:00,0.278,0.354,9.7,15.9
2025-10-27 21:00:00,0.278,0.354,9.5,15.7
2025-10-27 22:00:00,0.278,0.354,9.2,15.6
2025-10-27 23:00:00,0.263,0.354,9,15.5
2025-10-28 00:00:00,0.245,0.355,9.6,15.4
2025-10-28 01:00:00,0.244,0.355,11,15.3
2025-10-28 02:00:00,0.243,0.355,12.8,15.3
2025-10-28 03:00:00,0.243,0.355,14.3,15.3
2025-10-28 04:00:00,0.243,0.355,15.6,15.5
2025-10-28 05:00:00,0.243,0.354,16.6,15.6
2025-10-28 06:00:00,0.243,0.354,17,15.8
2025-10-28 07:00:00,0.243,0.354,16.8,16
2025-10-28 08:00:00,0.243,0.354,15.9,16.1
2025-10-28 09:00:00,0.243,0.353,14.6,16.1
2025-10-28 10:00:00,0.243,0.353,13.4,16
2025-10-28 11:00:00,0.243,0.353,12.5,16
2025-10-28 12:00:00,0.244,0.353,11.7,15.8
2025-10-28 13:00:00,0.244,0.353,11,15.7
2025-10-28 14:00:00,0.244,0.353,10.4,15.5
2025-10-28 15:00:00,0.244,0.353,9.9,15.3
2025-10-28 16:00:00,0.244,0.353,9.4,15.1
2025-10-28 17:00:00,0.244,0.353,9,15
2025-10-28 18:00:00,0.244,0.353,8.7,14.8
2025-10-28 19:00:00,0.244,0.353,8.3,14.6
2025-10-28 20:00:00,0.244,0.353,8,14.4
2025-10-28 21:00:00,0.244,0.353,7.7,14.3
2025-10-28 22:00:00,0.244,0.353,7.5,14.1
2025-10-28 23:00:00,0.244,0.353,7.5,14
2025-10-29 00:00:00,0.244,0.354,7.9,13.8
2025-10-29 01:00:00,0.244,0.354,9.7,13.7
2025-10-29 02:00:00,0.243,0.354,12.3,13.7
2025-10-29 03:00:00,0.243,0.353,14.6,13.9
2025-10-29 04:00:00,0.243,0.353,16.4,14.2
2025-10-29 05:00:00,0.243,0.353,17.7,14.5
2025-10-29 06:00:00,0.244,0.353,18.2,14.8
2025-10-29 07:00:00,0.244,0.352,18.1,15.1
2025-10-29 08:00:00,0.244,0.352,17.1,15.3
2025-10-29 09:00:00,0.244,0.352,15.6,15.5
2025-10-29 10:00:00,0.244,0.352,14.4,15.5
2025-10-29 11:00:00,0.243,0.352,13.3,15.5
2025-10-29 12:00:00,0.244,0.351,12.5,15.4
2025-10-29 13:00:00,0.244,0.351,11.8,15.3
2025-10-29 14:00:00,0.244,0.351,11.2,15.2
2025-10-29 15:00:00,0.244,0.351,10.6,15
2025-10-29 16:00:00,0.244,0.352,10.2,14.9
2025-10-29 17:00:00,0.244,0.352,9.7,14.7
2025-10-29 18:00:00,0.244,0.351,9.3,14.6
2025-10-29 19:00:00,0.244,0.351,9,14.4
2025-10-29 20:00:00,0.244,0.351,8.7,14.2
2025-10-29 21:00:00,0.244,0.351,8.4,14.1
2025-10-29 22:00:00,0.244,0.351,8.1,14
2025-10-29 23:00:00,0.244,0.352,8.1,13.8
2025-10-30 00:00:00,0.244,0.352,8.6,13.7
2025-10-30 01:00:00,0.243,0.352,10.3,13.6
2025-10-30 02:00:00,0.243,0.352,12.5,13.6
2025-10-30 03:00:00,0.243,0.352,14.1,13.8
2025-10-30 04:00:00,0.243,0.351,15.4,14
2025-10-30 05:00:00,0.243,0.351,16,14.3
2025-10-30 06:00:00,0.243,0.351,16.1,14.5
2025-10-30 07:00:00,0.243,0.351,16,14.8
2025-10-30 08:00:00,0.243,0.35,15.4,15
2025-10-30 09:00:00,0.243,0.35,14.6,15.1
2025-10-30 10:00:00,0.243,0.35,13.9,15.2
2025-10-30 11:00:00,0.243,0.35,13.3,15.2
2025-10-30 12:00:00,0.243,0.35,12.8,15.2
2025-10-30 13:00:00,0.243,0.35,12.5,15.2
2025-10-30 14:00:00,0.243,0.35,12.2,15.1
2025-10-30 15:00:00,0.243,0.35,11.9,15
2025-10-30 16:00:00,0.243,0.35,11.4,14.9
2025-10-30 17:00:00,0.243,0.35,10.9,14.9
2025-10-30 18:00:00,0.243,0.35,10.6,14.7
2025-10-30 19:00:00,0.243,0.35,10.3,14.6
2025-10-30 20:00:00,0.243,0.35,9.9,14.5
2025-10-30 21:00:00,0.243,0.35,9.5,14.4
2025-10-30 22:00:00,0.243,0.35,9.2,14.3
2025-10-30 23:00:00,0.243,0.35,9.1,14.1
2025-10-31 00:00:00,0.243,0.35,9.4,14
2025-10-31 01:00:00,0.242,0.35,11.2,13.9
2025-10-31 02:00:00,0.242,0.35,13.7,14
2025-10-31 03:00:00,0.242,0.35,16,14.1
2025-10-31 04:00:00,0.242,0.35,17.6,14.4
2025-10-31 05:00:00,0.243,0.349,18.6,14.8
2025-10-31 06:00:00,0.243,0.349,18.8,15.1
2025-10-31 07:00:00,0.243,0.349,18.4,15.4
2025-10-31 08:00:00,0.243,0.349,17.4,15.6
2025-10-31 09:00:00,0.243,0.348,16.1,15.7
2025-10-31 10:00:00,0.243,0.348,15.3,15.8
2025-10-31 11:00:00,0.242,0.348,14.8,15.7
2025-10-31 12:00:00,0.242,0.348,14.5,15.7
2025-10-31 13:00:00,0.242,0.348,14.2,15.6
2025-10-31 14:00:00,0.242,0.348,14,15.6
2025-10-31 15:00:00,0.242,0.348,13.9,15.5
2025-10-31 16:00:00,0.242,0.348,13.7,15.5
2025-10-31 17:00:00,0.242,0.348,13.5,15.4
2025-10-31 18:00:00,0.269,0.36,13.4,15.4
2025-10-31 19:00:00,0.319,0.381,13.2,15.3
2025-10-31 20:00:00,0.316,0.382,12.8,15.2
2025-10-31 21:00:00,0.315,0.382,12.2,15.1
2025-10-31 22:00:00,0.314,0.382,11.7,15
2025-10-31 23:00:00,0.313,0.382,11.6,14.9
2025-11-01 00:00:00,0.311,0.381,12,14.8
2025-11-01 01:00:00,0.308,0.382,13.2,14.8
2025-11-01 02:00:00,0.304,0.382,14.8,14.8
2025-11-01 03:00:00,0.299,0.381,16,14.9
2025-11-01 04:00:00,0.295,0.38,16.6,15.1
2025-11-01 05:00:00,0.293,0.38,16.9,15.4
2025-11-01 06:00:00,0.29,0.38,16.8,15.6
2025-11-01 07:00:00,0.289,0.379,16.2,15.8
2025-11-01 08:00:00,0.287,0.379,15.6,15.9
2025-11-01 09:00:00,0.287,0.379,14.8,15.9
2025-11-01 10:00:00,0.286,0.379,14,15.9
2025-11-01 11:00:00,0.285,0.379,13.4,15.9
2025-11-01 12:00:00,0.285,0.379,12.8,15.8
2025-11-01 13:00:00,0.285,0.379,12.2,15.7
2025-11-01 14:00:00,0.284,0.379,11.6,15.5
2025-11-01 15:00:00,0.284,0.379,11.2,15.4
2025-11-01 16:00:00,0.284,0.379,10.8,15.2
2025-11-01 17:00:00,0.284,0.38,10.4,15.1
2025-11-01 18:00:00,0.283,0.38,10.2,14.9
2025-11-01 19:00:00,0.283,0.38,10.5,14.8
2025-11-01 20:00:00,0.283,0.38,10.8,14.7
2025-11-01 21:00:00,0.283,0.381,10.7,14.6
2025-11-01 22:00:00,0.283,0.381,10.3,14.5
2025-11-01 23:00:00,0.283,0.381,10.2,14.4
2025-11-02 00:00:00,0.283,0.381,10.6,14.3
2025-11-02 01:00:00,0.282,0.381,12,14.3
2025-11-02 02:00:00,0.28,0.381,13.7,14.3
2025-11-02 03:00:00,0.279,0.381,14.8,14.5
2025-11-02 04:00:00,0.278,0.381,15.3,14.7
2025-11-02 05:00:00,0.277,0.381,16,14.9
2025-11-02 06:00:00,0.277,0.381,15.7,15.1
2025-11-02 07:00:00,0.276,0.381,14.8,15.3
2025-11-02 08:00:00,0.276,0.381,13.9,15.3
2025-11-02 09:00:00,0.276,0.379,12.9,15.3
2025-11-02 10:00:00,0.276,0.372,12.2,15.3
2025-11-02 11:00:00,0.275,0.372,11.7,15.2
2025-11-02 12:00:00,0.275,0.372,11.3,15.1
2025-11-02 13:00:00,0.274,0.372,10.9,14.9
2025-11-02 14:00:00,0.274,0.371,10.6,14.8
2025-11-02 15:00:00,0.273,0.371,10.4,14.7
2025-11-02 16:00:00,0.273,0.371,10.1,14.5
2025-11-02 17:00:00,0.273,0.371,9.7,14.4
2025-11-02 18:00:00,0.272,0.371,9.1,14.3
2025-11-02 19:00:00,0.272,0.37,8.6,14.1
2025-11-02 20:00:00,0.272,0.37,8.1,14
2025-11-02 21:00:00,0.272,0.37,7.5,13.8
2025-11-02 22:00:00,0.272,0.37,7,13.6
2025-11-02 23:00:00,0.272,0.37,6.8,13.5
2025-11-03 00:00:00,0.271,0.37,6.9,13.3
2025-11-03 01:00:00,0.27,0.37,8.2,13.1
2025-11-03 02:00:00,0.268,0.37,10.8,13.1
2025-11-03 03:00:00,0.266,0.37,13,13.2
2025-11-03 04:00:00,0.264,0.369,14.9,13.4
2025-11-03 05:00:00,0.263,0.369,16.1,13.6
2025-11-03 06:00:00,0.262,0.369,16.6,13.9
2025-11-03 07:00:00,0.262,0.368,16,14.2
2025-11-03 08:00:00,0.262,0.368,14.7,14.4
2025-11-03 09:00:00,0.263,0.368,13.2,14.4
2025-11-03 10:00:00,0.263,0.367,12.1,14.4
2025-11-03 11:00:00,0.263,0.367,11.3,14.4
2025-11-03 12:00:00,0.263,0.367,10.6,14.3
2025-11-03 13:00:00,0.262,0.367,10,14.1
2025-11-03 14:00:00,0.262,0.366,9.8,14
2025-11-03 15:00:00,0.262,0.366,9.8,13.9
2025-11-03 16:00:00,0.261,0.366,9.7,13.8
2025-11-03 17:00:00,0.261,0.366,9.6,13.7
2025-11-03 18:00:00,0.261,0.366,9.4,13.6
2025-11-03 19:00:00,0.261,0.366,9.2,13.5
2025-11-03 20:00:00,0.26,0.366,9.2,13.4
2025-11-03 21:00:00,0.26,0.366,9,13.3
2025-11-03 22:00:00,0.26,0.365,8.9,13.2
2025-11-03 23:00:00,0.26,0.364,9,13.2
2025-11-04 00:00:00,0.259,0.364,9.4,13.1
2025-11-04 01:00:00,0.258,0.364,10.9,13.1
2025-11-04 02:00:00,0.257,0.364,13,13.1
2025-11-04 03:00:00,0.256,0.364,15.3,13.3
2025-11-04 04:00:00,0.255,0.364,16.9,13.5
2025-11-04 05:00:00,0.254,0.364,17.8,13.9
2025-11-04 06:00:00,0.253,0.363,18.2,14.2
2025-11-04 07:00:00,0.253,0.363,18,14.5
2025-11-04 08:00:00,0.253,0.363,16.8,14.7
2025-11-04 09:00:00,0.253,0.362,15.4,14.9
2025-11-04 10:00:00,0.253,0.362,14.2,14.9
2025-11-04 11:00:00,0.253,0.362,13.3,14.9
2025-11-04 12:00:00,0.253,0.362,12.5,14.8
2025-11-04 13:00:00,0.253,0.361,11.8,14.7
2025-11-04 14:00:00,0.253,0.359,11.3,14.6
2025-11-04 15:00:00,0.253,0.359,10.8,14.5
2025-11-04 16:00:00,0.253,0.359,10.3,14.4
2025-11-04 17:00:00,0.253,0.359,9.9,14.2
2025-11-04 18:00:00,0.253,0.359,9.6,14.1
2025-11-04 19:00:00,0.253,0.359,9.2,13.9
2025-11-04 20:00:00,0.254,0.359,8.9,13.8
2025-11-04 21:00:00,0.254,0.359,8.6,13.6
2025-11-04 22:00:00,0.254,0.359,8.3,13.5
2025-11-04 23:00:00,0.254,0.359,8.4,13.4
2025-11-05 00:00:00,0.253,0.359,8.8,13.2
2025-11-05 01:00:00,0.252,0.359,10.4,13.2
2025-11-05 02:00:00,0.251,0.359,13.2,13.2
2025-11-05 03:00:00,0.25,0.359,15.7,13.4
2025-11-05 04:00:00,0.249,0.359,17.7,13.6
2025-11-05 05:00:00,0.249,0.359,19,14
2025-11-05 06:00:00,0.249,0.359,19.4,14.3
2025-11-05 07:00:00,0.248,0.358,18.9,14.7
2025-11-05 08:00:00,0.248,0.358,17.7,14.9
2025-11-05 09:00:00,0.248,0.357,16.1,15.1
2025-11-05 10:00:00,0.249,0.357,14.9,15.1
2025-11-05 11:00:00,0.248,0.357,13.8,15.1
2025-11-05 12:00:00,0.249,0.357,13,15
2025-11-05 13:00:00,0.249,0.357,12.3,14.9
2025-11-05 14:00:00,0.249,0.357,11.7,14.8
2025-11-05 15:00:00,0.249,0.357,11.2,14.7
2025-11-05 16:00:00,0.249,0.357,10.7,14.5
2025-11-05 17:00:00,0.249,0.357,10.2,14.4
2025-11-05 18:00:00,0.249,0.357,9.8,14.2
2025-11-05 19:00:00,0.25,0.357,9.4,14.1
2025-11-05 20:00:00,0.25,0.357,9,13.9
2025-11-05 21:00:00,0.25,0.357,8.6,13.8
2025-11-05 22:00:00,0.25,0.357,8.3,13.6
2025-11-05 23:00:00,0.25,0.357,8.3,13.5
2025-11-06 00:00:00,0.25,0.357,8.8,13.3
2025-11-06 01:00:00,0.249,0.357,10.5,13.2
2025-11-06 02:00:00,0.248,0.357,12.9,13.2
2025-11-06 03:00:00,0.247,0.357,15.3,13.4
2025-11-06 04:00:00,0.246,0.356,17.1,13.6
2025-11-06 05:00:00,0.246,0.356,18.3,13.9
2025-11-06 06:00:00,0.246,0.356,18.7,14.3
2025-11-06 07:00:00,0.245,0.356,18.5,14.6
2025-11-06 08:00:00,0.245,0.354,17.2,14.8
2025-11-06 09:00:00,0.245,0.354,15.9,15
2025-11-06 10:00:00,0.245,0.354,14.8,15
2025-11-06 11:00:00,0.246,0.354,14.1,15
2025-11-06 12:00:00,0.245,0.354,13.6,15
2025-11-06 13:00:00,0.245,0.353,13.1,14.9
2025-11-06 14:00:00,0.246,0.353,12.7,14.9
2025-11-06 15:00:00,0.246,0.353,12.2,14.8
2025-11-06 16:00:00,0.246,0.353,11.8,14.7
2025-11-06 17:00:00,0.246,0.353,11.4,14.6
2025-11-06 18:00:00,0.246,0.353,11,14.5
2025-11-06 19:00:00,0.247,0.353,10.5,14.3
2025-11-06 20:00:00,0.247,0.353,10.1,14.2
2025-11-06 21:00:00,0.247,0.353,9.7,14.1
2025-11-06 22:00:00,0.247,0.353,9.4,14
2025-11-06 23:00:00,0.247,0.353,9.4,13.8
2025-11-07 00:00:00,0.247,0.353,9.9,13.7
2025-11-07 01:00:00,0.246,0.353,11.4,13.6
2025-11-07 02:00:00,0.245,0.353,13.9,13.6
2025-11-07 03:00:00,0.244,0.353,16.3,13.8
2025-11-07 04:00:00,0.244,0.353,18.2,14
2025-11-07 05:00:00,0.243,0.352,19.5,14.3
2025-11-07 06:00:00,0.243,0.352,20,14.7
2025-11-07 07:00:00,0.243,0.352,19.5,15
2025-11-07 08:00:00,0.243,0.352,18.2,15.2
2025-11-07 09:00:00,0.243,0.351,16.8,15.4
2025-11-07 10:00:00,0.243,0.351,15.6,15.4
2025-11-07 11:00:00,0.243,0.351,14.7,15.4
2025-11-07 12:00:00,0.243,0.351,14,15.4
2025-11-07 13:00:00,0.243,0.351,13.4,15.3
2025-11-07 14:00:00,0.244,0.351,12.9,15.2
2025-11-07 15:00:00,0.244,0.351,12.5,15.1
2025-11-07 16:00:00,0.244,0.351,12,14.9
2025-11-07 17:00:00,0.244,0.351,11.5,14.8
2025-11-07 18:00:00,0.244,0.351,11.2,14.7
2025-11-07 19:00:00,0.244,0.351,10.9,14.5
2025-11-07 20:00:00,0.245,0.351,10.7,14.4
2025-11-07 21:00:00,0.245,0.351,10.8,14.3
2025-11-07 22:00:00,0.245,0.351,10.8,14.2
2025-11-07 23:00:00,0.244,0.351,11.3,14.1
2025-11-08 00:00:00,0.244,0.351,12,14
2025-11-08 01:00:00,0.244,0.351,12.7,14
2025-11-08 02:00:00,0.243,0.351,14,14
2025-11-08 03:00:00,0.243,0.35,15.3,14.1
2025-11-08 04:00:00,0.242,0.35,16.1,14.3
2025-11-08 05:00:00,0.242,0.35,16.4,14.4
2025-11-08 06:00:00,0.242,0.35,16.3,14.6
2025-11-08 07:00:00,0.242,0.35,15.9,14.8
2025-11-08 08:00:00,0.242,0.35,15.5,14.9
2025-11-08 09:00:00,0.242,0.35,15.1,15
2025-11-08 10:00:00,0.242,0.349,14.8,15
2025-11-08 11:00:00,0.25,0.35,14.6,15
2025-11-08 12:00:00,0.323,0.351,14.4,15.1
2025-11-08 13:00:00,0.338,0.365,14.2,15
2025-11-08 14:00:00,0.339,0.38,14.1,15
2025-11-08 15:00:00,0.344,0.38,14,15
2025-11-08 16:00:00,0.342,0.381,13.9,15
2025-11-08 17:00:00,0.338,0.381,13.8,14.9
2025-11-08 18:00:00,0.334,0.381,13.8,14.9
2025-11-08 19:00:00,0.332,0.381,13.7,14.9
2025-11-08 20:00:00,0.33,0.382,13.6,14.9
2025-11-08 21:00:00,0.328,0.382,13.5,14.8
2025-11-08 22:00:00,0.328,0.382,13.2,14.8
2025-11-08 23:00:00,0.327,0.382,13,14.8
2025-11-09 00:00:00,0.326,0.383,13.4,14.7
2025-11-09 01:00:00,0.324,0.383,14.4,14.7
2025-11-09 02:00:00,0.321,0.383,15.5,14.8
2025-11-09 03:00:00,0.318,0.383,16.7,14.9
2025-11-09 04:00:00,0.314,0.383,18,15
2025-11-09 05:00:00,0.311,0.383,18.4,15.3
2025-11-09 06:00:00,0.309,0.383,18.4,15.5
2025-11-09 07:00:00,0.308,0.383,17.8,15.7
2025-11-09 08:00:00,0.307,0.383,16.6,15.8
2025-11-09 09:00:00,0.307,0.383,15.4,15.9
2025-11-09 10:00:00,0.307,0.383,14.5,15.9
2025-11-09 11:00:00,0.307,0.383,13.7,15.8
2025-11-09 12:00:00,0.307,0.383,13,15.6
2025-11-09 13:00:00,0.307,0.384,12.3,15.5
2025-11-09 14:00:00,0.307,0.384,11.9,15.4
2025-11-09 15:00:00,0.307,0.384,11.6,15.2
2025-11-09 16:00:00,0.307,0.385,11.5,15
2025-11-09 17:00:00,0.307,0.385,11.3,14.9
2025-11-09 18:00:00,0.307,0.385,11,14.7
2025-11-09 19:00:00,0.307,0.386,10.7,14.6
2025-11-09 20:00:00,0.307,0.386,10.4,14.5
2025-11-09 21:00:00,0.307,0.386,9.9,14.3
2025-11-09 22:00:00,0.307,0.387,9.5,14.2
2025-11-09 23:00:00,0.307,0.387,9.3,14
2025-11-10 00:00:00,0.307,0.387,9.3,13.9
2025-11-10 01:00:00,0.306,0.387,10.4,13.8
2025-11-10 02:00:00,0.304,0.388,12.3,13.7
2025-11-10 03:00:00,0.302,0.388,13.9,13.8
2025-11-10 04:00:00,0.301,0.388,14.9,14
2025-11-10 05:00:00,0.3,0.387,15.3,14.2
2025-11-10 06:00:00,0.299,0.387,15.2,14.4
2025-11-10 07:00:00,0.298,0.386,14.7,14.5
2025-11-10 08:00:00,0.298,0.385,13.4,14.6
2025-11-10 09:00:00,0.299,0.385,12.1,14.6
2025-11-10 10:00:00,0.299,0.385,11.1,14.5
2025-11-10 11:00:00,0.299,0.385,10.3,14.4
2025-11-10 12:00:00,0.299,0.385,9.6,14.3
2025-11-10 13:00:00,0.298,0.385,9,14.1
2025-11-10 14:00:00,0.298,0.385,8.4,13.9
2025-11-10 15:00:00,0.298,0.385,7.9,13.7
2025-11-10 16:00:00,0.298,0.385,7.6,13.5
2025-11-10 17:00:00,0.297,0.385,7.5,13.3
2025-11-10 18:00:00,0.297,0.386,7.3,13.1
2025-11-10 19:00:00,0.297,0.386,7,13
2025-11-10 20:00:00,0.297,0.386,6.7,12.8
2025-11-10 21:00:00,0.297,0.386,6.5,12.7
2025-11-10 22:00:00,0.296,0.386,6.3,12.5
2025-11-10 23:00:00,0.296,0.387,6.4,12.4
2025-11-11 00:00:00,0.295,0.387,6.8,12.3
2025-11-11 01:00:00,0.294,0.387,8,12.2
2025-11-11 02:00:00,0.293,0.387,9.8,12.2
2025-11-11 03:00:00,0.291,0.387,11.6,12.2
2025-11-11 04:00:00,0.29,0.387,13.2,12.4
2025-11-11 05:00:00,0.288,0.387,14.2,12.7
2025-11-11 06:00:00,0.288,0.386,14.5,12.9
2025-11-11 07:00:00,0.288,0.386,14.1,13.2
2025-11-11 08:00:00,0.288,0.386,13,13.4
2025-11-11 09:00:00,0.288,0.385,11.8,13.4
2025-11-11 10:00:00,0.288,0.385,10.8,13.4
2025-11-11 11:00:00,0.288,0.385,10.1,13.4
2025-11-11 12:00:00,0.288,0.385,9.4,13.3
2025-11-11 13:00:00,0.287,0.385,8.9,13.2
2025-11-11 14:00:00,0.287,0.385,8.4,13.1
2025-11-11 15:00:00,0.287,0.386,7.9,12.9
2025-11-11 16:00:00,0.287,0.386,7.5,12.8
2025-11-11 17:00:00,0.286,0.386,7.1,12.6
2025-11-11 18:00:00,0.286,0.386,6.7,12.5
2025-11-11 19:00:00,0.286,0.386,6.3,12.3
2025-11-11 20:00:00,0.286,0.386,6,12.2
2025-11-11 21:00:00,0.286,0.386,5.7,12
2025-11-11 22:00:00,0.286,0.38,5.4,11.9
2025-11-11 23:00:00,0.285,0.375,5.4,11.7
2025-11-12 00:00:00,0.285,0.375,6.1,11.6
2025-11-12 01:00:00,0.283,0.375,7.2,11.5
2025-11-12 02:00:00,0.282,0.375,8.5,11.4
2025-11-12 03:00:00,0.281,0.375,9.8,11.5
2025-11-12 04:00:00,0.28,0.375,10.9,11.5
2025-11-12 05:00:00,0.28,0.375,11.2,11.7
2025-11-12 06:00:00,0.28,0.375,11.4,11.9
2025-11-12 07:00:00,0.279,0.375,11.3,12.1
2025-11-12 08:00:00,0.279,0.374,10.9,12.2
2025-11-12 09:00:00,0.279,0.374,10.4,12.3
2025-11-12 10:00:00,0.279,0.374,9.9,12.4
2025-11-12 11:00:00,0.279,0.374,9.6,12.4
2025-11-12 12:00:00,0.279,0.374,9.3,12.4
2025-11-12 13:00:00,0.279,0.374,9,12.4
2025-11-12 14:00:00,0.279,0.374,8.7,12.3
2025-11-12 15:00:00,0.279,0.374,8.3,12.2
2025-11-12 16:00:00,0.279,0.374,7.9,12.2
2025-11-12 17:00:00,0.279,0.374,7.5,12.1
2025-11-12 18:00:00,0.28,0.374,7.1,12
2025-11-12 19:00:00,0.28,0.374,6.7,11.9
2025-11-12 20:00:00,0.28,0.374,6.3,11.8
2025-11-12 21:00:00,0.28,0.374,6,11.7
2025-11-12 22:00:00,0.28,0.373,5.7,11.5
2025-11-12 23:00:00,0.28,0.373,5.6,11.4
2025-11-13 00:00:00,0.28,0.373,5.7,11.3
2025-11-13 01:00:00,0.279,0.373,7.2,11.2
2025-11-13 02:00:00,0.277,0.373,10.1,11.1
2025-11-13 03:00:00,0.275,0.373,12.5,11.2
2025-11-13 04:00:00,0.274,0.372,14,11.5
2025-11-13 05:00:00,0.273,0.372,14.7,11.8
2025-11-13 06:00:00,0.273,0.372,15,12.2
2025-11-13 07:00:00,0.273,0.371,14.4,12.5
2025-11-13 08:00:00,0.273,0.371,13.4,12.7
2025-11-13 09:00:00,0.274,0.371,12.4,12.9
2025-11-13 10:00:00,0.274,0.37,11.5,12.9
2025-11-13 11:00:00,0.274,0.37,10.7,12.9
2025-11-13 12:00:00,0.274,0.37,10,12.9
2025-11-13 13:00:00,0.274,0.37,9.4,12.8
2025-11-13 14:00:00,0.274,0.37,8.9,12.7
2025-11-13 15:00:00,0.274,0.37,8.4,12.6
2025-11-13 16:00:00,0.274,0.37,8,12.5
2025-11-13 17:00:00,0.274,0.37,7.6,12.3
2025-11-13 18:00:00,0.274,0.37,7.2,12.2
2025-11-13 19:00:00,0.274,0.37,6.8,12
2025-11-13 20:00:00,0.275,0.37,6.5,11.9
2025-11-13 21:00:00,0.275,0.369,6.1,11.8
2025-11-13 22:00:00,0.275,0.369,5.8,11.6
2025-11-13 23:00:00,0.275,0.37,5.7,11.5
2025-11-14 00:00:00,0.274,0.37,6,11.3
2025-11-14 01:00:00,0.273,0.37,7.5,11.2
2025-11-14 02:00:00,0.271,0.37,10.1,11.2
2025-11-14 03:00:00,0.27,0.369,12,11.4
2025-11-14 04:00:00,0.269,0.369,13.4,11.6
2025-11-14 05:00:00,0.268,0.369,13.7,11.9
2025-11-14 06:00:00,0.268,0.369,13.9,12.2
2025-11-14 07:00:00,0.268,0.369,13.7,12.4
2025-11-14 08:00:00,0.268,0.368,12.7,12.6
2025-11-14 09:00:00,0.269,0.368,11.5,12.6
2025-11-14 10:00:00,0.269,0.368,10.5,12.7
2025-11-14 11:00:00,0.269,0.368,9.6,12.6
2025-11-14 12:00:00,0.269,0.368,8.9,12.5
2025-11-14 13:00:00,0.269,0.368,8.3,12.4
2025-11-14 14:00:00,0.269,0.367,7.7,12.3
2025-11-14 15:00:00,0.269,0.368,7.4,12.1
2025-11-14 16:00:00,0.269,0.368,7.1,12
2025-11-14 17:00:00,0.269,0.368,6.8,11.9
2025-11-14 18:00:00,0.269,0.368,6.4,11.7
2025-11-14 19:00:00,0.27,0.368,6,11.6
2025-11-14 20:00:00,0.27,0.368,5.7,11.4
2025-11-14 21:00:00,0.27,0.368,5.3,11.3
2025-11-14 22:00:00,0.27,0.368,5,11.1
2025-11-14 23:00:00,0.27,0.367,5,11
2025-11-15 00:00:00,0.27,0.367,5.2,10.9
2025-11-15 01:00:00,0.268,0.367,6.7,10.8
2025-11-15 02:00:00,0.266,0.367,9.5,10.8
2025-11-15 03:00:00,0.265,0.366,12.1,10.9
2025-11-15 04:00:00,0.263,0.366,14,11.2
2025-11-15 05:00:00,0.263,0.366,15.3,11.5
2025-11-15 06:00:00,0.262,0.366,15.9,11.8
2025-11-15 07:00:00,0.262,0.365,15.5,12.2
2025-11-15 08:00:00,0.262,0.365,14.2,12.4
2025-11-15 09:00:00,0.263,0.364,12.7,12.5
2025-11-15 10:00:00,0.263,0.364,11.4,12.6
2025-11-15 11:00:00,0.264,0.364,10.5,12.6
2025-11-15 12:00:00,0.264,0.364,9.7,12.5
2025-11-15 13:00:00,0.264,0.364,9,12.4
2025-11-15 14:00:00,0.264,0.364,8.4,12.3
2025-11-15 15:00:00,0.264,0.364,7.9,12.2
2025-11-15 16:00:00,0.264,0.364,7.6,12
2025-11-15 17:00:00,0.265,0.364,7.3,11.9
2025-11-15 18:00:00,0.265,0.364,7,11.7
2025-11-15 19:00:00,0.265,0.363,6.7,11.6
2025-11-15 20:00:00,0.265,0.363,6.4,11.5
2025-11-15 21:00:00,0.265,0.363,6.2,11.3
2025-11-15 22:00:00,0.265,0.362,6,11.2
2025-11-15 23:00:00,0.265,0.362,6.2,11.1
2025-11-16 00:00:00,0.264,0.362,7,11
2025-11-16 01:00:00,0.263,0.362,8.5,10.9
2025-11-16 02:00:00,0.262,0.362,10.6,11
2025-11-16 03:00:00,0.26,0.362,12.8,11.1
2025-11-16 04:00:00,0.259,0.361,14.4,11.4
2025-11-16 05:00:00,0.259,0.361,14.9,11.7
2025-11-16 06:00:00,0.258,0.361,15.2,12
2025-11-16 07:00:00,0.258,0.36,15.2,12.3
2025-11-16 08:00:00,0.258,0.36,14.2,12.5
2025-11-16 09:00:00,0.258,0.36,13,12.7
2025-11-16 10:00:00,0.259,0.36,12,12.7
2025-11-16 11:00:00,0.259,0.36,11.1,12.7
2025-11-16 12:00:00,0.259,0.36,10.4,12.7
2025-11-16 13:00:00,0.259,0.359,9.8,12.6
2025-11-16 14:00:00,0.259,0.359,9.4,12.5
2025-11-16 15:00:00,0.259,0.359,9.2,12.4
2025-11-16 16:00:00,0.259,0.359,9.4,12.3
2025-11-16 17:00:00,0.259,0.359,9.4,12.2
2025-11-16 18:00:00,0.259,0.359,9.6,12.1
2025-11-16 19:00:00,0.259,0.359,9.5,12.1
2025-11-16 20:00:00,0.259,0.359,9.1,12
2025-11-16 21:00:00,0.259,0.359,8.7,12
2025-11-16 22:00:00,0.259,0.359,8.3,11.9
2025-11-16 23:00:00,0.259,0.359,8.2,11.8
2025-11-17 00:00:00,0.259,0.359,8.4,11.7
2025-11-17 01:00:00,0.259,0.359,8.9,11.7
2025-11-17 02:00:00,0.258,0.359,9.5,11.6
2025-11-17 03:00:00,0.258,0.359,9.9,11.6
2025-11-17 04:00:00,0.257,0.359,10.4,11.7
2025-11-17 05:00:00,0.257,0.359,10.6,11.7
2025-11-17 06:00:00,0.257,0.359,10.5,11.8
2025-11-17 07:00:00,0.257,0.359,10.1,11.8
2025-11-17 08:00:00,0.257,0.359,9.5,11.8
2025-11-17 09:00:00,0.257,0.358,9,11.8
2025-11-17 10:00:00,0.257,0.358,8.6,11.7
2025-11-17 11:00:00,0.256,0.357,8.2,11.6
2025-11-17 12:00:00,0.256,0.357,8,11.5
2025-11-17 13:00:00,0.256,0.357,7.8,11.4
2025-11-17 14:00:00,0.255,0.357,7.8,11.3
2025-11-17 15:00:00,0.255,0.357,7.6,11.2
2025-11-17 16:00:00,0.255,0.357,7.5,11.1
2025-11-17 17:00:00,0.255,0.357,7.5,11.1
2025-11-17 18:00:00,0.255,0.357,7.4,11
2025-11-17 19:00:00,0.254,0.357,7.3,10.9
2025-11-17 20:00:00,0.254,0.357,7.3,10.8
2025-11-17 21:00:00,0.254,0.356,7.1,10.8
2025-11-17 22:00:00,0.254,0.356,7,10.7
2025-11-17 23:00:00,0.254,0.356,6.8,10.7
2025-11-18 00:00:00,0.254,0.356,6.8,10.6
2025-11-18 01:00:00,0.253,0.356,7.2,10.6
2025-11-18 02:00:00,0.253,0.356,8,10.5
2025-11-18 03:00:00,0.252,0.356,10,10.5
2025-11-18 04:00:00,0.251,0.356,11.3,10.6
2025-11-18 05:00:00,0.251,0.356,11.2,10.8
2025-11-18 06:00:00,0.251,0.356,10.7,11
2025-11-18 07:00:00,0.251,0.355,10.3,11.1
2025-11-18 08:00:00,0.251,0.355,9.7,11.2
2025-11-18 09:00:00,0.251,0.355,8.8,11.2
2025-11-18 10:00:00,0.251,0.355,8.4,11.2
2025-11-18 11:00:00,0.251,0.355,8.1,11.2
2025-11-18 12:00:00,0.251,0.355,7.9,11.1
2025-11-18 13:00:00,0.251,0.355,7.8,11
2025-11-18 14:00:00,0.252,0.355,7.6,11
2025-11-18 15:00:00,0.252,0.355,7.5,10.9
2025-11-18 16:00:00,0.252,0.355,7.4,10.8
2025-11-18 17:00:00,0.253,0.355,7.2,10.8
2025-11-18 18:00:00,0.253,0.355,7.1,10.7
2025-11-18 19:00:00,0.254,0.355,6.9,10.7
2025-11-18 20:00:00,0.254,0.355,6.9,10.6
2025-11-18 21:00:00,0.254,0.355,6.8,10.6
2025-11-18 22:00:00,0.255,0.355,6.7,10.5
2025-11-18 23:00:00,0.255,0.355,6.7,10.5
2025-11-19 00:00:00,0.255,0.355,7.1,10.4
2025-11-19 01:00:00,0.255,0.355,7.9,10.4
2025-11-19 02:00:00,0.255,0.355,8.5,10.4
2025-11-19 03:00:00,0.254,0.355,9.2,10.4
2025-11-19 04:00:00,0.254,0.356,9.9,10.5
2025-11-19 05:00:00,0.254,0.355,11.4,10.6
2025-11-19 06:00:00,0.254,0.355,11.7,10.8
2025-11-19 07:00:00,0.254,0.355,11.1,10.9
2025-11-19 08:00:00,0.255,0.355,10.3,11
2025-11-19 09:00:00,0.255,0.355,9.7,11.1
2025-11-19 10:00:00,0.256,0.355,9.2,11.2
2025-11-19 11:00:00,0.256,0.355,8.9,11.2
2025-11-19 12:00:00,0.256,0.355,8.5,11.2
2025-11-19 13:00:00,0.257,0.355,8,11.1
2025-11-19 14:00:00,0.257,0.355,7.4,11.1
2025-11-19 15:00:00,0.258,0.355,6.8,11
2025-11-19 16:00:00,0.258,0.355,6.2,10.9
2025-11-19 17:00:00,0.258,0.355,5.8,10.8
2025-11-19 18:00:00,0.258,0.355,5.7,10.6
2025-11-19 19:00:00,0.258,0.355,5.5,10.5
2025-11-19 20:00:00,0.258,0.355,5.5,10.3
2025-11-19 21:00:00,0.258,0.355,5.6,10.2
2025-11-19 22:00:00,0.258,0.356,5.6,10.1
2025-11-19 23:00:00,0.258,0.356,5.9,10.1
2025-11-20 00:00:00,0.258,0.356,6.3,10
2025-11-20 01:00:00,0.257,0.356,7.2,10
2025-11-20 02:00:00,0.256,0.356,8.2,10
2025-11-20 03:00:00,0.255,0.356,9.5,10
2025-11-20 04:00:00,0.254,0.355,11.4,10.2
2025-11-20 05:00:00,0.254,0.355,11.7,10.3
2025-11-20 06:00:00,0.254,0.355,11.8,10.6
2025-11-20 07:00:00,0.254,0.355,11.5,10.8
2025-11-20 08:00:00,0.254,0.355,10.8,11
2025-11-20 09:00:00,0.255,0.355,10.2,11.1
2025-11-20 10:00:00,0.255,0.354,9.7,11.1
2025-11-20 11:00:00,0.255,0.354,9.3,11.1
2025-11-20 12:00:00,0.255,0.354,8.9,11.1
2025-11-20 13:00:00,0.255,0.354,8.4,11.1
2025-11-20 14:00:00,0.255,0.354,8.1,11
2025-11-20 15:00:00,0.256,0.354,7.7,11
2025-11-20 16:00:00,0.256,0.354,7.3,10.9
2025-11-20 17:00:00,0.256,0.354,6.9,10.8
2025-11-20 18:00:00,0.256,0.354,6.4,10.7
2025-11-20 19:00:00,0.257,0.354,6,10.6
2025-11-20 20:00:00,0.257,0.354,5.6,10.5
2025-11-20 21:00:00,0.257,0.354,5.2,10.4
2025-11-20 22:00:00,0.257,0.355,4.9,10.2
2025-11-20 23:00:00,0.257,0.355,4.7,10.1
2025-11-21 00:00:00,0.257,0.355,4.9,10
2025-11-21 01:00:00,0.256,0.355,6.2,9.9
2025-11-21 02:00:00,0.255,0.355,8.3,9.9
2025-11-21 03:00:00,0.254,0.355,10.1,10
2025-11-21 04:00:00,0.253,0.355,11.5,10.2
2025-11-21 05:00:00,0.252,0.354,12.5,10.4
2025-11-21 06:00:00,0.252,0.354,13,10.7
2025-11-21 07:00:00,0.252,0.354,12.5,10.9
2025-11-21 08:00:00,0.252,0.354,11.3,11.1
2025-11-21 09:00:00,0.253,0.353,10,11.1
2025-11-21 10:00:00,0.253,0.353,9,11.2
2025-11-21 11:00:00,0.253,0.353,8.2,11.1
2025-11-21 12:00:00,0.254,0.353,7.5,11
2025-11-21 13:00:00,0.254,0.353,6.9,10.9
2025-11-21 14:00:00,0.254,0.353,6.4,10.8
2025-11-21 15:00:00,0.254,0.353,6,10.7
2025-11-21 16:00:00,0.254,0.353,5.6,10.5
2025-11-21 17:00:00,0.254,0.353,5.2,10.4
2025-11-21 18:00:00,0.255,0.353,4.8,10.3
2025-11-21 19:00:00,0.255,0.353,4.5,10.1
2025-11-21 20:00:00,0.255,0.353,4.2,10
2025-11-21 21:00:00,0.255,0.353,3.9,9.8
2025-11-21 22:00:00,0.255,0.353,3.7,9.7
2025-11-21 23:00:00,0.255,0.353,3.6,9.6
2025-11-22 00:00:00,0.255,0.353,3.8,9.4
2025-11-22 01:00:00,0.254,0.354,5,9.3
2025-11-22 02:00:00,0.252,0.354,7.5,9.3
2025-11-22 03:00:00,0.251,0.353,10,9.4
2025-11-22 04:00:00,0.25,0.353,11.9,9.6
2025-11-22 05:00:00,0.249,0.353,13,9.9
2025-11-22 06:00:00,0.249,0.353,13.2,10.2
2025-11-22 07:00:00,0.249,0.352,12.8,10.5
2025-11-22 08:00:00,0.249,0.352,11.7,10.8
2025-11-22 09:00:00,0.25,0.352,10.3,10.9
2025-11-22 10:00:00,0.25,0.352,9.3,10.9
2025-11-22 11:00:00,0.251,0.352,8.4,10.9
2025-11-22 12:00:00,0.251,0.352,7.7,10.8
2025-11-22 13:00:00,0.251,0.352,7.1,10.8
2025-11-22 14:00:00,0.252,0.352,6.5,10.6
2025-11-22 15:00:00,0.252,0.352,6.1,10.5
2025-11-22 16:00:00,0.252,0.352,5.8,10.4
2025-11-22 17:00:00,0.252,0.352,5.4,10.2
2025-11-22 18:00:00,0.252,0.352,5.1,10.1
2025-11-22 19:00:00,0.253,0.352,4.8,10
2025-11-22 20:00:00,0.253,0.352,4.6,9.8
2025-11-22 21:00:00,0.253,0.352,4.3,9.7
2025-11-22 22:00:00,0.253,0.352,4.1,9.6
2025-11-22 23:00:00,0.253,0.352,4.2,9.5
2025-11-23 00:00:00,0.252,0.352,4.9,9.4
2025-11-23 01:00:00,0.251,0.352,6.1,9.3
2025-11-23 02:00:00,0.25,0.352,8.3,9.3
2025-11-23 03:00:00,0.249,0.352,10.6,9.4
2025-11-23 04:00:00,0.248,0.352,12.4,9.7
2025-11-23 05:00:00,0.247,0.352,13.4,10
2025-11-23 06:00:00,0.247,0.351,14,10.3
2025-11-23 07:00:00,0.247,0.351,13.5,10.6
2025-11-23 08:00:00,0.247,0.351,12.5,10.8
2025-11-23 09:00:00,0.247,0.351,11.2,11
2025-11-23 10:00:00,0.248,0.351,10.2,11
2025-11-23 11:00:00,0.248,0.35,9.7,11.1
2025-11-23 12:00:00,0.248,0.35,9.2,11
2025-11-23 13:00:00,0.248,0.35,8.8,11
2025-11-23 14:00:00,0.248,0.35,8.4,10.9
2025-11-23 15:00:00,0.248,0.35,8.3,10.8
2025-11-23 16:00:00,0.248,0.35,8.3,10.8
2025-11-23 17:00:00,0.248,0.35,8.2,10.7
2025-11-23 18:00:00,0.248,0.35,8.2,10.7
2025-11-23 19:00:00,0.248,0.35,8.1,10.6
2025-11-23 20:00:00,0.248,0.35,8.1,10.6
2025-11-23 21:00:00,0.249,0.35,7.9,10.5
2025-11-23 22:00:00,0.249,0.35,7.6,10.5
2025-11-23 23:00:00,0.249,0.35,7.4,10.5
2025-11-24 00:00:00,0.249,0.35,7.7,10.4
2025-11-24 01:00:00,0.248,0.35,8.8,10.4
2025-11-24 02:00:00,0.247,0.35,10.8,10.4
2025-11-24 03:00:00,0.246,0.35,12.4,10.5
2025-11-24 04:00:00,0.245,0.35,13.7,10.7
2025-11-24 05:00:00,0.245,0.35,14.6,11
2025-11-24 06:00:00,0.245,0.349,14.9,11.2
2025-11-24 07:00:00,0.245,0.349,14.3,11.5
2025-11-24 08:00:00,0.245,0.349,13.3,11.7
2025-11-24 09:00:00,0.245,0.349,12.3,11.8
2025-11-24 10:00:00,0.245,0.349,11.4,11.8
2025-11-24 11:00:00,0.246,0.349,10.7,11.8
2025-11-24 12:00:00,0.246,0.349,10.1,11.8
2025-11-24 13:00:00,0.246,0.349,9.5,11.7
2025-11-24 14:00:00,0.246,0.348,9.1,11.6
2025-11-24 15:00:00,0.246,0.349,8.8,11.5
2025-11-24 16:00:00,0.246,0.349,8.6,11.4
2025-11-24 17:00:00,0.246,0.349,8.5,11.3
2025-11-24 18:00:00,0.246,0.349,8.5,11.2
2025-11-24 19:00:00,0.246,0.349,8.6,11.1
2025-11-24 20:00:00,0.246,0.349,8.6,11.1
2025-11-24 21:00:00,0.246,0.349,8.6,11
2025-11-24 22:00:00,0.246,0.349,8.7,11
2025-11-24 23:00:00,0.246,0.349,8.9,11
2025-11-25 00:00:00,0.246,0.349,9.2,10.9
2025-11-25 01:00:00,0.246,0.349,9.5,10.9
2025-11-25 02:00:00,0.246,0.349,10.1,10.9
2025-11-25 03:00:00,0.246,0.349,10.7,11
2025-11-25 04:00:00,0.246,0.349,10.9,11.1
2025-11-25 05:00:00,0.246,0.349,10.7,11.2
2025-11-25 06:00:00,0.246,0.349,10.5,11.2
2025-11-25 07:00:00,0.246,0.349,10.2,11.3
2025-11-25 08:00:00,0.247,0.348,9.5,11.3
2025-11-25 09:00:00,0.247,0.348,9,11.3
2025-11-25 10:00:00,0.247,0.348,8.8,11.2
2025-11-25 11:00:00,0.247,0.349,8.6,11.2
2025-11-25 12:00:00,0.247,0.349,8.4,11.1
2025-11-25 13:00:00,0.247,0.349,8.3,11
2025-11-25 14:00:00,0.247,0.348,8.2,11
2025-11-25 15:00:00,0.247,0.348,8.1,10.9
2025-11-25 16:00:00,0.247,0.348,8.1,10.8
2025-11-25 17:00:00,0.247,0.348,8,10.8
2025-11-25 18:00:00,0.247,0.348,7.9,10.7
2025-11-25 19:00:00,0.247,0.348,7.8,10.7
2025-11-25 20:00:00,0.247,0.348,7.8,10.6
2025-11-25 21:00:00,0.247,0.348,7.5,10.6
2025-11-25 22:00:00,0.247,0.348,7,10.5
2025-11-25 23:00:00,0.247,0.348,6.9,10.5
2025-11-26 00:00:00,0.247,0.348,7.8,10.4
2025-11-26 01:00:00,0.246,0.348,9,10.3
2025-11-26 02:00:00,0.245,0.348,10.7,10.4
2025-11-26 03:00:00,0.244,0.348,12.2,10.5
2025-11-26 04:00:00,0.243,0.348,13.7,10.6
2025-11-26 05:00:00,0.243,0.348,14.4,10.9
2025-11-26 06:00:00,0.243,0.348,14.5,11.1
2025-11-26 07:00:00,0.243,0.347,13.9,11.3
2025-11-26 08:00:00,0.243,0.347,12.4,11.5
2025-11-26 09:00:00,0.244,0.347,10.9,11.5
2025-11-26 10:00:00,0.244,0.347,9.8,11.5
2025-11-26 11:00:00,0.245,0.347,8.8,11.4
2025-11-26 12:00:00,0.245,0.347,8,11.3
2025-11-26 13:00:00,0.245,0.347,7.3,11.1
2025-11-26 14:00:00,0.246,0.347,6.7,11
2025-11-26 15:00:00,0.246,0.347,6.1,10.8
2025-11-26 16:00:00,0.246,0.347,5.7,10.6
2025-11-26 17:00:00,0.246,0.347,5.6,10.5
2025-11-26 18:00:00,0.246,0.347,5.5,10.3
2025-11-26 19:00:00,0.246,0.347,5.5,10.2
2025-11-26 20:00:00,0.246,0.347,5.6,10
2025-11-26 21:00:00,0.246,0.347,5.7,10
2025-11-26 22:00:00,0.251,0.347,5.7,9.9
2025-11-26 23:00:00,0.26,0.348,5.6,9.8
2025-11-27 00:00:00,0.263,0.35,6.4,9.6
2025-11-27 01:00:00,0.291,0.352,7.6,9.6
2025-11-27 02:00:00,0.314,0.362,7.9,9.5
2025-11-27 03:00:00,0.31,0.368,8.6,9.6
2025-11-27 04:00:00,0.312,0.371,9.2,9.7
2025-11-27 05:00:00,0.309,0.372,9.5,9.8
2025-11-27 06:00:00,0.306,0.372,9.6,9.9
2025-11-27 07:00:00,0.304,0.371,9.1,10
2025-11-27 08:00:00,0.304,0.371,8.5,10.1
2025-11-27 09:00:00,0.303,0.371,7.8,10.2
2025-11-27 10:00:00,0.301,0.371,7.2,10.2
2025-11-27 11:00:00,0.3,0.371,6.8,10.1
2025-11-27 12:00:00,0.299,0.37,6.7,10.1
2025-11-27 13:00:00,0.297,0.37,6.6,10
2025-11-27 14:00:00,0.296,0.37,6.2,9.9
2025-11-27 15:00:00,0.295,0.37,6,9.8
2025-11-27 16:00:00,0.294,0.37,6,9.7
2025-11-27 17:00:00,0.293,0.37,6,9.7
2025-11-27 18:00:00,0.292,0.37,5.9,9.6
2025-11-27 19:00:00,0.291,0.37,5.7,9.5
2025-11-27 20:00:00,0.29,0.37,5.5,9.5
2025-11-27 21:00:00,0.29,0.37,5.2,9.4
2025-11-27 22:00:00,0.289,0.37,5.1,9.3
2025-11-27 23:00:00,0.288,0.37,5.1,9.3
2025-11-28 00:00:00,0.287,0.37,5.8,9.2
2025-11-28 01:00:00,0.285,0.367,7.3,9.2
2025-11-28 02:00:00,0.283,0.366,8.5,9.2
2025-11-28 03:00:00,0.282,0.366,9.9,9.3
2025-11-28 04:00:00,0.28,0.366,11.2,9.5
2025-11-28 05:00:00,0.279,0.365,11.8,9.7
2025-11-28 06:00:00,0.278,0.365,11.7,9.9
2025-11-28 07:00:00,0.278,0.365,11,10.2
2025-11-28 08:00:00,0.278,0.364,9.6,10.3
2025-11-28 09:00:00,0.278,0.364,8.4,10.3
2025-11-28 10:00:00,0.278,0.364,7.4,10.3
2025-11-28 11:00:00,0.279,0.363,6.5,10.2
2025-11-28 12:00:00,0.279,0.363,5.8,10.1
2025-11-28 13:00:00,0.279,0.363,5.2,10
2025-11-28 14:00:00,0.278,0.363,4.7,9.8
2025-11-28 15:00:00,0.278,0.363,4.3,9.7
2025-11-28 16:00:00,0.278,0.363,4,9.5
2025-11-28 17:00:00,0.278,0.363,3.7,9.3
2025-11-28 18:00:00,0.277,0.363,3.4,9.2
2025-11-28 19:00:00,0.277,0.363,3.2,9
2025-11-28 20:00:00,0.277,0.363,3,8.9
2025-11-28 21:00:00,0.276,0.363,2.8,8.7
2025-11-28 22:00:00,0.276,0.363,2.6,8.6
2025-11-28 23:00:00,0.276,0.362,2.5,8.4
2025-11-29 00:00:00,0.276,0.362,2.5,8.3
2025-11-29 01:00:00,0.275,0.363,3.7,8.2
2025-11-29 02:00:00,0.273,0.362,6.1,8.1
2025-11-29 03:00:00,0.27,0.362,8.4,8.2
2025-11-29 04:00:00,0.269,0.362,10.1,8.4
2025-11-29 05:00:00,0.268,0.362,11,8.7
2025-11-29 06:00:00,0.267,0.362,11.4,9.1
2025-11-29 07:00:00,0.267,0.361,11.5,9.4
2025-11-29 08:00:00,0.267,0.361,10.9,9.6
2025-11-29 09:00:00,0.268,0.361,9.9,9.8
2025-11-29 10:00:00,0.268,0.36,9.3,9.9
2025-11-29 11:00:00,0.268,0.36,8.8,10
2025-11-29 12:00:00,0.268,0.36,8.5,10
2025-11-29 13:00:00,0.268,0.36,8.3,10
2025-11-29 14:00:00,0.268,0.36,8,9.9
2025-11-29 15:00:00,0.267,0.36,7.7,9.9
2025-11-29 16:00:00,0.267,0.36,7.5,9.9
2025-11-29 17:00:00,0.267,0.359,7.1,9.8
2025-11-29 18:00:00,0.267,0.359,6.7,9.8
2025-11-29 19:00:00,0.268,0.359,6.3,9.7
2025-11-29 20:00:00,0.268,0.359,6,9.6
2025-11-29 21:00:00,0.268,0.359,5.7,9.5
2025-11-29 22:00:00,0.267,0.359,5.5,9.5
2025-11-29 23:00:00,0.267,0.359,5.5,9.4
2025-11-30 00:00:00,0.267,0.359,6.4,9.3
2025-11-30 01:00:00,0.265,0.359,8,9.2
2025-11-30 02:00:00,0.263,0.359,9.9,9.2
2025-11-30 03:00:00,0.262,0.358,11.9,9.4
2025-11-30 04:00:00,0.261,0.357,13.3,9.6
2025-11-30 05:00:00,0.261,0.357,14.3,9.9
2025-11-30 06:00:00,0.26,0.357,14.6,10.3
2025-11-30 07:00:00,0.26,0.357,14.3,10.6
2025-11-30 08:00:00,0.26,0.356,13.4,10.8
2025-11-30 09:00:00,0.261,0.356,12.4,11
2025-11-30 10:00:00,0.261,0.356,11.6,11.1
2025-11-30 11:00:00,0.261,0.356,10.9,11.1
2025-11-30 12:00:00,0.262,0.356,10.3,11.1
2025-11-30 13:00:00,0.262,0.356,9.7,11.1
2025-11-30 14:00:00,0.262,0.356,9.2,11
2025-11-30 15:00:00,0.262,0.355,8.9,11
2025-11-30 16:00:00,0.261,0.355,8.9,10.9
2025-11-30 17:00:00,0.261,0.355,8.9,10.8
2025-11-30 18:00:00,0.261,0.355,8.8,10.7
2025-11-30 19:00:00,0.261,0.355,8.8,10.6
2025-11-30 20:00:00,0.26,0.355,8.7,10.6
2025-11-30 21:00:00,0.26,0.355,8.4,10.6
2025-11-30 22:00:00,0.261,0.355,7.9,10.5
2025-11-30 23:00:00,0.261,0.355,7.6,10.5
2025-12-01 00:00:00,0.26,0.355,7.8,10.4
2025-12-01 01:00:00,0.26,0.355,8.8,10.3
2025-12-01 02:00:00,0.259,0.355,10.2,10.3
2025-12-01 03:00:00,0.258,0.355,11.5,10.3
2025-12-01 04:00:00,0.257,0.355,12.5,10.4
2025-12-01 05:00:00,0.256,0.355,13.1,10.6
2025-12-01 06:00:00,0.256,0.354,13.2,10.8
2025-12-01 07:00:00,0.256,0.354,12.6,10.9
2025-12-01 08:00:00,0.257,0.354,11.2,11
2025-12-01 09:00:00,0.257,0.354,9.9,11
2025-12-01 10:00:00,0.258,0.354,8.8,11
2025-12-01 11:00:00,0.258,0.354,7.9,10.8
2025-12-01 12:00:00,0.258,0.353,7.1,10.7
2025-12-01 13:00:00,0.258,0.353,6.4,10.6
2025-12-01 14:00:00,0.258,0.353,5.8,10.4
2025-12-01 15:00:00,0.258,0.353,5.3,10.2
2025-12-01 16:00:00,0.258,0.353,4.9,10
2025-12-01 17:00:00,0.258,0.354,4.5,9.9
2025-12-01 18:00:00,0.258,0.354,4.3,9.7
2025-12-01 19:00:00,0.258,0.353,4.2,9.5
2025-12-01 20:00:00,0.257,0.353,4.3,9.4
2025-12-01 21:00:00,0.257,0.354,4.3,9.3
2025-12-01 22:00:00,0.257,0.354,4.3,9.1
2025-12-01 23:00:00,0.257,0.353,4.4,9
2025-12-02 00:00:00,0.256,0.354,4.8,8.9
2025-12-02 01:00:00,0.255,0.353,6,8.9
2025-12-02 02:00:00,0.254,0.353,7.1,8.9
2025-12-02 03:00:00,0.253,0.353,8.4,8.9
2025-12-02 04:00:00,0.252,0.353,9.5,9
2025-12-02 05:00:00,0.252,0.353,10.2,9.2
2025-12-02 06:00:00,0.252,0.353,10.2,9.3
2025-12-02 07:00:00,0.252,0.352,9.5,9.5
2025-12-02 08:00:00,0.252,0.352,8.4,9.5
2025-12-02 09:00:00,0.252,0.352,7.6,9.5
2025-12-02 10:00:00,0.252,0.352,7.1,9.5
2025-12-02 11:00:00,0.252,0.352,6.7,9.4
2025-12-02 12:00:00,0.252,0.352,6.4,9.3
2025-12-02 13:00:00,0.252,0.352,6.1,9.3
2025-12-02 14:00:00,0.252,0.352,5.8,9.2
2025-12-02 15:00:00,0.252,0.352,5.6,9.1
2025-12-02 16:00:00,0.251,0.352,5.4,9
2025-12-02 17:00:00,0.251,0.352,5.3,8.9
2025-12-02 18:00:00,0.251,0.352,5.1,8.8
2025-12-02 19:00:00,0.251,0.352,5,8.8
2025-12-02 20:00:00,0.251,0.352,4.8,8.7
2025-12-02 21:00:00,0.251,0.352,4.5,8.6
2025-12-02 22:00:00,0.251,0.351,4.1,8.6
2025-12-02 23:00:00,0.251,0.351,3.7,8.5
2025-12-03 00:00:00,0.251,0.351,3.8,8.4
2025-12-03 01:00:00,0.25,0.351,4.6,8.3
2025-12-03 02:00:00,0.249,0.351,6.2,8.2
2025-12-03 03:00:00,0.248,0.351,7.6,8.2
2025-12-03 04:00:00,0.248,0.351,7.6,8.3
2025-12-03 05:00:00,0.248,0.351,7.4,8.4
2025-12-03 06:00:00,0.248,0.351,7.5,8.5
2025-12-03 07:00:00,0.248,0.351,7,8.6
2025-12-03 08:00:00,0.249,0.35,5.9,8.7
2025-12-03 09:00:00,0.249,0.35,5.2,8.6
2025-12-03 10:00:00,0.25,0.35,4.6,8.6
2025-12-03 11:00:00,0.25,0.35,4.1,8.5
2025-12-03 12:00:00,0.25,0.35,3.9,8.4
2025-12-03 13:00:00,0.25,0.35,3.7,8.3
2025-12-03 14:00:00,0.25,0.35,3.6,8.2
2025-12-03 15:00:00,0.25,0.35,3.5,8.1
2025-12-03 16:00:00,0.25,0.35,3.4,8
2025-12-03 17:00:00,0.25,0.35,3.3,7.9
2025-12-03 18:00:00,0.25,0.35,3.1,7.9
2025-12-03 19:00:00,0.25,0.35,2.9,7.8
2025-12-03 20:00:00,0.25,0.35,2.8,7.7
2025-12-03 21:00:00,0.25,0.35,2.7,7.7
2025-12-03 22:00:00,0.25,0.35,2.7,7.6
2025-12-03 23:00:00,0.25,0.35,2.5,7.5
2025-12-04 00:00:00,0.25,0.35,2.9,7.5
2025-12-04 01:00:00,0.25,0.35,3.7,7.4
2025-12-04 02:00:00,0.249,0.35,4.3,7.4
2025-12-04 03:00:00,0.249,0.35,5.4,7.4
2025-12-04 04:00:00,0.248,0.35,6.8,7.5
2025-12-04 05:00:00,0.247,0.35,7.5,7.6
2025-12-04 06:00:00,0.247,0.35,7.7,7.8
2025-12-04 07:00:00,0.247,0.35,7.7,8
2025-12-04 08:00:00,0.248,0.349,6.8,8.1
2025-12-04 09:00:00,0.248,0.349,5.6,8.1
2025-12-04 10:00:00,0.248,0.349,4.9,8.1
2025-12-04 11:00:00,0.248,0.349,4.7,8.1
2025-12-04 12:00:00,0.248,0.349,4.4,8
2025-12-04 13:00:00,0.249,0.349,4.2,8
2025-12-04 14:00:00,0.249,0.349,3.9,7.9
2025-12-04 15:00:00,0.249,0.349,3.8,7.9
2025-12-04 16:00:00,0.249,0.349,3.8,7.8
2025-12-04 17:00:00,0.249,0.349,3.6,7.7
2025-12-04 18:00:00,0.249,0.349,3.3,7.7
2025-12-04 19:00:00,0.249,0.349,3.2,7.6
2025-12-04 20:00:00,0.249,0.349,3.2,7.5
2025-12-04 21:00:00,0.249,0.349,3.1,7.4
2025-12-04 22:00:00,0.249,0.349,2.7,7.4
2025-12-04 23:00:00,0.249,0.349,2.4,7.3
2025-12-05 00:00:00,0.249,0.349,2.7,7.2
2025-12-05 01:00:00,0.248,0.349,3.9,7.1
2025-12-05 02:00:00,0.247,0.349,5.5,7.1
2025-12-05 03:00:00,0.246,0.349,7,7.2
2025-12-05 04:00:00,0.246,0.349,8,7.3
2025-12-05 05:00:00,0.245,0.349,8.6,7.5
2025-12-05 06:00:00,0.245,0.349,8.9,7.7
2025-12-05 07:00:00,0.245,0.348,8.6,7.9
2025-12-05 08:00:00,0.245,0.348,7.3,8
2025-12-05 09:00:00,0.246,0.348,6,8
2025-12-05 10:00:00,0.247,0.348,4.8,8
2025-12-05 11:00:00,0.247,0.348,3.9,7.9
2025-12-05 12:00:00,0.247,0.348,3.2,7.8
2025-12-05 13:00:00,0.247,0.348,2.7,7.7
2025-12-05 14:00:00,0.247,0.348,2.3,7.5
2025-12-05 15:00:00,0.247,0.348,2,7.4
2025-12-05 16:00:00,0.247,0.348,1.7,7.2
2025-12-05 17:00:00,0.247,0.348,1.5,7.1
2025-12-05 18:00:00,0.246,0.348,1.2,7
2025-12-05 19:00:00,0.246,0.348,1,6.8
2025-12-05 20:00:00,0.245,0.348,0.8,6.7
2025-12-05 21:00:00,0.243,0.348,0.6,6.6
2025-12-05 22:00:00,0.241,0.348,0.4,6.5
2025-12-05 23:00:00,0.239,0.348,0.3,6.4
2025-12-06 00:00:00,0.239,0.348,0.4,6.3
2025-12-06 01:00:00,0.241,0.348,0.5,6.2
2025-12-06 02:00:00,0.243,0.348,1.3,6.2
2025-12-06 03:00:00,0.243,0.348,3.7,6.1
2025-12-06 04:00:00,0.243,0.348,5.9,6.2
2025-12-06 05:00:00,0.243,0.348,7.4,6.4
2025-12-06 06:00:00,0.242,0.347,8.2,6.7
2025-12-06 07:00:00,0.242,0.347,8.3,6.9
2025-12-06 08:00:00,0.243,0.347,7.6,7.2
2025-12-06 09:00:00,0.243,0.347,6.7,7.3
2025-12-06 10:00:00,0.244,0.347,5.8,7.4
2025-12-06 11:00:00,0.244,0.347,5.2,7.5
2025-12-06 12:00:00,0.244,0.347,4.8,7.5
2025-12-06 13:00:00,0.244,0.347,4.4,7.5
2025-12-06 14:00:00,0.244,0.347,4,7.4
2025-12-06 15:00:00,0.244,0.347,3.6,7.4
2025-12-06 16:00:00,0.244,0.347,3.3,7.3
2025-12-06 17:00:00,0.244,0.347,3.4,7.2
2025-12-06 18:00:00,0.244,0.347,3.6,7.1
2025-12-06 19:00:00,0.244,0.347,3.5,7.1
2025-12-06 20:00:00,0.244,0.347,3.4,7.1
2025-12-06 21:00:00,0.244,0.347,3.4,7
2025-12-06 22:00:00,0.244,0.347,3.4,7
2025-12-06 23:00:00,0.244,0.347,3.6,7
2025-12-07 00:00:00,0.243,0.347,4.3,6.9
2025-12-07 01:00:00,0.242,0.347,5.3,7
2025-12-07 02:00:00,0.242,0.347,6.5,7
2025-12-07 03:00:00,0.241,0.347,8.3,7.1
2025-12-07 04:00:00,0.241,0.347,9.6,7.3
2025-12-07 05:00:00,0.24,0.346,10.3,7.6
2025-12-07 06:00:00,0.24,0.346,10.8,7.8
2025-12-07 07:00:00,0.24,0.346,10.7,8.1
2025-12-07 08:00:00,0.24,0.346,9.8,8.3
2025-12-07 09:00:00,0.24,0.346,8.9,8.4
2025-12-07 10:00:00,0.241,0.346,8.1,8.5
2025-12-07 11:00:00,0.241,0.345,7.6,8.5
2025-12-07 12:00:00,0.241,0.345,7.4,8.5
2025-12-07 13:00:00,0.241,0.345,7.1,8.5
2025-12-07 14:00:00,0.241,0.345,7.1,8.5
2025-12-07 15:00:00,0.241,0.345,6.9,8.5
2025-12-07 16:00:00,0.241,0.345,6.6,8.4
2025-12-07 17:00:00,0.241,0.345,6.4,8.4
2025-12-07 18:00:00,0.241,0.345,6.2,8.4
2025-12-07 19:00:00,0.241,0.345,5.9,8.3
2025-12-07 20:00:00,0.241,0.345,5.5,8.3
2025-12-07 21:00:00,0.241,0.345,5.1,8.2
2025-12-07 22:00:00,0.241,0.345,4.8,8.1
2025-12-07 23:00:00,0.242,0.345,4.6,8.1
2025-12-08 00:00:00,0.241,0.345,5,8
2025-12-08 01:00:00,0.241,0.345,6,7.9
2025-12-08 02:00:00,0.24,0.345,7.5,7.9
2025-12-08 03:00:00,0.239,0.345,8.9,7.9
2025-12-08 04:00:00,0.239,0.345,10,8
2025-12-08 05:00:00,0.239,0.345,10.6,8.2
2025-12-08 06:00:00,0.238,0.345,10.6,8.4
2025-12-08 07:00:00,0.238,0.344,10.1,8.5
2025-12-08 08:00:00,0.239,0.344,8.8,8.6
2025-12-08 09:00:00,0.239,0.344,7.5,8.6
2025-12-08 10:00:00,0.24,0.344,6.4,8.6
2025-12-08 11:00:00,0.24,0.344,5.5,8.5
2025-12-08 12:00:00,0.241,0.344,4.7,8.4
2025-12-08 13:00:00,0.241,0.344,4,8.2
2025-12-08 14:00:00,0.241,0.344,3.4,8.1
2025-12-08 15:00:00,0.241,0.344,3,7.9
2025-12-08 16:00:00,0.241,0.344,2.6,7.8
2025-12-08 17:00:00,0.241,0.344,2.4,7.6
2025-12-08 18:00:00,0.241,0.344,2.1,7.5
2025-12-08 19:00:00,0.241,0.344,1.9,7.3
2025-12-08 20:00:00,0.241,0.344,1.7,7.2
2025-12-08 21:00:00,0.241,0.344,1.5,7
2025-12-08 22:00:00,0.241,0.344,1.3,6.9
2025-12-08 23:00:00,0.241,0.344,1.1,6.8
2025-12-09 00:00:00,0.241,0.344,1.1,6.7
2025-12-09 01:00:00,0.241,0.344,1.8,6.6
2025-12-09 02:00:00,0.24,0.344,4,6.5
2025-12-09 03:00:00,0.239,0.344,6.1,6.5
2025-12-09 04:00:00,0.239,0.344,7.7,6.7
2025-12-09 05:00:00,0.239,0.344,8.7,6.9
2025-12-09 06:00:00,0.238,0.343,9.1,7.1
2025-12-09 07:00:00,0.238,0.343,8.7,7.4
2025-12-09 08:00:00,0.239,0.343,7.6,7.5
2025-12-09 09:00:00,0.24,0.343,6.4,7.6
2025-12-09 10:00:00,0.24,0.343,5.4,7.7
2025-12-09 11:00:00,0.24,0.343,4.6,7.6
2025-12-09 12:00:00,0.24,0.343,4,7.6
2025-12-09 13:00:00,0.241,0.343,3.5,7.5
2025-12-09 14:00:00,0.241,0.343,3.1,7.4
2025-12-09 15:00:00,0.241,0.343,2.7,7.3
2025-12-09 16:00:00,0.241,0.343,2.4,7.1
2025-12-09 17:00:00,0.241,0.343,2.2,7
2025-12-09 18:00:00,0.241,0.343,2.1,6.9
2025-12-09 19:00:00,0.241,0.343,1.9,6.8
2025-12-09 20:00:00,0.241,0.343,1.8,6.8
2025-12-09 21:00:00,0.241,0.343,1.6,6.7
2025-12-09 22:00:00,0.241,0.343,1.6,6.6
2025-12-09 23:00:00,0.241,0.343,1.5,6.5
2025-12-10 00:00:00,0.241,0.343,1.9,6.4
2025-12-10 01:00:00,0.24,0.343,3.2,6.4
2025-12-10 02:00:00,0.239,0.343,5.1,6.4
2025-12-10 03:00:00,0.238,0.343,7.1,6.5
2025-12-10 04:00:00,0.238,0.342,8.6,6.6
2025-12-10 05:00:00,0.238,0.342,9.5,6.9
2025-12-10 06:00:00,0.237,0.342,9.6,7.2
2025-12-10 07:00:00,0.238,0.342,9.3,7.4
2025-12-10 08:00:00,0.238,0.341,8.5,7.6
2025-12-10 09:00:00,0.238,0.341,7.5,7.8
2025-12-10 10:00:00,0.238,0.341,6.9,7.9
2025-12-10 11:00:00,0.238,0.341,6.6,7.9
2025-12-10 12:00:00,0.238,0.341,6.4,7.9
2025-12-10 13:00:00,0.238,0.341,6.2,7.8
2025-12-10 14:00:00,0.238,0.341,6.1,7.8
2025-12-10 15:00:00,0.238,0.341,6.1,7.8
2025-12-10 16:00:00,0.238,0.341,6.1,7.8
2025-12-10 17:00:00,0.238,0.341,6,7.8
2025-12-10 18:00:00,0.238,0.341,6.1,7.8
2025-12-10 19:00:00,0.238,0.34,6.2,7.7
2025-12-10 20:00:00,0.247,0.34,6.4,7.8
2025-12-10 21:00:00,0.268,0.34,6.4,7.8
2025-12-10 22:00:00,0.289,0.341,6.5,7.8
2025-12-10 23:00:00,0.292,0.341,6.6,7.8
2025-12-11 00:00:00,0.292,0.341,7.1,7.8
2025-12-11 01:00:00,0.29,0.341,8.2,7.9
2025-12-11 02:00:00,0.288,0.341,9.6,7.9
2025-12-11 03:00:00,0.285,0.341,10.2,8.1
2025-12-11 04:00:00,0.283,0.341,10.1,8.2
2025-12-11 05:00:00,0.28,0.341,10.2,8.4
2025-12-11 06:00:00,0.279,0.341,9.9,8.6
2025-12-11 07:00:00,0.278,0.341,9.2,8.7
2025-12-11 08:00:00,0.277,0.341,8.3,8.8
2025-12-11 09:00:00,0.277,0.342,7.3,8.8
2025-12-11 10:00:00,0.277,0.342,6.5,8.8
2025-12-11 11:00:00,0.276,0.342,5.8,8.7
2025-12-11 12:00:00,0.276,0.342,5.2,8.6
2025-12-11 13:00:00,0.276,0.342,4.7,8.5
2025-12-11 14:00:00,0.276,0.342,4.2,8.3
2025-12-11 15:00:00,0.275,0.343,3.8,8.2
2025-12-11 16:00:00,0.275,0.343,3.5,8
2025-12-11 17:00:00,0.274,0.343,3.2,7.9
2025-12-11 18:00:00,0.274,0.343,3,7.7
2025-12-11 19:00:00,0.274,0.343,2.7,7.5
2025-12-11 20:00:00,0.273,0.343,2.5,7.4
2025-12-11 21:00:00,0.273,0.344,2.3,7.2
2025-12-11 22:00:00,0.273,0.344,2.1,7.1
2025-12-11 23:00:00,0.272,0.344,1.9,6.9
2025-12-12 00:00:00,0.272,0.344,1.9,6.8
2025-12-12 01:00:00,0.272,0.344,2,6.7
2025-12-12 02:00:00,0.271,0.344,3.7,6.6
2025-12-12 03:00:00,0.268,0.344,6.1,6.7
2025-12-12 04:00:00,0.266,0.344,8,6.8
2025-12-12 05:00:00,0.265,0.344,9.1,7
2025-12-12 06:00:00,0.264,0.344,9.7,7.3
2025-12-12 07:00:00,0.264,0.344,9.4,7.5
2025-12-12 08:00:00,0.265,0.343,8.2,7.7
2025-12-12 09:00:00,0.266,0.343,7,7.9
2025-12-12 10:00:00,0.266,0.343,6,7.9
2025-12-12 11:00:00,0.266,0.343,5.2,7.9
2025-12-12 12:00:00,0.267,0.344,4.6,7.8
2025-12-12 13:00:00,0.267,0.344,4.1,7.7
2025-12-12 14:00:00,0.267,0.344,3.7,7.6
2025-12-12 15:00:00,0.267,0.344,3.5,7.5
2025-12-12 16:00:00,0.267,0.344,3.5,7.4
2025-12-12 17:00:00,0.266,0.344,3.8,7.3
2025-12-12 18:00:00,0.266,0.344,3.9,7.2
2025-12-12 19:00:00,0.266,0.344,4.1,7.2
2025-12-12 20:00:00,0.266,0.344,4.1,7.1
2025-12-12 21:00:00,0.265,0.344,4.3,7.1
2025-12-12 22:00:00,0.265,0.344,4.5,7.1
2025-12-12 23:00:00,0.264,0.344,4.8,7.1
2025-12-13 00:00:00,0.264,0.344,5.1,7.1
2025-12-13 01:00:00,0.263,0.344,5.7,7.1
2025-12-13 02:00:00,0.263,0.344,6.5,7.2
2025-12-13 03:00:00,0.262,0.344,7.2,7.3
2025-12-13 04:00:00,0.262,0.344,7.4,7.4
2025-12-13 05:00:00,0.263,0.344,7.3,7.5
2025-12-13 06:00:00,0.288,0.344,7.1,7.6
2025-12-13 07:00:00,0.339,0.345,6.9,7.7
2025-12-13 08:00:00,0.344,0.381,6.6,7.8
2025-12-13 09:00:00,0.343,0.384,6.2,7.8
2025-12-13 10:00:00,0.341,0.384,5.9,7.8
2025-12-13 11:00:00,0.338,0.384,5.7,7.8
2025-12-13 12:00:00,0.335,0.384,5.4,7.7
2025-12-13 13:00:00,0.333,0.384,5,7.7
2025-12-13 14:00:00,0.338,0.385,4.5,7.7
2025-12-13 15:00:00,0.341,0.385,4.5,7.6
2025-12-13 16:00:00,0.341,0.385,4.4,7.5
2025-12-13 17:00:00,0.343,0.385,4.5,7.4
2025-12-13 18:00:00,0.345,0.385,4.4,7.4
2025-12-13 19:00:00,0.343,0.386,4.3,7.3
2025-12-13 20:00:00,0.342,0.386,4.2,7.3
2025-12-13 21:00:00,0.341,0.386,4.2,7.2
2025-12-13 22:00:00,0.339,0.386,4.2,7.2
2025-12-13 23:00:00,0.338,0.386,4.1,7.1
2025-12-14 00:00:00,0.336,0.386,4.4,7.1
2025-12-14 01:00:00,0.334,0.386,4.7,7.1
2025-12-14 02:00:00,0.332,0.386,5.2,7.1
2025-12-14 03:00:00,0.329,0.386,5.9,7.1
2025-12-14 04:00:00,0.325,0.386,6.5,7.1
2025-12-14 05:00:00,0.324,0.386,6.2,7.2
2025-12-14 06:00:00,0.322,0.386,6,7.3
2025-12-14 07:00:00,0.321,0.386,5.8,7.4
2025-12-14 08:00:00,0.32,0.386,5.3,7.4
2025-12-14 09:00:00,0.32,0.386,5,7.4
2025-12-14 10:00:00,0.32,0.386,4.8,7.4
2025-12-14 11:00:00,0.32,0.386,4.7,7.4
2025-12-14 12:00:00,0.321,0.386,4.5,7.3
2025-12-14 13:00:00,0.324,0.386,4.3,7.3
2025-12-14 14:00:00,0.327,0.386,4.2,7.2
2025-12-14 15:00:00,0.328,0.386,4,7.2
2025-12-14 16:00:00,0.328,0.387,3.9,7.1
2025-12-14 17:00:00,0.327,0.387,3.8,7.1
2025-12-14 18:00:00,0.327,0.387,3.7,7
2025-12-14 19:00:00,0.327,0.387,3.7,7
2025-12-14 20:00:00,0.327,0.387,3.7,6.9
2025-12-14 21:00:00,0.326,0.387,3.7,6.9
2025-12-14 22:00:00,0.326,0.387,3.7,6.9
2025-12-14 23:00:00,0.326,0.387,3.7,6.8
2025-12-15 00:00:00,0.325,0.387,4,6.8
2025-12-15 01:00:00,0.324,0.387,5.2,6.8
2025-12-15 02:00:00,0.322,0.387,6.9,6.8
2025-12-15 03:00:00,0.319,0.387,8.5,6.9
2025-12-15 04:00:00,0.317,0.387,9.2,7.1
2025-12-15 05:00:00,0.315,0.387,9.4,7.4
2025-12-15 06:00:00,0.314,0.386,9.5,7.6
2025-12-15 07:00:00,0.313,0.386,9.2,7.8
2025-12-15 08:00:00,0.312,0.386,8.3,7.9
2025-12-15 09:00:00,0.313,0.386,7.2,8
2025-12-15 10:00:00,0.313,0.385,6.2,8
2025-12-15 11:00:00,0.314,0.384,5.3,8
2025-12-15 12:00:00,0.314,0.383,4.7,7.9
2025-12-15 13:00:00,0.314,0.383,4.2,7.7
2025-12-15 14:00:00,0.314,0.383,3.7,7.6
2025-12-15 15:00:00,0.314,0.383,3.4,7.5
2025-12-15 16:00:00,0.314,0.383,3.3,7.3
2025-12-15 17:00:00,0.314,0.383,3.2,7.2
2025-12-15 18:00:00,0.314,0.383,3.1,7.1
2025-12-15 19:00:00,0.314,0.383,2.9,7
2025-12-15 20:00:00,0.313,0.383,2.7,6.9
2025-12-15 21:00:00,0.313,0.383,2.6,6.8
2025-12-15 22:00:00,0.312,0.384,2.5,6.8
2025-12-15 23:00:00,0.312,0.384,2.4,6.7
2025-12-16 00:00:00,0.312,0.384,2.5,6.6
2025-12-16 01:00:00,0.312,0.384,3.5,6.5
2025-12-16 02:00:00,0.311,0.384,4.9,6.5
2025-12-16 03:00:00,0.31,0.384,5.7,6.6
2025-12-16 04:00:00,0.31,0.384,6.4,6.7
2025-12-16 05:00:00,0.309,0.384,6.8,6.8
2025-12-16 06:00:00,0.309,0.383,7.2,7
2025-12-16 07:00:00,0.308,0.383,7.2,7.1
2025-12-16 08:00:00,0.308,0.383,7.1,7.3
2025-12-16 09:00:00,0.308,0.383,7,7.4
2025-12-16 10:00:00,0.308,0.383,6.8,7.4
2025-12-16 11:00:00,0.308,0.383,6.6,7.5
2025-12-16 12:00:00,0.308,0.383,6.6,7.5
2025-12-16 13:00:00,0.308,0.383,6.5,7.6
2025-12-16 14:00:00,0.308,0.383,6.3,7.6
2025-12-16 15:00:00,0.308,0.382,6.3,7.6
2025-12-16 16:00:00,0.308,0.382,6.1,7.6
2025-12-16 17:00:00,0.308,0.382,6,7.6
2025-12-16 18:00:00,0.308,0.382,5.8,7.6
2025-12-16 19:00:00,0.308,0.382,5.5,7.6
2025-12-16 20:00:00,0.308,0.382,5.3,7.6
2025-12-16 21:00:00,0.308,0.382,5.1,7.5
2025-12-16 22:00:00,0.308,0.382,5.3,7.5
2025-12-16 23:00:00,0.308,0.382,5.5,7.4
2025-12-17 00:00:00,0.308,0.382,5.7,7.4
2025-12-17 01:00:00,0.307,0.382,6.4,7.4
2025-12-17 02:00:00,0.306,0.382,7.4,7.4
2025-12-17 03:00:00,0.305,0.382,8.2,7.5
2025-12-17 04:00:00,0.303,0.382,9.1,7.6
2025-12-17 05:00:00,0.303,0.382,9.1,7.8
2025-12-17 06:00:00,0.303,0.382,8.6,8
2025-12-17 07:00:00,0.303,0.382,8.1,8.1
2025-12-17 08:00:00,0.303,0.381,7.4,8.2
2025-12-17 09:00:00,0.303,0.381,6.5,8.2
2025-12-17 10:00:00,0.303,0.381,5.7,8.2
2025-12-17 11:00:00,0.303,0.381,5,8.1
2025-12-17 12:00:00,0.303,0.381,4.4,8
2025-12-17 13:00:00,0.303,0.382,3.9,7.8
2025-12-17 14:00:00,0.303,0.382,3.6,7.7
2025-12-17 15:00:00,0.303,0.382,3.3,7.6
2025-12-17 16:00:00,0.302,0.382,3.1,7.4
2025-12-17 17:00:00,0.302,0.382,2.9,7.3
2025-12-17 18:00:00,0.301,0.382,2.7,7.1
2025-12-17 19:00:00,0.301,0.382,2.5,7
2025-12-17 20:00:00,0.301,0.382,2.3,6.8
2025-12-17 21:00:00,0.3,0.383,2.2,6.7
2025-12-17 22:00:00,0.3,0.383,2,6.6
2025-12-17 23:00:00,0.3,0.383,1.9,6.5
2025-12-18 00:00:00,0.3,0.383,1.9,6.4
2025-12-18 01:00:00,0.3,0.383,2,6.3
2025-12-18 02:00:00,0.299,0.383,3.6,6.2
2025-12-18 03:00:00,0.297,0.383,5.9,6.2
2025-12-18 04:00:00,0.295,0.383,7.6,6.4
2025-12-18 05:00:00,0.294,0.383,8.7,6.6
2025-12-18 06:00:00,0.294,0.383,9.2,6.9
2025-12-18 07:00:00,0.294,0.382,8.9,7.1
2025-12-18 08:00:00,0.294,0.382,7.8,7.4
2025-12-18 09:00:00,0.295,0.382,6.6,7.5
2025-12-18 10:00:00,0.295,0.382,5.7,7.5
2025-12-18 11:00:00,0.296,0.382,4.9,7.5
2025-12-18 12:00:00,0.296,0.378,4.3,7.4
2025-12-18 13:00:00,0.296,0.373,3.9,7.3
2025-12-18 14:00:00,0.296,0.373,3.5,7.2
2025-12-18 15:00:00,0.296,0.373,3.3,7.1
2025-12-18 16:00:00,0.296,0.373,3,7
2025-12-18 17:00:00,0.296,0.373,2.8,6.8
2025-12-18 18:00:00,0.296,0.373,2.7,6.7
2025-12-18 19:00:00,0.295,0.373,2.6,6.6
2025-12-18 20:00:00,0.295,0.373,2.5,6.5
2025-12-18 21:00:00,0.295,0.373,2.5,6.4
2025-12-18 22:00:00,0.295,0.374,2.5,6.4
2025-12-18 23:00:00,0.295,0.374,2.8,6.3
2025-12-19 00:00:00,0.294,0.374,3.2,6.3
2025-12-19 01:00:00,0.293,0.374,3.9,6.3
2025-12-19 02:00:00,0.292,0.374,5.2,6.4
2025-12-19 03:00:00,0.291,0.374,7.2,6.5
2025-12-19 04:00:00,0.289,0.373,8.9,6.6
2025-12-19 05:00:00,0.288,0.373,10,6.9
2025-12-19 06:00:00,0.288,0.373,10.7,7.2
2025-12-19 07:00:00,0.288,0.373,10.9,7.5
2025-12-19 08:00:00,0.288,0.372,10.2,7.7
2025-12-19 09:00:00,0.289,0.372,9.2,7.9
2025-12-19 10:00:00,0.289,0.372,8.7,8
2025-12-19 11:00:00,0.289,0.372,8.4,8.1
2025-12-19 12:00:00,0.289,0.371,8.1,8.1
2025-12-19 13:00:00,0.29,0.371,7.6,8.1
2025-12-19 14:00:00,0.29,0.371,7.1,8.1
2025-12-19 15:00:00,0.29,0.371,6.8,8.1
2025-12-19 16:00:00,0.29,0.371,6.4,8.1
2025-12-19 17:00:00,0.29,0.37,6.2,8
2025-12-19 18:00:00,0.29,0.37,6,8
2025-12-19 19:00:00,0.29,0.37,6,7.9
2025-12-19 20:00:00,0.289,0.37,6.1,7.8
2025-12-19 21:00:00,0.289,0.37,6.3,7.8
2025-12-19 22:00:00,0.289,0.37,6.5,7.8
2025-12-19 23:00:00,0.288,0.37,6.7,7.8
2025-12-20 00:00:00,0.288,0.37,7.1,7.8
2025-12-20 01:00:00,0.287,0.37,7.8,7.8
2025-12-20 02:00:00,0.286,0.37,8.8,7.9
2025-12-20 03:00:00,0.286,0.37,9.6,8
2025-12-20 04:00:00,0.285,0.37,10.2,8.1
2025-12-20 05:00:00,0.285,0.37,10.4,8.3
2025-12-20 06:00:00,0.285,0.369,10.4,8.5
2025-12-20 07:00:00,0.285,0.369,10.1,8.6
2025-12-20 08:00:00,0.285,0.369,9.8,8.7
2025-12-20 09:00:00,0.286,0.369,9.5,8.8
2025-12-20 10:00:00,0.286,0.369,9.2,8.9
2025-12-20 11:00:00,0.286,0.369,8.9,8.9
2025-12-20 12:00:00,0.286,0.369,8.6,8.9
2025-12-20 13:00:00,0.286,0.369,8.2,8.9
2025-12-20 14:00:00,0.286,0.369,7.9,8.9
2025-12-20 15:00:00,0.286,0.369,7.5,8.8
2025-12-20 16:00:00,0.286,0.369,7,8.8
2025-12-20 17:00:00,0.287,0.369,6.6,8.7
2025-12-20 18:00:00,0.287,0.369,6.2,8.6
2025-12-20 19:00:00,0.287,0.369,5.8,8.5
2025-12-20 20:00:00,0.287,0.369,5.4,8.4
2025-12-20 21:00:00,0.287,0.368,5.1,8.3
2025-12-20 22:00:00,0.287,0.368,4.9,8.1
2025-12-20 23:00:00,0.287,0.368,4.8,8
2025-12-21 00:00:00,0.287,0.368,4.8,7.9
2025-12-21 01:00:00,0.286,0.368,5,7.8
2025-12-21 02:00:00,0.286,0.368,5.5,7.7
2025-12-21 03:00:00,0.285,0.368,6.1,7.7
2025-12-21 04:00:00,0.285,0.368,6.7,7.7
2025-12-21 05:00:00,0.284,0.368,7.2,7.7
2025-12-21 06:00:00,0.284,0.368,7.5,7.8
2025-12-21 07:00:00,0.284,0.368,7.2,7.8
2025-12-21 08:00:00,0.284,0.368,6.3,7.8
2025-12-21 09:00:00,0.285,0.368,5.3,7.8
2025-12-21 10:00:00,0.285,0.368,4.5,7.7
2025-12-21 11:00:00,0.285,0.368,3.9,7.6
2025-12-21 12:00:00,0.286,0.368,3.5,7.5
2025-12-21 13:00:00,0.285,0.368,3.1,7.3
2025-12-21 14:00:00,0.285,0.368,2.8,7.2
2025-12-21 15:00:00,0.285,0.368,2.5,7
2025-12-21 16:00:00,0.285,0.367,2.2,6.9
2025-12-21 17:00:00,0.285,0.367,2,6.8
2025-12-21 18:00:00,0.284,0.367,1.8,6.6
2025-12-21 19:00:00,0.284,0.367,1.6,6.5
2025-12-21 20:00:00,0.284,0.367,1.4,6.4
2025-12-21 21:00:00,0.283,0.367,1.2,6.3
2025-12-21 22:00:00,0.282,0.367,1,6.1
2025-12-21 23:00:00,0.279,0.367,0.9,6
2025-12-22 00:00:00,0.276,0.367,0.8,6
2025-12-22 01:00:00,0.273,0.367,0.9,5.9
2025-12-22 02:00:00,0.273,0.367,0.9,5.8
2025-12-22 03:00:00,0.273,0.367,1.7,5.7
2025-12-22 04:00:00,0.273,0.367,3.8,5.7
2025-12-22 05:00:00,0.272,0.367,5.1,5.8
2025-12-22 06:00:00,0.272,0.366,6.1,6
2025-12-22 07:00:00,0.272,0.366,6.4,6.2
2025-12-22 08:00:00,0.274,0.366,5.6,6.4
2025-12-22 09:00:00,0.275,0.366,4.6,6.5
2025-12-22 10:00:00,0.275,0.366,3.9,6.5
2025-12-22 11:00:00,0.276,0.366,3.4,6.5
2025-12-22 12:00:00,0.276,0.366,2.9,6.5
2025-12-22 13:00:00,0.277,0.366,2.6,6.4
2025-12-22 14:00:00,0.277,0.366,2.4,6.3
2025-12-22 15:00:00,0.277,0.366,2.2,6.2
2025-12-22 16:00:00,0.277,0.366,2,6.1
2025-12-22 17:00:00,0.277,0.366,1.9,6.1
2025-12-22 18:00:00,0.277,0.366,1.7,6
2025-12-22 19:00:00,0.277,0.366,1.7,5.9
2025-12-22 20:00:00,0.277,0.366,1.6,5.8
2025-12-22 21:00:00,0.277,0.366,1.5,5.8
2025-12-22 22:00:00,0.277,0.366,1.5,5.7
2025-12-22 23:00:00,0.277,0.365,1.5,5.6
2025-12-23 00:00:00,0.277,0.366,1.5,5.6
2025-12-23 01:00:00,0.277,0.366,1.8,5.5
2025-12-23 02:00:00,0.276,0.365,2.8,5.5
2025-12-23 03:00:00,0.275,0.365,3.8,5.6
2025-12-23 04:00:00,0.274,0.365,4.6,5.7
2025-12-23 05:00:00,0.274,0.365,5.2,5.9
2025-12-23 06:00:00,0.274,0.365,5.5,6
2025-12-23 07:00:00,0.274,0.365,5.6,6.2
2025-12-23 08:00:00,0.274,0.365,5.7,6.3
2025-12-23 09:00:00,0.274,0.364,5.7,6.4
2025-12-23 10:00:00,0.274,0.364,5.8,6.5
2025-12-23 11:00:00,0.274,0.364,5.9,6.6
2025-12-23 12:00:00,0.275,0.364,6,6.7
2025-12-23 13:00:00,0.282,0.364,6.1,6.7
2025-12-23 14:00:00,0.327,0.365,6.2,6.8
2025-12-23 15:00:00,0.339,0.377,6.3,6.8
2025-12-23 16:00:00,0.34,0.383,6.5,6.9
2025-12-23 17:00:00,0.347,0.383,6.6,7
2025-12-23 18:00:00,0.347,0.383,6.7,7
2025-12-23 19:00:00,0.346,0.383,6.7,7.1
2025-12-23 20:00:00,0.342,0.383,6.6,7.1
2025-12-23 21:00:00,0.339,0.383,6.5,7.2
2025-12-23 22:00:00,0.338,0.383,6.4,7.2
2025-12-23 23:00:00,0.336,0.384,6.3,7.2
2025-12-24 00:00:00,0.335,0.384,6.3,7.2
2025-12-24 01:00:00,0.334,0.384,6.3,7.2
2025-12-24 02:00:00,0.332,0.384,6.5,7.3
2025-12-24 03:00:00,0.331,0.383,6.6,7.3
2025-12-24 04:00:00,0.33,0.383,6.6,7.3
2025-12-24 05:00:00,0.328,0.383,6.6,7.3
2025-12-24 06:00:00,0.327,0.383,6.8,7.4
2025-12-24 07:00:00,0.326,0.383,6.8,7.4
2025-12-24 08:00:00,0.325,0.383,6.3,7.4
2025-12-24 09:00:00,0.325,0.383,5.8,7.4
2025-12-24 10:00:00,0.325,0.383,5.4,7.4
2025-12-24 11:00:00,0.325,0.384,5.1,7.4
2025-12-24 12:00:00,0.325,0.384,4.9,7.3
2025-12-24 13:00:00,0.324,0.384,4.7,7.3
2025-12-24 14:00:00,0.324,0.384,4.4,7.2
2025-12-24 15:00:00,0.324,0.384,4.1,7.1
2025-12-24 16:00:00,0.325,0.384,3.8,7.1
2025-12-24 17:00:00,0.325,0.384,3.4,7
2025-12-24 18:00:00,0.325,0.385,3,6.9
2025-12-24 19:00:00,0.324,0.385,2.9,6.8
2025-12-24 20:00:00,0.322,0.385,2.8,6.7
2025-12-24 21:00:00,0.32,0.385,2.7,6.6
2025-12-24 22:00:00,0.319,0.385,2.6,6.5
2025-12-24 23:00:00,0.318,0.385,2.5,6.4
2025-12-25 00:00:00,0.319,0.386,2.5,6.3
2025-12-25 01:00:00,0.322,0.386,2.9,6.2
2025-12-25 02:00:00,0.323,0.386,3.6,6.2
2025-12-25 03:00:00,0.322,0.386,4.7,6.2
2025-12-25 04:00:00,0.322,0.386,5.1,6.2
2025-12-25 05:00:00,0.323,0.386,5,6.3
2025-12-25 06:00:00,0.323,0.386,4.8,6.4
2025-12-25 07:00:00,0.322,0.386,4.3,6.5
2025-12-25 08:00:00,0.321,0.386,3.7,6.5
2025-12-25 09:00:00,0.32,0.386,3.2,6.5
2025-12-25 10:00:00,0.319,0.386,2.9,6.4
2025-12-25 11:00:00,0.318,0.386,2.7,6.3
2025-12-25 12:00:00,0.317,0.386,2.6,6.2
2025-12-25 13:00:00,0.316,0.386,2.4,6.1
2025-12-25 14:00:00,0.315,0.387,2.3,6
2025-12-25 15:00:00,0.314,0.385,2.2,5.9
2025-12-25 16:00:00,0.314,0.385,2.2,5.8
2025-12-25 17:00:00,0.313,0.385,2.1,5.7
2025-12-25 18:00:00,0.313,0.385,2.1,5.6
2025-12-25 19:00:00,0.313,0.385,2,5.6
2025-12-25 20:00:00,0.312,0.385,2,5.5
2025-12-25 21:00:00,0.312,0.385,1.9,5.4
2025-12-25 22:00:00,0.312,0.385,1.9,5.4
2025-12-25 23:00:00,0.311,0.385,1.8,5.3
2025-12-26 00:00:00,0.311,0.385,1.8,5.3
2025-12-26 01:00:00,0.311,0.385,1.8,5.2
2025-12-26 02:00:00,0.312,0.385,1.8,5.2
2025-12-26 03:00:00,0.313,0.386,2,5.2
2025-12-26 04:00:00,0.314,0.386,2.8,5.2
2025-12-26 05:00:00,0.316,0.386,3.5,5.3
2025-12-26 06:00:00,0.317,0.385,3.8,5.4
2025-12-26 07:00:00,0.316,0.385,3.5,5.5
2025-12-26 08:00:00,0.315,0.385,2.9,5.5
2025-12-26 09:00:00,0.315,0.385,2.5,5.5
2025-12-26 10:00:00,0.314,0.385,2.2,5.5
2025-12-26 11:00:00,0.313,0.385,2,5.4
2025-12-26 12:00:00,0.313,0.385,1.9,5.3
2025-12-26 13:00:00,0.312,0.385,1.7,5.2
2025-12-26 14:00:00,0.312,0.385,1.7,5.2
2025-12-26 15:00:00,0.311,0.385,1.6,5.1
2025-12-26 16:00:00,0.311,0.385,1.5,5
2025-12-26 17:00:00,0.31,0.385,1.4,4.9
2025-12-26 18:00:00,0.31,0.385,1.3,4.9
2025-12-26 19:00:00,0.309,0.385,1.3,4.8
2025-12-26 20:00:00,0.309,0.385,1.2,4.8
2025-12-26 21:00:00,0.309,0.385,1.1,4.7
2025-12-26 22:00:00,0.309,0.386,1,4.7
2025-12-26 23:00:00,0.309,0.386,1,4.6
2025-12-27 00:00:00,0.308,0.386,0.9,4.6
2025-12-27 01:00:00,0.307,0.386,0.9,4.5
2025-12-27 02:00:00,0.306,0.386,1,4.5
2025-12-27 03:00:00,0.306,0.386,1,4.4
2025-12-27 04:00:00,0.306,0.386,1.9,4.4
2025-12-27 05:00:00,0.305,0.386,3.6,4.5
2025-12-27 06:00:00,0.305,0.386,4,4.6
2025-12-27 07:00:00,0.305,0.386,3.9,4.8
2025-12-27 08:00:00,0.305,0.386,3.6,4.9
2025-12-27 09:00:00,0.306,0.386,3.1,5
2025-12-27 10:00:00,0.306,0.386,2.7,5.1
2025-12-27 11:00:00,0.306,0.386,2.4,5.1
2025-12-27 12:00:00,0.306,0.386,2.3,5.1
2025-12-27 13:00:00,0.306,0.386,2.1,5
2025-12-27 14:00:00,0.306,0.386,2,5
2025-12-27 15:00:00,0.306,0.386,1.9,5
2025-12-27 16:00:00,0.306,0.386,1.8,4.9
2025-12-27 17:00:00,0.306,0.386,1.7,4.9
2025-12-27 18:00:00,0.306,0.386,1.6,4.8
2025-12-27 19:00:00,0.305,0.386,1.5,4.8
2025-12-27 20:00:00,0.305,0.386,1.4,4.7
2025-12-27 21:00:00,0.305,0.386,1.4,4.7
2025-12-27 22:00:00,0.305,0.386,1.3,4.6
2025-12-27 23:00:00,0.304,0.386,1.2,4.6
2025-12-28 00:00:00,0.304,0.386,1.2,4.5
2025-12-28 01:00:00,0.304,0.386,1.3,4.5
2025-12-28 02:00:00,0.305,0.386,1.4,4.4
2025-12-28 03:00:00,0.304,0.386,2.5,4.4
2025-12-28 04:00:00,0.303,0.386,4.3,4.5
2025-12-28 05:00:00,0.301,0.386,5.6,4.6
2025-12-28 06:00:00,0.301,0.386,5.9,4.8
2025-12-28 07:00:00,0.301,0.385,5.7,5.1
2025-12-28 08:00:00,0.302,0.385,5.3,5.3
2025-12-28 09:00:00,0.302,0.385,5,5.4
2025-12-28 10:00:00,0.302,0.385,4.8,5.5
2025-12-28 11:00:00,0.302,0.385,4.7,5.6
2025-12-28 12:00:00,0.302,0.385,4.5,5.6
2025-12-28 13:00:00,0.302,0.385,4.3,5.7
2025-12-28 14:00:00,0.302,0.385,4.1,5.7
2025-12-28 15:00:00,0.303,0.385,3.6,5.7
2025-12-28 16:00:00,0.303,0.385,3.3,5.7
2025-12-28 17:00:00,0.303,0.385,3,5.6
2025-12-28 18:00:00,0.303,0.384,2.8,5.6
2025-12-28 19:00:00,0.303,0.385,2.7,5.5
2025-12-28 20:00:00,0.303,0.385,2.5,5.4
2025-12-28 21:00:00,0.303,0.385,2.4,5.4
2025-12-28 22:00:00,0.303,0.385,2.3,5.3
2025-12-28 23:00:00,0.303,0.385,2.2,5.2
2025-12-29 00:00:00,0.303,0.385,2.1,5.2
2025-12-29 01:00:00,0.303,0.385,2.3,5.1
2025-12-29 02:00:00,0.302,0.385,3.6,5.1
2025-12-29 03:00:00,0.3,0.385,5.1,5.1
2025-12-29 04:00:00,0.299,0.385,6.3,5.2
2025-12-29 05:00:00,0.299,0.385,7,5.4
2025-12-29 06:00:00,0.299,0.384,7.4,5.6
2025-12-29 07:00:00,0.299,0.384,7.3,5.9
2025-12-29 08:00:00,0.299,0.384,7,6
2025-12-29 09:00:00,0.299,0.384,6.5,6.2
2025-12-29 10:00:00,0.3,0.384,6,6.3
2025-12-29 11:00:00,0.3,0.384,5.7,6.4
2025-12-29 12:00:00,0.3,0.383,5.3,6.4
2025-12-29 13:00:00,0.3,0.378,4.8,6.4
2025-12-29 14:00:00,0.3,0.377,4.4,6.3
2025-12-29 15:00:00,0.301,0.377,4,6.3
2025-12-29 16:00:00,0.301,0.377,3.7,6.2
2025-12-29 17:00:00,0.301,0.377,3.4,6.1
2025-12-29 18:00:00,0.301,0.378,3.1,6
2025-12-29 19:00:00,0.301,0.378,2.9,5.9
2025-12-29 20:00:00,0.301,0.378,2.7,5.8
2025-12-29 21:00:00,0.301,0.378,2.6,5.7
2025-12-29 22:00:00,0.301,0.378,2.4,5.6
2025-12-29 23:00:00,0.3,0.378,2.3,5.5
2025-12-30 00:00:00,0.3,0.378,2.3,5.5
2025-12-30 01:00:00,0.3,0.378,2.2,5.4
2025-12-30 02:00:00,0.3,0.377,2.8,5.3
2025-12-30 03:00:00,0.299,0.377,3.9,5.3
2025-12-30 04:00:00,0.298,0.377,4.9,5.4
2025-12-30 05:00:00,0.298,0.377,5.6,5.5
2025-12-30 06:00:00,0.297,0.377,5.9,5.6
2025-12-30 07:00:00,0.297,0.376,6,5.7
2025-12-30 08:00:00,0.297,0.376,5.5,5.8
2025-12-30 09:00:00,0.298,0.376,4.6,5.9
2025-12-30 10:00:00,0.298,0.376,3.9,5.9
2025-12-30 11:00:00,0.299,0.376,3.4,5.8
2025-12-30 12:00:00,0.299,0.376,3,5.7
2025-12-30 13:00:00,0.299,0.376,2.7,5.7
2025-12-30 14:00:00,0.299,0.376,2.4,5.5
2025-12-30 15:00:00,0.298,0.376,2.2,5.4
2025-12-30 16:00:00,0.298,0.376,2,5.4
2025-12-30 17:00:00,0.298,0.376,1.9,5.3
2025-12-30 18:00:00,0.298,0.376,1.7,5.2
2025-12-30 19:00:00,0.298,0.376,1.7,5.1
2025-12-30 20:00:00,0.298,0.376,1.6,5
2025-12-30 21:00:00,0.298,0.376,1.6,4.9
2025-12-30 22:00:00,0.298,0.376,1.6,4.9
2025-12-30 23:00:00,0.297,0.376,1.6,4.8
2025-12-31 00:00:00,0.297,0.376,1.6,4.8
2025-12-31 01:00:00,0.297,0.375,1.6,4.8
2025-12-31 02:00:00,0.297,0.375,2.1,4.7
2025-12-31 03:00:00,0.296,0.375,2.9,4.8
2025-12-31 04:00:00,0.296,0.375,3.6,4.8
2025-12-31 05:00:00,0.295,0.375,4.1,4.9
2025-12-31 06:00:00,0.295,0.375,4.3,5
2025-12-31 07:00:00,0.295,0.375,4.2,5.1
2025-12-31 08:00:00,0.296,0.375,3.6,5.1
2025-12-31 09:00:00,0.296,0.374,3,5.1
2025-12-31 10:00:00,0.296,0.374,2.6,5.1
2025-12-31 11:00:00,0.296,0.374,2.3,5
2025-12-31 12:00:00,0.296,0.374,2.1,5
2025-12-31 13:00:00,0.296,0.374,1.9,4.9
2025-12-31 14:00:00,0.296,0.374,1.7,4.8
2025-12-31 15:00:00,0.296,0.374,1.5,4.7
2025-12-31 16:00:00,0.296,0.374,1.4,4.7
2025-12-31 17:00:00,0.296,0.374,1.2,4.6
2025-12-31 18:00:00,0.297,0.374,1.1,4.5
2025-12-31 19:00:00,0.297,0.374,1,4.5
2025-12-31 20:00:00,0.296,0.374,0.9,4.4
2025-12-31 21:00:00,0.296,0.374,0.8,4.3
2025-12-31 22:00:00,0.295,0.374,0.8,4.3
2025-12-31 23:00:00,0.294,0.374,0.7,4.2
2026-01-01 00:00:00,0.293,0.374,0.7,4.2
2026-01-01 01:00:00,0.292,0.374,0.7,4.1
2026-01-01 02:00:00,0.291,0.374,0.7,4.1
2026-01-01 03:00:00,0.29,0.373,0.8,4.1
2026-01-01 04:00:00,0.289,0.373,0.8,4
2026-01-01 05:00:00,0.288,0.373,0.8,4
2026-01-01 06:00:00,0.288,0.372,0.8,4
2026-01-01 07:00:00,0.289,0.372,0.9,4
2026-01-01 08:00:00,0.289,0.372,0.9,4
2026-01-01 09:00:00,0.289,0.372,1,4
2026-01-01 10:00:00,0.289,0.372,1,3.9
2026-01-01 11:00:00,0.289,0.372,1,3.9
2026-01-01 12:00:00,0.289,0.372,1,3.9
2026-01-01 13:00:00,0.289,0.372,1,3.9
2026-01-01 14:00:00,0.289,0.372,0.9,3.9
2026-01-01 15:00:00,0.289,0.372,0.9,3.9
2026-01-01 16:00:00,0.289,0.372,0.9,3.9
2026-01-01 17:00:00,0.289,0.372,0.9,3.8
2026-01-01 18:00:00,0.289,0.372,0.9,3.8
2026-01-01 19:00:00,0.289,0.372,1,3.8
2026-01-01 20:00:00,0.289,0.372,1,3.8
2026-01-01 21:00:00,0.289,0.372,1,3.8
2026-01-01 22:00:00,0.289,0.372,1,3.8
2026-01-01 23:00:00,0.289,0.372,1,3.8
2026-01-02 00:00:00,0.289,0.372,1,3.8
2026-01-02 01:00:00,0.289,0.372,1,3.8
2026-01-02 02:00:00,0.289,0.372,1,3.8
2026-01-02 03:00:00,0.289,0.371,1,3.8
2026-01-02 04:00:00,0.289,0.371,1,3.8
2026-01-02 05:00:00,0.289,0.371,1,3.8
2026-01-02 06:00:00,0.289,0.371,1,3.8
2026-01-02 07:00:00,0.29,0.371,1.1,3.8
2026-01-02 08:00:00,0.29,0.371,1.1,3.9
2026-01-02 09:00:00,0.29,0.371,1.1,3.9
2026-01-02 10:00:00,0.29,0.371,1.2,3.9
2026-01-02 11:00:00,0.29,0.371,1.2,3.9
2026-01-02 12:00:00,0.29,0.371,1.2,3.9
2026-01-02 13:00:00,0.29,0.371,1.3,3.9
2026-01-02 14:00:00,0.29,0.371,1.3,3.9
2026-01-02 15:00:00,0.29,0.371,1.3,4
2026-01-02 16:00:00,0.29,0.371,1.4,4
2026-01-02 17:00:00,0.29,0.371,1.4,4
2026-01-02 18:00:00,0.29,0.371,1.4,4
2026-01-02 19:00:00,0.29,0.371,1.4,4
2026-01-02 20:00:00,0.29,0.371,1.5,4
2026-01-02 21:00:00,0.29,0.372,1.5,4
2026-01-02 22:00:00,0.29,0.372,1.5,4
2026-01-02 23:00:00,0.29,0.372,1.5,4
2026-01-03 00:00:00,0.29,0.372,1.5,4
2026-01-03 01:00:00,0.29,0.372,1.5,4
2026-01-03 02:00:00,0.291,0.372,1.5,4
2026-01-03 03:00:00,0.291,0.372,1.5,4
2026-01-03 04:00:00,0.291,0.372,1.5,4.1
2026-01-03 05:00:00,0.291,0.372,1.5,4.1
2026-01-03 06:00:00,0.293,0.38,1.5,4.1
2026-01-03 07:00:00,0.294,0.386,1.5,4.1
2026-01-03 08:00:00,0.295,0.387,1.5,4.2
2026-01-03 09:00:00,0.296,0.386,1.5,4.2
2026-01-03 10:00:00,0.297,0.386,1.5,4.3
2026-01-03 11:00:00,0.298,0.386,1.4,4.3
2026-01-03 12:00:00,0.298,0.385,1.4,4.2
2026-01-03 13:00:00,0.299,0.384,1.4,4.2
2026-01-03 14:00:00,0.299,0.383,1.4,4.2
2026-01-03 15:00:00,0.299,0.383,1.3,4.1
2026-01-03 16:00:00,0.299,0.383,1.3,4.1
2026-01-03 17:00:00,0.299,0.383,1.2,4
2026-01-03 18:00:00,0.299,0.383,1.2,4
2026-01-03 19:00:00,0.299,0.382,1.2,3.9
2026-01-03 20:00:00,0.299,0.382,1.2,3.9
2026-01-03 21:00:00,0.299,0.382,1.2,3.8
2026-01-03 22:00:00,0.299,0.382,1.2,3.8
2026-01-03 23:00:00,0.299,0.382,1.2,3.8
2026-01-04 00:00:00,0.299,0.382,1.2,3.8
2026-01-04 01:00:00,0.299,0.382,1.2,3.7
2026-01-04 02:00:00,0.299,0.382,1.2,3.7
2026-01-04 03:00:00,0.302,0.382,1.2,3.7
2026-01-04 04:00:00,0.318,0.382,2,3.8
2026-01-04 05:00:00,0.333,0.382,3.3,4
2026-01-04 06:00:00,0.331,0.382,4.2,4.2
2026-01-04 07:00:00,0.329,0.381,4.3,4.4
2026-01-04 08:00:00,0.328,0.381,4,4.6
2026-01-04 09:00:00,0.328,0.381,3.5,4.7
2026-01-04 10:00:00,0.327,0.381,3,4.8
2026-01-04 11:00:00,0.326,0.381,2.6,4.8
2026-01-04 12:00:00,0.325,0.381,2.4,4.8
2026-01-04 13:00:00,0.325,0.381,2.3,4.8
2026-01-04 14:00:00,0.325,0.381,2.2,4.7
2026-01-04 15:00:00,0.325,0.381,2.1,4.7
2026-01-04 16:00:00,0.324,0.381,2,4.7
2026-01-04 17:00:00,0.324,0.381,1.9,4.6
2026-01-04 18:00:00,0.323,0.381,1.9,4.6
2026-01-04 19:00:00,0.322,0.381,1.8,4.6
2026-01-04 20:00:00,0.321,0.381,1.8,4.5
2026-01-04 21:00:00,0.32,0.381,1.7,4.5
2026-01-04 22:00:00,0.318,0.381,1.7,4.4
2026-01-04 23:00:00,0.317,0.381,1.6,4.4
2026-01-05 00:00:00,0.316,0.381,1.6,4.4
2026-01-05 01:00:00,0.319,0.381,1.7,4.3
2026-01-05 02:00:00,0.323,0.382,2.4,4.3
2026-01-05 03:00:00,0.322,0.381,3.5,4.3
2026-01-05 04:00:00,0.32,0.381,4.4,4.4
2026-01-05 05:00:00,0.319,0.381,4.8,4.6
2026-01-05 06:00:00,0.317,0.381,5,4.7
2026-01-05 07:00:00,0.316,0.381,4.8,4.8
2026-01-05 08:00:00,0.315,0.381,4.1,4.9
2026-01-05 09:00:00,0.315,0.381,3.4,5
2026-01-05 10:00:00,0.314,0.381,2.9,4.9
2026-01-05 11:00:00,0.313,0.381,2.6,4.9
2026-01-05 12:00:00,0.313,0.381,2.4,4.8
2026-01-05 13:00:00,0.312,0.381,2.2,4.8
2026-01-05 14:00:00,0.312,0.38,2,4.7
2026-01-05 15:00:00,0.311,0.378,1.8,4.6
2026-01-05 16:00:00,0.311,0.378,1.7,4.5
2026-01-05 17:00:00,0.31,0.378,1.6,4.4
2026-01-05 18:00:00,0.31,0.378,1.4,4.4
2026-01-05 19:00:00,0.309,0.378,1.3,4.3
2026-01-05 20:00:00,0.309,0.378,1.2,4.2
2026-01-05 21:00:00,0.309,0.378,1.1,4.2
2026-01-05 22:00:00,0.309,0.378,1,4.1
2026-01-05 23:00:00,0.309,0.377,1,4
2026-01-06 00:00:00,0.308,0.377,0.9,4
2026-01-06 01:00:00,0.307,0.377,0.9,3.9
2026-01-06 02:00:00,0.306,0.377,0.9,3.9
2026-01-06 03:00:00,0.306,0.377,1,3.8
2026-01-06 04:00:00,0.306,0.377,2,3.8
2026-01-06 05:00:00,0.305,0.377,3.2,3.9
2026-01-06 06:00:00,0.304,0.377,3.7,4.1
2026-01-06 07:00:00,0.304,0.377,3.6,4.2
2026-01-06 08:00:00,0.304,0.377,3.3,4.3
2026-01-06 09:00:00,0.305,0.376,2.8,4.4
2026-01-06 10:00:00,0.305,0.376,2.4,4.5
2026-01-06 11:00:00,0.305,0.376,2.2,4.5
2026-01-06 12:00:00,0.305,0.376,2,4.5
2026-01-06 13:00:00,0.305,0.376,1.9,4.4
2026-01-06 14:00:00,0.305,0.376,1.8,4.4
2026-01-06 15:00:00,0.305,0.376,1.7,4.3
2026-01-06 16:00:00,0.304,0.376,1.6,4.3
2026-01-06 17:00:00,0.304,0.376,1.5,4.2
2026-01-06 18:00:00,0.304,0.376,1.5,4.2
2026-01-06 19:00:00,0.304,0.376,1.4,4.1
2026-01-06 20:00:00,0.303,0.376,1.3,4.1
2026-01-06 21:00:00,0.303,0.376,1.2,4
2026-01-06 22:00:00,0.303,0.375,1.2,4
2026-01-06 23:00:00,0.303,0.375,1.2,3.9
2026-01-07 00:00:00,0.303,0.375,1.1,3.9
2026-01-07 01:00:00,0.302,0.375,1.1,3.9
2026-01-07 02:00:00,0.302,0.375,1.1,3.8
2026-01-07 03:00:00,0.302,0.375,1.6,3.8
2026-01-07 04:00:00,0.302,0.375,2.2,3.9
2026-01-07 05:00:00,0.301,0.375,3.2,4
2026-01-07 06:00:00,0.3,0.375,3.6,4.1
2026-01-07 07:00:00,0.3,0.375,3.7,4.2
2026-01-07 08:00:00,0.301,0.375,3.4,4.3
2026-01-07 09:00:00,0.301,0.374,2.9,4.4
2026-01-07 10:00:00,0.301,0.374,2.6,4.4
2026-01-07 11:00:00,0.301,0.374,2.4,4.4
2026-01-07 12:00:00,0.301,0.374,2.2,4.4
2026-01-07 13:00:00,0.301,0.374,2.1,4.4
2026-01-07 14:00:00,0.301,0.374,2,4.3
2026-01-07 15:00:00,0.301,0.374,2,4.3
2026-01-07 16:00:00,0.301,0.374,1.9,4.3
2026-01-07 17:00:00,0.301,0.374,1.9,4.3
2026-01-07 18:00:00,0.3,0.374,1.8,4.2
2026-01-07 19:00:00,0.3,0.374,1.8,4.2
2026-01-07 20:00:00,0.3,0.374,1.7,4.2
2026-01-07 21:00:00,0.3,0.374,1.6,4.1
2026-01-07 22:00:00,0.3,0.374,1.6,4.1
2026-01-07 23:00:00,0.3,0.374,1.5,4.1
2026-01-08 00:00:00,0.3,0.374,1.4,4
2026-01-08 01:00:00,0.302,0.374,1.4,4
2026-01-08 02:00:00,0.302,0.373,1.8,3.9
2026-01-08 03:00:00,0.301,0.373,2.7,3.9
2026-01-08 04:00:00,0.3,0.373,3.5,3.9
2026-01-08 05:00:00,0.3,0.373,3.9,4
2026-01-08 06:00:00,0.299,0.373,4.1,4.1
2026-01-08 07:00:00,0.299,0.372,3.9,4.2
2026-01-08 08:00:00,0.299,0.372,3.3,4.3
2026-01-08 09:00:00,0.3,0.372,2.7,4.3
2026-01-08 10:00:00,0.3,0.372,2.3,4.3
2026-01-08 11:00:00,0.3,0.372,1.9,4.3
2026-01-08 12:00:00,0.3,0.372,1.7,4.2
2026-01-08 13:00:00,0.299,0.372,1.5,4.2
2026-01-08 14:00:00,0.299,0.372,1.4,4.1
2026-01-08 15:00:00,0.299,0.372,1.3,4
2026-01-08 16:00:00,0.298,0.372,1.2,4
2026-01-08 17:00:00,0.298,0.372,1.1,3.9
2026-01-08 18:00:00,0.298,0.372,1,3.9
2026-01-08 19:00:00,0.297,0.372,0.9,3.8
2026-01-08 20:00:00,0.297,0.372,0.9,3.8
2026-01-08 21:00:00,0.297,0.372,0.8,3.8
2026-01-08 22:00:00,0.297,0.372,0.7,3.7
2026-01-08 23:00:00,0.296,0.372,0.7,3.7
2026-01-09 00:00:00,0.295,0.372,0.6,3.6
2026-01-09 01:00:00,0.294,0.372,0.7,3.6
2026-01-09 02:00:00,0.292,0.372,0.7,3.6
2026-01-09 03:00:00,0.292,0.372,0.7,3.5
2026-01-09 04:00:00,0.292,0.371,1.7,3.5
2026-01-09 05:00:00,0.291,0.371,2.9,3.6
2026-01-09 06:00:00,0.29,0.371,3.6,3.7
2026-01-09 07:00:00,0.29,0.371,3.9,3.9
2026-01-09 08:00:00,0.29,0.371,3.8,4.1
2026-01-09 09:00:00,0.291,0.371,3.4,4.2
2026-01-09 10:00:00,0.291,0.371,3.2,4.3
2026-01-09 11:00:00,0.291,0.37,3,4.3
2026-01-09 12:00:00,0.292,0.37,2.7,4.4
2026-01-09 13:00:00,0.292,0.37,2.4,4.4
2026-01-09 14:00:00,0.292,0.37,2.2,4.4
2026-01-09 15:00:00,0.292,0.37,2,4.3
2026-01-09 16:00:00,0.292,0.37,1.9,4.3
2026-01-09 17:00:00,0.293,0.37,1.8,4.3
2026-01-09 18:00:00,0.293,0.37,1.9,4.2
2026-01-09 19:00:00,0.292,0.37,2.1,4.2
2026-01-09 20:00:00,0.292,0.37,2.3,4.2
2026-01-09 21:00:00,0.292,0.37,2.4,4.2
2026-01-09 22:00:00,0.292,0.37,2.6,4.2
2026-01-09 23:00:00,0.292,0.37,3,4.2
2026-01-10 00:00:00,0.292,0.37,3.2,4.2
2026-01-10 01:00:00,0.291,0.37,3.7,4.3
2026-01-10 02:00:00,0.291,0.37,4.3,4.3
2026-01-10 03:00:00,0.29,0.37,5,4.4
2026-01-10 04:00:00,0.29,0.369,5.4,4.5
2026-01-10 05:00:00,0.29,0.369,5.8,4.6
2026-01-10 06:00:00,0.29,0.369,5.6,4.8
2026-01-10 07:00:00,0.29,0.369,5.2,4.9
2026-01-10 08:00:00,0.29,0.369,4.8,5
2026-01-10 09:00:00,0.29,0.369,4.4,5
2026-01-10 10:00:00,0.291,0.368,4,5
2026-01-10 11:00:00,0.291,0.368,3.6,5
2026-01-10 12:00:00,0.291,0.368,3.3,5
2026-01-10 13:00:00,0.291,0.368,3.1,4.9
2026-01-10 14:00:00,0.291,0.368,2.8,4.9
2026-01-10 15:00:00,0.291,0.368,2.7,4.8
2026-01-10 16:00:00,0.291,0.368,2.5,4.8
2026-01-10 17:00:00,0.291,0.368,2.4,4.7
2026-01-10 18:00:00,0.291,0.368,2.3,4.6
2026-01-10 19:00:00,0.291,0.368,2.2,4.6
2026-01-10 20:00:00,0.291,0.368,2.2,4.6
2026-01-10 21:00:00,0.291,0.368,2.2,4.5
2026-01-10 22:00:00,0.291,0.368,2.2,4.5
2026-01-10 23:00:00,0.291,0.368,2.1,4.5
2026-01-11 00:00:00,0.291,0.368,2.1,4.4
2026-01-11 01:00:00,0.291,0.368,2.1,4.4
2026-01-11 02:00:00,0.291,0.368,2.1,4.4
2026-01-11 03:00:00,0.291,0.366,2.1,4.4
2026-01-11 04:00:00,0.291,0.366,2.1,4.4
2026-01-11 05:00:00,0.291,0.365,2,4.4
2026-01-11 06:00:00,0.291,0.365,2,4.3
2026-01-11 07:00:00,0.291,0.365,2,4.3
2026-01-11 08:00:00,0.291,0.365,1.9,4.3
2026-01-11 09:00:00,0.291,0.365,1.9,4.3
2026-01-11 10:00:00,0.291,0.365,1.9,4.3
2026-01-11 11:00:00,0.292,0.365,1.9,4.3
2026-01-11 12:00:00,0.292,0.365,1.9,4.3
2026-01-11 13:00:00,0.292,0.365,1.8,4.3
2026-01-11 14:00:00,0.293,0.365,1.8,4.2
2026-01-11 15:00:00,0.293,0.365,1.8,4.2
2026-01-11 16:00:00,0.293,0.365,1.8,4.2
2026-01-11 17:00:00,0.293,0.365,1.8,4.2
2026-01-11 18:00:00,0.294,0.365,1.8,4.2
2026-01-11 19:00:00,0.294,0.365,1.8,4.2
2026-01-11 20:00:00,0.294,0.365,1.7,4.2
2026-01-11 21:00:00,0.295,0.365,1.7,4.2
2026-01-11 22:00:00,0.295,0.365,1.7,4.2
2026-01-11 23:00:00,0.295,0.365,1.7,4.1
2026-01-12 00:00:00,0.295,0.365,1.7,4.1
2026-01-12 01:00:00,0.296,0.365,1.7,4.1
2026-01-12 02:00:00,0.296,0.365,1.7,4.1
2026-01-12 03:00:00,0.297,0.365,1.7,4.1
2026-01-12 04:00:00,0.298,0.365,1.7,4.1
2026-01-12 05:00:00,0.302,0.365,1.6,4.1
2026-01-12 06:00:00,0.312,0.365,1.6,4.1
2026-01-12 07:00:00,0.326,0.365,1.6,4.1
2026-01-12 08:00:00,0.332,0.365,1.6,4.1
2026-01-12 09:00:00,0.332,0.369,1.6,4.1
2026-01-12 10:00:00,0.329,0.374,1.6,4.1
2026-01-12 11:00:00,0.328,0.377,1.5,4
2026-01-12 12:00:00,0.326,0.377,1.5,4
2026-01-12 13:00:00,0.324,0.377,1.5,4
2026-01-12 14:00:00,0.323,0.377,1.5,4
2026-01-12 15:00:00,0.323,0.377,1.5,4
2026-01-12 16:00:00,0.323,0.376,1.5,4
2026-01-12 17:00:00,0.325,0.376,1.5,4
2026-01-12 18:00:00,0.33,0.376,1.5,4
2026-01-12 19:00:00,0.333,0.378,1.5,3.9
2026-01-12 20:00:00,0.332,0.379,1.5,3.9
2026-01-12 21:00:00,0.33,0.379,1.4,3.9
2026-01-12 22:00:00,0.328,0.379,1.4,3.9
2026-01-12 23:00:00,0.326,0.379,1.4,3.9
2026-01-13 00:00:00,0.325,0.379,1.4,3.9
2026-01-13 01:00:00,0.33,0.379,1.5,3.9
2026-01-13 02:00:00,0.343,0.382,2.1,3.9
2026-01-13 03:00:00,0.342,0.387,3.3,3.9
2026-01-13 04:00:00,0.338,0.387,4.3,3.9
2026-01-13 05:00:00,0.335,0.387,5.2,4
2026-01-13 06:00:00,0.332,0.386,5.6,4.2
2026-01-13 07:00:00,0.33,0.385,5.4,4.4
2026-01-13 08:00:00,0.329,0.384,4.7,4.5
2026-01-13 09:00:00,0.328,0.384,3.8,4.6
2026-01-13 10:00:00,0.327,0.383,3.2,4.7
2026-01-13 11:00:00,0.325,0.382,2.9,4.7
2026-01-13 12:00:00,0.324,0.382,2.6,4.6
2026-01-13 13:00:00,0.323,0.382,2.4,4.6
2026-01-13 14:00:00,0.322,0.382,2.2,4.5
2026-01-13 15:00:00,0.32,0.381,2,4.4
2026-01-13 16:00:00,0.319,0.381,1.9,4.3
2026-01-13 17:00:00,0.319,0.381,1.8,4.3
2026-01-13 18:00:00,0.318,0.381,1.7,4.2
2026-01-13 19:00:00,0.317,0.381,1.6,4.1
2026-01-13 20:00:00,0.316,0.381,1.4,4.1
2026-01-13 21:00:00,0.315,0.381,1.4,4
2026-01-13 22:00:00,0.314,0.381,1.3,3.9
2026-01-13 23:00:00,0.313,0.381,1.2,3.9
2026-01-14 00:00:00,0.313,0.381,1.1,3.8
2026-01-14 01:00:00,0.313,0.381,1.1,3.8
2026-01-14 02:00:00,0.312,0.381,1.1,3.7
2026-01-14 03:00:00,0.314,0.381,1.2,3.7
2026-01-14 04:00:00,0.317,0.381,2.4,3.7
2026-01-14 05:00:00,0.319,0.381,3.7,3.7
2026-01-14 06:00:00,0.318,0.381,4.6,3.8
2026-01-14 07:00:00,0.317,0.381,4.9,4
2026-01-14 08:00:00,0.316,0.38,4.6,4.1
2026-01-14 09:00:00,0.317,0.38,4,4.3
2026-01-14 10:00:00,0.317,0.38,3.4,4.3
2026-01-14 11:00:00,0.317,0.38,3.1,4.4
2026-01-14 12:00:00,0.316,0.38,3,4.4
2026-01-14 13:00:00,0.316,0.38,3,4.4
2026-01-14 14:00:00,0.316,0.38,2.9,4.4
2026-01-14 15:00:00,0.316,0.38,2.9,4.4
2026-01-14 16:00:00,0.316,0.38,2.8,4.4
2026-01-14 17:00:00,0.316,0.38,2.7,4.4
2026-01-14 18:00:00,0.316,0.38,2.8,4.3
2026-01-14 19:00:00,0.316,0.38,2.9,4.3
2026-01-14 20:00:00,0.316,0.379,3.1,4.3
2026-01-14 21:00:00,0.315,0.379,3.5,4.3
2026-01-14 22:00:00,0.315,0.379,3.9,4.4
2026-01-14 23:00:00,0.315,0.379,4.2,4.4
2026-01-15 00:00:00,0.315,0.379,4.6,4.5
2026-01-15 01:00:00,0.314,0.379,5.3,4.5
2026-01-15 02:00:00,0.313,0.379,6.4,4.6
2026-01-15 03:00:00,0.312,0.379,7.2,4.8
2026-01-15 04:00:00,0.311,0.379,7.8,5
2026-01-15 05:00:00,0.31,0.378,8.4,5.2
2026-01-15 06:00:00,0.31,0.378,8.5,5.4
2026-01-15 07:00:00,0.309,0.378,8.4,5.6
2026-01-15 08:00:00,0.309,0.377,7.9,5.8
2026-01-15 09:00:00,0.309,0.377,7.2,5.9
2026-01-15 10:00:00,0.309,0.377,6.4,6
2026-01-15 11:00:00,0.309,0.377,5.7,6
2026-01-15 12:00:00,0.31,0.377,5.1,6
2026-01-15 13:00:00,0.31,0.375,4.6,5.9
2026-01-15 14:00:00,0.31,0.374,4.2,5.9
2026-01-15 15:00:00,0.31,0.374,3.9,5.8
2026-01-15 16:00:00,0.31,0.374,3.7,5.7
2026-01-15 17:00:00,0.31,0.374,3.6,5.6
2026-01-15 18:00:00,0.31,0.374,3.5,5.5
2026-01-15 19:00:00,0.31,0.374,3.3,5.4
2026-01-15 20:00:00,0.31,0.374,3.2,5.4
2026-01-15 21:00:00,0.31,0.374,3,5.3
2026-01-15 22:00:00,0.31,0.374,2.9,5.3
2026-01-15 23:00:00,0.309,0.374,2.8,5.2
2026-01-16 00:00:00,0.309,0.374,2.9,5.1
2026-01-16 01:00:00,0.309,0.374,3.5,5.1
2026-01-16 02:00:00,0.308,0.374,4.8,5.1
2026-01-16 03:00:00,0.307,0.374,6.4,5.1
2026-01-16 04:00:00,0.306,0.374,7.6,5.2
2026-01-16 05:00:00,0.305,0.373,8.5,5.4
2026-01-16 06:00:00,0.304,0.373,9,5.7
2026-01-16 07:00:00,0.304,0.373,9.1,5.9
2026-01-16 08:00:00,0.304,0.373,8.6,6.1
2026-01-16 09:00:00,0.304,0.372,7.5,6.2
2026-01-16 10:00:00,0.305,0.372,6.5,6.3
2026-01-16 11:00:00,0.305,0.372,5.6,6.3
2026-01-16 12:00:00,0.305,0.372,5,6.2
2026-01-16 13:00:00,0.305,0.372,4.5,6.1
2026-01-16 14:00:00,0.306,0.372,4.1,6
2026-01-16 15:00:00,0.306,0.372,3.8,5.9
2026-01-16 16:00:00,0.306,0.372,3.5,5.8
2026-01-16 17:00:00,0.305,0.372,3.3,5.7
2026-01-16 18:00:00,0.305,0.372,3.1,5.6
2026-01-16 19:00:00,0.305,0.372,3,5.5
2026-01-16 20:00:00,0.305,0.372,2.9,5.4
2026-01-16 21:00:00,0.305,0.372,2.8,5.3
2026-01-16 22:00:00,0.304,0.372,2.9,5.2
2026-01-16 23:00:00,0.304,0.372,3.2,5.2
2026-01-17 00:00:00,0.304,0.372,3.5,5.2
2026-01-17 01:00:00,0.303,0.372,3.8,5.2
2026-01-17 02:00:00,0.302,0.372,4.8,5.2
2026-01-17 03:00:00,0.302,0.372,5.9,5.2
2026-01-17 04:00:00,0.301,0.372,6.8,5.3
2026-01-17 05:00:00,0.3,0.371,7.6,5.5
2026-01-17 06:00:00,0.3,0.371,7.8,5.7
2026-01-17 07:00:00,0.3,0.371,7.7,5.9
2026-01-17 08:00:00,0.3,0.371,7.1,6
2026-01-17 09:00:00,0.301,0.371,6.2,6.1
2026-01-17 10:00:00,0.301,0.37,5.4,6.1
2026-01-17 11:00:00,0.301,0.37,4.7,6.1
2026-01-17 12:00:00,0.302,0.37,4.2,6
2026-01-17 13:00:00,0.302,0.37,3.8,6
2026-01-17 14:00:00,0.302,0.37,3.4,5.8
2026-01-17 15:00:00,0.302,0.37,3.1,5.7
2026-01-17 16:00:00,0.302,0.37,2.9,5.6
2026-01-17 17:00:00,0.301,0.37,2.7,5.5
2026-01-17 18:00:00,0.301,0.37,2.4,5.4
2026-01-17 19:00:00,0.301,0.37,2.3,5.3
2026-01-17 20:00:00,0.301,0.37,2.1,5.2
2026-01-17 21:00:00,0.3,0.37,1.9,5.1
2026-01-17 22:00:00,0.3,0.37,1.8,5
2026-01-17 23:00:00,0.3,0.37,1.7,4.9
2026-01-18 00:00:00,0.3,0.37,1.7,4.8
2026-01-18 01:00:00,0.3,0.37,1.7,4.7
2026-01-18 02:00:00,0.3,0.37,2.2,4.7
2026-01-18 03:00:00,0.298,0.37,3.7,4.7
2026-01-18 04:00:00,0.297,0.37,5.3,4.7
2026-01-18 05:00:00,0.296,0.37,6.4,4.9
2026-01-18 06:00:00,0.296,0.369,7,5.1
2026-01-18 07:00:00,0.295,0.369,7,5.3
2026-01-18 08:00:00,0.296,0.369,6.6,5.5
2026-01-18 09:00:00,0.296,0.369,6,5.6
2026-01-18 10:00:00,0.296,0.369,5.4,5.7
2026-01-18 11:00:00,0.297,0.369,4.9,5.8
2026-01-18 12:00:00,0.297,0.368,4.4,5.7
2026-01-18 13:00:00,0.297,0.368,4.1,5.7
2026-01-18 14:00:00,0.297,0.368,3.8,5.7
2026-01-18 15:00:00,0.297,0.368,3.6,5.6
2026-01-18 16:00:00,0.297,0.368,3.4,5.5
2026-01-18 17:00:00,0.297,0.368,3.3,5.5
2026-01-18 18:00:00,0.297,0.368,3.2,5.4
2026-01-18 19:00:00,0.297,0.368,3.1,5.3
2026-01-18 20:00:00,0.297,0.368,3.2,5.3
2026-01-18 21:00:00,0.297,0.368,3.3,5.2
2026-01-18 22:00:00,0.297,0.368,3.3,5.2
2026-01-18 23:00:00,0.297,0.368,3.3,5.2
2026-01-19 00:00:00,0.296,0.368,3.3,5.2
2026-01-19 01:00:00,0.296,0.368,3.4,5.1
2026-01-19 02:00:00,0.296,0.368,3.6,5.1
2026-01-19 03:00:00,0.296,0.368,3.7,5.1
2026-01-19 04:00:00,0.296,0.368,3.7,5.1
2026-01-19 05:00:00,0.296,0.368,3.7,5.1
2026-01-19 06:00:00,0.295,0.368,3.8,5.2
2026-01-19 07:00:00,0.295,0.368,3.7,5.2
2026-01-19 08:00:00,0.295,0.368,3.4,5.2
2026-01-19 09:00:00,0.296,0.368,3,5.1
2026-01-19 10:00:00,0.295,0.368,2.7,5.1
2026-01-19 11:00:00,0.295,0.367,2.5,5
2026-01-19 12:00:00,0.295,0.367,2.4,5
2026-01-19 13:00:00,0.295,0.367,2.2,4.9
2026-01-19 14:00:00,0.295,0.367,2.1,4.8
2026-01-19 15:00:00,0.295,0.367,2,4.7
2026-01-19 16:00:00,0.295,0.367,1.8,4.7
2026-01-19 17:00:00,0.295,0.367,1.7,4.6
2026-01-19 18:00:00,0.295,0.367,1.6,4.5
2026-01-19 19:00:00,0.294,0.367,1.6,4.4
2026-01-19 20:00:00,0.294,0.367,1.5,4.4
2026-01-19 21:00:00,0.294,0.367,1.4,4.3
2026-01-19 22:00:00,0.294,0.367,1.3,4.3
2026-01-19 23:00:00,0.294,0.367,1.2,4.2
2026-01-20 00:00:00,0.293,0.367,1.2,4.1
2026-01-20 01:00:00,0.293,0.367,1.2,4.1
2026-01-20 02:00:00,0.293,0.367,1.2,4
2026-01-20 03:00:00,0.293,0.367,1.7,4
2026-01-20 04:00:00,0.292,0.367,2.6,4
2026-01-20 05:00:00,0.291,0.367,3.3,4.1
2026-01-20 06:00:00,0.291,0.367,3.7,4.1
2026-01-20 07:00:00,0.291,0.367,3.6,4.2
2026-01-20 08:00:00,0.291,0.367,3.2,4.3
2026-01-20 09:00:00,0.291,0.367,2.6,4.3
2026-01-20 10:00:00,0.292,0.367,2.2,4.3
2026-01-20 11:00:00,0.292,0.367,1.9,4.3
2026-01-20 12:00:00,0.292,0.366,1.7,4.2
2026-01-20 13:00:00,0.292,0.366,1.5,4.2
2026-01-20 14:00:00,0.292,0.366,1.4,4.1
2026-01-20 15:00:00,0.292,0.366,1.2,4
2026-01-20 16:00:00,0.291,0.366,1.2,4
2026-01-20 17:00:00,0.291,0.366,1.1,3.9
2026-01-20 18:00:00,0.291,0.366,1.1,3.9
2026-01-20 19:00:00,0.291,0.366,1.1,3.8
2026-01-20 20:00:00,0.291,0.365,1,3.8
2026-01-20 21:00:00,0.29,0.365,1,3.7
2026-01-20 22:00:00,0.29,0.365,1,3.7
2026-01-20 23:00:00,0.29,0.365,1,3.7
2026-01-21 00:00:00,0.29,0.365,1,3.7
2026-01-21 01:00:00,0.29,0.365,1,3.6
2026-01-21 02:00:00,0.29,0.365,1,3.6
2026-01-21 03:00:00,0.29,0.365,1,3.6
2026-01-21 04:00:00,0.29,0.365,1,3.6
2026-01-21 05:00:00,0.29,0.365,1,3.6
2026-01-21 06:00:00,0.29,0.364,1.1,3.6
2026-01-21 07:00:00,0.29,0.364,1.1,3.6
2026-01-21 08:00:00,0.29,0.364,1.1,3.6
2026-01-21 09:00:00,0.29,0.364,1.2,3.7
2026-01-21 10:00:00,0.29,0.364,1.2,3.7
2026-01-21 11:00:00,0.29,0.363,1.3,3.7
2026-01-21 12:00:00,0.29,0.363,1.3,3.7
2026-01-21 13:00:00,0.29,0.363,1.3,3.7
2026-01-21 14:00:00,0.29,0.363,1.4,3.7
2026-01-21 15:00:00,0.29,0.363,1.4,3.7
2026-01-21 16:00:00,0.29,0.363,1.4,3.7
2026-01-21 17:00:00,0.29,0.363,1.4,3.7
2026-01-21 18:00:00,0.29,0.363,1.4,3.7
2026-01-21 19:00:00,0.29,0.363,1.4,3.7
2026-01-21 20:00:00,0.29,0.363,1.4,3.7
2026-01-21 21:00:00,0.29,0.363,1.4,3.7
2026-01-21 22:00:00,0.29,0.363,1.5,3.7
2026-01-21 23:00:00,0.29,0.363,1.5,3.7
2026-01-22 00:00:00,0.29,0.363,1.5,3.7
2026-01-22 01:00:00,0.29,0.363,1.5,3.7
2026-01-22 02:00:00,0.29,0.363,1.5,3.7
2026-01-22 03:00:00,0.29,0.363,1.5,3.7
2026-01-22 04:00:00,0.291,0.363,1.5,3.7
2026-01-22 05:00:00,0.291,0.362,1.8,3.8
2026-01-22 06:00:00,0.292,0.363,2.2,3.8
2026-01-22 07:00:00,0.294,0.363,2.3,3.8
2026-01-22 08:00:00,0.295,0.363,1.9,3.8
2026-01-22 09:00:00,0.296,0.363,1.7,3.9
2026-01-22 10:00:00,0.296,0.363,1.6,3.9
2026-01-22 11:00:00,0.297,0.363,1.4,3.8
2026-01-22 12:00:00,0.297,0.363,1.4,3.8
2026-01-22 13:00:00,0.297,0.363,1.3,3.8
2026-01-22 14:00:00,0.297,0.363,1.2,3.7
2026-01-22 15:00:00,0.297,0.364,1.1,3.7
2026-01-22 16:00:00,0.296,0.364,1.1,3.7
2026-01-22 17:00:00,0.296,0.364,1.1,3.6
2026-01-22 18:00:00,0.296,0.364,1,3.6
2026-01-22 19:00:00,0.296,0.364,1,3.6
2026-01-22 20:00:00,0.296,0.364,1,3.5
2026-01-22 21:00:00,0.296,0.364,1,3.5
2026-01-22 22:00:00,0.295,0.364,1,3.5
2026-01-22 23:00:00,0.295,0.364,0.9,3.5
2026-01-23 00:00:00,0.295,0.364,0.9,3.5
2026-01-23 01:00:00,0.295,0.364,1,3.4
2026-01-23 02:00:00,0.295,0.364,1,3.4
2026-01-23 03:00:00,0.296,0.364,1,3.4
2026-01-23 04:00:00,0.297,0.364,1.8,3.4
2026-01-23 05:00:00,0.297,0.364,3.4,3.5
2026-01-23 06:00:00,0.299,0.364,3.9,3.7
2026-01-23 07:00:00,0.3,0.364,3.7,3.8
2026-01-23 08:00:00,0.301,0.364,3.5,4
2026-01-23 09:00:00,0.302,0.364,3,4.1
2026-01-23 10:00:00,0.303,0.364,2.6,4.1
2026-01-23 11:00:00,0.303,0.364,2.4,4.1
2026-01-23 12:00:00,0.303,0.364,2.2,4.1
2026-01-23 13:00:00,0.304,0.364,2,4.1
2026-01-23 14:00:00,0.303,0.364,1.9,4.1
2026-01-23 15:00:00,0.303,0.364,1.8,4.1
2026-01-23 16:00:00,0.303,0.364,1.7,4
2026-01-23 17:00:00,0.303,0.364,1.6,4
2026-01-23 18:00:00,0.303,0.364,1.5,3.9
2026-01-23 19:00:00,0.302,0.364,1.4,3.9
2026-01-23 20:00:00,0.302,0.364,1.3,3.8
2026-01-23 21:00:00,0.302,0.364,1.3,3.8
2026-01-23 22:00:00,0.301,0.364,1.2,3.7
2026-01-23 23:00:00,0.301,0.364,1.2,3.7
2026-01-24 00:00:00,0.301,0.365,1.2,3.7
2026-01-24 01:00:00,0.301,0.365,1.2,3.6
2026-01-24 02:00:00,0.302,0.365,1.3,3.6
2026-01-24 03:00:00,0.301,0.365,2.4,3.6
2026-01-24 04:00:00,0.3,0.365,3.4,3.7
2026-01-24 05:00:00,0.299,0.364,3.9,3.8
2026-01-24 06:00:00,0.299,0.364,4,3.9
2026-01-24 07:00:00,0.299,0.364,4.1,4.1
2026-01-24 08:00:00,0.3,0.364,3.5,4.2
2026-01-24 09:00:00,0.3,0.364,2.9,4.2
2026-01-24 10:00:00,0.3,0.364,2.4,4.2
2026-01-24 11:00:00,0.3,0.364,2.1,4.2
2026-01-24 12:00:00,0.3,0.364,1.9,4.1
2026-01-24 13:00:00,0.299,0.364,1.6,4.1
2026-01-24 14:00:00,0.299,0.364,1.4,4
2026-01-24 15:00:00,0.299,0.364,1.3,3.9
2026-01-24 16:00:00,0.299,0.364,1.1,3.9
2026-01-24 17:00:00,0.299,0.364,1,3.8
2026-01-24 18:00:00,0.299,0.364,0.9,3.7
2026-01-24 19:00:00,0.298,0.364,0.9,3.7
2026-01-24 20:00:00,0.298,0.364,0.9,3.6
2026-01-24 21:00:00,0.298,0.364,0.8,3.6
2026-01-24 22:00:00,0.298,0.364,0.8,3.5
2026-01-24 23:00:00,0.298,0.364,0.7,3.5
2026-01-25 00:00:00,0.297,0.364,0.7,3.4
2026-01-25 01:00:00,0.295,0.364,0.7,3.4
2026-01-25 02:00:00,0.295,0.364,0.7,3.4
2026-01-25 03:00:00,0.295,0.364,0.7,3.4
2026-01-25 04:00:00,0.295,0.364,1,3.4
2026-01-25 05:00:00,0.294,0.364,2.1,3.5
2026-01-25 06:00:00,0.293,0.364,2.8,3.6
2026-01-25 07:00:00,0.292,0.364,3.2,3.7
2026-01-25 08:00:00,0.292,0.364,2.8,3.8
2026-01-25 09:00:00,0.293,0.364,2.3,3.9
2026-01-25 10:00:00,0.293,0.363,1.9,3.9
2026-01-25 11:00:00,0.293,0.363,1.6,3.9
2026-01-25 12:00:00,0.293,0.363,1.4,3.9
2026-01-25 13:00:00,0.293,0.363,1.2,3.8
2026-01-25 14:00:00,0.293,0.363,1.1,3.8
2026-01-25 15:00:00,0.294,0.363,0.9,3.7
2026-01-25 16:00:00,0.294,0.363,0.8,3.6
2026-01-25 17:00:00,0.294,0.363,0.7,3.6
2026-01-25 18:00:00,0.294,0.363,0.6,3.5
2026-01-25 19:00:00,0.293,0.364,0.5,3.4
2026-01-25 20:00:00,0.292,0.364,0.4,3.4
2026-01-25 21:00:00,0.29,0.364,0.4,3.3
2026-01-25 22:00:00,0.287,0.364,0.3,3.3
2026-01-25 23:00:00,0.284,0.364,0.2,3.2
2026-01-26 00:00:00,0.281,0.363,0.2,3.2
2026-01-26 01:00:00,0.279,0.363,0.3,3.2
2026-01-26 02:00:00,0.277,0.363,0.3,3.1
2026-01-26 03:00:00,0.276,0.363,0.3,3.1
2026-01-26 04:00:00,0.277,0.363,0.3,3.1
2026-01-26 05:00:00,0.278,0.363,0.4,3.1
2026-01-26 06:00:00,0.278,0.363,0.4,3.1
2026-01-26 07:00:00,0.279,0.363,0.4,3.1
2026-01-26 08:00:00,0.28,0.363,0.4,3.1
2026-01-26 09:00:00,0.28,0.363,0.4,3.2
2026-01-26 10:00:00,0.281,0.362,0.4,3.2
2026-01-26 11:00:00,0.282,0.362,0.5,3.2
2026-01-26 12:00:00,0.282,0.362,0.5,3.2
2026-01-26 13:00:00,0.283,0.362,0.5,3.2
2026-01-26 14:00:00,0.283,0.362,0.5,3.2
2026-01-26 15:00:00,0.284,0.362,0.5,3.2
2026-01-26 16:00:00,0.284,0.362,0.6,3.2
2026-01-26 17:00:00,0.284,0.362,0.6,3.2
2026-01-26 18:00:00,0.285,0.362,0.6,3.1
2026-01-26 19:00:00,0.285,0.362,0.6,3.1
2026-01-26 20:00:00,0.285,0.362,0.6,3.1
2026-01-26 21:00:00,0.285,0.362,0.6,3.1
2026-01-26 22:00:00,0.285,0.362,0.6,3.1
2026-01-26 23:00:00,0.285,0.362,0.6,3.1
2026-01-27 00:00:00,0.285,0.362,0.6,3.1
2026-01-27 01:00:00,0.286,0.362,0.6,3.1
2026-01-27 02:00:00,0.286,0.362,0.7,3.1
2026-01-27 03:00:00,0.286,0.362,1.3,3.1
2026-01-27 04:00:00,0.285,0.362,2.3,3.2
2026-01-27 05:00:00,0.285,0.362,3.1,3.3
2026-01-27 06:00:00,0.285,0.362,3.5,3.5
2026-01-27 07:00:00,0.285,0.362,3.4,3.6
2026-01-27 08:00:00,0.285,0.361,3.1,3.7
2026-01-27 09:00:00,0.286,0.361,2.5,3.8
2026-01-27 10:00:00,0.286,0.361,2,3.8
2026-01-27 11:00:00,0.286,0.361,1.8,3.8
2026-01-27 12:00:00,0.286,0.361,1.5,3.7
2026-01-27 13:00:00,0.286,0.361,1.4,3.7
2026-01-27 14:00:00,0.286,0.361,1.2,3.6
2026-01-27 15:00:00,0.286,0.361,1.1,3.5
2026-01-27 16:00:00,0.287,0.361,1,3.5
2026-01-27 17:00:00,0.287,0.361,0.9,3.4
2026-01-27 18:00:00,0.287,0.361,0.8,3.4
2026-01-27 19:00:00,0.287,0.361,0.7,3.3
2026-01-27 20:00:00,0.287,0.361,0.7,3.3
2026-01-27 21:00:00,0.287,0.361,0.6,3.2
2026-01-27 22:00:00,0.287,0.361,0.6,3.2
2026-01-27 23:00:00,0.287,0.361,0.5,3.1
2026-01-28 00:00:00,0.286,0.361,0.5,3.1
2026-01-28 01:00:00,0.285,0.361,0.5,3.1
2026-01-28 02:00:00,0.283,0.361,0.5,3
2026-01-28 03:00:00,0.284,0.361,0.5,3
2026-01-28 04:00:00,0.284,0.361,0.8,3
2026-01-28 05:00:00,0.283,0.361,1.8,3.1
2026-01-28 06:00:00,0.283,0.361,2.7,3.2
2026-01-28 07:00:00,0.282,0.361,3,3.3
2026-01-28 08:00:00,0.283,0.36,2.8,3.4
2026-01-28 09:00:00,0.283,0.36,2.2,3.5
2026-01-28 10:00:00,0.283,0.36,1.8,3.5
2026-01-28 11:00:00,0.284,0.36,1.6,3.5
2026-01-28 12:00:00,0.284,0.36,1.4,3.5
2026-01-28 13:00:00,0.284,0.36,1.2,3.4
2026-01-28 14:00:00,0.284,0.36,1.1,3.4
2026-01-28 15:00:00,0.285,0.36,0.9,3.3
2026-01-28 16:00:00,0.285,0.36,0.8,3.3
2026-01-28 17:00:00,0.285,0.36,0.7,3.2
2026-01-28 18:00:00,0.285,0.36,0.6,3.2
2026-01-28 19:00:00,0.285,0.36,0.5,3.1
2026-01-28 20:00:00,0.285,0.36,0.4,3.1
2026-01-28 21:00:00,0.284,0.36,0.4,3
2026-01-28 22:00:00,0.283,0.36,0.3,3
2026-01-28 23:00:00,0.281,0.36,0.2,2.9
2026-01-29 00:00:00,0.279,0.36,0.2,2.9
2026-01-29 01:00:00,0.277,0.36,0.2,2.9
2026-01-29 02:00:00,0.276,0.36,0.3,2.8
2026-01-29 03:00:00,0.275,0.36,0.3,2.8
2026-01-29 04:00:00,0.276,0.36,0.3,2.8
2026-01-29 05:00:00,0.277,0.36,0.4,2.8
2026-01-29 06:00:00,0.277,0.36,1.2,2.9
2026-01-29 07:00:00,0.278,0.36,1.5,3
2026-01-29 08:00:00,0.278,0.359,1.4,3.1
2026-01-29 09:00:00,0.279,0.359,1.2,3.1
2026-01-29 10:00:00,0.28,0.359,1,3.2
2026-01-29 11:00:00,0.28,0.359,0.9,3.2
2026-01-29 12:00:00,0.28,0.359,0.8,3.2
2026-01-29 13:00:00,0.281,0.359,0.8,3.1
2026-01-29 14:00:00,0.281,0.359,0.7,3.1
2026-01-29 15:00:00,0.282,0.359,0.6,3.1
2026-01-29 16:00:00,0.282,0.359,0.5,3
2026-01-29 17:00:00,0.282,0.359,0.5,3
2026-01-29 18:00:00,0.282,0.359,0.4,2.9
2026-01-29 19:00:00,0.282,0.359,0.4,2.9
2026-01-29 20:00:00,0.282,0.359,0.3,2.9
2026-01-29 21:00:00,0.281,0.359,0.3,2.8
2026-01-29 22:00:00,0.281,0.359,0.3,2.8
2026-01-29 23:00:00,0.28,0.359,0.2,2.8
2026-01-30 00:00:00,0.278,0.359,0.2,2.8
2026-01-30 01:00:00,0.277,0.359,0.2,2.7
2026-01-30 02:00:00,0.275,0.359,0.3,2.7
2026-01-30 03:00:00,0.275,0.359,0.3,2.7
2026-01-30 04:00:00,0.275,0.359,0.3,2.7
2026-01-30 05:00:00,0.276,0.359,0.3,2.7
2026-01-30 06:00:00,0.277,0.359,0.4,2.7
2026-01-30 07:00:00,0.277,0.359,0.9,2.8
2026-01-30 08:00:00,0.277,0.358,1.2,2.9
2026-01-30 09:00:00,0.278,0.358,1,2.9
2026-01-30 10:00:00,0.278,0.358,0.8,2.9
2026-01-30 11:00:00,0.278,0.358,0.7,3
2026-01-30 12:00:00,0.278,0.358,0.7,2.9
2026-01-30 13:00:00,0.279,0.358,0.6,2.9
2026-01-30 14:00:00,0.28,0.358,0.6,2.9
2026-01-30 15:00:00,0.28,0.358,0.5,2.9
2026-01-30 16:00:00,0.281,0.358,0.5,2.8
2026-01-30 17:00:00,0.281,0.358,0.4,2.8
2026-01-30 18:00:00,0.281,0.358,0.4,2.8
2026-01-30 19:00:00,0.28,0.358,0.3,2.7
2026-01-30 20:00:00,0.28,0.358,0.2,2.7
2026-01-30 21:00:00,0.278,0.358,0.2,2.7
2026-01-30 22:00:00,0.276,0.358,0.1,2.7
2026-01-30 23:00:00,0.272,0.358,0,2.6
2026-01-31 00:00:00,0.268,0.358,0,2.6
2026-01-31 01:00:00,0.266,0.358,0,2.6
2026-01-31 02:00:00,0.264,0.358,0.1,2.6
2026-01-31 03:00:00,0.264,0.358,0.1,2.5
2026-01-31 04:00:00,0.266,0.358,0.2,2.5
2026-01-31 05:00:00,0.267,0.358,0.2,2.6
2026-01-31 06:00:00,0.269,0.358,0.5,2.6
2026-01-31 07:00:00,0.271,0.357,1.3,2.7
2026-01-31 08:00:00,0.273,0.357,1.4,2.8
2026-01-31 09:00:00,0.274,0.357,1.1,2.9
2026-01-31 10:00:00,0.275,0.357,0.9,2.9
2026-01-31 11:00:00,0.276,0.357,0.8,2.9
2026-01-31 12:00:00,0.276,0.357,0.7,2.9
2026-01-31 13:00:00,0.276,0.357,0.7,2.9
2026-01-31 14:00:00,0.277,0.357,0.6,2.9
2026-01-31 15:00:00,0.277,0.357,0.6,2.9
2026-01-31 16:00:00,0.277,0.357,0.6,2.8
2026-01-31 17:00:00,0.278,0.357,0.5,2.8
2026-01-31 18:00:00,0.278,0.357,0.5,2.8
2026-01-31 19:00:00,0.278,0.357,0.5,2.8
2026-01-31 20:00:00,0.279,0.357,0.5,2.7
2026-01-31 21:00:00,0.279,0.357,0.4,2.7
2026-01-31 22:00:00,0.279,0.357,0.4,2.7
2026-01-31 23:00:00,0.278,0.357,0.4,2.7
2026-02-01 00:00:00,0.278,0.357,0.4,2.7
2026-02-01 01:00:00,0.276,0.357,0.4,2.6
2026-02-01 02:00:00,0.276,0.357,0.5,2.6
2026-02-01 03:00:00,0.277,0.357,0.6,2.6
2026-02-01 04:00:00,0.276,0.357,1.7,2.7
2026-02-01 05:00:00,0.275,0.356,2.9,2.8
2026-02-01 06:00:00,0.275,0.356,3.6,2.9
2026-02-01 07:00:00,0.275,0.356,3.8,3.1
2026-02-01 08:00:00,0.275,0.356,3.5,3.3
2026-02-01 09:00:00,0.276,0.356,2.9,3.4
2026-02-01 10:00:00,0.276,0.356,2.3,3.4
2026-02-01 11:00:00,0.276,0.356,1.9,3.4
2026-02-01 12:00:00,0.276,0.356,1.6,3.4
2026-02-01 13:00:00,0.277,0.356,1.4,3.4
2026-02-01 14:00:00,0.277,0.356,1.2,3.3
2026-02-01 15:00:00,0.277,0.356,1.1,3.3
2026-02-01 16:00:00,0.278,0.356,1,3.2
2026-02-01 17:00:00,0.278,0.356,0.8,3.1
2026-02-01 18:00:00,0.278,0.356,0.7,3.1
2026-02-01 19:00:00,0.278,0.356,0.7,3
2026-02-01 20:00:00,0.278,0.356,0.7,3
2026-02-01 21:00:00,0.278,0.356,0.7,2.9
2026-02-01 22:00:00,0.278,0.356,0.6,2.9
2026-02-01 23:00:00,0.278,0.356,0.6,2.9
2026-02-02 00:00:00,0.277,0.356,0.6,2.8
2026-02-02 01:00:00,0.277,0.356,0.6,2.8
2026-02-02 02:00:00,0.277,0.356,0.6,2.8
2026-02-02 03:00:00,0.276,0.356,0.6,2.8
2026-02-02 04:00:00,0.276,0.356,0.6,2.8
2026-02-02 05:00:00,0.277,0.356,0.6,2.7
2026-02-02 06:00:00,0.277,0.356,0.7,2.8
2026-02-02 07:00:00,0.277,0.355,0.8,2.8
2026-02-02 08:00:00,0.277,0.355,0.8,2.9
2026-02-02 09:00:00,0.277,0.355,0.9,2.9
2026-02-02 10:00:00,0.277,0.355,0.9,2.9
2026-02-02 11:00:00,0.277,0.355,0.8,2.9
2026-02-02 12:00:00,0.277,0.355,0.8,2.9
2026-02-02 13:00:00,0.277,0.355,0.8,2.9
2026-02-02 14:00:00,0.277,0.355,0.7,2.9
2026-02-02 15:00:00,0.277,0.356,0.7,2.9
2026-02-02 16:00:00,0.277,0.356,0.6,2.8
2026-02-02 17:00:00,0.278,0.356,0.5,2.8
2026-02-02 18:00:00,0.278,0.356,0.5,2.8
2026-02-02 19:00:00,0.278,0.356,0.4,2.7
2026-02-02 20:00:00,0.278,0.356,0.4,2.7
2026-02-02 21:00:00,0.277,0.356,0.3,2.7
2026-02-02 22:00:00,0.277,0.356,0.3,2.7
2026-02-02 23:00:00,0.276,0.356,0.2,2.6
2026-02-03 00:00:00,0.274,0.356,0.2,2.6
2026-02-03 01:00:00,0.271,0.356,0.2,2.6
2026-02-03 02:00:00,0.27,0.356,0.2,2.6
2026-02-03 03:00:00,0.27,0.356,0.2,2.5
2026-02-03 04:00:00,0.271,0.356,0.6,2.6
2026-02-03 05:00:00,0.271,0.356,2.2,2.7
2026-02-03 06:00:00,0.271,0.355,3.2,2.9
2026-02-03 07:00:00,0.271,0.355,3.5,3.1
2026-02-03 08:00:00,0.272,0.355,3.2,3.2
2026-02-03 09:00:00,0.273,0.355,2.7,3.4
2026-02-03 10:00:00,0.273,0.355,2.3,3.5
2026-02-03 11:00:00,0.274,0.355,1.9,3.5
2026-02-03 12:00:00,0.274,0.355,1.7,3.5
2026-02-03 13:00:00,0.275,0.355,1.6,3.5
2026-02-03 14:00:00,0.275,0.355,1.4,3.4
2026-02-03 15:00:00,0.275,0.355,1.4,3.4
2026-02-03 16:00:00,0.275,0.355,1.2,3.3
2026-02-03 17:00:00,0.275,0.355,1.2,3.3
2026-02-03 18:00:00,0.275,0.355,1.1,3.3
2026-02-03 19:00:00,0.275,0.355,1,3.2
2026-02-03 20:00:00,0.276,0.355,0.9,3.2
2026-02-03 21:00:00,0.276,0.355,0.8,3.1
2026-02-03 22:00:00,0.277,0.355,0.8,3.1
2026-02-03 23:00:00,0.277,0.355,0.7,3
2026-02-04 00:00:00,0.277,0.355,0.6,3
2026-02-04 01:00:00,0.275,0.355,0.6,2.9
2026-02-04 02:00:00,0.275,0.355,0.6,2.9
2026-02-04 03:00:00,0.276,0.355,0.9,2.9
2026-02-04 04:00:00,0.274,0.355,2.6,2.9
2026-02-04 05:00:00,0.273,0.355,4,3.1
2026-02-04 06:00:00,0.273,0.355,5.1,3.2
2026-02-04 07:00:00,0.272,0.355,5.5,3.5
2026-02-04 08:00:00,0.273,0.355,5.1,3.7
2026-02-04 09:00:00,0.273,0.354,4.6,3.8
2026-02-04 10:00:00,0.274,0.354,4,3.9
2026-02-04 11:00:00,0.274,0.354,3.4,4
2026-02-04 12:00:00,0.275,0.354,3,4
2026-02-04 13:00:00,0.275,0.354,2.7,4
2026-02-04 14:00:00,0.275,0.354,2.5,4
2026-02-04 15:00:00,0.275,0.354,2.4,3.9
2026-02-04 16:00:00,0.275,0.354,2.4,3.9
2026-02-04 17:00:00,0.275,0.354,2.4,3.8
2026-02-04 18:00:00,0.275,0.354,2.4,3.8
2026-02-04 19:00:00,0.275,0.354,2.3,3.8
2026-02-04 20:00:00,0.275,0.354,2.2,3.8
2026-02-04 21:00:00,0.275,0.354,2.1,3.8
2026-02-04 22:00:00,0.275,0.354,1.9,3.7
2026-02-04 23:00:00,0.275,0.354,1.9,3.7
2026-02-05 00:00:00,0.275,0.354,2.2,3.7
2026-02-05 01:00:00,0.274,0.354,2.9,3.7
2026-02-05 02:00:00,0.274,0.354,4,3.7
2026-02-05 03:00:00,0.273,0.354,5.4,3.8
2026-02-05 04:00:00,0.272,0.354,6.5,3.9
2026-02-05 05:00:00,0.272,0.354,7.3,4.1
2026-02-05 06:00:00,0.272,0.354,7.9,4.3
2026-02-05 07:00:00,0.272,0.353,8.1,4.6
2026-02-05 08:00:00,0.272,0.353,7.7,4.8
2026-02-05 09:00:00,0.273,0.353,7,5
2026-02-05 10:00:00,0.273,0.353,6.4,5.1
2026-02-05 11:00:00,0.273,0.353,5.9,5.1
2026-02-05 12:00:00,0.274,0.353,5.6,5.1
2026-02-05 13:00:00,0.274,0.353,5.1,5.1
2026-02-05 14:00:00,0.274,0.353,4.9,5.1
2026-02-05 15:00:00,0.274,0.353,4.6,5.1
2026-02-05 16:00:00,0.274,0.353,4.2,5
2026-02-05 17:00:00,0.275,0.353,3.9,5
2026-02-05 18:00:00,0.275,0.353,3.6,4.9
2026-02-05 19:00:00,0.275,0.353,3.4,4.8
2026-02-05 20:00:00,0.275,0.353,3.1,4.8
2026-02-05 21:00:00,0.275,0.353,2.9,4.7
2026-02-05 22:00:00,0.275,0.353,2.8,4.6
2026-02-05 23:00:00,0.275,0.353,2.6,4.5
2026-02-06 00:00:00,0.275,0.353,2.5,4.4
2026-02-06 01:00:00,0.275,0.353,2.6,4.4
2026-02-06 02:00:00,0.274,0.353,3.3,4.3
2026-02-06 03:00:00,0.274,0.353,4.1,4.3
2026-02-06 04:00:00,0.273,0.353,4.9,4.3
2026-02-06 05:00:00,0.273,0.353,5.6,4.4
2026-02-06 06:00:00,0.273,0.353,5.8,4.5
2026-02-06 07:00:00,0.273,0.353,5.6,4.6
2026-02-06 08:00:00,0.273,0.352,5,4.7
2026-02-06 09:00:00,0.274,0.352,4.3,4.8
2026-02-06 10:00:00,0.274,0.352,3.7,4.8
2026-02-06 11:00:00,0.274,0.352,3.3,4.7
2026-02-06 12:00:00,0.274,0.352,3,4.6
2026-02-06 13:00:00,0.274,0.352,2.8,4.6
2026-02-06 14:00:00,0.274,0.352,2.6,4.5
2026-02-06 15:00:00,0.274,0.352,2.4,4.4
2026-02-06 16:00:00,0.274,0.353,2.2,4.3
2026-02-06 17:00:00,0.274,0.353,2.1,4.2
2026-02-06 18:00:00,0.274,0.353,2,4.1
2026-02-06 19:00:00,0.274,0.353,1.9,4.1
2026-02-06 20:00:00,0.274,0.353,1.8,4
2026-02-06 21:00:00,0.274,0.353,1.7,3.9
2026-02-06 22:00:00,0.274,0.353,1.5,3.8
2026-02-06 23:00:00,0.274,0.353,1.4,3.8
2026-02-07 00:00:00,0.274,0.353,1.4,3.7
2026-02-07 01:00:00,0.274,0.353,1.4,3.7
2026-02-07 02:00:00,0.274,0.353,1.4,3.6
2026-02-07 03:00:00,0.274,0.353,1.8,3.6
2026-02-07 04:00:00,0.273,0.353,2.1,3.6
2026-02-07 05:00:00,0.273,0.352,2.5,3.6
2026-02-07 06:00:00,0.273,0.352,3,3.6
2026-02-07 07:00:00,0.273,0.352,3.2,3.7
2026-02-07 08:00:00,0.273,0.352,2.9,3.7
2026-02-07 09:00:00,0.273,0.352,2.4,3.7
2026-02-07 10:00:00,0.273,0.352,2.1,3.7
2026-02-07 11:00:00,0.273,0.352,1.9,3.7
2026-02-07 12:00:00,0.273,0.352,1.7,3.7
2026-02-07 13:00:00,0.273,0.352,1.6,3.6
2026-02-07 14:00:00,0.273,0.352,1.6,3.6
2026-02-07 15:00:00,0.273,0.352,1.5,3.5
2026-02-07 16:00:00,0.273,0.352,1.5,3.5
2026-02-07 17:00:00,0.273,0.352,1.5,3.5
2026-02-07 18:00:00,0.273,0.352,1.5,3.4
2026-02-07 19:00:00,0.273,0.352,1.5,3.4
2026-02-07 20:00:00,0.273,0.352,1.5,3.4
2026-02-07 21:00:00,0.273,0.352,1.5,3.4
2026-02-07 22:00:00,0.273,0.352,1.5,3.4
2026-02-07 23:00:00,0.273,0.352,1.5,3.4
2026-02-08 00:00:00,0.273,0.352,1.5,3.4
2026-02-08 01:00:00,0.273,0.352,1.5,3.4
2026-02-08 02:00:00,0.273,0.352,1.5,3.4
2026-02-08 03:00:00,0.273,0.352,1.6,3.4
2026-02-08 04:00:00,0.273,0.352,1.6,3.4
2026-02-08 05:00:00,0.273,0.351,1.6,3.4
2026-02-08 06:00:00,0.273,0.351,1.6,3.4
2026-02-08 07:00:00,0.273,0.351,1.6,3.4
2026-02-08 08:00:00,0.273,0.351,1.6,3.4
2026-02-08 09:00:00,0.273,0.351,1.6,3.4
2026-02-08 10:00:00,0.273,0.351,1.6,3.4
2026-02-08 11:00:00,0.273,0.351,1.6,3.4
2026-02-08 12:00:00,0.273,0.351,1.6,3.4
2026-02-08 13:00:00,0.273,0.351,1.6,3.4
2026-02-08 14:00:00,0.273,0.351,1.6,3.4
2026-02-08 15:00:00,0.273,0.351,1.6,3.4
2026-02-08 16:00:00,0.273,0.351,1.6,3.3
2026-02-08 17:00:00,0.273,0.351,1.6,3.3
2026-02-08 18:00:00,0.273,0.351,1.6,3.3
2026-02-08 19:00:00,0.273,0.351,1.5,3.3
2026-02-08 20:00:00,0.273,0.351,1.5,3.3
2026-02-08 21:00:00,0.273,0.351,1.5,3.3
2026-02-08 22:00:00,0.273,0.351,1.5,3.3
2026-02-08 23:00:00,0.273,0.351,1.4,3.3
2026-02-09 00:00:00,0.273,0.351,1.4,3.3
2026-02-09 01:00:00,0.273,0.351,1.4,3.3
2026-02-09 02:00:00,0.273,0.351,1.4,3.2
2026-02-09 03:00:00,0.273,0.351,1.4,3.2
2026-02-09 04:00:00,0.275,0.351,1.4,3.2
2026-02-09 05:00:00,0.275,0.352,1.9,3.2
2026-02-09 06:00:00,0.275,0.352,3.3,3.3
2026-02-09 07:00:00,0.276,0.354,4.1,3.4
2026-02-09 08:00:00,0.278,0.356,4,3.6
2026-02-09 09:00:00,0.28,0.357,3.4,3.7
2026-02-09 10:00:00,0.281,0.358,2.8,3.8
2026-02-09 11:00:00,0.282,0.359,2.5,3.8
2026-02-09 12:00:00,0.282,0.359,2.3,3.8
2026-02-09 13:00:00,0.283,0.359,2.1,3.8
2026-02-09 14:00:00,0.283,0.359,2,3.8
2026-02-09 15:00:00,0.284,0.36,1.8,3.7
2026-02-09 16:00:00,0.284,0.36,1.7,3.7
2026-02-09 17:00:00,0.284,0.36,1.6,3.6
2026-02-09 18:00:00,0.284,0.36,1.5,3.5
2026-02-09 19:00:00,0.284,0.36,1.5,3.5
2026-02-09 20:00:00,0.284,0.36,1.4,3.5
2026-02-09 21:00:00,0.284,0.36,1.4,3.4
2026-02-09 22:00:00,0.284,0.36,1.4,3.4
2026-02-09 23:00:00,0.284,0.36,1.4,3.3
2026-02-10 00:00:00,0.284,0.36,1.3,3.3
2026-02-10 01:00:00,0.284,0.36,1.3,3.3
2026-02-10 02:00:00,0.285,0.36,1.3,3.3
2026-02-10 03:00:00,0.286,0.36,1.5,3.3
2026-02-10 04:00:00,0.286,0.36,2,3.3
2026-02-10 05:00:00,0.291,0.359,2.5,3.3
2026-02-10 06:00:00,0.31,0.359,2.8,3.4
2026-02-10 07:00:00,0.318,0.36,2.9,3.5
2026-02-10 08:00:00,0.32,0.36,2.9,3.5
2026-02-10 09:00:00,0.32,0.361,2.8,3.6
2026-02-10 10:00:00,0.32,0.361,2.8,3.6
2026-02-10 11:00:00,0.32,0.362,2.7,3.7
2026-02-10 12:00:00,0.32,0.363,2.7,3.7
2026-02-10 13:00:00,0.321,0.364,2.6,3.7
2026-02-10 14:00:00,0.321,0.364,2.6,3.7
2026-02-10 15:00:00,0.321,0.365,2.6,3.7
2026-02-10 16:00:00,0.321,0.365,2.5,3.7
2026-02-10 17:00:00,0.32,0.365,2.5,3.7
2026-02-10 18:00:00,0.32,0.365,2.4,3.7
2026-02-10 19:00:00,0.32,0.365,2.2,3.7
2026-02-10 20:00:00,0.32,0.365,2,3.7
2026-02-10 21:00:00,0.319,0.365,1.9,3.7
2026-02-10 22:00:00,0.317,0.365,1.9,3.7
2026-02-10 23:00:00,0.316,0.365,1.8,3.7
2026-02-11 00:00:00,0.317,0.365,1.8,3.6
2026-02-11 01:00:00,0.318,0.365,2.4,3.6
2026-02-11 02:00:00,0.318,0.365,3.3,3.6
2026-02-11 03:00:00,0.317,0.365,4.5,3.7
2026-02-11 04:00:00,0.315,0.365,5.4,3.8
2026-02-11 05:00:00,0.314,0.365,5.5,3.9
2026-02-11 06:00:00,0.313,0.365,5.9,4.1
2026-02-11 07:00:00,0.312,0.365,6.1,4.3
2026-02-11 08:00:00,0.311,0.365,5.7,4.4
2026-02-11 09:00:00,0.311,0.364,5.1,4.5
2026-02-11 10:00:00,0.311,0.364,4.5,4.6
2026-02-11 11:00:00,0.31,0.364,4,4.6
2026-02-11 12:00:00,0.31,0.364,3.6,4.6
2026-02-11 13:00:00,0.31,0.364,3.2,4.6
2026-02-11 14:00:00,0.309,0.364,3,4.5
2026-02-11 15:00:00,0.309,0.364,2.7,4.4
2026-02-11 16:00:00,0.308,0.363,2.5,4.4
2026-02-11 17:00:00,0.308,0.363,2.4,4.3
2026-02-11 18:00:00,0.307,0.363,2.2,4.2
2026-02-11 19:00:00,0.307,0.363,2,4.1
2026-02-11 20:00:00,0.306,0.363,1.9,4.1
2026-02-11 21:00:00,0.306,0.363,1.8,4
2026-02-11 22:00:00,0.305,0.363,1.7,3.9
2026-02-11 23:00:00,0.305,0.363,1.6,3.8
2026-02-12 00:00:00,0.305,0.363,1.6,3.8
2026-02-12 01:00:00,0.305,0.363,1.6,3.7
2026-02-12 02:00:00,0.305,0.363,1.9,3.7
2026-02-12 03:00:00,0.303,0.363,3.7,3.7
2026-02-12 04:00:00,0.302,0.363,5.4,3.7
2026-02-12 05:00:00,0.301,0.363,6.6,3.9
2026-02-12 06:00:00,0.3,0.362,7.1,4.2
2026-02-12 07:00:00,0.3,0.362,7.2,4.4
2026-02-12 08:00:00,0.3,0.362,6.9,4.6
2026-02-12 09:00:00,0.3,0.362,6.2,4.8
2026-02-12 10:00:00,0.301,0.361,5.3,4.9
2026-02-12 11:00:00,0.301,0.361,4.6,4.9
2026-02-12 12:00:00,0.301,0.361,4.1,4.9
2026-02-12 13:00:00,0.301,0.361,3.6,4.8
2026-02-12 14:00:00,0.301,0.361,3.3,4.8
2026-02-12 15:00:00,0.301,0.361,3,4.7
2026-02-12 16:00:00,0.301,0.361,2.7,4.6
2026-02-12 17:00:00,0.301,0.361,2.5,4.5
2026-02-12 18:00:00,0.3,0.361,2.3,4.4
2026-02-12 19:00:00,0.3,0.361,2.1,4.4
2026-02-12 20:00:00,0.3,0.361,1.9,4.3
2026-02-12 21:00:00,0.3,0.361,1.8,4.2
2026-02-12 22:00:00,0.299,0.361,1.7,4.1
2026-02-12 23:00:00,0.299,0.361,1.5,4
2026-02-13 00:00:00,0.299,0.361,1.5,3.9
2026-02-13 01:00:00,0.299,0.361,1.5,3.9
2026-02-13 02:00:00,0.299,0.361,1.8,3.8
2026-02-13 03:00:00,0.298,0.361,3.4,3.8
2026-02-13 04:00:00,0.296,0.361,5.2,3.9
2026-02-13 05:00:00,0.295,0.36,6.6,4.1
2026-02-13 06:00:00,0.294,0.36,7.3,4.3
2026-02-13 07:00:00,0.294,0.36,7.7,4.5
2026-02-13 08:00:00,0.294,0.36,7.4,4.8
2026-02-13 09:00:00,0.294,0.359,6.8,4.9
2026-02-13 10:00:00,0.294,0.359,6,5.1
2026-02-13 11:00:00,0.295,0.359,5.3,5.1
2026-02-13 12:00:00,0.295,0.359,4.6,5.1
2026-02-13 13:00:00,0.295,0.359,4.2,5.1
2026-02-13 14:00:00,0.296,0.359,3.8,5
2026-02-13 15:00:00,0.296,0.359,3.5,5
2026-02-13 16:00:00,0.296,0.359,3.2,4.9
2026-02-13 17:00:00,0.296,0.359,3,4.8
2026-02-13 18:00:00,0.295,0.359,2.8,4.8
2026-02-13 19:00:00,0.295,0.359,2.6,4.7
2026-02-13 20:00:00,0.295,0.359,2.4,4.6
2026-02-13 21:00:00,0.295,0.359,2.3,4.5
2026-02-13 22:00:00,0.295,0.359,2.2,4.4
2026-02-13 23:00:00,0.295,0.359,2.1,4.4
2026-02-14 00:00:00,0.295,0.359,2.1,4.3
2026-02-14 01:00:00,0.294,0.359,2.7,4.3
2026-02-14 02:00:00,0.293,0.359,3.7,4.3
2026-02-14 03:00:00,0.292,0.358,5.1,4.3
2026-02-14 04:00:00,0.291,0.358,5.9,4.4
2026-02-14 05:00:00,0.29,0.358,6.6,4.6
2026-02-14 06:00:00,0.29,0.358,7.1,4.7
2026-02-14 07:00:00,0.29,0.358,7.3,4.9
2026-02-14 08:00:00,0.29,0.358,7.4,5
2026-02-14 09:00:00,0.29,0.357,7.2,5.2
2026-02-14 10:00:00,0.29,0.357,6.7,5.3
2026-02-14 11:00:00,0.29,0.357,6.2,5.4
2026-02-14 12:00:00,0.29,0.357,5.7,5.4
2026-02-14 13:00:00,0.291,0.357,5.2,5.4
2026-02-14 14:00:00,0.291,0.357,4.8,5.4
2026-02-14 15:00:00,0.291,0.357,4.4,5.3
2026-02-14 16:00:00,0.291,0.357,4.1,5.3
2026-02-14 17:00:00,0.291,0.357,3.8,5.2
2026-02-14 18:00:00,0.291,0.357,3.6,5.2
2026-02-14 19:00:00,0.291,0.357,3.5,5.1
2026-02-14 20:00:00,0.291,0.357,3.4,5
2026-02-14 21:00:00,0.291,0.357,3.5,5
2026-02-14 22:00:00,0.291,0.357,3.5,4.9
2026-02-14 23:00:00,0.29,0.357,3.5,4.9
2026-02-15 00:00:00,0.29,0.357,3.9,4.9
2026-02-15 01:00:00,0.289,0.357,4.7,4.8
2026-02-15 02:00:00,0.288,0.357,5.7,4.9
2026-02-15 03:00:00,0.287,0.357,6.8,5
2026-02-15 04:00:00,0.286,0.356,7.8,5.1
2026-02-15 05:00:00,0.286,0.356,8.5,5.3
2026-02-15 06:00:00,0.285,0.356,8.9,5.5
2026-02-15 07:00:00,0.286,0.356,8.7,5.7
2026-02-15 08:00:00,0.286,0.355,8.4,5.9
2026-02-15 09:00:00,0.286,0.355,7.7,6
2026-02-15 10:00:00,0.286,0.355,7,6
2026-02-15 11:00:00,0.287,0.355,6.4,6.1
2026-02-15 12:00:00,0.287,0.355,5.8,6
2026-02-15 13:00:00,0.287,0.355,5.3,6
2026-02-15 14:00:00,0.288,0.355,4.8,5.9
2026-02-15 15:00:00,0.288,0.355,4.4,5.8
2026-02-15 16:00:00,0.288,0.355,4.1,5.8
2026-02-15 17:00:00,0.288,0.355,3.8,5.7
2026-02-15 18:00:00,0.288,0.355,3.6,5.6
2026-02-15 19:00:00,0.288,0.355,3.3,5.5
2026-02-15 20:00:00,0.288,0.355,3.1,5.4
2026-02-15 21:00:00,0.288,0.355,2.9,5.3
2026-02-15 22:00:00,0.288,0.355,2.8,5.2
2026-02-15 23:00:00,0.288,0.355,2.7,5.1
2026-02-16 00:00:00,0.287,0.355,2.8,5
2026-02-16 01:00:00,0.287,0.355,3.2,4.9
2026-02-16 02:00:00,0.286,0.355,4,4.9
2026-02-16 03:00:00,0.285,0.355,5,4.9
2026-02-16 04:00:00,0.284,0.355,6,5
2026-02-16 05:00:00,0.283,0.355,6.8,5.1
2026-02-16 06:00:00,0.283,0.355,7.4,5.2
2026-02-16 07:00:00,0.283,0.354,7.6,5.4
2026-02-16 08:00:00,0.283,0.354,7.2,5.5
2026-02-16 09:00:00,0.283,0.354,6.5,5.6
2026-02-16 10:00:00,0.284,0.354,5.7,5.7
2026-02-16 11:00:00,0.284,0.354,5.1,5.7
2026-02-16 12:00:00,0.284,0.354,4.6,5.6
2026-02-16 13:00:00,0.285,0.354,4.2,5.6
2026-02-16 14:00:00,0.285,0.354,3.9,5.5
2026-02-16 15:00:00,0.285,0.354,3.5,5.4
2026-02-16 16:00:00,0.285,0.354,3.2,5.3
2026-02-16 17:00:00,0.285,0.354,2.9,5.2
2026-02-16 18:00:00,0.285,0.354,2.7,5.1
2026-02-16 19:00:00,0.285,0.354,2.5,5
2026-02-16 20:00:00,0.284,0.354,2.2,4.9
2026-02-16 21:00:00,0.284,0.354,2,4.8
2026-02-16 22:00:00,0.284,0.354,1.8,4.7
2026-02-16 23:00:00,0.284,0.354,1.7,4.6
2026-02-17 00:00:00,0.284,0.354,1.6,4.5
2026-02-17 01:00:00,0.284,0.354,1.6,4.5
2026-02-17 02:00:00,0.283,0.354,2.6,4.4
2026-02-17 03:00:00,0.282,0.354,4.4,4.4
2026-02-17 04:00:00,0.281,0.354,5.8,4.5
2026-02-17 05:00:00,0.28,0.354,6.7,4.7
2026-02-17 06:00:00,0.279,0.353,7,4.8
2026-02-17 07:00:00,0.279,0.353,7,5.1
2026-02-17 08:00:00,0.279,0.353,6.7,5.2
2026-02-17 09:00:00,0.28,0.353,6.1,5.3
2026-02-17 10:00:00,0.28,0.353,5.3,5.4
2026-02-17 11:00:00,0.281,0.353,4.6,5.4
2026-02-17 12:00:00,0.281,0.353,3.9,5.3
2026-02-17 13:00:00,0.282,0.353,3.5,5.3
2026-02-17 14:00:00,0.282,0.352,3.2,5.2
2026-02-17 15:00:00,0.282,0.353,2.9,5.1
2026-02-17 16:00:00,0.282,0.353,2.6,5
2026-02-17 17:00:00,0.282,0.353,2.4,4.9
2026-02-17 18:00:00,0.282,0.353,2.2,4.8
2026-02-17 19:00:00,0.282,0.353,1.9,4.7
2026-02-17 20:00:00,0.282,0.353,1.8,4.6
2026-02-17 21:00:00,0.282,0.353,1.6,4.5
2026-02-17 22:00:00,0.282,0.353,1.4,4.4
2026-02-17 23:00:00,0.282,0.353,1.3,4.3
2026-02-18 00:00:00,0.282,0.353,1.3,4.2
2026-02-18 01:00:00,0.281,0.353,1.3,4.1
2026-02-18 02:00:00,0.281,0.353,1.6,4.1
2026-02-18 03:00:00,0.28,0.353,3.2,4.1
2026-02-18 04:00:00,0.278,0.353,4.6,4.1
2026-02-18 05:00:00,0.277,0.352,5.7,4.3
2026-02-18 06:00:00,0.277,0.352,6.4,4.5
2026-02-18 07:00:00,0.277,0.352,6.7,4.7
2026-02-18 08:00:00,0.277,0.352,6.5,4.8
2026-02-18 09:00:00,0.278,0.352,5.9,5
2026-02-18 10:00:00,0.278,0.351,5.1,5
2026-02-18 11:00:00,0.279,0.351,4.5,5.1
2026-02-18 12:00:00,0.279,0.351,4,5
2026-02-18 13:00:00,0.28,0.351,3.5,5
2026-02-18 14:00:00,0.28,0.351,3.2,4.9
2026-02-18 15:00:00,0.28,0.351,2.9,4.9
2026-02-18 16:00:00,0.28,0.351,2.6,4.8
2026-02-18 17:00:00,0.28,0.351,2.3,4.7
2026-02-18 18:00:00,0.28,0.351,2.1,4.6
2026-02-18 19:00:00,0.28,0.351,1.9,4.5
2026-02-18 20:00:00,0.28,0.351,1.7,4.4
2026-02-18 21:00:00,0.28,0.351,1.5,4.3
2026-02-18 22:00:00,0.281,0.351,1.4,4.3
2026-02-18 23:00:00,0.28,0.351,1.2,4.2
2026-02-19 00:00:00,0.28,0.351,1.2,4.1
2026-02-19 01:00:00,0.28,0.351,1.2,4
2026-02-19 02:00:00,0.28,0.351,1.7,3.9
2026-02-19 03:00:00,0.278,0.351,3.6,3.9
2026-02-19 04:00:00,0.276,0.351,5.2,4
2026-02-19 05:00:00,0.275,0.351,6.5,4.2
2026-02-19 06:00:00,0.274,0.351,7.2,4.4
2026-02-19 07:00:00,0.274,0.351,7.4,4.7
2026-02-19 08:00:00,0.275,0.35,7,4.9
2026-02-19 09:00:00,0.275,0.35,6.4,5
2026-02-19 10:00:00,0.276,0.35,5.7,5.1
2026-02-19 11:00:00,0.276,0.35,5,5.2
2026-02-19 12:00:00,0.277,0.35,4.4,5.2
2026-02-19 13:00:00,0.277,0.35,3.9,5.1
2026-02-19 14:00:00,0.277,0.35,3.4,5.1
2026-02-19 15:00:00,0.278,0.35,3.1,5
2026-02-19 16:00:00,0.278,0.35,2.9,4.9
2026-02-19 17:00:00,0.278,0.35,2.7,4.8
2026-02-19 18:00:00,0.278,0.35,2.5,4.7
2026-02-19 19:00:00,0.278,0.35,2.3,4.7
2026-02-19 20:00:00,0.278,0.35,2.1,4.6
2026-02-19 21:00:00,0.278,0.35,1.9,4.5
2026-02-19 22:00:00,0.278,0.35,1.8,4.4
2026-02-19 23:00:00,0.278,0.35,1.6,4.3
2026-02-20 00:00:00,0.278,0.35,1.6,4.2
2026-02-20 01:00:00,0.278,0.35,1.8,4.2
2026-02-20 02:00:00,0.277,0.35,3.2,4.1
2026-02-20 03:00:00,0.275,0.35,5,4.1
2026-02-20 04:00:00,0.274,0.35,6.6,4.3
2026-02-20 05:00:00,0.273,0.35,7.7,4.5
2026-02-20 06:00:00,0.272,0.349,8.3,4.7
2026-02-20 07:00:00,0.272,0.349,8.5,5
2026-02-20 08:00:00,0.273,0.349,8.3,5.2
2026-02-20 09:00:00,0.274,0.348,7.7,5.4
2026-02-20 10:00:00,0.274,0.348,6.8,5.5
2026-02-20 11:00:00,0.275,0.348,6,5.5
2026-02-20 12:00:00,0.275,0.348,5.4,5.5
2026-02-20 13:00:00,0.276,0.348,4.9,5.5
2026-02-20 14:00:00,0.276,0.348,4.4,5.4
2026-02-20 15:00:00,0.276,0.348,4,5.4
2026-02-20 16:00:00,0.276,0.348,3.6,5.3
2026-02-20 17:00:00,0.277,0.348,3.2,5.2
2026-02-20 18:00:00,0.276,0.348,3,5.1
2026-02-20 19:00:00,0.277,0.348,2.7,5
2026-02-20 20:00:00,0.277,0.348,2.5,4.9
2026-02-20 21:00:00,0.276,0.348,2.4,4.9
2026-02-20 22:00:00,0.276,0.348,2.2,4.8
2026-02-20 23:00:00,0.276,0.348,2.1,4.7
2026-02-21 00:00:00,0.276,0.348,2.5,4.6
2026-02-21 01:00:00,0.275,0.348,3.8,4.6
2026-02-21 02:00:00,0.274,0.348,5.4,4.6
2026-02-21 03:00:00,0.272,0.348,6.9,4.6
2026-02-21 04:00:00,0.271,0.348,8.3,4.8
2026-02-21 05:00:00,0.27,0.348,9.4,5
2026-02-21 06:00:00,0.27,0.347,10.1,5.3
2026-02-21 07:00:00,0.269,0.347,10.4,5.6
2026-02-21 08:00:00,0.27,0.347,10.2,5.8
2026-02-21 09:00:00,0.27,0.347,9.6,6
2026-02-21 10:00:00,0.271,0.346,8.9,6.2
2026-02-21 11:00:00,0.271,0.346,8.2,6.2
2026-02-21 12:00:00,0.271,0.346,7.6,6.3
2026-02-21 13:00:00,0.272,0.346,7.1,6.3
2026-02-21 14:00:00,0.272,0.346,6.7,6.2
2026-02-21 15:00:00,0.272,0.346,6.4,6.2
2026-02-21 16:00:00,0.272,0.346,6.1,6.2
2026-02-21 17:00:00,0.272,0.346,5.8,6.1
2026-02-21 18:00:00,0.272,0.346,5.5,6
2026-02-21 19:00:00,0.272,0.346,5.4,6
2026-02-21 20:00:00,0.272,0.346,5.6,5.9
2026-02-21 21:00:00,0.272,0.346,5.7,5.9
2026-02-21 22:00:00,0.272,0.346,5.9,5.9
2026-02-21 23:00:00,0.271,0.346,6.2,5.9
2026-02-22 00:00:00,0.271,0.346,6.8,5.9
2026-02-22 01:00:00,0.27,0.346,7.6,5.9
2026-02-22 02:00:00,0.27,0.346,8,6
2026-02-22 03:00:00,0.269,0.345,8.2,6.1
2026-02-22 04:00:00,0.269,0.345,9,6.2
2026-02-22 05:00:00,0.268,0.345,9.7,6.3
2026-02-22 06:00:00,0.268,0.345,10.1,6.5
2026-02-22 07:00:00,0.268,0.345,9.9,6.6
2026-02-22 08:00:00,0.268,0.345,9.5,6.8
2026-02-22 09:00:00,0.269,0.344,8.8,6.9
2026-02-22 10:00:00,0.269,0.344,8,6.9
2026-02-22 11:00:00,0.27,0.344,7.2,6.9
2026-02-22 12:00:00,0.27,0.344,6.5,6.9
2026-02-22 13:00:00,0.271,0.344,5.9,6.8
2026-02-22 14:00:00,0.271,0.344,5.3,6.7
2026-02-22 15:00:00,0.271,0.344,4.8,6.6
2026-02-22 16:00:00,0.271,0.344,4.3,6.4
2026-02-22 17:00:00,0.272,0.344,3.9,6.3
2026-02-22 18:00:00,0.272,0.344,3.5,6.2
2026-02-22 19:00:00,0.272,0.344,3.3,6
2026-02-22 20:00:00,0.272,0.345,3,5.9
2026-02-22 21:00:00,0.272,0.345,2.8,5.8
2026-02-22 22:00:00,0.272,0.345,2.5,5.7
2026-02-22 23:00:00,0.272,0.345,2.4,5.5
2026-02-23 00:00:00,0.272,0.345,2.5,5.4
2026-02-23 01:00:00,0.271,0.345,3.5,5.3
2026-02-23 02:00:00,0.27,0.345,4.9,5.2
2026-02-23 03:00:00,0.269,0.345,6.7,5.3
2026-02-23 04:00:00,0.267,0.344,8.3,5.4
2026-02-23 05:00:00,0.266,0.344,9.4,5.5
2026-02-23 06:00:00,0.266,0.344,10.2,5.7
2026-02-23 07:00:00,0.266,0.344,10.4,5.9
2026-02-23 08:00:00,0.266,0.343,9.9,6.1
2026-02-23 09:00:00,0.266,0.343,8.8,6.2
2026-02-23 10:00:00,0.267,0.343,7.6,6.3
2026-02-23 11:00:00,0.268,0.343,6.6,6.3
2026-02-23 12:00:00,0.268,0.343,5.8,6.2
2026-02-23 13:00:00,0.268,0.343,5.2,6.2
2026-02-23 14:00:00,0.268,0.343,4.6,6.1
2026-02-23 15:00:00,0.268,0.343,4.3,6
2026-02-23 16:00:00,0.269,0.343,4,5.9
2026-02-23 17:00:00,0.269,0.343,3.7,5.9
2026-02-23 18:00:00,0.269,0.343,3.4,5.8
2026-02-23 19:00:00,0.269,0.343,3.2,5.7
2026-02-23 20:00:00,0.269,0.343,3.1,5.6
2026-02-23 21:00:00,0.268,0.343,3.1,5.5
2026-02-23 22:00:00,0.268,0.343,3.2,5.5
2026-02-23 23:00:00,0.268,0.343,3.3,5.4
2026-02-24 00:00:00,0.268,0.343,3.5,5.4
2026-02-24 01:00:00,0.268,0.343,3.5,5.3
2026-02-24 02:00:00,0.268,0.343,3.7,5.3
2026-02-24 03:00:00,0.277,0.343,4,5.3
2026-02-24 04:00:00,0.337,0.345,4.1,5.3
2026-02-24 05:00:00,0.345,0.391,4.3,5.2
2026-02-24 06:00:00,0.346,0.392,4.5,5.2
2026-02-24 07:00:00,0.347,0.393,4.7,5.2
2026-02-24 08:00:00,0.346,0.393,4.7,5.2
2026-02-24 09:00:00,0.344,0.393,4.6,5.2
2026-02-24 10:00:00,0.342,0.393,4.5,5.2
2026-02-24 11:00:00,0.341,0.393,4.4,5.3
2026-02-24 12:00:00,0.339,0.393,4.1,5.3
2026-02-24 13:00:00,0.339,0.393,3.6,5.2
2026-02-24 14:00:00,0.338,0.393,3,5.2
2026-02-24 15:00:00,0.337,0.393,2.7,5.2
2026-02-24 16:00:00,0.335,0.393,2.4,5.1
2026-02-24 17:00:00,0.332,0.393,2.3,5
2026-02-24 18:00:00,0.329,0.394,2.2,5
2026-02-24 19:00:00,0.326,0.394,2.1,4.9
2026-02-24 20:00:00,0.326,0.394,2,4.8
2026-02-24 21:00:00,0.328,0.394,2,4.7
2026-02-24 22:00:00,0.33,0.394,1.9,4.7
2026-02-24 23:00:00,0.334,0.394,1.9,4.6
2026-02-25 00:00:00,0.337,0.395,2.4,4.6
2026-02-25 01:00:00,0.335,0.395,3.7,4.6
2026-02-25 02:00:00,0.333,0.395,5.5,4.6
2026-02-25 03:00:00,0.33,0.395,7.7,4.7
2026-02-25 04:00:00,0.325,0.394,10.3,4.8
2026-02-25 05:00:00,0.32,0.394,12.4,5.1
2026-02-25 06:00:00,0.318,0.394,12.5,5.4
2026-02-25 07:00:00,0.317,0.393,12,5.8
2026-02-25 08:00:00,0.316,0.393,11.5,6.1
2026-02-25 09:00:00,0.317,0.393,10.3,6.4
2026-02-25 10:00:00,0.317,0.392,8.9,6.5
2026-02-25 11:00:00,0.318,0.392,7.7,6.6
2026-02-25 12:00:00,0.319,0.392,6.8,6.6
2026-02-25 13:00:00,0.32,0.392,6,6.5
2026-02-25 14:00:00,0.321,0.393,5.3,6.5
2026-02-25 15:00:00,0.321,0.393,4.8,6.4
2026-02-25 16:00:00,0.321,0.393,4.3,6.3
2026-02-25 17:00:00,0.322,0.393,3.9,6.2
2026-02-25 18:00:00,0.322,0.393,3.6,6.1
2026-02-25 19:00:00,0.322,0.393,3.3,6
2026-02-25 20:00:00,0.321,0.394,3,5.9
2026-02-25 21:00:00,0.32,0.394,2.8,5.8
2026-02-25 22:00:00,0.319,0.394,2.7,5.7
2026-02-25 23:00:00,0.318,0.394,2.6,5.6
2026-02-26 00:00:00,0.32,0.394,3,5.5
2026-02-26 01:00:00,0.321,0.394,4.7,5.4
2026-02-26 02:00:00,0.319,0.395,6.7,5.3
2026-02-26 03:00:00,0.316,0.395,8.6,5.4
2026-02-26 04:00:00,0.314,0.394,9.6,5.5
2026-02-26 05:00:00,0.312,0.394,10.3,5.7
2026-02-26 06:00:00,0.311,0.394,10.6,6
2026-02-26 07:00:00,0.31,0.394,10.1,6.2
2026-02-26 08:00:00,0.31,0.393,9.6,6.4
2026-02-26 09:00:00,0.31,0.393,9,6.5
2026-02-26 10:00:00,0.31,0.393,8.5,6.6
2026-02-26 11:00:00,0.31,0.393,8.1,6.7
2026-02-26 12:00:00,0.31,0.393,7.8,6.7
2026-02-26 13:00:00,0.31,0.393,7.6,6.7
2026-02-26 14:00:00,0.31,0.393,7.4,6.7
2026-02-26 15:00:00,0.31,0.393,7.3,6.7
2026-02-26 16:00:00,0.31,0.393,7.2,6.7
2026-02-26 17:00:00,0.315,0.393,7,6.7
2026-02-26 18:00:00,0.331,0.394,6.9,6.7
2026-02-26 19:00:00,0.342,0.394,6.8,6.7
2026-02-26 20:00:00,0.344,0.394,6.8,6.7
2026-02-26 21:00:00,0.342,0.394,6.7,6.6
2026-02-26 22:00:00,0.341,0.395,6.7,6.6
2026-02-26 23:00:00,0.34,0.395,6.8,6.6
2026-02-27 00:00:00,0.339,0.395,7,6.6
2026-02-27 01:00:00,0.337,0.395,7.8,6.6
2026-02-27 02:00:00,0.335,0.395,8.9,6.6
2026-02-27 03:00:00,0.333,0.395,9.9,6.7
2026-02-27 04:00:00,0.331,0.395,10.5,6.8
2026-02-27 05:00:00,0.329,0.395,10.5,7
2026-02-27 06:00:00,0.329,0.394,10.3,7.1
2026-02-27 07:00:00,0.327,0.394,10.6,7.2
2026-02-27 08:00:00,0.327,0.394,10.6,7.3
2026-02-27 09:00:00,0.326,0.394,10.2,7.4
2026-02-27 10:00:00,0.327,0.394,9.2,7.5
2026-02-27 11:00:00,0.327,0.394,8.3,7.6
2026-02-27 12:00:00,0.328,0.394,7.5,7.5
2026-02-27 13:00:00,0.328,0.394,6.9,7.5
2026-02-27 14:00:00,0.329,0.394,6.3,7.4
2026-02-27 15:00:00,0.329,0.395,5.7,7.3
2026-02-27 16:00:00,0.329,0.395,5.2,7.2
2026-02-27 17:00:00,0.33,0.395,4.7,7.1
2026-02-27 18:00:00,0.33,0.395,4.2,7
2026-02-27 19:00:00,0.33,0.395,3.8,6.9
2026-02-27 20:00:00,0.33,0.395,3.6,6.8
2026-02-27 21:00:00,0.33,0.396,3.3,6.7
2026-02-27 22:00:00,0.329,0.396,3.1,6.5
2026-02-27 23:00:00,0.33,0.396,3.1,6.4
2026-02-28 00:00:00,0.33,0.396,3.9,6.3
2026-02-28 01:00:00,0.328,0.396,6,6.2
2026-02-28 02:00:00,0.325,0.397,8.5,6.2
2026-02-28 03:00:00,0.321,0.396,10.6,6.3
2026-02-28 04:00:00,0.318,0.396,12.5,6.5
2026-02-28 05:00:00,0.315,0.396,13.9,6.7
2026-02-28 06:00:00,0.313,0.396,14.3,7.1
2026-02-28 07:00:00,0.311,0.395,13.9,7.4
2026-02-28 08:00:00,0.311,0.395,13.1,7.7
2026-02-28 09:00:00,0.311,0.395,11.8,7.9
2026-02-28 10:00:00,0.311,0.395,10.6,8
2026-02-28 11:00:00,0.312,0.395,9.8,8
2026-02-28 12:00:00,0.312,0.395,9.2,8
2026-02-28 13:00:00,0.312,0.395,8.5,8
2026-02-28 14:00:00,0.312,0.395,7.8,8
2026-02-28 15:00:00,0.313,0.395,7.1,7.9
2026-02-28 16:00:00,0.313,0.395,6.6,7.8
2026-02-28 17:00:00,0.313,0.395,6.2,7.7
2026-02-28 18:00:00,0.313,0.395,5.8,7.6
2026-02-28 19:00:00,0.313,0.395,5.5,7.5
2026-02-28 20:00:00,0.313,0.396,5.4,7.4
2026-02-28 21:00:00,0.313,0.396,5.1,7.3
2026-02-28 22:00:00,0.314,0.396,4.7,7.2
2026-02-28 23:00:00,0.314,0.396,4.6,7.1
2026-03-01 00:00:00,0.313,0.396,5.5,7
2026-03-01 01:00:00,0.311,0.396,7.2,6.9
2026-03-01 02:00:00,0.31,0.396,8.7,6.9
2026-03-01 03:00:00,0.308,0.396,10,6.9
2026-03-01 04:00:00,0.307,0.396,11,7
2026-03-01 05:00:00,0.306,0.396,12.1,7.2
2026-03-01 06:00:00,0.305,0.396,12.5,7.4
2026-03-01 07:00:00,0.304,0.396,12.2,7.6
2026-03-01 08:00:00,0.305,0.395,11.4,7.8
2026-03-01 09:00:00,0.305,0.395,10.7,8
2026-03-01 10:00:00,0.305,0.395,10,8.1
2026-03-01 11:00:00,0.305,0.395,9.6,8.1
2026-03-01 12:00:00,0.305,0.395,9.3,8.1
2026-03-01 13:00:00,0.305,0.395,9.1,8.1
2026-03-01 14:00:00,0.305,0.395,8.9,8.1
2026-03-01 15:00:00,0.306,0.395,8.7,8.1
2026-03-01 16:00:00,0.316,0.396,8.4,8
2026-03-01 17:00:00,0.343,0.396,8.1,8
2026-03-01 18:00:00,0.351,0.396,7.8,8
2026-03-01 19:00:00,0.352,0.397,7.5,7.9
2026-03-01 20:00:00,0.353,0.397,7.4,7.8
2026-03-01 21:00:00,0.355,0.397,7.2,7.8
2026-03-01 22:00:00,0.354,0.397,7.2,7.7
2026-03-01 23:00:00,0.354,0.397,7.2,7.6
2026-03-02 00:00:00,0.352,0.397,7.4,7.6
2026-03-02 01:00:00,0.35,0.397,7.7,7.6
2026-03-02 02:00:00,0.349,0.397,8.2,7.6
2026-03-02 03:00:00,0.347,0.397,8.6,7.6
2026-03-02 04:00:00,0.346,0.397,8.8,7.7
2026-03-02 05:00:00,0.349,0.397,9,7.7
2026-03-02 06:00:00,0.361,0.397,9.1,7.8
2026-03-02 07:00:00,0.371,0.397,9.1,7.9
2026-03-02 08:00:00,0.369,0.398,8.8,8
2026-03-02 09:00:00,0.368,0.398,8.5,8
2026-03-02 10:00:00,0.366,0.398,8.2,8
2026-03-02 11:00:00,0.368,0.398,7.9,8
2026-03-02 12:00:00,0.366,0.398,7.7,8
2026-03-02 13:00:00,0.363,0.398,7.6,7.9
2026-03-02 14:00:00,0.362,0.398,7.5,7.9
2026-03-02 15:00:00,0.358,0.398,7.4,7.8
2026-03-02 16:00:00,0.355,0.398,7.4,7.8
2026-03-02 17:00:00,0.351,0.398,7.3,7.8
2026-03-02 18:00:00,0.349,0.399,7.1,7.7
2026-03-02 19:00:00,0.347,0.399,7,7.7
2026-03-02 20:00:00,0.346,0.399,7,7.7
2026-03-02 21:00:00,0.345,0.399,6.9,7.6
2026-03-02 22:00:00,0.344,0.399,6.9,7.6
2026-03-02 23:00:00,0.344,0.399,6.8,7.6
2026-03-03 00:00:00,0.343,0.399,7.3,7.6
2026-03-03 01:00:00,0.34,0.399,8.8,7.5
2026-03-03 02:00:00,0.337,0.399,10.6,7.5
2026-03-03 03:00:00,0.334,0.399,11.7,7.6
2026-03-03 04:00:00,0.332,0.399,12.4,7.8
2026-03-03 05:00:00,0.33,0.399,12.6,8
2026-03-03 06:00:00,0.327,0.398,13.3,8.2
2026-03-03 07:00:00,0.326,0.398,12.9,8.4
2026-03-03 08:00:00,0.325,0.398,11.9,8.6
2026-03-03 09:00:00,0.325,0.398,10.8,8.7
2026-03-03 10:00:00,0.325,0.398,9.7,8.8
2026-03-03 11:00:00,0.326,0.398,9,8.8
2026-03-03 12:00:00,0.326,0.398,8.4,8.8
2026-03-03 13:00:00,0.326,0.398,8.1,8.7
2026-03-03 14:00:00,0.326,0.398,7.7,8.6
2026-03-03 15:00:00,0.326,0.398,7.1,8.5
2026-03-03 16:00:00,0.326,0.398,6.5,8.4
2026-03-03 17:00:00,0.327,0.399,6,8.3
2026-03-03 18:00:00,0.327,0.399,5.5,8.2
2026-03-03 19:00:00,0.327,0.399,5,8.1
2026-03-03 20:00:00,0.328,0.399,4.6,8
2026-03-03 21:00:00,0.328,0.399,4.2,7.8
2026-03-03 22:00:00,0.328,0.399,3.9,7.7
2026-03-03 23:00:00,0.328,0.399,3.9,7.6
2026-03-04 00:00:00,0.327,0.4,4.9,7.4
2026-03-04 01:00:00,0.325,0.4,6.9,7.3
2026-03-04 02:00:00,0.323,0.4,9.1,7.3
2026-03-04 03:00:00,0.321,0.4,11,7.3
2026-03-04 04:00:00,0.319,0.4,12.3,7.5
2026-03-04 05:00:00,0.317,0.399,13.1,7.7
2026-03-04 06:00:00,0.316,0.399,13.4,8
2026-03-04 07:00:00,0.315,0.399,13.3,8.3
2026-03-04 08:00:00,0.315,0.399,12.5,8.5
2026-03-04 09:00:00,0.315,0.398,11.2,8.7
2026-03-04 10:00:00,0.316,0.398,9.8,8.7
2026-03-04 11:00:00,0.316,0.398,8.7,8.8
2026-03-04 12:00:00,0.316,0.398,7.9,8.7
2026-03-04 13:00:00,0.316,0.398,7.1,8.6
2026-03-04 14:00:00,0.317,0.398,6.5,8.5
2026-03-04 15:00:00,0.317,0.399,6,8.4
2026-03-04 16:00:00,0.317,0.399,5.5,8.3
2026-03-04 17:00:00,0.317,0.399,5,8.1
2026-03-04 18:00:00,0.317,0.399,4.6,8
2026-03-04 19:00:00,0.317,0.399,4.2,7.9
2026-03-04 20:00:00,0.317,0.399,3.9,7.8
2026-03-04 21:00:00,0.317,0.399,3.7,7.6
2026-03-04 22:00:00,0.317,0.4,3.5,7.5
2026-03-04 23:00:00,0.316,0.4,3.6,7.4
2026-03-05 00:00:00,0.316,0.4,4.6,7.3
2026-03-05 01:00:00,0.314,0.4,6.6,7.2
2026-03-05 02:00:00,0.312,0.4,8.8,7.1
2026-03-05 03:00:00,0.31,0.4,10.6,7.2
2026-03-05 04:00:00,0.309,0.4,11.4,7.4
2026-03-05 05:00:00,0.309,0.399,11.5,7.6
2026-03-05 06:00:00,0.309,0.399,11.3,7.8
2026-03-05 07:00:00,0.308,0.399,11.3,8
2026-03-05 08:00:00,0.308,0.399,10.8,8.2
2026-03-05 09:00:00,0.308,0.399,10.2,8.3
2026-03-05 10:00:00,0.308,0.399,9.7,8.4
2026-03-05 11:00:00,0.308,0.399,9.2,8.4
2026-03-05 12:00:00,0.308,0.399,8.8,8.4
2026-03-05 13:00:00,0.309,0.399,8.5,8.4
2026-03-05 14:00:00,0.311,0.399,8.1,8.4
2026-03-05 15:00:00,0.332,0.399,7.7,8.4
2026-03-05 16:00:00,0.352,0.399,7.3,8.3
2026-03-05 17:00:00,0.355,0.399,6.9,8.2
2026-03-05 18:00:00,0.352,0.399,6.6,8.1
2026-03-05 19:00:00,0.35,0.399,6.3,8
2026-03-05 20:00:00,0.35,0.399,5.8,8
2026-03-05 21:00:00,0.349,0.399,5.2,7.9
2026-03-05 22:00:00,0.349,0.4,4.9,7.7
2026-03-05 23:00:00,0.348,0.4,4.9,7.6
2026-03-06 00:00:00,0.347,0.4,5.6,7.5
2026-03-06 01:00:00,0.346,0.4,6.7,7.4
2026-03-06 02:00:00,0.343,0.4,8.2,7.4
2026-03-06 03:00:00,0.341,0.4,8.7,7.4
2026-03-06 04:00:00,0.339,0.4,9.1,7.5
2026-03-06 05:00:00,0.337,0.4,10,7.6
2026-03-06 06:00:00,0.335,0.4,10.5,7.7
2026-03-06 07:00:00,0.333,0.4,10.1,7.9
2026-03-06 08:00:00,0.333,0.399,9,8
2026-03-06 09:00:00,0.333,0.399,7.9,8.1
2026-03-06 10:00:00,0.333,0.399,7,8.1
2026-03-06 11:00:00,0.332,0.399,6.3,8.1
2026-03-06 12:00:00,0.332,0.399,5.9,8
2026-03-06 13:00:00,0.332,0.399,5.5,7.9
2026-03-06 14:00:00,0.332,0.399,5.1,7.8
2026-03-06 15:00:00,0.331,0.399,4.8,7.7
2026-03-06 16:00:00,0.331,0.4,4.5,7.6
2026-03-06 17:00:00,0.331,0.4,4.2,7.5
2026-03-06 18:00:00,0.33,0.4,4,7.4
2026-03-06 19:00:00,0.33,0.4,3.7,7.3
2026-03-06 20:00:00,0.33,0.4,3.3,7.2
2026-03-06 21:00:00,0.329,0.4,3.1,7.1
2026-03-06 22:00:00,0.328,0.4,3,7
2026-03-06 23:00:00,0.329,0.4,2.9,6.9
2026-03-07 00:00:00,0.329,0.4,3.4,6.8
2026-03-07 01:00:00,0.328,0.4,4.3,6.7
2026-03-07 02:00:00,0.326,0.4,6,6.7
2026-03-07 03:00:00,0.325,0.4,7.7,6.7
2026-03-07 04:00:00,0.323,0.4,9.1,6.8
2026-03-07 05:00:00,0.321,0.4,9.8,7
2026-03-07 06:00:00,0.32,0.4,10.1,7.2
2026-03-07 07:00:00,0.32,0.4,10,7.4
2026-03-07 08:00:00,0.32,0.399,9.1,7.6
2026-03-07 09:00:00,0.32,0.399,7.8,7.7
2026-03-07 10:00:00,0.321,0.399,6.4,7.7
2026-03-07 11:00:00,0.321,0.399,5.3,7.6
2026-03-07 12:00:00,0.321,0.399,4.5,7.6
2026-03-07 13:00:00,0.321,0.399,4,7.4
2026-03-07 14:00:00,0.321,0.399,3.5,7.3
2026-03-07 15:00:00,0.321,0.4,3.1,7.2
2026-03-07 16:00:00,0.321,0.4,2.8,7
2026-03-07 17:00:00,0.32,0.4,2.5,6.9
2026-03-07 18:00:00,0.319,0.4,2.3,6.7
2026-03-07 19:00:00,0.319,0.4,2.1,6.6
2026-03-07 20:00:00,0.318,0.4,1.9,6.4
2026-03-07 21:00:00,0.317,0.4,1.7,6.3
2026-03-07 22:00:00,0.316,0.4,1.5,6.2
2026-03-07 23:00:00,0.315,0.401,1.4,6.1
2026-03-08 00:00:00,0.315,0.401,1.4,6
2026-03-08 01:00:00,0.316,0.401,1.5,5.8
2026-03-08 02:00:00,0.313,0.401,3.7,5.8
2026-03-08 03:00:00,0.31,0.401,6.3,5.8
2026-03-08 04:00:00,0.308,0.401,8.2,5.9
2026-03-08 05:00:00,0.307,0.401,9.8,6.1
2026-03-08 06:00:00,0.306,0.4,10.2,6.3
2026-03-08 07:00:00,0.306,0.4,9.9,6.6
2026-03-08 08:00:00,0.307,0.4,9.1,6.8
2026-03-08 09:00:00,0.307,0.399,8,7
2026-03-08 10:00:00,0.308,0.399,6.8,7
2026-03-08 11:00:00,0.308,0.399,5.7,7.1
2026-03-08 12:00:00,0.309,0.399,4.8,7
2026-03-08 13:00:00,0.309,0.399,4.2,7
2026-03-08 14:00:00,0.309,0.399,3.7,6.9
2026-03-08 15:00:00,0.309,0.399,3.3,6.8
2026-03-08 16:00:00,0.309,0.4,3,6.7
2026-03-08 17:00:00,0.308,0.4,2.7,6.5
2026-03-08 18:00:00,0.308,0.4,2.5,6.4
2026-03-08 19:00:00,0.308,0.4,2.3,6.3
2026-03-08 20:00:00,0.307,0.4,2.1,6.2
2026-03-08 21:00:00,0.307,0.4,1.9,6.1
2026-03-08 22:00:00,0.306,0.4,1.8,6
2026-03-08 23:00:00,0.306,0.4,1.8,5.9
2026-03-09 00:00:00,0.306,0.4,1.8,5.8
2026-03-09 01:00:00,0.306,0.401,1.9,5.7
2026-03-09 02:00:00,0.304,0.401,2.9,5.7
2026-03-09 03:00:00,0.303,0.401,4.7,5.7
2026-03-09 04:00:00,0.301,0.401,6.2,5.7
2026-03-09 05:00:00,0.3,0.4,7.2,5.9
2026-03-09 06:00:00,0.3,0.4,7.7,6
2026-03-09 07:00:00,0.299,0.4,7.7,6.2
2026-03-09 08:00:00,0.3,0.4,7.3,6.3
2026-03-09 09:00:00,0.3,0.4,6.3,6.5
2026-03-09 10:00:00,0.301,0.4,5.3,6.5
2026-03-09 11:00:00,0.301,0.4,4.4,6.5
2026-03-09 12:00:00,0.301,0.4,3.8,6.5
2026-03-09 13:00:00,0.301,0.4,3.3,6.4
2026-03-09 14:00:00,0.301,0.4,3,6.3
2026-03-09 15:00:00,0.3,0.4,2.6,6.2
2026-03-09 16:00:00,0.3,0.4,2.4,6.1
2026-03-09 17:00:00,0.299,0.4,2.1,6
2026-03-09 18:00:00,0.299,0.4,1.9,5.9
2026-03-09 19:00:00,0.298,0.4,1.7,5.8
2026-03-09 20:00:00,0.298,0.4,1.5,5.7
2026-03-09 21:00:00,0.297,0.4,1.4,5.6
2026-03-09 22:00:00,0.296,0.4,1.2,5.5
2026-03-09 23:00:00,0.295,0.4,1.1,5.4
2026-03-10 00:00:00,0.295,0.401,1.2,5.3
2026-03-10 01:00:00,0.295,0.401,1.8,5.3
2026-03-10 02:00:00,0.293,0.401,4.6,5.2
2026-03-10 03:00:00,0.291,0.401,7.1,5.2
2026-03-10 04:00:00,0.29,0.401,9.2,5.4
2026-03-10 05:00:00,0.288,0.4,10.8,5.6
2026-03-10 06:00:00,0.288,0.4,11.7,5.9
2026-03-10 07:00:00,0.288,0.4,11.7,6.2
2026-03-10 08:00:00,0.288,0.399,10.8,6.5
2026-03-10 09:00:00,0.289,0.399,9.5,6.7
2026-03-10 10:00:00,0.289,0.399,8,6.8
2026-03-10 11:00:00,0.29,0.399,6.7,6.9
2026-03-10 12:00:00,0.29,0.399,5.7,6.8
2026-03-10 13:00:00,0.291,0.399,4.8,6.8
2026-03-10 14:00:00,0.291,0.399,4.1,6.7
2026-03-10 15:00:00,0.291,0.399,3.6,6.6
2026-03-10 16:00:00,0.291,0.399,3.2,6.5
2026-03-10 17:00:00,0.29,0.399,2.8,6.4
2026-03-10 18:00:00,0.29,0.399,2.6,6.2
2026-03-10 19:00:00,0.29,0.399,2.3,6.1
2026-03-10 20:00:00,0.289,0.399,2.1,6
2026-03-10 21:00:00,0.289,0.399,1.9,5.9
2026-03-10 22:00:00,0.289,0.4,1.7,5.8
2026-03-10 23:00:00,0.289,0.4,1.6,5.7
2026-03-11 00:00:00,0.289,0.4,1.7,5.6
2026-03-11 01:00:00,0.288,0.4,3.1,5.5
2026-03-11 02:00:00,0.286,0.4,5.6,5.4
2026-03-11 03:00:00,0.284,0.4,8,5.5
2026-03-11 04:00:00,0.283,0.4,9.8,5.6
2026-03-11 05:00:00,0.283,0.4,11.1,5.9
2026-03-11 06:00:00,0.282,0.399,11.5,6.1
2026-03-11 07:00:00,0.282,0.399,11.3,6.4
2026-03-11 08:00:00,0.282,0.399,10.7,6.6
2026-03-11 09:00:00,0.283,0.398,9.6,6.8
2026-03-11 10:00:00,0.284,0.398,8.3,6.9
2026-03-11 11:00:00,0.284,0.398,7.2,7
2026-03-11 12:00:00,0.284,0.398,6.3,6.9
2026-03-11 13:00:00,0.284,0.397,5.6,6.9
2026-03-11 14:00:00,0.285,0.396,5,6.8
2026-03-11 15:00:00,0.285,0.396,4.5,6.7
2026-03-11 16:00:00,0.285,0.396,4,6.6
2026-03-11 17:00:00,0.285,0.396,3.6,6.5
2026-03-11 18:00:00,0.285,0.396,3.2,6.4
2026-03-11 19:00:00,0.285,0.396,2.9,6.3
2026-03-11 20:00:00,0.285,0.396,2.7,6.2
2026-03-11 21:00:00,0.285,0.397,2.5,6.1
2026-03-11 22:00:00,0.285,0.397,2.3,6
2026-03-11 23:00:00,0.285,0.397,2.2,5.9
2026-03-12 00:00:00,0.284,0.397,3,5.9
2026-03-12 01:00:00,0.283,0.397,4.9,5.8
2026-03-12 02:00:00,0.281,0.397,7,5.8
2026-03-12 03:00:00,0.28,0.397,9,5.8
2026-03-12 04:00:00,0.279,0.397,10.6,6
2026-03-12 05:00:00,0.278,0.396,11.6,6.2
2026-03-12 06:00:00,0.277,0.396,12.1,6.5
2026-03-12 07:00:00,0.277,0.396,12,6.7
2026-03-12 08:00:00,0.278,0.395,11.3,6.9
2026-03-12 09:00:00,0.278,0.395,10.2,7.1
2026-03-12 10:00:00,0.279,0.395,9,7.2
2026-03-12 11:00:00,0.279,0.395,7.9,7.2
2026-03-12 12:00:00,0.28,0.395,7.1,7.2
2026-03-12 13:00:00,0.28,0.395,6.4,7.2
2026-03-12 14:00:00,0.28,0.395,5.7,7.1
2026-03-12 15:00:00,0.281,0.395,5.1,7
2026-03-12 16:00:00,0.281,0.395,4.6,6.9
2026-03-12 17:00:00,0.281,0.395,4.1,6.8
2026-03-12 18:00:00,0.282,0.395,3.7,6.7
2026-03-12 19:00:00,0.282,0.395,3.3,6.6
2026-03-12 20:00:00,0.282,0.395,3,6.5
2026-03-12 21:00:00,0.282,0.396,2.7,6.4
2026-03-12 22:00:00,0.282,0.396,2.5,6.3
2026-03-12 23:00:00,0.282,0.396,2.5,6.2
2026-03-13 00:00:00,0.281,0.396,3.4,6.1
2026-03-13 01:00:00,0.28,0.396,5.5,6
2026-03-13 02:00:00,0.278,0.396,7.8,6
2026-03-13 03:00:00,0.276,0.396,10,6
2026-03-13 04:00:00,0.275,0.396,11.7,6.1
2026-03-13 05:00:00,0.274,0.396,13,6.3
2026-03-13 06:00:00,0.274,0.395,13.8,6.5
2026-03-13 07:00:00,0.273,0.395,13.8,6.7
2026-03-13 08:00:00,0.274,0.395,13.1,7
2026-03-13 09:00:00,0.274,0.395,11.9,7.1
2026-03-13 10:00:00,0.275,0.394,10.4,7.3
2026-03-13 11:00:00,0.276,0.394,9.2,7.3
2026-03-13 12:00:00,0.276,0.394,8.1,7.4
2026-03-13 13:00:00,0.276,0.394,7.3,7.4
2026-03-13 14:00:00,0.277,0.394,6.5,7.3
2026-03-13 15:00:00,0.277,0.394,5.9,7.3
2026-03-13 16:00:00,0.277,0.394,5.3,7.2
2026-03-13 17:00:00,0.278,0.394,4.8,7.1
2026-03-13 18:00:00,0.278,0.394,4.3,7
2026-03-13 19:00:00,0.278,0.394,3.9,6.9
2026-03-13 20:00:00,0.279,0.394,3.6,6.8
2026-03-13 21:00:00,0.279,0.394,3.2,6.7
2026-03-13 22:00:00,0.279,0.394,2.9,6.6
2026-03-13 23:00:00,0.279,0.394,3.2,6.5
2026-03-14 00:00:00,0.278,0.394,4.3,6.4
2026-03-14 01:00:00,0.276,0.394,6,6.4
2026-03-14 02:00:00,0.275,0.394,8.2,6.3
2026-03-14 03:00:00,0.273,0.394,10.6,6.3
2026-03-14 04:00:00,0.272,0.394,12.6,6.4
2026-03-14 05:00:00,0.271,0.394,13.9,6.6
2026-03-14 06:00:00,0.27,0.394,14.5,6.8
2026-03-14 07:00:00,0.27,0.393,14.2,7
2026-03-14 08:00:00,0.271,0.393,13.3,7.2
2026-03-14 09:00:00,0.271,0.392,12.1,7.4
2026-03-14 10:00:00,0.272,0.392,10.7,7.5
2026-03-14 11:00:00,0.273,0.392,9.4,7.6
2026-03-14 12:00:00,0.273,0.392,8.4,7.6
2026-03-14 13:00:00,0.273,0.392,7.5,7.6
2026-03-14 14:00:00,0.274,0.392,6.7,7.5
2026-03-14 15:00:00,0.274,0.392,6.1,7.4
2026-03-14 16:00:00,0.274,0.392,5.6,7.4
2026-03-14 17:00:00,0.274,0.392,5.4,7.3
2026-03-14 18:00:00,0.274,0.392,5.3,7.2
2026-03-14 19:00:00,0.274,0.392,5.2,7.1
2026-03-14 20:00:00,0.274,0.392,5.1,7
2026-03-14 21:00:00,0.275,0.392,5.1,6.9
2026-03-14 22:00:00,0.275,0.392,5.1,6.9
2026-03-14 23:00:00,0.274,0.392,5.3,6.8
2026-03-15 00:00:00,0.274,0.392,5.7,6.8
2026-03-15 01:00:00,0.274,0.392,6.1,6.7
2026-03-15 02:00:00,0.273,0.392,6.8,6.7
2026-03-15 03:00:00,0.272,0.392,8.4,6.7
2026-03-15 04:00:00,0.271,0.392,10.2,6.8
2026-03-15 05:00:00,0.27,0.392,11.1,6.9
2026-03-15 06:00:00,0.27,0.392,11.4,7
2026-03-15 07:00:00,0.27,0.392,11.3,7.1
2026-03-15 08:00:00,0.271,0.384,10.6,7.2
2026-03-15 09:00:00,0.271,0.377,9.8,7.4
2026-03-15 10:00:00,0.271,0.376,9.2,7.4
2026-03-15 11:00:00,0.272,0.376,8.5,7.5
2026-03-15 12:00:00,0.272,0.376,7.8,7.5
2026-03-15 13:00:00,0.273,0.376,7.1,7.5
2026-03-15 14:00:00,0.273,0.376,6.4,7.5
2026-03-15 15:00:00,0.273,0.376,5.9,7.4
2026-03-15 16:00:00,0.274,0.376,5.4,7.4
2026-03-15 17:00:00,0.274,0.376,5.1,7.3
2026-03-15 18:00:00,0.274,0.376,4.8,7.2
2026-03-15 19:00:00,0.274,0.376,4.4,7.1
2026-03-15 20:00:00,0.275,0.376,4,7
2026-03-15 21:00:00,0.275,0.376,3.7,7
2026-03-15 22:00:00,0.275,0.376,3.4,6.9
2026-03-15 23:00:00,0.275,0.376,3.6,6.8
2026-03-16 00:00:00,0.274,0.376,4.5,6.7
2026-03-16 01:00:00,0.273,0.375,6,6.6
2026-03-16 02:00:00,0.272,0.375,8.1,6.6
2026-03-16 03:00:00,0.27,0.375,9.9,6.6
2026-03-16 04:00:00,0.269,0.375,11.5,6.7
2026-03-16 05:00:00,0.268,0.375,12.9,6.8
2026-03-16 06:00:00,0.268,0.375,13.3,7
2026-03-16 07:00:00,0.268,0.374,12.5,7.2
2026-03-16 08:00:00,0.268,0.374,12,7.4
2026-03-16 09:00:00,0.269,0.374,11.1,7.5
2026-03-16 10:00:00,0.269,0.373,10.1,7.7
2026-03-16 11:00:00,0.27,0.373,9,7.7
2026-03-16 12:00:00,0.271,0.373,8.1,7.7
2026-03-16 13:00:00,0.271,0.373,7.5,7.7
2026-03-16 14:00:00,0.271,0.373,6.9,7.7
2026-03-16 15:00:00,0.272,0.373,6.4,7.6
2026-03-16 16:00:00,0.272,0.373,6,7.6
2026-03-16 17:00:00,0.272,0.373,5.6,7.5
2026-03-16 18:00:00,0.272,0.373,5.2,7.4
2026-03-16 19:00:00,0.273,0.373,4.9,7.3
2026-03-16 20:00:00,0.273,0.373,4.5,7.2
2026-03-16 21:00:00,0.273,0.373,4.2,7.1
2026-03-16 22:00:00,0.273,0.373,3.9,7.1
2026-03-16 23:00:00,0.273,0.373,4,7
2026-03-17 00:00:00,0.272,0.373,5,6.9
2026-03-17 01:00:00,0.271,0.373,7,6.8
2026-03-17 02:00:00,0.269,0.373,9.5,6.8
2026-03-17 03:00:00,0.267,0.373,11.9,6.8
2026-03-17 04:00:00,0.266,0.372,13.9,6.9
2026-03-17 05:00:00,0.264,0.372,15.5,7.1
2026-03-17 06:00:00,0.263,0.372,16.3,7.3
2026-03-17 07:00:00,0.263,0.371,16.3,7.6
2026-03-17 08:00:00,0.264,0.371,15.2,7.8
2026-03-17 09:00:00,0.264,0.371,13.9,8
2026-03-17 10:00:00,0.265,0.37,12.4,8.2
2026-03-17 11:00:00,0.266,0.37,11.2,8.3
2026-03-17 12:00:00,0.267,0.37,10.2,8.3
2026-03-17 13:00:00,0.267,0.37,9.4,8.3
2026-03-17 14:00:00,0.267,0.37,8.9,8.3
2026-03-17 15:00:00,0.267,0.37,8.7,8.2
2026-03-17 16:00:00,0.268,0.37,8.6,8.2
2026-03-17 17:00:00,0.268,0.37,8.5,8.1
2026-03-17 18:00:00,0.271,0.37,8.5,8.1
2026-03-17 19:00:00,0.324,0.377,8.5,8
2026-03-17 20:00:00,0.349,0.384,8.5,8
2026-03-17 21:00:00,0.349,0.384,8.6,8
2026-03-17 22:00:00,0.352,0.385,8.6,8
2026-03-17 23:00:00,0.354,0.385,8.7,8
2026-03-18 00:00:00,0.353,0.385,9,8
2026-03-18 01:00:00,0.352,0.385,9.3,8
2026-03-18 02:00:00,0.353,0.385,9.7,8.1
2026-03-18 03:00:00,0.354,0.385,9.9,8.1
2026-03-18 04:00:00,0.354,0.385,9.7,8.2
2026-03-18 05:00:00,0.351,0.385,9.6,8.3
2026-03-18 06:00:00,0.349,0.385,9.3,8.3
2026-03-18 07:00:00,0.348,0.385,9.2,8.4
2026-03-18 08:00:00,0.347,0.385,9,8.4
2026-03-18 09:00:00,0.346,0.385,8.8,8.4
2026-03-18 10:00:00,0.346,0.386,8.4,8.4
2026-03-18 11:00:00,0.345,0.386,8,8.4
2026-03-18 12:00:00,0.345,0.386,7.6,8.4
2026-03-18 13:00:00,0.345,0.386,7.2,8.3
2026-03-18 14:00:00,0.345,0.386,6.7,8.3
2026-03-18 15:00:00,0.345,0.387,6.1,8.2
2026-03-18 16:00:00,0.345,0.387,5.6,8.2
2026-03-18 17:00:00,0.344,0.389,5.2,8.1
2026-03-18 18:00:00,0.344,0.39,4.8,8
2026-03-18 19:00:00,0.344,0.39,4.4,7.9
2026-03-18 20:00:00,0.344,0.39,4,7.8
2026-03-18 21:00:00,0.343,0.39,3.7,7.7
2026-03-18 22:00:00,0.342,0.391,3.5,7.6
2026-03-18 23:00:00,0.343,0.391,3.6,7.5
2026-03-19 00:00:00,0.342,0.391,4.7,7.4
2026-03-19 01:00:00,0.339,0.391,6.8,7.3
2026-03-19 02:00:00,0.335,0.391,9.2,7.3
2026-03-19 03:00:00,0.331,0.391,11.5,7.3
2026-03-19 04:00:00,0.327,0.391,13.3,7.4
2026-03-19 05:00:00,0.324,0.391,14.2,7.6
2026-03-19 06:00:00,0.322,0.391,14.3,7.8
2026-03-19 07:00:00,0.321,0.391,14,8
2026-03-19 08:00:00,0.32,0.39,13.2,8.2
2026-03-19 09:00:00,0.32,0.39,11.9,8.4
2026-03-19 10:00:00,0.321,0.39,10.3,8.5
2026-03-19 11:00:00,0.322,0.39,8.9,8.6
2026-03-19 12:00:00,0.322,0.39,7.7,8.6
2026-03-19 13:00:00,0.322,0.39,6.9,8.5
2026-03-19 14:00:00,0.322,0.39,6.2,8.4
2026-03-19 15:00:00,0.322,0.391,5.6,8.4
2026-03-19 16:00:00,0.323,0.391,5.2,8.2
2026-03-19 17:00:00,0.323,0.391,4.8,8.1
2026-03-19 18:00:00,0.323,0.391,4.5,8
2026-03-19 19:00:00,0.322,0.391,4.2,7.9
2026-03-19 20:00:00,0.323,0.392,4,7.8
2026-03-19 21:00:00,0.323,0.392,3.8,7.7
2026-03-19 22:00:00,0.323,0.392,3.6,7.6
2026-03-19 23:00:00,0.322,0.392,3.8,7.5
2026-03-20 00:00:00,0.321,0.393,4.9,7.4
2026-03-20 01:00:00,0.32,0.393,7.2,7.3
2026-03-20 02:00:00,0.317,0.393,9.5,7.3
2026-03-20 03:00:00,0.316,0.393,11.3,7.3
2026-03-20 04:00:00,0.314,0.393,12.6,7.4
2026-03-20 05:00:00,0.313,0.393,13.6,7.6
2026-03-20 06:00:00,0.312,0.393,14.2,7.8
2026-03-20 07:00:00,0.312,0.392,14.2,8
2026-03-20 08:00:00,0.312,0.392,13.7,8.2
2026-03-20 09:00:00,0.312,0.392,12.5,8.4
2026-03-20 10:00:00,0.312,0.392,11.2,8.5
2026-03-20 11:00:00,0.313,0.392,10,8.6
2026-03-20 12:00:00,0.313,0.392,9,8.6
2026-03-20 13:00:00,0.313,0.392,8.2,8.6
2026-03-20 14:00:00,0.313,0.392,7.5,8.6
2026-03-20 15:00:00,0.314,0.392,6.8,8.5
2026-03-20 16:00:00,0.314,0.393,6.3,8.4
2026-03-20 17:00:00,0.314,0.393,5.8,8.3
2026-03-20 18:00:00,0.313,0.393,5.5,8.2
2026-03-20 19:00:00,0.313,0.393,5.2,8.1
2026-03-20 20:00:00,0.313,0.393,5,8
2026-03-20 21:00:00,0.313,0.394,4.8,7.9
2026-03-20 22:00:00,0.313,0.394,4.7,7.8
2026-03-20 23:00:00,0.312,0.394,5,7.7
2026-03-21 00:00:00,0.311,0.394,5.8,7.6
2026-03-21 01:00:00,0.31,0.394,7.7,7.6
2026-03-21 02:00:00,0.307,0.395,10.3,7.6
2026-03-21 03:00:00,0.305,0.395,12.8,7.6
2026-03-21 04:00:00,0.303,0.394,14.7,7.7
2026-03-21 05:00:00,0.301,0.394,16.1,7.9
2026-03-21 06:00:00,0.299,0.394,16.7,8.1
2026-03-21 07:00:00,0.298,0.393,16.5,8.4
2026-03-21 08:00:00,0.298,0.393,15.7,8.6
2026-03-21 09:00:00,0.297,0.393,14.3,8.8
2026-03-21 10:00:00,0.297,0.393,12.6,9
2026-03-21 11:00:00,0.298,0.393,11.1,9
2026-03-21 12:00:00,0.298,0.393,9.9,9
2026-03-21 13:00:00,0.298,0.393,8.8,9
2026-03-21 14:00:00,0.298,0.393,8,8.9
2026-03-21 15:00:00,0.298,0.393,7.4,8.8
2026-03-21 16:00:00,0.298,0.393,6.9,8.7
2026-03-21 17:00:00,0.298,0.393,6.6,8.6
2026-03-21 18:00:00,0.297,0.394,6.3,8.4
2026-03-21 19:00:00,0.297,0.394,6.1,8.3
2026-03-21 20:00:00,0.297,0.394,5.9,8.2
2026-03-21 21:00:00,0.297,0.394,5.6,8.1
2026-03-21 22:00:00,0.297,0.394,5.4,8
2026-03-21 23:00:00,0.296,0.393,5.7,8
2026-03-22 00:00:00,0.296,0.393,6.5,7.9
2026-03-22 01:00:00,0.295,0.393,7.7,7.8
2026-03-22 02:00:00,0.293,0.393,8.6,7.8
2026-03-22 03:00:00,0.291,0.393,10.6,7.8
2026-03-22 04:00:00,0.289,0.393,13.3,7.9
2026-03-22 05:00:00,0.286,0.393,15.2,8
2026-03-22 06:00:00,0.284,0.392,16.2,8.2
2026-03-22 07:00:00,0.282,0.392,16.6,8.4
2026-03-22 08:00:00,0.282,0.391,16,8.6
2026-03-22 09:00:00,0.281,0.391,14.8,8.8
2026-03-22 10:00:00,0.282,0.391,13.1,9
2026-03-22 11:00:00,0.282,0.391,11.6,9
2026-03-22 12:00:00,0.283,0.391,10.5,9.1
2026-03-22 13:00:00,0.283,0.391,9.5,9.1
2026-03-22 14:00:00,0.284,0.391,8.6,9
2026-03-22 15:00:00,0.284,0.391,8,8.9
2026-03-22 16:00:00,0.284,0.391,7.4,8.8
2026-03-22 17:00:00,0.285,0.391,6.8,8.7
2026-03-22 18:00:00,0.285,0.391,6.2,8.6
2026-03-22 19:00:00,0.285,0.391,5.8,8.5
2026-03-22 20:00:00,0.286,0.391,5.4,8.4
2026-03-22 21:00:00,0.286,0.391,5,8.3
2026-03-22 22:00:00,0.285,0.392,4.7,8.2
2026-03-22 23:00:00,0.286,0.392,4.8,8.1
2026-03-23 00:00:00,0.285,0.392,6,8
2026-03-23 01:00:00,0.284,0.392,8.2,7.9
2026-03-23 02:00:00,0.281,0.392,10.8,7.8
2026-03-23 03:00:00,0.278,0.392,13.3,7.8
2026-03-23 04:00:00,0.276,0.392,15.3,7.9
2026-03-23 05:00:00,0.274,0.391,16.8,8.1
2026-03-23 06:00:00,0.273,0.391,17.5,8.3
2026-03-23 07:00:00,0.271,0.39,17.5,8.6
2026-03-23 08:00:00,0.271,0.39,16.9,8.8
2026-03-23 09:00:00,0.271,0.39,15.6,9
2026-03-23 10:00:00,0.272,0.39,14,9.1
2026-03-23 11:00:00,0.273,0.389,12.6,9.2
2026-03-23 12:00:00,0.274,0.389,11.4,9.3
2026-03-23 13:00:00,0.274,0.389,10.5,9.2
2026-03-23 14:00:00,0.275,0.389,9.7,9.2
2026-03-23 15:00:00,0.275,0.389,9,9.1
2026-03-23 16:00:00,0.276,0.389,8.4,9
2026-03-23 17:00:00,0.276,0.39,7.9,9
2026-03-23 18:00:00,0.276,0.39,7.4,8.9
2026-03-23 19:00:00,0.277,0.39,7,8.7
2026-03-23 20:00:00,0.277,0.39,6.6,8.6
2026-03-23 21:00:00,0.277,0.39,6.4,8.5
2026-03-23 22:00:00,0.277,0.39,6.3,8.4
2026-03-23 23:00:00,0.277,0.39,6.5,8.4
2026-03-24 00:00:00,0.276,0.39,7.7,8.3
2026-03-24 01:00:00,0.274,0.39,9.6,8.2
2026-03-24 02:00:00,0.272,0.39,11.9,8.2
2026-03-24 03:00:00,0.27,0.39,14.2,8.2
2026-03-24 04:00:00,0.27,0.39,15.6,8.3
2026-03-24 05:00:00,0.27,0.389,16.2,8.5
2026-03-24 06:00:00,0.269,0.389,16.3,8.7
2026-03-24 07:00:00,0.269,0.385,16,8.9
2026-03-24 08:00:00,0.269,0.377,15.2,9.1
2026-03-24 09:00:00,0.269,0.377,14.2,9.3
2026-03-24 10:00:00,0.269,0.376,13.4,9.4
2026-03-24 11:00:00,0.27,0.376,12.7,9.5
2026-03-24 12:00:00,0.27,0.376,12.2,9.5
2026-03-24 13:00:00,0.27,0.376,11.8,9.5
2026-03-24 14:00:00,0.271,0.376,11.4,9.5
2026-03-24 15:00:00,0.271,0.376,11.1,9.5
2026-03-24 16:00:00,0.271,0.376,10.8,9.5
2026-03-24 17:00:00,0.271,0.376,10.6,9.4
2026-03-24 18:00:00,0.271,0.376,10.4,9.4
2026-03-24 19:00:00,0.272,0.376,10.3,9.4
2026-03-24 20:00:00,0.272,0.376,10.1,9.3
2026-03-24 21:00:00,0.272,0.376,9.9,9.3
2026-03-24 22:00:00,0.272,0.376,9.8,9.3
2026-03-24 23:00:00,0.272,0.375,10,9.3
2026-03-25 00:00:00,0.272,0.375,10.3,9.3
2026-03-25 01:00:00,0.271,0.375,10.7,9.2
2026-03-25 02:00:00,0.271,0.375,11.3,9.2
2026-03-25 03:00:00,0.271,0.374,12.3,9.3
2026-03-25 04:00:00,0.269,0.374,14.7,9.3
2026-03-25 05:00:00,0.267,0.374,16.6,9.4
2026-03-25 06:00:00,0.266,0.374,17.7,9.5
2026-03-25 07:00:00,0.266,0.374,17.8,9.7
2026-03-25 08:00:00,0.266,0.373,17.2,9.9
2026-03-25 09:00:00,0.266,0.373,16.1,10.1
2026-03-25 10:00:00,0.267,0.372,14.5,10.2
2026-03-25 11:00:00,0.268,0.372,13.3,10.3
2026-03-25 12:00:00,0.269,0.372,12.4,10.3
2026-03-25 13:00:00,0.269,0.372,11.6,10.3
2026-03-25 14:00:00,0.27,0.372,10.9,10.2
2026-03-25 15:00:00,0.271,0.372,10.3,10.2
2026-03-25 16:00:00,0.271,0.372,9.7,10.1
2026-03-25 17:00:00,0.272,0.372,9.2,10
2026-03-25 18:00:00,0.272,0.371,8.7,9.9
2026-03-25 19:00:00,0.272,0.371,8.4,9.8
2026-03-25 20:00:00,0.272,0.371,8.4,9.7
2026-03-25 21:00:00,0.272,0.371,8.4,9.6
2026-03-25 22:00:00,0.272,0.371,8.2,9.6
2026-03-25 23:00:00,0.272,0.371,8.2,9.5
2026-03-26 00:00:00,0.272,0.371,8.9,9.4
2026-03-26 01:00:00,0.271,0.371,10.6,9.4
2026-03-26 02:00:00,0.269,0.371,13,9.3
2026-03-26 03:00:00,0.267,0.371,15.3,9.4
2026-03-26 04:00:00,0.266,0.371,17.3,9.5
2026-03-26 05:00:00,0.264,0.37,18.7,9.6
2026-03-26 06:00:00,0.263,0.37,19.3,9.8
2026-03-26 07:00:00,0.263,0.37,19.2,10
2026-03-26 08:00:00,0.263,0.369,18.3,10.3
2026-03-26 09:00:00,0.263,0.369,16.8,10.4
2026-03-26 10:00:00,0.264,0.369,15.1,10.6
2026-03-26 11:00:00,0.265,0.368,13.7,10.6
2026-03-26 12:00:00,0.266,0.368,12.6,10.6
2026-03-26 13:00:00,0.266,0.368,11.8,10.6
2026-03-26 14:00:00,0.267,0.368,11.2,10.5
2026-03-26 15:00:00,0.267,0.368,10.6,10.5
2026-03-26 16:00:00,0.268,0.368,10,10.4
2026-03-26 17:00:00,0.268,0.368,9.4,10.3
2026-03-26 18:00:00,0.268,0.367,9,10.2
2026-03-26 19:00:00,0.269,0.367,8.7,10.1
2026-03-26 20:00:00,0.269,0.367,8.2,10
2026-03-26 21:00:00,0.269,0.367,7.8,9.9
2026-03-26 22:00:00,0.269,0.367,7.6,9.8
2026-03-26 23:00:00,0.269,0.367,7.8,9.7
2026-03-27 00:00:00,0.269,0.367,8.7,9.6
2026-03-27 01:00:00,0.267,0.367,10.4,9.5
2026-03-27 02:00:00,0.266,0.367,12.7,9.4
2026-03-27 03:00:00,0.264,0.367,15.1,9.5
2026-03-27 04:00:00,0.262,0.366,17.1,9.6
2026-03-27 05:00:00,0.261,0.366,18.3,9.7
2026-03-27 06:00:00,0.26,0.366,18.9,9.9
2026-03-27 07:00:00,0.259,0.365,18.9,10.1
2026-03-27 08:00:00,0.259,0.365,18.1,10.3
2026-03-27 09:00:00,0.26,0.364,16.8,10.5
2026-03-27 10:00:00,0.26,0.364,15.3,10.6
2026-03-27 11:00:00,0.261,0.364,14.1,10.6
2026-03-27 12:00:00,0.262,0.363,13.1,10.7
2026-03-27 13:00:00,0.262,0.363,12.4,10.6
2026-03-27 14:00:00,0.263,0.362,11.7,10.6
2026-03-27 15:00:00,0.263,0.362,11.2,10.5
2026-03-27 16:00:00,0.263,0.362,11,10.5
2026-03-27 17:00:00,0.263,0.362,11,10.4
2026-03-27 18:00:00,0.263,0.362,10.9,10.3
2026-03-27 19:00:00,0.264,0.362,10.8,10.3
2026-03-27 20:00:00,0.264,0.361,10.5,10.2
2026-03-27 21:00:00,0.264,0.361,10,10.2
2026-03-27 22:00:00,0.265,0.361,9.5,10.1
2026-03-27 23:00:00,0.265,0.361,9.5,10.1
2026-03-28 00:00:00,0.264,0.361,10,10
2026-03-28 01:00:00,0.263,0.361,11.7,10
2026-03-28 02:00:00,0.261,0.361,14.2,10
2026-03-28 03:00:00,0.259,0.36,16.7,10
2026-03-28 04:00:00,0.258,0.36,18.8,10.1
2026-03-28 05:00:00,0.257,0.36,20.1,10.2
2026-03-28 06:00:00,0.256,0.36,20.5,10.4
2026-03-28 07:00:00,0.256,0.359,19.9,10.7
2026-03-28 08:00:00,0.256,0.359,18.8,10.9
2026-03-28 09:00:00,0.257,0.359,17.5,11
2026-03-28 10:00:00,0.258,0.358,15.8,11.1
2026-03-28 11:00:00,0.258,0.358,14.4,11.1
2026-03-28 12:00:00,0.259,0.358,13.2,11.1
2026-03-28 13:00:00,0.26,0.358,12.2,11.1
2026-03-28 14:00:00,0.26,0.358,11.3,11
2026-03-28 15:00:00,0.261,0.357,10.6,10.9
2026-03-28 16:00:00,0.261,0.357,10,10.8
2026-03-28 17:00:00,0.262,0.357,9.6,10.7
2026-03-28 18:00:00,0.262,0.357,9.2,10.5
2026-03-28 19:00:00,0.262,0.357,8.9,10.4
2026-03-28 20:00:00,0.262,0.357,8.5,10.3
2026-03-28 21:00:00,0.263,0.357,8.1,10.2
2026-03-28 22:00:00,0.263,0.357,8,10.1
2026-03-28 23:00:00,0.263,0.357,8.1,10
2026-03-29 00:00:00,0.262,0.357,8.8,9.9
2026-03-29 01:00:00,0.261,0.357,10.7,9.8
2026-03-29 02:00:00,0.259,0.357,13.3,9.8
2026-03-29 03:00:00,0.258,0.357,15.6,9.8
2026-03-29 04:00:00,0.256,0.357,17.6,9.9
2026-03-29 05:00:00,0.255,0.356,19.3,10
2026-03-29 06:00:00,0.254,0.356,19.5,10.3
2026-03-29 07:00:00,0.254,0.356,18.8,10.5
2026-03-29 08:00:00,0.254,0.355,18.1,10.7
2026-03-29 09:00:00,0.255,0.355,17.2,10.8
2026-03-29 10:00:00,0.255,0.355,16.2,11
2026-03-29 11:00:00,0.256,0.354,15.2,11
2026-03-29 12:00:00,0.256,0.354,14.3,11.1
2026-03-29 13:00:00,0.257,0.354,13.5,11.1
2026-03-29 14:00:00,0.257,0.354,12.8,11.1
2026-03-29 15:00:00,0.258,0.354,12.2,11
2026-03-29 16:00:00,0.258,0.353,11.7,11
2026-03-29 17:00:00,0.258,0.353,11.4,10.9
2026-03-29 18:00:00,0.259,0.353,11.1,10.8
2026-03-29 19:00:00,0.259,0.353,10.9,10.8
2026-03-29 20:00:00,0.259,0.353,10.7,10.7
2026-03-29 21:00:00,0.259,0.353,10.5,10.7
2026-03-29 22:00:00,0.259,0.353,10.4,10.6
2026-03-29 23:00:00,0.259,0.353,10.7,10.5
2026-03-30 00:00:00,0.259,0.353,11.3,10.5
2026-03-30 01:00:00,0.258,0.353,12.2,10.5
2026-03-30 02:00:00,0.258,0.352,13.1,10.5
2026-03-30 03:00:00,0.257,0.352,13.6,10.5
2026-03-30 04:00:00,0.257,0.352,13.7,10.6
2026-03-30 05:00:00,0.257,0.352,13.8,10.6
2026-03-30 06:00:00,0.258,0.352,13.8,10.7
2026-03-30 07:00:00,0.258,0.352,13.7,10.7
2026-03-30 08:00:00,0.268,0.352,13.5,10.8
2026-03-30 09:00:00,0.349,0.378,13.3,10.9
2026-03-30 10:00:00,0.349,0.382,13.1,11
2026-03-30 11:00:00,0.354,0.382,12.9,11.1
2026-03-30 12:00:00,0.356,0.382,12.7,11.1
2026-03-30 13:00:00,0.36,0.382,12.5,11.2
2026-03-30 14:00:00,0.364,0.382,12.4,11.2
2026-03-30 15:00:00,0.365,0.382,12.2,11.2
2026-03-30 16:00:00,0.363,0.382,12.1,11.2
2026-03-30 17:00:00,0.36,0.382,12,11.2
2026-03-30 18:00:00,0.358,0.382,11.9,11.2
2026-03-30 19:00:00,0.356,0.382,11.8,11.2
2026-03-30 20:00:00,0.355,0.382,11.7,11.2
2026-03-30 21:00:00,0.354,0.382,11.4,11.1
2026-03-30 22:00:00,0.353,0.383,11.3,11.1
2026-03-30 23:00:00,0.352,0.383,11.4,11.1
2026-03-31 00:00:00,0.351,0.383,11.9,11.1
2026-03-31 01:00:00,0.349,0.383,12.7,11.1
2026-03-31 02:00:00,0.346,0.383,14.6,11.1
2026-03-31 03:00:00,0.343,0.383,16.8,11.1
2026-03-31 04:00:00,0.338,0.383,19.1,11.2
2026-03-31 05:00:00,0.333,0.383,20.2,11.3
2026-03-31 06:00:00,0.331,0.383,19.8,11.5
2026-03-31 07:00:00,0.331,0.383,18.7,11.7
2026-03-31 08:00:00,0.331,0.383,17.7,11.8
2026-03-31 09:00:00,0.331,0.383,16.8,12
2026-03-31 10:00:00,0.332,0.383,15.6,12
2026-03-31 11:00:00,0.332,0.383,14.8,12.1
2026-03-31 12:00:00,0.333,0.383,14.3,12.1
2026-03-31 13:00:00,0.333,0.383,13.8,12.1
2026-03-31 14:00:00,0.333,0.383,13.2,12
2026-03-31 15:00:00,0.333,0.383,12.8,12
2026-03-31 16:00:00,0.334,0.384,12.4,11.9
2026-03-31 17:00:00,0.334,0.384,12.1,11.9
2026-03-31 18:00:00,0.334,0.384,12,11.8
2026-03-31 19:00:00,0.334,0.384,11.9,11.8
2026-03-31 20:00:00,0.334,0.384,11.6,11.7
2026-03-31 21:00:00,0.334,0.385,11.5,11.6
2026-03-31 22:00:00,0.334,0.385,11.5,11.6
2026-03-31 23:00:00,0.334,0.385,11.8,11.5
2026-04-01 00:00:00,0.333,0.385,12.4,11.5
2026-04-01 01:00:00,0.333,0.385,13,11.5
2026-04-01 02:00:00,0.333,0.385,13.8,11.5
2026-04-01 03:00:00,0.332,0.385,15,11.5
2026-04-01 04:00:00,0.331,0.385,15.5,11.5
2026-04-01 05:00:00,0.33,0.385,15.6,11.6
2026-04-01 06:00:00,0.329,0.385,15.9,11.6
2026-04-01 07:00:00,0.329,0.385,15.9,11.7
2026-04-01 08:00:00,0.328,0.385,15.5,11.7
2026-04-01 09:00:00,0.329,0.385,14.7,11.8
2026-04-01 10:00:00,0.329,0.385,13.9,11.8
2026-04-01 11:00:00,0.329,0.386,13.2,11.8
2026-04-01 12:00:00,0.329,0.386,12.5,11.8
2026-04-01 13:00:00,0.33,0.386,11.8,11.8
2026-04-01 14:00:00,0.33,0.386,11.2,11.8
2026-04-01 15:00:00,0.33,0.386,10.6,11.7
2026-04-01 16:00:00,0.331,0.386,10,11.6
2026-04-01 17:00:00,0.331,0.386,9.5,11.5
2026-04-01 18:00:00,0.331,0.387,9,11.4
2026-04-01 19:00:00,0.331,0.387,8.6,11.3
2026-04-01 20:00:00,0.332,0.387,8.2,11.2
2026-04-01 21:00:00,0.332,0.387,7.8,11.1
2026-04-01 22:00:00,0.332,0.388,7.6,11
2026-04-01 23:00:00,0.332,0.388,7.9,10.9
2026-04-02 00:00:00,0.331,0.388,8.9,10.8
2026-04-02 01:00:00,0.33,0.388,10.8,10.7
2026-04-02 02:00:00,0.327,0.388,13.5,10.6
2026-04-02 03:00:00,0.324,0.389,16.1,10.6
2026-04-02 04:00:00,0.322,0.389,18,10.7
2026-04-02 05:00:00,0.32,0.389,19.3,10.9
2026-04-02 06:00:00,0.318,0.389,19.8,11
2026-04-02 07:00:00,0.317,0.388,19.7,11.2
2026-04-02 08:00:00,0.317,0.388,18.8,11.4
2026-04-02 09:00:00,0.318,0.388,17.3,11.5
2026-04-02 10:00:00,0.318,0.388,15.8,11.6
2026-04-02 11:00:00,0.319,0.388,14.6,11.7
2026-04-02 12:00:00,0.319,0.388,13.7,11.7
2026-04-02 13:00:00,0.319,0.388,12.9,11.7
2026-04-02 14:00:00,0.319,0.388,12.2,11.7
2026-04-02 15:00:00,0.32,0.388,11.9,11.6
2026-04-02 16:00:00,0.32,0.388,11.7,11.6
2026-04-02 17:00:00,0.32,0.389,11.5,11.5
2026-04-02 18:00:00,0.32,0.389,11.3,11.5
2026-04-02 19:00:00,0.32,0.389,11,11.4
2026-04-02 20:00:00,0.32,0.39,10.7,11.3
2026-04-02 21:00:00,0.32,0.391,10.5,11.3
2026-04-02 22:00:00,0.32,0.391,10.3,11.3
2026-04-02 23:00:00,0.32,0.391,10.4,11.2
2026-04-03 00:00:00,0.32,0.391,11.2,11.1
2026-04-03 01:00:00,0.319,0.391,12.7,11.1
2026-04-03 02:00:00,0.318,0.391,14.6,11.1
2026-04-03 03:00:00,0.316,0.391,16.6,11.1
2026-04-03 04:00:00,0.315,0.391,17.6,11.2
2026-04-03 05:00:00,0.313,0.391,18.6,11.3
2026-04-03 06:00:00,0.312,0.391,18.6,11.5
2026-04-03 07:00:00,0.313,0.391,17.7,11.6
2026-04-03 08:00:00,0.313,0.39,16.6,11.8
2026-04-03 09:00:00,0.313,0.39,15.8,11.9
2026-04-03 10:00:00,0.314,0.39,15.1,12
2026-04-03 11:00:00,0.314,0.39,14.6,12
2026-04-03 12:00:00,0.314,0.39,14.3,12
2026-04-03 13:00:00,0.32,0.39,14,12
2026-04-03 14:00:00,0.354,0.391,13.7,12
2026-04-03 15:00:00,0.371,0.391,13.3,12
2026-04-03 16:00:00,0.38,0.391,13.1,12
2026-04-03 17:00:00,0.383,0.391,12.9,12
2026-04-03 18:00:00,0.39,0.391,12.8,12
2026-04-03 19:00:00,0.392,0.391,12.7,12
2026-04-03 20:00:00,0.391,0.391,12.7,11.9
2026-04-03 21:00:00,0.39,0.391,12.6,11.9
2026-04-03 22:00:00,0.387,0.391,12.5,11.9
2026-04-03 23:00:00,0.383,0.391,12.6,11.9
2026-04-04 00:00:00,0.38,0.391,13,11.9
2026-04-04 01:00:00,0.377,0.391,14.1,11.9
2026-04-04 02:00:00,0.373,0.391,15.6,11.9
2026-04-04 03:00:00,0.362,0.391,16.6,11.9
2026-04-04 04:00:00,0.36,0.391,17,12
2026-04-04 05:00:00,0.358,0.391,16.6,12
2026-04-04 06:00:00,0.354,0.391,16.9,12.1
2026-04-04 07:00:00,0.352,0.391,16.4,12.2
2026-04-04 08:00:00,0.351,0.391,15.5,12.2
2026-04-04 09:00:00,0.351,0.391,14.8,12.3
2026-04-04 10:00:00,0.35,0.391,14.1,12.3
2026-04-04 11:00:00,0.349,0.391,13.6,12.3
2026-04-04 12:00:00,0.349,0.391,13.2,12.2
2026-04-04 13:00:00,0.349,0.392,12.8,12.2
2026-04-04 14:00:00,0.348,0.392,12.5,12.2
2026-04-04 15:00:00,0.348,0.392,12.1,12.1
2026-04-04 16:00:00,0.348,0.392,11.8,12
2026-04-04 17:00:00,0.347,0.392,11.5,12
2026-04-04 18:00:00,0.347,0.392,11.3,11.9
2026-04-04 19:00:00,0.347,0.392,11,11.9
2026-04-04 20:00:00,0.346,0.392,10.8,11.8
2026-04-04 21:00:00,0.346,0.392,10.6,11.7
2026-04-04 22:00:00,0.346,0.392,10.4,11.7
2026-04-04 23:00:00,0.346,0.392,10.6,11.6
2026-04-05 00:00:00,0.345,0.393,11.2,11.5
2026-04-05 01:00:00,0.344,0.393,12.4,11.5
2026-04-05 02:00:00,0.341,0.393,14.5,11.5
2026-04-05 03:00:00,0.337,0.393,17,11.5
2026-04-05 04:00:00,0.334,0.393,18.9,11.5
2026-04-05 05:00:00,0.331,0.393,20.1,11.6
2026-04-05 06:00:00,0.329,0.392,20.8,11.7
2026-04-05 07:00:00,0.327,0.392,20.7,11.9
2026-04-05 08:00:00,0.326,0.392,19.7,12
2026-04-05 09:00:00,0.326,0.392,18.2,12.1
2026-04-05 10:00:00,0.327,0.392,16.7,12.2
2026-04-05 11:00:00,0.327,0.392,15.5,12.3
2026-04-05 12:00:00,0.327,0.392,14.6,12.3
2026-04-05 13:00:00,0.327,0.392,14,12.3
2026-04-05 14:00:00,0.327,0.392,13.7,12.3
2026-04-05 15:00:00,0.327,0.392,13.5,12.3
2026-04-05 16:00:00,0.326,0.392,13.4,12.2
2026-04-05 17:00:00,0.326,0.392,13.2,12.2
2026-04-05 18:00:00,0.327,0.392,13,12.2
2026-04-05 19:00:00,0.329,0.392,13,12.1
2026-04-05 20:00:00,0.334,0.392,12.9,12.1
2026-04-05 21:00:00,0.336,0.392,12.8,12.1
2026-04-05 22:00:00,0.35,0.392,12.7,12.1
2026-04-05 23:00:00,0.352,0.392,13,12.1
2026-04-06 00:00:00,0.35,0.392,13.7,12
2026-04-06 01:00:00,0.348,0.392,14.3,12
2026-04-06 02:00:00,0.347,0.392,14.7,12.1
2026-04-06 03:00:00,0.349,0.392,14.9,12.1
2026-04-06 04:00:00,0.348,0.392,15.2,12.1
2026-04-06 05:00:00,0.352,0.392,15.2,12.2
2026-04-06 06:00:00,0.354,0.392,15,12.2
2026-04-06 07:00:00,0.353,0.392,14.8,12.3
2026-04-06 08:00:00,0.351,0.392,14.6,12.3
2026-04-06 09:00:00,0.35,0.392,14.3,12.3
2026-04-06 10:00:00,0.35,0.392,13.8,12.4
2026-04-06 11:00:00,0.349,0.392,13.1,12.4
2026-04-06 12:00:00,0.349,0.392,12.5,12.4
2026-04-06 13:00:00,0.349,0.392,11.9,12.3
2026-04-06 14:00:00,0.348,0.392,11.3,12.3
2026-04-06 15:00:00,0.348,0.392,10.8,12.2
2026-04-06 16:00:00,0.348,0.392,10.3,12.2
2026-04-06 17:00:00,0.348,0.392,9.8,12.1
2026-04-06 18:00:00,0.348,0.392,9.4,12
2026-04-06 19:00:00,0.348,0.393,8.9,11.9
2026-04-06 20:00:00,0.348,0.393,8.6,11.8
2026-04-06 21:00:00,0.348,0.393,8.2,11.7
2026-04-06 22:00:00,0.348,0.393,7.9,11.5
2026-04-06 23:00:00,0.348,0.393,8,11.4
2026-04-07 00:00:00,0.347,0.393,8.7,11.3
2026-04-07 01:00:00,0.346,0.393,10,11.2
2026-04-07 02:00:00,0.343,0.394,12.1,11.1
2026-04-07 03:00:00,0.339,0.394,14.5,11.1
2026-04-07 04:00:00,0.335,0.394,16.4,11.1
2026-04-07 05:00:00,0.332,0.393,17.4,11.2
2026-04-07 06:00:00,0.33,0.393,17.8,11.3
2026-04-07 07:00:00,0.329,0.393,17.7,11.4
2026-04-07 08:00:00,0.329,0.393,16.6,11.5
2026-04-07 09:00:00,0.329,0.393,15,11.6
2026-04-07 10:00:00,0.329,0.393,13.5,11.7
2026-04-07 11:00:00,0.329,0.393,12.3,11.7
2026-04-07 12:00:00,0.329,0.393,11.3,11.7
2026-04-07 13:00:00,0.33,0.393,10.5,11.6
2026-04-07 14:00:00,0.329,0.393,9.8,11.5
2026-04-07 15:00:00,0.33,0.393,9.1,11.5
2026-04-07 16:00:00,0.33,0.393,8.6,11.4
2026-04-07 17:00:00,0.33,0.393,8.1,11.3
2026-04-07 18:00:00,0.33,0.393,7.7,11.1
2026-04-07 19:00:00,0.33,0.393,7.3,11
2026-04-07 20:00:00,0.33,0.394,6.9,10.9
2026-04-07 21:00:00,0.33,0.394,6.6,10.8
2026-04-07 22:00:00,0.33,0.394,6.4,10.7
2026-04-07 23:00:00,0.33,0.394,6.5,10.6
2026-04-08 00:00:00,0.329,0.394,7.2,10.5
2026-04-08 01:00:00,0.328,0.394,8.9,10.4
2026-04-08 02:00:00,0.325,0.394,11.5,10.3
2026-04-08 03:00:00,0.323,0.394,14.3,10.2
2026-04-08 04:00:00,0.32,0.394,16.9,10.3
2026-04-08 05:00:00,0.318,0.394,18.4,10.4
2026-04-08 06:00:00,0.317,0.394,19,10.5
2026-04-08 07:00:00,0.316,0.393,18.9,10.7
2026-04-08 08:00:00,0.316,0.393,17.9,10.9
2026-04-08 09:00:00,0.316,0.393,16.4,11.1
2026-04-08 10:00:00,0.317,0.393,15,11.2
2026-04-08 11:00:00,0.317,0.393,13.8,11.3
2026-04-08 12:00:00,0.317,0.393,12.9,11.3
2026-04-08 13:00:00,0.318,0.393,12.2,11.3
2026-04-08 14:00:00,0.318,0.393,11.7,11.3
2026-04-08 15:00:00,0.317,0.393,11.4,11.3
2026-04-08 16:00:00,0.317,0.393,11.1,11.2
2026-04-08 17:00:00,0.317,0.393,11,11.2
2026-04-08 18:00:00,0.317,0.393,10.9,11.1
2026-04-08 19:00:00,0.317,0.393,10.8,11.1
2026-04-08 20:00:00,0.317,0.393,10.7,11.1
2026-04-08 21:00:00,0.317,0.393,10.7,11
2026-04-08 22:00:00,0.317,0.393,10.8,11
2026-04-08 23:00:00,0.317,0.393,10.9,11
2026-04-09 00:00:00,0.317,0.393,11.1,11
2026-04-09 01:00:00,0.346,0.393,11.3,11
2026-04-09 02:00:00,0.358,0.393,11.8,11
2026-04-09 03:00:00,0.365,0.393,12.3,11
2026-04-09 04:00:00,0.364,0.393,12.6,11
2026-04-09 05:00:00,0.369,0.393,13,11.1
2026-04-09 06:00:00,0.37,0.393,13.3,11.1
2026-04-09 07:00:00,0.38,0.393,13.7,11.2
2026-04-09 08:00:00,0.381,0.393,13.9,11.3
2026-04-09 09:00:00,0.377,0.392,13.8,11.5
2026-04-09 10:00:00,0.373,0.392,13.8,11.7
2026-04-09 11:00:00,0.371,0.392,13.6,11.8
2026-04-09 12:00:00,0.369,0.392,13.6,11.8
2026-04-09 13:00:00,0.368,0.392,13.5,11.9
2026-04-09 14:00:00,0.367,0.392,13.5,11.9
2026-04-09 15:00:00,0.365,0.392,13.5,11.9
2026-04-09 16:00:00,0.365,0.392,13.5,12
2026-04-09 17:00:00,0.365,0.392,13.4,12
2026-04-09 18:00:00,0.364,0.392,13.3,12
2026-04-09 19:00:00,0.363,0.392,13.2,12
2026-04-09 20:00:00,0.363,0.392,12.9,12
2026-04-09 21:00:00,0.362,0.392,12.7,12
2026-04-09 22:00:00,0.361,0.392,12.5,12
2026-04-09 23:00:00,0.36,0.392,12.5,12
2026-04-10 00:00:00,0.359,0.392,12.6,12
2026-04-10 01:00:00,0.358,0.392,12.7,12
2026-04-10 02:00:00,0.356,0.392,12.8,12
2026-04-10 03:00:00,0.354,0.392,13.1,12
2026-04-10 04:00:00,0.353,0.392,13.4,12
2026-04-10 05:00:00,0.352,0.392,13.5,12
2026-04-10 06:00:00,0.351,0.392,13.5,12
2026-04-10 07:00:00,0.351,0.392,13.3,12
2026-04-10 08:00:00,0.35,0.392,13.2,12
2026-04-10 09:00:00,0.349,0.392,12.9,12
2026-04-10 10:00:00,0.349,0.392,12.6,12
2026-04-10 11:00:00,0.349,0.392,12.3,12
2026-04-10 12:00:00,0.348,0.392,12.1,12
2026-04-10 13:00:00,0.348,0.392,11.9,11.9
2026-04-10 14:00:00,0.348,0.392,11.7,11.9
2026-04-10 15:00:00,0.348,0.392,11.6,11.9
2026-04-10 16:00:00,0.347,0.392,11.5,11.8
2026-04-10 17:00:00,0.347,0.392,11.4,11.8
2026-04-10 18:00:00,0.347,0.392,11.3,11.8
2026-04-10 19:00:00,0.347,0.392,11.3,11.8
2026-04-10 20:00:00,0.346,0.392,11.2,11.7
2026-04-10 21:00:00,0.346,0.392,11.2,11.7
2026-04-10 22:00:00,0.346,0.393,11.2,11.7
2026-04-10 23:00:00,0.345,0.393,11.4,11.6
2026-04-11 00:00:00,0.345,0.393,12,11.6
2026-04-11 01:00:00,0.344,0.393,13.1,11.6
2026-04-11 02:00:00,0.342,0.393,15,11.6
2026-04-11 03:00:00,0.339,0.393,17,11.7
2026-04-11 04:00:00,0.336,0.393,18.4,11.7
2026-04-11 05:00:00,0.333,0.392,19.1,11.8
2026-04-11 06:00:00,0.332,0.392,19.2,12
2026-04-11 07:00:00,0.331,0.392,18.8,12.1
2026-04-11 08:00:00,0.331,0.392,18.1,12.2
2026-04-11 09:00:00,0.331,0.392,17.2,12.3
2026-04-11 10:00:00,0.331,0.392,16.3,12.4
2026-04-11 11:00:00,0.331,0.392,15.5,12.5
2026-04-11 12:00:00,0.331,0.392,14.9,12.5
2026-04-11 13:00:00,0.331,0.392,14.3,12.5
2026-04-11 14:00:00,0.331,0.392,13.9,12.5
2026-04-11 15:00:00,0.331,0.392,13.6,12.5
2026-04-11 16:00:00,0.331,0.392,13.4,12.5
2026-04-11 17:00:00,0.331,0.392,13.3,12.5
2026-04-11 18:00:00,0.331,0.392,13.2,12.4
2026-04-11 19:00:00,0.331,0.392,13,12.4
2026-04-11 20:00:00,0.331,0.392,12.9,12.4
2026-04-11 21:00:00,0.331,0.392,12.8,12.4
2026-04-11 22:00:00,0.331,0.392,12.7,12.3
2026-04-11 23:00:00,0.331,0.392,12.8,12.3
2026-04-12 00:00:00,0.331,0.392,13.2,12.3
2026-04-12 01:00:00,0.33,0.392,14.1,12.3
2026-04-12 02:00:00,0.329,0.392,15.1,12.3
2026-04-12 03:00:00,0.328,0.392,15.9,12.3
2026-04-12 04:00:00,0.327,0.391,16.8,12.4
2026-04-12 05:00:00,0.326,0.391,17.7,12.5
2026-04-12 06:00:00,0.325,0.391,18.1,12.6
2026-04-12 07:00:00,0.325,0.391,18.1,12.7
2026-04-12 08:00:00,0.325,0.391,17.5,12.8
2026-04-12 09:00:00,0.325,0.391,16.8,12.9
2026-04-12 10:00:00,0.325,0.391,16.2,12.9
2026-04-12 11:00:00,0.325,0.391,15.6,13
2026-04-12 12:00:00,0.325,0.39,15.1,13
2026-04-12 13:00:00,0.325,0.39,14.7,13
2026-04-12 14:00:00,0.325,0.39,14.5,13
2026-04-12 15:00:00,0.325,0.39,14.2,13
2026-04-12 16:00:00,0.325,0.391,14,13
2026-04-12 17:00:00,0.325,0.391,13.7,12.9
2026-04-12 18:00:00,0.325,0.39,13.5,12.9
2026-04-12 19:00:00,0.325,0.391,13.3,12.9
2026-04-12 20:00:00,0.325,0.391,13.1,12.9
2026-04-12 21:00:00,0.325,0.391,12.8,12.8
2026-04-12 22:00:00,0.325,0.391,12.6,12.8
2026-04-12 23:00:00,0.325,0.391,12.6,12.7
2026-04-13 00:00:00,0.325,0.391,13.2,12.7
2026-04-13 01:00:00,0.323,0.391,14.3,12.7
2026-04-13 02:00:00,0.322,0.391,15.8,12.6
2026-04-13 03:00:00,0.32,0.391,17.3,12.7
2026-04-13 04:00:00,0.319,0.39,18.3,12.7
2026-04-13 05:00:00,0.318,0.39,18.6,12.8
2026-04-13 06:00:00,0.318,0.39,18.6,12.9
2026-04-13 07:00:00,0.318,0.39,18.2,13
2026-04-13 08:00:00,0.318,0.39,17.8,13.1
2026-04-13 09:00:00,0.318,0.39,17.2,13.2
2026-04-13 10:00:00,0.318,0.39,16.6,13.2
2026-04-13 11:00:00,0.318,0.39,16,13.3
2026-04-13 12:00:00,0.318,0.39,15.5,13.3
2026-04-13 13:00:00,0.318,0.39,15,13.3
2026-04-13 14:00:00,0.318,0.389,14.7,13.3
2026-04-13 15:00:00,0.318,0.39,14.5,13.3
2026-04-13 16:00:00,0.318,0.39,14.3,13.3
2026-04-13 17:00:00,0.318,0.39,14.1,13.2
2026-04-13 18:00:00,0.318,0.389,13.9,13.2
2026-04-13 19:00:00,0.318,0.389,13.8,13.2
2026-04-13 20:00:00,0.318,0.39,13.6,13.1
2026-04-13 21:00:00,0.318,0.39,13.5,13.1
2026-04-13 22:00:00,0.318,0.39,13.5,13.1
2026-04-13 23:00:00,0.317,0.39,13.8,13
2026-04-14 00:00:00,0.317,0.39,14.1,13
2026-04-14 01:00:00,0.317,0.39,14.5,13
2026-04-14 02:00:00,0.316,0.39,15.1,13
2026-04-14 03:00:00,0.316,0.39,15.6,13
2026-04-14 04:00:00,0.315,0.389,15.9,13.1
2026-04-14 05:00:00,0.315,0.389,16.2,13.1
2026-04-14 06:00:00,0.315,0.389,16.3,13.2
2026-04-14 07:00:00,0.315,0.389,16.3,13.2
2026-04-14 08:00:00,0.314,0.389,16.5,13.3
2026-04-14 09:00:00,0.314,0.389,16.4,13.3
2026-04-14 10:00:00,0.314,0.389,16,13.4
2026-04-14 11:00:00,0.314,0.389,15.6,13.4
2026-04-14 12:00:00,0.315,0.389,15.2,13.4
2026-04-14 13:00:00,0.315,0.389,14.8,13.5
2026-04-14 14:00:00,0.315,0.389,14.2,13.4
2026-04-14 15:00:00,0.315,0.389,13.8,13.4
2026-04-14 16:00:00,0.315,0.389,13.4,13.4
2026-04-14 17:00:00,0.315,0.389,13,13.4
2026-04-14 18:00:00,0.315,0.389,12.6,13.3
2026-04-14 19:00:00,0.316,0.389,12.2,13.2
2026-04-14 20:00:00,0.316,0.389,12,13.2
2026-04-14 21:00:00,0.316,0.389,11.8,13.1
2026-04-14 22:00:00,0.315,0.389,11.8,13
2026-04-14 23:00:00,0.315,0.389,12,13
2026-04-15 00:00:00,0.315,0.389,12.7,12.9
2026-04-15 01:00:00,0.314,0.389,13.9,12.9
2026-04-15 02:00:00,0.313,0.39,14.9,12.8
2026-04-15 03:00:00,0.311,0.389,16.8,12.8
2026-04-15 04:00:00,0.31,0.389,19,12.9
2026-04-15 05:00:00,0.309,0.389,20.5,13
2026-04-15 06:00:00,0.308,0.389,21.1,13.2
2026-04-15 07:00:00,0.308,0.389,20.6,13.3
2026-04-15 08:00:00,0.308,0.388,19.4,13.4
2026-04-15 09:00:00,0.308,0.388,18.3,13.6
2026-04-15 10:00:00,0.308,0.387,17.3,13.7
2026-04-15 11:00:00,0.309,0.386,16.3,13.7
2026-04-15 12:00:00,0.309,0.386,15.4,13.8
2026-04-15 13:00:00,0.309,0.386,14.7,13.8
2026-04-15 14:00:00,0.309,0.385,14.2,13.7
2026-04-15 15:00:00,0.309,0.385,13.7,13.7
2026-04-15 16:00:00,0.308,0.385,13.3,13.6
2026-04-15 17:00:00,0.308,0.385,12.9,13.6
2026-04-15 18:00:00,0.308,0.386,12.6,13.5
2026-04-15 19:00:00,0.308,0.386,12.2,13.4
2026-04-15 20:00:00,0.308,0.386,11.9,13.3
2026-04-15 21:00:00,0.308,0.386,11.6,13.2
2026-04-15 22:00:00,0.308,0.386,11.5,13.2
2026-04-15 23:00:00,0.308,0.386,11.8,13.1
2026-04-16 00:00:00,0.307,0.386,12.7,13
2026-04-16 01:00:00,0.306,0.386,14.3,13
2026-04-16 02:00:00,0.304,0.386,16.3,12.9
2026-04-16 03:00:00,0.302,0.386,18.7,13
2026-04-16 04:00:00,0.3,0.385,20.9,13
2026-04-16 05:00:00,0.299,0.385,22.5,13.2
2026-04-16 06:00:00,0.298,0.385,23.2,13.4
2026-04-16 07:00:00,0.298,0.385,22.6,13.6
2026-04-16 08:00:00,0.297,0.384,21.3,13.8
2026-04-16 09:00:00,0.297,0.384,20,14
2026-04-16 10:00:00,0.297,0.384,18.8,14.1
2026-04-16 11:00:00,0.297,0.384,17.7,14.2
2026-04-16 12:00:00,0.297,0.383,16.8,14.2
2026-04-16 13:00:00,0.297,0.383,16.3,14.2
2026-04-16 14:00:00,0.296,0.383,15.9,14.2
2026-04-16 15:00:00,0.296,0.383,15.5,14.2
2026-04-16 16:00:00,0.296,0.383,15.2,14.1
2026-04-16 17:00:00,0.296,0.383,14.9,14.1
2026-04-16 18:00:00,0.296,0.383,14.6,14.1
2026-04-16 19:00:00,0.296,0.383,14.4,14
2026-04-16 20:00:00,0.295,0.383,14.2,14
2026-04-16 21:00:00,0.295,0.383,14.1,13.9
2026-04-16 22:00:00,0.295,0.383,14,13.9
2026-04-16 23:00:00,0.295,0.383,14.1,13.8
2026-04-17 00:00:00,0.295,0.383,14.4,13.8
2026-04-17 01:00:00,0.295,0.383,14.6,13.8
2026-04-17 02:00:00,0.294,0.383,14.7,13.8
2026-04-17 03:00:00,0.294,0.383,14.9,13.8
2026-04-17 04:00:00,0.294,0.383,14.9,13.8
2026-04-17 05:00:00,0.295,0.383,15.1,13.8
2026-04-17 06:00:00,0.295,0.383,15.2,13.8
2026-04-17 07:00:00,0.295,0.384,15.1,13.8
2026-04-17 08:00:00,0.296,0.384,15.1,13.8
2026-04-17 09:00:00,0.302,0.385,15,13.8
2026-04-17 10:00:00,0.331,0.387,14.8,13.8
2026-04-17 11:00:00,0.347,0.388,14.7,13.9
2026-04-17 12:00:00,0.346,0.388,14.6,13.9
2026-04-17 13:00:00,0.345,0.388,14.5,13.9
2026-04-17 14:00:00,0.345,0.389,14.4,13.8
2026-04-17 15:00:00,0.348,0.389,14.4,13.8
2026-04-17 16:00:00,0.349,0.389,14.3,13.8
2026-04-17 17:00:00,0.349,0.389,14.3,13.8
2026-04-17 18:00:00,0.348,0.389,14.3,13.8
2026-04-17 19:00:00,0.347,0.389,14.2,13.8
2026-04-17 20:00:00,0.346,0.389,14.2,13.8
2026-04-17 21:00:00,0.345,0.389,14.1,13.8
2026-04-17 22:00:00,0.345,0.389,14.2,13.8
2026-04-17 23:00:00,0.344,0.389,14.5,13.8
2026-04-18 00:00:00,0.343,0.389,15.1,13.8
2026-04-18 01:00:00,0.342,0.389,16,13.8
2026-04-18 02:00:00,0.34,0.389,17.7,13.8
2026-04-18 03:00:00,0.337,0.389,18.9,13.9
2026-04-18 04:00:00,0.336,0.389,19.7,14
2026-04-18 05:00:00,0.334,0.389,20.6,14.1
2026-04-18 06:00:00,0.332,0.389,21,14.3
2026-04-18 07:00:00,0.332,0.388,20.6,14.4
2026-04-18 08:00:00,0.332,0.388,20.2,14.6
2026-04-18 09:00:00,0.332,0.388,19.8,14.7
2026-04-18 10:00:00,0.332,0.388,19.3,14.8
2026-04-18 11:00:00,0.332,0.388,18.6,14.9
2026-04-18 12:00:00,0.332,0.388,17.9,14.9
2026-04-18 13:00:00,0.332,0.388,17.4,14.9
2026-04-18 14:00:00,0.332,0.388,16.9,14.9
2026-04-18 15:00:00,0.332,0.388,16.6,14.9
2026-04-18 16:00:00,0.333,0.388,16.3,14.9
2026-04-18 17:00:00,0.333,0.388,15.9,14.8
2026-04-18 18:00:00,0.333,0.388,15.6,14.8
2026-04-18 19:00:00,0.333,0.388,15.4,14.7
2026-04-18 20:00:00,0.333,0.388,15.2,14.7
2026-04-18 21:00:00,0.333,0.388,15,14.7
2026-04-18 22:00:00,0.333,0.388,15,14.6
2026-04-18 23:00:00,0.332,0.388,15.4,14.6
2026-04-19 00:00:00,0.332,0.388,16.5,14.5
2026-04-19 01:00:00,0.331,0.388,17.6,14.5
2026-04-19 02:00:00,0.33,0.388,18,14.5
2026-04-19 03:00:00,0.33,0.388,18.4,14.6
2026-04-19 04:00:00,0.329,0.388,19.2,14.7
2026-04-19 05:00:00,0.328,0.387,19.6,14.8
2026-04-19 06:00:00,0.327,0.387,21.2,14.9
2026-04-19 07:00:00,0.326,0.387,21.9,15
2026-04-19 08:00:00,0.326,0.387,21.2,15.1
2026-04-19 09:00:00,0.325,0.386,20.2,15.2
2026-04-19 10:00:00,0.325,0.386,19.3,15.3
2026-04-19 11:00:00,0.326,0.386,18.4,15.4
2026-04-19 12:00:00,0.326,0.386,17.7,15.4
2026-04-19 13:00:00,0.326,0.386,17.1,15.4
2026-04-19 14:00:00,0.326,0.386,16.6,15.4
2026-04-19 15:00:00,0.326,0.386,16.2,15.4
2026-04-19 16:00:00,0.326,0.386,15.8,15.3
2026-04-19 17:00:00,0.326,0.386,15.5,15.3
2026-04-19 18:00:00,0.326,0.386,15.1,15.2
2026-04-19 19:00:00,0.326,0.386,14.9,15.1
2026-04-19 20:00:00,0.326,0.386,14.8,15.1
2026-04-19 21:00:00,0.326,0.386,14.7,15
2026-04-19 22:00:00,0.326,0.386,14.6,14.9
2026-04-19 23:00:00,0.326,0.386,15,14.9
2026-04-20 00:00:00,0.325,0.387,16.1,14.8
2026-04-20 01:00:00,0.325,0.387,17,14.8
2026-04-20 02:00:00,0.324,0.387,17.3,14.8
2026-04-20 03:00:00,0.324,0.387,17.5,14.8
2026-04-20 04:00:00,0.324,0.387,17.3,14.8
2026-04-20 05:00:00,0.324,0.386,16.9,14.9
2026-04-20 06:00:00,0.324,0.386,16.6,14.9
2026-04-20 07:00:00,0.324,0.386,16.3,14.9
2026-04-20 08:00:00,0.324,0.386,16,14.9
2026-04-20 09:00:00,0.324,0.386,15.7,14.9
2026-04-20 10:00:00,0.324,0.387,15,14.8
2026-04-20 11:00:00,0.324,0.387,14.1,14.8
2026-04-20 12:00:00,0.324,0.387,13.4,14.7
2026-04-20 13:00:00,0.324,0.387,12.7,14.6
2026-04-20 14:00:00,0.325,0.387,12.1,14.5
2026-04-20 15:00:00,0.325,0.387,11.5,14.4
2026-04-20 16:00:00,0.325,0.387,11,14.3
2026-04-20 17:00:00,0.325,0.387,10.6,14.2
2026-04-20 18:00:00,0.325,0.388,10.2,14.1
2026-04-20 19:00:00,0.326,0.388,9.8,13.9
2026-04-20 20:00:00,0.326,0.388,9.4,13.8
2026-04-20 21:00:00,0.326,0.388,9.1,13.7
2026-04-20 22:00:00,0.326,0.388,9.1,13.5
2026-04-20 23:00:00,0.325,0.388,9.5,13.4
2026-04-21 00:00:00,0.324,0.389,10.7,13.3
2026-04-21 01:00:00,0.323,0.389,12.8,13.2
2026-04-21 02:00:00,0.321,0.389,15.2,13.1
2026-04-21 03:00:00,0.319,0.389,17.9,13.1
2026-04-21 04:00:00,0.318,0.389,20.3,13.2
2026-04-21 05:00:00,0.317,0.388,22.3,13.4
2026-04-21 06:00:00,0.316,0.388,23.2,13.6
2026-04-21 07:00:00,0.316,0.388,22.7,13.8
2026-04-21 08:00:00,0.316,0.387,21.3,14.1
2026-04-21 09:00:00,0.316,0.387,19.8,14.2
2026-04-21 10:00:00,0.316,0.387,18.3,14.4
2026-04-21 11:00:00,0.316,0.387,17.1,14.5
2026-04-21 12:00:00,0.316,0.385,16.3,14.5
2026-04-21 13:00:00,0.316,0.385,15.6,14.5
2026-04-21 14:00:00,0.316,0.385,15.1,14.5
2026-04-21 15:00:00,0.315,0.384,14.6,14.5
2026-04-21 16:00:00,0.315,0.384,14.3,14.4
2026-04-21 17:00:00,0.315,0.384,14,14.3
2026-04-21 18:00:00,0.315,0.384,13.7,14.3
2026-04-21 19:00:00,0.314,0.384,13.5,14.2
2026-04-21 20:00:00,0.314,0.384,13.3,14.2
2026-04-21 21:00:00,0.314,0.384,13.1,14.1
2026-04-21 22:00:00,0.314,0.384,13,14
2026-04-21 23:00:00,0.313,0.384,13.1,14
2026-04-22 00:00:00,0.313,0.384,13.2,13.9
2026-04-22 01:00:00,0.313,0.384,13.5,13.9
2026-04-22 02:00:00,0.312,0.385,13.9,13.8
2026-04-22 03:00:00,0.312,0.385,14.4,13.8
2026-04-22 04:00:00,0.312,0.385,14.7,13.8
2026-04-22 05:00:00,0.312,0.385,14.9,13.8
2026-04-22 06:00:00,0.312,0.385,14.9,13.9
2026-04-22 07:00:00,0.313,0.385,14.7,13.9
2026-04-22 08:00:00,0.313,0.385,14.6,13.9
2026-04-22 09:00:00,0.313,0.385,14.5,13.9
2026-04-22 10:00:00,0.314,0.386,14.3,13.9
2026-04-22 11:00:00,0.314,0.386,14,13.9
2026-04-22 12:00:00,0.315,0.386,13.8,13.9
2026-04-22 13:00:00,0.315,0.386,13.7,13.9
2026-04-22 14:00:00,0.315,0.386,13.5,13.9
2026-04-22 15:00:00,0.316,0.386,13.4,13.9
2026-04-22 16:00:00,0.316,0.386,13.2,13.9
2026-04-22 17:00:00,0.316,0.386,13.1,13.8
2026-04-22 18:00:00,0.316,0.386,13,13.8
2026-04-22 19:00:00,0.317,0.386,12.8,13.8
2026-04-22 20:00:00,0.317,0.386,12.6,13.8
2026-04-22 21:00:00,0.317,0.386,12.5,13.7
2026-04-22 22:00:00,0.318,0.386,12.5,13.7
2026-04-22 23:00:00,0.317,0.386,12.8,13.6
2026-04-23 00:00:00,0.317,0.386,13.6,13.6
2026-04-23 01:00:00,0.316,0.386,14.8,13.6
2026-04-23 02:00:00,0.315,0.386,16.6,13.6
2026-04-23 03:00:00,0.314,0.386,19.1,13.6
2026-04-23 04:00:00,0.313,0.385,20.8,13.8
2026-04-23 05:00:00,0.312,0.385,22.4,13.9
2026-04-23 06:00:00,0.312,0.383,23.3,14.1
2026-04-23 07:00:00,0.312,0.383,22.9,14.3
2026-04-23 08:00:00,0.312,0.382,21.6,14.5
2026-04-23 09:00:00,0.312,0.382,20.3,14.7
2026-04-23 10:00:00,0.313,0.381,18.9,14.8
2026-04-23 11:00:00,0.313,0.381,17.8,14.9
2026-04-23 12:00:00,0.313,0.381,16.8,14.9
2026-04-23 13:00:00,0.313,0.381,16.1,14.9
2026-04-23 14:00:00,0.313,0.381,15.5,14.9
2026-04-23 15:00:00,0.313,0.381,15,14.8
2026-04-23 16:00:00,0.313,0.381,14.6,14.8
2026-04-23 17:00:00,0.313,0.381,14.2,14.7
2026-04-23 18:00:00,0.313,0.381,13.7,14.6
2026-04-23 19:00:00,0.313,0.381,13.3,14.5
2026-04-23 20:00:00,0.313,0.381,12.9,14.4
2026-04-23 21:00:00,0.313,0.381,12.5,14.3
2026-04-23 22:00:00,0.313,0.381,12.4,14.2
2026-04-23 23:00:00,0.312,0.381,12.8,14.2
2026-04-24 00:00:00,0.311,0.381,14,14.1
2026-04-24 01:00:00,0.31,0.381,16.2,14
2026-04-24 02:00:00,0.308,0.381,18.7,14
2026-04-24 03:00:00,0.307,0.381,21.1,14
2026-04-24 04:00:00,0.306,0.381,22.8,14.2
2026-04-24 05:00:00,0.305,0.381,24.1,14.4
2026-04-24 06:00:00,0.304,0.381,24.7,14.6
2026-04-24 07:00:00,0.303,0.38,24.2,14.9
2026-04-24 08:00:00,0.302,0.38,22.8,15.1
2026-04-24 09:00:00,0.302,0.38,21.3,15.3
2026-04-24 10:00:00,0.301,0.379,19.7,15.4
2026-04-24 11:00:00,0.301,0.379,18.4,15.4
2026-04-24 12:00:00,0.301,0.379,17.4,15.5
2026-04-24 13:00:00,0.3,0.379,16.5,15.4
2026-04-24 14:00:00,0.299,0.379,15.7,15.4
2026-04-24 15:00:00,0.299,0.379,15,15.3
2026-04-24 16:00:00,0.299,0.379,14.4,15.2
2026-04-24 17:00:00,0.299,0.379,13.8,15.1
2026-04-24 18:00:00,0.299,0.379,13.4,15
2026-04-24 19:00:00,0.299,0.379,12.9,14.9
2026-04-24 20:00:00,0.299,0.38,12.5,14.7
2026-04-24 21:00:00,0.299,0.38,12.1,14.6
2026-04-24 22:00:00,0.298,0.38,12,14.5
2026-04-24 23:00:00,0.298,0.38,12.4,14.4
2026-04-25 00:00:00,0.297,0.38,13.8,14.2
2026-04-25 01:00:00,0.295,0.38,16,14.2
2026-04-25 02:00:00,0.294,0.38,18.7,14.1
2026-04-25 03:00:00,0.292,0.38,21.1,14.2
2026-04-25 04:00:00,0.291,0.38,23,14.3
2026-04-25 05:00:00,0.289,0.379,24.5,14.6
2026-04-25 06:00:00,0.288,0.379,25.5,14.9
2026-04-25 07:00:00,0.287,0.379,25.5,15.2
2026-04-25 08:00:00,0.287,0.375,24.3,15.4
2026-04-25 09:00:00,0.286,0.373,22.7,15.6
2026-04-25 10:00:00,0.285,0.373,21,15.8
2026-04-25 11:00:00,0.285,0.372,19.5,15.9
2026-04-25 12:00:00,0.285,0.372,18.4,15.9
2026-04-25 13:00:00,0.285,0.372,17.4,15.9
2026-04-25 14:00:00,0.285,0.372,16.5,15.8
2026-04-25 15:00:00,0.285,0.372,15.7,15.8
2026-04-25 16:00:00,0.285,0.372,15,15.7
2026-04-25 17:00:00,0.285,0.372,14.4,15.6
2026-04-25 18:00:00,0.285,0.372,13.9,15.4
2026-04-25 19:00:00,0.285,0.372,13.5,15.3
2026-04-25 20:00:00,0.285,0.372,13.1,15.2
2026-04-25 21:00:00,0.285,0.372,12.8,15
2026-04-25 22:00:00,0.285,0.372,12.7,14.9
2026-04-25 23:00:00,0.284,0.372,13.2,14.8
2026-04-26 00:00:00,0.284,0.372,14.6,14.7
2026-04-26 01:00:00,0.282,0.372,16.8,14.6
2026-04-26 02:00:00,0.281,0.372,19.3,14.6
2026-04-26 03:00:00,0.279,0.372,21.6,14.6
2026-04-26 04:00:00,0.278,0.371,23.4,14.7
2026-04-26 05:00:00,0.277,0.371,24.8,14.9
2026-04-26 06:00:00,0.276,0.37,26,15.2
2026-04-26 07:00:00,0.276,0.37,25.9,15.4
2026-04-26 08:00:00,0.276,0.37,24.9,15.7
2026-04-26 09:00:00,0.275,0.369,23.1,15.9
2026-04-26 10:00:00,0.275,0.369,21.2,16
2026-04-26 11:00:00,0.275,0.369,19.6,16.1
2026-04-26 12:00:00,0.275,0.369,18.4,16.1
2026-04-26 13:00:00,0.275,0.369,17.5,16.1
2026-04-26 14:00:00,0.275,0.369,16.8,16
2026-04-26 15:00:00,0.274,0.369,16,15.9
2026-04-26 16:00:00,0.275,0.369,15.3,15.8
2026-04-26 17:00:00,0.275,0.368,14.6,15.7
2026-04-26 18:00:00,0.275,0.368,14,15.6
2026-04-26 19:00:00,0.275,0.368,13.5,15.4
2026-04-26 20:00:00,0.276,0.368,13,15.3
2026-04-26 21:00:00,0.276,0.368,12.6,15.2
2026-04-26 22:00:00,0.276,0.368,12.5,15
2026-04-26 23:00:00,0.275,0.368,13,14.9
2026-04-27 00:00:00,0.274,0.368,14.4,14.8
2026-04-27 01:00:00,0.273,0.368,16.5,14.7
2026-04-27 02:00:00,0.272,0.368,19,14.6
2026-04-27 03:00:00,0.271,0.368,21.4,14.7
2026-04-27 04:00:00,0.271,0.368,23.4,14.8
2026-04-27 05:00:00,0.27,0.368,24.6,15
2026-04-27 06:00:00,0.27,0.368,24.3,15.3
2026-04-27 07:00:00,0.27,0.367,23.1,15.5
2026-04-27 08:00:00,0.269,0.367,22.3,15.6
2026-04-27 09:00:00,0.269,0.367,21.3,15.8
2026-04-27 10:00:00,0.269,0.367,20,15.8
2026-04-27 11:00:00,0.27,0.367,18.6,15.9
2026-04-27 12:00:00,0.27,0.366,17.5,15.9
2026-04-27 13:00:00,0.271,0.366,16.7,15.8
2026-04-27 14:00:00,0.271,0.366,16,15.7
2026-04-27 15:00:00,0.271,0.366,15.4,15.6
2026-04-27 16:00:00,0.271,0.366,14.9,15.5
2026-04-27 17:00:00,0.271,0.366,14.7,15.4
2026-04-27 18:00:00,0.271,0.366,14.7,15.3
2026-04-27 19:00:00,0.271,0.365,14.7,15.2
2026-04-27 20:00:00,0.271,0.365,14.7,15.1
2026-04-27 21:00:00,0.271,0.365,14.6,15.1
2026-04-27 22:00:00,0.271,0.365,14.5,15
2026-04-27 23:00:00,0.271,0.365,14.8,14.9
2026-04-28 00:00:00,0.27,0.365,15.7,14.9
2026-04-28 01:00:00,0.27,0.365,16.7,14.8
2026-04-28 02:00:00,0.269,0.365,17.9,14.8
2026-04-28 03:00:00,0.268,0.365,19.3,14.9
2026-04-28 04:00:00,0.267,0.365,21.3,14.9
2026-04-28 05:00:00,0.266,0.365,22.5,15.1
2026-04-28 06:00:00,0.266,0.364,22.4,15.2
2026-04-28 07:00:00,0.266,0.364,21.9,15.4
2026-04-28 08:00:00,0.266,0.364,20.7,15.5
2026-04-28 09:00:00,0.266,0.364,19.7,15.6
2026-04-28 10:00:00,0.266,0.364,18.6,15.6
2026-04-28 11:00:00,0.267,0.364,17.6,15.6
2026-04-28 12:00:00,0.267,0.364,16.8,15.6
2026-04-28 13:00:00,0.267,0.364,16.2,15.5
2026-04-28 14:00:00,0.267,0.364,15.7,15.4
2026-04-28 15:00:00,0.267,0.363,15.2,15.3
2026-04-28 16:00:00,0.267,0.363,14.8,15.3
2026-04-28 17:00:00,0.268,0.363,14.5,15.2
2026-04-28 18:00:00,0.268,0.363,14.1,15.1
2026-04-28 19:00:00,0.268,0.363,13.8,15
2026-04-28 20:00:00,0.268,0.363,13.5,14.9
2026-04-28 21:00:00,0.268,0.363,13.3,14.8
2026-04-28 22:00:00,0.268,0.363,13.3,14.7
2026-04-28 23:00:00,0.268,0.364,13.8,14.7
2026-04-29 00:00:00,0.267,0.364,14.8,14.6
2026-04-29 01:00:00,0.266,0.364,16,14.5
2026-04-29 02:00:00,0.266,0.364,17.3,14.5
2026-04-29 03:00:00,0.265,0.364,18.5,14.6
2026-04-29 04:00:00,0.265,0.364,19,14.7
2026-04-29 05:00:00,0.264,0.364,19.9,14.8
2026-04-29 06:00:00,0.264,0.363,19.9,14.9
2026-04-29 07:00:00,0.263,0.363,19.4,15
2026-04-29 08:00:00,0.263,0.363,19,15.1
2026-04-29 09:00:00,0.264,0.363,18.3,15.2
2026-04-29 10:00:00,0.264,0.363,17.5,15.2
2026-04-29 11:00:00,0.265,0.363,16.7,15.2
2026-04-29 12:00:00,0.265,0.363,16.2,15.2
2026-04-29 13:00:00,0.265,0.362,15.7,15.2
2026-04-29 14:00:00,0.265,0.362,15.3,15.2
2026-04-29 15:00:00,0.265,0.361,14.9,15.1
2026-04-29 16:00:00,0.265,0.361,14.6,15
2026-04-29 17:00:00,0.266,0.361,14.4,15
2026-04-29 18:00:00,0.266,0.361,14.1,14.9
2026-04-29 19:00:00,0.266,0.361,14,14.8
2026-04-29 20:00:00,0.266,0.361,13.8,14.8
2026-04-29 21:00:00,0.266,0.361,13.7,14.7
2026-04-29 22:00:00,0.266,0.361,13.6,14.6
2026-04-29 23:00:00,0.266,0.361,13.9,14.6
2026-04-30 00:00:00,0.266,0.36,14.7,14.5
2026-04-30 01:00:00,0.265,0.36,15.9,14.5
2026-04-30 02:00:00,0.264,0.36,17.6,14.5
2026-04-30 03:00:00,0.263,0.36,19.3,14.6
2026-04-30 04:00:00,0.262,0.36,20.4,14.7
2026-04-30 05:00:00,0.262,0.36,20.6,14.8
2026-04-30 06:00:00,0.262,0.36,20.1,15
2026-04-30 07:00:00,0.262,0.36,19.8,15.1
2026-04-30 08:00:00,0.262,0.36,19.2,15.2
2026-04-30 09:00:00,0.262,0.359,18.3,15.3
2026-04-30 10:00:00,0.262,0.359,17.5,15.3
2026-04-30 11:00:00,0.263,0.359,16.8,15.3
2026-04-30 12:00:00,0.263,0.359,16.3,15.3
2026-04-30 13:00:00,0.263,0.359,15.8,15.2
2026-04-30 14:00:00,0.263,0.359,15.3,15.2
2026-04-30 15:00:00,0.264,0.359,14.6,15.1
2026-04-30 16:00:00,0.264,0.359,13.9,15.1
2026-04-30 17:00:00,0.264,0.359,13.3,15
2026-04-30 18:00:00,0.265,0.359,12.8,14.9
2026-04-30 19:00:00,0.265,0.359,12.4,14.8
2026-04-30 20:00:00,0.265,0.359,12.1,14.7
2026-04-30 21:00:00,0.265,0.359,12.1,14.5
2026-04-30 22:00:00,0.265,0.359,12.3,14.4
2026-04-30 23:00:00,0.265,0.359,13,14.3
2026-05-01 00:00:00,0.264,0.359,14.2,14.2
2026-05-01 01:00:00,0.263,0.359,16.1,14.2
2026-05-01 02:00:00,0.262,0.359,18.5,14.2
2026-05-01 03:00:00,0.26,0.358,21,14.3
2026-05-01 04:00:00,0.259,0.358,23.1,14.4
2026-05-01 05:00:00,0.258,0.358,24.7,14.6
2026-05-01 06:00:00,0.257,0.358,25.6,14.9
2026-05-01 07:00:00,0.257,0.358,25.5,15.1
2026-05-01 08:00:00,0.257,0.358,24.6,15.3
2026-05-01 09:00:00,0.257,0.357,22.9,15.5
2026-05-01 10:00:00,0.257,0.357,21.2,15.6
2026-05-01 11:00:00,0.258,0.357,19.6,15.6
2026-05-01 12:00:00,0.258,0.357,18.4,15.7
2026-05-01 13:00:00,0.259,0.357,17.4,15.6
2026-05-01 14:00:00,0.259,0.357,16.6,15.6
2026-05-01 15:00:00,0.26,0.357,15.9,15.5
2026-05-01 16:00:00,0.26,0.357,15.3,15.4
2026-05-01 17:00:00,0.26,0.357,14.8,15.3
2026-05-01 18:00:00,0.261,0.357,14.4,15.2
2026-05-01 19:00:00,0.261,0.357,14,15.1
2026-05-01 20:00:00,0.261,0.357,13.7,15
2026-05-01 21:00:00,0.261,0.357,13.5,14.9
2026-05-01 22:00:00,0.261,0.357,13.6,14.8
2026-05-01 23:00:00,0.261,0.357,14.1,14.7
2026-05-02 00:00:00,0.26,0.356,15.2,14.6
2026-05-02 01:00:00,0.26,0.356,16.6,14.6
2026-05-02 02:00:00,0.259,0.356,17.7,14.6
2026-05-02 03:00:00,0.258,0.356,19,14.7
2026-05-02 04:00:00,0.258,0.356,19.5,14.8
2026-05-02 05:00:00,0.258,0.356,19.5,14.9
2026-05-02 06:00:00,0.258,0.356,19.6,15
2026-05-02 07:00:00,0.258,0.356,19.8,15.1
2026-05-02 08:00:00,0.258,0.356,19.4,15.2
2026-05-02 09:00:00,0.258,0.355,18.9,15.3
2026-05-02 10:00:00,0.258,0.355,18.3,15.4
2026-05-02 11:00:00,0.258,0.355,17.7,15.4
2026-05-02 12:00:00,0.259,0.355,17.2,15.5
2026-05-02 13:00:00,0.259,0.355,16.8,15.4
2026-05-02 14:00:00,0.259,0.355,16.5,15.4
2026-05-02 15:00:00,0.259,0.355,16.1,15.4
2026-05-02 16:00:00,0.26,0.355,15.8,15.4
2026-05-02 17:00:00,0.26,0.355,15.6,15.3
2026-05-02 18:00:00,0.261,0.355,15.3,15.3
2026-05-02 19:00:00,0.262,0.355,15.1,15.2
2026-05-02 20:00:00,0.263,0.355,15,15.1
2026-05-02 21:00:00,0.27,0.355,14.8,15.1
2026-05-02 22:00:00,0.328,0.355,14.8,15.1
2026-05-02 23:00:00,0.341,0.37,14.8,15
2026-05-03 00:00:00,0.34,0.385,14.9,15
2026-05-03 01:00:00,0.337,0.386,15.2,14.9
2026-05-03 02:00:00,0.335,0.386,15.5,14.9
2026-05-03 03:00:00,0.333,0.386,15.7,14.9
2026-05-03 04:00:00,0.332,0.386,15.7,14.9
2026-05-03 05:00:00,0.331,0.387,15.7,14.9
2026-05-03 06:00:00,0.33,0.387,15.8,14.9
2026-05-03 07:00:00,0.329,0.387,15.8,14.9
2026-05-03 08:00:00,0.328,0.387,15.6,15
2026-05-03 09:00:00,0.328,0.387,15.4,15
2026-05-03 10:00:00,0.327,0.387,15.1,15
2026-05-03 11:00:00,0.327,0.388,14.9,14.9
2026-05-03 12:00:00,0.327,0.388,14.7,14.9
2026-05-03 13:00:00,0.328,0.388,14.5,14.9
2026-05-03 14:00:00,0.328,0.388,14.2,14.9
2026-05-03 15:00:00,0.328,0.388,13.9,14.8
2026-05-03 16:00:00,0.328,0.389,13.7,14.8
2026-05-03 17:00:00,0.327,0.389,13.3,14.7
2026-05-03 18:00:00,0.327,0.389,12.9,14.7
2026-05-03 19:00:00,0.327,0.389,12.5,14.6
2026-05-03 20:00:00,0.327,0.389,12.1,14.6
2026-05-03 21:00:00,0.327,0.389,12,14.5
2026-05-03 22:00:00,0.327,0.389,12.2,14.4
2026-05-03 23:00:00,0.326,0.39,12.8,14.4
2026-05-04 00:00:00,0.324,0.39,13.8,14.3
2026-05-04 01:00:00,0.322,0.39,15.2,14.3
2026-05-04 02:00:00,0.32,0.39,16.9,14.3
2026-05-04 03:00:00,0.317,0.39,18.6,14.3
2026-05-04 04:00:00,0.314,0.39,19.9,14.4
2026-05-04 05:00:00,0.312,0.39,21,14.6
2026-05-04 06:00:00,0.311,0.39,21.4,14.8
2026-05-04 07:00:00,0.31,0.39,21.4,15
2026-05-04 08:00:00,0.31,0.389,20.9,15.2
2026-05-04 09:00:00,0.31,0.389,19.8,15.4
2026-05-04 10:00:00,0.31,0.389,18.4,15.5
2026-05-04 11:00:00,0.31,0.388,17.1,15.6
2026-05-04 12:00:00,0.31,0.388,16,15.6
2026-05-04 13:00:00,0.31,0.388,15.2,15.5
2026-05-04 14:00:00,0.31,0.388,14.4,15.5
2026-05-04 15:00:00,0.31,0.388,13.7,15.4
2026-05-04 16:00:00,0.31,0.388,13.1,15.2
2026-05-04 17:00:00,0.31,0.388,12.6,15.1
2026-05-04 18:00:00,0.31,0.388,12.2,15
2026-05-04 19:00:00,0.31,0.389,11.8,14.9
2026-05-04 20:00:00,0.31,0.389,11.4,14.7
2026-05-04 21:00:00,0.309,0.389,11.3,14.6
2026-05-04 22:00:00,0.309,0.389,11.5,14.5
2026-05-04 23:00:00,0.308,0.389,12.2,14.3
2026-05-05 00:00:00,0.307,0.389,13.6,14.2
2026-05-05 01:00:00,0.305,0.389,15.9,14.2
2026-05-05 02:00:00,0.303,0.389,18.4,14.2
2026-05-05 03:00:00,0.302,0.389,20.6,14.3
2026-05-05 04:00:00,0.3,0.389,22.3,14.5
2026-05-05 05:00:00,0.299,0.389,23.7,14.8
2026-05-05 06:00:00,0.298,0.389,24.6,15.1
2026-05-05 07:00:00,0.298,0.388,24.4,15.4
2026-05-05 08:00:00,0.297,0.388,23.6,15.6
2026-05-05 09:00:00,0.297,0.388,22.4,15.8
2026-05-05 10:00:00,0.296,0.388,20.8,16
2026-05-05 11:00:00,0.296,0.388,19.2,16
2026-05-05 12:00:00,0.296,0.388,18,16.1
2026-05-05 13:00:00,0.295,0.388,17,16
2026-05-05 14:00:00,0.294,0.388,16.1,15.9
2026-05-05 15:00:00,0.294,0.388,15.4,15.8
2026-05-05 16:00:00,0.293,0.388,14.7,15.7
2026-05-05 17:00:00,0.293,0.388,14.1,15.6
2026-05-05 18:00:00,0.292,0.388,13.6,15.5
2026-05-05 19:00:00,0.292,0.388,13.2,15.4
2026-05-05 20:00:00,0.292,0.378,12.8,15.2
2026-05-05 21:00:00,0.291,0.377,12.4,15.1
2026-05-05 22:00:00,0.291,0.377,12.5,14.9
2026-05-05 23:00:00,0.29,0.377,13.3,14.8
2026-05-06 00:00:00,0.288,0.377,14.9,14.7
2026-05-06 01:00:00,0.287,0.377,17.2,14.7
2026-05-06 02:00:00,0.285,0.377,19.8,14.7
2026-05-06 03:00:00,0.283,0.377,22.2,14.8
2026-05-06 04:00:00,0.282,0.376,24.4,15
2026-05-06 05:00:00,0.281,0.376,25.9,15.2
2026-05-06 06:00:00,0.28,0.376,26.7,15.6
2026-05-06 07:00:00,0.278,0.376,26.7,15.9
2026-05-06 08:00:00,0.277,0.375,25.9,16.1
2026-05-06 09:00:00,0.277,0.375,24.5,16.3
2026-05-06 10:00:00,0.276,0.375,22.7,16.5
2026-05-06 11:00:00,0.276,0.375,21,16.6
2026-05-06 12:00:00,0.276,0.374,19.6,16.6
2026-05-06 13:00:00,0.276,0.374,18.5,16.6
2026-05-06 14:00:00,0.276,0.374,17.5,16.5
2026-05-06 15:00:00,0.276,0.374,16.8,16.4
2026-05-06 16:00:00,0.275,0.374,16.2,16.3
2026-05-06 17:00:00,0.275,0.374,15.7,16.2
2026-05-06 18:00:00,0.275,0.374,15.3,16
2026-05-06 19:00:00,0.276,0.374,14.8,15.9
2026-05-06 20:00:00,0.276,0.374,14.3,15.8
2026-05-06 21:00:00,0.276,0.374,14,15.7
2026-05-06 22:00:00,0.275,0.374,14.1,15.6
2026-05-06 23:00:00,0.275,0.374,14.9,15.5
2026-05-07 00:00:00,0.273,0.374,16.3,15.4
2026-05-07 01:00:00,0.272,0.373,18.3,15.3
2026-05-07 02:00:00,0.271,0.373,20.8,15.3
2026-05-07 03:00:00,0.269,0.373,23,15.4
2026-05-07 04:00:00,0.268,0.373,25.3,15.6
2026-05-07 05:00:00,0.267,0.373,26.2,15.9
2026-05-07 06:00:00,0.266,0.372,26.2,16.1
2026-05-07 07:00:00,0.266,0.372,26.1,16.4
2026-05-07 08:00:00,0.265,0.372,25.3,16.6
2026-05-07 09:00:00,0.265,0.372,24,16.8
2026-05-07 10:00:00,0.265,0.371,22.5,16.9
2026-05-07 11:00:00,0.265,0.371,21.3,16.9
2026-05-07 12:00:00,0.265,0.371,20.4,16.9
2026-05-07 13:00:00,0.265,0.371,19.7,16.9
2026-05-07 14:00:00,0.265,0.37,19,16.9
2026-05-07 15:00:00,0.265,0.37,18.4,16.8
2026-05-07 16:00:00,0.266,0.37,17.8,16.8
2026-05-07 17:00:00,0.266,0.37,17.1,16.7
2026-05-07 18:00:00,0.266,0.37,16.4,16.6
2026-05-07 19:00:00,0.266,0.37,15.8,16.5
2026-05-07 20:00:00,0.267,0.37,15.2,16.4
2026-05-07 21:00:00,0.267,0.37,14.7,16.3
2026-05-07 22:00:00,0.267,0.37,14.5,16.2
2026-05-07 23:00:00,0.267,0.37,15.2,16.1
2026-05-08 00:00:00,0.266,0.37,16.5,15.9
2026-05-08 01:00:00,0.265,0.37,18.3,15.9
2026-05-08 02:00:00,0.264,0.37,20.5,15.8
2026-05-08 03:00:00,0.256,0.346,21.2,16.6
2026-05-08 04:00:00,0.256,0.339,21.6,16.8
2026-05-08 05:00:00,0.256,0.338,22.7,16.8
2026-05-08 06:00:00,0.256,0.338,23.3,17
2026-05-08 07:00:00,0.256,0.338,23.3,17.1
2026-05-08 08:00:00,0.256,0.337,22.8,17.2
2026-05-08 09:00:00,0.255,0.337,22,17.2
2026-05-08 10:00:00,0.255,0.337,20.8,17.2
2026-05-08 11:00:00,0.255,0.337,19.6,17.1
2026-05-08 12:00:00,0.255,0.337,18.5,17
2026-05-08 13:00:00,0.255,0.337,17.6,16.8
2026-05-08 14:00:00,0.254,0.337,16.8,16.6
2026-05-08 15:00:00,0.254,0.337,16,16.4
2026-05-08 16:00:00,0.254,0.337,15.4,16.2
2026-05-08 17:00:00,0.254,0.337,14.8,16
2026-05-08 18:00:00,0.253,0.337,14.2,15.8
2026-05-08 19:00:00,0.253,0.337,13.7,15.6
2026-05-08 20:00:00,0.253,0.337,13.4,15.4
2026-05-08 21:00:00,0.253,0.338,13.1,15.2
2026-05-08 22:00:00,0.253,0.338,13.2,15
2026-05-08 23:00:00,0.253,0.338,14,14.9
2026-05-09 00:00:00,0.253,0.338,15.5,14.8
2026-05-09 01:00:00,0.253,0.338,17.4,14.8
2026-05-09 02:00:00,0.253,0.337,19.5,14.9
2026-05-09 03:00:00,0.253,0.337,21.6,15.2
2026-05-09 04:00:00,0.254,0.337,23.3,15.6
2026-05-09 05:00:00,0.254,0.336,24.7,16.1
2026-05-09 06:00:00,0.253,0.336,25.2,16.6
2026-05-09 07:00:00,0.253,0.336,25.2,17
2026-05-09 08:00:00,0.253,0.335,24.7,17.4
2026-05-09 09:00:00,0.252,0.335,23.6,17.6
2026-05-09 10:00:00,0.251,0.335,22.2,17.7
2026-05-09 11:00:00,0.25,0.335,20.8,17.6
2026-05-09 12:00:00,0.25,0.335,19.7,17.5
2026-05-09 13:00:00,0.25,0.335,18.7,17.3
2026-05-09 14:00:00,0.25,0.335,17.8,17.2
2026-05-09 15:00:00,0.25,0.335,17.1,16.9
2026-05-09 16:00:00,0.249,0.335,16.4,16.7
2026-05-09 17:00:00,0.249,0.335,15.8,16.5
2026-05-09 18:00:00,0.249,0.335,15.2,16.3
2026-05-09 19:00:00,0.249,0.335,14.7,16.1
2026-05-09 20:00:00,0.249,0.335,14.3,15.9
2026-05-09 21:00:00,0.249,0.335,13.9,15.7
2026-05-09 22:00:00,0.249,0.335,14,15.5
2026-05-09 23:00:00,0.249,0.335,14.8,15.4
2026-05-10 00:00:00,0.249,0.335,16.1,15.3
2026-05-10 01:00:00,0.249,0.335,18,15.3
2026-05-10 02:00:00,0.249,0.335,20.2,15.4
2026-05-10 03:00:00,0.249,0.335,22.2,15.7
2026-05-10 04:00:00,0.25,0.334,24,16.1
2026-05-10 05:00:00,0.249,0.334,25.4,16.5
2026-05-10 06:00:00,0.249,0.334,26.2,17
2026-05-10 07:00:00,0.248,0.333,26.4,17.4
2026-05-10 08:00:00,0.248,0.333,26.1,17.8
2026-05-10 09:00:00,0.247,0.333,25.3,18
2026-05-10 10:00:00,0.246,0.332,23.9,18.2
2026-05-10 11:00:00,0.245,0.332,22.5,18.2
2026-05-10 12:00:00,0.245,0.332,21.3,18.1
2026-05-10 13:00:00,0.245,0.332,20.3,18
2026-05-10 14:00:00,0.245,0.332,19.4,17.8
2026-05-10 15:00:00,0.245,0.332,18.7,17.6
2026-05-10 16:00:00,0.245,0.332,18.1,17.4
2026-05-10 17:00:00,0.245,0.332,17.7,17.2
2026-05-10 18:00:00,0.245,0.332,17.4,17.1
2026-05-10 19:00:00,0.245,0.332,17.2,16.9
2026-05-10 20:00:00,0.245,0.332,16.8,16.8
2026-05-10 21:00:00,0.245,0.332,16.4,16.7
2026-05-10 22:00:00,0.245,0.332,16.6,16.5
2026-05-10 23:00:00,0.245,0.332,17.4,16.4
2026-05-11 00:00:00,0.245,0.332,18.7,16.4
2026-05-11 01:00:00,0.245,0.332,20.3,16.5
2026-05-11 02:00:00,0.245,0.331,22.1,16.6
2026-05-11 03:00:00,0.246,0.331,23.6,16.9
2026-05-11 04:00:00,0.246,0.331,24.9,17.2
2026-05-11 05:00:00,0.245,0.331,26,17.6
2026-05-11 06:00:00,0.245,0.33,25.8,18
2026-05-11 07:00:00,0.244,0.33,25.1,18.3
2026-05-11 08:00:00,0.244,0.33,24.7,18.5
2026-05-11 09:00:00,0.243,0.33,24.1,18.6
2026-05-11 10:00:00,0.243,0.33,23.3,18.6
2026-05-11 11:00:00,0.242,0.33,22.4,18.6
2026-05-11 12:00:00,0.242,0.329,21.7,18.5
2026-05-11 13:00:00,0.242,0.329,21.1,18.4
2026-05-11 14:00:00,0.242,0.329,20.5,18.3
2026-05-11 15:00:00,0.242,0.329,20.1,18.2
2026-05-11 16:00:00,0.242,0.329,19.7,18.1
2026-05-11 17:00:00,0.242,0.329,19.3,18
2026-05-11 18:00:00,0.242,0.329,18.9,17.9
2026-05-11 19:00:00,0.242,0.329,18.7,17.8
2026-05-11 20:00:00,0.242,0.329,18.6,17.7
2026-05-11 21:00:00,0.242,0.329,18.4,17.6
2026-05-11 22:00:00,0.304,0.329,18.1,17.5
2026-05-11 23:00:00,0.358,0.364,17.7,17.4
2026-05-12 00:00:00,0.363,0.383,17.3,17.4
2026-05-12 01:00:00,0.363,0.384,17.1,17.2
2026-05-12 02:00:00,0.355,0.384,17.3,17.1
2026-05-12 03:00:00,0.348,0.384,18,17.1
2026-05-12 04:00:00,0.343,0.384,19,17.1
2026-05-12 05:00:00,0.339,0.384,20.3,17.2
2026-05-12 06:00:00,0.336,0.384,21.1,17.4
2026-05-12 07:00:00,0.334,0.383,21.4,17.7
2026-05-12 08:00:00,0.332,0.383,21.7,17.9
2026-05-12 09:00:00,0.33,0.383,21.4,18
2026-05-12 10:00:00,0.329,0.383,20.5,18.1
2026-05-12 11:00:00,0.329,0.383,19.5,18.1
2026-05-12 12:00:00,0.329,0.383,18.7,18.1
2026-05-12 13:00:00,0.33,0.384,18,17.9
2026-05-12 14:00:00,0.33,0.384,17.4,17.7
2026-05-12 15:00:00,0.33,0.384,16.9,17.6
2026-05-12 16:00:00,0.33,0.385,16.5,17.4
2026-05-12 17:00:00,0.33,0.385,16.2,17.2
2026-05-12 18:00:00,0.33,0.385,16.2,17
2026-05-12 19:00:00,0.331,0.386,15.9,16.9
2026-05-12 20:00:00,0.331,0.386,15.9,16.8
2026-05-12 21:00:00,0.331,0.386,15.8,16.7
2026-05-12 22:00:00,0.33,0.387,16.1,16.6
2026-05-12 23:00:00,0.33,0.387,16.6,16.6
2026-05-13 00:00:00,0.329,0.387,17.4,16.6
2026-05-13 01:00:00,0.328,0.387,18.4,16.6
2026-05-13 02:00:00,0.326,0.387,20.5,16.8
2026-05-13 03:00:00,0.324,0.387,22.7,17.1
2026-05-13 04:00:00,0.322,0.386,24.4,17.6
2026-05-13 05:00:00,0.321,0.386,25.4,18.1
2026-05-13 06:00:00,0.32,0.385,25.7,18.6
2026-05-13 07:00:00,0.319,0.382,25.3,18.9
2026-05-13 08:00:00,0.319,0.38,24.8,19
2026-05-13 09:00:00,0.319,,23.8,
2026-05-13 10:00:00,0.32,,22.5,
2026-05-13 11:00:00,0.32,,21.4,
2026-05-13 12:00:00,0.32,,20.5,
2026-05-13 13:00:00,0.321,,19.7,
2026-05-13 14:00:00,0.321,,19.1,
2026-05-13 15:00:00,0.321,,18.6,
2026-05-13 16:00:00,0.321,,18,
2026-05-13 17:00:00,0.321,,17.6,
2026-05-13 18:00:00,0.321,,17.2,
2026-05-13 19:00:00,0.321,,16.9,
2026-05-13 20:00:00,0.321,,16.6,
2026-05-13 21:00:00,0.321,,16.3,
2026-05-13 22:00:00,0.321,,16.5,
2026-05-13 23:00:00,0.32,,17.7,
2026-05-14 00:00:00,0.318,,19.3,
2026-05-14 01:00:00,0.317,,21.2,
2026-05-14 02:00:00,0.316,,23.1,
2026-05-14 03:00:00,0.315,,24.9,
2026-05-14 04:00:00,0.313,,26.3,
2026-05-14 05:00:00,0.312,,27.3,
2026-05-14 06:00:00,0.311,,28.2,
2026-05-14 07:00:00,0.311,,28.4,
2026-05-14 08:00:00,0.311,,27.9,
2026-05-14 09:00:00,0.311,,26.8,
2026-05-14 10:00:00,0.311,,25.5,
2026-05-14 11:00:00,0.311,,24.1,
2026-05-14 12:00:00,0.311,,22.9,
2026-05-14 13:00:00,0.311,,22,
2026-05-14 14:00:00,0.312,,21.2,
2026-05-14 15:00:00,0.312,,20.5,
2026-05-14 16:00:00,0.311,,19.9,
2026-05-14 17:00:00,0.311,,19.3,
2026-05-14 18:00:00,0.31,,18.8,
2026-05-14 19:00:00,0.31,,18.3,
2026-05-14 20:00:00,0.31,,17.8,
2026-05-14 21:00:00,0.309,,17.5,
2026-05-14 22:00:00,0.309,,17.6,
2026-05-14 23:00:00,0.307,,18.6,
2026-05-15 00:00:00,0.306,,20.1,
2026-05-15 01:00:00,0.305,,21.7,
2026-05-15 02:00:00,0.304,,23.4,
2026-05-15 03:00:00,0.302,,25,
2026-05-15 04:00:00,0.3,,26.8,
2026-05-15 05:00:00,0.299,,28.3,
2026-05-15 06:00:00,0.298,,29.3,
2026-05-15 07:00:00,0.297,,29.4,
2026-05-15 08:00:00,0.297,,28.7,
2026-05-15 09:00:00,0.298,,27.5,
2026-05-15 10:00:00,0.298,,26.1,
2026-05-15 11:00:00,0.297,,24.7,
2026-05-15 12:00:00,0.297,,23.5,
2026-05-15 13:00:00,0.296,,22.5,
2026-05-15 14:00:00,0.295,,21.7,
2026-05-15 15:00:00,0.294,,20.9,
2026-05-15 16:00:00,0.293,,20.3,
2026-05-15 17:00:00,0.293,,19.7,
2026-05-15 18:00:00,0.292,,19.1,
2026-05-15 19:00:00,0.292,,18.6,
2026-05-15 20:00:00,0.291,,18.1,
2026-05-15 21:00:00,0.291,,17.8,
2026-05-15 22:00:00,0.29,,17.9,
2026-05-15 23:00:00,0.289,,18.9,
2026-05-16 00:00:00,0.288,,20.5,
2026-05-16 01:00:00,0.287,,22.4,
2026-05-16 02:00:00,0.286,,24.6,
2026-05-16 03:00:00,0.284,,26.8,
2026-05-16 04:00:00,0.283,,28.4,
2026-05-16 05:00:00,0.283,,29.4,
2026-05-16 06:00:00,0.282,,29.9,
2026-05-16 07:00:00,0.281,,29.9,
2026-05-16 08:00:00,0.28,,29.3,
2026-05-16 09:00:00,0.279,,28.1,
2026-05-16 10:00:00,0.279,,26.6,
2026-05-16 11:00:00,0.278,,25.2,
2026-05-16 12:00:00,0.277,,23.9,
2026-05-16 13:00:00,0.276,,22.9,
2026-05-16 14:00:00,0.276,,22,
2026-05-16 15:00:00,0.275,,21.2,
2026-05-16 16:00:00,0.275,,20.5,
2026-05-16 17:00:00,0.275,,19.9,
2026-05-16 18:00:00,0.274,,19.3,
2026-05-16 19:00:00,0.274,,18.8,
2026-05-16 20:00:00,0.274,,18.3,
2026-05-16 21:00:00,0.274,,18,
2026-05-16 22:00:00,0.274,,18.1,
2026-05-16 23:00:00,0.273,,19.1,
2026-05-17 00:00:00,0.272,,20.6,
2026-05-17 01:00:00,0.272,,22.6,
2026-05-17 02:00:00,0.271,,24.9,
2026-05-17 03:00:00,0.27,,27.1,
2026-05-17 04:00:00,0.269,,28.8,
2026-05-17 05:00:00,0.268,,30.1,
2026-05-17 06:00:00,0.267,,30.8,
2026-05-17 07:00:00,0.266,,30.6,
2026-05-17 08:00:00,0.265,,29.9,
2026-05-17 09:00:00,0.264,,28.9,
2026-05-17 10:00:00,0.264,,27.4,
2026-05-17 11:00:00,0.264,,25.8,
2026-05-17 12:00:00,0.263,,24.5,
2026-05-17 13:00:00,0.263,,23.4,
2026-05-17 14:00:00,0.263,,22.5,
2026-05-17 15:00:00,0.263,,21.7,
2026-05-17 16:00:00,0.263,,20.9,
2026-05-17 17:00:00,0.263,,20.3,
2026-05-17 18:00:00,0.263,,19.6,
2026-05-17 19:00:00,0.263,,19.1,
2026-05-17 20:00:00,0.263,,18.6,
2026-05-17 21:00:00,0.263,,18.1,
2026-05-17 22:00:00,0.263,,18.2,
2026-05-17 23:00:00,0.263,,19.3,
2026-05-18 00:00:00,0.262,,20.9,
2026-05-18 01:00:00,0.262,,22.9,
2026-05-18 02:00:00,0.262,,25.2,
2026-05-18 03:00:00,0.26,,27.4,
2026-05-18 04:00:00,0.259,,29.3,
2026-05-18 05:00:00,0.258,,30.7,
2026-05-18 06:00:00,0.257,,31.5,
2026-05-18 07:00:00,0.256,,31.5,
2026-05-18 08:00:00,0.255,,30.9,
2026-05-18 09:00:00,0.255,,29.8,
2026-05-18 10:00:00,0.254,,28.2,
2026-05-18 11:00:00,0.254,,26.6,
2026-05-18 12:00:00,0.255,,25.2,
2026-05-18 13:00:00,0.255,,24.1,
2026-05-18 14:00:00,0.254,,23.1,
2026-05-18 15:00:00,0.254,,22.3,
2026-05-18 16:00:00,0.255,,21.5,
2026-05-18 17:00:00,0.255,,20.9,
2026-05-18 18:00:00,0.255,,20.3,
2026-05-18 19:00:00,0.255,,19.8,
2026-05-18 20:00:00,0.255,,19.3,
2026-05-18 21:00:00,0.256,,19,
2026-05-18 22:00:00,0.256,,19.4,
2026-05-18 23:00:00,0.255,,20.3,
2026-05-19 00:00:00,0.255,,21.7,
2026-05-19 01:00:00,0.255,,23.4,
2026-05-19 02:00:00,0.254,,24.9,
2026-05-19 03:00:00,0.254,,26.1,
2026-05-19 04:00:00,0.253,,27.1,
2026-05-19 05:00:00,0.252,,27.5,
2026-05-19 06:00:00,0.251,,27.3,
2026-05-19 07:00:00,0.251,,27.2,
2026-05-19 08:00:00,0.251,,26.9,
2026-05-19 09:00:00,0.25,,26,
2026-05-19 10:00:00,0.25,,25.2,
2026-05-19 11:00:00,0.25,,24.4,
2026-05-19 12:00:00,0.25,,23.9,
2026-05-19 13:00:00,0.25,,23.4,
2026-05-19 14:00:00,0.25,,22.9,
2026-05-19 15:00:00,0.25,,22.5,
2026-05-19 16:00:00,0.25,,22.1,
2026-05-19 17:00:00,0.251,,21.8,
2026-05-19 18:00:00,0.251,,21.5,
2026-05-19 19:00:00,0.251,,21.2,
2026-05-19 20:00:00,0.252,,21,
2026-05-19 21:00:00,0.252,,20.8,
2026-05-19 22:00:00,0.261,,20.6,
2026-05-19 23:00:00,0.265,,20.7,
2026-05-20 00:00:00,0.298,,20.7,
2026-05-20 01:00:00,0.331,,20.7,
2026-05-20 02:00:00,0.331,,21,
2026-05-20 03:00:00,0.34,,21.3,
2026-05-20 04:00:00,0.344,,21.3,
2026-05-20 05:00:00,0.346,,21.3,
2026-05-20 06:00:00,0.342,,21.3,
2026-05-20 07:00:00,0.337,,21.3,
2026-05-20 08:00:00,0.333,,21.3,
2026-05-20 09:00:00,0.341,,21.2,
2026-05-20 10:00:00,0.355,,20.9,
2026-05-20 11:00:00,0.355,,20.8,
2026-05-20 12:00:00,0.355,,20.6,
2026-05-20 13:00:00,0.355,,20.5,
2026-05-20 14:00:00,0.356,,20.4,
2026-05-20 15:00:00,0.356,,20.3,
2026-05-20 16:00:00,0.356,,20.2,
2026-05-20 17:00:00,0.356,,20.2,
2026-05-20 18:00:00,0.346,,20.1,
2026-05-20 19:00:00,0.342,,20,
2026-05-20 20:00:00,0.34,,19.8,
2026-05-20 21:00:00,0.339,,19.6,
2026-05-20 22:00:00,0.338,,19.6,
2026-05-20 23:00:00,0.338,,19.7,
2026-05-21 00:00:00,0.337,,19.9,
2026-05-21 01:00:00,0.336,,20.3,
2026-05-21 02:00:00,0.335,,20.7,
2026-05-21 03:00:00,0.333,,21.5,
2026-05-21 04:00:00,0.332,,21.4,
2026-05-21 05:00:00,0.331,,21.1,
2026-05-21 06:00:00,0.331,,21,
2026-05-21 07:00:00,0.331,,20.8,
2026-05-21 08:00:00,0.331,,20.6,
2026-05-21 09:00:00,0.33,,20.4,
2026-05-21 10:00:00,0.33,,20.1,
2026-05-21 11:00:00,0.33,,19.8,
2026-05-21 12:00:00,0.33,,19.6,
2026-05-21 13:00:00,0.33,,19.4,
2026-05-21 14:00:00,0.33,,19.2,
2026-05-21 15:00:00,0.33,,19.1,
2026-05-21 16:00:00,0.331,,19,
2026-05-21 17:00:00,0.331,,18.8,
2026-05-21 18:00:00,0.331,,18.8,
2026-05-21 19:00:00,0.331,,18.6,
2026-05-21 20:00:00,0.331,,18.5,
2026-05-21 21:00:00,0.331,,18.4,
2026-05-21 22:00:00,0.331,,18.7,
2026-05-21 23:00:00,0.33,,19.2,
2026-05-22 00:00:00,0.329,,20.2,
2026-05-22 01:00:00,0.328,,21.2,
2026-05-22 02:00:00,0.327,,21.8,
2026-05-22 03:00:00,0.325,,22.4,
2026-05-22 04:00:00,0.324,,22.7,
2026-05-22 05:00:00,0.323,,23.7,
2026-05-22 06:00:00,0.323,,24,
2026-05-22 07:00:00,0.322,,23.9,
2026-05-22 08:00:00,0.321,,24,
2026-05-22 09:00:00,0.321,,23.5,
2026-05-22 10:00:00,0.321,,22.7,
2026-05-22 11:00:00,0.321,,21.8,
2026-05-22 12:00:00,0.322,,21,
2026-05-22 13:00:00,0.322,,20.3,
2026-05-22 14:00:00,0.322,,19.8,
2026-05-22 15:00:00,0.322,,19.4,
2026-05-22 16:00:00,0.323,,19,
2026-05-22 17:00:00,0.323,,18.8,
2026-05-22 18:00:00,0.323,,18.7,
2026-05-22 19:00:00,0.323,,18.6,
2026-05-22 20:00:00,0.323,,18.3,
2026-05-22 21:00:00,0.323,,18.1,
2026-05-22 22:00:00,0.323,,18.3,
2026-05-22 23:00:00,0.322,,19,
2026-05-23 00:00:00,0.322,,19.3,
2026-05-23 01:00:00,0.321,,19.6,
2026-05-23 02:00:00,0.32,,20.4,
2026-05-23 03:00:00,0.319,,22,
2026-05-23 04:00:00,0.318,,23.3,
2026-05-23 05:00:00,0.317,,23.7,
2026-05-23 06:00:00,0.317,,23.5,
2026-05-23 07:00:00,0.317,,23,
2026-05-23 08:00:00,0.316,,22.9,
2026-05-23 09:00:00,0.316,,22.7,
2026-05-23 10:00:00,0.316,,22.1,
2026-05-23 11:00:00,0.316,,21.5,
2026-05-23 12:00:00,0.316,,20.8,
2026-05-23 13:00:00,0.316,,20.2,
2026-05-23 14:00:00,0.316,,19.7,
2026-05-23 15:00:00,0.316,,19.3,
2026-05-23 16:00:00,0.316,,19,
2026-05-23 17:00:00,0.316,,18.7,
2026-05-23 18:00:00,0.316,,18.6,
2026-05-23 19:00:00,0.316,,18.6,
2026-05-23 20:00:00,0.316,,18.5,
2026-05-23 21:00:00,0.316,,18.3,
2026-05-23 22:00:00,0.315,,18.6,
2026-05-23 23:00:00,0.314,,19.2,
2026-05-24 00:00:00,0.313,,20.4,
2026-05-24 01:00:00,0.312,,21.9,
2026-05-24 02:00:00,0.311,,23.4,
2026-05-24 03:00:00,0.309,,24.9,
2026-05-24 04:00:00,0.308,,26.1,
2026-05-24 05:00:00,0.307,,26.7,
2026-05-24 06:00:00,0.306,,26.9,
2026-05-24 07:00:00,0.305,,26.4,
2026-05-24 08:00:00,0.305,,25.7,
2026-05-24 09:00:00,0.304,,24.9,
2026-05-24 10:00:00,0.304,,24.1,
2026-05-24 11:00:00,0.303,,23.3,
2026-05-24 12:00:00,0.302,,22.5,
2026-05-24 13:00:00,0.302,,21.8,
2026-05-24 14:00:00,0.301,,21.3,
2026-05-24 15:00:00,0.301,,21,
2026-05-24 16:00:00,0.3,,20.8,
2026-05-24 17:00:00,0.3,,20.5,
2026-05-24 18:00:00,0.299,,20.2,
2026-05-24 19:00:00,0.298,,20,
2026-05-24 20:00:00,0.298,,19.8,
2026-05-24 21:00:00,0.297,,19.9,
2026-05-24 22:00:00,0.297,,20.2,
2026-05-24 23:00:00,0.296,,20.9,
2026-05-25 00:00:00,0.295,,21.9,
2026-05-25 01:00:00,0.294,,22.9,
2026-05-25 02:00:00,0.292,,24.4,
2026-05-25 03:00:00,0.29,,26.1,
2026-05-25 04:00:00,0.287,,27.3,
2026-05-25 05:00:00,0.285,,28.5,
2026-05-25 06:00:00,0.283,,28.7,
2026-05-25 07:00:00,0.281,,28.8,
2026-05-25 08:00:00,0.279,,27.9,
2026-05-25 09:00:00,0.278,,27,
2026-05-25 10:00:00,0.277,,26.1,
2026-05-25 11:00:00,0.276,,25.2,
2026-05-25 12:00:00,0.276,,24.4,
2026-05-25 13:00:00,0.275,,23.9,
2026-05-25 14:00:00,0.275,,23.4,
2026-05-25 15:00:00,0.274,,23,
2026-05-25 16:00:00,0.274,,22.6,
2026-05-25 17:00:00,0.273,,22.4,
2026-05-25 18:00:00,0.273,,22.3,
2026-05-25 19:00:00,0.273,,22.2,
2026-05-25 20:00:00,0.273,,22.1,
2026-05-25 21:00:00,0.273,,22,
2026-05-25 22:00:00,0.273,,22.1,
2026-05-25 23:00:00,0.272,,22.4,
2026-05-26 00:00:00,0.272,,22.7,
2026-05-26 01:00:00,0.271,,23.2,
2026-05-26 02:00:00,0.27,,24.1,
2026-05-26 03:00:00,0.269,,25.1,
2026-05-26 04:00:00,0.268,,25.4,
2026-05-26 05:00:00,0.267,,25.5,
2026-05-26 06:00:00,0.266,,25.2,
2026-05-26 07:00:00,0.265,,25.1,
2026-05-26 08:00:00,0.264,,24.6,
2026-05-26 09:00:00,0.264,,24,
2026-05-26 10:00:00,0.265,,23.5,
2026-05-26 11:00:00,0.265,,23,
2026-05-26 12:00:00,0.265,,22.7,
2026-05-26 13:00:00,0.266,,22.4,
2026-05-26 14:00:00,0.266,,22.2,
2026-05-26 15:00:00,0.267,,22,
2026-05-26 16:00:00,0.268,,21.8,
2026-05-26 17:00:00,0.268,,21.7,
2026-05-26 18:00:00,0.269,,21.6,
2026-05-26 19:00:00,0.269,,21.5,
2026-05-26 20:00:00,0.27,,21.4,
2026-05-26 21:00:00,0.27,,21.3,
2026-05-26 22:00:00,0.27,,21.5,
2026-05-26 23:00:00,0.27,,21.8,
2026-05-27 00:00:00,0.27,,22.3,
2026-05-27 01:00:00,0.27,,23.2,
2026-05-27 02:00:00,0.269,,24.4,
2026-05-27 03:00:00,0.268,,25,
2026-05-27 04:00:00,0.268,,25.4,
2026-05-27 05:00:00,0.268,,25.5,
2026-05-27 06:00:00,0.268,,25.5,
2026-05-27 07:00:00,0.268,,25.2,
2026-05-27 08:00:00,0.268,,24.9,
2026-05-27 09:00:00,0.268,,24.4,
2026-05-27 10:00:00,0.269,,24,
2026-05-27 11:00:00,0.269,,23.6,
2026-05-27 12:00:00,0.269,,23.4,
2026-05-27 13:00:00,0.269,,23.1,
2026-05-27 14:00:00,0.269,,22.9,
2026-05-27 15:00:00,0.269,,22.8,
2026-05-27 16:00:00,0.269,,22.6,
2026-05-27 17:00:00,0.27,,22.4,
2026-05-27 18:00:00,0.27,,22.3,
2026-05-27 19:00:00,0.271,,22.1,
2026-05-27 20:00:00,0.272,,22,
2026-05-27 21:00:00,0.273,,21.8,
2026-05-27 22:00:00,0.274,,21.8,
2026-05-27 23:00:00,0.275,,21.9,
2026-05-28 00:00:00,0.276,,22.2,
2026-05-28 01:00:00,0.276,,22.5,
2026-05-28 02:00:00,0.277,,22.6,
2026-05-28 03:00:00,0.278,,22.5,
2026-05-28 04:00:00,0.279,,22.6,
2026-05-28 05:00:00,0.28,,22.9,
2026-05-28 06:00:00,0.28,,23,
2026-05-28 07:00:00,0.281,,22.8,
2026-05-28 08:00:00,0.281,,22.5,
2026-05-28 09:00:00,0.282,,22.2,
2026-05-28 10:00:00,0.282,,21.9,
2026-05-28 11:00:00,0.283,,21.5,
2026-05-28 12:00:00,0.284,,21.2,
2026-05-28 13:00:00,0.284,,20.8,
2026-05-28 14:00:00,0.285,,20.5,
2026-05-28 15:00:00,0.285,,20.3,
2026-05-28 16:00:00,0.285,,20.1,
2026-05-28 17:00:00,0.286,,19.9,
2026-05-28 18:00:00,0.286,,19.6,
2026-05-28 19:00:00,0.286,,19.2,
2026-05-28 20:00:00,0.287,,18.9,
2026-05-28 21:00:00,0.287,,18.7,
2026-05-28 22:00:00,0.287,,19,
2026-05-28 23:00:00,0.286,,19.5,
2026-05-29 00:00:00,0.286,,20.5,
2026-05-29 01:00:00,0.285,,21.7,
2026-05-29 02:00:00,0.283,,23.4,
2026-05-29 03:00:00,0.281,,24.7,
2026-05-29 04:00:00,0.28,,25.6,
2026-05-29 05:00:00,0.279,,25.9,
2026-05-29 06:00:00,0.278,,25.9,
2026-05-29 07:00:00,0.276,,25.7,
2026-05-29 08:00:00,0.276,,25.4,
2026-05-29 09:00:00,0.275,,24.7,
2026-05-29 10:00:00,0.275,,23.8,
2026-05-29 11:00:00,0.275,,22.9,
2026-05-29 12:00:00,0.275,,22.1,
2026-05-29 13:00:00,0.275,,21.5,
2026-05-29 14:00:00,0.275,,20.9,
2026-05-29 15:00:00,0.275,,20.4,
2026-05-29 16:00:00,0.275,,20,
2026-05-29 17:00:00,0.275,,19.6,
2026-05-29 18:00:00,0.275,,19.2,
2026-05-29 19:00:00,0.275,,18.8,
2026-05-29 20:00:00,0.275,,18.5,
2026-05-29 21:00:00,0.275,,18.4,
2026-05-29 22:00:00,0.275,,18.4,
2026-05-29 23:00:00,0.275,,19,
2026-05-30 00:00:00,0.274,,20.2,
2026-05-30 01:00:00,0.272,,21.9,
2026-05-30 02:00:00,0.27,,23.7,
2026-05-30 03:00:00,0.268,,25.1,
2026-05-30 04:00:00,0.266,,26.1,
2026-05-30 05:00:00,0.263,,26.8,
2026-05-30 06:00:00,0.261,,27,
2026-05-30 07:00:00,0.26,,27,
2026-05-30 08:00:00,0.258,,26.8,
2026-05-30 09:00:00,0.258,,26.4,
2026-05-30 10:00:00,0.257,,25.6,
2026-05-30 11:00:00,0.258,,24.6,
2026-05-30 12:00:00,0.258,,23.7,
2026-05-30 13:00:00,0.258,,22.8,
2026-05-30 14:00:00,0.258,,22.2,
2026-05-30 15:00:00,0.259,,21.6,
2026-05-30 16:00:00,0.259,,21.1,
2026-05-30 17:00:00,0.259,,20.6,
2026-05-30 18:00:00,0.259,,20.1,
2026-05-30 19:00:00,0.259,,19.7,
2026-05-30 20:00:00,0.26,,19.3,
2026-05-30 21:00:00,0.26,,19,
2026-05-30 22:00:00,0.26,,19.1,
2026-05-30 23:00:00,0.26,,19.8,
2026-05-31 00:00:00,0.259,,20.9,
2026-05-31 01:00:00,0.258,,22.6,
2026-05-31 02:00:00,0.256,,24.6,
2026-05-31 03:00:00,0.254,,26.3,
2026-05-31 04:00:00,0.252,,27.3,
2026-05-31 05:00:00,0.25,,27.8,
2026-05-31 06:00:00,0.249,,27.9,
2026-05-31 07:00:00,0.247,,27.9,
2026-05-31 08:00:00,0.246,,27.8,
2026-05-31 09:00:00,0.246,,27.3,
2026-05-31 10:00:00,0.246,,26.5,
2026-05-31 11:00:00,0.247,,25.5,
2026-05-31 12:00:00,0.247,,24.5,
2026-05-31 13:00:00,0.247,,23.7,
2026-05-31 14:00:00,0.247,,23.1,
2026-05-31 15:00:00,0.247,,22.5,
2026-05-31 16:00:00,0.248,,22,
2026-05-31 17:00:00,0.248,,21.5,
2026-05-31 18:00:00,0.248,,21.2,
2026-05-31 19:00:00,0.248,,20.8,
2026-05-31 20:00:00,0.248,,20.5,
2026-05-31 21:00:00,0.249,,20.2,
2026-05-31 22:00:00,0.249,,20.3,
2026-05-31 23:00:00,0.249,,20.9,
2026-06-01 00:00:00,0.249,,21.6,
2026-06-01 01:00:00,0.248,,22.9,
2026-06-01 02:00:00,0.248,,24.7,
2026-06-01 03:00:00,0.247,,26.2,
2026-06-01 04:00:00,0.246,,27.3,
2026-06-01 05:00:00,0.245,,28.1,
2026-06-01 06:00:00,0.244,,28.6,
2026-06-01 07:00:00,0.244,,28.6,
2026-06-01 08:00:00,0.244,,28.2,
2026-06-01 09:00:00,0.243,,27.7,
2026-06-01 10:00:00,0.244,,27,
2026-06-01 11:00:00,0.244,,26.1,
2026-06-01 12:00:00,0.244,,25.4,
2026-06-01 13:00:00,0.244,,24.9,
2026-06-01 14:00:00,0.245,,24.5,
2026-06-01 15:00:00,0.245,,24.1,
2026-06-01 16:00:00,0.245,,23.6,
2026-06-01 17:00:00,0.246,,23.3,
2026-06-01 18:00:00,0.246,,22.9,
2026-06-01 19:00:00,0.247,,22.7,
2026-06-01 20:00:00,0.248,,22.5,
2026-06-01 21:00:00,0.25,,22.3,
2026-06-01 22:00:00,0.257,,22.2,
2026-06-01 23:00:00,0.3,,22.1,
2026-06-02 00:00:00,0.329,,22.1,
2026-06-02 01:00:00,0.341,,22.1,
2026-06-02 02:00:00,0.339,,22.3,
2026-06-02 03:00:00,0.339,,22.4,
2026-06-02 04:00:00,0.34,,22.6,
2026-06-02 05:00:00,0.339,,23,
2026-06-02 06:00:00,0.336,,23.6,
2026-06-02 07:00:00,0.335,,24,
2026-06-02 08:00:00,0.333,,24.4,
2026-06-02 09:00:00,0.331,,24.5,
2026-06-02 10:00:00,0.33,,24.3,
2026-06-02 11:00:00,0.33,,23.8,
2026-06-02 12:00:00,0.33,,23.3,
2026-06-02 13:00:00,0.329,,22.9,
2026-06-02 14:00:00,0.329,,22.5,
2026-06-02 15:00:00,0.329,,22.2,
2026-06-02 16:00:00,0.329,,21.9,
2026-06-02 17:00:00,0.329,,21.5,
2026-06-02 18:00:00,0.328,,21.3,
2026-06-02 19:00:00,0.328,,21,
2026-06-02 20:00:00,0.328,,20.7,
2026-06-02 21:00:00,0.328,,20.5,
2026-06-02 22:00:00,0.328,,20.6,
2026-06-02 23:00:00,0.328,,21.1,
2026-06-03 00:00:00,0.327,,22,
2026-06-03 01:00:00,0.326,,23.4,
2026-06-03 02:00:00,0.324,,25.2,
2026-06-03 03:00:00,0.322,,26.8,
2026-06-03 04:00:00,0.321,,27.8,
2026-06-03 05:00:00,0.32,,28.4,
2026-06-03 06:00:00,0.319,,28.5,
2026-06-03 07:00:00,0.318,,28.2,
2026-06-03 08:00:00,0.318,,27.4,
2026-06-03 09:00:00,0.318,,26.7,
2026-06-03 10:00:00,0.318,,26,
2026-06-03 11:00:00,0.318,,25.4,
2026-06-03 12:00:00,0.318,,24.9,
2026-06-03 13:00:00,0.317,,24.5,
2026-06-03 14:00:00,0.317,,24,
2026-06-03 15:00:00,0.317,,23.6,
2026-06-03 16:00:00,0.317,,23.3,
2026-06-03 17:00:00,0.316,,23,
2026-06-03 18:00:00,0.316,,22.7,
2026-06-03 19:00:00,0.316,,22.5,
2026-06-03 20:00:00,0.315,,22.2,
2026-06-03 21:00:00,0.315,,22.1,
2026-06-03 22:00:00,0.315,,22.2,
2026-06-03 23:00:00,0.314,,22.6,
2026-06-04 00:00:00,0.313,,23.1,
2026-06-04 01:00:00,0.313,,23.5,
2026-06-04 02:00:00,0.313,,23.5,
2026-06-04 03:00:00,0.312,,23.9,
2026-06-04 04:00:00,0.311,,24.7,
2026-06-04 05:00:00,0.31,,25.2,
2026-06-04 06:00:00,0.309,,25.8,
2026-06-04 07:00:00,0.309,,26.1,
2026-06-04 08:00:00,0.308,,26.3,
2026-06-04 09:00:00,0.308,,26.1,
2026-06-04 10:00:00,0.308,,25.4,
2026-06-04 11:00:00,0.307,,24.7,
2026-06-04 12:00:00,0.307,,24.1,
2026-06-04 13:00:00,0.307,,23.7,
2026-06-04 14:00:00,0.306,,23.3,
2026-06-04 15:00:00,0.306,,23,
2026-06-04 16:00:00,0.305,,22.8,
2026-06-04 17:00:00,0.305,,22.6,
2026-06-04 18:00:00,0.304,,22.4,
2026-06-04 19:00:00,0.304,,22.2,
2026-06-04 20:00:00,0.304,,21.8,
2026-06-04 21:00:00,0.303,,21.3,
2026-06-04 22:00:00,0.303,,21,
2026-06-04 23:00:00,0.301,,21.3,
2026-06-05 00:00:00,0.3,,22,
2026-06-05 01:00:00,0.299,,22.8,
2026-06-05 02:00:00,0.297,,23.9,
2026-06-05 03:00:00,0.295,,25.6,
2026-06-05 04:00:00,0.294,,26.9,
2026-06-05 05:00:00,0.293,,27.5,
2026-06-05 06:00:00,0.292,,27.7,
2026-06-05 07:00:00,0.291,,27.6,
2026-06-05 08:00:00,0.29,,27.4,
2026-06-05 09:00:00,0.289,,26.8,
2026-06-05 10:00:00,0.289,,25.8,
2026-06-05 11:00:00,0.288,,24.7,
2026-06-05 12:00:00,0.287,,23.8,
2026-06-05 13:00:00,0.286,,22.9,
2026-06-05 14:00:00,0.285,,22.2,
2026-06-05 15:00:00,0.284,,21.6,
2026-06-05 16:00:00,0.284,,20.9,
2026-06-05 17:00:00,0.283,,20.4,
2026-06-05 18:00:00,0.282,,19.9,
2026-06-05 19:00:00,0.282,,19.5,
2026-06-05 20:00:00,0.281,,19.1,
2026-06-05 21:00:00,0.281,,18.7,
2026-06-05 22:00:00,0.28,,18.9,
2026-06-05 23:00:00,0.279,,19.7,
2026-06-06 00:00:00,0.278,,21.1,
2026-06-06 01:00:00,0.278,,22.7,
2026-06-06 02:00:00,0.277,,24.9,
2026-06-06 03:00:00,0.275,,27,
2026-06-06 04:00:00,0.274,,28.8,
2026-06-06 05:00:00,0.274,,29.8,
2026-06-06 06:00:00,0.273,,30.3,
2026-06-06 07:00:00,0.272,,30.4,
2026-06-06 08:00:00,0.272,,30.1,
2026-06-06 09:00:00,0.271,,29.5,
2026-06-06 10:00:00,0.271,,28.5,
2026-06-06 11:00:00,0.27,,27.2,
2026-06-06 12:00:00,0.27,,26,
2026-06-06 13:00:00,0.27,,25,
2026-06-06 14:00:00,0.269,,24.2,
2026-06-06 15:00:00,0.269,,23.5,
2026-06-06 16:00:00,0.268,,22.9,
2026-06-06 17:00:00,0.268,,22.4,
2026-06-06 18:00:00,0.268,,22,
2026-06-06 19:00:00,0.268,,21.6,
2026-06-06 20:00:00,0.268,,21.3,
2026-06-06 21:00:00,0.267,,21.1,
2026-06-06 22:00:00,0.267,,21.3,
2026-06-06 23:00:00,0.267,,21.9,
2026-06-07 00:00:00,0.267,,22.8,
2026-06-07 01:00:00,0.266,,24.4,
2026-06-07 02:00:00,0.266,,25.8,
2026-06-07 03:00:00,0.265,,27.7,
2026-06-07 04:00:00,0.265,,27.9,
2026-06-07 05:00:00,0.264,,28.3,
2026-06-07 06:00:00,0.263,,29.1,
2026-06-07 07:00:00,0.263,,29.4,
2026-06-07 08:00:00,0.262,,29,
2026-06-07 09:00:00,0.262,,28.5,
2026-06-07 10:00:00,0.262,,27.7,
2026-06-07 11:00:00,0.262,,26.8,
2026-06-07 12:00:00,0.262,,26,
2026-06-07 13:00:00,0.261,,25.3,
2026-06-07 14:00:00,0.261,,24.8,
2026-06-07 15:00:00,0.261,,24.4,
2026-06-07 16:00:00,0.261,,24,
2026-06-07 17:00:00,0.261,,23.7,
2026-06-07 18:00:00,0.261,,23.3,
2026-06-07 19:00:00,0.261,,23,
2026-06-07 20:00:00,0.26,,22.6,
2026-06-07 21:00:00,0.26,,22.3,
2026-06-07 22:00:00,0.261,,22.1,
2026-06-07 23:00:00,0.261,,22.1,
2026-06-08 00:00:00,0.261,,22.1,
2026-06-08 01:00:00,0.26,,22.2,
2026-06-08 02:00:00,0.26,,22.7,
2026-06-08 03:00:00,0.26,,23.3,
2026-06-08 04:00:00,0.26,,23.5,
2026-06-08 05:00:00,0.26,,24.1,
2026-06-08 06:00:00,0.26,,25,
2026-06-08 07:00:00,0.26,,25.3,
2026-06-08 08:00:00,0.259,,24.9,
2026-06-08 09:00:00,0.259,,24.3,
2026-06-08 10:00:00,0.259,,23.6,
2026-06-08 11:00:00,0.259,,22.9,
2026-06-08 12:00:00,0.259,,22.4,
2026-06-08 13:00:00,0.259,,21.9,
2026-06-08 14:00:00,0.259,,21.5,
2026-06-08 15:00:00,0.258,,21.2,
2026-06-08 16:00:00,0.259,,20.7,
2026-06-08 17:00:00,0.259,,20.2,
2026-06-08 18:00:00,0.259,,19.8,
2026-06-08 19:00:00,0.259,,19.5,
2026-06-08 20:00:00,0.259,,19.2,
2026-06-08 21:00:00,0.259,,19.1,
2026-06-08 22:00:00,0.259,,19.3,
2026-06-08 23:00:00,0.259,,20,
2026-06-09 00:00:00,0.258,,21.3,
2026-06-09 01:00:00,0.258,,22.8,
2026-06-09 02:00:00,0.258,,24.6,
2026-06-09 03:00:00,0.257,,26.9,
2026-06-09 04:00:00,0.257,,28.6,
2026-06-09 05:00:00,0.256,,29.8,
2026-06-09 06:00:00,0.256,,30.4,
2026-06-09 07:00:00,0.255,,30.3,
2026-06-09 08:00:00,0.255,,29.8,
2026-06-09 09:00:00,0.254,,29.1,
2026-06-09 10:00:00,0.254,,27.9,
2026-06-09 11:00:00,0.255,,26.6,
2026-06-09 12:00:00,0.255,,25.4,
2026-06-09 13:00:00,0.255,,24.4,
2026-06-09 14:00:00,0.255,,23.5,
2026-06-09 15:00:00,0.254,,22.7,
2026-06-09 16:00:00,0.255,,22.1,
2026-06-09 17:00:00,0.255,,21.5,
2026-06-09 18:00:00,0.255,,20.9,
2026-06-09 19:00:00,0.255,,20.4,
2026-06-09 20:00:00,0.255,,20,
2026-06-09 21:00:00,0.255,,19.6,
2026-06-09 22:00:00,0.255,,19.7,
2026-06-09 23:00:00,0.255,,20.5,
2026-06-10 00:00:00,0.255,,22,
2026-06-10 01:00:00,0.255,,23.5,
2026-06-10 02:00:00,0.254,,25.4,
2026-06-10 03:00:00,0.254,,26.9,
2026-06-10 04:00:00,0.253,,28.1,
2026-06-10 05:00:00,0.253,,28.7,
2026-06-10 06:00:00,0.252,,29.4,
2026-06-10 07:00:00,0.252,,29.7,
2026-06-10 08:00:00,0.251,,29.6,
2026-06-10 09:00:00,0.251,,28.9,
2026-06-10 10:00:00,0.251,,27.8,
2026-06-10 11:00:00,0.251,,26.5,
2026-06-10 12:00:00,0.251,,25.3,
2026-06-10 13:00:00,0.251,,24.3,
2026-06-10 14:00:00,0.251,,23.6,
2026-06-10 15:00:00,0.251,,22.9,
2026-06-10 16:00:00,0.251,,22.5,
2026-06-10 17:00:00,0.251,,22.1,
2026-06-10 18:00:00,0.251,,21.6,
2026-06-10 19:00:00,0.251,,21.2,
2026-06-10 20:00:00,0.251,,20.9,
2026-06-10 21:00:00,0.252,,20.6,
2026-06-10 22:00:00,0.252,,20.8,
2026-06-10 23:00:00,0.252,,21.6,
2026-06-11 00:00:00,0.252,,22.6,
2026-06-11 01:00:00,0.252,,24.1,
2026-06-11 02:00:00,0.251,,26.1,
2026-06-11 03:00:00,0.251,,27.8,
2026-06-11 04:00:00,0.25,,28.9,
2026-06-11 05:00:00,0.25,,29.8,
2026-06-11 06:00:00,0.249,,30.3,
2026-06-11 07:00:00,0.249,,30.3,
2026-06-11 08:00:00,0.248,,30,
2026-06-11 09:00:00,0.248,,29.2,
2026-06-11 10:00:00,0.248,,28.1,
2026-06-11 11:00:00,0.248,,26.8,
2026-06-11 12:00:00,0.248,,25.6,
2026-06-11 13:00:00,0.248,,24.7,
2026-06-11 14:00:00,0.248,,23.8,
2026-06-11 15:00:00,0.248,,23.1,
2026-06-11 16:00:00,0.248,,22.5,
2026-06-11 17:00:00,0.248,,21.9,
2026-06-11 18:00:00,0.249,,21.4,
2026-06-11 19:00:00,0.249,,20.9,
2026-06-11 20:00:00,0.249,,20.6,
2026-06-11 21:00:00,0.249,,20.5,
2026-06-11 22:00:00,0.249,,20.7,
2026-06-11 23:00:00,0.249,,21.5,
2026-06-12 00:00:00,0.249,,22.9,
2026-06-12 01:00:00,0.249,,24.8,
2026-06-12 02:00:00,0.249,,26.8,
2026-06-12 03:00:00,0.249,,28.8,
2026-06-12 04:00:00,0.248,,30.3,
2026-06-12 05:00:00,0.248,,31.5,
2026-06-12 06:00:00,0.247,,32.3,
2026-06-12 07:00:00,0.247,,32.4,
2026-06-12 08:00:00,0.246,,32,
2026-06-12 09:00:00,0.245,,31.1,
2026-06-12 10:00:00,0.245,,29.8,
2026-06-12 11:00:00,0.245,,28.4,
2026-06-12 12:00:00,0.245,,27.2,
2026-06-12 13:00:00,0.245,,26.2,
2026-06-12 14:00:00,0.246,,25.3,
2026-06-12 15:00:00,0.246,,24.5,
2026-06-12 16:00:00,0.246,,23.8,
2026-06-12 17:00:00,0.246,,23.2,
2026-06-12 18:00:00,0.246,,22.6,
2026-06-12 19:00:00,0.246,,22.2,
2026-06-12 20:00:00,0.246,,21.8,
2026-06-12 21:00:00,0.246,,21.4,
2026-06-12 22:00:00,0.246,,21.5,
2026-06-12 23:00:00,0.246,,22.3,
2026-06-13 00:00:00,0.247,,23.6,
2026-06-13 01:00:00,0.247,,25.4,
2026-06-13 02:00:00,0.246,,27.5,
2026-06-13 03:00:00,0.246,,29.3,
2026-06-13 04:00:00,0.246,,30.4,
2026-06-13 05:00:00,0.246,,31.3,
2026-06-13 06:00:00,0.245,,32.3,
2026-06-13 07:00:00,0.245,,32.1,
2026-06-13 08:00:00,0.244,,31.6,
2026-06-13 09:00:00,0.243,,30.8,
2026-06-13 10:00:00,0.243,,29.5,
2026-06-13 11:00:00,0.243,,28.2,
2026-06-13 12:00:00,0.243,,27.2,
2026-06-13 13:00:00,0.244,,26.5,
2026-06-13 14:00:00,0.244,,25.9,
2026-06-13 15:00:00,0.244,,25.4,
2026-06-13 16:00:00,0.244,,25,
2026-06-13 17:00:00,0.244,,24.6,
2026-06-13 18:00:00,0.244,,24.2,
2026-06-13 19:00:00,0.244,,23.8,
2026-06-13 20:00:00,0.244,,23.4,
2026-06-13 21:00:00,0.244,,23.2,
2026-06-13 22:00:00,0.244,,23.2,
2026-06-13 23:00:00,0.245,,23.6,
2026-06-14 00:00:00,0.245,,24.5,
2026-06-14 01:00:00,0.245,,26.1,
2026-06-14 02:00:00,0.245,,28,
2026-06-14 03:00:00,0.245,,29.9,
2026-06-14 04:00:00,0.245,,31.6,
2026-06-14 05:00:00,0.244,,31.6,
2026-06-14 06:00:00,0.303,,29.9,
2026-06-14 07:00:00,0.323,,28.4,
2026-06-14 08:00:00,0.316,,27.8,
2026-06-14 09:00:00,0.313,,27.2,
2026-06-14 10:00:00,0.311,,26.6,
2026-06-14 11:00:00,0.31,,25.9,
2026-06-14 12:00:00,0.31,,25.3,
2026-06-14 13:00:00,0.309,,24.6,
2026-06-14 14:00:00,0.308,,24,
2026-06-14 15:00:00,0.308,,23.6,
2026-06-14 16:00:00,0.307,,23.2,
2026-06-14 17:00:00,0.307,,22.9,
2026-06-14 18:00:00,0.306,,22.6,
2026-06-14 19:00:00,0.306,,22.2,
2026-06-14 20:00:00,0.306,,21.9,
2026-06-14 21:00:00,0.305,,21.6,
2026-06-14 22:00:00,0.305,,21.8,
2026-06-14 23:00:00,0.303,,22.7,
2026-06-15 00:00:00,0.302,,24.1,
2026-06-15 01:00:00,0.301,,25.6,
2026-06-15 02:00:00,0.299,,27.1,
2026-06-15 03:00:00,0.297,,28.3,
2026-06-15 04:00:00,0.296,,29.2,
2026-06-15 05:00:00,0.295,,29.9,
2026-06-15 06:00:00,0.294,,30.7,
2026-06-15 07:00:00,0.293,,30.8,
2026-06-15 08:00:00,0.292,,29.9,
2026-06-15 09:00:00,0.292,,29,
2026-06-15 10:00:00,0.292,,28.1,
2026-06-15 11:00:00,0.292,,27,
2026-06-15 12:00:00,0.291,,26,
2026-06-15 13:00:00,0.29,,25.2,
2026-06-15 14:00:00,0.289,,24.5,
2026-06-15 15:00:00,0.288,,23.8,
2026-06-15 16:00:00,0.287,,23.3,
2026-06-15 17:00:00,0.286,,22.8,
2026-06-15 18:00:00,0.285,,22.4,
2026-06-15 19:00:00,0.285,,22,
2026-06-15 20:00:00,0.284,,21.7,
2026-06-15 21:00:00,0.283,,21.6,
2026-06-15 22:00:00,0.282,,21.7,
2026-06-15 23:00:00,0.281,,22.5,
2026-06-16 00:00:00,0.281,,23.3,
2026-06-16 01:00:00,0.28,,24.1,
2026-06-16 02:00:00,0.278,,25.7,
2026-06-16 03:00:00,0.277,,27.5,
2026-06-16 04:00:00,0.276,,28.4,
2026-06-16 05:00:00,0.275,,30,
2026-06-16 06:00:00,0.275,,31.3,
2026-06-16 07:00:00,0.274,,31.2,
2026-06-16 08:00:00,0.273,,30.5,
2026-06-16 09:00:00,0.272,,29.7,
2026-06-16 10:00:00,0.272,,28.8,
2026-06-16 11:00:00,0.271,,27.9,
2026-06-16 12:00:00,0.271,,27.2,
2026-06-16 13:00:00,0.271,,26.6,
2026-06-16 14:00:00,0.271,,26.1,
2026-06-16 15:00:00,0.27,,25.6,
2026-06-16 16:00:00,0.27,,25.2,
2026-06-16 17:00:00,0.269,,24.8,
2026-06-16 18:00:00,0.269,,24.4,
2026-06-16 19:00:00,0.269,,24.1,
2026-06-16 20:00:00,0.268,,23.8,
2026-06-16 21:00:00,0.268,,23.7,
2026-06-16 22:00:00,0.268,,23.8,
2026-06-16 23:00:00,0.267,,24,
2026-06-17 00:00:00,0.267,,24.8,
2026-06-17 01:00:00,0.267,,25.3,
2026-06-17 02:00:00,0.266,,26.4,
2026-06-17 03:00:00,0.265,,27.3,
2026-06-17 04:00:00,0.265,,27.9,
2026-06-17 05:00:00,0.265,,27.6,
2026-06-17 06:00:00,0.264,,27.7,
2026-06-17 07:00:00,0.264,,27.6,
2026-06-17 08:00:00,0.264,,27.3,
2026-06-17 09:00:00,0.264,,26.9,
2026-06-17 10:00:00,0.263,,26.4,
2026-06-17 11:00:00,0.263,,25.8,
2026-06-17 12:00:00,0.263,,25.3,
2026-06-17 13:00:00,0.262,,25,
2026-06-17 14:00:00,0.262,,24.7,
2026-06-17 15:00:00,0.262,,24.5,
2026-06-17 16:00:00,0.262,,24.3,
2026-06-17 17:00:00,0.262,,24.1,
2026-06-17 18:00:00,0.262,,24,
2026-06-17 19:00:00,0.262,,23.9,
2026-06-17 20:00:00,0.261,,23.8,
2026-06-17 21:00:00,0.261,,23.7,
2026-06-17 22:00:00,0.261,,23.9,
2026-06-17 23:00:00,0.261,,24.5,
2026-06-18 00:00:00,0.261,,25.6,
2026-06-18 01:00:00,0.26,,26.7,
2026-06-18 02:00:00,0.26,,28,
2026-06-18 03:00:00,0.259,,29.8,
2026-06-18 04:00:00,0.259,,30.8,
2026-06-18 05:00:00,0.259,,31.3,
2026-06-18 06:00:00,0.258,,32,
2026-06-18 07:00:00,0.257,,32.5,
2026-06-18 08:00:00,0.257,,32.3,
2026-06-18 09:00:00,0.256,,31.1,
2026-06-18 10:00:00,0.256,,29.8,
2026-06-18 11:00:00,0.256,,28.7,
2026-06-18 12:00:00,0.256,,27.9,
2026-06-18 13:00:00,0.256,,27.2,
2026-06-18 14:00:00,0.256,,26.7,
2026-06-18 15:00:00,0.256,,26.2,
2026-06-18 16:00:00,0.256,,25.9,
2026-06-18 17:00:00,0.256,,25.5,
2026-06-18 18:00:00,0.256,,25.2,
2026-06-18 19:00:00,0.256,,24.9,
2026-06-18 20:00:00,0.256,,24.7,
2026-06-18 21:00:00,0.256,,24.6,
2026-06-18 22:00:00,0.256,,24.6,
2026-06-18 23:00:00,0.256,,25,
2026-06-19 00:00:00,0.256,,25.6,
2026-06-19 01:00:00,0.256,,26.2,
2026-06-19 02:00:00,0.255,,26.7,
2026-06-19 03:00:00,0.255,,27.3,
2026-06-19 04:00:00,0.255,,27.7,
2026-06-19 05:00:00,0.254,,27.7,
2026-06-19 06:00:00,0.254,,27.7,
2026-06-19 07:00:00,0.254,,27.7,
2026-06-19 08:00:00,0.254,,27.5,
2026-06-19 09:00:00,0.254,,27,
2026-06-19 10:00:00,0.256,,26.3,
2026-06-19 11:00:00,0.297,,25.5,
2026-06-19 12:00:00,0.315,,25,
2026-06-19 13:00:00,0.343,,24.5,
2026-06-19 14:00:00,0.355,,23.9,
2026-06-19 15:00:00,0.353,,23.9,
2026-06-19 16:00:00,0.357,,23.8,
2026-06-19 17:00:00,0.358,,23.6,
2026-06-19 18:00:00,0.355,,23.8,
2026-06-19 19:00:00,0.352,,23.9,
2026-06-19 20:00:00,0.352,,23.9,
2026-06-19 21:00:00,0.352,,23.9,
2026-06-19 22:00:00,0.351,,23.9,
2026-06-19 23:00:00,0.351,,23.9,
2026-06-20 00:00:00,0.35,,23.9,
2026-06-20 01:00:00,0.348,,24,
2026-06-20 02:00:00,0.337,,24.2,
2026-06-20 03:00:00,0.333,,24.3,
2026-06-20 04:00:00,0.332,,24.2,
2026-06-20 05:00:00,0.33,,24.1,
2026-06-20 06:00:00,0.328,,24.2,
2026-06-20 07:00:00,0.327,,24.1,
2026-06-20 08:00:00,0.327,,23.9,
2026-06-20 09:00:00,0.326,,23.8,
2026-06-20 10:00:00,0.326,,23.5,
2026-06-20 11:00:00,0.326,,23.2,
2026-06-20 12:00:00,0.325,,22.9,
2026-06-20 13:00:00,0.325,,22.7,
2026-06-20 14:00:00,0.325,,22.6,
2026-06-20 15:00:00,0.325,,22.5,
2026-06-20 16:00:00,0.325,,22.4,
2026-06-20 17:00:00,0.325,,22.3,
2026-06-20 18:00:00,0.325,,22.2,
2026-06-20 19:00:00,0.325,,22,
2026-06-20 20:00:00,0.325,,21.9,
2026-06-20 21:00:00,0.325,,21.9,
2026-06-20 22:00:00,0.325,,22.1,
2026-06-20 23:00:00,0.325,,22.3,
2026-06-21 00:00:00,0.324,,22.8,
2026-06-21 01:00:00,0.323,,23.9,
2026-06-21 02:00:00,0.322,,24.8,
2026-06-21 03:00:00,0.321,,25.7,
2026-06-21 04:00:00,0.32,,26.6,
2026-06-21 05:00:00,0.319,,27.5,
2026-06-21 06:00:00,0.318,,27.9,
2026-06-21 07:00:00,0.318,,27.9,
2026-06-21 08:00:00,0.317,,27.9,
2026-06-21 09:00:00,0.317,,27.5,
2026-06-21 10:00:00,0.318,,26.4,
2026-06-21 11:00:00,0.318,,25.4,
2026-06-21 12:00:00,0.318,,24.6,
2026-06-21 13:00:00,0.318,,24.2,
2026-06-21 14:00:00,0.318,,23.9,
2026-06-21 15:00:00,0.318,,23.7,
2026-06-21 16:00:00,0.318,,23.4,
2026-06-21 17:00:00,0.318,,23.1,
2026-06-21 18:00:00,0.318,,22.9,
2026-06-21 19:00:00,0.318,,22.7,
2026-06-21 20:00:00,0.318,,22.5,
2026-06-21 21:00:00,0.317,,22.4,
2026-06-21 22:00:00,0.317,,22.5,
2026-06-21 23:00:00,0.317,,22.8,
2026-06-22 00:00:00,0.317,,23.2,
2026-06-22 01:00:00,0.317,,23.5,
2026-06-22 02:00:00,0.316,,23.8,
2026-06-22 03:00:00,0.316,,24,
2026-06-22 04:00:00,0.316,,24,
2026-06-22 05:00:00,0.316,,23.8,
2026-06-22 06:00:00,0.316,,24,
2026-06-22 07:00:00,0.316,,24.1,
2026-06-22 08:00:00,0.316,,24.1,
2026-06-22 09:00:00,0.317,,24.1,
2026-06-22 10:00:00,0.317,,23.8,
2026-06-22 11:00:00,0.317,,23.3,
2026-06-22 12:00:00,0.317,,22.9,
2026-06-22 13:00:00,0.317,,22.5,
2026-06-22 14:00:00,0.317,,22.2,
2026-06-22 15:00:00,0.318,,21.9,
2026-06-22 16:00:00,0.318,,21.7,
2026-06-22 17:00:00,0.318,,21.6,
2026-06-22 18:00:00,0.318,,21.4,
2026-06-22 19:00:00,0.318,,21.2,
2026-06-22 20:00:00,0.318,,21,
2026-06-22 21:00:00,0.318,,20.9,
2026-06-22 22:00:00,0.318,,21.1,
2026-06-22 23:00:00,0.318,,21.7,
2026-06-23 00:00:00,0.317,,22.2,
2026-06-23 01:00:00,0.316,,22.9,
2026-06-23 02:00:00,0.316,,24.2,
2026-06-23 03:00:00,0.315,,25.2,
2026-06-23 04:00:00,0.314,,25.6,
2026-06-23 05:00:00,0.313,,26.7,
2026-06-23 06:00:00,0.312,,27.3,
2026-06-23 07:00:00,0.311,,27.8,
2026-06-23 08:00:00,0.311,,27.8,
2026-06-23 09:00:00,0.311,,27.3,
2026-06-24 00:00:00,0.305,,23.4,
2026-06-24 01:00:00,0.305,,24,
2026-06-24 02:00:00,0.304,,24.5,
2026-06-24 03:00:00,0.304,,24.5,
2026-06-24 04:00:00,0.303,,24.3,
2026-06-24 05:00:00,0.302,,24.9,
2026-06-24 06:00:00,0.302,,25.1,
2026-06-24 07:00:00,0.301,,24.7,
2026-06-24 08:00:00,0.301,,24.5,
2026-06-24 09:00:00,0.3,,24.4,
2026-06-24 10:00:00,0.3,,24.1,
2026-06-24 11:00:00,0.299,,23.6,
2026-06-24 12:00:00,0.299,,23.3,
2026-06-24 13:00:00,0.298,,23,
2026-06-24 14:00:00,0.298,,22.7,
2026-06-24 15:00:00,0.297,,22.4,
2026-06-24 17:00:00,0.296,,21.7,
2026-06-24 18:00:00,0.296,,21.7,
2026-06-24 19:00:00,0.296,,21.6,
2026-06-24 20:00:00,0.295,,21.6,
2026-06-24 21:00:00,0.295,,21.6,
2026-06-24 22:00:00,0.294,,21.9,
2026-06-24 23:00:00,0.294,,22.4,
2026-06-25 00:00:00,0.294,,23,
2026-06-25 01:00:00,0.293,,23.6,
2026-06-25 02:00:00,0.292,,24.7,
2026-06-25 03:00:00,0.291,,26.9,
2026-06-25 04:00:00,0.29,,28.1,
2026-06-25 05:00:00,0.29,,28.5,
2026-06-25 06:00:00,0.289,,28.5,
2026-06-25 07:00:00,0.289,,28.2,
2026-06-25 08:00:00,0.288,,28.2,
2026-06-25 09:00:00,0.288,,27.7,
2026-06-25 10:00:00,0.288,,26.8,
2026-06-25 11:00:00,0.287,,25.8,
2026-06-25 12:00:00,0.287,,25,
2026-06-25 13:00:00,0.287,,24.3,
2026-06-25 14:00:00,0.286,,23.7,
2026-06-25 15:00:00,0.286,,23.1,
2026-06-25 16:00:00,0.285,,22.6,
2026-06-25 17:00:00,0.285,,22.4,
2026-06-25 18:00:00,0.285,,22,
2026-06-25 19:00:00,0.284,,21.6,
2026-06-25 20:00:00,0.284,,21.2,
2026-06-25 21:00:00,0.284,,21,
2026-06-25 22:00:00,0.284,,21.3,
2026-06-25 23:00:00,0.283,,22.3,
2026-06-26 00:00:00,0.283,,23.7,
2026-06-26 01:00:00,0.282,,25.3,
2026-06-26 02:00:00,0.281,,27.2,
2026-06-26 03:00:00,0.28,,28.8,
2026-06-26 04:00:00,0.279,,30.4,
2026-06-26 05:00:00,0.279,,31.4,
2026-06-26 06:00:00,0.278,,32,
2026-06-26 07:00:00,0.277,,32,
2026-06-26 08:00:00,0.277,,31.6,
2026-06-26 09:00:00,0.276,,30.7,
2026-06-26 10:00:00,0.276,,29.3,
2026-06-26 11:00:00,0.275,,27.9,
2026-06-26 12:00:00,0.275,,26.7,
2026-06-26 13:00:00,0.275,,25.9,
2026-06-26 14:00:00,0.275,,25.2,
2026-06-26 15:00:00,0.275,,24.6,
2026-06-26 16:00:00,0.275,,24.1,
2026-06-26 17:00:00,0.274,,23.6,
2026-06-26 18:00:00,0.274,,23.2,
2026-06-26 19:00:00,0.274,,22.8,
2026-06-26 20:00:00,0.274,,22.4,
2026-06-26 21:00:00,0.274,,22.1,
2026-06-26 22:00:00,0.274,,22.4,
2026-06-26 23:00:00,0.274,,23.1,
2026-06-27 00:00:00,0.273,,24.3,
2026-06-27 01:00:00,0.273,,25.9,
2026-06-27 02:00:00,0.272,,27.8,
2026-06-27 03:00:00,0.271,,29.8,
2026-06-27 04:00:00,0.271,,31.4,
2026-06-27 05:00:00,0.27,,32.8,
2026-06-27 06:00:00,0.269,,33.6,
2026-06-27 07:00:00,0.268,,33.6,
2026-06-27 08:00:00,0.268,,32.9,
2026-06-27 09:00:00,0.267,,32.1,
2026-06-27 10:00:00,0.267,,30.9,
2026-06-27 11:00:00,0.267,,29.4,
2026-06-27 12:00:00,0.267,,28.3,
2026-06-27 13:00:00,0.267,,27.3,
2026-06-27 14:00:00,0.267,,26.5,
2026-06-27 15:00:00,0.266,,25.9,
2026-06-27 16:00:00,0.267,,25.4,
2026-06-27 17:00:00,0.267,,25,
2026-06-27 18:00:00,0.267,,24.5,
2026-06-27 19:00:00,0.267,,24.1,
2026-06-27 20:00:00,0.267,,23.7,
2026-06-27 21:00:00,0.267,,23.7,
2026-06-27 22:00:00,0.267,,23.8,
2026-06-27 23:00:00,0.267,,24.1,
2026-06-28 00:00:00,0.266,,25.1,
2026-06-28 01:00:00,0.266,,27,
2026-06-28 02:00:00,0.265,,29,
2026-06-28 03:00:00,0.265,,30.7,
2026-06-28 04:00:00,0.264,,31.9,
2026-06-28 05:00:00,0.264,,33.3,
2026-06-28 06:00:00,0.263,,34,
2026-06-28 07:00:00,0.262,,33.8,
2026-06-28 08:00:00,0.261,,33,
2026-06-28 09:00:00,0.261,,32,
2026-06-28 10:00:00,0.261,,30.8,
2026-06-28 11:00:00,0.26,,29.5,
2026-06-28 12:00:00,0.26,,28.3,
2026-06-28 13:00:00,0.261,,27.3,
2026-06-28 14:00:00,0.261,,26.5,
2026-06-28 15:00:00,0.261,,25.8,
2026-06-28 16:00:00,0.261,,25.2,
2026-06-28 17:00:00,0.261,,24.6,
2026-06-28 18:00:00,0.261,,24.1,
2026-06-28 19:00:00,0.261,,23.7,
2026-06-28 20:00:00,0.261,,23.4,
2026-06-28 21:00:00,0.261,,23.2,
2026-06-28 22:00:00,0.261,,23.4,
2026-06-28 23:00:00,0.261,,24.3,
2026-06-29 00:00:00,0.261,,25.9,
2026-06-29 01:00:00,0.26,,27.8,
2026-06-29 02:00:00,0.26,,29.7,
2026-06-29 03:00:00,0.259,,31.7,
2026-06-29 04:00:00,0.259,,33.1,
2026-06-29 05:00:00,0.258,,33.4,
2026-06-29 06:00:00,0.257,,34.2,
2026-06-29 07:00:00,0.256,,34.2,
2026-06-29 08:00:00,0.255,,33.5,
2026-06-29 09:00:00,0.255,,32.3,
2026-06-29 10:00:00,0.255,,31,
2026-06-29 11:00:00,0.255,,29.8,
2026-06-29 12:00:00,0.255,,28.8,
2026-06-29 13:00:00,0.255,,27.9,
2026-06-29 14:00:00,0.255,,27.2,
2026-06-29 15:00:00,0.256,,26.6,
2026-06-29 16:00:00,0.256,,26.1,
2026-06-29 17:00:00,0.256,,25.6,
2026-06-29 18:00:00,0.256,,25.1,
2026-06-29 19:00:00,0.256,,24.6,
2026-06-29 20:00:00,0.256,,24.2,
2026-06-29 21:00:00,0.257,,24,
2026-06-29 22:00:00,0.257,,24.1,
2026-06-29 23:00:00,0.256,,24.8,
2026-06-30 00:00:00,0.256,,25.5,
