time,sm_root_10cm,sm_tree_above,temp_root_10cm,temp_tree_above
2025-10-18 02:00:00,0.235,0.325,21.8,20.9
2025-10-18 03:00:00,0.269,0.336,21.3,19.4
2025-10-18 04:00:00,0.27,0.339,21.3,18.8
2025-10-18 05:00:00,0.271,0.341,21.3,19.1
2025-10-18 06:00:00,0.271,0.342,21.2,18.8
2025-10-18 07:00:00,0.271,0.343,21.2,18.6
2025-10-18 08:00:00,0.271,0.343,21.1,18.1
2025-10-18 09:00:00,0.271,0.344,21,17.6
2025-10-18 10:00:00,0.272,0.344,20.9,17.2
2025-10-18 11:00:00,0.272,0.344,20.8,17
2025-10-18 12:00:00,0.272,0.344,20.7,16.8
2025-10-18 13:00:00,0.272,0.344,20.6,16.7
2025-10-18 14:00:00,0.272,0.344,20.5,16.6
2025-10-18 15:00:00,0.272,0.344,20.4,16.5
2025-10-18 16:00:00,0.273,0.344,20.3,16.3
2025-10-18 17:00:00,0.273,0.344,20.2,16.1
2025-10-18 18:00:00,0.273,0.344,20.1,16
2025-10-18 19:00:00,0.273,0.344,20,15.9
2025-10-18 20:00:00,0.273,0.344,20,16
2025-10-18 21:00:00,0.273,0.344,19.9,16
2025-10-18 22:00:00,0.273,0.345,19.8,16.1
2025-10-18 23:00:00,0.273,0.344,19.8,16.7
2025-10-19 00:00:00,0.273,0.344,19.7,17.5
2025-10-19 01:00:00,0.273,0.344,19.7,18.3
2025-10-19 02:00:00,0.273,0.343,19.8,19.5
2025-10-19 03:00:00,0.273,0.342,19.9,20.2
2025-10-19 04:00:00,0.272,0.341,20,20.5
2025-10-19 05:00:00,0.272,0.34,20.1,20.4
2025-10-19 06:00:00,0.271,0.34,20.3,19.8
2025-10-19 07:00:00,0.271,0.34,20.3,19.1
2025-10-19 08:00:00,0.271,0.341,20.4,18.3
2025-10-19 09:00:00,0.271,0.341,20.3,17.7
2025-10-19 10:00:00,0.271,0.341,20.3,17.2
2025-10-19 11:00:00,0.272,0.341,20.2,16.6
2025-10-19 12:00:00,0.272,0.341,20.1,16
2025-10-19 13:00:00,0.272,0.341,20,15.5
2025-10-19 14:00:00,0.272,0.342,19.8,14.9
2025-10-19 15:00:00,0.272,0.342,19.7,14.7
2025-10-19 16:00:00,0.272,0.342,19.5,14.3
2025-10-19 17:00:00,0.272,0.342,19.4,13.7
2025-10-19 18:00:00,0.273,0.343,19.2,13.2
2025-10-19 19:00:00,0.273,0.343,19.1,12.5
2025-10-19 20:00:00,0.273,0.343,18.9,11.8
2025-10-19 21:00:00,0.273,0.343,18.7,11.2
2025-10-19 22:00:00,0.273,0.344,18.6,10.8
2025-10-19 23:00:00,0.273,0.343,18.4,11.7
2025-10-20 00:00:00,0.273,0.343,18.2,13.2
2025-10-20 01:00:00,0.272,0.341,18.1,14.6
2025-10-20 02:00:00,0.271,0.341,18.1,16.3
2025-10-20 03:00:00,0.27,0.34,18.1,17.1
2025-10-20 04:00:00,0.27,0.34,18.1,17.2
2025-10-20 05:00:00,0.269,0.34,18.1,17.1
2025-10-20 06:00:00,0.268,0.339,18.2,16.5
2025-10-20 07:00:00,0.268,0.339,18.2,15.8
2025-10-20 08:00:00,0.268,0.34,18.2,15
2025-10-20 09:00:00,0.268,0.34,18.2,14.3
2025-10-20 10:00:00,0.268,0.34,18.1,13.8
2025-10-20 11:00:00,0.268,0.34,18,13.6
2025-10-20 12:00:00,0.268,0.34,17.9,13.4
2025-10-20 13:00:00,0.269,0.34,17.8,13.1
2025-10-20 14:00:00,0.269,0.34,17.7,13
2025-10-20 15:00:00,0.269,0.34,17.7,12.7
2025-10-20 16:00:00,0.269,0.34,17.6,12.5
2025-10-20 17:00:00,0.269,0.34,17.5,12.5
2025-10-20 18:00:00,0.269,0.34,17.5,12.4
2025-10-20 19:00:00,0.269,0.34,17.4,12.3
2025-10-20 20:00:00,0.269,0.34,17.3,12.2
2025-10-20 21:00:00,0.27,0.34,17.3,12.1
2025-10-20 22:00:00,0.27,0.34,17.2,12
2025-10-20 23:00:00,0.27,0.34,17.2,12.3
2025-10-21 00:00:00,0.27,0.34,17.1,12.8
2025-10-21 01:00:00,0.27,0.339,17.1,13.9
2025-10-21 02:00:00,0.269,0.339,17.1,14.5
2025-10-21 03:00:00,0.269,0.338,17.2,14.8
2025-10-21 04:00:00,0.269,0.338,17.3,15.4
2025-10-21 05:00:00,0.268,0.337,17.3,16
2025-10-21 06:00:00,0.268,0.337,17.4,16
2025-10-21 07:00:00,0.268,0.337,17.5,15.8
2025-10-21 08:00:00,0.268,0.337,17.6,14.9
2025-10-21 09:00:00,0.268,0.337,17.6,14.1
2025-10-21 10:00:00,0.268,0.337,17.5,13.6
2025-10-21 11:00:00,0.268,0.337,17.5,13.3
2025-10-21 12:00:00,0.268,0.337,17.4,12.9
2025-10-21 13:00:00,0.269,0.337,17.3,12.5
2025-10-21 14:00:00,0.269,0.337,17.2,12.1
2025-10-21 15:00:00,0.269,0.337,17.1,11.7
2025-10-21 16:00:00,0.269,0.338,17,11.1
2025-10-21 17:00:00,0.269,0.338,16.9,10.7
2025-10-21 18:00:00,0.269,0.338,16.8,10.1
2025-10-21 19:00:00,0.269,0.338,16.7,9.4
2025-10-21 20:00:00,0.269,0.338,16.6,9.1
2025-10-21 21:00:00,0.269,0.338,16.5,9
2025-10-21 22:00:00,0.269,0.338,16.3,8.7
2025-10-21 23:00:00,0.269,0.338,16.2,9.9
2025-10-22 00:00:00,0.269,0.337,16.1,12.1
2025-10-22 01:00:00,0.269,0.336,16.1,14.1
2025-10-22 02:00:00,0.269,0.335,16.2,16.3
2025-10-22 03:00:00,0.268,0.334,16.3,18.6
2025-10-22 04:00:00,0.267,0.333,16.5,19.1
2025-10-22 05:00:00,0.267,0.333,16.8,19.2
2025-10-22 06:00:00,0.266,0.333,17,18.5
2025-10-22 07:00:00,0.265,0.333,17.2,17.8
2025-10-22 08:00:00,0.265,0.333,17.3,17.2
2025-10-22 09:00:00,0.265,0.333,17.4,16.6
2025-10-22 10:00:00,0.265,0.333,17.4,16.3
2025-10-22 11:00:00,0.266,0.333,17.4,16.1
2025-10-22 12:00:00,0.266,0.333,17.4,15.9
2025-10-22 13:00:00,0.266,0.333,17.4,15.4
2025-10-22 14:00:00,0.266,0.333,17.4,15
2025-10-22 15:00:00,0.266,0.333,17.4,14.7
2025-10-22 16:00:00,0.266,0.333,17.4,14.3
2025-10-22 17:00:00,0.266,0.334,17.3,14
2025-10-22 18:00:00,0.266,0.334,17.3,13.5
2025-10-22 19:00:00,0.266,0.334,17.2,13.1
2025-10-22 20:00:00,0.266,0.334,17.1,12.7
2025-10-22 21:00:00,0.267,0.334,17.1,12.8
2025-10-22 22:00:00,0.267,0.334,17,13.1
2025-10-22 23:00:00,0.267,0.333,16.9,14.1
2025-10-23 00:00:00,0.267,0.332,16.9,16.4
2025-10-23 01:00:00,0.266,0.331,17,18.6
2025-10-23 02:00:00,0.266,0.33,17.1,19.8
2025-10-23 03:00:00,0.265,0.329,17.3,21.6
2025-10-23 04:00:00,0.264,0.328,17.5,21.3
2025-10-23 05:00:00,0.263,0.328,17.8,20.8
2025-10-23 06:00:00,0.263,0.329,18,19.8
2025-10-23 07:00:00,0.262,0.329,18.1,18.9
2025-10-23 08:00:00,0.262,0.33,18.2,17.8
2025-10-23 09:00:00,0.262,0.33,18.2,16.8
2025-10-23 10:00:00,0.262,0.33,18.2,16.1
2025-10-23 11:00:00,0.262,0.33,18.1,15.6
2025-10-23 12:00:00,0.263,0.33,18,15.3
2025-10-23 13:00:00,0.263,0.33,17.9,15.1
2025-10-23 14:00:00,0.263,0.331,17.9,14.5
2025-10-23 15:00:00,0.263,0.331,17.8,14
2025-10-23 16:00:00,0.263,0.331,17.7,13.8
2025-10-23 17:00:00,0.263,0.331,17.6,13.3
2025-10-23 18:00:00,0.264,0.331,17.5,13
2025-10-23 19:00:00,0.264,0.331,17.4,12.7
2025-10-23 20:00:00,0.264,0.331,17.3,12.6
2025-10-23 21:00:00,0.264,0.331,17.2,12.2
2025-10-23 22:00:00,0.264,0.332,17.1,11.9
2025-10-23 23:00:00,0.264,0.331,17,12.7
2025-10-24 00:00:00,0.264,0.33,17,14.6
2025-10-24 01:00:00,0.264,0.329,16.9,17.1
2025-10-24 02:00:00,0.264,0.328,17,18.7
2025-10-24 03:00:00,0.263,0.327,17.2,20.6
2025-10-24 04:00:00,0.262,0.326,17.4,20.5
2025-10-24 05:00:00,0.261,0.326,17.6,20.7
2025-10-24 06:00:00,0.261,0.326,17.8,20
2025-10-24 07:00:00,0.261,0.327,18,19
2025-10-24 08:00:00,0.261,0.327,18.1,18.1
2025-10-24 09:00:00,0.261,0.327,18.1,17.1
2025-10-24 10:00:00,0.261,0.328,18.1,16.6
2025-10-24 11:00:00,0.261,0.328,18.1,16.4
2025-10-24 12:00:00,0.261,0.328,18,16.1
2025-10-24 13:00:00,0.261,0.328,18,15.7
2025-10-24 14:00:00,0.261,0.328,17.9,15.5
2025-10-24 15:00:00,0.261,0.328,17.8,15.3
2025-10-24 16:00:00,0.261,0.328,17.8,15
2025-10-24 17:00:00,0.262,0.328,17.7,14.6
2025-10-24 18:00:00,0.262,0.328,17.7,14.7
2025-10-24 19:00:00,0.262,0.328,17.6,14.7
2025-10-24 20:00:00,0.262,0.328,17.5,14.6
2025-10-24 21:00:00,0.262,0.328,17.5,14.7
2025-10-24 22:00:00,0.262,0.328,17.5,14.5
2025-10-24 23:00:00,0.262,0.328,17.4,14.9
2025-10-25 00:00:00,0.262,0.328,17.4,15.6
2025-10-25 01:00:00,0.262,0.327,17.4,16.9
2025-10-25 02:00:00,0.262,0.327,17.5,17.6
2025-10-25 03:00:00,0.262,0.326,17.6,19.6
2025-10-25 04:00:00,0.261,0.325,17.7,19.4
2025-10-25 05:00:00,0.26,0.325,17.9,18.9
2025-10-25 06:00:00,0.26,0.325,18,18.1
2025-10-25 07:00:00,0.26,0.326,18,17.3
2025-10-25 08:00:00,0.259,0.326,18,16.2
2025-10-25 09:00:00,0.259,0.326,18,15.1
2025-10-25 10:00:00,0.26,0.327,17.9,14.4
2025-10-25 11:00:00,0.26,0.327,17.8,14.1
2025-10-25 12:00:00,0.26,0.327,17.7,13.7
2025-10-25 13:00:00,0.26,0.327,17.6,13.4
2025-10-25 14:00:00,0.26,0.327,17.4,13.1
2025-10-25 15:00:00,0.26,0.327,17.3,13.1
2025-10-25 16:00:00,0.26,0.327,17.2,12.9
2025-10-25 17:00:00,0.26,0.327,17.1,12.9
2025-10-25 18:00:00,0.261,0.327,17,13.2
2025-10-25 19:00:00,0.261,0.327,17,13.4
2025-10-25 20:00:00,0.261,0.327,16.9,13.3
2025-10-25 21:00:00,0.261,0.327,16.8,13.2
2025-10-25 22:00:00,0.261,0.327,16.8,13.5
2025-10-25 23:00:00,0.261,0.326,16.8,13.8
2025-10-26 00:00:00,0.261,0.326,16.7,15
2025-10-26 01:00:00,0.26,0.324,16.7,17.3
2025-10-26 02:00:00,0.26,0.324,16.8,18.6
2025-10-26 03:00:00,0.259,0.323,16.9,20
2025-10-26 04:00:00,0.258,0.324,17,18.2
2025-10-26 05:00:00,0.258,0.324,17.2,16.5
2025-10-26 06:00:00,0.258,0.324,17.3,16
2025-10-26 07:00:00,0.258,0.324,17.3,16
2025-10-26 08:00:00,0.258,0.325,17.3,15.3
2025-10-26 09:00:00,0.258,0.325,17.3,14.8
2025-10-26 10:00:00,0.258,0.325,17.2,14.6
2025-10-26 11:00:00,0.258,0.325,17.2,14.3
2025-10-26 12:00:00,0.258,0.325,17.1,14
2025-10-26 13:00:00,0.258,0.325,17.1,13.9
2025-10-26 14:00:00,0.258,0.325,17,13.3
2025-10-26 15:00:00,0.259,0.325,16.9,13.3
2025-10-26 16:00:00,0.259,0.325,16.9,13.2
2025-10-26 17:00:00,0.259,0.325,16.8,13.4
2025-10-26 18:00:00,0.259,0.325,16.7,12.9
2025-10-26 19:00:00,0.259,0.326,16.7,12.1
2025-10-26 20:00:00,0.259,0.326,16.6,11.5
2025-10-26 21:00:00,0.259,0.326,16.5,11.1
2025-10-26 22:00:00,0.259,0.326,16.4,11
2025-10-26 23:00:00,0.259,0.325,16.3,12.2
2025-10-27 00:00:00,0.259,0.325,16.2,13.2
2025-10-27 01:00:00,0.259,0.324,16.2,14
2025-10-27 02:00:00,0.258,0.324,16.2,14.5
2025-10-27 03:00:00,0.258,0.323,16.2,15.4
2025-10-27 04:00:00,0.257,0.323,16.2,14.7
2025-10-27 05:00:00,0.257,0.323,16.3,14.3
2025-10-27 06:00:00,0.256,0.324,16.3,13.4
2025-10-27 07:00:00,0.256,0.324,16.3,12.8
2025-10-27 08:00:00,0.256,0.324,16.2,12.2
2025-10-27 09:00:00,0.256,0.324,16.1,11.5
2025-10-27 10:00:00,0.256,0.324,16,11.4
2025-10-27 11:00:00,0.256,0.324,15.9,11.1
2025-10-27 12:00:00,0.256,0.325,15.8,10.7
2025-10-27 13:00:00,0.257,0.325,15.7,10.1
2025-10-27 14:00:00,0.257,0.325,15.6,9.9
2025-10-27 15:00:00,0.257,0.325,15.5,9
2025-10-27 16:00:00,0.257,0.325,15.4,8.6
2025-10-27 17:00:00,0.257,0.325,15.3,8.2
2025-10-27 18:00:00,0.257,0.325,15.2,7.7
2025-10-27 19:00:00,0.257,0.325,15,7.9
2025-10-27 20:00:00,0.257,0.325,14.9,8
2025-10-27 21:00:00,0.257,0.325,14.8,8
2025-10-27 22:00:00,0.257,0.325,14.7,8.1
2025-10-27 23:00:00,0.257,0.324,14.7,9.4
2025-10-28 00:00:00,0.257,0.324,14.6,11.2
2025-10-28 01:00:00,0.257,0.323,14.6,13.2
2025-10-28 02:00:00,0.256,0.323,14.7,14.4
2025-10-28 03:00:00,0.256,0.322,14.8,15.4
2025-10-28 04:00:00,0.255,0.322,14.9,15
2025-10-28 05:00:00,0.255,0.322,15,14.9
2025-10-28 06:00:00,0.254,0.323,15.1,14.4
2025-10-28 07:00:00,0.254,0.323,15.1,13.9
2025-10-28 08:00:00,0.254,0.323,15.1,13.3
2025-10-28 09:00:00,0.254,0.324,15.1,12
2025-10-28 10:00:00,0.254,0.324,15,11.3
2025-10-28 11:00:00,0.254,0.324,15,11.2
2025-10-28 12:00:00,0.254,0.324,14.9,10.2
2025-10-28 13:00:00,0.254,0.325,14.8,8.9
2025-10-28 14:00:00,0.255,0.325,14.7,8.5
2025-10-28 15:00:00,0.255,0.325,14.6,8.1
2025-10-28 16:00:00,0.255,0.325,14.5,8
2025-10-28 17:00:00,0.255,0.325,14.4,7.7
2025-10-28 18:00:00,0.255,0.325,14.3,7
2025-10-28 19:00:00,0.255,0.325,14.2,6.8
2025-10-28 20:00:00,0.255,0.325,14.1,6.5
2025-10-28 21:00:00,0.255,0.325,14,6.2
2025-10-28 22:00:00,0.255,0.325,13.9,6.2
2025-10-28 23:00:00,0.255,0.324,13.8,7.5
2025-10-29 00:00:00,0.255,0.324,13.7,9.9
2025-10-29 01:00:00,0.255,0.322,13.7,12.7
2025-10-29 02:00:00,0.255,0.322,13.8,14.4
2025-10-29 03:00:00,0.254,0.321,14,16.3
2025-10-29 04:00:00,0.254,0.321,14.2,16.3
2025-10-29 05:00:00,0.253,0.321,14.4,16.4
2025-10-29 06:00:00,0.253,0.322,14.6,16
2025-10-29 07:00:00,0.252,0.322,14.8,15.3
2025-10-29 08:00:00,0.252,0.322,14.9,14.9
2025-10-29 09:00:00,0.252,0.322,14.9,14
2025-10-29 10:00:00,0.252,0.323,14.9,13.2
2025-10-29 11:00:00,0.252,0.323,14.9,12.5
2025-10-29 12:00:00,0.252,0.323,14.9,11.5
2025-10-29 13:00:00,0.252,0.324,14.8,10.8
2025-10-29 14:00:00,0.253,0.324,14.7,10.1
2025-10-29 15:00:00,0.253,0.324,14.6,9.7
2025-10-29 16:00:00,0.253,0.324,14.6,9.2
2025-10-29 17:00:00,0.253,0.324,14.5,8.9
2025-10-29 18:00:00,0.253,0.324,14.4,8.8
2025-10-29 19:00:00,0.253,0.324,14.3,8.5
2025-10-29 20:00:00,0.253,0.324,14.2,8.2
2025-10-29 21:00:00,0.253,0.324,14.1,7.9
2025-10-29 22:00:00,0.253,0.324,14,7.9
2025-10-29 23:00:00,0.253,0.324,13.9,9.4
2025-10-30 00:00:00,0.253,0.322,13.9,11.8
2025-10-30 01:00:00,0.253,0.322,13.9,13.7
2025-10-30 02:00:00,0.253,0.321,14,15.2
2025-10-30 03:00:00,0.252,0.321,14.2,16.6
2025-10-30 04:00:00,0.252,0.321,14.4,17.1
2025-10-30 05:00:00,0.251,0.321,14.6,17.1
2025-10-30 06:00:00,0.251,0.321,14.8,16.9
2025-10-30 07:00:00,0.25,0.321,15,16.4
2025-10-30 08:00:00,0.25,0.321,15.1,15.7
2025-10-30 09:00:00,0.25,0.321,15.2,15.2
2025-10-30 10:00:00,0.25,0.322,15.2,14.5
2025-10-30 11:00:00,0.25,0.322,15.2,13.6
2025-10-30 12:00:00,0.251,0.322,15.2,13.2
2025-10-30 13:00:00,0.251,0.322,15.2,13.1
2025-10-30 14:00:00,0.251,0.323,15.1,12.7
2025-10-30 15:00:00,0.251,0.323,15.1,12
2025-10-30 16:00:00,0.251,0.323,15.1,11.6
2025-10-30 17:00:00,0.251,0.323,15,11.1
2025-10-30 18:00:00,0.251,0.323,14.9,10.8
2025-10-30 19:00:00,0.251,0.323,14.9,10.4
2025-10-30 20:00:00,0.251,0.323,14.8,10.1
2025-10-30 21:00:00,0.251,0.324,14.7,9.4
2025-10-30 22:00:00,0.251,0.324,14.6,9.3
2025-10-30 23:00:00,0.251,0.323,14.5,10.6
2025-10-31 00:00:00,0.251,0.322,14.5,12.9
2025-10-31 01:00:00,0.251,0.321,14.5,15.3
2025-10-31 02:00:00,0.25,0.32,14.6,16.8
2025-10-31 03:00:00,0.25,0.319,14.8,19.1
2025-10-31 04:00:00,0.249,0.319,15,18.9
2025-10-31 05:00:00,0.248,0.32,15.3,18.3
2025-10-31 06:00:00,0.248,0.32,15.5,17.6
2025-10-31 07:00:00,0.247,0.32,15.6,16.7
2025-10-31 08:00:00,0.247,0.321,15.7,15.6
2025-10-31 09:00:00,0.247,0.321,15.7,14.5
2025-10-31 10:00:00,0.247,0.321,15.7,14.4
2025-10-31 11:00:00,0.247,0.321,15.7,14.4
2025-10-31 12:00:00,0.247,0.321,15.6,14.4
2025-10-31 13:00:00,0.248,0.321,15.6,14.2
2025-10-31 14:00:00,0.248,0.322,15.6,13.9
2025-10-31 15:00:00,0.248,0.322,15.5,13.5
2025-10-31 16:00:00,0.248,0.322,15.5,13.3
2025-10-31 17:00:00,0.248,0.322,15.5,13.3
2025-10-31 18:00:00,0.248,0.322,15.5,13.3
2025-10-31 19:00:00,0.247,0.321,15.5,12.6
2025-10-31 20:00:00,0.248,0.321,15.4,12.4
2025-10-31 21:00:00,0.248,0.322,15.4,11.7
2025-10-31 22:00:00,0.248,0.322,15.3,11.6
2025-10-31 23:00:00,0.249,0.321,15.3,12.6
2025-11-01 00:00:00,0.249,0.321,15.2,13.9
2025-11-01 01:00:00,0.249,0.32,15.3,14.9
2025-11-01 02:00:00,0.248,0.32,15.3,15.9
2025-11-01 03:00:00,0.248,0.32,15.5,17.5
2025-11-01 04:00:00,0.247,0.32,15.7,16.9
2025-11-01 05:00:00,0.247,0.32,15.9,16.6
2025-11-01 06:00:00,0.246,0.32,16,16.1
2025-11-01 07:00:00,0.246,0.32,16.1,15.6
2025-11-01 08:00:00,0.246,0.321,16.1,15
2025-11-01 09:00:00,0.246,0.321,16.1,14.4
2025-11-01 10:00:00,0.246,0.321,16,13.8
2025-11-01 11:00:00,0.247,0.322,15.9,12.9
2025-11-01 12:00:00,0.247,0.322,15.9,12.5
2025-11-01 13:00:00,0.247,0.322,15.7,12.2
2025-11-01 14:00:00,0.247,0.322,15.6,12.1
2025-11-01 15:00:00,0.247,0.322,15.5,12.1
2025-11-01 16:00:00,0.247,0.322,15.4,12
2025-11-01 17:00:00,0.247,0.322,15.4,11.8
2025-11-01 18:00:00,0.247,0.322,15.3,11.2
2025-11-01 19:00:00,0.247,0.322,15.2,11.5
2025-11-01 20:00:00,0.247,0.322,15.1,11.8
2025-11-01 21:00:00,0.247,0.322,15.1,11.5
2025-11-01 22:00:00,0.248,0.322,15.1,11.2
2025-11-01 23:00:00,0.248,0.322,15,12
2025-11-02 00:00:00,0.248,0.321,15,13.7
2025-11-02 01:00:00,0.248,0.32,15,15.3
2025-11-02 02:00:00,0.247,0.32,15.1,16.2
2025-11-02 03:00:00,0.246,0.32,15.3,16.6
2025-11-02 04:00:00,0.246,0.32,15.4,15.4
2025-11-02 05:00:00,0.245,0.32,15.5,14.9
2025-11-02 06:00:00,0.245,0.321,15.6,13.3
2025-11-02 07:00:00,0.245,0.322,15.6,12.4
2025-11-02 08:00:00,0.245,0.322,15.5,11.7
2025-11-02 09:00:00,0.245,0.322,15.4,11.1
2025-11-02 10:00:00,0.245,0.322,15.2,11
2025-11-02 11:00:00,0.245,0.322,15.1,10.5
2025-11-02 12:00:00,0.245,0.322,15,10.2
2025-11-02 13:00:00,0.245,0.322,14.8,10
2025-11-02 14:00:00,0.245,0.322,14.7,9.6
2025-11-02 15:00:00,0.245,0.322,14.6,9.7
2025-11-02 16:00:00,0.245,0.323,14.5,9.3
2025-11-02 17:00:00,0.246,0.323,14.4,8.3
2025-11-02 18:00:00,0.246,0.323,14.3,7.4
2025-11-02 19:00:00,0.246,0.323,14.1,6.8
2025-11-02 20:00:00,0.246,0.323,14,6.2
2025-11-02 21:00:00,0.246,0.324,13.8,5.5
2025-11-02 22:00:00,0.246,0.324,13.7,5.2
2025-11-02 23:00:00,0.246,0.323,13.5,6.3
2025-11-03 00:00:00,0.246,0.322,13.4,7.7
2025-11-03 01:00:00,0.246,0.322,13.3,9.2
2025-11-03 02:00:00,0.245,0.321,13.3,10.7
2025-11-03 03:00:00,0.245,0.32,13.3,13.4
2025-11-03 04:00:00,0.244,0.32,13.4,13.9
2025-11-03 05:00:00,0.244,0.32,13.6,13.8
2025-11-03 06:00:00,0.243,0.321,13.8,13.1
2025-11-03 07:00:00,0.243,0.321,13.9,12
2025-11-03 08:00:00,0.243,0.322,13.9,11
2025-11-03 09:00:00,0.243,0.322,13.9,10.2
2025-11-03 10:00:00,0.243,0.322,13.8,9.6
2025-11-03 11:00:00,0.243,0.323,13.8,9.1
2025-11-03 12:00:00,0.243,0.323,13.7,8.6
2025-11-03 13:00:00,0.243,0.323,13.6,8.1
2025-11-03 14:00:00,0.243,0.323,13.5,8.1
2025-11-03 15:00:00,0.243,0.322,13.4,8.3
2025-11-03 16:00:00,0.243,0.322,13.4,8.2
2025-11-03 17:00:00,0.243,0.322,13.3,8
2025-11-03 18:00:00,0.243,0.322,13.2,7.8
2025-11-03 19:00:00,0.244,0.322,13.2,7.8
2025-11-03 20:00:00,0.244,0.322,13.1,7.8
2025-11-03 21:00:00,0.244,0.322,13.1,7.7
2025-11-03 22:00:00,0.244,0.322,13,7.6
2025-11-03 23:00:00,0.244,0.322,13,8.6
2025-11-04 00:00:00,0.244,0.321,13,10.5
2025-11-04 01:00:00,0.244,0.32,13,12.6
2025-11-04 02:00:00,0.243,0.319,13.1,14.3
2025-11-04 03:00:00,0.243,0.319,13.3,16.7
2025-11-04 04:00:00,0.242,0.319,13.6,17.4
2025-11-04 05:00:00,0.242,0.319,13.9,16.8
2025-11-04 06:00:00,0.241,0.319,14.1,16.3
2025-11-04 07:00:00,0.241,0.32,14.3,15.5
2025-11-04 08:00:00,0.241,0.32,14.4,14.3
2025-11-04 09:00:00,0.241,0.321,14.5,13.2
2025-11-04 10:00:00,0.241,0.321,14.5,12.8
2025-11-04 11:00:00,0.241,0.321,14.4,12.2
2025-11-04 12:00:00,0.241,0.321,14.4,11.6
2025-11-04 13:00:00,0.241,0.322,14.3,11.2
2025-11-04 14:00:00,0.241,0.322,14.3,10.9
2025-11-04 15:00:00,0.241,0.322,14.2,10.3
2025-11-04 16:00:00,0.241,0.322,14.1,10.2
2025-11-04 17:00:00,0.241,0.322,14.1,10
2025-11-04 18:00:00,0.241,0.322,14,9.7
2025-11-04 19:00:00,0.241,0.322,13.9,9.4
2025-11-04 20:00:00,0.241,0.322,13.9,9.3
2025-11-04 21:00:00,0.241,0.322,13.8,9.1
2025-11-04 22:00:00,0.241,0.322,13.7,8.7
2025-11-04 23:00:00,0.241,0.322,13.7,9.9
2025-11-05 00:00:00,0.241,0.321,13.6,12.1
2025-11-05 01:00:00,0.241,0.32,13.6,14.3
2025-11-05 02:00:00,0.241,0.319,13.8,15.8
2025-11-05 03:00:00,0.24,0.318,14,18.3
2025-11-05 04:00:00,0.24,0.318,14.2,18.7
2025-11-05 05:00:00,0.239,0.318,14.5,18.1
2025-11-05 06:00:00,0.238,0.318,14.7,17.8
2025-11-05 07:00:00,0.238,0.319,14.9,16.9
2025-11-05 08:00:00,0.238,0.319,15,15.8
2025-11-05 09:00:00,0.238,0.32,15,14.9
2025-11-05 10:00:00,0.238,0.32,15,14.1
2025-11-05 11:00:00,0.238,0.321,15,13.3
2025-11-05 12:00:00,0.238,0.321,15,12.6
2025-11-05 13:00:00,0.238,0.321,14.9,12.1
2025-11-05 14:00:00,0.238,0.321,14.8,11.5
2025-11-05 15:00:00,0.238,0.321,14.7,10.9
2025-11-05 16:00:00,0.238,0.322,14.6,10.5
2025-11-05 17:00:00,0.238,0.322,14.5,9.7
2025-11-05 18:00:00,0.238,0.322,14.4,9.6
2025-11-05 19:00:00,0.238,0.322,14.3,9.4
2025-11-05 20:00:00,0.238,0.322,14.1,9.3
2025-11-05 21:00:00,0.239,0.322,14,8.5
2025-11-05 22:00:00,0.239,0.322,14,8.4
2025-11-05 23:00:00,0.239,0.322,13.9,9.2
2025-11-06 00:00:00,0.239,0.321,13.8,11.3
2025-11-06 01:00:00,0.239,0.32,13.8,13.4
2025-11-06 02:00:00,0.238,0.319,13.9,15.6
2025-11-06 03:00:00,0.238,0.318,14.1,18.4
2025-11-06 04:00:00,0.237,0.317,14.3,19
2025-11-06 05:00:00,0.236,0.318,14.5,18.6
2025-11-06 06:00:00,0.236,0.318,14.8,18.3
2025-11-06 07:00:00,0.235,0.318,14.9,17.6
2025-11-06 08:00:00,0.235,0.319,15.1,16.4
2025-11-06 09:00:00,0.235,0.319,15.1,15.3
2025-11-06 10:00:00,0.235,0.319,15.1,14.6
2025-11-06 11:00:00,0.235,0.32,15.1,14.1
2025-11-06 12:00:00,0.235,0.32,15.1,13.7
2025-11-06 13:00:00,0.235,0.32,15,13.6
2025-11-06 14:00:00,0.235,0.32,15,12.9
2025-11-06 15:00:00,0.235,0.321,14.9,12.6
2025-11-06 16:00:00,0.235,0.321,14.9,12.3
2025-11-06 17:00:00,0.236,0.321,14.8,11.6
2025-11-06 18:00:00,0.236,0.321,14.7,11.4
2025-11-06 19:00:00,0.236,0.321,14.7,11.2
2025-11-06 20:00:00,0.236,0.321,14.6,10.7
2025-11-06 21:00:00,0.236,0.321,14.5,10.5
2025-11-06 22:00:00,0.236,0.321,14.4,10.3
2025-11-06 23:00:00,0.236,0.321,14.3,11.3
2025-11-07 00:00:00,0.236,0.32,14.3,13.1
2025-11-07 01:00:00,0.236,0.319,14.3,15.4
2025-11-07 02:00:00,0.235,0.318,14.4,17.4
2025-11-07 03:00:00,0.235,0.317,14.6,19.5
2025-11-07 04:00:00,0.234,0.317,14.9,20
2025-11-07 05:00:00,0.233,0.317,15.1,19.1
2025-11-07 06:00:00,0.233,0.318,15.3,18.6
2025-11-07 07:00:00,0.233,0.318,15.5,17.8
2025-11-07 08:00:00,0.232,0.319,15.5,16.7
2025-11-07 09:00:00,0.232,0.319,15.6,15.8
2025-11-07 10:00:00,0.232,0.319,15.6,15.2
2025-11-07 11:00:00,0.232,0.32,15.6,14.6
2025-11-07 12:00:00,0.233,0.32,15.5,14.4
2025-11-07 13:00:00,0.233,0.32,15.5,13.8
2025-11-07 14:00:00,0.233,0.32,15.4,14.4
2025-11-07 15:00:00,0.233,0.32,15.4,14.2
2025-11-07 16:00:00,0.233,0.32,15.3,14
2025-11-07 17:00:00,0.233,0.32,15.3,13.8
2025-11-07 18:00:00,0.233,0.32,15.2,13.8
2025-11-07 19:00:00,0.233,0.32,15.2,13.3
2025-11-07 20:00:00,0.233,0.32,15.1,13.3
2025-11-07 21:00:00,0.233,0.32,15.1,13
2025-11-07 22:00:00,0.233,0.32,15,12.9
2025-11-07 23:00:00,0.233,0.32,15,13.7
2025-11-08 00:00:00,0.233,0.319,14.9,14.6
2025-11-08 01:00:00,0.233,0.319,15,15.8
2025-11-08 02:00:00,0.232,0.318,15,17.3
2025-11-08 03:00:00,0.232,0.318,15.1,18.2
2025-11-08 04:00:00,0.232,0.318,15.3,18.5
2025-11-08 05:00:00,0.231,0.318,15.4,18.2
2025-11-08 06:00:00,0.231,0.318,15.5,17.9
2025-11-08 07:00:00,0.231,0.318,15.6,17.1
2025-11-08 08:00:00,0.231,0.319,15.7,16.2
2025-11-08 09:00:00,0.231,0.319,15.7,15.3
2025-11-08 10:00:00,0.231,0.319,15.7,14.8
2025-11-08 11:00:00,0.231,0.319,15.7,14.5
2025-11-08 12:00:00,0.231,0.318,15.6,14.3
2025-11-08 13:00:00,0.231,0.318,15.6,14.2
2025-11-08 14:00:00,0.231,0.318,15.6,14.1
2025-11-08 15:00:00,0.231,0.318,15.5,13.9
2025-11-08 16:00:00,0.231,0.318,15.5,13.7
2025-11-08 17:00:00,0.231,0.317,15.5,13.6
2025-11-08 18:00:00,0.231,0.317,15.4,13.6
2025-11-08 19:00:00,0.231,0.318,15.4,13.4
2025-11-08 20:00:00,0.231,0.318,15.4,13.2
2025-11-08 21:00:00,0.231,0.318,15.3,13.2
2025-11-08 22:00:00,0.231,0.318,15.3,13
2025-11-08 23:00:00,0.231,0.318,15.3,13.4
2025-11-09 00:00:00,0.231,0.317,15.3,14.7
2025-11-09 01:00:00,0.231,0.317,15.3,15.3
2025-11-09 02:00:00,0.231,0.317,15.4,15.9
2025-11-09 03:00:00,0.231,0.317,15.5,17
2025-11-09 04:00:00,0.231,0.317,15.7,17.1
2025-11-09 05:00:00,0.231,0.317,15.9,16.5
2025-11-09 06:00:00,0.23,0.317,16,16
2025-11-09 07:00:00,0.23,0.318,16,15.1
2025-11-09 08:00:00,0.23,0.318,16,14.1
2025-11-09 09:00:00,0.231,0.319,16,13.3
2025-11-09 10:00:00,0.231,0.319,15.9,12.7
2025-11-09 11:00:00,0.231,0.319,15.7,12.3
2025-11-09 12:00:00,0.231,0.319,15.6,12
2025-11-09 13:00:00,0.231,0.32,15.5,11.7
2025-11-09 14:00:00,0.231,0.32,15.4,11.7
2025-11-09 15:00:00,0.231,0.32,15.2,11.8
2025-11-09 16:00:00,0.231,0.319,15.2,11.8
2025-11-09 17:00:00,0.232,0.32,15.1,11.5
2025-11-09 18:00:00,0.232,0.32,15,11.3
2025-11-09 19:00:00,0.232,0.32,14.9,10.9
2025-11-09 20:00:00,0.232,0.32,14.8,10.3
2025-11-09 21:00:00,0.232,0.32,14.7,9.7
2025-11-09 22:00:00,0.232,0.32,14.6,9.5
2025-11-09 23:00:00,0.232,0.32,14.5,10.5
2025-11-10 00:00:00,0.232,0.319,14.3,11.7
2025-11-10 01:00:00,0.232,0.319,14.3,13
2025-11-10 02:00:00,0.232,0.318,14.3,13.6
2025-11-10 03:00:00,0.231,0.318,14.3,15.1
2025-11-10 04:00:00,0.231,0.318,14.4,14.8
2025-11-10 05:00:00,0.231,0.319,14.5,13.9
2025-11-10 06:00:00,0.231,0.319,14.5,13
2025-11-10 07:00:00,0.231,0.32,14.5,12
2025-11-10 08:00:00,0.231,0.32,14.5,10.7
2025-11-10 09:00:00,0.231,0.32,14.4,9.8
2025-11-10 10:00:00,0.231,0.321,14.2,9.2
2025-11-10 11:00:00,0.231,0.321,14.1,8.7
2025-11-10 12:00:00,0.231,0.321,13.9,8.6
2025-11-10 13:00:00,0.231,0.321,13.8,7.9
2025-11-10 14:00:00,0.231,0.321,13.6,7.6
2025-11-10 15:00:00,0.231,0.321,13.5,6.9
2025-11-10 16:00:00,0.231,0.321,13.4,6.6
2025-11-10 17:00:00,0.231,0.321,13.2,6.5
2025-11-10 18:00:00,0.232,0.321,13.1,6.3
2025-11-10 19:00:00,0.232,0.321,13,6.1
2025-11-10 20:00:00,0.232,0.321,12.9,6.1
2025-11-10 21:00:00,0.232,0.321,12.8,6.3
2025-11-10 22:00:00,0.232,0.321,12.7,6.1
2025-11-10 23:00:00,0.232,0.32,12.6,6.8
2025-11-11 00:00:00,0.232,0.32,12.5,8.8
2025-11-11 01:00:00,0.232,0.319,12.5,11
2025-11-11 02:00:00,0.231,0.318,12.6,12.4
2025-11-11 03:00:00,0.231,0.318,12.7,14.7
2025-11-11 04:00:00,0.231,0.317,12.9,15.5
2025-11-11 05:00:00,0.231,0.318,13,14.8
2025-11-11 06:00:00,0.23,0.318,13.2,14.4
2025-11-11 07:00:00,0.23,0.318,13.3,13.9
2025-11-11 08:00:00,0.23,0.319,13.4,12.7
2025-11-11 09:00:00,0.23,0.32,13.4,11.6
2025-11-11 10:00:00,0.23,0.32,13.4,11
2025-11-11 11:00:00,0.23,0.32,13.3,10.9
2025-11-11 12:00:00,0.23,0.32,13.3,10.7
2025-11-11 13:00:00,0.23,0.32,13.2,10.4
2025-11-11 14:00:00,0.23,0.32,13.2,9.4
2025-11-11 15:00:00,0.23,0.321,13.1,8.7
2025-11-11 16:00:00,0.231,0.321,13,8.1
2025-11-11 17:00:00,0.231,0.321,13,7.5
2025-11-11 18:00:00,0.231,0.321,12.9,7.2
2025-11-11 19:00:00,0.231,0.321,12.8,7.1
2025-11-11 20:00:00,0.231,0.321,12.7,6.6
2025-11-11 21:00:00,0.231,0.321,12.6,6.3
2025-11-11 22:00:00,0.231,0.321,12.5,6.2
2025-11-11 23:00:00,0.231,0.321,12.4,6.3
2025-11-12 00:00:00,0.231,0.321,12.3,6.8
2025-11-12 01:00:00,0.231,0.32,12.2,8
2025-11-12 02:00:00,0.231,0.319,12.2,9.5
2025-11-12 03:00:00,0.231,0.319,12.3,11
2025-11-12 04:00:00,0.231,0.319,12.4,11.8
2025-11-12 05:00:00,0.231,0.319,12.5,11.9
2025-11-12 06:00:00,0.231,0.319,12.7,12
2025-11-12 07:00:00,0.231,0.319,12.8,11.8
2025-11-12 08:00:00,0.231,0.319,12.9,11.3
2025-11-12 09:00:00,0.231,0.319,13,10.9
2025-11-12 10:00:00,0.231,0.319,13,10.5
2025-11-12 11:00:00,0.231,0.32,13,10.1
2025-11-12 12:00:00,0.231,0.32,13,9.7
2025-11-12 13:00:00,0.231,0.32,13,9.2
2025-11-12 14:00:00,0.231,0.32,12.9,8.9
2025-11-12 15:00:00,0.231,0.32,12.9,8.5
2025-11-12 16:00:00,0.231,0.32,12.8,8
2025-11-12 17:00:00,0.231,0.321,12.8,7.4
2025-11-12 18:00:00,0.231,0.321,12.7,7.1
2025-11-12 19:00:00,0.231,0.321,12.6,7
2025-11-12 20:00:00,0.231,0.321,12.5,6.7
2025-11-12 21:00:00,0.231,0.321,12.4,6.6
2025-11-12 22:00:00,0.231,0.321,12.3,6.2
2025-11-12 23:00:00,0.231,0.321,12.2,6.3
2025-11-13 00:00:00,0.231,0.32,12.2,7.9
2025-11-13 01:00:00,0.231,0.319,12.1,10.9
2025-11-13 02:00:00,0.231,0.318,12.2,13.4
2025-11-13 03:00:00,0.231,0.317,12.4,15.5
2025-11-13 04:00:00,0.23,0.317,12.7,16.6
2025-11-13 05:00:00,0.23,0.317,13,16.6
2025-11-13 06:00:00,0.23,0.317,13.2,16.2
2025-11-13 07:00:00,0.23,0.318,13.4,15.3
2025-11-13 08:00:00,0.23,0.318,13.5,14.3
2025-11-13 09:00:00,0.23,0.319,13.6,13.3
2025-11-13 10:00:00,0.23,0.319,13.6,12.6
2025-11-13 11:00:00,0.23,0.319,13.6,12.1
2025-11-13 12:00:00,0.23,0.319,13.6,11.8
2025-11-13 13:00:00,0.23,0.32,13.5,11.2
2025-11-13 14:00:00,0.23,0.32,13.5,10.9
2025-11-13 15:00:00,0.23,0.32,13.4,10.5
2025-11-13 16:00:00,0.23,0.32,13.4,10.2
2025-11-13 17:00:00,0.23,0.32,13.3,9.2
2025-11-13 18:00:00,0.23,0.321,13.2,8.6
2025-11-13 19:00:00,0.23,0.321,13.1,8.2
2025-11-13 20:00:00,0.23,0.321,13,7.7
2025-11-13 21:00:00,0.23,0.321,12.9,7.1
2025-11-13 22:00:00,0.23,0.321,12.8,7
2025-11-13 23:00:00,0.23,0.32,12.7,8
2025-11-14 00:00:00,0.23,0.319,12.6,10.5
2025-11-14 01:00:00,0.23,0.319,12.6,12.6
2025-11-14 02:00:00,0.23,0.318,12.7,13.9
2025-11-14 03:00:00,0.23,0.318,12.9,15
2025-11-14 04:00:00,0.229,0.318,13.1,15.4
2025-11-14 05:00:00,0.229,0.318,13.2,14.5
2025-11-14 06:00:00,0.229,0.318,13.4,14.1
2025-11-14 07:00:00,0.229,0.319,13.4,13.2
2025-11-14 08:00:00,0.229,0.319,13.5,12.3
2025-11-14 09:00:00,0.229,0.319,13.5,11.5
2025-11-14 10:00:00,0.229,0.32,13.4,10.8
2025-11-14 11:00:00,0.229,0.32,13.4,10.4
2025-11-14 12:00:00,0.229,0.32,13.3,9.8
2025-11-14 13:00:00,0.229,0.32,13.2,9.3
2025-11-14 14:00:00,0.229,0.321,13.1,8.7
2025-11-14 15:00:00,0.229,0.321,13,8.5
2025-11-14 16:00:00,0.229,0.321,12.9,7.9
2025-11-14 17:00:00,0.229,0.321,12.8,7.3
2025-11-14 18:00:00,0.229,0.321,12.7,7.2
2025-11-14 19:00:00,0.229,0.321,12.6,6.8
2025-11-14 20:00:00,0.229,0.321,12.5,6.5
2025-11-14 21:00:00,0.229,0.321,12.4,5.9
2025-11-14 22:00:00,0.229,0.321,12.3,6
2025-11-14 23:00:00,0.229,0.32,12.2,7.1
2025-11-15 00:00:00,0.229,0.32,12.1,9.2
2025-11-15 01:00:00,0.229,0.319,12.1,11.6
2025-11-15 02:00:00,0.229,0.318,12.2,13
2025-11-15 03:00:00,0.229,0.317,12.4,15.1
2025-11-15 04:00:00,0.228,0.317,12.6,15.8
2025-11-15 05:00:00,0.228,0.317,12.8,15.9
2025-11-15 06:00:00,0.228,0.318,13,15.4
2025-11-15 07:00:00,0.227,0.318,13.1,14.4
2025-11-15 08:00:00,0.227,0.319,13.2,13.2
2025-11-15 09:00:00,0.227,0.319,13.3,12.2
2025-11-15 10:00:00,0.227,0.319,13.3,11.7
2025-11-15 11:00:00,0.227,0.32,13.2,11.2
2025-11-15 12:00:00,0.227,0.32,13.2,10.4
2025-11-15 13:00:00,0.227,0.32,13.1,9.6
2025-11-15 14:00:00,0.227,0.32,13,9.2
2025-11-15 15:00:00,0.227,0.32,12.9,8.9
2025-11-15 16:00:00,0.228,0.321,12.8,8.5
2025-11-15 17:00:00,0.228,0.321,12.8,8.1
2025-11-15 18:00:00,0.228,0.321,12.7,7.7
2025-11-15 19:00:00,0.228,0.321,12.6,7.4
2025-11-15 20:00:00,0.228,0.321,12.5,7.3
2025-11-15 21:00:00,0.228,0.321,12.4,7
2025-11-15 22:00:00,0.228,0.321,12.3,6.8
2025-11-15 23:00:00,0.228,0.32,12.2,8.1
2025-11-16 00:00:00,0.228,0.319,12.2,10.3
2025-11-16 01:00:00,0.228,0.318,12.2,13
2025-11-16 02:00:00,0.227,0.318,12.3,14.3
2025-11-16 03:00:00,0.227,0.317,12.5,16.7
2025-11-16 04:00:00,0.227,0.317,12.8,17.5
2025-11-16 05:00:00,0.226,0.317,13.1,17.4
2025-11-16 06:00:00,0.226,0.317,13.4,16.9
2025-11-16 07:00:00,0.226,0.318,13.5,16
2025-11-16 08:00:00,0.226,0.318,13.7,15.3
2025-11-16 09:00:00,0.226,0.318,13.8,14.5
2025-11-16 10:00:00,0.226,0.319,13.8,14
2025-11-16 11:00:00,0.226,0.319,13.8,12.6
2025-11-16 12:00:00,0.226,0.319,13.8,12.2
2025-11-16 13:00:00,0.226,0.32,13.7,11.9
2025-11-16 14:00:00,0.226,0.32,13.7,11.7
2025-11-16 15:00:00,0.226,0.32,13.6,11.3
2025-11-16 16:00:00,0.226,0.32,13.5,11.2
2025-11-16 17:00:00,0.226,0.32,13.5,11.5
2025-11-16 18:00:00,0.226,0.32,13.5,11.7
2025-11-16 19:00:00,0.226,0.32,13.4,11.1
2025-11-16 20:00:00,0.226,0.32,13.4,10.3
2025-11-16 21:00:00,0.226,0.32,13.3,9.6
2025-11-16 22:00:00,0.226,0.321,13.2,9.2
2025-11-16 23:00:00,0.226,0.32,13.1,9.7
2025-11-17 00:00:00,0.226,0.32,13,10.3
2025-11-17 01:00:00,0.226,0.32,13,10.7
2025-11-17 02:00:00,0.226,0.32,13,10.2
2025-11-17 03:00:00,0.226,0.32,13,10.3
2025-11-17 04:00:00,0.226,0.319,12.9,10.3
2025-11-17 05:00:00,0.226,0.32,12.9,9.8
2025-11-17 06:00:00,0.226,0.32,12.9,9.2
2025-11-17 07:00:00,0.225,0.32,12.9,8.6
2025-11-17 08:00:00,0.225,0.32,12.8,7.9
2025-11-17 09:00:00,0.225,0.32,12.7,7.5
2025-11-17 10:00:00,0.225,0.32,12.6,7.3
2025-11-17 11:00:00,0.225,0.32,12.5,7.1
2025-11-17 12:00:00,0.225,0.32,12.4,7.1
2025-11-17 13:00:00,0.226,0.32,12.2,7.2
2025-11-17 14:00:00,0.226,0.32,12.1,7.3
2025-11-17 15:00:00,0.226,0.32,12.1,7.2
2025-11-17 16:00:00,0.226,0.32,12,7.1
2025-11-17 17:00:00,0.226,0.32,11.9,7
2025-11-17 18:00:00,0.226,0.32,11.9,7
2025-11-17 19:00:00,0.226,0.32,11.8,7
2025-11-17 20:00:00,0.226,0.32,11.8,6.5
2025-11-17 21:00:00,0.226,0.32,11.7,5.8
2025-11-17 22:00:00,0.226,0.32,11.7,5.5
2025-11-17 23:00:00,0.226,0.32,11.6,5.2
2025-11-18 00:00:00,0.226,0.32,11.5,5
2025-11-18 01:00:00,0.226,0.32,11.5,5.5
2025-11-18 02:00:00,0.226,0.32,11.4,6.5
2025-11-18 03:00:00,0.226,0.319,11.4,8.6
2025-11-18 04:00:00,0.225,0.319,11.4,8.7
2025-11-18 05:00:00,0.225,0.319,11.5,8.3
2025-11-18 06:00:00,0.225,0.319,11.6,7.8
2025-11-18 07:00:00,0.225,0.32,11.6,7.4
2025-11-18 08:00:00,0.225,0.32,11.6,6.9
2025-11-18 09:00:00,0.225,0.32,11.6,6.3
2025-11-18 10:00:00,0.225,0.32,11.5,6.3
2025-11-18 11:00:00,0.225,0.32,11.5,6.2
2025-11-18 12:00:00,0.225,0.32,11.4,6.1
2025-11-18 13:00:00,0.225,0.32,11.3,5.9
2025-11-18 14:00:00,0.225,0.32,11.3,5.7
2025-11-18 15:00:00,0.225,0.32,11.3,5.6
2025-11-18 16:00:00,0.225,0.32,11.2,5.5
2025-11-18 17:00:00,0.225,0.32,11.2,5.3
2025-11-18 18:00:00,0.225,0.32,11.1,4.9
2025-11-18 19:00:00,0.225,0.32,11.1,4.7
2025-11-18 20:00:00,0.225,0.32,11,4.6
2025-11-18 21:00:00,0.225,0.32,11,4.5
2025-11-18 22:00:00,0.225,0.32,10.9,4.5
2025-11-18 23:00:00,0.225,0.32,10.9,4.7
2025-11-19 00:00:00,0.225,0.32,10.8,5.2
2025-11-19 01:00:00,0.225,0.32,10.8,5.7
2025-11-19 02:00:00,0.225,0.319,10.8,6
2025-11-19 03:00:00,0.225,0.319,10.9,6.5
2025-11-19 04:00:00,0.225,0.319,10.9,7
2025-11-19 05:00:00,0.225,0.319,11,7.9
2025-11-19 06:00:00,0.225,0.319,11.1,8
2025-11-19 07:00:00,0.225,0.319,11.2,7.7
2025-11-19 08:00:00,0.225,0.319,11.2,7.2
2025-11-19 09:00:00,0.224,0.319,11.3,7
2025-11-19 10:00:00,0.224,0.319,11.3,6.8
2025-11-19 11:00:00,0.224,0.319,11.3,6.8
2025-11-19 12:00:00,0.224,0.32,11.2,6.4
2025-11-19 13:00:00,0.224,0.32,11.2,6
2025-11-19 14:00:00,0.224,0.32,11.2,5.5
2025-11-19 15:00:00,0.225,0.32,11.1,4.9
2025-11-19 16:00:00,0.224,0.32,11,4.5
2025-11-19 17:00:00,0.224,0.32,11,3.8
2025-11-19 18:00:00,0.225,0.32,10.9,4.1
2025-11-19 19:00:00,0.225,0.32,10.8,3.7
2025-11-19 20:00:00,0.224,0.32,10.7,4.2
2025-11-19 21:00:00,0.225,0.32,10.6,4.3
2025-11-19 22:00:00,0.225,0.32,10.6,4.3
2025-11-19 23:00:00,0.225,0.32,10.5,4.8
2025-11-20 00:00:00,0.225,0.319,10.5,5.7
2025-11-20 01:00:00,0.225,0.319,10.5,6.8
2025-11-20 02:00:00,0.224,0.319,10.5,7.8
2025-11-20 03:00:00,0.224,0.318,10.7,10.1
2025-11-20 04:00:00,0.224,0.317,10.8,12.3
2025-11-20 05:00:00,0.224,0.317,11,12.3
2025-11-20 06:00:00,0.224,0.318,11.2,12.2
2025-11-20 07:00:00,0.224,0.318,11.5,11.6
2025-11-20 08:00:00,0.224,0.319,11.6,10.8
2025-11-20 09:00:00,0.224,0.319,11.7,10.6
2025-11-20 10:00:00,0.224,0.319,11.8,10.3
2025-11-20 11:00:00,0.224,0.319,11.8,10.2
2025-11-20 12:00:00,0.224,0.319,11.8,10.1
2025-11-20 13:00:00,0.224,0.319,11.8,10
2025-11-20 14:00:00,0.224,0.319,11.8,9.8
2025-11-20 15:00:00,0.224,0.319,11.8,9.5
2025-11-20 16:00:00,0.224,0.319,11.8,9
2025-11-20 17:00:00,0.224,0.32,11.8,8.4
2025-11-20 18:00:00,0.224,0.32,11.7,7.7
2025-11-20 19:00:00,0.224,0.32,11.7,7.3
2025-11-20 20:00:00,0.224,0.32,11.6,6.8
2025-11-20 21:00:00,0.224,0.32,11.5,6.5
2025-11-20 22:00:00,0.224,0.32,11.4,6
2025-11-20 23:00:00,0.224,0.32,11.3,6.6
2025-11-21 00:00:00,0.224,0.319,11.3,8.4
2025-11-21 01:00:00,0.224,0.318,11.2,11
2025-11-21 02:00:00,0.224,0.318,11.3,12
2025-11-21 03:00:00,0.223,0.317,11.5,13.2
2025-11-21 04:00:00,0.223,0.318,11.7,13.3
2025-11-21 05:00:00,0.223,0.318,11.8,13
2025-11-21 06:00:00,0.222,0.319,12,12.1
2025-11-21 07:00:00,0.222,0.319,12,11.3
2025-11-21 08:00:00,0.222,0.319,12.1,10.3
2025-11-21 09:00:00,0.222,0.32,12.1,9.6
2025-11-21 10:00:00,0.222,0.32,12,9
2025-11-21 11:00:00,0.222,0.32,12,8.4
2025-11-21 12:00:00,0.222,0.32,11.9,7.7
2025-11-21 13:00:00,0.222,0.321,11.8,7
2025-11-21 14:00:00,0.222,0.321,11.7,6.8
2025-11-21 15:00:00,0.222,0.321,11.6,6.3
2025-11-21 16:00:00,0.222,0.321,11.5,5.5
2025-11-21 17:00:00,0.222,0.321,11.4,5.3
2025-11-21 18:00:00,0.222,0.321,11.2,4.8
2025-11-21 19:00:00,0.222,0.321,11.1,4.3
2025-11-21 20:00:00,0.222,0.321,11,4.1
2025-11-21 21:00:00,0.222,0.321,10.9,3.7
2025-11-21 22:00:00,0.222,0.321,10.8,3.4
2025-11-21 23:00:00,0.222,0.32,10.7,4.3
2025-11-22 00:00:00,0.222,0.32,10.6,6.1
2025-11-22 01:00:00,0.222,0.319,10.6,8.5
2025-11-22 02:00:00,0.222,0.318,10.7,10.4
2025-11-22 03:00:00,0.222,0.318,10.8,12.2
2025-11-22 04:00:00,0.222,0.318,11,13
2025-11-22 05:00:00,0.221,0.318,11.2,13.4
2025-11-22 06:00:00,0.221,0.318,11.4,13
2025-11-22 07:00:00,0.221,0.319,11.6,12.3
2025-11-22 08:00:00,0.221,0.319,11.7,11.4
2025-11-22 09:00:00,0.221,0.319,11.8,10.6
2025-11-22 10:00:00,0.221,0.32,11.8,10.1
2025-11-22 11:00:00,0.221,0.32,11.8,9.3
2025-11-22 12:00:00,0.221,0.32,11.7,8.6
2025-11-22 13:00:00,0.221,0.32,11.7,8.5
2025-11-22 14:00:00,0.221,0.32,11.6,7.5
2025-11-22 15:00:00,0.221,0.32,11.5,7.3
2025-11-22 16:00:00,0.221,0.321,11.5,6.7
2025-11-22 17:00:00,0.221,0.321,11.4,6
2025-11-22 18:00:00,0.221,0.321,11.3,5.8
2025-11-22 19:00:00,0.221,0.321,11.2,5.3
2025-11-22 20:00:00,0.221,0.321,11.1,5
2025-11-22 21:00:00,0.221,0.321,11,4.6
2025-11-22 22:00:00,0.221,0.321,10.9,4.4
2025-11-22 23:00:00,0.221,0.321,10.8,5.2
2025-11-23 00:00:00,0.221,0.32,10.7,7.5
2025-11-23 01:00:00,0.221,0.319,10.7,9.5
2025-11-23 02:00:00,0.221,0.318,10.8,11.6
2025-11-23 03:00:00,0.22,0.317,11,13.6
2025-11-23 04:00:00,0.22,0.317,11.2,14.2
2025-11-23 05:00:00,0.22,0.317,11.5,14.6
2025-11-23 06:00:00,0.219,0.318,11.7,14.3
2025-11-23 07:00:00,0.219,0.318,11.9,13.5
2025-11-23 08:00:00,0.219,0.319,12,12.4
2025-11-23 09:00:00,0.219,0.319,12.1,11.8
2025-11-23 10:00:00,0.219,0.319,12.1,11.7
2025-11-23 11:00:00,0.219,0.319,12.1,11.8
2025-11-23 12:00:00,0.219,0.319,12.1,11.3
2025-11-23 13:00:00,0.219,0.32,12.1,10.6
2025-11-23 14:00:00,0.219,0.32,12.1,10
2025-11-23 15:00:00,0.219,0.32,12.1,10.1
2025-11-23 16:00:00,0.219,0.32,12,9.6
2025-11-23 17:00:00,0.219,0.32,12,9.6
2025-11-23 18:00:00,0.219,0.32,12,9.7
2025-11-23 19:00:00,0.219,0.32,11.9,9.7
2025-11-23 20:00:00,0.219,0.32,11.9,9.6
2025-11-23 21:00:00,0.219,0.32,11.9,9.1
2025-11-23 22:00:00,0.219,0.32,11.9,8.7
2025-11-23 23:00:00,0.219,0.32,11.9,9.2
2025-11-24 00:00:00,0.219,0.319,11.8,10.9
2025-11-24 01:00:00,0.219,0.318,11.9,13.1
2025-11-24 02:00:00,0.219,0.317,12,15.2
2025-11-24 03:00:00,0.219,0.317,12.2,16.2
2025-11-24 04:00:00,0.218,0.317,12.4,17.2
2025-11-24 05:00:00,0.218,0.317,12.6,17
2025-11-24 06:00:00,0.218,0.317,12.8,16.5
2025-11-24 07:00:00,0.217,0.318,13,15.1
2025-11-24 08:00:00,0.217,0.318,13.1,14.2
2025-11-24 09:00:00,0.217,0.318,13.1,13.5
2025-11-24 10:00:00,0.217,0.319,13.1,12.9
2025-11-24 11:00:00,0.217,0.319,13.1,12.2
2025-11-24 12:00:00,0.217,0.319,13.1,12
2025-11-24 13:00:00,0.217,0.319,13,12
2025-11-24 14:00:00,0.217,0.319,13,11.4
2025-11-24 15:00:00,0.217,0.319,12.9,11.1
2025-11-24 16:00:00,0.217,0.32,12.9,10.8
2025-11-24 17:00:00,0.217,0.32,12.8,10.2
2025-11-24 18:00:00,0.217,0.32,12.8,9.7
2025-11-24 19:00:00,0.217,0.32,12.7,9.2
2025-11-24 20:00:00,0.217,0.32,12.6,9.3
2025-11-24 21:00:00,0.217,0.32,12.5,9.3
2025-11-24 22:00:00,0.217,0.32,12.5,9.6
2025-11-24 23:00:00,0.217,0.32,12.4,9.6
2025-11-25 00:00:00,0.217,0.32,12.4,9.9
2025-11-25 01:00:00,0.217,0.32,12.4,8.9
2025-11-25 02:00:00,0.217,0.319,12.4,10.5
2025-11-25 03:00:00,0.217,0.319,12.4,11.3
2025-11-25 04:00:00,0.217,0.319,12.4,10.4
2025-11-25 05:00:00,0.217,0.319,12.5,10.2
2025-11-25 06:00:00,0.217,0.319,12.5,10.1
2025-11-25 07:00:00,0.217,0.32,12.4,9.3
2025-11-25 08:00:00,0.217,0.32,12.4,8.8
2025-11-25 09:00:00,0.217,0.32,12.3,8.8
2025-11-25 10:00:00,0.217,0.32,12.2,8.7
2025-11-25 11:00:00,0.217,0.32,12.1,8.6
2025-11-25 12:00:00,0.216,0.32,12.1,8.5
2025-11-25 13:00:00,0.216,0.32,12,8.5
2025-11-25 14:00:00,0.216,0.32,12,8.4
2025-11-25 15:00:00,0.216,0.32,11.9,8.3
2025-11-25 16:00:00,0.216,0.32,11.9,8.3
2025-11-25 17:00:00,0.216,0.32,11.8,8.2
2025-11-25 18:00:00,0.216,0.32,11.8,8.1
2025-11-25 19:00:00,0.216,0.32,11.8,8
2025-11-25 20:00:00,0.216,0.32,11.7,7.9
2025-11-25 21:00:00,0.216,0.32,11.7,7.4
2025-11-25 22:00:00,0.216,0.32,11.6,7
2025-11-25 23:00:00,0.216,0.32,11.6,8
2025-11-26 00:00:00,0.216,0.319,11.5,9.7
2025-11-26 01:00:00,0.216,0.319,11.6,10.5
2025-11-26 02:00:00,0.216,0.318,11.6,11.6
2025-11-26 03:00:00,0.216,0.318,11.7,12.1
2025-11-26 04:00:00,0.215,0.318,11.9,12.1
2025-11-26 05:00:00,0.215,0.318,12,12
2025-11-26 06:00:00,0.215,0.319,12,11.3
2025-11-26 07:00:00,0.215,0.319,12.1,10.4
2025-11-26 08:00:00,0.215,0.319,12.1,9.5
2025-11-26 09:00:00,0.215,0.32,12,8.8
2025-11-26 10:00:00,0.215,0.32,12,8.3
2025-11-26 11:00:00,0.215,0.32,11.9,7.7
2025-11-26 12:00:00,0.215,0.32,11.8,6.9
2025-11-26 13:00:00,0.215,0.32,11.7,6.1
2025-11-26 14:00:00,0.215,0.32,11.6,5.8
2025-11-26 15:00:00,0.215,0.32,11.5,5.3
2025-11-26 16:00:00,0.215,0.32,11.3,5.2
2025-11-26 17:00:00,0.215,0.32,11.2,5
2025-11-26 18:00:00,0.215,0.32,11.1,4.3
2025-11-26 19:00:00,0.215,0.32,11,4.4
2025-11-26 20:00:00,0.214,0.32,10.9,4.6
2025-11-26 21:00:00,0.214,0.32,10.8,4.7
2025-11-26 22:00:00,0.216,0.319,10.8,4.8
2025-11-26 23:00:00,0.22,0.319,10.7,5.4
2025-11-27 00:00:00,0.223,0.318,10.6,7
2025-11-27 01:00:00,0.223,0.318,10.6,7.9
2025-11-27 02:00:00,0.223,0.318,10.7,8.1
2025-11-27 03:00:00,0.222,0.317,10.8,9.3
2025-11-27 04:00:00,0.221,0.318,10.9,8.5
2025-11-27 05:00:00,0.221,0.318,11,8.9
2025-11-27 06:00:00,0.22,0.318,11.1,8.8
2025-11-27 07:00:00,0.22,0.318,11.2,8.2
2025-11-27 08:00:00,0.219,0.319,11.2,7.7
2025-11-27 09:00:00,0.219,0.319,11.2,7.3
2025-11-27 10:00:00,0.219,0.319,11.2,7
2025-11-27 11:00:00,0.219,0.319,11.1,6.8
2025-11-27 12:00:00,0.219,0.319,11,7.2
2025-11-27 13:00:00,0.219,0.319,11,7
2025-11-27 14:00:00,0.218,0.32,10.9,6.4
2025-11-27 15:00:00,0.218,0.319,10.9,6.4
2025-11-27 16:00:00,0.218,0.32,10.8,6.4
2025-11-27 17:00:00,0.218,0.319,10.7,6.4
2025-11-27 18:00:00,0.218,0.32,10.7,6.1
2025-11-27 19:00:00,0.218,0.32,10.7,5.9
2025-11-27 20:00:00,0.218,0.32,10.6,5.5
2025-11-27 21:00:00,0.218,0.32,10.6,5.3
2025-11-27 22:00:00,0.218,0.32,10.5,5.3
2025-11-27 23:00:00,0.218,0.319,10.4,5.6
2025-11-28 00:00:00,0.218,0.319,10.4,7.1
2025-11-28 01:00:00,0.218,0.318,10.4,8.6
2025-11-28 02:00:00,0.218,0.318,10.5,8.7
2025-11-28 03:00:00,0.217,0.318,10.6,9.6
2025-11-28 04:00:00,0.217,0.318,10.7,10
2025-11-28 05:00:00,0.217,0.318,10.8,9.9
2025-11-28 06:00:00,0.217,0.319,10.9,9.4
2025-11-28 07:00:00,0.217,0.319,11,8.5
2025-11-28 08:00:00,0.217,0.32,11,7.5
2025-11-28 09:00:00,0.217,0.32,10.9,6.7
2025-11-28 10:00:00,0.216,0.32,10.9,6.2
2025-11-28 11:00:00,0.216,0.32,10.8,5.5
2025-11-28 12:00:00,0.216,0.32,10.7,5
2025-11-28 13:00:00,0.216,0.32,10.6,4.2
2025-11-28 14:00:00,0.216,0.32,10.5,3.7
2025-11-28 15:00:00,0.216,0.32,10.3,3.5
2025-11-28 16:00:00,0.216,0.32,10.2,2.9
2025-11-28 17:00:00,0.216,0.32,10.1,2.7
2025-11-28 18:00:00,0.216,0.32,10,2
2025-11-28 19:00:00,0.216,0.32,9.8,1.6
2025-11-28 20:00:00,0.216,0.32,9.7,1.1
2025-11-28 21:00:00,0.216,0.32,9.6,0.8
2025-11-28 22:00:00,0.216,0.32,9.5,0.7
2025-11-28 23:00:00,0.216,0.32,9.3,1.5
2025-11-29 00:00:00,0.216,0.319,9.2,3.3
2025-11-29 01:00:00,0.216,0.318,9.2,6.2
2025-11-29 02:00:00,0.216,0.317,9.3,8.9
2025-11-29 03:00:00,0.216,0.317,9.5,11.4
2025-11-29 04:00:00,0.216,0.316,9.7,13.4
2025-11-29 05:00:00,0.216,0.317,10,14
2025-11-29 06:00:00,0.215,0.317,10.3,14.2
2025-11-29 07:00:00,0.215,0.317,10.5,14
2025-11-29 08:00:00,0.215,0.318,10.7,13.1
2025-11-29 09:00:00,0.215,0.318,10.9,12.8
2025-11-29 10:00:00,0.215,0.319,11,12.1
2025-11-29 11:00:00,0.215,0.319,11.1,11.8
2025-11-29 12:00:00,0.215,0.319,11.2,11.6
2025-11-29 13:00:00,0.215,0.319,11.2,11.4
2025-11-29 14:00:00,0.215,0.319,11.3,11.5
2025-11-29 15:00:00,0.215,0.319,11.3,11.3
2025-11-29 16:00:00,0.215,0.319,11.3,10.9
2025-11-29 17:00:00,0.215,0.319,11.4,10.5
2025-11-29 18:00:00,0.215,0.319,11.4,10.3
2025-11-29 19:00:00,0.215,0.32,11.4,9.5
2025-11-29 20:00:00,0.215,0.32,11.4,9.2
2025-11-29 21:00:00,0.215,0.32,11.3,9
2025-11-29 22:00:00,0.215,0.32,11.3,8.6
2025-11-29 23:00:00,0.215,0.32,11.3,8.6
2025-11-30 00:00:00,0.215,0.319,11.2,9.8
2025-11-30 01:00:00,0.215,0.318,11.2,12.5
2025-11-30 02:00:00,0.215,0.317,11.4,14.8
2025-11-30 03:00:00,0.215,0.317,11.6,16.5
2025-11-30 04:00:00,0.215,0.316,11.8,17.5
2025-11-30 05:00:00,0.215,0.316,12.1,17.7
2025-11-30 06:00:00,0.214,0.317,12.3,17.5
2025-11-30 07:00:00,0.214,0.317,12.5,16.7
2025-11-30 08:00:00,0.214,0.318,12.6,15.5
2025-11-30 09:00:00,0.214,0.318,12.7,14.6
2025-11-30 10:00:00,0.214,0.318,12.8,14.4
2025-11-30 11:00:00,0.214,0.318,12.8,13.8
2025-11-30 12:00:00,0.214,0.319,12.8,13.3
2025-11-30 13:00:00,0.214,0.319,12.8,13.1
2025-11-30 14:00:00,0.214,0.319,12.8,12.7
2025-11-30 15:00:00,0.214,0.319,12.8,12.1
2025-11-30 16:00:00,0.214,0.319,12.7,11.4
2025-11-30 17:00:00,0.214,0.319,12.7,11.4
2025-11-30 18:00:00,0.214,0.319,12.6,11.3
2025-11-30 19:00:00,0.214,0.32,12.6,10.9
2025-11-30 20:00:00,0.214,0.32,12.5,10.2
2025-11-30 21:00:00,0.214,0.32,12.5,9.4
2025-11-30 22:00:00,0.214,0.32,12.4,8.9
2025-11-30 23:00:00,0.214,0.32,12.3,9.1
2025-12-01 00:00:00,0.214,0.32,12.2,9.6
2025-12-01 01:00:00,0.214,0.319,12.1,11.3
2025-12-01 02:00:00,0.214,0.318,12.1,12.3
2025-12-01 03:00:00,0.214,0.318,12.2,13.1
2025-12-01 04:00:00,0.214,0.318,12.2,13.3
2025-12-01 05:00:00,0.214,0.318,12.3,12.5
2025-12-01 06:00:00,0.214,0.319,12.3,11.4
2025-12-01 07:00:00,0.214,0.319,12.3,10.3
2025-12-01 08:00:00,0.214,0.32,12.2,9.2
2025-12-01 09:00:00,0.213,0.32,12.1,8
2025-12-01 10:00:00,0.213,0.32,12,7.2
2025-12-01 11:00:00,0.213,0.32,11.9,6.8
2025-12-01 12:00:00,0.213,0.32,11.8,6.3
2025-12-01 13:00:00,0.213,0.321,11.6,5.6
2025-12-01 14:00:00,0.213,0.321,11.5,5.2
2025-12-01 15:00:00,0.213,0.32,11.3,5.2
2025-12-01 16:00:00,0.214,0.32,11.2,5.2
2025-12-01 17:00:00,0.213,0.32,11,4.6
2025-12-01 18:00:00,0.213,0.32,10.9,4.1
2025-12-01 19:00:00,0.213,0.32,10.8,4.6
2025-12-01 20:00:00,0.214,0.32,10.7,5
2025-12-01 21:00:00,0.213,0.32,10.6,4.7
2025-12-01 22:00:00,0.213,0.32,10.5,4.6
2025-12-01 23:00:00,0.213,0.32,10.4,5
2025-12-02 00:00:00,0.213,0.319,10.3,6.4
2025-12-02 01:00:00,0.213,0.318,10.3,7.9
2025-12-02 02:00:00,0.213,0.318,10.3,8.3
2025-12-02 03:00:00,0.213,0.318,10.4,9.3
2025-12-02 04:00:00,0.213,0.318,10.5,9.2
2025-12-02 05:00:00,0.213,0.319,10.6,8.9
2025-12-02 06:00:00,0.213,0.319,10.6,8.1
2025-12-02 07:00:00,0.213,0.32,10.7,6.9
2025-12-02 08:00:00,0.213,0.32,10.6,5.9
2025-12-02 09:00:00,0.212,0.32,10.5,5.6
2025-12-02 10:00:00,0.212,0.32,10.5,5.2
2025-12-02 11:00:00,0.212,0.32,10.4,4.8
2025-12-02 12:00:00,0.212,0.32,10.3,4.4
2025-12-02 13:00:00,0.212,0.32,10.2,4
2025-12-02 14:00:00,0.212,0.32,10.1,3.8
2025-12-02 15:00:00,0.212,0.32,10,3.3
2025-12-02 16:00:00,0.212,0.32,9.9,2.9
2025-12-02 17:00:00,0.212,0.32,9.8,3
2025-12-02 18:00:00,0.212,0.32,9.8,2.8
2025-12-02 19:00:00,0.212,0.32,9.7,2.7
2025-12-02 20:00:00,0.212,0.32,9.6,2.4
2025-12-02 21:00:00,0.212,0.32,9.6,1.7
2025-12-02 22:00:00,0.212,0.32,9.5,0.3
2025-12-02 23:00:00,0.212,0.32,9.4,0.3
2025-12-03 00:00:00,0.212,0.32,9.3,0.8
2025-12-03 01:00:00,0.212,0.319,9.2,2
2025-12-03 02:00:00,0.212,0.319,9.1,3.6
2025-12-03 03:00:00,0.212,0.318,9.2,4.6
2025-12-03 04:00:00,0.212,0.319,9.2,2.6
2025-12-03 05:00:00,0.212,0.319,9.3,2.7
2025-12-03 06:00:00,0.212,0.319,9.3,2.5
2025-12-03 07:00:00,0.212,0.319,9.3,1.8
2025-12-03 08:00:00,0.212,0.319,9.2,1.1
2025-12-03 09:00:00,0.212,0.319,9.1,0.9
2025-12-03 10:00:00,0.212,0.32,9,0.3
2025-12-03 11:00:00,0.212,0.319,8.9,0.3
2025-12-03 12:00:00,0.212,0.319,8.8,0.2
2025-12-03 13:00:00,0.212,0.319,8.8,0.3
2025-12-03 14:00:00,0.212,0.319,8.7,0.1
2025-12-03 15:00:00,0.212,0.319,8.6,0.2
2025-12-03 16:00:00,0.212,0.319,8.5,0.2
2025-12-03 17:00:00,0.212,0.319,8.5,-0.1
2025-12-03 18:00:00,0.212,0.319,8.4,-0.4
2025-12-03 19:00:00,0.212,0.319,8.4,-0.5
2025-12-03 20:00:00,0.212,0.319,8.3,-0.5
2025-12-03 21:00:00,0.212,0.319,8.3,-0.5
2025-12-03 22:00:00,0.212,0.319,8.2,-0.7
2025-12-03 23:00:00,0.212,0.319,8.1,-0.3
2025-12-04 00:00:00,0.212,0.319,8.1,0.4
2025-12-04 01:00:00,0.212,0.319,8.1,1
2025-12-04 02:00:00,0.212,0.319,8.1,1.6
2025-12-04 03:00:00,0.212,0.318,8.1,2.8
2025-12-04 04:00:00,0.212,0.318,8.2,4.2
2025-12-04 05:00:00,0.212,0.318,8.3,4.6
2025-12-04 06:00:00,0.212,0.318,8.4,4.5
2025-12-04 07:00:00,0.211,0.318,8.5,3.8
2025-12-04 08:00:00,0.211,0.319,8.6,3
2025-12-04 09:00:00,0.211,0.319,8.6,2.7
2025-12-04 10:00:00,0.211,0.319,8.6,2.9
2025-12-04 11:00:00,0.211,0.319,8.5,3
2025-12-04 12:00:00,0.211,0.319,8.5,2.9
2025-12-04 13:00:00,0.211,0.319,8.5,2.8
2025-12-04 14:00:00,0.211,0.319,8.5,2.6
2025-12-04 15:00:00,0.211,0.318,8.5,3.8
2025-12-04 16:00:00,0.211,0.319,8.5,4.1
2025-12-04 17:00:00,0.211,0.319,8.5,3.8
2025-12-04 18:00:00,0.211,0.319,8.5,3.4
2025-12-04 19:00:00,0.211,0.319,8.4,2.7
2025-12-04 20:00:00,0.211,0.319,8.4,2.2
2025-12-04 21:00:00,0.211,0.319,8.4,1.8
2025-12-04 22:00:00,0.211,0.319,8.3,0.8
2025-12-04 23:00:00,0.211,0.319,8.3,1.4
2025-12-05 00:00:00,0.211,0.319,8.2,2.7
2025-12-05 01:00:00,0.211,0.318,8.2,4.4
2025-12-05 02:00:00,0.211,0.318,8.2,5.5
2025-12-05 03:00:00,0.211,0.318,8.4,5.7
2025-12-05 04:00:00,0.211,0.318,8.5,5.8
2025-12-05 05:00:00,0.211,0.318,8.6,5.8
2025-12-05 06:00:00,0.211,0.319,8.7,5
2025-12-05 07:00:00,0.211,0.319,8.7,4.4
2025-12-05 08:00:00,0.211,0.319,8.7,3.8
2025-12-05 09:00:00,0.211,0.319,8.7,2.6
2025-12-05 10:00:00,0.211,0.319,8.6,1.9
2025-12-05 11:00:00,0.211,0.319,8.5,1.7
2025-12-05 12:00:00,0.211,0.319,8.4,1.2
2025-12-05 13:00:00,0.211,0.32,8.3,0.2
2025-12-05 14:00:00,0.211,0.32,8.2,-0.4
2025-12-05 15:00:00,0.211,0.32,8.1,-0.8
2025-12-05 16:00:00,0.211,0.32,8,-1
2025-12-05 17:00:00,0.211,0.32,7.9,-1.4
2025-12-05 18:00:00,0.211,0.32,7.8,-1.6
2025-12-05 19:00:00,0.211,0.319,7.7,-1.9
2025-12-05 20:00:00,0.211,0.319,7.5,-2.3
2025-12-05 21:00:00,0.211,0.319,7.4,-2.6
2025-12-05 22:00:00,0.211,0.318,7.3,-2.5
2025-12-05 23:00:00,0.211,0.316,7.2,-1.8
2025-12-06 00:00:00,0.211,0.315,7.2,-0.3
2025-12-06 01:00:00,0.211,0.315,7.1,2.5
2025-12-06 02:00:00,0.211,0.316,7.2,4.7
2025-12-06 03:00:00,0.211,0.317,7.4,6.3
2025-12-06 04:00:00,0.211,0.316,7.6,8.3
2025-12-06 05:00:00,0.211,0.316,7.9,9.3
2025-12-06 06:00:00,0.211,0.317,8.1,9.8
2025-12-06 07:00:00,0.211,0.317,8.3,9.4
2025-12-06 08:00:00,0.21,0.318,8.5,8.9
2025-12-06 09:00:00,0.21,0.318,8.7,8.4
2025-12-06 10:00:00,0.21,0.318,8.7,7.9
2025-12-06 11:00:00,0.21,0.318,8.8,7.8
2025-12-06 12:00:00,0.21,0.318,8.9,7.8
2025-12-06 13:00:00,0.21,0.319,8.9,7.4
2025-12-06 14:00:00,0.21,0.319,8.9,7.4
2025-12-06 15:00:00,0.21,0.319,9,7
2025-12-06 16:00:00,0.21,0.319,9,6.9
2025-12-06 17:00:00,0.21,0.319,9,6.8
2025-12-06 18:00:00,0.21,0.319,9,6.8
2025-12-06 19:00:00,0.21,0.319,9.1,6.2
2025-12-06 20:00:00,0.21,0.319,9.1,5.7
2025-12-06 21:00:00,0.21,0.319,9.1,5.7
2025-12-06 22:00:00,0.21,0.319,9.1,5.8
2025-12-06 23:00:00,0.21,0.319,9,5.7
2025-12-07 00:00:00,0.21,0.319,9,7.2
2025-12-07 01:00:00,0.21,0.318,9.1,9
2025-12-07 02:00:00,0.21,0.318,9.2,10.3
2025-12-07 03:00:00,0.21,0.316,9.3,12.8
2025-12-07 04:00:00,0.21,0.316,9.5,13.9
2025-12-07 05:00:00,0.21,0.316,9.8,14.3
2025-12-07 06:00:00,0.21,0.317,10,13.9
2025-12-07 07:00:00,0.21,0.317,10.2,13
2025-12-07 08:00:00,0.21,0.318,10.4,11.5
2025-12-07 09:00:00,0.21,0.318,10.5,11.1
2025-12-07 10:00:00,0.21,0.318,10.5,11.1
2025-12-07 11:00:00,0.21,0.318,10.5,10.9
2025-12-07 12:00:00,0.21,0.318,10.5,10.8
2025-12-07 13:00:00,0.21,0.318,10.5,10.6
2025-12-07 14:00:00,0.21,0.318,10.5,10.5
2025-12-07 15:00:00,0.21,0.319,10.5,9.8
2025-12-07 16:00:00,0.21,0.319,10.5,9.4
2025-12-07 17:00:00,0.21,0.319,10.5,9.1
2025-12-07 18:00:00,0.21,0.319,10.5,8.7
2025-12-07 19:00:00,0.21,0.319,10.4,8.6
2025-12-07 20:00:00,0.21,0.319,10.4,8
2025-12-07 21:00:00,0.21,0.319,10.3,7.6
2025-12-07 22:00:00,0.21,0.319,10.3,7.3
2025-12-07 23:00:00,0.21,0.319,10.2,7.5
2025-12-08 00:00:00,0.21,0.319,10.1,8.5
2025-12-08 01:00:00,0.21,0.318,10.1,10
2025-12-08 02:00:00,0.21,0.318,10.1,10.9
2025-12-08 03:00:00,0.21,0.318,10.2,10.9
2025-12-08 04:00:00,0.21,0.318,10.3,10.8
2025-12-08 05:00:00,0.21,0.318,10.5,10.1
2025-12-08 06:00:00,0.209,0.318,10.5,8.9
2025-12-08 07:00:00,0.209,0.319,10.5,7.8
2025-12-08 08:00:00,0.209,0.319,10.5,6.6
2025-12-08 09:00:00,0.209,0.319,10.4,5.8
2025-12-08 10:00:00,0.209,0.32,10.2,5
2025-12-08 11:00:00,0.209,0.32,10.1,4.6
2025-12-08 12:00:00,0.209,0.32,10,4
2025-12-08 13:00:00,0.209,0.32,9.8,3.5
2025-12-08 14:00:00,0.209,0.32,9.7,3.2
2025-12-08 15:00:00,0.209,0.32,9.5,2.6
2025-12-08 16:00:00,0.209,0.32,9.4,2.1
2025-12-08 17:00:00,0.209,0.32,9.3,1.3
2025-12-08 18:00:00,0.209,0.32,9.1,0.8
2025-12-08 19:00:00,0.209,0.32,9,0.6
2025-12-08 20:00:00,0.209,0.319,8.9,0.5
2025-12-08 21:00:00,0.209,0.319,8.7,0.2
2025-12-08 22:00:00,0.209,0.319,8.6,-0.2
2025-12-08 23:00:00,0.209,0.319,8.5,0.6
2025-12-09 00:00:00,0.209,0.318,8.4,2.6
2025-12-09 01:00:00,0.209,0.317,8.4,5.6
2025-12-09 02:00:00,0.209,0.317,8.5,7.6
2025-12-09 03:00:00,0.209,0.317,8.7,8.5
2025-12-09 04:00:00,0.209,0.317,8.9,9.3
2025-12-09 05:00:00,0.209,0.317,9.1,9.2
2025-12-09 06:00:00,0.209,0.317,9.3,8.8
2025-12-09 07:00:00,0.209,0.318,9.4,8
2025-12-09 08:00:00,0.209,0.318,9.4,6.9
2025-12-09 09:00:00,0.209,0.319,9.4,6.1
2025-12-09 10:00:00,0.209,0.319,9.4,5.3
2025-12-09 11:00:00,0.209,0.319,9.3,4.8
2025-12-09 12:00:00,0.209,0.319,9.3,4.7
2025-12-09 13:00:00,0.209,0.319,9.2,4.3
2025-12-09 14:00:00,0.209,0.319,9.1,3.5
2025-12-09 15:00:00,0.209,0.319,9.1,3
2025-12-09 16:00:00,0.208,0.319,9,3.4
2025-12-09 17:00:00,0.208,0.319,8.9,3.1
2025-12-09 18:00:00,0.208,0.319,8.8,2.6
2025-12-09 19:00:00,0.208,0.319,8.8,2.5
2025-12-09 20:00:00,0.208,0.319,8.7,2.1
2025-12-09 21:00:00,0.208,0.319,8.6,2.1
2025-12-09 22:00:00,0.208,0.319,8.5,2.1
2025-12-09 23:00:00,0.208,0.319,8.5,2.6
2025-12-10 00:00:00,0.208,0.318,8.4,3.3
2025-12-10 01:00:00,0.208,0.318,8.4,5.7
2025-12-10 02:00:00,0.208,0.317,8.5,8.8
2025-12-10 03:00:00,0.208,0.317,8.6,10.1
2025-12-10 04:00:00,0.208,0.317,8.9,10.9
2025-12-10 05:00:00,0.208,0.317,9.1,10.9
2025-12-10 06:00:00,0.208,0.317,9.4,11
2025-12-10 07:00:00,0.208,0.317,9.5,10.6
2025-12-10 08:00:00,0.208,0.318,9.6,9.7
2025-12-10 09:00:00,0.208,0.318,9.7,9.2
2025-12-10 10:00:00,0.208,0.318,9.7,9.2
2025-12-10 11:00:00,0.208,0.318,9.7,8.8
2025-12-10 12:00:00,0.208,0.318,9.7,8.6
2025-12-10 13:00:00,0.208,0.319,9.7,8.4
2025-12-10 14:00:00,0.208,0.319,9.7,8.3
2025-12-10 15:00:00,0.208,0.318,9.7,8.8
2025-12-10 16:00:00,0.208,0.318,9.7,9.1
2025-12-10 17:00:00,0.208,0.318,9.7,8.8
2025-12-10 18:00:00,0.208,0.318,9.7,8.9
2025-12-10 19:00:00,0.208,0.319,9.7,8.2
2025-12-10 20:00:00,0.242,0.318,9.7,8.1
2025-12-10 21:00:00,0.295,0.318,9.7,8.3
2025-12-10 22:00:00,0.264,0.318,9.8,8.3
2025-12-10 23:00:00,0.254,0.318,9.8,8.2
2025-12-11 00:00:00,0.25,0.318,9.8,9.3
2025-12-11 01:00:00,0.246,0.317,9.9,10.6
2025-12-11 02:00:00,0.243,0.317,10,11.9
2025-12-11 03:00:00,0.24,0.317,10.1,11.7
2025-12-11 04:00:00,0.238,0.317,10.3,11.4
2025-12-11 05:00:00,0.236,0.318,10.5,11.2
2025-12-11 06:00:00,0.234,0.318,10.6,10.3
2025-12-11 07:00:00,0.233,0.319,10.6,9
2025-12-11 08:00:00,0.231,0.319,10.7,7.7
2025-12-11 09:00:00,0.23,0.319,10.6,6.8
2025-12-11 10:00:00,0.23,0.319,10.5,6.2
2025-12-11 11:00:00,0.229,0.32,10.3,5.4
2025-12-11 12:00:00,0.228,0.32,10.2,4.7
2025-12-11 13:00:00,0.227,0.32,10,4.3
2025-12-11 14:00:00,0.226,0.32,9.9,3.7
2025-12-11 15:00:00,0.226,0.32,9.7,3.1
2025-12-11 16:00:00,0.225,0.32,9.6,2.3
2025-12-11 17:00:00,0.224,0.32,9.4,1.8
2025-12-11 18:00:00,0.224,0.32,9.3,1.3
2025-12-11 19:00:00,0.223,0.32,9.1,0.5
2025-12-11 20:00:00,0.223,0.32,8.9,0.3
2025-12-11 21:00:00,0.223,0.32,8.7,-0.3
2025-12-11 22:00:00,0.222,0.32,8.6,-0.5
2025-12-11 23:00:00,0.222,0.319,8.4,0.1
2025-12-12 00:00:00,0.221,0.319,8.3,1.8
2025-12-12 01:00:00,0.221,0.318,8.2,3.6
2025-12-12 02:00:00,0.221,0.317,8.3,5.9
2025-12-12 03:00:00,0.22,0.317,8.4,6.9
2025-12-12 04:00:00,0.22,0.317,8.6,8.2
2025-12-12 05:00:00,0.219,0.317,8.8,8.8
2025-12-12 06:00:00,0.219,0.317,9,8.2
2025-12-12 07:00:00,0.218,0.318,9.2,7.4
2025-12-12 08:00:00,0.218,0.318,9.2,6.4
2025-12-12 09:00:00,0.218,0.319,9.2,5.7
2025-12-12 10:00:00,0.217,0.319,9.2,5.3
2025-12-12 11:00:00,0.217,0.319,9.2,5.3
2025-12-12 12:00:00,0.217,0.319,9.1,5.5
2025-12-12 13:00:00,0.217,0.319,9.1,5.7
2025-12-12 14:00:00,0.217,0.319,9,5.8
2025-12-12 15:00:00,0.216,0.319,9,6
2025-12-12 16:00:00,0.216,0.318,8.9,6.5
2025-12-12 17:00:00,0.216,0.318,8.9,6.3
2025-12-12 18:00:00,0.216,0.318,8.9,6.3
2025-12-12 19:00:00,0.216,0.319,8.9,6.2
2025-12-12 20:00:00,0.215,0.319,8.9,6.3
2025-12-12 21:00:00,0.215,0.318,8.9,7.1
2025-12-12 22:00:00,0.215,0.318,8.9,7.5
2025-12-12 23:00:00,0.215,0.318,8.9,7.3
2025-12-13 00:00:00,0.215,0.318,8.9,6.9
2025-12-13 01:00:00,0.215,0.318,8.9,7.4
2025-12-13 02:00:00,0.215,0.318,9,8.2
2025-12-13 03:00:00,0.214,0.318,9,8.7
2025-12-13 04:00:00,0.214,0.318,9.2,7.8
2025-12-13 05:00:00,0.214,0.319,9.3,7.2
2025-12-13 06:00:00,0.214,0.319,9.3,6.7
2025-12-13 07:00:00,0.293,0.318,9.4,6.6
2025-12-13 08:00:00,0.322,0.318,9.4,5.2
2025-12-13 09:00:00,0.314,0.318,9.3,4.5
2025-12-13 10:00:00,0.29,0.318,9.3,4.4
2025-12-13 11:00:00,0.277,0.318,9.2,4.3
2025-12-13 12:00:00,0.271,0.318,9.1,4
2025-12-13 13:00:00,0.266,0.318,9.1,3.5
2025-12-13 14:00:00,0.262,0.318,9,3.3
2025-12-13 15:00:00,0.259,0.318,8.9,3.4
2025-12-13 16:00:00,0.256,0.317,8.8,3.6
2025-12-13 17:00:00,0.254,0.317,8.8,3.9
2025-12-13 18:00:00,0.252,0.317,8.7,3.4
2025-12-13 19:00:00,0.253,0.317,8.7,3
2025-12-13 20:00:00,0.254,0.317,8.6,3
2025-12-13 21:00:00,0.254,0.317,8.6,3.6
2025-12-13 22:00:00,0.252,0.317,8.5,3.4
2025-12-13 23:00:00,0.251,0.317,8.5,3.4
2025-12-14 00:00:00,0.249,0.316,8.4,4
2025-12-14 01:00:00,0.247,0.316,8.4,4.3
2025-12-14 02:00:00,0.246,0.316,8.4,4.7
2025-12-14 03:00:00,0.245,0.316,8.5,5.7
2025-12-14 04:00:00,0.244,0.317,8.5,5.3
2025-12-14 05:00:00,0.242,0.317,8.6,4.9
2025-12-14 06:00:00,0.242,0.317,8.7,4.8
2025-12-14 07:00:00,0.241,0.318,8.7,4.6
2025-12-14 08:00:00,0.24,0.318,8.7,4
2025-12-14 09:00:00,0.239,0.318,8.7,3.9
2025-12-14 10:00:00,0.239,0.318,8.6,4
2025-12-14 11:00:00,0.238,0.318,8.6,3.7
2025-12-14 12:00:00,0.237,0.318,8.5,3.4
2025-12-14 13:00:00,0.237,0.318,8.5,3.3
2025-12-14 14:00:00,0.236,0.318,8.5,3.2
2025-12-14 15:00:00,0.236,0.318,8.4,2.9
2025-12-14 16:00:00,0.236,0.318,8.4,3
2025-12-14 17:00:00,0.235,0.318,8.3,2.7
2025-12-14 18:00:00,0.235,0.318,8.3,2.7
2025-12-14 19:00:00,0.234,0.318,8.3,2.7
2025-12-14 20:00:00,0.234,0.318,8.2,2.7
2025-12-14 21:00:00,0.234,0.318,8.2,2.5
2025-12-14 22:00:00,0.233,0.318,8.2,2.6
2025-12-14 23:00:00,0.233,0.318,8.1,2.7
2025-12-15 00:00:00,0.233,0.318,8.1,3.6
2025-12-15 01:00:00,0.233,0.317,8.1,5.4
2025-12-15 02:00:00,0.232,0.317,8.2,7.2
2025-12-15 03:00:00,0.232,0.317,8.4,7.5
2025-12-15 04:00:00,0.232,0.317,8.6,7.9
2025-12-15 05:00:00,0.231,0.317,8.8,8
2025-12-15 06:00:00,0.23,0.318,9,7.3
2025-12-15 07:00:00,0.23,0.318,9.1,6.7
2025-12-15 08:00:00,0.23,0.318,9.1,6.1
2025-12-15 09:00:00,0.23,0.318,9.1,5.5
2025-12-15 10:00:00,0.229,0.319,9,4.7
2025-12-15 11:00:00,0.229,0.319,8.9,4.3
2025-12-15 12:00:00,0.229,0.319,8.8,4
2025-12-15 13:00:00,0.229,0.319,8.8,3.7
2025-12-15 14:00:00,0.229,0.319,8.7,3
2025-12-15 15:00:00,0.229,0.319,8.5,2.9
2025-12-15 16:00:00,0.228,0.319,8.5,2.9
2025-12-15 17:00:00,0.228,0.319,8.4,2.7
2025-12-15 18:00:00,0.228,0.319,8.3,2.3
2025-12-15 19:00:00,0.228,0.319,8.2,1.9
2025-12-15 20:00:00,0.228,0.319,8.2,2.2
2025-12-15 21:00:00,0.228,0.319,8.1,2
2025-12-15 22:00:00,0.228,0.319,8,1.9
2025-12-15 23:00:00,0.227,0.318,7.9,2.3
2025-12-16 00:00:00,0.227,0.318,7.9,3.1
2025-12-16 01:00:00,0.227,0.317,7.9,5.2
2025-12-16 02:00:00,0.227,0.317,7.9,6.3
2025-12-16 03:00:00,0.227,0.317,8,7
2025-12-16 04:00:00,0.227,0.317,8.2,7.8
2025-12-16 05:00:00,0.227,0.317,8.3,8.2
2025-12-16 06:00:00,0.227,0.317,8.5,8.6
2025-12-16 07:00:00,0.227,0.317,8.7,8.5
2025-12-16 08:00:00,0.226,0.318,8.8,8.3
2025-12-16 09:00:00,0.226,0.318,8.9,8.2
2025-12-16 10:00:00,0.226,0.318,9,8.1
2025-12-16 11:00:00,0.226,0.318,9,8.1
2025-12-16 12:00:00,0.226,0.318,9.1,8.1
2025-12-16 13:00:00,0.226,0.318,9.1,8
2025-12-16 14:00:00,0.226,0.318,9.2,7.7
2025-12-16 15:00:00,0.226,0.318,9.2,7.6
2025-12-16 16:00:00,0.226,0.319,9.2,7.4
2025-12-16 17:00:00,0.226,0.319,9.2,7.3
2025-12-16 18:00:00,0.226,0.319,9.2,7.2
2025-12-16 19:00:00,0.226,0.319,9.2,6.9
2025-12-16 20:00:00,0.226,0.319,9.2,6.6
2025-12-16 21:00:00,0.226,0.319,9.2,6.7
2025-12-16 22:00:00,0.226,0.318,9.2,7.3
2025-12-16 23:00:00,0.226,0.319,9.2,7.3
2025-12-17 00:00:00,0.226,0.318,9.2,8
2025-12-17 01:00:00,0.225,0.318,9.2,9
2025-12-17 02:00:00,0.225,0.317,9.3,9.9
2025-12-17 03:00:00,0.225,0.318,9.4,10.1
2025-12-17 04:00:00,0.225,0.318,9.5,10.3
2025-12-17 05:00:00,0.225,0.318,9.6,9.5
2025-12-17 06:00:00,0.225,0.318,9.7,8.7
2025-12-17 07:00:00,0.225,0.318,9.8,7.9
2025-12-17 08:00:00,0.225,0.319,9.8,7.1
2025-12-17 09:00:00,0.225,0.319,9.7,6.2
2025-12-17 10:00:00,0.225,0.319,9.6,5.7
2025-12-17 11:00:00,0.225,0.319,9.5,5.3
2025-12-17 12:00:00,0.225,0.319,9.4,4.6
2025-12-17 13:00:00,0.224,0.319,9.3,4
2025-12-17 14:00:00,0.224,0.319,9.2,3.6
2025-12-17 15:00:00,0.224,0.32,9,2.6
2025-12-17 16:00:00,0.224,0.319,8.9,2.5
2025-12-17 17:00:00,0.224,0.319,8.8,2
2025-12-17 18:00:00,0.224,0.319,8.7,1.6
2025-12-17 19:00:00,0.224,0.319,8.5,1.2
2025-12-17 20:00:00,0.224,0.319,8.4,1.1
2025-12-17 21:00:00,0.224,0.319,8.3,0.9
2025-12-17 22:00:00,0.224,0.319,8.2,0.7
2025-12-17 23:00:00,0.224,0.319,8.1,1.3
2025-12-18 00:00:00,0.224,0.318,8,2.4
2025-12-18 01:00:00,0.224,0.318,7.9,4.5
2025-12-18 02:00:00,0.224,0.317,8,7.2
2025-12-18 03:00:00,0.224,0.317,8.2,8.1
2025-12-18 04:00:00,0.224,0.317,8.4,8.9
2025-12-18 05:00:00,0.224,0.317,8.7,9.1
2025-12-18 06:00:00,0.223,0.317,8.9,8.6
2025-12-18 07:00:00,0.223,0.318,9,7.5
2025-12-18 08:00:00,0.223,0.318,9.1,6.3
2025-12-18 09:00:00,0.223,0.319,9.1,5.4
2025-12-18 10:00:00,0.223,0.319,9,4.9
2025-12-18 11:00:00,0.223,0.319,8.9,4.5
2025-12-18 12:00:00,0.223,0.319,8.9,4.3
2025-12-18 13:00:00,0.223,0.319,8.8,3.8
2025-12-18 14:00:00,0.223,0.319,8.7,3.7
2025-12-18 15:00:00,0.223,0.319,8.6,3.4
2025-12-18 16:00:00,0.223,0.319,8.5,2.9
2025-12-18 17:00:00,0.223,0.319,8.4,2.6
2025-12-18 18:00:00,0.223,0.319,8.3,2.5
2025-12-18 19:00:00,0.223,0.319,8.2,3
2025-12-18 20:00:00,0.223,0.319,8.2,3.1
2025-12-18 21:00:00,0.223,0.319,8.1,3.2
2025-12-18 22:00:00,0.223,0.318,8.1,3.6
2025-12-18 23:00:00,0.223,0.318,8.1,4.1
2025-12-19 00:00:00,0.223,0.318,8.1,4.9
2025-12-19 01:00:00,0.223,0.318,8.1,5.9
2025-12-19 02:00:00,0.223,0.317,8.1,9.1
2025-12-19 03:00:00,0.222,0.316,8.2,12.2
2025-12-19 04:00:00,0.222,0.315,8.5,14.2
2025-12-19 05:00:00,0.222,0.316,8.9,14.9
2025-12-19 06:00:00,0.222,0.316,9.3,14.7
2025-12-19 07:00:00,0.222,0.317,9.5,13.8
2025-12-19 08:00:00,0.222,0.317,9.7,13
2025-12-19 09:00:00,0.222,0.317,9.9,12.7
2025-12-19 10:00:00,0.222,0.317,10,12.7
2025-12-19 11:00:00,0.222,0.318,10,12.7
2025-12-19 12:00:00,0.222,0.318,10.1,12.3
2025-12-19 13:00:00,0.222,0.318,10.2,11.8
2025-12-19 14:00:00,0.222,0.318,10.2,11.4
2025-12-19 15:00:00,0.222,0.319,10.2,10.8
2025-12-19 16:00:00,0.222,0.319,10.2,10.5
2025-12-19 17:00:00,0.222,0.319,10.2,10.1
2025-12-19 18:00:00,0.222,0.319,10.2,9.7
2025-12-19 19:00:00,0.222,0.319,10.2,9.7
2025-12-19 20:00:00,0.222,0.319,10.2,9.8
2025-12-19 21:00:00,0.222,0.319,10.1,10
2025-12-19 22:00:00,0.222,0.319,10.1,10.2
2025-12-19 23:00:00,0.222,0.319,10.2,10.2
2025-12-20 00:00:00,0.222,0.318,10.2,11
2025-12-20 01:00:00,0.222,0.318,10.2,12.3
2025-12-20 02:00:00,0.222,0.317,10.3,13.5
2025-12-20 03:00:00,0.222,0.317,10.4,14.1
2025-12-20 04:00:00,0.222,0.317,10.6,14.7
2025-12-20 05:00:00,0.222,0.317,10.8,14
2025-12-20 06:00:00,0.222,0.318,10.9,12.9
2025-12-20 07:00:00,0.222,0.318,11,11.9
2025-12-20 08:00:00,0.222,0.319,11.1,11
2025-12-20 09:00:00,0.222,0.319,11.1,10.4
2025-12-20 10:00:00,0.222,0.319,11.1,9.8
2025-12-20 11:00:00,0.222,0.319,11,9.4
2025-12-20 12:00:00,0.222,0.319,11,9
2025-12-20 13:00:00,0.222,0.319,10.9,8.5
2025-12-20 14:00:00,0.222,0.32,10.8,7.9
2025-12-20 15:00:00,0.222,0.32,10.7,7.2
2025-12-20 16:00:00,0.222,0.32,10.6,6.4
2025-12-20 17:00:00,0.222,0.32,10.4,6.1
2025-12-20 18:00:00,0.222,0.32,10.3,5.7
2025-12-20 19:00:00,0.222,0.32,10.1,5.2
2025-12-20 20:00:00,0.222,0.32,10,4.7
2025-12-20 21:00:00,0.222,0.32,9.8,4.5
2025-12-20 22:00:00,0.222,0.32,9.7,4.4
2025-12-20 23:00:00,0.222,0.32,9.5,3.9
2025-12-21 00:00:00,0.222,0.32,9.4,3.5
2025-12-21 01:00:00,0.222,0.319,9.3,3.8
2025-12-21 02:00:00,0.222,0.319,9.2,4.4
2025-12-21 03:00:00,0.222,0.319,9.1,4.8
2025-12-21 04:00:00,0.222,0.319,9.1,5.3
2025-12-21 05:00:00,0.222,0.319,9.1,5
2025-12-21 06:00:00,0.222,0.319,9.1,4.5
2025-12-21 07:00:00,0.222,0.319,9.1,3.6
2025-12-21 08:00:00,0.222,0.319,9,2.7
2025-12-21 09:00:00,0.222,0.319,8.9,1.9
2025-12-21 10:00:00,0.222,0.319,8.8,1.6
2025-12-21 11:00:00,0.221,0.319,8.6,0.9
2025-12-21 12:00:00,0.221,0.319,8.5,0.8
2025-12-21 13:00:00,0.221,0.319,8.4,0.1
2025-12-21 14:00:00,0.221,0.319,8.2,-0.1
2025-12-21 15:00:00,0.221,0.319,8.1,-0.5
2025-12-21 16:00:00,0.221,0.319,8,-0.8
2025-12-21 17:00:00,0.221,0.319,7.8,-1.3
2025-12-21 18:00:00,0.221,0.319,7.7,-1.5
2025-12-21 19:00:00,0.221,0.319,7.5,-1.9
2025-12-21 20:00:00,0.221,0.319,7.4,-2.3
2025-12-21 21:00:00,0.221,0.319,7.3,-2.5
2025-12-21 22:00:00,0.221,0.319,7.2,-2.3
2025-12-21 23:00:00,0.221,0.317,7,-1.3
2025-12-22 00:00:00,0.221,0.317,7,0.1
2025-12-22 01:00:00,0.221,0.317,6.9,2.2
2025-12-22 02:00:00,0.221,0.318,7,4.4
2025-12-22 03:00:00,0.221,0.317,7.1,4.8
2025-12-22 04:00:00,0.221,0.317,7.3,6.3
2025-12-22 05:00:00,0.221,0.317,7.5,6.6
2025-12-22 06:00:00,0.221,0.317,7.7,6.2
2025-12-22 07:00:00,0.22,0.317,7.8,5.8
2025-12-22 08:00:00,0.22,0.318,7.9,4.8
2025-12-22 09:00:00,0.22,0.318,7.9,3.9
2025-12-22 10:00:00,0.22,0.318,7.9,3.6
2025-12-22 11:00:00,0.22,0.319,7.9,2.8
2025-12-22 12:00:00,0.22,0.319,7.8,2.5
2025-12-22 13:00:00,0.22,0.319,7.8,2
2025-12-22 14:00:00,0.22,0.319,7.7,1.6
2025-12-22 15:00:00,0.22,0.319,7.6,0.9
2025-12-22 16:00:00,0.22,0.319,7.5,1.2
2025-12-22 17:00:00,0.22,0.318,7.5,1.8
2025-12-22 18:00:00,0.22,0.318,7.4,1.9
2025-12-22 19:00:00,0.22,0.318,7.3,3.2
2025-12-22 20:00:00,0.22,0.318,7.3,2.8
2025-12-22 21:00:00,0.22,0.318,7.3,3.1
2025-12-22 22:00:00,0.22,0.318,7.3,4
2025-12-22 23:00:00,0.22,0.318,7.3,4
2025-12-23 00:00:00,0.22,0.318,7.3,5.3
2025-12-23 01:00:00,0.22,0.317,7.3,7
2025-12-23 02:00:00,0.22,0.317,7.5,8.4
2025-12-23 03:00:00,0.22,0.317,7.6,9.3
2025-12-23 04:00:00,0.22,0.317,7.8,9.9
2025-12-23 05:00:00,0.22,0.317,8,10.1
2025-12-23 06:00:00,0.22,0.317,8.1,10
2025-12-23 07:00:00,0.22,0.318,8.3,9.8
2025-12-23 08:00:00,0.22,0.318,8.4,9.6
2025-12-23 09:00:00,0.22,0.318,8.5,9.2
2025-12-23 10:00:00,0.22,0.318,8.7,9
2025-12-23 11:00:00,0.22,0.318,8.7,8.9
2025-12-23 12:00:00,0.22,0.318,8.8,8.8
2025-12-23 13:00:00,0.22,0.318,8.9,8.8
2025-12-23 14:00:00,0.219,0.318,9,9
2025-12-23 15:00:00,0.219,0.317,9,9
2025-12-23 16:00:00,0.219,0.317,9.1,8.9
2025-12-23 17:00:00,0.227,0.317,9.1,8.9
2025-12-23 18:00:00,0.279,0.316,9.2,8.4
2025-12-23 19:00:00,0.305,0.317,9.2,7.8
2025-12-23 20:00:00,0.299,0.317,9.2,7.5
2025-12-23 21:00:00,0.273,0.317,9.2,7.3
2025-12-23 22:00:00,0.259,0.317,9.2,6.9
2025-12-23 23:00:00,0.254,0.317,9.2,6.4
2025-12-24 00:00:00,0.251,0.317,9.2,6.1
2025-12-24 01:00:00,0.247,0.317,9.1,6
2025-12-24 02:00:00,0.245,0.317,9.1,6.1
2025-12-24 03:00:00,0.243,0.317,9.1,6.1
2025-12-24 04:00:00,0.241,0.317,9.1,5.8
2025-12-24 05:00:00,0.24,0.317,9,5.7
2025-12-24 06:00:00,0.239,0.317,9,5.7
2025-12-24 07:00:00,0.238,0.318,9,5.2
2025-12-24 08:00:00,0.237,0.318,9,4.4
2025-12-24 09:00:00,0.236,0.318,8.9,4
2025-12-24 10:00:00,0.236,0.318,8.9,3.9
2025-12-24 11:00:00,0.235,0.318,8.8,3.8
2025-12-24 12:00:00,0.235,0.318,8.7,3.7
2025-12-24 13:00:00,0.234,0.318,8.6,3.6
2025-12-24 14:00:00,0.234,0.318,8.5,3.3
2025-12-24 15:00:00,0.234,0.318,8.4,2.9
2025-12-24 16:00:00,0.233,0.318,8.3,2.5
2025-12-24 17:00:00,0.233,0.318,8.3,1.9
2025-12-24 18:00:00,0.233,0.318,8.2,1.8
2025-12-24 19:00:00,0.233,0.318,8,1.6
2025-12-24 20:00:00,0.232,0.318,8,1.4
2025-12-24 21:00:00,0.232,0.318,7.8,1.4
2025-12-24 22:00:00,0.232,0.318,7.8,1.4
2025-12-24 23:00:00,0.232,0.318,7.7,1.5
2025-12-25 00:00:00,0.232,0.318,7.6,3
2025-12-25 01:00:00,0.231,0.317,7.5,3.4
2025-12-25 02:00:00,0.231,0.318,7.5,3.2
2025-12-25 03:00:00,0.231,0.317,7.6,4.4
2025-12-25 04:00:00,0.231,0.318,7.6,2.8
2025-12-25 05:00:00,0.231,0.318,7.7,2.2
2025-12-25 06:00:00,0.231,0.318,7.7,1.9
2025-12-25 07:00:00,0.231,0.318,7.6,1.6
2025-12-25 08:00:00,0.231,0.318,7.6,0.9
2025-12-25 09:00:00,0.231,0.318,7.5,0.3
2025-12-25 10:00:00,0.231,0.318,7.4,-0
2025-12-25 11:00:00,0.23,0.318,7.2,-0.2
2025-12-25 12:00:00,0.23,0.318,7.1,-0.5
2025-12-25 13:00:00,0.23,0.318,7,-0.8
2025-12-25 14:00:00,0.23,0.318,6.9,-1.1
2025-12-25 15:00:00,0.23,0.318,6.8,-1.7
2025-12-25 16:00:00,0.23,0.318,6.6,-1.3
2025-12-25 17:00:00,0.23,0.318,6.5,-1.8
2025-12-25 18:00:00,0.23,0.319,6.5,-2
2025-12-25 19:00:00,0.23,0.318,6.4,-2.3
2025-12-25 20:00:00,0.23,0.317,6.3,-2.4
2025-12-25 21:00:00,0.23,0.316,6.3,-3.4
2025-12-25 22:00:00,0.23,0.314,6.2,-4
2025-12-25 23:00:00,0.23,0.311,6.1,-4
2025-12-26 00:00:00,0.23,0.307,6.1,-3.4
2025-12-26 01:00:00,0.229,0.304,6,-2.5
2025-12-26 02:00:00,0.229,0.302,6,-0.5
2025-12-26 03:00:00,0.229,0.302,6,-0.3
2025-12-26 04:00:00,0.229,0.301,6,0
2025-12-26 05:00:00,0.229,0.302,6.1,0.1
2025-12-26 06:00:00,0.229,0.301,6.2,-0.3
2025-12-26 07:00:00,0.229,0.301,6.2,-1
2025-12-26 08:00:00,0.229,0.3,6.2,-1.5
2025-12-26 09:00:00,0.229,0.299,6.1,-1.7
2025-12-26 10:00:00,0.229,0.298,6,-1.7
2025-12-26 11:00:00,0.229,0.296,6,-1.8
2025-12-26 12:00:00,0.229,0.295,5.9,-2
2025-12-26 13:00:00,0.229,0.294,5.8,-2.4
2025-12-26 14:00:00,0.229,0.293,5.8,-2.6
2025-12-26 15:00:00,0.229,0.292,5.7,-2.4
2025-12-26 16:00:00,0.229,0.291,5.7,-2.4
2025-12-26 17:00:00,0.229,0.288,5.6,-2.7
2025-12-26 18:00:00,0.229,0.285,5.5,-3
2025-12-26 19:00:00,0.229,0.281,5.5,-3.1
2025-12-26 20:00:00,0.229,0.277,5.4,-3.4
2025-12-26 21:00:00,0.229,0.274,5.4,-3.6
2025-12-26 22:00:00,0.229,0.271,5.3,-3.8
2025-12-26 23:00:00,0.229,0.269,5.3,-3
2025-12-27 00:00:00,0.229,0.267,5.2,-1.8
2025-12-27 01:00:00,0.229,0.267,5.2,0
2025-12-27 02:00:00,0.229,0.269,5.1,2.1
2025-12-27 03:00:00,0.229,0.271,5.1,2.7
2025-12-27 04:00:00,0.229,0.274,5.2,3.8
2025-12-27 05:00:00,0.229,0.276,5.3,3.8
2025-12-27 06:00:00,0.229,0.279,5.5,3.4
2025-12-27 07:00:00,0.229,0.282,5.7,3.1
2025-12-27 08:00:00,0.228,0.285,5.8,2.7
2025-12-27 09:00:00,0.228,0.287,5.9,2.1
2025-12-27 10:00:00,0.228,0.288,6,1.9
2025-12-27 11:00:00,0.228,0.289,6,1.7
2025-12-27 12:00:00,0.228,0.29,6,1.6
2025-12-27 13:00:00,0.229,0.291,6,1.1
2025-12-27 14:00:00,0.229,0.291,6,0.9
2025-12-27 15:00:00,0.229,0.291,6,0.6
2025-12-27 16:00:00,0.228,0.291,6,0.6
2025-12-27 17:00:00,0.229,0.291,6,0.3
2025-12-27 18:00:00,0.228,0.291,5.9,0.2
2025-12-27 19:00:00,0.228,0.29,5.9,0.1
2025-12-27 20:00:00,0.228,0.29,5.9,-0.1
2025-12-27 21:00:00,0.228,0.29,5.8,-0.2
2025-12-27 22:00:00,0.228,0.289,5.8,-0.5
2025-12-27 23:00:00,0.228,0.289,5.7,0.2
2025-12-28 00:00:00,0.228,0.289,5.7,0.9
2025-12-28 01:00:00,0.229,0.289,5.7,2.1
2025-12-28 02:00:00,0.229,0.293,5.7,5.1
2025-12-28 03:00:00,0.228,0.299,5.9,6.5
2025-12-28 04:00:00,0.228,0.305,6.1,7.7
2025-12-28 05:00:00,0.228,0.31,6.4,8
2025-12-28 06:00:00,0.228,0.314,6.7,7.3
2025-12-28 07:00:00,0.228,0.316,7,6.9
2025-12-28 08:00:00,0.228,0.317,7.1,6.5
2025-12-28 09:00:00,0.228,0.317,7.2,6.3
2025-12-28 10:00:00,0.228,0.317,7.3,6.3
2025-12-28 11:00:00,0.228,0.317,7.3,5.8
2025-12-28 12:00:00,0.228,0.317,7.4,5.3
2025-12-28 13:00:00,0.228,0.317,7.4,5.4
2025-12-28 14:00:00,0.228,0.317,7.4,5.2
2025-12-28 15:00:00,0.228,0.317,7.4,4.9
2025-12-28 16:00:00,0.228,0.318,7.4,4.6
2025-12-28 17:00:00,0.228,0.318,7.4,4.3
2025-12-28 18:00:00,0.228,0.318,7.3,3.7
2025-12-28 19:00:00,0.228,0.318,7.3,3.3
2025-12-28 20:00:00,0.228,0.318,7.3,3
2025-12-28 21:00:00,0.228,0.318,7.2,2.9
2025-12-28 22:00:00,0.228,0.318,7.2,2.5
2025-12-28 23:00:00,0.228,0.318,7.1,2.9
2025-12-29 00:00:00,0.228,0.318,7,4
2025-12-29 01:00:00,0.228,0.317,7,6.4
2025-12-29 02:00:00,0.228,0.316,7.1,8.9
2025-12-29 03:00:00,0.228,0.316,7.3,10.4
2025-12-29 04:00:00,0.228,0.316,7.5,12.1
2025-12-29 05:00:00,0.228,0.316,7.8,12.1
2025-12-29 06:00:00,0.228,0.316,8.1,11.7
2025-12-29 07:00:00,0.228,0.317,8.3,10.8
2025-12-29 08:00:00,0.228,0.317,8.5,9.8
2025-12-29 09:00:00,0.228,0.318,8.6,8.9
2025-12-29 10:00:00,0.228,0.318,8.6,8.3
2025-12-29 11:00:00,0.228,0.318,8.6,7.8
2025-12-29 12:00:00,0.228,0.319,8.6,6.9
2025-12-29 13:00:00,0.228,0.319,8.6,6.2
2025-12-29 14:00:00,0.228,0.319,8.5,5.6
2025-12-29 15:00:00,0.228,0.319,8.4,5.2
2025-12-29 16:00:00,0.228,0.319,8.3,4.8
2025-12-29 17:00:00,0.228,0.319,8.2,4.3
2025-12-29 18:00:00,0.228,0.319,8.1,3.6
2025-12-29 19:00:00,0.228,0.319,8,3.1
2025-12-29 20:00:00,0.228,0.319,7.9,3.1
2025-12-29 21:00:00,0.228,0.319,7.8,2.5
2025-12-29 22:00:00,0.228,0.319,7.7,1.9
2025-12-29 23:00:00,0.228,0.319,7.5,1.8
2025-12-30 00:00:00,0.228,0.319,7.4,2.5
2025-12-30 01:00:00,0.228,0.318,7.4,4
2025-12-30 02:00:00,0.228,0.317,7.4,5.8
2025-12-30 03:00:00,0.228,0.317,7.4,6
2025-12-30 04:00:00,0.228,0.317,7.5,6.6
2025-12-30 05:00:00,0.228,0.317,7.7,6.8
2025-12-30 06:00:00,0.228,0.317,7.7,6.3
2025-12-30 07:00:00,0.228,0.318,7.7,5.5
2025-12-30 08:00:00,0.228,0.318,7.7,4.4
2025-12-30 09:00:00,0.228,0.318,7.6,3.2
2025-12-30 10:00:00,0.228,0.318,7.5,2.5
2025-12-30 11:00:00,0.228,0.318,7.4,2.1
2025-12-30 12:00:00,0.228,0.318,7.3,1.6
2025-12-30 13:00:00,0.228,0.318,7.2,1.1
2025-12-30 14:00:00,0.228,0.318,7.1,0.5
2025-12-30 15:00:00,0.228,0.318,7,0.1
2025-12-30 16:00:00,0.228,0.318,6.8,-0.2
2025-12-30 17:00:00,0.228,0.318,6.7,-0.3
2025-12-30 18:00:00,0.228,0.318,6.6,-0.2
2025-12-30 19:00:00,0.228,0.318,6.5,0
2025-12-30 20:00:00,0.228,0.318,6.4,-0
2025-12-30 21:00:00,0.228,0.318,6.4,0.2
2025-12-30 22:00:00,0.228,0.318,6.3,0.6
2025-12-30 23:00:00,0.228,0.318,6.3,0.6
2025-12-31 00:00:00,0.228,0.317,6.3,1.3
2025-12-31 01:00:00,0.228,0.317,6.2,2.9
2025-12-31 02:00:00,0.228,0.317,6.3,3.7
2025-12-31 03:00:00,0.228,0.317,6.4,2.7
2025-12-31 04:00:00,0.228,0.317,6.5,2.5
2025-12-31 05:00:00,0.228,0.318,6.6,1.9
2025-12-31 06:00:00,0.228,0.318,6.7,1.1
2025-12-31 07:00:00,0.228,0.318,6.7,0.2
2025-12-31 08:00:00,0.229,0.318,6.6,-0.6
2025-12-31 09:00:00,0.228,0.318,6.5,-1
2025-12-31 10:00:00,0.229,0.318,6.3,-1.3
2025-12-31 11:00:00,0.228,0.318,6.2,-1.6
2025-12-31 12:00:00,0.228,0.318,6.1,-1.8
2025-12-31 13:00:00,0.228,0.318,6,-2.1
2025-12-31 14:00:00,0.228,0.318,5.9,-2.5
2025-12-31 15:00:00,0.228,0.317,5.8,-2.7
2025-12-31 16:00:00,0.228,0.316,5.7,-2.7
2025-12-31 17:00:00,0.228,0.314,5.6,-3.1
2025-12-31 18:00:00,0.228,0.311,5.5,-3.2
2025-12-31 19:00:00,0.228,0.309,5.5,-3.4
2025-12-31 20:00:00,0.228,0.308,5.4,-3.7
2025-12-31 21:00:00,0.228,0.306,5.3,-3.8
2025-12-31 22:00:00,0.228,0.303,5.2,-3.6
2025-12-31 23:00:00,0.229,0.299,5.1,-3.5
2026-01-01 00:00:00,0.228,0.297,5.1,-2.4
2026-01-01 01:00:00,0.228,0.294,5,-1.6
2026-01-01 02:00:00,0.228,0.292,4.9,-1.6
2026-01-01 03:00:00,0.228,0.29,4.9,-1.1
2026-01-01 04:00:00,0.228,0.289,4.9,-0.8
2026-01-01 05:00:00,0.228,0.289,4.8,-0.1
2026-01-01 06:00:00,0.228,0.289,4.8,0.1
2026-01-01 07:00:00,0.228,0.289,4.8,-0.4
2026-01-01 08:00:00,0.228,0.288,4.8,-1
2026-01-01 09:00:00,0.228,0.287,4.8,-1.4
2026-01-01 10:00:00,0.228,0.286,4.8,-1.5
2026-01-01 11:00:00,0.228,0.285,4.8,-1.6
2026-01-01 12:00:00,0.228,0.284,4.8,-2
2026-01-01 13:00:00,0.228,0.282,4.8,-2.1
2026-01-01 14:00:00,0.228,0.28,4.7,-2
2026-01-01 15:00:00,0.228,0.278,4.7,-2.6
2026-01-01 16:00:00,0.228,0.276,4.7,-2.9
2026-01-01 17:00:00,0.228,0.274,4.7,-2.9
2026-01-01 18:00:00,0.228,0.272,4.7,-3
2026-01-01 19:00:00,0.228,0.27,4.7,-3.1
2026-01-01 20:00:00,0.228,0.268,4.7,-2.7
2026-01-01 21:00:00,0.228,0.267,4.7,-2.9
2026-01-01 22:00:00,0.228,0.265,4.7,-3.3
2026-01-01 23:00:00,0.228,0.263,4.7,-3
2026-01-02 00:00:00,0.228,0.261,4.7,-2.5
2026-01-02 01:00:00,0.228,0.26,4.7,-1.4
2026-01-02 02:00:00,0.228,0.26,4.7,-0.5
2026-01-02 03:00:00,0.228,0.261,4.8,-0.4
2026-01-02 04:00:00,0.228,0.262,4.8,0.3
2026-01-02 05:00:00,0.228,0.262,4.9,-0.4
2026-01-02 06:00:00,0.228,0.261,4.9,-0.8
2026-01-02 07:00:00,0.228,0.261,4.9,-0.8
2026-01-02 08:00:00,0.228,0.261,5,-0.8
2026-01-02 09:00:00,0.228,0.26,5,-0.9
2026-01-02 10:00:00,0.228,0.259,5,-0.8
2026-01-02 11:00:00,0.228,0.258,5.1,-0.6
2026-01-02 12:00:00,0.228,0.257,5.1,-0.4
2026-01-02 13:00:00,0.228,0.256,5.1,-0.3
2026-01-02 14:00:00,0.228,0.255,5.1,-0.2
2026-01-02 15:00:00,0.228,0.254,5.1,0
2026-01-02 16:00:00,0.228,0.254,5.1,-0.1
2026-01-02 17:00:00,0.228,0.253,5.1,-0.7
2026-01-02 18:00:00,0.228,0.252,5.2,-1
2026-01-02 19:00:00,0.228,0.249,5.2,-1.7
2026-01-02 20:00:00,0.228,0.245,5.2,-2
2026-01-02 21:00:00,0.228,0.243,5.2,-2.1
2026-01-02 22:00:00,0.228,0.24,5.2,-2.6
2026-01-02 23:00:00,0.228,0.238,5.2,-2.5
2026-01-03 00:00:00,0.228,0.236,5.2,-1.3
2026-01-03 01:00:00,0.228,0.236,5.2,0.1
2026-01-03 02:00:00,0.228,0.238,5.2,0.7
2026-01-03 03:00:00,0.228,0.24,5.2,1.9
2026-01-03 04:00:00,0.228,0.243,5.2,2.9
2026-01-03 05:00:00,0.228,0.246,5.3,2.6
2026-01-03 06:00:00,0.229,0.247,5.3,2.7
2026-01-03 07:00:00,0.246,0.249,5.4,1.9
2026-01-03 08:00:00,0.257,0.249,5.5,1.1
2026-01-03 09:00:00,0.26,0.249,5.5,0.9
2026-01-03 10:00:00,0.257,0.249,5.5,0.5
2026-01-03 11:00:00,0.253,0.249,5.5,0
2026-01-03 12:00:00,0.251,0.248,5.4,-0.2
2026-01-03 13:00:00,0.25,0.248,5.4,-0.5
2026-01-03 14:00:00,0.248,0.247,5.3,-0.9
2026-01-03 15:00:00,0.246,0.246,5.3,-1.1
2026-01-03 16:00:00,0.245,0.245,5.2,-1.4
2026-01-03 17:00:00,0.244,0.244,5.2,-1.5
2026-01-03 18:00:00,0.243,0.243,5.1,-1
2026-01-03 19:00:00,0.242,0.242,5,-1.1
2026-01-03 20:00:00,0.241,0.242,5,-0.7
2026-01-03 21:00:00,0.24,0.242,5,-0.6
2026-01-03 22:00:00,0.24,0.241,4.9,-0.5
2026-01-03 23:00:00,0.239,0.241,4.9,-0.3
2026-01-04 00:00:00,0.239,0.241,4.9,0.4
2026-01-04 01:00:00,0.238,0.243,4.9,2.3
2026-01-04 02:00:00,0.238,0.247,5,4.6
2026-01-04 03:00:00,0.238,0.254,5.1,5.6
2026-01-04 04:00:00,0.237,0.262,5.3,6.4
2026-01-04 05:00:00,0.237,0.27,5.6,6.2
2026-01-04 06:00:00,0.237,0.277,5.9,5.4
2026-01-04 07:00:00,0.236,0.283,6.1,4.5
2026-01-04 08:00:00,0.236,0.287,6.2,3.4
2026-01-04 09:00:00,0.236,0.29,6.3,2.6
2026-01-04 10:00:00,0.236,0.292,6.3,2.2
2026-01-04 11:00:00,0.236,0.293,6.3,2.1
2026-01-04 12:00:00,0.236,0.295,6.3,2
2026-01-04 13:00:00,0.235,0.296,6.2,2
2026-01-04 14:00:00,0.235,0.297,6.2,1.7
2026-01-04 15:00:00,0.235,0.298,6.1,1.6
2026-01-04 16:00:00,0.235,0.299,6.1,1.7
2026-01-04 17:00:00,0.235,0.3,6.1,1.6
2026-01-04 18:00:00,0.235,0.301,6,1.3
2026-01-04 19:00:00,0.235,0.302,6,1.4
2026-01-04 20:00:00,0.235,0.303,6,1.2
2026-01-04 21:00:00,0.235,0.303,6,1
2026-01-04 22:00:00,0.234,0.304,5.9,0.9
2026-01-04 23:00:00,0.234,0.304,5.9,1.2
2026-01-05 00:00:00,0.234,0.304,5.9,1.7
2026-01-05 01:00:00,0.234,0.305,5.8,3.2
2026-01-05 02:00:00,0.234,0.307,5.9,4.8
2026-01-05 03:00:00,0.234,0.31,5.9,5.9
2026-01-05 04:00:00,0.234,0.313,6.1,5.8
2026-01-05 05:00:00,0.234,0.315,6.3,5.2
2026-01-05 06:00:00,0.234,0.316,6.4,4.1
2026-01-05 07:00:00,0.234,0.317,6.5,2.9
2026-01-05 08:00:00,0.234,0.318,6.5,1.6
2026-01-05 09:00:00,0.234,0.318,6.4,0.8
2026-01-05 10:00:00,0.234,0.318,6.3,0
2026-01-05 11:00:00,0.234,0.318,6.2,-0.3
2026-01-05 12:00:00,0.234,0.318,6.1,-0.7
2026-01-05 13:00:00,0.234,0.318,6,-0.9
2026-01-05 14:00:00,0.234,0.318,5.8,-0.8
2026-01-05 15:00:00,0.234,0.318,5.7,-1.4
2026-01-05 16:00:00,0.234,0.317,5.6,-1.5
2026-01-05 17:00:00,0.233,0.315,5.5,-1.6
2026-01-05 18:00:00,0.233,0.314,5.4,-1.7
2026-01-05 19:00:00,0.233,0.313,5.3,-2
2026-01-05 20:00:00,0.233,0.311,5.3,-2.6
2026-01-05 21:00:00,0.233,0.31,5.2,-2.6
2026-01-05 22:00:00,0.233,0.306,5.1,-2.9
2026-01-05 23:00:00,0.233,0.303,5.1,-1.6
2026-01-06 00:00:00,0.233,0.302,5,-0.5
2026-01-06 01:00:00,0.233,0.301,4.9,1.7
2026-01-06 02:00:00,0.233,0.303,4.9,3.5
2026-01-06 03:00:00,0.233,0.307,5,4
2026-01-06 04:00:00,0.233,0.311,5.2,5.1
2026-01-06 05:00:00,0.233,0.315,5.4,5.2
2026-01-06 06:00:00,0.233,0.317,5.6,4.1
2026-01-06 07:00:00,0.233,0.318,5.8,3.5
2026-01-06 08:00:00,0.233,0.318,5.9,2.7
2026-01-06 09:00:00,0.233,0.319,5.9,1.8
2026-01-06 10:00:00,0.233,0.319,5.9,1.2
2026-01-06 11:00:00,0.233,0.319,5.9,0.9
2026-01-06 12:00:00,0.233,0.319,5.8,0.5
2026-01-06 13:00:00,0.233,0.319,5.7,0.3
2026-01-06 14:00:00,0.233,0.319,5.7,0.2
2026-01-06 15:00:00,0.233,0.319,5.6,-0.1
2026-01-06 16:00:00,0.233,0.319,5.5,-0.3
2026-01-06 17:00:00,0.233,0.319,5.5,-0.4
2026-01-06 18:00:00,0.233,0.319,5.4,-0.6
2026-01-06 19:00:00,0.233,0.319,5.3,-1
2026-01-06 20:00:00,0.233,0.319,5.3,-1.1
2026-01-06 21:00:00,0.233,0.318,5.2,-0.9
2026-01-06 22:00:00,0.233,0.318,5.2,-1
2026-01-06 23:00:00,0.233,0.317,5.1,-0.8
2026-01-07 00:00:00,0.233,0.316,5.1,0
2026-01-07 01:00:00,0.233,0.315,5,2.1
2026-01-07 02:00:00,0.233,0.316,5.1,5.4
2026-01-07 03:00:00,0.233,0.318,5.2,5.3
2026-01-07 04:00:00,0.233,0.318,5.4,5.6
2026-01-07 05:00:00,0.233,0.318,5.5,5.7
2026-01-07 06:00:00,0.233,0.317,5.7,5.3
2026-01-07 07:00:00,0.233,0.317,5.8,4.4
2026-01-07 08:00:00,0.233,0.318,5.9,3.3
2026-01-07 09:00:00,0.233,0.318,5.9,2.5
2026-01-07 10:00:00,0.233,0.318,5.9,2.3
2026-01-07 11:00:00,0.233,0.318,5.9,2.2
2026-01-07 12:00:00,0.233,0.318,5.8,2
2026-01-07 13:00:00,0.233,0.318,5.8,2.1
2026-01-07 14:00:00,0.233,0.318,5.7,2
2026-01-07 15:00:00,0.233,0.318,5.7,1.9
2026-01-07 16:00:00,0.233,0.318,5.7,1.7
2026-01-07 17:00:00,0.233,0.318,5.6,1.3
2026-01-07 18:00:00,0.233,0.318,5.6,1.1
2026-01-07 19:00:00,0.233,0.318,5.5,0.4
2026-01-07 20:00:00,0.233,0.318,5.5,-0.5
2026-01-07 21:00:00,0.233,0.318,5.4,-0.9
2026-01-07 22:00:00,0.233,0.318,5.4,-0.9
2026-01-07 23:00:00,0.233,0.318,5.3,-0.6
2026-01-08 00:00:00,0.233,0.317,5.2,0.7
2026-01-08 01:00:00,0.233,0.317,5.2,1.9
2026-01-08 02:00:00,0.233,0.317,5.2,2.9
2026-01-08 03:00:00,0.233,0.317,5.3,2.6
2026-01-08 04:00:00,0.233,0.317,5.4,3
2026-01-08 05:00:00,0.232,0.317,5.5,2.5
2026-01-08 06:00:00,0.232,0.318,5.6,1.8
2026-01-08 07:00:00,0.232,0.318,5.6,1.2
2026-01-08 08:00:00,0.232,0.318,5.6,0.3
2026-01-08 09:00:00,0.232,0.318,5.5,-0.5
2026-01-08 10:00:00,0.232,0.318,5.4,-1
2026-01-08 11:00:00,0.232,0.318,5.3,-1
2026-01-08 12:00:00,0.232,0.318,5.2,-1
2026-01-08 13:00:00,,0.318,,-0.8
2026-01-08 14:00:00,,0.318,,-1.1
2026-01-08 15:00:00,,0.318,,-1.5
2026-01-08 16:00:00,,0.318,,-1.9
2026-01-08 17:00:00,,0.318,,-2
2026-01-08 18:00:00,,0.316,,-2
2026-01-08 19:00:00,,0.314,,-2.3
2026-01-08 20:00:00,,0.313,,-2.5
2026-01-08 21:00:00,,0.311,,-2.5
2026-01-08 22:00:00,,0.31,,-2.6
2026-01-08 23:00:00,,0.308,,-2.3
2026-01-09 00:00:00,,0.307,,-1
2026-01-09 01:00:00,,0.306,,-0.1
2026-01-09 02:00:00,,0.306,,1.7
2026-01-09 03:00:00,,0.308,,4.1
2026-01-09 04:00:00,,0.312,,5.4
2026-01-09 05:00:00,,0.314,,6.2
2026-01-09 06:00:00,,0.316,,6.5
2026-01-09 07:00:00,,0.316,,6.3
2026-01-09 08:00:00,,0.317,,5.5
2026-01-09 09:00:00,,0.317,,5.1
2026-01-09 10:00:00,,0.317,,5
2026-01-09 11:00:00,,0.318,,5
2026-01-09 12:00:00,,0.318,,4.7
2026-01-09 13:00:00,,0.318,,4.4
2026-01-09 14:00:00,,0.318,,4.8
2026-01-09 15:00:00,,0.318,,4.9
2026-01-09 16:00:00,,0.318,,5.1
2026-01-09 17:00:00,,0.318,,5.7
2026-01-09 18:00:00,,0.318,,6.9
2026-01-09 19:00:00,,0.318,,7.4
2026-01-09 20:00:00,,0.318,,7.7
2026-01-09 21:00:00,,0.318,,7.6
2026-01-09 22:00:00,,0.318,,7.7
2026-01-09 23:00:00,,0.318,,7.6
2026-01-10 00:00:00,,0.318,,8.4
2026-01-10 01:00:00,,0.317,,9.8
2026-01-10 02:00:00,,0.317,,10.4
2026-01-10 03:00:00,,0.317,,9.7
2026-01-10 04:00:00,,0.318,,9.1
2026-01-10 05:00:00,,0.318,,8.2
2026-01-10 06:00:00,,0.319,,6.8
2026-01-10 07:00:00,,0.319,,5.9
2026-01-10 08:00:00,,0.319,,4.8
2026-01-10 09:00:00,,0.319,,3.4
2026-01-10 10:00:00,,0.319,,2.4
2026-01-10 11:00:00,,0.319,,2.2
2026-01-10 12:00:00,,0.319,,1.8
2026-01-10 13:00:00,,0.319,,1.6
2026-01-10 14:00:00,,0.319,,1.3
2026-01-10 15:00:00,,0.319,,-0.3
2026-01-10 16:00:00,,0.319,,-0.6
2026-01-10 17:00:00,,0.319,,-0.5
2026-01-10 18:00:00,,0.319,,-0.4
2026-01-10 19:00:00,,0.319,,-0.9
2026-01-10 20:00:00,,0.319,,-1.3
2026-01-10 21:00:00,,0.319,,-1.7
2026-01-10 22:00:00,,0.319,,-2.1
2026-01-10 23:00:00,,0.319,,-2.3
2026-01-11 00:00:00,,0.318,,-2.3
2026-01-11 01:00:00,,0.319,,-2.8
2026-01-11 02:00:00,,0.317,,-2.3
2026-01-11 03:00:00,,0.315,,-1.5
2026-01-11 04:00:00,,0.314,,-0.7
2026-01-11 05:00:00,,0.314,,-0.4
2026-01-11 06:00:00,,0.314,,-1.1
2026-01-11 07:00:00,,0.314,,-1.4
2026-01-11 08:00:00,,0.313,,-1.7
2026-01-11 09:00:00,,0.313,,-1.8
2026-01-11 10:00:00,,0.312,,-1.9
2026-01-11 11:00:00,,0.312,,-1.9
2026-01-11 12:00:00,,0.311,,-2.2
2026-01-11 13:00:00,,0.311,,-2.6
2026-01-11 14:00:00,,0.31,,-3.1
2026-01-11 15:00:00,,0.307,,-3.5
2026-01-11 16:00:00,,0.304,,-3.7
2026-01-11 17:00:00,,0.302,,-3.7
2026-01-11 18:00:00,,0.299,,-3.4
2026-01-11 19:00:00,,0.296,,-3.6
2026-01-11 20:00:00,,0.292,,-3.8
2026-01-11 21:00:00,,0.288,,-3.8
2026-01-11 22:00:00,,0.284,,-3.8
2026-01-11 23:00:00,,0.28,,-3.4
2026-01-12 00:00:00,,0.277,,-2.7
2026-01-12 01:00:00,,0.275,,-1.5
2026-01-12 02:00:00,,0.275,,-0.4
2026-01-12 03:00:00,,0.275,,0.4
2026-01-12 04:00:00,,0.276,,1.3
2026-01-12 05:00:00,,0.277,,1.8
2026-01-12 06:00:00,,0.279,,1.9
2026-01-12 07:00:00,,0.28,,2.1
2026-01-12 08:00:00,,0.281,,1.9
2026-01-12 09:00:00,,0.282,,1.8
2026-01-12 10:00:00,,0.284,,1.8
2026-01-12 11:00:00,,0.285,,2.2
2026-01-12 12:00:00,,0.287,,2.1
2026-01-12 13:00:00,,0.289,,2.3
2026-01-12 14:00:00,,0.291,,2.1
2026-01-12 15:00:00,,0.293,,2
2026-01-12 16:00:00,,0.295,,2.6
2026-01-12 17:00:00,,0.297,,3.2
2026-01-12 18:00:00,,0.301,,3.3
2026-01-12 19:00:00,,0.303,,2.7
2026-01-12 20:00:00,,0.305,,2.1
2026-01-12 21:00:00,,0.306,,1.8
2026-01-12 22:00:00,,0.307,,1.6
2026-01-12 23:00:00,,0.308,,1.7
2026-01-13 00:00:00,,0.309,,2.9
2026-01-13 01:00:00,,0.311,,5
2026-01-13 02:00:00,,0.314,,5.4
2026-01-13 03:00:00,,0.315,,5.5
2026-01-13 04:00:00,,0.316,,6
2026-01-13 05:00:00,,0.317,,5.4
2026-01-13 06:00:00,,0.317,,4.7
2026-01-13 07:00:00,,0.318,,3.6
2026-01-13 08:00:00,,0.318,,2.4
2026-01-13 09:00:00,,0.318,,1.2
2026-01-13 10:00:00,,0.319,,0.6
2026-01-13 11:00:00,,0.319,,-0
2026-01-13 12:00:00,,0.319,,-0.4
2026-01-13 13:00:00,,0.318,,-0.6
2026-01-13 14:00:00,,0.318,,-0.9
2026-01-13 15:00:00,,0.318,,-1.1
2026-01-13 16:00:00,,0.318,,-1.3
2026-01-13 17:00:00,,0.319,,-1.9
2026-01-13 18:00:00,,0.319,,-2.2
2026-01-13 19:00:00,,0.319,,-2.4
2026-01-13 20:00:00,,0.318,,-2.6
2026-01-13 21:00:00,,0.316,,-2.5
2026-01-13 22:00:00,,0.315,,-2.7
2026-01-13 23:00:00,,0.313,,-2.5
2026-01-14 00:00:00,,0.312,,-1.4
2026-01-14 01:00:00,,0.312,,0.3
2026-01-14 02:00:00,,0.312,,1.7
2026-01-14 03:00:00,,0.313,,3.2
2026-01-14 04:00:00,,0.315,,4.8
2026-01-14 05:00:00,,0.316,,5.7
2026-01-14 06:00:00,,0.317,,5.9
2026-01-14 07:00:00,,0.317,,6
2026-01-14 08:00:00,,0.317,,5.7
2026-01-14 09:00:00,,0.317,,5.4
2026-01-14 10:00:00,,0.318,,5.2
2026-01-14 11:00:00,,0.318,,4.9
2026-01-14 12:00:00,,0.318,,5.1
2026-01-14 13:00:00,,0.318,,5.2
2026-01-14 14:00:00,,0.318,,6
2026-01-14 15:00:00,,0.318,,5.8
2026-01-14 16:00:00,,0.318,,5.6
2026-01-14 17:00:00,,0.318,,6.2
2026-01-14 18:00:00,,0.318,,7.1
2026-01-14 19:00:00,,0.318,,7.7
2026-01-14 20:00:00,,0.318,,8.6
2026-01-14 21:00:00,,0.317,,10.5
2026-01-14 22:00:00,,0.318,,10.5
2026-01-14 23:00:00,,0.318,,10.4
2026-01-15 00:00:00,,0.318,,11.1
2026-01-15 01:00:00,,0.317,,12.9
2026-01-15 02:00:00,,0.317,,14.4
2026-01-15 03:00:00,,0.317,,14.2
2026-01-15 04:00:00,,0.317,,14.5
2026-01-15 05:00:00,,0.318,,13.4
2026-01-15 06:00:00,,0.318,,12.1
2026-01-15 07:00:00,,0.319,,11.2
2026-01-15 08:00:00,,0.319,,9.6
2026-01-15 09:00:00,,0.32,,8.3
2026-01-15 10:00:00,,0.32,,7.6
2026-01-15 11:00:00,,0.32,,7
2026-01-15 12:00:00,,0.32,,6.2
2026-01-15 13:00:00,,0.32,,5.8
2026-01-15 14:00:00,,0.32,,5.4
2026-01-15 15:00:00,,0.32,,4.8
2026-01-15 16:00:00,,0.321,,3.9
2026-01-15 17:00:00,,0.321,,2.5
2026-01-15 18:00:00,,0.321,,1.7
2026-01-15 19:00:00,,0.321,,1.1
2026-01-15 20:00:00,,0.321,,0.7
2026-01-15 21:00:00,,0.321,,0.4
2026-01-15 22:00:00,,0.321,,0.3
2026-01-15 23:00:00,,0.32,,0.6
2026-01-16 00:00:00,,0.32,,0.9
2026-01-16 01:00:00,,0.319,,2.8
2026-01-16 02:00:00,,0.318,,6.1
2026-01-16 03:00:00,,0.318,,8.8
2026-01-16 04:00:00,,0.317,,10.7
2026-01-16 05:00:00,,0.318,,10.7
2026-01-16 06:00:00,,0.318,,10.4
2026-01-16 07:00:00,,0.318,,9.8
2026-01-16 08:00:00,,0.318,,9.4
2026-01-16 09:00:00,,0.319,,8.8
2026-01-16 10:00:00,,0.319,,7.6
2026-01-16 11:00:00,,0.32,,6.6
2026-01-16 12:00:00,,0.32,,6.3
2026-01-16 13:00:00,,0.32,,5.4
2026-01-16 14:00:00,,0.32,,4.1
2026-01-16 15:00:00,,0.32,,3.8
2026-01-16 16:00:00,,0.32,,3.7
2026-01-16 17:00:00,,0.32,,3.7
2026-01-16 18:00:00,,0.32,,3.3
2026-01-16 19:00:00,,0.32,,3.8
2026-01-16 20:00:00,,0.32,,4.1
2026-01-16 21:00:00,,0.319,,4.5
2026-01-16 22:00:00,,0.319,,4.9
2026-01-16 23:00:00,,0.319,,4.8
2026-01-17 00:00:00,,0.319,,5
2026-01-17 01:00:00,,0.319,,5.5
2026-01-17 02:00:00,,0.319,,6.8
2026-01-17 03:00:00,,0.318,,7.6
2026-01-17 04:00:00,,0.318,,8.7
2026-01-17 05:00:00,,0.318,,8.7
2026-01-17 06:00:00,,0.319,,7.8
2026-01-17 07:00:00,,0.319,,6.6
2026-01-17 08:00:00,,0.32,,5.2
2026-01-17 09:00:00,,0.32,,3.9
2026-01-17 10:00:00,,0.32,,3.1
2026-01-17 11:00:00,,0.32,,2.5
2026-01-17 12:00:00,,0.32,,1.9
2026-01-17 13:00:00,,0.32,,1.4
2026-01-17 14:00:00,,0.32,,1.1
2026-01-17 15:00:00,,0.32,,0.8
2026-01-17 16:00:00,,0.32,,0.5
2026-01-17 17:00:00,,0.32,,-0.1
2026-01-17 18:00:00,,0.32,,-0.2
2026-01-17 19:00:00,,0.32,,-0.7
2026-01-17 20:00:00,,0.32,,-0.9
2026-01-17 21:00:00,,0.32,,-1.1
2026-01-17 22:00:00,,0.32,,-1.2
2026-01-17 23:00:00,,0.319,,-1
2026-01-18 00:00:00,,0.319,,0.7
2026-01-18 01:00:00,,0.318,,3.5
2026-01-18 02:00:00,,0.317,,6.6
2026-01-18 03:00:00,,0.317,,8.9
2026-01-18 04:00:00,,0.317,,10.5
2026-01-18 05:00:00,,0.317,,10.5
2026-01-18 06:00:00,,0.318,,9.5
2026-01-18 07:00:00,,0.318,,8.2
2026-01-18 08:00:00,,0.319,,6.9
2026-01-18 09:00:00,,0.319,,5.6
2026-01-18 10:00:00,,0.32,,4.8
2026-01-18 11:00:00,,0.32,,4.5
2026-01-18 12:00:00,,0.32,,4.2
2026-01-18 13:00:00,,0.32,,3.9
2026-01-18 14:00:00,,0.32,,3.7
2026-01-18 15:00:00,,0.32,,3.4
2026-01-18 16:00:00,,0.32,,3.2
2026-01-18 17:00:00,,0.32,,3.2
2026-01-18 18:00:00,,0.32,,3.1
2026-01-18 19:00:00,,0.32,,3.2
2026-01-18 20:00:00,,0.319,,3.7
2026-01-18 21:00:00,,0.319,,3.8
2026-01-18 22:00:00,,0.319,,3.5
2026-01-18 23:00:00,,0.32,,3
2026-01-19 00:00:00,,0.32,,2.7
2026-01-19 01:00:00,,0.32,,2.8
2026-01-19 02:00:00,,0.32,,2.8
2026-01-19 03:00:00,,0.319,,2.7
2026-01-19 04:00:00,,0.32,,2.3
2026-01-19 05:00:00,,0.319,,2.4
2026-01-19 06:00:00,,0.32,,1.7
2026-01-19 07:00:00,,0.32,,0.7
2026-01-19 08:00:00,,0.32,,-0.1
2026-01-19 09:00:00,,0.32,,-0.6
2026-01-19 10:00:00,,0.32,,-0.9
2026-01-19 11:00:00,,0.32,,-0.9
2026-01-19 12:00:00,,0.319,,-1.1
2026-01-19 13:00:00,,0.319,,-1.5
2026-01-19 14:00:00,,0.319,,-1.8
2026-01-19 15:00:00,,0.319,,-2.2
2026-01-19 16:00:00,,0.318,,-2.5
2026-01-19 17:00:00,,0.316,,-2.6
2026-01-19 18:00:00,,0.315,,-2.6
2026-01-19 19:00:00,,0.313,,-2.8
2026-01-19 20:00:00,,0.311,,-3.1
2026-01-19 21:00:00,,0.309,,-3.3
2026-01-19 22:00:00,,0.306,,-3.3
2026-01-19 23:00:00,,0.303,,-3.5
2026-01-20 00:00:00,,0.301,,-2.5
2026-01-20 01:00:00,,0.299,,-0.8
2026-01-20 02:00:00,,0.298,,-0
2026-01-20 03:00:00,,0.298,,0.5
2026-01-20 04:00:00,,0.299,,1.1
2026-01-20 05:00:00,,0.3,,0.8
2026-01-20 06:00:00,,0.3,,-0.1
2026-01-20 07:00:00,,0.3,,-0.7
2026-01-20 08:00:00,,0.299,,-1.4
2026-01-20 09:00:00,,0.298,,-2
2026-01-20 10:00:00,,0.296,,-2.3
2026-01-20 11:00:00,,0.294,,-2.5
2026-01-20 12:00:00,,0.293,,-2.7
2026-01-20 13:00:00,,0.291,,-2.6
2026-01-20 14:00:00,,0.29,,-2.5
2026-01-20 15:00:00,,0.288,,-2.2
2026-01-20 16:00:00,,0.285,,-2.1
2026-01-20 17:00:00,,0.281,,-2.2
2026-01-20 18:00:00,,0.278,,-2.8
2026-01-20 19:00:00,,0.275,,-2.9
2026-01-20 20:00:00,,0.272,,-3.3
2026-01-20 21:00:00,,0.269,,-3.6
2026-01-20 22:00:00,,0.267,,-3.7
2026-01-20 23:00:00,,0.263,,-3.7
2026-01-21 00:00:00,,0.26,,-3
2026-01-21 01:00:00,,0.257,,-2.4
2026-01-21 02:00:00,,0.255,,-2.8
2026-01-21 03:00:00,,0.253,,-2.4
2026-01-21 04:00:00,,0.251,,-2.1
2026-01-21 05:00:00,,0.249,,-2
2026-01-21 06:00:00,,0.248,,-2.2
2026-01-21 07:00:00,,0.247,,-2.7
2026-01-21 08:00:00,,0.244,,-3
2026-01-21 09:00:00,,0.242,,-3.3
2026-01-21 10:00:00,,0.239,,-3.6
2026-01-21 11:00:00,,0.236,,-3.5
2026-01-21 12:00:00,,0.233,,-3.4
2026-01-21 13:00:00,,0.231,,-3.5
2026-01-21 14:00:00,,0.229,,-3.8
2026-01-21 15:00:00,,0.227,,-3.6
2026-01-21 16:00:00,,0.225,,-3.8
2026-01-21 17:00:00,,0.224,,-3.6
2026-01-21 18:00:00,,0.222,,-3.9
2026-01-21 19:00:00,,0.221,,-4.2
2026-01-21 20:00:00,,0.218,,-4.6
2026-01-21 21:00:00,,0.215,,-5.2
2026-01-21 22:00:00,,0.212,,-5.3
2026-01-21 23:00:00,,0.209,,-4.9
2026-01-22 00:00:00,,0.208,,-4
2026-01-22 01:00:00,,0.208,,-2.8
2026-01-22 02:00:00,,0.207,,-2.2
2026-01-22 03:00:00,,0.207,,-1.7
2026-01-22 04:00:00,,0.208,,-0.6
2026-01-22 05:00:00,,0.208,,-1
2026-01-22 06:00:00,,0.208,,-1.2
2026-01-22 07:00:00,,0.208,,-1.5
2026-01-22 08:00:00,,0.208,,-2
2026-01-22 09:00:00,,0.207,,-2.6
2026-01-22 10:00:00,,0.206,,-2.7
2026-01-22 11:00:00,,0.206,,-2.6
2026-01-22 12:00:00,,0.206,,-2.9
2026-01-22 13:00:00,,0.205,,-3.4
2026-01-22 14:00:00,,0.205,,-3.4
2026-01-22 15:00:00,,0.204,,-3.5
2026-01-22 16:00:00,,0.203,,-3.5
2026-01-22 17:00:00,,0.203,,-3.3
2026-01-22 18:00:00,,0.203,,-3.4
2026-01-22 19:00:00,,0.202,,-3.7
2026-01-22 20:00:00,,0.201,,-3.6
2026-01-22 21:00:00,,0.201,,-3.7
2026-01-22 22:00:00,,0.2,,-3.9
2026-01-22 23:00:00,,0.199,,-3.7
2026-01-23 00:00:00,,0.199,,-2.7
2026-01-23 01:00:00,,0.2,,-1.2
2026-01-23 02:00:00,,0.201,,0.3
2026-01-23 03:00:00,,0.203,,1
2026-01-23 04:00:00,,0.205,,1.5
2026-01-23 05:00:00,,0.207,,2.1
2026-01-23 06:00:00,,0.209,,1.4
2026-01-23 07:00:00,,0.21,,1.3
2026-01-23 08:00:00,,0.21,,1
2026-01-23 09:00:00,,0.211,,0.6
2026-01-23 10:00:00,,0.211,,0.6
2026-01-23 11:00:00,,0.211,,0.3
2026-01-23 12:00:00,,0.211,,0.2
2026-01-23 13:00:00,,0.211,,0
2026-01-23 14:00:00,,0.211,,-0.1
2026-01-23 15:00:00,,0.21,,-0.3
2026-01-23 16:00:00,,0.21,,-0.6
2026-01-23 17:00:00,,0.209,,-1
2026-01-23 18:00:00,,0.209,,-1.3
2026-01-23 19:00:00,,0.208,,-1
2026-01-23 20:00:00,,0.207,,-0.7
2026-01-23 21:00:00,,0.207,,0
2026-01-23 22:00:00,,0.208,,-0.1
2026-01-23 23:00:00,,0.207,,-0.5
2026-01-24 00:00:00,,0.207,,-0.3
2026-01-24 01:00:00,,0.208,,0.4
2026-01-24 02:00:00,,0.208,,1.4
2026-01-24 03:00:00,,0.21,,2.1
2026-01-24 04:00:00,,0.213,,2.5
2026-01-24 05:00:00,,0.214,,1.5
2026-01-24 06:00:00,,0.214,,1.3
2026-01-24 07:00:00,,0.215,,0.8
2026-01-24 08:00:00,,0.214,,-0
2026-01-24 09:00:00,,0.213,,-0.8
2026-01-24 10:00:00,,0.212,,-1.2
2026-01-24 11:00:00,,0.212,,-1.2
2026-01-24 12:00:00,,0.211,,-1.7
2026-01-24 13:00:00,,0.209,,-1.9
2026-01-24 14:00:00,,0.207,,-2.2
2026-01-24 15:00:00,,0.205,,-2.4
2026-01-24 16:00:00,,0.204,,-2.7
2026-01-24 17:00:00,,0.203,,-2.3
2026-01-24 18:00:00,,0.202,,-2.2
2026-01-24 19:00:00,,0.202,,-2.2
2026-01-24 20:00:00,,0.201,,-2.2
2026-01-24 21:00:00,,0.201,,-2.6
2026-01-24 22:00:00,,0.2,,-3
2026-01-24 23:00:00,,0.199,,-2.9
2026-01-25 00:00:00,,0.199,,-1.2
2026-01-25 01:00:00,,0.201,,1
2026-01-25 02:00:00,,0.203,,1.9
2026-01-25 03:00:00,,0.205,,2
2026-01-25 04:00:00,,0.208,,3.4
2026-01-25 05:00:00,,0.211,,2.3
2026-01-25 06:00:00,,0.212,,1.8
2026-01-25 07:00:00,,0.213,,0.8
2026-01-25 08:00:00,,0.212,,-0.3
2026-01-25 09:00:00,,0.211,,-1.2
2026-01-25 10:00:00,,0.21,,-1.8
2026-01-25 11:00:00,,0.208,,-2.1
2026-01-25 12:00:00,,0.206,,-2.4
2026-01-25 13:00:00,,0.203,,-2.6
2026-01-25 14:00:00,,0.202,,-2.8
2026-01-25 15:00:00,,0.2,,-3.2
2026-01-25 16:00:00,,0.199,,-3.4
2026-01-25 17:00:00,,0.198,,-3.6
2026-01-25 18:00:00,,0.197,,-4.1
2026-01-25 19:00:00,,0.196,,-4.5
2026-01-25 20:00:00,,0.195,,-4.4
2026-01-25 21:00:00,,0.193,,-4.5
2026-01-25 22:00:00,,0.192,,-4.8
2026-01-25 23:00:00,,0.191,,-4.1
2026-01-26 00:00:00,,0.191,,-2
2026-01-26 01:00:00,,0.192,,-1.2
2026-01-26 02:00:00,,0.192,,-0.6
2026-01-26 03:00:00,,0.193,,0.2
2026-01-26 04:00:00,,0.194,,0.8
2026-01-26 05:00:00,,0.195,,1.1
2026-01-26 06:00:00,,0.196,,1.3
2026-01-26 07:00:00,,0.197,,1.2
2026-01-26 08:00:00,,0.198,,0.8
2026-01-26 09:00:00,,0.198,,0.3
2026-01-26 10:00:00,,0.198,,-0
2026-01-26 11:00:00,,0.198,,-0.2
2026-01-26 12:00:00,,0.198,,-0.3
2026-01-26 13:00:00,,0.198,,-0.7
2026-01-26 14:00:00,,0.198,,-1
2026-01-26 15:00:00,,0.197,,-1.1
2026-01-26 16:00:00,,0.197,,-0.7
2026-01-26 17:00:00,,0.197,,-0.7
2026-01-26 18:00:00,,0.197,,-0.7
2026-01-26 19:00:00,,0.197,,-0.7
2026-01-26 20:00:00,,0.197,,-0.5
2026-01-26 21:00:00,,0.197,,0
2026-01-26 22:00:00,,0.197,,0.1
2026-01-26 23:00:00,,0.198,,0.4
2026-01-27 00:00:00,,0.199,,1.5
2026-01-27 01:00:00,,0.201,,2.7
2026-01-27 02:00:00,,0.204,,3.5
2026-01-27 03:00:00,,0.208,,3.4
2026-01-27 04:00:00,,0.213,,4
2026-01-27 05:00:00,,0.215,,2.6
2026-01-27 06:00:00,,0.217,,1.7
2026-01-27 07:00:00,,0.217,,0.9
2026-01-27 08:00:00,,0.217,,-0.1
2026-01-27 09:00:00,,0.215,,-0.8
2026-01-27 10:00:00,,0.215,,-1.1
2026-01-27 11:00:00,,0.214,,-1.2
2026-01-27 12:00:00,,0.213,,-1.2
2026-01-27 13:00:00,,0.211,,-1.3
2026-01-27 14:00:00,,0.21,,-1.6
2026-01-27 15:00:00,,0.207,,-1.7
2026-01-27 16:00:00,,0.205,,-1.9
2026-01-27 17:00:00,,0.204,,-1.7
2026-01-27 18:00:00,,0.203,,-1.7
2026-01-27 19:00:00,,0.201,,-1.8
2026-01-27 20:00:00,,0.2,,-2.1
2026-01-27 21:00:00,,0.199,,-2.7
2026-01-27 22:00:00,,0.197,,-3.3
2026-01-27 23:00:00,,0.196,,-3.3
2026-01-28 00:00:00,,0.195,,-1.7
2026-01-28 01:00:00,,0.196,,0.1
2026-01-28 02:00:00,,0.197,,1.2
2026-01-28 03:00:00,,0.198,,1.5
2026-01-28 04:00:00,,0.2,,2.8
2026-01-28 05:00:00,,0.202,,2.4
2026-01-28 06:00:00,,0.204,,2
2026-01-28 07:00:00,,0.205,,1.2
2026-01-28 08:00:00,,0.205,,0.3
2026-01-28 09:00:00,,0.205,,-0.7
2026-01-28 10:00:00,,0.204,,-1.2
2026-01-28 11:00:00,,0.203,,-1.4
2026-01-28 12:00:00,,0.202,,-1.7
2026-01-28 13:00:00,,0.2,,-2
2026-01-28 14:00:00,,0.199,,-2.2
2026-01-28 15:00:00,,0.198,,-2.5
2026-01-28 16:00:00,,0.196,,-3.1
2026-01-28 17:00:00,,0.195,,-3.1
2026-01-28 18:00:00,,0.194,,-3.5
2026-01-28 19:00:00,,0.192,,-4
2026-01-28 20:00:00,,0.191,,-3.9
2026-01-28 21:00:00,,0.19,,-4
2026-01-28 22:00:00,,0.188,,-4.1
2026-01-28 23:00:00,,0.187,,-3.6
2026-01-29 00:00:00,,0.187,,-2.8
2026-01-29 01:00:00,,0.187,,-1.8
2026-01-29 02:00:00,,0.188,,0
2026-01-29 03:00:00,,0.19,,1.3
2026-01-29 04:00:00,,0.192,,3.1
2026-01-29 05:00:00,,0.195,,3
2026-01-29 06:00:00,,0.197,,2.4
2026-01-29 07:00:00,,0.199,,1.6
2026-01-29 08:00:00,,0.2,,0.8
2026-01-29 09:00:00,,0.199,,-0.5
2026-01-29 10:00:00,,0.198,,-1
2026-01-29 11:00:00,,0.198,,-1.2
2026-01-29 12:00:00,,0.197,,-1.4
2026-01-29 13:00:00,,0.197,,-1.7
2026-01-29 14:00:00,,0.196,,-1.9
2026-01-29 15:00:00,,0.195,,-2.2
2026-01-29 16:00:00,,0.194,,-2.3
2026-01-29 17:00:00,,0.193,,-2.3
2026-01-29 18:00:00,,0.192,,-2.6
2026-01-29 19:00:00,,0.192,,-2.8
2026-01-29 20:00:00,,0.191,,-2.5
2026-01-29 21:00:00,,0.19,,-3
2026-01-29 22:00:00,,0.189,,-3.5
2026-01-29 23:00:00,,0.188,,-3.4
2026-01-30 00:00:00,,0.187,,-2.6
2026-01-30 01:00:00,,0.188,,-1.5
2026-01-30 02:00:00,,0.189,,0.1
2026-01-30 03:00:00,,0.19,,1.2
2026-01-30 04:00:00,,0.192,,1.2
2026-01-30 05:00:00,,0.193,,1.2
2026-01-30 06:00:00,,0.194,,1
2026-01-30 07:00:00,,0.195,,0.3
2026-01-30 08:00:00,,0.195,,-0.6
2026-01-30 09:00:00,,0.194,,-1.5
2026-01-30 10:00:00,,0.193,,-1.9
2026-01-30 11:00:00,,0.193,,-2.3
2026-01-30 12:00:00,,0.192,,-2.5
2026-01-30 13:00:00,,0.192,,-2.8
2026-01-30 14:00:00,,0.191,,-3
2026-01-30 15:00:00,,0.19,,-3.4
2026-01-30 16:00:00,,0.189,,-3.8
2026-01-30 17:00:00,,0.187,,-4.1
2026-01-30 18:00:00,,0.186,,-4.3
2026-01-30 19:00:00,,0.185,,-4.2
2026-01-30 20:00:00,,0.184,,-4
2026-01-30 21:00:00,,0.183,,-4.1
2026-01-30 22:00:00,,0.182,,-4.6
2026-01-30 23:00:00,,0.181,,-4.4
2026-01-31 00:00:00,,0.181,,-2.9
2026-01-31 01:00:00,,0.182,,0.2
2026-01-31 02:00:00,,0.185,,1.7
2026-01-31 03:00:00,,0.188,,2.6
2026-01-31 04:00:00,,0.191,,3.6
2026-01-31 05:00:00,,0.193,,2.9
2026-01-31 06:00:00,,0.195,,2.5
2026-01-31 07:00:00,,0.197,,1.9
2026-01-31 08:00:00,,0.198,,1
2026-01-31 09:00:00,,0.198,,0.1
2026-01-31 10:00:00,,0.197,,-0.5
2026-01-31 11:00:00,,0.197,,-0.8
2026-01-31 12:00:00,,0.197,,-0.9
2026-01-31 13:00:00,,0.196,,-1.2
2026-01-31 14:00:00,,0.196,,-1.1
2026-01-31 15:00:00,,0.196,,-1.1
2026-01-31 16:00:00,,0.195,,-1.2
2026-01-31 17:00:00,,0.195,,-1.4
2026-01-31 18:00:00,,0.194,,-1.6
2026-01-31 19:00:00,,0.194,,-1.7
2026-01-31 20:00:00,,0.193,,-1.6
2026-01-31 21:00:00,,0.193,,-1.7
2026-01-31 22:00:00,,0.193,,-1.8
2026-01-31 23:00:00,,0.192,,-1.8
2026-02-01 00:00:00,,0.192,,-0.6
2026-02-01 01:00:00,,0.194,,2.2
2026-02-01 02:00:00,,0.197,,3.2
2026-02-01 03:00:00,,0.201,,4
2026-02-01 04:00:00,,0.206,,5.3
2026-02-01 05:00:00,,0.211,,4.4
2026-02-01 06:00:00,,0.215,,3.8
2026-02-01 07:00:00,,0.218,,2.8
2026-02-01 08:00:00,,0.219,,1.7
2026-02-01 09:00:00,,0.219,,0.6
2026-02-01 10:00:00,,0.218,,0.1
2026-02-01 11:00:00,,0.218,,-0.6
2026-02-01 12:00:00,,0.217,,-0.9
2026-02-01 13:00:00,,0.217,,-1.2
2026-02-01 14:00:00,,0.215,,-1.4
2026-02-01 15:00:00,,0.214,,-1.5
2026-02-01 16:00:00,,0.211,,-1.8
2026-02-01 17:00:00,,0.208,,-2.2
2026-02-01 18:00:00,,0.206,,-1.9
2026-02-01 19:00:00,,0.204,,-1.8
2026-02-01 20:00:00,,0.203,,-1.7
2026-02-01 21:00:00,,0.202,,-1.6
2026-02-01 22:00:00,,0.202,,-1.3
2026-02-01 23:00:00,,0.201,,-1.2
2026-02-02 00:00:00,,0.201,,-0.1
2026-02-02 01:00:00,,0.202,,1
2026-02-02 02:00:00,,0.203,,1.5
2026-02-02 03:00:00,,0.206,,1.9
2026-02-02 04:00:00,,0.208,,2
2026-02-02 05:00:00,,0.21,,1.9
2026-02-02 06:00:00,,0.212,,1.6
2026-02-02 07:00:00,,0.213,,1.2
2026-02-02 08:00:00,,0.213,,0.4
2026-02-02 09:00:00,,0.213,,-0.4
2026-02-02 10:00:00,,0.212,,-0.9
2026-02-02 11:00:00,,0.211,,-0.9
2026-02-02 12:00:00,,0.211,,-0.9
2026-02-02 13:00:00,,0.21,,-1.1
2026-02-02 14:00:00,,0.209,,-1.4
2026-02-02 15:00:00,,0.207,,-1.5
2026-02-02 16:00:00,,0.205,,-1.8
2026-02-02 17:00:00,,0.203,,-2.1
2026-02-02 18:00:00,,0.201,,-2.3
2026-02-02 19:00:00,,0.2,,-2.2
2026-02-02 20:00:00,,0.198,,-2.3
2026-02-02 21:00:00,,0.197,,-2.6
2026-02-02 22:00:00,,0.196,,-3
2026-02-02 23:00:00,,0.195,,-2.3
2026-02-03 00:00:00,,0.195,,-0.3
2026-02-03 01:00:00,,0.196,,2.3
2026-02-03 02:00:00,,0.199,,3.4
2026-02-03 03:00:00,,0.204,,4.6
2026-02-03 04:00:00,,0.211,,6.7
2026-02-03 05:00:00,,0.218,,5.3
2026-02-03 06:00:00,,0.223,,4.6
2026-02-03 07:00:00,,0.227,,3.6
2026-02-03 08:00:00,,0.229,,2.6
2026-02-03 09:00:00,,0.23,,1.6
2026-02-03 10:00:00,,0.23,,1.3
2026-02-03 11:00:00,,0.23,,1
2026-02-03 12:00:00,,0.23,,0.7
2026-02-03 13:00:00,,0.23,,0.3
2026-02-03 14:00:00,,0.229,,0.2
2026-02-03 15:00:00,,0.229,,-0.1
2026-02-03 16:00:00,,0.229,,-0.3
2026-02-03 17:00:00,,0.228,,-0.4
2026-02-03 18:00:00,,0.228,,-0.8
2026-02-03 19:00:00,,0.227,,-0.8
2026-02-03 20:00:00,,0.226,,-1.1
2026-02-03 21:00:00,,0.225,,-1.2
2026-02-03 22:00:00,,0.222,,-1.4
2026-02-03 23:00:00,,0.22,,-1
2026-02-04 00:00:00,,0.22,,-0
2026-02-04 01:00:00,,0.221,,1.9
2026-02-04 02:00:00,,0.225,,4.2
2026-02-04 03:00:00,,0.231,,6.2
2026-02-04 04:00:00,,0.241,,7.8
2026-02-04 05:00:00,,0.251,,7.7
2026-02-04 06:00:00,0.185,0.26,6,7.1
2026-02-04 07:00:00,0.185,0.266,4.9,6.2
2026-02-04 08:00:00,0.185,0.271,4.8,5.1
2026-02-04 09:00:00,0.185,0.275,4.8,4.5
2026-02-04 10:00:00,0.185,0.278,4.8,4
2026-02-04 11:00:00,0.184,0.281,4.8,3.1
2026-02-04 12:00:00,0.184,0.282,4.7,2.9
2026-02-04 13:00:00,0.184,0.284,4.7,2.2
2026-02-04 14:00:00,0.184,0.285,4.6,2.4
2026-02-04 15:00:00,0.184,0.286,4.6,2.4
2026-02-04 16:00:00,0.184,0.287,4.5,2.6
2026-02-04 17:00:00,0.184,0.289,4.5,2.3
2026-02-04 18:00:00,0.183,0.29,4.5,2.1
2026-02-04 19:00:00,0.183,0.291,4.5,2.2
2026-02-04 20:00:00,0.183,0.292,4.4,2.1
2026-02-04 21:00:00,0.183,0.293,4.4,2
2026-02-04 22:00:00,0.183,0.294,4.4,1.9
2026-02-04 23:00:00,0.183,0.295,4.4,2.5
2026-02-05 00:00:00,0.183,0.296,4.4,3.9
2026-02-05 01:00:00,0.183,0.299,4.4,6.3
2026-02-05 02:00:00,0.183,0.302,4.5,9.1
2026-02-05 03:00:00,0.182,0.306,4.8,10.6
2026-02-05 04:00:00,0.182,0.309,5.1,12.3
2026-02-05 05:00:00,0.182,0.312,5.5,10.7
2026-02-05 06:00:00,0.182,0.314,5.8,9.8
2026-02-05 07:00:00,0.182,0.316,6.1,8.6
2026-02-05 08:00:00,0.182,0.316,6.2,7.4
2026-02-05 09:00:00,0.182,0.317,6.2,6.1
2026-02-05 10:00:00,0.182,0.317,6.2,5.4
2026-02-05 11:00:00,0.182,0.318,6.1,4.8
2026-02-05 12:00:00,0.182,0.318,6.1,3.8
2026-02-05 13:00:00,0.182,0.318,6,2.9
2026-02-05 14:00:00,0.182,0.318,5.9,2.8
2026-02-05 15:00:00,0.182,0.318,5.7,2.3
2026-02-05 16:00:00,0.182,0.318,5.6,1.8
2026-02-05 17:00:00,0.182,0.318,5.5,1.2
2026-02-05 18:00:00,0.182,0.318,5.3,0.7
2026-02-05 19:00:00,0.182,0.318,5.2,-0.1
2026-02-05 20:00:00,0.182,0.318,5,-0.5
2026-02-05 21:00:00,0.182,0.318,4.9,-0.8
2026-02-05 22:00:00,0.182,0.318,4.7,-1.2
2026-02-05 23:00:00,0.182,0.318,4.6,-1.1
2026-02-06 00:00:00,0.182,0.318,4.4,-0.1
2026-02-06 01:00:00,0.183,0.318,4.3,1.4
2026-02-06 02:00:00,0.183,0.318,4.3,2.5
2026-02-06 03:00:00,0.182,0.318,4.4,3.2
2026-02-06 04:00:00,0.182,0.317,4.5,4.8
2026-02-06 05:00:00,0.182,0.318,4.7,3.1
2026-02-06 06:00:00,0.182,0.318,4.8,2
2026-02-06 07:00:00,0.182,0.318,4.8,0.6
2026-02-06 08:00:00,0.182,0.318,4.8,-0.8
2026-02-06 09:00:00,0.182,0.318,4.7,-1.7
2026-02-06 10:00:00,0.183,0.318,4.5,-2
2026-02-06 11:00:00,0.183,0.318,4.3,-2.1
2026-02-06 12:00:00,0.183,0.318,4.1,-2
2026-02-06 13:00:00,0.183,0.317,4,-1.8
2026-02-06 14:00:00,0.183,0.315,3.9,-1.8
2026-02-06 15:00:00,0.183,0.314,3.8,-1.8
2026-02-06 16:00:00,0.183,0.313,3.7,-1.9
2026-02-06 17:00:00,0.183,0.312,3.6,-1.9
2026-02-06 18:00:00,0.183,0.31,3.5,-2
2026-02-06 19:00:00,0.184,0.309,3.4,-2.3
2026-02-06 20:00:00,0.184,0.308,3.4,-2.6
2026-02-06 21:00:00,0.184,0.305,3.3,-3
2026-02-06 22:00:00,0.184,0.302,3.2,-3.2
2026-02-06 23:00:00,0.184,0.299,3.2,-2.6
2026-02-07 00:00:00,0.184,0.298,3.1,-1.5
2026-02-07 01:00:00,0.184,0.297,3.1,-0.6
2026-02-07 02:00:00,0.184,0.296,3,0
2026-02-07 03:00:00,0.184,0.296,3,-0.4
2026-02-07 04:00:00,0.184,0.296,3,-0.8
2026-02-07 05:00:00,0.184,0.296,3.1,-0.2
2026-02-07 06:00:00,0.184,0.296,3.1,-0.7
2026-02-07 07:00:00,0.184,0.295,3.2,-1.5
2026-02-07 08:00:00,0.184,0.294,3.2,-2.4
2026-02-07 09:00:00,0.184,0.293,3.1,-2.9
2026-02-07 10:00:00,0.184,0.29,3.1,-3.3
2026-02-07 11:00:00,0.184,0.287,3,-3.5
2026-02-07 12:00:00,0.184,0.284,3,-3.4
2026-02-07 13:00:00,0.184,0.282,2.9,-3.2
2026-02-07 14:00:00,0.184,0.279,2.9,-3.1
2026-02-07 15:00:00,0.184,0.276,2.8,-3.2
2026-02-07 16:00:00,0.184,0.273,2.8,-3.5
2026-02-07 17:00:00,0.184,0.27,2.8,-3.5
2026-02-07 18:00:00,0.184,0.267,2.8,-3.5
2026-02-07 19:00:00,0.184,0.263,2.8,-3.7
2026-02-07 20:00:00,0.184,0.257,2.8,-3.8
2026-02-07 21:00:00,0.184,0.251,2.8,-4.1
2026-02-07 22:00:00,0.184,0.246,2.8,-4.4
2026-02-07 23:00:00,0.183,0.241,2.8,-4.2
2026-02-08 00:00:00,0.184,0.237,2.8,-3.5
2026-02-08 01:00:00,0.184,0.234,2.8,-3
2026-02-08 02:00:00,0.183,0.232,2.8,-1.9
2026-02-08 03:00:00,0.183,0.231,2.8,-1.2
2026-02-08 04:00:00,0.183,0.23,2.8,-1
2026-02-08 05:00:00,0.184,0.23,2.8,-1.2
2026-02-08 06:00:00,0.183,0.229,2.8,-1.2
2026-02-08 07:00:00,0.183,0.228,2.9,-1.7
2026-02-08 08:00:00,0.183,0.226,2.9,-2.4
2026-02-08 09:00:00,0.183,0.224,2.9,-2.8
2026-02-08 10:00:00,0.183,0.222,3,-2.8
2026-02-08 11:00:00,0.183,0.221,3,-3
2026-02-08 12:00:00,0.183,0.219,3,-2.9
2026-02-08 13:00:00,0.183,0.218,3,-2.5
2026-02-08 14:00:00,0.183,0.217,3,-2.3
2026-02-08 15:00:00,0.183,0.216,3,-2.3
2026-02-08 16:00:00,0.183,0.215,3,-2.9
2026-02-08 17:00:00,0.183,0.214,3,-2.9
2026-02-08 18:00:00,0.183,0.213,3,-2.9
2026-02-08 19:00:00,0.183,0.212,3,-3
2026-02-08 20:00:00,0.183,0.211,3,-3.3
2026-02-08 21:00:00,0.183,0.21,2.9,-3.6
2026-02-08 22:00:00,0.183,0.208,2.9,-4
2026-02-08 23:00:00,0.183,0.207,2.9,-3.3
2026-02-09 00:00:00,0.183,0.207,2.9,-1.9
2026-02-09 01:00:00,0.183,0.208,2.9,0.3
2026-02-09 02:00:00,0.183,0.21,2.9,1.9
2026-02-09 03:00:00,0.183,0.214,2.9,3.4
2026-02-09 04:00:00,0.184,0.22,2.9,5.2
2026-02-09 05:00:00,0.185,0.223,3,3.7
2026-02-09 06:00:00,0.192,0.225,3,3.6
2026-02-09 07:00:00,0.207,0.227,3.1,2.9
2026-02-09 08:00:00,0.211,0.228,3.1,2
2026-02-09 09:00:00,0.213,0.228,3.2,0.9
2026-02-09 10:00:00,0.213,0.228,3.3,0.4
2026-02-09 11:00:00,0.211,0.227,3.2,0.2
2026-02-09 12:00:00,0.209,0.227,3.2,-0.1
2026-02-09 13:00:00,0.206,0.227,3.2,-0.3
2026-02-09 14:00:00,0.202,0.226,3.2,-0.7
2026-02-09 15:00:00,0.2,0.226,3.1,-0.8
2026-02-09 16:00:00,0.197,0.225,3.1,-0.8
2026-02-09 17:00:00,0.195,0.224,3.1,-0.6
2026-02-09 18:00:00,0.194,0.224,3,-0.7
2026-02-09 19:00:00,0.194,0.223,3,-0.7
2026-02-09 20:00:00,0.193,0.223,3,-0.6
2026-02-09 21:00:00,0.192,0.222,2.9,-0.5
2026-02-09 22:00:00,0.192,0.222,2.9,-0.5
2026-02-09 23:00:00,0.192,0.222,2.9,-0.3
2026-02-10 00:00:00,0.191,0.222,2.9,0.3
2026-02-10 01:00:00,0.191,0.223,2.9,1
2026-02-10 02:00:00,0.191,0.224,2.9,1.5
2026-02-10 03:00:00,0.191,0.225,2.9,1.5
2026-02-10 04:00:00,0.191,0.226,3,1.8
2026-02-10 05:00:00,0.191,0.227,3.1,1.8
2026-02-10 06:00:00,0.191,0.229,3.2,1.9
2026-02-10 07:00:00,0.191,0.23,3.3,1.8
2026-02-10 08:00:00,0.191,0.231,3.3,1.7
2026-02-10 09:00:00,0.191,0.232,3.4,1.6
2026-02-10 10:00:00,0.191,0.233,3.5,1.6
2026-02-10 11:00:00,0.191,0.234,3.5,1.6
2026-02-10 12:00:00,0.191,0.235,3.5,1.7
2026-02-10 13:00:00,0.191,0.236,3.6,1.6
2026-02-10 14:00:00,0.191,0.237,3.6,1.5
2026-02-10 15:00:00,0.19,0.239,3.6,1.5
2026-02-10 16:00:00,0.19,0.24,3.6,1.6
2026-02-10 17:00:00,0.19,0.242,3.6,1.5
2026-02-10 18:00:00,0.19,0.243,3.7,1.5
2026-02-10 19:00:00,0.19,0.244,3.7,1.3
2026-02-10 20:00:00,0.19,0.245,3.7,1.3
2026-02-10 21:00:00,0.19,0.246,3.7,1.1
2026-02-10 22:00:00,0.19,0.247,3.6,1.1
2026-02-10 23:00:00,0.19,0.248,3.6,1.4
2026-02-11 00:00:00,0.19,0.25,3.6,2.1
2026-02-11 01:00:00,0.19,0.254,3.6,3.2
2026-02-11 02:00:00,0.19,0.26,3.7,4.7
2026-02-11 03:00:00,0.19,0.268,3.9,6.6
2026-02-11 04:00:00,0.189,0.276,4.2,6.4
2026-02-11 05:00:00,0.189,0.283,4.5,5.6
2026-02-11 06:00:00,0.189,0.289,4.7,6.2
2026-02-11 07:00:00,0.189,0.294,4.9,5.9
2026-02-11 08:00:00,0.189,0.298,5.1,4
2026-02-11 09:00:00,0.189,0.301,5.1,2.9
2026-02-11 10:00:00,0.189,0.302,5.1,2.5
2026-02-11 11:00:00,0.189,0.304,5,1.7
2026-02-11 12:00:00,0.189,0.304,4.9,1.2
2026-02-11 13:00:00,0.189,0.305,4.8,0.9
2026-02-11 14:00:00,0.189,0.305,4.7,0.4
2026-02-11 15:00:00,0.189,0.305,4.5,0.2
2026-02-11 16:00:00,0.189,0.304,4.4,-0.4
2026-02-11 17:00:00,0.189,0.304,4.3,-0.9
2026-02-11 18:00:00,0.189,0.304,4.2,-1.2
2026-02-11 19:00:00,0.189,0.303,4,-1.6
2026-02-11 20:00:00,0.189,0.302,3.9,-1.9
2026-02-11 21:00:00,0.189,0.298,3.8,-1.9
2026-02-11 22:00:00,0.189,0.295,3.7,-2.1
2026-02-11 23:00:00,0.189,0.292,3.6,-2
2026-02-12 00:00:00,0.19,0.29,3.6,-1
2026-02-12 01:00:00,0.189,0.29,3.5,1.2
2026-02-12 02:00:00,0.189,0.292,3.5,4
2026-02-12 03:00:00,0.189,0.299,3.5,6.4
2026-02-12 04:00:00,0.189,0.303,3.8,8
2026-02-12 05:00:00,0.189,0.307,4.2,7.3
2026-02-12 06:00:00,0.189,0.31,4.7,7.3
2026-02-12 07:00:00,0.188,0.313,4.9,6.6
2026-02-12 08:00:00,0.189,0.315,5.1,5.4
2026-02-12 09:00:00,0.188,0.316,5.1,4
2026-02-12 10:00:00,0.188,0.317,5.1,3.2
2026-02-12 11:00:00,0.188,0.317,5,2.5
2026-02-12 12:00:00,0.188,0.317,4.9,2.1
2026-02-12 13:00:00,0.188,0.317,4.8,1.3
2026-02-12 14:00:00,0.188,0.318,4.7,1.2
2026-02-12 15:00:00,0.188,0.318,4.6,0.2
2026-02-12 16:00:00,0.188,0.318,4.5,-0.1
2026-02-12 17:00:00,0.188,0.318,4.4,-0.4
2026-02-12 18:00:00,0.188,0.318,4.3,-0.9
2026-02-12 19:00:00,0.189,0.318,4.1,-1.1
2026-02-12 20:00:00,0.189,0.318,4,-1.3
2026-02-12 21:00:00,0.189,0.317,3.9,-1.4
2026-02-12 22:00:00,0.189,0.316,3.8,-1.5
2026-02-12 23:00:00,0.189,0.314,3.7,-0.8
2026-02-13 00:00:00,0.189,0.313,3.6,1.1
2026-02-13 01:00:00,0.189,0.314,3.6,4
2026-02-13 02:00:00,0.189,0.316,3.7,6.8
2026-02-13 03:00:00,0.189,0.316,3.9,9.1
2026-02-13 04:00:00,0.188,0.316,4.2,10.5
2026-02-13 05:00:00,0.188,0.316,4.7,10.4
2026-02-13 06:00:00,0.188,0.316,5.1,10.2
2026-02-13 07:00:00,0.188,0.317,5.4,9.2
2026-02-13 08:00:00,0.188,0.317,5.7,8
2026-02-13 09:00:00,0.188,0.317,5.8,6.9
2026-02-13 10:00:00,0.188,0.317,5.8,6.2
2026-02-13 11:00:00,0.188,0.317,5.8,5.4
2026-02-13 12:00:00,0.188,0.317,5.8,4.7
2026-02-13 13:00:00,0.188,0.317,5.7,4.1
2026-02-13 14:00:00,0.188,0.317,5.6,3.6
2026-02-13 15:00:00,0.188,0.317,5.5,3.4
2026-02-13 16:00:00,0.188,0.317,5.4,2.8
2026-02-13 17:00:00,0.188,0.317,5.3,2.1
2026-02-13 18:00:00,0.188,0.317,5.2,1.9
2026-02-13 19:00:00,0.188,0.317,5.1,1.7
2026-02-13 20:00:00,0.188,0.317,5,1.4
2026-02-13 21:00:00,0.188,0.317,4.9,1.8
2026-02-13 22:00:00,0.188,0.317,4.8,1.6
2026-02-13 23:00:00,0.188,0.317,4.8,2.2
2026-02-14 00:00:00,0.188,0.316,4.7,4.3
2026-02-14 01:00:00,0.188,0.316,4.8,6
2026-02-14 02:00:00,0.188,0.315,4.9,8.3
2026-02-14 03:00:00,0.188,0.315,5.1,10.1
2026-02-14 04:00:00,0.188,0.315,5.4,10.8
2026-02-14 05:00:00,0.188,0.315,5.7,11.8
2026-02-14 06:00:00,0.187,0.316,6,11.6
2026-02-14 07:00:00,0.188,0.316,6.2,11.7
2026-02-14 08:00:00,0.187,0.316,6.5,11.5
2026-02-14 09:00:00,0.187,0.317,6.7,10.9
2026-02-14 10:00:00,0.187,0.317,6.8,10.1
2026-02-14 11:00:00,0.187,0.317,6.8,9.6
2026-02-14 12:00:00,0.187,0.318,6.8,8.4
2026-02-14 13:00:00,0.187,0.318,6.8,8
2026-02-14 14:00:00,0.187,0.318,6.7,7.4
2026-02-14 15:00:00,0.187,0.318,6.7,6.5
2026-02-14 16:00:00,0.187,0.318,6.6,5.9
2026-02-14 17:00:00,0.187,0.318,6.5,6
2026-02-14 18:00:00,0.187,0.318,6.4,5.5
2026-02-14 19:00:00,0.187,0.318,6.3,5.4
2026-02-14 20:00:00,0.187,0.318,6.2,5.5
2026-02-14 21:00:00,0.187,0.318,6.2,5.3
2026-02-14 22:00:00,0.187,0.318,6.1,5
2026-02-14 23:00:00,0.187,0.318,6,5.2
2026-02-15 00:00:00,0.187,0.317,6,7.1
2026-02-15 01:00:00,0.187,0.316,6,9.8
2026-02-15 02:00:00,0.187,0.316,6.2,11.3
2026-02-15 03:00:00,0.187,0.316,6.4,12.1
2026-02-15 04:00:00,0.187,0.316,6.7,11.4
2026-02-15 05:00:00,0.187,0.317,7.1,10.6
2026-02-15 06:00:00,0.187,0.317,7.3,9.7
2026-02-15 07:00:00,0.187,0.317,7.4,9.1
2026-02-15 08:00:00,0.186,0.317,7.4,8.3
2026-02-15 09:00:00,0.187,0.318,7.4,7.1
2026-02-15 10:00:00,0.187,0.318,7.3,5.7
2026-02-15 11:00:00,0.187,0.318,7.1,4.7
2026-02-15 12:00:00,0.187,0.318,7,4
2026-02-15 13:00:00,0.187,0.318,6.8,3.3
2026-02-15 14:00:00,0.187,0.318,6.5,2.8
2026-02-15 15:00:00,0.187,0.318,6.3,2.3
2026-02-15 16:00:00,0.187,0.318,6.1,1.9
2026-02-15 17:00:00,0.187,0.318,6,1.7
2026-02-15 18:00:00,0.187,0.318,5.8,1.2
2026-02-15 19:00:00,0.187,0.318,5.6,0.9
2026-02-15 20:00:00,0.187,0.317,5.5,1
2026-02-15 21:00:00,0.187,0.317,5.3,1.3
2026-02-15 22:00:00,0.187,0.317,5.2,1.3
2026-02-15 23:00:00,0.187,0.317,5.1,1.8
2026-02-16 00:00:00,0.187,0.317,5.1,2.6
2026-02-16 01:00:00,0.187,0.316,5,3.9
2026-02-16 02:00:00,0.187,0.316,5.1,5.6
2026-02-16 03:00:00,0.187,0.315,5.2,7
2026-02-16 04:00:00,0.187,0.315,5.4,7.6
2026-02-16 05:00:00,0.187,0.316,5.6,7.2
2026-02-16 06:00:00,0.187,0.316,5.8,6.6
2026-02-16 07:00:00,0.187,0.316,5.9,5.4
2026-02-16 08:00:00,0.187,0.317,5.9,4.1
2026-02-16 09:00:00,0.187,0.317,5.8,2.8
2026-02-16 10:00:00,0.187,0.317,5.7,2
2026-02-16 11:00:00,0.187,0.317,5.6,1.5
2026-02-16 12:00:00,0.187,0.317,5.4,1.3
2026-02-16 13:00:00,0.187,0.317,5.3,1.1
2026-02-16 14:00:00,0.187,0.317,5.2,0.8
2026-02-16 15:00:00,0.187,0.317,5,0.5
2026-02-16 16:00:00,0.187,0.317,4.9,0.2
2026-02-16 17:00:00,0.187,0.317,4.8,-0
2026-02-16 18:00:00,0.187,0.317,4.7,-0.4
2026-02-16 19:00:00,0.187,0.317,4.6,-0.8
2026-02-16 20:00:00,0.187,0.317,4.4,-1.1
2026-02-16 21:00:00,0.188,0.317,4.3,-1.3
2026-02-16 22:00:00,0.187,0.317,4.2,-1.7
2026-02-16 23:00:00,0.188,0.316,4.1,-0.8
2026-02-17 00:00:00,0.188,0.316,4,1.5
2026-02-17 01:00:00,0.188,0.315,4,4.3
2026-02-17 02:00:00,0.188,0.315,4.2,6.7
2026-02-17 03:00:00,0.187,0.314,4.4,9.4
2026-02-17 04:00:00,0.187,0.315,4.7,8.8
2026-02-17 05:00:00,0.187,0.316,5.1,7.4
2026-02-17 06:00:00,0.187,0.316,5.4,6.7
2026-02-17 07:00:00,0.187,0.316,5.5,5.5
2026-02-17 08:00:00,0.187,0.317,5.5,4.5
2026-02-17 09:00:00,0.187,0.317,5.5,3.3
2026-02-17 10:00:00,0.187,0.317,5.4,2.4
2026-02-17 11:00:00,0.187,0.317,5.3,1.9
2026-02-17 12:00:00,0.187,0.317,5.2,1.4
2026-02-17 13:00:00,0.187,0.317,5,1.1
2026-02-17 14:00:00,0.187,0.317,4.9,0.6
2026-02-17 15:00:00,0.187,0.317,4.8,0.3
2026-02-17 16:00:00,0.187,0.317,4.6,-0.1
2026-02-17 17:00:00,0.187,0.317,4.5,-0.6
2026-02-17 18:00:00,0.187,0.317,4.4,-1.2
2026-02-17 19:00:00,0.187,0.317,4.3,-1.1
2026-02-17 20:00:00,0.187,0.317,4.2,-1.3
2026-02-17 21:00:00,0.188,0.317,4,-1.8
2026-02-17 22:00:00,0.188,0.317,3.9,-2.1
2026-02-17 23:00:00,0.188,0.316,3.8,-1.6
2026-02-18 00:00:00,0.188,0.316,3.8,0.8
2026-02-18 01:00:00,0.188,0.315,3.8,4.2
2026-02-18 02:00:00,0.188,0.314,3.9,7.6
2026-02-18 03:00:00,0.187,0.314,4.2,10.5
2026-02-18 04:00:00,0.187,0.314,4.6,10.2
2026-02-18 05:00:00,0.187,0.315,5,9.5
2026-02-18 06:00:00,0.187,0.315,5.3,9
2026-02-18 07:00:00,0.187,0.316,5.5,7.4
2026-02-18 08:00:00,0.187,0.317,5.6,5.3
2026-02-18 09:00:00,0.187,0.317,5.5,3.9
2026-02-18 10:00:00,0.187,0.317,5.4,2.9
2026-02-18 11:00:00,0.187,0.317,5.3,2.4
2026-02-18 12:00:00,0.187,0.317,5.2,2.3
2026-02-18 13:00:00,0.187,0.317,5.1,1.7
2026-02-18 14:00:00,0.186,0.317,4.9,1.1
2026-02-18 15:00:00,0.187,0.317,4.8,0.7
2026-02-18 16:00:00,0.187,0.317,4.7,0.2
2026-02-18 17:00:00,0.187,0.317,4.5,-0.5
2026-02-18 18:00:00,0.187,0.317,4.4,-1
2026-02-18 19:00:00,0.187,0.317,4.3,-1.6
2026-02-18 20:00:00,0.187,0.317,4.2,-2.1
2026-02-18 21:00:00,0.187,0.317,4,-2.5
2026-02-18 22:00:00,0.187,0.317,3.9,-3
2026-02-18 23:00:00,0.188,0.316,3.8,-1.6
2026-02-19 00:00:00,0.188,0.315,3.7,0.8
2026-02-19 01:00:00,0.188,0.315,3.7,4.2
2026-02-19 02:00:00,0.187,0.315,3.8,6.1
2026-02-19 03:00:00,0.187,0.314,4.1,8.3
2026-02-19 04:00:00,0.187,0.315,4.3,8.5
2026-02-19 05:00:00,0.187,0.315,4.7,7.8
2026-02-19 06:00:00,0.187,0.316,5,7.7
2026-02-19 07:00:00,0.186,0.316,5.2,6.8
2026-02-19 08:00:00,0.186,0.316,5.3,5.8
2026-02-19 09:00:00,0.186,0.317,5.3,4.6
2026-02-19 10:00:00,0.186,0.317,5.3,3.9
2026-02-19 11:00:00,0.186,0.317,5.2,3.3
2026-02-19 12:00:00,0.186,0.317,5.1,2.7
2026-02-19 13:00:00,0.186,0.317,5,2.3
2026-02-19 14:00:00,0.186,0.317,4.9,1.9
2026-02-19 15:00:00,0.186,0.317,4.8,1.9
2026-02-19 16:00:00,0.186,0.317,4.7,1.3
2026-02-19 17:00:00,0.186,0.317,4.7,1
2026-02-19 18:00:00,0.186,0.317,4.6,0.6
2026-02-19 19:00:00,0.187,0.317,4.5,0.3
2026-02-19 20:00:00,0.187,0.317,4.4,-0.1
2026-02-19 21:00:00,0.187,0.317,4.3,-0.6
2026-02-19 22:00:00,0.187,0.317,4.2,-0.8
2026-02-19 23:00:00,0.187,0.316,4.1,0.1
2026-02-20 00:00:00,0.187,0.315,4,2.7
2026-02-20 01:00:00,0.187,0.315,4,6.3
2026-02-20 02:00:00,0.187,0.314,4.2,9.3
2026-02-20 03:00:00,0.186,0.314,4.5,12.2
2026-02-20 04:00:00,0.186,0.314,4.9,12.7
2026-02-20 05:00:00,0.186,0.314,5.3,12.9
2026-02-20 06:00:00,0.186,0.315,5.7,12.5
2026-02-20 07:00:00,0.186,0.315,6,11.4
2026-02-20 08:00:00,0.186,0.316,6.2,10
2026-02-20 09:00:00,0.186,0.316,6.3,9
2026-02-20 10:00:00,0.186,0.317,6.3,8.6
2026-02-20 11:00:00,0.186,0.317,6.3,8.2
2026-02-20 12:00:00,0.186,0.317,6.2,7.7
2026-02-20 13:00:00,0.186,0.317,6.2,7.3
2026-02-20 14:00:00,0.186,0.317,6.1,6.9
2026-02-20 15:00:00,0.186,0.317,6,6.2
2026-02-20 16:00:00,0.186,0.317,6,5.7
2026-02-20 17:00:00,0.186,0.317,5.9,5.7
2026-02-20 18:00:00,0.186,0.317,5.8,5.4
2026-02-20 19:00:00,0.186,0.317,5.8,4.5
2026-02-20 20:00:00,0.186,0.317,5.7,4
2026-02-20 21:00:00,0.186,0.317,5.6,3.7
2026-02-20 22:00:00,0.186,0.317,5.5,3.4
2026-02-20 23:00:00,0.186,0.317,5.4,4.6
2026-02-21 00:00:00,0.186,0.316,5.4,7.4
2026-02-21 01:00:00,0.186,0.314,5.4,11.4
2026-02-21 02:00:00,0.186,0.314,5.7,14
2026-02-21 03:00:00,0.186,0.314,6,15.9
2026-02-21 04:00:00,0.185,0.314,6.4,16.1
2026-02-21 05:00:00,0.185,0.314,6.8,15.6
2026-02-21 06:00:00,0.185,0.314,7.2,15.3
2026-02-21 07:00:00,0.185,0.315,7.4,14.6
2026-02-21 08:00:00,0.185,0.315,7.6,13.8
2026-02-21 09:00:00,0.185,0.316,7.7,12.9
2026-02-21 10:00:00,0.185,0.316,7.7,12.2
2026-02-21 11:00:00,0.185,0.316,7.7,11.5
2026-02-21 12:00:00,0.185,0.316,7.6,11.1
2026-02-21 13:00:00,0.185,0.316,7.6,10.7
2026-02-21 14:00:00,0.185,0.316,7.5,10.6
2026-02-21 15:00:00,0.185,0.316,7.5,10.5
2026-02-21 16:00:00,0.185,0.316,7.4,10.1
2026-02-21 17:00:00,0.185,0.316,7.4,10.5
2026-02-21 18:00:00,0.185,0.316,7.3,10.9
2026-02-21 19:00:00,0.185,0.316,7.3,11.6
2026-02-21 20:00:00,0.185,0.316,7.3,12.2
2026-02-21 21:00:00,0.185,0.316,7.4,12.3
2026-02-21 22:00:00,0.185,0.316,7.5,12.6
2026-02-21 23:00:00,0.185,0.315,7.6,13.5
2026-02-22 00:00:00,0.185,0.315,7.7,14.9
2026-02-22 01:00:00,0.185,0.315,7.9,15
2026-02-22 02:00:00,0.185,0.316,8.1,13.5
2026-02-22 03:00:00,0.185,0.316,8.2,13.6
2026-02-22 04:00:00,0.185,0.315,8.4,14.4
2026-02-22 05:00:00,0.184,0.316,8.5,13.6
2026-02-22 06:00:00,0.185,0.316,8.7,12.5
2026-02-22 07:00:00,0.184,0.316,8.8,11
2026-02-22 08:00:00,0.185,0.317,8.7,9.1
2026-02-22 09:00:00,0.185,0.318,8.6,7.1
2026-02-22 10:00:00,0.185,0.318,8.5,5.6
2026-02-22 11:00:00,0.185,0.318,8.2,4.6
2026-02-22 12:00:00,0.185,0.318,8,4
2026-02-22 13:00:00,0.185,0.318,7.7,3.6
2026-02-22 14:00:00,0.185,0.318,7.4,3.3
2026-02-22 15:00:00,0.185,0.318,7.2,2.9
2026-02-22 16:00:00,0.185,0.318,7,2.8
2026-02-22 17:00:00,0.185,0.317,6.8,2.7
2026-02-22 18:00:00,0.185,0.317,6.6,2.5
2026-02-22 19:00:00,0.185,0.317,6.5,1.8
2026-02-22 20:00:00,0.185,0.317,6.3,1.4
2026-02-22 21:00:00,0.185,0.317,6.1,0.8
2026-02-22 22:00:00,0.185,0.317,6,0.5
2026-02-22 23:00:00,0.185,0.317,5.9,1.6
2026-02-23 00:00:00,0.185,0.316,5.8,4.2
2026-02-23 01:00:00,0.185,0.315,5.7,6.9
2026-02-23 02:00:00,0.185,0.315,5.8,7.9
2026-02-23 03:00:00,0.185,0.314,6,10.1
2026-02-23 04:00:00,0.185,0.314,6.2,11
2026-02-23 05:00:00,0.185,0.315,6.5,10
2026-02-23 06:00:00,0.184,0.315,6.7,10.2
2026-02-23 07:00:00,0.184,0.315,6.8,9.4
2026-02-23 08:00:00,0.184,0.316,6.9,8
2026-02-23 09:00:00,0.184,0.316,6.9,6.2
2026-02-23 10:00:00,0.184,0.317,6.8,4.8
2026-02-23 11:00:00,0.184,0.317,6.7,4.1
2026-02-23 12:00:00,0.184,0.317,6.5,3.5
2026-02-23 13:00:00,0.184,0.317,6.4,3.2
2026-02-23 14:00:00,0.184,0.317,6.3,3.4
2026-02-23 15:00:00,0.184,0.317,6.1,3
2026-02-23 16:00:00,0.184,0.317,6,2.5
2026-02-23 17:00:00,0.184,0.316,5.9,2.7
2026-02-23 18:00:00,0.185,0.316,5.8,3.1
2026-02-23 19:00:00,0.185,0.316,5.7,3.5
2026-02-23 20:00:00,0.185,0.316,5.7,3.7
2026-02-23 21:00:00,0.185,0.316,5.6,3.8
2026-02-23 22:00:00,0.185,0.316,5.6,3.9
2026-02-23 23:00:00,0.185,0.316,5.5,3.9
2026-02-24 00:00:00,0.185,0.316,5.5,4.5
2026-02-24 01:00:00,0.185,0.316,5.5,3.6
2026-02-24 02:00:00,0.185,0.316,5.5,3.1
2026-02-24 03:00:00,0.185,0.316,5.4,2.9
2026-02-24 04:00:00,0.187,0.315,5.4,3
2026-02-24 05:00:00,0.189,0.314,5.4,3.1
2026-02-24 06:00:00,0.201,0.314,5.4,3.3
2026-02-24 07:00:00,0.218,0.314,5.4,3.4
2026-02-24 08:00:00,0.225,0.314,5.4,3.6
2026-02-24 09:00:00,0.226,0.314,5.4,3.5
2026-02-24 10:00:00,0.227,0.314,5.4,3.5
2026-02-24 11:00:00,0.226,0.314,5.4,3.4
2026-02-24 12:00:00,0.223,0.315,5.4,2.7
2026-02-24 13:00:00,0.219,0.315,5.4,1.8
2026-02-24 14:00:00,0.215,0.315,5.3,1.5
2026-02-24 15:00:00,0.211,0.315,5.3,1.5
2026-02-24 16:00:00,0.208,0.315,5.2,1.2
2026-02-24 17:00:00,0.205,0.315,5,0.9
2026-02-24 18:00:00,0.202,0.315,5,0.6
2026-02-24 19:00:00,0.201,0.315,4.9,0.4
2026-02-24 20:00:00,0.199,0.315,4.8,0.5
2026-02-24 21:00:00,0.198,0.315,4.7,0.5
2026-02-24 22:00:00,0.198,0.315,4.6,0.5
2026-02-24 23:00:00,0.197,0.315,4.6,0.7
2026-02-25 00:00:00,0.196,0.315,4.6,1.3
2026-02-25 01:00:00,0.196,0.314,4.6,2.8
2026-02-25 02:00:00,0.195,0.314,4.7,5.2
2026-02-25 03:00:00,0.195,0.313,4.9,8.7
2026-02-25 04:00:00,0.194,0.314,5.2,9.5
2026-02-25 05:00:00,0.194,0.314,5.8,10.1
2026-02-25 06:00:00,0.193,0.314,6.3,10.4
2026-02-25 07:00:00,0.193,0.315,6.6,9.3
2026-02-25 08:00:00,0.193,0.316,6.9,8.4
2026-02-25 09:00:00,0.193,0.316,7,7.1
2026-02-25 10:00:00,0.192,0.317,7,6.2
2026-02-25 11:00:00,0.193,0.317,6.9,5.7
2026-02-25 12:00:00,0.192,0.317,6.8,5.4
2026-02-25 13:00:00,0.192,0.317,6.6,4.9
2026-02-25 14:00:00,0.192,0.317,6.5,4.4
2026-02-25 15:00:00,0.192,0.317,6.4,4.2
2026-02-25 16:00:00,0.192,0.317,6.3,4.1
2026-02-25 17:00:00,0.192,0.317,6.1,3.8
2026-02-25 18:00:00,0.192,0.317,6,3
2026-02-25 19:00:00,0.192,0.317,5.9,2.8
2026-02-25 20:00:00,0.192,0.317,5.8,3
2026-02-25 21:00:00,0.192,0.317,5.7,2.7
2026-02-25 22:00:00,0.192,0.317,5.6,2.6
2026-02-25 23:00:00,0.191,0.316,5.5,3.8
2026-02-26 00:00:00,0.191,0.316,5.5,6.1
2026-02-26 01:00:00,0.191,0.315,5.5,8.8
2026-02-26 02:00:00,0.191,0.315,5.7,9.8
2026-02-26 03:00:00,0.191,0.315,6,10.9
2026-02-26 04:00:00,0.19,0.315,6.4,11.1
2026-02-26 05:00:00,0.19,0.315,6.7,11.7
2026-02-26 06:00:00,0.19,0.315,7,11.5
2026-02-26 07:00:00,0.19,0.315,7.2,10.8
2026-02-26 08:00:00,0.19,0.316,7.4,10.4
2026-02-26 09:00:00,0.19,0.316,7.5,9.7
2026-02-26 10:00:00,0.19,0.316,7.5,9.2
2026-02-26 11:00:00,0.19,0.316,7.5,8.9
2026-02-26 12:00:00,0.19,0.316,7.5,8.6
2026-02-26 13:00:00,0.19,0.316,7.4,8.9
2026-02-26 14:00:00,0.19,0.316,7.4,8.8
2026-02-26 15:00:00,0.19,0.316,7.4,8.7
2026-02-26 16:00:00,0.19,0.317,7.4,8
2026-02-26 17:00:00,0.19,0.317,7.3,7.5
2026-02-26 18:00:00,0.19,0.317,7.3,7.3
2026-02-26 19:00:00,0.19,0.317,7.3,7.3
2026-02-26 20:00:00,0.19,0.316,7.2,7.3
2026-02-26 21:00:00,0.19,0.316,7.2,7.3
2026-02-26 22:00:00,0.19,0.316,7.1,7.3
2026-02-26 23:00:00,0.19,0.316,7.1,7.6
2026-02-27 00:00:00,0.19,0.316,7.1,8
2026-02-27 01:00:00,0.19,0.316,7.2,8.9
2026-02-27 02:00:00,0.19,0.316,7.2,9.6
2026-02-27 03:00:00,0.19,0.315,7.4,10.4
2026-02-27 04:00:00,0.19,0.316,7.6,10.1
2026-02-27 05:00:00,0.19,0.316,7.8,9.6
2026-02-27 06:00:00,0.19,0.316,8,9.6
2026-02-27 07:00:00,0.19,0.316,8,10.4
2026-02-27 08:00:00,0.19,0.316,8.1,10.3
2026-02-27 09:00:00,0.19,0.316,8.2,9.3
2026-02-27 10:00:00,0.19,0.317,8.2,8.2
2026-02-27 11:00:00,0.19,0.317,8.1,7.2
2026-02-27 12:00:00,0.19,0.317,8,6.4
2026-02-27 13:00:00,0.19,0.317,7.8,6
2026-02-27 14:00:00,0.19,0.317,7.7,5.7
2026-02-27 15:00:00,0.19,0.317,7.5,5.5
2026-02-27 16:00:00,0.19,0.317,7.4,4.8
2026-02-27 17:00:00,0.19,0.317,7.2,4.4
2026-02-27 18:00:00,0.19,0.317,7.1,4.2
2026-02-27 19:00:00,0.19,0.317,6.9,3.8
2026-02-27 20:00:00,0.19,0.317,6.8,3.2
2026-02-27 21:00:00,0.19,0.317,6.6,3.2
2026-02-27 22:00:00,0.19,0.317,6.5,2.7
2026-02-27 23:00:00,0.19,0.317,6.4,3.1
2026-02-28 00:00:00,0.19,0.316,6.3,6.1
2026-02-28 01:00:00,0.19,0.315,6.3,9.9
2026-02-28 02:00:00,0.19,0.314,6.5,11.5
2026-02-28 03:00:00,0.19,0.314,6.8,13.7
2026-02-28 04:00:00,0.189,0.314,7.2,14.4
2026-02-28 05:00:00,0.189,0.314,7.7,14.7
2026-02-28 06:00:00,0.189,0.315,8.2,13.7
2026-02-28 07:00:00,0.189,0.315,8.5,12.8
2026-02-28 08:00:00,0.189,0.316,8.6,11.4
2026-02-28 09:00:00,0.189,0.316,8.7,9.9
2026-02-28 10:00:00,0.189,0.317,8.6,9
2026-02-28 11:00:00,0.189,0.317,8.5,8.9
2026-02-28 12:00:00,0.189,0.317,8.4,8.4
2026-02-28 13:00:00,0.189,0.317,8.2,8.6
2026-02-28 14:00:00,0.189,0.317,8.1,8.2
2026-02-28 15:00:00,0.189,0.317,8,8
2026-02-28 16:00:00,0.189,0.317,7.9,7.5
2026-02-28 17:00:00,0.189,0.317,7.8,7.1
2026-02-28 18:00:00,0.189,0.317,7.7,6.8
2026-02-28 19:00:00,0.189,0.317,7.6,6.7
2026-02-28 20:00:00,0.189,0.317,7.4,6.6
2026-02-28 21:00:00,0.189,0.317,7.4,6.3
2026-02-28 22:00:00,0.189,0.317,7.3,5.6
2026-02-28 23:00:00,0.189,0.316,7.1,6.8
2026-03-01 00:00:00,0.189,0.315,7.1,9.1
2026-03-01 01:00:00,0.189,0.315,7.1,11.1
2026-03-01 02:00:00,0.188,0.315,7.3,12
2026-03-01 03:00:00,0.188,0.314,7.5,12.9
2026-03-01 04:00:00,0.188,0.314,7.8,13.5
2026-03-01 05:00:00,0.188,0.315,8.1,13.3
2026-03-01 06:00:00,0.188,0.315,8.3,13
2026-03-01 07:00:00,0.188,0.315,8.5,12.5
2026-03-01 08:00:00,0.188,0.315,8.6,11.7
2026-03-01 09:00:00,0.188,0.316,8.7,11.2
2026-03-01 10:00:00,0.188,0.316,8.7,10.9
2026-03-01 11:00:00,0.188,0.316,8.6,10.7
2026-03-01 12:00:00,0.188,0.316,8.5,10.8
2026-03-01 13:00:00,0.188,0.316,8.5,10.6
2026-03-01 14:00:00,0.188,0.316,8.5,9.5
2026-03-01 15:00:00,0.188,0.317,8.4,8.2
2026-03-01 16:00:00,0.188,0.317,8.4,7.2
2026-03-01 17:00:00,0.188,0.317,8.3,6.6
2026-03-01 18:00:00,0.188,0.317,8.1,6.4
2026-03-01 19:00:00,0.189,0.316,8,6.4
2026-03-01 20:00:00,0.189,0.316,7.9,6.4
2026-03-01 21:00:00,0.211,0.315,7.8,6.5
2026-03-01 22:00:00,0.222,0.315,7.7,6.5
2026-03-01 23:00:00,0.226,0.315,7.7,6.7
2026-03-02 00:00:00,0.228,0.315,7.6,6.9
2026-03-02 01:00:00,0.229,0.315,7.6,7.5
2026-03-02 02:00:00,0.229,0.315,7.6,7.7
2026-03-02 03:00:00,0.228,0.315,7.7,8.2
2026-03-02 04:00:00,0.228,0.315,7.7,8.5
2026-03-02 05:00:00,0.227,0.315,7.8,8.5
2026-03-02 06:00:00,0.227,0.315,7.9,8.4
2026-03-02 07:00:00,0.234,0.315,8,8
2026-03-02 08:00:00,0.236,0.315,8,7.5
2026-03-02 09:00:00,0.236,0.315,8,7
2026-03-02 10:00:00,0.237,0.315,7.9,6.9
2026-03-02 11:00:00,0.237,0.315,7.9,6.8
2026-03-02 12:00:00,0.238,0.315,7.8,6.6
2026-03-02 13:00:00,0.238,0.315,7.7,6.7
2026-03-02 14:00:00,0.238,0.315,7.7,6.8
2026-03-02 15:00:00,0.238,0.315,7.6,6.8
2026-03-02 16:00:00,0.237,0.315,7.6,6.7
2026-03-02 17:00:00,0.237,0.315,7.6,6.7
2026-03-02 18:00:00,0.236,0.315,7.5,6.5
2026-03-02 19:00:00,0.235,0.315,7.5,6.4
2026-03-02 20:00:00,0.233,0.315,7.5,6.4
2026-03-02 21:00:00,0.232,0.315,7.4,6.3
2026-03-02 22:00:00,0.229,0.315,7.4,6.2
2026-03-02 23:00:00,0.227,0.315,7.4,6.2
2026-03-03 00:00:00,0.225,0.315,7.4,7.7
2026-03-03 01:00:00,0.223,0.314,7.4,9.9
2026-03-03 02:00:00,0.221,0.314,7.6,10.6
2026-03-03 03:00:00,0.219,0.315,7.9,11.2
2026-03-03 04:00:00,0.218,0.315,8.2,11.3
2026-03-03 05:00:00,0.216,0.315,8.5,11.6
2026-03-03 06:00:00,0.215,0.315,8.7,11.6
2026-03-03 07:00:00,0.213,0.316,9,10.5
2026-03-03 08:00:00,0.212,0.316,9.1,9.7
2026-03-03 09:00:00,0.212,0.316,9.1,8.4
2026-03-03 10:00:00,0.211,0.317,9.1,7.7
2026-03-03 11:00:00,0.21,0.317,8.9,7.1
2026-03-03 12:00:00,0.21,0.317,8.7,6.9
2026-03-03 13:00:00,0.21,0.317,8.5,6.7
2026-03-03 14:00:00,0.209,0.317,8.4,6
2026-03-03 15:00:00,0.209,0.317,8.2,5.4
2026-03-03 16:00:00,0.208,0.317,8.1,4.9
2026-03-03 17:00:00,0.208,0.317,7.9,4.4
2026-03-03 18:00:00,0.208,0.317,7.7,4.1
2026-03-03 19:00:00,0.208,0.317,7.5,3.8
2026-03-03 20:00:00,0.208,0.317,7.4,3.5
2026-03-03 21:00:00,0.208,0.317,7.2,3.3
2026-03-03 22:00:00,0.208,0.317,7,3.2
2026-03-03 23:00:00,0.207,0.317,6.9,4.1
2026-03-04 00:00:00,0.207,0.316,6.8,6.3
2026-03-04 01:00:00,0.207,0.315,6.8,9.3
2026-03-04 02:00:00,0.206,0.315,7,11.2
2026-03-04 03:00:00,0.206,0.314,7.4,12.8
2026-03-04 04:00:00,0.205,0.315,7.8,13.2
2026-03-04 05:00:00,0.205,0.315,8.3,12.4
2026-03-04 06:00:00,0.204,0.315,8.6,11.8
2026-03-04 07:00:00,0.204,0.316,8.7,11.2
2026-03-04 08:00:00,0.204,0.316,8.8,10.3
2026-03-04 09:00:00,0.204,0.317,8.7,8.9
2026-03-04 10:00:00,0.204,0.317,8.6,7.4
2026-03-04 11:00:00,0.204,0.317,8.5,6.5
2026-03-04 12:00:00,0.204,0.317,8.3,5.9
2026-03-04 13:00:00,0.204,0.317,8.1,5.4
2026-03-04 14:00:00,0.204,0.317,7.9,5
2026-03-04 15:00:00,0.204,0.317,7.7,4.6
2026-03-04 16:00:00,0.204,0.317,7.5,4.3
2026-03-04 17:00:00,0.204,0.317,7.4,4.1
2026-03-04 18:00:00,0.204,0.317,7.2,3.6
2026-03-04 19:00:00,0.204,0.317,7,3.5
2026-03-04 20:00:00,0.204,0.317,6.9,3.2
2026-03-04 21:00:00,0.204,0.317,6.8,2.8
2026-03-04 22:00:00,0.204,0.317,6.6,2.7
2026-03-04 23:00:00,0.204,0.317,6.5,4.1
2026-03-05 00:00:00,0.204,0.316,6.4,6.9
2026-03-05 01:00:00,0.204,0.314,6.5,10.9
2026-03-05 02:00:00,0.204,0.314,6.8,13.1
2026-03-05 03:00:00,0.203,0.314,7.2,14.1
2026-03-05 04:00:00,0.203,0.314,7.8,13.7
2026-03-05 05:00:00,0.203,0.315,8.2,13.1
2026-03-05 06:00:00,0.203,0.315,8.5,13.1
2026-03-05 07:00:00,0.202,0.315,8.7,12.9
2026-03-05 08:00:00,0.202,0.316,8.8,12
2026-03-05 09:00:00,0.203,0.316,8.8,10.4
2026-03-05 10:00:00,0.203,0.317,8.8,9.8
2026-03-05 11:00:00,0.203,0.317,8.8,8.6
2026-03-05 12:00:00,0.203,0.317,8.7,8.1
2026-03-05 13:00:00,0.203,0.317,8.6,7.3
2026-03-05 14:00:00,0.203,0.317,8.5,6.5
2026-03-05 15:00:00,0.203,0.317,8.3,5.6
2026-03-05 16:00:00,0.203,0.317,8.2,5.1
2026-03-05 17:00:00,0.203,0.317,8,4.4
2026-03-05 18:00:00,0.202,0.317,7.9,4
2026-03-05 19:00:00,0.203,0.317,7.7,3.6
2026-03-05 20:00:00,0.203,0.318,7.5,2.8
2026-03-05 21:00:00,0.203,0.318,7.3,2.4
2026-03-05 22:00:00,0.203,0.317,7.1,2.4
2026-03-05 23:00:00,0.203,0.317,6.9,3.1
2026-03-06 00:00:00,0.203,0.317,6.8,4
2026-03-06 01:00:00,0.203,0.316,6.8,4.8
2026-03-06 02:00:00,0.203,0.316,6.8,6
2026-03-06 03:00:00,0.203,0.316,6.9,6.2
2026-03-06 04:00:00,0.203,0.316,7.1,7.2
2026-03-06 05:00:00,0.203,0.316,7.2,7.5
2026-03-06 06:00:00,0.203,0.316,7.4,7.2
2026-03-06 07:00:00,0.202,0.317,7.6,5.8
2026-03-06 08:00:00,0.202,0.317,7.6,4.9
2026-03-06 09:00:00,0.202,0.317,7.5,4.1
2026-03-06 10:00:00,0.203,0.317,7.4,3.4
2026-03-06 11:00:00,0.203,0.317,7.2,3.2
2026-03-06 12:00:00,0.203,0.317,7.1,3
2026-03-06 13:00:00,0.203,0.317,6.9,2.7
2026-03-06 14:00:00,0.203,0.317,6.7,2.5
2026-03-06 15:00:00,0.203,0.317,6.5,2.3
2026-03-06 16:00:00,0.203,0.317,6.4,2.1
2026-03-06 17:00:00,0.203,0.317,6.3,2
2026-03-06 18:00:00,0.204,0.317,6.1,1.8
2026-03-06 19:00:00,0.204,0.317,6,1.3
2026-03-06 20:00:00,0.204,0.317,5.9,0.7
2026-03-06 21:00:00,0.204,0.317,5.8,0.6
2026-03-06 22:00:00,0.204,0.317,5.6,1
2026-03-06 23:00:00,0.204,0.316,5.5,2.3
2026-03-07 00:00:00,0.204,0.316,5.4,3.7
2026-03-07 01:00:00,0.204,0.315,5.5,6
2026-03-07 02:00:00,0.204,0.315,5.7,7.2
2026-03-07 03:00:00,0.204,0.315,6,8.1
2026-03-07 04:00:00,0.203,0.315,6.4,8.4
2026-03-07 05:00:00,0.203,0.316,6.9,7
2026-03-07 06:00:00,0.203,0.316,7.1,6.2
2026-03-07 07:00:00,0.203,0.317,7.1,5.1
2026-03-07 08:00:00,0.203,0.317,7,3.9
2026-03-07 09:00:00,0.203,0.317,6.9,2.9
2026-03-07 10:00:00,0.203,0.317,6.6,1.9
2026-03-07 11:00:00,0.203,0.317,6.4,1.3
2026-03-07 12:00:00,0.203,0.317,6.2,0.8
2026-03-07 13:00:00,0.203,0.317,5.9,0.4
2026-03-07 14:00:00,0.204,0.317,5.7,0.3
2026-03-07 15:00:00,0.204,0.317,5.5,-0.1
2026-03-07 16:00:00,0.204,0.317,5.3,-0.5
2026-03-07 17:00:00,0.204,0.317,5.1,-0.8
2026-03-07 18:00:00,0.204,0.317,4.9,-1.1
2026-03-07 19:00:00,0.204,0.317,4.8,-1.4
2026-03-07 20:00:00,0.205,0.317,4.7,-2.1
2026-03-07 21:00:00,0.205,0.317,4.6,-2.5
2026-03-07 22:00:00,0.205,0.317,4.5,-2
2026-03-07 23:00:00,0.205,0.317,4.4,-0.8
2026-03-08 00:00:00,0.205,0.316,4.4,1.6
2026-03-08 01:00:00,0.205,0.315,4.3,4.9
2026-03-08 02:00:00,0.205,0.314,4.4,6.5
2026-03-08 03:00:00,0.204,0.314,4.8,7.5
2026-03-08 04:00:00,0.204,0.314,5.2,8.9
2026-03-08 05:00:00,0.204,0.315,5.7,8.3
2026-03-08 06:00:00,0.203,0.316,6.1,7.2
2026-03-08 07:00:00,0.203,0.316,6.3,6.4
2026-03-08 08:00:00,0.203,0.316,6.4,5.6
2026-03-08 09:00:00,0.203,0.317,6.4,4.4
2026-03-08 10:00:00,0.203,0.317,6.4,3.2
2026-03-08 11:00:00,0.203,0.317,6.2,2.4
2026-03-08 12:00:00,0.203,0.317,6,1.8
2026-03-08 13:00:00,0.203,0.317,5.9,1.6
2026-03-08 14:00:00,0.204,0.317,5.7,1.5
2026-03-08 15:00:00,0.204,0.317,5.5,1.2
2026-03-08 16:00:00,0.204,0.317,5.3,0.8
2026-03-08 17:00:00,0.204,0.317,5.2,0.6
2026-03-08 18:00:00,0.204,0.317,5.1,0.4
2026-03-08 19:00:00,0.204,0.317,5,0.3
2026-03-08 20:00:00,0.204,0.317,4.8,0.1
2026-03-08 21:00:00,0.204,0.316,4.7,0.3
2026-03-08 22:00:00,0.205,0.316,4.6,0.8
2026-03-08 23:00:00,0.204,0.316,4.6,1.4
2026-03-09 00:00:00,0.204,0.316,4.6,2
2026-03-09 01:00:00,0.204,0.316,4.6,3
2026-03-09 02:00:00,0.204,0.315,4.7,4.6
2026-03-09 03:00:00,0.204,0.314,4.8,7.4
2026-03-09 04:00:00,0.204,0.314,5.1,8.6
2026-03-09 05:00:00,0.204,0.315,5.4,8.7
2026-03-09 06:00:00,0.204,0.315,5.7,7.2
2026-03-09 07:00:00,0.203,0.316,5.9,6.2
2026-03-09 08:00:00,0.203,0.316,6,5.1
2026-03-09 09:00:00,0.203,0.317,6,4.1
2026-03-09 10:00:00,0.203,0.317,5.9,3.3
2026-03-09 11:00:00,0.204,0.317,5.7,2.7
2026-03-09 12:00:00,0.204,0.317,5.6,2.2
2026-03-09 13:00:00,0.204,0.317,5.5,1.8
2026-03-09 14:00:00,0.204,0.317,5.3,1.7
2026-03-09 15:00:00,0.204,0.317,5.2,1.2
2026-03-09 16:00:00,0.204,0.317,5.1,1.1
2026-03-09 17:00:00,0.204,0.317,4.9,0.4
2026-03-09 18:00:00,0.204,0.317,4.8,-0.2
2026-03-09 19:00:00,0.204,0.317,4.7,-0.3
2026-03-09 20:00:00,0.205,0.317,4.6,-0.8
2026-03-09 21:00:00,0.205,0.317,4.5,-1.1
2026-03-09 22:00:00,0.205,0.317,4.3,-1
2026-03-09 23:00:00,0.205,0.316,4.3,0.3
2026-03-10 00:00:00,0.205,0.315,4.2,3
2026-03-10 01:00:00,0.205,0.314,4.2,6.7
2026-03-10 02:00:00,0.204,0.314,4.6,8.3
2026-03-10 03:00:00,0.204,0.314,5.1,10
2026-03-10 04:00:00,0.204,0.314,5.8,10
2026-03-10 05:00:00,0.203,0.315,6.3,9.8
2026-03-10 06:00:00,0.203,0.315,6.6,9.2
2026-03-10 07:00:00,0.203,0.316,6.7,7.9
2026-03-10 08:00:00,0.203,0.316,6.8,6.6
2026-03-10 09:00:00,0.203,0.317,6.7,5.5
2026-03-10 10:00:00,0.203,0.317,6.6,4.4
2026-03-10 11:00:00,0.203,0.317,6.4,3.9
2026-03-10 12:00:00,0.203,0.317,6.2,3.2
2026-03-10 13:00:00,0.203,0.317,6,2.7
2026-03-10 14:00:00,0.203,0.317,5.9,2
2026-03-10 15:00:00,0.203,0.317,5.7,1.3
2026-03-10 16:00:00,0.204,0.317,5.5,0.7
2026-03-10 17:00:00,0.204,0.317,5.3,0.2
2026-03-10 18:00:00,0.204,0.317,5.2,-0.1
2026-03-10 19:00:00,0.204,0.317,5,-0.1
2026-03-10 20:00:00,0.204,0.317,4.9,-0.5
2026-03-10 21:00:00,0.204,0.317,4.7,-0.7
2026-03-10 22:00:00,0.204,0.317,4.6,-0.8
2026-03-10 23:00:00,0.204,0.316,4.5,0.5
2026-03-11 00:00:00,0.204,0.315,4.4,3.1
2026-03-11 01:00:00,0.204,0.315,4.4,6.7
2026-03-11 02:00:00,0.204,0.314,4.8,8.7
2026-03-11 03:00:00,0.204,0.314,5.2,10.7
2026-03-11 04:00:00,0.203,0.314,5.9,11.1
2026-03-11 05:00:00,0.203,0.315,6.5,10.6
2026-03-11 06:00:00,0.203,0.315,6.8,10.1
2026-03-11 07:00:00,0.202,0.316,7,9.2
2026-03-11 08:00:00,0.203,0.316,7.1,8.1
2026-03-11 09:00:00,0.202,0.317,7.1,6.7
2026-03-11 10:00:00,0.203,0.317,7,5.8
2026-03-11 11:00:00,0.203,0.317,6.9,5.2
2026-03-11 12:00:00,0.203,0.317,6.7,4.8
2026-03-11 13:00:00,0.203,0.317,6.5,4.4
2026-03-11 14:00:00,0.203,0.317,6.4,4.1
2026-03-11 15:00:00,0.203,0.317,6.2,3.9
2026-03-11 16:00:00,0.203,0.317,6.1,3.5
2026-03-11 17:00:00,0.203,0.317,6,3.3
2026-03-11 18:00:00,0.203,0.317,5.9,2.9
2026-03-11 19:00:00,0.203,0.317,5.8,2.6
2026-03-11 20:00:00,0.203,0.317,5.7,2.5
2026-03-11 21:00:00,0.203,0.317,5.6,2.4
2026-03-11 22:00:00,0.203,0.317,5.5,2.4
2026-03-11 23:00:00,0.203,0.316,5.4,3.7
2026-03-12 00:00:00,0.203,0.315,5.4,6.7
2026-03-12 01:00:00,0.203,0.314,5.4,9.6
2026-03-12 02:00:00,0.203,0.314,5.8,11.1
2026-03-12 03:00:00,0.202,0.314,6.3,12.4
2026-03-12 04:00:00,0.202,0.314,7,12.7
2026-03-12 05:00:00,0.202,0.315,7.5,12
2026-03-12 06:00:00,0.202,0.315,7.8,11.1
2026-03-12 07:00:00,0.202,0.316,8,9.9
2026-03-12 08:00:00,0.202,0.316,8,9
2026-03-12 09:00:00,0.202,0.317,8,7.8
2026-03-12 10:00:00,0.202,0.317,7.8,6.7
2026-03-12 11:00:00,0.202,0.317,7.7,5.9
2026-03-12 12:00:00,0.202,0.317,7.5,5.3
2026-03-12 13:00:00,0.202,0.317,7.3,4.9
2026-03-12 14:00:00,0.202,0.317,7.1,4.7
2026-03-12 15:00:00,0.202,0.317,6.9,4.2
2026-03-12 16:00:00,0.202,0.317,6.7,3.8
2026-03-12 17:00:00,0.202,0.317,6.6,3.6
2026-03-12 18:00:00,0.202,0.317,6.4,3.3
2026-03-12 19:00:00,0.202,0.317,6.3,3.2
2026-03-12 20:00:00,0.202,0.317,6.2,3.1
2026-03-12 21:00:00,0.202,0.317,6.1,2.9
2026-03-12 22:00:00,0.202,0.317,5.9,3.3
2026-03-12 23:00:00,0.202,0.316,5.9,4.4
2026-03-13 00:00:00,0.202,0.315,5.8,7.7
2026-03-13 01:00:00,0.202,0.314,5.9,10.4
2026-03-13 02:00:00,0.202,0.314,6.3,11.4
2026-03-13 03:00:00,0.201,0.314,6.8,12.5
2026-03-13 04:00:00,0.201,0.314,7.5,12.9
2026-03-13 05:00:00,0.201,0.314,8,13.4
2026-03-13 06:00:00,0.201,0.315,8.2,12.6
2026-03-13 07:00:00,0.2,0.315,8.4,11.3
2026-03-13 08:00:00,0.2,0.316,8.4,10
2026-03-13 09:00:00,0.201,0.316,8.3,8.8
2026-03-13 10:00:00,0.201,0.317,8.2,7.7
2026-03-13 11:00:00,0.201,0.317,8,6.8
2026-03-13 12:00:00,0.201,0.317,7.8,6
2026-03-13 13:00:00,0.201,0.317,7.6,5.6
2026-03-13 14:00:00,0.201,0.317,7.4,5.4
2026-03-13 15:00:00,0.201,0.317,7.2,4.7
2026-03-13 16:00:00,0.201,0.317,7.1,4.3
2026-03-13 17:00:00,0.201,0.317,6.9,3.7
2026-03-13 18:00:00,0.201,0.317,6.7,3.4
2026-03-13 19:00:00,0.201,0.317,6.6,2.9
2026-03-13 20:00:00,0.201,0.317,6.4,2.6
2026-03-13 21:00:00,0.201,0.317,6.3,2
2026-03-13 22:00:00,0.201,0.317,6.2,2
2026-03-13 23:00:00,0.201,0.317,6,3.7
2026-03-14 00:00:00,0.201,0.315,6,7.2
2026-03-14 01:00:00,0.201,0.315,6,9.9
2026-03-14 02:00:00,0.201,0.314,6.4,11.8
2026-03-14 03:00:00,0.2,0.314,6.8,13.3
2026-03-14 04:00:00,0.2,0.314,7.6,14.1
2026-03-14 05:00:00,0.2,0.314,8.2,13.8
2026-03-14 06:00:00,0.199,0.315,8.5,12.6
2026-03-14 07:00:00,0.199,0.316,8.7,11.3
2026-03-14 08:00:00,0.199,0.316,8.6,10.2
2026-03-14 09:00:00,0.199,0.317,8.5,8.8
2026-03-14 10:00:00,0.199,0.317,8.4,7.6
2026-03-14 11:00:00,0.2,0.317,8.2,6.9
2026-03-14 12:00:00,0.2,0.317,8,6.2
2026-03-14 13:00:00,0.2,0.317,7.8,5.6
2026-03-14 14:00:00,0.2,0.317,7.6,5
2026-03-14 15:00:00,0.2,0.317,7.4,4.8
2026-03-14 16:00:00,0.2,0.317,7.2,4.3
2026-03-14 17:00:00,0.2,0.317,7,4.1
2026-03-14 18:00:00,0.2,0.317,6.9,4.2
2026-03-14 19:00:00,0.2,0.317,6.8,4.4
2026-03-14 20:00:00,0.2,0.317,6.7,4.4
2026-03-14 21:00:00,0.2,0.317,6.6,4.3
2026-03-14 22:00:00,0.2,0.317,6.5,4.6
2026-03-14 23:00:00,0.2,0.316,6.5,5.1
2026-03-15 00:00:00,0.2,0.316,6.4,5.8
2026-03-15 01:00:00,0.2,0.316,6.5,6.6
2026-03-15 02:00:00,0.2,0.315,6.5,8.2
2026-03-15 03:00:00,0.2,0.315,6.6,10.6
2026-03-15 04:00:00,0.199,0.315,6.9,11.4
2026-03-15 05:00:00,0.199,0.315,7.3,11.2
2026-03-15 06:00:00,0.199,0.315,7.6,10.9
2026-03-15 07:00:00,0.199,0.316,7.8,9.9
2026-03-15 08:00:00,0.199,0.316,8,8.9
2026-03-15 09:00:00,0.199,0.317,8,8.1
2026-03-15 10:00:00,0.199,0.317,7.9,7.5
2026-03-15 11:00:00,0.199,0.317,7.8,6.6
2026-03-15 12:00:00,0.199,0.317,7.7,5.7
2026-03-15 13:00:00,0.199,0.317,7.6,5.1
2026-03-15 14:00:00,0.199,0.317,7.4,4.5
2026-03-15 15:00:00,0.199,0.317,7.2,4.1
2026-03-15 16:00:00,0.199,0.317,7.1,4
2026-03-15 17:00:00,0.199,0.317,6.9,3.8
2026-03-15 18:00:00,0.199,0.317,6.8,3.3
2026-03-15 19:00:00,0.199,0.317,6.7,2.8
2026-03-15 20:00:00,0.199,0.317,6.5,2.3
2026-03-15 21:00:00,0.199,0.317,6.4,1.9
2026-03-15 22:00:00,0.199,0.317,6.3,2.1
2026-03-15 23:00:00,0.2,0.317,6.1,3
2026-03-16 00:00:00,0.2,0.316,6.1,4.9
2026-03-16 01:00:00,0.199,0.315,6.1,8
2026-03-16 02:00:00,0.199,0.315,6.3,9.6
2026-03-16 03:00:00,0.199,0.314,6.7,11.1
2026-03-16 04:00:00,0.198,0.314,7.1,12.1
2026-03-16 05:00:00,0.198,0.315,7.5,11.9
2026-03-16 06:00:00,0.198,0.315,7.9,10.3
2026-03-16 07:00:00,0.198,0.316,8.1,9.5
2026-03-16 08:00:00,0.198,0.316,8.1,9.3
2026-03-16 09:00:00,0.198,0.316,8.1,8.4
2026-03-16 10:00:00,0.198,0.317,8.1,7.2
2026-03-16 11:00:00,0.198,0.317,8,6.2
2026-03-16 12:00:00,0.198,0.317,7.8,5.8
2026-03-16 13:00:00,0.198,0.317,7.6,5.4
2026-03-16 14:00:00,0.198,0.317,7.5,5.1
2026-03-16 15:00:00,0.198,0.317,7.3,4.8
2026-03-16 16:00:00,0.198,0.317,7.2,4.3
2026-03-16 17:00:00,0.198,0.317,7,3.8
2026-03-16 18:00:00,0.198,0.317,6.9,3.6
2026-03-16 19:00:00,0.198,0.317,6.8,3.2
2026-03-16 20:00:00,0.198,0.317,6.7,2.8
2026-03-16 21:00:00,0.198,0.317,6.5,2.6
2026-03-16 22:00:00,0.198,0.317,6.4,2.8
2026-03-16 23:00:00,0.198,0.316,6.3,4.2
2026-03-17 00:00:00,0.198,0.315,6.2,7.9
2026-03-17 01:00:00,0.198,0.314,6.3,11.1
2026-03-17 02:00:00,0.198,0.314,6.7,13.4
2026-03-17 03:00:00,0.197,0.313,7.3,15.6
2026-03-17 04:00:00,0.197,0.313,8.1,16.7
2026-03-17 05:00:00,0.196,0.313,8.8,16.7
2026-03-17 06:00:00,0.196,0.314,9.3,15.6
2026-03-17 07:00:00,0.196,0.315,9.5,14
2026-03-17 08:00:00,0.196,0.316,9.6,12.3
2026-03-17 09:00:00,0.196,0.316,9.5,10.9
2026-03-17 10:00:00,0.196,0.317,9.4,9.8
2026-03-17 11:00:00,0.196,0.317,9.2,9.2
2026-03-17 12:00:00,0.196,0.317,9,8.7
2026-03-17 13:00:00,0.196,0.317,8.8,8.8
2026-03-17 14:00:00,0.196,0.316,8.6,9.2
2026-03-17 15:00:00,0.196,0.316,8.5,9.5
2026-03-17 16:00:00,0.196,0.317,8.4,9.1
2026-03-17 17:00:00,0.197,0.316,8.4,9.1
2026-03-17 18:00:00,0.197,0.316,8.4,9.2
2026-03-17 19:00:00,0.197,0.315,8.4,9.3
2026-03-17 20:00:00,0.197,0.315,8.4,9.4
2026-03-17 21:00:00,0.197,0.315,8.4,9.5
2026-03-17 22:00:00,0.197,0.315,8.4,9.5
2026-03-17 23:00:00,0.197,0.315,8.4,9.7
2026-03-18 00:00:00,0.197,0.315,8.4,10
2026-03-18 01:00:00,0.205,0.315,8.5,10.1
2026-03-18 02:00:00,0.211,0.315,8.5,10.4
2026-03-18 03:00:00,0.215,0.315,8.6,9.7
2026-03-18 04:00:00,0.219,0.315,8.7,8.6
2026-03-18 05:00:00,0.221,0.316,8.7,8.1
2026-03-18 06:00:00,0.222,0.316,8.7,7.1
2026-03-18 07:00:00,0.221,0.316,8.6,6.8
2026-03-18 08:00:00,0.219,0.316,8.5,6.7
2026-03-18 09:00:00,0.216,0.316,8.5,6.6
2026-03-18 10:00:00,0.214,0.316,8.4,6.1
2026-03-18 11:00:00,0.211,0.316,8.3,5.9
2026-03-18 12:00:00,0.209,0.316,8.1,5.6
2026-03-18 13:00:00,0.207,0.316,8,5.1
2026-03-18 14:00:00,0.206,0.317,7.9,4.5
2026-03-18 15:00:00,0.204,0.317,7.7,3.8
2026-03-18 16:00:00,0.204,0.317,7.6,3.5
2026-03-18 17:00:00,0.203,0.317,7.4,3.5
2026-03-18 18:00:00,0.202,0.317,7.2,3.2
2026-03-18 19:00:00,0.202,0.317,7.1,2.7
2026-03-18 20:00:00,0.201,0.317,6.9,2.3
2026-03-18 21:00:00,0.201,0.317,6.8,2
2026-03-18 22:00:00,0.201,0.317,6.6,2.4
2026-03-18 23:00:00,0.201,0.316,6.5,3.9
2026-03-19 00:00:00,0.201,0.315,6.4,6.6
2026-03-19 01:00:00,0.2,0.315,6.5,7.8
2026-03-19 02:00:00,0.2,0.315,6.8,9.4
2026-03-19 03:00:00,0.199,0.315,7.3,11.2
2026-03-19 04:00:00,0.199,0.315,8,12.1
2026-03-19 05:00:00,0.198,0.315,8.7,12.3
2026-03-19 06:00:00,0.198,0.315,9.1,11
2026-03-19 07:00:00,0.198,0.316,9.3,10.4
2026-03-19 08:00:00,0.198,0.316,9.2,9.2
2026-03-19 09:00:00,0.198,0.317,9.1,7.9
2026-03-19 10:00:00,0.198,0.317,8.9,6.5
2026-03-19 11:00:00,0.198,0.317,8.7,5.4
2026-03-19 12:00:00,0.198,0.317,8.4,4.9
2026-03-19 13:00:00,0.198,0.317,8.1,4.6
2026-03-19 14:00:00,0.198,0.317,7.9,4.1
2026-03-19 15:00:00,0.198,0.317,7.6,3.9
2026-03-19 16:00:00,0.198,0.317,7.4,3.6
2026-03-19 17:00:00,0.198,0.317,7.2,3.3
2026-03-19 18:00:00,0.198,0.317,7.1,3
2026-03-19 19:00:00,0.198,0.317,6.9,2.5
2026-03-19 20:00:00,0.198,0.317,6.8,2.5
2026-03-19 21:00:00,0.198,0.317,6.6,2.3
2026-03-19 22:00:00,0.198,0.317,6.5,2.5
2026-03-19 23:00:00,0.198,0.316,6.4,4.2
2026-03-20 00:00:00,0.198,0.315,6.3,7.8
2026-03-20 01:00:00,0.198,0.314,6.4,10.3
2026-03-20 02:00:00,0.198,0.314,6.7,13
2026-03-20 03:00:00,0.197,0.314,7.2,14.2
2026-03-20 04:00:00,0.197,0.314,8,14.2
2026-03-20 05:00:00,0.197,0.315,8.7,13.7
2026-03-20 06:00:00,0.196,0.315,9.1,12.5
2026-03-20 07:00:00,0.196,0.316,9.3,11.5
2026-03-20 08:00:00,0.196,0.316,9.3,10.4
2026-03-20 09:00:00,0.197,0.317,9.2,9.2
2026-03-20 10:00:00,0.197,0.317,9.1,8
2026-03-20 11:00:00,0.197,0.317,8.9,7.3
2026-03-20 12:00:00,0.197,0.317,8.7,6.8
2026-03-20 13:00:00,0.197,0.317,8.5,6.5
2026-03-20 14:00:00,0.197,0.317,8.3,5.9
2026-03-20 15:00:00,0.197,0.318,8.1,5.3
2026-03-20 16:00:00,0.197,0.318,7.9,4.8
2026-03-20 17:00:00,0.197,0.318,7.8,4
2026-03-20 18:00:00,0.197,0.318,7.6,3.5
2026-03-20 19:00:00,0.197,0.318,7.4,2.4
2026-03-20 20:00:00,0.197,0.318,7.2,1.5
2026-03-20 21:00:00,0.197,0.318,7,1
2026-03-20 22:00:00,0.198,0.318,6.8,1
2026-03-20 23:00:00,0.198,0.317,6.6,1.9
2026-03-21 00:00:00,0.198,0.317,6.5,4.4
2026-03-21 01:00:00,0.198,0.315,6.5,8.5
2026-03-21 02:00:00,0.197,0.314,6.8,12.3
2026-03-21 03:00:00,0.197,0.314,7.3,14.5
2026-03-21 04:00:00,0.196,0.314,8.1,15.4
2026-03-21 05:00:00,0.196,0.314,8.9,15.7
2026-03-21 06:00:00,0.196,0.315,9.4,13.9
2026-03-21 07:00:00,0.196,0.315,9.6,12.1
2026-03-21 08:00:00,0.196,0.316,9.5,10.7
2026-03-21 09:00:00,0.196,0.317,9.4,9.1
2026-03-21 10:00:00,0.196,0.317,9.2,7.5
2026-03-21 11:00:00,0.196,0.318,8.9,6.5
2026-03-21 12:00:00,0.196,0.318,8.7,5.9
2026-03-21 13:00:00,0.196,0.318,8.4,5.5
2026-03-21 14:00:00,0.196,0.318,8.2,5.1
2026-03-21 15:00:00,0.196,0.317,8,5.1
2026-03-21 16:00:00,0.197,0.318,7.8,4.3
2026-03-21 17:00:00,0.197,0.318,7.6,3.8
2026-03-21 18:00:00,0.196,0.317,7.4,4
2026-03-21 19:00:00,0.197,0.317,7.3,4
2026-03-21 20:00:00,0.197,0.317,7.2,3.9
2026-03-21 21:00:00,0.197,0.317,7,3.7
2026-03-21 22:00:00,0.197,0.317,6.9,3.9
2026-03-21 23:00:00,0.197,0.317,6.8,5
2026-03-22 00:00:00,0.197,0.316,6.8,7.2
2026-03-22 01:00:00,0.197,0.315,6.9,8.8
2026-03-22 02:00:00,0.196,0.315,7,10.7
2026-03-22 03:00:00,0.196,0.313,7.3,14.6
2026-03-22 04:00:00,0.196,0.313,7.9,16.1
2026-03-22 05:00:00,0.195,0.313,8.5,16.7
2026-03-22 06:00:00,0.195,0.314,9,15.9
2026-03-22 07:00:00,0.195,0.314,9.3,15
2026-03-22 08:00:00,0.195,0.315,9.4,13.1
2026-03-22 09:00:00,0.195,0.316,9.3,11.6
2026-03-22 10:00:00,0.195,0.316,9.2,10.4
2026-03-22 11:00:00,0.195,0.316,9.1,9.7
2026-03-22 12:00:00,0.195,0.317,8.9,8.9
2026-03-22 13:00:00,0.195,0.317,8.7,8.2
2026-03-22 14:00:00,0.196,0.317,8.5,7.7
2026-03-22 15:00:00,0.196,0.317,8.3,7.4
2026-03-22 16:00:00,0.196,0.317,8.1,6.6
2026-03-22 17:00:00,0.196,0.317,8,6
2026-03-22 18:00:00,0.196,0.317,7.8,5.5
2026-03-22 19:00:00,0.196,0.317,7.6,5
2026-03-22 20:00:00,0.196,0.317,7.5,4.6
2026-03-22 21:00:00,0.196,0.317,7.3,4.6
2026-03-22 22:00:00,0.196,0.317,7.2,4.9
2026-03-22 23:00:00,0.196,0.316,7,6.8
2026-03-23 00:00:00,0.196,0.315,7,10.9
2026-03-23 01:00:00,0.196,0.313,7.1,15.1
2026-03-23 02:00:00,0.195,0.312,7.5,17.9
2026-03-23 03:00:00,0.195,0.312,8.1,19.2
2026-03-23 04:00:00,0.194,0.312,8.9,18.8
2026-03-23 05:00:00,0.194,0.313,9.8,17.8
2026-03-23 06:00:00,0.195,0.314,10.3,15.8
2026-03-23 07:00:00,0.195,0.315,10.5,14.5
2026-03-23 08:00:00,0.195,0.315,10.5,13.3
2026-03-23 09:00:00,0.195,0.316,10.4,11.9
2026-03-23 10:00:00,0.195,0.317,10.2,10.2
2026-03-23 11:00:00,0.195,0.317,10,9.2
2026-03-23 12:00:00,0.195,0.317,9.8,8.7
2026-03-23 13:00:00,0.195,0.317,9.5,8.3
2026-03-23 14:00:00,0.195,0.317,9.3,7.9
2026-03-23 15:00:00,0.195,0.317,9.1,7.5
2026-03-23 16:00:00,0.195,0.318,8.9,6.9
2026-03-23 17:00:00,0.195,0.318,8.7,6.5
2026-03-23 18:00:00,0.195,0.318,8.6,6.2
2026-03-23 19:00:00,0.195,0.318,8.4,6.1
2026-03-23 20:00:00,0.195,0.318,8.3,5.9
2026-03-23 21:00:00,0.195,0.317,8.1,6.3
2026-03-23 22:00:00,0.195,0.317,8,6.7
2026-03-23 23:00:00,0.195,0.316,8,9
2026-03-24 00:00:00,0.194,0.315,8,12.1
2026-03-24 01:00:00,0.194,0.314,8.1,15
2026-03-24 02:00:00,0.194,0.313,8.5,17.2
2026-03-24 03:00:00,0.194,0.313,9.1,18.1
2026-03-24 04:00:00,0.193,0.313,9.7,18
2026-03-24 05:00:00,0.193,0.313,10.1,18
2026-03-24 06:00:00,0.193,0.314,10.4,17.7
2026-03-24 07:00:00,0.193,0.314,10.6,16.1
2026-03-24 08:00:00,0.193,0.315,10.8,15
2026-03-24 09:00:00,0.193,0.316,10.8,13.8
2026-03-24 10:00:00,0.193,0.316,10.7,12.8
2026-03-24 11:00:00,0.194,0.316,10.6,12.4
2026-03-24 12:00:00,0.194,0.316,10.5,12
2026-03-24 13:00:00,0.194,0.316,10.3,11.7
2026-03-24 14:00:00,0.194,0.317,10.2,11.5
2026-03-24 15:00:00,0.194,0.317,10.1,11.3
2026-03-24 16:00:00,0.194,0.317,10,11
2026-03-24 17:00:00,0.193,0.317,9.9,10.7
2026-03-24 18:00:00,0.193,0.317,9.9,10.4
2026-03-24 19:00:00,0.193,0.317,9.8,10.3
2026-03-24 20:00:00,0.193,0.317,9.7,10.2
2026-03-24 21:00:00,0.193,0.317,9.6,10.1
2026-03-24 22:00:00,0.193,0.317,9.6,10.1
2026-03-24 23:00:00,0.193,0.317,9.5,10.5
2026-03-25 00:00:00,0.193,0.317,9.5,11
2026-03-25 01:00:00,0.193,0.316,9.6,11.6
2026-03-25 02:00:00,0.193,0.316,9.6,12.3
2026-03-25 03:00:00,0.193,0.315,9.7,14.4
2026-03-25 04:00:00,0.193,0.314,10,17.1
2026-03-25 05:00:00,0.193,0.314,10.5,18
2026-03-25 06:00:00,0.192,0.314,11,16.7
2026-03-25 07:00:00,0.192,0.315,11.3,15.3
2026-03-25 08:00:00,0.192,0.315,11.3,14.1
2026-03-25 09:00:00,0.192,0.316,11.3,12.9
2026-03-25 10:00:00,0.193,0.316,11.1,11.5
2026-03-25 11:00:00,0.193,0.317,11,10.7
2026-03-25 12:00:00,0.193,0.317,10.8,10.2
2026-03-25 13:00:00,0.193,0.317,10.6,9.7
2026-03-25 14:00:00,0.193,0.317,10.4,9.1
2026-03-25 15:00:00,0.193,0.317,10.2,8.6
2026-03-25 16:00:00,0.193,0.317,10,8.2
2026-03-25 17:00:00,0.193,0.318,9.8,7.7
2026-03-25 18:00:00,0.192,0.318,9.6,7.3
2026-03-25 19:00:00,0.193,0.318,9.5,6.9
2026-03-25 20:00:00,0.193,0.318,9.3,7.3
2026-03-25 21:00:00,0.192,0.318,9.2,7.3
2026-03-25 22:00:00,0.193,0.317,9.1,7.4
2026-03-25 23:00:00,0.192,0.317,9,8.5
2026-03-26 00:00:00,0.192,0.316,9,11.2
2026-03-26 01:00:00,0.192,0.315,9.1,13.7
2026-03-26 02:00:00,0.192,0.314,9.4,16.5
2026-03-26 03:00:00,0.192,0.313,9.9,18.7
2026-03-26 04:00:00,0.192,0.313,10.6,18.9
2026-03-26 05:00:00,0.191,0.313,11.4,19
2026-03-26 06:00:00,0.191,0.314,11.9,17.8
2026-03-26 07:00:00,0.191,0.315,12.1,16
2026-03-26 08:00:00,0.191,0.316,12.1,14.1
2026-03-26 09:00:00,0.191,0.317,11.9,12
2026-03-26 10:00:00,0.191,0.317,11.7,10.5
2026-03-26 11:00:00,0.191,0.317,11.4,9.7
2026-03-26 12:00:00,0.191,0.318,11.1,9.1
2026-03-26 13:00:00,0.191,0.318,10.8,8.8
2026-03-26 14:00:00,0.191,0.318,10.6,8.2
2026-03-26 15:00:00,0.191,0.318,10.3,7.8
2026-03-26 16:00:00,0.191,0.318,10.1,7.6
2026-03-26 17:00:00,0.191,0.318,9.9,7.2
2026-03-26 18:00:00,0.191,0.318,9.8,6.5
2026-03-26 19:00:00,0.191,0.318,9.6,6.3
2026-03-26 20:00:00,0.191,0.318,9.4,6
2026-03-26 21:00:00,0.191,0.318,9.2,5.4
2026-03-26 22:00:00,0.191,0.318,9.1,6.1
2026-03-26 23:00:00,0.191,0.317,8.9,7.8
2026-03-27 00:00:00,0.191,0.316,8.9,11.1
2026-03-27 01:00:00,0.191,0.315,9,14.5
2026-03-27 02:00:00,0.19,0.314,9.3,17.3
2026-03-27 03:00:00,0.19,0.313,9.9,19.8
2026-03-27 04:00:00,0.19,0.312,10.6,20.5
2026-03-27 05:00:00,0.19,0.313,11.3,20.2
2026-03-27 06:00:00,0.19,0.314,11.8,18.7
2026-03-27 07:00:00,0.19,0.315,12,17
2026-03-27 08:00:00,0.19,0.315,12.1,15.5
2026-03-27 09:00:00,0.19,0.316,12,13.9
2026-03-27 10:00:00,0.19,0.317,11.8,12.4
2026-03-27 11:00:00,0.19,0.317,11.6,11.5
2026-03-27 12:00:00,0.19,0.317,11.3,11
2026-03-27 13:00:00,0.19,0.317,11.1,10.6
2026-03-27 14:00:00,0.19,0.317,10.9,10.1
2026-03-27 15:00:00,0.19,0.317,10.7,10.2
2026-03-27 16:00:00,0.19,0.317,10.6,10.4
2026-03-27 17:00:00,0.19,0.317,10.5,10.3
2026-03-27 18:00:00,0.19,0.317,10.4,10.1
2026-03-27 19:00:00,0.19,0.318,10.3,9.6
2026-03-27 20:00:00,0.19,0.318,10.2,9
2026-03-27 21:00:00,0.19,0.318,10.1,8.1
2026-03-27 22:00:00,0.19,0.318,10,7.9
2026-03-27 23:00:00,0.189,0.318,9.8,8.7
2026-03-28 00:00:00,0.189,0.316,9.8,12.2
2026-03-28 01:00:00,0.189,0.315,9.8,14.8
2026-03-28 02:00:00,0.189,0.314,10.2,17.6
2026-03-28 03:00:00,0.189,0.313,10.7,19.5
2026-03-28 04:00:00,0.188,0.313,11.6,20.3
2026-03-28 05:00:00,0.188,0.314,12.4,18.3
2026-03-28 06:00:00,0.188,0.315,12.8,15.9
2026-03-28 07:00:00,0.188,0.316,12.9,14.3
2026-03-28 08:00:00,0.188,0.316,12.7,13.1
2026-03-28 09:00:00,0.188,0.317,12.5,11.7
2026-03-28 10:00:00,0.188,0.317,12.2,10.2
2026-03-28 11:00:00,0.188,0.318,11.9,9.4
2026-03-28 12:00:00,0.188,0.318,11.5,8.7
2026-03-28 13:00:00,0.188,0.318,11.2,8.1
2026-03-28 14:00:00,0.188,0.318,11,7.7
2026-03-28 15:00:00,0.188,0.318,10.7,7.1
2026-03-28 16:00:00,0.188,0.318,10.5,6.9
2026-03-28 17:00:00,0.188,0.318,10.2,6.5
2026-03-28 18:00:00,0.188,0.318,10,6
2026-03-28 19:00:00,0.188,0.318,9.8,6
2026-03-28 20:00:00,0.188,0.318,9.7,6.1
2026-03-28 21:00:00,0.188,0.318,9.5,6.3
2026-03-28 22:00:00,0.188,0.318,9.3,6.4
2026-03-28 23:00:00,0.188,0.317,9.2,8.4
2026-03-29 00:00:00,0.188,0.315,9.2,12.7
2026-03-29 01:00:00,0.188,0.314,9.4,15.6
2026-03-29 02:00:00,0.187,0.314,9.8,18.1
2026-03-29 03:00:00,0.187,0.313,10.4,19.8
2026-03-29 04:00:00,0.187,0.313,11.2,21.3
2026-03-29 05:00:00,0.187,0.313,11.9,21.4
2026-03-29 06:00:00,0.187,0.313,12.4,20.3
2026-03-29 07:00:00,0.187,0.314,12.7,19
2026-03-29 08:00:00,0.187,0.315,12.8,17.7
2026-03-29 09:00:00,0.187,0.315,12.8,16.6
2026-03-29 10:00:00,0.187,0.316,12.7,15.4
2026-03-29 11:00:00,0.187,0.316,12.5,14.5
2026-03-29 12:00:00,0.187,0.317,12.4,14.1
2026-03-29 13:00:00,0.187,0.317,12.2,14
2026-03-29 14:00:00,0.187,0.317,12,13.4
2026-03-29 15:00:00,0.187,0.317,11.9,12.7
2026-03-29 16:00:00,0.187,0.317,11.7,12.7
2026-03-29 17:00:00,0.187,0.317,11.6,12.7
2026-03-29 18:00:00,0.187,0.317,11.5,12.1
2026-03-29 19:00:00,0.187,0.317,11.4,11.8
2026-03-29 20:00:00,0.187,0.317,11.2,11.8
2026-03-29 21:00:00,0.187,0.317,11.1,11.7
2026-03-29 22:00:00,0.187,0.317,11.1,11.8
2026-03-29 23:00:00,0.187,0.317,11,12.8
2026-03-30 00:00:00,0.187,0.316,11,13.9
2026-03-30 01:00:00,0.186,0.316,11,15.7
2026-03-30 02:00:00,0.186,0.315,11.2,16.4
2026-03-30 03:00:00,0.186,0.315,11.4,16.7
2026-03-30 04:00:00,0.186,0.315,11.5,16.7
2026-03-30 05:00:00,0.186,0.316,11.6,15.7
2026-03-30 06:00:00,0.186,0.316,11.7,14.5
2026-03-30 07:00:00,0.186,0.316,11.7,13.9
2026-03-30 08:00:00,0.186,0.316,11.7,13.6
2026-03-30 09:00:00,0.187,0.315,11.7,13.2
2026-03-30 10:00:00,0.187,0.315,11.7,12.9
2026-03-30 11:00:00,0.198,0.315,11.7,12.8
2026-03-30 12:00:00,0.222,0.315,11.6,12.6
2026-03-30 13:00:00,0.226,0.315,11.6,12.3
2026-03-30 14:00:00,0.228,0.315,11.5,12.2
2026-03-30 15:00:00,0.23,0.316,11.5,12.1
2026-03-30 16:00:00,0.231,0.316,11.4,12
2026-03-30 17:00:00,0.231,0.316,11.4,11.7
2026-03-30 18:00:00,0.231,0.316,11.3,11.4
2026-03-30 19:00:00,0.231,0.316,11.3,11.3
2026-03-30 20:00:00,0.23,0.316,11.2,10.8
2026-03-30 21:00:00,0.229,0.316,11.2,10.6
2026-03-30 22:00:00,0.227,0.316,11.1,11.4
2026-03-30 23:00:00,0.225,0.316,11,12.6
2026-03-31 00:00:00,0.223,0.315,11.1,13.6
2026-03-31 01:00:00,0.22,0.316,11.2,13.9
2026-03-31 02:00:00,0.218,0.315,11.5,15.5
2026-03-31 03:00:00,0.216,0.315,12,16.8
2026-03-31 04:00:00,0.214,0.314,12.7,18
2026-03-31 05:00:00,0.211,0.315,13.3,17.4
2026-03-31 06:00:00,0.209,0.316,13.7,15.3
2026-03-31 07:00:00,0.207,0.316,13.7,14.5
2026-03-31 08:00:00,0.205,0.317,13.6,13.8
2026-03-31 09:00:00,0.204,0.317,13.4,12.7
2026-03-31 10:00:00,0.203,0.317,13.2,11.9
2026-03-31 11:00:00,0.202,0.318,12.9,11.7
2026-03-31 12:00:00,0.201,0.318,12.7,11.6
2026-03-31 13:00:00,0.201,0.318,12.5,11.1
2026-03-31 14:00:00,0.2,0.318,12.3,10.9
2026-03-31 15:00:00,0.2,0.318,12.1,10.7
2026-03-31 16:00:00,0.2,0.318,11.9,10.6
2026-03-31 17:00:00,0.199,0.318,11.7,10.6
2026-03-31 18:00:00,0.199,0.318,11.6,10.6
2026-03-31 19:00:00,0.199,0.318,11.5,10.4
2026-03-31 20:00:00,0.199,0.318,11.4,10.3
2026-03-31 21:00:00,0.198,0.318,11.3,10.3
2026-03-31 22:00:00,0.198,0.318,11.2,10.7
2026-03-31 23:00:00,0.198,0.317,11.2,11.9
2026-04-01 00:00:00,0.198,0.317,11.2,12.6
2026-04-01 01:00:00,0.197,0.317,11.3,13.4
2026-04-01 02:00:00,0.197,0.317,11.4,14.4
2026-04-01 03:00:00,0.197,0.316,11.6,15.1
2026-04-01 04:00:00,0.197,0.317,11.8,14.8
2026-04-01 05:00:00,0.196,0.317,12,14.7
2026-04-01 06:00:00,0.196,0.317,12.1,14.4
2026-04-01 07:00:00,0.196,0.317,12.3,13.8
2026-04-01 08:00:00,0.196,0.317,12.3,12.8
2026-04-01 09:00:00,0.196,0.318,12.3,11.7
2026-04-01 10:00:00,0.196,0.318,12.1,10.7
2026-04-01 11:00:00,0.196,0.318,11.9,10.1
2026-04-01 12:00:00,0.196,0.318,11.7,9.3
2026-04-01 13:00:00,0.196,0.318,11.5,8.9
2026-04-01 14:00:00,0.196,0.318,11.2,8.3
2026-04-01 15:00:00,0.196,0.318,11,7.8
2026-04-01 16:00:00,0.195,0.319,10.8,7.2
2026-04-01 17:00:00,0.195,0.319,10.6,7.1
2026-04-01 18:00:00,0.195,0.319,10.4,6.6
2026-04-01 19:00:00,0.195,0.319,10.2,6.4
2026-04-01 20:00:00,0.195,0.319,10,6.3
2026-04-01 21:00:00,0.195,0.319,9.8,6
2026-04-01 22:00:00,0.195,0.319,9.7,6.2
2026-04-01 23:00:00,0.195,0.318,9.6,8.1
2026-04-02 00:00:00,0.195,0.316,9.6,11.4
2026-04-02 01:00:00,0.195,0.316,9.7,13.3
2026-04-02 02:00:00,0.195,0.315,10.1,16.8
2026-04-02 03:00:00,0.194,0.315,10.7,17.7
2026-04-02 04:00:00,0.194,0.315,11.5,18.2
2026-04-02 05:00:00,0.194,0.315,12,17.5
2026-04-02 06:00:00,0.193,0.316,12.4,16.6
2026-04-02 07:00:00,0.193,0.316,12.5,15.9
2026-04-02 08:00:00,0.193,0.317,12.6,14.8
2026-04-02 09:00:00,0.193,0.317,12.5,13.3
2026-04-02 10:00:00,0.193,0.318,12.4,11.9
2026-04-02 11:00:00,0.193,0.318,12.2,11.1
2026-04-02 12:00:00,0.193,0.318,11.9,10.7
2026-04-02 13:00:00,0.193,0.318,11.7,10.3
2026-04-02 14:00:00,0.193,0.319,11.5,9.8
2026-04-02 15:00:00,0.193,0.319,11.3,9.3
2026-04-02 16:00:00,0.193,0.319,11.1,8.8
2026-04-02 17:00:00,0.193,0.319,11,8.8
2026-04-02 18:00:00,0.193,0.319,10.8,8.7
2026-04-02 19:00:00,0.193,0.319,10.7,8.3
2026-04-02 20:00:00,0.193,0.319,10.6,8
2026-04-02 21:00:00,0.194,0.319,10.4,7.6
2026-04-02 22:00:00,0.193,0.319,10.3,7.9
2026-04-02 23:00:00,0.194,0.318,10.2,9.4
2026-04-03 00:00:00,0.193,0.318,10.2,11.4
2026-04-03 01:00:00,0.193,0.316,10.3,14.3
2026-04-03 02:00:00,0.193,0.315,10.6,17.8
2026-04-03 03:00:00,0.193,0.315,11.1,18.5
2026-04-03 04:00:00,0.192,0.314,11.6,19.7
2026-04-03 05:00:00,0.192,0.314,12,20.4
2026-04-03 06:00:00,0.192,0.315,12.3,19.2
2026-04-03 07:00:00,0.192,0.315,12.5,17.7
2026-04-03 08:00:00,0.192,0.316,12.6,16.5
2026-04-03 09:00:00,0.192,0.317,12.5,15.8
2026-04-03 10:00:00,0.192,0.317,12.4,15.5
2026-04-03 11:00:00,0.192,0.317,12.3,14.7
2026-04-03 12:00:00,0.192,0.317,12.2,13.9
2026-04-03 13:00:00,0.192,0.318,12.2,13.4
2026-04-03 14:00:00,0.192,0.318,12.1,12.8
2026-04-03 15:00:00,0.192,0.318,12,12.1
2026-04-03 16:00:00,0.193,0.317,11.9,11.9
2026-04-03 17:00:00,0.193,0.316,11.9,12.1
2026-04-03 18:00:00,0.199,0.317,11.8,12.4
2026-04-03 19:00:00,0.229,0.317,11.7,12.4
2026-04-03 20:00:00,0.232,0.317,11.7,12.1
2026-04-03 21:00:00,0.233,0.317,11.7,12
2026-04-03 22:00:00,0.233,0.317,11.6,12.1
2026-04-03 23:00:00,0.234,0.317,11.6,12.3
2026-04-04 00:00:00,0.233,0.317,11.6,13.3
2026-04-04 01:00:00,0.232,0.316,11.7,15.3
2026-04-04 02:00:00,0.231,0.316,12,16.2
2026-04-04 03:00:00,0.229,0.317,12.4,15.5
2026-04-04 04:00:00,0.226,0.317,12.7,14
2026-04-04 05:00:00,0.223,0.317,12.9,14
2026-04-04 06:00:00,0.22,0.317,13,13.6
2026-04-04 07:00:00,0.219,0.318,13,12.1
2026-04-04 08:00:00,0.217,0.318,12.9,11.4
2026-04-04 09:00:00,0.215,0.318,12.7,10.9
2026-04-04 10:00:00,0.212,0.319,12.5,10.2
2026-04-04 11:00:00,0.21,0.319,12.3,9.8
2026-04-04 12:00:00,0.209,0.319,12.1,9.4
2026-04-04 13:00:00,0.207,0.319,11.9,9.1
2026-04-04 14:00:00,0.206,0.319,11.7,8.9
2026-04-04 15:00:00,0.205,0.319,11.5,8.5
2026-04-04 16:00:00,0.204,0.319,11.4,8.3
2026-04-04 17:00:00,0.204,0.319,11.2,8
2026-04-04 18:00:00,0.203,0.319,11,7.8
2026-04-04 19:00:00,0.203,0.319,10.9,7.6
2026-04-04 20:00:00,0.202,0.319,10.7,7.4
2026-04-04 21:00:00,0.202,0.319,10.6,7.3
2026-04-04 22:00:00,0.202,0.319,10.4,7.7
2026-04-04 23:00:00,0.201,0.319,10.3,8.6
2026-04-05 00:00:00,0.201,0.318,10.3,10.1
2026-04-05 01:00:00,0.201,0.317,10.4,11.8
2026-04-05 02:00:00,0.2,0.316,10.7,14.7
2026-04-05 03:00:00,0.199,0.316,11.1,15.5
2026-04-05 04:00:00,0.199,0.316,11.6,16.8
2026-04-05 05:00:00,0.198,0.317,12.1,15.9
2026-04-05 06:00:00,0.198,0.317,12.5,15.5
2026-04-05 07:00:00,0.198,0.317,12.6,14.7
2026-04-05 08:00:00,0.198,0.318,12.6,13.7
2026-04-05 09:00:00,0.198,0.318,12.5,13.3
2026-04-05 10:00:00,0.198,0.318,12.4,12.7
2026-04-05 11:00:00,0.198,0.318,12.2,11.9
2026-04-05 12:00:00,0.198,0.318,12,11.9
2026-04-05 13:00:00,0.198,0.318,11.8,12.3
2026-04-05 14:00:00,0.198,0.318,11.7,12.3
2026-04-05 15:00:00,0.198,0.318,11.6,12.7
2026-04-05 16:00:00,0.197,0.318,11.6,13
2026-04-05 17:00:00,0.197,0.318,11.6,13.1
2026-04-05 18:00:00,0.197,0.318,11.6,13.2
2026-04-05 19:00:00,0.197,0.318,11.6,12.9
2026-04-05 20:00:00,0.197,0.318,11.6,13
2026-04-05 21:00:00,0.198,0.318,11.6,13
2026-04-05 22:00:00,0.198,0.318,11.6,13.2
2026-04-05 23:00:00,0.198,0.318,11.7,13.8
2026-04-06 00:00:00,0.197,0.318,11.7,14.4
2026-04-06 01:00:00,0.197,0.318,11.9,14.7
2026-04-06 02:00:00,0.197,0.318,12.1,15.1
2026-04-06 03:00:00,0.197,0.318,12.2,15.3
2026-04-06 04:00:00,0.197,0.318,12.4,15.4
2026-04-06 05:00:00,0.197,0.318,12.5,14.9
2026-04-06 06:00:00,0.197,0.319,12.6,14.1
2026-04-06 07:00:00,0.198,0.319,12.6,13.5
2026-04-06 08:00:00,0.198,0.319,12.6,12.6
2026-04-06 09:00:00,0.198,0.32,12.5,11.6
2026-04-06 10:00:00,0.198,0.32,12.4,10
2026-04-06 11:00:00,0.198,0.321,12.2,9.1
2026-04-06 12:00:00,0.198,0.321,11.9,8.8
2026-04-06 13:00:00,0.198,0.321,11.7,8.5
2026-04-06 14:00:00,0.198,0.321,11.4,7.8
2026-04-06 15:00:00,0.198,0.321,11.2,7.5
2026-04-06 16:00:00,0.198,0.321,11,7.2
2026-04-06 17:00:00,0.198,0.321,10.7,6.7
2026-04-06 18:00:00,0.198,0.321,10.5,6
2026-04-06 19:00:00,0.198,0.321,10.3,5.6
2026-04-06 20:00:00,0.198,0.321,10.1,5.2
2026-04-06 21:00:00,0.198,0.321,9.9,5.1
2026-04-06 22:00:00,0.198,0.32,9.7,6
2026-04-06 23:00:00,0.198,0.319,9.5,8
2026-04-07 00:00:00,0.198,0.318,9.5,10.5
2026-04-07 01:00:00,0.198,0.317,9.7,11.9
2026-04-07 02:00:00,0.198,0.317,10,14.3
2026-04-07 03:00:00,0.198,0.316,10.3,15.2
2026-04-07 04:00:00,0.197,0.317,10.9,15.1
2026-04-07 05:00:00,0.197,0.317,11.3,13.9
2026-04-07 06:00:00,0.197,0.318,11.5,13.1
2026-04-07 07:00:00,0.197,0.318,11.5,11.7
2026-04-07 08:00:00,0.197,0.319,11.3,10.5
2026-04-07 09:00:00,0.197,0.319,11.1,9.1
2026-04-07 10:00:00,0.197,0.32,10.9,7.8
2026-04-07 11:00:00,0.197,0.32,10.6,6.9
2026-04-07 12:00:00,0.197,0.32,10.3,6.4
2026-04-07 13:00:00,0.197,0.32,10.1,5.8
2026-04-07 14:00:00,0.197,0.32,9.8,5.4
2026-04-07 15:00:00,0.197,0.32,9.6,5.3
2026-04-07 16:00:00,0.197,0.32,9.4,4.9
2026-04-07 17:00:00,0.197,0.32,9.2,3.8
2026-04-07 18:00:00,0.197,0.32,9,3.4
2026-04-07 19:00:00,0.197,0.32,8.8,3
2026-04-07 20:00:00,0.197,0.32,8.6,2.8
2026-04-07 21:00:00,0.198,0.32,8.5,2.4
2026-04-07 22:00:00,0.198,0.32,8.3,3.5
2026-04-07 23:00:00,0.198,0.319,8.2,5.9
2026-04-08 00:00:00,0.198,0.318,8.2,9.3
2026-04-08 01:00:00,0.198,0.317,8.5,11.5
2026-04-08 02:00:00,0.197,0.316,8.9,14.8
2026-04-08 03:00:00,0.197,0.316,9.5,16.4
2026-04-08 04:00:00,0.197,0.316,10.2,17.6
2026-04-08 05:00:00,0.197,0.316,10.8,17.2
2026-04-08 06:00:00,0.196,0.316,11.2,17.2
2026-04-08 07:00:00,0.196,0.317,11.3,15.8
2026-04-08 08:00:00,0.196,0.318,11.4,14.3
2026-04-08 09:00:00,0.196,0.318,11.4,12.9
2026-04-08 10:00:00,0.196,0.319,11.3,11.7
2026-04-08 11:00:00,0.196,0.319,11.1,11.3
2026-04-08 12:00:00,0.196,0.319,10.9,10.9
2026-04-08 13:00:00,0.196,0.319,10.8,10.9
2026-04-08 14:00:00,0.196,0.319,10.6,10.5
2026-04-08 15:00:00,0.196,0.319,10.5,10.7
2026-04-08 16:00:00,0.196,0.319,10.4,10.4
2026-04-08 17:00:00,0.196,0.319,10.3,10.1
2026-04-08 18:00:00,0.196,0.319,10.3,9.7
2026-04-08 19:00:00,0.196,0.32,10.2,9.4
2026-04-08 20:00:00,0.196,0.319,10.1,10.1
2026-04-08 21:00:00,0.196,0.319,10.1,10.7
2026-04-08 22:00:00,0.196,0.319,10.1,10.9
2026-04-08 23:00:00,0.196,0.319,10.2,11.2
2026-04-09 00:00:00,0.196,0.319,10.2,12.1
2026-04-09 01:00:00,0.197,0.318,10.3,13
2026-04-09 02:00:00,0.197,0.318,10.4,13.9
2026-04-09 03:00:00,0.197,0.318,10.6,14.8
2026-04-09 04:00:00,0.197,0.318,10.9,15.3
2026-04-09 05:00:00,0.197,0.319,11.1,15.8
2026-04-09 06:00:00,0.197,0.319,11.4,16.1
2026-04-09 07:00:00,0.197,0.319,11.6,16.3
2026-04-09 08:00:00,0.209,0.319,12,16.4
2026-04-09 09:00:00,0.224,0.319,12.2,16.3
2026-04-09 10:00:00,0.227,0.319,12.4,15.8
2026-04-09 11:00:00,0.229,0.319,12.5,15.4
2026-04-09 12:00:00,0.229,0.319,12.5,15.4
2026-04-09 13:00:00,0.229,0.319,12.6,15.5
2026-04-09 14:00:00,0.228,0.319,12.6,15.6
2026-04-09 15:00:00,0.227,0.319,12.7,15.2
2026-04-09 16:00:00,0.225,0.319,12.7,14.7
2026-04-09 17:00:00,0.222,0.32,12.7,14.4
2026-04-09 18:00:00,0.221,0.32,12.7,13.9
2026-04-09 19:00:00,0.219,0.32,12.6,13.2
2026-04-09 20:00:00,0.218,0.321,12.6,12.1
2026-04-09 21:00:00,0.217,0.32,12.5,11.8
2026-04-09 22:00:00,0.216,0.321,12.4,11.8
2026-04-09 23:00:00,0.215,0.32,12.2,11.9
2026-04-10 00:00:00,0.214,0.32,12.1,12.3
2026-04-10 01:00:00,0.213,0.32,12.1,12.2
2026-04-10 02:00:00,0.212,0.32,12.1,12.1
2026-04-10 03:00:00,0.212,0.32,12.1,12.3
2026-04-10 04:00:00,0.211,0.32,12.1,12.3
2026-04-10 05:00:00,0.21,0.32,12.2,11.8
2026-04-10 06:00:00,0.209,0.32,12.2,11.4
2026-04-10 07:00:00,0.209,0.32,12.1,11.1
2026-04-10 08:00:00,0.208,0.32,12.1,11
2026-04-10 09:00:00,0.208,0.321,12,10.8
2026-04-10 10:00:00,0.208,0.321,11.9,10.3
2026-04-10 11:00:00,0.207,0.321,11.8,10
2026-04-10 12:00:00,0.207,0.321,11.7,9.9
2026-04-10 13:00:00,0.207,0.321,11.6,9.9
2026-04-10 14:00:00,0.206,0.321,11.5,9.8
2026-04-10 15:00:00,0.206,0.321,11.4,9.8
2026-04-10 16:00:00,0.206,0.321,11.3,9.8
2026-04-10 17:00:00,0.206,0.321,11.2,9.7
2026-04-10 18:00:00,0.206,0.321,11.1,9.7
2026-04-10 19:00:00,0.206,0.321,11.1,9.6
2026-04-10 20:00:00,0.206,0.321,11,9.6
2026-04-10 21:00:00,0.206,0.321,11,9.6
2026-04-10 22:00:00,0.205,0.321,10.9,9.9
2026-04-10 23:00:00,0.205,0.32,10.9,10.7
2026-04-11 00:00:00,0.205,0.32,11,12
2026-04-11 01:00:00,0.205,0.319,11.1,14
2026-04-11 02:00:00,0.205,0.318,11.4,17
2026-04-11 03:00:00,0.204,0.317,12,18.3
2026-04-11 04:00:00,0.204,0.317,12.7,18.3
2026-04-11 05:00:00,0.203,0.317,13.3,18.4
2026-04-11 06:00:00,0.203,0.318,13.6,18.1
2026-04-11 07:00:00,0.203,0.318,13.8,17.5
2026-04-11 08:00:00,0.203,0.319,13.9,16.6
2026-04-11 09:00:00,0.203,0.319,13.9,15.1
2026-04-11 10:00:00,0.203,0.32,13.8,13.8
2026-04-11 11:00:00,0.203,0.32,13.6,13.1
2026-04-11 12:00:00,0.203,0.32,13.4,12.7
2026-04-11 13:00:00,0.203,0.321,13.2,12.4
2026-04-11 14:00:00,0.203,0.321,13,12.2
2026-04-11 15:00:00,0.203,0.321,12.8,12.2
2026-04-11 16:00:00,0.203,0.321,12.7,12.2
2026-04-11 17:00:00,0.204,0.321,12.6,12
2026-04-11 18:00:00,0.204,0.321,12.5,11.6
2026-04-11 19:00:00,0.204,0.321,12.4,11.1
2026-04-11 20:00:00,0.204,0.321,12.3,10.7
2026-04-11 21:00:00,0.204,0.321,12.1,10.7
2026-04-11 22:00:00,0.204,0.321,12,10.7
2026-04-11 23:00:00,0.204,0.321,11.9,10.8
2026-04-12 00:00:00,0.204,0.32,11.9,12.5
2026-04-12 01:00:00,0.203,0.319,12,15
2026-04-12 02:00:00,0.203,0.319,12.2,16.5
2026-04-12 03:00:00,0.203,0.318,12.5,17.5
2026-04-12 04:00:00,0.203,0.317,12.8,18.6
2026-04-12 05:00:00,0.202,0.317,13.1,19
2026-04-12 06:00:00,0.202,0.317,13.4,19.1
2026-04-12 07:00:00,0.202,0.318,13.6,18.7
2026-04-12 08:00:00,0.202,0.319,13.7,17.2
2026-04-12 09:00:00,0.202,0.319,13.8,16.3
2026-04-12 10:00:00,0.202,0.319,13.8,15.5
2026-04-12 11:00:00,0.202,0.32,13.7,15.1
2026-04-12 12:00:00,0.202,0.32,13.6,14.7
2026-04-12 13:00:00,0.202,0.32,13.4,14.6
2026-04-12 14:00:00,0.202,0.32,13.3,14.4
2026-04-12 15:00:00,0.202,0.32,13.2,14
2026-04-12 16:00:00,0.202,0.32,13.1,13.7
2026-04-12 17:00:00,0.203,0.32,13,13.5
2026-04-12 18:00:00,0.203,0.32,12.9,13.4
2026-04-12 19:00:00,0.203,0.32,12.8,13.8
2026-04-12 20:00:00,0.203,0.32,12.7,13.8
2026-04-12 21:00:00,0.203,0.32,12.6,13.7
2026-04-12 22:00:00,0.203,0.32,12.5,14.6
2026-04-12 23:00:00,0.202,0.318,12.4,16.8
2026-04-13 00:00:00,0.202,0.317,12.4,19
2026-04-13 01:00:00,0.202,0.316,12.7,21.2
2026-04-13 02:00:00,0.201,0.315,13,22.8
2026-04-13 03:00:00,0.201,0.315,13.5,23.2
2026-04-13 04:00:00,0.201,0.315,14,23
2026-04-13 05:00:00,0.201,0.316,14.4,22.2
2026-04-13 06:00:00,0.2,0.316,14.7,21.2
2026-04-13 07:00:00,0.2,0.317,14.9,19.6
2026-04-13 08:00:00,0.2,0.318,14.9,18.2
2026-04-13 09:00:00,0.2,0.318,14.8,17.2
2026-04-13 10:00:00,0.201,0.319,14.7,16.3
2026-04-13 11:00:00,0.201,0.319,14.5,15.9
2026-04-13 12:00:00,0.201,0.319,14.3,15.6
2026-04-13 13:00:00,0.201,0.319,14,15.1
2026-04-13 14:00:00,0.201,0.319,13.9,15
2026-04-13 15:00:00,0.201,0.319,13.7,14.9
2026-04-13 16:00:00,0.201,0.319,13.6,14.8
2026-04-13 17:00:00,0.201,0.32,13.5,14.4
2026-04-13 18:00:00,0.201,0.32,13.4,14.4
2026-04-13 19:00:00,0.201,0.32,13.3,14.1
2026-04-13 20:00:00,0.201,0.32,13.2,14.1
2026-04-13 21:00:00,0.201,0.32,13.1,14
2026-04-13 22:00:00,0.201,0.319,13.1,14.3
2026-04-13 23:00:00,0.201,0.319,13,15.2
2026-04-14 00:00:00,0.201,0.319,13,15.8
2026-04-14 01:00:00,0.201,0.318,13.1,17
2026-04-14 02:00:00,0.201,0.317,13.2,18.1
2026-04-14 03:00:00,0.201,0.317,13.4,18.5
2026-04-14 04:00:00,0.201,0.317,13.5,19.2
2026-04-14 05:00:00,0.2,0.317,13.7,18.8
2026-04-14 06:00:00,0.2,0.317,13.8,18.7
2026-04-14 07:00:00,0.2,0.317,13.9,18.4
2026-04-14 08:00:00,0.2,0.317,14,18.4
2026-04-14 09:00:00,0.2,0.318,14.1,17.8
2026-04-14 10:00:00,0.2,0.318,14.1,16.6
2026-04-14 11:00:00,0.2,0.319,14.1,16
2026-04-14 12:00:00,0.201,0.319,14,15.2
2026-04-14 13:00:00,0.201,0.319,13.9,14.2
2026-04-14 14:00:00,0.201,0.32,13.7,13.6
2026-04-14 15:00:00,0.201,0.32,13.5,12.9
2026-04-14 16:00:00,0.201,0.32,13.4,12.6
2026-04-14 17:00:00,0.201,0.32,13.2,11.9
2026-04-14 18:00:00,0.201,0.32,13,11.5
2026-04-14 19:00:00,0.201,0.321,12.8,11
2026-04-14 20:00:00,0.201,0.32,12.6,11
2026-04-14 21:00:00,0.201,0.32,12.5,10.8
2026-04-14 22:00:00,0.201,0.32,12.3,11.1
2026-04-14 23:00:00,0.201,0.319,12.2,13.5
2026-04-15 00:00:00,0.201,0.318,12.3,16.3
2026-04-15 01:00:00,0.2,0.316,12.5,18.9
2026-04-15 02:00:00,0.2,0.315,12.9,21.9
2026-04-15 03:00:00,0.199,0.315,13.5,23.4
2026-04-15 04:00:00,0.199,0.315,14.3,22.3
2026-04-15 05:00:00,0.199,0.316,14.8,20.7
2026-04-15 06:00:00,0.199,0.316,15.1,20.7
2026-04-15 07:00:00,0.198,0.317,15.1,19.6
2026-04-15 08:00:00,0.199,0.317,15,18
2026-04-15 09:00:00,0.199,0.318,14.9,16.4
2026-04-15 10:00:00,0.199,0.319,14.7,14.9
2026-04-15 11:00:00,0.199,0.319,14.5,14.3
2026-04-15 12:00:00,0.199,0.319,14.2,13.9
2026-04-15 13:00:00,0.199,0.319,14,13.4
2026-04-15 14:00:00,0.199,0.32,13.7,13.1
2026-04-15 15:00:00,0.199,,13.5,
2026-04-15 16:00:00,0.199,,13.4,
2026-04-15 17:00:00,0.199,,13.2,
2026-04-15 18:00:00,0.199,,13,
2026-04-15 19:00:00,0.199,,12.9,
2026-04-15 20:00:00,0.199,,12.8,
2026-04-15 21:00:00,0.199,,12.6,
2026-04-15 22:00:00,0.199,,12.5,
2026-04-15 23:00:00,0.199,,12.4,
2026-04-16 00:00:00,0.199,,12.5,
2026-04-16 01:00:00,0.199,,12.8,
2026-04-16 02:00:00,0.198,,13.2,
2026-04-16 03:00:00,0.198,,13.8,
2026-04-16 04:00:00,0.197,,14.8,
2026-04-16 05:00:00,0.197,,15.3,
2026-04-16 06:00:00,0.197,,15.5,
2026-04-16 07:00:00,0.197,,15.5,
2026-04-16 08:00:00,0.197,,15.5,
2026-04-16 09:00:00,0.197,,15.3,
2026-04-16 10:00:00,0.197,,15.2,
2026-04-16 11:00:00,0.197,,14.9,
2026-04-16 12:00:00,0.197,,14.7,
2026-04-16 13:00:00,0.197,,14.5,
2026-04-16 14:00:00,0.198,,14.3,
2026-04-16 15:00:00,0.198,,14.2,
2026-04-16 16:00:00,0.198,,14,
2026-04-16 17:00:00,0.198,,13.9,
2026-04-16 18:00:00,0.198,,13.8,
2026-04-16 19:00:00,0.198,,13.7,
2026-04-16 20:00:00,0.198,,13.6,
2026-04-16 21:00:00,0.198,,13.5,
2026-04-16 22:00:00,0.198,,13.4,
2026-04-16 23:00:00,0.198,,13.3,
2026-04-17 00:00:00,0.198,,13.2,
2026-04-17 01:00:00,0.198,,13.2,
2026-04-17 02:00:00,0.198,,13.2,
2026-04-17 03:00:00,0.198,,13.2,
2026-04-17 04:00:00,0.198,,13.2,
2026-04-17 05:00:00,0.198,,13.2,
2026-04-17 06:00:00,0.198,,13.3,
2026-04-17 07:00:00,0.198,,13.3,
2026-04-17 08:00:00,0.198,,13.3,
2026-04-17 09:00:00,0.198,,13.3,
2026-04-17 10:00:00,0.198,,13.3,
2026-04-17 11:00:00,0.198,,13.3,
2026-04-17 12:00:00,0.198,,13.3,
2026-04-17 13:00:00,0.198,,13.2,
2026-04-17 14:00:00,0.198,,13.2,
2026-04-17 15:00:00,0.198,,13.2,
2026-04-17 16:00:00,0.198,,13.2,
2026-04-17 17:00:00,0.198,,13.2,
2026-04-17 18:00:00,0.198,,13.2,
2026-04-17 19:00:00,0.198,,13.2,
2026-04-17 20:00:00,0.198,,13.2,
2026-04-17 21:00:00,0.198,,13.2,
2026-04-17 22:00:00,0.198,,13.2,
2026-04-17 23:00:00,0.198,,13.3,
2026-04-18 00:00:00,0.198,,13.4,
2026-04-18 01:00:00,0.198,,13.7,
2026-04-18 02:00:00,0.198,,14,
2026-04-18 03:00:00,0.197,,14.6,
2026-04-18 04:00:00,0.197,,15.1,
2026-04-18 05:00:00,0.196,,15.5,
2026-04-18 06:00:00,0.196,,15.7,
2026-04-18 07:00:00,0.196,,15.8,
2026-04-18 08:00:00,0.196,,15.9,
2026-04-18 09:00:00,0.196,,15.9,
2026-04-18 10:00:00,0.196,,15.9,
2026-04-18 11:00:00,0.197,,15.8,
2026-04-18 12:00:00,0.197,,15.7,
2026-04-18 13:00:00,0.197,,15.5,
2026-04-18 14:00:00,0.197,,15.4,
2026-04-18 15:00:00,0.197,,15.2,
2026-04-18 16:00:00,0.198,,15.1,
2026-04-18 17:00:00,0.198,,15,
2026-04-18 18:00:00,0.198,,14.9,
2026-04-18 19:00:00,0.198,,14.8,
2026-04-18 20:00:00,0.198,,14.7,
2026-04-18 21:00:00,0.198,,14.6,
2026-04-18 22:00:00,0.198,,14.5,
2026-04-18 23:00:00,0.198,,14.5,
2026-04-19 00:00:00,0.198,,14.5,
2026-04-19 01:00:00,0.197,,14.8,
2026-04-19 02:00:00,0.197,,15,
2026-04-19 03:00:00,0.197,,15.2,
2026-04-19 04:00:00,0.197,,15.4,
2026-04-19 05:00:00,0.196,,15.5,
2026-04-19 06:00:00,0.196,,15.7,
2026-04-19 07:00:00,0.196,,15.9,
2026-04-19 08:00:00,0.196,,16,
2026-04-19 09:00:00,0.196,,16.1,
2026-04-19 10:00:00,0.196,,16,
2026-04-19 11:00:00,0.196,,15.8,
2026-04-19 12:00:00,0.197,,15.6,
2026-04-19 13:00:00,0.197,,15.4,
2026-04-19 14:00:00,0.197,,15.2,
2026-04-19 15:00:00,0.197,,15,
2026-04-19 16:00:00,0.197,,14.9,
2026-04-19 17:00:00,0.197,,14.8,
2026-04-19 18:00:00,0.197,,14.6,
2026-04-19 19:00:00,0.198,,14.5,
2026-04-19 20:00:00,0.198,,14.4,
2026-04-19 21:00:00,0.198,,14.3,
2026-04-19 22:00:00,0.198,,14.2,
2026-04-19 23:00:00,0.197,,14.2,
2026-04-20 00:00:00,0.197,,14.3,
2026-04-20 01:00:00,0.197,,14.6,
2026-04-20 02:00:00,0.197,,14.8,
2026-04-20 03:00:00,0.197,,14.9,
2026-04-20 04:00:00,0.197,,14.9,
2026-04-20 05:00:00,0.197,,14.9,
2026-04-20 06:00:00,0.197,,14.8,
2026-04-20 07:00:00,0.197,,14.7,
2026-04-20 08:00:00,0.197,,14.5,
2026-04-20 09:00:00,0.197,,14.3,
2026-04-20 10:00:00,0.197,,14.1,
2026-04-20 11:00:00,0.197,,13.8,
2026-04-20 12:00:00,0.197,,13.5,
2026-04-20 13:00:00,0.197,,13.2,
2026-04-20 14:00:00,0.198,,12.8,
2026-04-20 15:00:00,0.198,,12.5,
2026-04-20 16:00:00,0.198,,12.3,
2026-04-20 17:00:00,0.198,,12,
2026-04-20 18:00:00,0.198,,11.8,
2026-04-20 19:00:00,0.198,,11.5,
2026-04-20 20:00:00,0.199,,11.3,
2026-04-20 21:00:00,0.199,,11.1,
2026-04-20 22:00:00,0.199,,10.9,
2026-04-20 23:00:00,0.199,,10.8,
2026-04-21 00:00:00,0.199,,10.9,
2026-04-21 01:00:00,0.198,,11.2,
2026-04-21 02:00:00,0.198,,11.7,
2026-04-21 03:00:00,0.198,,12.3,
2026-04-21 04:00:00,0.197,,13,
2026-04-21 05:00:00,0.197,,13.6,
2026-04-21 06:00:00,0.196,,13.9,
2026-04-21 07:00:00,0.196,,14.2,
2026-04-21 08:00:00,0.196,,14.2,
2026-04-21 09:00:00,0.196,,14.1,
2026-04-21 10:00:00,0.196,,13.9,
2026-04-21 11:00:00,0.196,,13.7,
2026-04-21 12:00:00,0.196,,13.5,
2026-04-21 13:00:00,0.197,,13.3,
2026-04-21 14:00:00,0.197,,13.1,
2026-04-21 15:00:00,0.197,,12.9,
2026-04-21 16:00:00,0.197,,12.8,
2026-04-21 17:00:00,0.197,,12.7,
2026-04-21 18:00:00,0.197,,12.5,
2026-04-21 19:00:00,0.197,,12.4,
2026-04-21 20:00:00,0.197,,12.3,
2026-04-21 21:00:00,0.197,,12.2,
2026-04-21 22:00:00,0.197,,12.2,
2026-04-21 23:00:00,0.197,,12.1,
2026-04-22 00:00:00,0.197,,12.1,
2026-04-22 01:00:00,0.197,,12.1,
2026-04-22 02:00:00,0.197,,12.1,
2026-04-22 03:00:00,0.197,,12.2,
2026-04-22 04:00:00,0.197,,12.2,
2026-04-22 05:00:00,0.197,,12.3,
2026-04-22 06:00:00,0.197,,12.3,
2026-04-22 07:00:00,0.197,,12.4,
2026-04-22 08:00:00,0.197,,12.3,
2026-04-22 09:00:00,0.197,,12.3,
2026-04-22 10:00:00,0.197,,12.3,
2026-04-22 11:00:00,0.197,,12.3,
2026-04-22 12:00:00,0.197,,12.3,
2026-04-22 13:00:00,0.197,,12.2,
2026-04-22 14:00:00,0.197,,12.2,
2026-04-22 15:00:00,0.197,,12.2,
2026-04-22 16:00:00,0.197,,12.2,
2026-04-22 17:00:00,0.197,,12.2,
2026-04-22 18:00:00,0.197,,12.1,
2026-04-22 19:00:00,0.197,,12.1,
2026-04-22 20:00:00,0.197,,12,
2026-04-22 21:00:00,0.197,,12,
2026-04-22 22:00:00,0.197,,11.9,
2026-04-22 23:00:00,0.197,,11.9,
2026-04-23 00:00:00,0.197,,11.9,
2026-04-23 01:00:00,0.197,,12.1,
2026-04-23 02:00:00,0.196,,12.3,
2026-04-23 03:00:00,0.196,,12.8,
2026-04-23 04:00:00,0.195,,13.4,
2026-04-23 05:00:00,0.195,,13.9,
2026-04-23 06:00:00,0.195,,14.3,
2026-04-23 07:00:00,0.195,,14.5,
2026-04-23 08:00:00,0.195,,14.5,
2026-04-23 09:00:00,0.195,,14.5,
2026-04-23 10:00:00,0.195,,14.4,
2026-04-23 11:00:00,0.195,,14.2,
2026-04-23 12:00:00,0.195,,14,
2026-04-23 13:00:00,0.195,,13.8,
2026-04-23 14:00:00,0.195,,13.6,
2026-04-23 15:00:00,0.195,,13.4,
2026-04-23 16:00:00,0.195,,13.3,
2026-04-23 17:00:00,0.195,,13.2,
2026-04-23 18:00:00,0.195,,13,
2026-04-23 19:00:00,0.195,,12.9,
2026-04-23 20:00:00,0.195,,12.8,
2026-04-23 21:00:00,0.196,,12.7,
2026-04-23 22:00:00,0.196,,12.6,
2026-04-23 23:00:00,0.195,,12.5,
2026-04-24 00:00:00,0.195,,12.6,
2026-04-24 01:00:00,0.195,,12.9,
2026-04-24 02:00:00,0.195,,13.4,
2026-04-24 03:00:00,0.194,,13.9,
2026-04-24 04:00:00,0.194,,14.6,
2026-04-24 05:00:00,0.193,,15,
2026-04-24 06:00:00,0.193,,15.3,
2026-04-24 07:00:00,0.193,,15.5,
2026-04-24 08:00:00,0.193,,15.4,
2026-04-24 09:00:00,0.193,,15.2,
2026-04-24 10:00:00,0.193,,15,
2026-04-24 11:00:00,0.194,,14.8,
2026-04-24 12:00:00,0.194,,14.5,
2026-04-24 13:00:00,0.194,,14.3,
2026-04-24 14:00:00,0.194,,14.1,
2026-04-24 15:00:00,0.194,,13.8,
2026-04-24 16:00:00,0.194,,13.6,
2026-04-24 17:00:00,0.194,,13.4,
2026-04-24 18:00:00,0.194,,13.2,
2026-04-24 19:00:00,0.194,,13,
2026-04-24 20:00:00,0.194,,12.9,
2026-04-24 21:00:00,0.194,,12.7,
2026-04-24 22:00:00,0.194,,12.5,
2026-04-24 23:00:00,0.194,,12.5,
2026-04-25 00:00:00,0.194,,12.6,
2026-04-25 01:00:00,0.193,,12.9,
2026-04-25 02:00:00,0.193,,13.4,
2026-04-25 03:00:00,0.193,,14,
2026-04-25 04:00:00,0.192,,14.6,
2026-04-25 05:00:00,0.192,,15.1,
2026-04-25 06:00:00,0.191,,15.5,
2026-04-25 07:00:00,0.191,,15.7,
2026-04-25 08:00:00,0.191,,15.6,
2026-04-25 09:00:00,0.191,,15.5,
2026-04-25 10:00:00,0.192,,15.4,
2026-04-25 11:00:00,0.192,,15.2,
2026-04-25 12:00:00,0.192,,14.9,
2026-04-25 13:00:00,0.192,,14.6,
2026-04-25 14:00:00,0.192,,14.4,
2026-04-25 15:00:00,0.192,,14.2,
2026-04-25 16:00:00,0.192,,14,
2026-04-25 17:00:00,0.192,,13.8,
2026-04-25 18:00:00,0.192,,13.6,
2026-04-25 19:00:00,0.192,,13.4,
2026-04-25 20:00:00,0.192,,13.2,
2026-04-25 21:00:00,0.192,,13,
2026-04-25 22:00:00,0.192,,12.9,
2026-04-25 23:00:00,0.192,,12.8,
2026-04-26 00:00:00,0.192,,12.9,
2026-04-26 01:00:00,0.192,,13.2,
2026-04-26 02:00:00,0.191,,13.6,
2026-04-26 03:00:00,0.191,,14.2,
2026-04-26 04:00:00,0.191,,14.8,
2026-04-26 05:00:00,0.19,,15.3,
2026-04-26 06:00:00,0.19,,15.5,
2026-04-26 07:00:00,0.19,,15.6,
2026-04-26 08:00:00,0.19,,15.6,
2026-04-26 09:00:00,0.19,,15.4,
2026-04-26 10:00:00,0.19,,15.2,
2026-04-26 11:00:00,0.19,,15,
2026-04-26 12:00:00,0.19,,14.7,
2026-04-26 13:00:00,0.19,,14.4,
2026-04-26 14:00:00,0.19,,14.2,
2026-04-26 15:00:00,0.19,,14,
2026-04-26 16:00:00,0.19,,13.8,
2026-04-26 17:00:00,0.19,,13.6,
2026-04-26 18:00:00,0.19,,13.4,
2026-04-26 19:00:00,0.191,,13.2,
2026-04-26 20:00:00,0.191,,13.1,
2026-04-26 21:00:00,0.191,,12.9,
2026-04-26 22:00:00,0.191,,12.7,
2026-04-26 23:00:00,0.19,,12.6,
2026-04-27 00:00:00,0.19,,12.7,
2026-04-27 01:00:00,0.19,,12.9,
2026-04-27 02:00:00,0.19,,13.3,
2026-04-27 03:00:00,0.189,,13.9,
2026-04-27 04:00:00,0.189,,14.4,
2026-04-27 05:00:00,0.189,,14.9,
2026-04-27 06:00:00,0.188,,15.1,
2026-04-27 07:00:00,0.188,,15.1,
2026-04-27 08:00:00,0.188,,15,
2026-04-27 09:00:00,0.188,,15,
2026-04-27 10:00:00,0.188,,14.9,
2026-04-27 11:00:00,0.188,,14.7,
2026-04-27 12:00:00,0.188,,14.5,
2026-04-27 13:00:00,0.188,,14.3,
2026-04-27 14:00:00,0.188,,14.1,
2026-04-27 15:00:00,0.188,,14,
2026-04-27 16:00:00,0.188,,13.8,
2026-04-27 17:00:00,0.188,,13.7,
2026-04-27 18:00:00,0.188,,13.5,
2026-04-27 19:00:00,0.189,,13.5,
2026-04-27 20:00:00,0.188,,13.4,
2026-04-27 21:00:00,0.188,,13.3,
2026-04-27 22:00:00,0.188,,13.3,
2026-04-27 23:00:00,0.188,,13.3,
2026-04-28 00:00:00,0.188,,13.3,
2026-04-28 01:00:00,0.188,,13.4,
2026-04-28 02:00:00,0.188,,13.6,
2026-04-28 03:00:00,0.187,,13.8,
2026-04-28 04:00:00,0.187,,14,
2026-04-28 05:00:00,0.187,,14.2,
2026-04-28 06:00:00,0.187,,14.4,
2026-04-28 07:00:00,0.187,,14.4,
2026-04-28 08:00:00,0.186,,14.4,
2026-04-28 09:00:00,0.186,,14.2,
2026-04-28 10:00:00,0.186,,14.1,
2026-04-28 11:00:00,0.186,,13.9,
2026-04-28 12:00:00,0.186,,13.7,
2026-04-28 13:00:00,0.187,,13.5,
2026-04-28 14:00:00,0.187,,13.4,
2026-04-28 15:00:00,0.187,,13.2,
2026-04-28 16:00:00,0.187,,13.1,
2026-04-28 17:00:00,0.187,,13,
2026-04-28 18:00:00,0.187,,12.8,
2026-04-28 19:00:00,0.187,,12.7,
2026-04-28 20:00:00,0.187,,12.6,
2026-04-28 21:00:00,0.187,,12.5,
2026-04-28 22:00:00,0.187,,12.4,
2026-04-28 23:00:00,0.187,,12.4,
2026-04-29 00:00:00,0.186,,12.4,
2026-04-29 01:00:00,0.186,,12.6,
2026-04-29 02:00:00,0.186,,12.8,
2026-04-29 03:00:00,0.186,,13,
2026-04-29 04:00:00,0.186,,13.2,
2026-04-29 05:00:00,0.185,,13.4,
2026-04-29 06:00:00,0.185,,13.6,
2026-04-29 07:00:00,0.185,,13.7,
2026-04-29 08:00:00,0.185,,13.7,
2026-04-29 09:00:00,0.185,,13.7,
2026-04-29 10:00:00,0.185,,13.6,
2026-04-29 11:00:00,0.185,,13.6,
2026-04-29 12:00:00,0.185,,13.4,
2026-04-29 13:00:00,0.185,,13.3,
2026-04-29 14:00:00,0.185,,13.2,
2026-04-29 15:00:00,0.185,,13.1,
2026-04-29 16:00:00,0.185,,13,
2026-04-29 17:00:00,0.185,,12.9,
2026-04-29 18:00:00,0.185,,12.8,
2026-04-29 19:00:00,0.185,,12.7,
2026-04-29 20:00:00,0.185,,12.6,
2026-04-29 21:00:00,0.185,,12.5,
2026-04-29 22:00:00,0.185,,12.5,
2026-04-29 23:00:00,0.185,,12.4,
2026-04-30 00:00:00,0.185,,12.4,
2026-04-30 01:00:00,0.185,,12.6,
2026-04-30 02:00:00,0.184,,12.8,
2026-04-30 03:00:00,0.184,,13,
2026-04-30 04:00:00,0.184,,13.3,
2026-04-30 05:00:00,0.184,,13.6,
2026-04-30 06:00:00,0.183,,13.7,
2026-04-30 07:00:00,0.183,,13.7,
2026-04-30 08:00:00,0.183,,13.7,
2026-04-30 09:00:00,0.183,,13.7,
2026-04-30 10:00:00,0.183,,13.6,
2026-04-30 11:00:00,0.183,,13.5,
2026-04-30 12:00:00,0.183,,13.4,
2026-04-30 13:00:00,0.183,,13.3,
2026-04-30 14:00:00,0.183,,13.2,
2026-04-30 15:00:00,0.183,,13.1,
2026-04-30 16:00:00,0.183,,13,
2026-04-30 17:00:00,0.183,,12.8,
2026-04-30 18:00:00,0.183,,12.7,
2026-04-30 19:00:00,0.183,,12.5,
2026-04-30 20:00:00,0.183,,12.4,
2026-04-30 21:00:00,0.183,,12.3,
2026-04-30 22:00:00,0.183,,12.3,
2026-04-30 23:00:00,0.183,,12.2,
2026-05-01 00:00:00,0.183,,12.3,
2026-05-01 01:00:00,0.183,,12.6,
2026-05-01 02:00:00,0.183,,13.1,
2026-05-01 03:00:00,0.182,,13.6,
2026-05-01 04:00:00,0.182,,14,
2026-05-01 05:00:00,0.182,,14.4,
2026-05-01 06:00:00,0.181,,14.6,
2026-05-01 07:00:00,0.181,,14.7,
2026-05-01 08:00:00,0.181,,14.6,
2026-05-01 09:00:00,0.181,,14.5,
2026-05-01 10:00:00,0.181,,14.3,
2026-05-01 11:00:00,0.181,,14.2,
2026-05-01 12:00:00,0.181,,14,
2026-05-01 13:00:00,0.181,,13.9,
2026-05-01 14:00:00,0.181,,13.7,
2026-05-01 15:00:00,0.181,,13.6,
2026-05-01 16:00:00,0.181,,13.5,
2026-05-01 17:00:00,0.181,,13.3,
2026-05-01 18:00:00,0.181,,13.2,
2026-05-01 19:00:00,0.181,,13,
2026-05-01 20:00:00,0.181,,12.9,
2026-05-01 21:00:00,0.181,,12.8,
2026-05-01 22:00:00,0.181,,12.7,
2026-05-01 23:00:00,0.181,,12.6,
2026-05-02 00:00:00,0.181,,12.7,
2026-05-02 01:00:00,0.181,,12.8,
2026-05-02 02:00:00,0.181,,13.1,
2026-05-02 03:00:00,0.18,,13.3,
2026-05-02 04:00:00,0.18,,13.6,
2026-05-02 05:00:00,0.18,,13.8,
2026-05-02 06:00:00,0.18,,13.9,
2026-05-02 07:00:00,0.18,,14,
2026-05-02 08:00:00,0.18,,14.1,
2026-05-02 09:00:00,0.18,,14.2,
2026-05-02 10:00:00,0.18,,14.2,
2026-05-02 11:00:00,0.18,,14.2,
2026-05-02 12:00:00,0.18,,14.1,
2026-05-02 13:00:00,0.18,,14,
2026-05-02 14:00:00,0.18,,14,
2026-05-02 15:00:00,0.18,,13.9,
2026-05-02 16:00:00,0.18,,13.8,
2026-05-02 17:00:00,0.18,,13.6,
2026-05-02 18:00:00,0.18,,13.5,
2026-05-02 19:00:00,0.18,,13.4,
2026-05-02 20:00:00,0.18,,13.3,
2026-05-02 21:00:00,0.18,,13.3,
2026-05-02 22:00:00,0.18,,13.2,
2026-05-02 23:00:00,0.18,,13.2,
2026-05-03 00:00:00,0.18,,13.2,
2026-05-03 01:00:00,0.18,,13.2,
2026-05-03 02:00:00,0.18,,13.3,
2026-05-03 03:00:00,0.18,,13.4,
2026-05-03 04:00:00,0.18,,13.4,
2026-05-03 05:00:00,0.18,,13.5,
2026-05-03 06:00:00,0.18,,13.5,
2026-05-03 07:00:00,0.18,,13.5,
2026-05-03 08:00:00,0.18,,13.5,
2026-05-03 09:00:00,0.18,,13.5,
2026-05-03 10:00:00,0.18,,13.4,
2026-05-03 11:00:00,0.18,,13.3,
2026-05-03 12:00:00,0.18,,13.3,
2026-05-03 13:00:00,0.18,,13.2,
2026-05-03 14:00:00,0.18,,13.1,
2026-05-03 15:00:00,0.18,,13,
2026-05-03 16:00:00,0.18,,12.9,
2026-05-03 17:00:00,0.18,,12.8,
2026-05-03 18:00:00,0.18,,12.7,
2026-05-03 19:00:00,0.18,,12.6,
2026-05-03 20:00:00,0.18,,12.4,
2026-05-03 21:00:00,0.18,,12.3,
2026-05-03 22:00:00,0.18,,12.2,
2026-05-03 23:00:00,0.18,,12.3,
2026-05-04 00:00:00,0.18,,12.5,
2026-05-04 01:00:00,0.18,,12.8,
2026-05-04 02:00:00,0.179,,13.2,
2026-05-04 03:00:00,0.179,,13.7,
2026-05-04 04:00:00,0.179,,14.1,
2026-05-04 05:00:00,0.179,,14.5,
2026-05-04 06:00:00,0.179,,14.6,
2026-05-04 07:00:00,0.179,,14.6,
2026-05-04 08:00:00,0.179,,14.5,
2026-05-04 09:00:00,0.179,,14.3,
2026-05-04 10:00:00,0.179,,14.1,
2026-05-04 11:00:00,0.179,,13.9,
2026-05-04 12:00:00,0.179,,13.7,
2026-05-04 13:00:00,0.179,,13.5,
2026-05-04 14:00:00,0.179,,13.3,
2026-05-04 15:00:00,0.179,,13.1,
2026-05-04 16:00:00,0.179,,12.9,
2026-05-04 17:00:00,0.179,,12.7,
2026-05-04 18:00:00,0.179,,12.5,
2026-05-04 19:00:00,0.179,,12.3,
2026-05-04 20:00:00,0.179,,12.1,
2026-05-04 21:00:00,0.179,,11.9,
2026-05-04 22:00:00,0.179,,11.7,
2026-05-04 23:00:00,0.179,,11.6,
2026-05-05 00:00:00,0.179,,11.6,
2026-05-05 01:00:00,0.179,,12,
2026-05-05 02:00:00,0.178,,12.6,
2026-05-05 03:00:00,0.178,,13.1,
2026-05-05 04:00:00,0.178,,13.6,
2026-05-05 05:00:00,0.178,,14,
2026-05-05 06:00:00,0.178,,14.1,
2026-05-05 07:00:00,0.177,,14.2,
2026-05-05 08:00:00,0.177,,14.2,
2026-05-05 09:00:00,0.177,,14.1,
2026-05-05 10:00:00,0.177,,13.9,
2026-05-05 11:00:00,0.177,,13.8,
2026-05-05 12:00:00,0.178,,13.7,
2026-05-05 13:00:00,0.178,,13.6,
2026-05-05 14:00:00,0.177,,13.5,
2026-05-05 15:00:00,0.178,,13.3,
2026-05-05 16:00:00,0.178,,13.2,
2026-05-05 17:00:00,0.178,,13.1,
2026-05-05 18:00:00,0.178,,12.9,
2026-05-05 19:00:00,0.178,,12.8,
2026-05-05 20:00:00,0.178,,12.6,
2026-05-05 21:00:00,0.178,,12.5,
2026-05-05 22:00:00,0.178,,12.4,
2026-05-05 23:00:00,0.177,,12.3,
2026-05-06 00:00:00,0.177,,12.5,
2026-05-06 01:00:00,0.177,,12.9,
2026-05-06 02:00:00,0.177,,13.6,
2026-05-06 03:00:00,0.177,,14.2,
2026-05-06 04:00:00,0.177,,14.7,
2026-05-06 05:00:00,0.176,,15.2,
2026-05-06 06:00:00,0.176,,15.4,
2026-05-06 07:00:00,0.176,,15.5,
2026-05-06 08:00:00,0.176,,15.5,
2026-05-06 09:00:00,0.176,,15.4,
2026-05-06 10:00:00,0.176,,15.3,
2026-05-06 11:00:00,0.176,,15.1,
2026-05-06 12:00:00,0.176,,14.9,
2026-05-06 13:00:00,0.176,,14.7,
2026-05-06 14:00:00,0.176,,14.5,
2026-05-06 15:00:00,0.176,,14.3,
2026-05-06 16:00:00,0.176,,14.1,
2026-05-06 17:00:00,0.176,,14,
2026-05-06 18:00:00,0.176,,13.9,
2026-05-06 19:00:00,0.176,,13.7,
2026-05-06 20:00:00,0.176,,13.6,
2026-05-06 21:00:00,0.176,,13.4,
2026-05-06 22:00:00,0.176,,13.3,
2026-05-06 23:00:00,0.176,,13.3,
2026-05-07 00:00:00,0.176,,13.4,
2026-05-07 01:00:00,0.176,,13.7,
2026-05-07 02:00:00,0.176,,14.3,
2026-05-07 03:00:00,0.175,,14.8,
2026-05-07 04:00:00,0.175,,15.3,
2026-05-07 05:00:00,0.174,,15.7,
2026-05-07 06:00:00,0.174,,15.9,
2026-05-07 07:00:00,0.174,,16,
2026-05-07 08:00:00,0.174,,16,
2026-05-07 09:00:00,0.174,,15.9,
2026-05-07 10:00:00,0.174,,15.8,
2026-05-07 11:00:00,0.174,,15.7,
2026-05-07 12:00:00,0.174,,15.5,
2026-05-07 13:00:00,0.175,,15.3,
2026-05-07 14:00:00,0.175,,15.2,
2026-05-07 15:00:00,0.175,,15,
2026-05-07 16:00:00,0.175,,14.8,
2026-05-07 17:00:00,0.175,,14.6,
2026-05-07 18:00:00,0.175,,14.4,
2026-05-07 19:00:00,0.175,,14.2,
2026-05-07 20:00:00,0.175,,14,
2026-05-07 21:00:00,0.175,,13.9,
2026-05-07 22:00:00,0.175,,13.7,
2026-05-07 23:00:00,0.175,,13.7,
2026-05-08 00:00:00,0.174,,13.8,
2026-05-08 01:00:00,0.174,,14.1,
2026-05-08 02:00:00,0.174,,14.7,
2026-05-08 03:00:00,0.174,,15.1,
2026-05-08 04:00:00,0.173,,15.5,
2026-05-08 05:00:00,0.173,,15.7,
2026-05-08 06:00:00,0.173,,15.7,
2026-05-08 07:00:00,0.173,,15.7,
2026-05-08 08:00:00,0.173,,15.6,
2026-05-08 09:00:00,0.173,,15.4,
2026-05-08 10:00:00,0.173,,15.2,
2026-05-08 11:00:00,0.173,,15,
2026-05-08 12:00:00,0.173,,14.8,
2026-05-08 13:00:00,0.173,,14.6,
2026-05-08 14:00:00,0.173,,14.4,
2026-05-08 15:00:00,0.173,,14.2,
2026-05-08 16:00:00,0.173,,13.9,
2026-05-08 17:00:00,0.173,,13.7,
2026-05-08 18:00:00,0.173,,13.5,
2026-05-08 19:00:00,0.173,,13.3,
2026-05-08 20:00:00,0.173,,13.1,
2026-05-08 21:00:00,0.173,,12.9,
2026-05-08 22:00:00,0.173,,12.7,
2026-05-08 23:00:00,0.173,,12.6,
2026-05-09 00:00:00,0.173,,12.6,
2026-05-09 01:00:00,0.173,,13.1,
2026-05-09 02:00:00,0.173,,13.7,
2026-05-09 03:00:00,0.172,,14.2,
2026-05-09 04:00:00,0.172,,14.6,
2026-05-09 05:00:00,0.172,,15,
2026-05-09 06:00:00,0.172,,15.2,
2026-05-09 07:00:00,0.171,,15.3,
2026-05-09 08:00:00,0.171,,15.2,
2026-05-09 09:00:00,0.171,,15.1,
2026-05-09 10:00:00,0.171,,15,
2026-05-09 11:00:00,0.171,,14.8,
2026-05-09 12:00:00,0.172,,14.6,
2026-05-09 13:00:00,0.171,,14.4,
2026-05-09 14:00:00,0.172,,14.2,
2026-05-09 15:00:00,0.171,,14,
2026-05-09 16:00:00,0.171,,13.8,
2026-05-09 17:00:00,0.172,,13.6,
2026-05-09 18:00:00,0.172,,13.4,
2026-05-09 19:00:00,0.172,,13.3,
2026-05-09 20:00:00,0.172,,13.1,
2026-05-09 21:00:00,0.172,,12.9,
2026-05-09 22:00:00,0.172,,12.8,
2026-05-09 23:00:00,0.171,,12.7,
2026-05-10 00:00:00,0.171,,12.8,
2026-05-10 01:00:00,0.171,,13.2,
2026-05-10 02:00:00,0.171,,13.8,
2026-05-10 03:00:00,0.171,,14.4,
2026-05-10 04:00:00,0.17,,14.8,
2026-05-10 05:00:00,0.17,,15.2,
2026-05-10 06:00:00,0.17,,15.4,
2026-05-10 07:00:00,0.17,,15.5,
2026-05-10 08:00:00,0.17,,15.5,
2026-05-10 09:00:00,0.169,,15.5,
2026-05-10 10:00:00,0.17,,15.5,
2026-05-10 11:00:00,0.17,,15.4,
2026-05-10 12:00:00,0.17,,15.3,
2026-05-10 13:00:00,0.17,,15.1,
2026-05-10 14:00:00,0.17,,15,
2026-05-10 15:00:00,0.17,,14.8,
2026-05-10 16:00:00,0.17,,14.7,
2026-05-10 17:00:00,0.17,,14.6,
2026-05-10 18:00:00,0.17,,14.5,
2026-05-10 19:00:00,0.17,,14.4,
2026-05-10 20:00:00,0.17,,14.3,
2026-05-10 21:00:00,0.17,,14.2,
2026-05-10 22:00:00,0.17,,14.2,
2026-05-10 23:00:00,0.17,,14.2,
2026-05-11 00:00:00,0.169,,14.3,
2026-05-11 01:00:00,0.169,,14.7,
2026-05-11 02:00:00,0.169,,15.2,
2026-05-11 03:00:00,0.168,,15.5,
2026-05-11 04:00:00,0.168,,15.9,
2026-05-11 05:00:00,0.168,,16.2,
2026-05-11 06:00:00,0.168,,16.3,
2026-05-11 07:00:00,0.168,,16.4,
2026-05-11 08:00:00,0.168,,16.4,
2026-05-11 09:00:00,0.168,,16.4,
2026-05-11 10:00:00,0.168,,16.4,
2026-05-11 11:00:00,0.167,,16.3,
2026-05-11 12:00:00,0.167,,16.2,
2026-05-11 13:00:00,0.167,,16.1,
2026-05-11 14:00:00,0.167,,16,
2026-05-11 15:00:00,0.167,,15.9,
2026-05-11 16:00:00,0.168,,15.9,
2026-05-11 17:00:00,0.167,,15.8,
2026-05-11 18:00:00,0.168,,15.7,
2026-05-11 19:00:00,0.168,,15.6,
2026-05-11 20:00:00,0.168,,15.5,
2026-05-11 21:00:00,0.168,,15.4,
2026-05-11 22:00:00,0.17,,15.4,
2026-05-11 23:00:00,0.181,,15.3,
2026-05-12 00:00:00,0.219,,15.2,
2026-05-12 01:00:00,0.232,,15.1,
2026-05-12 02:00:00,0.233,,15,
2026-05-12 03:00:00,0.227,,14.9,
2026-05-12 04:00:00,0.223,,15,
2026-05-12 05:00:00,0.218,,15.1,
2026-05-12 06:00:00,0.211,,15.2,
2026-05-12 07:00:00,0.205,,15.4,
2026-05-12 08:00:00,0.199,,15.5,
2026-05-12 09:00:00,0.194,,15.5,
2026-05-12 10:00:00,0.19,,15.5,
2026-05-12 11:00:00,0.188,,15.4,
2026-05-12 12:00:00,0.187,,15.3,
2026-05-12 13:00:00,0.186,,15.1,
2026-05-12 14:00:00,0.185,,15,
2026-05-12 15:00:00,0.184,,14.9,
2026-05-12 16:00:00,0.183,,14.7,
2026-05-12 17:00:00,0.183,,14.6,
2026-05-12 18:00:00,0.182,,14.5,
2026-05-12 19:00:00,0.181,,14.5,
2026-05-12 20:00:00,0.181,,14.4,
2026-05-12 21:00:00,0.181,,14.3,
2026-05-12 22:00:00,0.18,,14.2,
2026-05-12 23:00:00,0.18,,14.2,
2026-05-13 00:00:00,0.18,,14.2,
2026-05-13 01:00:00,0.179,,14.3,
2026-05-13 02:00:00,0.179,,14.4,
2026-05-13 03:00:00,0.179,,14.8,
2026-05-13 04:00:00,0.178,,15.4,
2026-05-13 05:00:00,0.177,,16,
2026-05-13 06:00:00,0.177,,16.3,
2026-05-13 07:00:00,0.177,,16.5,
2026-05-13 08:00:00,0.177,,16.5,
2026-05-13 09:00:00,0.176,,16.5,
2026-05-13 10:00:00,0.176,,16.4,
2026-05-13 11:00:00,0.176,,16.2,
2026-05-13 12:00:00,0.176,,16,
2026-05-13 13:00:00,0.176,,15.8,
2026-05-13 14:00:00,0.176,,15.7,
2026-05-13 15:00:00,0.176,,15.5,
2026-05-13 16:00:00,0.176,,15.3,
2026-05-13 17:00:00,0.176,,15.2,
2026-05-13 18:00:00,0.176,,15.1,
2026-05-13 19:00:00,0.176,,15,
2026-05-13 20:00:00,0.175,,14.9,
2026-05-13 21:00:00,0.175,,14.8,
2026-05-13 22:00:00,0.175,,14.7,
2026-05-13 23:00:00,0.175,,14.8,
2026-05-14 00:00:00,0.175,,15,
2026-05-14 01:00:00,0.174,,15.4,
2026-05-14 02:00:00,0.174,,16.1,
2026-05-14 03:00:00,0.174,,16.6,
2026-05-14 04:00:00,0.173,,17.1,
2026-05-14 05:00:00,0.173,,17.5,
2026-05-14 06:00:00,0.173,,17.7,
2026-05-14 07:00:00,0.173,,17.9,
2026-05-14 08:00:00,0.173,,17.9,
2026-05-14 09:00:00,0.173,,17.9,
2026-05-14 10:00:00,0.172,,17.7,
2026-05-14 11:00:00,0.172,,17.6,
2026-05-14 12:00:00,0.172,,17.4,
2026-05-14 13:00:00,0.172,,17.2,
2026-05-14 14:00:00,0.172,,17,
2026-05-14 15:00:00,0.172,,16.8,
2026-05-14 16:00:00,0.172,,16.7,
2026-05-14 17:00:00,0.172,,16.5,
2026-05-14 18:00:00,0.172,,16.4,
2026-05-14 19:00:00,0.172,,16.2,
2026-05-14 20:00:00,0.172,,16.1,
2026-05-14 21:00:00,0.172,,16,
2026-05-14 22:00:00,0.171,,15.9,
2026-05-14 23:00:00,0.171,,15.9,
2026-05-15 00:00:00,0.171,,16,
2026-05-15 01:00:00,0.171,,16.4,
2026-05-15 02:00:00,0.171,,16.9,
2026-05-15 03:00:00,0.171,,17.3,
2026-05-15 04:00:00,0.17,,17.6,
2026-05-15 05:00:00,0.17,,17.9,
2026-05-15 06:00:00,0.17,,18,
2026-05-15 07:00:00,0.17,,18.1,
2026-05-15 08:00:00,0.17,,18.1,
2026-05-15 09:00:00,0.17,,18,
2026-05-15 10:00:00,0.17,,17.9,
2026-05-15 11:00:00,0.17,,17.7,
2026-05-15 12:00:00,0.17,,17.5,
2026-05-15 13:00:00,0.169,,17.3,
2026-05-15 14:00:00,0.169,,17.2,
2026-05-15 15:00:00,0.169,,17,
2026-05-15 16:00:00,0.169,,16.9,
2026-05-15 17:00:00,0.169,,16.7,
2026-05-15 18:00:00,0.169,,16.5,
2026-05-15 19:00:00,0.169,,16.3,
2026-05-15 20:00:00,0.169,,16.2,
2026-05-15 21:00:00,0.169,,16,
2026-05-15 22:00:00,0.169,,15.9,
2026-05-15 23:00:00,0.169,,15.9,
2026-05-16 00:00:00,0.169,,16,
2026-05-16 01:00:00,0.169,,16.4,
2026-05-16 02:00:00,0.169,,16.9,
2026-05-16 03:00:00,0.168,,17.4,
2026-05-16 04:00:00,0.168,,17.8,
2026-05-16 05:00:00,0.168,,18.1,
2026-05-16 06:00:00,0.168,,18.4,
2026-05-16 07:00:00,0.168,,18.4,
2026-05-16 08:00:00,0.168,,18.3,
2026-05-16 09:00:00,0.168,,18.2,
2026-05-16 10:00:00,0.168,,18,
2026-05-16 11:00:00,0.167,,17.9,
2026-05-16 12:00:00,0.167,,17.7,
2026-05-16 13:00:00,0.167,,17.5,
2026-05-16 14:00:00,0.167,,17.3,
2026-05-16 15:00:00,0.167,,17.1,
2026-05-16 16:00:00,0.167,,16.9,
2026-05-16 17:00:00,0.167,,16.7,
2026-05-16 18:00:00,0.167,,16.5,
2026-05-16 19:00:00,0.167,,16.3,
2026-05-16 20:00:00,0.167,,16.2,
2026-05-16 21:00:00,0.167,,16,
2026-05-16 22:00:00,0.167,,15.9,
2026-05-16 23:00:00,0.167,,15.8,
2026-05-17 00:00:00,0.167,,15.9,
2026-05-17 01:00:00,0.167,,16.3,
2026-05-17 02:00:00,0.167,,16.9,
2026-05-17 03:00:00,0.166,,17.4,
2026-05-17 04:00:00,0.166,,17.8,
2026-05-17 05:00:00,0.166,,18.2,
2026-05-17 06:00:00,0.166,,18.5,
2026-05-17 07:00:00,0.166,,18.6,
2026-05-17 08:00:00,0.166,,18.5,
2026-05-17 09:00:00,0.166,,18.4,
2026-05-17 10:00:00,0.166,,18.3,
2026-05-17 11:00:00,0.166,,18.1,
2026-05-17 12:00:00,0.166,,17.9,
2026-05-17 13:00:00,0.166,,17.7,
2026-05-17 14:00:00,0.166,,17.5,
2026-05-17 15:00:00,0.166,,17.3,
2026-05-17 16:00:00,0.166,,17.1,
2026-05-17 17:00:00,0.166,,17,
2026-05-17 18:00:00,0.166,,16.8,
2026-05-17 19:00:00,0.166,,16.6,
2026-05-17 20:00:00,0.166,,16.5,
2026-05-17 21:00:00,0.165,,16.3,
2026-05-17 22:00:00,0.165,,16.2,
2026-05-17 23:00:00,0.165,,16.1,
2026-05-18 00:00:00,0.165,,16.2,
2026-05-18 01:00:00,0.165,,16.7,
2026-05-18 02:00:00,0.165,,17.2,
2026-05-18 03:00:00,0.165,,17.6,
2026-05-18 04:00:00,0.165,,18,
2026-05-18 05:00:00,0.165,,18.4,
2026-05-18 06:00:00,0.164,,18.6,
2026-05-18 07:00:00,0.164,,18.7,
2026-05-18 08:00:00,0.164,,18.7,
2026-05-18 09:00:00,0.164,,18.6,
2026-05-18 10:00:00,0.164,,18.6,
2026-05-18 11:00:00,0.164,,18.4,
2026-05-18 12:00:00,0.164,,18.2,
2026-05-18 13:00:00,0.164,,18.1,
2026-05-18 14:00:00,0.164,,17.9,
2026-05-18 15:00:00,0.164,,17.7,
2026-05-18 16:00:00,0.164,,17.6,
2026-05-18 17:00:00,0.164,,17.4,
2026-05-18 18:00:00,0.164,,17.2,
2026-05-18 19:00:00,0.164,,17,
2026-05-18 20:00:00,0.164,,16.9,
2026-05-18 21:00:00,0.164,,16.7,
2026-05-18 22:00:00,0.164,,16.6,
2026-05-18 23:00:00,0.164,,16.6,
2026-05-19 00:00:00,0.164,,16.7,
2026-05-19 01:00:00,0.164,,17,
2026-05-19 02:00:00,0.164,,17.4,
2026-05-19 03:00:00,0.163,,17.6,
2026-05-19 04:00:00,0.163,,17.9,
2026-05-19 05:00:00,0.163,,18,
2026-05-19 06:00:00,0.163,,18.1,
2026-05-19 07:00:00,0.163,,18.2,
2026-05-19 08:00:00,0.163,,18.2,
2026-05-19 09:00:00,0.163,,18.2,
2026-05-19 10:00:00,0.163,,18.2,
2026-05-19 11:00:00,0.163,,18.1,
2026-05-19 12:00:00,0.163,,18.1,
2026-05-19 13:00:00,0.163,,18,
2026-05-19 14:00:00,0.163,,18,
2026-05-19 15:00:00,0.163,,17.9,
2026-05-19 16:00:00,0.163,,17.8,
2026-05-19 17:00:00,0.163,,17.7,
2026-05-19 18:00:00,0.163,,17.6,
2026-05-19 19:00:00,0.163,,17.5,
2026-05-19 20:00:00,0.163,,17.4,
2026-05-19 21:00:00,0.163,,17.4,
2026-05-19 22:00:00,0.163,,17.3,
2026-05-19 23:00:00,0.163,,17.3,
2026-05-20 00:00:00,0.163,,17.3,
2026-05-20 01:00:00,0.166,,17.3,
2026-05-20 02:00:00,0.166,,17.3,
2026-05-20 03:00:00,0.193,,17.3,
2026-05-20 04:00:00,0.213,,17.3,
2026-05-20 05:00:00,0.219,,17.4,
2026-05-20 06:00:00,0.221,,17.4,
2026-05-20 07:00:00,0.217,,17.4,
2026-05-20 08:00:00,0.213,,17.5,
2026-05-20 09:00:00,0.208,,17.5,
2026-05-20 10:00:00,0.218,,17.5,
2026-05-20 11:00:00,0.245,,17.5,
2026-05-20 12:00:00,0.247,,17.5,
2026-05-20 13:00:00,0.25,,17.5,
2026-05-20 14:00:00,0.253,,17.5,
2026-05-20 15:00:00,0.257,,17.5,
2026-05-20 16:00:00,0.26,,17.5,
2026-05-20 17:00:00,0.258,,17.5,
2026-05-20 18:00:00,0.253,,17.5,
2026-05-20 19:00:00,0.247,,17.5,
2026-05-20 20:00:00,0.241,,17.4,
2026-05-20 21:00:00,0.236,,17.3,
2026-05-20 22:00:00,0.229,,17.2,
2026-05-20 23:00:00,0.222,,17.2,
2026-05-21 00:00:00,0.215,,17.1,
2026-05-21 01:00:00,0.208,,17.1,
2026-05-21 02:00:00,0.202,,17.1,
2026-05-21 03:00:00,0.197,,17.2,
2026-05-21 04:00:00,0.194,,17.2,
2026-05-21 05:00:00,0.192,,17.2,
2026-05-21 06:00:00,0.19,,17.2,
2026-05-21 07:00:00,0.188,,17.1,
2026-05-21 08:00:00,0.187,,17,
2026-05-21 09:00:00,0.186,,17,
2026-05-21 10:00:00,0.185,,16.9,
2026-05-21 11:00:00,0.184,,16.8,
2026-05-21 12:00:00,0.183,,16.8,
2026-05-21 13:00:00,0.183,,16.7,
2026-05-21 14:00:00,0.182,,16.7,
2026-05-21 15:00:00,0.181,,16.6,
2026-05-21 16:00:00,0.181,,16.6,
2026-05-21 17:00:00,0.181,,16.5,
2026-05-21 18:00:00,0.18,,16.5,
2026-05-21 19:00:00,0.18,,16.5,
2026-05-21 20:00:00,0.179,,16.4,
2026-05-21 21:00:00,0.179,,16.4,
2026-05-21 22:00:00,0.179,,16.4,
2026-05-21 23:00:00,0.179,,16.4,
2026-05-22 00:00:00,0.178,,16.5,
2026-05-22 01:00:00,0.178,,16.7,
2026-05-22 02:00:00,0.178,,16.9,
2026-05-22 03:00:00,0.178,,17.1,
2026-05-22 04:00:00,0.177,,17.2,
2026-05-22 05:00:00,0.177,,17.4,
2026-05-22 06:00:00,0.177,,17.5,
2026-05-22 07:00:00,0.177,,17.6,
2026-05-22 08:00:00,0.176,,17.7,
2026-05-22 09:00:00,0.176,,17.7,
2026-05-22 10:00:00,0.176,,17.6,
2026-05-22 11:00:00,0.176,,17.6,
2026-05-22 12:00:00,0.176,,17.5,
2026-05-22 13:00:00,0.175,,17.4,
2026-05-22 14:00:00,0.175,,17.2,
2026-05-22 15:00:00,0.175,,17.1,
2026-05-22 16:00:00,0.175,,17,
2026-05-22 17:00:00,0.175,,16.8,
2026-05-22 18:00:00,0.175,,16.7,
2026-05-22 19:00:00,0.175,,16.6,
2026-05-22 20:00:00,0.175,,16.6,
2026-05-22 21:00:00,0.175,,16.5,
2026-05-22 22:00:00,0.174,,16.4,
2026-05-22 23:00:00,0.174,,16.4,
2026-05-23 00:00:00,0.174,,16.4,
2026-05-23 01:00:00,0.174,,16.5,
2026-05-23 02:00:00,0.174,,16.5,
2026-05-23 03:00:00,0.174,,16.7,
2026-05-23 04:00:00,0.174,,16.9,
2026-05-23 05:00:00,0.173,,17.2,
2026-05-23 06:00:00,0.173,,17.4,
2026-05-23 07:00:00,0.173,,17.5,
2026-05-23 08:00:00,0.173,,17.6,
2026-05-23 09:00:00,0.173,,17.6,
2026-05-23 10:00:00,0.173,,17.6,
2026-05-23 11:00:00,0.173,,17.6,
2026-05-23 12:00:00,0.173,,17.5,
2026-05-23 13:00:00,0.173,,17.4,
2026-05-23 14:00:00,0.173,,17.3,
2026-05-23 15:00:00,0.173,,17.1,
2026-05-23 16:00:00,0.173,,17,
2026-05-23 17:00:00,0.172,,16.9,
2026-05-23 18:00:00,0.172,,16.8,
2026-05-23 19:00:00,0.172,,16.7,
2026-05-23 20:00:00,0.172,,16.7,
2026-05-23 21:00:00,0.172,,16.6,
2026-05-23 22:00:00,0.172,,16.6,
2026-05-23 23:00:00,0.172,,16.6,
2026-05-24 00:00:00,0.172,,16.8,
2026-05-24 01:00:00,0.172,,17.1,
2026-05-24 02:00:00,0.172,,17.6,
2026-05-24 03:00:00,0.172,,17.9,
2026-05-24 04:00:00,0.171,,18.2,
2026-05-24 05:00:00,0.171,,18.4,
2026-05-24 06:00:00,0.171,,18.6,
2026-05-24 07:00:00,0.171,,18.7,
2026-05-24 08:00:00,0.171,,18.8,
2026-05-24 09:00:00,0.171,,18.8,
2026-05-24 10:00:00,0.171,,18.7,
2026-05-24 11:00:00,0.171,,18.6,
2026-05-24 12:00:00,0.171,,18.4,
2026-05-24 13:00:00,0.171,,18.3,
2026-05-24 14:00:00,0.171,,18.1,
2026-05-24 15:00:00,0.171,,18,
2026-05-24 16:00:00,0.17,,17.9,
2026-05-24 17:00:00,0.17,,17.8,
2026-05-24 18:00:00,0.17,,17.7,
2026-05-24 19:00:00,0.17,,17.6,
2026-05-24 20:00:00,0.17,,17.6,
2026-05-24 21:00:00,0.17,,17.6,
2026-05-24 22:00:00,0.17,,17.6,
2026-05-24 23:00:00,0.17,,17.6,
2026-05-25 00:00:00,0.17,,17.8,
2026-05-25 01:00:00,0.17,,18.1,
2026-05-25 02:00:00,0.17,,18.4,
2026-05-25 03:00:00,0.17,,18.7,
2026-05-25 04:00:00,0.17,,19,
2026-05-25 05:00:00,0.17,,19.2,
2026-05-25 06:00:00,0.17,,19.4,
2026-05-25 07:00:00,0.17,,19.5,
2026-05-25 08:00:00,0.169,,19.5,
2026-05-25 09:00:00,0.169,,19.5,
2026-05-25 10:00:00,0.169,,19.4,
2026-05-25 11:00:00,0.169,,19.4,
2026-05-25 12:00:00,0.169,,19.3,
2026-05-25 13:00:00,0.169,,19.2,
2026-05-25 14:00:00,0.169,,19.1,
2026-05-25 15:00:00,0.169,,19.1,
2026-05-25 16:00:00,0.169,,19,
2026-05-25 17:00:00,0.169,,19,
2026-05-25 18:00:00,0.169,,18.9,
2026-05-25 19:00:00,0.169,,18.9,
2026-05-25 20:00:00,0.169,,18.9,
2026-05-25 21:00:00,0.169,,18.9,
2026-05-25 22:00:00,0.169,,18.9,
2026-05-25 23:00:00,0.168,,18.9,
2026-05-26 00:00:00,0.168,,18.9,
2026-05-26 01:00:00,0.168,,19,
2026-05-26 02:00:00,0.168,,19.1,
2026-05-26 03:00:00,0.168,,19.3,
2026-05-26 04:00:00,0.168,,19.4,
2026-05-26 05:00:00,0.168,,19.5,
2026-05-26 06:00:00,0.168,,19.5,
2026-05-26 07:00:00,0.168,,19.5,
2026-05-26 08:00:00,0.168,,19.5,
2026-05-26 09:00:00,0.168,,19.5,
2026-05-26 10:00:00,0.168,,19.4,
2026-05-26 11:00:00,0.168,,19.3,
2026-05-26 12:00:00,0.168,,19.3,
2026-05-26 13:00:00,0.168,,19.2,
2026-05-26 14:00:00,0.168,,19.1,
2026-05-26 15:00:00,0.168,,19.1,
2026-05-26 16:00:00,0.167,,19,
2026-05-26 17:00:00,0.167,,18.9,
2026-05-26 18:00:00,0.167,,18.9,
2026-05-26 19:00:00,0.167,,18.9,
2026-05-26 20:00:00,0.167,,18.8,
2026-05-26 21:00:00,0.167,,18.8,
2026-05-26 22:00:00,0.167,,18.8,
2026-05-26 23:00:00,0.167,,18.8,
2026-05-27 00:00:00,0.167,,18.9,
2026-05-27 01:00:00,0.167,,19,
2026-05-27 02:00:00,0.167,,19.2,
2026-05-27 03:00:00,0.167,,19.4,
2026-05-27 04:00:00,0.167,,19.6,
2026-05-27 05:00:00,0.167,,19.7,
2026-05-27 06:00:00,0.167,,19.8,
2026-05-27 07:00:00,0.167,,19.9,
2026-05-27 08:00:00,0.167,,19.9,
2026-05-27 09:00:00,0.167,,19.9,
2026-05-27 10:00:00,0.167,,19.8,
2026-05-27 11:00:00,0.167,,19.8,
2026-05-27 12:00:00,0.167,,19.7,
2026-05-27 13:00:00,0.167,,19.6,
2026-05-27 14:00:00,0.167,,19.5,
2026-05-27 15:00:00,0.167,,19.5,
2026-05-27 16:00:00,0.167,,19.4,
2026-05-27 17:00:00,0.167,,19.4,
2026-05-27 18:00:00,0.167,,19.3,
2026-05-27 19:00:00,0.167,,19.3,
2026-05-27 20:00:00,0.167,,19.2,
2026-05-27 21:00:00,0.167,,19.2,
2026-05-27 22:00:00,0.167,,19.1,
2026-05-27 23:00:00,0.167,,19,
2026-05-28 00:00:00,0.167,,19,
2026-05-28 01:00:00,0.167,,19,
2026-05-28 02:00:00,0.167,,19,
2026-05-28 03:00:00,0.167,,19,
2026-05-28 04:00:00,0.167,,19,
2026-05-28 05:00:00,0.167,,19,
2026-05-28 06:00:00,0.167,,19.1,
2026-05-28 07:00:00,0.167,,19.1,
2026-05-28 08:00:00,0.167,,19.1,
2026-05-28 09:00:00,0.167,,19,
2026-05-28 10:00:00,0.167,,18.9,
2026-05-28 11:00:00,0.167,,18.9,
2026-05-28 12:00:00,0.167,,18.8,
2026-05-28 13:00:00,0.167,,18.6,
2026-05-28 14:00:00,0.167,,18.5,
2026-05-28 15:00:00,0.167,,18.4,
2026-05-28 16:00:00,0.167,,18.3,
2026-05-28 17:00:00,0.167,,18.1,
2026-05-28 18:00:00,0.167,,18,
2026-05-28 19:00:00,0.167,,17.9,
2026-05-28 20:00:00,0.167,,17.8,
2026-05-28 21:00:00,0.167,,17.7,
2026-05-28 22:00:00,0.167,,17.6,
2026-05-28 23:00:00,0.167,,17.6,
2026-05-29 00:00:00,0.166,,17.7,
2026-05-29 01:00:00,0.166,,18,
2026-05-29 02:00:00,0.166,,18.5,
2026-05-29 03:00:00,0.166,,19,
2026-05-29 04:00:00,0.166,,19.3,
2026-05-29 05:00:00,0.166,,19.6,
2026-05-29 06:00:00,0.167,,19.9,
2026-05-29 07:00:00,0.166,,20,
2026-05-29 08:00:00,0.166,,19.9,
2026-05-29 09:00:00,0.166,,19.7,
2026-05-29 10:00:00,0.166,,19.5,
2026-05-29 11:00:00,0.166,,19.3,
2026-05-29 12:00:00,0.166,,19.1,
2026-05-29 13:00:00,0.166,,18.9,
2026-05-29 14:00:00,0.166,,18.7,
2026-05-29 15:00:00,0.166,,18.5,
2026-05-29 16:00:00,0.166,,18.3,
2026-05-29 17:00:00,0.165,,18.1,
2026-05-29 18:00:00,0.165,,17.9,
2026-05-29 19:00:00,0.165,,17.7,
2026-05-29 20:00:00,0.165,,17.6,
2026-05-29 21:00:00,0.165,,17.4,
2026-05-29 22:00:00,0.165,,17.3,
2026-05-29 23:00:00,0.165,,17.3,
2026-05-30 00:00:00,0.165,,17.4,
2026-05-30 01:00:00,0.165,,17.7,
2026-05-30 02:00:00,0.165,,18.3,
2026-05-30 03:00:00,0.165,,18.7,
2026-05-30 04:00:00,0.165,,19.1,
2026-05-30 05:00:00,0.165,,19.5,
2026-05-30 06:00:00,0.165,,19.9,
2026-05-30 07:00:00,0.165,,20,
2026-05-30 08:00:00,0.165,,19.9,
2026-05-30 09:00:00,0.165,,19.8,
2026-05-30 10:00:00,0.165,,19.7,
2026-05-30 11:00:00,0.165,,19.5,
2026-05-30 12:00:00,0.164,,19.3,
2026-05-30 13:00:00,0.164,,19.1,
2026-05-30 14:00:00,0.164,,19,
2026-05-30 15:00:00,0.164,,18.8,
2026-05-30 16:00:00,0.164,,18.6,
2026-05-30 17:00:00,0.164,,18.4,
2026-05-30 18:00:00,0.164,,18.3,
2026-05-30 19:00:00,0.164,,18.1,
2026-05-30 20:00:00,0.164,,17.9,
2026-05-30 21:00:00,0.164,,17.7,
2026-05-30 22:00:00,0.164,,17.6,
2026-05-30 23:00:00,0.164,,17.6,
2026-05-31 00:00:00,0.164,,17.7,
2026-05-31 01:00:00,0.164,,18.1,
2026-05-31 02:00:00,0.163,,18.7,
2026-05-31 03:00:00,0.163,,19.2,
2026-05-31 04:00:00,0.164,,19.5,
2026-05-31 05:00:00,0.164,,19.9,
2026-05-31 06:00:00,0.163,,20.3,
2026-05-31 07:00:00,0.163,,20.3,
2026-05-31 08:00:00,0.163,,20.2,
2026-05-31 09:00:00,0.163,,20.1,
2026-05-31 10:00:00,0.163,,20,
2026-05-31 11:00:00,0.163,,19.8,
2026-05-31 12:00:00,0.163,,19.6,
2026-05-31 13:00:00,0.163,,19.4,
2026-05-31 14:00:00,0.163,,19.3,
2026-05-31 15:00:00,0.162,,19.1,
2026-05-31 16:00:00,0.162,,19,
2026-05-31 17:00:00,0.162,,18.8,
2026-05-31 18:00:00,0.162,,18.7,
2026-05-31 19:00:00,0.162,,18.5,
2026-05-31 20:00:00,0.162,,18.4,
2026-05-31 21:00:00,0.162,,18.2,
2026-05-31 22:00:00,0.162,,18.1,
2026-05-31 23:00:00,0.162,,18.1,
2026-06-01 00:00:00,0.162,,18.1,
2026-06-01 01:00:00,0.162,,18.4,
2026-06-01 02:00:00,0.162,,18.9,
2026-06-01 03:00:00,0.162,,19.2,
2026-06-01 04:00:00,0.162,,19.5,
2026-06-01 05:00:00,0.162,,19.8,
2026-06-01 06:00:00,0.162,,20.1,
2026-06-01 07:00:00,0.162,,20.2,
2026-06-01 08:00:00,0.162,,20.2,
2026-06-01 09:00:00,0.162,,20.2,
2026-06-01 10:00:00,0.162,,20.2,
2026-06-01 11:00:00,0.162,,20.1,
2026-06-01 12:00:00,0.162,,20,
2026-06-01 13:00:00,0.162,,19.8,
2026-06-01 14:00:00,0.161,,19.7,
2026-06-01 15:00:00,0.161,,19.6,
2026-06-01 16:00:00,0.161,,19.5,
2026-06-01 17:00:00,0.161,,19.4,
2026-06-01 18:00:00,0.161,,19.3,
2026-06-01 19:00:00,0.161,,19.2,
2026-06-01 20:00:00,0.161,,19.1,
2026-06-01 21:00:00,0.162,,19,
2026-06-01 22:00:00,0.205,,19,
2026-06-01 23:00:00,0.216,,19,
2026-06-02 00:00:00,0.204,,19,
2026-06-02 01:00:00,0.213,,19,
2026-06-02 02:00:00,0.205,,19,
2026-06-02 03:00:00,0.199,,19,
2026-06-02 04:00:00,0.193,,19,
2026-06-02 05:00:00,0.187,,19,
2026-06-02 06:00:00,0.183,,19.1,
2026-06-02 07:00:00,0.181,,19.2,
2026-06-02 08:00:00,0.179,,19.3,
2026-06-02 09:00:00,0.178,,19.3,
2026-06-02 10:00:00,0.177,,19.4,
2026-06-02 11:00:00,0.177,,19.4,
2026-06-02 12:00:00,0.176,,19.3,
2026-06-02 13:00:00,0.176,,19.3,
2026-06-02 14:00:00,0.176,,19.2,
2026-06-02 15:00:00,0.175,,19.1,
2026-06-02 16:00:00,0.175,,19,
2026-06-02 17:00:00,0.174,,18.9,
2026-06-02 18:00:00,0.174,,18.8,
2026-06-02 19:00:00,0.174,,18.7,
2026-06-02 20:00:00,0.173,,18.6,
2026-06-02 21:00:00,0.173,,18.5,
2026-06-02 22:00:00,0.173,,18.4,
2026-06-02 23:00:00,0.173,,18.5,
2026-06-03 00:00:00,0.172,,18.6,
2026-06-03 01:00:00,0.172,,18.9,
2026-06-03 02:00:00,0.172,,19.3,
2026-06-03 03:00:00,0.172,,19.8,
2026-06-03 04:00:00,0.172,,20.1,
2026-06-03 05:00:00,0.171,,20.3,
2026-06-03 06:00:00,0.171,,20.6,
2026-06-03 07:00:00,0.171,,20.8,
2026-06-03 08:00:00,0.17,,20.8,
2026-06-03 09:00:00,0.17,,20.8,
2026-06-03 10:00:00,0.17,,20.7,
2026-06-03 11:00:00,0.17,,20.6,
2026-06-03 12:00:00,0.17,,20.4,
2026-06-03 13:00:00,0.169,,20.3,
2026-06-03 14:00:00,0.169,,20.2,
2026-06-03 15:00:00,0.169,,20.1,
2026-06-03 16:00:00,0.169,,20,
2026-06-03 17:00:00,0.169,,19.9,
2026-06-03 18:00:00,0.169,,19.8,
2026-06-03 19:00:00,0.169,,19.7,
2026-06-03 20:00:00,0.168,,19.6,
2026-06-03 21:00:00,0.168,,19.5,
2026-06-03 22:00:00,0.168,,19.5,
2026-06-03 23:00:00,0.168,,19.4,
2026-06-04 00:00:00,0.168,,19.5,
2026-06-04 01:00:00,0.168,,19.6,
2026-06-04 02:00:00,0.168,,19.7,
2026-06-04 03:00:00,0.168,,19.7,
2026-06-04 04:00:00,0.168,,19.8,
2026-06-04 05:00:00,0.167,,19.9,
2026-06-04 06:00:00,0.167,,20,
2026-06-04 07:00:00,0.167,,20,
2026-06-04 08:00:00,0.167,,20.1,
2026-06-04 09:00:00,0.167,,20.1,
2026-06-04 10:00:00,0.167,,20.1,
2026-06-04 11:00:00,0.167,,20.1,
2026-06-04 12:00:00,0.166,,20,
2026-06-04 13:00:00,0.166,,19.9,
2026-06-04 14:00:00,0.166,,19.8,
2026-06-04 15:00:00,0.166,,19.7,
2026-06-04 16:00:00,0.166,,19.7,
2026-06-04 17:00:00,0.166,,19.6,
2026-06-04 18:00:00,0.166,,19.5,
2026-06-04 19:00:00,0.166,,19.5,
2026-06-04 20:00:00,0.166,,19.4,
2026-06-04 21:00:00,0.166,,19.3,
2026-06-04 22:00:00,0.165,,19.1,
2026-06-04 23:00:00,0.165,,19,
2026-06-05 00:00:00,0.165,,19,
2026-06-05 01:00:00,0.165,,19.1,
2026-06-05 02:00:00,0.165,,19.4,
2026-06-05 03:00:00,0.165,,19.6,
2026-06-05 04:00:00,0.165,,19.7,
2026-06-05 05:00:00,0.165,,19.9,
2026-06-05 06:00:00,0.164,,20.1,
2026-06-05 07:00:00,0.164,,20,
2026-06-05 08:00:00,0.164,,19.8,
2026-06-05 09:00:00,0.164,,19.6,
2026-06-05 10:00:00,0.163,,19.4,
2026-06-05 11:00:00,0.163,,19.2,
2026-06-05 12:00:00,0.163,,19,
2026-06-05 13:00:00,0.163,,18.8,
2026-06-05 14:00:00,0.163,,18.5,
2026-06-05 15:00:00,0.163,,18.4,
2026-06-05 16:00:00,0.163,,18.2,
2026-06-05 17:00:00,0.163,,18,
2026-06-05 18:00:00,0.163,,17.8,
2026-06-05 19:00:00,0.163,,17.6,
2026-06-05 20:00:00,0.163,,17.5,
2026-06-05 21:00:00,0.163,,17.3,
2026-06-05 22:00:00,0.162,,17.1,
2026-06-05 23:00:00,0.162,,17.2,
2026-06-06 00:00:00,0.162,,17.3,
2026-06-06 01:00:00,0.162,,17.6,
2026-06-06 02:00:00,0.162,,18.2,
2026-06-06 03:00:00,0.162,,18.5,
2026-06-06 04:00:00,0.161,,18.7,
2026-06-06 05:00:00,0.161,,19,
2026-06-06 06:00:00,0.161,,19.4,
2026-06-06 07:00:00,0.161,,19.4,
2026-06-06 08:00:00,0.161,,19.4,
2026-06-06 09:00:00,0.161,,19.3,
2026-06-06 10:00:00,0.161,,19.3,
2026-06-06 11:00:00,0.161,,19.2,
2026-06-06 12:00:00,0.161,,19.1,
2026-06-06 13:00:00,0.161,,19.1,
2026-06-06 14:00:00,0.161,,19,
2026-06-06 15:00:00,0.161,,18.9,
2026-06-06 16:00:00,0.16,,18.8,
2026-06-06 17:00:00,0.16,,18.6,
2026-06-06 18:00:00,0.16,,18.6,
2026-06-06 19:00:00,0.16,,18.5,
2026-06-06 20:00:00,0.16,,18.4,
2026-06-06 21:00:00,0.16,,18.3,
2026-06-06 22:00:00,0.16,,18.2,
2026-06-06 23:00:00,0.16,,18.2,
2026-06-07 00:00:00,0.16,,18.3,
2026-06-07 01:00:00,0.16,,18.5,
2026-06-07 02:00:00,0.16,,18.9,
2026-06-07 03:00:00,0.16,,19.2,
2026-06-07 04:00:00,0.16,,19.4,
2026-06-07 05:00:00,0.16,,19.6,
2026-06-07 06:00:00,0.16,,19.8,
2026-06-07 07:00:00,0.16,,19.9,
2026-06-07 08:00:00,0.16,,20,
2026-06-07 09:00:00,0.159,,20,
2026-06-07 10:00:00,0.159,,20,
2026-06-07 11:00:00,0.159,,20,
2026-06-07 12:00:00,0.159,,19.9,
2026-06-07 13:00:00,0.159,,19.7,
2026-06-07 14:00:00,0.159,,19.6,
2026-06-07 15:00:00,0.159,,19.5,
2026-06-07 16:00:00,0.159,,19.4,
2026-06-07 17:00:00,0.159,,19.3,
2026-06-07 18:00:00,0.159,,19.2,
2026-06-07 19:00:00,0.159,,19,
2026-06-07 20:00:00,0.159,,18.9,
2026-06-07 21:00:00,0.159,,18.8,
2026-06-07 22:00:00,0.159,,18.7,
2026-06-07 23:00:00,0.158,,18.6,
2026-06-08 00:00:00,0.158,,18.6,
2026-06-08 01:00:00,0.158,,18.6,
2026-06-08 02:00:00,0.158,,18.6,
2026-06-08 03:00:00,0.158,,18.6,
2026-06-08 04:00:00,0.158,,18.6,
2026-06-08 05:00:00,0.158,,18.7,
2026-06-08 06:00:00,0.158,,18.7,
2026-06-08 07:00:00,0.158,,18.8,
2026-06-08 08:00:00,0.158,,18.8,
2026-06-08 09:00:00,0.158,,18.7,
2026-06-08 10:00:00,0.158,,18.7,
2026-06-08 11:00:00,0.158,,18.6,
2026-06-08 12:00:00,0.157,,18.5,
2026-06-08 13:00:00,0.157,,18.3,
2026-06-08 14:00:00,0.157,,18.2,
2026-06-08 15:00:00,0.157,,18.1,
2026-06-08 16:00:00,0.157,,18,
2026-06-08 17:00:00,0.157,,17.9,
2026-06-08 18:00:00,0.157,,17.8,
2026-06-08 19:00:00,0.157,,17.6,
2026-06-08 20:00:00,0.157,,17.5,
2026-06-08 21:00:00,0.157,,17.4,
2026-06-08 22:00:00,0.157,,17.3,
2026-06-08 23:00:00,0.157,,17.3,
2026-06-09 00:00:00,0.157,,17.4,
2026-06-09 01:00:00,0.157,,17.6,
2026-06-09 02:00:00,0.157,,17.9,
2026-06-09 03:00:00,0.157,,18.2,
2026-06-09 04:00:00,0.157,,18.5,
2026-06-09 05:00:00,0.157,,18.9,
2026-06-09 06:00:00,0.157,,19.3,
2026-06-09 07:00:00,0.157,,19.4,
2026-06-09 08:00:00,0.156,,19.3,
2026-06-09 09:00:00,0.156,,19.3,
2026-06-09 10:00:00,0.156,,19.2,
2026-06-09 11:00:00,0.156,,19,
2026-06-09 12:00:00,0.156,,18.9,
2026-06-09 13:00:00,0.156,,18.7,
2026-06-09 14:00:00,0.156,,18.5,
2026-06-09 15:00:00,0.156,,18.4,
2026-06-09 16:00:00,0.156,,18.2,
2026-06-09 17:00:00,0.156,,18.1,
2026-06-09 18:00:00,0.156,,17.9,
2026-06-09 19:00:00,0.156,,17.7,
2026-06-09 20:00:00,0.156,,17.6,
2026-06-09 21:00:00,0.156,,17.4,
2026-06-09 22:00:00,0.156,,17.3,
2026-06-09 23:00:00,0.156,,17.3,
2026-06-10 00:00:00,0.155,,17.4,
2026-06-10 01:00:00,0.155,,17.6,
2026-06-10 02:00:00,0.155,,18,
2026-06-10 03:00:00,0.155,,18.3,
2026-06-10 04:00:00,0.155,,18.5,
2026-06-10 05:00:00,0.155,,18.8,
2026-06-10 06:00:00,0.155,,18.9,
2026-06-10 07:00:00,0.155,,19,
2026-06-10 08:00:00,0.155,,19,
2026-06-10 09:00:00,0.154,,18.9,
2026-06-10 10:00:00,0.154,,18.9,
2026-06-10 11:00:00,0.154,,18.7,
2026-06-10 12:00:00,0.154,,18.6,
2026-06-10 13:00:00,0.154,,18.4,
2026-06-10 14:00:00,0.154,,18.3,
2026-06-10 15:00:00,0.154,,18.2,
2026-06-10 16:00:00,0.154,,18.1,
2026-06-10 17:00:00,0.154,,18,
2026-06-10 18:00:00,0.154,,17.9,
2026-06-10 19:00:00,0.154,,17.8,
2026-06-10 20:00:00,0.154,,17.8,
2026-06-10 21:00:00,0.154,,17.7,
2026-06-10 22:00:00,0.154,,17.7,
2026-06-10 23:00:00,0.154,,17.7,
2026-06-11 00:00:00,0.154,,17.9,
2026-06-11 01:00:00,0.154,,18.1,
2026-06-11 02:00:00,0.154,,18.6,
2026-06-11 03:00:00,0.154,,18.9,
2026-06-11 04:00:00,0.154,,19.1,
2026-06-11 05:00:00,0.154,,19.3,
2026-06-11 06:00:00,0.154,,19.5,
2026-06-11 07:00:00,0.154,,19.5,
2026-06-11 08:00:00,0.153,,19.4,
2026-06-11 09:00:00,0.153,,19.3,
2026-06-11 10:00:00,0.153,,19.2,
2026-06-11 11:00:00,0.153,,19.1,
2026-06-11 12:00:00,0.153,,19,
2026-06-11 13:00:00,0.153,,18.8,
2026-06-11 14:00:00,0.153,,18.7,
2026-06-11 15:00:00,0.153,,18.5,
2026-06-11 16:00:00,0.153,,18.4,
2026-06-11 17:00:00,0.153,,18.3,
2026-06-11 18:00:00,0.153,,18.1,
2026-06-11 19:00:00,0.153,,18,
2026-06-11 20:00:00,0.153,,17.9,
2026-06-11 21:00:00,0.153,,17.8,
2026-06-11 22:00:00,0.153,,17.8,
2026-06-11 23:00:00,0.153,,17.8,
2026-06-12 00:00:00,0.152,,17.9,
2026-06-12 01:00:00,0.152,,18.2,
2026-06-12 02:00:00,0.152,,18.6,
2026-06-12 03:00:00,0.152,,19,
2026-06-12 04:00:00,0.152,,19.2,
2026-06-12 05:00:00,0.152,,19.5,
2026-06-12 06:00:00,0.152,,19.8,
2026-06-12 07:00:00,0.152,,19.9,
2026-06-12 08:00:00,0.152,,19.8,
2026-06-12 09:00:00,0.152,,19.8,
2026-06-12 10:00:00,0.152,,19.7,
2026-06-12 11:00:00,0.152,,19.6,
2026-06-12 12:00:00,0.152,,19.4,
2026-06-12 13:00:00,0.152,,19.3,
2026-06-12 14:00:00,0.151,,19.2,
2026-06-12 15:00:00,0.151,,19,
2026-06-12 16:00:00,0.151,,18.9,
2026-06-12 17:00:00,0.151,,18.8,
2026-06-12 18:00:00,0.151,,18.6,
2026-06-12 19:00:00,0.151,,18.5,
2026-06-12 20:00:00,0.151,,18.4,
2026-06-12 21:00:00,0.151,,18.3,
2026-06-12 22:00:00,0.151,,18.1,
2026-06-12 23:00:00,0.151,,18.1,
2026-06-13 00:00:00,0.151,,18.2,
2026-06-13 01:00:00,0.151,,18.5,
2026-06-13 02:00:00,0.151,,18.9,
2026-06-13 03:00:00,0.151,,19.3,
2026-06-13 04:00:00,0.151,,19.5,
2026-06-13 05:00:00,0.151,,19.7,
2026-06-13 06:00:00,0.151,,19.9,
2026-06-13 07:00:00,0.151,,20,
2026-06-13 08:00:00,0.151,,20,
2026-06-13 09:00:00,0.151,,20,
2026-06-13 10:00:00,0.151,,19.9,
2026-06-13 11:00:00,0.151,,19.9,
2026-06-13 12:00:00,0.151,,19.8,
2026-06-13 13:00:00,0.151,,19.7,
2026-06-13 14:00:00,0.151,,19.6,
2026-06-13 15:00:00,0.15,,19.5,
2026-06-13 16:00:00,0.15,,19.5,
2026-06-13 17:00:00,0.15,,19.4,
2026-06-13 18:00:00,0.15,,19.3,
2026-06-13 19:00:00,0.15,,19.3,
2026-06-13 20:00:00,0.15,,19.2,
2026-06-13 21:00:00,0.15,,19.1,
2026-06-13 22:00:00,0.15,,19,
2026-06-13 23:00:00,0.15,,19,
2026-06-14 00:00:00,0.15,,19,
2026-06-14 01:00:00,0.15,,19.2,
2026-06-14 02:00:00,0.15,,19.5,
2026-06-14 03:00:00,0.15,,19.8,
2026-06-14 04:00:00,0.15,,20,
2026-06-14 05:00:00,0.15,,20.2,
2026-06-14 06:00:00,0.153,,20.4,
2026-06-14 07:00:00,0.152,,20.3,
2026-06-14 08:00:00,0.152,,20.2,
2026-06-14 09:00:00,0.152,,20.1,
2026-06-14 10:00:00,0.152,,20,
2026-06-14 11:00:00,0.152,,19.8,
2026-06-14 12:00:00,0.152,,19.7,
2026-06-14 13:00:00,0.152,,19.6,
2026-06-14 14:00:00,0.152,,19.5,
2026-06-14 15:00:00,0.152,,19.4,
2026-06-14 16:00:00,0.152,,19.3,
2026-06-14 17:00:00,0.151,,19.2,
2026-06-14 18:00:00,0.151,,19.1,
2026-06-14 19:00:00,0.151,,19,
2026-06-14 20:00:00,0.151,,19,
2026-06-14 21:00:00,0.151,,18.9,
2026-06-14 22:00:00,0.151,,18.8,
2026-06-14 23:00:00,0.151,,18.9,
2026-06-15 00:00:00,0.151,,19,
2026-06-15 01:00:00,0.151,,19.3,
2026-06-15 02:00:00,0.152,,19.8,
2026-06-15 03:00:00,0.152,,20.2,
2026-06-15 04:00:00,0.151,,20.4,
2026-06-15 05:00:00,0.151,,20.6,
2026-06-15 06:00:00,0.151,,20.9,
2026-06-15 07:00:00,0.151,,20.8,
2026-06-15 08:00:00,0.151,,20.7,
2026-06-15 09:00:00,0.151,,20.6,
2026-06-15 10:00:00,0.151,,20.6,
2026-06-15 11:00:00,0.151,,20.5,
2026-06-15 12:00:00,0.151,,20.3,
2026-06-15 13:00:00,0.151,,20.2,
2026-06-15 14:00:00,0.151,,20,
2026-06-15 15:00:00,0.151,,19.9,
2026-06-15 16:00:00,0.151,,19.7,
2026-06-15 17:00:00,0.151,,19.6,
2026-06-15 18:00:00,0.151,,19.5,
2026-06-15 19:00:00,0.151,,19.4,
2026-06-15 20:00:00,0.151,,19.3,
2026-06-15 21:00:00,0.151,,19.2,
2026-06-15 22:00:00,0.151,,19.1,
2026-06-15 23:00:00,0.151,,19.1,
2026-06-16 00:00:00,0.151,,19.3,
2026-06-16 01:00:00,0.15,,19.4,
2026-06-16 02:00:00,0.151,,19.5,
2026-06-16 03:00:00,0.151,,19.8,
2026-06-16 04:00:00,0.15,,20,
2026-06-16 05:00:00,0.15,,20.3,
2026-06-16 06:00:00,0.15,,20.6,
2026-06-16 07:00:00,0.15,,20.7,
2026-06-16 08:00:00,0.15,,20.7,
2026-06-16 09:00:00,0.15,,20.7,
2026-06-16 10:00:00,0.15,,20.7,
2026-06-16 11:00:00,0.15,,20.6,
2026-06-16 12:00:00,0.15,,20.6,
2026-06-16 13:00:00,0.15,,20.5,
2026-06-16 14:00:00,0.15,,20.5,
2026-06-16 15:00:00,0.15,,20.4,
2026-06-16 16:00:00,0.15,,20.3,
2026-06-16 17:00:00,0.15,,20.3,
2026-06-16 18:00:00,0.15,,20.2,
2026-06-16 19:00:00,0.15,,20.1,
2026-06-16 20:00:00,0.15,,20.1,
2026-06-16 21:00:00,0.15,,20,
2026-06-16 22:00:00,0.15,,20,
2026-06-16 23:00:00,0.15,,20,
2026-06-17 00:00:00,0.15,,20,
2026-06-17 01:00:00,0.15,,20.1,
2026-06-17 02:00:00,0.15,,20.2,
2026-06-17 03:00:00,0.15,,20.4,
2026-06-17 04:00:00,0.149,,20.5,
2026-06-17 05:00:00,0.149,,20.6,
2026-06-17 06:00:00,0.149,,20.6,
2026-06-17 07:00:00,0.149,,20.6,
2026-06-17 08:00:00,0.149,,20.6,
2026-06-17 09:00:00,0.149,,20.6,
2026-06-17 10:00:00,0.149,,20.6,
2026-06-17 11:00:00,0.149,,20.5,
2026-06-17 12:00:00,0.149,,20.5,
2026-06-17 13:00:00,0.15,,20.4,
2026-06-17 14:00:00,0.15,,20.3,
2026-06-17 15:00:00,0.15,,20.3,
2026-06-17 16:00:00,0.15,,20.2,
2026-06-17 17:00:00,0.15,,20.2,
2026-06-17 18:00:00,0.15,,20.2,
2026-06-17 19:00:00,0.15,,20.2,
2026-06-17 20:00:00,0.15,,20.1,
2026-06-17 21:00:00,0.15,,20.1,
2026-06-17 22:00:00,0.15,,20.1,
2026-06-17 23:00:00,0.15,,20.1,
2026-06-18 00:00:00,0.15,,20.2,
2026-06-18 01:00:00,0.149,,20.4,
2026-06-18 02:00:00,0.149,,20.6,
2026-06-18 03:00:00,0.149,,20.8,
2026-06-18 04:00:00,0.149,,21,
2026-06-18 05:00:00,0.149,,21.2,
2026-06-18 06:00:00,0.149,,21.4,
2026-06-18 07:00:00,0.149,,21.4,
2026-06-18 08:00:00,0.149,,21.5,
2026-06-18 09:00:00,0.149,,21.5,
2026-06-18 10:00:00,0.149,,21.4,
2026-06-18 11:00:00,0.149,,21.3,
2026-06-18 12:00:00,0.149,,21.2,
2026-06-18 13:00:00,0.149,,21.1,
2026-06-18 14:00:00,0.149,,21,
2026-06-18 15:00:00,0.149,,20.9,
2026-06-18 16:00:00,0.149,,20.8,
2026-06-18 17:00:00,0.149,,20.7,
2026-06-18 18:00:00,0.149,,20.7,
2026-06-18 19:00:00,0.149,,20.6,
2026-06-18 20:00:00,0.149,,20.5,
2026-06-18 21:00:00,0.149,,20.5,
2026-06-18 22:00:00,0.149,,20.4,
2026-06-18 23:00:00,0.149,,20.4,
2026-06-19 00:00:00,0.149,,20.5,
2026-06-19 01:00:00,0.149,,20.6,
2026-06-19 02:00:00,0.148,,20.7,
2026-06-19 03:00:00,0.148,,20.8,
2026-06-19 04:00:00,0.148,,20.9,
2026-06-19 05:00:00,0.148,,21,
2026-06-19 06:00:00,0.148,,21,
2026-06-19 07:00:00,0.148,,21.1,
2026-06-19 08:00:00,0.148,,21.1,
2026-06-19 09:00:00,0.148,,21.2,
2026-06-19 10:00:00,0.148,,21.1,
2026-06-19 11:00:00,0.148,,21.1,
2026-06-19 12:00:00,0.148,,20.9,
2026-06-19 13:00:00,0.148,,20.8,
2026-06-19 14:00:00,0.148,,20.7,
2026-06-19 15:00:00,0.148,,20.6,
2026-06-19 16:00:00,0.149,,20.6,
2026-06-19 17:00:00,0.149,,20.7,
2026-06-19 18:00:00,0.149,,20.8,
2026-06-19 19:00:00,0.149,,20.8,
2026-06-19 20:00:00,0.149,,20.9,
2026-06-19 21:00:00,0.149,,21,
2026-06-19 22:00:00,0.149,,21,
2026-06-19 23:00:00,0.149,,21,
2026-06-20 00:00:00,0.149,,21,
2026-06-20 01:00:00,0.149,,20.9,
2026-06-20 02:00:00,0.149,,20.9,
2026-06-20 03:00:00,0.149,,20.9,
2026-06-20 04:00:00,0.149,,20.9,
2026-06-20 05:00:00,0.149,,20.9,
2026-06-20 06:00:00,0.149,,20.9,
2026-06-20 07:00:00,0.149,,20.9,
2026-06-20 08:00:00,0.149,,20.9,
2026-06-20 09:00:00,0.149,,20.9,
2026-06-20 10:00:00,0.149,,20.8,
2026-06-20 11:00:00,0.149,,20.7,
2026-06-20 12:00:00,0.149,,20.7,
2026-06-20 13:00:00,0.149,,20.6,
2026-06-20 14:00:00,0.149,,20.5,
2026-06-20 15:00:00,0.149,,20.5,
2026-06-20 16:00:00,0.149,,20.4,
2026-06-20 17:00:00,0.149,,20.4,
2026-06-20 18:00:00,0.149,,20.3,
2026-06-20 19:00:00,0.149,,20.3,
2026-06-20 20:00:00,0.149,,20.2,
2026-06-20 21:00:00,0.149,,20.2,
2026-06-20 22:00:00,0.149,,20.1,
2026-06-20 23:00:00,0.149,,20.1,
2026-06-21 00:00:00,0.149,,20.1,
2026-06-21 01:00:00,0.149,,20.2,
2026-06-21 02:00:00,0.149,,20.3,
2026-06-21 03:00:00,0.149,,20.5,
2026-06-21 04:00:00,0.149,,20.7,
2026-06-21 05:00:00,0.149,,20.9,
2026-06-21 06:00:00,0.149,,21.2,
2026-06-21 07:00:00,0.149,,21.3,
2026-06-21 08:00:00,0.149,,21.4,
2026-06-21 09:00:00,0.149,,21.4,
2026-06-21 10:00:00,0.149,,21.4,
2026-06-21 11:00:00,0.149,,21.3,
2026-06-21 12:00:00,0.149,,21.1,
2026-06-21 13:00:00,0.149,,21,
2026-06-21 14:00:00,0.149,,20.9,
2026-06-21 15:00:00,0.149,,20.7,
2026-06-21 16:00:00,0.149,,20.6,
2026-06-21 17:00:00,0.149,,20.5,
2026-06-21 18:00:00,0.149,,20.4,
2026-06-21 19:00:00,0.149,,20.3,
2026-06-21 20:00:00,0.149,,20.3,
2026-06-21 21:00:00,0.149,,20.2,
2026-06-21 22:00:00,0.149,,20.2,
2026-06-21 23:00:00,0.149,,20.2,
2026-06-22 00:00:00,0.149,,20.2,
2026-06-22 01:00:00,0.149,,20.2,
2026-06-22 02:00:00,0.149,,20.3,
2026-06-22 03:00:00,0.149,,20.3,
2026-06-22 04:00:00,0.149,,20.3,
2026-06-22 05:00:00,0.149,,20.3,
2026-06-22 06:00:00,0.149,,20.2,
2026-06-22 07:00:00,0.149,,20.2,
2026-06-22 08:00:00,0.149,,20.2,
2026-06-22 09:00:00,0.149,,20.2,
2026-06-22 10:00:00,0.149,,20.2,
2026-06-22 11:00:00,0.149,,20.1,
2026-06-22 12:00:00,0.149,,20.1,
2026-06-22 13:00:00,0.149,,20,
2026-06-22 14:00:00,0.149,,19.9,
2026-06-22 15:00:00,0.149,,19.8,
2026-06-22 16:00:00,0.149,,19.7,
2026-06-22 17:00:00,0.149,,19.6,
2026-06-22 18:00:00,0.149,,19.6,
2026-06-22 19:00:00,0.149,,19.5,
2026-06-22 20:00:00,0.149,,19.5,
2026-06-22 21:00:00,0.149,,19.4,
2026-06-22 22:00:00,0.149,,19.4,
2026-06-22 23:00:00,0.149,,19.4,
2026-06-23 00:00:00,0.149,,19.5,
2026-06-23 01:00:00,0.149,,19.6,
2026-06-23 02:00:00,0.15,,19.7,
2026-06-23 03:00:00,0.15,,19.9,
2026-06-23 04:00:00,0.15,,20,
2026-06-23 05:00:00,0.15,,20.2,
2026-06-23 06:00:00,0.15,,20.4,
2026-06-23 07:00:00,0.149,,20.4,
2026-06-23 08:00:00,0.149,,20.4,
2026-06-23 09:00:00,0.149,,20.3,
2026-06-23 10:00:00,0.149,,20.3,
2026-06-23 11:00:00,0.15,,20.2,
2026-06-23 12:00:00,0.15,,20.2,
2026-06-23 13:00:00,0.15,,20.1,
2026-06-23 14:00:00,0.15,,20.1,
2026-06-23 15:00:00,0.15,,20,
2026-06-23 16:00:00,0.15,,20,
2026-06-23 17:00:00,0.15,,19.9,
2026-06-23 18:00:00,0.15,,19.8,
2026-06-23 19:00:00,0.15,,19.7,
2026-06-23 20:00:00,0.15,,19.6,
2026-06-23 21:00:00,0.149,,19.5,
2026-06-23 22:00:00,0.149,,19.5,
2026-06-23 23:00:00,0.149,,19.4,
2026-06-24 00:00:00,0.149,,19.4,
2026-06-24 01:00:00,0.149,,19.5,
2026-06-24 02:00:00,0.15,,19.7,
2026-06-24 03:00:00,0.15,,19.8,
2026-06-24 04:00:00,0.15,,19.9,
2026-06-24 05:00:00,0.15,,19.9,
2026-06-24 06:00:00,0.15,,20,
2026-06-24 07:00:00,0.15,,20.1,
2026-06-24 08:00:00,0.15,,20.1,
2026-06-24 09:00:00,0.15,,20.1,
2026-06-24 10:00:00,0.15,,20.1,
2026-06-24 11:00:00,0.15,,20.1,
2026-06-24 12:00:00,0.15,,20.1,
2026-06-24 13:00:00,0.15,,20,
2026-06-24 14:00:00,0.15,,20,
2026-06-24 15:00:00,0.15,,19.9,
2026-06-24 16:00:00,0.15,,19.9,
2026-06-24 17:00:00,0.15,,19.8,
2026-06-24 18:00:00,0.15,,19.7,
2026-06-24 19:00:00,0.15,,19.6,
2026-06-24 20:00:00,0.15,,19.6,
2026-06-24 21:00:00,0.149,,19.5,
2026-06-24 22:00:00,0.15,,19.5,
2026-06-24 23:00:00,0.149,,19.5,
2026-06-25 00:00:00,0.15,,19.6,
2026-06-25 01:00:00,0.15,,19.7,
2026-06-25 02:00:00,0.15,,19.8,
2026-06-25 03:00:00,0.15,,20,
2026-06-25 04:00:00,0.15,,20.2,
2026-06-25 05:00:00,0.15,,20.4,
2026-06-25 06:00:00,0.149,,20.6,
2026-06-25 07:00:00,0.149,,20.6,
2026-06-25 08:00:00,0.149,,20.7,
2026-06-25 09:00:00,0.149,,20.7,
2026-06-25 10:00:00,0.149,,20.6,
2026-06-25 11:00:00,0.149,,20.6,
2026-06-25 12:00:00,0.149,,20.5,
2026-06-25 13:00:00,0.149,,20.3,
2026-06-25 14:00:00,0.149,,20.2,
2026-06-25 15:00:00,0.149,,20.1,
2026-06-25 16:00:00,0.149,,20,
2026-06-25 17:00:00,0.15,,19.9,
2026-06-25 18:00:00,0.149,,19.8,
2026-06-25 19:00:00,0.149,,19.7,
2026-06-25 20:00:00,0.149,,19.6,
2026-06-25 21:00:00,0.149,,19.5,
2026-06-25 22:00:00,0.149,,19.4,
2026-06-25 23:00:00,0.149,,19.4,
2026-06-26 00:00:00,0.149,,19.5,
2026-06-26 01:00:00,0.149,,19.8,
2026-06-26 02:00:00,0.149,,20.2,
2026-06-26 03:00:00,0.149,,20.5,
2026-06-26 04:00:00,0.149,,20.7,
2026-06-26 05:00:00,0.149,,21,
2026-06-26 06:00:00,0.149,,21.3,
2026-06-26 07:00:00,0.149,,21.3,
2026-06-26 08:00:00,0.149,,21.2,
2026-06-26 09:00:00,0.149,,21.1,
2026-06-26 10:00:00,0.149,,20.9,
2026-06-26 11:00:00,0.149,,20.8,
2026-06-26 12:00:00,0.149,,20.6,
2026-06-26 13:00:00,0.149,,20.5,
2026-06-26 14:00:00,0.149,,20.3,
2026-06-26 15:00:00,0.149,,20.2,
2026-06-26 16:00:00,0.149,,20.1,
2026-06-26 17:00:00,0.149,,19.9,
2026-06-26 18:00:00,0.149,,19.8,
2026-06-26 19:00:00,0.149,,19.7,
2026-06-26 20:00:00,0.149,,19.6,
2026-06-26 21:00:00,0.149,,19.5,
2026-06-26 22:00:00,0.149,,19.5,
2026-06-26 23:00:00,0.149,,19.5,
2026-06-27 00:00:00,0.149,,19.5,
2026-06-27 01:00:00,0.149,,19.8,
2026-06-27 02:00:00,0.149,,20.2,
2026-06-27 03:00:00,0.149,,20.5,
2026-06-27 04:00:00,0.149,,20.8,
2026-06-27 05:00:00,0.148,,21.1,
2026-06-27 06:00:00,0.148,,21.5,
2026-06-27 07:00:00,0.148,,21.6,
2026-06-27 08:00:00,0.148,,21.5,
2026-06-27 09:00:00,0.148,,21.4,
2026-06-27 10:00:00,0.148,,21.3,
2026-06-27 11:00:00,0.148,,21.3,
2026-06-27 12:00:00,0.148,,21.1,
2026-06-27 13:00:00,0.148,,21,
2026-06-27 14:00:00,0.148,,20.9,
2026-06-27 15:00:00,0.148,,20.7,
2026-06-27 16:00:00,0.148,,20.6,
2026-06-27 17:00:00,0.148,,20.5,
2026-06-27 18:00:00,0.148,,20.5,
2026-06-27 19:00:00,0.148,,20.4,
2026-06-27 20:00:00,0.148,,20.3,
2026-06-27 21:00:00,0.148,,20.2,
2026-06-27 22:00:00,0.148,,20.2,
2026-06-27 23:00:00,0.148,,20.1,
2026-06-28 00:00:00,0.148,,20.1,
2026-06-28 01:00:00,0.148,,20.3,
2026-06-28 02:00:00,0.148,,20.7,
2026-06-28 03:00:00,0.148,,21,
2026-06-28 04:00:00,0.148,,21.3,
2026-06-28 05:00:00,0.148,,21.5,
2026-06-28 06:00:00,0.148,,21.8,
2026-06-28 07:00:00,0.148,,21.9,
2026-06-28 08:00:00,0.148,,21.8,
2026-06-28 09:00:00,0.148,,21.7,
2026-06-28 10:00:00,0.148,,21.5,
2026-06-28 11:00:00,0.148,,21.4,
2026-06-28 12:00:00,0.148,,21.2,
2026-06-28 13:00:00,0.148,,21.1,
2026-06-28 14:00:00,0.148,,20.9,
2026-06-28 15:00:00,0.148,,20.7,
2026-06-28 16:00:00,0.148,,20.6,
2026-06-28 17:00:00,0.148,,20.5,
2026-06-28 18:00:00,0.148,,20.3,
2026-06-28 19:00:00,0.148,,20.2,
2026-06-28 20:00:00,0.148,,20.1,
2026-06-28 21:00:00,0.148,,20,
2026-06-28 22:00:00,0.148,,19.9,
2026-06-28 23:00:00,0.148,,20,
2026-06-29 00:00:00,0.148,,20.1,
2026-06-29 01:00:00,0.148,,20.3,
2026-06-29 02:00:00,0.148,,20.7,
2026-06-29 03:00:00,0.147,,21.1,
2026-06-29 04:00:00,0.147,,21.3,
2026-06-29 05:00:00,0.147,,21.6,
2026-06-29 06:00:00,0.147,,21.9,
2026-06-29 07:00:00,0.147,,21.9,
2026-06-29 08:00:00,0.147,,21.9,
2026-06-29 09:00:00,0.147,,21.8,
2026-06-29 10:00:00,0.147,,21.7,
2026-06-29 11:00:00,0.147,,21.6,
2026-06-29 12:00:00,0.147,,21.4,
2026-06-29 13:00:00,0.147,,21.3,
2026-06-29 14:00:00,0.147,,21.2,
2026-06-29 15:00:00,0.147,,21,
2026-06-29 16:00:00,0.147,,20.9,
2026-06-29 17:00:00,0.147,,20.8,
2026-06-29 18:00:00,0.147,,20.7,
2026-06-29 19:00:00,0.147,,20.6,
2026-06-29 20:00:00,0.147,,20.5,
2026-06-29 21:00:00,0.147,,20.4,
2026-06-29 22:00:00,0.147,,20.3,
2026-06-29 23:00:00,0.147,,20.3,
2026-06-30 00:00:00,0.147,,20.4,
2026-06-30 01:00:00,0.147,,20.6,
2026-06-30 02:00:00,0.147,,21,
2026-06-30 03:00:00,0.147,,21.3,
2026-06-30 04:00:00,0.146,,21.5,
2026-06-30 05:00:00,0.146,,21.7,
2026-06-30 06:00:00,0.146,,21.8,
2026-06-30 07:00:00,0.146,,21.8,
2026-06-30 08:00:00,0.146,,21.8,
2026-06-30 09:00:00,0.146,,21.8,
2026-06-30 10:00:00,0.146,,21.7,
2026-06-30 11:00:00,0.146,,21.7,
2026-06-30 12:00:00,0.146,,21.6,
2026-06-30 13:00:00,0.146,,21.4,
2026-06-30 14:00:00,0.146,,21.3,
2026-06-30 15:00:00,0.146,,21.2,
2026-06-30 16:00:00,0.146,,21.1,
2026-06-30 17:00:00,0.146,,21,
2026-06-30 18:00:00,0.146,,20.9,
2026-06-30 19:00:00,0.147,,20.8,
2026-06-30 20:00:00,0.147,,20.6,
2026-06-30 21:00:00,0.147,,20.5,
2026-06-30 22:00:00,0.147,,20.4,
2026-06-30 23:00:00,0.147,,20.3,
2026-07-01 00:00:00,0.147,,20.2,
2026-07-01 01:00:00,0.147,,20.2,
2026-07-01 02:00:00,0.147,,20.1,
2026-07-01 03:00:00,0.147,,20.1,
2026-07-01 04:00:00,0.147,,20.2,
2026-07-01 05:00:00,0.147,,20.2,
2026-07-01 06:00:00,0.147,,20.3,
2026-07-01 07:00:00,0.147,,20.4,
2026-07-01 08:00:00,0.147,,20.5,
2026-07-01 09:00:00,0.146,,20.6,
2026-07-01 10:00:00,0.147,,20.6,
2026-07-01 11:00:00,0.146,,20.6,
2026-07-01 12:00:00,0.147,,20.7,
2026-07-01 13:00:00,0.146,,20.7,
2026-07-01 14:00:00,0.146,,20.7,
2026-07-01 15:00:00,0.147,,20.6,
2026-07-01 16:00:00,0.147,,20.6,
2026-07-01 17:00:00,0.147,,20.6,
2026-07-01 18:00:00,0.147,,20.5,
2026-07-01 19:00:00,0.147,,20.5,
2026-07-01 20:00:00,0.147,,20.5,
2026-07-01 21:00:00,0.147,,20.5,
2026-07-01 22:00:00,0.147,,20.5,
2026-07-01 23:00:00,0.147,,20.5,
2026-07-02 00:00:00,0.147,,20.6,
2026-07-02 01:00:00,0.147,,20.6,
2026-07-02 02:00:00,0.147,,20.7,
2026-07-02 03:00:00,0.147,,20.9,
2026-07-02 04:00:00,0.147,,21.1,
2026-07-02 05:00:00,0.146,,21.4,
2026-07-02 06:00:00,0.147,,21.6,
2026-07-02 07:00:00,0.146,,21.8,
2026-07-02 08:00:00,0.147,,21.8,
2026-07-02 09:00:00,0.147,,21.8,
2026-07-02 10:00:00,0.147,,21.8,
2026-07-02 11:00:00,0.147,,21.7,
2026-07-02 12:00:00,0.147,,21.6,
2026-07-02 13:00:00,0.147,,21.4,
2026-07-02 14:00:00,0.147,,21.3,
2026-07-02 15:00:00,0.147,,21.2,
2026-07-02 16:00:00,0.147,,21.1,
2026-07-02 17:00:00,0.147,,21,
2026-07-02 18:00:00,0.147,,20.9,
2026-07-02 19:00:00,0.147,,20.9,
2026-07-02 20:00:00,0.147,,20.8,
2026-07-02 21:00:00,0.147,,20.8,
2026-07-02 22:00:00,0.147,,20.8,
2026-07-02 23:00:00,0.147,,20.8,
2026-07-03 00:00:00,0.147,,20.9,
2026-07-03 01:00:00,0.147,,21,
2026-07-03 02:00:00,0.147,,21.2,
2026-07-03 03:00:00,0.147,,21.4,
2026-07-03 04:00:00,0.147,,21.5,
2026-07-03 05:00:00,0.147,,21.6,
2026-07-03 06:00:00,0.147,,21.7,
2026-07-03 07:00:00,0.147,,21.7,
2026-07-03 08:00:00,0.147,,21.7,
2026-07-03 09:00:00,0.147,,21.7,
2026-07-03 10:00:00,0.147,,21.7,
2026-07-03 11:00:00,0.147,,21.6,
2026-07-03 12:00:00,0.147,,21.6,
2026-07-03 13:00:00,0.147,,21.5,
2026-07-03 14:00:00,0.147,,21.4,
2026-07-03 15:00:00,0.147,,21.4,
2026-07-03 16:00:00,0.147,,21.3,
2026-07-03 17:00:00,0.147,,21.2,
2026-07-03 18:00:00,0.147,,21.2,
2026-07-03 19:00:00,0.147,,21.1,
2026-07-03 20:00:00,0.147,,21.1,
2026-07-03 21:00:00,0.147,,21,
2026-07-03 22:00:00,0.147,,21,
2026-07-03 23:00:00,0.147,,21,
2026-07-04 00:00:00,0.147,,21.1,
2026-07-04 01:00:00,0.147,,21.1,
2026-07-04 02:00:00,0.147,,21.2,
2026-07-04 03:00:00,0.147,,21.4,
2026-07-04 04:00:00,0.147,,21.6,
2026-07-04 05:00:00,0.147,,21.8,
2026-07-04 06:00:00,0.147,,21.9,
2026-07-04 07:00:00,0.147,,21.9,
2026-07-04 08:00:00,0.147,,21.9,
2026-07-04 09:00:00,0.147,,21.9,
2026-07-04 10:00:00,0.147,,21.9,
2026-07-04 11:00:00,0.147,,21.8,
2026-07-04 12:00:00,0.147,,21.8,
2026-07-04 13:00:00,0.147,,21.7,
2026-07-04 14:00:00,0.147,,21.7,
2026-07-04 15:00:00,0.147,,21.6,
2026-07-04 16:00:00,0.147,,21.6,
2026-07-04 17:00:00,0.147,,21.6,
2026-07-04 18:00:00,0.147,,21.6,
2026-07-04 19:00:00,0.147,,21.5,
2026-07-04 20:00:00,0.147,,21.5,
2026-07-04 21:00:00,0.147,,21.5,
2026-07-04 22:00:00,0.148,,21.5,
2026-07-04 23:00:00,0.148,,21.5,
2026-07-05 00:00:00,0.148,,21.5,
2026-07-05 01:00:00,0.148,,21.5,
2026-07-05 02:00:00,0.148,,21.6,
2026-07-05 03:00:00,0.148,,21.7,
2026-07-05 04:00:00,0.148,,21.8,
2026-07-05 05:00:00,0.148,,21.9,
2026-07-05 06:00:00,0.148,,22,
2026-07-05 07:00:00,0.148,,22.1,
2026-07-05 08:00:00,0.148,,22.2,
2026-07-05 09:00:00,0.148,,22.2,
2026-07-05 10:00:00,0.148,,22.2,
2026-07-05 11:00:00,0.148,,22.2,
2026-07-05 12:00:00,0.148,,22.1,
2026-07-05 13:00:00,0.148,,22.1,
2026-07-05 14:00:00,0.148,,22,
2026-07-05 15:00:00,0.148,,22,
2026-07-05 16:00:00,0.148,,21.9,
2026-07-05 17:00:00,0.148,,21.9,
2026-07-05 18:00:00,0.148,,21.8,
2026-07-05 19:00:00,0.148,,21.8,
2026-07-05 20:00:00,0.157,,21.8,
2026-07-05 21:00:00,0.158,,21.8,
2026-07-05 22:00:00,0.156,,21.8,
2026-07-05 23:00:00,0.155,,21.8,
2026-07-06 00:00:00,0.154,,21.8,
2026-07-06 01:00:00,0.154,,21.9,
2026-07-06 02:00:00,0.154,,22.1,
2026-07-06 03:00:00,0.154,,22.2,
2026-07-06 04:00:00,0.154,,22.3,
2026-07-06 05:00:00,0.154,,22.5,
2026-07-06 06:00:00,0.154,,22.6,
2026-07-06 07:00:00,0.154,,22.8,
2026-07-06 08:00:00,0.154,,22.9,
2026-07-06 09:00:00,0.154,,22.9,
2026-07-06 10:00:00,0.154,,23,
2026-07-06 11:00:00,0.154,,23,
2026-07-06 12:00:00,0.154,,22.9,
2026-07-06 13:00:00,0.154,,22.8,
2026-07-06 14:00:00,0.154,,22.7,
2026-07-06 15:00:00,0.154,,22.7,
2026-07-06 16:00:00,0.154,,22.6,
2026-07-06 17:00:00,0.154,,22.5,
2026-07-06 18:00:00,0.154,,22.5,
2026-07-06 19:00:00,0.154,,22.4,
2026-07-06 20:00:00,0.154,,22.4,
2026-07-06 21:00:00,0.154,,22.3,
2026-07-06 22:00:00,0.154,,22.3,
2026-07-06 23:00:00,0.154,,22.4,
2026-07-07 00:00:00,0.154,,22.4,
2026-07-07 01:00:00,0.154,,22.6,
2026-07-07 02:00:00,0.154,,22.8,
2026-07-07 03:00:00,0.153,,23,
2026-07-07 04:00:00,0.153,,23.2,
2026-07-07 05:00:00,0.153,,23.4,
2026-07-07 06:00:00,0.153,,23.7,
2026-07-07 07:00:00,0.153,,23.8,
2026-07-07 08:00:00,0.153,,23.8,
2026-07-07 09:00:00,0.153,,23.7,
2026-07-07 10:00:00,0.153,,23.7,
2026-07-07 11:00:00,0.153,,23.7,
2026-07-07 12:00:00,0.153,,23.6,
2026-07-07 13:00:00,0.153,,23.5,
2026-07-07 14:00:00,0.153,,23.4,
2026-07-07 15:00:00,0.153,,23.2,
2026-07-07 16:00:00,0.153,,23.1,
2026-07-07 17:00:00,0.153,,23,
2026-07-07 18:00:00,0.153,,23,
2026-07-07 19:00:00,0.153,,22.9,
2026-07-07 20:00:00,0.153,,22.8,
2026-07-07 21:00:00,0.153,,22.8,
2026-07-07 22:00:00,0.153,,22.8,
2026-07-07 23:00:00,0.152,,22.8,
2026-07-08 00:00:00,0.153,,22.8,
2026-07-08 01:00:00,0.153,,22.8,
2026-07-08 02:00:00,0.153,,22.8,
2026-07-08 03:00:00,0.152,,22.8,
2026-07-08 04:00:00,0.166,,22.9,
2026-07-08 05:00:00,0.206,,23,
2026-07-08 06:00:00,0.201,,23,
2026-07-08 07:00:00,0.192,,23,
2026-07-08 08:00:00,0.189,,23.1,
2026-07-08 09:00:00,0.182,,23.1,
2026-07-08 10:00:00,0.176,,23.1,
2026-07-08 11:00:00,0.173,,23.1,
2026-07-08 12:00:00,0.17,,23.1,
2026-07-08 13:00:00,0.169,,23.1,
2026-07-08 14:00:00,0.168,,23,
2026-07-08 15:00:00,0.167,,23,
2026-07-08 16:00:00,0.166,,23,
2026-07-08 17:00:00,0.166,,23,
2026-07-08 18:00:00,0.212,,23.1,
2026-07-08 19:00:00,0.224,,23.1,
2026-07-08 20:00:00,0.227,,23,
2026-07-08 21:00:00,0.224,,23,
2026-07-08 22:00:00,0.216,,22.9,
2026-07-08 23:00:00,0.211,,22.9,
2026-07-09 00:00:00,0.207,,22.8,
2026-07-09 01:00:00,0.198,,22.8,
2026-07-09 02:00:00,0.227,,22.7,
2026-07-09 03:00:00,0.24,,22.6,
2026-07-09 04:00:00,0.241,,22.5,
2026-07-09 05:00:00,0.243,,22.5,
2026-07-09 06:00:00,0.242,,22.5,
2026-07-09 07:00:00,0.235,,22.6,
2026-07-09 08:00:00,0.229,,22.7,
2026-07-09 09:00:00,0.225,,22.7,
2026-07-09 10:00:00,0.219,,22.8,
2026-07-09 11:00:00,0.211,,22.8,
2026-07-09 12:00:00,0.204,,22.8,
2026-07-09 13:00:00,0.198,,22.8,
2026-07-09 14:00:00,0.193,,22.8,
2026-07-09 15:00:00,0.188,,22.7,
2026-07-09 16:00:00,0.185,,22.7,
2026-07-09 17:00:00,0.182,,22.7,
2026-07-09 18:00:00,0.181,,22.7,
2026-07-09 19:00:00,0.179,,22.6,
2026-07-09 20:00:00,0.178,,22.6,
2026-07-09 21:00:00,0.177,,22.6,
2026-07-09 22:00:00,0.176,,22.6,
2026-07-09 23:00:00,0.175,,22.7,
2026-07-10 00:00:00,0.175,,22.8,
2026-07-10 01:00:00,0.174,,23,
2026-07-10 02:00:00,0.174,,23.3,
2026-07-10 03:00:00,0.173,,23.5,
2026-07-10 04:00:00,0.173,,23.7,
2026-07-10 05:00:00,0.172,,23.9,
2026-07-10 06:00:00,0.172,,24.1,
2026-07-10 07:00:00,0.171,,24.2,
2026-07-10 08:00:00,0.171,,24.2,
2026-07-10 09:00:00,0.171,,24.1,
2026-07-10 10:00:00,0.17,,24.1,
2026-07-10 11:00:00,0.17,,24,
2026-07-10 12:00:00,0.17,,23.9,
2026-07-10 13:00:00,0.17,,23.8,
2026-07-10 14:00:00,0.17,,23.7,
2026-07-10 15:00:00,0.17,,23.6,
2026-07-10 16:00:00,0.169,,23.5,
2026-07-10 17:00:00,0.169,,23.4,
2026-07-10 18:00:00,0.169,,23.4,
2026-07-10 19:00:00,0.169,,23.3,
2026-07-10 20:00:00,0.169,,23.2,
2026-07-10 21:00:00,0.169,,23.1,
2026-07-10 22:00:00,0.169,,23.1,
2026-07-10 23:00:00,0.169,,23.1,
2026-07-11 00:00:00,0.168,,23.3,
2026-07-11 01:00:00,0.168,,23.5,
2026-07-11 02:00:00,0.168,,23.8,
2026-07-11 03:00:00,0.168,,24,
2026-07-11 04:00:00,0.167,,24.2,
2026-07-11 05:00:00,0.167,,24.3,
2026-07-11 06:00:00,0.167,,24.5,
2026-07-11 07:00:00,0.167,,24.6,
2026-07-11 08:00:00,0.166,,24.5,
2026-07-11 09:00:00,0.166,,24.4,
2026-07-11 10:00:00,0.166,,24.4,
2026-07-11 11:00:00,0.166,,24.3,
2026-07-11 12:00:00,0.166,,24.2,
2026-07-11 13:00:00,0.166,,24.2,
2026-07-11 14:00:00,0.166,,24.1,
2026-07-11 15:00:00,0.166,,24,
2026-07-11 16:00:00,0.166,,23.9,
2026-07-11 17:00:00,0.166,,23.9,
2026-07-11 18:00:00,0.166,,23.8,
2026-07-11 19:00:00,0.166,,23.7,
2026-07-11 20:00:00,0.166,,23.7,
2026-07-11 21:00:00,0.166,,23.7,
2026-07-11 22:00:00,0.166,,23.7,
2026-07-11 23:00:00,0.165,,23.7,
2026-07-12 00:00:00,0.165,,23.7,
2026-07-12 01:00:00,0.165,,23.8,
2026-07-12 02:00:00,0.165,,24,
2026-07-12 03:00:00,0.165,,24.2,
2026-07-12 04:00:00,0.164,,24.4,
2026-07-12 05:00:00,0.164,,24.6,
2026-07-12 06:00:00,0.164,,24.7,
2026-07-12 07:00:00,0.164,,24.7,
2026-07-12 08:00:00,0.164,,24.7,
2026-07-12 09:00:00,0.164,,24.6,
2026-07-12 10:00:00,0.163,,24.6,
2026-07-12 11:00:00,0.163,,24.5,
2026-07-12 12:00:00,0.163,,24.5,
2026-07-12 13:00:00,0.163,,24.4,
2026-07-12 14:00:00,0.163,,24.3,
2026-07-12 15:00:00,0.163,,24.3,
2026-07-12 16:00:00,0.163,,24.2,
2026-07-12 17:00:00,0.163,,24.2,
2026-07-12 18:00:00,0.163,,24.1,
2026-07-12 19:00:00,0.163,,24.1,
2026-07-12 20:00:00,0.163,,24.1,
2026-07-12 21:00:00,0.163,,24,
2026-07-12 22:00:00,0.163,,24,
2026-07-12 23:00:00,0.163,,24,
2026-07-13 00:00:00,0.163,,24.1,
2026-07-13 01:00:00,0.163,,24.1,
2026-07-13 02:00:00,0.162,,24.2,
2026-07-13 03:00:00,0.162,,24.3,
2026-07-13 04:00:00,0.162,,24.5,
2026-07-13 05:00:00,0.162,,24.6,
2026-07-13 06:00:00,0.162,,24.7,
2026-07-13 07:00:00,0.162,,24.7,
2026-07-13 08:00:00,0.161,,24.7,
2026-07-13 09:00:00,0.161,,24.6,
2026-07-13 10:00:00,0.161,,24.6,
2026-07-13 11:00:00,0.161,,24.5,
2026-07-13 12:00:00,0.161,,24.4,
2026-07-13 13:00:00,0.161,,24.3,
2026-07-13 14:00:00,0.161,,24.3,
2026-07-13 15:00:00,0.161,,24.2,
2026-07-13 16:00:00,0.161,,24.2,
2026-07-13 17:00:00,0.161,,24.1,
2026-07-13 18:00:00,0.161,,24.1,
2026-07-13 19:00:00,0.161,,24,
2026-07-13 20:00:00,0.161,,24,
2026-07-13 21:00:00,0.161,,24,
2026-07-13 22:00:00,0.161,,23.9,
2026-07-13 23:00:00,0.161,,23.9,
2026-07-14 00:00:00,0.161,,23.9,
2026-07-14 01:00:00,0.161,,23.9,
2026-07-14 02:00:00,0.161,,24,
2026-07-14 03:00:00,0.16,,24.1,
2026-07-14 04:00:00,0.16,,24.2,
2026-07-14 05:00:00,0.16,,24.2,
2026-07-14 06:00:00,0.16,,24.3,
2026-07-14 07:00:00,0.16,,24.3,
2026-07-14 08:00:00,0.16,,24.3,
2026-07-14 09:00:00,0.16,,24.3,
2026-07-14 10:00:00,0.16,,24.2,
2026-07-14 11:00:00,0.16,,24.2,
2026-07-14 12:00:00,0.16,,24.2,
2026-07-14 13:00:00,0.16,,24.1,
2026-07-14 14:00:00,0.16,,24.1,
2026-07-14 15:00:00,0.16,,24,
2026-07-14 16:00:00,0.16,,24,
2026-07-14 17:00:00,0.16,,24,
2026-07-14 18:00:00,0.16,,23.9,
2026-07-14 19:00:00,0.16,,23.9,
2026-07-14 20:00:00,0.16,,23.9,
2026-07-14 21:00:00,0.16,,23.9,
2026-07-14 22:00:00,0.16,,23.8,
2026-07-14 23:00:00,0.16,,23.8,
2026-07-15 00:00:00,0.16,,23.9,
2026-07-15 01:00:00,0.16,,23.9,
2026-07-15 02:00:00,0.159,,23.9,
2026-07-15 03:00:00,0.159,,24.1,
2026-07-15 04:00:00,0.159,,24.3,
2026-07-15 05:00:00,0.159,,24.5,
2026-07-15 06:00:00,0.159,,24.7,
2026-07-15 07:00:00,0.158,,24.6,
2026-07-15 08:00:00,0.158,,24.6,
2026-07-15 09:00:00,0.158,,24.5,
2026-07-15 10:00:00,0.158,,24.4,
2026-07-15 11:00:00,0.158,,24.2,
2026-07-15 12:00:00,0.158,,24.1,
2026-07-15 13:00:00,0.158,,24,
2026-07-15 14:00:00,0.158,,23.9,
2026-07-15 15:00:00,0.158,,23.7,
2026-07-15 16:00:00,0.158,,23.6,
2026-07-15 17:00:00,0.158,,23.5,
2026-07-15 18:00:00,0.158,,23.3,
2026-07-15 19:00:00,0.158,,23.2,
2026-07-15 20:00:00,0.158,,23.1,
2026-07-15 21:00:00,0.158,,23,
2026-07-15 22:00:00,0.158,,23,
2026-07-15 23:00:00,0.158,,23,
2026-07-16 00:00:00,0.158,,23,
2026-07-16 01:00:00,0.158,,23.1,
2026-07-16 02:00:00,0.157,,23.2,
2026-07-16 03:00:00,0.157,,23.3,
2026-07-16 04:00:00,0.157,,23.3,
2026-07-16 05:00:00,0.157,,23.4,
2026-07-16 06:00:00,0.157,,23.5,
2026-07-16 07:00:00,0.157,,23.5,
2026-07-16 08:00:00,0.157,,23.6,
2026-07-16 09:00:00,0.157,,23.6,
2026-07-16 10:00:00,0.157,,23.6,
2026-07-16 11:00:00,0.157,,23.6,
2026-07-16 12:00:00,0.157,,23.6,
2026-07-16 13:00:00,0.157,,23.6,
2026-07-16 14:00:00,0.157,,23.6,
2026-07-16 15:00:00,0.157,,23.6,
2026-07-16 16:00:00,0.157,,23.5,
2026-07-16 17:00:00,0.157,,23.5,
2026-07-16 18:00:00,0.157,,23.5,
2026-07-16 19:00:00,0.157,,23.4,
2026-07-16 20:00:00,0.157,,23.4,
2026-07-16 21:00:00,0.157,,23.4,
2026-07-16 22:00:00,0.157,,23.3,
2026-07-16 23:00:00,0.157,,23.4,
2026-07-17 00:00:00,0.157,,23.4,
2026-07-17 01:00:00,0.157,,23.5,
2026-07-17 02:00:00,0.157,,23.6,
2026-07-17 03:00:00,0.157,,23.7,
2026-07-17 04:00:00,0.157,,23.9,
2026-07-17 05:00:00,0.156,,24,
2026-07-17 06:00:00,0.156,,24.1,
2026-07-17 07:00:00,0.156,,24.3,
2026-07-17 08:00:00,0.156,,24.4,
2026-07-17 09:00:00,0.156,,24.4,
2026-07-17 10:00:00,0.156,,24.5,
2026-07-17 11:00:00,0.156,,24.5,
2026-07-17 12:00:00,0.156,,24.5,
2026-07-17 13:00:00,0.156,,24.4,
2026-07-17 14:00:00,0.156,,24.4,
2026-07-17 15:00:00,0.156,,24.3,
2026-07-17 16:00:00,0.156,,24.3,
2026-07-17 17:00:00,0.156,,24.2,
2026-07-17 18:00:00,0.156,,24.2,
2026-07-17 19:00:00,0.156,,24.1,
2026-07-17 20:00:00,0.156,,24.1,
2026-07-17 21:00:00,0.156,,24.1,
2026-07-17 22:00:00,0.156,,24,
2026-07-17 23:00:00,0.156,,24,
2026-07-18 00:00:00,0.156,,24,
2026-07-18 01:00:00,0.156,,24.1,
2026-07-18 02:00:00,0.156,,24.2,
2026-07-18 03:00:00,0.156,,24.2,
2026-07-18 04:00:00,0.156,,24.3,
2026-07-18 05:00:00,0.155,,24.4,
2026-07-18 06:00:00,0.155,,24.5,
2026-07-18 07:00:00,0.155,,24.6,
2026-07-18 08:00:00,0.155,,24.7,
2026-07-18 09:00:00,0.155,,24.7,
2026-07-18 10:00:00,0.155,,24.7,
2026-07-18 11:00:00,0.155,,24.7,
2026-07-18 12:00:00,0.155,,24.6,
2026-07-18 13:00:00,0.156,,24.5,
2026-07-18 14:00:00,0.156,,24.5,
2026-07-18 15:00:00,0.157,,24.5,
2026-07-18 16:00:00,0.157,,24.5,
2026-07-18 17:00:00,0.156,,24.5,
2026-07-18 18:00:00,0.156,,24.4,
2026-07-18 19:00:00,0.156,,24.4,
2026-07-18 20:00:00,0.156,,24.3,
2026-07-18 21:00:00,0.156,,24.3,
2026-07-18 22:00:00,0.156,,24.2,
2026-07-18 23:00:00,0.156,,24.1,
2026-07-19 00:00:00,0.156,,24.1,
2026-07-19 01:00:00,0.156,,24.1,
2026-07-19 02:00:00,0.156,,24.1,
2026-07-19 03:00:00,0.156,,24.2,
2026-07-19 04:00:00,0.156,,24.3,
2026-07-19 05:00:00,0.156,,24.5,
2026-07-19 06:00:00,0.156,,24.7,
2026-07-19 07:00:00,0.156,,24.8,
2026-07-19 08:00:00,0.156,,24.9,
2026-07-19 09:00:00,0.156,,24.9,
2026-07-19 10:00:00,0.156,,24.8,
2026-07-19 11:00:00,0.156,,24.6,
2026-07-19 12:00:00,0.156,,24.4,
2026-07-19 13:00:00,0.156,,24.3,
2026-07-19 14:00:00,0.156,,24.2,
2026-07-19 15:00:00,0.156,,24.1,
2026-07-19 16:00:00,0.156,,24,
2026-07-19 17:00:00,0.157,,24,
2026-07-19 18:00:00,0.157,,23.9,
2026-07-19 19:00:00,0.156,,23.9,
2026-07-19 20:00:00,0.157,,23.8,
2026-07-19 21:00:00,0.157,,23.8,
2026-07-19 22:00:00,0.157,,23.8,
2026-07-19 23:00:00,0.157,,23.9,
2026-07-20 00:00:00,0.157,,24,
2026-07-20 01:00:00,0.156,,24.1,
2026-07-20 02:00:00,0.156,,24.3,
2026-07-20 03:00:00,0.156,,24.4,
2026-07-20 04:00:00,0.157,,24.6,
2026-07-20 05:00:00,0.157,,24.7,
2026-07-20 06:00:00,0.157,,24.8,
2026-07-20 07:00:00,0.157,,24.8,
2026-07-20 08:00:00,0.157,,24.9,
2026-07-20 09:00:00,0.157,,24.9,
2026-07-20 10:00:00,0.157,,24.9,
2026-07-20 11:00:00,0.157,,24.8,
2026-07-20 12:00:00,0.157,,24.7,
2026-07-20 13:00:00,0.156,,24.7,
2026-07-20 14:00:00,0.156,,24.6,
2026-07-20 15:00:00,0.156,,24.5,
2026-07-20 16:00:00,0.156,,24.5,
2026-07-20 17:00:00,0.156,,24.4,
2026-07-20 18:00:00,0.156,,24.4,
2026-07-20 19:00:00,0.156,,24.3,
2026-07-20 20:00:00,0.156,,24.3,
2026-07-20 21:00:00,0.156,,24.3,
2026-07-20 22:00:00,0.156,,24.2,
2026-07-20 23:00:00,0.156,,24.3,
2026-07-21 00:00:00,0.156,,24.3,
2026-07-21 01:00:00,0.156,,24.4,
2026-07-21 02:00:00,0.156,,24.5,
2026-07-21 03:00:00,0.156,,24.6,
2026-07-21 04:00:00,0.156,,24.8,
2026-07-21 05:00:00,0.156,,24.9,
2026-07-21 06:00:00,0.157,,25,
2026-07-21 07:00:00,0.156,,25.1,
2026-07-21 08:00:00,0.156,,25.1,
2026-07-21 09:00:00,0.156,,25.1,
2026-07-21 10:00:00,0.156,,25,
2026-07-21 11:00:00,0.156,,25,
2026-07-21 12:00:00,0.156,,24.9,
2026-07-21 13:00:00,0.156,,24.9,
2026-07-21 14:00:00,0.156,,24.8,
2026-07-21 15:00:00,0.156,,24.8,
2026-07-21 16:00:00,0.156,,24.8,
2026-07-21 17:00:00,0.156,,24.7,
2026-07-21 18:00:00,0.156,,24.7,
2026-07-21 19:00:00,0.156,,24.7,
2026-07-21 20:00:00,0.156,,24.7,
2026-07-21 21:00:00,0.156,,24.6,
2026-07-21 22:00:00,0.156,,24.6,
2026-07-21 23:00:00,0.156,,24.6,
2026-07-22 00:00:00,0.156,,24.7,
2026-07-22 01:00:00,0.156,,24.8,
2026-07-22 02:00:00,0.156,,25,
2026-07-22 03:00:00,0.156,,25.1,
2026-07-22 04:00:00,0.156,,25.2,
2026-07-22 05:00:00,0.156,,25.2,
2026-07-22 06:00:00,0.156,,25.3,
2026-07-22 07:00:00,0.156,,25.2,
2026-07-22 08:00:00,0.156,,25.2,
2026-07-22 09:00:00,0.156,,25.2,
2026-07-22 10:00:00,0.156,,25.1,
2026-07-22 11:00:00,0.156,,25,
2026-07-22 12:00:00,0.156,,25,
2026-07-22 13:00:00,0.156,,24.9,
2026-07-22 14:00:00,0.156,,24.8,
2026-07-22 15:00:00,0.156,,24.8,
2026-07-22 16:00:00,0.156,,24.7,
2026-07-22 17:00:00,0.155,,24.7,
2026-07-22 18:00:00,0.155,,24.6,
2026-07-22 19:00:00,0.155,,24.6,
2026-07-22 20:00:00,0.155,,24.6,
2026-07-22 21:00:00,0.156,,24.5,
2026-07-22 22:00:00,0.156,,24.5,
2026-07-22 23:00:00,0.156,,24.5,
2026-07-23 00:00:00,0.155,,24.6,
2026-07-23 01:00:00,0.156,,24.7,
2026-07-23 02:00:00,0.156,,25,
2026-07-23 03:00:00,0.156,,25.2,
2026-07-23 04:00:00,0.156,,25.2,
2026-07-23 05:00:00,0.155,,25.3,
2026-07-23 06:00:00,0.155,,25.5,
2026-07-23 07:00:00,0.155,,25.5,
2026-07-23 08:00:00,0.155,,25.5,
2026-07-23 09:00:00,0.155,,25.4,
2026-07-23 10:00:00,0.155,,25.4,
2026-07-23 11:00:00,0.155,,25.3,
2026-07-23 12:00:00,0.155,,25.2,
2026-07-23 13:00:00,0.155,,25.1,
2026-07-23 14:00:00,0.155,,25,
2026-07-23 15:00:00,0.155,,24.9,
2026-07-23 16:00:00,0.155,,24.8,
2026-07-23 17:00:00,0.155,,24.7,
2026-07-23 18:00:00,0.155,,24.6,
2026-07-23 19:00:00,0.155,,24.5,
2026-07-23 20:00:00,0.155,,24.4,
2026-07-23 21:00:00,0.155,,24.3,
2026-07-23 22:00:00,0.155,,24.2,
2026-07-23 23:00:00,0.155,,24.2,
2026-07-24 00:00:00,0.155,,24.3,
2026-07-24 01:00:00,0.155,,24.6,
2026-07-24 02:00:00,0.155,,24.9,
2026-07-24 03:00:00,0.155,,25.2,
2026-07-24 04:00:00,0.155,,25.3,
2026-07-24 05:00:00,0.154,,25.5,
2026-07-24 06:00:00,0.154,,25.6,
2026-07-24 07:00:00,0.154,,25.6,
2026-07-24 08:00:00,0.154,,25.6,
2026-07-24 09:00:00,0.154,,25.5,
2026-07-24 10:00:00,0.154,,25.4,
2026-07-24 11:00:00,0.154,,25.3,
2026-07-24 12:00:00,0.154,,25.2,
2026-07-24 13:00:00,0.154,,25.1,
2026-07-24 14:00:00,0.154,,25,
2026-07-24 15:00:00,0.154,,24.9,
2026-07-24 16:00:00,0.154,,24.8,
2026-07-24 17:00:00,0.154,,24.7,
2026-07-24 18:00:00,0.154,,24.7,
2026-07-24 19:00:00,0.154,,24.6,
2026-07-24 20:00:00,0.154,,24.5,
2026-07-24 21:00:00,0.154,,24.5,
2026-07-24 22:00:00,0.153,,24.4,
2026-07-24 23:00:00,0.154,,24.4,
2026-07-25 00:00:00,0.153,,24.5,
2026-07-25 01:00:00,0.154,,24.7,
2026-07-25 02:00:00,0.154,,25,
2026-07-25 03:00:00,0.153,,25.2,
2026-07-25 04:00:00,0.153,,25.4,
2026-07-25 05:00:00,0.153,,25.6,
2026-07-25 06:00:00,0.153,,25.8,
2026-07-25 07:00:00,0.153,,25.9,
2026-07-25 08:00:00,0.153,,25.8,
2026-07-25 09:00:00,0.153,,25.8,
2026-07-25 10:00:00,0.153,,25.7,
2026-07-25 11:00:00,0.153,,25.7,
2026-07-25 12:00:00,0.153,,25.6,
2026-07-25 13:00:00,0.153,,25.4,
2026-07-25 14:00:00,0.153,,25.3,
2026-07-25 15:00:00,0.153,,25.3,
2026-07-25 16:00:00,0.153,,25.2,
2026-07-25 17:00:00,0.153,,25.1,
2026-07-25 18:00:00,0.153,,25.1,
2026-07-25 19:00:00,0.153,,25,
2026-07-25 20:00:00,0.152,,25,
2026-07-25 21:00:00,0.152,,24.9,
2026-07-25 22:00:00,0.152,,24.9,
2026-07-25 23:00:00,0.152,,24.9,
2026-07-26 00:00:00,0.152,,25,
2026-07-26 01:00:00,0.152,,25.2,
2026-07-26 02:00:00,0.152,,25.4,
2026-07-26 03:00:00,0.152,,25.6,
2026-07-26 04:00:00,0.152,,25.9,
2026-07-26 05:00:00,0.152,,26,
2026-07-26 06:00:00,0.152,,26.1,
2026-07-26 07:00:00,0.151,,26.1,
2026-07-26 08:00:00,0.151,,26.1,
2026-07-26 09:00:00,0.151,,26,
2026-07-26 10:00:00,0.151,,25.9,
2026-07-26 11:00:00,0.151,,25.8,
2026-07-26 12:00:00,0.151,,25.6,
2026-07-26 13:00:00,0.151,,25.5,
2026-07-26 14:00:00,0.151,,25.4,
2026-07-26 15:00:00,0.151,,25.3,
2026-07-26 16:00:00,0.151,,25.2,
2026-07-26 17:00:00,0.151,,25.1,
2026-07-26 18:00:00,0.151,,25,
2026-07-26 19:00:00,0.151,,25,
2026-07-26 20:00:00,0.151,,24.9,
2026-07-26 21:00:00,0.151,,24.9,
2026-07-26 22:00:00,0.151,,24.8,
2026-07-26 23:00:00,0.151,,24.8,
2026-07-27 00:00:00,0.151,,24.9,
2026-07-27 01:00:00,0.151,,25.1,
2026-07-27 02:00:00,0.151,,25.3,
2026-07-27 03:00:00,0.151,,25.4,
2026-07-27 04:00:00,0.15,,25.7,
2026-07-27 05:00:00,0.15,,25.8,
2026-07-27 06:00:00,0.15,,25.9,
2026-07-27 07:00:00,0.15,,26,
2026-07-27 08:00:00,0.15,,26,
2026-07-27 09:00:00,0.15,,25.9,
2026-07-27 10:00:00,0.15,,25.8,
2026-07-27 11:00:00,0.15,,25.7,
2026-07-27 12:00:00,0.15,,25.6,
2026-07-27 13:00:00,0.15,,25.5,
2026-07-27 14:00:00,0.15,,25.3,
2026-07-27 15:00:00,0.15,,25.2,
2026-07-27 16:00:00,0.15,,25.1,
2026-07-27 17:00:00,0.15,,25.1,
2026-07-27 18:00:00,0.149,,25,
2026-07-27 19:00:00,0.149,,24.9,
2026-07-27 20:00:00,0.149,,24.9,
2026-07-27 21:00:00,0.149,,24.8,
2026-07-27 22:00:00,0.149,,24.8,
2026-07-27 23:00:00,0.149,,24.8,
2026-07-28 00:00:00,0.149,,24.8,
2026-07-28 01:00:00,0.149,,25,
2026-07-28 02:00:00,0.149,,25.4,
2026-07-28 03:00:00,0.149,,25.7,
2026-07-28 04:00:00,0.149,,25.9,
2026-07-28 05:00:00,0.149,,26.1,
2026-07-28 06:00:00,0.149,,26.1,
2026-07-28 07:00:00,0.148,,26.1,
2026-07-28 08:00:00,0.148,,26,
2026-07-28 09:00:00,0.148,,25.9,
2026-07-28 10:00:00,0.148,,25.9,
2026-07-28 11:00:00,0.148,,25.8,
2026-07-28 12:00:00,0.148,,25.7,
2026-07-28 13:00:00,0.148,,25.5,
2026-07-28 14:00:00,0.148,,25.4,
2026-07-28 15:00:00,0.148,,25.3,
2026-07-28 16:00:00,0.148,,25.2,
2026-07-28 17:00:00,0.148,,25.1,
2026-07-28 18:00:00,0.148,,25,
2026-07-28 19:00:00,0.148,,24.9,
2026-07-28 20:00:00,0.148,,24.9,
2026-07-28 21:00:00,0.148,,24.8,
2026-07-28 22:00:00,0.148,,24.7,
2026-07-28 23:00:00,0.148,,24.7,
2026-07-29 00:00:00,0.148,,24.8,
2026-07-29 01:00:00,0.148,,24.9,
2026-07-29 02:00:00,0.148,,25.2,
2026-07-29 03:00:00,0.148,,25.4,
2026-07-29 04:00:00,0.147,,25.7,
2026-07-29 05:00:00,0.147,,25.9,
2026-07-29 06:00:00,0.147,,26,
2026-07-29 07:00:00,0.147,,26,
2026-07-29 08:00:00,0.147,,25.9,
2026-07-29 09:00:00,0.147,,25.8,
2026-07-29 10:00:00,0.147,,25.7,
2026-07-29 11:00:00,0.147,,25.6,
2026-07-29 12:00:00,0.147,,25.5,
2026-07-29 13:00:00,0.147,,25.4,
2026-07-29 14:00:00,0.147,,25.2,
2026-07-29 15:00:00,0.147,,25.1,
2026-07-29 16:00:00,0.147,,25,
2026-07-29 17:00:00,0.146,,24.9,
2026-07-29 18:00:00,0.146,,24.9,
2026-07-29 19:00:00,0.146,,24.8,
2026-07-29 20:00:00,0.146,,24.7,
2026-07-29 21:00:00,0.146,,24.6,
2026-07-29 22:00:00,0.146,,24.5,
2026-07-29 23:00:00,0.146,,24.5,
2026-07-30 00:00:00,0.146,,24.6,
2026-07-30 01:00:00,0.146,,24.8,
2026-07-30 02:00:00,0.146,,25.1,
2026-07-30 03:00:00,0.146,,25.4,
2026-07-30 04:00:00,0.146,,25.7,
2026-07-30 05:00:00,0.146,,25.9,
2026-07-30 06:00:00,0.146,,25.9,
2026-07-30 07:00:00,0.146,,25.9,
2026-07-30 08:00:00,0.145,,25.9,
2026-07-30 09:00:00,0.145,,25.8,
2026-07-30 10:00:00,0.145,,25.7,
2026-07-30 11:00:00,0.145,,25.6,
2026-07-30 12:00:00,0.145,,25.4,
2026-07-30 13:00:00,0.145,,25.3,
2026-07-30 14:00:00,0.145,,25.2,
2026-07-30 15:00:00,0.145,,25.1,
2026-07-30 16:00:00,0.145,,25,
2026-07-30 17:00:00,0.145,,24.9,
2026-07-30 18:00:00,0.145,,24.8,
2026-07-30 19:00:00,0.145,,24.7,
2026-07-30 20:00:00,0.145,,24.6,
2026-07-30 21:00:00,0.145,,24.5,
2026-07-30 22:00:00,0.145,,24.5,
2026-07-30 23:00:00,0.145,,24.5,
2026-07-31 00:00:00,0.145,,24.5,
2026-07-31 01:00:00,0.145,,24.7,
2026-07-31 02:00:00,0.145,,25.1,
2026-07-31 03:00:00,0.145,,25.5,
2026-07-31 04:00:00,0.145,,25.7,
2026-07-31 05:00:00,0.145,,25.9,
2026-07-31 06:00:00,0.144,,26,
2026-07-31 07:00:00,0.144,,26.1,
2026-07-31 08:00:00,0.144,,26,
2026-07-31 09:00:00,0.144,,26,
2026-07-31 10:00:00,0.144,,25.9,
2026-07-31 11:00:00,0.144,,25.8,
2026-07-31 12:00:00,0.144,,25.7,
2026-07-31 13:00:00,0.144,,25.6,
2026-07-31 14:00:00,0.144,,25.5,
2026-07-31 15:00:00,0.144,,25.4,
2026-07-31 16:00:00,0.144,,25.3,
2026-07-31 17:00:00,0.144,,25.2,
2026-07-31 18:00:00,0.144,,25.1,
2026-07-31 19:00:00,0.144,,25,
2026-07-31 20:00:00,0.144,,25,
2026-07-31 21:00:00,0.144,,24.9,
2026-07-31 22:00:00,0.144,,24.8,
2026-07-31 23:00:00,0.144,,24.8,
2026-08-01 00:00:00,0.144,,24.9,
2026-08-01 01:00:00,0.144,,25.1,
2026-08-01 02:00:00,0.144,,25.5,
2026-08-01 03:00:00,0.144,,25.8,
2026-08-01 04:00:00,0.143,,26.1,
2026-08-01 05:00:00,0.143,,26.3,
2026-08-01 06:00:00,0.143,,26.4,
2026-08-01 07:00:00,0.143,,26.4,
2026-08-01 08:00:00,0.143,,26.3,
2026-08-01 09:00:00,0.143,,26.2,
2026-08-01 10:00:00,0.143,,26.1,
2026-08-01 11:00:00,0.143,,26,
2026-08-01 12:00:00,0.143,,25.8,
2026-08-01 13:00:00,0.143,,25.7,
2026-08-01 14:00:00,0.143,,25.6,
2026-08-01 15:00:00,0.143,,25.5,
2026-08-01 16:00:00,0.143,,25.4,
2026-08-01 17:00:00,0.143,,25.3,
2026-08-01 18:00:00,0.143,,25.2,
2026-08-01 19:00:00,0.143,,25.1,
2026-08-01 20:00:00,0.143,,25,
2026-08-01 21:00:00,0.143,,24.9,
2026-08-01 22:00:00,0.143,,24.8,
2026-08-01 23:00:00,0.143,,24.7,
2026-08-02 00:00:00,0.143,,24.8,
2026-08-02 01:00:00,0.143,,25.1,
2026-08-02 02:00:00,0.143,,25.5,
2026-08-02 03:00:00,0.143,,25.8,
2026-08-02 04:00:00,0.143,,26.1,
2026-08-02 05:00:00,0.143,,26.3,
2026-08-02 06:00:00,0.143,,26.4,
2026-08-02 07:00:00,0.142,,26.5,
2026-08-02 08:00:00,0.142,,26.4,
2026-08-02 09:00:00,0.142,,26.4,
2026-08-02 10:00:00,0.142,,26.3,
2026-08-02 11:00:00,0.142,,26.2,
2026-08-02 12:00:00,0.142,,26,
2026-08-02 13:00:00,0.142,,25.9,
2026-08-02 14:00:00,0.142,,25.8,
2026-08-02 15:00:00,0.142,,25.7,
2026-08-02 16:00:00,0.142,,25.5,
2026-08-02 17:00:00,0.142,,25.4,
2026-08-02 18:00:00,0.142,,25.3,
2026-08-02 19:00:00,0.142,,25.2,
2026-08-02 20:00:00,0.142,,25.1,
2026-08-02 21:00:00,0.142,,25,
2026-08-02 22:00:00,0.142,,24.9,
2026-08-02 23:00:00,0.142,,24.8,
2026-08-03 00:00:00,0.142,,24.9,
2026-08-03 01:00:00,0.142,,25.2,
2026-08-03 02:00:00,0.142,,25.7,
2026-08-03 03:00:00,0.142,,26.1,
2026-08-03 04:00:00,0.142,,26.4,
2026-08-03 05:00:00,0.142,,26.6,
2026-08-03 06:00:00,0.142,,26.7,
2026-08-03 07:00:00,0.141,,26.8,
2026-08-03 08:00:00,0.141,,26.8,
2026-08-03 09:00:00,0.141,,26.7,
2026-08-03 10:00:00,0.141,,26.6,
2026-08-03 11:00:00,0.141,,26.5,
2026-08-03 12:00:00,0.141,,26.4,
2026-08-03 13:00:00,0.141,,26.3,
2026-08-03 14:00:00,0.141,,26.2,
2026-08-03 15:00:00,0.141,,26.1,
2026-08-03 16:00:00,0.141,,25.9,
2026-08-03 17:00:00,0.141,,25.9,
2026-08-03 18:00:00,0.141,,25.8,
2026-08-03 19:00:00,0.141,,25.7,
2026-08-03 20:00:00,0.141,,25.6,
2026-08-03 21:00:00,0.141,,25.5,
2026-08-03 22:00:00,0.141,,25.4,
2026-08-03 23:00:00,0.141,,25.4,
2026-08-04 00:00:00,0.141,,25.5,
2026-08-04 01:00:00,0.141,,25.7,
2026-08-04 02:00:00,0.141,,26.1,
2026-08-04 03:00:00,0.141,,26.4,
2026-08-04 04:00:00,0.141,,26.6,
2026-08-04 05:00:00,0.141,,26.7,
2026-08-04 06:00:00,0.141,,26.8,
2026-08-04 07:00:00,0.14,,26.8,
2026-08-04 08:00:00,0.14,,26.8,
2026-08-04 09:00:00,0.141,,26.7,
2026-08-04 10:00:00,0.141,,26.7,
2026-08-04 11:00:00,0.14,,26.5,
2026-08-04 12:00:00,0.14,,26.4,
2026-08-04 13:00:00,0.14,,26.3,
2026-08-04 14:00:00,0.14,,26.2,
2026-08-04 15:00:00,0.14,,26.1,
2026-08-04 16:00:00,0.14,,26.1,
2026-08-04 17:00:00,0.14,,26,
2026-08-04 18:00:00,0.14,,25.9,
2026-08-04 19:00:00,0.14,,25.8,
2026-08-04 20:00:00,0.14,,25.7,
2026-08-04 21:00:00,0.14,,25.6,
2026-08-04 22:00:00,0.14,,25.6,
2026-08-04 23:00:00,0.14,,25.5,
2026-08-05 00:00:00,0.14,,25.6,
2026-08-05 01:00:00,0.14,,25.7,
2026-08-05 02:00:00,0.14,,25.9,
2026-08-05 03:00:00,0.14,,26.1,
2026-08-05 04:00:00,0.14,,26.3,
2026-08-05 05:00:00,0.14,,26.4,
2026-08-05 06:00:00,0.14,,26.5,
2026-08-05 07:00:00,0.14,,26.5,
2026-08-05 08:00:00,0.14,,26.6,
2026-08-05 09:00:00,0.14,,26.6,
2026-08-05 10:00:00,0.14,,26.5,
2026-08-05 11:00:00,0.14,,26.4,
2026-08-05 12:00:00,0.14,,26.2,
2026-08-05 13:00:00,0.14,,26.2,
2026-08-05 14:00:00,0.14,,26.1,
2026-08-05 15:00:00,0.14,,26,
2026-08-05 16:00:00,0.14,,25.9,
2026-08-05 17:00:00,0.14,,25.9,
2026-08-05 18:00:00,0.14,,25.8,
2026-08-05 19:00:00,0.14,,25.7,
2026-08-05 20:00:00,0.14,,25.6,
2026-08-05 21:00:00,0.14,,25.6,
2026-08-05 22:00:00,0.14,,25.5,
2026-08-05 23:00:00,0.14,,25.5,
2026-08-06 00:00:00,0.14,,25.5,
2026-08-06 01:00:00,0.14,,25.7,
2026-08-06 02:00:00,0.14,,25.9,
2026-08-06 03:00:00,0.14,,26.2,
