time,sm_root_10cm,sm_tree_above,temp_root_10cm,temp_tree_above
2025-10-18 01:00:00,0.357,0.355,21,21.1
2025-10-18 02:00:00,0.361,0.362,21,19.6
2025-10-18 03:00:00,0.362,0.366,21,19.1
2025-10-18 04:00:00,0.362,0.368,20.9,18.7
2025-10-18 05:00:00,0.362,0.369,20.9,18.8
2025-10-18 06:00:00,0.362,0.371,20.8,18.7
2025-10-18 07:00:00,0.363,0.372,20.8,18.4
2025-10-18 08:00:00,0.363,0.373,20.7,18
2025-10-18 09:00:00,0.363,0.373,20.6,17.6
2025-10-18 10:00:00,0.363,0.374,20.5,17.2
2025-10-18 11:00:00,0.363,0.374,20.4,17.1
2025-10-18 12:00:00,0.364,0.374,20.3,16.9
2025-10-18 13:00:00,0.364,0.374,20.2,16.8
2025-10-18 14:00:00,0.364,0.374,20.1,16.6
2025-10-18 15:00:00,0.364,0.374,20,16.5
2025-10-18 16:00:00,0.364,0.375,19.9,16.4
2025-10-18 17:00:00,0.364,0.375,19.8,16.1
2025-10-18 18:00:00,0.364,0.375,19.8,15.9
2025-10-18 19:00:00,0.364,0.375,19.7,15.9
2025-10-18 20:00:00,0.364,0.375,19.6,16
2025-10-18 21:00:00,0.364,0.375,19.5,16
2025-10-18 22:00:00,0.365,0.375,19.5,16.1
2025-10-18 23:00:00,0.365,0.375,19.4,16.5
2025-10-19 00:00:00,0.365,0.374,19.4,17.3
2025-10-19 01:00:00,0.365,0.374,19.4,18
2025-10-19 02:00:00,0.365,0.372,19.5,19.1
2025-10-19 03:00:00,0.364,0.372,19.6,19.8
2025-10-19 04:00:00,0.364,0.371,19.8,20
2025-10-19 05:00:00,0.364,0.371,19.9,19.9
2025-10-19 06:00:00,0.364,0.371,20,19.3
2025-10-19 07:00:00,0.364,0.372,20,18.7
2025-10-19 08:00:00,0.364,0.372,20,18.1
2025-10-19 09:00:00,0.364,0.372,19.9,17.6
2025-10-19 10:00:00,0.364,0.373,19.9,17.1
2025-10-19 11:00:00,0.364,0.373,19.8,16.5
2025-10-19 12:00:00,0.364,0.373,19.6,15.9
2025-10-19 13:00:00,0.364,0.373,19.5,15.5
2025-10-19 14:00:00,0.364,0.373,19.4,14.9
2025-10-19 15:00:00,0.364,0.374,19.2,14.7
2025-10-19 16:00:00,0.364,0.374,19.1,14.2
2025-10-19 17:00:00,0.364,0.374,18.9,13.8
2025-10-19 18:00:00,0.364,0.374,18.7,13.3
2025-10-19 19:00:00,0.364,0.375,18.6,12.6
2025-10-19 20:00:00,0.364,0.375,18.4,12
2025-10-19 21:00:00,0.365,0.375,18.3,11.3
2025-10-19 22:00:00,0.365,0.376,18.1,11
2025-10-19 23:00:00,0.365,0.375,17.9,12
2025-10-20 00:00:00,0.365,0.374,17.7,13.1
2025-10-20 01:00:00,0.365,0.374,17.7,14.4
2025-10-20 02:00:00,0.365,0.373,17.7,15.6
2025-10-20 03:00:00,0.365,0.373,17.8,15.7
2025-10-20 04:00:00,0.364,0.373,17.8,16
2025-10-20 05:00:00,0.364,0.373,17.8,16
2025-10-20 06:00:00,0.364,0.373,17.8,15.6
2025-10-20 07:00:00,0.364,0.373,17.7,15.3
2025-10-20 08:00:00,0.364,0.373,17.6,14.8
2025-10-20 09:00:00,0.364,0.373,17.6,14.1
2025-10-20 10:00:00,0.364,0.373,17.5,13.7
2025-10-20 11:00:00,0.364,0.374,17.4,13.6
2025-10-20 12:00:00,0.364,0.374,17.4,13.5
2025-10-20 13:00:00,0.364,0.374,17.3,13.1
2025-10-20 14:00:00,0.364,0.374,17.2,13
2025-10-20 15:00:00,0.364,0.374,17.2,12.8
2025-10-20 16:00:00,0.364,0.374,17.1,12.6
2025-10-20 17:00:00,0.364,0.374,17,12.6
2025-10-20 18:00:00,0.364,0.374,17,12.6
2025-10-20 19:00:00,0.364,0.374,16.9,12.5
2025-10-20 20:00:00,0.364,0.375,16.9,12.3
2025-10-20 21:00:00,0.364,0.375,16.8,12.2
2025-10-20 22:00:00,0.364,0.375,16.8,12.1
2025-10-20 23:00:00,0.364,0.375,16.7,12.3
2025-10-21 00:00:00,0.364,0.374,16.7,12.7
2025-10-21 01:00:00,0.364,0.374,16.7,13.7
2025-10-21 02:00:00,0.364,0.374,16.7,14.3
2025-10-21 03:00:00,0.364,0.373,16.8,14.5
2025-10-21 04:00:00,0.364,0.373,16.8,14.9
2025-10-21 05:00:00,0.364,0.373,16.9,15.4
2025-10-21 06:00:00,0.364,0.373,17,15.4
2025-10-21 07:00:00,0.364,0.373,17,15.1
2025-10-21 08:00:00,0.363,0.373,17.1,14.5
2025-10-21 09:00:00,0.363,0.373,17.1,13.8
2025-10-21 10:00:00,0.363,0.373,17,13.3
2025-10-21 11:00:00,0.363,0.373,16.9,13
2025-10-21 12:00:00,0.363,0.374,16.9,12.7
2025-10-21 13:00:00,0.363,0.374,16.8,12.4
2025-10-21 14:00:00,0.363,0.374,16.7,12.1
2025-10-21 15:00:00,0.364,0.374,16.6,11.8
2025-10-21 16:00:00,0.364,0.374,16.5,11.3
2025-10-21 17:00:00,0.364,0.375,16.4,10.9
2025-10-21 18:00:00,0.364,0.375,16.3,10.4
2025-10-21 19:00:00,0.364,0.375,16.2,9.9
2025-10-21 20:00:00,0.364,0.375,16.1,9.4
2025-10-21 21:00:00,0.364,0.375,15.9,9.5
2025-10-21 22:00:00,0.364,0.375,15.8,9.5
2025-10-21 23:00:00,0.364,0.375,15.7,10.4
2025-10-22 00:00:00,0.364,0.374,15.6,12
2025-10-22 01:00:00,0.364,0.374,15.7,13.8
2025-10-22 02:00:00,0.364,0.373,15.8,16.1
2025-10-22 03:00:00,0.364,0.372,16,17
2025-10-22 04:00:00,0.363,0.372,16.3,17.5
2025-10-22 05:00:00,0.363,0.371,16.4,17.8
2025-10-22 06:00:00,0.363,0.371,16.6,17.6
2025-10-22 07:00:00,0.362,0.371,16.7,17.3
2025-10-22 08:00:00,0.362,0.372,16.8,16.9
2025-10-22 09:00:00,0.362,0.372,16.9,16.4
2025-10-22 10:00:00,0.362,0.372,16.9,16.1
2025-10-22 11:00:00,0.362,0.372,16.9,15.9
2025-10-22 12:00:00,0.362,0.372,16.9,15.7
2025-10-22 13:00:00,0.362,0.372,16.9,15.4
2025-10-22 14:00:00,0.362,0.373,16.9,15
2025-10-22 15:00:00,0.362,0.373,16.9,14.8
2025-10-22 16:00:00,0.362,0.373,16.9,14.5
2025-10-22 17:00:00,0.362,0.373,16.8,14.3
2025-10-22 18:00:00,0.362,0.373,16.8,14.1
2025-10-22 19:00:00,0.362,0.373,16.7,13.7
2025-10-22 20:00:00,0.362,0.374,16.7,13.4
2025-10-22 21:00:00,0.362,0.374,16.6,13.4
2025-10-22 22:00:00,0.362,0.374,16.6,13.6
2025-10-22 23:00:00,0.362,0.373,16.5,14.6
2025-10-23 00:00:00,0.362,0.372,16.5,16.5
2025-10-23 01:00:00,0.362,0.371,16.7,18.3
2025-10-23 02:00:00,0.361,0.37,16.9,19.5
2025-10-23 03:00:00,0.361,0.37,17.1,19.9
2025-10-23 04:00:00,0.361,0.37,17.3,20.1
2025-10-23 05:00:00,0.36,0.369,17.5,20
2025-10-23 06:00:00,0.36,0.37,17.6,19.2
2025-10-23 07:00:00,0.36,0.37,17.7,18.5
2025-10-23 08:00:00,0.36,0.371,17.7,17.7
2025-10-23 09:00:00,0.36,0.371,17.7,16.8
2025-10-23 10:00:00,0.36,0.372,17.6,16.2
2025-10-23 11:00:00,0.36,0.372,17.6,15.7
2025-10-23 12:00:00,0.36,0.372,17.5,15.3
2025-10-23 13:00:00,0.36,0.372,17.4,15.1
2025-10-23 14:00:00,0.36,0.372,17.3,14.8
2025-10-23 15:00:00,0.36,0.373,17.3,14.5
2025-10-23 16:00:00,0.36,0.373,17.2,14.4
2025-10-23 17:00:00,0.36,0.373,17.1,14
2025-10-23 18:00:00,0.36,0.373,17,13.7
2025-10-23 19:00:00,0.36,0.374,17,13.2
2025-10-23 20:00:00,0.36,0.374,16.9,13.2
2025-10-23 21:00:00,0.36,0.374,16.8,13.1
2025-10-23 22:00:00,0.36,0.374,16.7,12.8
2025-10-23 23:00:00,0.36,0.374,16.6,13.5
2025-10-24 00:00:00,0.36,0.373,16.6,15
2025-10-24 01:00:00,0.36,0.372,16.7,17
2025-10-24 02:00:00,0.36,0.371,16.9,18.7
2025-10-24 03:00:00,0.36,0.37,17.1,18.8
2025-10-24 04:00:00,0.359,0.37,17.3,19.2
2025-10-24 05:00:00,0.359,0.369,17.4,19.5
2025-10-24 06:00:00,0.359,0.369,17.5,19.2
2025-10-24 07:00:00,0.359,0.369,17.6,18.7
2025-10-24 08:00:00,0.358,0.37,17.6,17.9
2025-10-24 09:00:00,0.358,0.371,17.7,16.9
2025-10-24 10:00:00,0.358,0.371,17.6,16.4
2025-10-24 11:00:00,0.358,0.371,17.6,16.2
2025-10-24 12:00:00,0.358,0.371,17.5,16.1
2025-10-24 13:00:00,0.358,0.371,17.5,15.7
2025-10-24 14:00:00,0.358,0.372,17.4,15.5
2025-10-24 15:00:00,0.358,0.372,17.4,15.4
2025-10-24 16:00:00,0.358,0.372,17.3,15.2
2025-10-24 17:00:00,0.358,0.372,17.3,14.8
2025-10-24 18:00:00,0.358,0.372,17.2,14.9
2025-10-24 19:00:00,0.359,0.372,17.2,14.9
2025-10-24 20:00:00,0.358,0.372,17.1,14.8
2025-10-24 21:00:00,0.358,0.372,17.1,14.8
2025-10-24 22:00:00,0.358,0.372,17.1,14.7
2025-10-24 23:00:00,0.359,0.372,17,15.1
2025-10-25 00:00:00,0.358,0.372,17,15.6
2025-10-25 01:00:00,0.358,0.371,17.1,16.6
2025-10-25 02:00:00,0.358,0.371,17.1,17.2
2025-10-25 03:00:00,0.358,0.37,17.3,18.4
2025-10-25 04:00:00,0.358,0.369,17.4,18.3
2025-10-25 05:00:00,0.358,0.369,17.5,17.8
2025-10-25 06:00:00,0.357,0.37,17.5,17.3
2025-10-25 07:00:00,0.357,0.37,17.5,16.8
2025-10-25 08:00:00,0.357,0.37,17.5,16
2025-10-25 09:00:00,0.357,0.37,17.4,15.1
2025-10-25 10:00:00,0.357,0.371,17.3,14.4
2025-10-25 11:00:00,0.357,0.371,17.2,14.1
2025-10-25 12:00:00,0.357,0.371,17.1,13.9
2025-10-25 13:00:00,0.357,0.371,17,13.6
2025-10-25 14:00:00,0.357,0.371,16.9,13.3
2025-10-25 15:00:00,0.357,0.371,16.8,13.4
2025-10-25 16:00:00,0.357,0.371,16.7,13.1
2025-10-25 17:00:00,0.357,0.371,16.6,12.9
2025-10-25 18:00:00,0.357,0.371,16.5,13.3
2025-10-25 19:00:00,0.357,0.371,16.5,13.6
2025-10-25 20:00:00,0.357,0.371,16.4,13.5
2025-10-25 21:00:00,0.357,0.371,16.4,13.5
2025-10-25 22:00:00,0.357,0.371,16.3,13.5
2025-10-25 23:00:00,0.357,0.371,16.3,13.8
2025-10-26 00:00:00,0.357,0.371,16.3,14.9
2025-10-26 01:00:00,0.357,0.369,16.3,16.9
2025-10-26 02:00:00,0.357,0.369,16.4,18.1
2025-10-26 03:00:00,0.356,0.368,16.5,18.3
2025-10-26 04:00:00,0.356,0.369,16.7,17.5
2025-10-26 05:00:00,0.356,0.369,16.7,16.3
2025-10-26 06:00:00,0.356,0.369,16.7,15.9
2025-10-26 07:00:00,0.356,0.369,16.7,15.8
2025-10-26 08:00:00,0.356,0.37,16.8,15.2
2025-10-26 09:00:00,0.356,0.37,16.7,14.8
2025-10-26 10:00:00,0.356,0.37,16.7,14.6
2025-10-26 11:00:00,0.356,0.37,16.6,14.4
2025-10-26 12:00:00,0.356,0.37,16.6,14.1
2025-10-26 13:00:00,0.356,0.371,16.5,13.9
2025-10-26 14:00:00,0.356,0.371,16.5,13.6
2025-10-26 15:00:00,0.356,0.371,16.4,13.2
2025-10-26 16:00:00,0.356,0.371,16.3,13.3
2025-10-26 17:00:00,0.356,0.371,16.3,13.5
2025-10-26 18:00:00,0.356,0.371,16.2,13
2025-10-26 19:00:00,0.356,0.371,16.2,12.2
2025-10-26 20:00:00,0.356,0.372,16.1,11.6
2025-10-26 21:00:00,0.356,0.372,16,11.1
2025-10-26 22:00:00,0.356,0.372,15.8,11.2
2025-10-26 23:00:00,0.356,0.371,15.7,12.4
2025-10-27 00:00:00,0.356,0.371,15.7,13.3
2025-10-27 01:00:00,0.356,0.37,15.7,14
2025-10-27 02:00:00,0.355,0.37,15.7,14.3
2025-10-27 03:00:00,0.355,0.37,15.7,14.1
2025-10-27 04:00:00,0.355,0.37,15.7,13.7
2025-10-27 05:00:00,0.355,0.37,15.6,13.5
2025-10-27 06:00:00,0.355,0.37,15.6,12.8
2025-10-27 07:00:00,0.355,0.37,15.5,12.4
2025-10-27 08:00:00,0.355,0.37,15.4,11.8
2025-10-27 09:00:00,0.354,0.37,15.3,11.4
2025-10-27 10:00:00,0.354,0.37,15.2,11.2
2025-10-27 11:00:00,0.354,0.371,15.1,11.1
2025-10-27 12:00:00,0.354,0.371,15,10.5
2025-10-27 13:00:00,0.354,0.371,14.9,10
2025-10-27 14:00:00,0.354,0.371,14.9,9.8
2025-10-27 15:00:00,0.354,0.371,14.8,9.2
2025-10-27 16:00:00,0.354,0.372,14.6,8.8
2025-10-27 17:00:00,0.354,0.372,14.5,8.5
2025-10-27 18:00:00,0.354,0.372,14.4,8.2
2025-10-27 19:00:00,0.354,0.372,14.3,8.1
2025-10-27 20:00:00,0.354,0.372,14.2,8.2
2025-10-27 21:00:00,0.354,0.372,14.1,8.2
2025-10-27 22:00:00,0.354,0.372,14,8.4
2025-10-27 23:00:00,0.354,0.371,14,9.7
2025-10-28 00:00:00,0.354,0.371,13.9,11.2
2025-10-28 01:00:00,0.354,0.37,14,12.8
2025-10-28 02:00:00,0.354,0.369,14.1,14.1
2025-10-28 03:00:00,0.353,0.369,14.2,13.9
2025-10-28 04:00:00,0.353,0.369,14.3,13.9
2025-10-28 05:00:00,0.353,0.369,14.3,14
2025-10-28 06:00:00,0.353,0.369,14.3,13.7
2025-10-28 07:00:00,0.353,0.369,14.2,13.4
2025-10-28 08:00:00,0.352,0.369,14.2,12.9
2025-10-28 09:00:00,0.352,0.37,14.2,11.9
2025-10-28 10:00:00,0.352,0.37,14.1,11.4
2025-10-28 11:00:00,0.352,0.37,14.1,11.1
2025-10-28 12:00:00,0.352,0.37,14,10.5
2025-10-28 13:00:00,0.352,0.37,13.9,10.1
2025-10-28 14:00:00,0.352,0.371,13.8,9.4
2025-10-28 15:00:00,0.352,0.371,13.8,8.9
2025-10-28 16:00:00,0.352,0.371,13.7,8.6
2025-10-28 17:00:00,0.352,0.371,13.6,8.2
2025-10-28 18:00:00,0.352,0.371,13.5,7.7
2025-10-28 19:00:00,0.352,0.371,13.4,7.1
2025-10-28 20:00:00,0.352,0.372,13.3,6.8
2025-10-28 21:00:00,0.352,0.372,13.1,6.5
2025-10-28 22:00:00,0.352,0.372,13,6.7
2025-10-28 23:00:00,0.352,0.371,13,7.9
2025-10-29 00:00:00,0.352,0.371,12.9,10.1
2025-10-29 01:00:00,0.352,0.37,13,12.4
2025-10-29 02:00:00,0.351,0.369,13.2,14.5
2025-10-29 03:00:00,0.351,0.368,13.4,14.7
2025-10-29 04:00:00,0.351,0.368,13.6,14.7
2025-10-29 05:00:00,0.35,0.367,13.8,14.9
2025-10-29 06:00:00,0.35,0.367,13.9,15
2025-10-29 07:00:00,0.35,0.367,14,14.8
2025-10-29 08:00:00,0.35,0.367,14,14.7
2025-10-29 09:00:00,0.349,0.368,14.1,14
2025-10-29 10:00:00,0.349,0.368,14.1,12.9
2025-10-29 11:00:00,0.349,0.368,14.1,12.7
2025-10-29 12:00:00,0.349,0.369,14,12
2025-10-29 13:00:00,0.349,0.369,14,11.3
2025-10-29 14:00:00,0.349,0.369,13.9,10.6
2025-10-29 15:00:00,0.349,0.369,13.9,10.1
2025-10-29 16:00:00,0.349,0.37,13.8,9.6
2025-10-29 17:00:00,0.349,0.37,13.7,9.4
2025-10-29 18:00:00,0.349,0.37,13.6,9.2
2025-10-29 19:00:00,0.349,0.37,13.5,8.6
2025-10-29 20:00:00,0.349,0.37,13.4,8.5
2025-10-29 21:00:00,0.349,0.37,13.3,8.3
2025-10-29 22:00:00,0.349,0.37,13.2,8.2
2025-10-29 23:00:00,0.349,0.37,13.2,9.6
2025-10-30 00:00:00,0.349,0.369,13.1,11.8
2025-10-30 01:00:00,0.348,0.368,13.3,13.6
2025-10-30 02:00:00,0.348,0.367,13.5,14.9
2025-10-30 03:00:00,0.348,0.367,13.7,15.5
2025-10-30 04:00:00,0.348,0.367,13.9,16
2025-10-30 05:00:00,0.347,0.366,14.1,16.2
2025-10-30 06:00:00,0.347,0.366,14.3,16.2
2025-10-30 07:00:00,0.347,0.366,14.4,16.1
2025-10-30 08:00:00,0.346,0.366,14.5,15.7
2025-10-30 09:00:00,0.346,0.366,14.6,15.3
2025-10-30 10:00:00,0.346,0.367,14.6,14.8
2025-10-30 11:00:00,0.346,0.367,14.6,14.1
2025-10-30 12:00:00,0.346,0.367,14.5,13.6
2025-10-30 13:00:00,0.346,0.367,14.5,13.4
2025-10-30 14:00:00,0.346,0.368,14.5,13
2025-10-30 15:00:00,0.346,0.368,14.4,12.4
2025-10-30 16:00:00,0.346,0.368,14.4,12.1
2025-10-30 17:00:00,0.345,0.368,14.3,11.5
2025-10-30 18:00:00,0.345,0.368,14.3,11.2
2025-10-30 19:00:00,0.346,0.369,14.2,10.8
2025-10-30 20:00:00,0.346,0.369,14.1,10.5
2025-10-30 21:00:00,0.346,0.369,14,10
2025-10-30 22:00:00,0.345,0.369,14,9.7
2025-10-30 23:00:00,0.346,0.369,13.9,10.9
2025-10-31 00:00:00,0.345,0.368,13.9,12.9
2025-10-31 01:00:00,0.345,0.367,14,15
2025-10-31 02:00:00,0.345,0.366,14.1,17
2025-10-31 03:00:00,0.345,0.366,14.4,17.3
2025-10-31 04:00:00,0.344,0.365,14.6,17.5
2025-10-31 05:00:00,0.344,0.365,14.7,17.2
2025-10-31 06:00:00,0.344,0.366,14.8,17
2025-10-31 07:00:00,0.343,0.366,14.9,16.3
2025-10-31 08:00:00,0.343,0.366,15,15.4
2025-10-31 09:00:00,0.343,0.366,15,14.4
2025-10-31 10:00:00,0.343,0.367,14.9,14.3
2025-10-31 11:00:00,0.343,0.367,14.9,14.3
2025-10-31 12:00:00,0.343,0.367,14.9,14.3
2025-10-31 13:00:00,0.343,0.367,14.9,14.1
2025-10-31 14:00:00,0.343,0.367,14.9,13.8
2025-10-31 15:00:00,0.343,0.367,14.9,13.4
2025-10-31 16:00:00,0.343,0.367,14.9,13.3
2025-10-31 17:00:00,0.343,0.367,14.9,13.2
2025-10-31 18:00:00,0.346,0.367,14.8,13.3
2025-10-31 19:00:00,0.353,0.368,14.8,12.6
2025-10-31 20:00:00,0.352,0.368,14.8,12.5
2025-10-31 21:00:00,0.352,0.368,14.7,11.8
2025-10-31 22:00:00,0.352,0.368,14.7,11.5
2025-10-31 23:00:00,0.352,0.368,14.6,12.6
2025-11-01 00:00:00,0.352,0.367,14.6,13.8
2025-11-01 01:00:00,0.352,0.367,14.7,14.9
2025-11-01 02:00:00,0.351,0.366,14.9,16.3
2025-11-01 03:00:00,0.351,0.366,15,16.2
2025-11-01 04:00:00,0.351,0.366,15.2,16
2025-11-01 05:00:00,0.351,0.366,15.3,15.9
2025-11-01 06:00:00,0.351,0.366,15.4,15.6
2025-11-01 07:00:00,0.35,0.366,15.4,15.2
2025-11-01 08:00:00,0.35,0.366,15.4,14.7
2025-11-01 09:00:00,0.35,0.366,15.4,14.2
2025-11-01 10:00:00,0.35,0.367,15.3,13.6
2025-11-01 11:00:00,0.35,0.367,15.2,12.7
2025-11-01 12:00:00,0.35,0.367,15.2,12.3
2025-11-01 13:00:00,0.35,0.367,15.1,12
2025-11-01 14:00:00,0.35,0.367,15,12
2025-11-01 15:00:00,0.35,0.368,14.9,11.9
2025-11-01 16:00:00,0.35,0.368,14.8,11.8
2025-11-01 17:00:00,0.35,0.368,14.7,11.7
2025-11-01 18:00:00,0.35,0.368,14.7,11.3
2025-11-01 19:00:00,0.35,0.368,14.6,11.6
2025-11-01 20:00:00,0.35,0.368,14.5,11.7
2025-11-01 21:00:00,0.35,0.368,14.5,11.3
2025-11-01 22:00:00,0.35,0.368,14.5,11.2
2025-11-01 23:00:00,0.35,0.368,14.4,12.1
2025-11-02 00:00:00,0.35,0.367,14.4,13.8
2025-11-02 01:00:00,0.35,0.366,14.6,15.2
2025-11-02 02:00:00,0.35,0.366,14.7,16.2
2025-11-02 03:00:00,0.349,0.366,14.9,15.4
2025-11-02 04:00:00,0.349,0.366,15,14.6
2025-11-02 05:00:00,0.349,0.366,15,14.1
2025-11-02 06:00:00,0.348,0.367,15,12.7
2025-11-02 07:00:00,0.348,0.367,14.9,12.1
2025-11-02 08:00:00,0.348,0.367,14.7,11.5
2025-11-02 09:00:00,0.348,0.367,14.6,10.9
2025-11-02 10:00:00,0.348,0.368,14.4,10.9
2025-11-02 11:00:00,0.348,0.368,14.3,10.4
2025-11-02 12:00:00,0.348,0.368,14.1,10.2
2025-11-02 13:00:00,0.348,0.368,14,9.9
2025-11-02 14:00:00,0.348,0.368,13.9,9.5
2025-11-02 15:00:00,0.348,0.368,13.8,9.6
2025-11-02 16:00:00,0.348,0.368,13.7,9.2
2025-11-02 17:00:00,0.348,0.368,13.6,8.3
2025-11-02 18:00:00,0.348,0.369,13.5,7.4
2025-11-02 19:00:00,0.348,0.369,13.3,6.7
2025-11-02 20:00:00,0.348,0.369,13.1,6.1
2025-11-02 21:00:00,0.348,0.369,13,5.5
2025-11-02 22:00:00,0.348,0.369,12.8,5.4
2025-11-02 23:00:00,0.348,0.369,12.6,6.3
2025-11-03 00:00:00,0.348,0.368,12.5,7.8
2025-11-03 01:00:00,0.348,0.368,12.5,9.3
2025-11-03 02:00:00,0.348,0.367,12.6,11
2025-11-03 03:00:00,0.347,0.367,12.7,11.5
2025-11-03 04:00:00,0.347,0.367,12.8,11.9
2025-11-03 05:00:00,0.347,0.367,12.9,12.1
2025-11-03 06:00:00,0.347,0.367,13,11.8
2025-11-03 07:00:00,0.346,0.367,13,11.1
2025-11-03 08:00:00,0.346,0.367,13,10.3
2025-11-03 09:00:00,0.346,0.368,13,9.6
2025-11-03 10:00:00,0.346,0.368,13,9.2
2025-11-03 11:00:00,0.346,0.368,12.9,8.7
2025-11-03 12:00:00,0.346,0.368,12.8,8.6
2025-11-03 13:00:00,0.346,0.368,12.8,8.2
2025-11-03 14:00:00,0.346,0.368,12.7,8.3
2025-11-03 15:00:00,0.346,0.368,12.6,8.2
2025-11-03 16:00:00,0.346,0.368,12.6,8.4
2025-11-03 17:00:00,0.346,0.368,12.5,8
2025-11-03 18:00:00,0.346,0.368,12.5,7.9
2025-11-03 19:00:00,0.346,0.368,12.4,7.8
2025-11-03 20:00:00,0.346,0.368,12.4,7.7
2025-11-03 21:00:00,0.346,0.368,12.4,7.6
2025-11-03 22:00:00,0.345,0.368,12.3,7.7
2025-11-03 23:00:00,0.345,0.368,12.3,8.5
2025-11-04 00:00:00,0.345,0.367,12.3,10.3
2025-11-04 01:00:00,0.345,0.367,12.4,12.2
2025-11-04 02:00:00,0.345,0.366,12.6,14
2025-11-04 03:00:00,0.345,0.365,12.8,15
2025-11-04 04:00:00,0.344,0.365,13,15.5
2025-11-04 05:00:00,0.344,0.365,13.3,15.5
2025-11-04 06:00:00,0.344,0.365,13.5,15.2
2025-11-04 07:00:00,0.344,0.365,13.6,14.8
2025-11-04 08:00:00,0.343,0.366,13.7,13.8
2025-11-04 09:00:00,0.343,0.366,13.7,12.8
2025-11-04 10:00:00,0.343,0.366,13.7,12.3
2025-11-04 11:00:00,0.343,0.367,13.7,12.1
2025-11-04 12:00:00,0.343,0.367,13.6,11.9
2025-11-04 13:00:00,0.343,0.367,13.6,11.6
2025-11-04 14:00:00,0.343,0.367,13.6,11.3
2025-11-04 15:00:00,0.343,0.367,13.5,10.9
2025-11-04 16:00:00,0.343,0.367,13.5,10.6
2025-11-04 17:00:00,0.343,0.368,13.4,10.3
2025-11-04 18:00:00,0.343,0.368,13.3,10.1
2025-11-04 19:00:00,0.343,0.368,13.3,9.8
2025-11-04 20:00:00,0.343,0.368,13.2,9.5
2025-11-04 21:00:00,0.343,0.368,13.1,9.3
2025-11-04 22:00:00,0.343,0.368,13.1,9.1
2025-11-04 23:00:00,0.343,0.368,13,10.1
2025-11-05 00:00:00,0.343,0.367,13,12.1
2025-11-05 01:00:00,0.342,0.366,13.1,14.1
2025-11-05 02:00:00,0.342,0.365,13.3,16.1
2025-11-05 03:00:00,0.342,0.365,13.5,16.5
2025-11-05 04:00:00,0.342,0.364,13.8,16.8
2025-11-05 05:00:00,0.341,0.364,14,17
2025-11-05 06:00:00,0.341,0.364,14.1,17.1
2025-11-05 07:00:00,0.341,0.364,14.2,16.5
2025-11-05 08:00:00,0.34,0.365,14.3,15.6
2025-11-05 09:00:00,0.34,0.365,14.3,14.7
2025-11-05 10:00:00,0.34,0.365,14.3,14.2
2025-11-05 11:00:00,0.34,0.365,14.3,13.7
2025-11-05 12:00:00,0.34,0.366,14.2,13.1
2025-11-05 13:00:00,0.34,0.366,14.2,12.5
2025-11-05 14:00:00,0.34,0.366,14.1,12.1
2025-11-05 15:00:00,0.34,0.366,14,11.8
2025-11-05 16:00:00,0.34,0.367,14,11.3
2025-11-05 17:00:00,0.34,0.367,13.9,10.7
2025-11-05 18:00:00,0.34,0.367,13.8,10.4
2025-11-05 19:00:00,0.34,0.367,13.7,9.8
2025-11-05 20:00:00,0.34,0.367,13.6,9.5
2025-11-05 21:00:00,0.34,0.368,13.5,9.2
2025-11-05 22:00:00,0.34,0.368,13.4,9
2025-11-05 23:00:00,0.34,0.367,13.3,9.8
2025-11-06 00:00:00,0.34,0.367,13.2,11.5
2025-11-06 01:00:00,0.34,0.366,13.3,13.6
2025-11-06 02:00:00,0.339,0.365,13.4,16.1
2025-11-06 03:00:00,0.339,0.364,13.7,16.8
2025-11-06 04:00:00,0.339,0.364,13.9,17.3
2025-11-06 05:00:00,0.338,0.364,14.1,17.4
2025-11-06 06:00:00,0.338,0.363,14.3,17.5
2025-11-06 07:00:00,0.338,0.363,14.4,17.5
2025-11-06 08:00:00,0.337,0.364,14.5,16.2
2025-11-06 09:00:00,0.337,0.364,14.5,15.1
2025-11-06 10:00:00,0.337,0.365,14.5,14.5
2025-11-06 11:00:00,0.337,0.365,14.5,14.1
2025-11-06 12:00:00,0.337,0.365,14.5,13.9
2025-11-06 13:00:00,0.337,0.365,14.4,14
2025-11-06 14:00:00,0.337,0.365,14.4,13.4
2025-11-06 15:00:00,0.337,0.366,14.3,12.9
2025-11-06 16:00:00,0.337,0.366,14.3,12.8
2025-11-06 17:00:00,0.337,0.366,14.2,12.2
2025-11-06 18:00:00,0.337,0.366,14.2,11.7
2025-11-06 19:00:00,0.337,0.366,14.1,11.5
2025-11-06 20:00:00,0.337,0.367,14,11.2
2025-11-06 21:00:00,0.337,0.367,13.9,10.7
2025-11-06 22:00:00,0.337,0.367,13.9,10.7
2025-11-06 23:00:00,0.337,0.366,13.8,11.4
2025-11-07 00:00:00,0.337,0.366,13.8,13.3
2025-11-07 01:00:00,0.336,0.365,13.8,15.5
2025-11-07 02:00:00,0.336,0.363,14,18
2025-11-07 03:00:00,0.336,0.363,14.3,18.1
2025-11-07 04:00:00,0.335,0.363,14.5,18.2
2025-11-07 05:00:00,0.335,0.363,14.7,18.2
2025-11-07 06:00:00,0.335,0.363,14.9,18.1
2025-11-07 07:00:00,0.335,0.363,15,17.4
2025-11-07 08:00:00,0.334,0.364,15,16.5
2025-11-07 09:00:00,0.334,0.364,15.1,15.6
2025-11-07 10:00:00,0.334,0.364,15,15.1
2025-11-07 11:00:00,0.334,0.364,15,14.8
2025-11-07 12:00:00,0.334,0.365,15,14.6
2025-11-07 13:00:00,0.334,0.365,14.9,14.1
2025-11-07 14:00:00,0.334,0.365,14.9,14.4
2025-11-07 15:00:00,0.334,0.365,14.8,14.2
2025-11-07 16:00:00,0.333,0.365,14.8,14
2025-11-07 17:00:00,0.333,0.365,14.7,13.8
2025-11-07 18:00:00,0.333,0.365,14.7,13.7
2025-11-07 19:00:00,0.333,0.365,14.6,13.4
2025-11-07 20:00:00,0.333,0.365,14.6,13.3
2025-11-07 21:00:00,0.333,0.366,14.5,13
2025-11-07 22:00:00,0.333,0.366,14.5,12.9
2025-11-07 23:00:00,0.333,0.365,14.4,13.7
2025-11-08 00:00:00,0.333,0.365,14.4,14.4
2025-11-08 01:00:00,0.333,0.365,14.4,15.5
2025-11-08 02:00:00,0.333,0.364,14.5,16.9
2025-11-08 03:00:00,0.333,0.363,14.6,17.7
2025-11-08 04:00:00,0.332,0.363,14.8,17.9
2025-11-08 05:00:00,0.332,0.363,15,17.7
2025-11-08 06:00:00,0.332,0.363,15.1,17.4
2025-11-08 07:00:00,0.331,0.363,15.2,16.7
2025-11-08 08:00:00,0.331,0.364,15.2,15.9
2025-11-08 09:00:00,0.331,0.364,15.2,15.1
2025-11-08 10:00:00,0.331,0.364,15.2,14.6
2025-11-08 11:00:00,0.331,0.365,15.1,14.3
2025-11-08 12:00:00,0.333,0.365,15.1,14
2025-11-08 13:00:00,0.334,0.365,15.1,14
2025-11-08 14:00:00,0.336,0.366,15,13.8
2025-11-08 15:00:00,0.338,0.366,15,13.6
2025-11-08 16:00:00,0.34,0.366,15,13.4
2025-11-08 17:00:00,0.341,0.366,14.9,13.4
2025-11-08 18:00:00,0.343,0.366,14.9,13.3
2025-11-08 19:00:00,0.344,0.366,14.9,13.3
2025-11-08 20:00:00,0.345,0.367,14.9,13.2
2025-11-08 21:00:00,0.346,0.367,14.8,13.2
2025-11-08 22:00:00,0.346,0.367,14.8,13
2025-11-08 23:00:00,0.347,0.367,14.8,13.5
2025-11-09 00:00:00,0.347,0.366,14.8,14.7
2025-11-09 01:00:00,0.347,0.366,14.9,15.3
2025-11-09 02:00:00,0.348,0.365,15,15.8
2025-11-09 03:00:00,0.348,0.365,15.2,16.1
2025-11-09 04:00:00,0.348,0.365,15.3,16.3
2025-11-09 05:00:00,0.348,0.365,15.4,15.9
2025-11-09 06:00:00,0.347,0.365,15.5,15.4
2025-11-09 07:00:00,0.347,0.365,15.5,14.7
2025-11-09 08:00:00,0.347,0.365,15.4,13.8
2025-11-09 09:00:00,0.347,0.366,15.4,13
2025-11-09 10:00:00,0.347,0.366,15.3,12.5
2025-11-09 11:00:00,0.348,0.366,15.1,12.2
2025-11-09 12:00:00,0.348,0.366,15,11.9
2025-11-09 13:00:00,0.348,0.366,14.9,11.7
2025-11-09 14:00:00,0.348,0.366,14.8,11.7
2025-11-09 15:00:00,0.348,0.366,14.7,11.8
2025-11-09 16:00:00,0.348,0.366,14.7,11.8
2025-11-09 17:00:00,0.348,0.366,14.6,11.4
2025-11-09 18:00:00,0.348,0.367,14.5,11.2
2025-11-09 19:00:00,0.348,0.367,14.4,10.8
2025-11-09 20:00:00,0.348,0.367,14.3,10.2
2025-11-09 21:00:00,0.348,0.367,14.2,9.6
2025-11-09 22:00:00,0.348,0.367,14.1,9.5
2025-11-09 23:00:00,0.348,0.367,13.9,10.3
2025-11-10 00:00:00,0.348,0.366,13.8,11.5
2025-11-10 01:00:00,0.348,0.366,13.8,12.7
2025-11-10 02:00:00,0.348,0.365,13.9,13.8
2025-11-10 03:00:00,0.347,0.365,13.9,13.7
2025-11-10 04:00:00,0.347,0.365,14,13.3
2025-11-10 05:00:00,0.347,0.365,14,12.9
2025-11-10 06:00:00,0.347,0.365,13.9,12.2
2025-11-10 07:00:00,0.347,0.366,13.9,11.3
2025-11-10 08:00:00,0.347,0.366,13.7,10.4
2025-11-10 09:00:00,0.346,0.367,13.6,9.5
2025-11-10 10:00:00,0.346,0.367,13.5,9.2
2025-11-10 11:00:00,0.346,0.367,13.4,8.6
2025-11-10 12:00:00,0.346,0.367,13.2,8.5
2025-11-10 13:00:00,0.346,0.367,13.1,7.9
2025-11-10 14:00:00,0.346,0.367,13,7.6
2025-11-10 15:00:00,0.346,0.367,12.9,7.4
2025-11-10 16:00:00,0.346,0.367,12.7,7
2025-11-10 17:00:00,0.346,0.367,12.6,7
2025-11-10 18:00:00,0.346,0.367,12.5,7.2
2025-11-10 19:00:00,0.346,0.367,12.4,6.8
2025-11-10 20:00:00,0.346,0.367,12.3,6.6
2025-11-10 21:00:00,0.346,0.367,12.2,6.7
2025-11-10 22:00:00,0.346,0.367,12.1,6.7
2025-11-10 23:00:00,0.346,0.367,12.1,7.3
2025-11-11 00:00:00,0.346,0.367,12,9
2025-11-11 01:00:00,0.346,0.366,12.1,10.8
2025-11-11 02:00:00,0.346,0.365,12.2,12.1
2025-11-11 03:00:00,0.345,0.365,12.3,13.3
2025-11-11 04:00:00,0.345,0.365,12.5,13.8
2025-11-11 05:00:00,0.345,0.365,12.6,13.6
2025-11-11 06:00:00,0.344,0.365,12.7,13.5
2025-11-11 07:00:00,0.344,0.365,12.7,13.3
2025-11-11 08:00:00,0.344,0.365,12.7,12.4
2025-11-11 09:00:00,0.344,0.366,12.7,11.5
2025-11-11 10:00:00,0.344,0.366,12.7,11
2025-11-11 11:00:00,0.344,0.366,12.7,10.8
2025-11-11 12:00:00,0.343,0.366,12.6,10.7
2025-11-11 13:00:00,0.343,0.366,12.6,10.6
2025-11-11 14:00:00,0.343,0.366,12.6,10.1
2025-11-11 15:00:00,0.343,0.366,12.5,9.5
2025-11-11 16:00:00,0.343,0.367,12.5,9.1
2025-11-11 17:00:00,0.343,0.367,12.4,8.5
2025-11-11 18:00:00,0.343,0.367,12.3,8
2025-11-11 19:00:00,0.343,0.367,12.2,7.6
2025-11-11 20:00:00,0.343,0.367,12.1,7.2
2025-11-11 21:00:00,0.343,0.367,12,7
2025-11-11 22:00:00,0.343,0.367,12,6.9
2025-11-11 23:00:00,0.343,0.367,11.9,7.1
2025-11-12 00:00:00,0.343,0.367,11.8,7.5
2025-11-12 01:00:00,0.342,0.367,11.8,8.3
2025-11-12 02:00:00,0.342,0.366,11.8,9.6
2025-11-12 03:00:00,0.342,0.366,11.9,10.9
2025-11-12 04:00:00,0.342,0.366,12,11.6
2025-11-12 05:00:00,0.342,0.365,12.1,11.7
2025-11-12 06:00:00,0.342,0.365,12.3,11.8
2025-11-12 07:00:00,0.342,0.365,12.4,11.5
2025-11-12 08:00:00,0.341,0.366,12.5,11.3
2025-11-12 09:00:00,0.341,0.366,12.5,10.9
2025-11-12 10:00:00,0.341,0.366,12.5,10.7
2025-11-12 11:00:00,0.341,0.366,12.5,10.4
2025-11-12 12:00:00,0.341,0.366,12.5,10.2
2025-11-12 13:00:00,0.341,0.366,12.5,9.6
2025-11-12 14:00:00,0.341,0.366,12.4,9.4
2025-11-12 15:00:00,0.341,0.366,12.4,9
2025-11-12 16:00:00,0.34,0.366,12.3,8.6
2025-11-12 17:00:00,0.34,0.367,12.2,8
2025-11-12 18:00:00,0.34,0.367,12.2,7.9
2025-11-12 19:00:00,0.34,0.367,12.1,7.9
2025-11-12 20:00:00,0.34,0.367,12,7.3
2025-11-12 21:00:00,0.34,0.367,11.9,7.3
2025-11-12 22:00:00,0.34,0.367,11.9,7.3
2025-11-12 23:00:00,0.34,0.367,11.8,7.4
2025-11-13 00:00:00,0.34,0.367,11.7,8.7
2025-11-13 01:00:00,0.34,0.366,11.8,11.2
2025-11-13 02:00:00,0.34,0.365,11.9,13.8
2025-11-13 03:00:00,0.34,0.364,12.2,14.8
2025-11-13 04:00:00,0.339,0.364,12.4,15.6
2025-11-13 05:00:00,0.339,0.364,12.7,15.6
2025-11-13 06:00:00,0.339,0.364,12.9,15.3
2025-11-13 07:00:00,0.338,0.364,13,14.6
2025-11-13 08:00:00,0.338,0.364,13,13.8
2025-11-13 09:00:00,0.338,0.365,13.1,13
2025-11-13 10:00:00,0.338,0.365,13.1,12.4
2025-11-13 11:00:00,0.338,0.365,13,12
2025-11-13 12:00:00,0.338,0.365,13,11.6
2025-11-13 13:00:00,0.338,0.365,13,11.2
2025-11-13 14:00:00,0.338,0.366,12.9,10.9
2025-11-13 15:00:00,0.338,0.366,12.9,10.6
2025-11-13 16:00:00,0.338,0.366,12.8,10.6
2025-11-13 17:00:00,0.338,0.366,12.8,10
2025-11-13 18:00:00,0.338,0.366,12.7,9.3
2025-11-13 19:00:00,0.338,0.366,12.6,9
2025-11-13 20:00:00,0.338,0.367,12.5,8.7
2025-11-13 21:00:00,0.338,0.367,12.5,8.2
2025-11-13 22:00:00,0.338,0.367,12.4,8.3
2025-11-13 23:00:00,0.338,0.367,12.3,8.8
2025-11-14 00:00:00,0.337,0.366,12.2,10.6
2025-11-14 01:00:00,0.337,0.365,12.3,12.5
2025-11-14 02:00:00,0.337,0.364,12.4,14.4
2025-11-14 03:00:00,0.337,0.364,12.6,14.1
2025-11-14 04:00:00,0.337,0.364,12.8,14.1
2025-11-14 05:00:00,0.336,0.364,12.9,13.6
2025-11-14 06:00:00,0.336,0.364,12.9,13.3
2025-11-14 07:00:00,0.336,0.365,12.9,12.7
2025-11-14 08:00:00,0.336,0.365,12.9,12
2025-11-14 09:00:00,0.336,0.365,12.8,11.4
2025-11-14 10:00:00,0.336,0.365,12.8,10.8
2025-11-14 11:00:00,0.336,0.366,12.7,10.3
2025-11-14 12:00:00,0.336,0.366,12.7,9.7
2025-11-14 13:00:00,0.336,0.366,12.6,9.3
2025-11-14 14:00:00,0.336,0.366,12.5,9.1
2025-11-14 15:00:00,0.336,0.366,12.4,9.1
2025-11-14 16:00:00,0.335,0.367,12.3,8.7
2025-11-14 17:00:00,0.335,0.366,12.3,8.4
2025-11-14 18:00:00,0.335,0.367,12.2,8
2025-11-14 19:00:00,0.335,0.367,12.1,7.6
2025-11-14 20:00:00,0.335,0.367,12,7.4
2025-11-14 21:00:00,0.335,0.367,12,6.8
2025-11-14 22:00:00,0.335,0.367,11.9,6.8
2025-11-14 23:00:00,0.335,0.367,11.8,7.7
2025-11-15 00:00:00,0.335,0.366,11.7,9.4
2025-11-15 01:00:00,0.335,0.366,11.8,11.6
2025-11-15 02:00:00,0.335,0.364,11.9,13.5
2025-11-15 03:00:00,0.335,0.364,12.1,13.8
2025-11-15 04:00:00,0.335,0.364,12.4,14.4
2025-11-15 05:00:00,0.334,0.364,12.5,14.7
2025-11-15 06:00:00,0.334,0.364,12.6,14.5
2025-11-15 07:00:00,0.334,0.364,12.6,13.8
2025-11-15 08:00:00,0.334,0.365,12.7,12.7
2025-11-15 09:00:00,0.334,0.365,12.7,11.8
2025-11-15 10:00:00,0.334,0.365,12.7,11.4
2025-11-15 11:00:00,0.333,0.365,12.6,10.8
2025-11-15 12:00:00,0.333,0.366,12.6,10.5
2025-11-15 13:00:00,0.333,0.366,12.5,10
2025-11-15 14:00:00,0.333,0.366,12.4,9.7
2025-11-15 15:00:00,0.333,0.366,12.4,9.2
2025-11-15 16:00:00,0.333,0.366,12.3,9.1
2025-11-15 17:00:00,0.333,0.366,12.2,9
2025-11-15 18:00:00,0.333,0.366,12.1,8.3
2025-11-15 19:00:00,0.333,0.367,12.1,7.6
2025-11-15 20:00:00,0.333,0.367,12,7.4
2025-11-15 21:00:00,0.333,0.367,11.9,7.4
2025-11-15 22:00:00,0.333,0.367,11.8,7.3
2025-11-15 23:00:00,0.333,0.366,11.7,8.3
2025-11-16 00:00:00,0.333,0.366,11.7,10.3
2025-11-16 01:00:00,0.333,0.365,11.8,12.6
2025-11-16 02:00:00,0.333,0.364,12,14.4
2025-11-16 03:00:00,0.332,0.364,12.2,15.6
2025-11-16 04:00:00,0.332,0.363,12.5,16.3
2025-11-16 05:00:00,0.332,0.363,12.8,16.3
2025-11-16 06:00:00,0.331,0.363,13,16
2025-11-16 07:00:00,0.331,0.363,13.1,15.7
2025-11-16 08:00:00,0.331,0.364,13.2,15.1
2025-11-16 09:00:00,0.331,0.364,13.3,14.3
2025-11-16 10:00:00,0.331,0.364,13.3,13.9
2025-11-16 11:00:00,0.331,0.364,13.3,13.2
2025-11-16 12:00:00,0.331,0.365,13.2,12.8
2025-11-16 13:00:00,0.331,0.365,13.2,12.4
2025-11-16 14:00:00,0.33,0.365,13.2,12.2
2025-11-16 15:00:00,0.33,0.365,13.1,11.9
2025-11-16 16:00:00,0.33,0.365,13.1,11.7
2025-11-16 17:00:00,0.33,0.365,13.1,11.6
2025-11-16 18:00:00,0.33,0.365,13,11.8
2025-11-16 19:00:00,0.33,0.365,13,11.2
2025-11-16 20:00:00,0.33,0.366,12.9,10.4
2025-11-16 21:00:00,0.33,0.366,12.8,9.6
2025-11-16 22:00:00,0.33,0.366,12.7,9.3
2025-11-16 23:00:00,0.33,0.366,12.6,9.7
2025-11-17 00:00:00,0.33,0.366,12.5,10.3
2025-11-17 01:00:00,0.33,0.365,12.5,10.5
2025-11-17 02:00:00,0.33,0.366,12.4,10.2
2025-11-17 03:00:00,0.33,0.365,12.4,10.1
2025-11-17 04:00:00,0.33,0.365,12.4,10.1
2025-11-17 05:00:00,0.33,0.366,12.3,9.7
2025-11-17 06:00:00,0.329,0.366,12.2,9.2
2025-11-17 07:00:00,0.329,0.366,12.2,8.5
2025-11-17 08:00:00,0.329,0.366,12.1,7.9
2025-11-17 09:00:00,0.329,0.366,12,7.5
2025-11-17 10:00:00,0.329,0.366,11.8,7.3
2025-11-17 11:00:00,0.329,0.366,11.7,7
2025-11-17 12:00:00,0.329,0.366,11.6,7
2025-11-17 13:00:00,0.329,0.366,11.5,7.1
2025-11-17 14:00:00,0.329,0.366,11.4,7.2
2025-11-17 15:00:00,0.329,0.366,11.3,7
2025-11-17 16:00:00,0.329,0.366,11.3,7
2025-11-17 17:00:00,0.329,0.366,11.2,6.9
2025-11-17 18:00:00,0.329,0.366,11.1,6.9
2025-11-17 19:00:00,0.329,0.366,11.1,6.9
2025-11-17 20:00:00,0.329,0.367,11,6.5
2025-11-17 21:00:00,0.329,0.367,11,5.8
2025-11-17 22:00:00,0.328,0.367,10.9,5.5
2025-11-17 23:00:00,0.328,0.367,10.8,5.1
2025-11-18 00:00:00,0.328,0.367,10.8,4.9
2025-11-18 01:00:00,0.328,0.367,10.7,5.4
2025-11-18 02:00:00,0.328,0.366,10.7,6.5
2025-11-18 03:00:00,0.328,0.366,10.7,7.7
2025-11-18 04:00:00,0.328,0.366,10.8,7.9
2025-11-18 05:00:00,0.328,0.366,10.8,7.9
2025-11-18 06:00:00,0.328,0.366,10.9,7.5
2025-11-18 07:00:00,0.328,0.366,10.9,7
2025-11-18 08:00:00,0.327,0.366,10.9,6.7
2025-11-18 09:00:00,0.327,0.366,10.8,6.1
2025-11-18 10:00:00,0.327,0.366,10.8,6
2025-11-18 11:00:00,0.327,0.367,10.7,5.9
2025-11-18 12:00:00,0.327,0.367,10.7,5.8
2025-11-18 13:00:00,0.327,0.367,10.6,5.6
2025-11-18 14:00:00,0.327,0.367,10.6,5.5
2025-11-18 15:00:00,0.327,0.367,10.6,5.4
2025-11-18 16:00:00,0.327,0.367,10.5,5.3
2025-11-18 17:00:00,0.328,0.367,10.5,5.1
2025-11-18 18:00:00,0.328,0.367,10.4,4.7
2025-11-18 19:00:00,0.328,0.367,10.4,4.5
2025-11-18 20:00:00,0.329,0.367,10.3,4.4
2025-11-18 21:00:00,0.329,0.367,10.3,4.3
2025-11-18 22:00:00,0.329,0.367,10.2,4.4
2025-11-18 23:00:00,0.329,0.367,10.1,4.6
2025-11-19 00:00:00,0.329,0.367,10.1,5.1
2025-11-19 01:00:00,0.329,0.367,10.1,5.6
2025-11-19 02:00:00,0.329,0.367,10.1,6
2025-11-19 03:00:00,0.329,0.367,10.2,6.4
2025-11-19 04:00:00,0.329,0.367,10.2,6.8
2025-11-19 05:00:00,0.329,0.366,10.3,7.4
2025-11-19 06:00:00,0.329,0.366,10.4,7.6
2025-11-19 07:00:00,0.329,0.366,10.5,7.5
2025-11-19 08:00:00,0.329,0.366,10.5,7.1
2025-11-19 09:00:00,0.329,0.366,10.5,6.8
2025-11-19 10:00:00,0.329,0.366,10.5,6.8
2025-11-19 11:00:00,0.329,0.366,10.5,6.7
2025-11-19 12:00:00,0.329,0.366,10.5,6.4
2025-11-19 13:00:00,0.329,0.367,10.5,6
2025-11-19 14:00:00,0.329,0.367,10.5,5.4
2025-11-19 15:00:00,0.329,0.367,10.4,5.1
2025-11-19 16:00:00,0.329,0.367,10.3,4.8
2025-11-19 17:00:00,0.329,0.367,10.3,4.4
2025-11-19 18:00:00,0.329,0.367,10.2,4.5
2025-11-19 19:00:00,0.329,0.367,10.1,4.2
2025-11-19 20:00:00,0.329,0.367,10.1,4.5
2025-11-19 21:00:00,0.329,0.367,10,4.5
2025-11-19 22:00:00,0.329,0.367,10,4.5
2025-11-19 23:00:00,0.329,0.367,9.9,4.9
2025-11-20 00:00:00,0.329,0.367,9.9,5.7
2025-11-20 01:00:00,0.329,0.366,9.9,6.8
2025-11-20 02:00:00,0.329,0.366,10,7.7
2025-11-20 03:00:00,0.329,0.366,10.1,9.3
2025-11-20 04:00:00,0.328,0.365,10.3,11.4
2025-11-20 05:00:00,0.328,0.365,10.5,11.8
2025-11-20 06:00:00,0.328,0.365,10.7,11.9
2025-11-20 07:00:00,0.327,0.365,10.9,11.2
2025-11-20 08:00:00,0.327,0.365,11,10.5
2025-11-20 09:00:00,0.327,0.365,11,10.3
2025-11-20 10:00:00,0.327,0.365,11.1,10.1
2025-11-20 11:00:00,0.327,0.365,11.1,10
2025-11-20 12:00:00,0.327,0.365,11.1,9.8
2025-11-20 13:00:00,0.327,0.365,11.2,9.8
2025-11-20 14:00:00,0.327,0.365,11.2,9.7
2025-11-20 15:00:00,0.327,0.366,11.2,9.3
2025-11-20 16:00:00,0.327,0.366,11.2,8.8
2025-11-20 17:00:00,0.327,0.366,11.1,8.4
2025-11-20 18:00:00,0.327,0.366,11.1,7.7
2025-11-20 19:00:00,0.327,0.366,11,7.4
2025-11-20 20:00:00,0.327,0.366,10.9,7.1
2025-11-20 21:00:00,0.327,0.366,10.9,7
2025-11-20 22:00:00,0.327,0.366,10.8,6.8
2025-11-20 23:00:00,0.327,0.366,10.7,7.2
2025-11-21 00:00:00,0.327,0.366,10.7,8.6
2025-11-21 01:00:00,0.327,0.365,10.7,11
2025-11-21 02:00:00,0.327,0.364,10.9,12.3
2025-11-21 03:00:00,0.326,0.364,11,12.3
2025-11-21 04:00:00,0.326,0.364,11.2,12.4
2025-11-21 05:00:00,0.326,0.364,11.3,12.1
2025-11-21 06:00:00,0.326,0.365,11.4,11.3
2025-11-21 07:00:00,0.325,0.365,11.4,10.6
2025-11-21 08:00:00,0.325,0.365,11.4,10
2025-11-21 09:00:00,0.325,0.365,11.4,9.4
2025-11-21 10:00:00,0.325,0.366,11.3,8.9
2025-11-21 11:00:00,0.325,0.366,11.3,8.4
2025-11-21 12:00:00,0.325,0.366,11.2,8
2025-11-21 13:00:00,0.325,0.366,11.1,7.5
2025-11-21 14:00:00,0.325,0.366,11,7
2025-11-21 15:00:00,0.325,0.366,11,6.7
2025-11-21 16:00:00,0.325,0.367,10.9,6.2
2025-11-21 17:00:00,0.325,0.367,10.8,6.1
2025-11-21 18:00:00,0.325,0.367,10.7,5.4
2025-11-21 19:00:00,0.325,0.367,10.6,5.1
2025-11-21 20:00:00,0.325,0.367,10.5,4.6
2025-11-21 21:00:00,0.326,0.367,10.4,4.2
2025-11-21 22:00:00,0.326,0.367,10.3,4.1
2025-11-21 23:00:00,0.326,0.367,10.2,4.8
2025-11-22 00:00:00,0.326,0.366,10.1,6.3
2025-11-22 01:00:00,0.326,0.366,10.1,8.7
2025-11-22 02:00:00,0.325,0.365,10.2,11
2025-11-22 03:00:00,0.325,0.365,10.4,11.4
2025-11-22 04:00:00,0.325,0.365,10.6,11.9
2025-11-22 05:00:00,0.324,0.364,10.8,12.2
2025-11-22 06:00:00,0.324,0.364,10.9,12
2025-11-22 07:00:00,0.324,0.365,11,11.5
2025-11-22 08:00:00,0.323,0.365,11.1,10.7
2025-11-22 09:00:00,0.323,0.365,11.1,10
2025-11-22 10:00:00,0.323,0.365,11.1,9.6
2025-11-22 11:00:00,0.323,0.366,11.1,9.2
2025-11-22 12:00:00,0.323,0.366,11.1,8.6
2025-11-22 13:00:00,0.323,0.366,11,8.3
2025-11-22 14:00:00,0.323,0.366,11,7.7
2025-11-22 15:00:00,0.323,0.366,10.9,7.5
2025-11-22 16:00:00,0.323,0.366,10.8,7.1
2025-11-22 17:00:00,0.323,0.366,10.8,6.7
2025-11-22 18:00:00,0.323,0.367,10.7,6.3
2025-11-22 19:00:00,0.323,0.367,10.6,5.7
2025-11-22 20:00:00,0.323,0.367,10.5,5.5
2025-11-22 21:00:00,0.323,0.367,10.4,5.2
2025-11-22 22:00:00,0.323,0.367,10.4,4.8
2025-11-22 23:00:00,0.323,0.367,10.3,5.5
2025-11-23 00:00:00,0.323,0.366,10.2,7.7
2025-11-23 01:00:00,0.323,0.366,10.3,9.5
2025-11-23 02:00:00,0.323,0.365,10.4,12
2025-11-23 03:00:00,0.323,0.364,10.6,12.9
2025-11-23 04:00:00,0.322,0.364,10.8,13.2
2025-11-23 05:00:00,0.322,0.364,11.1,13.3
2025-11-23 06:00:00,0.321,0.364,11.2,13.2
2025-11-23 07:00:00,0.321,0.364,11.4,12.8
2025-11-23 08:00:00,0.321,0.365,11.5,11.8
2025-11-23 09:00:00,0.321,0.365,11.5,11.3
2025-11-23 10:00:00,0.321,0.365,11.5,11.2
2025-11-23 11:00:00,0.321,0.365,11.5,11.2
2025-11-23 12:00:00,0.321,0.365,11.5,10.9
2025-11-23 13:00:00,0.32,0.365,11.5,10.6
2025-11-23 14:00:00,0.32,0.365,11.5,10.1
2025-11-23 15:00:00,0.32,0.365,11.5,10
2025-11-23 16:00:00,0.32,0.366,11.5,9.6
2025-11-23 17:00:00,0.32,0.366,11.4,9.5
2025-11-23 18:00:00,0.32,0.366,11.4,9.6
2025-11-23 19:00:00,0.32,0.366,11.4,9.6
2025-11-23 20:00:00,0.32,0.366,11.4,9.6
2025-11-23 21:00:00,0.32,0.366,11.4,9.1
2025-11-23 22:00:00,0.32,0.366,11.3,8.7
2025-11-23 23:00:00,0.32,0.366,11.3,9.3
2025-11-24 00:00:00,0.32,0.365,11.3,10.7
2025-11-24 01:00:00,0.32,0.364,11.4,12.9
2025-11-24 02:00:00,0.32,0.364,11.5,15.2
2025-11-24 03:00:00,0.319,0.363,11.7,15.5
2025-11-24 04:00:00,0.319,0.363,12,16.1
2025-11-24 05:00:00,0.319,0.363,12.2,15.9
2025-11-24 06:00:00,0.319,0.363,12.4,15.2
2025-11-24 07:00:00,0.318,0.363,12.5,14.6
2025-11-24 08:00:00,0.318,0.363,12.5,13.9
2025-11-24 09:00:00,0.318,0.364,12.5,13.3
2025-11-24 10:00:00,0.318,0.364,12.5,12.7
2025-11-24 11:00:00,0.318,0.364,12.5,12.1
2025-11-24 12:00:00,0.318,0.365,12.5,11.8
2025-11-24 13:00:00,0.318,0.365,12.4,11.7
2025-11-24 14:00:00,0.318,0.365,12.4,11.3
2025-11-24 15:00:00,0.318,0.365,12.3,11
2025-11-24 16:00:00,0.318,0.365,12.3,10.7
2025-11-24 17:00:00,0.318,0.365,12.2,10.5
2025-11-24 18:00:00,0.318,0.366,12.2,10.1
2025-11-24 19:00:00,0.318,0.366,12.1,9.8
2025-11-24 20:00:00,0.318,0.366,12.1,9.9
2025-11-24 21:00:00,0.317,0.366,12,9.4
2025-11-24 22:00:00,0.318,0.366,12,9.6
2025-11-24 23:00:00,0.318,0.366,12,9.6
2025-11-25 00:00:00,0.318,0.366,11.9,9.8
2025-11-25 01:00:00,0.318,0.366,11.9,9.2
2025-11-25 02:00:00,0.318,0.365,11.9,10.3
2025-11-25 03:00:00,0.318,0.365,11.9,10.8
2025-11-25 04:00:00,0.318,0.365,11.9,10.1
2025-11-25 05:00:00,0.317,0.365,11.9,9.9
2025-11-25 06:00:00,0.318,0.365,11.9,9.8
2025-11-25 07:00:00,0.317,0.365,11.9,9
2025-11-25 08:00:00,0.318,0.366,11.8,8.5
2025-11-25 09:00:00,0.317,0.366,11.7,8.5
2025-11-25 10:00:00,0.317,0.366,11.6,8.5
2025-11-25 11:00:00,0.317,0.366,11.5,8.3
2025-11-25 12:00:00,0.317,0.366,11.4,8.3
2025-11-25 13:00:00,0.317,0.366,11.3,8.3
2025-11-25 14:00:00,0.317,0.366,11.3,8.2
2025-11-25 15:00:00,0.317,0.366,11.2,8.1
2025-11-25 16:00:00,0.317,0.366,11.2,8.1
2025-11-25 17:00:00,0.317,0.366,11.2,8
2025-11-25 18:00:00,0.317,0.366,11.2,7.9
2025-11-25 19:00:00,0.317,0.366,11.1,7.9
2025-11-25 20:00:00,0.317,0.366,11.1,7.8
2025-11-25 21:00:00,0.317,0.366,11.1,7.4
2025-11-25 22:00:00,0.317,0.366,11,7.1
2025-11-25 23:00:00,0.317,0.366,11,7.9
2025-11-26 00:00:00,0.317,0.365,10.9,9.5
2025-11-26 01:00:00,0.317,0.365,11,10.5
2025-11-26 02:00:00,0.317,0.364,11.1,11.7
2025-11-26 03:00:00,0.317,0.364,11.2,11.4
2025-11-26 04:00:00,0.316,0.364,11.3,11.2
2025-11-26 05:00:00,0.316,0.364,11.4,11
2025-11-26 06:00:00,0.316,0.364,11.4,10.4
2025-11-26 07:00:00,0.316,0.365,11.4,9.7
2025-11-26 08:00:00,0.316,0.365,11.4,8.9
2025-11-26 09:00:00,0.316,0.365,11.3,8.3
2025-11-26 10:00:00,0.316,0.366,11.2,7.8
2025-11-26 11:00:00,0.316,0.366,11.1,7.1
2025-11-26 12:00:00,0.316,0.366,11.1,6.5
2025-11-26 13:00:00,0.316,0.366,11,6
2025-11-26 14:00:00,0.316,0.366,10.8,5.9
2025-11-26 15:00:00,0.316,0.366,10.8,5.4
2025-11-26 16:00:00,0.316,0.367,10.6,5.2
2025-11-26 17:00:00,0.316,0.366,10.5,5
2025-11-26 18:00:00,0.316,0.367,10.4,4.3
2025-11-26 19:00:00,0.316,0.367,10.3,4.5
2025-11-26 20:00:00,0.316,0.367,10.2,4.6
2025-11-26 21:00:00,0.316,0.367,10.2,4.8
2025-11-26 22:00:00,0.321,0.367,10.1,4.7
2025-11-26 23:00:00,0.327,0.367,9.9,5.3
2025-11-27 00:00:00,0.327,0.367,9.8,6.9
2025-11-27 01:00:00,0.327,0.366,9.9,7.8
2025-11-27 02:00:00,0.328,0.366,10,7.9
2025-11-27 03:00:00,0.328,0.366,10.1,8.9
2025-11-27 04:00:00,0.328,0.366,10.2,8.2
2025-11-27 05:00:00,0.327,0.366,10.3,8.6
2025-11-27 06:00:00,0.327,0.366,10.4,8.3
2025-11-27 07:00:00,0.327,0.366,10.5,7.7
2025-11-27 08:00:00,0.326,0.366,10.5,7.2
2025-11-27 09:00:00,0.326,0.367,10.5,6.9
2025-11-27 10:00:00,0.326,0.367,10.4,6.7
2025-11-27 11:00:00,0.327,0.367,10.3,6.5
2025-11-27 12:00:00,0.327,0.367,10.2,6.8
2025-11-27 13:00:00,0.327,0.367,10.2,6.6
2025-11-27 14:00:00,0.327,0.367,10.1,6.2
2025-11-27 15:00:00,0.327,0.367,10.1,6.1
2025-11-27 16:00:00,0.327,0.367,10,6.1
2025-11-27 17:00:00,0.327,0.366,10,6.1
2025-11-27 18:00:00,0.327,0.367,10,5.8
2025-11-27 19:00:00,0.327,0.367,9.9,5.7
2025-11-27 20:00:00,0.327,0.367,9.9,5.3
2025-11-27 21:00:00,0.327,0.367,9.8,5.2
2025-11-27 22:00:00,0.327,0.367,9.7,5.2
2025-11-27 23:00:00,0.327,0.366,9.7,5.5
2025-11-28 00:00:00,0.327,0.366,9.7,6.9
2025-11-28 01:00:00,0.327,0.366,9.7,8.2
2025-11-28 02:00:00,0.326,0.366,9.8,8.2
2025-11-28 03:00:00,0.326,0.365,10,8.9
2025-11-28 04:00:00,0.326,0.365,10.1,9
2025-11-28 05:00:00,0.326,0.365,10.1,8.8
2025-11-28 06:00:00,0.326,0.365,10.2,8.4
2025-11-28 07:00:00,0.326,0.366,10.2,7.8
2025-11-28 08:00:00,0.325,0.366,10.2,6.8
2025-11-28 09:00:00,0.325,0.366,10.1,6.1
2025-11-28 10:00:00,0.325,0.366,10.1,5.7
2025-11-28 11:00:00,0.325,0.366,10,5.4
2025-11-28 12:00:00,0.325,0.367,9.9,4.9
2025-11-28 13:00:00,0.325,0.367,9.8,4.4
2025-11-28 14:00:00,0.325,0.367,9.7,3.9
2025-11-28 15:00:00,0.325,0.367,9.6,3.5
2025-11-28 16:00:00,0.325,0.367,9.5,3.1
2025-11-28 17:00:00,0.325,0.367,9.4,2.9
2025-11-28 18:00:00,0.325,0.367,9.3,2.4
2025-11-28 19:00:00,0.325,0.367,9.2,1.8
2025-11-28 20:00:00,0.325,0.368,9.1,1.3
2025-11-28 21:00:00,0.325,0.368,8.9,1
2025-11-28 22:00:00,0.325,0.368,8.8,0.9
2025-11-28 23:00:00,0.325,0.367,8.7,1.7
2025-11-29 00:00:00,0.325,0.367,8.6,3.3
2025-11-29 01:00:00,0.325,0.366,8.6,6.2
2025-11-29 02:00:00,0.325,0.365,8.7,8.9
2025-11-29 03:00:00,0.325,0.365,8.9,10.5
2025-11-29 04:00:00,0.325,0.364,9.2,11.9
2025-11-29 05:00:00,0.324,0.364,9.5,12.3
2025-11-29 06:00:00,0.324,0.364,9.7,12.4
2025-11-29 07:00:00,0.324,0.364,9.9,12.4
2025-11-29 08:00:00,0.323,0.365,10.1,12
2025-11-29 09:00:00,0.323,0.365,10.2,11.7
2025-11-29 10:00:00,0.323,0.365,10.4,11.3
2025-11-29 11:00:00,0.323,0.365,10.4,11.1
2025-11-29 12:00:00,0.323,0.365,10.5,11
2025-11-29 13:00:00,0.323,0.365,10.5,11
2025-11-29 14:00:00,0.322,0.365,10.6,11.1
2025-11-29 15:00:00,0.322,0.365,10.6,11.1
2025-11-29 16:00:00,0.322,0.365,10.7,10.7
2025-11-29 17:00:00,0.322,0.365,10.7,10.3
2025-11-29 18:00:00,0.322,0.365,10.7,10.4
2025-11-29 19:00:00,0.322,0.366,10.7,10
2025-11-29 20:00:00,0.322,0.366,10.7,9.7
2025-11-29 21:00:00,0.322,0.366,10.7,9.4
2025-11-29 22:00:00,0.322,0.366,10.7,9.1
2025-11-29 23:00:00,0.322,0.366,10.7,9.1
2025-11-30 00:00:00,0.322,0.366,10.7,10.1
2025-11-30 01:00:00,0.322,0.365,10.7,12.4
2025-11-30 02:00:00,0.321,0.364,10.9,14.8
2025-11-30 03:00:00,0.321,0.363,11.1,15.8
2025-11-30 04:00:00,0.321,0.363,11.4,16.1
2025-11-30 05:00:00,0.32,0.363,11.6,16
2025-11-30 06:00:00,0.32,0.363,11.8,16
2025-11-30 07:00:00,0.32,0.363,12,15.5
2025-11-30 08:00:00,0.32,0.363,12.1,14.7
2025-11-30 09:00:00,0.32,0.364,12.1,14.1
2025-11-30 10:00:00,0.32,0.364,12.2,13.9
2025-11-30 11:00:00,0.319,0.364,12.2,13.5
2025-11-30 12:00:00,0.319,0.364,12.2,13.2
2025-11-30 13:00:00,0.319,0.364,12.2,13
2025-11-30 14:00:00,0.319,0.364,12.2,12.6
2025-11-30 15:00:00,0.319,0.365,12.1,12.3
2025-11-30 16:00:00,0.319,0.365,12.1,11.7
2025-11-30 17:00:00,0.319,0.365,12.1,11.3
2025-11-30 18:00:00,0.319,0.365,12,11.3
2025-11-30 19:00:00,0.319,0.366,12,10.9
2025-11-30 20:00:00,0.319,0.366,12,10.1
2025-11-30 21:00:00,0.319,0.366,11.9,9.4
2025-11-30 22:00:00,0.319,0.366,11.8,8.8
2025-11-30 23:00:00,0.319,0.366,11.7,8.9
2025-12-01 00:00:00,0.319,0.366,11.6,9.4
2025-12-01 01:00:00,0.319,0.365,11.6,11.2
2025-12-01 02:00:00,0.319,0.365,11.6,12.3
2025-12-01 03:00:00,0.319,0.364,11.6,12.2
2025-12-01 04:00:00,0.319,0.364,11.7,12.1
2025-12-01 05:00:00,0.318,0.364,11.7,11.5
2025-12-01 06:00:00,0.318,0.365,11.6,10.6
2025-12-01 07:00:00,0.318,0.365,11.6,9.7
2025-12-01 08:00:00,0.318,0.365,11.5,8.7
2025-12-01 09:00:00,0.318,0.366,11.4,7.7
2025-12-01 10:00:00,0.318,0.366,11.2,7
2025-12-01 11:00:00,0.318,0.366,11.1,6.7
2025-12-01 12:00:00,0.318,0.366,11,6.4
2025-12-01 13:00:00,0.318,0.366,10.9,5.8
2025-12-01 14:00:00,0.318,0.366,10.7,5.5
2025-12-01 15:00:00,0.318,0.366,10.6,5.4
2025-12-01 16:00:00,0.318,0.366,10.5,5.3
2025-12-01 17:00:00,0.318,0.367,10.4,4.9
2025-12-01 18:00:00,0.318,0.367,10.3,4.6
2025-12-01 19:00:00,0.319,0.367,10.2,4.8
2025-12-01 20:00:00,0.319,0.366,10.1,4.9
2025-12-01 21:00:00,0.319,0.366,10,4.6
2025-12-01 22:00:00,0.319,0.367,9.9,4.5
2025-12-01 23:00:00,0.319,0.366,9.8,4.8
2025-12-02 00:00:00,0.319,0.366,9.7,6.1
2025-12-02 01:00:00,0.318,0.365,9.6,7.7
2025-12-02 02:00:00,0.318,0.365,9.7,8.2
2025-12-02 03:00:00,0.318,0.365,9.7,8.7
2025-12-02 04:00:00,0.318,0.365,9.8,8.5
2025-12-02 05:00:00,0.318,0.365,9.8,8.1
2025-12-02 06:00:00,0.318,0.365,9.8,7.3
2025-12-02 07:00:00,0.317,0.366,9.8,6.3
2025-12-02 08:00:00,0.317,0.366,9.7,5.5
2025-12-02 09:00:00,0.317,0.366,9.6,5.2
2025-12-02 10:00:00,0.317,0.366,9.6,4.8
2025-12-02 11:00:00,0.317,0.366,9.5,4.5
2025-12-02 12:00:00,0.317,0.366,9.4,4.1
2025-12-02 13:00:00,0.317,0.367,9.3,3.8
2025-12-02 14:00:00,0.317,0.366,9.2,3.6
2025-12-02 15:00:00,0.317,0.367,9.1,3.1
2025-12-02 16:00:00,0.317,0.367,9,2.8
2025-12-02 17:00:00,0.317,0.367,8.9,2.9
2025-12-02 18:00:00,0.317,0.367,8.9,2.6
2025-12-02 19:00:00,0.317,0.367,8.8,2.6
2025-12-02 20:00:00,0.317,0.367,8.7,2.3
2025-12-02 21:00:00,0.317,0.367,8.7,1.6
2025-12-02 22:00:00,0.317,0.367,8.6,0.4
2025-12-02 23:00:00,0.317,0.367,8.5,0.3
2025-12-03 00:00:00,0.317,0.367,8.3,0.7
2025-12-03 01:00:00,0.317,0.366,8.2,2
2025-12-03 02:00:00,0.317,0.366,8.2,3.8
2025-12-03 03:00:00,0.317,0.366,8.2,4.2
2025-12-03 04:00:00,0.317,0.367,8.2,2.8
2025-12-03 05:00:00,0.317,0.367,8.3,2.5
2025-12-03 06:00:00,0.316,0.367,8.3,2.2
2025-12-03 07:00:00,0.316,0.367,8.2,1.6
2025-12-03 08:00:00,0.316,0.367,8.1,1.1
2025-12-03 09:00:00,0.316,0.367,8,0.9
2025-12-03 10:00:00,0.317,0.367,7.9,0.3
2025-12-03 11:00:00,0.316,0.367,7.9,0.4
2025-12-03 12:00:00,0.316,0.367,7.8,0.3
2025-12-03 13:00:00,0.316,0.367,7.7,0.3
2025-12-03 14:00:00,0.316,0.367,7.6,0.1
2025-12-03 15:00:00,0.316,0.367,7.6,0.2
2025-12-03 16:00:00,0.316,0.367,7.5,0.2
2025-12-03 17:00:00,0.316,0.367,7.5,-0.1
2025-12-03 18:00:00,0.316,0.368,7.4,-0.4
2025-12-03 19:00:00,0.316,0.367,7.4,-0.5
2025-12-03 20:00:00,0.316,0.367,7.3,-0.5
2025-12-03 21:00:00,0.316,0.368,7.2,-0.4
2025-12-03 22:00:00,0.316,0.368,7.2,-0.6
2025-12-03 23:00:00,0.316,0.368,7.1,-0.4
2025-12-04 00:00:00,0.316,0.367,7.1,0.4
2025-12-04 01:00:00,0.316,0.366,7.1,0.9
2025-12-04 02:00:00,0.316,0.366,7.1,1.4
2025-12-04 03:00:00,0.316,0.366,7.1,2.4
2025-12-04 04:00:00,0.316,0.366,7.2,3.3
2025-12-04 05:00:00,0.315,0.366,7.3,4
2025-12-04 06:00:00,0.315,0.366,7.4,4
2025-12-04 07:00:00,0.315,0.366,7.5,3.6
2025-12-04 08:00:00,0.315,0.366,7.5,2.9
2025-12-04 09:00:00,0.315,0.367,7.5,2.6
2025-12-04 10:00:00,0.315,0.366,7.5,2.8
2025-12-04 11:00:00,0.315,0.367,7.5,2.9
2025-12-04 12:00:00,0.315,0.367,7.5,2.8
2025-12-04 13:00:00,0.315,0.366,7.5,2.8
2025-12-04 14:00:00,0.315,0.367,7.5,2.8
2025-12-04 15:00:00,0.315,0.366,7.5,3.9
2025-12-04 16:00:00,0.315,0.366,7.5,3.9
2025-12-04 17:00:00,0.315,0.366,7.5,3.7
2025-12-04 18:00:00,0.315,0.366,7.5,3.3
2025-12-04 19:00:00,0.314,0.367,7.5,2.6
2025-12-04 20:00:00,0.314,0.367,7.4,2.1
2025-12-04 21:00:00,0.314,0.367,7.4,1.8
2025-12-04 22:00:00,0.314,0.367,7.3,0.8
2025-12-04 23:00:00,0.314,0.367,7.2,1.1
2025-12-05 00:00:00,0.314,0.366,7.1,2.3
2025-12-05 01:00:00,0.314,0.366,7.1,4
2025-12-05 02:00:00,0.314,0.365,7.2,5.5
2025-12-05 03:00:00,0.314,0.365,7.3,5.4
2025-12-05 04:00:00,0.314,0.366,7.4,5.2
2025-12-05 05:00:00,0.314,0.366,7.5,5
2025-12-05 06:00:00,0.314,0.366,7.5,4.5
2025-12-05 07:00:00,0.314,0.366,7.5,4.1
2025-12-05 08:00:00,0.314,0.366,7.5,3.6
2025-12-05 09:00:00,0.314,0.366,7.4,2.5
2025-12-05 10:00:00,0.313,0.367,7.4,1.9
2025-12-05 11:00:00,0.313,0.367,7.3,1.8
2025-12-05 12:00:00,0.313,0.367,7.2,1.4
2025-12-05 13:00:00,0.313,0.367,7.2,0.8
2025-12-05 14:00:00,0.313,0.367,7.1,0.2
2025-12-05 15:00:00,0.313,0.367,7,-0.2
2025-12-05 16:00:00,0.313,0.367,6.9,-0.2
2025-12-05 17:00:00,0.313,0.367,6.8,-0.9
2025-12-05 18:00:00,0.313,0.367,6.7,-1.3
2025-12-05 19:00:00,0.313,0.367,6.6,-1.6
2025-12-05 20:00:00,0.313,0.368,6.5,-1.8
2025-12-05 21:00:00,0.313,0.367,6.4,-2.1
2025-12-05 22:00:00,0.313,0.365,6.3,-2
2025-12-05 23:00:00,0.314,0.363,6.2,-1.5
2025-12-06 00:00:00,0.314,0.362,6.1,-0.4
2025-12-06 01:00:00,0.313,0.362,6.1,1.8
2025-12-06 02:00:00,0.313,0.363,6.2,4.4
2025-12-06 03:00:00,0.313,0.365,6.4,5.4
2025-12-06 04:00:00,0.313,0.365,6.5,6.9
2025-12-06 05:00:00,0.313,0.365,6.8,8.3
2025-12-06 06:00:00,0.312,0.365,7,8.6
2025-12-06 07:00:00,0.312,0.365,7.2,8.3
2025-12-06 08:00:00,0.312,0.365,7.4,7.9
2025-12-06 09:00:00,0.312,0.365,7.5,7.7
2025-12-06 10:00:00,0.312,0.365,7.7,7.4
2025-12-06 11:00:00,0.311,0.365,7.7,7.5
2025-12-06 12:00:00,0.311,0.366,7.8,7.5
2025-12-06 13:00:00,0.311,0.365,7.9,7.3
2025-12-06 14:00:00,0.311,0.365,7.9,7.3
2025-12-06 15:00:00,0.311,0.365,7.9,7.1
2025-12-06 16:00:00,0.311,0.366,8,7
2025-12-06 17:00:00,0.311,0.366,8,7.2
2025-12-06 18:00:00,0.311,0.366,8.1,6.8
2025-12-06 19:00:00,0.311,0.366,8.1,6.5
2025-12-06 20:00:00,0.311,0.366,8.1,6.5
2025-12-06 21:00:00,0.311,0.366,8.2,6.6
2025-12-06 22:00:00,0.311,0.366,8.2,6.7
2025-12-06 23:00:00,0.31,0.366,8.2,6.4
2025-12-07 00:00:00,0.31,0.365,8.2,7.6
2025-12-07 01:00:00,0.31,0.365,8.3,8.9
2025-12-07 02:00:00,0.31,0.364,8.5,10
2025-12-07 03:00:00,0.31,0.363,8.6,12.2
2025-12-07 04:00:00,0.31,0.363,8.9,13.1
2025-12-07 05:00:00,0.31,0.363,9.1,13.2
2025-12-07 06:00:00,0.309,0.363,9.3,13
2025-12-07 07:00:00,0.309,0.364,9.5,12.3
2025-12-07 08:00:00,0.309,0.364,9.6,11.2
2025-12-07 09:00:00,0.309,0.364,9.7,10.9
2025-12-07 10:00:00,0.309,0.364,9.7,10.8
2025-12-07 11:00:00,0.309,0.364,9.7,10.7
2025-12-07 12:00:00,0.309,0.364,9.7,10.7
2025-12-07 13:00:00,0.309,0.364,9.7,10.5
2025-12-07 14:00:00,0.309,0.364,9.7,10.3
2025-12-07 15:00:00,0.308,0.365,9.8,9.8
2025-12-07 16:00:00,0.308,0.365,9.8,9.3
2025-12-07 17:00:00,0.308,0.365,9.7,9
2025-12-07 18:00:00,0.308,0.365,9.7,8.6
2025-12-07 19:00:00,0.308,0.365,9.6,8.5
2025-12-07 20:00:00,0.308,0.365,9.6,7.9
2025-12-07 21:00:00,0.308,0.365,9.5,7.5
2025-12-07 22:00:00,0.308,0.365,9.4,7.3
2025-12-07 23:00:00,0.308,0.365,9.4,7.3
2025-12-08 00:00:00,0.308,0.365,9.3,8.1
2025-12-08 01:00:00,0.308,0.364,9.2,9.6
2025-12-08 02:00:00,0.308,0.364,9.3,10.3
2025-12-08 03:00:00,0.308,0.364,9.3,10.3
2025-12-08 04:00:00,0.308,0.364,9.4,9.9
2025-12-08 05:00:00,0.308,0.364,9.4,9.2
2025-12-08 06:00:00,0.308,0.365,9.4,8.3
2025-12-08 07:00:00,0.308,0.365,9.3,7.4
2025-12-08 08:00:00,0.308,0.365,9.2,6.4
2025-12-08 09:00:00,0.308,0.365,9.1,5.6
2025-12-08 10:00:00,0.308,0.366,9,4.9
2025-12-08 11:00:00,0.308,0.366,8.9,4.4
2025-12-08 12:00:00,0.308,0.366,8.8,4.1
2025-12-08 13:00:00,0.308,0.366,8.7,3.6
2025-12-08 14:00:00,0.308,0.366,8.5,3.5
2025-12-08 15:00:00,0.308,0.366,8.4,3.1
2025-12-08 16:00:00,0.307,0.366,8.3,2.8
2025-12-08 17:00:00,0.308,0.366,8.2,2.4
2025-12-08 18:00:00,0.307,0.366,8.1,1.8
2025-12-08 19:00:00,0.307,0.366,8,1.4
2025-12-08 20:00:00,0.307,0.366,7.9,0.9
2025-12-08 21:00:00,0.308,0.366,7.8,1.1
2025-12-08 22:00:00,0.307,0.366,7.7,1
2025-12-08 23:00:00,0.308,0.366,7.6,1.4
2025-12-09 00:00:00,0.307,0.366,7.5,2.8
2025-12-09 01:00:00,0.308,0.365,7.5,5.3
2025-12-09 02:00:00,0.307,0.364,7.6,7
2025-12-09 03:00:00,0.307,0.364,7.7,7.9
2025-12-09 04:00:00,0.307,0.364,7.9,8.3
2025-12-09 05:00:00,0.307,0.364,8,8.2
2025-12-09 06:00:00,0.307,0.364,8.1,8
2025-12-09 07:00:00,0.306,0.365,8.2,7.5
2025-12-09 08:00:00,0.306,0.365,8.2,6.6
2025-12-09 09:00:00,0.306,0.365,8.2,6.2
2025-12-09 10:00:00,0.306,0.365,8.2,5.3
2025-12-09 11:00:00,0.306,0.366,8.2,4.8
2025-12-09 12:00:00,0.306,0.366,8.1,4.7
2025-12-09 13:00:00,0.306,0.366,8.1,4.6
2025-12-09 14:00:00,0.306,0.366,8,4.3
2025-12-09 15:00:00,0.306,0.366,8,3.4
2025-12-09 16:00:00,0.306,0.366,7.9,3.6
2025-12-09 17:00:00,0.306,0.366,7.9,3.3
2025-12-09 18:00:00,0.306,0.366,7.8,2.9
2025-12-09 19:00:00,0.306,0.366,7.8,2.4
2025-12-09 20:00:00,0.306,0.366,7.7,2.4
2025-12-09 21:00:00,0.306,0.366,7.6,2.5
2025-12-09 22:00:00,0.306,0.366,7.6,2.3
2025-12-09 23:00:00,0.306,0.366,7.5,2.6
2025-12-10 00:00:00,0.306,0.366,7.5,3.4
2025-12-10 01:00:00,0.305,0.365,7.5,5.3
2025-12-10 02:00:00,0.305,0.364,7.6,7.8
2025-12-10 03:00:00,0.305,0.364,7.7,9.2
2025-12-10 04:00:00,0.305,0.364,8,9.8
2025-12-10 05:00:00,0.305,0.364,8.1,9.9
2025-12-10 06:00:00,0.304,0.364,8.3,10.1
2025-12-10 07:00:00,0.304,0.364,8.5,9.8
2025-12-10 08:00:00,0.304,0.364,8.6,9.2
2025-12-10 09:00:00,0.304,0.364,8.7,8.7
2025-12-10 10:00:00,0.304,0.364,8.7,8.6
2025-12-10 11:00:00,0.304,0.365,8.7,8.3
2025-12-10 12:00:00,0.304,0.365,8.7,8.1
2025-12-10 13:00:00,0.304,0.365,8.7,8
2025-12-10 14:00:00,0.304,0.365,8.7,8
2025-12-10 15:00:00,0.303,0.365,8.7,8.4
2025-12-10 16:00:00,0.303,0.364,8.7,8.8
2025-12-10 17:00:00,0.303,0.365,8.7,8.5
2025-12-10 18:00:00,0.303,0.365,8.7,8.5
2025-12-10 19:00:00,0.303,0.365,8.8,7.9
2025-12-10 20:00:00,0.327,0.365,8.8,7.8
2025-12-10 21:00:00,0.321,0.365,8.8,8
2025-12-10 22:00:00,0.318,0.365,8.9,8.1
2025-12-10 23:00:00,0.316,0.365,8.9,8
2025-12-11 00:00:00,0.315,0.365,8.9,9
2025-12-11 01:00:00,0.314,0.365,9,10.3
2025-12-11 02:00:00,0.314,0.364,9.2,11.4
2025-12-11 03:00:00,0.313,0.364,9.4,11
2025-12-11 04:00:00,0.313,0.364,9.5,10.7
2025-12-11 05:00:00,0.313,0.364,9.7,10.5
2025-12-11 06:00:00,0.313,0.365,9.8,9.8
2025-12-11 07:00:00,0.313,0.365,9.8,8.7
2025-12-11 08:00:00,0.313,0.366,9.8,7.6
2025-12-11 09:00:00,0.313,0.366,9.7,6.7
2025-12-11 10:00:00,0.313,0.366,9.5,6.1
2025-12-11 11:00:00,0.313,0.366,9.4,5.4
2025-12-11 12:00:00,0.313,0.366,9.2,4.8
2025-12-11 13:00:00,0.313,0.366,9.1,4.3
2025-12-11 14:00:00,0.313,0.366,8.9,3.7
2025-12-11 15:00:00,0.313,0.366,8.8,3.2
2025-12-11 16:00:00,0.313,0.367,8.6,2.4
2025-12-11 17:00:00,0.313,0.367,8.5,1.8
2025-12-11 18:00:00,0.313,0.367,8.3,1.3
2025-12-11 19:00:00,0.313,0.367,8.1,0.6
2025-12-11 20:00:00,0.314,0.367,8,0.2
2025-12-11 21:00:00,0.314,0.367,7.8,-0
2025-12-11 22:00:00,0.314,0.367,7.6,-0.3
2025-12-11 23:00:00,0.314,0.367,7.5,0.2
2025-12-12 00:00:00,0.314,0.366,7.4,1.5
2025-12-12 01:00:00,0.314,0.366,7.4,3.2
2025-12-12 02:00:00,0.313,0.365,7.4,4.9
2025-12-12 03:00:00,0.313,0.365,7.5,6.1
2025-12-12 04:00:00,0.313,0.365,7.6,7
2025-12-12 05:00:00,0.313,0.365,7.7,7.5
2025-12-12 06:00:00,0.313,0.365,7.9,7.6
2025-12-12 07:00:00,0.313,0.365,8,7
2025-12-12 08:00:00,0.313,0.365,8,6.1
2025-12-12 09:00:00,0.312,0.365,8.1,5.5
2025-12-12 10:00:00,0.312,0.365,8.1,5.2
2025-12-12 11:00:00,0.312,0.365,8.1,5.7
2025-12-12 12:00:00,0.312,0.365,8,5.7
2025-12-12 13:00:00,0.312,0.365,8,5.6
2025-12-12 14:00:00,0.312,0.365,8,5.7
2025-12-12 15:00:00,0.312,0.365,8,5.8
2025-12-12 16:00:00,0.312,0.365,8,6.2
2025-12-12 17:00:00,0.312,0.365,8,6.1
2025-12-12 18:00:00,0.312,0.365,8,6
2025-12-12 19:00:00,0.312,0.365,8,6
2025-12-12 20:00:00,0.312,0.365,8,6
2025-12-12 21:00:00,0.312,0.365,8,6.8
2025-12-12 22:00:00,0.312,0.365,8,7.2
2025-12-12 23:00:00,0.311,0.365,8,7
2025-12-13 00:00:00,0.311,0.365,8,6.6
2025-12-13 01:00:00,0.311,0.365,8.1,7.1
2025-12-13 02:00:00,0.311,0.365,8.2,7.8
2025-12-13 03:00:00,0.311,0.365,8.2,8.4
2025-12-13 04:00:00,0.311,0.365,8.4,7.7
2025-12-13 05:00:00,0.311,0.365,8.5,7.2
2025-12-13 06:00:00,0.311,0.366,8.5,6.7
2025-12-13 07:00:00,0.314,0.366,8.5,6.5
2025-12-13 08:00:00,0.318,0.366,8.5,5.3
2025-12-13 09:00:00,0.321,0.367,8.5,4.7
2025-12-13 10:00:00,0.321,0.367,8.4,4.6
2025-12-13 11:00:00,0.322,0.367,8.3,4.3
2025-12-13 12:00:00,0.322,0.367,8.3,4
2025-12-13 13:00:00,0.322,0.367,8.2,3.4
2025-12-13 14:00:00,0.322,0.367,8.1,3.4
2025-12-13 15:00:00,0.322,0.367,8,3.6
2025-12-13 16:00:00,0.323,0.367,8,3.7
2025-12-13 17:00:00,0.323,0.367,7.9,3.9
2025-12-13 18:00:00,0.324,0.367,7.9,3.4
2025-12-13 19:00:00,0.324,0.368,7.8,3.1
2025-12-13 20:00:00,0.324,0.368,7.8,3
2025-12-13 21:00:00,0.325,0.367,7.7,3.6
2025-12-13 22:00:00,0.325,0.367,7.7,3.4
2025-12-13 23:00:00,0.326,0.367,7.7,3.3
2025-12-14 00:00:00,0.326,0.367,7.6,3.9
2025-12-14 01:00:00,0.326,0.367,7.6,4
2025-12-14 02:00:00,0.327,0.367,7.6,4.5
2025-12-14 03:00:00,0.327,0.366,7.7,5.3
2025-12-14 04:00:00,0.327,0.366,7.7,5.1
2025-12-14 05:00:00,0.328,0.367,7.8,4.7
2025-12-14 06:00:00,0.328,0.366,7.8,4.6
2025-12-14 07:00:00,0.328,0.367,7.8,4.4
2025-12-14 08:00:00,0.329,0.367,7.8,3.8
2025-12-14 09:00:00,0.329,0.367,7.8,3.7
2025-12-14 10:00:00,0.329,0.367,7.7,3.8
2025-12-14 11:00:00,0.329,0.367,7.7,3.6
2025-12-14 12:00:00,0.33,0.367,7.7,3.3
2025-12-14 13:00:00,0.33,0.367,7.7,3.2
2025-12-14 14:00:00,0.33,0.367,7.6,3.1
2025-12-14 15:00:00,0.33,0.367,7.6,2.8
2025-12-14 16:00:00,0.33,0.367,7.6,3
2025-12-14 17:00:00,0.33,0.367,7.5,2.7
2025-12-14 18:00:00,0.33,0.367,7.5,2.6
2025-12-14 19:00:00,0.331,0.367,7.5,2.6
2025-12-14 20:00:00,0.331,0.367,7.4,2.6
2025-12-14 21:00:00,0.331,0.367,7.4,2.5
2025-12-14 22:00:00,0.331,0.367,7.4,2.5
2025-12-14 23:00:00,0.331,0.367,7.3,2.6
2025-12-15 00:00:00,0.331,0.367,7.3,3.3
2025-12-15 01:00:00,0.331,0.366,7.3,4.8
2025-12-15 02:00:00,0.331,0.366,7.4,6.2
2025-12-15 03:00:00,0.331,0.366,7.5,6.7
2025-12-15 04:00:00,0.331,0.366,7.7,7
2025-12-15 05:00:00,0.331,0.366,7.8,7
2025-12-15 06:00:00,0.331,0.366,7.9,6.6
2025-12-15 07:00:00,0.331,0.366,7.9,6.1
2025-12-15 08:00:00,0.331,0.366,8,5.7
2025-12-15 09:00:00,0.331,0.366,8,5.3
2025-12-15 10:00:00,0.331,0.366,7.9,4.8
2025-12-15 11:00:00,0.331,0.367,7.9,4.4
2025-12-15 12:00:00,0.331,0.367,7.8,3.9
2025-12-15 13:00:00,0.331,0.367,7.8,3.7
2025-12-15 14:00:00,0.331,0.367,7.7,2.9
2025-12-15 15:00:00,0.331,0.367,7.7,2.9
2025-12-15 16:00:00,0.331,0.367,7.6,3
2025-12-15 17:00:00,0.331,0.367,7.5,2.7
2025-12-15 18:00:00,0.331,0.367,7.5,2.4
2025-12-15 19:00:00,0.331,0.367,7.4,2.2
2025-12-15 20:00:00,0.331,0.367,7.4,2.4
2025-12-15 21:00:00,0.331,0.367,7.3,2.3
2025-12-15 22:00:00,0.331,0.367,7.2,1.9
2025-12-15 23:00:00,0.331,0.367,7.2,2.2
2025-12-16 00:00:00,0.331,0.367,7.2,3.1
2025-12-16 01:00:00,0.331,0.366,7.2,5
2025-12-16 02:00:00,0.331,0.366,7.2,6
2025-12-16 03:00:00,0.331,0.366,7.4,6.7
2025-12-16 04:00:00,0.331,0.366,7.5,7.4
2025-12-16 05:00:00,0.33,0.366,7.7,7.8
2025-12-16 06:00:00,0.33,0.365,7.8,8.2
2025-12-16 07:00:00,0.33,0.366,8,8.3
2025-12-16 08:00:00,0.33,0.365,8.1,8.2
2025-12-16 09:00:00,0.33,0.366,8.2,8.2
2025-12-16 10:00:00,0.33,0.366,8.3,7.9
2025-12-16 11:00:00,0.33,0.366,8.3,7.9
2025-12-16 12:00:00,0.33,0.366,8.4,8
2025-12-16 13:00:00,0.33,0.366,8.4,8
2025-12-16 14:00:00,0.33,0.366,8.4,7.9
2025-12-16 15:00:00,0.329,0.366,8.5,7.8
2025-12-16 16:00:00,0.329,0.366,8.5,7.6
2025-12-16 17:00:00,0.329,0.366,8.5,7.5
2025-12-16 18:00:00,0.329,0.366,8.5,7.3
2025-12-16 19:00:00,0.329,0.366,8.5,7.2
2025-12-16 20:00:00,0.329,0.366,8.5,6.9
2025-12-16 21:00:00,0.329,0.366,8.5,6.9
2025-12-16 22:00:00,0.329,0.366,8.5,7.2
2025-12-16 23:00:00,0.329,0.366,8.5,7.2
2025-12-17 00:00:00,0.329,0.366,8.5,7.8
2025-12-17 01:00:00,0.328,0.365,8.6,8.7
2025-12-17 02:00:00,0.327,0.365,8.6,9.4
2025-12-17 03:00:00,0.327,0.365,8.7,9.4
2025-12-17 04:00:00,0.327,0.365,8.8,9.6
2025-12-17 05:00:00,0.327,0.365,8.9,9
2025-12-17 06:00:00,0.327,0.365,8.9,8.4
2025-12-17 07:00:00,0.327,0.366,8.9,7.6
2025-12-17 08:00:00,0.327,0.366,8.9,6.8
2025-12-17 09:00:00,0.327,0.366,8.8,6
2025-12-17 10:00:00,0.327,0.366,8.7,5.7
2025-12-17 11:00:00,0.327,0.366,8.6,5.5
2025-12-17 12:00:00,0.327,0.366,8.6,4.8
2025-12-17 13:00:00,0.327,0.367,8.5,4.2
2025-12-17 14:00:00,0.327,0.367,8.4,4
2025-12-17 15:00:00,0.327,0.367,8.3,3.2
2025-12-17 16:00:00,0.327,0.367,8.2,2.8
2025-12-17 17:00:00,0.327,0.367,8.1,2.4
2025-12-17 18:00:00,0.327,0.367,8,2
2025-12-17 19:00:00,0.327,0.367,7.9,1.9
2025-12-17 20:00:00,0.327,0.367,7.8,1.4
2025-12-17 21:00:00,0.327,0.367,7.7,1.2
2025-12-17 22:00:00,0.327,0.367,7.6,1.2
2025-12-17 23:00:00,0.327,0.367,7.5,1.4
2025-12-18 00:00:00,0.327,0.366,7.4,2.5
2025-12-18 01:00:00,0.327,0.366,7.3,4.3
2025-12-18 02:00:00,0.327,0.365,7.4,6.3
2025-12-18 03:00:00,0.327,0.365,7.5,7.2
2025-12-18 04:00:00,0.326,0.365,7.6,7.8
2025-12-18 05:00:00,0.326,0.365,7.8,8
2025-12-18 06:00:00,0.326,0.365,7.9,7.9
2025-12-18 07:00:00,0.326,0.366,8,7
2025-12-18 08:00:00,0.326,0.366,8,6
2025-12-18 09:00:00,0.326,0.366,8,5.2
2025-12-18 10:00:00,0.326,0.366,8,4.6
2025-12-18 11:00:00,0.326,0.366,7.9,4.3
2025-12-18 12:00:00,0.326,0.366,7.9,4.1
2025-12-18 13:00:00,0.326,0.367,7.8,3.7
2025-12-18 14:00:00,0.326,0.367,7.8,3.6
2025-12-18 15:00:00,0.326,0.367,7.7,3.5
2025-12-18 16:00:00,0.326,0.367,7.6,3.1
2025-12-18 17:00:00,0.326,0.367,7.6,2.8
2025-12-18 18:00:00,0.326,0.367,7.5,3.1
2025-12-18 19:00:00,0.325,0.367,7.5,3.2
2025-12-18 20:00:00,0.326,0.366,7.4,3.5
2025-12-18 21:00:00,0.325,0.366,7.4,3.8
2025-12-18 22:00:00,0.325,0.366,7.4,4
2025-12-18 23:00:00,0.325,0.366,7.4,4.5
2025-12-19 00:00:00,0.325,0.366,7.4,4.9
2025-12-19 01:00:00,0.325,0.366,7.5,5.9
2025-12-19 02:00:00,0.325,0.365,7.5,8.6
2025-12-19 03:00:00,0.325,0.364,7.7,11
2025-12-19 04:00:00,0.325,0.364,7.9,12.4
2025-12-19 05:00:00,0.325,0.364,8.2,12.9
2025-12-19 06:00:00,0.324,0.364,8.4,13
2025-12-19 07:00:00,0.324,0.364,8.7,13
2025-12-19 08:00:00,0.324,0.364,8.8,12.5
2025-12-19 09:00:00,0.324,0.364,9,12.3
2025-12-19 10:00:00,0.324,0.364,9.1,12.1
2025-12-19 11:00:00,0.324,0.364,9.2,12.2
2025-12-19 12:00:00,0.323,0.364,9.2,12
2025-12-19 13:00:00,0.323,0.364,9.3,11.5
2025-12-19 14:00:00,0.323,0.364,9.4,11.4
2025-12-19 15:00:00,0.323,0.365,9.4,11
2025-12-19 16:00:00,0.323,0.365,9.4,10.7
2025-12-19 17:00:00,0.323,0.365,9.4,10.5
2025-12-19 18:00:00,0.323,0.365,9.4,10.3
2025-12-19 19:00:00,0.323,0.365,9.5,9.8
2025-12-19 20:00:00,0.323,0.365,9.5,9.6
2025-12-19 21:00:00,0.323,0.365,9.5,10
2025-12-19 22:00:00,0.323,0.365,9.5,10.3
2025-12-19 23:00:00,0.323,0.365,9.5,10.4
2025-12-20 00:00:00,0.323,0.365,9.6,11.1
2025-12-20 01:00:00,0.323,0.364,9.6,12.1
2025-12-20 02:00:00,0.322,0.364,9.7,13.3
2025-12-20 03:00:00,0.322,0.364,9.9,13.8
2025-12-20 04:00:00,0.322,0.363,10.1,14.3
2025-12-20 05:00:00,0.322,0.364,10.2,13.8
2025-12-20 06:00:00,0.322,0.364,10.4,12.8
2025-12-20 07:00:00,0.321,0.365,10.5,11.9
2025-12-20 08:00:00,0.321,0.365,10.5,11
2025-12-20 09:00:00,0.321,0.365,10.5,10.4
2025-12-20 10:00:00,0.321,0.365,10.5,9.8
2025-12-20 11:00:00,0.321,0.366,10.4,9.3
2025-12-20 12:00:00,0.321,0.366,10.3,8.9
2025-12-20 13:00:00,0.321,0.366,10.2,8.5
2025-12-20 14:00:00,0.321,0.366,10.1,7.9
2025-12-20 15:00:00,0.322,0.366,10,7.2
2025-12-20 16:00:00,0.322,0.366,9.9,6.5
2025-12-20 17:00:00,0.322,0.366,9.7,6.1
2025-12-20 18:00:00,0.322,0.366,9.6,5.7
2025-12-20 19:00:00,0.322,0.367,9.4,5.2
2025-12-20 20:00:00,0.322,0.367,9.3,4.7
2025-12-20 21:00:00,0.322,0.367,9.1,4.5
2025-12-20 22:00:00,0.322,0.367,9,4.4
2025-12-20 23:00:00,0.322,0.367,8.8,3.9
2025-12-21 00:00:00,0.322,0.367,8.7,3.5
2025-12-21 01:00:00,0.322,0.367,8.6,3.7
2025-12-21 02:00:00,0.322,0.366,8.5,4.3
2025-12-21 03:00:00,0.322,0.366,8.4,4.5
2025-12-21 04:00:00,0.322,0.366,8.4,4.9
2025-12-21 05:00:00,0.322,0.366,8.4,4.6
2025-12-21 06:00:00,0.322,0.366,8.3,4.1
2025-12-21 07:00:00,0.322,0.366,8.2,3.4
2025-12-21 08:00:00,0.322,0.367,8.1,2.5
2025-12-21 09:00:00,0.322,0.367,8,1.8
2025-12-21 10:00:00,0.322,0.367,7.9,1.5
2025-12-21 11:00:00,0.322,0.367,7.8,1
2025-12-21 12:00:00,0.322,0.367,7.6,0.8
2025-12-21 13:00:00,0.322,0.367,7.5,0.4
2025-12-21 14:00:00,0.322,0.367,7.4,-0
2025-12-21 15:00:00,0.322,0.367,7.3,-0.4
2025-12-21 16:00:00,0.322,0.367,7.1,-0.8
2025-12-21 17:00:00,0.322,0.367,7,-1
2025-12-21 18:00:00,0.322,0.367,6.9,-1.2
2025-12-21 19:00:00,0.322,0.367,6.8,-1.6
2025-12-21 20:00:00,0.322,0.367,6.6,-1.7
2025-12-21 21:00:00,0.322,0.365,6.5,-1.9
2025-12-21 22:00:00,0.322,0.363,6.4,-1.9
2025-12-21 23:00:00,0.322,0.362,6.3,-1.4
2025-12-22 00:00:00,0.322,0.36,6.2,-0.1
2025-12-22 01:00:00,0.322,0.36,6.1,1.7
2025-12-22 02:00:00,0.322,0.362,6.2,3.3
2025-12-22 03:00:00,0.322,0.364,6.2,3.9
2025-12-22 04:00:00,0.322,0.365,6.4,4.7
2025-12-22 05:00:00,0.322,0.365,6.5,5.3
2025-12-22 06:00:00,0.321,0.365,6.6,5.5
2025-12-22 07:00:00,0.321,0.365,6.7,5.4
2025-12-22 08:00:00,0.321,0.366,6.7,4.7
2025-12-22 09:00:00,0.321,0.366,6.8,3.6
2025-12-22 10:00:00,0.321,0.366,6.8,3.6
2025-12-22 11:00:00,0.321,0.366,6.8,3.3
2025-12-22 12:00:00,0.321,0.366,6.8,2.9
2025-12-22 13:00:00,0.321,0.366,6.8,2.5
2025-12-22 14:00:00,0.321,0.366,6.7,2.1
2025-12-22 15:00:00,0.321,0.366,6.7,1.9
2025-12-22 16:00:00,0.321,0.366,6.6,2.5
2025-12-22 17:00:00,0.321,0.366,6.6,2.2
2025-12-22 18:00:00,0.321,0.366,6.5,2.4
2025-12-22 19:00:00,0.32,0.366,6.5,3.5
2025-12-22 20:00:00,0.321,0.366,6.5,3.3
2025-12-22 21:00:00,0.32,0.366,6.5,3.4
2025-12-22 22:00:00,0.32,0.366,6.5,3.9
2025-12-22 23:00:00,0.32,0.366,6.5,4.4
2025-12-23 00:00:00,0.32,0.365,6.6,5.5
2025-12-23 01:00:00,0.32,0.365,6.6,6.9
2025-12-23 02:00:00,0.32,0.365,6.8,8
2025-12-23 03:00:00,0.32,0.364,6.9,8.9
2025-12-23 04:00:00,0.32,0.364,7.1,9.5
2025-12-23 05:00:00,0.319,0.364,7.3,9.6
2025-12-23 06:00:00,0.319,0.364,7.5,9.7
2025-12-23 07:00:00,0.319,0.364,7.6,9.5
2025-12-23 08:00:00,0.319,0.365,7.7,9.4
2025-12-23 09:00:00,0.319,0.365,7.9,9
2025-12-23 10:00:00,0.319,0.365,7.9,8.8
2025-12-23 11:00:00,0.319,0.365,8,8.9
2025-12-23 12:00:00,0.319,0.365,8.1,8.8
2025-12-23 13:00:00,0.319,0.365,8.2,8.8
2025-12-23 14:00:00,0.319,0.365,8.2,9
2025-12-23 15:00:00,0.32,0.365,8.3,8.9
2025-12-23 16:00:00,0.32,0.365,8.4,8.8
2025-12-23 17:00:00,0.321,0.366,8.4,8.8
2025-12-23 18:00:00,0.322,0.366,8.5,8.3
2025-12-23 19:00:00,0.323,0.367,8.5,7.8
2025-12-23 20:00:00,0.324,0.367,8.5,7.5
2025-12-23 21:00:00,0.325,0.367,8.5,7.3
2025-12-23 22:00:00,0.326,0.367,8.5,7
2025-12-23 23:00:00,0.326,0.367,8.5,6.5
2025-12-24 00:00:00,0.327,0.367,8.5,6.2
2025-12-24 01:00:00,0.328,0.367,8.4,6
2025-12-24 02:00:00,0.328,0.367,8.4,6.2
2025-12-24 03:00:00,0.329,0.367,8.4,6.1
2025-12-24 04:00:00,0.329,0.367,8.4,5.8
2025-12-24 05:00:00,0.33,0.367,8.4,5.6
2025-12-24 06:00:00,0.33,0.367,8.3,5.6
2025-12-24 07:00:00,0.33,0.367,8.3,5.1
2025-12-24 08:00:00,0.331,0.367,8.3,4.4
2025-12-24 09:00:00,0.331,0.367,8.2,4
2025-12-24 10:00:00,0.331,0.367,8.2,3.8
2025-12-24 11:00:00,0.332,0.367,8.1,3.8
2025-12-24 12:00:00,0.332,0.367,8,3.7
2025-12-24 13:00:00,0.332,0.367,7.9,3.6
2025-12-24 14:00:00,0.332,0.367,7.9,3.3
2025-12-24 15:00:00,0.333,0.367,7.8,2.9
2025-12-24 16:00:00,0.333,0.367,7.7,2.5
2025-12-24 17:00:00,0.333,0.367,7.6,2.1
2025-12-24 18:00:00,0.333,0.367,7.5,1.8
2025-12-24 19:00:00,0.333,0.367,7.4,1.6
2025-12-24 20:00:00,0.333,0.367,7.3,1.5
2025-12-24 21:00:00,0.334,0.367,7.2,1.4
2025-12-24 22:00:00,0.334,0.367,7.1,1.3
2025-12-24 23:00:00,0.334,0.367,7,1.4
2025-12-25 00:00:00,0.334,0.366,7,2.8
2025-12-25 01:00:00,0.334,0.366,6.9,3.2
2025-12-25 02:00:00,0.334,0.366,7,3.1
2025-12-25 03:00:00,0.334,0.366,7,3.9
2025-12-25 04:00:00,0.334,0.367,7,2.8
2025-12-25 05:00:00,0.334,0.367,7,2.2
2025-12-25 06:00:00,0.334,0.367,7,1.9
2025-12-25 07:00:00,0.334,0.367,6.9,1.5
2025-12-25 08:00:00,0.334,0.367,6.8,0.8
2025-12-25 09:00:00,0.334,0.367,6.7,0.3
2025-12-25 10:00:00,0.334,0.367,6.6,-0.1
2025-12-25 11:00:00,0.334,0.367,6.4,-0.2
2025-12-25 12:00:00,0.334,0.367,6.3,-0.5
2025-12-25 13:00:00,0.335,0.367,6.2,-0.8
2025-12-25 14:00:00,0.334,0.367,6.1,-1
2025-12-25 15:00:00,0.335,0.367,6,-1.5
2025-12-25 16:00:00,0.335,0.367,5.8,-1.3
2025-12-25 17:00:00,0.335,0.366,5.7,-1.5
2025-12-25 18:00:00,0.335,0.364,5.7,-1.8
2025-12-25 19:00:00,0.335,0.362,5.6,-2.1
2025-12-25 20:00:00,0.335,0.36,5.5,-2.2
2025-12-25 21:00:00,0.335,0.357,5.4,-3.1
2025-12-25 22:00:00,0.335,0.354,5.3,-3.8
2025-12-25 23:00:00,0.335,0.351,5.3,-4
2025-12-26 00:00:00,0.335,0.346,5.2,-3.3
2025-12-26 01:00:00,0.335,0.343,5.2,-2.4
2025-12-26 02:00:00,0.335,0.341,5.1,-0.8
2025-12-26 03:00:00,0.335,0.34,5.1,-0.5
2025-12-26 04:00:00,0.335,0.34,5.1,-0.2
2025-12-26 05:00:00,0.335,0.34,5.1,-0.2
2025-12-26 06:00:00,0.335,0.34,5.1,-0.6
2025-12-26 07:00:00,0.335,0.339,5.1,-1.1
2025-12-26 08:00:00,0.335,0.338,5,-1.4
2025-12-26 09:00:00,0.335,0.336,5,-1.6
2025-12-26 10:00:00,0.335,0.335,4.9,-1.7
2025-12-26 11:00:00,0.335,0.333,4.9,-1.8
2025-12-26 12:00:00,0.335,0.331,4.8,-2
2025-12-26 13:00:00,0.335,0.329,4.8,-2.3
2025-12-26 14:00:00,0.335,0.328,4.7,-2.5
2025-12-26 15:00:00,0.335,0.326,4.7,-2.4
2025-12-26 16:00:00,0.335,0.324,4.6,-2.3
2025-12-26 17:00:00,0.335,0.322,4.5,-2.5
2025-12-26 18:00:00,0.335,0.32,4.5,-2.9
2025-12-26 19:00:00,0.335,0.318,4.4,-3
2025-12-26 20:00:00,0.335,0.315,4.4,-3.4
2025-12-26 21:00:00,0.335,0.312,4.3,-3.6
2025-12-26 22:00:00,0.335,0.31,4.3,-3.5
2025-12-26 23:00:00,0.335,0.307,4.2,-3.1
2025-12-27 00:00:00,0.335,0.305,4.1,-2.1
2025-12-27 01:00:00,0.335,0.305,4.1,-0.1
2025-12-27 02:00:00,0.335,0.306,4.1,1.5
2025-12-27 03:00:00,0.335,0.307,4.1,2
2025-12-27 04:00:00,0.335,0.309,4.2,2.7
2025-12-27 05:00:00,0.335,0.31,4.3,3
2025-12-27 06:00:00,0.335,0.313,4.4,3
2025-12-27 07:00:00,0.335,0.314,4.6,2.9
2025-12-27 08:00:00,0.335,0.317,4.7,2.5
2025-12-27 09:00:00,0.334,0.318,4.8,1.9
2025-12-27 10:00:00,0.334,0.319,4.9,1.7
2025-12-27 11:00:00,0.335,0.32,4.9,1.7
2025-12-27 12:00:00,0.334,0.322,4.9,1.6
2025-12-27 13:00:00,0.334,0.323,5,1.1
2025-12-27 14:00:00,0.334,0.323,5,0.8
2025-12-27 15:00:00,0.334,0.323,5,0.5
2025-12-27 16:00:00,0.334,0.323,5,0.7
2025-12-27 17:00:00,0.334,0.323,5,0.4
2025-12-27 18:00:00,0.334,0.323,5,0.3
2025-12-27 19:00:00,0.334,0.323,4.9,0.4
2025-12-27 20:00:00,0.334,0.323,4.9,-0
2025-12-27 21:00:00,0.334,0.322,4.9,-0
2025-12-27 22:00:00,0.334,0.322,4.9,-0.2
2025-12-27 23:00:00,0.334,0.322,4.8,0.1
2025-12-28 00:00:00,0.334,0.321,4.8,0.9
2025-12-28 01:00:00,0.334,0.322,4.9,2.2
2025-12-28 02:00:00,0.334,0.325,4.9,4.3
2025-12-28 03:00:00,0.334,0.33,5.1,5.4
2025-12-28 04:00:00,0.334,0.336,5.3,6.1
2025-12-28 05:00:00,0.334,0.342,5.5,6.6
2025-12-28 06:00:00,0.333,0.348,5.7,6.5
2025-12-28 07:00:00,0.333,0.352,5.9,6.1
2025-12-28 08:00:00,0.333,0.356,6,5.6
2025-12-28 09:00:00,0.333,0.359,6.1,5.4
2025-12-28 10:00:00,0.333,0.362,6.2,5.2
2025-12-28 11:00:00,0.333,0.364,6.3,4.8
2025-12-28 12:00:00,0.333,0.365,6.3,4.6
2025-12-28 13:00:00,0.332,0.365,6.4,4.6
2025-12-28 14:00:00,0.333,0.365,6.4,4.6
2025-12-28 15:00:00,0.332,0.366,6.4,4.4
2025-12-28 16:00:00,0.332,0.366,6.4,4.2
2025-12-28 17:00:00,0.332,0.366,6.4,4.1
2025-12-28 18:00:00,0.332,0.366,6.4,4.1
2025-12-28 19:00:00,0.332,0.366,6.4,4
2025-12-28 20:00:00,0.332,0.366,6.4,3.3
2025-12-28 21:00:00,0.332,0.366,6.3,3
2025-12-28 22:00:00,0.332,0.367,6.3,2.7
2025-12-28 23:00:00,0.332,0.366,6.3,2.9
2025-12-29 00:00:00,0.332,0.366,6.2,3.9
2025-12-29 01:00:00,0.332,0.365,6.3,6
2025-12-29 02:00:00,0.332,0.365,6.4,8.1
2025-12-29 03:00:00,0.332,0.364,6.5,9.7
2025-12-29 04:00:00,0.332,0.364,6.8,11.1
2025-12-29 05:00:00,0.332,0.364,7,11.4
2025-12-29 06:00:00,0.331,0.364,7.2,11.2
2025-12-29 07:00:00,0.331,0.364,7.4,10.4
2025-12-29 08:00:00,0.331,0.365,7.5,9.5
2025-12-29 09:00:00,0.331,0.365,7.6,8.7
2025-12-29 10:00:00,0.331,0.365,7.7,8.1
2025-12-29 11:00:00,0.331,0.365,7.7,7.7
2025-12-29 12:00:00,0.331,0.366,7.7,6.8
2025-12-29 13:00:00,0.331,0.366,7.6,6.2
2025-12-29 14:00:00,0.331,0.366,7.6,5.7
2025-12-29 15:00:00,0.331,0.366,7.5,5.4
2025-12-29 16:00:00,0.331,0.366,7.4,5
2025-12-29 17:00:00,0.331,0.366,7.3,4.4
2025-12-29 18:00:00,0.331,0.366,7.3,3.7
2025-12-29 19:00:00,0.331,0.366,7.2,3.2
2025-12-29 20:00:00,0.331,0.366,7.1,3.1
2025-12-29 21:00:00,0.331,0.366,7,2.5
2025-12-29 22:00:00,0.331,0.367,6.9,2
2025-12-29 23:00:00,0.331,0.366,6.8,1.8
2025-12-30 00:00:00,0.331,0.366,6.7,2.5
2025-12-30 01:00:00,0.331,0.366,6.6,3.8
2025-12-30 02:00:00,0.331,0.365,6.6,5
2025-12-30 03:00:00,0.331,0.365,6.6,5.5
2025-12-30 04:00:00,0.331,0.365,6.6,5.8
2025-12-30 05:00:00,0.331,0.365,6.6,5.9
2025-12-30 06:00:00,0.331,0.365,6.6,5.7
2025-12-30 07:00:00,0.331,0.365,6.5,5.1
2025-12-30 08:00:00,0.331,0.365,6.5,4.2
2025-12-30 09:00:00,0.331,0.366,6.5,3.2
2025-12-30 10:00:00,0.331,0.366,6.4,2.6
2025-12-30 11:00:00,0.331,0.366,6.3,2.1
2025-12-30 12:00:00,0.331,0.366,6.3,1.7
2025-12-30 13:00:00,0.331,0.366,6.2,1.5
2025-12-30 14:00:00,0.331,0.366,6.1,0.9
2025-12-30 15:00:00,0.331,0.366,6,0.5
2025-12-30 16:00:00,0.331,0.366,5.9,0.3
2025-12-30 17:00:00,0.331,0.366,5.8,-0
2025-12-30 18:00:00,0.331,0.366,5.8,-0
2025-12-30 19:00:00,0.331,0.366,5.7,0.3
2025-12-30 20:00:00,0.331,0.366,5.6,0.3
2025-12-30 21:00:00,0.331,0.366,5.6,0.3
2025-12-30 22:00:00,0.331,0.366,5.6,0.6
2025-12-30 23:00:00,0.33,0.366,5.5,0.5
2025-12-31 00:00:00,0.33,0.366,5.5,1.3
2025-12-31 01:00:00,0.331,0.365,5.5,2.7
2025-12-31 02:00:00,0.331,0.365,5.5,3.2
2025-12-31 03:00:00,0.33,0.365,5.5,2.4
2025-12-31 04:00:00,0.33,0.366,5.6,2
2025-12-31 05:00:00,0.33,0.366,5.6,1.4
2025-12-31 06:00:00,0.33,0.366,5.5,0.6
2025-12-31 07:00:00,0.33,0.366,5.4,-0
2025-12-31 08:00:00,0.33,0.366,5.3,-0.6
2025-12-31 09:00:00,0.33,0.366,5.2,-1
2025-12-31 10:00:00,0.33,0.366,5.1,-1.3
2025-12-31 11:00:00,0.33,0.366,5,-1.6
2025-12-31 12:00:00,0.33,0.366,4.9,-1.8
2025-12-31 13:00:00,0.33,0.366,4.8,-2
2025-12-31 14:00:00,0.33,0.364,4.8,-2.2
2025-12-31 15:00:00,0.33,0.361,4.7,-2.5
2025-12-31 16:00:00,0.33,0.358,4.6,-2.6
2025-12-31 17:00:00,0.33,0.355,4.5,-2.9
2025-12-31 18:00:00,0.33,0.352,4.4,-3
2025-12-31 19:00:00,0.33,0.349,4.3,-3.2
2025-12-31 20:00:00,0.33,0.347,4.3,-3.5
2025-12-31 21:00:00,0.33,0.344,4.2,-3.6
2025-12-31 22:00:00,0.33,0.34,4.1,-3.4
2025-12-31 23:00:00,0.331,0.337,4,-3.3
2026-01-01 00:00:00,0.33,0.335,4,-2.3
2026-01-01 01:00:00,0.33,0.332,3.9,-1.5
2026-01-01 02:00:00,0.33,0.331,3.9,-1.4
2026-01-01 03:00:00,0.33,0.33,3.9,-1
2026-01-01 04:00:00,0.33,0.329,3.8,-0.9
2026-01-01 05:00:00,0.33,0.328,3.8,-0.3
2026-01-01 06:00:00,0.33,0.328,3.8,-0.2
2026-01-01 07:00:00,0.33,0.328,3.8,-0.5
2026-01-01 08:00:00,0.33,0.327,3.8,-0.9
2026-01-01 09:00:00,0.33,0.326,3.8,-1.4
2026-01-01 10:00:00,0.33,0.324,3.8,-1.5
2026-01-01 11:00:00,0.33,0.324,3.8,-1.4
2026-01-01 12:00:00,0.33,0.323,3.8,-1.8
2026-01-01 13:00:00,0.33,0.321,3.7,-2
2026-01-01 14:00:00,0.33,0.32,3.7,-1.9
2026-01-01 15:00:00,0.33,0.318,3.7,-2.4
2026-01-01 16:00:00,0.33,0.316,3.7,-2.6
2026-01-01 17:00:00,0.33,0.314,3.7,-2.7
2026-01-01 18:00:00,0.33,0.312,3.7,-2.8
2026-01-01 19:00:00,0.33,0.31,3.7,-2.8
2026-01-01 20:00:00,0.33,0.308,3.7,-2.5
2026-01-01 21:00:00,0.33,0.306,3.7,-2.7
2026-01-01 22:00:00,0.329,0.305,3.8,-2.9
2026-01-01 23:00:00,0.33,0.302,3.8,-2.8
2026-01-02 00:00:00,0.329,0.3,3.8,-2.4
2026-01-02 01:00:00,0.329,0.299,3.9,-1.4
2026-01-02 02:00:00,0.329,0.299,3.9,-0.3
2026-01-02 03:00:00,0.329,0.299,3.9,-0.5
2026-01-02 04:00:00,0.329,0.299,4,-0.4
2026-01-02 05:00:00,0.329,0.299,4,-0.6
2026-01-02 06:00:00,0.329,0.299,4.1,-0.8
2026-01-02 07:00:00,0.329,0.299,4.1,-0.8
2026-01-02 08:00:00,0.329,0.299,4.1,-0.8
2026-01-02 09:00:00,0.329,0.298,4.2,-0.9
2026-01-02 10:00:00,0.329,0.298,4.2,-0.8
2026-01-02 11:00:00,0.329,0.297,4.2,-0.7
2026-01-02 12:00:00,0.329,0.297,4.2,-0.5
2026-01-02 13:00:00,0.329,0.297,4.2,-0.5
2026-01-02 14:00:00,0.329,0.297,4.2,-0.4
2026-01-02 15:00:00,0.329,0.297,4.3,-0.2
2026-01-02 16:00:00,0.329,0.296,4.3,-0.3
2026-01-02 17:00:00,0.329,0.296,4.3,-0.8
2026-01-02 18:00:00,0.329,0.296,4.3,-1.1
2026-01-02 19:00:00,0.329,0.295,4.3,-1.7
2026-01-02 20:00:00,0.329,0.294,4.3,-2
2026-01-02 21:00:00,0.329,0.292,4.3,-2.1
2026-01-02 22:00:00,0.329,0.291,4.3,-2.4
2026-01-02 23:00:00,0.329,0.29,4.3,-2.3
2026-01-03 00:00:00,0.33,0.288,4.3,-1.2
2026-01-03 01:00:00,0.33,0.288,4.3,0
2026-01-03 02:00:00,0.33,0.289,4.3,0.6
2026-01-03 03:00:00,0.33,0.29,4.3,1.4
2026-01-03 04:00:00,0.33,0.291,4.4,1.9
2026-01-03 05:00:00,0.33,0.293,4.4,2.1
2026-01-03 06:00:00,0.331,0.294,4.5,2.1
2026-01-03 07:00:00,0.332,0.295,4.5,1.5
2026-01-03 08:00:00,0.332,0.296,4.5,1
2026-01-03 09:00:00,0.332,0.296,4.5,0.8
2026-01-03 10:00:00,0.332,0.296,4.5,0.5
2026-01-03 11:00:00,0.332,0.295,4.5,0.1
2026-01-03 12:00:00,0.332,0.295,4.5,-0
2026-01-03 13:00:00,0.332,0.295,4.4,-0.2
2026-01-03 14:00:00,0.333,0.295,4.4,-0.2
2026-01-03 15:00:00,0.333,0.294,4.4,-0.3
2026-01-03 16:00:00,0.333,0.294,4.3,-0.5
2026-01-03 17:00:00,0.333,0.294,4.3,-0.6
2026-01-03 18:00:00,0.333,0.293,4.3,-0.5
2026-01-03 19:00:00,0.333,0.293,4.2,-0.5
2026-01-03 20:00:00,0.333,0.293,4.2,-0.3
2026-01-03 21:00:00,0.333,0.293,4.2,-0.2
2026-01-03 22:00:00,0.333,0.293,4.2,-0.2
2026-01-03 23:00:00,0.333,0.293,4.2,-0.1
2026-01-04 00:00:00,0.333,0.293,4.2,0.6
2026-01-04 01:00:00,0.333,0.293,4.2,2.1
2026-01-04 02:00:00,0.333,0.296,4.3,3.9
2026-01-04 03:00:00,0.333,0.299,4.5,4.8
2026-01-04 04:00:00,0.333,0.303,4.7,5.3
2026-01-04 05:00:00,0.333,0.308,4.9,5.1
2026-01-04 06:00:00,0.333,0.313,5,4.7
2026-01-04 07:00:00,0.333,0.316,5.2,4
2026-01-04 08:00:00,0.333,0.32,5.3,3.3
2026-01-04 09:00:00,0.333,0.322,5.3,2.6
2026-01-04 10:00:00,0.333,0.324,5.3,2.4
2026-01-04 11:00:00,0.333,0.326,5.3,2
2026-01-04 12:00:00,0.333,0.327,5.3,2
2026-01-04 13:00:00,0.333,0.328,5.3,2.1
2026-01-04 14:00:00,0.333,0.329,5.2,1.9
2026-01-04 15:00:00,0.333,0.331,5.2,1.7
2026-01-04 16:00:00,0.333,0.331,5.2,1.8
2026-01-04 17:00:00,0.333,0.333,5.2,1.6
2026-01-04 18:00:00,0.333,0.334,5.2,1.5
2026-01-04 19:00:00,0.333,0.334,5.2,1.7
2026-01-04 20:00:00,0.333,0.336,5.2,1.5
2026-01-04 21:00:00,0.333,0.336,5.2,1.2
2026-01-04 22:00:00,0.333,0.337,5.2,1.2
2026-01-04 23:00:00,0.333,0.337,5.1,1.4
2026-01-05 00:00:00,0.333,0.338,5.1,1.8
2026-01-05 01:00:00,0.333,0.339,5.1,2.9
2026-01-05 02:00:00,0.333,0.342,5.2,4.5
2026-01-05 03:00:00,0.333,0.346,5.3,5.2
2026-01-05 04:00:00,0.332,0.35,5.4,5
2026-01-05 05:00:00,0.332,0.354,5.5,4.2
2026-01-05 06:00:00,0.332,0.356,5.6,3.3
2026-01-05 07:00:00,0.332,0.358,5.6,2.3
2026-01-05 08:00:00,0.332,0.359,5.5,1.4
2026-01-05 09:00:00,0.332,0.36,5.4,0.6
2026-01-05 10:00:00,0.332,0.36,5.3,0
2026-01-05 11:00:00,0.332,0.36,5.2,-0.3
2026-01-05 12:00:00,0.332,0.359,5.1,-0.5
2026-01-05 13:00:00,0.332,0.359,5,-0.7
2026-01-05 14:00:00,0.332,0.358,4.9,-0.4
2026-01-05 15:00:00,0.333,0.358,4.8,-1
2026-01-05 16:00:00,0.332,0.357,4.8,-1.3
2026-01-05 17:00:00,0.332,0.356,4.7,-1.5
2026-01-05 18:00:00,0.332,0.354,4.6,-1.5
2026-01-05 19:00:00,0.333,0.353,4.5,-1.6
2026-01-05 20:00:00,0.333,0.351,4.4,-2
2026-01-05 21:00:00,0.333,0.349,4.3,-1.9
2026-01-05 22:00:00,0.333,0.347,4.3,-2
2026-01-05 23:00:00,0.333,0.344,4.2,-1.5
2026-01-06 00:00:00,0.333,0.343,4.2,-0.3
2026-01-06 01:00:00,0.333,0.343,4.1,1.3
2026-01-06 02:00:00,0.333,0.345,4.2,3.1
2026-01-06 03:00:00,0.333,0.348,4.2,3.4
2026-01-06 04:00:00,0.332,0.351,4.4,3.9
2026-01-06 05:00:00,0.332,0.354,4.5,4.1
2026-01-06 06:00:00,0.332,0.357,4.6,3.5
2026-01-06 07:00:00,0.332,0.359,4.7,3.1
2026-01-06 08:00:00,0.332,0.361,4.8,2.5
2026-01-06 09:00:00,0.332,0.362,4.8,1.8
2026-01-06 10:00:00,0.332,0.362,4.8,1.3
2026-01-06 11:00:00,0.332,0.363,4.8,1.1
2026-01-06 12:00:00,0.332,0.363,4.8,0.7
2026-01-06 13:00:00,0.332,0.364,4.7,0.6
2026-01-06 14:00:00,0.332,0.364,4.7,0.3
2026-01-06 15:00:00,0.332,0.364,4.6,0.3
2026-01-06 16:00:00,0.332,0.364,4.6,0.1
2026-01-06 17:00:00,0.331,0.363,4.6,-0
2026-01-06 18:00:00,0.332,0.363,4.5,-0.1
2026-01-06 19:00:00,0.332,0.363,4.5,-0.4
2026-01-06 20:00:00,0.331,0.363,4.4,-0.8
2026-01-06 21:00:00,0.332,0.363,4.4,-0.7
2026-01-06 22:00:00,0.331,0.362,4.3,-0.8
2026-01-06 23:00:00,0.332,0.362,4.3,-0.4
2026-01-07 00:00:00,0.332,0.361,4.3,0.3
2026-01-07 01:00:00,0.331,0.361,4.3,2
2026-01-07 02:00:00,0.331,0.361,4.3,5
2026-01-07 03:00:00,0.331,0.363,4.5,5.1
2026-01-07 04:00:00,0.331,0.364,4.7,5.1
2026-01-07 05:00:00,0.331,0.365,4.8,5.2
2026-01-07 06:00:00,0.331,0.365,5,4.8
2026-01-07 07:00:00,0.331,0.366,5,4.1
2026-01-07 08:00:00,0.331,0.366,5.1,3.2
2026-01-07 09:00:00,0.331,0.366,5,2.5
2026-01-07 10:00:00,0.331,0.366,5,2.3
2026-01-07 11:00:00,0.331,0.366,5,2.1
2026-01-07 12:00:00,0.331,0.366,4.9,2
2026-01-07 13:00:00,0.331,0.366,4.9,2.1
2026-01-07 14:00:00,0.331,0.366,4.9,2
2026-01-07 15:00:00,0.331,0.366,4.8,1.8
2026-01-07 16:00:00,0.331,0.366,4.8,1.6
2026-01-07 17:00:00,0.33,0.366,4.8,1.3
2026-01-07 18:00:00,0.331,0.366,4.7,1.1
2026-01-07 19:00:00,0.33,0.367,4.7,0.4
2026-01-07 20:00:00,0.331,0.367,4.6,-0.5
2026-01-07 21:00:00,0.33,0.367,4.6,-0.8
2026-01-07 22:00:00,0.331,0.367,4.5,-0.8
2026-01-07 23:00:00,0.331,0.367,4.4,-0.6
2026-01-08 00:00:00,0.331,0.366,4.3,0.5
2026-01-08 01:00:00,0.331,0.366,4.3,1.6
2026-01-08 02:00:00,0.33,0.365,4.3,2.9
2026-01-08 03:00:00,0.33,0.366,4.3,2.5
2026-01-08 04:00:00,0.33,0.366,4.4,2.3
2026-01-08 05:00:00,0.33,0.366,4.5,1.8
2026-01-08 06:00:00,0.33,0.366,4.4,1.4
2026-01-08 07:00:00,0.33,0.366,4.4,0.8
2026-01-08 08:00:00,0.33,0.367,4.3,0.2
2026-01-08 09:00:00,0.33,0.367,4.3,-0.5
2026-01-08 10:00:00,0.33,0.367,4.2,-0.9
2026-01-08 11:00:00,0.33,0.367,4.2,-0.9
2026-01-08 12:00:00,0.33,0.367,4.1,-0.9
2026-01-08 13:00:00,0.33,0.367,4,-0.9
2026-01-08 14:00:00,0.33,0.367,4,-1.1
2026-01-08 15:00:00,0.33,0.367,4,-1.5
2026-01-08 16:00:00,0.33,0.365,3.9,-1.7
2026-01-08 17:00:00,0.33,0.363,3.9,-1.8
2026-01-08 18:00:00,0.33,0.362,3.8,-2
2026-01-08 19:00:00,0.33,0.36,3.8,-2.2
2026-01-08 20:00:00,0.33,0.358,3.7,-2.4
2026-01-08 21:00:00,0.33,0.355,3.7,-2.4
2026-01-08 22:00:00,0.33,0.353,3.6,-2.5
2026-01-08 23:00:00,0.33,0.351,3.6,-2.2
2026-01-09 00:00:00,0.33,0.349,3.5,-1.1
2026-01-09 01:00:00,0.33,0.349,3.5,0.1
2026-01-09 02:00:00,0.33,0.349,3.5,2
2026-01-09 03:00:00,0.33,0.352,3.6,3.6
2026-01-09 04:00:00,0.33,0.356,3.7,4.7
2026-01-09 05:00:00,0.33,0.36,4,5.3
2026-01-09 06:00:00,0.33,0.363,4.2,5.3
2026-01-09 07:00:00,0.329,0.365,4.4,5
2026-01-09 08:00:00,0.329,0.366,4.5,4.5
2026-01-09 09:00:00,0.329,0.366,4.6,4.2
2026-01-09 10:00:00,0.329,0.366,4.7,4.2
2026-01-09 11:00:00,0.329,0.366,4.8,4.3
2026-01-09 12:00:00,0.329,0.366,4.8,4
2026-01-09 13:00:00,0.329,0.366,4.8,4
2026-01-09 14:00:00,0.329,0.366,4.9,4.2
2026-01-09 15:00:00,0.329,0.366,4.9,4.4
2026-01-09 16:00:00,0.329,0.366,4.9,4.7
2026-01-09 17:00:00,0.328,0.366,4.9,4.7
2026-01-09 18:00:00,0.328,0.366,5,5.5
2026-01-09 19:00:00,0.328,0.366,5,5.9
2026-01-09 20:00:00,0.328,0.366,5.1,6.1
2026-01-09 21:00:00,0.328,0.366,5.2,6.1
2026-01-09 22:00:00,0.328,0.366,5.2,6.6
2026-01-09 23:00:00,0.328,0.365,5.3,7.3
2026-01-10 00:00:00,0.328,0.365,5.4,8
2026-01-10 01:00:00,0.328,0.365,5.5,9
2026-01-10 02:00:00,0.328,0.365,5.7,9.6
2026-01-10 03:00:00,0.328,0.365,5.8,9.2
2026-01-10 04:00:00,0.328,0.365,6,8.3
2026-01-10 05:00:00,0.327,0.365,6,7.8
2026-01-10 06:00:00,0.327,0.365,6,6.5
2026-01-10 07:00:00,0.327,0.366,6,5.7
2026-01-10 08:00:00,0.327,0.366,6,4.7
2026-01-10 09:00:00,0.327,0.366,5.9,3.4
2026-01-10 10:00:00,0.327,0.367,5.8,2.4
2026-01-10 11:00:00,0.327,0.367,5.7,2.2
2026-01-10 12:00:00,0.327,0.367,5.5,1.8
2026-01-10 13:00:00,0.327,0.366,5.4,1.6
2026-01-10 14:00:00,0.327,0.367,5.3,1.3
2026-01-10 15:00:00,0.327,0.367,5.2,-0
2026-01-10 16:00:00,0.327,0.367,5.1,-0.3
2026-01-10 17:00:00,0.328,0.367,5,-0.4
2026-01-10 18:00:00,0.328,0.367,4.9,-0.4
2026-01-10 19:00:00,0.327,0.367,4.8,-0.8
2026-01-10 20:00:00,0.328,0.367,4.8,-1.2
2026-01-10 21:00:00,0.328,0.367,4.7,-1.5
2026-01-10 22:00:00,0.327,0.367,4.7,-1.9
2026-01-10 23:00:00,0.327,0.367,4.7,-2.1
2026-01-11 00:00:00,0.328,0.366,4.6,-2
2026-01-11 01:00:00,0.328,0.364,4.6,-2.3
2026-01-11 02:00:00,0.327,0.362,4.6,-2.1
2026-01-11 03:00:00,0.328,0.361,4.6,-1.1
2026-01-11 04:00:00,0.328,0.36,4.6,-1
2026-01-11 05:00:00,0.327,0.359,4.6,-1
2026-01-11 06:00:00,0.328,0.358,4.6,-1.4
2026-01-11 07:00:00,0.328,0.357,4.6,-1.4
2026-01-11 08:00:00,0.327,0.355,4.5,-1.6
2026-01-11 09:00:00,0.327,0.354,4.5,-1.6
2026-01-11 10:00:00,0.327,0.353,4.5,-1.7
2026-01-11 11:00:00,0.327,0.351,4.5,-1.9
2026-01-11 12:00:00,0.327,0.349,4.5,-2.1
2026-01-11 13:00:00,0.327,0.347,4.5,-2.5
2026-01-11 14:00:00,0.327,0.345,4.4,-2.9
2026-01-11 15:00:00,0.327,0.342,4.4,-3.3
2026-01-11 16:00:00,0.327,0.339,4.3,-3.5
2026-01-11 17:00:00,0.327,0.336,4.3,-3.6
2026-01-11 18:00:00,0.328,0.334,4.3,-3.3
2026-01-11 19:00:00,0.328,0.332,4.2,-3.5
2026-01-11 20:00:00,0.328,0.329,4.2,-3.4
2026-01-11 21:00:00,0.328,0.327,4.1,-3.4
2026-01-11 22:00:00,0.328,0.324,4.1,-3.4
2026-01-11 23:00:00,0.328,0.321,4,-3.2
2026-01-12 00:00:00,0.328,0.319,4,-2.6
2026-01-12 01:00:00,0.328,0.317,4,-1.5
2026-01-12 02:00:00,0.328,0.317,3.9,-0.2
2026-01-12 03:00:00,0.328,0.317,4,0.4
2026-01-12 04:00:00,0.328,0.318,4,1
2026-01-12 05:00:00,0.328,0.318,4,1.1
2026-01-12 06:00:00,0.328,0.319,4.1,1.3
2026-01-12 07:00:00,0.328,0.32,4.1,1.4
2026-01-12 08:00:00,0.328,0.32,4.1,1.4
2026-01-12 09:00:00,0.329,0.321,4.1,1.4
2026-01-12 10:00:00,0.329,0.322,4.1,1.6
2026-01-12 11:00:00,0.329,0.323,4.1,1.7
2026-01-12 12:00:00,0.33,0.324,4.1,1.8
2026-01-12 13:00:00,0.33,0.326,4.1,2.1
2026-01-12 14:00:00,0.331,0.327,4.1,2.1
2026-01-12 15:00:00,0.331,0.33,4.1,2.3
2026-01-12 16:00:00,0.332,0.332,4.2,2.7
2026-01-12 17:00:00,0.332,0.335,4.2,3.1
2026-01-12 18:00:00,0.332,0.338,4.3,3.1
2026-01-12 19:00:00,0.333,0.341,4.4,2.7
2026-01-12 20:00:00,0.333,0.343,4.4,2.3
2026-01-12 21:00:00,0.333,0.345,4.5,2
2026-01-12 22:00:00,0.333,0.346,4.5,1.6
2026-01-12 23:00:00,0.333,0.347,4.5,1.7
2026-01-13 00:00:00,0.334,0.348,4.5,2.9
2026-01-13 01:00:00,0.334,0.351,4.5,4.6
2026-01-13 02:00:00,0.334,0.355,4.7,5
2026-01-13 03:00:00,0.334,0.358,4.8,5
2026-01-13 04:00:00,0.334,0.361,5,5
2026-01-13 05:00:00,0.334,0.363,5.1,4.6
2026-01-13 06:00:00,0.334,0.365,5.2,3.9
2026-01-13 07:00:00,0.334,0.366,5.2,3
2026-01-13 08:00:00,0.334,0.366,5.2,2
2026-01-13 09:00:00,0.334,0.366,5.2,1.1
2026-01-13 10:00:00,0.334,0.367,5.1,0.4
2026-01-13 11:00:00,0.334,0.367,5,-0
2026-01-13 12:00:00,0.334,0.367,4.9,-0.3
2026-01-13 13:00:00,0.335,0.367,4.8,-0.5
2026-01-13 14:00:00,0.335,0.367,4.7,-0.9
2026-01-13 15:00:00,0.335,0.367,4.6,-1
2026-01-13 16:00:00,0.335,0.367,4.5,-1.1
2026-01-13 17:00:00,0.335,0.367,4.4,-1.5
2026-01-13 18:00:00,0.335,0.366,4.3,-1.8
2026-01-13 19:00:00,0.335,0.363,4.2,-1.9
2026-01-13 20:00:00,0.335,0.361,4.1,-2.1
2026-01-13 21:00:00,0.335,0.358,4.1,-2.3
2026-01-13 22:00:00,0.335,0.356,4,-2.4
2026-01-13 23:00:00,0.335,0.352,3.9,-2.3
2026-01-14 00:00:00,0.335,0.35,3.8,-1.1
2026-01-14 01:00:00,0.335,0.349,3.8,0.1
2026-01-14 02:00:00,0.335,0.349,3.8,1.5
2026-01-14 03:00:00,0.335,0.351,3.8,2.5
2026-01-14 04:00:00,0.335,0.354,3.9,3.6
2026-01-14 05:00:00,0.335,0.358,4.1,4.5
2026-01-14 06:00:00,0.335,0.361,4.2,4.8
2026-01-14 07:00:00,0.334,0.364,4.4,4.9
2026-01-14 08:00:00,0.334,0.365,4.5,4.7
2026-01-14 09:00:00,0.334,0.365,4.6,4.7
2026-01-14 10:00:00,0.334,0.366,4.7,4.6
2026-01-14 11:00:00,0.334,0.366,4.7,4.5
2026-01-14 12:00:00,0.334,0.366,4.7,4.6
2026-01-14 13:00:00,0.334,0.366,4.8,4.9
2026-01-14 14:00:00,0.334,0.366,4.8,5.5
2026-01-14 15:00:00,0.334,0.366,4.9,5.5
2026-01-14 16:00:00,0.334,0.366,5,5.2
2026-01-14 17:00:00,0.334,0.366,5,5.9
2026-01-14 18:00:00,0.333,0.366,5.1,6.8
2026-01-14 19:00:00,0.333,0.366,5.2,7.6
2026-01-14 20:00:00,0.333,0.366,5.3,8.2
2026-01-14 21:00:00,0.333,0.365,5.4,9.1
2026-01-14 22:00:00,0.333,0.365,5.6,9.3
2026-01-14 23:00:00,0.333,0.365,5.7,9.6
2026-01-15 00:00:00,0.333,0.365,5.9,10.3
2026-01-15 01:00:00,0.333,0.364,6,11.9
2026-01-15 02:00:00,0.333,0.364,6.3,13.9
2026-01-15 03:00:00,0.332,0.363,6.6,13.6
2026-01-15 04:00:00,0.332,0.364,6.8,13.5
2026-01-15 05:00:00,0.332,0.364,7.1,12.8
2026-01-15 06:00:00,0.332,0.364,7.2,11.8
2026-01-15 07:00:00,0.332,0.364,7.4,10.9
2026-01-15 08:00:00,0.331,0.365,7.4,9.5
2026-01-15 09:00:00,0.331,0.366,7.4,8.2
2026-01-15 10:00:00,0.331,0.366,7.4,7.5
2026-01-15 11:00:00,0.331,0.366,7.3,7.1
2026-01-15 12:00:00,0.331,0.366,7.2,6.3
2026-01-15 13:00:00,0.331,0.366,7.1,5.7
2026-01-15 14:00:00,0.331,0.366,7,5.2
2026-01-15 15:00:00,0.331,0.366,6.9,4.8
2026-01-15 16:00:00,0.331,0.366,6.8,4.4
2026-01-15 17:00:00,0.332,0.367,6.7,3.4
2026-01-15 18:00:00,0.332,0.367,6.6,2.3
2026-01-15 19:00:00,0.332,0.367,6.5,1.5
2026-01-15 20:00:00,0.332,0.367,6.3,1.1
2026-01-15 21:00:00,0.332,0.367,6.2,0.7
2026-01-15 22:00:00,0.332,0.367,6,0.5
2026-01-15 23:00:00,0.332,0.367,5.9,0.8
2026-01-16 00:00:00,0.332,0.367,5.8,1.2
2026-01-16 01:00:00,0.332,0.366,5.7,2.8
2026-01-16 02:00:00,0.332,0.365,5.7,6.3
2026-01-16 03:00:00,0.332,0.365,5.9,8
2026-01-16 04:00:00,0.331,0.364,6,9.1
2026-01-16 05:00:00,0.331,0.364,6.2,9.5
2026-01-16 06:00:00,0.331,0.364,6.4,9.6
2026-01-16 07:00:00,0.331,0.364,6.5,9.3
2026-01-16 08:00:00,0.331,0.365,6.6,9.1
2026-01-16 09:00:00,0.331,0.365,6.6,8.4
2026-01-16 10:00:00,0.331,0.365,6.6,7.7
2026-01-16 11:00:00,0.331,0.365,6.6,6.8
2026-01-16 12:00:00,0.331,0.365,6.6,6.3
2026-01-16 13:00:00,0.331,0.366,6.6,5.6
2026-01-16 14:00:00,0.331,0.366,6.5,4.8
2026-01-16 15:00:00,0.331,0.366,6.4,4.3
2026-01-16 16:00:00,0.331,0.366,6.4,4.1
2026-01-16 17:00:00,0.331,0.366,6.3,4.1
2026-01-16 18:00:00,0.331,0.366,6.2,3.9
2026-01-16 19:00:00,0.331,0.366,6.2,4.2
2026-01-16 20:00:00,0.331,0.366,6.2,4.3
2026-01-16 21:00:00,0.331,0.366,6.1,4.6
2026-01-16 22:00:00,0.331,0.366,6.1,4.9
2026-01-16 23:00:00,0.331,0.366,6.2,4.8
2026-01-17 00:00:00,0.331,0.365,6.2,4.9
2026-01-17 01:00:00,0.33,0.365,6.2,5.4
2026-01-17 02:00:00,0.33,0.365,6.2,7.1
2026-01-17 03:00:00,0.33,0.365,6.3,7.2
2026-01-17 04:00:00,0.33,0.365,6.4,7.6
2026-01-17 05:00:00,0.33,0.364,6.5,7.8
2026-01-17 06:00:00,0.33,0.365,6.5,7.2
2026-01-17 07:00:00,0.33,0.365,6.6,6.3
2026-01-17 08:00:00,0.33,0.365,6.6,5.1
2026-01-17 09:00:00,0.33,0.366,6.5,3.8
2026-01-17 10:00:00,0.33,0.366,6.5,2.9
2026-01-17 11:00:00,0.33,0.366,6.3,2.4
2026-01-17 12:00:00,0.33,0.366,6.2,2
2026-01-17 13:00:00,0.33,0.366,6.1,1.8
2026-01-17 14:00:00,0.33,0.366,6,1.4
2026-01-17 15:00:00,0.33,0.366,5.9,1.2
2026-01-17 16:00:00,0.33,0.366,5.8,1
2026-01-17 17:00:00,0.33,0.366,5.7,0.4
2026-01-17 18:00:00,0.33,0.366,5.6,0.2
2026-01-17 19:00:00,0.33,0.366,5.5,-0
2026-01-17 20:00:00,0.33,0.366,5.4,-0.3
2026-01-17 21:00:00,0.33,0.366,5.3,-0.3
2026-01-17 22:00:00,0.33,0.366,5.2,-0.5
2026-01-17 23:00:00,0.33,0.366,5.2,-0.6
2026-01-18 00:00:00,0.33,0.366,5.1,0.7
2026-01-18 01:00:00,0.33,0.365,5,3.4
2026-01-18 02:00:00,0.33,0.364,5.1,6.7
2026-01-18 03:00:00,0.33,0.364,5.3,8
2026-01-18 04:00:00,0.33,0.364,5.5,9.2
2026-01-18 05:00:00,0.33,0.364,5.8,9.5
2026-01-18 06:00:00,0.329,0.364,6,8.8
2026-01-18 07:00:00,0.329,0.364,6.2,7.8
2026-01-18 08:00:00,0.329,0.365,6.3,6.7
2026-01-18 09:00:00,0.329,0.365,6.3,5.5
2026-01-18 10:00:00,0.329,0.365,6.3,4.8
2026-01-18 11:00:00,0.329,0.365,6.3,4.5
2026-01-18 12:00:00,0.329,0.365,6.2,4.2
2026-01-18 13:00:00,0.329,0.365,6.2,4
2026-01-18 14:00:00,0.329,0.366,6.1,3.9
2026-01-18 15:00:00,0.329,0.365,6.1,3.6
2026-01-18 16:00:00,0.329,0.366,6,3.3
2026-01-18 17:00:00,0.329,0.366,6,3.2
2026-01-18 18:00:00,0.329,0.366,5.9,3.1
2026-01-18 19:00:00,0.329,0.365,5.9,3.1
2026-01-18 20:00:00,0.329,0.365,5.8,3.6
2026-01-18 21:00:00,0.329,0.365,5.8,3.7
2026-01-18 22:00:00,0.329,0.365,5.8,3.4
2026-01-18 23:00:00,0.329,0.365,5.8,3
2026-01-19 00:00:00,0.329,0.366,5.8,2.6
2026-01-19 01:00:00,0.329,0.365,5.7,2.8
2026-01-19 02:00:00,0.329,0.365,5.7,2.8
2026-01-19 03:00:00,0.329,0.365,5.7,2.7
2026-01-19 04:00:00,0.329,0.365,5.7,2.3
2026-01-19 05:00:00,0.329,0.365,5.6,2.3
2026-01-19 06:00:00,0.329,0.366,5.6,1.7
2026-01-19 07:00:00,0.329,0.366,5.5,0.8
2026-01-19 08:00:00,0.328,0.366,5.4,0
2026-01-19 09:00:00,0.329,0.366,5.3,-0.5
2026-01-19 10:00:00,0.329,0.366,5.2,-0.7
2026-01-19 11:00:00,0.329,0.366,5,-0.9
2026-01-19 12:00:00,0.329,0.366,4.9,-1
2026-01-19 13:00:00,0.329,0.366,4.8,-1.4
2026-01-19 14:00:00,0.329,0.366,4.7,-1.7
2026-01-19 15:00:00,0.329,0.366,4.6,-2
2026-01-19 16:00:00,0.329,0.364,4.5,-2.2
2026-01-19 17:00:00,0.329,0.361,4.4,-2.4
2026-01-19 18:00:00,0.329,0.359,4.3,-2.4
2026-01-19 19:00:00,0.329,0.356,4.2,-2.6
2026-01-19 20:00:00,0.329,0.353,4.1,-2.9
2026-01-19 21:00:00,0.329,0.351,4,-3
2026-01-19 22:00:00,0.329,0.348,3.9,-3
2026-01-19 23:00:00,0.329,0.345,3.9,-3.2
2026-01-20 00:00:00,0.329,0.343,3.8,-2.1
2026-01-20 01:00:00,0.329,0.341,3.7,-0.6
2026-01-20 02:00:00,0.329,0.341,3.7,0.6
2026-01-20 03:00:00,0.329,0.341,3.7,0.4
2026-01-20 04:00:00,0.329,0.342,3.7,0.6
2026-01-20 05:00:00,0.329,0.342,3.8,0.2
2026-01-20 06:00:00,0.329,0.341,3.8,-0.4
2026-01-20 07:00:00,0.329,0.341,3.8,-0.9
2026-01-20 08:00:00,0.329,0.34,3.7,-1.4
2026-01-20 09:00:00,0.329,0.339,3.7,-1.9
2026-01-20 10:00:00,0.329,0.337,3.6,-2.1
2026-01-20 11:00:00,0.329,0.335,3.6,-2.3
2026-01-20 12:00:00,0.329,0.334,3.5,-2.4
2026-01-20 13:00:00,0.329,0.333,3.4,-2.5
2026-01-20 14:00:00,0.329,0.331,3.4,-2.4
2026-01-20 15:00:00,0.329,0.329,3.4,-2.1
2026-01-20 16:00:00,0.329,0.328,3.3,-1.9
2026-01-20 17:00:00,0.329,0.326,3.3,-2
2026-01-20 18:00:00,0.329,0.324,3.3,-2.6
2026-01-20 19:00:00,0.329,0.322,3.2,-2.8
2026-01-20 20:00:00,0.329,0.32,3.2,-3.1
2026-01-20 21:00:00,0.329,0.318,3.2,-3.6
2026-01-20 22:00:00,0.329,0.315,3.2,-3.7
2026-01-20 23:00:00,0.329,0.313,3.1,-3.4
2026-01-21 00:00:00,0.329,0.31,3.1,-2.7
2026-01-21 01:00:00,0.328,0.308,3.1,-2.2
2026-01-21 02:00:00,0.328,0.307,3.1,-2.4
2026-01-21 03:00:00,0.328,0.306,3.2,-2
2026-01-21 04:00:00,0.328,0.306,3.2,-1.8
2026-01-21 05:00:00,0.328,0.305,3.2,-1.8
2026-01-21 06:00:00,0.328,0.303,3.3,-2.1
2026-01-21 07:00:00,0.328,0.302,3.3,-2.5
2026-01-21 08:00:00,0.328,0.3,3.4,-2.9
2026-01-21 09:00:00,0.328,0.299,3.4,-3.2
2026-01-21 10:00:00,0.328,0.296,3.5,-3.4
2026-01-21 11:00:00,0.328,0.294,3.5,-3.5
2026-01-21 12:00:00,0.328,0.292,3.5,-3.4
2026-01-21 13:00:00,0.328,0.29,3.5,-3.4
2026-01-21 14:00:00,0.328,0.288,3.5,-3.6
2026-01-21 15:00:00,0.328,0.287,3.5,-3.5
2026-01-21 16:00:00,0.328,0.285,3.5,-3.6
2026-01-21 17:00:00,0.328,0.284,3.5,-3.4
2026-01-21 18:00:00,0.328,0.283,3.5,-3.8
2026-01-21 19:00:00,0.328,0.282,3.5,-4.2
2026-01-21 20:00:00,0.328,0.279,3.5,-4.6
2026-01-21 21:00:00,0.328,0.277,3.5,-5
2026-01-21 22:00:00,0.328,0.275,3.5,-5.2
2026-01-21 23:00:00,0.328,0.272,3.5,-4.7
2026-01-22 00:00:00,0.328,0.27,3.5,-3.8
2026-01-22 01:00:00,0.328,0.269,3.5,-2.7
2026-01-22 02:00:00,0.328,0.266,3.5,-1.5
2026-01-22 03:00:00,0.328,0.266,3.5,-1.5
2026-01-22 04:00:00,0.328,0.266,3.5,-1.3
2026-01-22 05:00:00,0.327,0.266,3.6,-1.4
2026-01-22 06:00:00,0.328,0.265,3.6,-1.6
2026-01-22 07:00:00,0.327,0.265,3.6,-1.8
2026-01-22 08:00:00,0.327,0.265,3.6,-2.1
2026-01-22 09:00:00,0.327,0.264,3.6,-2.7
2026-01-22 10:00:00,0.327,0.264,3.6,-2.7
2026-01-22 11:00:00,0.327,0.263,3.6,-2.6
2026-01-22 12:00:00,0.327,0.262,3.5,-3
2026-01-22 13:00:00,0.327,0.256,3.5,-3.5
2026-01-22 14:00:00,0.327,0.253,3.5,-3.4
2026-01-22 15:00:00,0.327,0.25,3.5,-3.2
2026-01-22 16:00:00,0.327,0.249,3.4,-3.4
2026-01-22 17:00:00,0.327,0.247,3.4,-3.3
2026-01-22 18:00:00,0.327,0.246,3.4,-3.3
2026-01-22 19:00:00,0.327,0.244,3.4,-3.5
2026-01-22 20:00:00,0.327,0.243,3.4,-3.6
2026-01-22 21:00:00,0.327,0.241,3.4,-3.7
2026-01-22 22:00:00,0.327,0.24,3.4,-3.9
2026-01-22 23:00:00,0.327,0.238,3.3,-3.7
2026-01-23 00:00:00,0.327,0.237,3.3,-2.7
2026-01-23 01:00:00,0.327,0.238,3.3,-1.4
2026-01-23 02:00:00,0.327,0.239,3.4,0.6
2026-01-23 03:00:00,0.327,0.242,3.4,1
2026-01-23 04:00:00,0.327,0.245,3.5,1.1
2026-01-23 05:00:00,0.327,0.248,3.5,1.5
2026-01-23 06:00:00,0.327,0.25,3.6,1.2
2026-01-23 07:00:00,0.327,0.252,3.6,1.1
2026-01-23 08:00:00,0.327,0.253,3.7,1
2026-01-23 09:00:00,0.328,0.254,3.7,0.6
2026-01-23 10:00:00,0.328,0.255,3.7,0.5
2026-01-23 11:00:00,0.328,0.255,3.7,0.3
2026-01-23 12:00:00,0.328,0.255,3.7,0.3
2026-01-23 13:00:00,0.328,0.255,3.7,0
2026-01-23 14:00:00,0.328,0.255,3.7,-0
2026-01-23 15:00:00,0.328,0.254,3.6,-0.1
2026-01-23 16:00:00,0.328,0.254,3.6,-0.5
2026-01-23 17:00:00,0.329,0.253,3.6,-0.6
2026-01-23 18:00:00,0.329,0.252,3.6,-1
2026-01-23 19:00:00,0.329,0.251,3.5,-0.7
2026-01-23 20:00:00,0.329,0.251,3.5,-0.5
2026-01-23 21:00:00,0.329,0.25,3.5,0
2026-01-23 22:00:00,0.329,0.25,3.4,-0.1
2026-01-23 23:00:00,0.329,0.25,3.4,-0.5
2026-01-24 00:00:00,0.329,0.249,3.4,-0.4
2026-01-24 01:00:00,0.329,0.249,3.4,0.2
2026-01-24 02:00:00,0.329,0.25,3.5,1.8
2026-01-24 03:00:00,0.329,0.254,3.6,2
2026-01-24 04:00:00,0.329,0.256,3.7,1.6
2026-01-24 05:00:00,0.329,0.258,3.8,1.1
2026-01-24 06:00:00,0.329,0.259,3.8,0.9
2026-01-24 07:00:00,0.329,0.259,3.8,0.5
2026-01-24 08:00:00,0.329,0.259,3.8,-0.1
2026-01-24 09:00:00,0.329,0.258,3.7,-0.7
2026-01-24 10:00:00,0.329,0.256,3.7,-1
2026-01-24 11:00:00,0.329,0.255,3.6,-1
2026-01-24 12:00:00,0.329,0.253,3.5,-1.4
2026-01-24 13:00:00,0.329,0.25,3.5,-1.8
2026-01-24 14:00:00,0.329,0.247,3.4,-2
2026-01-24 15:00:00,0.329,0.245,3.3,-2.2
2026-01-24 16:00:00,0.329,0.242,3.3,-2.4
2026-01-24 17:00:00,0.329,0.241,3.2,-2.2
2026-01-24 18:00:00,0.329,0.24,3.2,-2
2026-01-24 19:00:00,0.329,0.239,3.1,-2.1
2026-01-24 20:00:00,0.329,0.239,3.1,-2.2
2026-01-24 21:00:00,0.329,0.238,3.1,-2.5
2026-01-24 22:00:00,0.329,0.237,3,-2.9
2026-01-24 23:00:00,0.329,0.236,3,-2.6
2026-01-25 00:00:00,0.329,0.236,3,-1.2
2026-01-25 01:00:00,0.329,0.237,2.9,0.4
2026-01-25 02:00:00,0.329,0.24,3,2.2
2026-01-25 03:00:00,0.329,0.244,3,1.8
2026-01-25 04:00:00,0.329,0.248,3.1,2
2026-01-25 05:00:00,0.329,0.251,3.3,1.5
2026-01-25 06:00:00,0.329,0.253,3.3,1.3
2026-01-25 07:00:00,0.329,0.254,3.4,0.5
2026-01-25 08:00:00,0.329,0.253,3.4,-0.4
2026-01-25 09:00:00,0.329,0.252,3.3,-1.1
2026-01-25 10:00:00,0.329,0.25,3.3,-1.6
2026-01-25 11:00:00,0.329,0.248,3.2,-1.9
2026-01-25 12:00:00,0.329,0.244,3.1,-2.2
2026-01-25 13:00:00,0.329,0.241,3.1,-2.5
2026-01-25 14:00:00,0.329,0.238,3,-2.7
2026-01-25 15:00:00,0.329,0.237,3,-3.1
2026-01-25 16:00:00,0.329,0.235,2.9,-3.3
2026-01-25 17:00:00,0.329,0.234,2.9,-3.5
2026-01-25 18:00:00,0.329,0.231,2.8,-3.8
2026-01-25 19:00:00,0.329,0.229,2.8,-4.2
2026-01-25 20:00:00,0.329,0.227,2.7,-4.2
2026-01-25 21:00:00,0.329,0.225,2.7,-4.3
2026-01-25 22:00:00,0.329,0.223,2.6,-4.6
2026-01-25 23:00:00,0.329,0.221,2.6,-4.1
2026-01-26 00:00:00,0.329,0.22,2.6,-2.4
2026-01-26 01:00:00,0.329,0.221,2.5,-1.5
2026-01-26 02:00:00,0.329,0.222,2.5,-1
2026-01-26 03:00:00,0.329,0.224,2.5,-0.2
2026-01-26 04:00:00,0.329,0.226,2.5,0.3
2026-01-26 05:00:00,0.329,0.228,2.5,0.7
2026-01-26 06:00:00,0.328,0.23,2.5,0.8
2026-01-26 07:00:00,0.329,0.232,2.6,0.8
2026-01-26 08:00:00,0.328,0.233,2.6,0.5
2026-01-26 09:00:00,0.328,0.234,2.6,0
2026-01-26 10:00:00,0.328,0.235,2.7,-0.2
2026-01-26 11:00:00,0.328,0.235,2.7,-0.3
2026-01-26 12:00:00,0.328,0.235,2.7,-0.4
2026-01-26 13:00:00,0.328,0.235,2.8,-0.7
2026-01-26 14:00:00,0.328,0.235,2.8,-1
2026-01-26 15:00:00,0.328,0.234,2.8,-1.1
2026-01-26 16:00:00,0.328,0.234,2.8,-0.7
2026-01-26 17:00:00,0.328,0.234,2.8,-0.7
2026-01-26 18:00:00,0.328,0.234,2.8,-0.7
2026-01-26 19:00:00,0.328,0.234,2.8,-0.7
2026-01-26 20:00:00,0.328,0.234,2.8,-0.5
2026-01-26 21:00:00,0.328,0.234,2.8,-0.1
2026-01-26 22:00:00,0.328,0.235,2.8,0
2026-01-26 23:00:00,0.328,0.235,2.8,0.3
2026-01-27 00:00:00,0.328,0.237,2.8,1.3
2026-01-27 01:00:00,0.328,0.241,2.9,2.4
2026-01-27 02:00:00,0.328,0.246,3.1,3.6
2026-01-27 03:00:00,0.328,0.253,3.2,3.1
2026-01-27 04:00:00,0.328,0.257,3.4,2.7
2026-01-27 05:00:00,0.328,0.26,3.4,1.8
2026-01-27 06:00:00,0.328,0.26,3.5,1.1
2026-01-27 07:00:00,0.328,0.26,3.4,0.5
2026-01-27 08:00:00,0.328,0.259,3.4,-0.2
2026-01-27 09:00:00,0.328,0.258,3.3,-0.8
2026-01-27 10:00:00,0.328,0.257,3.3,-1
2026-01-27 11:00:00,0.328,0.255,3.2,-1.1
2026-01-27 12:00:00,0.328,0.254,3.1,-1.1
2026-01-27 13:00:00,0.328,0.252,3.1,-1.3
2026-01-27 14:00:00,0.328,0.249,3,-1.4
2026-01-27 15:00:00,0.328,0.246,2.9,-1.6
2026-01-27 16:00:00,0.328,0.244,2.9,-1.7
2026-01-27 17:00:00,0.328,0.242,2.9,-1.6
2026-01-27 18:00:00,0.328,0.24,2.8,-1.6
2026-01-27 19:00:00,0.328,0.239,2.8,-1.7
2026-01-27 20:00:00,0.328,0.237,2.8,-2
2026-01-27 21:00:00,0.328,0.235,2.7,-2.6
2026-01-27 22:00:00,0.328,0.234,2.7,-3.3
2026-01-27 23:00:00,0.328,0.232,2.7,-3.2
2026-01-28 00:00:00,0.328,0.231,2.6,-1.9
2026-01-28 01:00:00,0.328,0.231,2.6,-0.3
2026-01-28 02:00:00,0.328,0.233,2.6,1.6
2026-01-28 03:00:00,0.328,0.236,2.6,1.5
2026-01-28 04:00:00,0.328,0.239,2.7,1.7
2026-01-28 05:00:00,0.328,0.242,2.7,1.7
2026-01-28 06:00:00,0.328,0.244,2.8,1.4
2026-01-28 07:00:00,0.327,0.246,2.8,0.8
2026-01-28 08:00:00,0.327,0.246,2.8,0.2
2026-01-28 09:00:00,0.327,0.245,2.8,-0.7
2026-01-28 10:00:00,0.327,0.244,2.8,-1.1
2026-01-28 11:00:00,0.327,0.242,2.7,-1.4
2026-01-28 12:00:00,0.327,0.24,2.7,-1.6
2026-01-28 13:00:00,0.327,0.238,2.7,-1.9
2026-01-28 14:00:00,0.327,0.236,2.6,-2
2026-01-28 15:00:00,0.327,0.234,2.6,-2.5
2026-01-28 16:00:00,0.327,0.232,2.6,-2.9
2026-01-28 17:00:00,0.327,0.231,2.5,-3
2026-01-28 18:00:00,0.327,0.229,2.5,-3.1
2026-01-28 19:00:00,0.327,0.227,2.5,-3.3
2026-01-28 20:00:00,0.327,0.226,2.5,-3.5
2026-01-28 21:00:00,0.327,0.224,2.4,-3.8
2026-01-28 22:00:00,0.327,0.222,2.4,-3.8
2026-01-28 23:00:00,0.327,0.221,2.4,-3.5
2026-01-29 00:00:00,0.327,0.22,2.3,-2.7
2026-01-29 01:00:00,0.327,0.22,2.3,-1.9
2026-01-29 02:00:00,0.327,0.222,2.3,-0.3
2026-01-29 03:00:00,0.327,0.224,2.3,0.8
2026-01-29 04:00:00,0.327,0.227,2.3,1.9
2026-01-29 05:00:00,0.327,0.231,2.3,2.3
2026-01-29 06:00:00,0.327,0.235,2.4,2
2026-01-29 07:00:00,0.327,0.238,2.5,1.3
2026-01-29 08:00:00,0.327,0.239,2.6,0.5
2026-01-29 09:00:00,0.327,0.239,2.6,-0.6
2026-01-29 10:00:00,0.327,0.238,2.6,-0.9
2026-01-29 11:00:00,0.327,0.237,2.6,-1.2
2026-01-29 12:00:00,0.327,0.235,2.6,-1.3
2026-01-29 13:00:00,0.327,0.234,2.5,-1.5
2026-01-29 14:00:00,0.327,0.233,2.5,-1.7
2026-01-29 15:00:00,0.327,0.232,2.5,-2
2026-01-29 16:00:00,0.327,0.231,2.5,-2.2
2026-01-29 17:00:00,0.327,0.23,2.5,-2.2
2026-01-29 18:00:00,0.327,0.229,2.4,-2.5
2026-01-29 19:00:00,0.327,0.228,2.4,-2.7
2026-01-29 20:00:00,0.327,0.226,2.4,-2.6
2026-01-29 21:00:00,0.327,0.225,2.4,-3
2026-01-29 22:00:00,0.327,0.224,2.4,-3.6
2026-01-29 23:00:00,0.327,0.222,2.3,-3.3
2026-01-30 00:00:00,0.327,0.221,2.3,-2.6
2026-01-30 01:00:00,0.327,0.221,2.3,-1.6
2026-01-30 02:00:00,0.327,0.223,2.3,0.2
2026-01-30 03:00:00,0.326,0.225,2.3,0.9
2026-01-30 04:00:00,0.326,0.228,2.3,0.8
2026-01-30 05:00:00,0.326,0.23,2.3,0.8
2026-01-30 06:00:00,0.326,0.231,2.4,0.5
2026-01-30 07:00:00,0.326,0.232,2.4,-0.1
2026-01-30 08:00:00,0.326,0.232,2.4,-0.7
2026-01-30 09:00:00,0.326,0.232,2.4,-1.4
2026-01-30 10:00:00,0.326,0.231,2.4,-1.9
2026-01-30 11:00:00,0.326,0.231,2.4,-2.2
2026-01-30 12:00:00,0.326,0.23,2.4,-2.4
2026-01-30 13:00:00,0.326,0.228,2.4,-2.7
2026-01-30 14:00:00,0.326,0.227,2.3,-2.9
2026-01-30 15:00:00,0.326,0.225,2.3,-3.3
2026-01-30 16:00:00,0.326,0.224,2.3,-3.5
2026-01-30 17:00:00,0.326,0.222,2.3,-3.8
2026-01-30 18:00:00,0.326,0.221,2.3,-4.1
2026-01-30 19:00:00,0.326,0.219,2.2,-4.1
2026-01-30 20:00:00,0.326,0.218,2.2,-3.9
2026-01-30 21:00:00,0.326,0.217,2.2,-4
2026-01-30 22:00:00,0.326,0.215,2.1,-4.4
2026-01-30 23:00:00,0.326,0.214,2.1,-4.1
2026-01-31 00:00:00,0.326,0.214,2.1,-2.8
2026-01-31 01:00:00,0.326,0.216,2.1,-0.3
2026-01-31 02:00:00,0.326,0.219,2.1,1.7
2026-01-31 03:00:00,0.326,0.223,2.1,2.1
2026-01-31 04:00:00,0.326,0.227,2.1,2.3
2026-01-31 05:00:00,0.326,0.231,2.1,2
2026-01-31 06:00:00,0.326,0.234,2.2,1.8
2026-01-31 07:00:00,0.326,0.236,2.2,1.4
2026-01-31 08:00:00,0.326,0.238,2.3,0.8
2026-01-31 09:00:00,0.326,0.239,2.3,0
2026-01-31 10:00:00,0.326,0.238,2.3,-0.5
2026-01-31 11:00:00,0.326,0.238,2.3,-0.7
2026-01-31 12:00:00,0.325,0.237,2.3,-0.8
2026-01-31 13:00:00,0.326,0.236,2.3,-0.9
2026-01-31 14:00:00,0.326,0.236,2.3,-0.9
2026-01-31 15:00:00,0.326,0.235,2.3,-1.1
2026-01-31 16:00:00,0.326,0.234,2.3,-1
2026-01-31 17:00:00,0.326,0.234,2.3,-1.2
2026-01-31 18:00:00,0.326,0.233,2.3,-1.3
2026-01-31 19:00:00,0.325,0.233,2.3,-1.6
2026-01-31 20:00:00,0.325,0.232,2.3,-1.6
2026-01-31 21:00:00,0.325,0.231,2.3,-1.6
2026-01-31 22:00:00,0.326,0.231,2.3,-1.6
2026-01-31 23:00:00,0.325,0.231,2.3,-1.5
2026-02-01 00:00:00,0.326,0.231,2.3,-0.5
2026-02-01 01:00:00,0.325,0.232,2.3,1.8
2026-02-01 02:00:00,0.325,0.237,2.4,3.2
2026-02-01 03:00:00,0.325,0.243,2.5,3.6
2026-02-01 04:00:00,0.325,0.25,2.7,3.6
2026-02-01 05:00:00,0.325,0.254,2.9,3.5
2026-02-01 06:00:00,0.325,0.259,3,3.1
2026-02-01 07:00:00,0.325,0.262,3.1,2.3
2026-02-01 08:00:00,0.325,0.263,3.1,1.4
2026-02-01 09:00:00,0.325,0.264,3.1,0.7
2026-02-01 10:00:00,0.324,0.263,3,0.2
2026-02-01 11:00:00,0.325,0.263,3,-0.2
2026-02-01 12:00:00,0.325,0.262,2.9,-0.8
2026-02-01 13:00:00,0.325,0.261,2.9,-0.9
2026-02-01 14:00:00,0.325,0.259,2.8,-1.2
2026-02-01 15:00:00,0.325,0.256,2.8,-1.4
2026-02-01 16:00:00,0.325,0.252,2.7,-1.5
2026-02-01 17:00:00,0.325,0.249,2.7,-1.9
2026-02-01 18:00:00,0.325,0.246,2.6,-1.7
2026-02-01 19:00:00,0.325,0.244,2.5,-1.7
2026-02-01 20:00:00,0.325,0.242,2.5,-1.6
2026-02-01 21:00:00,0.325,0.241,2.5,-1.5
2026-02-01 22:00:00,0.325,0.241,2.5,-1.3
2026-02-01 23:00:00,0.325,0.24,2.5,-1.1
2026-02-02 00:00:00,0.325,0.24,2.5,0.1
2026-02-02 01:00:00,0.325,0.242,2.6,0.9
2026-02-02 02:00:00,0.324,0.244,2.6,1.4
2026-02-02 03:00:00,0.325,0.247,2.7,1.6
2026-02-02 04:00:00,0.324,0.249,2.8,1.3
2026-02-02 05:00:00,0.324,0.251,2.9,1.4
2026-02-02 06:00:00,0.324,0.253,3,1.2
2026-02-02 07:00:00,0.324,0.254,3,0.9
2026-02-02 08:00:00,0.324,0.254,3.1,0.2
2026-02-02 09:00:00,0.325,0.253,3,-0.4
2026-02-02 10:00:00,0.324,0.252,3,-0.8
2026-02-02 11:00:00,0.325,0.251,2.9,-0.7
2026-02-02 12:00:00,0.325,0.25,2.9,-0.7
2026-02-02 13:00:00,0.325,0.249,2.9,-1.1
2026-02-02 14:00:00,0.325,0.246,2.8,-1.5
2026-02-02 15:00:00,0.325,0.244,2.8,-1.5
2026-02-02 16:00:00,0.325,0.242,2.8,-1.6
2026-02-02 17:00:00,0.325,0.24,2.7,-2
2026-02-02 18:00:00,0.325,0.238,2.7,-2
2026-02-02 19:00:00,0.325,0.237,2.6,-1.8
2026-02-02 20:00:00,0.325,0.236,2.6,-1.9
2026-02-02 21:00:00,0.325,0.235,2.6,-2.3
2026-02-02 22:00:00,0.325,0.233,2.5,-2.7
2026-02-02 23:00:00,0.325,0.232,2.5,-2
2026-02-03 00:00:00,0.325,0.232,2.5,-0.4
2026-02-03 01:00:00,0.325,0.234,2.5,1.6
2026-02-03 02:00:00,0.325,0.239,2.5,3.8
2026-02-03 03:00:00,0.325,0.247,2.7,4
2026-02-03 04:00:00,0.325,0.254,2.9,4.3
2026-02-03 05:00:00,0.324,0.26,3.1,4.3
2026-02-03 06:00:00,0.324,0.266,3.2,3.8
2026-02-03 07:00:00,0.324,0.269,3.3,3.1
2026-02-03 08:00:00,0.324,0.272,3.4,2.3
2026-02-03 09:00:00,0.324,0.273,3.4,1.7
2026-02-03 10:00:00,0.324,0.274,3.4,1.6
2026-02-03 11:00:00,0.324,0.275,3.4,1.2
2026-02-03 12:00:00,0.324,0.275,3.4,0.9
2026-02-03 13:00:00,0.324,0.275,3.4,0.6
2026-02-03 14:00:00,0.324,0.275,3.4,0.5
2026-02-03 15:00:00,0.324,0.275,3.4,0.2
2026-02-03 16:00:00,0.324,0.275,3.3,0.3
2026-02-03 17:00:00,0.324,0.275,3.3,0.2
2026-02-03 18:00:00,0.324,0.275,3.3,-0.4
2026-02-03 19:00:00,0.324,0.274,3.2,-0.7
2026-02-03 20:00:00,0.324,0.274,3.2,-0.9
2026-02-03 21:00:00,0.324,0.273,3.1,-0.9
2026-02-03 22:00:00,0.324,0.272,3.1,-1.1
2026-02-03 23:00:00,0.324,0.269,3,-0.7
2026-02-04 00:00:00,0.324,0.268,3,0.3
2026-02-04 01:00:00,0.324,0.269,3,1.8
2026-02-04 02:00:00,0.324,0.272,3.1,4
2026-02-04 03:00:00,0.324,0.277,3.3,5.5
2026-02-04 04:00:00,0.324,0.283,3.5,5.8
2026-02-04 05:00:00,0.324,0.289,3.7,6.5
2026-02-04 06:00:00,0.323,0.294,3.9,6
2026-02-04 07:00:00,0.323,0.299,4.1,5.6
2026-02-04 08:00:00,0.323,0.303,4.2,5
2026-02-04 09:00:00,0.323,0.307,4.2,4.5
2026-02-04 10:00:00,0.323,0.311,4.3,4
2026-02-04 11:00:00,0.323,0.313,4.3,3.7
2026-02-04 12:00:00,0.323,0.316,4.3,3.4
2026-02-04 13:00:00,0.323,0.318,4.3,2.6
2026-02-04 14:00:00,0.323,0.319,4.3,2.4
2026-02-04 15:00:00,0.323,0.321,4.3,2.5
2026-02-04 16:00:00,0.323,0.322,4.3,2.7
2026-02-04 17:00:00,0.323,0.324,4.3,2.5
2026-02-04 18:00:00,0.323,0.325,4.3,2.5
2026-02-04 19:00:00,0.323,0.326,4.3,2.6
2026-02-04 20:00:00,0.323,0.328,4.3,2.5
2026-02-04 21:00:00,0.323,0.329,4.3,2.2
2026-02-04 22:00:00,0.323,0.33,4.3,2.1
2026-02-04 23:00:00,0.323,0.331,4.2,2.6
2026-02-05 00:00:00,0.323,0.333,4.3,3.7
2026-02-05 01:00:00,0.323,0.335,4.3,5.8
2026-02-05 02:00:00,0.323,0.338,4.5,8.8
2026-02-05 03:00:00,0.322,0.342,4.7,9.6
2026-02-05 04:00:00,0.322,0.346,5,10
2026-02-05 05:00:00,0.322,0.35,5.2,9.5
2026-02-05 06:00:00,0.322,0.354,5.4,8.7
2026-02-05 07:00:00,0.322,0.356,5.5,7.9
2026-02-05 08:00:00,0.322,0.357,5.6,6.9
2026-02-05 09:00:00,0.322,0.359,5.7,5.7
2026-02-05 10:00:00,0.322,0.36,5.7,5.1
2026-02-05 11:00:00,0.321,0.36,5.6,4.6
2026-02-05 12:00:00,0.321,0.361,5.6,3.7
2026-02-05 13:00:00,0.321,0.362,5.5,2.8
2026-02-05 14:00:00,0.322,0.362,5.5,2.6
2026-02-05 15:00:00,0.322,0.362,5.4,2.1
2026-02-05 16:00:00,0.322,0.362,5.3,1.7
2026-02-05 17:00:00,0.322,0.363,5.2,1.1
2026-02-05 18:00:00,0.322,0.363,5.1,0.6
2026-02-05 19:00:00,0.322,0.363,5,-0.1
2026-02-05 20:00:00,0.322,0.363,4.8,-0.5
2026-02-05 21:00:00,0.322,0.363,4.7,-0.8
2026-02-05 22:00:00,0.322,0.363,4.6,-1.1
2026-02-05 23:00:00,0.322,0.363,4.4,-1
2026-02-06 00:00:00,0.322,0.363,4.3,0
2026-02-06 01:00:00,0.322,0.361,4.3,1.7
2026-02-06 02:00:00,0.322,0.362,4.3,2.7
2026-02-06 03:00:00,0.322,0.362,4.3,3
2026-02-06 04:00:00,0.322,0.362,4.4,2.9
2026-02-06 05:00:00,0.322,0.363,4.4,2.3
2026-02-06 06:00:00,0.322,0.363,4.4,1.7
2026-02-06 07:00:00,0.322,0.363,4.4,0.4
2026-02-06 08:00:00,0.322,0.363,4.3,-0.7
2026-02-06 09:00:00,0.322,0.363,4.2,-1.5
2026-02-06 10:00:00,0.322,0.364,4.1,-1.8
2026-02-06 11:00:00,0.322,0.364,4,-2
2026-02-06 12:00:00,0.322,0.363,3.8,-1.8
2026-02-06 13:00:00,0.322,0.361,3.7,-1.8
2026-02-06 14:00:00,0.322,0.358,3.7,-1.8
2026-02-06 15:00:00,0.322,0.356,3.6,-1.8
2026-02-06 16:00:00,0.322,0.354,3.5,-1.8
2026-02-06 17:00:00,0.322,0.352,3.4,-1.8
2026-02-06 18:00:00,0.322,0.35,3.3,-1.8
2026-02-06 19:00:00,0.322,0.348,3.3,-2.1
2026-02-06 20:00:00,0.322,0.345,3.2,-2.3
2026-02-06 21:00:00,0.322,0.342,3.2,-2.7
2026-02-06 22:00:00,0.322,0.339,3.1,-2.9
2026-02-06 23:00:00,0.322,0.336,3,-2.3
2026-02-07 00:00:00,0.323,0.334,3,-1.3
2026-02-07 01:00:00,0.322,0.333,2.9,-0.5
2026-02-07 02:00:00,0.322,0.332,2.9,0.2
2026-02-07 03:00:00,0.322,0.333,3,-0.1
2026-02-07 04:00:00,0.322,0.333,3,-0.7
2026-02-07 05:00:00,0.322,0.332,3,-0.3
2026-02-07 06:00:00,0.322,0.332,3.1,-0.8
2026-02-07 07:00:00,0.322,0.331,3.1,-1.5
2026-02-07 08:00:00,0.322,0.33,3,-2.2
2026-02-07 09:00:00,0.322,0.328,2.9,-2.5
2026-02-07 10:00:00,0.322,0.326,2.9,-3
2026-02-07 11:00:00,0.322,0.323,2.8,-3.2
2026-02-07 12:00:00,0.322,0.32,2.8,-3
2026-02-07 13:00:00,0.322,0.318,2.7,-2.9
2026-02-07 14:00:00,0.322,0.316,2.7,-2.8
2026-02-07 15:00:00,0.322,0.314,2.7,-3
2026-02-07 16:00:00,0.322,0.312,2.7,-3.2
2026-02-07 17:00:00,0.322,0.31,2.6,-3.2
2026-02-07 18:00:00,0.322,0.308,2.6,-3.2
2026-02-07 19:00:00,0.322,0.306,2.6,-3.5
2026-02-07 20:00:00,0.322,0.303,2.7,-3.5
2026-02-07 21:00:00,0.322,0.301,2.7,-3.7
2026-02-07 22:00:00,0.322,0.299,2.7,-4.1
2026-02-07 23:00:00,0.322,0.296,2.7,-3.9
2026-02-08 00:00:00,0.322,0.294,2.7,-3.2
2026-02-08 01:00:00,0.322,0.292,2.7,-2.7
2026-02-08 02:00:00,0.322,0.291,2.7,-1.3
2026-02-08 03:00:00,0.322,0.291,2.7,-1
2026-02-08 04:00:00,0.322,0.29,2.7,-1
2026-02-08 05:00:00,0.322,0.29,2.8,-1.1
2026-02-08 06:00:00,0.322,0.289,2.8,-1.2
2026-02-08 07:00:00,0.322,0.289,2.8,-1.6
2026-02-08 08:00:00,0.322,0.287,2.9,-2.2
2026-02-08 09:00:00,0.322,0.286,2.9,-2.7
2026-02-08 10:00:00,0.322,0.284,2.9,-2.7
2026-02-08 11:00:00,0.322,0.283,2.9,-3
2026-02-08 12:00:00,0.322,0.281,2.9,-2.7
2026-02-08 13:00:00,0.322,0.28,2.9,-2.4
2026-02-08 14:00:00,0.322,0.279,2.9,-2.2
2026-02-08 15:00:00,0.321,0.278,2.9,-2.2
2026-02-08 16:00:00,0.322,0.277,2.9,-2.6
2026-02-08 17:00:00,0.321,0.275,2.9,-2.8
2026-02-08 18:00:00,0.321,0.274,2.9,-2.9
2026-02-08 19:00:00,0.321,0.273,2.9,-2.9
2026-02-08 20:00:00,0.321,0.271,2.9,-3.2
2026-02-08 21:00:00,0.321,0.27,2.9,-3.5
2026-02-08 22:00:00,0.321,0.268,2.8,-3.8
2026-02-08 23:00:00,0.321,0.266,2.8,-3.1
2026-02-09 00:00:00,0.321,0.264,2.8,-1.5
2026-02-09 01:00:00,0.321,0.265,2.8,0.4
2026-02-09 02:00:00,0.321,0.267,2.8,2.6
2026-02-09 03:00:00,0.321,0.27,2.8,2.6
2026-02-09 04:00:00,0.321,0.272,2.9,2.7
2026-02-09 05:00:00,0.322,0.274,2.9,2.9
2026-02-09 06:00:00,0.323,0.276,3,2.9
2026-02-09 07:00:00,0.323,0.278,3,2.6
2026-02-09 08:00:00,0.323,0.28,3.1,1.9
2026-02-09 09:00:00,0.324,0.28,3.1,0.8
2026-02-09 10:00:00,0.324,0.28,3.1,0.3
2026-02-09 11:00:00,0.324,0.28,3.1,0.2
2026-02-09 12:00:00,0.325,0.279,3.1,-0
2026-02-09 13:00:00,0.325,0.279,3.1,-0.2
2026-02-09 14:00:00,0.325,0.279,3.1,-0.6
2026-02-09 15:00:00,0.325,0.279,3,-0.6
2026-02-09 16:00:00,0.325,0.278,3,-0.6
2026-02-09 17:00:00,0.326,0.278,3,-0.6
2026-02-09 18:00:00,0.326,0.278,3,-0.5
2026-02-09 19:00:00,0.326,0.277,3,-0.5
2026-02-09 20:00:00,0.326,0.276,2.9,-0.6
2026-02-09 21:00:00,0.326,0.276,2.9,-0.5
2026-02-09 22:00:00,0.326,0.275,2.9,-0.5
2026-02-09 23:00:00,0.326,0.275,2.9,-0.3
2026-02-10 00:00:00,0.326,0.275,2.9,0.1
2026-02-10 01:00:00,0.326,0.275,2.9,0.7
2026-02-10 02:00:00,0.326,0.276,2.9,1.2
2026-02-10 03:00:00,0.326,0.277,2.9,1.3
2026-02-10 04:00:00,0.326,0.278,3,1.6
2026-02-10 05:00:00,0.326,0.279,3.1,1.6
2026-02-10 06:00:00,0.326,0.28,3.2,1.7
2026-02-10 07:00:00,0.326,0.281,3.3,1.6
2026-02-10 08:00:00,0.326,0.282,3.3,1.5
2026-02-10 09:00:00,0.326,0.283,3.4,1.5
2026-02-10 10:00:00,0.326,0.284,3.4,1.5
2026-02-10 11:00:00,0.326,0.285,3.4,1.5
2026-02-10 12:00:00,0.326,0.286,3.5,1.6
2026-02-10 13:00:00,0.326,0.287,3.5,1.6
2026-02-10 14:00:00,0.326,0.288,3.5,1.5
2026-02-10 15:00:00,0.326,0.288,3.6,1.5
2026-02-10 16:00:00,0.326,0.289,3.6,1.4
2026-02-10 17:00:00,0.327,0.29,3.6,1.5
2026-02-10 18:00:00,0.327,0.291,3.6,1.4
2026-02-10 19:00:00,0.327,0.292,3.6,1.3
2026-02-10 20:00:00,0.327,0.292,3.6,1.3
2026-02-10 21:00:00,0.327,0.293,3.6,1.1
2026-02-10 22:00:00,0.327,0.294,3.6,1.1
2026-02-10 23:00:00,0.327,0.294,3.6,1.3
2026-02-11 00:00:00,0.327,0.295,3.6,1.9
2026-02-11 01:00:00,0.327,0.297,3.7,3
2026-02-11 02:00:00,0.327,0.3,3.8,4.3
2026-02-11 03:00:00,0.327,0.305,3.9,5.6
2026-02-11 04:00:00,0.327,0.311,4.2,5.5
2026-02-11 05:00:00,0.327,0.316,4.4,5
2026-02-11 06:00:00,0.327,0.321,4.5,5.3
2026-02-11 07:00:00,0.327,0.326,4.7,5.3
2026-02-11 08:00:00,0.327,0.33,4.8,3.7
2026-02-11 09:00:00,0.327,0.333,4.8,2.8
2026-02-11 10:00:00,0.327,0.335,4.8,2.4
2026-02-11 11:00:00,0.327,0.336,4.7,1.8
2026-02-11 12:00:00,0.327,0.337,4.7,1.4
2026-02-11 13:00:00,0.327,0.338,4.6,1.2
2026-02-11 14:00:00,0.327,0.338,4.5,0.5
2026-02-11 15:00:00,0.327,0.338,4.4,0.3
2026-02-11 16:00:00,0.327,0.337,4.3,0.2
2026-02-11 17:00:00,0.327,0.337,4.3,-0.3
2026-02-11 18:00:00,0.327,0.337,4.2,-0.5
2026-02-11 19:00:00,0.327,0.336,4.1,-0.7
2026-02-11 20:00:00,0.327,0.336,4,-1
2026-02-11 21:00:00,0.327,0.336,3.9,-1.5
2026-02-11 22:00:00,0.327,0.334,3.8,-1.8
2026-02-11 23:00:00,0.328,0.332,3.7,-1.6
2026-02-12 00:00:00,0.328,0.33,3.7,-0.5
2026-02-12 01:00:00,0.328,0.329,3.6,1.2
2026-02-12 02:00:00,0.328,0.33,3.7,4.1
2026-02-12 03:00:00,0.327,0.334,3.8,5.5
2026-02-12 04:00:00,0.327,0.338,4.1,5.8
2026-02-12 05:00:00,0.327,0.342,4.3,6.2
2026-02-12 06:00:00,0.327,0.346,4.4,6.3
2026-02-12 07:00:00,0.327,0.35,4.6,5.8
2026-02-12 08:00:00,0.327,0.352,4.6,5.2
2026-02-12 09:00:00,0.327,0.355,4.7,4.1
2026-02-12 10:00:00,0.327,0.357,4.7,3.4
2026-02-12 11:00:00,0.327,0.358,4.7,2.8
2026-02-12 12:00:00,0.327,0.359,4.6,2.5
2026-02-12 13:00:00,0.326,0.359,4.6,1.7
2026-02-12 14:00:00,0.327,0.36,4.5,1.5
2026-02-12 15:00:00,0.327,0.36,4.5,0.9
2026-02-12 16:00:00,0.327,0.36,4.4,0.7
2026-02-12 17:00:00,0.327,0.361,4.3,0.4
2026-02-12 18:00:00,0.327,0.361,4.3,-0
2026-02-12 19:00:00,0.327,0.36,4.2,-0.6
2026-02-12 20:00:00,0.327,0.36,4.1,-1.1
2026-02-12 21:00:00,0.327,0.36,4,-1
2026-02-12 22:00:00,0.327,0.36,3.9,-1.1
2026-02-12 23:00:00,0.327,0.359,3.8,-0.4
2026-02-13 00:00:00,0.327,0.358,3.8,1.3
2026-02-13 01:00:00,0.327,0.357,3.8,3.8
2026-02-13 02:00:00,0.327,0.358,3.9,6.4
2026-02-13 03:00:00,0.327,0.359,4.2,8
2026-02-13 04:00:00,0.326,0.361,4.4,8.6
2026-02-13 05:00:00,0.326,0.362,4.7,9.3
2026-02-13 06:00:00,0.326,0.362,4.9,9.2
2026-02-13 07:00:00,0.326,0.362,5.1,8.7
2026-02-13 08:00:00,0.326,0.363,5.2,8
2026-02-13 09:00:00,0.326,0.363,5.3,7.1
2026-02-13 10:00:00,0.325,0.363,5.4,6.6
2026-02-13 11:00:00,0.325,0.364,5.4,6
2026-02-13 12:00:00,0.325,0.364,5.4,5.3
2026-02-13 13:00:00,0.325,0.364,5.3,5.1
2026-02-13 14:00:00,0.325,0.364,5.3,4.8
2026-02-13 15:00:00,0.325,0.364,5.3,4.8
2026-02-13 16:00:00,0.325,0.364,5.2,4.1
2026-02-13 17:00:00,0.325,0.365,5.2,3.5
2026-02-13 18:00:00,0.325,0.365,5.1,3.1
2026-02-13 19:00:00,0.325,0.365,5.1,2.8
2026-02-13 20:00:00,0.325,0.365,5,2.8
2026-02-13 21:00:00,0.325,0.365,5,2.9
2026-02-13 22:00:00,0.325,0.365,4.9,2.5
2026-02-13 23:00:00,0.325,0.364,4.9,3
2026-02-14 00:00:00,0.325,0.364,4.9,4.8
2026-02-14 01:00:00,0.325,0.363,4.9,6.3
2026-02-14 02:00:00,0.325,0.363,5,8.3
2026-02-14 03:00:00,0.325,0.362,5.2,9.9
2026-02-14 04:00:00,0.325,0.362,5.5,10.5
2026-02-14 05:00:00,0.325,0.362,5.7,11.5
2026-02-14 06:00:00,0.324,0.362,5.9,11.5
2026-02-14 07:00:00,0.324,0.362,6.1,11.6
2026-02-14 08:00:00,0.324,0.362,6.3,11.5
2026-02-14 09:00:00,0.324,0.362,6.5,11.1
2026-02-14 10:00:00,0.324,0.362,6.5,10.6
2026-02-14 11:00:00,0.324,0.363,6.6,10.3
2026-02-14 12:00:00,0.324,0.363,6.6,9.5
2026-02-14 13:00:00,0.324,0.363,6.6,8.7
2026-02-14 14:00:00,0.324,0.363,6.6,8.1
2026-02-14 15:00:00,0.324,0.363,6.6,7.7
2026-02-14 16:00:00,0.324,0.364,6.5,7.1
2026-02-14 17:00:00,0.324,0.364,6.5,6.7
2026-02-14 18:00:00,0.324,0.364,6.4,6.5
2026-02-14 19:00:00,0.324,0.364,6.4,6.3
2026-02-14 20:00:00,0.324,0.364,6.3,6.1
2026-02-14 21:00:00,0.324,0.364,6.3,5.7
2026-02-14 22:00:00,0.324,0.364,6.3,5.3
2026-02-14 23:00:00,0.324,0.364,6.2,5.5
2026-02-15 00:00:00,0.324,0.363,6.2,7.1
2026-02-15 01:00:00,0.324,0.363,6.2,9.5
2026-02-15 02:00:00,0.324,0.362,6.4,10.8
2026-02-15 03:00:00,0.323,0.362,6.6,11.1
2026-02-15 04:00:00,0.323,0.362,6.8,10.6
2026-02-15 05:00:00,0.323,0.362,6.9,9.9
2026-02-15 06:00:00,0.323,0.362,7,9.2
2026-02-15 07:00:00,0.323,0.363,7.1,8.8
2026-02-15 08:00:00,0.323,0.363,7.1,8.1
2026-02-15 09:00:00,0.323,0.363,7,7.1
2026-02-15 10:00:00,0.323,0.363,7,5.7
2026-02-15 11:00:00,0.323,0.364,6.9,4.8
2026-02-15 12:00:00,0.323,0.364,6.7,4.1
2026-02-15 13:00:00,0.323,0.364,6.6,3.4
2026-02-15 14:00:00,0.323,0.364,6.4,2.9
2026-02-15 15:00:00,0.323,0.364,6.3,2.4
2026-02-15 16:00:00,0.323,0.364,6.1,2
2026-02-15 17:00:00,0.323,0.364,6,1.8
2026-02-15 18:00:00,0.323,0.364,5.8,1.3
2026-02-15 19:00:00,0.323,0.364,5.7,0.9
2026-02-15 20:00:00,0.323,0.364,5.6,1
2026-02-15 21:00:00,0.324,0.364,5.5,1.2
2026-02-15 22:00:00,0.323,0.364,5.4,1.3
2026-02-15 23:00:00,0.323,0.364,5.3,1.7
2026-02-16 00:00:00,0.324,0.363,5.3,2.5
2026-02-16 01:00:00,0.323,0.363,5.3,3.8
2026-02-16 02:00:00,0.323,0.362,5.3,5.3
2026-02-16 03:00:00,0.323,0.362,5.4,6
2026-02-16 04:00:00,0.323,0.362,5.5,6.5
2026-02-16 05:00:00,0.323,0.362,5.6,6.2
2026-02-16 06:00:00,0.323,0.362,5.7,5.7
2026-02-16 07:00:00,0.323,0.363,5.7,5
2026-02-16 08:00:00,0.323,0.363,5.7,3.9
2026-02-16 09:00:00,0.323,0.363,5.6,2.8
2026-02-16 10:00:00,0.323,0.364,5.5,2
2026-02-16 11:00:00,0.323,0.364,5.4,1.5
2026-02-16 12:00:00,0.323,0.364,5.3,1.3
2026-02-16 13:00:00,0.323,0.364,5.2,1.2
2026-02-16 14:00:00,0.323,0.364,5.1,1
2026-02-16 15:00:00,0.323,0.364,5,0.8
2026-02-16 16:00:00,0.323,0.364,4.9,0.4
2026-02-16 17:00:00,0.323,0.364,4.9,-0.1
2026-02-16 18:00:00,0.323,0.364,4.8,-0.4
2026-02-16 19:00:00,0.323,0.364,4.7,-0.6
2026-02-16 20:00:00,0.323,0.364,4.6,-0.9
2026-02-16 21:00:00,0.323,0.364,4.5,-1.2
2026-02-16 22:00:00,0.323,0.364,4.4,-1.4
2026-02-16 23:00:00,0.323,0.364,4.3,-0.4
2026-02-17 00:00:00,0.323,0.363,4.3,1.7
2026-02-17 01:00:00,0.323,0.362,4.3,3.9
2026-02-17 02:00:00,0.323,0.362,4.5,6.3
2026-02-17 03:00:00,0.323,0.362,4.7,7.5
2026-02-17 04:00:00,0.323,0.362,4.9,7.3
2026-02-17 05:00:00,0.323,0.362,5.1,6.6
2026-02-17 06:00:00,0.322,0.363,5.2,5.9
2026-02-17 07:00:00,0.322,0.363,5.2,5.1
2026-02-17 08:00:00,0.322,0.363,5.2,4.2
2026-02-17 09:00:00,0.322,0.363,5.2,3.2
2026-02-17 10:00:00,0.322,0.364,5.1,2.4
2026-02-17 11:00:00,0.322,0.364,5,1.7
2026-02-17 12:00:00,0.322,0.364,5,1.2
2026-02-17 13:00:00,0.322,0.364,4.9,0.8
2026-02-17 14:00:00,0.322,0.364,4.8,0.4
2026-02-17 15:00:00,0.322,0.364,4.7,0.4
2026-02-17 16:00:00,0.322,0.364,4.6,-0
2026-02-17 17:00:00,0.322,0.364,4.5,-0.3
2026-02-17 18:00:00,0.322,0.364,4.5,-0.7
2026-02-17 19:00:00,0.323,0.364,4.4,-0.7
2026-02-17 20:00:00,0.323,0.364,4.3,-1
2026-02-17 21:00:00,0.323,0.364,4.2,-1.2
2026-02-17 22:00:00,0.323,0.364,4.1,-1.1
2026-02-17 23:00:00,0.323,0.364,4.1,-0.5
2026-02-18 00:00:00,0.323,0.363,4,1.3
2026-02-18 01:00:00,0.323,0.362,4.1,4.3
2026-02-18 02:00:00,0.322,0.362,4.2,7.2
2026-02-18 03:00:00,0.322,0.362,4.5,8.9
2026-02-18 04:00:00,0.322,0.362,4.8,8.9
2026-02-18 05:00:00,0.322,0.362,5,8.7
2026-02-18 06:00:00,0.322,0.362,5.2,8
2026-02-18 07:00:00,0.321,0.363,5.3,6.8
2026-02-18 08:00:00,0.321,0.363,5.3,5.1
2026-02-18 09:00:00,0.321,0.363,5.2,3.9
2026-02-18 10:00:00,0.321,0.364,5.2,3
2026-02-18 11:00:00,0.321,0.364,5.1,2.5
2026-02-18 12:00:00,0.321,0.364,5,2.3
2026-02-18 13:00:00,0.321,0.364,4.9,1.8
2026-02-18 14:00:00,0.321,0.364,4.8,1.2
2026-02-18 15:00:00,0.321,0.364,4.7,0.9
2026-02-18 16:00:00,0.321,0.364,4.6,0.3
2026-02-18 17:00:00,0.321,0.364,4.5,-0.4
2026-02-18 18:00:00,0.322,0.364,4.4,-0.5
2026-02-18 19:00:00,0.322,0.364,4.3,-0.6
2026-02-18 20:00:00,0.322,0.364,4.3,-1.2
2026-02-18 21:00:00,0.322,0.364,4.2,-1.6
2026-02-18 22:00:00,0.322,0.364,4.1,-2
2026-02-18 23:00:00,0.322,0.364,4,-1.1
2026-02-19 00:00:00,0.322,0.363,3.9,1.4
2026-02-19 01:00:00,0.322,0.362,3.9,4.1
2026-02-19 02:00:00,0.322,0.362,4.1,6.2
2026-02-19 03:00:00,0.321,0.362,4.3,6.8
2026-02-19 04:00:00,0.321,0.362,4.6,7.2
2026-02-19 05:00:00,0.321,0.362,4.7,7.1
2026-02-19 06:00:00,0.321,0.362,4.9,6.8
2026-02-19 07:00:00,0.321,0.362,4.9,6.3
2026-02-19 08:00:00,0.321,0.363,5,5.6
2026-02-19 09:00:00,0.321,0.363,5,4.5
2026-02-19 10:00:00,0.321,0.363,5,3.8
2026-02-19 11:00:00,0.321,0.363,5,3.3
2026-02-19 12:00:00,0.32,0.364,4.9,2.5
2026-02-19 13:00:00,0.32,0.364,4.9,2.2
2026-02-19 14:00:00,0.32,0.364,4.8,2.1
2026-02-19 15:00:00,0.321,0.364,4.7,1.9
2026-02-19 16:00:00,0.321,0.363,4.7,1.8
2026-02-19 17:00:00,0.321,0.363,4.6,1.5
2026-02-19 18:00:00,0.32,0.363,4.6,1.2
2026-02-19 19:00:00,0.32,0.364,4.5,1
2026-02-19 20:00:00,0.321,0.364,4.5,0.3
2026-02-19 21:00:00,0.321,0.364,4.4,0
2026-02-19 22:00:00,0.321,0.363,4.3,-0.1
2026-02-19 23:00:00,0.321,0.363,4.3,0.8
2026-02-20 00:00:00,0.321,0.363,4.2,2.9
2026-02-20 01:00:00,0.321,0.361,4.3,6.1
2026-02-20 02:00:00,0.32,0.36,4.5,9.6
2026-02-20 03:00:00,0.32,0.36,4.7,11.4
2026-02-20 04:00:00,0.32,0.36,5.1,11.9
2026-02-20 05:00:00,0.32,0.361,5.3,12
2026-02-20 06:00:00,0.319,0.361,5.6,11.7
2026-02-20 07:00:00,0.319,0.361,5.7,10.9
2026-02-20 08:00:00,0.319,0.361,5.9,9.8
2026-02-20 09:00:00,0.319,0.362,5.9,8.8
2026-02-20 10:00:00,0.319,0.362,5.9,8.2
2026-02-20 11:00:00,0.319,0.362,5.9,7.8
2026-02-20 12:00:00,0.319,0.362,5.9,7.3
2026-02-20 13:00:00,0.319,0.362,5.9,7.1
2026-02-20 14:00:00,0.319,0.362,5.9,6.7
2026-02-20 15:00:00,0.319,0.363,5.8,6.1
2026-02-20 16:00:00,0.319,0.363,5.8,5.6
2026-02-20 17:00:00,0.319,0.363,5.7,5.8
2026-02-20 18:00:00,0.319,0.363,5.7,6.1
2026-02-20 19:00:00,0.319,0.363,5.7,4.7
2026-02-20 20:00:00,0.319,0.363,5.6,4.3
2026-02-20 21:00:00,0.319,0.363,5.6,3.9
2026-02-20 22:00:00,0.319,0.363,5.5,3.5
2026-02-20 23:00:00,0.319,0.363,5.5,4.8
2026-02-21 00:00:00,0.319,0.362,5.5,7.5
2026-02-21 01:00:00,0.319,0.361,5.6,11.2
2026-02-21 02:00:00,0.318,0.359,5.8,14.7
2026-02-21 03:00:00,0.318,0.359,6.2,15.8
2026-02-21 04:00:00,0.318,0.359,6.5,15.9
2026-02-21 05:00:00,0.318,0.359,6.8,15.3
2026-02-21 06:00:00,0.317,0.359,7,14.6
2026-02-21 07:00:00,0.317,0.36,7.2,13.7
2026-02-21 08:00:00,0.317,0.36,7.3,13.1
2026-02-21 09:00:00,0.317,0.36,7.3,12.3
2026-02-21 10:00:00,0.317,0.36,7.4,11.7
2026-02-21 11:00:00,0.317,0.361,7.4,11
2026-02-21 12:00:00,0.317,0.361,7.3,10.6
2026-02-21 13:00:00,0.317,0.361,7.3,10.2
2026-02-21 14:00:00,0.317,0.361,7.3,10.2
2026-02-21 15:00:00,0.317,0.361,7.2,10.2
2026-02-21 16:00:00,0.317,0.361,7.2,9.8
2026-02-21 17:00:00,0.317,0.361,7.2,10
2026-02-21 18:00:00,0.317,0.361,7.2,10.5
2026-02-21 19:00:00,0.317,0.361,7.2,11
2026-02-21 20:00:00,0.316,0.361,7.2,11.6
2026-02-21 21:00:00,0.317,0.361,7.3,11.8
2026-02-21 22:00:00,0.316,0.361,7.4,11.9
2026-02-21 23:00:00,0.316,0.36,7.5,13
2026-02-22 00:00:00,0.316,0.359,7.6,14.7
2026-02-22 01:00:00,0.316,0.359,7.8,14.8
2026-02-22 02:00:00,0.316,0.36,8,13.4
2026-02-22 03:00:00,0.316,0.36,8.1,13.3
2026-02-22 04:00:00,0.316,0.359,8.2,14
2026-02-22 05:00:00,0.316,0.359,8.4,13.2
2026-02-22 06:00:00,0.315,0.36,8.4,12.3
2026-02-22 07:00:00,0.315,0.36,8.5,11.1
2026-02-22 08:00:00,0.315,0.361,8.4,9.2
2026-02-22 09:00:00,0.315,0.362,8.3,7.2
2026-02-22 10:00:00,0.315,0.362,8.2,5.8
2026-02-22 11:00:00,0.315,0.362,8,4.7
2026-02-22 12:00:00,0.315,0.363,7.7,4
2026-02-22 13:00:00,0.316,0.363,7.5,3.5
2026-02-22 14:00:00,0.316,0.363,7.3,3.2
2026-02-22 15:00:00,0.316,0.363,7.1,2.9
2026-02-22 16:00:00,0.316,0.363,7,2.8
2026-02-22 17:00:00,0.316,0.363,6.8,2.7
2026-02-22 18:00:00,0.316,0.363,6.7,2.7
2026-02-22 19:00:00,0.316,0.363,6.5,2.1
2026-02-22 20:00:00,0.316,0.363,6.4,1.8
2026-02-22 21:00:00,0.316,0.363,6.3,1.4
2026-02-22 22:00:00,0.316,0.363,6.2,1.3
2026-02-22 23:00:00,0.316,0.362,6.1,2.4
2026-02-23 00:00:00,0.316,0.362,6,4.1
2026-02-23 01:00:00,0.316,0.361,6,6.2
2026-02-23 02:00:00,0.316,0.361,6.2,7.7
2026-02-23 03:00:00,0.316,0.36,6.3,9
2026-02-23 04:00:00,0.316,0.36,6.4,9.9
2026-02-23 05:00:00,0.315,0.36,6.5,9.2
2026-02-23 06:00:00,0.315,0.36,6.6,9.3
2026-02-23 07:00:00,0.315,0.361,6.6,8.8
2026-02-23 08:00:00,0.315,0.361,6.6,7.6
2026-02-23 09:00:00,0.315,0.361,6.6,6.1
2026-02-23 10:00:00,0.315,0.362,6.5,4.8
2026-02-23 11:00:00,0.315,0.362,6.5,4.1
2026-02-23 12:00:00,0.315,0.362,6.3,3.6
2026-02-23 13:00:00,0.315,0.362,6.2,3.3
2026-02-23 14:00:00,0.315,0.362,6.1,3.5
2026-02-23 15:00:00,0.315,0.362,6,3.2
2026-02-23 16:00:00,0.315,0.362,6,2.9
2026-02-23 17:00:00,0.315,0.362,5.9,3.4
2026-02-23 18:00:00,0.315,0.362,5.8,3.7
2026-02-23 19:00:00,0.315,0.362,5.8,3.9
2026-02-23 20:00:00,0.315,0.362,5.7,4.2
2026-02-23 21:00:00,0.315,0.362,5.7,4.2
2026-02-23 22:00:00,0.315,0.362,5.7,4.3
2026-02-23 23:00:00,0.315,0.362,5.7,4.1
2026-02-24 00:00:00,0.314,0.362,5.7,4.5
2026-02-24 01:00:00,0.315,0.362,5.6,3.5
2026-02-24 02:00:00,0.314,0.362,5.6,2.7
2026-02-24 03:00:00,0.315,0.362,5.5,2.7
2026-02-24 04:00:00,0.317,0.363,5.5,2.9
2026-02-24 05:00:00,0.319,0.363,5.4,3.1
2026-02-24 06:00:00,0.32,0.363,5.4,3.3
2026-02-24 07:00:00,0.321,0.363,5.4,3.3
2026-02-24 08:00:00,0.323,0.363,5.4,3.5
2026-02-24 09:00:00,0.324,0.363,5.5,3.4
2026-02-24 10:00:00,0.325,0.363,5.5,3.4
2026-02-24 11:00:00,0.326,0.363,5.5,3.4
2026-02-24 12:00:00,0.327,0.363,5.5,2.8
2026-02-24 13:00:00,0.328,0.364,5.5,2
2026-02-24 14:00:00,0.328,0.364,5.4,1.6
2026-02-24 15:00:00,0.329,0.364,5.3,1.6
2026-02-24 16:00:00,0.33,0.364,5.3,1.3
2026-02-24 17:00:00,0.33,0.364,5.2,1.1
2026-02-24 18:00:00,0.331,0.364,5.2,1
2026-02-24 19:00:00,0.331,0.364,5.1,0.8
2026-02-24 20:00:00,0.332,0.364,5,0.7
2026-02-24 21:00:00,0.332,0.364,5,0.7
2026-02-24 22:00:00,0.332,0.364,4.9,0.5
2026-02-24 23:00:00,0.333,0.363,4.9,0.8
2026-02-25 00:00:00,0.333,0.363,4.9,1.3
2026-02-25 01:00:00,0.333,0.363,4.9,2.8
2026-02-25 02:00:00,0.333,0.362,5,5.3
2026-02-25 03:00:00,0.334,0.362,5.2,7.6
2026-02-25 04:00:00,0.333,0.362,5.4,8.3
2026-02-25 05:00:00,0.333,0.362,5.7,9
2026-02-25 06:00:00,0.333,0.361,6,9.7
2026-02-25 07:00:00,0.333,0.362,6.2,8.8
2026-02-25 08:00:00,0.333,0.362,6.4,8
2026-02-25 09:00:00,0.333,0.363,6.5,6.9
2026-02-25 10:00:00,0.333,0.363,6.5,6.1
2026-02-25 11:00:00,0.333,0.363,6.5,5.8
2026-02-25 12:00:00,0.333,0.363,6.4,5.4
2026-02-25 13:00:00,0.333,0.363,6.4,5
2026-02-25 14:00:00,0.333,0.363,6.3,4.9
2026-02-25 15:00:00,0.333,0.363,6.3,4.8
2026-02-25 16:00:00,0.333,0.363,6.2,4.6
2026-02-25 17:00:00,0.333,0.363,6.1,4.2
2026-02-25 18:00:00,0.333,0.363,6.1,3.9
2026-02-25 19:00:00,0.334,0.363,6,3.5
2026-02-25 20:00:00,0.334,0.363,6,3.5
2026-02-25 21:00:00,0.334,0.363,5.9,3.3
2026-02-25 22:00:00,0.334,0.363,5.8,3
2026-02-25 23:00:00,0.334,0.363,5.8,4
2026-02-26 00:00:00,0.334,0.362,5.7,5.7
2026-02-26 01:00:00,0.334,0.362,5.8,7.7
2026-02-26 02:00:00,0.334,0.361,6,9.1
2026-02-26 03:00:00,0.333,0.361,6.2,9.9
2026-02-26 04:00:00,0.333,0.361,6.5,10.4
2026-02-26 05:00:00,0.333,0.361,6.7,11
2026-02-26 06:00:00,0.333,0.361,6.9,11
2026-02-26 07:00:00,0.333,0.361,7,10.5
2026-02-26 08:00:00,0.333,0.361,7.2,10
2026-02-26 09:00:00,0.333,0.361,7.2,9.4
2026-02-26 10:00:00,0.332,0.362,7.3,9
2026-02-26 11:00:00,0.332,0.362,7.3,8.8
2026-02-26 12:00:00,0.332,0.362,7.3,8.5
2026-02-26 13:00:00,0.332,0.362,7.3,8.8
2026-02-26 14:00:00,0.332,0.362,7.3,8.6
2026-02-26 15:00:00,0.332,0.362,7.3,8.7
2026-02-26 16:00:00,0.332,0.362,7.3,8
2026-02-26 17:00:00,0.332,0.362,7.3,7.3
2026-02-26 18:00:00,0.332,0.362,7.2,7
2026-02-26 19:00:00,0.332,0.363,7.2,7
2026-02-26 20:00:00,0.333,0.363,7.2,7
2026-02-26 21:00:00,0.333,0.363,7.2,7.1
2026-02-26 22:00:00,0.333,0.363,7.1,7.2
2026-02-26 23:00:00,0.334,0.363,7.1,7.4
2026-02-27 00:00:00,0.334,0.363,7.2,7.8
2026-02-27 01:00:00,0.334,0.362,7.2,8.7
2026-02-27 02:00:00,0.335,0.362,7.3,9.3
2026-02-27 03:00:00,0.335,0.362,7.4,10.1
2026-02-27 04:00:00,0.335,0.362,7.5,9.8
2026-02-27 05:00:00,0.335,0.362,7.7,9.4
2026-02-27 06:00:00,0.335,0.362,7.8,9.3
2026-02-27 07:00:00,0.335,0.362,7.9,10
2026-02-27 08:00:00,0.335,0.362,7.9,10
2026-02-27 09:00:00,0.336,0.362,8,9.2
2026-02-27 10:00:00,0.336,0.362,8,8.1
2026-02-27 11:00:00,0.336,0.363,8,7.2
2026-02-27 12:00:00,0.336,0.363,7.9,6.4
2026-02-27 13:00:00,0.336,0.363,7.8,6
2026-02-27 14:00:00,0.336,0.363,7.7,5.8
2026-02-27 15:00:00,0.336,0.363,7.6,5.6
2026-02-27 16:00:00,0.337,0.363,7.5,5.2
2026-02-27 17:00:00,0.337,0.363,7.4,4.6
2026-02-27 18:00:00,0.337,0.363,7.3,4.3
2026-02-27 19:00:00,0.337,0.363,7.2,4.2
2026-02-27 20:00:00,0.337,0.363,7.1,3.8
2026-02-27 21:00:00,0.337,0.364,7,3.6
2026-02-27 22:00:00,0.337,0.363,6.9,3.6
2026-02-27 23:00:00,0.337,0.363,6.8,4.1
2026-02-28 00:00:00,0.337,0.362,6.7,6.2
2026-02-28 01:00:00,0.337,0.361,6.8,9.3
2026-02-28 02:00:00,0.337,0.361,7,11.2
2026-02-28 03:00:00,0.337,0.36,7.3,12.2
2026-02-28 04:00:00,0.337,0.36,7.5,12.7
2026-02-28 05:00:00,0.336,0.36,7.8,13.1
2026-02-28 06:00:00,0.336,0.36,8,12.6
2026-02-28 07:00:00,0.336,0.36,8.1,12.1
2026-02-28 08:00:00,0.336,0.361,8.2,11
2026-02-28 09:00:00,0.336,0.361,8.3,9.6
2026-02-28 10:00:00,0.336,0.362,8.2,8.8
2026-02-28 11:00:00,0.336,0.362,8.2,8.7
2026-02-28 12:00:00,0.336,0.362,8.1,8.2
2026-02-28 13:00:00,0.336,0.362,8.1,8.5
2026-02-28 14:00:00,0.336,0.362,8,8.1
2026-02-28 15:00:00,0.336,0.362,7.9,7.7
2026-02-28 16:00:00,0.336,0.362,7.9,7.3
2026-02-28 17:00:00,0.336,0.362,7.8,6.9
2026-02-28 18:00:00,0.336,0.362,7.7,6.6
2026-02-28 19:00:00,0.336,0.362,7.6,6.6
2026-02-28 20:00:00,0.336,0.362,7.5,6.5
2026-02-28 21:00:00,0.336,0.362,7.5,6.3
2026-02-28 22:00:00,0.336,0.363,7.4,6
2026-02-28 23:00:00,0.336,0.362,7.3,6.7
2026-03-01 00:00:00,0.336,0.362,7.3,8.5
2026-03-01 01:00:00,0.336,0.361,7.4,10.3
2026-03-01 02:00:00,0.336,0.36,7.5,11.5
2026-03-01 03:00:00,0.335,0.36,7.7,12.3
2026-03-01 04:00:00,0.335,0.36,7.9,12.7
2026-03-01 05:00:00,0.335,0.36,8.1,12.6
2026-03-01 06:00:00,0.335,0.36,8.3,12.6
2026-03-01 07:00:00,0.335,0.36,8.4,12.2
2026-03-01 08:00:00,0.334,0.361,8.5,11.4
2026-03-01 09:00:00,0.334,0.361,8.5,11
2026-03-01 10:00:00,0.334,0.361,8.5,10.7
2026-03-01 11:00:00,0.334,0.361,8.5,10.5
2026-03-01 12:00:00,0.334,0.361,8.4,10.5
2026-03-01 13:00:00,0.334,0.361,8.4,10.3
2026-03-01 14:00:00,0.334,0.361,8.4,9.3
2026-03-01 15:00:00,0.334,0.362,8.4,8.2
2026-03-01 16:00:00,0.334,0.362,8.3,7.3
2026-03-01 17:00:00,0.334,0.362,8.3,6.8
2026-03-01 18:00:00,0.334,0.363,8.2,6.4
2026-03-01 19:00:00,0.335,0.364,8.1,6.4
2026-03-01 20:00:00,0.335,0.364,8,6.4
2026-03-01 21:00:00,0.337,0.364,7.9,6.4
2026-03-01 22:00:00,0.338,0.364,7.8,6.5
2026-03-01 23:00:00,0.339,0.364,7.8,6.6
2026-03-02 00:00:00,0.34,0.364,7.7,6.8
2026-03-02 01:00:00,0.341,0.364,7.7,7.4
2026-03-02 02:00:00,0.342,0.364,7.8,7.6
2026-03-02 03:00:00,0.343,0.364,7.8,8
2026-03-02 04:00:00,0.344,0.363,7.9,8.2
2026-03-02 05:00:00,0.345,0.364,7.9,8.3
2026-03-02 06:00:00,0.345,0.364,8,8.3
2026-03-02 07:00:00,0.347,0.364,8,7.8
2026-03-02 08:00:00,0.349,0.364,8,7.4
2026-03-02 09:00:00,0.354,0.364,8,6.9
2026-03-02 10:00:00,0.358,0.364,8,6.7
2026-03-02 11:00:00,0.361,0.364,7.9,6.6
2026-03-02 12:00:00,0.364,0.364,7.9,6.5
2026-03-02 13:00:00,0.366,0.365,7.8,6.6
2026-03-02 14:00:00,0.367,0.365,7.8,6.7
2026-03-02 15:00:00,0.368,0.365,7.8,6.7
2026-03-02 16:00:00,0.368,0.365,7.8,6.6
2026-03-02 17:00:00,0.368,0.364,7.7,6.6
2026-03-02 18:00:00,0.368,0.364,7.7,6.4
2026-03-02 19:00:00,0.368,0.364,7.7,6.4
2026-03-02 20:00:00,0.368,0.364,7.7,6.4
2026-03-02 21:00:00,0.368,0.364,7.7,6.3
2026-03-02 22:00:00,0.368,0.364,7.6,6.2
2026-03-02 23:00:00,0.368,0.364,7.6,6.1
2026-03-03 00:00:00,0.368,0.364,7.6,7.4
2026-03-03 01:00:00,0.367,0.363,7.7,9.1
2026-03-03 02:00:00,0.367,0.363,7.9,10
2026-03-03 03:00:00,0.367,0.363,8.1,10.3
2026-03-03 04:00:00,0.366,0.362,8.3,10.8
2026-03-03 05:00:00,0.366,0.362,8.5,11.1
2026-03-03 06:00:00,0.366,0.362,8.6,11
2026-03-03 07:00:00,0.366,0.362,8.7,10.2
2026-03-03 08:00:00,0.365,0.363,8.8,9.4
2026-03-03 09:00:00,0.365,0.363,8.8,8.3
2026-03-03 10:00:00,0.365,0.363,8.8,7.5
2026-03-03 11:00:00,0.365,0.363,8.7,6.9
2026-03-03 12:00:00,0.365,0.363,8.5,6.8
2026-03-03 13:00:00,0.365,0.363,8.4,6.5
2026-03-03 14:00:00,0.365,0.363,8.4,5.8
2026-03-03 15:00:00,0.365,0.364,8.3,5.3
2026-03-03 16:00:00,0.365,0.364,8.1,4.8
2026-03-03 17:00:00,0.365,0.364,8,4.3
2026-03-03 18:00:00,0.365,0.364,7.9,4
2026-03-03 19:00:00,0.365,0.364,7.8,3.8
2026-03-03 20:00:00,0.365,0.364,7.7,3.3
2026-03-03 21:00:00,0.365,0.364,7.5,3.1
2026-03-03 22:00:00,0.365,0.364,7.4,3.2
2026-03-03 23:00:00,0.365,0.364,7.3,4.3
2026-03-04 00:00:00,0.365,0.363,7.3,6
2026-03-04 01:00:00,0.365,0.362,7.3,8.3
2026-03-04 02:00:00,0.364,0.361,7.6,10.4
2026-03-04 03:00:00,0.364,0.361,7.8,11
2026-03-04 04:00:00,0.364,0.361,8.1,11.2
2026-03-04 05:00:00,0.363,0.361,8.3,10.8
2026-03-04 06:00:00,0.363,0.361,8.4,10.6
2026-03-04 07:00:00,0.363,0.361,8.4,10.2
2026-03-04 08:00:00,0.363,0.362,8.4,9.5
2026-03-04 09:00:00,0.363,0.362,8.4,8.4
2026-03-04 10:00:00,0.363,0.363,8.3,7.1
2026-03-04 11:00:00,0.362,0.363,8.2,6.2
2026-03-04 12:00:00,0.362,0.363,8.1,5.7
2026-03-04 13:00:00,0.362,0.363,8,5.2
2026-03-04 14:00:00,0.362,0.363,7.9,5
2026-03-04 15:00:00,0.362,0.363,7.8,4.7
2026-03-04 16:00:00,0.362,0.363,7.7,4.6
2026-03-04 17:00:00,0.362,0.363,7.6,4.3
2026-03-04 18:00:00,0.362,0.364,7.5,3.7
2026-03-04 19:00:00,0.362,0.363,7.4,3.6
2026-03-04 20:00:00,0.362,0.364,7.3,3.2
2026-03-04 21:00:00,0.362,0.364,7.2,2.8
2026-03-04 22:00:00,0.362,0.363,7.1,3.1
2026-03-04 23:00:00,0.362,0.363,7,4.3
2026-03-05 00:00:00,0.362,0.362,6.9,6.7
2026-03-05 01:00:00,0.362,0.361,7,10.3
2026-03-05 02:00:00,0.362,0.36,7.3,12.9
2026-03-05 03:00:00,0.362,0.36,7.7,13.7
2026-03-05 04:00:00,0.361,0.36,8,13.4
2026-03-05 05:00:00,0.361,0.36,8.3,12.8
2026-03-05 06:00:00,0.361,0.36,8.5,12.7
2026-03-05 07:00:00,0.36,0.361,8.6,12.4
2026-03-05 08:00:00,0.36,0.361,8.7,11.6
2026-03-05 09:00:00,0.36,0.362,8.8,10.2
2026-03-05 10:00:00,0.36,0.362,8.8,9.5
2026-03-05 11:00:00,0.36,0.362,8.7,8.6
2026-03-05 12:00:00,0.36,0.363,8.7,8.2
2026-03-05 13:00:00,0.36,0.363,8.6,7.5
2026-03-05 14:00:00,0.36,0.363,8.5,6.7
2026-03-05 15:00:00,0.36,0.363,8.4,5.8
2026-03-05 16:00:00,0.361,0.364,8.3,5.3
2026-03-05 17:00:00,0.362,0.364,8.2,4.6
2026-03-05 18:00:00,0.363,0.365,8,4.1
2026-03-05 19:00:00,0.364,0.365,7.9,3.8
2026-03-05 20:00:00,0.365,0.365,7.8,3
2026-03-05 21:00:00,0.366,0.365,7.6,2.6
2026-03-05 22:00:00,0.366,0.365,7.4,2.6
2026-03-05 23:00:00,0.366,0.365,7.3,3.2
2026-03-06 00:00:00,0.366,0.364,7.2,3.9
2026-03-06 01:00:00,0.366,0.364,7.2,4.7
2026-03-06 02:00:00,0.366,0.364,7.2,5.6
2026-03-06 03:00:00,0.366,0.364,7.3,5.8
2026-03-06 04:00:00,0.366,0.363,7.4,6.6
2026-03-06 05:00:00,0.366,0.363,7.5,6.8
2026-03-06 06:00:00,0.366,0.363,7.6,6.5
2026-03-06 07:00:00,0.366,0.364,7.7,5.4
2026-03-06 08:00:00,0.366,0.364,7.6,4.6
2026-03-06 09:00:00,0.366,0.364,7.6,3.8
2026-03-06 10:00:00,0.365,0.364,7.5,3.1
2026-03-06 11:00:00,0.366,0.364,7.3,2.9
2026-03-06 12:00:00,0.366,0.364,7.2,2.7
2026-03-06 13:00:00,0.366,0.364,7.1,2.4
2026-03-06 14:00:00,0.366,0.364,7,2.2
2026-03-06 15:00:00,0.366,0.364,6.9,2.1
2026-03-06 16:00:00,0.366,0.364,6.7,1.9
2026-03-06 17:00:00,0.366,0.364,6.6,1.8
2026-03-06 18:00:00,0.366,0.364,6.5,1.6
2026-03-06 19:00:00,0.366,0.364,6.4,1.2
2026-03-06 20:00:00,0.366,0.364,6.3,0.7
2026-03-06 21:00:00,0.366,0.364,6.2,0.6
2026-03-06 22:00:00,0.366,0.364,6.1,1
2026-03-06 23:00:00,0.366,0.363,6,2.1
2026-03-07 00:00:00,0.365,0.363,6,3.3
2026-03-07 01:00:00,0.365,0.362,6,5.2
2026-03-07 02:00:00,0.365,0.362,6.2,6.3
2026-03-07 03:00:00,0.365,0.362,6.4,6.6
2026-03-07 04:00:00,0.365,0.362,6.6,6.2
2026-03-07 05:00:00,0.365,0.362,6.7,5.6
2026-03-07 06:00:00,0.364,0.363,6.7,5.1
2026-03-07 07:00:00,0.364,0.363,6.7,4.3
2026-03-07 08:00:00,0.364,0.363,6.6,3.4
2026-03-07 09:00:00,0.364,0.363,6.5,2.5
2026-03-07 10:00:00,0.364,0.364,6.3,1.6
2026-03-07 11:00:00,0.364,0.364,6.2,0.9
2026-03-07 12:00:00,0.364,0.364,6.1,0.6
2026-03-07 13:00:00,0.364,0.364,5.9,0.2
2026-03-07 14:00:00,0.364,0.364,5.8,0.1
2026-03-07 15:00:00,0.364,0.364,5.7,-0.3
2026-03-07 16:00:00,0.364,0.364,5.6,-0.6
2026-03-07 17:00:00,0.364,0.364,5.4,-0.7
2026-03-07 18:00:00,0.364,0.364,5.3,-1
2026-03-07 19:00:00,0.364,0.364,5.2,-1.5
2026-03-07 20:00:00,0.364,0.364,5.1,-1.7
2026-03-07 21:00:00,0.364,0.363,5,-1.9
2026-03-07 22:00:00,0.364,0.362,4.9,-1.5
2026-03-07 23:00:00,0.364,0.36,4.8,-0.4
2026-03-08 00:00:00,0.365,0.36,4.8,1.5
2026-03-08 01:00:00,0.364,0.361,4.8,3.8
2026-03-08 02:00:00,0.364,0.362,5,5.5
2026-03-08 03:00:00,0.364,0.362,5.4,6.2
2026-03-08 04:00:00,0.364,0.362,5.6,7
2026-03-08 05:00:00,0.363,0.362,5.8,7.1
2026-03-08 06:00:00,0.363,0.362,5.9,6.5
2026-03-08 07:00:00,0.363,0.362,6,5.9
2026-03-08 08:00:00,0.363,0.363,6,5.3
2026-03-08 09:00:00,0.363,0.363,6.1,4.2
2026-03-08 10:00:00,0.363,0.364,6,3
2026-03-08 11:00:00,0.362,0.364,6,2.2
2026-03-08 12:00:00,0.363,0.364,5.8,1.9
2026-03-08 13:00:00,0.363,0.364,5.7,1.7
2026-03-08 14:00:00,0.363,0.364,5.6,1.5
2026-03-08 15:00:00,0.363,0.364,5.5,1.5
2026-03-08 16:00:00,0.363,0.364,5.4,0.9
2026-03-08 17:00:00,0.363,0.364,5.4,0.8
2026-03-08 18:00:00,0.363,0.363,5.3,0.6
2026-03-08 19:00:00,0.363,0.363,5.2,0.5
2026-03-08 20:00:00,0.363,0.363,5.1,0.2
2026-03-08 21:00:00,0.363,0.363,5,0.4
2026-03-08 22:00:00,0.363,0.363,5,1
2026-03-08 23:00:00,0.363,0.363,5,1.7
2026-03-09 00:00:00,0.363,0.363,5,2.1
2026-03-09 01:00:00,0.363,0.363,5,3
2026-03-09 02:00:00,0.363,0.362,5,4.3
2026-03-09 03:00:00,0.362,0.361,5.2,6.8
2026-03-09 04:00:00,0.362,0.361,5.4,7.6
2026-03-09 05:00:00,0.362,0.362,5.6,7.7
2026-03-09 06:00:00,0.362,0.362,5.7,6.6
2026-03-09 07:00:00,0.361,0.362,5.8,5.7
2026-03-09 08:00:00,0.361,0.362,5.8,4.8
2026-03-09 09:00:00,0.361,0.363,5.8,3.9
2026-03-09 10:00:00,0.361,0.363,5.7,3.1
2026-03-09 11:00:00,0.361,0.363,5.6,2.6
2026-03-09 12:00:00,0.361,0.363,5.5,2.1
2026-03-09 13:00:00,0.361,0.363,5.5,1.8
2026-03-09 14:00:00,0.361,0.363,5.4,1.6
2026-03-09 15:00:00,0.361,0.363,5.3,1.2
2026-03-09 16:00:00,0.361,0.363,5.2,1
2026-03-09 17:00:00,0.361,0.363,5.1,0.5
2026-03-09 18:00:00,0.361,0.364,5.1,0
2026-03-09 19:00:00,0.361,0.364,5,-0.3
2026-03-09 20:00:00,0.361,0.364,4.9,-0.3
2026-03-09 21:00:00,0.361,0.364,4.8,-0.7
2026-03-09 22:00:00,0.361,0.364,4.7,-0.7
2026-03-09 23:00:00,0.361,0.363,4.6,0.5
2026-03-10 00:00:00,0.361,0.362,4.6,3
2026-03-10 01:00:00,0.361,0.362,4.7,5.6
2026-03-10 02:00:00,0.361,0.361,5,7.5
2026-03-10 03:00:00,0.361,0.361,5.4,8.3
2026-03-10 04:00:00,0.36,0.362,5.7,8.2
2026-03-10 05:00:00,0.36,0.362,5.9,8.5
2026-03-10 06:00:00,0.36,0.362,6,8.2
2026-03-10 07:00:00,0.359,0.362,6,7.1
2026-03-10 08:00:00,0.359,0.362,6,6.1
2026-03-10 09:00:00,0.359,0.363,6,5.1
2026-03-10 10:00:00,0.359,0.363,6,4.1
2026-03-10 11:00:00,0.359,0.363,5.9,3.5
2026-03-10 12:00:00,0.359,0.363,5.8,2.9
2026-03-10 13:00:00,0.359,0.363,5.7,2.6
2026-03-10 14:00:00,0.359,0.363,5.6,1.9
2026-03-10 15:00:00,0.359,0.363,5.5,1.5
2026-03-10 16:00:00,0.359,0.363,5.4,1.2
2026-03-10 17:00:00,0.359,0.363,5.3,0.7
2026-03-10 18:00:00,0.359,0.364,5.2,0.5
2026-03-10 19:00:00,0.359,0.363,5.1,0.2
2026-03-10 20:00:00,0.36,0.364,5,-0.1
2026-03-10 21:00:00,0.36,0.363,4.9,-0.1
2026-03-10 22:00:00,0.36,0.364,4.8,-0.3
2026-03-10 23:00:00,0.36,0.363,4.7,1
2026-03-11 00:00:00,0.36,0.362,4.7,3.1
2026-03-11 01:00:00,0.359,0.362,4.8,5.8
2026-03-11 02:00:00,0.359,0.361,5.1,8.2
2026-03-11 03:00:00,0.359,0.361,5.4,9.4
2026-03-11 04:00:00,0.359,0.361,5.7,9.6
2026-03-11 05:00:00,0.358,0.361,6,9.7
2026-03-11 06:00:00,0.358,0.361,6.2,9.3
2026-03-11 07:00:00,0.358,0.362,6.3,8.6
2026-03-11 08:00:00,0.358,0.362,6.3,7.7
2026-03-11 09:00:00,0.358,0.362,6.3,6.5
2026-03-11 10:00:00,0.358,0.362,6.3,5.6
2026-03-11 11:00:00,0.358,0.363,6.2,5.2
2026-03-11 12:00:00,0.358,0.363,6.2,4.8
2026-03-11 13:00:00,0.358,0.363,6.1,4.4
2026-03-11 14:00:00,0.357,0.363,6,4
2026-03-11 15:00:00,0.357,0.363,5.9,4.2
2026-03-11 16:00:00,0.357,0.363,5.9,3.7
2026-03-11 17:00:00,0.358,0.363,5.8,3.8
2026-03-11 18:00:00,0.358,0.363,5.8,3.3
2026-03-11 19:00:00,0.358,0.363,5.7,2.9
2026-03-11 20:00:00,0.357,0.363,5.6,2.9
2026-03-11 21:00:00,0.358,0.363,5.6,2.8
2026-03-11 22:00:00,0.358,0.363,5.5,2.8
2026-03-11 23:00:00,0.358,0.362,5.5,4.1
2026-03-12 00:00:00,0.358,0.362,5.5,6.5
2026-03-12 01:00:00,0.357,0.361,5.6,8.8
2026-03-12 02:00:00,0.357,0.361,5.9,10.5
2026-03-12 03:00:00,0.357,0.36,6.3,11.4
2026-03-12 04:00:00,0.356,0.36,6.6,11.5
2026-03-12 05:00:00,0.356,0.36,6.8,11.2
2026-03-12 06:00:00,0.356,0.361,7,10.3
2026-03-12 07:00:00,0.356,0.361,7.1,9.5
2026-03-12 08:00:00,0.356,0.362,7.1,8.7
2026-03-12 09:00:00,0.356,0.362,7.1,7.6
2026-03-12 10:00:00,0.356,0.362,7,6.7
2026-03-12 11:00:00,0.356,0.363,7,5.7
2026-03-12 12:00:00,0.356,0.363,6.9,5.2
2026-03-12 13:00:00,0.356,0.363,6.8,4.7
2026-03-12 14:00:00,0.355,0.363,6.6,4.6
2026-03-12 15:00:00,0.355,0.363,6.5,4.4
2026-03-12 16:00:00,0.356,0.363,6.5,4.3
2026-03-12 17:00:00,0.356,0.363,6.4,4
2026-03-12 18:00:00,0.356,0.363,6.3,3.4
2026-03-12 19:00:00,0.356,0.363,6.2,3.4
2026-03-12 20:00:00,0.356,0.363,6.1,3.3
2026-03-12 21:00:00,0.356,0.363,6.1,3.4
2026-03-12 22:00:00,0.356,0.363,6,4
2026-03-12 23:00:00,0.356,0.362,6,5.1
2026-03-13 00:00:00,0.356,0.361,6,7.3
2026-03-13 01:00:00,0.356,0.361,6.1,9.6
2026-03-13 02:00:00,0.355,0.36,6.4,11.1
2026-03-13 03:00:00,0.355,0.36,6.8,11.3
2026-03-13 04:00:00,0.355,0.36,7,11.7
2026-03-13 05:00:00,0.354,0.36,7.2,12
2026-03-13 06:00:00,0.354,0.36,7.3,11.6
2026-03-13 07:00:00,0.354,0.361,7.3,10.6
2026-03-13 08:00:00,0.354,0.361,7.3,9.6
2026-03-13 09:00:00,0.354,0.362,7.3,8.5
2026-03-13 10:00:00,0.354,0.362,7.3,7.3
2026-03-13 11:00:00,0.354,0.362,7.2,6.5
2026-03-13 12:00:00,0.354,0.362,7.1,5.8
2026-03-13 13:00:00,0.354,0.363,7,5.3
2026-03-13 14:00:00,0.354,0.363,6.9,5.1
2026-03-13 15:00:00,0.354,0.363,6.8,4.8
2026-03-13 16:00:00,0.354,0.363,6.7,4.3
2026-03-13 17:00:00,0.354,0.363,6.6,3.8
2026-03-13 18:00:00,0.354,0.363,6.5,3.6
2026-03-13 19:00:00,0.354,0.363,6.4,3.4
2026-03-13 20:00:00,0.354,0.363,6.4,3.1
2026-03-13 21:00:00,0.354,0.363,6.3,2.9
2026-03-13 22:00:00,0.354,0.363,6.2,3
2026-03-13 23:00:00,0.354,0.362,6.1,4.3
2026-03-14 00:00:00,0.354,0.362,6.1,6.8
2026-03-14 01:00:00,0.354,0.361,6.2,9.4
2026-03-14 02:00:00,0.353,0.36,6.5,11.4
2026-03-14 03:00:00,0.353,0.36,6.9,12
2026-03-14 04:00:00,0.353,0.36,7.1,12.5
2026-03-14 05:00:00,0.353,0.36,7.3,12.5
2026-03-14 06:00:00,0.352,0.36,7.5,11.6
2026-03-14 07:00:00,0.352,0.361,7.5,10.6
2026-03-14 08:00:00,0.352,0.361,7.5,9.7
2026-03-14 09:00:00,0.352,0.362,7.5,8.4
2026-03-14 10:00:00,0.352,0.362,7.4,7.3
2026-03-14 11:00:00,0.352,0.362,7.3,6.7
2026-03-14 12:00:00,0.352,0.362,7.2,6.3
2026-03-14 13:00:00,0.352,0.362,7.1,5.6
2026-03-14 14:00:00,0.352,0.363,7,4.9
2026-03-14 15:00:00,0.352,0.363,6.9,4.9
2026-03-14 16:00:00,0.352,0.363,6.8,4.7
2026-03-14 17:00:00,0.352,0.363,6.7,4.3
2026-03-14 18:00:00,0.352,0.363,6.7,4.3
2026-03-14 19:00:00,0.352,0.363,6.6,4.4
2026-03-14 20:00:00,0.352,0.363,6.5,4.4
2026-03-14 21:00:00,0.352,0.363,6.5,4.3
2026-03-14 22:00:00,0.352,0.363,6.5,4.6
2026-03-14 23:00:00,0.352,0.362,6.4,5.2
2026-03-15 00:00:00,0.352,0.362,6.4,5.7
2026-03-15 01:00:00,0.352,0.362,6.4,6.4
2026-03-15 02:00:00,0.352,0.361,6.5,7.8
2026-03-15 03:00:00,0.351,0.361,6.6,10.1
2026-03-15 04:00:00,0.351,0.36,6.8,11.1
2026-03-15 05:00:00,0.351,0.361,7,10.8
2026-03-15 06:00:00,0.351,0.361,7.2,10.7
2026-03-15 07:00:00,0.351,0.361,7.4,9.8
2026-03-15 08:00:00,0.351,0.362,7.5,8.7
2026-03-15 09:00:00,0.35,0.362,7.5,8
2026-03-15 10:00:00,0.35,0.362,7.5,7.5
2026-03-15 11:00:00,0.35,0.362,7.5,6.6
2026-03-15 12:00:00,0.35,0.363,7.4,5.6
2026-03-15 13:00:00,0.35,0.363,7.3,5.2
2026-03-15 14:00:00,0.35,0.363,7.2,4.6
2026-03-15 15:00:00,0.35,0.363,7.1,4.3
2026-03-15 16:00:00,0.35,0.363,7,4.3
2026-03-15 17:00:00,0.35,0.363,6.9,4
2026-03-15 18:00:00,0.35,0.363,6.8,3.5
2026-03-15 19:00:00,0.35,0.363,6.7,3.2
2026-03-15 20:00:00,0.35,0.363,6.6,2.5
2026-03-15 21:00:00,0.35,0.363,6.5,2.3
2026-03-15 22:00:00,0.35,0.363,6.4,2.5
2026-03-15 23:00:00,0.35,0.363,6.3,3.2
2026-03-16 00:00:00,0.35,0.362,6.3,4.8
2026-03-16 01:00:00,0.35,0.361,6.3,7.5
2026-03-16 02:00:00,0.35,0.361,6.5,9.7
2026-03-16 03:00:00,0.35,0.361,6.8,10.5
2026-03-16 04:00:00,0.35,0.36,7,11.2
2026-03-16 05:00:00,0.349,0.36,7.3,11
2026-03-16 06:00:00,0.349,0.361,7.4,10
2026-03-16 07:00:00,0.349,0.361,7.5,9.2
2026-03-16 08:00:00,0.349,0.361,7.6,9
2026-03-16 09:00:00,0.349,0.362,7.6,8.2
2026-03-16 10:00:00,0.349,0.362,7.6,7
2026-03-16 11:00:00,0.349,0.362,7.5,6.1
2026-03-16 12:00:00,0.349,0.362,7.4,5.5
2026-03-16 13:00:00,0.349,0.363,7.3,5.2
2026-03-16 14:00:00,0.349,0.363,7.2,5.2
2026-03-16 15:00:00,0.349,0.363,7.1,4.8
2026-03-16 16:00:00,0.349,0.362,7.1,5
2026-03-16 17:00:00,0.349,0.363,7,4.7
2026-03-16 18:00:00,0.349,0.363,6.9,4.3
2026-03-16 19:00:00,0.349,0.363,6.8,4
2026-03-16 20:00:00,0.349,0.363,6.8,3.7
2026-03-16 21:00:00,0.349,0.363,6.7,3.3
2026-03-16 22:00:00,0.349,0.363,6.6,3.3
2026-03-16 23:00:00,0.349,0.362,6.5,4.7
2026-03-17 00:00:00,0.349,0.361,6.5,7.4
2026-03-17 01:00:00,0.349,0.36,6.6,10.8
2026-03-17 02:00:00,0.348,0.359,7,13.5
2026-03-17 03:00:00,0.348,0.359,7.4,15.3
2026-03-17 04:00:00,0.348,0.358,7.7,15.9
2026-03-17 05:00:00,0.347,0.359,8,15.5
2026-03-17 06:00:00,0.347,0.359,8.2,14.6
2026-03-17 07:00:00,0.347,0.359,8.4,13.4
2026-03-17 08:00:00,0.346,0.36,8.4,12
2026-03-17 09:00:00,0.346,0.361,8.5,10.7
2026-03-17 10:00:00,0.346,0.361,8.4,9.5
2026-03-17 11:00:00,0.346,0.362,8.4,9.2
2026-03-17 12:00:00,0.346,0.361,8.3,9.1
2026-03-17 13:00:00,0.346,0.362,8.2,9
2026-03-17 14:00:00,0.346,0.361,8.1,9.3
2026-03-17 15:00:00,0.346,0.361,8.1,9.5
2026-03-17 16:00:00,0.346,0.362,8.1,9
2026-03-17 17:00:00,0.346,0.362,8,9
2026-03-17 18:00:00,0.346,0.362,8.1,9
2026-03-17 19:00:00,0.348,0.362,8.1,9.2
2026-03-17 20:00:00,0.349,0.363,8.1,9.3
2026-03-17 21:00:00,0.35,0.363,8.1,9.3
2026-03-17 22:00:00,0.351,0.363,8.2,9.4
2026-03-17 23:00:00,0.352,0.364,8.2,9.5
2026-03-18 00:00:00,0.353,0.364,8.2,9.8
2026-03-18 01:00:00,0.355,0.364,8.3,10
2026-03-18 02:00:00,0.357,0.363,8.4,10.2
2026-03-18 03:00:00,0.359,0.364,8.4,9.7
2026-03-18 04:00:00,0.36,0.364,8.5,8.5
2026-03-18 05:00:00,0.362,0.365,8.5,8.2
2026-03-18 06:00:00,0.362,0.365,8.5,7.2
2026-03-18 07:00:00,0.363,0.365,8.4,7
2026-03-18 08:00:00,0.363,0.364,8.4,6.8
2026-03-18 09:00:00,0.364,0.364,8.3,6.7
2026-03-18 10:00:00,0.364,0.364,8.3,6.2
2026-03-18 11:00:00,0.364,0.364,8.2,5.9
2026-03-18 12:00:00,0.364,0.365,8.1,5.6
2026-03-18 13:00:00,0.364,0.365,8,5.1
2026-03-18 14:00:00,0.364,0.365,7.9,4.5
2026-03-18 15:00:00,0.364,0.365,7.8,3.9
2026-03-18 16:00:00,0.364,0.365,7.7,3.7
2026-03-18 17:00:00,0.364,0.365,7.5,3.6
2026-03-18 18:00:00,0.364,0.365,7.4,3.3
2026-03-18 19:00:00,0.364,0.365,7.3,2.7
2026-03-18 20:00:00,0.364,0.365,7.2,2.3
2026-03-18 21:00:00,0.364,0.365,7.1,2
2026-03-18 22:00:00,0.364,0.365,7,2.6
2026-03-18 23:00:00,0.364,0.364,6.9,4.2
2026-03-19 00:00:00,0.364,0.363,6.9,5.9
2026-03-19 01:00:00,0.364,0.363,7,7.7
2026-03-19 02:00:00,0.364,0.362,7.3,9.1
2026-03-19 03:00:00,0.364,0.362,7.6,9.5
2026-03-19 04:00:00,0.363,0.362,7.8,10
2026-03-19 05:00:00,0.363,0.361,7.9,10.6
2026-03-19 06:00:00,0.363,0.362,8,9.8
2026-03-19 07:00:00,0.363,0.362,8,9.3
2026-03-19 08:00:00,0.363,0.362,8.1,8.4
2026-03-19 09:00:00,0.362,0.362,8,7.4
2026-03-19 10:00:00,0.362,0.363,8,6.2
2026-03-19 11:00:00,0.362,0.363,7.8,5.2
2026-03-19 12:00:00,0.362,0.363,7.7,4.7
2026-03-19 13:00:00,0.362,0.363,7.5,4.5
2026-03-19 14:00:00,0.362,0.363,7.4,4
2026-03-19 15:00:00,0.362,0.363,7.3,3.9
2026-03-19 16:00:00,0.362,0.363,7.2,3.5
2026-03-19 17:00:00,0.362,0.363,7.1,3.3
2026-03-19 18:00:00,0.362,0.363,7,3.4
2026-03-19 19:00:00,0.362,0.363,6.9,2.9
2026-03-19 20:00:00,0.362,0.363,6.8,2.7
2026-03-19 21:00:00,0.362,0.363,6.7,2.5
2026-03-19 22:00:00,0.362,0.363,6.6,2.7
2026-03-19 23:00:00,0.362,0.363,6.5,4.1
2026-03-20 00:00:00,0.362,0.362,6.5,6.9
2026-03-20 01:00:00,0.362,0.361,6.7,9.9
2026-03-20 02:00:00,0.362,0.36,7,11.8
2026-03-20 03:00:00,0.362,0.36,7.4,12.5
2026-03-20 04:00:00,0.361,0.36,7.6,12.2
2026-03-20 05:00:00,0.361,0.36,7.8,12.1
2026-03-20 06:00:00,0.361,0.36,7.9,11.3
2026-03-20 07:00:00,0.36,0.361,8,10.7
2026-03-20 08:00:00,0.36,0.361,8,9.8
2026-03-20 09:00:00,0.36,0.362,8,8.9
2026-03-20 10:00:00,0.36,0.362,8,7.6
2026-03-20 11:00:00,0.36,0.362,8,7
2026-03-20 12:00:00,0.36,0.363,7.9,6.6
2026-03-20 13:00:00,0.36,0.363,7.8,6.1
2026-03-20 14:00:00,0.36,0.363,7.7,5.7
2026-03-20 15:00:00,0.36,0.363,7.6,5.2
2026-03-20 16:00:00,0.36,0.363,7.5,4.8
2026-03-20 17:00:00,0.36,0.363,7.4,4.4
2026-03-20 18:00:00,0.36,0.363,7.3,4.2
2026-03-20 19:00:00,0.36,0.364,7.2,3.3
2026-03-20 20:00:00,0.36,0.364,7.1,2.4
2026-03-20 21:00:00,0.36,0.364,7,1.5
2026-03-20 22:00:00,0.36,0.364,6.8,1.5
2026-03-20 23:00:00,0.36,0.364,6.7,2.5
2026-03-21 00:00:00,0.36,0.363,6.6,4.6
2026-03-21 01:00:00,0.36,0.362,6.7,8.4
2026-03-21 02:00:00,0.36,0.361,7,11.2
2026-03-21 03:00:00,0.359,0.36,7.4,12.5
2026-03-21 04:00:00,0.359,0.36,7.6,13
2026-03-21 05:00:00,0.359,0.36,7.8,13.5
2026-03-21 06:00:00,0.358,0.36,7.9,12.6
2026-03-21 07:00:00,0.358,0.361,8,11
2026-03-21 08:00:00,0.358,0.361,8.1,10
2026-03-21 09:00:00,0.358,0.362,8,8.4
2026-03-21 10:00:00,0.358,0.362,8,7
2026-03-21 11:00:00,0.358,0.363,7.9,6
2026-03-21 12:00:00,0.358,0.363,7.8,5.5
2026-03-21 13:00:00,0.358,0.363,7.6,5.2
2026-03-21 14:00:00,0.358,0.363,7.5,5.1
2026-03-21 15:00:00,0.358,0.363,7.4,5
2026-03-21 16:00:00,0.358,0.363,7.3,4.6
2026-03-21 17:00:00,0.358,0.363,7.2,4.4
2026-03-21 18:00:00,0.358,0.363,7.1,4.6
2026-03-21 19:00:00,0.358,0.363,7.1,4.3
2026-03-21 20:00:00,0.358,0.363,7,3.8
2026-03-21 21:00:00,0.358,0.363,6.9,3.8
2026-03-21 22:00:00,0.358,0.363,6.8,4.2
2026-03-21 23:00:00,0.358,0.362,6.8,5.3
2026-03-22 00:00:00,0.358,0.362,6.8,7
2026-03-22 01:00:00,0.357,0.362,6.9,8.6
2026-03-22 02:00:00,0.357,0.361,7,9.9
2026-03-22 03:00:00,0.357,0.36,7.2,13.1
2026-03-22 04:00:00,0.357,0.359,7.4,14.3
2026-03-22 05:00:00,0.356,0.359,7.7,14.7
2026-03-22 06:00:00,0.356,0.359,7.9,14.4
2026-03-22 07:00:00,0.356,0.359,8.1,13.9
2026-03-22 08:00:00,0.356,0.36,8.2,12.3
2026-03-22 09:00:00,0.355,0.36,8.2,11.1
2026-03-22 10:00:00,0.355,0.361,8.2,10
2026-03-22 11:00:00,0.355,0.361,8.2,9.6
2026-03-22 12:00:00,0.355,0.361,8.1,9
2026-03-22 13:00:00,0.355,0.362,8,8.2
2026-03-22 14:00:00,0.355,0.362,7.9,7.9
2026-03-22 15:00:00,0.355,0.362,7.8,7.8
2026-03-22 16:00:00,0.355,0.362,7.7,6.8
2026-03-22 17:00:00,0.355,0.362,7.6,6.1
2026-03-22 18:00:00,0.355,0.362,7.5,5.7
2026-03-22 19:00:00,0.355,0.363,7.4,5.2
2026-03-22 20:00:00,0.355,0.363,7.3,4.8
2026-03-22 21:00:00,0.355,0.363,7.2,4.9
2026-03-22 22:00:00,0.355,0.362,7.1,5.6
2026-03-22 23:00:00,0.355,0.362,7.1,7.1
2026-03-23 00:00:00,0.355,0.361,7.1,10.3
2026-03-23 01:00:00,0.355,0.359,7.3,13.9
2026-03-23 02:00:00,0.354,0.358,7.6,15.8
2026-03-23 03:00:00,0.354,0.358,8,16.6
2026-03-23 04:00:00,0.354,0.358,8.3,16.7
2026-03-23 05:00:00,0.353,0.358,8.5,16
2026-03-23 06:00:00,0.353,0.359,8.7,14.8
2026-03-23 07:00:00,0.353,0.359,8.8,13.9
2026-03-23 08:00:00,0.353,0.36,8.8,12.9
2026-03-23 09:00:00,0.352,0.36,8.9,11.7
2026-03-23 10:00:00,0.352,0.361,8.8,10.1
2026-03-23 11:00:00,0.352,0.362,8.8,9.1
2026-03-23 12:00:00,0.352,0.362,8.7,8.5
2026-03-23 13:00:00,0.352,0.362,8.6,8.1
2026-03-23 14:00:00,0.352,0.362,8.5,7.7
2026-03-23 15:00:00,0.352,0.362,8.4,7.5
2026-03-23 16:00:00,0.352,0.362,8.3,7.4
2026-03-23 17:00:00,0.352,0.362,8.2,7.2
2026-03-23 18:00:00,0.352,0.362,8.1,6.5
2026-03-23 19:00:00,0.352,0.362,8,6.6
2026-03-23 20:00:00,0.352,0.362,7.9,6.6
2026-03-23 21:00:00,0.352,0.362,7.9,6.9
2026-03-23 22:00:00,0.352,0.362,7.8,7.4
2026-03-23 23:00:00,0.352,0.362,7.8,9.2
2026-03-24 00:00:00,0.352,0.361,7.9,11.6
2026-03-24 01:00:00,0.352,0.359,8,14.8
2026-03-24 02:00:00,0.351,0.358,8.4,16.5
2026-03-24 03:00:00,0.351,0.358,8.7,17.1
2026-03-24 04:00:00,0.351,0.358,9,17.4
2026-03-24 05:00:00,0.35,0.357,9.3,17.6
2026-03-24 06:00:00,0.35,0.358,9.5,17.3
2026-03-24 07:00:00,0.349,0.359,9.7,15.7
2026-03-24 08:00:00,0.349,0.359,9.8,14.7
2026-03-24 09:00:00,0.349,0.36,9.9,13.6
2026-03-24 10:00:00,0.349,0.36,9.8,12.7
2026-03-24 11:00:00,0.349,0.36,9.8,12.3
2026-03-24 12:00:00,0.349,0.36,9.8,11.9
2026-03-24 13:00:00,0.349,0.361,9.7,11.5
2026-03-24 14:00:00,0.349,0.361,9.6,11.4
2026-03-24 15:00:00,0.349,0.361,9.6,11.2
2026-03-24 16:00:00,0.349,0.361,9.6,10.9
2026-03-24 17:00:00,0.349,0.361,9.5,10.5
2026-03-24 18:00:00,0.349,0.361,9.5,10.3
2026-03-24 19:00:00,0.349,0.362,9.4,10.1
2026-03-24 20:00:00,0.349,0.361,9.4,10.1
2026-03-24 21:00:00,0.349,0.362,9.3,10
2026-03-24 22:00:00,0.349,0.362,9.3,10
2026-03-24 23:00:00,0.348,0.362,9.3,10.4
2026-03-25 00:00:00,0.348,0.361,9.3,10.8
2026-03-25 01:00:00,0.348,0.361,9.3,11.4
2026-03-25 02:00:00,0.348,0.361,9.4,12
2026-03-25 03:00:00,0.348,0.36,9.5,13.5
2026-03-25 04:00:00,0.348,0.359,9.6,15.6
2026-03-25 05:00:00,0.348,0.358,9.8,16.5
2026-03-25 06:00:00,0.347,0.359,10,15.9
2026-03-25 07:00:00,0.347,0.359,10.1,14.8
2026-03-25 08:00:00,0.347,0.36,10.2,13.7
2026-03-25 09:00:00,0.347,0.36,10.2,12.6
2026-03-25 10:00:00,0.347,0.361,10.2,11.4
2026-03-25 11:00:00,0.346,0.361,10.1,10.6
2026-03-25 12:00:00,0.347,0.361,10,10.1
2026-03-25 13:00:00,0.347,0.361,9.9,9.6
2026-03-25 14:00:00,0.347,0.362,9.8,9
2026-03-25 15:00:00,0.347,0.362,9.7,8.5
2026-03-25 16:00:00,0.347,0.362,9.6,8.3
2026-03-25 17:00:00,0.347,0.362,9.5,7.8
2026-03-25 18:00:00,0.347,0.363,9.4,7.6
2026-03-25 19:00:00,0.347,0.363,9.3,7.2
2026-03-25 20:00:00,0.347,0.363,9.2,7.5
2026-03-25 21:00:00,0.347,0.363,9.1,7.2
2026-03-25 22:00:00,0.347,0.363,9,7.4
2026-03-25 23:00:00,0.347,0.362,9,8.6
2026-03-26 00:00:00,0.347,0.361,9,10.6
2026-03-26 01:00:00,0.347,0.36,9.1,13.6
2026-03-26 02:00:00,0.346,0.359,9.4,15.8
2026-03-26 03:00:00,0.346,0.358,9.7,17
2026-03-26 04:00:00,0.346,0.358,9.9,17.1
2026-03-26 05:00:00,0.345,0.358,10.2,17.6
2026-03-26 06:00:00,0.345,0.358,10.3,16.9
2026-03-26 07:00:00,0.344,0.359,10.5,15.3
2026-03-26 08:00:00,0.344,0.36,10.5,13.6
2026-03-26 09:00:00,0.344,0.361,10.5,11.8
2026-03-26 10:00:00,0.344,0.361,10.4,10.3
2026-03-26 11:00:00,0.344,0.362,10.3,9.6
2026-03-26 12:00:00,0.344,0.362,10.1,9
2026-03-26 13:00:00,0.344,0.362,10,8.6
2026-03-26 14:00:00,0.344,0.362,9.8,8.1
2026-03-26 15:00:00,0.344,0.363,9.7,7.7
2026-03-26 16:00:00,0.344,0.363,9.6,7.5
2026-03-26 17:00:00,0.344,0.363,9.5,7.2
2026-03-26 18:00:00,0.344,0.363,9.3,7.1
2026-03-26 19:00:00,0.344,0.363,9.2,6.8
2026-03-26 20:00:00,0.344,0.363,9.1,6.6
2026-03-26 21:00:00,0.344,0.363,9,6.4
2026-03-26 22:00:00,0.345,0.363,8.9,6.7
2026-03-26 23:00:00,0.344,0.362,8.9,8.2
2026-03-27 00:00:00,0.344,0.361,8.9,10.7
2026-03-27 01:00:00,0.344,0.36,9,14.3
2026-03-27 02:00:00,0.344,0.359,9.3,16.3
2026-03-27 03:00:00,0.343,0.358,9.6,17.8
2026-03-27 04:00:00,0.343,0.357,9.9,18.4
2026-03-27 05:00:00,0.342,0.357,10.2,18.4
2026-03-27 06:00:00,0.342,0.358,10.4,17.7
2026-03-27 07:00:00,0.342,0.359,10.5,16.2
2026-03-27 08:00:00,0.341,0.359,10.6,14.8
2026-03-27 09:00:00,0.341,0.36,10.6,13.4
2026-03-27 10:00:00,0.341,0.361,10.5,12.1
2026-03-27 11:00:00,0.341,0.361,10.4,11.3
2026-03-27 12:00:00,0.341,0.361,10.3,10.8
2026-03-27 13:00:00,0.341,0.361,10.2,10.4
2026-03-27 14:00:00,0.341,0.362,10.1,10
2026-03-27 15:00:00,0.341,0.362,10,10
2026-03-27 16:00:00,0.341,0.362,10,10.2
2026-03-27 17:00:00,0.341,0.362,9.9,10.2
2026-03-27 18:00:00,0.341,0.362,9.9,10
2026-03-27 19:00:00,0.341,0.362,9.8,9.6
2026-03-27 20:00:00,0.341,0.362,9.8,8.9
2026-03-27 21:00:00,0.341,0.363,9.7,7.9
2026-03-27 22:00:00,0.341,0.363,9.6,7.9
2026-03-27 23:00:00,0.341,0.363,9.6,9
2026-03-28 00:00:00,0.341,0.361,9.5,11.3
2026-03-28 01:00:00,0.341,0.36,9.7,14.4
2026-03-28 02:00:00,0.34,0.359,9.9,16.6
2026-03-28 03:00:00,0.34,0.358,10.2,17.6
2026-03-28 04:00:00,0.34,0.358,10.4,18.2
2026-03-28 05:00:00,0.339,0.358,10.6,17
2026-03-28 06:00:00,0.339,0.359,10.8,15.2
2026-03-28 07:00:00,0.339,0.36,10.8,13.8
2026-03-28 08:00:00,0.339,0.36,10.8,12.8
2026-03-28 09:00:00,0.339,0.361,10.7,11.4
2026-03-28 10:00:00,0.339,0.361,10.6,10
2026-03-28 11:00:00,0.338,0.362,10.5,9.3
2026-03-28 12:00:00,0.338,0.362,10.3,8.6
2026-03-28 13:00:00,0.339,0.362,10.2,8
2026-03-28 14:00:00,0.339,0.363,10,7.6
2026-03-28 15:00:00,0.339,0.363,9.9,7.3
2026-03-28 16:00:00,0.339,0.363,9.8,7.2
2026-03-28 17:00:00,0.339,0.363,9.6,6.9
2026-03-28 18:00:00,0.339,0.363,9.5,6.6
2026-03-28 19:00:00,0.339,0.363,9.4,6.6
2026-03-28 20:00:00,0.339,0.363,9.3,6.9
2026-03-28 21:00:00,0.339,0.363,9.2,7.1
2026-03-28 22:00:00,0.339,0.363,9.1,7.3
2026-03-28 23:00:00,0.339,0.362,9.1,9.1
2026-03-29 00:00:00,0.339,0.361,9.1,12.3
2026-03-29 01:00:00,0.338,0.359,9.3,15.8
2026-03-29 02:00:00,0.338,0.358,9.6,18.1
2026-03-29 03:00:00,0.338,0.357,10,19.3
2026-03-29 04:00:00,0.337,0.357,10.4,20
2026-03-29 05:00:00,0.337,0.357,10.7,20
2026-03-29 06:00:00,0.336,0.357,10.9,19.6
2026-03-29 07:00:00,0.336,0.357,11.1,18.4
2026-03-29 08:00:00,0.336,0.358,11.3,17.2
2026-03-29 09:00:00,0.335,0.359,11.4,16.2
2026-03-29 10:00:00,0.335,0.359,11.4,15.1
2026-03-29 11:00:00,0.335,0.36,11.4,14.3
2026-03-29 12:00:00,0.335,0.36,11.3,14
2026-03-29 13:00:00,0.335,0.36,11.3,13.8
2026-03-29 14:00:00,0.335,0.36,11.2,13.4
2026-03-29 15:00:00,0.335,0.361,11.1,12.7
2026-03-29 16:00:00,0.335,0.361,11.1,12.4
2026-03-29 17:00:00,0.335,0.361,11,12.5
2026-03-29 18:00:00,0.335,0.361,10.9,12
2026-03-29 19:00:00,0.335,0.361,10.9,11.8
2026-03-29 20:00:00,0.335,0.361,10.8,11.8
2026-03-29 21:00:00,0.335,0.361,10.8,11.7
2026-03-29 22:00:00,0.335,0.361,10.7,11.8
2026-03-29 23:00:00,0.335,0.361,10.7,12.5
2026-03-30 00:00:00,0.335,0.361,10.7,13.6
2026-03-30 01:00:00,0.334,0.36,10.8,15.2
2026-03-30 02:00:00,0.334,0.359,10.9,15.9
2026-03-30 03:00:00,0.334,0.359,11,16.1
2026-03-30 04:00:00,0.334,0.359,11.2,16.2
2026-03-30 05:00:00,0.334,0.359,11.2,15.3
2026-03-30 06:00:00,0.334,0.36,11.3,14.3
2026-03-30 07:00:00,0.334,0.36,11.4,13.8
2026-03-30 08:00:00,0.334,0.36,11.4,13.4
2026-03-30 09:00:00,0.335,0.362,11.4,13.2
2026-03-30 10:00:00,0.337,0.362,11.5,12.8
2026-03-30 11:00:00,0.339,0.363,11.5,12.7
2026-03-30 12:00:00,0.343,0.363,11.5,12.5
2026-03-30 13:00:00,0.35,0.363,11.5,12.2
2026-03-30 14:00:00,0.358,0.363,11.5,12.1
2026-03-30 15:00:00,0.363,0.363,11.4,12
2026-03-30 16:00:00,0.365,0.364,11.4,11.9
2026-03-30 17:00:00,0.366,0.364,11.4,11.6
2026-03-30 18:00:00,0.366,0.364,11.3,11.3
2026-03-30 19:00:00,0.366,0.364,11.3,11.2
2026-03-30 20:00:00,0.366,0.364,11.2,10.8
2026-03-30 21:00:00,0.366,0.364,11.2,10.6
2026-03-30 22:00:00,0.366,0.364,11.1,11.3
2026-03-30 23:00:00,0.366,0.363,11.1,12.5
2026-03-31 00:00:00,0.366,0.363,11.2,13.2
2026-03-31 01:00:00,0.365,0.362,11.3,13.6
2026-03-31 02:00:00,0.365,0.362,11.5,15
2026-03-31 03:00:00,0.365,0.361,11.7,15.7
2026-03-31 04:00:00,0.364,0.36,11.9,16.6
2026-03-31 05:00:00,0.364,0.36,12.1,16.5
2026-03-31 06:00:00,0.363,0.361,12.3,15.1
2026-03-31 07:00:00,0.363,0.361,12.4,14.2
2026-03-31 08:00:00,0.363,0.361,12.4,13.5
2026-03-31 09:00:00,0.363,0.362,12.3,12.6
2026-03-31 10:00:00,0.363,0.362,12.2,11.8
2026-03-31 11:00:00,0.363,0.362,12.1,11.5
2026-03-31 12:00:00,0.363,0.362,12,11.4
2026-03-31 13:00:00,0.363,0.363,11.9,10.9
2026-03-31 14:00:00,0.363,0.363,11.8,10.6
2026-03-31 15:00:00,0.363,0.363,11.7,10.6
2026-03-31 16:00:00,0.363,0.363,11.6,10.4
2026-03-31 17:00:00,0.363,0.363,11.5,10.5
2026-03-31 18:00:00,0.363,0.363,11.4,10.5
2026-03-31 19:00:00,0.363,0.363,11.3,10.4
2026-03-31 20:00:00,0.363,0.363,11.3,10.5
2026-03-31 21:00:00,0.363,0.363,11.2,10.5
2026-03-31 22:00:00,0.363,0.363,11.2,10.8
2026-03-31 23:00:00,0.363,0.362,11.2,11.9
2026-04-01 00:00:00,0.363,0.362,11.2,12.5
2026-04-01 01:00:00,0.362,0.362,11.3,13.1
2026-04-01 02:00:00,0.362,0.362,11.4,14
2026-04-01 03:00:00,0.362,0.361,11.5,14.8
2026-04-01 04:00:00,0.362,0.361,11.6,14.5
2026-04-01 05:00:00,0.362,0.361,11.8,14.4
2026-04-01 06:00:00,0.362,0.361,11.9,14.3
2026-04-01 07:00:00,0.361,0.361,12,13.6
2026-04-01 08:00:00,0.361,0.362,12,12.7
2026-04-01 09:00:00,0.361,0.362,12,11.6
2026-04-01 10:00:00,0.361,0.362,11.9,10.6
2026-04-01 11:00:00,0.361,0.363,11.8,9.9
2026-04-01 12:00:00,0.361,0.363,11.6,9.2
2026-04-01 13:00:00,0.361,0.363,11.5,8.8
2026-04-01 14:00:00,0.361,0.363,11.3,8.3
2026-04-01 15:00:00,0.361,0.363,11.1,8.2
2026-04-01 16:00:00,0.361,0.363,11,7.6
2026-04-01 17:00:00,0.361,0.363,10.8,7.1
2026-04-01 18:00:00,0.361,0.364,10.7,6.8
2026-04-01 19:00:00,0.361,0.364,10.5,6.3
2026-04-01 20:00:00,0.361,0.364,10.4,6.3
2026-04-01 21:00:00,0.362,0.364,10.3,6.1
2026-04-01 22:00:00,0.362,0.363,10.1,6.7
2026-04-01 23:00:00,0.362,0.363,10.1,8.3
2026-04-02 00:00:00,0.362,0.362,10.1,10.9
2026-04-02 01:00:00,0.361,0.361,10.2,13.5
2026-04-02 02:00:00,0.361,0.36,10.5,15
2026-04-02 03:00:00,0.361,0.36,10.8,15.7
2026-04-02 04:00:00,0.36,0.359,11.1,16.2
2026-04-02 05:00:00,0.36,0.36,11.3,16.3
2026-04-02 06:00:00,0.36,0.36,11.4,15.6
2026-04-02 07:00:00,0.359,0.36,11.5,15.1
2026-04-02 08:00:00,0.359,0.361,11.6,14.4
2026-04-02 09:00:00,0.359,0.361,11.6,13.1
2026-04-02 10:00:00,0.359,0.362,11.6,11.7
2026-04-02 11:00:00,0.359,0.362,11.5,10.9
2026-04-02 12:00:00,0.359,0.363,11.4,10.4
2026-04-02 13:00:00,0.359,0.363,11.3,10.2
2026-04-02 14:00:00,0.359,0.363,11.2,9.8
2026-04-02 15:00:00,0.359,0.363,11.1,9.5
2026-04-02 16:00:00,0.359,0.363,11,9.3
2026-04-02 17:00:00,0.359,0.363,10.9,9.2
2026-04-02 18:00:00,0.359,0.364,10.8,8.9
2026-04-02 19:00:00,0.359,0.364,10.7,8.7
2026-04-02 20:00:00,0.359,0.364,10.6,8.4
2026-04-02 21:00:00,0.359,0.364,10.5,8.2
2026-04-02 22:00:00,0.359,0.364,10.4,8.6
2026-04-02 23:00:00,0.359,0.363,10.4,9.7
2026-04-03 00:00:00,0.359,0.363,10.4,11.4
2026-04-03 01:00:00,0.359,0.361,10.5,14.3
2026-04-03 02:00:00,0.359,0.36,10.8,16.6
2026-04-03 03:00:00,0.359,0.359,11.1,17.9
2026-04-03 04:00:00,0.358,0.358,11.4,18.8
2026-04-03 05:00:00,0.358,0.358,11.6,19.5
2026-04-03 06:00:00,0.357,0.358,11.9,18.5
2026-04-03 07:00:00,0.357,0.359,12,17.1
2026-04-03 08:00:00,0.357,0.36,12.1,15.8
2026-04-03 09:00:00,0.357,0.361,12.1,15.2
2026-04-03 10:00:00,0.357,0.361,12.1,14.9
2026-04-03 11:00:00,0.357,0.361,12,14.3
2026-04-03 12:00:00,0.357,0.361,12,13.6
2026-04-03 13:00:00,0.357,0.362,11.9,13.3
2026-04-03 14:00:00,0.357,0.362,11.9,12.7
2026-04-03 15:00:00,0.357,0.363,11.9,12.1
2026-04-03 16:00:00,0.358,0.364,11.8,11.9
2026-04-03 17:00:00,0.361,0.364,11.8,12
2026-04-03 18:00:00,0.366,0.364,11.7,12.3
2026-04-03 19:00:00,0.372,0.364,11.7,12.2
2026-04-03 20:00:00,0.374,0.364,11.7,11.9
2026-04-03 21:00:00,0.375,0.364,11.7,11.8
2026-04-03 22:00:00,0.375,0.364,11.7,12
2026-04-03 23:00:00,0.376,0.364,11.6,12.1
2026-04-04 00:00:00,0.375,0.364,11.6,13
2026-04-04 01:00:00,0.374,0.363,11.7,14.9
2026-04-04 02:00:00,0.373,0.363,11.9,15.5
2026-04-04 03:00:00,0.372,0.363,12.2,15
2026-04-04 04:00:00,0.371,0.363,12.4,14
2026-04-04 05:00:00,0.37,0.363,12.5,13.9
2026-04-04 06:00:00,0.37,0.363,12.5,13.5
2026-04-04 07:00:00,0.369,0.363,12.5,12.1
2026-04-04 08:00:00,0.369,0.364,12.5,11.5
2026-04-04 09:00:00,0.368,0.364,12.4,10.9
2026-04-04 10:00:00,0.368,0.364,12.2,10.3
2026-04-04 11:00:00,0.368,0.364,12.1,9.9
2026-04-04 12:00:00,0.368,0.364,12,9.4
2026-04-04 13:00:00,0.368,0.364,11.8,9.1
2026-04-04 14:00:00,0.368,0.365,11.7,8.8
2026-04-04 15:00:00,0.368,0.365,11.6,8.4
2026-04-04 16:00:00,0.367,0.365,11.4,8.1
2026-04-04 17:00:00,0.367,0.365,11.3,8
2026-04-04 18:00:00,0.367,0.365,11.2,7.7
2026-04-04 19:00:00,0.367,0.365,11.1,7.5
2026-04-04 20:00:00,0.367,0.365,10.9,7.3
2026-04-04 21:00:00,0.367,0.365,10.8,7.1
2026-04-04 22:00:00,0.367,0.364,10.7,7.7
2026-04-04 23:00:00,0.367,0.364,10.7,8.6
2026-04-05 00:00:00,0.367,0.364,10.7,9.8
2026-04-05 01:00:00,0.367,0.362,10.7,12.1
2026-04-05 02:00:00,0.366,0.362,10.9,13.1
2026-04-05 03:00:00,0.366,0.362,11.2,13.8
2026-04-05 04:00:00,0.366,0.361,11.3,14.6
2026-04-05 05:00:00,0.365,0.361,11.5,15
2026-04-05 06:00:00,0.365,0.361,11.6,14.3
2026-04-05 07:00:00,0.365,0.361,11.7,13.9
2026-04-05 08:00:00,0.364,0.362,11.7,13.1
2026-04-05 09:00:00,0.364,0.362,11.6,12.6
2026-04-05 10:00:00,0.364,0.362,11.6,12
2026-04-05 11:00:00,0.364,0.363,11.5,11.3
2026-04-05 12:00:00,0.364,0.363,11.5,11.3
2026-04-05 13:00:00,0.364,0.362,11.4,11.7
2026-04-05 14:00:00,0.364,0.362,11.3,11.9
2026-04-05 15:00:00,0.364,0.362,11.3,12.2
2026-04-05 16:00:00,0.364,0.362,11.3,12.4
2026-04-05 17:00:00,0.364,0.362,11.3,12.5
2026-04-05 18:00:00,0.364,0.362,11.3,12.7
2026-04-05 19:00:00,0.363,0.362,11.3,12.7
2026-04-05 20:00:00,0.363,0.363,11.4,12.6
2026-04-05 21:00:00,0.363,0.363,11.4,12.7
2026-04-05 22:00:00,0.363,0.363,11.4,12.9
2026-04-05 23:00:00,0.363,0.362,11.5,13.6
2026-04-06 00:00:00,0.364,0.362,11.5,14.3
2026-04-06 01:00:00,0.363,0.362,11.7,14.5
2026-04-06 02:00:00,0.363,0.362,11.8,14.8
2026-04-06 03:00:00,0.363,0.362,11.9,15
2026-04-06 04:00:00,0.363,0.362,12,15.3
2026-04-06 05:00:00,0.363,0.362,12.1,14.8
2026-04-06 06:00:00,0.363,0.363,12.2,14
2026-04-06 07:00:00,0.363,0.363,12.2,13.4
2026-04-06 08:00:00,0.363,0.363,12.2,12.4
2026-04-06 09:00:00,0.363,0.364,12.2,11.3
2026-04-06 10:00:00,0.363,0.364,12.1,9.9
2026-04-06 11:00:00,0.363,0.364,12,9.3
2026-04-06 12:00:00,0.364,0.364,11.8,9
2026-04-06 13:00:00,0.364,0.364,11.7,8.8
2026-04-06 14:00:00,0.364,0.365,11.5,8
2026-04-06 15:00:00,0.364,0.365,11.3,7.9
2026-04-06 16:00:00,0.364,0.365,11.2,7.6
2026-04-06 17:00:00,0.364,0.365,11,7.1
2026-04-06 18:00:00,0.364,0.365,10.8,6.3
2026-04-06 19:00:00,0.364,0.365,10.7,5.9
2026-04-06 20:00:00,0.364,0.365,10.5,5.6
2026-04-06 21:00:00,0.364,0.365,10.3,5.4
2026-04-06 22:00:00,0.364,0.364,10.2,6.5
2026-04-06 23:00:00,0.364,0.364,10.1,8.1
2026-04-07 00:00:00,0.364,0.362,10.1,10
2026-04-07 01:00:00,0.364,0.361,10.2,11.9
2026-04-07 02:00:00,0.364,0.361,10.3,13.2
2026-04-07 03:00:00,0.363,0.361,10.4,13.5
2026-04-07 04:00:00,0.363,0.361,10.6,13.3
2026-04-07 05:00:00,0.363,0.361,10.6,13
2026-04-07 06:00:00,0.363,0.361,10.6,12.1
2026-04-07 07:00:00,0.362,0.362,10.6,11
2026-04-07 08:00:00,0.362,0.362,10.5,10
2026-04-07 09:00:00,0.362,0.363,10.4,8.8
2026-04-07 10:00:00,0.362,0.363,10.3,7.6
2026-04-07 11:00:00,0.362,0.364,10.1,6.9
2026-04-07 12:00:00,0.362,0.364,10,6.3
2026-04-07 13:00:00,0.362,0.364,9.8,5.9
2026-04-07 14:00:00,0.362,0.364,9.7,5.3
2026-04-07 15:00:00,0.362,0.364,9.6,5.3
2026-04-07 16:00:00,0.362,0.364,9.4,5.1
2026-04-07 17:00:00,0.363,0.364,9.3,4.4
2026-04-07 18:00:00,0.363,0.364,9.2,4
2026-04-07 19:00:00,0.363,0.365,9.1,3.6
2026-04-07 20:00:00,0.363,0.365,8.9,3.7
2026-04-07 21:00:00,0.363,0.365,8.8,3.3
2026-04-07 22:00:00,0.363,0.364,8.7,4
2026-04-07 23:00:00,0.363,0.364,8.7,6
2026-04-08 00:00:00,0.363,0.363,8.7,8.8
2026-04-08 01:00:00,0.362,0.361,8.8,12.1
2026-04-08 02:00:00,0.362,0.361,9,14.1
2026-04-08 03:00:00,0.362,0.36,9.3,14.9
2026-04-08 04:00:00,0.361,0.36,9.6,16.1
2026-04-08 05:00:00,0.361,0.36,9.8,16.4
2026-04-08 06:00:00,0.36,0.36,10,16
2026-04-08 07:00:00,0.36,0.36,10.2,15
2026-04-08 08:00:00,0.36,0.361,10.3,13.9
2026-04-08 09:00:00,0.36,0.361,10.3,12.7
2026-04-08 10:00:00,0.36,0.362,10.3,11.4
2026-04-08 11:00:00,0.36,0.362,10.3,11
2026-04-08 12:00:00,0.36,0.362,10.3,10.7
2026-04-08 13:00:00,0.359,0.362,10.2,10.6
2026-04-08 14:00:00,0.359,0.363,10.2,10.3
2026-04-08 15:00:00,0.359,0.363,10.1,10.4
2026-04-08 16:00:00,0.359,0.363,10.1,10.1
2026-04-08 17:00:00,0.359,0.363,10,9.8
2026-04-08 18:00:00,0.359,0.363,10,9.5
2026-04-08 19:00:00,0.359,0.363,10,9.2
2026-04-08 20:00:00,0.359,0.363,9.9,9.8
2026-04-08 21:00:00,0.359,0.363,9.9,10.4
2026-04-08 22:00:00,0.359,0.363,9.9,10.6
2026-04-08 23:00:00,0.359,0.363,10,11
2026-04-09 00:00:00,0.359,0.363,10,11.7
2026-04-09 01:00:00,0.359,0.362,10.1,12.7
2026-04-09 02:00:00,0.359,0.362,10.2,13.5
2026-04-09 03:00:00,0.36,0.363,10.4,14.4
2026-04-09 04:00:00,0.36,0.363,10.6,14.9
2026-04-09 05:00:00,0.362,0.363,10.9,15.4
2026-04-09 06:00:00,0.365,0.363,11.1,15.7
2026-04-09 07:00:00,0.37,0.363,11.4,15.9
2026-04-09 08:00:00,0.377,0.363,11.8,16
2026-04-09 09:00:00,0.377,0.363,12,16
2026-04-09 10:00:00,0.376,0.364,12.1,15.5
2026-04-09 11:00:00,0.375,0.364,12.1,15.2
2026-04-09 12:00:00,0.374,0.364,12.1,15.1
2026-04-09 13:00:00,0.373,0.364,12.2,15.2
2026-04-09 14:00:00,0.373,0.364,12.2,15.2
2026-04-09 15:00:00,0.372,0.364,12.2,15
2026-04-09 16:00:00,0.371,0.364,12.2,14.5
2026-04-09 17:00:00,0.371,0.364,12.2,14.3
2026-04-09 18:00:00,0.371,0.364,12.2,13.8
2026-04-09 19:00:00,0.37,0.365,12.2,13.1
2026-04-09 20:00:00,0.37,0.365,12.2,12
2026-04-09 21:00:00,0.37,0.365,12.1,11.7
2026-04-09 22:00:00,0.37,0.365,12,11.6
2026-04-09 23:00:00,0.369,0.365,12,11.7
2026-04-10 00:00:00,0.369,0.365,11.9,12.1
2026-04-10 01:00:00,0.369,0.365,11.9,12
2026-04-10 02:00:00,0.369,0.365,11.9,12
2026-04-10 03:00:00,0.369,0.365,11.9,12.2
2026-04-10 04:00:00,0.368,0.365,11.9,12.2
2026-04-10 05:00:00,0.368,0.365,11.9,11.8
2026-04-10 06:00:00,0.368,0.365,11.9,11.5
2026-04-10 07:00:00,0.368,0.365,11.9,11
2026-04-10 08:00:00,0.368,0.365,11.9,10.9
2026-04-10 09:00:00,0.368,0.365,11.8,10.6
2026-04-10 10:00:00,0.367,0.365,11.8,10.2
2026-04-10 11:00:00,0.367,0.365,11.7,9.9
2026-04-10 12:00:00,0.367,0.365,11.6,9.8
2026-04-10 13:00:00,0.367,0.365,11.5,9.7
2026-04-10 14:00:00,0.367,0.365,11.4,9.6
2026-04-10 15:00:00,0.367,0.365,11.4,9.6
2026-04-10 16:00:00,0.367,0.365,11.3,9.5
2026-04-10 17:00:00,0.367,0.365,11.3,9.5
2026-04-10 18:00:00,0.367,0.365,11.2,9.5
2026-04-10 19:00:00,0.367,0.365,11.2,9.5
2026-04-10 20:00:00,0.367,0.365,11.1,9.4
2026-04-10 21:00:00,0.367,0.365,11.1,9.4
2026-04-10 22:00:00,0.367,0.365,11,9.8
2026-04-10 23:00:00,0.366,0.364,11,10.7
2026-04-11 00:00:00,0.366,0.363,11.1,12.2
2026-04-11 01:00:00,0.366,0.362,11.2,14.3
2026-04-11 02:00:00,0.366,0.361,11.4,15.9
2026-04-11 03:00:00,0.365,0.36,11.7,16.9
2026-04-11 04:00:00,0.365,0.36,12,17
2026-04-11 05:00:00,0.365,0.36,12.2,17.5
2026-04-11 06:00:00,0.364,0.36,12.4,17.2
2026-04-11 07:00:00,0.364,0.36,12.6,17
2026-04-11 08:00:00,0.364,0.36,12.7,16.4
2026-04-11 09:00:00,0.363,0.361,12.7,15
2026-04-11 10:00:00,0.363,0.362,12.7,13.8
2026-04-11 11:00:00,0.363,0.362,12.7,13
2026-04-11 12:00:00,0.363,0.362,12.6,12.7
2026-04-11 13:00:00,0.363,0.363,12.5,12.3
2026-04-11 14:00:00,0.363,0.363,12.4,12.1
2026-04-11 15:00:00,0.363,0.363,12.3,12.1
2026-04-11 16:00:00,0.363,0.363,12.2,12.1
2026-04-11 17:00:00,0.363,0.363,12.2,12
2026-04-11 18:00:00,0.363,0.363,12.1,11.6
2026-04-11 19:00:00,0.363,0.364,12.1,11.1
2026-04-11 20:00:00,0.363,0.364,12,10.7
2026-04-11 21:00:00,0.363,0.364,11.9,10.7
2026-04-11 22:00:00,0.363,0.364,11.9,10.8
2026-04-11 23:00:00,0.363,0.364,11.8,10.8
2026-04-12 00:00:00,0.363,0.363,11.8,12.5
2026-04-12 01:00:00,0.363,0.362,11.8,14.5
2026-04-12 02:00:00,0.363,0.361,12,15.8
2026-04-12 03:00:00,0.363,0.36,12.2,16.8
2026-04-12 04:00:00,0.362,0.36,12.4,17.8
2026-04-12 05:00:00,0.362,0.359,12.6,18.5
2026-04-12 06:00:00,0.362,0.359,12.8,18.3
2026-04-12 07:00:00,0.361,0.359,13,18.2
2026-04-12 08:00:00,0.361,0.36,13.1,16.9
2026-04-12 09:00:00,0.361,0.361,13.2,16
2026-04-12 10:00:00,0.361,0.361,13.2,15.4
2026-04-12 11:00:00,0.361,0.361,13.2,15.1
2026-04-12 12:00:00,0.361,0.361,13.1,14.8
2026-04-12 13:00:00,0.36,0.362,13.1,14.6
2026-04-12 14:00:00,0.36,0.362,13,14.4
2026-04-12 15:00:00,0.36,0.362,12.9,13.9
2026-04-12 16:00:00,0.36,0.362,12.9,13.6
2026-04-12 17:00:00,0.36,0.362,12.8,13.5
2026-04-12 18:00:00,0.36,0.362,12.7,13.3
2026-04-12 19:00:00,0.36,0.362,12.7,13.7
2026-04-12 20:00:00,0.36,0.362,12.6,13.6
2026-04-12 21:00:00,0.36,0.362,12.5,13.4
2026-04-12 22:00:00,0.36,0.361,12.4,14.3
2026-04-12 23:00:00,0.36,0.36,12.4,16.2
2026-04-13 00:00:00,0.36,0.359,12.5,18.1
2026-04-13 01:00:00,0.36,0.358,12.6,20.3
2026-04-13 02:00:00,0.359,0.357,12.8,21.1
2026-04-13 03:00:00,0.359,0.357,13,22.1
2026-04-13 04:00:00,0.358,0.357,13.3,22.2
2026-04-13 05:00:00,0.358,0.357,13.5,21.6
2026-04-13 06:00:00,0.357,0.358,13.8,20.6
2026-04-13 07:00:00,0.357,0.358,13.9,19.2
2026-04-13 08:00:00,0.357,0.359,14,17.8
2026-04-13 09:00:00,0.357,0.359,14,16.9
2026-04-13 10:00:00,0.357,0.36,13.9,16
2026-04-13 11:00:00,0.357,0.36,13.9,15.7
2026-04-13 12:00:00,0.357,0.36,13.8,15.7
2026-04-13 13:00:00,0.357,0.361,13.7,15.4
2026-04-13 14:00:00,0.357,0.361,13.6,15.3
2026-04-13 15:00:00,0.357,0.361,13.5,15.2
2026-04-13 16:00:00,0.357,0.361,13.4,15.1
2026-04-13 17:00:00,0.357,0.361,13.4,14.7
2026-04-13 18:00:00,0.357,0.361,13.3,14.5
2026-04-13 19:00:00,0.356,0.361,13.2,14.4
2026-04-13 20:00:00,0.356,0.361,13.2,14.3
2026-04-13 21:00:00,0.356,0.361,13.1,14.4
2026-04-13 22:00:00,0.356,0.361,13.1,14.5
2026-04-13 23:00:00,0.356,0.361,13.1,15.1
2026-04-14 00:00:00,0.356,0.361,13.1,15.6
2026-04-14 01:00:00,0.356,0.36,13.1,16.8
2026-04-14 02:00:00,0.356,0.359,13.2,17.7
2026-04-14 03:00:00,0.356,0.359,13.3,18.1
2026-04-14 04:00:00,0.355,0.358,13.4,18.6
2026-04-14 05:00:00,0.355,0.358,13.5,18.5
2026-04-14 06:00:00,0.355,0.358,13.6,18.3
2026-04-14 07:00:00,0.355,0.359,13.7,18
2026-04-14 08:00:00,0.355,0.359,13.8,18
2026-04-14 09:00:00,0.355,0.359,13.9,17.6
2026-04-14 10:00:00,0.354,0.36,13.9,16.5
2026-04-14 11:00:00,0.354,0.36,13.9,15.8
2026-04-14 12:00:00,0.354,0.36,13.8,15.1
2026-04-14 13:00:00,0.354,0.361,13.8,14.1
2026-04-14 14:00:00,0.354,0.361,13.7,13.4
2026-04-14 15:00:00,0.354,0.361,13.5,12.9
2026-04-14 16:00:00,0.354,0.362,13.4,12.6
2026-04-14 17:00:00,0.354,0.362,13.3,12.1
2026-04-14 18:00:00,0.354,0.362,13.1,11.7
2026-04-14 19:00:00,0.355,0.362,13,11.2
2026-04-14 20:00:00,0.355,0.362,12.9,11.1
2026-04-14 21:00:00,0.355,0.362,12.8,11
2026-04-14 22:00:00,0.355,0.362,12.7,11.4
2026-04-14 23:00:00,0.355,0.361,12.6,13.6
2026-04-15 00:00:00,0.355,0.36,12.6,16
2026-04-15 01:00:00,0.354,0.358,12.8,18.9
2026-04-15 02:00:00,0.354,0.357,13,20.6
2026-04-15 03:00:00,0.354,0.356,13.2,21.6
2026-04-15 04:00:00,0.353,0.357,13.5,20.5
2026-04-15 05:00:00,0.353,0.357,13.7,19.9
2026-04-15 06:00:00,0.352,0.357,13.9,19.4
2026-04-15 07:00:00,0.352,0.358,13.9,18.9
2026-04-15 08:00:00,0.352,0.358,13.9,17.6
2026-04-15 09:00:00,0.352,0.359,13.9,16.1
2026-04-15 10:00:00,0.352,0.36,13.8,14.6
2026-04-15 11:00:00,0.352,0.36,13.7,14.2
2026-04-15 12:00:00,0.352,0.36,13.6,14.2
2026-04-15 13:00:00,0.352,0.361,13.5,13.7
2026-04-15 14:00:00,0.352,0.361,13.4,13
