time,sm_bank_20cm,sm_irr_10cm,temp_bank_20cm,temp_irr_10cm
2026-02-25 02:00:00,0.343,0.355,6.7,6.3
2026-02-25 03:00:00,0.344,0.355,7.5,6.8
2026-02-25 04:00:00,0.343,0.355,9.6,8.3
2026-02-25 05:00:00,0.342,0.354,11.4,10
2026-02-25 06:00:00,0.344,0.372,12.1,12.5
2026-02-25 07:00:00,0.346,0.387,11.8,13.3
2026-02-25 08:00:00,0.346,0.388,11.2,12.4
2026-02-25 09:00:00,0.346,0.389,10.5,11.3
2026-02-25 10:00:00,0.347,0.389,9.7,10.3
2026-02-25 11:00:00,0.347,0.39,8.9,9.4
2026-02-25 12:00:00,0.348,0.39,8.2,8.6
2026-02-25 13:00:00,0.348,0.391,7.7,7.9
2026-02-25 14:00:00,0.349,0.391,7.1,7.3
2026-02-25 15:00:00,0.349,0.392,6.6,6.8
2026-02-25 16:00:00,0.349,0.392,6.2,6.3
2026-02-25 17:00:00,0.349,0.392,5.8,5.9
2026-02-25 18:00:00,0.35,0.392,5.6,5.6
2026-02-25 19:00:00,0.35,0.392,5.3,5.3
2026-02-25 20:00:00,0.35,0.393,5,5
2026-02-25 21:00:00,0.35,0.393,4.7,4.6
2026-02-25 22:00:00,0.35,0.393,4.5,4.4
2026-02-25 23:00:00,0.35,0.393,4.3,4.2
2026-02-26 00:00:00,0.35,0.393,4.8,5
2026-02-26 01:00:00,0.349,0.391,6.1,6.5
2026-02-26 02:00:00,0.348,0.39,7.5,8.2
2026-02-26 03:00:00,0.346,0.388,8.7,9.7
2026-02-26 04:00:00,0.346,0.387,9.7,10.8
2026-02-26 05:00:00,0.345,0.386,10.2,11.4
2026-02-26 06:00:00,0.344,0.386,10.5,11.8
2026-02-26 07:00:00,0.344,0.385,10.5,11.7
2026-02-26 08:00:00,0.344,0.385,10.3,11.4
2026-02-26 09:00:00,0.344,0.385,10,10.9
2026-02-26 10:00:00,0.344,0.385,9.6,10.4
2026-02-26 11:00:00,0.344,0.385,9.4,10
2026-02-26 12:00:00,0.344,0.386,9.1,9.7
2026-02-26 13:00:00,0.344,0.386,8.9,9.4
2026-02-26 14:00:00,0.344,0.386,8.8,9.2
2026-02-26 15:00:00,0.344,0.386,8.7,9
2026-02-26 16:00:00,0.344,0.386,8.5,8.8
2026-02-26 17:00:00,0.344,0.388,8.4,8.6
2026-02-26 18:00:00,0.344,0.396,8.3,8.5
2026-02-26 19:00:00,0.345,0.398,8.2,8.3
2026-02-26 20:00:00,0.351,0.4,8.1,8.2
2026-02-26 21:00:00,0.356,0.401,8,8.2
2026-02-26 22:00:00,0.357,0.399,8,8.1
2026-02-26 23:00:00,0.358,0.398,8,8.1
2026-02-27 00:00:00,0.358,0.398,8,8.2
2026-02-27 01:00:00,0.358,0.397,8.3,8.6
2026-02-27 02:00:00,0.357,0.396,9,9.3
2026-02-27 03:00:00,0.356,0.395,9.7,10.1
2026-02-27 04:00:00,0.356,0.394,10.2,10.8
2026-02-27 05:00:00,0.355,0.394,10.5,11.1
2026-02-27 06:00:00,0.355,0.393,10.5,11.1
2026-02-27 07:00:00,0.354,0.393,10.7,11.3
2026-02-27 08:00:00,0.336,0.394,10.7,11.3
2026-02-27 09:00:00,0.313,0.397,10.5,11.1
2026-02-27 10:00:00,0.317,0.397,10.3,10.8
2026-02-27 11:00:00,0.32,0.397,9.9,10.4
2026-02-27 12:00:00,0.321,0.397,9.5,10
2026-02-27 13:00:00,0.322,0.397,9.1,9.5
2026-02-27 14:00:00,0.323,0.397,8.7,9.1
2026-02-27 15:00:00,0.324,0.398,8.3,8.7
2026-02-27 16:00:00,0.324,0.398,7.9,8.3
2026-02-27 17:00:00,0.325,0.398,7.5,7.9
2026-02-27 18:00:00,0.325,0.398,7.2,7.5
2026-02-27 19:00:00,0.325,0.398,6.8,7.2
2026-02-27 20:00:00,0.326,0.398,6.5,6.9
2026-02-27 21:00:00,0.326,0.398,6.3,6.6
2026-02-27 22:00:00,0.326,0.399,6,6.4
2026-02-27 23:00:00,0.326,0.399,5.8,6.2
2026-02-28 00:00:00,0.326,0.399,5.7,6.1
2026-02-28 01:00:00,0.326,0.398,6.2,6.6
2026-02-28 02:00:00,0.325,0.397,7.2,7.7
2026-02-28 03:00:00,0.324,0.396,8.5,9
2026-02-28 04:00:00,0.324,0.395,9.6,10.2
2026-02-28 05:00:00,0.323,0.394,10.4,11.3
2026-02-28 06:00:00,0.323,0.393,11,12.2
2026-02-28 07:00:00,0.322,0.393,11.4,12.6
2026-02-28 08:00:00,0.322,0.393,11.6,12.6
2026-02-28 09:00:00,0.322,0.392,11.4,12.3
2026-02-28 10:00:00,0.322,0.392,11.1,11.9
2026-02-28 11:00:00,0.322,0.392,10.7,11.5
2026-02-28 12:00:00,0.322,0.392,10.4,11.1
2026-02-28 13:00:00,0.322,0.393,10.1,10.7
2026-02-28 14:00:00,0.322,0.393,9.7,10.3
2026-02-28 15:00:00,0.322,0.393,9.3,9.8
2026-02-28 16:00:00,0.322,0.393,8.9,9.4
2026-02-28 17:00:00,0.322,0.393,8.6,9
2026-02-28 18:00:00,0.322,0.393,8.2,8.6
2026-02-28 19:00:00,0.322,0.393,7.9,8.3
2026-02-28 20:00:00,0.322,0.393,7.7,8.1
2026-02-28 21:00:00,0.322,0.394,7.5,7.8
2026-02-28 22:00:00,0.322,0.394,7.3,7.6
2026-02-28 23:00:00,0.322,0.394,7,7.3
2026-03-01 00:00:00,0.322,0.394,7.1,7.4
2026-03-01 01:00:00,0.321,0.393,7.6,8
2026-03-01 02:00:00,0.321,0.392,8.4,8.8
2026-03-01 03:00:00,0.32,0.392,9.1,9.6
2026-03-01 04:00:00,0.319,0.391,9.7,10.3
2026-03-01 05:00:00,0.319,0.39,10.2,10.9
2026-03-01 06:00:00,0.318,0.389,10.6,11.4
2026-03-01 07:00:00,0.317,0.389,10.9,11.7
2026-03-01 08:00:00,0.317,0.388,11,11.8
2026-03-01 09:00:00,0.317,0.388,10.9,11.7
2026-03-01 10:00:00,0.316,0.388,10.7,11.4
2026-03-01 11:00:00,0.316,0.388,10.5,11.2
2026-03-01 12:00:00,0.316,0.388,10.4,10.9
2026-03-01 13:00:00,0.315,0.388,10.2,10.7
2026-03-01 14:00:00,0.315,0.388,10.1,10.5
2026-03-01 15:00:00,0.315,0.388,10,10.3
2026-03-01 16:00:00,0.315,0.388,9.8,10.1
2026-03-01 17:00:00,0.34,0.389,9.6,9.9
2026-03-01 18:00:00,0.388,0.397,9.4,9.6
2026-03-01 19:00:00,0.392,0.398,9.1,9.3
2026-03-01 20:00:00,0.395,0.4,8.9,9.1
2026-03-01 21:00:00,0.396,0.405,8.7,8.9
2026-03-01 22:00:00,0.395,0.409,8.6,8.8
2026-03-01 23:00:00,0.392,0.41,8.5,8.7
2026-03-02 00:00:00,0.385,0.41,8.5,8.6
2026-03-02 01:00:00,0.376,0.41,8.5,8.6
2026-03-02 02:00:00,0.373,0.41,8.6,8.8
2026-03-02 03:00:00,0.371,0.41,8.7,8.9
2026-03-02 04:00:00,0.369,0.409,8.8,9.1
2026-03-02 05:00:00,0.369,0.409,8.9,9.2
2026-03-02 06:00:00,0.398,0.411,9,9.3
2026-03-02 07:00:00,0.408,0.412,9.2,9.4
2026-03-02 08:00:00,0.409,0.412,9.2,9.4
2026-03-02 09:00:00,0.41,0.412,9.2,9.4
2026-03-02 10:00:00,0.41,0.412,9.1,9.3
2026-03-02 11:00:00,0.411,0.413,9,9.2
2026-03-02 12:00:00,0.411,0.413,8.8,9
2026-03-02 13:00:00,0.411,0.413,8.7,8.9
2026-03-02 14:00:00,0.411,0.413,8.6,8.8
2026-03-02 15:00:00,0.396,0.414,8.5,8.7
2026-03-02 16:00:00,0.377,0.414,8.5,8.7
2026-03-02 17:00:00,0.372,0.414,8.4,8.6
2026-03-02 18:00:00,0.37,0.414,8.4,8.5
2026-03-02 19:00:00,0.368,0.414,8.3,8.4
2026-03-02 20:00:00,0.366,0.414,8.2,8.4
2026-03-02 21:00:00,0.365,0.415,8.1,8.3
2026-03-02 22:00:00,0.364,0.415,8.1,8.3
2026-03-02 23:00:00,0.362,0.415,8,8.2
2026-03-03 00:00:00,0.361,0.415,8,8.3
2026-03-03 01:00:00,0.36,0.415,8.4,8.7
2026-03-03 02:00:00,0.358,0.414,9.2,9.6
2026-03-03 03:00:00,0.356,0.413,10.3,10.7
2026-03-03 04:00:00,0.355,0.412,11.1,11.5
2026-03-03 05:00:00,0.354,0.412,11.7,12.1
2026-03-03 06:00:00,0.352,0.412,11.9,12.5
2026-03-03 07:00:00,0.348,0.412,12.1,12.8
2026-03-03 08:00:00,0.347,0.412,12.1,12.7
2026-03-03 09:00:00,0.347,0.412,11.9,12.5
2026-03-03 10:00:00,0.346,0.412,11.5,12.1
2026-03-03 11:00:00,0.346,0.413,11.1,11.6
2026-03-03 12:00:00,0.346,0.413,10.7,11.1
2026-03-03 13:00:00,0.345,0.414,10.3,10.7
2026-03-03 14:00:00,0.345,0.414,10,10.4
2026-03-03 15:00:00,0.345,0.414,9.7,10
2026-03-03 16:00:00,0.345,0.415,9.3,9.6
2026-03-03 17:00:00,0.345,0.415,9,9.2
2026-03-03 18:00:00,0.345,0.415,8.6,8.8
2026-03-03 19:00:00,0.345,0.416,8.2,8.5
2026-03-03 20:00:00,0.345,0.416,7.8,8.1
2026-03-03 21:00:00,0.345,0.416,7.5,7.8
2026-03-03 22:00:00,0.345,0.417,7.2,7.4
2026-03-03 23:00:00,0.345,0.417,6.9,7.2
2026-03-04 00:00:00,0.344,0.417,6.9,7.3
2026-03-04 01:00:00,0.344,0.416,7.5,7.9
2026-03-04 02:00:00,0.343,0.415,8.4,9
2026-03-04 03:00:00,0.342,0.414,9.5,10.3
2026-03-04 04:00:00,0.341,0.413,10.5,11.4
2026-03-04 05:00:00,0.34,0.412,11,12.3
2026-03-04 06:00:00,0.34,0.412,11.4,12.9
2026-03-04 07:00:00,0.339,0.412,11.7,13.2
2026-03-04 08:00:00,0.339,0.411,11.8,12.9
2026-03-04 09:00:00,0.339,0.412,11.7,12.5
2026-03-04 10:00:00,0.338,0.412,11.3,12
2026-03-04 11:00:00,0.338,0.411,10.8,11.5
2026-03-04 12:00:00,0.338,0.408,10.4,10.9
2026-03-04 13:00:00,0.338,0.408,9.9,10.4
2026-03-04 14:00:00,0.338,0.409,9.5,9.9
2026-03-04 15:00:00,0.338,0.409,9.1,9.5
2026-03-04 16:00:00,0.338,0.409,8.7,9
2026-03-04 17:00:00,0.338,0.41,8.3,8.6
2026-03-04 18:00:00,0.338,0.41,7.9,8.2
2026-03-04 19:00:00,0.338,0.41,7.6,7.9
2026-03-04 20:00:00,0.338,0.411,7.3,7.5
2026-03-04 21:00:00,0.338,0.411,6.9,7.2
2026-03-04 22:00:00,0.338,0.411,6.7,6.9
2026-03-04 23:00:00,0.338,0.411,6.4,6.7
2026-03-05 00:00:00,0.338,0.411,6.4,6.8
2026-03-05 01:00:00,0.337,0.411,6.9,7.3
2026-03-05 02:00:00,0.336,0.41,7.8,8.3
2026-03-05 03:00:00,0.335,0.409,8.7,9.4
2026-03-05 04:00:00,0.334,0.408,9.5,10.4
2026-03-05 05:00:00,0.334,0.407,10.1,10.9
2026-03-05 06:00:00,0.333,0.407,10.4,11.2
2026-03-05 07:00:00,0.333,0.407,10.5,11.3
2026-03-05 08:00:00,0.332,0.407,10.6,11.3
2026-03-05 09:00:00,0.332,0.406,10.5,11.2
2026-03-05 10:00:00,0.331,0.406,10.4,11
2026-03-05 11:00:00,0.331,0.406,10.2,10.7
2026-03-05 12:00:00,0.331,0.407,10,10.5
2026-03-05 13:00:00,0.331,0.407,9.9,10.3
2026-03-05 14:00:00,0.331,0.407,9.7,10.1
2026-03-05 15:00:00,0.332,0.408,9.5,9.8
2026-03-05 16:00:00,0.342,0.409,9.2,9.6
2026-03-05 17:00:00,0.383,0.409,9,9.3
2026-03-05 18:00:00,0.382,0.409,8.8,9.1
2026-03-05 19:00:00,0.374,0.41,8.6,8.9
2026-03-05 20:00:00,0.37,0.41,8.3,8.6
2026-03-05 21:00:00,0.366,0.41,8,8.3
2026-03-05 22:00:00,0.362,0.41,7.7,8
2026-03-05 23:00:00,0.36,0.411,7.4,7.7
2026-03-06 00:00:00,0.359,0.411,7.3,7.7
2026-03-06 01:00:00,0.357,0.411,7.5,7.9
2026-03-06 02:00:00,0.355,0.41,7.9,8.3
2026-03-06 03:00:00,0.354,0.41,8.4,8.8
2026-03-06 04:00:00,0.353,0.409,8.7,9.2
2026-03-06 05:00:00,0.352,0.409,9.1,9.6
2026-03-06 06:00:00,0.351,0.409,9.4,10.1
2026-03-06 07:00:00,0.35,0.408,9.7,10.4
2026-03-06 08:00:00,0.349,0.408,9.6,10.3
2026-03-06 09:00:00,0.348,0.409,9.4,10
2026-03-06 10:00:00,0.347,0.409,9,9.6
2026-03-06 11:00:00,0.347,0.409,8.6,9.2
2026-03-06 12:00:00,0.346,0.41,8.2,8.8
2026-03-06 13:00:00,0.346,0.41,7.9,8.4
2026-03-06 14:00:00,0.346,0.41,7.6,8.1
2026-03-06 15:00:00,0.346,0.411,7.3,7.8
2026-03-06 16:00:00,0.345,0.411,7,7.5
2026-03-06 17:00:00,0.345,0.411,6.8,7.3
2026-03-06 18:00:00,0.345,0.411,6.6,7
2026-03-06 19:00:00,0.345,0.411,6.3,6.8
2026-03-06 20:00:00,0.345,0.411,6.1,6.6
2026-03-06 21:00:00,0.345,0.411,5.8,6.3
2026-03-06 22:00:00,0.345,0.411,5.6,6
2026-03-06 23:00:00,0.345,0.411,5.4,5.8
2026-03-07 00:00:00,0.344,0.411,5.3,5.8
2026-03-07 01:00:00,0.344,0.411,5.5,6.1
2026-03-07 02:00:00,0.343,0.41,6,6.9
2026-03-07 03:00:00,0.343,0.409,6.8,7.9
2026-03-07 04:00:00,0.342,0.408,7.6,8.9
2026-03-07 05:00:00,0.341,0.407,8.1,9.8
2026-03-07 06:00:00,0.341,0.407,8.3,10.3
2026-03-07 07:00:00,0.34,0.407,8.6,10.5
2026-03-07 08:00:00,0.34,0.407,8.6,10.2
2026-03-07 09:00:00,0.34,0.407,8.3,9.6
2026-03-07 10:00:00,0.34,0.408,7.9,9
2026-03-07 11:00:00,0.34,0.408,7.4,8.4
2026-03-07 12:00:00,0.339,0.409,7,7.8
2026-03-07 13:00:00,0.339,0.409,6.5,7.3
2026-03-07 14:00:00,0.339,0.41,6.2,6.8
2026-03-07 15:00:00,0.339,0.411,5.9,6.4
2026-03-07 16:00:00,0.339,0.411,5.6,6
2026-03-07 17:00:00,0.339,0.411,5.3,5.7
2026-03-07 18:00:00,0.338,0.411,5.1,5.5
2026-03-07 19:00:00,0.338,0.411,4.8,5.2
2026-03-07 20:00:00,0.338,0.411,4.6,5
2026-03-07 21:00:00,0.338,0.412,4.4,4.8
2026-03-07 22:00:00,0.337,0.412,4.2,4.7
2026-03-07 23:00:00,0.337,0.412,4,4.5
2026-03-08 00:00:00,0.337,0.412,3.8,4.4
2026-03-08 01:00:00,0.337,0.412,3.8,4.7
2026-03-08 02:00:00,0.336,0.41,4.3,5.8
2026-03-08 03:00:00,0.334,0.409,5.5,7.1
2026-03-08 04:00:00,0.333,0.408,6.6,8.4
2026-03-08 05:00:00,0.333,0.407,7.4,9.5
2026-03-08 06:00:00,0.332,0.406,8,10.3
2026-03-08 07:00:00,0.331,0.406,8.5,10.7
2026-03-08 08:00:00,0.331,0.406,8.6,10.5
2026-03-08 09:00:00,0.331,0.406,8.5,10.1
2026-03-08 10:00:00,0.33,0.406,8.2,9.6
2026-03-08 11:00:00,0.33,0.406,7.8,9
2026-03-08 12:00:00,0.33,0.407,7.3,8.4
2026-03-08 13:00:00,0.33,0.407,6.9,7.8
2026-03-08 14:00:00,0.33,0.408,6.5,7.3
2026-03-08 15:00:00,0.33,0.408,6.1,6.8
2026-03-08 16:00:00,0.33,0.409,5.8,6.4
2026-03-08 17:00:00,0.33,0.41,5.6,6.1
2026-03-08 18:00:00,0.33,0.41,5.3,5.8
2026-03-08 19:00:00,0.329,0.41,5.1,5.5
2026-03-08 20:00:00,0.329,0.41,4.9,5.3
2026-03-08 21:00:00,0.329,0.411,4.7,5.1
2026-03-08 22:00:00,0.329,0.411,4.5,4.9
2026-03-08 23:00:00,0.329,0.411,4.3,4.8
2026-03-09 00:00:00,0.328,0.411,4.2,4.7
2026-03-09 01:00:00,0.328,0.411,4.1,4.7
2026-03-09 02:00:00,0.328,0.411,4.1,4.9
2026-03-09 03:00:00,0.327,0.41,4.5,5.5
2026-03-09 04:00:00,0.326,0.41,5.2,6.3
2026-03-09 05:00:00,0.326,0.408,5.8,7.1
2026-03-09 06:00:00,0.325,0.408,6.3,7.9
2026-03-09 07:00:00,0.325,0.407,6.6,8.3
2026-03-09 08:00:00,0.324,0.407,6.8,8.2
2026-03-09 09:00:00,0.324,0.407,6.7,7.9
2026-03-09 10:00:00,0.324,0.408,6.4,7.5
2026-03-09 11:00:00,0.324,0.408,6.1,7.1
2026-03-09 12:00:00,0.324,0.408,5.8,6.6
2026-03-09 13:00:00,0.324,0.409,5.5,6.2
2026-03-09 14:00:00,0.324,0.409,5.2,5.8
2026-03-09 15:00:00,0.323,0.41,5,5.5
2026-03-09 16:00:00,0.323,0.41,4.7,5.2
2026-03-09 17:00:00,0.323,0.41,4.5,5
2026-03-09 18:00:00,0.323,0.407,4.3,4.8
2026-03-09 19:00:00,0.323,0.405,4.1,4.6
2026-03-09 20:00:00,0.323,0.405,3.9,4.4
2026-03-09 21:00:00,0.323,0.405,3.7,4.3
2026-03-09 22:00:00,0.323,0.405,3.6,4.2
2026-03-09 23:00:00,0.322,0.404,3.4,4
2026-03-10 00:00:00,0.322,0.405,3.3,4
2026-03-10 01:00:00,0.321,0.404,3.4,4.4
2026-03-10 02:00:00,0.32,0.403,4.2,5.6
2026-03-10 03:00:00,0.319,0.402,5.5,7.1
2026-03-10 04:00:00,0.318,0.401,6.8,8.5
2026-03-10 05:00:00,0.317,0.4,7.7,9.8
2026-03-10 06:00:00,0.317,0.399,8.3,10.7
2026-03-10 07:00:00,0.316,0.398,8.8,11.1
2026-03-10 08:00:00,0.316,0.398,8.9,10.8
2026-03-10 09:00:00,0.316,0.398,8.7,10.3
2026-03-10 10:00:00,0.316,0.399,8.3,9.6
2026-03-10 11:00:00,0.316,0.399,7.9,9
2026-03-10 12:00:00,0.316,0.4,7.4,8.4
2026-03-10 13:00:00,0.316,0.4,6.9,7.9
2026-03-10 14:00:00,0.316,0.401,6.5,7.3
2026-03-10 15:00:00,0.316,0.401,6.1,6.8
2026-03-10 16:00:00,0.316,0.402,5.8,6.4
2026-03-10 17:00:00,0.316,0.402,5.5,6
2026-03-10 18:00:00,0.316,0.402,5.2,5.7
2026-03-10 19:00:00,0.316,0.403,5,5.4
2026-03-10 20:00:00,0.316,0.403,4.7,5.2
2026-03-10 21:00:00,0.316,0.403,4.5,4.9
2026-03-10 22:00:00,0.316,0.403,4.3,4.8
2026-03-10 23:00:00,0.315,0.403,4.1,4.6
2026-03-11 00:00:00,0.315,0.403,3.9,4.5
2026-03-11 01:00:00,0.315,0.403,4.1,5.1
2026-03-11 02:00:00,0.314,0.402,4.9,6.2
2026-03-11 03:00:00,0.313,0.4,6.1,7.7
2026-03-11 04:00:00,0.312,0.399,7.2,9
2026-03-11 05:00:00,0.311,0.398,8,10.1
2026-03-11 06:00:00,0.311,0.397,8.6,10.8
2026-03-11 07:00:00,0.31,0.397,9,11.1
2026-03-11 08:00:00,0.31,0.396,9.1,10.9
2026-03-11 09:00:00,0.31,0.396,9,10.6
2026-03-11 10:00:00,0.31,0.397,8.7,10
2026-03-11 11:00:00,0.31,0.397,8.3,9.4
2026-03-11 12:00:00,0.31,0.397,7.9,8.9
2026-03-11 13:00:00,0.31,0.398,7.5,8.4
2026-03-11 14:00:00,0.31,0.398,7.1,7.9
2026-03-11 15:00:00,0.31,0.398,6.8,7.5
2026-03-11 16:00:00,0.31,0.399,6.4,7.1
2026-03-11 17:00:00,0.31,0.399,6.1,6.7
2026-03-11 18:00:00,0.31,0.4,5.8,6.4
2026-03-11 19:00:00,0.31,0.4,5.6,6.1
2026-03-11 20:00:00,0.31,0.4,5.3,5.8
2026-03-11 21:00:00,0.31,0.401,5.1,5.5
2026-03-11 22:00:00,0.31,0.401,4.9,5.3
2026-03-11 23:00:00,0.31,0.401,4.7,5.1
2026-03-12 00:00:00,0.31,0.401,4.7,5.3
2026-03-12 01:00:00,0.309,0.4,5.2,6
2026-03-12 02:00:00,0.308,0.399,6.1,7.2
2026-03-12 03:00:00,0.307,0.398,7.2,8.5
2026-03-12 04:00:00,0.306,0.396,8.2,9.8
2026-03-12 05:00:00,0.306,0.395,8.9,10.8
2026-03-12 06:00:00,0.305,0.394,9.4,11.4
2026-03-12 07:00:00,0.305,0.394,9.8,11.6
2026-03-12 08:00:00,0.305,0.394,9.9,11.4
2026-03-12 09:00:00,0.305,0.393,9.8,11.1
2026-03-12 10:00:00,0.304,0.394,9.5,10.6
2026-03-12 11:00:00,0.304,0.394,9.1,10
2026-03-12 12:00:00,0.305,0.394,8.7,9.5
2026-03-12 13:00:00,0.305,0.394,8.3,9
2026-03-12 14:00:00,0.305,0.394,7.9,8.5
2026-03-12 15:00:00,0.305,0.394,7.5,8
2026-03-12 16:00:00,0.305,0.394,7.2,7.6
2026-03-12 17:00:00,0.305,0.395,6.8,7.2
2026-03-12 18:00:00,0.305,0.395,6.5,6.8
2026-03-12 19:00:00,0.305,0.395,6.2,6.5
2026-03-12 20:00:00,0.305,0.396,5.9,6.2
2026-03-12 21:00:00,0.305,0.396,5.6,5.8
2026-03-12 22:00:00,0.305,0.396,5.4,5.6
2026-03-12 23:00:00,0.305,0.396,5.2,5.4
2026-03-13 00:00:00,0.304,0.396,5.3,5.7
2026-03-13 01:00:00,0.304,0.395,6,6.6
2026-03-13 02:00:00,0.303,0.394,7,7.7
2026-03-13 03:00:00,0.302,0.393,8.2,9.1
2026-03-13 04:00:00,0.301,0.391,9.3,10.3
2026-03-13 05:00:00,0.3,0.39,10.1,11.2
2026-03-13 06:00:00,0.3,0.39,10.5,11.9
2026-03-13 07:00:00,0.299,0.389,10.9,12.2
2026-03-13 08:00:00,0.299,0.389,11,12
2026-03-13 09:00:00,0.299,0.389,10.9,11.5
2026-03-13 10:00:00,0.299,0.389,10.5,11
2026-03-13 11:00:00,0.299,0.389,10,10.4
2026-03-13 12:00:00,0.299,0.389,9.6,9.9
2026-03-13 13:00:00,0.299,0.389,9.1,9.3
2026-03-13 14:00:00,0.299,0.39,8.6,8.8
2026-03-13 15:00:00,0.299,0.39,8.2,8.4
2026-03-13 16:00:00,0.3,0.39,7.8,7.9
2026-03-13 17:00:00,0.3,0.391,7.4,7.5
2026-03-13 18:00:00,0.3,0.391,7,7.1
2026-03-13 19:00:00,0.3,0.391,6.7,6.8
2026-03-13 20:00:00,0.3,0.392,6.4,6.4
2026-03-13 21:00:00,0.3,0.392,6.1,6.1
2026-03-13 22:00:00,0.3,0.392,5.8,5.9
2026-03-13 23:00:00,0.3,0.392,5.6,5.7
2026-03-14 00:00:00,0.299,0.392,5.8,6
2026-03-14 01:00:00,0.299,0.391,6.5,6.8
2026-03-14 02:00:00,0.298,0.39,7.4,7.9
2026-03-14 03:00:00,0.297,0.389,8.6,9.3
2026-03-14 04:00:00,0.296,0.388,9.8,10.6
2026-03-14 05:00:00,0.295,0.386,10.6,11.7
2026-03-14 06:00:00,0.295,0.385,11.1,12.5
2026-03-14 07:00:00,0.294,0.385,11.5,12.6
2026-03-14 08:00:00,0.294,0.384,11.6,12.3
2026-03-14 09:00:00,0.294,0.384,11.3,11.8
2026-03-14 10:00:00,0.294,0.384,10.9,11.2
2026-03-14 11:00:00,0.294,0.384,10.4,10.6
2026-03-14 12:00:00,0.294,0.384,9.9,10
2026-03-14 13:00:00,0.294,0.384,9.4,9.5
2026-03-14 14:00:00,0.295,0.385,8.9,8.9
2026-03-14 15:00:00,0.295,0.385,8.5,8.4
2026-03-14 16:00:00,0.295,0.385,8.1,8
2026-03-14 17:00:00,0.295,0.385,7.8,7.7
2026-03-14 18:00:00,0.295,0.385,7.5,7.4
2026-03-14 19:00:00,0.294,0.385,7.3,7.2
2026-03-14 20:00:00,0.294,0.385,7.2,7.1
2026-03-14 21:00:00,0.294,0.386,7.1,6.9
2026-03-14 22:00:00,0.294,0.385,7,6.9
2026-03-14 23:00:00,0.294,0.385,6.9,6.8
2026-03-15 00:00:00,0.294,0.385,7,6.9
2026-03-15 01:00:00,0.294,0.385,7.1,7
2026-03-15 02:00:00,0.293,0.385,7.2,7.3
2026-03-15 03:00:00,0.293,0.385,7.6,7.7
2026-03-15 04:00:00,0.292,0.384,8.3,8.6
2026-03-15 05:00:00,0.292,0.383,9,9.5
2026-03-15 06:00:00,0.291,0.382,9.5,10.1
2026-03-15 07:00:00,0.291,0.381,9.9,10.5
2026-03-15 08:00:00,0.291,0.381,10,10.6
2026-03-15 09:00:00,0.291,0.38,9.9,10.4
2026-03-15 10:00:00,0.291,0.38,9.7,10.1
2026-03-15 11:00:00,0.291,0.38,9.5,9.8
2026-03-15 12:00:00,0.291,0.38,9.2,9.4
2026-03-15 13:00:00,0.291,0.38,8.8,9
2026-03-15 14:00:00,0.291,0.38,8.4,8.6
2026-03-15 15:00:00,0.291,0.38,8,8.1
2026-03-15 16:00:00,0.291,0.38,7.7,7.7
2026-03-15 17:00:00,0.291,0.381,7.3,7.4
2026-03-15 18:00:00,0.291,0.381,7.1,7.1
2026-03-15 19:00:00,0.291,0.381,6.8,6.8
2026-03-15 20:00:00,0.291,0.382,6.5,6.5
2026-03-15 21:00:00,0.291,0.382,6.2,6.1
2026-03-15 22:00:00,0.291,0.382,5.9,5.9
2026-03-15 23:00:00,0.291,0.382,5.7,5.7
2026-03-16 00:00:00,0.291,0.382,5.8,5.8
2026-03-16 01:00:00,0.29,0.382,6.2,6.3
2026-03-16 02:00:00,0.29,0.381,6.9,7.2
2026-03-16 03:00:00,0.289,0.38,7.9,8.4
2026-03-16 04:00:00,0.288,0.379,8.8,9.5
2026-03-16 05:00:00,0.287,0.378,9.6,10.5
2026-03-16 06:00:00,0.287,0.377,10.3,11.2
2026-03-16 07:00:00,0.287,0.376,10.6,11.5
2026-03-16 08:00:00,0.286,0.376,10.6,11.4
2026-03-16 09:00:00,0.286,0.375,10.6,11.2
2026-03-16 10:00:00,0.286,0.375,10.4,10.9
2026-03-16 11:00:00,0.286,0.375,10,10.4
2026-03-16 12:00:00,0.287,0.375,9.6,9.9
2026-03-16 13:00:00,0.287,0.376,9.2,9.5
2026-03-16 14:00:00,0.287,0.376,8.8,9
2026-03-16 15:00:00,0.287,0.376,8.5,8.6
2026-03-16 16:00:00,0.287,0.376,8.1,8.2
2026-03-16 17:00:00,0.287,0.377,7.8,7.9
2026-03-16 18:00:00,0.287,0.377,7.5,7.6
2026-03-16 19:00:00,0.287,0.377,7.3,7.3
2026-03-16 20:00:00,0.287,0.377,7,7
2026-03-16 21:00:00,0.287,0.377,6.7,6.7
2026-03-16 22:00:00,0.287,0.378,6.5,6.4
2026-03-16 23:00:00,0.287,0.378,6.2,6.2
2026-03-17 00:00:00,0.287,0.378,6.4,6.5
2026-03-17 01:00:00,0.286,0.377,7.1,7.3
2026-03-17 02:00:00,0.285,0.376,8.2,8.6
2026-03-17 03:00:00,0.284,0.374,9.5,10
2026-03-17 04:00:00,0.283,0.373,10.8,11.4
2026-03-17 05:00:00,0.282,0.372,11.8,12.5
2026-03-17 06:00:00,0.282,0.37,12.4,13.4
2026-03-17 07:00:00,0.282,0.37,12.9,13.8
2026-03-17 08:00:00,0.281,0.369,13,13.6
2026-03-17 09:00:00,0.281,0.369,12.8,13.2
2026-03-17 10:00:00,0.281,0.37,12.5,12.7
2026-03-17 11:00:00,0.282,0.37,12,12.1
2026-03-17 12:00:00,0.282,0.37,11.5,11.5
2026-03-17 13:00:00,0.282,0.37,11,11
2026-03-17 14:00:00,0.282,0.37,10.6,10.5
2026-03-17 15:00:00,0.282,0.371,10.3,10.1
2026-03-17 16:00:00,0.282,0.371,10.1,9.9
2026-03-17 17:00:00,0.281,0.371,9.9,9.7
2026-03-17 18:00:00,0.281,0.372,9.8,9.6
2026-03-17 19:00:00,0.283,0.373,9.7,9.5
2026-03-17 20:00:00,0.323,0.386,9.7,9.4
2026-03-17 21:00:00,0.351,0.39,9.6,9.4
2026-03-17 22:00:00,0.364,0.391,9.6,9.4
2026-03-17 23:00:00,0.377,0.392,9.6,9.4
2026-03-18 00:00:00,0.379,0.394,9.7,9.4
2026-03-18 01:00:00,0.379,0.395,9.8,9.5
2026-03-18 02:00:00,0.381,0.395,9.9,9.7
2026-03-18 03:00:00,0.381,0.395,10.1,9.9
2026-03-18 04:00:00,0.38,0.395,10.2,10
2026-03-18 05:00:00,0.372,0.395,10.2,10
2026-03-18 06:00:00,0.364,0.395,10.1,10.1
2026-03-18 07:00:00,0.359,0.396,10.1,10.1
2026-03-18 08:00:00,0.358,0.396,10,10
2026-03-18 09:00:00,0.355,0.396,9.9,9.9
2026-03-18 10:00:00,0.353,0.396,9.8,9.8
2026-03-18 11:00:00,0.351,0.396,9.6,9.6
2026-03-18 12:00:00,0.349,0.397,9.4,9.4
2026-03-18 13:00:00,0.348,0.397,9.1,9.1
2026-03-18 14:00:00,0.347,0.397,8.9,8.9
2026-03-18 15:00:00,0.346,0.397,8.6,8.6
2026-03-18 16:00:00,0.345,0.398,8.3,8.2
2026-03-18 17:00:00,0.344,0.398,7.9,7.9
2026-03-18 18:00:00,0.344,0.398,7.6,7.6
2026-03-18 19:00:00,0.342,0.399,7.3,7.3
2026-03-18 20:00:00,0.342,0.399,7,7
2026-03-18 21:00:00,0.342,0.398,6.7,6.7
2026-03-18 22:00:00,0.342,0.398,6.4,6.4
2026-03-18 23:00:00,0.341,0.398,6.3,6.2
2026-03-19 00:00:00,0.344,0.397,6.5,6.6
2026-03-19 01:00:00,0.344,0.396,7.2,7.6
2026-03-19 02:00:00,0.343,0.394,8.2,8.9
2026-03-19 03:00:00,0.342,0.392,9.3,10.3
2026-03-19 04:00:00,0.341,0.391,10.3,11.7
2026-03-19 05:00:00,0.34,0.39,11.1,12.7
2026-03-19 06:00:00,0.34,0.389,11.5,13.4
2026-03-19 07:00:00,0.339,0.389,11.8,13.7
2026-03-19 08:00:00,0.339,0.389,11.9,13.3
2026-03-19 09:00:00,0.339,0.39,11.7,12.8
2026-03-19 10:00:00,0.339,0.391,11.3,12.1
2026-03-19 11:00:00,0.339,0.392,10.8,11.4
2026-03-19 12:00:00,0.339,0.392,10.3,10.7
2026-03-19 13:00:00,0.339,0.393,9.8,10.1
2026-03-19 14:00:00,0.339,0.392,9.3,9.5
2026-03-19 15:00:00,0.338,0.392,8.9,9
2026-03-19 16:00:00,0.338,0.392,8.5,8.5
2026-03-19 17:00:00,0.339,0.392,8.2,8.1
2026-03-19 18:00:00,0.339,0.393,7.9,7.8
2026-03-19 19:00:00,0.339,0.393,7.6,7.4
2026-03-19 20:00:00,0.339,0.393,7.3,7.2
2026-03-19 21:00:00,0.338,0.393,7.1,6.9
2026-03-19 22:00:00,0.338,0.394,6.9,6.7
2026-03-19 23:00:00,0.338,0.394,6.7,6.5
2026-03-20 00:00:00,0.338,0.394,6.8,6.8
2026-03-20 01:00:00,0.337,0.393,7.4,7.8
2026-03-20 02:00:00,0.337,0.391,8.4,9.1
2026-03-20 03:00:00,0.336,0.39,9.3,10.5
2026-03-20 04:00:00,0.335,0.389,10.2,11.7
2026-03-20 05:00:00,0.334,0.387,10.8,12.7
2026-03-20 06:00:00,0.334,0.386,11.2,13.3
2026-03-20 07:00:00,0.334,0.385,11.6,13.6
2026-03-20 08:00:00,0.333,0.385,11.7,13.2
2026-03-20 09:00:00,0.333,0.385,11.6,12.8
2026-03-20 10:00:00,0.333,0.385,11.4,12.2
2026-03-20 11:00:00,0.333,0.386,11,11.7
2026-03-20 12:00:00,0.333,0.386,10.7,11.1
2026-03-20 13:00:00,0.333,0.386,10.3,10.5
2026-03-20 14:00:00,0.333,0.386,9.9,10
2026-03-20 15:00:00,0.333,0.387,9.5,9.5
2026-03-20 16:00:00,0.333,0.387,9.1,9.1
2026-03-20 17:00:00,0.333,0.387,8.7,8.6
2026-03-20 18:00:00,0.333,0.388,8.4,8.2
2026-03-20 19:00:00,0.333,0.388,8.1,7.9
2026-03-20 20:00:00,0.333,0.388,7.9,7.6
2026-03-20 21:00:00,0.332,0.389,7.6,7.3
2026-03-20 22:00:00,0.332,0.389,7.4,7.2
2026-03-20 23:00:00,0.332,0.389,7.3,7.1
2026-03-21 00:00:00,0.332,0.389,7.3,7.2
2026-03-21 01:00:00,0.331,0.388,7.7,7.7
2026-03-21 02:00:00,0.331,0.387,8.4,8.8
2026-03-21 03:00:00,0.329,0.386,9.5,10.2
2026-03-21 04:00:00,0.328,0.384,10.6,11.7
2026-03-21 05:00:00,0.328,0.382,11.4,12.9
2026-03-21 06:00:00,0.327,0.381,11.8,13.8
2026-03-21 07:00:00,0.327,0.38,12.2,14.1
2026-03-21 08:00:00,0.326,0.379,12.3,13.6
2026-03-21 09:00:00,0.326,0.379,12.1,13
2026-03-21 10:00:00,0.326,0.38,11.7,12.3
2026-03-21 11:00:00,0.326,0.38,11.3,11.7
2026-03-21 12:00:00,0.326,0.38,10.8,11
2026-03-21 13:00:00,0.326,0.38,10.3,10.4
2026-03-21 14:00:00,0.326,0.38,9.8,9.8
2026-03-21 15:00:00,0.326,0.381,9.4,9.3
2026-03-21 16:00:00,0.326,0.381,9,8.8
2026-03-21 17:00:00,0.325,0.381,8.7,8.5
2026-03-21 18:00:00,0.325,0.381,8.4,8.2
2026-03-21 19:00:00,0.325,0.382,8.2,7.9
2026-03-21 20:00:00,0.325,0.382,8,7.7
2026-03-21 21:00:00,0.325,0.382,7.8,7.5
2026-03-21 22:00:00,0.325,0.382,7.6,7.3
2026-03-21 23:00:00,0.324,0.382,7.5,7.2
2026-03-22 00:00:00,0.324,0.382,7.5,7.3
2026-03-22 01:00:00,0.324,0.382,7.8,7.7
2026-03-22 02:00:00,0.323,0.381,8.3,8.3
2026-03-22 03:00:00,0.322,0.38,8.7,8.9
2026-03-22 04:00:00,0.322,0.379,9.6,10
2026-03-22 05:00:00,0.321,0.378,10.4,11.3
2026-03-22 06:00:00,0.32,0.377,11.1,12.2
2026-03-22 07:00:00,0.319,0.376,11.6,12.8
2026-03-22 08:00:00,0.319,0.376,11.8,12.7
2026-03-22 09:00:00,0.319,0.376,11.7,12.2
2026-03-22 10:00:00,0.318,0.376,11.5,11.7
2026-03-22 11:00:00,0.318,0.376,11.1,11.2
2026-03-22 12:00:00,0.318,0.376,10.6,10.6
2026-03-22 13:00:00,0.318,0.376,10.2,10.1
2026-03-22 14:00:00,0.318,0.376,9.8,9.6
2026-03-22 15:00:00,0.318,0.377,9.4,9.1
2026-03-22 16:00:00,0.318,0.377,9,8.7
2026-03-22 17:00:00,0.318,0.377,8.7,8.3
2026-03-22 18:00:00,0.318,0.377,8.3,7.9
2026-03-22 19:00:00,0.318,0.378,8,7.5
2026-03-22 20:00:00,0.318,0.378,7.7,7.2
2026-03-22 21:00:00,0.318,0.378,7.4,6.9
2026-03-22 22:00:00,0.318,0.379,7.1,6.6
2026-03-22 23:00:00,0.317,0.379,7,6.5
2026-03-23 00:00:00,0.317,0.378,7.2,7
2026-03-23 01:00:00,0.316,0.377,7.9,8
2026-03-23 02:00:00,0.315,0.376,8.9,9.5
2026-03-23 03:00:00,0.314,0.374,10.1,11
2026-03-23 04:00:00,0.313,0.373,11.3,12.4
2026-03-23 05:00:00,0.312,0.371,12.1,13.5
2026-03-23 06:00:00,0.312,0.37,12.7,14.2
2026-03-23 07:00:00,0.311,0.37,13.1,14.4
2026-03-23 08:00:00,0.31,0.369,13.3,14.2
2026-03-23 09:00:00,0.31,0.369,13.2,13.7
2026-03-23 10:00:00,0.31,0.37,13,13.1
2026-03-23 11:00:00,0.31,0.37,12.6,12.5
2026-03-23 12:00:00,0.31,0.371,12.1,11.9
2026-03-23 13:00:00,0.31,0.371,11.7,11.4
2026-03-23 14:00:00,0.31,0.371,11.2,10.8
2026-03-23 15:00:00,0.309,0.371,10.8,10.3
2026-03-23 16:00:00,0.309,0.372,10.4,9.9
2026-03-23 17:00:00,0.309,0.372,10.1,9.5
2026-03-23 18:00:00,0.309,0.372,9.7,9.1
2026-03-23 19:00:00,0.309,0.373,9.4,8.7
2026-03-23 20:00:00,0.309,0.373,9.1,8.4
2026-03-23 21:00:00,0.309,0.373,8.8,8.1
2026-03-23 22:00:00,0.309,0.373,8.6,7.8
2026-03-23 23:00:00,0.309,0.374,8.5,7.7
2026-03-24 00:00:00,0.308,0.373,8.7,8.2
2026-03-24 01:00:00,0.308,0.372,9.2,9
2026-03-24 02:00:00,0.307,0.371,10,10
2026-03-24 03:00:00,0.306,0.37,10.9,11.2
2026-03-24 04:00:00,0.305,0.369,11.9,12.3
2026-03-24 05:00:00,0.304,0.368,12.6,13.1
2026-03-24 06:00:00,0.304,0.367,13.1,13.5
2026-03-24 07:00:00,0.303,0.367,13.5,13.8
2026-03-24 08:00:00,0.303,0.366,13.6,13.8
2026-03-24 09:00:00,0.303,0.366,13.5,13.6
2026-03-24 10:00:00,0.302,0.366,13.3,13.4
2026-03-24 11:00:00,0.302,0.366,13.1,13
2026-03-24 12:00:00,0.302,0.366,12.8,12.7
2026-03-24 13:00:00,0.302,0.367,12.6,12.4
2026-03-24 14:00:00,0.302,0.367,12.4,12.1
2026-03-24 15:00:00,0.301,0.367,12.2,11.9
2026-03-24 16:00:00,0.301,0.367,12.1,11.7
2026-03-24 17:00:00,0.301,0.367,11.9,11.5
2026-03-24 18:00:00,0.301,0.368,11.8,11.3
2026-03-24 19:00:00,0.301,0.368,11.7,11.1
2026-03-24 20:00:00,0.301,0.368,11.5,11
2026-03-24 21:00:00,0.3,0.368,11.4,10.8
2026-03-24 22:00:00,0.3,0.368,11.3,10.7
2026-03-24 23:00:00,0.3,0.368,11.2,10.6
2026-03-25 00:00:00,0.3,0.368,11.2,10.7
2026-03-25 01:00:00,0.3,0.368,11.3,10.8
2026-03-25 02:00:00,0.3,0.368,11.5,11
2026-03-25 03:00:00,0.299,0.368,11.7,11.4
2026-03-25 04:00:00,0.299,0.367,12.2,12.2
2026-03-25 05:00:00,0.298,0.366,12.9,13.4
2026-03-25 06:00:00,0.298,0.365,13.5,14.3
2026-03-25 07:00:00,0.297,0.364,14,14.7
2026-03-25 08:00:00,0.297,0.364,14.2,14.6
2026-03-25 09:00:00,0.297,0.364,14.1,14.2
2026-03-25 10:00:00,0.297,0.364,13.9,13.8
2026-03-25 11:00:00,0.297,0.365,13.5,13.3
2026-03-25 12:00:00,0.297,0.365,13.1,12.8
2026-03-25 13:00:00,0.297,0.366,12.8,12.3
2026-03-25 14:00:00,0.297,0.366,12.4,11.8
2026-03-25 15:00:00,0.297,0.366,12,11.4
2026-03-25 16:00:00,0.297,0.366,11.7,10.9
2026-03-25 17:00:00,0.297,0.367,11.3,10.5
2026-03-25 18:00:00,0.297,0.367,10.9,10.1
2026-03-25 19:00:00,0.297,0.367,10.6,9.8
2026-03-25 20:00:00,0.297,0.367,10.4,9.6
2026-03-25 21:00:00,0.296,0.367,10.3,9.4
2026-03-25 22:00:00,0.296,0.368,10.1,9.3
2026-03-25 23:00:00,0.296,0.368,10,9.2
2026-03-26 00:00:00,0.296,0.367,10.2,9.6
2026-03-26 01:00:00,0.295,0.367,10.8,10.4
2026-03-26 02:00:00,0.295,0.366,11.7,11.6
2026-03-26 03:00:00,0.294,0.364,12.8,13
2026-03-26 04:00:00,0.293,0.363,13.9,14.3
2026-03-26 05:00:00,0.292,0.362,14.8,15.3
2026-03-26 06:00:00,0.292,0.361,15.4,16
2026-03-26 07:00:00,0.292,0.36,15.7,16.2
2026-03-26 08:00:00,0.291,0.36,15.8,15.9
2026-03-26 09:00:00,0.291,0.36,15.6,15.4
2026-03-26 10:00:00,0.291,0.36,15.2,14.7
2026-03-26 11:00:00,0.292,0.36,14.6,14
2026-03-26 12:00:00,0.292,0.36,14.1,13.4
2026-03-26 13:00:00,0.292,0.361,13.6,12.8
2026-03-26 14:00:00,0.292,0.361,13.2,12.3
2026-03-26 15:00:00,0.292,0.361,12.8,11.8
2026-03-26 16:00:00,0.292,0.362,12.4,11.4
2026-03-26 17:00:00,0.292,0.362,12,11
2026-03-26 18:00:00,0.292,0.362,11.7,10.5
2026-03-26 19:00:00,0.292,0.362,11.3,10.2
2026-03-26 20:00:00,0.292,0.362,11,9.9
2026-03-26 21:00:00,0.292,0.363,10.7,9.5
2026-03-26 22:00:00,0.292,0.363,10.4,9.2
2026-03-26 23:00:00,0.292,0.363,10.2,9.1
2026-03-27 00:00:00,0.292,0.363,10.3,9.4
2026-03-27 01:00:00,0.292,0.362,10.8,10.2
2026-03-27 02:00:00,0.291,0.361,11.8,11.4
2026-03-27 03:00:00,0.29,0.36,12.9,12.7
2026-03-27 04:00:00,0.289,0.358,14,14
2026-03-27 05:00:00,0.288,0.357,14.8,15.1
2026-03-27 06:00:00,0.288,0.356,15.3,15.8
2026-03-27 07:00:00,0.287,0.356,15.7,16
2026-03-27 08:00:00,0.287,0.355,15.7,15.7
2026-03-27 09:00:00,0.287,0.355,15.5,15.2
2026-03-27 10:00:00,0.287,0.355,15.2,14.7
2026-03-27 11:00:00,0.287,0.355,14.8,14.1
2026-03-27 12:00:00,0.287,0.356,14.3,13.5
2026-03-27 13:00:00,0.287,0.356,13.9,13
2026-03-27 14:00:00,0.287,0.356,13.6,12.6
2026-03-27 15:00:00,0.287,0.356,13.2,12.2
2026-03-27 16:00:00,0.287,0.356,12.9,11.8
2026-03-27 17:00:00,0.287,0.356,12.7,11.6
2026-03-27 18:00:00,0.287,0.356,12.6,11.5
2026-03-27 19:00:00,0.286,0.356,12.5,11.5
2026-03-27 20:00:00,0.286,0.357,12.4,11.3
2026-03-27 21:00:00,0.286,0.357,12.2,11.2
2026-03-27 22:00:00,0.286,0.357,12,10.9
2026-03-27 23:00:00,0.286,0.357,11.7,10.7
2026-03-28 00:00:00,0.286,0.357,11.8,10.8
2026-03-28 01:00:00,0.285,0.356,12.3,11.7
2026-03-28 02:00:00,0.285,0.355,13.2,12.9
2026-03-28 03:00:00,0.284,0.353,14.4,14.3
2026-03-28 04:00:00,0.283,0.352,15.6,15.6
2026-03-28 05:00:00,0.282,0.351,16.4,16.6
2026-03-28 06:00:00,0.282,0.35,16.8,17.2
2026-03-28 07:00:00,0.281,0.35,17,17.3
2026-03-28 08:00:00,0.281,0.35,16.9,16.8
2026-03-28 09:00:00,0.281,0.35,16.5,16.1
2026-03-28 10:00:00,0.281,0.35,16.1,15.4
2026-03-28 11:00:00,0.281,0.35,15.5,14.7
2026-03-28 12:00:00,0.281,0.35,15,14
2026-03-28 13:00:00,0.281,0.35,14.4,13.4
2026-03-28 14:00:00,0.281,0.351,13.9,12.7
2026-03-28 15:00:00,0.281,0.351,13.4,12.1
2026-03-28 16:00:00,0.281,0.352,12.9,11.6
2026-03-28 17:00:00,0.281,0.352,12.5,11.1
2026-03-28 18:00:00,0.281,0.352,12.1,10.8
2026-03-28 19:00:00,0.281,0.352,11.8,10.4
2026-03-28 20:00:00,0.281,0.352,11.5,10.1
2026-03-28 21:00:00,0.281,0.353,11.2,9.8
2026-03-28 22:00:00,0.281,0.353,11,9.5
2026-03-28 23:00:00,0.281,0.353,10.8,9.4
2026-03-29 00:00:00,0.281,0.353,10.9,9.7
2026-03-29 01:00:00,0.281,0.352,11.5,10.6
2026-03-29 02:00:00,0.28,0.351,12.3,11.8
2026-03-29 03:00:00,0.279,0.35,13.4,13.1
2026-03-29 04:00:00,0.278,0.348,14.4,14.3
2026-03-29 05:00:00,0.277,0.347,15.3,15.4
2026-03-29 06:00:00,0.277,0.346,15.9,16.2
2026-03-29 07:00:00,0.277,0.346,16.2,16.5
2026-03-29 08:00:00,0.276,0.345,16.3,16.5
2026-03-29 09:00:00,0.276,0.345,16.3,16.3
2026-03-29 10:00:00,0.276,0.345,16.1,16
2026-03-29 11:00:00,0.276,0.345,15.9,15.6
2026-03-29 12:00:00,0.276,0.345,15.5,15.1
2026-03-29 13:00:00,0.276,0.346,15.2,14.6
2026-03-29 14:00:00,0.276,0.346,14.8,14
2026-03-29 15:00:00,0.276,0.346,14.4,13.5
2026-03-29 16:00:00,0.276,0.346,14.1,13.1
2026-03-29 17:00:00,0.276,0.347,13.8,12.7
2026-03-29 18:00:00,0.276,0.347,13.5,12.4
2026-03-29 19:00:00,0.276,0.347,13.3,12.1
2026-03-29 20:00:00,0.276,0.347,13.1,11.9
2026-03-29 21:00:00,0.276,0.347,12.9,11.7
2026-03-29 22:00:00,0.276,0.347,12.7,11.5
2026-03-29 23:00:00,0.276,0.347,12.6,11.5
2026-03-30 00:00:00,0.276,0.347,12.6,11.6
2026-03-30 01:00:00,0.276,0.347,12.8,11.9
2026-03-30 02:00:00,0.276,0.347,13.1,12.3
2026-03-30 03:00:00,0.275,0.346,13.4,12.7
2026-03-30 04:00:00,0.275,0.346,13.6,13
2026-03-30 05:00:00,0.275,0.346,13.7,13.1
2026-03-30 06:00:00,0.275,0.346,13.8,13.3
2026-03-30 07:00:00,0.274,0.346,13.9,13.3
2026-03-30 08:00:00,0.274,0.347,13.9,13.4
2026-03-30 09:00:00,0.295,0.347,13.9,13.3
2026-03-30 10:00:00,0.336,0.351,13.8,13.3
2026-03-30 11:00:00,0.367,0.375,13.8,13.2
2026-03-30 12:00:00,0.394,0.393,13.7,13.1
2026-03-30 13:00:00,0.395,0.394,13.5,13
2026-03-30 14:00:00,0.395,0.394,13.4,12.9
2026-03-30 15:00:00,0.395,0.395,13.3,12.8
2026-03-30 16:00:00,0.395,0.394,13.3,12.7
2026-03-30 17:00:00,0.395,0.394,13.2,12.7
2026-03-30 18:00:00,0.395,0.394,13.1,12.6
2026-03-30 19:00:00,0.389,0.395,13.1,12.5
2026-03-30 20:00:00,0.354,0.395,13,12.4
2026-03-30 21:00:00,0.349,0.395,12.9,12.3
2026-03-30 22:00:00,0.347,0.395,12.8,12.2
2026-03-30 23:00:00,0.345,0.395,12.7,12.2
2026-03-31 00:00:00,0.345,0.395,13,12.6
2026-03-31 01:00:00,0.344,0.394,13.4,13.2
2026-03-31 02:00:00,0.341,0.393,14,13.9
2026-03-31 03:00:00,0.34,0.392,14.8,14.9
2026-03-31 04:00:00,0.338,0.391,15.8,15.9
2026-03-31 05:00:00,0.337,0.39,16.6,16.9
2026-03-31 06:00:00,0.335,0.39,17,17.6
2026-03-31 07:00:00,0.334,0.39,17.2,17.8
2026-03-31 08:00:00,0.333,0.391,17.1,17.6
2026-03-31 09:00:00,0.332,0.391,16.8,17.2
2026-03-31 10:00:00,0.331,0.392,16.5,16.7
2026-03-31 11:00:00,0.33,0.393,16.1,16.1
2026-03-31 12:00:00,0.33,0.394,15.8,15.7
2026-03-31 13:00:00,0.33,0.394,15.5,15.3
2026-03-31 14:00:00,0.329,0.395,15.2,14.9
2026-03-31 15:00:00,0.329,0.395,14.9,14.5
2026-03-31 16:00:00,0.329,0.396,14.7,14.2
2026-03-31 17:00:00,0.329,0.396,14.4,13.8
2026-03-31 18:00:00,0.328,0.397,14.2,13.6
2026-03-31 19:00:00,0.328,0.397,14,13.4
2026-03-31 20:00:00,0.328,0.397,13.9,13.2
2026-03-31 21:00:00,0.328,0.398,13.7,13
2026-03-31 22:00:00,0.327,0.398,13.6,12.9
2026-03-31 23:00:00,0.327,0.398,13.5,12.8
2026-04-01 00:00:00,0.327,0.398,13.6,12.9
2026-04-01 01:00:00,0.326,0.398,13.8,13.2
2026-04-01 02:00:00,0.326,0.398,14.1,13.5
2026-04-01 03:00:00,0.326,0.397,14.4,13.9
2026-04-01 04:00:00,0.325,0.397,14.8,14.5
2026-04-01 05:00:00,0.325,0.396,15,14.8
2026-04-01 06:00:00,0.324,0.396,15.2,15
2026-04-01 07:00:00,0.324,0.396,15.3,15.2
2026-04-01 08:00:00,0.324,0.396,15.4,15.3
2026-04-01 09:00:00,0.324,0.396,15.3,15.1
2026-04-01 10:00:00,0.323,0.397,15,14.9
2026-04-01 11:00:00,0.323,0.397,14.7,14.5
2026-04-01 12:00:00,0.323,0.398,14.4,14.1
2026-04-01 13:00:00,0.323,0.398,14,13.7
2026-04-01 14:00:00,0.323,0.399,13.7,13.2
2026-04-01 15:00:00,0.323,0.399,13.3,12.8
2026-04-01 16:00:00,0.323,0.4,12.9,12.4
2026-04-01 17:00:00,0.323,0.4,12.6,12
2026-04-01 18:00:00,0.323,0.401,12.2,11.5
2026-04-01 19:00:00,0.323,0.401,11.8,11.2
2026-04-01 20:00:00,0.323,0.402,11.5,10.8
2026-04-01 21:00:00,0.323,0.402,11.1,10.5
2026-04-01 22:00:00,0.323,0.402,10.8,10.2
2026-04-01 23:00:00,0.323,0.402,10.7,10
2026-04-02 00:00:00,0.323,0.402,10.9,10.4
2026-04-02 01:00:00,0.322,0.401,11.6,11.3
2026-04-02 02:00:00,0.321,0.4,12.6,12.6
2026-04-02 03:00:00,0.32,0.398,13.8,14
2026-04-02 04:00:00,0.319,0.396,14.7,15.3
2026-04-02 05:00:00,0.319,0.395,15.4,16.3
2026-04-02 06:00:00,0.318,0.394,15.9,17
2026-04-02 07:00:00,0.318,0.394,16.3,17.3
2026-04-02 08:00:00,0.317,0.394,16.4,17.1
2026-04-02 09:00:00,0.317,0.391,16.3,16.7
2026-04-02 10:00:00,0.317,0.388,16,16.2
2026-04-02 11:00:00,0.317,0.388,15.6,15.7
2026-04-02 12:00:00,0.317,0.389,15.2,15.1
2026-04-02 13:00:00,0.317,0.389,14.8,14.6
2026-04-02 14:00:00,0.317,0.39,14.4,14.1
2026-04-02 15:00:00,0.317,0.39,14.1,13.6
2026-04-02 16:00:00,0.317,0.39,13.8,13.3
2026-04-02 17:00:00,0.317,0.391,13.6,13
2026-04-02 18:00:00,0.316,0.391,13.4,12.8
2026-04-02 19:00:00,0.316,0.391,13.2,12.6
2026-04-02 20:00:00,0.316,0.392,13,12.4
2026-04-02 21:00:00,0.316,0.392,12.8,12.1
2026-04-02 22:00:00,0.316,0.392,12.6,11.9
2026-04-02 23:00:00,0.316,0.392,12.5,11.8
2026-04-03 00:00:00,0.316,0.392,12.5,11.9
2026-04-03 01:00:00,0.315,0.392,12.9,12.4
2026-04-03 02:00:00,0.315,0.39,13.5,13.2
2026-04-03 03:00:00,0.314,0.389,14.3,14.2
2026-04-03 04:00:00,0.313,0.388,15,15.1
2026-04-03 05:00:00,0.312,0.387,15.6,15.8
2026-04-03 06:00:00,0.311,0.386,16.1,16.3
2026-04-03 07:00:00,0.311,0.386,16.3,16.4
2026-04-03 08:00:00,0.311,0.386,16.2,16.2
2026-04-03 09:00:00,0.311,0.386,15.9,15.8
2026-04-03 10:00:00,0.31,0.386,15.6,15.4
2026-04-03 11:00:00,0.31,0.387,15.4,15
2026-04-03 12:00:00,0.31,0.387,15.2,14.7
2026-04-03 13:00:00,0.31,0.387,15,14.5
2026-04-03 14:00:00,0.31,0.389,14.8,14.3
2026-04-03 15:00:00,0.32,0.393,14.7,14.1
2026-04-03 16:00:00,0.375,0.394,14.5,13.9
2026-04-03 17:00:00,0.383,0.395,14.3,13.7
2026-04-03 18:00:00,0.384,0.395,14.1,13.6
2026-04-03 19:00:00,0.384,0.395,13.9,13.4
2026-04-03 20:00:00,0.385,0.395,13.8,13.4
2026-04-03 21:00:00,0.385,0.395,13.7,13.3
2026-04-03 22:00:00,0.385,0.395,13.7,13.2
2026-04-03 23:00:00,0.386,0.395,13.6,13.2
2026-04-04 00:00:00,0.386,0.395,13.6,13.2
2026-04-04 01:00:00,0.386,0.395,13.9,13.5
2026-04-04 02:00:00,0.382,0.394,14.4,14.2
2026-04-04 03:00:00,0.353,0.394,15,15
2026-04-04 04:00:00,0.348,0.393,15.5,15.7
2026-04-04 05:00:00,0.345,0.393,15.7,16
2026-04-04 06:00:00,0.343,0.393,15.8,16.1
2026-04-04 07:00:00,0.342,0.393,15.9,16.2
2026-04-04 08:00:00,0.34,0.393,15.8,16
2026-04-04 09:00:00,0.339,0.393,15.5,15.7
2026-04-04 10:00:00,0.337,0.394,15.2,15.3
2026-04-04 11:00:00,0.335,0.394,15,15
2026-04-04 12:00:00,0.335,0.395,14.7,14.6
2026-04-04 13:00:00,0.334,0.395,14.4,14.2
2026-04-04 14:00:00,0.334,0.396,14.1,13.9
2026-04-04 15:00:00,0.333,0.396,13.9,13.6
2026-04-04 16:00:00,0.333,0.396,13.6,13.3
2026-04-04 17:00:00,0.332,0.397,13.4,13.1
2026-04-04 18:00:00,0.332,0.397,13.1,12.8
2026-04-04 19:00:00,0.332,0.397,12.9,12.6
2026-04-04 20:00:00,0.332,0.398,12.7,12.4
2026-04-04 21:00:00,0.332,0.398,12.5,12.2
2026-04-04 22:00:00,0.331,0.398,12.4,12
2026-04-04 23:00:00,0.331,0.398,12.3,11.9
2026-04-05 00:00:00,0.331,0.398,12.5,12.2
2026-04-05 01:00:00,0.33,0.397,13,12.9
2026-04-05 02:00:00,0.329,0.395,13.9,13.9
2026-04-05 03:00:00,0.328,0.394,14.9,15.1
2026-04-05 04:00:00,0.327,0.392,15.9,16.3
2026-04-05 05:00:00,0.327,0.391,16.6,17.3
2026-04-05 06:00:00,0.326,0.39,17,18
2026-04-05 07:00:00,0.325,0.39,17.3,18.3
2026-04-05 08:00:00,0.325,0.39,17.3,18
2026-04-05 09:00:00,0.325,0.391,17.1,17.5
2026-04-05 10:00:00,0.325,0.391,16.7,16.8
2026-04-05 11:00:00,0.325,0.392,16.3,16.2
2026-04-05 12:00:00,0.325,0.393,15.9,15.6
2026-04-05 13:00:00,0.325,0.393,15.5,15.1
2026-04-05 14:00:00,0.325,0.394,15.2,14.7
2026-04-05 15:00:00,0.325,0.394,15,14.4
2026-04-05 16:00:00,0.324,0.394,14.8,14.2
2026-04-05 17:00:00,0.324,0.395,14.6,14
2026-04-05 18:00:00,0.324,0.395,14.5,13.9
2026-04-05 19:00:00,0.324,0.395,14.4,13.7
2026-04-05 20:00:00,0.324,0.395,14.3,13.7
2026-04-05 21:00:00,0.324,0.395,14.3,13.6
2026-04-05 22:00:00,0.324,0.395,14.2,13.5
2026-04-05 23:00:00,0.324,0.395,14.2,13.5
2026-04-06 00:00:00,0.323,0.395,14.3,13.6
2026-04-06 01:00:00,0.323,0.395,14.5,14
2026-04-06 02:00:00,0.323,0.394,14.7,14.3
2026-04-06 03:00:00,0.322,0.394,15,14.5
2026-04-06 04:00:00,0.322,0.393,15.1,14.7
2026-04-06 05:00:00,0.322,0.393,15.3,14.9
2026-04-06 06:00:00,0.322,0.393,15.4,15
2026-04-06 07:00:00,0.322,0.393,15.4,15
2026-04-06 08:00:00,0.322,0.393,15.4,15
2026-04-06 09:00:00,0.322,0.393,15.3,14.9
2026-04-06 10:00:00,0.322,0.394,15.1,14.7
2026-04-06 11:00:00,0.322,0.394,14.9,14.4
2026-04-06 12:00:00,0.322,0.394,14.5,14
2026-04-06 13:00:00,0.323,0.395,14.1,13.6
2026-04-06 14:00:00,0.323,0.395,13.8,13.2
2026-04-06 15:00:00,0.323,0.396,13.4,12.8
2026-04-06 16:00:00,0.324,0.396,13,12.3
2026-04-06 17:00:00,0.324,0.397,12.6,11.9
2026-04-06 18:00:00,0.324,0.397,12.2,11.5
2026-04-06 19:00:00,0.325,0.398,11.9,11.1
2026-04-06 20:00:00,0.325,0.398,11.5,10.8
2026-04-06 21:00:00,0.325,0.398,11.1,10.4
2026-04-06 22:00:00,0.326,0.399,10.8,10.1
2026-04-06 23:00:00,0.326,0.399,10.7,10.1
2026-04-07 00:00:00,0.325,0.398,11,10.6
2026-04-07 01:00:00,0.325,0.397,11.8,11.6
2026-04-07 02:00:00,0.324,0.396,12.7,12.7
2026-04-07 03:00:00,0.323,0.394,13.7,13.9
2026-04-07 04:00:00,0.323,0.393,14.5,14.9
2026-04-07 05:00:00,0.322,0.392,15,15.7
2026-04-07 06:00:00,0.322,0.391,15.3,16.3
2026-04-07 07:00:00,0.322,0.391,15.3,16.3
2026-04-07 08:00:00,0.322,0.391,15.2,15.8
2026-04-07 09:00:00,0.322,0.392,14.9,15.1
2026-04-07 10:00:00,0.322,0.392,14.4,14.4
2026-04-07 11:00:00,0.322,0.393,13.9,13.8
2026-04-07 12:00:00,0.322,0.394,13.4,13.1
2026-04-07 13:00:00,0.323,0.395,12.9,12.5
2026-04-07 14:00:00,0.323,0.396,12.4,11.9
2026-04-07 15:00:00,0.323,0.396,12,11.3
2026-04-07 16:00:00,0.323,0.396,11.5,10.8
2026-04-07 17:00:00,0.323,0.397,11.1,10.4
2026-04-07 18:00:00,0.323,0.397,10.7,10
2026-04-07 19:00:00,0.323,0.398,10.4,9.6
2026-04-07 20:00:00,0.323,0.398,10,9.2
2026-04-07 21:00:00,0.323,0.399,9.7,8.9
2026-04-07 22:00:00,0.324,0.399,9.4,8.6
2026-04-07 23:00:00,0.323,0.399,9.3,8.6
2026-04-08 00:00:00,0.323,0.398,9.7,9.3
2026-04-08 01:00:00,0.322,0.397,10.6,10.5
2026-04-08 02:00:00,0.321,0.395,11.8,12
2026-04-08 03:00:00,0.32,0.393,13.1,13.4
2026-04-08 04:00:00,0.318,0.391,14.2,14.7
2026-04-08 05:00:00,0.318,0.39,15.1,15.7
2026-04-08 06:00:00,0.317,0.387,15.7,16.5
2026-04-08 07:00:00,0.316,0.385,16,16.8
2026-04-08 08:00:00,0.316,0.385,16.1,16.5
2026-04-08 09:00:00,0.316,0.385,15.9,16
2026-04-08 10:00:00,0.316,0.386,15.6,15.5
2026-04-08 11:00:00,0.316,0.386,15.2,14.9
2026-04-08 12:00:00,0.316,0.387,14.7,14.3
2026-04-08 13:00:00,0.316,0.387,14.3,13.8
2026-04-08 14:00:00,0.316,0.388,13.9,13.3
2026-04-08 15:00:00,0.316,0.388,13.6,12.9
2026-04-08 16:00:00,0.316,0.389,13.3,12.6
2026-04-08 17:00:00,0.316,0.389,13.1,12.4
2026-04-08 18:00:00,0.316,0.389,12.9,12.2
2026-04-08 19:00:00,0.315,0.39,12.8,12.1
2026-04-08 20:00:00,0.315,0.39,12.6,12
2026-04-08 21:00:00,0.315,0.39,12.5,11.8
2026-04-08 22:00:00,0.315,0.39,12.5,11.8
2026-04-08 23:00:00,0.315,0.39,12.4,11.8
2026-04-09 00:00:00,0.315,0.39,12.4,11.8
2026-04-09 01:00:00,0.315,0.393,12.4,11.9
2026-04-09 02:00:00,0.315,0.395,12.5,12.1
2026-04-09 03:00:00,0.369,0.395,12.7,12.3
2026-04-09 04:00:00,0.393,0.394,12.9,12.6
2026-04-09 05:00:00,0.393,0.394,13.2,12.9
2026-04-09 06:00:00,0.393,0.393,13.4,13.1
2026-04-09 07:00:00,0.394,0.393,13.8,13.4
2026-04-09 08:00:00,0.394,0.393,14.1,13.6
2026-04-09 09:00:00,0.393,0.393,14.2,13.8
2026-04-09 10:00:00,0.393,0.393,14.3,13.9
2026-04-09 11:00:00,0.393,0.393,14.4,13.9
2026-04-09 12:00:00,0.393,0.393,14.4,13.9
2026-04-09 13:00:00,0.377,0.393,14.5,13.9
2026-04-09 14:00:00,0.365,0.393,14.5,13.9
2026-04-09 15:00:00,0.356,0.393,14.5,14
2026-04-09 16:00:00,0.352,0.393,14.5,14
2026-04-09 17:00:00,0.35,0.394,14.5,13.9
2026-04-09 18:00:00,0.35,0.394,14.5,13.9
2026-04-09 19:00:00,0.35,0.394,14.4,13.8
2026-04-09 20:00:00,0.348,0.394,14.3,13.8
2026-04-09 21:00:00,0.346,0.394,14.2,13.6
2026-04-09 22:00:00,0.345,0.394,14,13.5
2026-04-09 23:00:00,0.344,0.395,13.9,13.4
2026-04-10 00:00:00,0.342,0.395,13.8,13.3
2026-04-10 01:00:00,0.34,0.395,13.8,13.3
2026-04-10 02:00:00,0.339,0.395,13.8,13.4
2026-04-10 03:00:00,0.339,0.395,13.9,13.5
2026-04-10 04:00:00,0.338,0.394,14,13.7
2026-04-10 05:00:00,0.337,0.394,14.1,13.9
2026-04-10 06:00:00,0.337,0.394,14.2,14
2026-04-10 07:00:00,0.336,0.394,14.2,14
2026-04-10 08:00:00,0.336,0.394,14.1,13.9
2026-04-10 09:00:00,0.335,0.394,14,13.9
2026-04-10 10:00:00,0.335,0.395,13.9,13.7
2026-04-10 11:00:00,0.335,0.395,13.7,13.5
2026-04-10 12:00:00,0.334,0.395,13.5,13.3
2026-04-10 13:00:00,0.334,0.395,13.4,13.1
2026-04-10 14:00:00,0.334,0.396,13.2,12.9
2026-04-10 15:00:00,0.333,0.396,13.1,12.8
2026-04-10 16:00:00,0.333,0.396,13,12.7
2026-04-10 17:00:00,0.333,0.396,12.9,12.6
2026-04-10 18:00:00,0.333,0.396,12.8,12.5
2026-04-10 19:00:00,0.333,0.397,12.7,12.4
2026-04-10 20:00:00,0.333,0.397,12.6,12.3
2026-04-10 21:00:00,0.332,0.397,12.5,12.2
2026-04-10 22:00:00,0.332,0.397,12.5,12.1
2026-04-10 23:00:00,0.332,0.397,12.5,12.1
2026-04-11 00:00:00,0.332,0.397,12.6,12.3
2026-04-11 01:00:00,0.331,0.396,13,12.8
2026-04-11 02:00:00,0.331,0.395,13.9,13.7
2026-04-11 03:00:00,0.329,0.393,15,15
2026-04-11 04:00:00,0.328,0.392,15.9,16.2
2026-04-11 05:00:00,0.327,0.39,16.5,17.2
2026-04-11 06:00:00,0.327,0.39,16.9,17.8
2026-04-11 07:00:00,0.326,0.39,17.2,18.1
2026-04-11 08:00:00,0.326,0.39,17.2,18.1
2026-04-11 09:00:00,0.326,0.39,17.1,17.8
2026-04-11 10:00:00,0.325,0.391,16.9,17.5
2026-04-11 11:00:00,0.325,0.391,16.6,17
2026-04-11 12:00:00,0.326,0.392,16.2,16.5
2026-04-11 13:00:00,0.326,0.392,15.9,16.1
2026-04-11 14:00:00,0.326,0.393,15.6,15.6
2026-04-11 15:00:00,0.326,0.393,15.3,15.3
2026-04-11 16:00:00,0.326,0.393,15.1,15
2026-04-11 17:00:00,0.326,0.394,14.9,14.7
2026-04-11 18:00:00,0.325,0.394,14.8,14.6
2026-04-11 19:00:00,0.325,0.394,14.7,14.4
2026-04-11 20:00:00,0.325,0.394,14.6,14.2
2026-04-11 21:00:00,0.325,0.394,14.4,14.1
2026-04-11 22:00:00,0.325,0.395,14.3,13.9
2026-04-11 23:00:00,0.325,0.395,14.2,13.8
2026-04-12 00:00:00,0.325,0.395,14.2,13.8
2026-04-12 01:00:00,0.324,0.394,14.5,14.2
2026-04-12 02:00:00,0.324,0.393,15.1,14.9
2026-04-12 03:00:00,0.323,0.393,15.7,15.4
2026-04-12 04:00:00,0.322,0.392,16.2,16
2026-04-12 05:00:00,0.321,0.391,16.7,16.6
2026-04-12 06:00:00,0.321,0.39,17.1,17
2026-04-12 07:00:00,0.32,0.39,17.4,17.4
2026-04-12 08:00:00,0.32,0.39,17.6,17.5
2026-04-12 09:00:00,0.319,0.39,17.4,17.4
2026-04-12 10:00:00,0.319,0.39,17.2,17.2
2026-04-12 11:00:00,0.319,0.391,17,16.9
2026-04-12 12:00:00,0.319,0.391,16.7,16.5
2026-04-12 13:00:00,0.319,0.391,16.4,16.2
2026-04-12 14:00:00,0.319,0.392,16.2,15.9
2026-04-12 15:00:00,0.319,0.392,16,15.6
2026-04-12 16:00:00,0.319,0.392,15.8,15.4
2026-04-12 17:00:00,0.319,0.393,15.6,15.1
2026-04-12 18:00:00,0.319,0.393,15.4,14.9
2026-04-12 19:00:00,0.319,0.393,15.2,14.7
2026-04-12 20:00:00,0.318,0.393,15.1,14.5
2026-04-12 21:00:00,0.318,0.394,14.9,14.3
2026-04-12 22:00:00,0.318,0.394,14.6,14
2026-04-12 23:00:00,0.318,0.394,14.6,14.1
2026-04-13 00:00:00,0.317,0.393,15,14.6
2026-04-13 01:00:00,0.316,0.392,15.8,15.5
2026-04-13 02:00:00,0.315,0.391,16.7,16.5
2026-04-13 03:00:00,0.313,0.39,17.7,17.6
2026-04-13 04:00:00,0.312,0.389,18.5,18.4
2026-04-13 05:00:00,0.311,0.388,19,19
2026-04-13 06:00:00,0.31,0.388,19.3,19.4
2026-04-13 07:00:00,0.309,0.388,19.5,19.5
2026-04-13 08:00:00,0.309,0.388,19.4,19.4
2026-04-13 09:00:00,0.308,0.388,19.2,19.2
2026-04-13 10:00:00,0.308,0.388,19,18.8
2026-04-13 11:00:00,0.308,0.388,18.7,18.4
2026-04-13 12:00:00,0.308,0.389,18.4,18
2026-04-13 13:00:00,0.308,0.389,18,17.5
2026-04-13 14:00:00,0.308,0.39,17.7,17.1
2026-04-13 15:00:00,0.307,0.39,17.4,16.7
2026-04-13 16:00:00,0.307,0.391,17.2,16.4
2026-04-13 17:00:00,0.307,0.391,17,16.2
2026-04-13 18:00:00,0.307,0.391,16.8,15.9
2026-04-13 19:00:00,0.307,0.391,16.6,15.7
2026-04-13 20:00:00,0.306,0.392,16.4,15.5
2026-04-13 21:00:00,0.306,0.392,16.2,15.3
2026-04-13 22:00:00,0.306,0.392,16.1,15.1
2026-04-13 23:00:00,0.306,0.392,16,15.1
2026-04-14 00:00:00,0.306,0.392,16,15.2
2026-04-14 01:00:00,0.305,0.392,16.2,15.3
2026-04-14 02:00:00,0.304,0.392,16.4,15.6
2026-04-14 03:00:00,0.304,0.391,16.7,15.9
2026-04-14 04:00:00,0.303,0.391,17,16.2
2026-04-14 05:00:00,0.302,0.39,17.2,16.5
2026-04-14 06:00:00,0.302,0.39,17.4,16.8
2026-04-14 07:00:00,0.301,0.39,17.5,17
2026-04-14 08:00:00,0.3,0.39,17.6,17.1
2026-04-14 09:00:00,0.3,0.389,17.7,17.2
2026-04-14 10:00:00,0.3,0.39,17.7,17.2
2026-04-14 11:00:00,0.3,0.39,17.5,17
2026-04-14 12:00:00,0.3,0.39,17.3,16.7
2026-04-14 13:00:00,0.299,0.391,17.1,16.4
2026-04-14 14:00:00,0.299,0.391,16.8,16.1
2026-04-14 15:00:00,0.3,0.388,16.5,15.7
2026-04-14 16:00:00,0.3,0.388,16.1,15.3
2026-04-14 17:00:00,0.299,0.389,15.8,15
2026-04-14 18:00:00,0.3,0.389,15.5,14.6
2026-04-14 19:00:00,0.3,0.389,15.2,14.2
2026-04-14 20:00:00,0.3,0.39,14.8,13.9
2026-04-14 21:00:00,0.3,0.39,14.6,13.7
2026-04-14 22:00:00,0.299,0.39,14.4,13.4
2026-04-14 23:00:00,0.299,0.39,14.3,13.4
2026-04-15 00:00:00,0.299,0.39,14.6,13.9
2026-04-15 01:00:00,0.297,0.389,15.4,14.9
2026-04-15 02:00:00,0.296,0.387,16.5,16.2
2026-04-15 03:00:00,0.294,0.385,17.7,17.6
2026-04-15 04:00:00,0.292,0.384,18.9,18.8
2026-04-15 05:00:00,0.291,0.383,19.7,19.7
2026-04-15 06:00:00,0.289,0.383,20.1,20.2
2026-04-15 07:00:00,0.288,0.382,20.3,20.3
2026-04-15 08:00:00,0.288,0.382,20.3,19.9
2026-04-15 09:00:00,0.287,0.382,20,19.4
2026-04-15 10:00:00,0.287,0.382,19.6,18.8
2026-04-15 11:00:00,0.287,0.383,19,18.2
2026-04-15 12:00:00,0.288,0.383,18.5,17.6
2026-04-15 13:00:00,0.288,0.384,17.9,17
2026-04-15 14:00:00,0.288,0.385,17.5,16.4
2026-04-15 15:00:00,0.288,0.385,17,15.9
2026-04-15 16:00:00,0.288,0.386,16.5,15.5
2026-04-15 17:00:00,0.288,0.386,16.2,15
2026-04-15 18:00:00,0.288,0.387,15.8,14.6
2026-04-15 19:00:00,0.288,0.387,15.4,14.3
2026-04-15 20:00:00,0.288,0.388,15.1,14
2026-04-15 21:00:00,0.288,0.388,14.8,13.7
2026-04-15 22:00:00,0.288,0.389,14.6,13.4
2026-04-15 23:00:00,0.288,0.389,14.5,13.4
2026-04-16 00:00:00,0.287,0.388,15,14.1
2026-04-16 01:00:00,0.286,0.388,15.9,15.2
2026-04-16 02:00:00,0.285,0.386,17.1,16.3
2026-04-16 03:00:00,0.283,0.385,18.2,17.5
2026-04-16 04:00:00,0.282,0.383,19.4,18.6
2026-04-16 05:00:00,0.28,0.382,20.1,19.4
2026-04-16 06:00:00,0.279,0.381,20.6,20
2026-04-16 07:00:00,0.278,0.381,20.9,20.3
2026-04-16 08:00:00,0.278,0.38,21,20
2026-04-16 09:00:00,0.278,0.38,20.7,19.6
2026-04-16 10:00:00,0.278,0.38,20.4,19.1
2026-04-16 11:00:00,0.278,0.381,19.9,18.6
2026-04-16 12:00:00,0.278,0.381,19.4,18
2026-04-16 13:00:00,0.279,0.382,18.9,17.6
2026-04-16 14:00:00,0.279,0.382,18.5,17.2
2026-04-16 15:00:00,0.279,0.383,18.2,16.8
2026-04-16 16:00:00,0.279,0.383,17.9,16.5
2026-04-16 17:00:00,0.279,0.383,17.6,16.2
2026-04-16 18:00:00,0.279,0.384,17.4,16
2026-04-16 19:00:00,0.279,0.384,17.1,15.7
2026-04-16 20:00:00,0.279,0.384,16.9,15.5
2026-04-16 21:00:00,0.279,0.385,16.7,15.3
2026-04-16 22:00:00,0.279,0.385,16.6,15.2
2026-04-16 23:00:00,0.279,0.385,16.4,15.1
2026-04-17 00:00:00,0.279,0.386,16.4,15.1
2026-04-17 01:00:00,0.279,0.386,16.3,15.2
2026-04-17 02:00:00,0.279,0.386,16.2,15.2
2026-04-17 03:00:00,0.279,0.386,16.2,15.2
2026-04-17 04:00:00,0.279,0.386,16.2,15.3
2026-04-17 05:00:00,0.279,0.387,16.3,15.4
2026-04-17 06:00:00,0.278,0.387,16.4,15.5
2026-04-17 07:00:00,0.278,0.387,16.4,15.6
2026-04-17 08:00:00,0.278,0.39,16.5,15.6
2026-04-17 09:00:00,0.278,0.393,16.5,15.6
2026-04-17 10:00:00,0.278,0.394,16.4,15.6
2026-04-17 11:00:00,0.278,0.395,16.3,15.5
2026-04-17 12:00:00,0.279,0.395,16.2,15.4
2026-04-17 13:00:00,0.279,0.395,16.2,15.3
2026-04-17 14:00:00,0.279,0.395,16.1,15.2
2026-04-17 15:00:00,0.28,0.396,16,15.2
2026-04-17 16:00:00,0.28,0.396,16,15.1
2026-04-17 17:00:00,0.281,0.396,15.9,15.1
2026-04-17 18:00:00,0.281,0.396,15.9,15
2026-04-17 19:00:00,0.282,0.396,15.8,15
2026-04-17 20:00:00,0.282,0.397,15.8,14.9
2026-04-17 21:00:00,0.283,0.397,15.7,14.9
2026-04-17 22:00:00,0.283,0.397,15.7,14.9
2026-04-17 23:00:00,0.284,0.397,15.7,14.9
2026-04-18 00:00:00,0.284,0.397,15.9,15.1
2026-04-18 01:00:00,0.284,0.397,16.3,15.6
2026-04-18 02:00:00,0.284,0.396,17,16.3
2026-04-18 03:00:00,0.284,0.395,17.7,17.1
2026-04-18 04:00:00,0.284,0.394,18.1,17.8
2026-04-18 05:00:00,0.283,0.394,18.6,18.2
2026-04-18 06:00:00,0.283,0.393,18.9,18.7
2026-04-18 07:00:00,0.283,0.393,19.2,19
2026-04-18 08:00:00,0.283,0.393,19.3,19
2026-04-18 09:00:00,0.284,0.392,19.3,19.1
2026-04-18 10:00:00,0.284,0.392,19.3,19
2026-04-18 11:00:00,0.284,0.393,19.2,18.7
2026-04-18 12:00:00,0.285,0.393,18.9,18.4
2026-04-18 13:00:00,0.285,0.394,18.6,18
2026-04-18 14:00:00,0.285,0.394,18.3,17.7
2026-04-18 15:00:00,0.286,0.394,18.1,17.4
2026-04-18 16:00:00,0.286,0.395,17.8,17.1
2026-04-18 17:00:00,0.286,0.395,17.6,16.8
2026-04-18 18:00:00,0.286,0.395,17.4,16.6
2026-04-18 19:00:00,0.287,0.396,17.2,16.4
2026-04-18 20:00:00,0.287,0.396,17,16.1
2026-04-18 21:00:00,0.287,0.396,16.8,15.9
2026-04-18 22:00:00,0.287,0.396,16.6,15.8
2026-04-18 23:00:00,0.287,0.394,16.6,15.8
2026-04-19 00:00:00,0.287,0.394,16.9,16.1
2026-04-19 01:00:00,0.287,0.393,17.5,16.7
2026-04-19 02:00:00,0.286,0.392,17.9,17.3
2026-04-19 03:00:00,0.286,0.392,18.2,17.6
2026-04-19 04:00:00,0.286,0.391,18.4,17.9
2026-04-19 05:00:00,0.285,0.391,18.7,18.2
2026-04-19 06:00:00,0.285,0.391,19,18.5
2026-04-19 07:00:00,0.284,0.39,19.5,19
2026-04-19 08:00:00,0.284,0.389,19.8,19.3
2026-04-19 09:00:00,0.284,0.389,19.7,19.2
2026-04-19 10:00:00,0.284,0.39,19.5,19
2026-04-19 11:00:00,0.285,0.39,19.2,18.6
2026-04-19 12:00:00,0.285,0.39,18.8,18.2
2026-04-19 13:00:00,0.285,0.391,18.5,17.8
2026-04-19 14:00:00,0.285,0.391,18.2,17.4
2026-04-19 15:00:00,0.286,0.392,17.8,17.1
2026-04-19 16:00:00,0.286,0.392,17.6,16.7
2026-04-19 17:00:00,0.286,0.392,17.3,16.4
2026-04-19 18:00:00,0.286,0.393,17,16.1
2026-04-19 19:00:00,0.286,0.393,16.8,15.9
2026-04-19 20:00:00,0.286,0.393,16.6,15.7
2026-04-19 21:00:00,0.286,0.393,16.5,15.5
2026-04-19 22:00:00,0.286,0.394,16.3,15.4
2026-04-19 23:00:00,0.286,0.393,16.4,15.5
2026-04-20 00:00:00,0.286,0.393,16.8,16.1
2026-04-20 01:00:00,0.285,0.392,17.5,16.8
2026-04-20 02:00:00,0.285,0.391,17.9,17.3
2026-04-20 03:00:00,0.284,0.391,18.1,17.7
2026-04-20 04:00:00,0.284,0.391,18.1,17.8
2026-04-20 05:00:00,0.284,0.391,18.1,17.8
2026-04-20 06:00:00,0.284,0.391,17.9,17.6
2026-04-20 07:00:00,0.284,0.391,17.7,17.4
2026-04-20 08:00:00,0.285,0.391,17.5,17.2
2026-04-20 09:00:00,0.285,0.392,17.3,17
2026-04-20 10:00:00,0.285,0.392,17.1,16.7
2026-04-20 11:00:00,0.285,0.392,16.7,16.2
2026-04-20 12:00:00,0.285,0.393,16.2,15.6
2026-04-20 13:00:00,0.285,0.394,15.6,15.1
2026-04-20 14:00:00,0.286,0.394,15.2,14.5
2026-04-20 15:00:00,0.286,0.395,14.7,14
2026-04-20 16:00:00,0.286,0.396,14.3,13.5
2026-04-20 17:00:00,0.286,0.396,13.9,13
2026-04-20 18:00:00,0.287,0.397,13.5,12.6
2026-04-20 19:00:00,0.287,0.397,13.1,12.2
2026-04-20 20:00:00,0.287,0.398,12.8,11.9
2026-04-20 21:00:00,0.287,0.398,12.4,11.5
2026-04-20 22:00:00,0.287,0.399,12.1,11.3
2026-04-20 23:00:00,0.287,0.399,12.1,11.3
2026-04-21 00:00:00,0.287,0.398,12.5,11.8
2026-04-21 01:00:00,0.286,0.397,13.4,12.9
2026-04-21 02:00:00,0.285,0.395,14.6,14.3
2026-04-21 03:00:00,0.284,0.394,15.8,15.6
2026-04-21 04:00:00,0.283,0.392,16.9,16.8
2026-04-21 05:00:00,0.282,0.39,17.9,18
2026-04-21 06:00:00,0.281,0.388,18.6,18.8
2026-04-21 07:00:00,0.28,0.386,19.1,19.1
2026-04-21 08:00:00,0.28,0.386,19.2,18.8
2026-04-21 09:00:00,0.28,0.386,19,18.4
2026-04-21 10:00:00,0.28,0.387,18.6,18
2026-04-21 11:00:00,0.28,0.387,18.1,17.5
2026-04-21 12:00:00,0.281,0.387,17.6,17.1
2026-04-21 13:00:00,0.281,0.388,17.2,16.7
2026-04-21 14:00:00,0.281,0.388,16.8,16.4
2026-04-21 15:00:00,0.281,0.388,16.5,16
2026-04-21 16:00:00,0.282,0.388,16.2,15.8
2026-04-21 17:00:00,0.282,0.389,15.9,15.5
2026-04-21 18:00:00,0.282,0.389,15.7,15.3
2026-04-21 19:00:00,0.282,0.389,15.5,15.1
2026-04-21 20:00:00,0.282,0.389,15.3,14.9
2026-04-21 21:00:00,0.282,0.389,15.1,14.8
2026-04-21 22:00:00,0.282,0.39,14.9,14.6
2026-04-21 23:00:00,0.282,0.39,14.8,14.5
2026-04-22 00:00:00,0.284,0.39,14.7,14.4
2026-04-22 01:00:00,0.285,0.39,14.7,14.4
2026-04-22 02:00:00,0.286,0.39,14.8,14.4
2026-04-22 03:00:00,0.29,0.39,15,14.5
2026-04-22 04:00:00,0.289,0.39,15.2,14.7
2026-04-22 05:00:00,0.287,0.39,15.4,14.8
2026-04-22 06:00:00,0.287,0.39,15.6,15
2026-04-22 07:00:00,0.284,0.39,15.6,15
2026-04-22 08:00:00,0.283,0.39,15.5,15
2026-04-22 09:00:00,0.283,0.39,15.5,15
2026-04-22 10:00:00,0.283,0.391,15.4,14.9
2026-04-22 11:00:00,0.283,0.391,15.3,14.8
2026-04-22 12:00:00,0.283,0.391,15.2,14.7
2026-04-22 13:00:00,0.283,0.392,15.1,14.6
2026-04-22 14:00:00,0.283,0.392,15,14.5
2026-04-22 15:00:00,0.283,0.392,14.8,14.4
2026-04-22 16:00:00,0.283,0.392,14.7,14.4
2026-04-22 17:00:00,0.283,0.392,14.6,14.3
2026-04-22 18:00:00,0.284,0.392,14.5,14.2
2026-04-22 19:00:00,0.284,0.393,14.4,14.1
2026-04-22 20:00:00,0.284,0.393,14.3,14
2026-04-22 21:00:00,0.284,0.393,14.2,13.9
2026-04-22 22:00:00,0.284,0.393,14,13.8
2026-04-22 23:00:00,0.284,0.393,14,13.7
2026-04-23 00:00:00,0.284,0.393,14.2,13.9
2026-04-23 01:00:00,0.283,0.393,14.6,14.2
2026-04-23 02:00:00,0.283,0.393,15.2,14.7
2026-04-23 03:00:00,0.282,0.392,16.2,15.5
2026-04-23 04:00:00,0.281,0.392,17.1,16.4
2026-04-23 05:00:00,0.28,0.391,17.9,17.2
2026-04-23 06:00:00,0.279,0.39,18.5,17.8
2026-04-23 07:00:00,0.279,0.39,18.8,18.2
2026-04-23 08:00:00,0.279,0.389,18.9,18.1
2026-04-23 09:00:00,0.279,0.389,18.8,17.9
2026-04-23 10:00:00,0.279,0.389,18.5,17.6
2026-04-23 11:00:00,0.279,0.389,18.1,17.3
2026-04-23 12:00:00,0.28,0.391,17.7,16.8
2026-04-23 13:00:00,0.28,0.404,17.2,16.3
2026-04-23 14:00:00,0.28,0.405,16.8,15.9
2026-04-23 15:00:00,0.28,0.406,16.5,15.6
2026-04-23 16:00:00,0.281,0.407,16.2,15.3
2026-04-23 17:00:00,0.281,0.407,15.9,15
2026-04-23 18:00:00,0.281,0.408,15.6,14.7
2026-04-23 19:00:00,0.281,0.408,15.3,14.5
2026-04-23 20:00:00,0.281,0.409,15,14.2
2026-04-23 21:00:00,0.281,0.409,14.7,13.9
2026-04-23 22:00:00,0.281,0.409,14.4,13.7
2026-04-23 23:00:00,0.281,0.41,14.5,13.7
2026-04-24 00:00:00,0.281,0.41,15,14
2026-04-24 01:00:00,0.28,0.409,16,14.7
2026-04-24 02:00:00,0.279,0.408,17.2,15.6
2026-04-24 03:00:00,0.277,0.408,18.4,16.5
2026-04-24 04:00:00,0.276,0.407,19.5,17.5
2026-04-24 05:00:00,0.275,0.406,20.4,18.4
2026-04-24 06:00:00,0.274,0.406,20.9,19.1
2026-04-24 07:00:00,0.273,0.405,21.3,19.5
2026-04-24 08:00:00,0.273,0.406,21.2,19.4
2026-04-24 09:00:00,0.273,0.406,20.9,19.2
2026-04-24 10:00:00,0.273,0.406,20.4,18.8
2026-04-24 11:00:00,0.274,0.407,19.8,18.4
2026-04-24 12:00:00,0.274,0.407,19.3,17.9
2026-04-24 13:00:00,0.274,0.408,18.7,17.5
2026-04-24 14:00:00,0.275,0.408,18.2,17
2026-04-24 15:00:00,0.275,0.409,17.7,16.6
2026-04-24 16:00:00,0.275,0.409,17.3,16.2
2026-04-24 17:00:00,0.276,0.41,16.8,15.8
2026-04-24 18:00:00,0.276,0.41,16.4,15.4
2026-04-24 19:00:00,0.276,0.411,16,15.1
2026-04-24 20:00:00,0.276,0.411,15.5,14.7
2026-04-24 21:00:00,0.276,0.411,15.2,14.4
2026-04-24 22:00:00,0.276,0.412,14.9,14.1
2026-04-24 23:00:00,0.276,0.412,15,14
2026-04-25 00:00:00,0.276,0.411,15.5,14.5
2026-04-25 01:00:00,0.274,0.411,16.5,15.3
2026-04-25 02:00:00,0.273,0.41,17.7,16.3
2026-04-25 03:00:00,0.272,0.409,18.9,17.4
2026-04-25 04:00:00,0.27,0.408,19.8,18.3
2026-04-25 05:00:00,0.269,0.407,20.5,19.1
2026-04-25 06:00:00,0.268,0.407,21.1,19.8
2026-04-25 07:00:00,0.266,0.407,21.5,20.2
2026-04-25 08:00:00,0.266,0.407,21.6,20.1
2026-04-25 09:00:00,0.266,0.407,21.4,19.8
2026-04-25 10:00:00,0.266,0.407,21,19.4
2026-04-25 11:00:00,0.266,0.407,20.5,18.9
2026-04-25 12:00:00,0.267,0.408,19.9,18.4
2026-04-25 13:00:00,0.267,0.408,19.3,17.9
2026-04-25 14:00:00,0.267,0.409,18.7,17.4
2026-04-25 15:00:00,0.268,0.409,18.2,17
2026-04-25 16:00:00,0.268,0.41,17.8,16.6
2026-04-25 17:00:00,0.268,0.41,17.3,16.1
2026-04-25 18:00:00,0.268,0.41,16.9,15.7
2026-04-25 19:00:00,0.269,0.411,16.5,15.4
2026-04-25 20:00:00,0.269,0.411,16.1,15
2026-04-25 21:00:00,0.269,0.411,15.8,14.8
2026-04-25 22:00:00,0.269,0.411,15.5,14.5
2026-04-25 23:00:00,0.269,0.411,15.6,14.5
2026-04-26 00:00:00,0.268,0.411,16.1,14.8
2026-04-26 01:00:00,0.267,0.41,17.1,15.4
2026-04-26 02:00:00,0.266,0.409,18.4,16.3
2026-04-26 03:00:00,0.264,0.409,19.7,17.2
2026-04-26 04:00:00,0.263,0.408,20.9,18.2
2026-04-26 05:00:00,0.262,0.407,21.6,19
2026-04-26 06:00:00,0.261,0.406,22.1,19.7
2026-04-26 07:00:00,0.26,0.406,22.4,20.1
2026-04-26 08:00:00,0.259,0.406,22.4,20.2
2026-04-26 09:00:00,0.259,0.406,22.1,20.1
2026-04-26 10:00:00,0.259,0.406,21.6,19.7
2026-04-26 11:00:00,0.26,0.406,21,19.3
2026-04-26 12:00:00,0.26,0.407,20.3,18.9
2026-04-26 13:00:00,0.261,0.407,19.8,18.4
2026-04-26 14:00:00,0.261,0.408,19.3,18
2026-04-26 15:00:00,0.261,0.408,18.8,17.6
2026-04-26 16:00:00,0.262,0.408,18.3,17.1
2026-04-26 17:00:00,0.262,0.409,17.8,16.7
2026-04-26 18:00:00,0.262,0.409,17.4,16.3
2026-04-26 19:00:00,0.262,0.41,16.9,15.9
2026-04-26 20:00:00,0.262,0.41,16.5,15.5
2026-04-26 21:00:00,0.263,0.41,16.1,15.2
2026-04-26 22:00:00,0.263,0.411,15.7,14.8
2026-04-26 23:00:00,0.263,0.411,15.7,14.7
2026-04-27 00:00:00,0.262,0.411,16.2,15
2026-04-27 01:00:00,0.261,0.41,17.1,15.7
2026-04-27 02:00:00,0.259,0.409,18.3,16.5
2026-04-27 03:00:00,0.258,0.408,19.6,17.5
2026-04-27 04:00:00,0.256,0.407,20.7,18.5
2026-04-27 05:00:00,0.255,0.407,21.5,19.2
2026-04-27 06:00:00,0.254,0.406,21.9,19.6
2026-04-27 07:00:00,0.254,0.406,21.9,19.7
2026-04-27 08:00:00,0.254,0.406,21.8,19.6
2026-04-27 09:00:00,0.254,0.406,21.6,19.5
2026-04-27 10:00:00,0.254,0.406,21.2,19.2
2026-04-27 11:00:00,0.254,0.407,20.6,18.8
2026-04-27 12:00:00,0.255,0.407,20,18.4
2026-04-27 13:00:00,0.255,0.408,19.4,17.9
2026-04-27 14:00:00,0.255,0.408,18.8,17.4
2026-04-27 15:00:00,0.255,0.409,18.4,17
2026-04-27 16:00:00,0.256,0.409,18,16.6
2026-04-27 17:00:00,0.256,0.409,17.6,16.3
2026-04-27 18:00:00,0.256,0.41,17.4,16
2026-04-27 19:00:00,0.256,0.41,17.2,15.9
2026-04-27 20:00:00,0.256,0.41,17.1,15.7
2026-04-27 21:00:00,0.256,0.41,17,15.6
2026-04-27 22:00:00,0.256,0.41,16.8,15.5
2026-04-27 23:00:00,0.256,0.41,16.8,15.5
2026-04-28 00:00:00,0.255,0.41,17.1,15.8
2026-04-28 01:00:00,0.255,0.409,17.6,16.2
2026-04-28 02:00:00,0.254,0.409,18.1,16.7
2026-04-28 03:00:00,0.253,0.409,18.7,17.1
2026-04-28 04:00:00,0.252,0.408,19.4,17.7
2026-04-28 05:00:00,0.251,0.407,20,18.2
2026-04-28 06:00:00,0.25,0.407,20.3,18.6
2026-04-28 07:00:00,0.25,0.407,20.5,18.7
2026-04-28 08:00:00,0.25,0.407,20.3,18.6
2026-04-28 09:00:00,0.25,0.407,20.1,18.3
2026-04-28 10:00:00,0.25,0.408,19.7,18
2026-04-28 11:00:00,0.25,0.408,19.3,17.6
2026-04-28 12:00:00,0.25,0.408,18.9,17.2
2026-04-28 13:00:00,0.251,0.409,18.5,16.8
2026-04-28 14:00:00,0.251,0.409,18.2,16.5
2026-04-28 15:00:00,0.251,0.409,17.9,16.2
2026-04-28 16:00:00,0.251,0.41,17.6,15.9
2026-04-28 17:00:00,0.251,0.41,17.3,15.7
2026-04-28 18:00:00,0.252,0.41,17,15.4
2026-04-28 19:00:00,0.252,0.41,16.7,15.2
2026-04-28 20:00:00,0.252,0.411,16.5,15
2026-04-28 21:00:00,0.252,0.411,16.2,14.8
2026-04-28 22:00:00,0.252,0.411,16,14.6
2026-04-28 23:00:00,0.252,0.411,15.9,14.5
2026-04-29 00:00:00,0.252,0.411,16.1,14.7
2026-04-29 01:00:00,0.251,0.41,16.6,15.1
2026-04-29 02:00:00,0.25,0.41,17.2,15.6
2026-04-29 03:00:00,0.249,0.409,17.9,16.3
2026-04-29 04:00:00,0.248,0.409,18.4,16.8
2026-04-29 05:00:00,0.248,0.408,18.8,17.2
2026-04-29 06:00:00,0.247,0.408,19.1,17.5
2026-04-29 07:00:00,0.247,0.408,19.2,17.6
2026-04-29 08:00:00,0.247,0.408,19.2,17.6
2026-04-29 09:00:00,0.247,0.408,19.1,17.4
2026-04-29 10:00:00,0.247,0.408,18.9,17.2
2026-04-29 11:00:00,0.247,0.408,18.6,17
2026-04-29 12:00:00,0.247,0.409,18.3,16.7
2026-04-29 13:00:00,0.247,0.409,18,16.4
2026-04-29 14:00:00,0.247,0.409,17.7,16.2
2026-04-29 15:00:00,0.247,0.409,17.4,15.9
2026-04-29 16:00:00,0.248,0.41,17.2,15.7
2026-04-29 17:00:00,0.248,0.41,16.9,15.5
2026-04-29 18:00:00,0.248,0.41,16.7,15.3
2026-04-29 19:00:00,0.248,0.41,16.5,15.1
2026-04-29 20:00:00,0.248,0.41,16.4,15
2026-04-29 21:00:00,0.248,0.41,16.2,14.8
2026-04-29 22:00:00,0.248,0.41,16,14.7
2026-04-29 23:00:00,0.248,0.411,16,14.6
2026-04-30 00:00:00,0.248,0.41,16,14.7
2026-04-30 01:00:00,0.247,0.41,16.4,15
2026-04-30 02:00:00,0.246,0.41,17,15.6
2026-04-30 03:00:00,0.245,0.409,17.9,16.3
2026-04-30 04:00:00,0.244,0.408,18.6,17.1
2026-04-30 05:00:00,0.244,0.408,19.2,17.6
2026-04-30 06:00:00,0.243,0.407,19.4,17.8
2026-04-30 07:00:00,0.243,0.407,19.4,17.8
2026-04-30 08:00:00,0.243,0.407,19.4,17.7
2026-04-30 09:00:00,0.243,0.407,19.2,17.5
2026-04-30 10:00:00,0.243,0.408,18.9,17.2
2026-04-30 11:00:00,0.243,0.408,18.5,16.9
2026-04-30 12:00:00,0.243,0.408,18.2,16.6
2026-04-30 13:00:00,0.243,0.408,17.9,16.4
2026-04-30 14:00:00,0.243,0.409,17.7,16.1
2026-04-30 15:00:00,0.244,0.409,17.4,15.8
2026-04-30 16:00:00,0.244,0.409,17,15.5
2026-04-30 17:00:00,0.244,0.41,16.6,15.1
2026-04-30 18:00:00,0.244,0.41,16.1,14.8
2026-04-30 19:00:00,0.244,0.41,15.8,14.4
2026-04-30 20:00:00,0.244,0.411,15.4,14.1
2026-04-30 21:00:00,0.245,0.411,15.2,13.8
2026-04-30 22:00:00,0.245,0.411,15,13.7
2026-04-30 23:00:00,0.245,0.411,15,13.7
2026-05-01 00:00:00,0.244,0.411,15.2,13.9
2026-05-01 01:00:00,0.243,0.41,15.9,14.6
2026-05-01 02:00:00,0.242,0.409,16.9,15.5
2026-05-01 03:00:00,0.241,0.408,18.1,16.6
2026-05-01 04:00:00,0.239,0.407,19.2,17.5
2026-05-01 05:00:00,0.238,0.406,20,18.3
2026-05-01 06:00:00,0.237,0.406,20.5,18.8
2026-05-01 07:00:00,0.236,0.406,20.7,18.9
2026-05-01 08:00:00,0.235,0.406,20.7,18.6
2026-05-01 09:00:00,0.235,0.406,20.5,18.2
2026-05-01 10:00:00,0.235,0.407,20.1,17.8
2026-05-01 11:00:00,0.235,0.407,19.6,17.4
2026-05-01 12:00:00,0.236,0.408,19,16.9
2026-05-01 13:00:00,0.236,0.408,18.5,16.5
2026-05-01 14:00:00,0.236,0.408,18,16.2
2026-05-01 15:00:00,0.236,0.409,17.6,15.8
2026-05-01 16:00:00,0.237,0.409,17.2,15.4
2026-05-01 17:00:00,0.237,0.409,16.8,15.1
2026-05-01 18:00:00,0.237,0.41,16.5,14.9
2026-05-01 19:00:00,0.237,0.41,16.2,14.6
2026-05-01 20:00:00,0.237,0.41,15.9,14.3
2026-05-01 21:00:00,0.237,0.41,15.6,14.1
2026-05-01 22:00:00,0.238,0.41,15.4,13.9
2026-05-01 23:00:00,0.237,0.411,15.3,13.9
2026-05-02 00:00:00,0.237,0.41,15.6,14.2
2026-05-02 01:00:00,0.237,0.41,16.1,14.7
2026-05-02 02:00:00,0.236,0.409,16.8,15.3
2026-05-02 03:00:00,0.235,0.408,17.5,16
2026-05-02 04:00:00,0.235,0.408,18.1,16.6
2026-05-02 05:00:00,0.234,0.407,18.5,17
2026-05-02 06:00:00,0.234,0.407,18.7,17.3
2026-05-02 07:00:00,0.234,0.407,18.9,17.5
2026-05-02 08:00:00,0.234,0.406,19.1,17.6
2026-05-02 09:00:00,0.234,0.406,19.1,17.6
2026-05-02 10:00:00,0.234,0.406,19,17.5
2026-05-02 11:00:00,0.234,0.407,18.7,17.4
2026-05-02 12:00:00,0.234,0.407,18.5,17.2
2026-05-02 13:00:00,0.234,0.407,18.3,16.9
2026-05-02 14:00:00,0.234,0.407,18,16.7
2026-05-02 15:00:00,0.234,0.407,17.8,16.5
2026-05-02 16:00:00,0.235,0.408,17.5,16.3
2026-05-02 17:00:00,0.235,0.408,17.2,16.1
2026-05-02 18:00:00,0.235,0.408,16.9,15.9
2026-05-02 19:00:00,0.235,0.408,16.6,15.7
2026-05-02 20:00:00,0.235,0.408,16.4,15.6
2026-05-02 21:00:00,0.235,0.408,16.2,15.5
2026-05-02 22:00:00,0.236,0.408,16.1,15.4
2026-05-02 23:00:00,0.238,0.408,16,15.3
2026-05-03 00:00:00,0.239,0.409,16,15.3
2026-05-03 01:00:00,0.24,0.408,16,15.3
2026-05-03 02:00:00,0.241,0.408,16.1,15.4
2026-05-03 03:00:00,0.241,0.408,16.2,15.5
2026-05-03 04:00:00,0.242,0.408,16.3,15.5
2026-05-03 05:00:00,0.243,0.408,16.3,15.6
2026-05-03 06:00:00,0.243,0.408,16.3,15.6
2026-05-03 07:00:00,0.243,0.408,16.3,15.7
2026-05-03 08:00:00,0.244,0.408,16.4,15.7
2026-05-03 09:00:00,0.244,0.408,16.3,15.7
2026-05-03 10:00:00,0.245,0.408,16.1,15.6
2026-05-03 11:00:00,0.245,0.408,16,15.5
2026-05-03 12:00:00,0.246,0.409,15.9,15.3
2026-05-03 13:00:00,0.246,0.409,15.7,15.2
2026-05-03 14:00:00,0.247,0.409,15.6,15.1
2026-05-03 15:00:00,0.247,0.409,15.4,14.9
2026-05-03 16:00:00,0.247,0.409,15.2,14.7
2026-05-03 17:00:00,0.248,0.409,15,14.6
2026-05-03 18:00:00,0.248,0.41,14.8,14.3
2026-05-03 19:00:00,0.249,0.41,14.5,14.1
2026-05-03 20:00:00,0.249,0.41,14.2,13.8
2026-05-03 21:00:00,0.25,0.411,14,13.6
2026-05-03 22:00:00,0.25,0.411,13.9,13.5
2026-05-03 23:00:00,0.25,0.411,14,13.7
2026-05-04 00:00:00,0.25,0.41,14.5,14.2
2026-05-04 01:00:00,0.249,0.409,15.1,14.9
2026-05-04 02:00:00,0.249,0.409,15.8,15.7
2026-05-04 03:00:00,0.248,0.408,16.6,16.6
2026-05-04 04:00:00,0.247,0.407,17.4,17.4
2026-05-04 05:00:00,0.246,0.406,17.9,18.1
2026-05-04 06:00:00,0.246,0.405,18.3,18.6
2026-05-04 07:00:00,0.246,0.405,18.4,18.7
2026-05-04 08:00:00,0.245,0.405,18.4,18.5
2026-05-04 09:00:00,0.246,0.406,18.2,18.1
2026-05-04 10:00:00,0.246,0.406,17.9,17.6
2026-05-04 11:00:00,0.247,0.407,17.5,17.2
2026-05-04 12:00:00,0.247,0.407,17,16.7
2026-05-04 13:00:00,0.248,0.408,16.6,16.2
2026-05-04 14:00:00,0.248,0.408,16.1,15.7
2026-05-04 15:00:00,0.248,0.409,15.7,15.3
2026-05-04 16:00:00,0.248,0.409,15.3,14.9
2026-05-04 17:00:00,0.249,0.41,14.9,14.5
2026-05-04 18:00:00,0.249,0.41,14.5,14.1
2026-05-04 19:00:00,0.249,0.41,14.2,13.8
2026-05-04 20:00:00,0.25,0.411,13.9,13.4
2026-05-04 21:00:00,0.25,0.411,13.6,13.1
2026-05-04 22:00:00,0.25,0.411,13.4,12.9
2026-05-04 23:00:00,0.25,0.411,13.4,13
2026-05-05 00:00:00,0.25,0.411,13.9,13.4
2026-05-05 01:00:00,0.249,0.41,14.8,14.3
2026-05-05 02:00:00,0.248,0.409,16,15.5
2026-05-05 03:00:00,0.246,0.407,17.2,16.7
2026-05-05 04:00:00,0.245,0.406,18.1,17.7
2026-05-05 05:00:00,0.244,0.405,18.9,18.5
2026-05-05 06:00:00,0.243,0.405,19.4,19
2026-05-05 07:00:00,0.242,0.404,19.7,19.3
2026-05-05 08:00:00,0.242,0.404,19.7,19.1
2026-05-05 09:00:00,0.242,0.405,19.4,18.6
2026-05-05 10:00:00,0.242,0.405,18.9,18.1
2026-05-05 11:00:00,0.243,0.406,18.4,17.6
2026-05-05 12:00:00,0.243,0.407,17.9,17.1
2026-05-05 13:00:00,0.244,0.407,17.4,16.6
2026-05-05 14:00:00,0.244,0.407,16.9,16.2
2026-05-05 15:00:00,0.244,0.408,16.4,15.7
2026-05-05 16:00:00,0.245,0.408,16,15.3
2026-05-05 17:00:00,0.245,0.409,15.6,14.9
2026-05-05 18:00:00,0.245,0.409,15.3,14.6
2026-05-05 19:00:00,0.245,0.409,15,14.3
2026-05-05 20:00:00,0.246,0.41,14.7,14
2026-05-05 21:00:00,0.246,0.41,14.4,13.7
2026-05-05 22:00:00,0.246,0.41,14.2,13.5
2026-05-05 23:00:00,0.246,0.41,14.4,13.7
2026-05-06 00:00:00,0.245,0.409,15.1,14.3
2026-05-06 01:00:00,0.244,0.408,16,15.3
2026-05-06 02:00:00,0.243,0.407,17.3,16.4
2026-05-06 03:00:00,0.241,0.406,18.5,17.6
2026-05-06 04:00:00,0.24,0.405,19.7,18.7
2026-05-06 05:00:00,0.238,0.403,20.8,19.7
2026-05-06 06:00:00,0.237,0.403,21.5,20.4
2026-05-06 07:00:00,0.236,0.403,21.9,20.7
2026-05-06 08:00:00,0.236,0.403,21.9,20.6
2026-05-06 09:00:00,0.236,0.403,21.7,20.1
2026-05-06 10:00:00,0.236,0.403,21.2,19.6
2026-05-06 11:00:00,0.237,0.404,20.6,19.1
2026-05-06 12:00:00,0.237,0.404,20,18.5
2026-05-06 13:00:00,0.238,0.405,19.4,18
2026-05-06 14:00:00,0.238,0.405,18.8,17.4
2026-05-06 15:00:00,0.238,0.406,18.3,16.9
2026-05-06 16:00:00,0.238,0.406,17.8,16.5
2026-05-06 17:00:00,0.238,0.407,17.5,16.1
2026-05-06 18:00:00,0.235,0.407,17.1,15.8
2026-05-06 19:00:00,0.234,0.407,16.8,15.5
2026-05-06 20:00:00,0.234,0.408,16.5,15.2
2026-05-06 21:00:00,0.235,0.408,16.1,14.9
2026-05-06 22:00:00,0.242,0.408,15.9,14.7
2026-05-06 23:00:00,0.236,0.408,15.9,14.7
2026-05-07 00:00:00,0.238,0.408,16.3,15.1
2026-05-07 01:00:00,0.239,0.407,17.1,15.9
2026-05-07 02:00:00,0.239,0.406,18.3,17
2026-05-07 03:00:00,0.238,0.404,19.5,18.1
2026-05-07 04:00:00,0.237,0.403,20.5,19.1
2026-05-07 05:00:00,0.236,0.402,21.3,19.9
2026-05-07 06:00:00,0.235,0.402,21.8,20.4
2026-05-07 07:00:00,0.235,0.402,22,20.6
2026-05-07 08:00:00,0.235,0.402,22,20.4
2026-05-07 09:00:00,0.235,0.402,21.8,20.2
2026-05-07 10:00:00,0.235,0.402,21.5,19.9
2026-05-07 11:00:00,0.236,0.402,21.1,19.5
2026-05-07 12:00:00,0.236,0.403,20.7,19.1
2026-05-07 13:00:00,0.236,0.403,20.3,18.7
2026-05-07 14:00:00,0.237,0.403,19.9,18.4
2026-05-07 15:00:00,0.237,0.404,19.6,18.1
2026-05-07 16:00:00,0.237,0.404,19.2,17.8
2026-05-07 17:00:00,0.237,0.404,18.9,17.4
2026-05-07 18:00:00,0.238,0.405,18.5,17.1
2026-05-07 19:00:00,0.238,0.405,18.2,16.7
2026-05-07 20:00:00,0.238,0.406,17.8,16.3
2026-05-07 21:00:00,0.238,0.406,17.3,15.9
2026-05-07 22:00:00,0.239,0.407,17,15.6
2026-05-07 23:00:00,0.238,0.407,17.1,15.7
2026-05-08 00:00:00,0.237,0.406,17.6,16.3
2026-05-08 01:00:00,0.236,0.405,18.4,17.2
2026-05-08 02:00:00,0.235,0.404,19.3,18.1
2026-05-08 03:00:00,0.233,0.403,20.3,18.9
2026-05-08 04:00:00,0.232,0.402,21.2,19.6
2026-05-08 05:00:00,0.231,0.402,21.9,20.2
2026-05-08 06:00:00,0.23,0.401,22.3,20.5
2026-05-08 07:00:00,0.229,0.401,22.4,20.5
2026-05-08 08:00:00,0.229,0.401,22.2,20.2
2026-05-08 09:00:00,0.229,0.401,21.9,19.7
2026-05-08 10:00:00,0.23,0.402,21.4,19.1
2026-05-08 11:00:00,0.23,0.403,20.9,18.6
2026-05-08 12:00:00,0.23,0.403,20.3,18.1
2026-05-08 13:00:00,0.231,0.404,19.7,17.6
2026-05-08 14:00:00,0.231,0.404,19.1,17.1
2026-05-08 15:00:00,0.231,0.405,18.6,16.5
2026-05-08 16:00:00,0.232,0.405,18.1,16.1
2026-05-08 17:00:00,0.232,0.406,17.5,15.6
2026-05-08 18:00:00,0.232,0.407,17,15.1
2026-05-08 19:00:00,0.233,0.407,16.6,14.7
2026-05-08 20:00:00,0.233,0.407,16.2,14.3
2026-05-08 21:00:00,0.233,0.408,15.8,14
2026-05-08 22:00:00,0.233,0.408,15.5,13.7
2026-05-08 23:00:00,0.233,0.408,15.6,13.9
2026-05-09 00:00:00,0.232,0.407,16.3,14.7
2026-05-09 01:00:00,0.231,0.406,17.3,15.8
2026-05-09 02:00:00,0.23,0.404,18.6,17
2026-05-09 03:00:00,0.228,0.403,20,18.2
2026-05-09 04:00:00,0.227,0.4,21.2,19.3
2026-05-09 05:00:00,0.225,0.398,22.2,20.1
2026-05-09 06:00:00,0.224,0.397,22.8,20.7
2026-05-09 07:00:00,0.223,0.398,23.1,21
2026-05-09 08:00:00,0.222,0.399,23,20.7
2026-05-09 09:00:00,0.222,0.4,22.7,20.1
2026-05-09 10:00:00,0.222,0.4,22.1,19.4
2026-05-09 11:00:00,0.223,0.401,21.5,18.8
2026-05-09 12:00:00,0.223,0.402,20.8,18.2
2026-05-09 13:00:00,0.223,0.403,20.1,17.7
2026-05-09 14:00:00,0.224,0.403,19.5,17.3
2026-05-09 15:00:00,0.224,0.404,19,16.9
2026-05-09 16:00:00,0.224,0.404,18.5,16.6
2026-05-09 17:00:00,0.225,0.405,18,16.3
2026-05-09 18:00:00,0.225,0.405,17.6,16
2026-05-09 19:00:00,0.225,0.405,17.1,15.7
2026-05-09 20:00:00,0.225,0.406,16.7,15.4
2026-05-09 21:00:00,0.226,0.406,16.3,15.1
2026-05-09 22:00:00,0.226,0.406,16,14.9
2026-05-09 23:00:00,0.225,0.406,16.2,14.8
2026-05-10 00:00:00,0.225,0.406,16.8,15
2026-05-10 01:00:00,0.224,0.406,17.7,15.6
2026-05-10 02:00:00,0.222,0.405,18.7,16.4
2026-05-10 03:00:00,0.221,0.404,19.8,17.4
2026-05-10 04:00:00,0.22,0.402,20.5,18.3
2026-05-10 05:00:00,0.218,0.401,21.3,19.1
2026-05-10 06:00:00,0.217,0.401,21.9,19.9
2026-05-10 07:00:00,0.216,0.4,22.2,20.3
2026-05-10 08:00:00,0.216,0.4,22.2,20.5
2026-05-10 09:00:00,0.216,0.4,22,20.4
2026-05-10 10:00:00,0.216,0.4,21.7,20.2
2026-05-10 11:00:00,0.216,0.4,21.3,19.9
2026-05-10 12:00:00,0.216,0.401,20.8,19.6
2026-05-10 13:00:00,0.217,0.401,20.4,19.2
2026-05-10 14:00:00,0.217,0.402,19.8,18.8
2026-05-10 15:00:00,0.217,0.402,19.3,18.4
2026-05-10 16:00:00,0.217,0.403,19,18
2026-05-10 17:00:00,0.218,0.403,18.6,17.6
2026-05-10 18:00:00,0.218,0.403,18.4,17.3
2026-05-10 19:00:00,0.218,0.404,18.2,17.1
2026-05-10 20:00:00,0.218,0.404,18,16.9
2026-05-10 21:00:00,0.218,0.404,17.8,16.6
2026-05-10 22:00:00,0.218,0.404,17.6,16.5
2026-05-10 23:00:00,0.218,0.404,17.7,16.5
2026-05-11 00:00:00,0.218,0.404,18.2,16.9
2026-05-11 01:00:00,0.217,0.403,19,17.6
2026-05-11 02:00:00,0.216,0.402,20.1,18.5
2026-05-11 03:00:00,0.215,0.401,21,19.4
2026-05-11 04:00:00,0.215,0.4,21.9,20.2
2026-05-11 05:00:00,0.214,0.399,22.6,20.9
2026-05-11 06:00:00,0.213,0.398,22.9,21.3
2026-05-11 07:00:00,0.213,0.398,22.9,21.4
2026-05-11 08:00:00,0.213,0.398,22.8,21.3
2026-05-11 09:00:00,0.213,0.398,22.7,21.1
2026-05-11 10:00:00,0.213,0.398,22.5,20.9
2026-05-11 11:00:00,0.213,0.399,22.2,20.6
2026-05-11 12:00:00,0.214,0.399,21.8,20.3
2026-05-11 13:00:00,0.214,0.399,21.4,19.9
2026-05-11 14:00:00,0.214,0.399,21,19.6
2026-05-11 15:00:00,0.214,0.4,20.7,19.3
2026-05-11 16:00:00,0.214,0.4,20.5,19.1
2026-05-11 17:00:00,0.214,0.4,20.3,18.8
2026-05-11 18:00:00,0.214,0.4,20,18.5
2026-05-11 19:00:00,0.214,0.401,19.8,18.3
2026-05-11 20:00:00,0.215,0.401,19.6,18.2
2026-05-11 21:00:00,0.215,0.401,19.4,18
2026-05-11 22:00:00,0.216,0.402,19.2,17.9
2026-05-11 23:00:00,0.232,0.402,19.1,17.8
2026-05-12 00:00:00,0.28,0.402,18.9,17.7
2026-05-12 01:00:00,0.306,0.403,18.7,17.6
2026-05-12 02:00:00,0.316,0.403,18.4,17.5
2026-05-12 03:00:00,0.313,0.402,18.4,17.5
2026-05-12 04:00:00,0.31,0.402,18.6,17.6
2026-05-12 05:00:00,0.308,0.402,19,18
2026-05-12 06:00:00,0.305,0.401,19.5,18.5
2026-05-12 07:00:00,0.304,0.401,19.9,18.9
2026-05-12 08:00:00,0.302,0.4,20.2,19.2
2026-05-12 09:00:00,0.301,0.4,20.3,19.3
2026-05-12 10:00:00,0.3,0.4,20.1,19.2
2026-05-12 11:00:00,0.299,0.4,19.9,19
2026-05-12 12:00:00,0.299,0.4,19.6,18.7
2026-05-12 13:00:00,0.299,0.401,19.2,18.4
2026-05-12 14:00:00,0.298,0.401,18.8,18
2026-05-12 15:00:00,0.298,0.402,18.5,17.7
2026-05-12 16:00:00,0.298,0.402,18.2,17.4
2026-05-12 17:00:00,0.298,0.402,17.9,17.2
2026-05-12 18:00:00,0.297,0.403,17.7,17
2026-05-12 19:00:00,0.297,0.403,17.5,16.8
2026-05-12 20:00:00,0.299,0.403,17.3,16.6
2026-05-12 21:00:00,0.304,0.403,17.2,16.5
2026-05-12 22:00:00,0.302,0.403,17.1,16.5
2026-05-12 23:00:00,0.302,0.403,17.1,16.5
2026-05-13 00:00:00,0.302,0.403,17.3,16.7
2026-05-13 01:00:00,0.301,0.403,17.6,17
2026-05-13 02:00:00,0.3,0.402,18.3,17.6
2026-05-13 03:00:00,0.298,0.4,19.4,18.8
2026-05-13 04:00:00,0.295,0.399,20.6,20
2026-05-13 05:00:00,0.293,0.397,21.6,21.1
2026-05-13 06:00:00,0.294,0.396,22.2,22
2026-05-13 07:00:00,0.294,0.395,22.5,22.3
2026-05-13 08:00:00,0.291,0.395,22.5,22.2
2026-05-13 09:00:00,0.295,0.396,22.2,21.8
2026-05-13 10:00:00,0.304,0.396,21.8,21.4
2026-05-13 11:00:00,0.306,0.398,21.4,20.9
2026-05-13 12:00:00,0.306,0.398,20.9,20.4
2026-05-13 13:00:00,0.306,0.399,20.5,20
2026-05-13 14:00:00,0.306,0.399,20.1,19.6
2026-05-13 15:00:00,0.306,0.399,19.8,19.2
2026-05-13 16:00:00,0.306,0.4,19.4,18.9
2026-05-13 17:00:00,0.306,0.4,19.1,18.6
2026-05-13 18:00:00,0.306,0.4,18.8,18.3
2026-05-13 19:00:00,0.306,0.401,18.5,18.1
2026-05-13 20:00:00,0.306,0.401,18.2,17.9
2026-05-13 21:00:00,0.306,0.401,18,17.7
2026-05-13 22:00:00,0.306,0.401,17.8,17.5
2026-05-13 23:00:00,0.306,0.401,18,17.5
2026-05-14 00:00:00,0.305,0.401,18.6,17.8
2026-05-14 01:00:00,0.303,0.401,19.6,18.3
2026-05-14 02:00:00,0.301,0.4,20.8,19.1
2026-05-14 03:00:00,0.3,0.399,22,20.1
2026-05-14 04:00:00,0.298,0.397,22.9,21.1
2026-05-14 05:00:00,0.297,0.396,23.5,22
2026-05-14 06:00:00,0.295,0.395,23.8,22.8
2026-05-14 07:00:00,0.294,0.394,24.1,23.3
2026-05-14 08:00:00,0.293,0.394,24.2,23.6
2026-05-14 09:00:00,0.293,0.394,24.1,23.7
2026-05-14 10:00:00,0.293,0.394,23.8,23.5
2026-05-14 11:00:00,0.293,0.394,23.4,23.2
2026-05-14 12:00:00,0.293,0.395,22.9,22.9
2026-05-14 13:00:00,0.294,0.395,22.4,22.5
2026-05-14 14:00:00,0.294,0.395,22,22.1
2026-05-14 15:00:00,0.294,0.396,21.5,21.7
2026-05-14 16:00:00,0.294,0.396,21.2,21.4
2026-05-14 17:00:00,0.294,0.397,20.8,21
2026-05-14 18:00:00,0.294,0.398,20.4,20.6
2026-05-14 19:00:00,0.294,0.398,20,20.3
2026-05-14 20:00:00,0.294,0.398,19.7,20
2026-05-14 21:00:00,0.294,0.398,19.4,19.6
2026-05-14 22:00:00,0.294,0.399,19.2,19.4
2026-05-14 23:00:00,0.293,0.399,19.4,19.3
2026-05-15 00:00:00,0.292,0.399,20,19.5
2026-05-15 01:00:00,0.291,0.398,20.9,19.9
2026-05-15 02:00:00,0.289,0.398,21.7,20.6
2026-05-15 03:00:00,0.287,0.396,22.2,21.3
2026-05-15 04:00:00,0.285,0.395,22.6,22
2026-05-15 05:00:00,0.283,0.395,23.1,22.5
2026-05-15 06:00:00,0.281,0.394,23.7,23.1
2026-05-15 07:00:00,0.28,0.394,24.2,23.5
2026-05-15 08:00:00,0.279,0.393,24.4,23.7
2026-05-15 09:00:00,0.279,0.393,24.3,23.7
2026-05-15 10:00:00,0.279,0.394,23.9,23.5
2026-05-15 11:00:00,0.28,0.394,23.5,23.2
2026-05-15 12:00:00,0.28,0.394,23,22.9
2026-05-15 13:00:00,0.28,0.394,22.5,22.5
2026-05-15 14:00:00,0.281,0.395,22.1,22.1
2026-05-15 15:00:00,0.281,0.395,21.7,21.8
2026-05-15 16:00:00,0.281,0.396,21.3,21.4
2026-05-15 17:00:00,0.281,0.397,20.9,21
2026-05-15 18:00:00,0.281,0.398,20.6,20.7
2026-05-15 19:00:00,0.282,0.398,20.2,20.3
2026-05-15 20:00:00,0.281,0.398,19.8,20
2026-05-15 21:00:00,0.281,0.398,19.4,19.6
2026-05-15 22:00:00,0.281,0.399,19.2,19.4
2026-05-15 23:00:00,0.28,0.399,19.4,19.3
2026-05-16 00:00:00,0.279,0.398,20,19.5
2026-05-16 01:00:00,0.277,0.398,21,20
2026-05-16 02:00:00,0.275,0.397,22.2,20.7
2026-05-16 03:00:00,0.273,0.396,23.5,21.6
2026-05-16 04:00:00,0.271,0.395,24.7,22.6
2026-05-16 05:00:00,0.269,0.394,25.6,23.4
2026-05-16 06:00:00,0.267,0.393,26.1,24
2026-05-16 07:00:00,0.266,0.392,26.2,24.4
2026-05-16 08:00:00,0.266,0.392,26.1,24.4
2026-05-16 09:00:00,0.265,0.392,25.7,24.2
2026-05-16 10:00:00,0.265,0.393,25.3,23.9
2026-05-16 11:00:00,0.266,0.393,24.8,23.5
2026-05-16 12:00:00,0.266,0.394,24.2,23.1
2026-05-16 13:00:00,0.266,0.394,23.6,22.7
2026-05-16 14:00:00,0.266,0.394,23,22.2
2026-05-16 15:00:00,0.267,0.395,22.5,21.8
2026-05-16 16:00:00,0.267,0.396,22.1,21.4
2026-05-16 17:00:00,0.267,0.397,21.7,21
2026-05-16 18:00:00,0.267,0.397,21.3,20.6
2026-05-16 19:00:00,0.267,0.398,20.9,20.2
2026-05-16 20:00:00,0.268,0.398,20.5,19.8
2026-05-16 21:00:00,0.268,0.398,20.1,19.5
2026-05-16 22:00:00,0.268,0.399,19.8,19.2
2026-05-16 23:00:00,0.268,0.399,20,19.2
2026-05-17 00:00:00,0.266,0.398,20.5,19.6
2026-05-17 01:00:00,0.265,0.398,21.5,20.2
2026-05-17 02:00:00,0.263,0.396,22.7,21.1
2026-05-17 03:00:00,0.261,0.395,24,22.1
2026-05-17 04:00:00,0.258,0.394,25.2,23
2026-05-17 05:00:00,0.257,0.393,26.2,23.9
2026-05-17 06:00:00,0.255,0.391,26.8,24.6
2026-05-17 07:00:00,0.254,0.391,27.1,25
2026-05-17 08:00:00,0.253,0.391,27,25
2026-05-17 09:00:00,0.253,0.391,26.7,24.7
2026-05-17 10:00:00,0.253,0.391,26.2,24.4
2026-05-17 11:00:00,0.253,0.392,25.7,24
2026-05-17 12:00:00,0.254,0.392,25.1,23.6
2026-05-17 13:00:00,0.254,0.393,24.5,23.1
2026-05-17 14:00:00,0.254,0.393,23.9,22.7
2026-05-17 15:00:00,0.255,0.394,23.4,22.2
2026-05-17 16:00:00,0.255,0.394,22.9,21.8
2026-05-17 17:00:00,0.255,0.395,22.4,21.3
2026-05-17 18:00:00,0.255,0.396,21.9,20.9
2026-05-17 19:00:00,0.255,0.397,21.5,20.5
2026-05-17 20:00:00,0.256,0.397,21,20.1
2026-05-17 21:00:00,0.256,0.397,20.5,19.8
2026-05-17 22:00:00,0.256,0.398,20.3,19.5
2026-05-17 23:00:00,0.256,0.398,20.5,19.5
2026-05-18 00:00:00,0.255,0.397,21.1,19.9
2026-05-18 01:00:00,0.253,0.397,22.1,20.7
2026-05-18 02:00:00,0.252,0.395,23.2,21.6
2026-05-18 03:00:00,0.25,0.394,24.3,22.5
2026-05-18 04:00:00,0.248,0.393,25.4,23.5
2026-05-18 05:00:00,0.246,0.391,26.2,24.3
2026-05-18 06:00:00,0.245,0.39,26.8,25
2026-05-18 07:00:00,0.244,0.39,27.1,25.4
2026-05-18 08:00:00,0.243,0.389,27.2,25.4
2026-05-18 09:00:00,0.243,0.39,26.9,25.2
2026-05-18 10:00:00,0.243,0.39,26.5,24.9
2026-05-18 11:00:00,0.243,0.391,25.9,24.5
2026-05-18 12:00:00,0.244,0.391,25.3,24
2026-05-18 13:00:00,0.244,0.392,24.6,23.5
2026-05-18 14:00:00,0.244,0.393,24,23
2026-05-18 15:00:00,0.244,0.393,23.4,22.5
2026-05-18 16:00:00,0.245,0.393,22.9,22.1
2026-05-18 17:00:00,0.245,0.394,22.5,21.6
2026-05-18 18:00:00,0.245,0.395,22,21.2
2026-05-18 19:00:00,0.245,0.396,21.6,20.8
2026-05-18 20:00:00,0.245,0.396,21.2,20.4
2026-05-18 21:00:00,0.246,0.397,20.9,20.1
2026-05-18 22:00:00,0.246,0.396,20.7,19.8
2026-05-18 23:00:00,0.245,0.397,20.8,19.9
2026-05-19 00:00:00,0.245,0.397,21.2,20.2
2026-05-19 01:00:00,0.244,0.396,21.9,20.8
2026-05-19 02:00:00,0.243,0.394,22.5,21.5
2026-05-19 03:00:00,0.242,0.393,23,22.1
2026-05-19 04:00:00,0.241,0.393,23.4,22.6
2026-05-19 05:00:00,0.24,0.392,23.7,23.1
2026-05-19 06:00:00,0.239,0.392,23.8,23.4
2026-05-19 07:00:00,0.238,0.392,23.9,23.5
2026-05-19 08:00:00,0.238,0.391,23.8,23.5
2026-05-19 09:00:00,0.238,0.392,23.6,23.3
2026-05-19 10:00:00,0.238,0.392,23.4,23.1
2026-05-19 11:00:00,0.238,0.392,23.1,22.9
2026-05-19 12:00:00,0.238,0.392,23,22.6
2026-05-19 13:00:00,0.238,0.392,22.8,22.4
2026-05-19 14:00:00,0.238,0.393,22.5,22.1
2026-05-19 15:00:00,0.238,0.393,22.3,21.9
2026-05-19 16:00:00,0.238,0.393,22.1,21.7
2026-05-19 17:00:00,0.238,0.393,21.9,21.6
2026-05-19 18:00:00,0.238,0.393,21.6,21.4
2026-05-19 19:00:00,0.238,0.394,21.4,21.2
2026-05-19 20:00:00,0.239,0.394,21.3,21
2026-05-19 21:00:00,0.239,0.395,21.1,20.9
2026-05-19 22:00:00,0.239,0.395,21,20.7
2026-05-19 23:00:00,0.239,0.395,20.9,20.6
2026-05-20 00:00:00,0.239,0.395,20.9,20.6
2026-05-20 01:00:00,0.239,0.395,20.9,20.5
2026-05-20 02:00:00,0.24,0.395,20.9,20.5
2026-05-20 03:00:00,0.24,0.395,20.9,20.5
2026-05-20 04:00:00,0.241,0.395,21,20.6
2026-05-20 05:00:00,0.243,0.395,21.1,20.6
2026-05-20 06:00:00,0.245,0.395,21.1,20.6
2026-05-20 07:00:00,0.248,0.395,21.1,20.7
2026-05-20 08:00:00,0.25,0.395,21.1,20.7
2026-05-20 09:00:00,0.251,0.395,21.1,20.7
2026-05-20 10:00:00,0.257,0.395,21,20.7
2026-05-20 11:00:00,0.28,0.395,21,20.6
2026-05-20 12:00:00,0.297,0.395,20.9,20.5
2026-05-20 13:00:00,0.313,0.395,20.8,20.5
2026-05-20 14:00:00,0.322,0.395,20.8,20.4
2026-05-20 15:00:00,0.333,0.395,20.7,20.3
2026-05-20 16:00:00,0.341,0.395,20.7,20.3
2026-05-20 17:00:00,0.339,0.395,20.6,20.2
2026-05-20 18:00:00,0.337,0.395,20.6,20.2
2026-05-20 19:00:00,0.334,0.395,20.6,20.1
2026-05-20 20:00:00,0.333,0.395,20.5,20
2026-05-20 21:00:00,0.331,0.395,20.4,20
2026-05-20 22:00:00,0.33,0.395,20.3,19.9
2026-05-20 23:00:00,0.329,0.395,20.3,19.8
2026-05-21 00:00:00,0.329,0.395,20.3,19.8
2026-05-21 01:00:00,0.329,0.395,20.3,19.8
2026-05-21 02:00:00,0.328,0.395,20.4,19.9
2026-05-21 03:00:00,0.327,0.395,20.5,20.1
2026-05-21 04:00:00,0.327,0.395,20.7,20.4
2026-05-21 05:00:00,0.326,0.395,20.7,20.5
2026-05-21 06:00:00,0.325,0.395,20.7,20.5
2026-05-21 07:00:00,0.325,0.395,20.7,20.5
2026-05-21 08:00:00,0.325,0.395,20.6,20.5
2026-05-21 09:00:00,0.325,0.395,20.6,20.5
2026-05-21 10:00:00,0.325,0.395,20.5,20.4
2026-05-21 11:00:00,0.324,0.395,20.4,20.3
2026-05-21 12:00:00,0.324,0.395,20.3,20.1
2026-05-21 13:00:00,0.324,0.395,20.2,20
2026-05-21 14:00:00,0.324,0.395,20.1,19.9
2026-05-21 15:00:00,0.324,0.395,20,19.8
2026-05-21 16:00:00,0.324,0.395,19.9,19.6
2026-05-21 17:00:00,0.324,0.396,19.8,19.5
2026-05-21 18:00:00,0.323,0.396,19.7,19.4
2026-05-21 19:00:00,0.323,0.396,19.6,19.4
2026-05-21 20:00:00,0.323,0.396,19.6,19.3
2026-05-21 21:00:00,0.323,0.396,19.5,19.2
2026-05-21 22:00:00,0.324,0.396,19.4,19.1
2026-05-21 23:00:00,0.324,0.396,19.5,19.1
2026-05-22 00:00:00,0.324,0.396,19.7,19.3
2026-05-22 01:00:00,0.323,0.396,20.1,19.7
2026-05-22 02:00:00,0.322,0.395,20.5,20.2
2026-05-22 03:00:00,0.321,0.395,20.8,20.6
2026-05-22 04:00:00,0.32,0.394,20.9,20.9
2026-05-22 05:00:00,0.319,0.393,21.2,21.2
2026-05-22 06:00:00,0.318,0.392,21.4,21.6
2026-05-22 07:00:00,0.317,0.392,21.5,21.8
2026-05-22 08:00:00,0.316,0.392,21.5,21.9
2026-05-22 09:00:00,0.317,0.392,21.4,21.8
2026-05-22 10:00:00,0.317,0.392,21.3,21.6
2026-05-22 11:00:00,0.318,0.393,21.1,21.4
2026-05-22 12:00:00,0.32,0.393,20.8,21.2
2026-05-22 13:00:00,0.32,0.394,20.5,20.9
2026-05-22 14:00:00,0.321,0.394,20.3,20.6
2026-05-22 15:00:00,0.321,0.395,20,20.3
2026-05-22 16:00:00,0.322,0.395,19.8,20
2026-05-22 17:00:00,0.322,0.395,19.6,19.8
2026-05-22 18:00:00,0.322,0.395,19.4,19.6
2026-05-22 19:00:00,0.323,0.395,19.3,19.4
2026-05-22 20:00:00,0.323,0.396,19.2,19.3
2026-05-22 21:00:00,0.323,0.396,19,19.1
2026-05-22 22:00:00,0.323,0.396,18.9,19
2026-05-22 23:00:00,0.322,0.396,19,19
2026-05-23 00:00:00,0.322,0.396,19.2,19.2
2026-05-23 01:00:00,0.321,0.396,19.2,19.4
2026-05-23 02:00:00,0.32,0.395,19.4,19.5
2026-05-23 03:00:00,0.32,0.395,19.7,19.9
2026-05-23 04:00:00,0.318,0.394,20.3,20.6
2026-05-23 05:00:00,0.317,0.393,20.9,21.3
2026-05-23 06:00:00,0.316,0.392,21.2,21.7
2026-05-23 07:00:00,0.315,0.392,21.4,21.9
2026-05-23 08:00:00,0.315,0.391,21.5,22
2026-05-23 09:00:00,0.314,0.391,21.6,22.1
2026-05-23 10:00:00,0.314,0.391,21.6,22
2026-05-23 11:00:00,0.314,0.391,21.4,21.9
2026-05-23 12:00:00,0.314,0.392,21.2,21.6
2026-05-23 13:00:00,0.314,0.392,20.9,21.3
2026-05-23 14:00:00,0.314,0.394,20.6,21
2026-05-23 15:00:00,0.314,0.395,20.3,20.7
2026-05-23 16:00:00,0.314,0.395,20.1,20.4
2026-05-23 17:00:00,0.314,0.396,19.8,20.1
2026-05-23 18:00:00,0.314,0.395,19.6,19.9
2026-05-23 19:00:00,0.313,0.396,19.5,19.7
2026-05-23 20:00:00,0.313,0.396,19.4,19.6
2026-05-23 21:00:00,0.313,0.396,19.3,19.4
2026-05-23 22:00:00,0.313,0.396,19.2,19.3
2026-05-23 23:00:00,0.312,0.396,19.4,19.4
2026-05-24 00:00:00,0.311,0.396,19.8,19.7
2026-05-24 01:00:00,0.31,0.395,20.4,20.3
2026-05-24 02:00:00,0.308,0.394,21.1,21.1
2026-05-24 03:00:00,0.306,0.392,21.8,22
2026-05-24 04:00:00,0.304,0.391,22.6,22.9
2026-05-24 05:00:00,0.302,0.39,23.2,23.6
2026-05-24 06:00:00,0.3,0.39,23.6,24.1
2026-05-24 07:00:00,0.298,0.389,23.8,24.4
2026-05-24 08:00:00,0.297,0.389,23.8,24.4
2026-05-24 09:00:00,0.296,0.39,23.7,24.3
2026-05-24 10:00:00,0.296,0.391,23.5,24
2026-05-24 11:00:00,0.296,0.391,23.2,23.7
2026-05-24 12:00:00,0.296,0.391,22.9,23.4
2026-05-24 13:00:00,0.296,0.392,22.6,22.9
2026-05-24 14:00:00,0.296,0.392,22.2,22.5
2026-05-24 15:00:00,0.297,0.392,22,22.2
2026-05-24 16:00:00,0.299,0.393,21.7,21.9
2026-05-24 17:00:00,0.302,0.393,21.6,21.6
2026-05-24 18:00:00,0.306,0.394,21.4,21.4
2026-05-24 19:00:00,0.309,0.394,21.2,21.1
2026-05-24 20:00:00,0.309,0.395,21,20.9
2026-05-24 21:00:00,0.309,0.395,20.8,20.7
2026-05-24 22:00:00,0.31,0.395,20.8,20.6
2026-05-24 23:00:00,0.309,0.395,20.9,20.7
2026-05-25 00:00:00,0.308,0.395,21.3,21
2026-05-25 01:00:00,0.307,0.394,21.7,21.4
2026-05-25 02:00:00,0.305,0.393,22.1,21.9
2026-05-25 03:00:00,0.304,0.392,22.7,22.5
2026-05-25 04:00:00,0.302,0.391,23.3,23.2
2026-05-25 05:00:00,0.3,0.389,23.8,23.9
2026-05-25 06:00:00,0.298,0.388,24.1,24.4
2026-05-25 07:00:00,0.297,0.388,24.2,24.6
2026-05-25 08:00:00,0.296,0.388,24.2,24.6
2026-05-25 09:00:00,0.295,0.388,24,24.4
2026-05-25 10:00:00,0.294,0.388,23.7,24.2
2026-05-25 11:00:00,0.294,0.389,23.4,23.9
2026-05-25 12:00:00,0.294,0.39,23.2,23.5
2026-05-25 13:00:00,0.294,0.39,23,23.2
2026-05-25 14:00:00,0.294,0.39,22.8,22.9
2026-05-25 15:00:00,0.294,0.39,22.6,22.6
2026-05-25 16:00:00,0.294,0.39,22.4,22.4
2026-05-25 17:00:00,0.293,0.391,22.3,22.2
2026-05-25 18:00:00,0.293,0.391,22.2,22
2026-05-25 19:00:00,0.293,0.391,22.1,21.9
2026-05-25 20:00:00,0.293,0.392,22.1,21.8
2026-05-25 21:00:00,0.293,0.392,22,21.7
2026-05-25 22:00:00,0.293,0.392,22,21.6
2026-05-25 23:00:00,0.292,0.392,22,21.6
2026-05-26 00:00:00,0.292,0.392,22.2,21.7
2026-05-26 01:00:00,0.29,0.391,22.3,21.8
2026-05-26 02:00:00,0.289,0.391,22.5,22
2026-05-26 03:00:00,0.287,0.39,22.8,22.4
2026-05-26 04:00:00,0.285,0.391,23,22.8
2026-05-26 05:00:00,0.284,0.395,23.2,23.1
2026-05-26 06:00:00,0.283,0.397,23.2,23.2
2026-05-26 07:00:00,0.282,0.401,23.2,23.3
2026-05-26 08:00:00,0.282,0.402,23.2,23.3
2026-05-26 09:00:00,0.282,0.402,23,23.2
2026-05-26 10:00:00,0.282,0.403,22.8,23
2026-05-26 11:00:00,0.282,0.403,22.6,22.7
2026-05-26 12:00:00,0.282,0.403,22.4,22.5
2026-05-26 13:00:00,0.282,0.403,22.2,22.3
2026-05-26 14:00:00,0.282,0.403,22.1,22.1
2026-05-26 15:00:00,0.282,0.404,22,22
2026-05-26 16:00:00,0.282,0.404,21.9,21.8
2026-05-26 17:00:00,0.282,0.404,21.8,21.7
2026-05-26 18:00:00,0.283,0.404,21.7,21.6
2026-05-26 19:00:00,0.283,0.404,21.7,21.5
2026-05-26 20:00:00,0.283,0.404,21.7,21.4
2026-05-26 21:00:00,0.283,0.405,21.6,21.3
2026-05-26 22:00:00,0.283,0.405,21.6,21.3
2026-05-26 23:00:00,0.283,0.405,21.6,21.3
2026-05-27 00:00:00,0.282,0.404,21.8,21.4
2026-05-27 01:00:00,0.281,0.404,22,21.7
2026-05-27 02:00:00,0.28,0.403,22.5,22.1
2026-05-27 03:00:00,0.279,0.403,22.9,22.6
2026-05-27 04:00:00,0.277,0.403,23.2,23
2026-05-27 05:00:00,0.276,0.403,23.4,23.4
2026-05-27 06:00:00,0.276,0.402,23.7,23.6
2026-05-27 07:00:00,0.276,0.402,23.8,23.8
2026-05-27 08:00:00,0.276,0.402,23.9,23.8
2026-05-27 09:00:00,0.276,0.402,23.8,23.8
2026-05-27 10:00:00,0.276,0.402,23.7,23.7
2026-05-27 11:00:00,0.276,0.402,23.6,23.5
2026-05-27 12:00:00,0.277,0.403,23.5,23.4
2026-05-27 13:00:00,0.277,0.403,23.3,23.2
2026-05-27 14:00:00,0.277,0.403,23.2,23
2026-05-27 15:00:00,0.277,0.403,23.1,22.9
2026-05-27 16:00:00,0.277,0.403,23,22.8
2026-05-27 17:00:00,0.277,0.403,22.9,22.6
2026-05-27 18:00:00,0.278,0.403,22.8,22.5
2026-05-27 19:00:00,0.278,0.403,22.7,22.4
2026-05-27 20:00:00,0.278,0.403,22.6,22.3
2026-05-27 21:00:00,0.278,0.403,22.5,22.2
2026-05-27 22:00:00,0.278,0.403,22.4,22.1
2026-05-27 23:00:00,0.278,0.403,22.3,22
2026-05-28 00:00:00,0.278,0.403,22.3,22
2026-05-28 01:00:00,0.278,0.403,22.4,22
2026-05-28 02:00:00,0.278,0.403,22.5,22.2
2026-05-28 03:00:00,0.279,0.403,22.5,22.2
2026-05-28 04:00:00,0.279,0.403,22.5,22.3
2026-05-28 05:00:00,0.279,0.403,22.6,22.3
2026-05-28 06:00:00,0.279,0.403,22.7,22.5
2026-05-28 07:00:00,0.278,0.403,22.7,22.5
2026-05-28 08:00:00,0.279,0.403,22.6,22.5
2026-05-28 09:00:00,0.279,0.403,22.5,22.5
2026-05-28 10:00:00,0.279,0.403,22.4,22.4
2026-05-28 11:00:00,0.279,0.403,22.2,22.2
2026-05-28 12:00:00,0.28,0.403,22,22
2026-05-28 13:00:00,0.28,0.403,21.8,21.8
2026-05-28 14:00:00,0.28,0.404,21.6,21.6
2026-05-28 15:00:00,0.281,0.404,21.4,21.4
2026-05-28 16:00:00,0.281,0.404,21.2,21.2
2026-05-28 17:00:00,0.281,0.405,21.1,21
2026-05-28 18:00:00,0.281,0.405,20.9,20.8
2026-05-28 19:00:00,0.282,0.406,20.7,20.6
2026-05-28 20:00:00,0.282,0.406,20.5,20.4
2026-05-28 21:00:00,0.282,0.406,20.3,20.1
2026-05-28 22:00:00,0.282,0.406,20.1,20
2026-05-28 23:00:00,0.282,0.406,20.3,20.2
2026-05-29 00:00:00,0.281,0.404,20.7,20.9
2026-05-29 01:00:00,0.281,0.403,21.5,21.8
2026-05-29 02:00:00,0.281,0.403,22.6,22.7
2026-05-29 03:00:00,0.28,0.402,23.7,23.7
2026-05-29 04:00:00,0.28,0.4,24.6,24.5
2026-05-29 05:00:00,0.28,0.399,25.1,25.1
2026-05-29 06:00:00,0.28,0.399,25.4,25.5
2026-05-29 07:00:00,0.28,0.399,25.4,25.5
2026-05-29 08:00:00,0.28,0.399,25.2,25.2
2026-05-29 09:00:00,0.281,0.399,25,24.8
2026-05-29 10:00:00,0.281,0.4,24.6,24.4
2026-05-29 11:00:00,0.281,0.401,24.1,23.9
2026-05-29 12:00:00,0.282,0.401,23.7,23.4
2026-05-29 13:00:00,0.282,0.402,23.2,22.9
2026-05-29 14:00:00,0.282,0.402,22.7,22.5
2026-05-29 15:00:00,0.283,0.402,22.3,22
2026-05-29 16:00:00,0.283,0.403,21.8,21.6
2026-05-29 17:00:00,0.283,0.404,21.4,21.2
2026-05-29 18:00:00,0.284,0.405,21,20.9
2026-05-29 19:00:00,0.284,0.405,20.6,20.6
2026-05-29 20:00:00,0.284,0.405,20.3,20.2
2026-05-29 21:00:00,0.284,0.405,20,19.9
2026-05-29 22:00:00,0.285,0.405,19.9,19.7
2026-05-29 23:00:00,0.284,0.405,20.2,19.9
2026-05-30 00:00:00,0.284,0.405,21,20.5
2026-05-30 01:00:00,0.283,0.403,22.1,21.4
2026-05-30 02:00:00,0.283,0.402,23.3,22.5
2026-05-30 03:00:00,0.282,0.401,24.6,23.6
2026-05-30 04:00:00,0.282,0.399,25.5,24.6
2026-05-30 05:00:00,0.281,0.398,26.2,25.4
2026-05-30 06:00:00,0.281,0.398,26.5,25.8
2026-05-30 07:00:00,0.281,0.397,26.7,26
2026-05-30 08:00:00,0.281,0.398,26.6,25.7
2026-05-30 09:00:00,0.281,0.398,26.3,25.3
2026-05-30 10:00:00,0.281,0.399,26,24.9
2026-05-30 11:00:00,0.281,0.399,25.6,24.4
2026-05-30 12:00:00,0.281,0.4,25.1,24
2026-05-30 13:00:00,0.282,0.401,24.6,23.5
2026-05-30 14:00:00,0.282,0.401,24,23
2026-05-30 15:00:00,0.282,0.401,23.6,22.6
2026-05-30 16:00:00,0.282,0.402,23.1,22.2
2026-05-30 17:00:00,0.282,0.402,22.7,21.8
2026-05-30 18:00:00,0.282,0.403,22.3,21.4
2026-05-30 19:00:00,0.283,0.404,21.9,21.1
2026-05-30 20:00:00,0.283,0.404,21.5,20.8
2026-05-30 21:00:00,0.283,0.405,21.2,20.4
2026-05-30 22:00:00,0.284,0.405,21,20.2
2026-05-30 23:00:00,0.284,0.405,21.3,20.4
2026-05-31 00:00:00,0.283,0.404,22,21
2026-05-31 01:00:00,0.282,0.402,23.1,21.9
2026-05-31 02:00:00,0.281,0.401,24.4,23.1
2026-05-31 03:00:00,0.28,0.399,25.6,24.3
2026-05-31 04:00:00,0.279,0.398,26.6,25.3
2026-05-31 05:00:00,0.278,0.397,27.3,26
2026-05-31 06:00:00,0.277,0.396,27.7,26.6
2026-05-31 07:00:00,0.277,0.396,27.8,26.7
2026-05-31 08:00:00,0.276,0.396,27.6,26.4
2026-05-31 09:00:00,0.276,0.397,27.3,26
2026-05-31 10:00:00,0.276,0.397,26.9,25.5
2026-05-31 11:00:00,0.276,0.398,26.5,25
2026-05-31 12:00:00,0.276,0.399,26,24.6
2026-05-31 13:00:00,0.275,0.399,25.4,24.1
2026-05-31 14:00:00,0.275,0.4,24.9,23.6
2026-05-31 15:00:00,0.275,0.401,24.4,23.2
2026-05-31 16:00:00,0.275,0.401,24,22.7
2026-05-31 17:00:00,0.276,0.401,23.5,22.4
2026-05-31 18:00:00,0.276,0.401,23.1,22
2026-05-31 19:00:00,0.278,0.402,22.8,21.7
2026-05-31 20:00:00,0.279,0.402,22.5,21.4
2026-05-31 21:00:00,0.279,0.403,22.2,21.1
2026-05-31 22:00:00,0.279,0.404,22,20.9
2026-05-31 23:00:00,0.279,0.404,22,21
2026-06-01 00:00:00,0.279,0.403,22.4,21.3
2026-06-01 01:00:00,0.279,0.402,23.1,21.9
2026-06-01 02:00:00,0.278,0.401,23.9,22.8
2026-06-01 03:00:00,0.278,0.4,24.8,23.7
2026-06-01 04:00:00,0.276,0.399,25.4,24.5
2026-06-01 05:00:00,0.276,0.398,25.9,25.2
2026-06-01 06:00:00,0.277,0.397,26.3,25.7
2026-06-01 07:00:00,0.276,0.396,26.5,26
2026-06-01 08:00:00,0.275,0.396,26.5,25.9
2026-06-01 09:00:00,0.274,0.397,26.3,25.8
2026-06-01 10:00:00,0.274,0.397,26,25.5
2026-06-01 11:00:00,0.273,0.397,25.6,25.2
2026-06-01 12:00:00,0.273,0.398,25.3,24.8
2026-06-01 13:00:00,0.272,0.398,25,24.5
2026-06-01 14:00:00,0.272,0.399,24.7,24.2
2026-06-01 15:00:00,0.272,0.399,24.4,23.9
2026-06-01 16:00:00,0.272,0.399,24.1,23.6
2026-06-01 17:00:00,0.272,0.4,23.8,23.4
2026-06-01 18:00:00,0.272,0.4,23.6,23.1
2026-06-01 19:00:00,0.272,0.4,23.5,22.9
2026-06-01 20:00:00,0.273,0.4,23.4,22.8
2026-06-01 21:00:00,0.273,0.4,23.2,22.6
2026-06-01 22:00:00,0.274,0.4,23.1,22.5
2026-06-01 23:00:00,0.277,0.4,23,22.4
2026-06-02 00:00:00,0.283,0.4,22.9,22.3
2026-06-02 01:00:00,0.293,0.4,22.9,22.2
2026-06-02 02:00:00,0.303,0.4,22.9,22.2
2026-06-02 03:00:00,0.305,0.4,22.9,22.3
2026-06-02 04:00:00,0.307,0.4,23,22.4
2026-06-02 05:00:00,0.309,0.4,23.1,22.5
2026-06-02 06:00:00,0.309,0.4,23.3,22.7
2026-06-02 07:00:00,0.309,0.4,23.5,23
2026-06-02 08:00:00,0.308,0.399,23.7,23.2
2026-06-02 09:00:00,0.307,0.399,23.8,23.2
2026-06-02 10:00:00,0.306,0.399,23.9,23.2
2026-06-02 11:00:00,0.305,0.399,23.8,23.1
2026-06-02 12:00:00,0.305,0.399,23.6,23
2026-06-02 13:00:00,0.305,0.399,23.4,22.8
2026-06-02 14:00:00,0.304,0.399,23.1,22.6
2026-06-02 15:00:00,0.304,0.4,22.9,22.3
2026-06-02 16:00:00,0.305,0.4,22.7,22.1
2026-06-02 17:00:00,0.306,0.4,22.4,21.9
2026-06-02 18:00:00,0.306,0.4,22.2,21.7
2026-06-02 19:00:00,0.305,0.401,22,21.5
2026-06-02 20:00:00,0.305,0.401,21.8,21.3
2026-06-02 21:00:00,0.305,0.402,21.6,21.1
2026-06-02 22:00:00,0.305,0.402,21.5,21
2026-06-02 23:00:00,0.304,0.401,21.8,21.2
2026-06-03 00:00:00,0.304,0.4,22.3,21.6
2026-06-03 01:00:00,0.303,0.4,23.2,22.4
2026-06-03 02:00:00,0.302,0.399,24.4,23.3
2026-06-03 03:00:00,0.301,0.397,25.5,24.4
2026-06-03 04:00:00,0.3,0.397,26.4,25.4
2026-06-03 05:00:00,0.3,0.396,26.9,26.2
2026-06-03 06:00:00,0.3,0.395,27.1,26.7
2026-06-03 07:00:00,0.299,0.395,27.3,26.9
2026-06-03 08:00:00,0.299,0.395,27.2,26.9
2026-06-03 09:00:00,0.299,0.395,27,26.7
2026-06-03 10:00:00,0.298,0.396,26.7,26.4
2026-06-03 11:00:00,0.298,0.396,26.3,26.1
2026-06-03 12:00:00,0.298,0.396,25.9,25.7
2026-06-03 13:00:00,0.298,0.397,25.6,25.3
2026-06-03 14:00:00,0.298,0.397,25.2,25
2026-06-03 15:00:00,0.297,0.398,24.9,24.6
2026-06-03 16:00:00,0.297,0.398,24.5,24.3
2026-06-03 17:00:00,0.297,0.399,24.3,24
2026-06-03 18:00:00,0.296,0.399,24,23.7
2026-06-03 19:00:00,0.296,0.399,23.8,23.5
2026-06-03 20:00:00,0.296,0.399,23.6,23.2
2026-06-03 21:00:00,0.296,0.4,23.3,23
2026-06-03 22:00:00,0.295,0.4,23.1,22.9
2026-06-03 23:00:00,0.295,0.4,23.1,22.8
2026-06-04 00:00:00,0.295,0.4,23.3,23
2026-06-04 01:00:00,0.295,0.4,23.5,23.2
2026-06-04 02:00:00,0.296,0.399,23.6,23.3
2026-06-04 03:00:00,0.296,0.399,23.6,23.4
2026-06-04 04:00:00,0.296,0.399,23.8,23.6
2026-06-04 05:00:00,0.296,0.399,24,23.8
2026-06-04 06:00:00,0.296,0.398,24.2,24.1
2026-06-04 07:00:00,0.295,0.398,24.4,24.4
2026-06-04 08:00:00,0.295,0.398,24.6,24.5
2026-06-04 09:00:00,0.294,0.398,24.7,24.5
2026-06-04 10:00:00,0.294,0.398,24.6,24.4
2026-06-04 11:00:00,0.294,0.398,24.5,24.3
2026-06-04 12:00:00,0.294,0.398,24.3,24.1
2026-06-04 13:00:00,0.293,0.398,24.1,23.9
2026-06-04 14:00:00,0.293,0.399,23.9,23.6
2026-06-04 15:00:00,0.293,0.399,23.7,23.4
2026-06-04 16:00:00,0.293,0.399,23.6,23.2
2026-06-04 17:00:00,0.293,0.399,23.4,23
2026-06-04 18:00:00,0.293,0.399,23.3,22.9
2026-06-04 19:00:00,0.292,0.399,23.2,22.7
2026-06-04 20:00:00,0.292,0.399,23,22.6
2026-06-04 21:00:00,0.292,0.4,22.8,22.4
2026-06-04 22:00:00,0.292,0.4,22.6,22.2
2026-06-04 23:00:00,0.292,0.4,22.7,22.2
2026-06-05 00:00:00,0.291,0.4,23.3,22.6
2026-06-05 01:00:00,0.29,0.4,23.9,23.2
2026-06-05 02:00:00,0.289,0.399,24.7,23.9
2026-06-05 03:00:00,0.288,0.398,25.5,24.5
2026-06-05 04:00:00,0.287,0.397,26.4,25.2
2026-06-05 05:00:00,0.287,0.396,27,25.9
2026-06-05 06:00:00,0.286,0.395,27.4,26.3
2026-06-05 07:00:00,0.285,0.395,27.5,26.4
2026-06-05 08:00:00,0.285,0.395,27.3,26
2026-06-05 09:00:00,0.285,0.396,27,25.5
2026-06-05 10:00:00,0.285,0.397,26.5,25
2026-06-05 11:00:00,0.285,0.397,25.9,24.5
2026-06-05 12:00:00,0.285,0.398,25.3,24.1
2026-06-05 13:00:00,0.285,0.399,24.7,23.6
2026-06-05 14:00:00,0.285,0.399,24,23.1
2026-06-05 15:00:00,0.285,0.399,23.5,22.6
2026-06-05 16:00:00,0.285,0.4,23,22.2
2026-06-05 17:00:00,0.285,0.4,22.5,21.7
2026-06-05 18:00:00,0.285,0.401,22.1,21.4
2026-06-05 19:00:00,0.285,0.402,21.7,21
2026-06-05 20:00:00,0.285,0.403,21.3,20.7
2026-06-05 21:00:00,0.285,0.403,21,20.4
2026-06-05 22:00:00,0.285,0.403,20.8,20.1
2026-06-05 23:00:00,0.284,0.403,21.1,20.3
2026-06-06 00:00:00,0.283,0.403,21.7,20.8
2026-06-06 01:00:00,0.282,0.401,22.3,21.6
2026-06-06 02:00:00,0.282,0.399,22.9,22.4
2026-06-06 03:00:00,0.281,0.399,23.6,23.3
2026-06-06 04:00:00,0.28,0.397,24.3,24.1
2026-06-06 05:00:00,0.279,0.397,24.8,24.8
2026-06-06 06:00:00,0.278,0.396,25.1,25.3
2026-06-06 07:00:00,0.277,0.396,25.2,25.5
2026-06-06 08:00:00,0.277,0.396,25.1,25.4
2026-06-06 09:00:00,0.277,0.396,25,25.1
2026-06-06 10:00:00,0.276,0.397,24.8,24.8
2026-06-06 11:00:00,0.276,0.397,24.6,24.4
2026-06-06 12:00:00,0.276,0.398,24.3,24.1
2026-06-06 13:00:00,0.276,0.398,24,23.7
2026-06-06 14:00:00,0.276,0.399,23.7,23.3
2026-06-06 15:00:00,0.276,0.399,23.3,22.9
2026-06-06 16:00:00,0.276,0.399,23,22.5
2026-06-06 17:00:00,0.276,0.4,22.7,22.2
2026-06-06 18:00:00,0.275,0.4,22.5,21.9
2026-06-06 19:00:00,0.275,0.4,22.2,21.6
2026-06-06 20:00:00,0.275,0.401,22,21.4
2026-06-06 21:00:00,0.275,0.401,21.8,21.2
2026-06-06 22:00:00,0.275,0.402,21.8,21
2026-06-06 23:00:00,0.275,0.401,22,21.1
2026-06-07 00:00:00,0.274,0.401,22.4,21.4
2026-06-07 01:00:00,0.273,0.4,23.2,22
2026-06-07 02:00:00,0.272,0.399,24.2,22.8
2026-06-07 03:00:00,0.271,0.398,25.2,23.7
2026-06-07 04:00:00,0.27,0.397,25.9,24.5
2026-06-07 05:00:00,0.27,0.396,26.4,24.9
2026-06-07 06:00:00,0.27,0.395,26.8,25.3
2026-06-07 07:00:00,0.269,0.395,27.1,25.6
2026-06-07 08:00:00,0.269,0.395,27.3,25.7
2026-06-07 09:00:00,0.268,0.395,27.3,25.7
2026-06-07 10:00:00,0.268,0.395,27.1,25.6
2026-06-07 11:00:00,0.268,0.395,26.8,25.3
2026-06-07 12:00:00,0.268,0.396,26.4,25
2026-06-07 13:00:00,0.268,0.396,26,24.6
2026-06-07 14:00:00,0.268,0.397,25.7,24.3
2026-06-07 15:00:00,0.268,0.397,25.4,24
2026-06-07 16:00:00,0.268,0.397,25.1,23.8
2026-06-07 17:00:00,0.268,0.398,24.9,23.5
2026-06-07 18:00:00,0.268,0.398,24.7,23.3
2026-06-07 19:00:00,0.268,0.398,24.4,23.1
2026-06-07 20:00:00,0.268,0.398,24.2,22.9
2026-06-07 21:00:00,0.268,0.398,24,22.7
2026-06-07 22:00:00,0.268,0.398,23.8,22.5
2026-06-07 23:00:00,0.268,0.399,23.7,22.3
2026-06-08 00:00:00,0.268,0.399,23.6,22.2
2026-06-08 01:00:00,0.268,0.399,23.6,22.2
2026-06-08 02:00:00,0.268,0.399,23.6,22.3
2026-06-08 03:00:00,0.267,0.398,23.8,22.4
2026-06-08 04:00:00,0.267,0.398,24,22.6
2026-06-08 05:00:00,0.266,0.398,24.2,22.8
2026-06-08 06:00:00,0.266,0.398,24.4,23
2026-06-08 07:00:00,0.265,0.397,24.7,23.3
2026-06-08 08:00:00,0.265,0.397,24.8,23.4
2026-06-08 09:00:00,0.264,0.397,24.8,23.4
2026-06-08 10:00:00,0.264,0.397,24.6,23.3
2026-06-08 11:00:00,0.264,0.397,24.3,23.1
2026-06-08 12:00:00,0.264,0.397,24,22.8
2026-06-08 13:00:00,0.264,0.398,23.7,22.5
2026-06-08 14:00:00,0.264,0.398,23.4,22.3
2026-06-08 15:00:00,0.264,0.398,23.1,22
2026-06-08 16:00:00,0.264,0.399,22.8,21.8
2026-06-08 17:00:00,0.264,0.399,22.5,21.5
2026-06-08 18:00:00,0.264,0.4,22.1,21.2
2026-06-08 19:00:00,0.264,0.4,21.9,21
2026-06-08 20:00:00,0.264,0.401,21.6,20.7
2026-06-08 21:00:00,0.264,0.401,21.4,20.5
2026-06-08 22:00:00,0.264,0.401,21.2,20.3
2026-06-08 23:00:00,0.264,0.401,21.4,20.3
2026-06-09 00:00:00,0.264,0.401,21.8,20.6
2026-06-09 01:00:00,0.263,0.4,22.4,21
2026-06-09 02:00:00,0.262,0.399,23.3,21.7
2026-06-09 03:00:00,0.261,0.398,24.4,22.5
2026-06-09 04:00:00,0.26,0.397,25.6,23.4
2026-06-09 05:00:00,0.259,0.396,26.6,24.3
2026-06-09 06:00:00,0.258,0.395,27.2,25
2026-06-09 07:00:00,0.257,0.395,27.5,25.4
2026-06-09 08:00:00,0.256,0.395,27.5,25.4
2026-06-09 09:00:00,0.256,0.395,27.2,25.2
2026-06-09 10:00:00,0.256,0.395,26.8,24.9
2026-06-09 11:00:00,0.256,0.396,26.2,24.5
2026-06-09 12:00:00,0.256,0.396,25.7,24.1
2026-06-09 13:00:00,0.256,0.397,25.1,23.6
2026-06-09 14:00:00,0.256,0.397,24.6,23.2
2026-06-09 15:00:00,0.256,0.398,24.2,22.8
2026-06-09 16:00:00,0.256,0.398,23.7,22.4
2026-06-09 17:00:00,0.256,0.398,23.3,22
2026-06-09 18:00:00,0.256,0.399,22.9,21.6
2026-06-09 19:00:00,0.256,0.399,22.5,21.3
2026-06-09 20:00:00,0.256,0.4,22.1,20.9
2026-06-09 21:00:00,0.256,0.401,21.8,20.6
2026-06-09 22:00:00,0.256,0.401,21.7,20.4
2026-06-09 23:00:00,0.256,0.401,21.8,20.5
2026-06-10 00:00:00,0.255,0.401,22.3,20.9
2026-06-10 01:00:00,0.254,0.399,23.1,21.6
2026-06-10 02:00:00,0.253,0.398,24.1,22.4
2026-06-10 03:00:00,0.252,0.397,25.1,23.3
2026-06-10 04:00:00,0.251,0.396,26.1,24
2026-06-10 05:00:00,0.25,0.395,26.8,24.7
2026-06-10 06:00:00,0.249,0.395,27.2,25.1
2026-06-10 07:00:00,0.248,0.395,27.5,25.3
2026-06-10 08:00:00,0.247,0.395,27.5,25.2
2026-06-10 09:00:00,0.247,0.395,27.3,25
2026-06-10 10:00:00,0.247,0.395,26.9,24.7
2026-06-10 11:00:00,0.247,0.396,26.5,24.3
2026-06-10 12:00:00,0.247,0.396,25.9,23.9
2026-06-10 13:00:00,0.247,0.397,25.4,23.5
2026-06-10 14:00:00,0.247,0.397,24.9,23.1
2026-06-10 15:00:00,0.247,0.397,24.4,22.7
2026-06-10 16:00:00,0.247,0.398,24,22.3
2026-06-10 17:00:00,0.247,0.398,23.7,22
2026-06-10 18:00:00,0.247,0.398,23.4,21.8
2026-06-10 19:00:00,0.247,0.399,23.1,21.5
2026-06-10 20:00:00,0.247,0.399,22.8,21.2
2026-06-10 21:00:00,0.247,0.4,22.6,21
2026-06-10 22:00:00,0.247,0.4,22.4,20.9
2026-06-10 23:00:00,0.247,0.4,22.6,20.9
2026-06-11 00:00:00,0.246,0.399,23.2,21.4
2026-06-11 01:00:00,0.245,0.398,23.9,21.9
2026-06-11 02:00:00,0.244,0.397,24.9,22.7
2026-06-11 03:00:00,0.243,0.396,26,23.6
2026-06-11 04:00:00,0.242,0.395,26.9,24.4
2026-06-11 05:00:00,0.241,0.395,27.5,25
2026-06-11 06:00:00,0.24,0.394,27.8,25.5
2026-06-11 07:00:00,0.239,0.394,27.9,25.6
2026-06-11 08:00:00,0.238,0.394,27.8,25.4
2026-06-11 09:00:00,0.238,0.394,27.5,25.1
2026-06-11 10:00:00,0.238,0.395,27,24.7
2026-06-11 11:00:00,0.238,0.395,26.6,24.3
2026-06-11 12:00:00,0.238,0.396,26,23.9
2026-06-11 13:00:00,0.238,0.396,25.5,23.5
2026-06-11 14:00:00,0.238,0.397,25,23.1
2026-06-11 15:00:00,0.238,0.397,24.6,22.7
2026-06-11 16:00:00,0.238,0.397,24.2,22.4
2026-06-11 17:00:00,0.238,0.398,23.8,22
2026-06-11 18:00:00,0.238,0.398,23.4,21.7
2026-06-11 19:00:00,0.238,0.398,23,21.4
2026-06-11 20:00:00,0.238,0.399,22.7,21.1
2026-06-11 21:00:00,0.238,0.4,22.4,20.9
2026-06-11 22:00:00,0.238,0.4,22.3,20.8
2026-06-11 23:00:00,0.238,0.4,22.4,20.9
2026-06-12 00:00:00,0.238,0.399,22.8,21.3
2026-06-12 01:00:00,0.237,0.397,23.7,22
2026-06-12 02:00:00,0.236,0.396,24.8,23
2026-06-12 03:00:00,0.235,0.395,26,24
2026-06-12 04:00:00,0.234,0.394,27.2,24.9
2026-06-12 05:00:00,0.232,0.393,28.2,25.7
2026-06-12 06:00:00,0.231,0.393,28.8,26.4
2026-06-12 07:00:00,0.23,0.393,29.1,26.6
2026-06-12 08:00:00,0.23,0.393,29.1,26.5
2026-06-12 09:00:00,0.229,0.393,28.9,26.2
2026-06-12 10:00:00,0.229,0.393,28.4,25.8
2026-06-12 11:00:00,0.229,0.394,27.9,25.5
2026-06-12 12:00:00,0.229,0.394,27.4,25
2026-06-12 13:00:00,0.229,0.395,26.8,24.6
2026-06-12 14:00:00,0.229,0.395,26.2,24.2
2026-06-12 15:00:00,0.229,0.396,25.7,23.8
2026-06-12 16:00:00,0.229,0.396,25.3,23.4
2026-06-12 17:00:00,0.229,0.397,24.8,23
2026-06-12 18:00:00,0.229,0.396,24.5,22.6
2026-06-12 19:00:00,0.229,0.397,24.1,22.3
2026-06-12 20:00:00,0.229,0.397,23.8,22
2026-06-12 21:00:00,0.229,0.398,23.5,21.8
2026-06-12 22:00:00,0.229,0.398,23.3,21.6
2026-06-12 23:00:00,0.229,0.398,23.4,21.6
2026-06-13 00:00:00,0.229,0.398,23.7,22
2026-06-13 01:00:00,0.228,0.397,24.2,22.5
2026-06-13 02:00:00,0.227,0.396,25,23.3
2026-06-13 03:00:00,0.226,0.395,25.9,24.2
2026-06-13 04:00:00,0.225,0.394,26.6,24.9
2026-06-13 05:00:00,0.224,0.394,27.2,25.5
2026-06-13 06:00:00,0.223,0.393,27.6,26
2026-06-13 07:00:00,0.223,0.393,27.9,26.2
2026-06-13 08:00:00,0.223,0.393,27.9,26.1
2026-06-13 09:00:00,0.222,0.393,27.7,25.9
2026-06-13 10:00:00,0.222,0.393,27.3,25.6
2026-06-13 11:00:00,0.222,0.394,27,25.3
2026-06-13 12:00:00,0.222,0.394,26.6,24.9
2026-06-13 13:00:00,0.221,0.395,26.3,24.6
2026-06-13 14:00:00,0.221,0.395,26.1,24.3
2026-06-13 15:00:00,0.221,0.395,25.8,24.1
2026-06-13 16:00:00,0.221,0.396,25.5,23.8
2026-06-13 17:00:00,0.221,0.396,25.3,23.6
2026-06-13 18:00:00,0.222,0.396,25.1,23.4
2026-06-13 19:00:00,0.221,0.396,24.8,23.2
2026-06-13 20:00:00,0.222,0.397,24.6,23
2026-06-13 21:00:00,0.222,0.397,24.4,22.8
2026-06-13 22:00:00,0.222,0.397,24.3,22.6
2026-06-13 23:00:00,0.221,0.397,24.3,22.6
2026-06-14 00:00:00,0.222,0.397,24.4,22.7
2026-06-14 01:00:00,0.221,0.396,24.9,23
2026-06-14 02:00:00,0.22,0.395,25.7,23.7
2026-06-14 03:00:00,0.219,0.394,26.5,24.6
2026-06-14 04:00:00,0.218,0.393,27.2,25.3
2026-06-14 05:00:00,0.217,0.392,27.7,26
2026-06-14 06:00:00,0.292,0.392,28,26.3
2026-06-14 07:00:00,0.333,0.391,27.8,26.3
2026-06-14 08:00:00,0.324,0.392,27.5,26.1
2026-06-14 09:00:00,0.318,0.392,27.2,26
2026-06-14 10:00:00,0.312,0.392,27,25.8
2026-06-14 11:00:00,0.308,0.392,26.6,25.6
2026-06-14 12:00:00,0.304,0.393,26.3,25.3
2026-06-14 13:00:00,0.302,0.393,25.9,25
2026-06-14 14:00:00,0.3,0.394,25.5,24.7
2026-06-14 15:00:00,0.299,0.394,25.1,24.3
2026-06-14 16:00:00,0.297,0.394,24.8,24
2026-06-14 17:00:00,0.296,0.395,24.4,23.7
2026-06-14 18:00:00,0.295,0.395,24.2,23.5
2026-06-14 19:00:00,0.295,0.396,23.9,23.3
2026-06-14 20:00:00,0.294,0.396,23.7,23
2026-06-14 21:00:00,0.294,0.396,23.5,22.8
2026-06-14 22:00:00,0.293,0.396,23.3,22.6
2026-06-14 23:00:00,0.292,0.396,23.5,22.7
2026-06-15 00:00:00,0.291,0.396,24.1,23.1
2026-06-15 01:00:00,0.289,0.395,24.9,23.8
2026-06-15 02:00:00,0.287,0.394,25.9,24.7
2026-06-15 03:00:00,0.285,0.393,26.6,25.6
2026-06-15 04:00:00,0.284,0.392,26.8,26.3
2026-06-15 05:00:00,0.282,0.391,26.9,26.9
2026-06-15 06:00:00,0.28,0.39,26.9,27.3
2026-06-15 07:00:00,0.279,0.39,26.7,27.4
2026-06-15 08:00:00,0.277,0.39,26.5,27.2
2026-06-15 09:00:00,0.276,0.391,26.4,26.9
2026-06-15 10:00:00,0.275,0.391,26.4,26.7
2026-06-15 11:00:00,0.275,0.391,26.1,26.4
2026-06-15 12:00:00,0.274,0.392,25.8,26
2026-06-15 13:00:00,0.274,0.392,25.4,25.6
2026-06-15 14:00:00,0.274,0.393,25,25.2
2026-06-15 15:00:00,0.273,0.393,24.6,24.8
2026-06-15 16:00:00,0.273,0.394,24.3,24.4
2026-06-15 17:00:00,0.273,0.394,23.9,24.1
2026-06-15 18:00:00,0.273,0.395,23.6,23.7
2026-06-15 19:00:00,0.272,0.395,23.3,23.4
2026-06-15 20:00:00,0.272,0.396,23.1,23.1
2026-06-15 21:00:00,0.272,0.396,22.9,22.9
2026-06-15 22:00:00,0.272,0.396,22.8,22.7
2026-06-15 23:00:00,0.271,0.396,23,22.7
2026-06-16 00:00:00,0.27,0.396,23.4,23
2026-06-16 01:00:00,0.269,0.396,23.6,23.3
2026-06-16 02:00:00,0.268,0.395,24,23.7
2026-06-16 03:00:00,0.266,0.394,24.6,24.3
2026-06-16 04:00:00,0.264,0.393,25.2,25
2026-06-16 05:00:00,0.263,0.392,25.6,25.5
2026-06-16 06:00:00,0.261,0.392,26,26
2026-06-16 07:00:00,0.259,0.391,26.1,26.3
2026-06-16 08:00:00,0.258,0.391,26.1,26.3
2026-06-16 09:00:00,0.257,0.391,26,26.2
2026-06-16 10:00:00,0.257,0.392,25.9,26
2026-06-16 11:00:00,0.256,0.392,25.7,25.7
2026-06-16 12:00:00,0.256,0.392,25.6,25.5
2026-06-16 13:00:00,0.255,0.393,25.4,25.2
2026-06-16 14:00:00,0.255,0.393,25.3,24.9
2026-06-16 15:00:00,0.255,0.393,25.1,24.7
2026-06-16 16:00:00,0.254,0.394,24.9,24.5
2026-06-16 17:00:00,0.254,0.394,24.6,24.3
2026-06-16 18:00:00,0.254,0.394,24.5,24.1
2026-06-16 19:00:00,0.253,0.395,24.3,23.9
2026-06-16 20:00:00,0.253,0.395,24.1,23.7
2026-06-16 21:00:00,0.253,0.395,24,23.5
2026-06-16 22:00:00,0.252,0.395,23.9,23.4
2026-06-16 23:00:00,0.252,0.395,23.9,23.3
2026-06-17 00:00:00,0.252,0.395,24,23.4
2026-06-17 01:00:00,0.251,0.395,24.2,23.6
2026-06-17 02:00:00,0.25,0.395,24.4,23.9
2026-06-17 03:00:00,0.249,0.394,24.7,24.3
2026-06-17 04:00:00,0.247,0.393,24.9,24.6
2026-06-17 05:00:00,0.246,0.393,25,24.8
2026-06-17 06:00:00,0.245,0.393,25,24.8
2026-06-17 07:00:00,0.245,0.393,25.1,24.8
2026-06-17 08:00:00,0.244,0.393,25,24.8
2026-06-17 09:00:00,0.243,0.393,24.9,24.7
2026-06-17 10:00:00,0.243,0.393,24.8,24.6
2026-06-17 11:00:00,0.243,0.393,24.7,24.4
2026-06-17 12:00:00,0.243,0.393,24.5,24.2
2026-06-17 13:00:00,0.243,0.394,24.4,24
2026-06-17 14:00:00,0.242,0.394,24.3,23.8
2026-06-17 15:00:00,0.242,0.394,24.3,23.7
2026-06-17 16:00:00,0.242,0.394,24.2,23.6
2026-06-17 17:00:00,0.241,0.395,24.1,23.5
2026-06-17 18:00:00,0.241,0.395,24.1,23.4
2026-06-17 19:00:00,0.241,0.395,24.1,23.3
2026-06-17 20:00:00,0.241,0.395,24,23.3
2026-06-17 21:00:00,0.241,0.395,24,23.2
2026-06-17 22:00:00,0.241,0.395,24,23.2
2026-06-17 23:00:00,0.24,0.395,24.1,23.2
2026-06-18 00:00:00,0.239,0.394,24.4,23.5
2026-06-18 01:00:00,0.239,0.393,25.1,24
2026-06-18 02:00:00,0.237,0.392,26,24.7
2026-06-18 03:00:00,0.236,0.391,26.8,25.4
2026-06-18 04:00:00,0.234,0.391,27.7,26.2
2026-06-18 05:00:00,0.232,0.391,28.4,26.8
2026-06-18 06:00:00,0.231,0.39,28.8,27.2
2026-06-18 07:00:00,0.23,0.389,29.2,27.5
2026-06-18 08:00:00,0.229,0.389,29.3,27.6
2026-06-18 09:00:00,0.228,0.39,29.2,27.5
2026-06-18 10:00:00,0.228,0.39,28.9,27.3
2026-06-18 11:00:00,0.229,0.39,28.5,27
2026-06-18 12:00:00,0.229,0.391,28.1,26.7
2026-06-18 13:00:00,0.228,0.391,27.7,26.4
2026-06-18 14:00:00,0.229,0.391,27.3,26.1
2026-06-18 15:00:00,0.228,0.392,27,25.8
2026-06-18 16:00:00,0.228,0.392,26.8,25.6
2026-06-18 17:00:00,0.228,0.392,26.5,25.3
2026-06-18 18:00:00,0.228,0.392,26.3,25.1
2026-06-18 19:00:00,0.228,0.393,26.1,24.9
2026-06-18 20:00:00,0.228,0.393,25.9,24.7
2026-06-18 21:00:00,0.228,0.393,25.7,24.6
2026-06-18 22:00:00,0.228,0.393,25.6,24.4
2026-06-18 23:00:00,0.228,0.393,25.6,24.4
2026-06-19 00:00:00,0.228,0.393,25.7,24.4
2026-06-19 01:00:00,0.228,0.393,25.8,24.6
2026-06-19 02:00:00,0.227,0.392,25.9,24.8
2026-06-19 03:00:00,0.226,0.392,26.1,25
2026-06-19 04:00:00,0.226,0.391,26.2,25.2
2026-06-19 05:00:00,0.225,0.391,26.3,25.3
2026-06-19 06:00:00,0.224,0.391,26.3,25.3
2026-06-19 07:00:00,0.223,0.391,26.3,25.3
2026-06-19 08:00:00,0.223,0.391,26.2,25.3
2026-06-19 09:00:00,0.223,0.391,26.1,25.3
2026-06-19 10:00:00,0.223,0.391,25.9,25.1
2026-06-19 11:00:00,0.223,0.392,25.7,24.9
2026-06-19 12:00:00,0.224,0.392,25.4,24.7
2026-06-19 13:00:00,0.234,0.392,25.1,24.6
2026-06-19 14:00:00,0.319,0.392,24.8,24.4
2026-06-19 15:00:00,0.343,0.392,24.6,24.2
2026-06-19 16:00:00,0.356,0.392,24.4,24.1
2026-06-19 17:00:00,0.365,0.392,24.3,24
2026-06-19 18:00:00,0.364,0.393,24.3,23.9
2026-06-19 19:00:00,0.363,0.393,24.3,23.9
2026-06-19 20:00:00,0.363,0.393,24.3,23.8
2026-06-19 21:00:00,0.363,0.393,24.3,23.8
2026-06-19 22:00:00,0.361,0.393,24.4,23.8
2026-06-19 23:00:00,0.355,0.393,24.4,23.8
2026-06-20 00:00:00,0.353,0.393,24.4,23.8
2026-06-20 01:00:00,0.352,0.393,24.4,23.8
2026-06-20 02:00:00,0.35,0.393,24.4,23.8
2026-06-20 03:00:00,0.349,0.393,24.6,23.9
2026-06-20 04:00:00,0.348,0.393,24.7,24
2026-06-20 05:00:00,0.347,0.392,24.7,24.1
2026-06-20 06:00:00,0.346,0.392,24.7,24.1
2026-06-20 07:00:00,0.345,0.392,24.8,24.2
2026-06-20 08:00:00,0.343,0.392,24.7,24.2
2026-06-20 09:00:00,0.342,0.392,24.7,24.2
2026-06-20 10:00:00,0.341,0.392,24.6,24.2
2026-06-20 11:00:00,0.341,0.392,24.4,24
2026-06-20 12:00:00,0.341,0.393,24.3,23.9
2026-06-20 13:00:00,0.341,0.393,24.1,23.7
2026-06-20 14:00:00,0.34,0.393,24,23.6
2026-06-20 15:00:00,0.34,0.393,23.9,23.5
2026-06-20 16:00:00,0.34,0.393,23.8,23.4
2026-06-20 17:00:00,0.34,0.394,23.7,23.3
2026-06-20 18:00:00,0.34,0.394,23.6,23.2
2026-06-20 19:00:00,0.341,0.394,23.5,23.1
2026-06-20 20:00:00,0.341,0.394,23.4,23
2026-06-20 21:00:00,0.341,0.394,23.3,22.9
2026-06-20 22:00:00,0.341,0.394,23.3,22.8
2026-06-20 23:00:00,0.34,0.394,23.3,22.9
2026-06-21 00:00:00,0.34,0.394,23.4,22.9
2026-06-21 01:00:00,0.339,0.394,23.8,23.2
2026-06-21 02:00:00,0.338,0.394,24.3,23.7
2026-06-21 03:00:00,0.337,0.393,24.7,24.2
2026-06-21 04:00:00,0.335,0.392,25.2,24.7
2026-06-21 05:00:00,0.334,0.391,25.8,25.3
2026-06-21 06:00:00,0.332,0.39,26.2,25.8
2026-06-21 07:00:00,0.331,0.39,26.5,26.2
2026-06-21 08:00:00,0.33,0.39,26.7,26.3
2026-06-21 09:00:00,0.329,0.39,26.6,26.3
2026-06-21 10:00:00,0.328,0.39,26.4,26.1
2026-06-21 11:00:00,0.328,0.39,26.1,25.9
2026-06-21 12:00:00,0.327,0.391,25.8,25.6
2026-06-21 13:00:00,0.327,0.391,25.5,25.3
2026-06-21 14:00:00,0.326,0.391,25.2,25.1
2026-06-21 15:00:00,0.326,0.392,25,24.9
2026-06-21 16:00:00,0.326,0.392,24.8,24.7
2026-06-21 17:00:00,0.326,0.392,24.6,24.4
2026-06-21 18:00:00,0.326,0.393,24.4,24.2
2026-06-21 19:00:00,0.325,0.393,24.2,24
2026-06-21 20:00:00,0.325,0.393,24,23.8
2026-06-21 21:00:00,0.325,0.394,23.9,23.7
2026-06-21 22:00:00,0.325,0.394,23.8,23.5
2026-06-21 23:00:00,0.325,0.394,23.7,23.5
2026-06-22 00:00:00,0.325,0.394,23.8,23.5
2026-06-22 01:00:00,0.324,0.394,23.9,23.5
2026-06-22 02:00:00,0.324,0.393,23.9,23.6
2026-06-22 03:00:00,0.324,0.393,24,23.7
2026-06-22 04:00:00,0.324,0.393,23.9,23.7
2026-06-22 05:00:00,0.324,0.393,23.8,23.7
2026-06-22 06:00:00,0.324,0.393,23.8,23.7
2026-06-22 07:00:00,0.324,0.393,23.8,23.7
2026-06-22 08:00:00,0.325,0.393,23.8,23.7
2026-06-22 09:00:00,0.325,0.393,23.7,23.7
2026-06-22 10:00:00,0.325,0.393,23.6,23.7
2026-06-22 11:00:00,0.325,0.393,23.5,23.6
2026-06-22 12:00:00,0.325,0.393,23.3,23.5
2026-06-22 13:00:00,0.325,0.393,23.2,23.3
2026-06-22 14:00:00,0.326,0.393,23,23.1
2026-06-22 15:00:00,0.326,0.394,22.9,23
2026-06-22 16:00:00,0.326,0.394,22.7,22.8
2026-06-22 17:00:00,0.326,0.393,22.6,22.7
2026-06-22 18:00:00,0.326,0.394,22.5,22.5
2026-06-22 19:00:00,0.326,0.394,22.4,22.4
2026-06-22 20:00:00,0.326,0.394,22.3,22.3
2026-06-22 21:00:00,0.326,0.394,22.2,22.2
2026-06-22 22:00:00,0.326,0.394,22.1,22.1
2026-06-22 23:00:00,0.325,0.394,22.1,22.1
2026-06-23 00:00:00,0.325,0.394,22.2,22.2
2026-06-23 01:00:00,0.324,0.394,22.3,22.4
2026-06-23 02:00:00,0.323,0.393,22.5,22.7
2026-06-23 03:00:00,0.322,0.393,22.7,23.2
2026-06-23 04:00:00,0.32,0.392,22.9,23.7
2026-06-23 05:00:00,0.318,0.392,23.1,24.2
2026-06-23 06:00:00,0.317,0.391,23.3,24.5
2026-06-23 07:00:00,0.315,0.391,23.3,24.6
2026-06-23 08:00:00,0.314,0.392,23.2,24.5
2026-06-23 09:00:00,0.312,0.392,23.1,24.3
2026-06-23 10:00:00,0.311,0.392,23,24.1
2026-06-23 11:00:00,0.31,0.392,22.8,23.9
2026-06-23 12:00:00,0.31,0.393,22.7,23.7
2026-06-23 13:00:00,0.309,0.393,22.6,23.5
2026-06-23 14:00:00,0.308,0.393,22.5,23.3
2026-06-23 15:00:00,0.308,0.394,22.5,23.1
2026-06-23 16:00:00,0.307,0.394,22.4,23
2026-06-23 17:00:00,0.307,0.394,22.4,22.9
2026-06-23 18:00:00,0.306,0.394,22.3,22.8
2026-06-23 19:00:00,0.306,0.393,22.3,22.6
2026-06-23 20:00:00,0.305,0.394,22.2,22.5
2026-06-23 21:00:00,0.305,0.394,22.1,22.4
2026-06-23 22:00:00,0.305,0.394,22.1,22.3
2026-06-23 23:00:00,0.304,0.394,22.1,22.3
2026-06-24 00:00:00,0.304,0.393,22.3,22.4
2026-06-24 01:00:00,0.303,0.393,22.5,22.6
2026-06-24 02:00:00,0.302,0.393,22.7,22.9
2026-06-24 03:00:00,0.301,0.393,22.9,23.1
2026-06-24 04:00:00,0.3,0.392,23.1,23.3
2026-06-24 05:00:00,0.299,0.392,23.3,23.4
2026-06-24 06:00:00,0.299,0.392,23.5,23.6
2026-06-24 07:00:00,0.298,0.392,23.6,23.7
2026-06-24 08:00:00,0.298,0.392,23.6,23.7
2026-06-24 09:00:00,0.297,0.392,23.6,23.7
2026-06-24 10:00:00,0.297,0.392,23.6,23.7
2026-06-24 11:00:00,0.297,0.392,23.6,23.6
2026-06-24 12:00:00,0.296,0.392,23.5,23.5
2026-06-24 13:00:00,0.296,0.392,23.4,23.4
2026-06-24 14:00:00,0.296,0.392,23.3,23.2
2026-06-24 15:00:00,0.296,0.392,23.1,23.1
2026-06-24 16:00:00,0.296,0.392,23,22.9
2026-06-24 17:00:00,0.296,0.392,22.8,22.7
2026-06-24 18:00:00,0.295,0.392,22.7,22.6
2026-06-24 19:00:00,0.295,0.392,22.6,22.5
2026-06-24 20:00:00,0.295,0.393,22.5,22.4
2026-06-24 21:00:00,0.295,0.393,22.4,22.3
2026-06-24 22:00:00,0.295,0.393,22.4,22.2
2026-06-24 23:00:00,0.294,0.393,22.5,22.2
2026-06-25 00:00:00,0.294,0.392,22.7,22.4
2026-06-25 01:00:00,0.293,0.392,23,22.6
2026-06-25 02:00:00,0.292,0.392,23.3,22.9
2026-06-25 03:00:00,0.29,0.391,24,23.4
2026-06-25 04:00:00,0.288,0.391,24.8,24.3
2026-06-25 05:00:00,0.287,0.39,25.3,24.9
2026-06-25 06:00:00,0.286,0.39,25.6,25.4
2026-06-25 07:00:00,0.285,0.389,25.7,25.6
2026-06-25 08:00:00,0.284,0.389,25.7,25.7
2026-06-25 09:00:00,0.283,0.389,25.6,25.6
2026-06-25 10:00:00,0.283,0.389,25.5,25.5
2026-06-25 11:00:00,0.283,0.39,25.3,25.3
2026-06-25 12:00:00,0.283,0.39,25,25
2026-06-25 13:00:00,0.283,0.39,24.7,24.7
2026-06-25 14:00:00,0.283,0.391,24.4,24.4
2026-06-25 15:00:00,0.283,0.391,24.1,24.1
2026-06-25 16:00:00,0.283,0.392,23.8,23.7
2026-06-25 17:00:00,0.283,0.392,23.5,23.5
2026-06-25 18:00:00,0.283,0.393,23.3,23.2
2026-06-25 19:00:00,0.283,0.393,23.1,23
2026-06-25 20:00:00,0.283,0.393,22.8,22.7
2026-06-25 21:00:00,0.283,0.393,22.6,22.5
2026-06-25 22:00:00,0.283,0.393,22.5,22.3
2026-06-25 23:00:00,0.282,0.393,22.8,22.3
2026-06-26 00:00:00,0.281,0.393,23.3,22.6
2026-06-26 01:00:00,0.279,0.392,24.1,23.2
2026-06-26 02:00:00,0.277,0.391,24.9,24.1
2026-06-26 03:00:00,0.274,0.389,25.7,25.1
2026-06-26 04:00:00,0.272,0.388,26.5,26.1
2026-06-26 05:00:00,0.27,0.388,27.1,26.9
2026-06-26 06:00:00,0.268,0.386,27.4,27.5
2026-06-26 07:00:00,0.266,0.386,27.5,27.7
2026-06-26 08:00:00,0.266,0.386,27.4,27.5
2026-06-26 09:00:00,0.265,0.387,27.2,27.1
2026-06-26 10:00:00,0.265,0.387,27,26.8
2026-06-26 11:00:00,0.265,0.388,26.6,26.4
2026-06-26 12:00:00,0.265,0.389,26.3,26
2026-06-26 13:00:00,0.265,0.389,25.9,25.5
2026-06-26 14:00:00,0.266,0.39,25.5,25.2
2026-06-26 15:00:00,0.266,0.39,25.2,24.8
2026-06-26 16:00:00,0.266,0.391,24.9,24.5
2026-06-26 17:00:00,0.266,0.391,24.6,24.2
2026-06-26 18:00:00,0.266,0.392,24.3,23.9
2026-06-26 19:00:00,0.266,0.392,24.1,23.6
2026-06-26 20:00:00,0.266,0.393,23.9,23.4
2026-06-26 21:00:00,0.266,0.393,23.6,23.1
2026-06-26 22:00:00,0.266,0.393,23.5,22.9
2026-06-26 23:00:00,0.265,0.393,23.6,22.9
2026-06-27 00:00:00,0.264,0.393,24,23.1
2026-06-27 01:00:00,0.262,0.392,24.7,23.6
2026-06-27 02:00:00,0.26,0.391,25.6,24.3
2026-06-27 03:00:00,0.257,0.389,26.6,25.2
2026-06-27 04:00:00,0.254,0.388,27.5,26.1
2026-06-27 05:00:00,0.252,0.387,28.3,26.9
2026-06-27 06:00:00,0.25,0.386,28.7,27.6
2026-06-27 07:00:00,0.249,0.385,28.8,28.1
2026-06-27 08:00:00,0.249,0.385,28.7,28.1
2026-06-27 09:00:00,0.249,0.385,28.5,27.8
2026-06-27 10:00:00,0.249,0.386,28.3,27.6
2026-06-27 11:00:00,0.249,0.386,28,27.3
2026-06-27 12:00:00,0.249,0.387,27.6,27
2026-06-27 13:00:00,0.25,0.387,27.2,26.6
2026-06-27 14:00:00,0.25,0.388,26.9,26.2
2026-06-27 15:00:00,0.25,0.388,26.5,25.8
2026-06-27 16:00:00,0.25,0.389,26.2,25.5
2026-06-27 17:00:00,0.25,0.389,25.9,25.2
2026-06-27 18:00:00,0.25,0.39,25.7,24.9
2026-06-27 19:00:00,0.25,0.39,25.4,24.7
2026-06-27 20:00:00,0.25,0.39,25.2,24.4
2026-06-27 21:00:00,0.25,0.391,25,24.2
2026-06-27 22:00:00,0.25,0.391,24.9,24.1
2026-06-27 23:00:00,0.25,0.391,24.9,24
2026-06-28 00:00:00,0.249,0.391,25.1,24
2026-06-28 01:00:00,0.247,0.391,25.8,24.3
2026-06-28 02:00:00,0.245,0.39,26.7,25
2026-06-28 03:00:00,0.242,0.389,27.7,25.8
2026-06-28 04:00:00,0.24,0.388,28.5,26.6
2026-06-28 05:00:00,0.237,0.386,29.1,27.4
2026-06-28 06:00:00,0.236,0.385,29.5,28.1
2026-06-28 07:00:00,0.235,0.384,29.6,28.5
2026-06-28 08:00:00,0.234,0.384,29.5,28.4
2026-06-28 09:00:00,0.234,0.385,29.2,28.1
2026-06-28 10:00:00,0.235,0.385,28.9,27.7
2026-06-28 11:00:00,0.235,0.387,28.6,27.4
2026-06-28 12:00:00,0.235,0.387,28.1,26.9
2026-06-28 13:00:00,0.235,0.388,27.7,26.5
2026-06-28 14:00:00,0.235,0.389,27.3,26.1
2026-06-28 15:00:00,0.236,0.389,26.9,25.7
2026-06-28 16:00:00,0.236,0.39,26.5,25.3
2026-06-28 17:00:00,0.236,0.39,26.1,25
2026-06-28 18:00:00,0.236,0.391,25.8,24.7
2026-06-28 19:00:00,0.237,0.391,25.5,24.4
2026-06-28 20:00:00,0.237,0.391,25.2,24.1
2026-06-28 21:00:00,0.237,0.392,25,23.9
2026-06-28 22:00:00,0.237,0.392,24.9,23.7
2026-06-28 23:00:00,0.236,0.392,25.1,23.7
2026-06-29 00:00:00,0.235,0.392,25.7,23.9
2026-06-29 01:00:00,0.233,0.391,26.6,24.4
2026-06-29 02:00:00,0.23,0.389,27.6,25.2
2026-06-29 03:00:00,0.228,0.388,28.6,26.1
2026-06-29 04:00:00,0.226,0.386,29.5,27
2026-06-29 05:00:00,0.225,0.385,30,27.7
2026-06-29 06:00:00,0.223,0.384,30.2,28.3
2026-06-29 07:00:00,0.222,0.384,30.3,28.6
2026-06-29 08:00:00,0.222,0.384,30.2,28.5
2026-06-29 09:00:00,0.222,0.385,30,28.3
2026-06-29 10:00:00,0.223,0.385,29.7,28
2026-06-29 11:00:00,0.223,0.386,29.4,27.6
2026-06-29 12:00:00,0.223,0.386,29,27.2
2026-06-29 13:00:00,0.223,0.387,28.6,26.8
2026-06-29 14:00:00,0.223,0.387,28.2,26.4
2026-06-29 15:00:00,0.223,0.388,27.8,26.1
2026-06-29 16:00:00,0.223,0.388,27.4,25.7
2026-06-29 17:00:00,0.224,0.389,27.1,25.4
2026-06-29 18:00:00,0.224,0.389,26.8,25.1
2026-06-29 19:00:00,0.224,0.39,26.5,24.9
2026-06-29 20:00:00,0.224,0.39,26.2,24.6
2026-06-29 21:00:00,0.224,0.391,25.9,24.4
2026-06-29 22:00:00,0.224,0.391,25.8,24.2
2026-06-29 23:00:00,0.224,0.391,25.8,24.1
2026-06-30 00:00:00,0.223,0.391,26.1,24.3
2026-06-30 01:00:00,0.222,0.39,26.7,24.7
2026-06-30 02:00:00,0.221,0.389,27.4,25.3
2026-06-30 03:00:00,0.219,0.387,28.1,26
2026-06-30 04:00:00,0.218,0.386,28.7,26.6
2026-06-30 05:00:00,0.217,0.385,29,27.1
2026-06-30 06:00:00,0.216,0.385,29.2,27.4
2026-06-30 07:00:00,0.216,0.384,29.2,27.6
2026-06-30 08:00:00,0.216,0.384,29.2,27.5
2026-06-30 09:00:00,0.216,0.385,29,27.4
2026-06-30 10:00:00,0.216,0.385,28.7,27.1
2026-06-30 11:00:00,0.216,0.385,28.4,26.8
2026-06-30 12:00:00,0.216,0.386,28.1,26.4
2026-06-30 13:00:00,0.216,0.386,27.8,26
2026-06-30 14:00:00,0.216,0.387,27.5,25.7
2026-06-30 15:00:00,0.216,0.387,27.2,25.5
2026-06-30 16:00:00,0.216,0.388,27,25.2
2026-06-30 17:00:00,0.217,0.388,26.7,25
2026-06-30 18:00:00,0.218,0.389,26.5,24.8
2026-06-30 19:00:00,0.228,0.389,26,24.6
2026-06-30 20:00:00,0.33,0.39,25.5,24.4
2026-06-30 21:00:00,0.362,0.39,24.9,24.2
2026-06-30 22:00:00,0.363,0.391,24.5,24
2026-06-30 23:00:00,0.364,0.391,24.3,23.9
2026-07-01 00:00:00,0.363,0.391,24.2,23.8
2026-07-01 01:00:00,0.365,0.391,24.1,23.7
2026-07-01 02:00:00,0.364,0.391,24.1,23.7
2026-07-01 03:00:00,0.364,0.391,24.2,23.8
2026-07-01 04:00:00,0.361,0.391,24.4,23.9
2026-07-01 05:00:00,0.355,0.39,24.7,24.1
2026-07-01 06:00:00,0.353,0.39,24.8,24.3
2026-07-01 07:00:00,0.351,0.39,25,24.4
2026-07-01 08:00:00,0.348,0.389,25.1,24.6
2026-07-01 09:00:00,0.346,0.389,25.1,24.6
2026-07-01 10:00:00,0.345,0.389,25.1,24.6
2026-07-01 11:00:00,0.345,0.389,25.1,24.5
2026-07-01 12:00:00,0.344,0.389,25.1,24.5
2026-07-01 13:00:00,0.344,0.39,25,24.4
2026-07-01 14:00:00,0.343,0.39,25,24.3
2026-07-01 15:00:00,0.343,0.39,24.9,24.2
2026-07-01 16:00:00,0.342,0.39,24.8,24.1
2026-07-01 17:00:00,0.342,0.39,24.8,24
2026-07-01 18:00:00,0.342,0.39,24.7,23.9
2026-07-01 19:00:00,0.342,0.39,24.6,23.8
2026-07-01 20:00:00,0.341,0.39,24.5,23.7
2026-07-01 21:00:00,0.341,0.391,24.5,23.6
2026-07-01 22:00:00,0.341,0.391,24.4,23.6
2026-07-01 23:00:00,0.34,0.391,24.4,23.6
2026-07-02 00:00:00,0.34,0.39,24.5,23.7
2026-07-02 01:00:00,0.339,0.39,24.7,23.9
2026-07-02 02:00:00,0.338,0.389,25,24.3
2026-07-02 03:00:00,0.336,0.389,25.3,24.6
2026-07-02 04:00:00,0.334,0.388,25.8,25.2
2026-07-02 05:00:00,0.332,0.386,26.5,26
2026-07-02 06:00:00,0.33,0.385,27,26.8
2026-07-02 07:00:00,0.329,0.384,27.2,27.2
2026-07-02 08:00:00,0.328,0.384,27.3,27.3
2026-07-02 09:00:00,0.327,0.385,27.2,27.2
2026-07-02 10:00:00,0.327,0.385,27.1,26.9
2026-07-02 11:00:00,0.326,0.385,26.9,26.6
2026-07-02 12:00:00,0.326,0.386,26.6,26.3
2026-07-02 13:00:00,0.326,0.386,26.4,26
2026-07-02 14:00:00,0.326,0.387,26.1,25.6
2026-07-02 15:00:00,0.325,0.387,25.9,25.3
2026-07-02 16:00:00,0.325,0.387,25.6,25.1
2026-07-02 17:00:00,0.325,0.388,25.4,24.8
2026-07-02 18:00:00,0.325,0.388,25.3,24.6
2026-07-02 19:00:00,0.325,0.389,25.1,24.5
2026-07-02 20:00:00,0.325,0.389,25,24.3
2026-07-02 21:00:00,0.325,0.389,24.9,24.2
2026-07-02 22:00:00,0.324,0.389,24.8,24.1
2026-07-02 23:00:00,0.324,0.389,24.8,24.1
2026-07-03 00:00:00,0.323,0.389,24.9,24.2
2026-07-03 01:00:00,0.322,0.389,25.2,24.5
2026-07-03 02:00:00,0.32,0.388,25.6,24.9
2026-07-03 03:00:00,0.318,0.387,25.9,25.4
2026-07-03 04:00:00,0.317,0.386,26.2,25.8
2026-07-03 05:00:00,0.316,0.386,26.4,26
2026-07-03 06:00:00,0.315,0.386,26.5,26.2
2026-07-03 07:00:00,0.314,0.386,26.5,26.2
2026-07-03 08:00:00,0.313,0.386,26.4,26.2
2026-07-03 09:00:00,0.312,0.386,26.3,26.1
2026-07-03 10:00:00,0.312,0.386,26.2,26
2026-07-03 11:00:00,0.311,0.386,26,25.7
2026-07-03 12:00:00,0.311,0.387,25.9,25.5
2026-07-03 13:00:00,0.311,0.387,25.7,25.3
2026-07-03 14:00:00,0.31,0.387,25.5,25.1
2026-07-03 15:00:00,0.31,0.388,25.3,24.9
2026-07-03 16:00:00,0.31,0.388,25.2,24.7
2026-07-03 17:00:00,0.31,0.389,25.2,24.6
2026-07-03 18:00:00,0.31,0.389,25.1,24.5
2026-07-03 19:00:00,0.311,0.389,25,24.4
2026-07-03 20:00:00,0.311,0.39,24.9,24.2
2026-07-03 21:00:00,0.312,0.39,24.9,24.1
2026-07-03 22:00:00,0.312,0.39,24.8,24.1
2026-07-03 23:00:00,0.312,0.39,24.8,24.1
2026-07-04 00:00:00,0.312,0.389,24.9,24.2
2026-07-04 01:00:00,0.312,0.389,25,24.3
2026-07-04 02:00:00,0.311,0.388,25.4,24.7
2026-07-04 03:00:00,0.31,0.387,25.8,25.3
2026-07-04 04:00:00,0.309,0.386,26.2,25.9
2026-07-04 05:00:00,0.309,0.385,26.5,26.3
2026-07-04 06:00:00,0.308,0.385,26.6,26.5
2026-07-04 07:00:00,0.308,0.385,26.5,26.4
2026-07-04 08:00:00,0.308,0.386,26.4,26.3
2026-07-04 09:00:00,0.308,0.386,26.3,26.1
2026-07-04 10:00:00,0.308,0.386,26.2,26
2026-07-04 11:00:00,0.308,0.386,26.1,25.8
2026-07-04 12:00:00,0.307,0.386,25.9,25.6
2026-07-04 13:00:00,0.307,0.387,25.8,25.4
2026-07-04 14:00:00,0.307,0.387,25.6,25.2
2026-07-04 15:00:00,0.307,0.387,25.5,25.1
2026-07-04 16:00:00,0.307,0.388,25.4,24.9
2026-07-04 17:00:00,0.307,0.388,25.3,24.8
2026-07-04 18:00:00,0.308,0.389,25.2,24.7
2026-07-04 19:00:00,0.308,0.389,25.1,24.6
2026-07-04 20:00:00,0.308,0.389,25,24.5
2026-07-04 21:00:00,0.308,0.389,25,24.4
2026-07-04 22:00:00,0.308,0.389,24.9,24.3
2026-07-04 23:00:00,0.308,0.389,24.9,24.3
2026-07-05 00:00:00,0.308,0.389,24.9,24.3
2026-07-05 01:00:00,0.308,0.389,25,24.3
2026-07-05 02:00:00,0.308,0.389,25.1,24.4
2026-07-05 03:00:00,0.308,0.388,25.3,24.7
2026-07-05 04:00:00,0.308,0.388,25.5,25
2026-07-05 05:00:00,0.308,0.387,25.7,25.2
2026-07-05 06:00:00,0.307,0.387,25.9,25.5
2026-07-05 07:00:00,0.307,0.386,26,25.6
2026-07-05 08:00:00,0.307,0.386,26.1,25.7
2026-07-05 09:00:00,0.308,0.386,26.1,25.7
2026-07-05 10:00:00,0.308,0.386,26.1,25.7
2026-07-05 11:00:00,0.309,0.386,26,25.5
2026-07-05 12:00:00,0.309,0.387,25.9,25.4
2026-07-05 13:00:00,0.31,0.387,25.7,25.2
2026-07-05 14:00:00,0.31,0.388,25.6,25.1
2026-07-05 15:00:00,0.31,0.388,25.5,25
2026-07-05 16:00:00,0.31,0.388,25.4,24.9
2026-07-05 17:00:00,0.31,0.388,25.4,24.8
2026-07-05 18:00:00,0.31,0.388,25.3,24.7
2026-07-05 19:00:00,0.31,0.388,25.2,24.6
2026-07-05 20:00:00,0.357,0.389,25.1,24.5
2026-07-05 21:00:00,0.361,0.389,25,24.4
2026-07-05 22:00:00,0.358,0.389,25,24.4
2026-07-05 23:00:00,0.354,0.389,25,24.4
2026-07-06 00:00:00,0.351,0.389,25,24.4
2026-07-06 01:00:00,0.35,0.389,25.2,24.6
2026-07-06 02:00:00,0.348,0.388,25.5,24.9
2026-07-06 03:00:00,0.345,0.388,25.7,25.2
2026-07-06 04:00:00,0.344,0.387,26,25.6
2026-07-06 05:00:00,0.342,0.387,26.2,25.9
2026-07-06 06:00:00,0.341,0.386,26.4,26.2
2026-07-06 07:00:00,0.34,0.386,26.6,26.4
2026-07-06 08:00:00,0.339,0.385,26.7,26.6
2026-07-06 09:00:00,0.338,0.385,26.8,26.6
2026-07-06 10:00:00,0.338,0.386,26.7,26.5
2026-07-06 11:00:00,0.338,0.386,26.7,26.3
2026-07-06 12:00:00,0.337,0.386,26.6,26.1
2026-07-06 13:00:00,0.336,0.386,26.4,25.9
2026-07-06 14:00:00,0.336,0.387,26.3,25.7
2026-07-06 15:00:00,0.333,0.387,26.1,25.5
2026-07-06 16:00:00,0.331,0.387,26,25.3
2026-07-06 17:00:00,0.332,0.387,25.9,25.2
2026-07-06 18:00:00,0.334,0.388,25.8,25.1
2026-07-06 19:00:00,0.329,0.388,25.7,25
2026-07-06 20:00:00,0.328,0.388,25.6,24.9
2026-07-06 21:00:00,0.328,0.388,25.6,24.8
2026-07-06 22:00:00,0.328,0.388,25.5,24.7
2026-07-06 23:00:00,0.329,0.388,25.6,24.8
2026-07-07 00:00:00,0.327,0.388,25.7,24.9
2026-07-07 01:00:00,0.325,0.388,26,25.2
2026-07-07 02:00:00,0.324,0.387,26.2,25.5
2026-07-07 03:00:00,0.322,0.386,26.6,26
2026-07-07 04:00:00,0.327,0.385,27,26.7
2026-07-07 05:00:00,0.33,0.384,27.3,27.2
2026-07-07 06:00:00,0.33,0.383,27.4,27.5
2026-07-07 07:00:00,0.329,0.383,27.5,27.7
2026-07-07 08:00:00,0.328,0.383,27.5,27.6
2026-07-07 09:00:00,0.327,0.383,27.4,27.4
2026-07-07 10:00:00,0.327,0.384,27.3,27.2
2026-07-07 11:00:00,0.326,0.384,27.2,26.9
2026-07-07 12:00:00,0.326,0.384,27,26.7
2026-07-07 13:00:00,0.326,0.384,26.7,26.4
2026-07-07 14:00:00,0.325,0.385,26.5,26.1
2026-07-07 15:00:00,0.325,0.385,26.3,25.9
2026-07-07 16:00:00,0.325,0.385,26.1,25.7
2026-07-07 17:00:00,0.324,0.386,26,25.5
2026-07-07 18:00:00,0.324,0.386,25.8,25.3
2026-07-07 19:00:00,0.323,0.386,25.7,25.2
2026-07-07 20:00:00,0.323,0.386,25.7,25.1
2026-07-07 21:00:00,0.322,0.387,25.6,25
2026-07-07 22:00:00,0.322,0.387,25.6,24.9
2026-07-07 23:00:00,0.321,0.387,25.6,24.9
2026-07-08 00:00:00,0.32,0.387,25.6,24.9
2026-07-08 01:00:00,0.32,0.387,25.6,24.9
2026-07-08 02:00:00,0.319,0.387,25.6,25
2026-07-08 03:00:00,0.319,0.387,25.7,25
2026-07-08 04:00:00,0.325,0.387,25.7,25
2026-07-08 05:00:00,0.35,0.388,25.7,25.1
2026-07-08 06:00:00,0.35,0.389,25.8,25.1
2026-07-08 07:00:00,0.348,0.389,25.8,25.2
2026-07-08 08:00:00,0.346,0.389,25.9,25.2
2026-07-08 09:00:00,0.345,0.389,26,25.3
2026-07-08 10:00:00,0.344,0.389,26,25.3
2026-07-08 11:00:00,0.343,0.389,26,25.3
2026-07-08 12:00:00,0.342,0.389,26,25.2
2026-07-08 13:00:00,0.342,0.39,25.9,25.2
2026-07-08 14:00:00,0.342,0.39,25.9,25.1
2026-07-08 15:00:00,0.341,0.39,25.9,25.1
2026-07-08 16:00:00,0.341,0.39,25.8,25
2026-07-08 17:00:00,0.344,0.39,25.8,25
2026-07-08 18:00:00,0.375,0.39,25.7,25
2026-07-08 19:00:00,0.374,0.39,25.7,24.9
2026-07-08 20:00:00,0.366,0.391,25.6,24.9
2026-07-08 21:00:00,0.361,0.391,25.6,24.8
2026-07-08 22:00:00,0.358,0.391,25.5,24.8
2026-07-08 23:00:00,0.356,0.391,25.5,24.7
2026-07-09 00:00:00,0.355,0.391,25.5,24.7
2026-07-09 01:00:00,0.354,0.391,25.5,24.8
2026-07-09 02:00:00,0.367,0.391,25.5,24.7
2026-07-09 03:00:00,0.373,0.391,25.4,24.7
2026-07-09 04:00:00,0.373,0.391,25.3,24.6
2026-07-09 05:00:00,0.369,0.391,25.3,24.8
2026-07-09 06:00:00,0.363,0.391,25.4,25
2026-07-09 07:00:00,0.36,0.391,25.5,25.1
2026-07-09 08:00:00,0.358,0.39,25.6,25.2
2026-07-09 09:00:00,0.356,0.39,25.7,25.3
2026-07-09 10:00:00,0.355,0.39,25.8,25.3
2026-07-09 11:00:00,0.354,0.39,25.7,25.3
2026-07-09 12:00:00,0.353,0.39,25.7,25.1
2026-07-09 13:00:00,0.353,0.391,25.6,25
2026-07-09 14:00:00,0.352,0.391,25.5,24.9
2026-07-09 15:00:00,0.352,0.391,25.4,24.8
2026-07-09 16:00:00,0.351,0.391,25.3,24.7
2026-07-09 17:00:00,0.351,0.392,25.2,24.5
2026-07-09 18:00:00,0.351,0.392,25.2,24.4
2026-07-09 19:00:00,0.35,0.392,25.1,24.4
2026-07-09 20:00:00,0.35,0.392,25.1,24.3
2026-07-09 21:00:00,0.35,0.392,25,24.3
2026-07-09 22:00:00,0.35,0.392,25,24.2
2026-07-09 23:00:00,0.349,0.392,25.2,24.3
2026-07-10 00:00:00,0.349,0.392,25.3,24.4
2026-07-10 06:00:00,0.339,0.386,27.1,27.5
2026-07-10 07:00:00,0.338,0.385,27.2,27.6
2026-07-10 08:00:00,0.337,0.386,27.2,27.4
2026-07-10 09:00:00,0.337,0.386,27.1,27.2
2026-07-10 10:00:00,0.336,0.386,27,27
2026-07-10 11:00:00,0.336,0.387,26.9,26.7
2026-07-10 12:00:00,0.335,0.387,26.7,26.5
2026-07-10 13:00:00,0.335,0.387,26.6,26.2
2026-07-10 14:00:00,0.335,0.388,26.4,26
2026-07-10 15:00:00,0.334,0.388,26.3,25.8
2026-07-10 16:00:00,0.334,0.388,26.2,25.6
2026-07-10 17:00:00,0.334,0.389,26,25.4
2026-07-10 18:00:00,0.333,0.389,25.9,25.2
2026-07-10 19:00:00,0.333,0.389,25.8,25
2026-07-10 20:00:00,0.333,0.39,25.6,24.9
2026-07-10 21:00:00,0.333,0.39,25.6,24.8
2026-07-10 22:00:00,0.332,0.39,25.5,24.7
2026-07-10 23:00:00,0.331,0.39,25.7,24.7
2026-07-11 00:00:00,0.33,0.39,26,24.9
2026-07-11 01:00:00,0.327,0.389,26.3,25.2
2026-07-11 02:00:00,0.325,0.388,26.7,25.8
2026-07-11 03:00:00,0.322,0.387,27.1,26.4
2026-07-11 04:00:00,0.319,0.385,27.3,27.2
2026-07-11 05:00:00,0.315,0.383,27.6,27.9
2026-07-11 06:00:00,0.312,0.382,27.7,28.4
2026-07-11 07:00:00,0.31,0.381,27.7,28.4
2026-07-11 08:00:00,0.308,0.381,27.6,28.2
2026-07-11 09:00:00,0.307,0.382,27.4,27.8
2026-07-11 10:00:00,0.307,0.382,27.3,27.5
2026-07-11 11:00:00,0.306,0.383,27.1,27.2
2026-07-11 12:00:00,0.306,0.383,27,26.9
2026-07-11 13:00:00,0.305,0.384,26.9,26.7
2026-07-11 14:00:00,0.305,0.384,26.8,26.4
2026-07-11 15:00:00,0.305,0.384,26.7,26.2
2026-07-11 16:00:00,0.304,0.385,26.6,26
2026-07-11 17:00:00,0.304,0.385,26.4,25.8
2026-07-11 18:00:00,0.304,0.385,26.3,25.7
2026-07-11 19:00:00,0.304,0.385,26.2,25.6
2026-07-11 20:00:00,0.303,0.386,26.1,25.4
2026-07-11 21:00:00,0.303,0.386,26.1,25.4
2026-07-11 22:00:00,0.302,0.386,26.2,25.4
2026-07-11 23:00:00,0.301,0.386,26.2,25.4
2026-07-12 00:00:00,0.301,0.386,26.3,25.5
2026-07-12 01:00:00,0.299,0.385,26.4,25.6
2026-07-12 02:00:00,0.297,0.385,26.7,25.9
2026-07-12 03:00:00,0.295,0.384,27.1,26.4
2026-07-12 04:00:00,0.292,0.383,27.5,27.1
2026-07-12 05:00:00,0.29,0.381,27.7,27.8
2026-07-12 06:00:00,0.288,0.38,27.9,28.2
2026-07-12 07:00:00,0.287,0.38,27.9,28.1
2026-07-12 08:00:00,0.285,0.38,27.9,28
2026-07-12 09:00:00,0.285,0.38,27.9,27.7
2026-07-12 10:00:00,0.284,0.381,27.8,27.5
2026-07-12 11:00:00,0.284,0.381,27.6,27.2
2026-07-12 12:00:00,0.284,0.382,27.5,27
2026-07-12 13:00:00,0.284,0.382,27.4,26.8
2026-07-12 14:00:00,0.284,0.382,27.3,26.6
2026-07-12 15:00:00,0.283,0.383,27.2,26.4
2026-07-12 16:00:00,0.283,0.383,27.1,26.3
2026-07-12 17:00:00,0.283,0.383,27.1,26.2
2026-07-12 18:00:00,0.283,0.383,27,26.1
2026-07-12 19:00:00,0.283,0.383,27,26
2026-07-12 20:00:00,0.283,0.384,26.9,26
2026-07-12 21:00:00,0.283,0.384,26.9,25.9
2026-07-12 22:00:00,0.283,0.384,26.8,25.8
2026-07-12 23:00:00,0.282,0.384,26.9,25.8
2026-07-13 00:00:00,0.281,0.384,27,26
2026-07-13 01:00:00,0.28,0.383,27.2,26.2
2026-07-13 02:00:00,0.278,0.383,27.4,26.4
2026-07-13 03:00:00,0.276,0.382,27.7,26.9
2026-07-13 04:00:00,0.274,0.381,28.1,27.4
2026-07-13 05:00:00,0.273,0.38,28.3,27.9
2026-07-13 06:00:00,0.271,0.379,28.4,28.3
2026-07-13 07:00:00,0.27,0.378,28.4,28.3
2026-07-13 08:00:00,0.269,0.378,28.3,28.1
2026-07-13 09:00:00,0.269,0.378,28.2,27.8
2026-07-13 10:00:00,0.269,0.379,28,27.5
2026-07-13 11:00:00,0.269,0.379,27.9,27.3
2026-07-13 12:00:00,0.268,0.38,27.7,27
2026-07-13 13:00:00,0.268,0.38,27.6,26.8
2026-07-13 14:00:00,0.268,0.38,27.5,26.7
2026-07-13 15:00:00,0.268,0.381,27.4,26.5
2026-07-13 16:00:00,0.268,0.381,27.4,26.4
2026-07-13 17:00:00,0.268,0.381,27.3,26.3
2026-07-13 18:00:00,0.267,0.381,27.2,26.2
2026-07-13 19:00:00,0.267,0.382,27.2,26.1
2026-07-13 20:00:00,0.267,0.382,27.1,26.1
2026-07-13 21:00:00,0.267,0.382,27.1,26
2026-07-13 22:00:00,0.267,0.382,27,25.9
2026-07-13 23:00:00,0.267,0.382,27,25.9
2026-07-14 00:00:00,0.267,0.382,27,25.9
2026-07-14 01:00:00,0.266,0.382,27.1,26
2026-07-14 02:00:00,0.266,0.382,27.2,26.1
2026-07-14 03:00:00,0.265,0.382,27.3,26.4
2026-07-14 04:00:00,0.264,0.381,27.5,26.7
2026-07-14 05:00:00,0.263,0.381,27.6,26.8
2026-07-14 06:00:00,0.262,0.38,27.6,26.9
2026-07-14 07:00:00,0.261,0.38,27.6,26.9
2026-07-14 08:00:00,0.261,0.38,27.7,26.9
2026-07-14 09:00:00,0.261,0.38,27.6,26.9
2026-07-14 10:00:00,0.261,0.381,27.5,26.7
2026-07-14 11:00:00,0.261,0.381,27.4,26.6
2026-07-14 12:00:00,0.26,0.381,27.3,26.5
2026-07-14 13:00:00,0.26,0.381,27.3,26.3
2026-07-14 14:00:00,0.26,0.381,27.2,26.2
2026-07-14 15:00:00,0.26,0.381,27.1,26.1
2026-07-14 16:00:00,0.26,0.382,27.1,26.1
2026-07-14 17:00:00,0.26,0.382,27,26
2026-07-14 18:00:00,0.26,0.382,27,25.9
2026-07-14 19:00:00,0.26,0.382,27,25.8
2026-07-14 20:00:00,0.26,0.382,26.9,25.8
2026-07-14 21:00:00,0.26,0.382,26.9,25.8
2026-07-14 22:00:00,0.26,0.382,26.9,25.7
2026-07-14 23:00:00,0.26,0.382,26.9,25.7
2026-07-15 00:00:00,0.26,0.382,26.9,25.8
2026-07-15 01:00:00,0.26,0.382,27,25.9
2026-07-15 02:00:00,0.259,0.382,27.2,26.1
2026-07-15 03:00:00,0.258,0.381,27.6,26.5
2026-07-15 04:00:00,0.257,0.38,28.3,27.3
2026-07-15 05:00:00,0.256,0.378,28.9,28.2
2026-07-15 06:00:00,0.254,0.377,29.4,28.9
2026-07-15 07:00:00,0.254,0.376,29.6,29.1
2026-07-15 08:00:00,0.253,0.376,29.6,29
2026-07-15 09:00:00,0.253,0.376,29.5,28.6
2026-07-15 10:00:00,0.253,0.376,29.4,28.3
2026-07-15 11:00:00,0.253,0.376,29.1,27.9
2026-07-15 12:00:00,0.254,0.377,28.8,27.5
2026-07-15 13:00:00,0.254,0.378,28.5,27.2
2026-07-15 14:00:00,0.254,0.378,28.2,26.9
2026-07-15 15:00:00,0.254,0.378,27.9,26.6
2026-07-15 16:00:00,0.254,0.379,27.6,26.3
2026-07-15 17:00:00,0.254,0.379,27.4,26.1
2026-07-15 18:00:00,0.254,0.379,27.2,25.9
2026-07-15 19:00:00,0.254,0.379,27,25.7
2026-07-15 20:00:00,0.254,0.38,26.8,25.5
2026-07-15 21:00:00,0.254,0.38,26.7,25.4
2026-07-15 22:00:00,0.254,0.38,26.6,25.3
2026-07-15 23:00:00,0.254,0.38,26.6,25.3
2026-07-16 00:00:00,0.254,0.38,26.8,25.4
2026-07-16 01:00:00,0.254,0.38,27,25.7
2026-07-16 02:00:00,0.254,0.379,27.2,25.9
2026-07-16 03:00:00,0.253,0.379,27.4,26.1
2026-07-16 04:00:00,0.253,0.379,27.6,26.3
2026-07-16 05:00:00,0.252,0.378,27.8,26.5
2026-07-16 06:00:00,0.252,0.378,28,26.7
2026-07-16 07:00:00,0.252,0.378,28,26.7
2026-07-16 08:00:00,0.252,0.378,28.1,26.8
2026-07-16 09:00:00,0.252,0.378,28.1,26.8
2026-07-16 10:00:00,0.252,0.378,28.1,26.8
2026-07-16 11:00:00,0.252,0.378,28.1,26.7
2026-07-16 12:00:00,0.252,0.378,28,26.6
2026-07-16 13:00:00,0.252,0.378,27.8,26.4
2026-07-16 14:00:00,0.252,0.378,27.7,26.3
2026-07-16 15:00:00,0.252,0.378,27.5,26.1
2026-07-16 16:00:00,0.252,0.379,27.4,26
2026-07-16 17:00:00,0.252,0.379,27.3,25.9
2026-07-16 18:00:00,0.252,0.379,27.2,25.8
2026-07-16 19:00:00,0.252,0.379,27.1,25.7
2026-07-16 20:00:00,0.252,0.379,27,25.7
2026-07-16 21:00:00,0.252,0.379,27,25.6
2026-07-16 22:00:00,0.252,0.379,26.9,25.6
2026-07-16 23:00:00,0.252,0.379,27,25.6
2026-07-17 00:00:00,0.252,0.379,27.1,25.8
2026-07-17 01:00:00,0.252,0.385,27.2,25.9
2026-07-17 02:00:00,0.252,0.385,27.3,26
2026-07-17 03:00:00,0.252,0.385,27.6,26.4
2026-07-17 04:00:00,0.252,0.385,27.9,26.7
2026-07-17 05:00:00,0.252,0.385,28.1,26.9
2026-07-17 06:00:00,0.252,0.384,28.3,27.2
2026-07-17 07:00:00,0.251,0.383,28.5,27.5
2026-07-17 08:00:00,0.251,0.382,28.6,27.7
2026-07-17 09:00:00,0.252,0.382,28.7,27.7
2026-07-17 10:00:00,0.252,0.382,28.7,27.7
2026-07-17 11:00:00,0.252,0.382,28.6,27.5
2026-07-17 12:00:00,0.252,0.382,28.5,27.4
2026-07-17 13:00:00,0.252,0.382,28.3,27.2
2026-07-17 14:00:00,0.252,0.382,28.2,27.1
2026-07-17 15:00:00,0.252,0.382,28.1,26.9
2026-07-17 16:00:00,0.252,0.382,27.9,26.8
2026-07-17 17:00:00,0.253,0.383,27.8,26.7
2026-07-17 18:00:00,0.253,0.383,27.7,26.5
2026-07-17 19:00:00,0.253,0.383,27.5,26.4
2026-07-17 20:00:00,0.253,0.383,27.4,26.3
2026-07-17 21:00:00,0.253,0.383,27.3,26.2
2026-07-17 22:00:00,0.253,0.383,27.2,26.1
2026-07-17 23:00:00,0.253,0.383,27.2,26.1
2026-07-18 00:00:00,0.253,0.383,27.2,26.2
2026-07-18 01:00:00,0.253,0.382,27.4,26.3
2026-07-18 02:00:00,0.253,0.382,27.5,26.5
2026-07-18 03:00:00,0.252,0.382,27.7,26.7
2026-07-18 04:00:00,0.252,0.382,27.9,26.9
2026-07-18 05:00:00,0.252,0.381,28.1,27.2
2026-07-18 06:00:00,0.252,0.381,28.4,27.5
2026-07-18 07:00:00,0.252,0.38,28.5,27.7
2026-07-18 08:00:00,0.252,0.38,28.6,27.8
2026-07-18 09:00:00,0.252,0.379,28.6,27.8
2026-07-18 10:00:00,0.252,0.38,28.5,27.7
2026-07-18 11:00:00,0.252,0.38,28.4,27.5
2026-07-18 12:00:00,0.252,0.381,28.3,27.4
2026-07-18 13:00:00,0.325,0.395,28.2,27.3
2026-07-18 14:00:00,0.357,0.401,28,27.1
2026-07-18 15:00:00,0.356,0.402,27.8,27
2026-07-18 16:00:00,0.356,0.403,27.7,26.8
2026-07-18 17:00:00,0.356,0.403,27.6,26.7
2026-07-18 18:00:00,0.356,0.404,27.6,26.6
2026-07-18 19:00:00,0.355,0.404,27.5,26.6
2026-07-18 20:00:00,0.353,0.405,27.5,26.5
2026-07-18 21:00:00,0.352,0.405,27.4,26.4
2026-07-18 22:00:00,0.351,0.405,27.3,26.3
2026-07-18 23:00:00,0.351,0.405,27.3,26.3
2026-07-19 00:00:00,0.35,0.405,27.3,26.3
2026-07-19 01:00:00,0.349,0.405,27.4,26.3
2026-07-19 02:00:00,0.348,0.405,27.6,26.5
2026-07-19 03:00:00,0.347,0.405,27.9,26.9
2026-07-19 04:00:00,0.343,0.404,28.3,27.2
2026-07-19 05:00:00,0.341,0.403,28.7,27.7
2026-07-19 06:00:00,0.339,0.402,29.1,28.3
2026-07-19 07:00:00,0.338,0.402,29.4,28.6
2026-07-19 08:00:00,0.337,0.402,29.6,28.7
2026-07-19 09:00:00,0.336,0.402,29.6,28.7
2026-07-19 10:00:00,0.335,0.402,29.5,28.5
2026-07-19 11:00:00,0.334,0.402,29.3,28.2
2026-07-19 12:00:00,0.334,0.403,29,27.9
2026-07-19 13:00:00,0.334,0.403,28.7,27.6
2026-07-19 14:00:00,0.339,0.404,28.5,27.4
2026-07-19 15:00:00,0.341,0.404,28.3,27.1
2026-07-19 16:00:00,0.341,0.404,28.1,26.9
2026-07-19 17:00:00,0.341,0.404,27.9,26.8
2026-07-19 18:00:00,0.34,0.404,27.8,26.6
2026-07-19 19:00:00,0.34,0.405,27.7,26.5
2026-07-19 20:00:00,0.339,0.405,27.5,26.4
2026-07-19 21:00:00,0.339,0.405,27.4,26.3
2026-07-19 22:00:00,0.339,0.405,27.4,26.2
2026-07-19 23:00:00,0.339,0.405,27.4,26.2
2026-07-20 00:00:00,0.34,0.405,27.5,26.3
2026-07-20 01:00:00,0.34,0.404,27.7,26.5
2026-07-20 02:00:00,0.339,0.404,27.8,26.8
2026-07-20 03:00:00,0.338,0.404,28.1,27.1
2026-07-20 04:00:00,0.337,0.403,28.3,27.3
2026-07-20 05:00:00,0.336,0.402,28.5,27.6
2026-07-20 06:00:00,0.335,0.402,28.6,27.9
2026-07-20 07:00:00,0.334,0.402,28.7,28
2026-07-20 08:00:00,0.334,0.401,28.8,28.1
2026-07-20 09:00:00,0.333,0.401,28.8,28.1
2026-07-20 10:00:00,0.333,0.402,28.7,27.9
2026-07-20 11:00:00,0.332,0.402,28.5,27.7
2026-07-20 12:00:00,0.332,0.402,28.4,27.5
2026-07-20 13:00:00,0.332,0.403,28.2,27.3
2026-07-20 14:00:00,0.331,0.403,28,27.1
2026-07-20 15:00:00,0.331,0.403,27.9,26.9
2026-07-20 16:00:00,0.331,0.403,27.7,26.8
2026-07-20 17:00:00,0.331,0.403,27.6,26.6
2026-07-20 18:00:00,0.331,0.404,27.5,26.5
2026-07-20 19:00:00,0.33,0.404,27.4,26.4
2026-07-20 20:00:00,0.33,0.404,27.3,26.3
2026-07-20 21:00:00,0.329,0.404,27.2,26.2
2026-07-20 22:00:00,0.329,0.404,27.2,26.2
2026-07-20 23:00:00,0.329,0.404,27.2,26.2
2026-07-21 00:00:00,0.329,0.403,27.2,26.2
2026-07-21 01:00:00,0.328,0.403,27.5,26.4
2026-07-21 02:00:00,0.328,0.403,27.7,26.7
2026-07-21 03:00:00,0.327,0.402,28,27
2026-07-21 04:00:00,0.327,0.402,28.2,27.2
2026-07-21 05:00:00,0.326,0.401,28.4,27.6
2026-07-21 06:00:00,0.325,0.399,28.7,28.2
2026-07-21 07:00:00,0.324,0.399,28.9,28.5
2026-07-21 08:00:00,0.323,0.399,28.9,28.5
2026-07-21 09:00:00,0.323,0.399,28.9,28.3
2026-07-21 10:00:00,0.322,0.399,28.7,28.1
2026-07-21 11:00:00,0.322,0.399,28.6,27.9
2026-07-21 12:00:00,0.322,0.399,28.5,27.7
2026-07-21 13:00:00,0.322,0.4,28.4,27.5
2026-07-21 14:00:00,0.321,0.4,28.2,27.4
2026-07-21 15:00:00,0.321,0.4,28.2,27.2
2026-07-21 16:00:00,0.321,0.4,28.1,27.1
2026-07-21 17:00:00,0.321,0.4,28,27
2026-07-21 18:00:00,0.321,0.4,27.9,26.9
2026-07-21 19:00:00,0.32,0.4,27.9,26.8
2026-07-21 20:00:00,0.32,0.394,27.8,26.8
2026-07-21 21:00:00,0.32,0.391,27.7,26.7
2026-07-21 22:00:00,0.319,0.391,27.7,26.6
2026-07-21 23:00:00,0.319,0.391,27.7,26.6
2026-07-22 00:00:00,0.319,0.391,27.9,26.7
2026-07-22 01:00:00,0.318,0.39,28.3,26.9
2026-07-22 02:00:00,0.318,0.39,28.7,27.2
2026-07-22 03:00:00,0.317,0.388,29.1,27.6
2026-07-22 04:00:00,0.316,0.387,29.4,28
2026-07-22 05:00:00,0.315,0.386,29.6,28.3
2026-07-22 06:00:00,0.315,0.386,29.6,28.6
2026-07-22 07:00:00,0.315,0.385,29.6,28.7
2026-07-22 08:00:00,0.314,0.384,29.6,28.7
2026-07-22 09:00:00,0.314,0.384,29.5,28.6
2026-07-22 10:00:00,0.313,0.384,29.3,28.3
2026-07-22 11:00:00,0.313,0.385,29.1,28.1
2026-07-22 12:00:00,0.313,0.385,28.9,27.9
2026-07-22 13:00:00,0.313,0.385,28.7,27.6
2026-07-22 14:00:00,0.312,0.386,28.5,27.4
2026-07-22 15:00:00,0.312,0.386,28.4,27.3
2026-07-22 16:00:00,0.312,0.386,28.3,27.1
2026-07-22 17:00:00,0.311,0.387,28.2,27
2026-07-22 18:00:00,0.31,0.387,28.1,26.9
2026-07-22 19:00:00,0.31,0.387,28,26.8
2026-07-22 20:00:00,0.31,0.387,27.9,26.8
2026-07-22 21:00:00,0.309,0.387,27.8,26.7
2026-07-22 22:00:00,0.309,0.387,27.8,26.6
2026-07-22 23:00:00,0.309,0.387,27.8,26.6
2026-07-23 00:00:00,0.309,0.387,27.9,26.7
2026-07-23 01:00:00,0.309,0.386,28.4,26.9
2026-07-23 02:00:00,0.308,0.385,29,27.4
2026-07-23 03:00:00,0.307,0.384,29.5,27.8
2026-07-23 04:00:00,0.307,0.383,29.8,28.2
2026-07-23 05:00:00,0.307,0.382,30.1,28.6
2026-07-23 06:00:00,0.306,0.381,30.3,29.1
2026-07-23 07:00:00,0.306,0.381,30.3,29.2
2026-07-23 08:00:00,0.305,0.38,30.3,29.1
2026-07-23 09:00:00,0.305,0.38,30.3,29
2026-07-23 10:00:00,0.304,0.381,30.2,28.8
2026-07-23 11:00:00,0.304,0.381,29.9,28.6
2026-07-23 12:00:00,0.303,0.382,29.7,28.3
2026-07-23 13:00:00,0.304,0.383,29.4,28
2026-07-23 14:00:00,0.303,0.384,29.2,27.8
2026-07-23 15:00:00,0.303,0.386,28.9,27.6
2026-07-23 16:00:00,0.302,0.389,28.7,27.3
2026-07-23 17:00:00,0.302,0.397,28.5,27.1
2026-07-23 18:00:00,0.301,0.399,28.3,26.9
2026-07-23 19:00:00,0.301,0.4,28.1,26.7
2026-07-23 20:00:00,0.301,0.401,27.9,26.6
2026-07-23 21:00:00,0.301,0.401,27.7,26.4
2026-07-23 22:00:00,0.301,0.402,27.6,26.3
2026-07-23 23:00:00,0.301,0.402,27.7,26.2
2026-07-24 00:00:00,0.301,0.402,28,26.3
2026-07-24 01:00:00,0.301,0.402,28.6,26.6
2026-07-24 02:00:00,0.301,0.402,29.4,27
2026-07-24 03:00:00,0.3,0.401,30.2,27.5
2026-07-24 04:00:00,0.299,0.4,30.9,28.1
2026-07-24 05:00:00,0.299,0.4,31.4,28.7
2026-07-24 06:00:00,0.298,0.399,31.6,29.2
2026-07-24 07:00:00,0.298,0.399,31.7,29.4
2026-07-24 08:00:00,0.298,0.399,31.6,29.4
2026-07-24 09:00:00,0.298,0.399,31.3,29.2
2026-07-24 10:00:00,0.298,0.4,31,28.9
2026-07-24 11:00:00,0.298,0.4,30.7,28.6
2026-07-24 12:00:00,0.298,0.4,30.4,28.3
2026-07-24 13:00:00,0.298,0.401,30.1,28.1
2026-07-24 14:00:00,0.298,0.401,29.8,27.8
2026-07-24 15:00:00,0.297,0.402,29.5,27.6
2026-07-24 16:00:00,0.297,0.402,29.3,27.4
2026-07-24 17:00:00,0.297,0.402,29.1,27.2
2026-07-24 18:00:00,0.297,0.403,28.9,27.1
2026-07-24 19:00:00,0.297,0.403,28.7,26.9
2026-07-24 20:00:00,0.297,0.403,28.5,26.8
2026-07-24 21:00:00,0.297,0.403,28.4,26.6
2026-07-24 22:00:00,0.297,0.403,28.3,26.5
2026-07-24 23:00:00,0.297,0.403,28.4,26.5
2026-07-25 00:00:00,0.296,0.403,28.8,26.6
2026-07-25 01:00:00,0.296,0.403,29.4,26.8
2026-07-25 02:00:00,0.295,0.402,30.3,27.2
2026-07-25 03:00:00,0.294,0.401,31.2,27.7
2026-07-25 04:00:00,0.293,0.4,32.1,28.3
2026-07-25 05:00:00,0.293,0.399,32.7,28.9
2026-07-25 06:00:00,0.292,0.398,33.2,29.6
2026-07-25 07:00:00,0.292,0.398,33.4,30
2026-07-25 08:00:00,0.292,0.398,33.4,30
2026-07-25 09:00:00,0.292,0.398,33.2,29.8
2026-07-25 10:00:00,0.292,0.398,33,29.6
2026-07-25 11:00:00,0.292,0.399,32.6,29.3
2026-07-25 12:00:00,0.292,0.399,32.3,29.1
2026-07-25 13:00:00,0.292,0.399,31.9,28.8
2026-07-25 14:00:00,0.292,0.4,31.5,28.5
2026-07-25 15:00:00,0.292,0.401,31.1,28.3
2026-07-25 16:00:00,0.292,0.401,30.8,28.1
2026-07-25 17:00:00,0.292,0.402,30.5,27.9
2026-07-25 18:00:00,0.292,0.402,30.2,27.7
2026-07-25 19:00:00,0.292,0.403,30,27.6
2026-07-25 20:00:00,0.292,0.403,29.8,27.4
2026-07-25 21:00:00,0.291,0.404,29.6,27.3
2026-07-25 22:00:00,0.291,0.404,29.5,27.2
2026-07-25 23:00:00,0.291,0.404,29.5,27.2
2026-07-26 00:00:00,0.291,0.403,30,27.3
2026-07-26 01:00:00,0.29,0.403,30.6,27.5
2026-07-26 02:00:00,0.29,0.402,31.4,27.7
2026-07-26 03:00:00,0.289,0.402,32.3,28.2
2026-07-26 04:00:00,0.288,0.401,33.2,28.7
2026-07-26 05:00:00,0.288,0.4,33.8,29.3
2026-07-26 06:00:00,0.287,0.399,34.3,30
2026-07-26 07:00:00,0.287,0.398,34.5,30.4
2026-07-26 08:00:00,0.287,0.398,34.4,30.4
2026-07-26 09:00:00,0.287,0.399,34.1,30.1
2026-07-26 10:00:00,0.287,0.399,33.7,29.9
2026-07-26 11:00:00,0.287,0.399,33.3,29.6
2026-07-26 12:00:00,0.287,0.4,32.8,29.3
2026-07-26 13:00:00,0.287,0.4,32.4,28.9
2026-07-26 14:00:00,0.287,0.401,31.9,28.7
2026-07-26 15:00:00,0.287,0.401,31.5,28.4
2026-07-26 16:00:00,0.287,0.401,31.2,28.2
2026-07-26 17:00:00,0.287,0.401,30.8,27.9
2026-07-26 18:00:00,0.287,0.402,30.6,27.8
2026-07-26 19:00:00,0.287,0.402,30.3,27.6
2026-07-26 20:00:00,0.286,0.403,30.1,27.4
2026-07-26 21:00:00,0.286,0.403,29.9,27.3
2026-07-26 22:00:00,0.286,0.403,29.8,27.2
2026-07-26 23:00:00,0.286,0.403,29.9,27.2
2026-07-27 00:00:00,0.286,0.403,30.3,27.3
2026-07-27 01:00:00,0.285,0.402,30.9,27.5
2026-07-27 02:00:00,0.285,0.401,31.7,27.9
2026-07-27 03:00:00,0.284,0.4,32.8,28.4
2026-07-27 04:00:00,0.283,0.4,33.7,29
2026-07-27 05:00:00,0.283,0.399,34.4,29.6
2026-07-27 06:00:00,0.282,0.398,34.7,30.2
2026-07-27 07:00:00,0.282,0.397,34.9,30.5
2026-07-27 08:00:00,0.282,0.397,34.9,30.5
2026-07-27 09:00:00,0.282,0.398,34.6,30.3
2026-07-27 10:00:00,0.282,0.398,34.2,30
2026-07-27 11:00:00,0.282,0.398,33.7,29.7
2026-07-27 12:00:00,0.282,0.399,33.2,29.3
2026-07-27 13:00:00,0.282,0.399,32.7,29
2026-07-27 14:00:00,0.281,0.399,32.2,28.7
2026-07-27 15:00:00,0.281,0.4,31.8,28.4
2026-07-27 16:00:00,0.281,0.4,31.4,28.1
2026-07-27 17:00:00,0.281,0.4,31.1,27.9
2026-07-27 18:00:00,0.281,0.4,30.8,27.8
2026-07-27 19:00:00,0.281,0.401,30.6,27.6
2026-07-27 20:00:00,0.281,0.401,30.4,27.5
2026-07-27 21:00:00,0.281,0.401,30.3,27.4
2026-07-27 22:00:00,0.281,0.402,30.1,27.3
2026-07-27 23:00:00,0.281,0.402,30.2,27.3
2026-07-28 00:00:00,0.281,0.401,30.5,27.4
2026-07-28 01:00:00,0.28,0.401,31.2,27.6
2026-07-28 02:00:00,0.28,0.4,32.3,27.9
2026-07-28 03:00:00,0.279,0.399,33.6,28.4
2026-07-28 04:00:00,0.278,0.398,34.6,29
2026-07-28 05:00:00,0.277,0.397,35.3,29.8
2026-07-28 06:00:00,0.277,0.396,35.7,30.5
2026-07-28 07:00:00,0.277,0.395,35.8,30.8
2026-07-28 08:00:00,0.277,0.396,35.5,30.7
2026-07-28 09:00:00,0.277,0.396,35.1,30.4
2026-07-28 10:00:00,0.277,0.396,34.7,30.1
2026-07-28 11:00:00,0.277,0.397,34.2,29.7
2026-07-28 12:00:00,0.277,0.397,33.7,29.4
2026-07-28 13:00:00,0.277,0.397,33.2,29.1
2026-07-28 14:00:00,0.276,0.398,32.8,28.9
2026-07-28 15:00:00,0.276,0.398,32.4,28.6
2026-07-28 16:00:00,0.276,0.398,32,28.4
2026-07-28 17:00:00,0.276,0.399,31.7,28.1
2026-07-28 18:00:00,0.276,0.399,31.3,27.9
2026-07-28 19:00:00,0.276,0.399,31,27.7
2026-07-28 20:00:00,0.276,0.399,30.8,27.6
2026-07-28 21:00:00,0.276,0.4,30.5,27.4
2026-07-28 22:00:00,0.276,0.4,30.3,27.3
2026-07-28 23:00:00,0.276,0.4,30.3,27.2
2026-07-29 00:00:00,0.276,0.4,30.4,27.3
2026-07-29 01:00:00,0.276,0.399,31,27.5
2026-07-29 02:00:00,0.275,0.398,31.9,27.8
2026-07-29 03:00:00,0.275,0.398,33.2,28.4
2026-07-29 04:00:00,0.274,0.397,34.3,28.9
2026-07-29 05:00:00,0.273,0.396,35.1,29.6
2026-07-29 06:00:00,0.273,0.394,35.5,30.3
2026-07-29 07:00:00,0.272,0.394,35.6,30.6
2026-07-29 08:00:00,0.272,0.394,35.4,30.5
2026-07-29 09:00:00,0.272,0.394,35,30.2
2026-07-29 10:00:00,0.272,0.395,34.5,29.8
2026-07-29 11:00:00,0.272,0.395,34,29.5
2026-07-29 12:00:00,0.272,0.396,33.5,29.2
2026-07-29 13:00:00,0.272,0.396,33,28.9
2026-07-29 14:00:00,0.272,0.396,32.5,28.6
2026-07-29 15:00:00,0.272,0.397,32.1,28.3
2026-07-29 16:00:00,0.272,0.397,31.7,28.1
2026-07-29 17:00:00,0.272,0.397,31.4,27.8
2026-07-29 18:00:00,0.272,0.398,31.1,27.6
2026-07-29 19:00:00,0.272,0.398,30.8,27.4
2026-07-29 20:00:00,0.272,0.399,30.5,27.3
2026-07-29 21:00:00,0.272,0.399,30.3,27.2
2026-07-29 22:00:00,0.273,0.399,30.1,27
2026-07-29 23:00:00,0.272,0.399,30.2,26.9
2026-07-30 00:00:00,0.272,0.399,30.9,27
2026-07-30 01:00:00,0.272,0.399,31.8,27.2
2026-07-30 02:00:00,0.271,0.398,32.6,27.5
2026-07-30 03:00:00,0.27,0.397,33.7,28.1
2026-07-30 04:00:00,0.27,0.395,34.9,28.7
2026-07-30 05:00:00,0.269,0.394,35.6,29.5
2026-07-30 06:00:00,0.269,0.393,36,30.2
2026-07-30 07:00:00,0.268,0.392,36.1,30.6
2026-07-30 08:00:00,0.268,0.392,35.9,30.4
2026-07-30 09:00:00,0.268,0.393,35.4,30.1
2026-07-30 10:00:00,0.268,0.393,34.9,29.8
2026-07-30 11:00:00,0.268,0.394,34.4,29.5
2026-07-30 12:00:00,0.268,0.394,33.8,29.1
2026-07-30 13:00:00,0.268,0.395,33.3,28.8
2026-07-30 14:00:00,0.268,0.395,32.8,28.5
2026-07-30 15:00:00,0.268,0.395,32.3,28.2
2026-07-30 16:00:00,0.268,0.396,31.9,27.9
2026-07-30 17:00:00,0.268,0.396,31.5,27.7
2026-07-30 18:00:00,0.268,0.397,31.2,27.5
2026-07-30 19:00:00,0.268,0.397,30.9,27.3
2026-07-30 20:00:00,0.268,0.397,30.6,27.1
2026-07-30 21:00:00,0.269,0.398,30.4,27
2026-07-30 22:00:00,0.269,0.398,30.3,26.9
2026-07-30 23:00:00,0.269,0.398,30.3,27
2026-07-31 00:00:00,0.268,0.397,30.6,27.1
2026-07-31 01:00:00,0.268,0.397,31.6,27.3
2026-07-31 02:00:00,0.267,0.396,32.9,27.7
2026-07-31 03:00:00,0.266,0.395,34.2,28.3
2026-07-31 04:00:00,0.266,0.394,35.3,28.8
2026-07-31 05:00:00,0.265,0.392,36.1,29.6
2026-07-31 06:00:00,0.265,0.391,36.6,30.3
2026-07-31 07:00:00,0.264,0.387,36.7,30.7
2026-07-31 08:00:00,0.264,0.387,36.5,30.7
2026-07-31 09:00:00,0.264,0.388,36.1,30.4
2026-07-31 10:00:00,0.264,0.389,35.6,30.1
2026-07-31 11:00:00,0.264,0.389,35,29.8
2026-07-31 12:00:00,0.264,0.39,34.5,29.4
2026-07-31 13:00:00,0.264,0.391,33.9,29.1
2026-07-31 14:00:00,0.264,0.393,33.5,28.9
2026-07-31 15:00:00,0.264,0.394,33,28.6
2026-07-31 16:00:00,0.265,0.394,32.6,28.4
2026-07-31 17:00:00,0.265,0.395,32.3,28.1
2026-07-31 18:00:00,0.265,0.395,31.9,27.9
2026-07-31 19:00:00,0.265,0.396,31.6,27.7
2026-07-31 20:00:00,0.265,0.396,31.3,27.6
2026-07-31 21:00:00,0.265,0.397,31,27.4
2026-07-31 22:00:00,0.265,0.397,30.9,27.3
2026-07-31 23:00:00,0.265,0.397,30.9,27.3
2026-08-01 00:00:00,0.265,0.396,31.3,27.4
2026-08-01 01:00:00,0.264,0.396,32.2,27.6
2026-08-01 02:00:00,0.264,0.395,33.4,28
2026-08-01 03:00:00,0.263,0.394,34.6,28.4
2026-08-01 04:00:00,0.262,0.393,35.7,29
2026-08-01 05:00:00,0.262,0.392,36.5,29.6
2026-08-01 06:00:00,0.261,0.391,37,30.4
2026-08-01 07:00:00,0.261,0.39,37.1,30.8
2026-08-01 08:00:00,0.261,0.39,36.9,30.7
2026-08-01 09:00:00,0.261,0.39,36.5,30.5
2026-08-01 10:00:00,0.261,0.391,35.9,30.2
2026-08-01 11:00:00,0.261,0.391,35.3,29.9
2026-08-01 12:00:00,0.261,0.392,34.7,29.5
2026-08-01 13:00:00,0.261,0.392,34.1,29.2
2026-08-01 14:00:00,0.261,0.393,33.6,28.8
2026-08-01 15:00:00,0.261,0.393,33.1,28.6
2026-08-01 16:00:00,0.261,0.393,32.7,28.3
2026-08-01 17:00:00,0.261,0.394,32.3,28.1
2026-08-01 18:00:00,0.261,0.394,32,27.8
2026-08-01 19:00:00,0.261,0.394,31.6,27.6
2026-08-01 20:00:00,0.261,0.395,31.3,27.4
2026-08-01 21:00:00,0.261,0.395,31.1,27.3
2026-08-01 22:00:00,0.262,0.395,30.9,27.2
2026-08-01 23:00:00,0.262,0.395,30.9,27.2
2026-08-02 00:00:00,0.261,0.395,31.3,27.3
2026-08-02 01:00:00,0.261,0.394,32.3,27.5
2026-08-02 02:00:00,0.26,0.393,33.5,27.9
2026-08-02 03:00:00,0.26,0.392,34.8,28.4
2026-08-02 04:00:00,0.259,0.391,36,29
2026-08-02 05:00:00,0.258,0.39,36.9,29.8
2026-08-02 06:00:00,0.258,0.388,37.4,30.5
2026-08-02 07:00:00,0.257,0.388,37.5,30.9
2026-08-02 08:00:00,0.257,0.388,37.2,30.8
2026-08-02 09:00:00,0.257,0.388,36.8,30.6
2026-08-02 10:00:00,0.257,0.388,36.2,30.3
2026-08-02 11:00:00,0.257,0.389,35.7,29.9
2026-08-02 12:00:00,0.257,0.389,35.1,29.6
2026-08-02 13:00:00,0.258,0.39,34.6,29.4
2026-08-02 14:00:00,0.258,0.39,34.1,29.1
2026-08-02 15:00:00,0.258,0.39,33.6,28.8
2026-08-02 16:00:00,0.258,0.391,33.2,28.5
2026-08-02 17:00:00,0.258,0.391,32.8,28.3
2026-08-02 18:00:00,0.258,0.391,32.4,28.1
2026-08-02 19:00:00,0.258,0.392,32,27.8
2026-08-02 20:00:00,0.258,0.392,31.7,27.6
2026-08-02 21:00:00,0.258,0.393,31.3,27.4
2026-08-02 22:00:00,0.258,0.393,31.1,27.2
2026-08-02 23:00:00,0.258,0.393,31.2,27.2
2026-08-03 00:00:00,0.258,0.393,31.8,27.2
2026-08-03 01:00:00,0.258,0.392,32.8,27.4
2026-08-03 02:00:00,0.257,0.391,34,27.8
2026-08-03 03:00:00,0.257,0.39,35.2,28.4
2026-08-03 04:00:00,0.256,0.389,36.3,29
2026-08-03 05:00:00,0.255,0.388,37,29.7
2026-08-03 06:00:00,0.255,0.386,37.5,30.5
2026-08-03 07:00:00,0.254,0.386,37.7,31
2026-08-03 08:00:00,0.254,0.385,37.6,31
2026-08-03 09:00:00,0.254,0.385,37.2,30.8
2026-08-03 10:00:00,0.254,0.385,36.7,30.5
2026-08-03 11:00:00,0.254,0.385,36.2,30.2
2026-08-03 12:00:00,0.254,0.386,35.6,29.9
2026-08-03 13:00:00,0.254,0.387,35.1,29.6
2026-08-03 14:00:00,0.254,0.388,34.6,29.3
2026-08-03 15:00:00,0.255,0.388,34.2,29.1
2026-08-03 16:00:00,0.255,0.388,33.8,28.9
2026-08-03 17:00:00,0.255,0.389,33.4,28.7
2026-08-03 18:00:00,0.255,0.389,33.1,28.5
2026-08-03 19:00:00,0.255,0.39,32.8,28.3
2026-08-03 20:00:00,0.255,0.39,32.5,28.2
2026-08-03 21:00:00,0.255,0.39,32.2,28
2026-08-03 22:00:00,0.255,0.39,32,27.9
2026-08-03 23:00:00,0.255,0.391,32.1,27.9
2026-08-04 00:00:00,0.255,0.391,32.7,27.9
2026-08-04 01:00:00,0.255,0.39,33.5,28.1
2026-08-04 02:00:00,0.254,0.389,34.5,28.4
2026-08-04 03:00:00,0.254,0.387,35.3,28.8
2026-08-04 04:00:00,0.253,0.385,36,29.3
2026-08-04 05:00:00,0.253,0.384,36.6,29.8
2026-08-04 06:00:00,0.252,0.383,37.1,30.5
2026-08-04 07:00:00,0.252,0.382,37.2,30.7
2026-08-04 08:00:00,0.252,0.382,37,30.6
2026-08-04 09:00:00,0.252,0.382,36.6,30.4
2026-08-04 10:00:00,0.252,0.383,36.2,30.2
2026-08-04 11:00:00,0.252,0.383,35.7,30
2026-08-04 12:00:00,0.252,0.384,35.2,29.7
2026-08-04 13:00:00,0.252,0.384,34.7,29.5
2026-08-04 14:00:00,0.252,0.385,34.4,29.3
2026-08-04 15:00:00,0.252,0.385,34,29.1
2026-08-04 16:00:00,0.252,0.386,33.7,29
2026-08-04 17:00:00,0.252,0.386,33.5,28.9
2026-08-04 18:00:00,0.252,0.387,33.2,28.8
2026-08-04 19:00:00,0.253,0.387,33,28.6
2026-08-04 20:00:00,0.253,0.387,32.7,28.5
2026-08-04 21:00:00,0.253,0.388,32.5,28.4
2026-08-04 22:00:00,0.253,0.388,32.3,28.3
2026-08-04 23:00:00,0.253,0.388,32.3,28.3
2026-08-05 00:00:00,0.253,0.387,32.5,28.4
2026-08-05 01:00:00,0.253,0.387,32.9,28.6
2026-08-05 02:00:00,0.253,0.386,33.5,28.9
2026-08-05 03:00:00,0.252,0.385,34.1,29.2
2026-08-05 04:00:00,0.252,0.385,34.8,29.5
2026-08-05 05:00:00,0.251,0.384,35.3,30
2026-08-05 06:00:00,0.251,0.383,35.9,30.6
2026-08-05 07:00:00,0.251,0.383,36.2,30.9
2026-08-05 08:00:00,0.25,0.383,36.2,30.9
2026-08-05 09:00:00,0.25,0.384,36,30.7
2026-08-05 10:00:00,0.251,0.387,35.6,30.5
2026-08-05 11:00:00,0.251,0.388,35,30.2
2026-08-05 12:00:00,0.252,0.389,34.4,30
2026-08-05 13:00:00,0.252,0.39,33.9,29.8
2026-08-05 14:00:00,0.253,0.39,33.5,29.6
2026-08-05 15:00:00,0.253,0.391,33.2,29.4
2026-08-05 16:00:00,0.254,0.392,32.9,29.2
2026-08-05 17:00:00,0.254,0.392,32.6,29
2026-08-05 18:00:00,0.254,0.392,32.3,28.9
2026-08-05 19:00:00,0.255,0.393,32,28.7
2026-08-05 20:00:00,0.255,0.393,31.7,28.6
2026-08-05 21:00:00,0.255,0.393,31.5,28.4
2026-08-05 22:00:00,0.255,0.393,31.3,28.3
2026-08-05 23:00:00,0.256,0.393,31.2,28.3
2026-08-06 00:00:00,0.256,0.393,31.4,28.3
2026-08-06 01:00:00,0.255,0.393,32,28.5
2026-08-06 02:00:00,0.255,0.392,32.5,28.7
