time,sm_field_10cm,temp_field_10cm
2025-10-31 06:00:00,0.329,19.4
2025-10-31 07:00:00,0.332,13.3
2025-10-31 08:00:00,0.334,12
2025-10-31 09:00:00,0.335,11.8
2025-10-31 10:00:00,0.335,11.6
2025-10-31 11:00:00,0.336,11.6
2025-10-31 12:00:00,0.336,11.6
2025-10-31 13:00:00,0.336,11.6
2025-10-31 14:00:00,0.336,11.6
2025-10-31 15:00:00,0.336,11.6
2025-10-31 16:00:00,0.337,11.7
2025-10-31 17:00:00,0.338,11.7
2025-10-31 18:00:00,0.356,11.7
2025-10-31 19:00:00,0.388,11.8
2025-10-31 20:00:00,0.386,11.7
2025-10-31 21:00:00,0.386,11.6
2025-10-31 22:00:00,0.386,11.4
2025-10-31 23:00:00,0.386,11.2
2025-11-01 00:00:00,0.386,11.2
2025-11-01 01:00:00,0.386,11.4
2025-11-01 02:00:00,0.385,11.7
2025-11-01 03:00:00,0.384,11.8
2025-11-01 04:00:00,0.383,11.9
2025-11-01 05:00:00,0.383,12.1
2025-11-01 06:00:00,0.382,12.3
2025-11-01 07:00:00,0.381,12.5
2025-11-01 08:00:00,0.381,12.5
2025-11-01 09:00:00,0.38,12.5
2025-11-01 10:00:00,0.38,12.3
2025-11-01 11:00:00,0.379,12.1
2025-11-01 12:00:00,0.378,11.9
2025-11-01 13:00:00,0.377,11.7
2025-11-01 14:00:00,0.377,11.5
2025-11-01 15:00:00,0.377,11.3
2025-11-01 16:00:00,0.376,11.1
2025-11-01 17:00:00,0.376,10.9
2025-11-01 18:00:00,0.375,10.8
2025-11-01 19:00:00,0.375,10.7
2025-11-01 20:00:00,0.375,10.8
2025-11-01 21:00:00,0.376,10.9
2025-11-01 22:00:00,0.376,10.8
2025-11-01 23:00:00,0.377,10.6
2025-11-02 00:00:00,0.377,10.6
2025-11-02 01:00:00,0.378,10.7
2025-11-02 02:00:00,0.378,11
2025-11-02 03:00:00,0.378,11.3
2025-11-02 04:00:00,0.378,11.4
2025-11-02 05:00:00,0.377,11.5
2025-11-02 06:00:00,0.377,11.4
2025-11-02 07:00:00,0.376,11.2
2025-11-02 08:00:00,0.376,11
2025-11-02 09:00:00,0.375,10.8
2025-11-02 10:00:00,0.374,10.5
2025-11-02 11:00:00,0.374,10.4
2025-11-02 12:00:00,0.373,10.2
2025-11-02 13:00:00,0.373,10.1
2025-11-02 14:00:00,0.372,10
2025-11-02 15:00:00,0.372,9.8
2025-11-02 16:00:00,0.371,9.7
2025-11-02 17:00:00,0.371,9.5
2025-11-02 18:00:00,0.371,9.3
2025-11-02 19:00:00,0.37,9
2025-11-02 20:00:00,0.37,8.7
2025-11-02 21:00:00,0.369,8.4
2025-11-02 22:00:00,0.369,8.1
2025-11-02 23:00:00,0.368,7.9
2025-11-03 00:00:00,0.368,7.8
2025-11-03 01:00:00,0.368,7.7
2025-11-03 02:00:00,0.368,7.7
2025-11-03 03:00:00,0.367,7.8
2025-11-03 04:00:00,0.367,8
2025-11-03 05:00:00,0.367,8.2
2025-11-03 06:00:00,0.367,8.4
2025-11-03 07:00:00,0.367,8.5
2025-11-03 08:00:00,0.366,8.5
2025-11-03 09:00:00,0.366,8.5
2025-11-03 10:00:00,0.366,8.4
2025-11-03 11:00:00,0.365,8.3
2025-11-03 12:00:00,0.365,8.2
2025-11-03 13:00:00,0.365,8
2025-11-03 14:00:00,0.364,8
2025-11-03 15:00:00,0.364,8
2025-11-03 16:00:00,0.364,8.1
2025-11-03 17:00:00,0.364,8.2
2025-11-03 18:00:00,0.364,8.2
2025-11-03 19:00:00,0.364,8.1
2025-11-03 20:00:00,0.363,8.1
2025-11-03 21:00:00,0.363,8.2
2025-11-03 22:00:00,0.363,8.1
2025-11-03 23:00:00,0.363,8.2
2025-11-04 00:00:00,0.363,8.3
2025-11-04 01:00:00,0.363,8.5
2025-11-04 02:00:00,0.362,9
2025-11-04 03:00:00,0.362,9.5
2025-11-04 04:00:00,0.362,9.9
2025-11-04 05:00:00,0.362,10.2
2025-11-04 06:00:00,0.362,10.5
2025-11-04 07:00:00,0.361,10.6
2025-11-04 08:00:00,0.361,10.7
2025-11-04 09:00:00,0.361,10.6
2025-11-04 10:00:00,0.361,10.4
2025-11-04 11:00:00,0.361,10.2
2025-11-04 12:00:00,0.361,10
2025-11-04 13:00:00,0.36,9.8
2025-11-04 14:00:00,0.36,9.6
2025-11-04 15:00:00,0.36,9.4
2025-11-04 16:00:00,0.36,9.3
2025-11-04 17:00:00,0.36,9.1
2025-11-04 18:00:00,0.36,9
2025-11-04 19:00:00,0.36,8.9
2025-11-04 20:00:00,0.36,8.8
2025-11-04 21:00:00,0.36,8.6
2025-11-04 22:00:00,0.36,8.5
2025-11-04 23:00:00,0.36,8.4
2025-11-05 00:00:00,0.359,8.5
2025-11-05 01:00:00,0.359,8.6
2025-11-05 02:00:00,0.366,8.8
2025-11-05 03:00:00,0.373,9.2
2025-11-05 04:00:00,0.373,9.5
2025-11-05 05:00:00,0.372,9.8
2025-11-05 06:00:00,0.372,10
2025-11-05 07:00:00,0.372,10.2
2025-11-05 08:00:00,0.372,10.3
2025-11-05 09:00:00,0.372,10.3
2025-11-05 10:00:00,0.372,10.2
2025-11-05 11:00:00,0.372,10.1
2025-11-05 12:00:00,0.372,9.9
2025-11-05 13:00:00,0.372,9.8
2025-11-05 14:00:00,0.372,9.6
2025-11-05 15:00:00,0.372,9.5
2025-11-05 16:00:00,0.372,9.4
2025-11-05 17:00:00,0.372,9.3
2025-11-05 18:00:00,0.372,9.1
2025-11-05 19:00:00,0.372,9
2025-11-05 20:00:00,0.372,8.8
2025-11-05 21:00:00,0.372,8.7
2025-11-05 22:00:00,0.372,8.6
2025-11-05 23:00:00,0.372,8.5
2025-11-06 00:00:00,0.372,8.5
2025-11-06 01:00:00,0.372,8.7
2025-11-06 02:00:00,0.372,8.9
2025-11-06 03:00:00,0.372,9.3
2025-11-06 04:00:00,0.372,9.6
2025-11-06 05:00:00,0.372,9.9
2025-11-06 06:00:00,0.372,10.2
2025-11-06 07:00:00,0.371,10.5
2025-11-06 08:00:00,0.371,10.7
2025-11-06 09:00:00,0.371,10.6
2025-11-06 10:00:00,0.371,10.5
2025-11-06 11:00:00,0.371,10.5
2025-11-06 12:00:00,0.371,10.4
2025-11-06 13:00:00,0.371,10.3
2025-11-06 14:00:00,0.371,10.3
2025-11-06 15:00:00,0.371,10.2
2025-11-06 16:00:00,0.371,10.1
2025-11-06 17:00:00,0.371,10
2025-11-06 18:00:00,0.371,9.9
2025-11-06 19:00:00,0.371,9.8
2025-11-06 20:00:00,0.371,9.6
2025-11-06 21:00:00,0.371,9.5
2025-11-06 22:00:00,0.371,9.3
2025-11-06 23:00:00,0.371,9.3
2025-11-07 00:00:00,0.371,9.3
2025-11-07 01:00:00,0.371,9.4
2025-11-07 02:00:00,0.371,9.6
2025-11-07 03:00:00,0.371,9.8
2025-11-07 04:00:00,0.371,10.2
2025-11-07 05:00:00,0.371,10.4
2025-11-07 06:00:00,0.371,10.7
2025-11-07 07:00:00,0.371,10.9
2025-11-07 08:00:00,0.37,11
2025-11-07 09:00:00,0.371,11
2025-11-07 10:00:00,0.371,11
2025-11-07 11:00:00,0.371,10.8
2025-11-07 12:00:00,0.371,10.7
2025-11-07 13:00:00,0.371,10.6
2025-11-07 14:00:00,0.371,10.5
2025-11-07 15:00:00,0.371,10.4
2025-11-07 16:00:00,0.371,10.3
2025-11-07 17:00:00,0.371,10.2
2025-11-07 18:00:00,0.371,10.1
2025-11-07 19:00:00,0.371,10
2025-11-07 20:00:00,0.371,9.9
2025-11-07 21:00:00,0.371,9.9
2025-11-07 22:00:00,0.371,10
2025-11-07 23:00:00,0.371,10.1
2025-11-08 00:00:00,0.371,10.4
2025-11-08 01:00:00,0.371,10.8
2025-11-08 02:00:00,0.37,11.2
2025-11-08 03:00:00,0.37,11.9
2025-11-08 04:00:00,0.37,12.4
2025-11-08 05:00:00,0.37,13
2025-11-08 06:00:00,0.37,13.3
2025-11-08 07:00:00,0.37,13.3
2025-11-08 08:00:00,0.37,13.3
2025-11-08 09:00:00,0.37,13.2
2025-11-08 10:00:00,0.37,13.1
2025-11-08 11:00:00,0.377,13
2025-11-08 12:00:00,0.389,12.9
2025-11-08 13:00:00,0.393,12.9
2025-11-08 14:00:00,0.394,12.9
2025-11-08 15:00:00,0.394,12.9
2025-11-08 16:00:00,0.395,12.8
2025-11-08 17:00:00,0.394,12.8
2025-11-08 18:00:00,0.393,12.8
2025-11-08 19:00:00,0.392,12.7
2025-11-08 20:00:00,0.392,12.7
2025-11-08 21:00:00,0.392,12.6
2025-11-08 22:00:00,0.393,12.5
2025-11-08 23:00:00,0.393,12.4
2025-11-09 00:00:00,0.393,12.4
2025-11-09 01:00:00,0.393,12.5
2025-11-09 02:00:00,0.393,12.7
2025-11-09 03:00:00,0.393,13
2025-11-09 04:00:00,0.393,13.2
2025-11-09 05:00:00,0.393,13.3
2025-11-09 06:00:00,0.393,13.2
2025-11-09 07:00:00,0.393,13.1
2025-11-09 08:00:00,0.392,13
2025-11-09 09:00:00,0.388,12.7
2025-11-09 10:00:00,0.388,12.5
2025-11-09 11:00:00,0.388,12.2
2025-11-09 12:00:00,0.388,11.9
2025-11-09 13:00:00,0.388,11.7
2025-11-09 14:00:00,0.388,11.5
2025-11-09 15:00:00,0.388,11.3
2025-11-09 16:00:00,0.388,11.3
2025-11-09 17:00:00,0.387,11.2
2025-11-09 18:00:00,0.387,11
2025-11-09 19:00:00,0.387,10.9
2025-11-09 20:00:00,0.387,10.7
2025-11-09 21:00:00,0.386,10.5
2025-11-09 22:00:00,0.385,10.3
2025-11-09 23:00:00,0.385,10.1
2025-11-10 00:00:00,0.385,9.9
2025-11-10 01:00:00,0.385,9.8
2025-11-10 02:00:00,0.385,9.8
2025-11-10 03:00:00,0.385,9.8
2025-11-10 04:00:00,0.385,9.8
2025-11-10 05:00:00,0.384,9.7
2025-11-10 06:00:00,0.384,9.6
2025-11-10 07:00:00,0.385,9.5
2025-11-10 08:00:00,0.384,9.4
2025-11-10 09:00:00,0.384,9.2
2025-11-10 10:00:00,0.384,9
2025-11-10 11:00:00,0.384,8.8
2025-11-10 12:00:00,0.384,8.7
2025-11-10 13:00:00,0.383,8.5
2025-11-10 14:00:00,0.383,8.3
2025-11-10 15:00:00,0.383,8.1
2025-11-10 16:00:00,0.383,7.9
2025-11-10 17:00:00,0.383,7.8
2025-11-10 18:00:00,0.382,7.8
2025-11-10 19:00:00,0.382,7.7
2025-11-10 20:00:00,0.382,7.6
2025-11-10 21:00:00,0.382,7.5
2025-11-10 22:00:00,0.382,7.4
2025-11-10 23:00:00,0.382,7.3
2025-11-11 00:00:00,0.382,7.3
2025-11-11 01:00:00,0.382,7.4
2025-11-11 02:00:00,0.382,7.5
2025-11-11 03:00:00,0.382,7.8
2025-11-11 04:00:00,0.382,8.1
2025-11-11 05:00:00,0.381,8.4
2025-11-11 06:00:00,0.381,8.5
2025-11-11 07:00:00,0.381,8.6
2025-11-11 08:00:00,0.381,8.6
2025-11-11 09:00:00,0.381,8.6
2025-11-11 10:00:00,0.38,8.5
2025-11-11 11:00:00,0.38,8.3
2025-11-11 12:00:00,0.38,8.2
2025-11-11 13:00:00,0.38,8.1
2025-11-11 14:00:00,0.38,7.9
2025-11-11 15:00:00,0.38,7.8
2025-11-11 16:00:00,0.38,7.6
2025-11-11 17:00:00,0.38,7.5
2025-11-11 18:00:00,0.38,7.3
2025-11-11 19:00:00,0.38,7.2
2025-11-11 20:00:00,0.38,7
2025-11-11 21:00:00,0.38,6.9
2025-11-11 22:00:00,0.38,6.8
2025-11-11 23:00:00,0.38,6.6
2025-11-12 00:00:00,0.38,6.7
2025-11-12 01:00:00,0.379,7.1
2025-11-12 02:00:00,0.379,7.6
2025-11-12 03:00:00,0.379,8.2
2025-11-12 04:00:00,0.379,8.8
2025-11-12 05:00:00,0.379,9.3
2025-11-12 06:00:00,0.379,9.6
2025-11-12 07:00:00,0.378,9.8
2025-11-12 08:00:00,0.378,9.9
2025-11-12 09:00:00,0.378,9.8
2025-11-12 10:00:00,0.378,9.6
2025-11-12 11:00:00,0.378,9.5
2025-11-12 12:00:00,0.378,9.3
2025-11-12 13:00:00,0.378,9.2
2025-11-12 14:00:00,0.378,9.1
2025-11-12 15:00:00,0.378,8.9
2025-11-12 16:00:00,0.378,8.7
2025-11-12 17:00:00,0.378,8.5
2025-11-12 18:00:00,0.377,8.3
2025-11-12 19:00:00,0.377,8.1
2025-11-12 20:00:00,0.378,7.8
2025-11-12 21:00:00,0.378,7.6
2025-11-12 22:00:00,0.378,7.5
2025-11-12 23:00:00,0.377,7.3
2025-11-13 00:00:00,0.378,7.2
2025-11-13 01:00:00,0.377,7.2
2025-11-13 02:00:00,0.377,7.4
2025-11-13 03:00:00,0.377,7.7
2025-11-13 04:00:00,0.377,8.1
2025-11-13 05:00:00,0.377,8.6
2025-11-13 06:00:00,0.377,9
2025-11-13 07:00:00,0.377,9.3
2025-11-13 08:00:00,0.377,9.5
2025-11-13 09:00:00,0.377,9.5
2025-11-13 10:00:00,0.377,9.4
2025-11-13 11:00:00,0.376,9.2
2025-11-13 12:00:00,0.376,9
2025-11-13 13:00:00,0.376,8.8
2025-11-13 14:00:00,0.376,8.6
2025-11-13 15:00:00,0.376,8.5
2025-11-13 16:00:00,0.376,8.3
2025-11-13 17:00:00,0.376,8.2
2025-11-13 18:00:00,0.376,8
2025-11-13 19:00:00,0.376,7.8
2025-11-13 20:00:00,0.376,7.6
2025-11-13 21:00:00,0.376,7.5
2025-11-13 22:00:00,0.376,7.3
2025-11-13 23:00:00,0.376,7.2
2025-11-14 00:00:00,0.376,7.1
2025-11-14 01:00:00,0.376,7.2
2025-11-14 02:00:00,0.376,7.3
2025-11-14 03:00:00,0.376,7.5
2025-11-14 04:00:00,0.376,7.8
2025-11-14 05:00:00,0.376,8
2025-11-14 06:00:00,0.376,8.2
2025-11-14 07:00:00,0.376,8.3
2025-11-14 08:00:00,0.375,8.3
2025-11-14 09:00:00,0.375,8.3
2025-11-14 10:00:00,0.375,8.1
2025-11-14 11:00:00,0.375,8
2025-11-14 12:00:00,0.375,7.8
2025-11-14 13:00:00,0.375,7.6
2025-11-14 14:00:00,0.375,7.4
2025-11-14 15:00:00,0.375,7.3
2025-11-14 16:00:00,0.375,7.2
2025-11-14 17:00:00,0.375,7.1
2025-11-14 18:00:00,0.375,7
2025-11-14 19:00:00,0.375,6.8
2025-11-14 20:00:00,0.375,6.6
2025-11-14 21:00:00,0.375,6.5
2025-11-14 22:00:00,0.375,6.4
2025-11-14 23:00:00,0.375,6.3
2025-11-15 00:00:00,0.375,6.2
2025-11-15 01:00:00,0.375,6.2
2025-11-15 02:00:00,0.375,6.4
2025-11-15 03:00:00,0.375,6.6
2025-11-15 04:00:00,0.375,6.9
2025-11-15 05:00:00,0.375,7.1
2025-11-15 06:00:00,0.374,7.3
2025-11-15 07:00:00,0.374,7.5
2025-11-15 08:00:00,0.374,7.6
2025-11-15 09:00:00,0.374,7.6
2025-11-15 10:00:00,0.374,7.5
2025-11-15 11:00:00,0.374,7.3
2025-11-15 12:00:00,0.374,7.2
2025-11-15 13:00:00,0.374,7
2025-11-15 14:00:00,0.374,6.9
2025-11-15 15:00:00,0.374,6.8
2025-11-15 16:00:00,0.374,6.6
2025-11-15 17:00:00,0.374,6.6
2025-11-15 18:00:00,0.374,6.5
2025-11-15 19:00:00,0.374,6.4
2025-11-15 20:00:00,0.374,6.3
2025-11-15 21:00:00,0.374,6.2
2025-11-15 22:00:00,0.374,6.1
2025-11-15 23:00:00,0.374,6.1
2025-11-16 00:00:00,0.374,6.3
2025-11-16 01:00:00,0.374,6.7
2025-11-16 02:00:00,0.374,7.2
2025-11-16 03:00:00,0.374,7.8
2025-11-16 04:00:00,0.373,8.5
2025-11-16 05:00:00,0.373,9.1
2025-11-16 06:00:00,0.373,9.5
2025-11-16 07:00:00,0.373,9.5
2025-11-16 08:00:00,0.373,9.5
2025-11-16 09:00:00,0.373,9.4
2025-11-16 10:00:00,0.373,9.2
2025-11-16 11:00:00,0.373,9
2025-11-16 12:00:00,0.373,8.8
2025-11-16 13:00:00,0.373,8.6
2025-11-16 14:00:00,0.373,8.5
2025-11-16 15:00:00,0.373,8.3
2025-11-16 16:00:00,0.373,8.3
2025-11-16 17:00:00,0.373,8.4
2025-11-16 18:00:00,0.373,8.5
2025-11-16 19:00:00,0.373,8.6
2025-11-16 20:00:00,0.373,8.5
2025-11-16 21:00:00,0.373,8.4
2025-11-16 22:00:00,0.373,8.2
2025-11-16 23:00:00,0.373,8
2025-11-17 00:00:00,0.373,8
2025-11-17 01:00:00,0.373,7.9
2025-11-17 02:00:00,0.373,8.1
2025-11-17 03:00:00,0.373,8.2
2025-11-17 04:00:00,0.372,8.4
2025-11-17 05:00:00,0.372,8.5
2025-11-17 06:00:00,0.372,8.5
2025-11-17 07:00:00,0.372,8.4
2025-11-17 08:00:00,0.372,8.2
2025-11-17 09:00:00,0.372,8
2025-11-17 10:00:00,0.372,7.7
2025-11-17 11:00:00,0.371,7.5
2025-11-17 12:00:00,0.371,7.3
2025-11-17 13:00:00,0.371,7.1
2025-11-17 14:00:00,0.371,7.1
2025-11-17 15:00:00,0.371,7
2025-11-17 16:00:00,0.37,6.9
2025-11-17 17:00:00,0.37,6.8
2025-11-17 18:00:00,0.37,6.8
2025-11-17 19:00:00,0.37,6.8
2025-11-17 20:00:00,0.369,6.7
2025-11-17 21:00:00,0.369,6.7
2025-11-17 22:00:00,0.369,6.6
2025-11-17 23:00:00,0.369,6.5
2025-11-18 00:00:00,0.369,6.5
2025-11-18 01:00:00,0.369,6.6
2025-11-18 02:00:00,0.369,6.8
2025-11-18 03:00:00,0.369,6.9
2025-11-18 04:00:00,0.368,6.9
2025-11-18 05:00:00,0.368,7.2
2025-11-18 06:00:00,0.368,7.5
2025-11-18 07:00:00,0.368,7.5
2025-11-18 08:00:00,0.368,7.5
2025-11-18 09:00:00,0.367,7.3
2025-11-18 10:00:00,0.367,7.1
2025-11-18 11:00:00,0.367,7
2025-11-18 12:00:00,0.367,7
2025-11-18 13:00:00,0.367,6.9
2025-11-18 14:00:00,0.367,6.9
2025-11-18 15:00:00,0.367,6.9
2025-11-18 16:00:00,0.368,6.8
2025-11-18 17:00:00,0.37,6.8
2025-11-18 18:00:00,0.37,6.7
2025-11-18 19:00:00,0.371,6.6
2025-11-18 20:00:00,0.371,6.6
2025-11-18 21:00:00,0.371,6.6
2025-11-18 22:00:00,0.371,6.5
2025-11-18 23:00:00,0.371,6.5
2025-11-19 00:00:00,0.371,6.6
2025-11-19 01:00:00,0.371,6.9
2025-11-19 02:00:00,0.371,7.2
2025-11-19 03:00:00,0.371,7.5
2025-11-19 04:00:00,0.371,7.9
2025-11-19 05:00:00,0.371,8.3
2025-11-19 06:00:00,0.371,8.5
2025-11-19 07:00:00,0.371,8.5
2025-11-19 08:00:00,0.372,8.5
2025-11-19 09:00:00,0.372,8.3
2025-11-19 10:00:00,0.372,8.2
2025-11-19 11:00:00,0.372,8
2025-11-19 12:00:00,0.372,7.9
2025-11-19 13:00:00,0.372,7.7
2025-11-19 14:00:00,0.372,7.5
2025-11-19 15:00:00,0.372,7.2
2025-11-19 16:00:00,0.373,6.9
2025-11-19 17:00:00,0.373,6.6
2025-11-19 18:00:00,0.373,6.5
2025-11-19 19:00:00,0.373,6.3
2025-11-19 20:00:00,0.373,6.2
2025-11-19 21:00:00,0.373,6.3
2025-11-19 22:00:00,0.373,6.2
2025-11-19 23:00:00,0.373,6.2
2025-11-20 00:00:00,0.373,6.4
2025-11-20 01:00:00,0.373,6.7
2025-11-20 02:00:00,0.373,7.2
2025-11-20 03:00:00,0.372,7.7
2025-11-20 04:00:00,0.372,8
2025-11-20 05:00:00,0.372,8.4
2025-11-20 06:00:00,0.372,8.7
2025-11-20 07:00:00,0.372,8.9
2025-11-20 08:00:00,0.372,8.9
2025-11-20 09:00:00,0.372,8.8
2025-11-20 10:00:00,0.372,8.7
2025-11-20 11:00:00,0.372,8.6
2025-11-20 12:00:00,0.372,8.5
2025-11-20 13:00:00,0.372,8.3
2025-11-20 14:00:00,0.372,8.1
2025-11-20 15:00:00,0.372,8
2025-11-20 16:00:00,0.372,7.9
2025-11-20 17:00:00,0.372,7.8
2025-11-20 18:00:00,0.372,7.6
2025-11-20 19:00:00,0.372,7.3
2025-11-20 20:00:00,0.372,7.1
2025-11-20 21:00:00,0.372,6.9
2025-11-20 22:00:00,0.373,6.6
2025-11-20 23:00:00,0.373,6.4
2025-11-21 00:00:00,0.373,6.3
2025-11-21 01:00:00,0.372,6.4
2025-11-21 02:00:00,0.373,6.6
2025-11-21 03:00:00,0.372,6.8
2025-11-21 04:00:00,0.372,7.1
2025-11-21 05:00:00,0.372,7.4
2025-11-21 06:00:00,0.372,7.6
2025-11-21 07:00:00,0.372,7.6
2025-11-21 08:00:00,0.372,7.6
2025-11-21 09:00:00,0.372,7.4
2025-11-21 10:00:00,0.372,7.2
2025-11-21 11:00:00,0.372,7
2025-11-21 12:00:00,0.372,6.7
2025-11-21 13:00:00,0.372,6.5
2025-11-21 14:00:00,0.372,6.3
2025-11-21 15:00:00,0.372,6.1
2025-11-21 16:00:00,0.372,6
2025-11-21 17:00:00,0.372,5.8
2025-11-21 18:00:00,0.372,5.6
2025-11-21 19:00:00,0.372,5.4
2025-11-21 20:00:00,0.372,5.3
2025-11-21 21:00:00,0.372,5.1
2025-11-21 22:00:00,0.372,5
2025-11-21 23:00:00,0.372,4.8
2025-11-22 00:00:00,0.372,4.8
2025-11-22 01:00:00,0.372,4.8
2025-11-22 02:00:00,0.372,5
2025-11-22 03:00:00,0.372,5.2
2025-11-22 04:00:00,0.372,5.5
2025-11-22 05:00:00,0.372,5.8
2025-11-22 06:00:00,0.372,6.2
2025-11-22 07:00:00,0.371,6.4
2025-11-22 08:00:00,0.371,6.5
2025-11-22 09:00:00,0.371,6.4
2025-11-22 10:00:00,0.371,6.3
2025-11-22 11:00:00,0.371,6.1
2025-11-22 12:00:00,0.372,6
2025-11-22 13:00:00,0.371,5.8
2025-11-22 14:00:00,0.371,5.6
2025-11-22 15:00:00,0.372,5.5
2025-11-22 16:00:00,0.372,5.4
2025-11-22 17:00:00,0.371,5.2
2025-11-22 18:00:00,0.372,5.1
2025-11-22 19:00:00,0.372,5
2025-11-22 20:00:00,0.372,4.9
2025-11-22 21:00:00,0.372,4.7
2025-11-22 22:00:00,0.372,4.6
2025-11-22 23:00:00,0.372,4.6
2025-11-23 00:00:00,0.372,4.7
2025-11-23 01:00:00,0.372,5
2025-11-23 02:00:00,0.371,5.3
2025-11-23 03:00:00,0.371,5.6
2025-11-23 04:00:00,0.371,6
2025-11-23 05:00:00,0.371,6.5
2025-11-23 06:00:00,0.371,6.8
2025-11-23 07:00:00,0.371,7.1
2025-11-23 08:00:00,0.371,7.2
2025-11-23 09:00:00,0.371,7.1
2025-11-23 10:00:00,0.371,6.9
2025-11-23 11:00:00,0.371,6.8
2025-11-23 12:00:00,0.371,6.8
2025-11-23 13:00:00,0.371,6.7
2025-11-23 14:00:00,0.371,6.6
2025-11-23 15:00:00,0.371,6.6
2025-11-23 16:00:00,0.371,6.6
2025-11-23 17:00:00,0.371,6.7
2025-11-23 18:00:00,0.371,6.7
2025-11-23 19:00:00,0.371,6.8
2025-11-23 20:00:00,0.371,6.8
2025-11-23 21:00:00,0.371,6.8
2025-11-23 22:00:00,0.371,6.8
2025-11-23 23:00:00,0.371,6.6
2025-11-24 00:00:00,0.371,6.7
2025-11-24 01:00:00,0.371,6.8
2025-11-24 02:00:00,0.371,7
2025-11-24 03:00:00,0.371,7.4
2025-11-24 04:00:00,0.37,7.8
2025-11-24 05:00:00,0.37,8.2
2025-11-24 06:00:00,0.37,8.5
2025-11-24 07:00:00,0.37,8.6
2025-11-24 08:00:00,0.37,8.7
2025-11-24 09:00:00,0.37,8.6
2025-11-24 10:00:00,0.37,8.5
2025-11-24 11:00:00,0.37,8.3
2025-11-24 12:00:00,0.37,8.1
2025-11-24 13:00:00,0.37,7.9
2025-11-24 14:00:00,0.37,7.8
2025-11-24 15:00:00,0.37,7.7
2025-11-24 16:00:00,0.37,7.5
2025-11-24 17:00:00,0.37,7.4
2025-11-24 18:00:00,0.37,7.3
2025-11-24 19:00:00,0.37,7.2
2025-11-24 20:00:00,0.37,7.2
2025-11-24 21:00:00,0.37,7.3
2025-11-24 22:00:00,0.37,7.3
2025-11-24 23:00:00,0.371,7.5
2025-11-25 00:00:00,0.371,7.7
2025-11-25 01:00:00,0.371,7.9
2025-11-25 02:00:00,0.372,8
2025-11-25 03:00:00,0.372,8.2
2025-11-25 04:00:00,0.373,8.3
2025-11-25 05:00:00,0.372,8.4
2025-11-25 06:00:00,0.373,8.4
2025-11-25 07:00:00,0.373,8.3
2025-11-25 08:00:00,0.373,8.1
2025-11-25 09:00:00,0.373,7.9
2025-11-25 10:00:00,0.373,7.7
2025-11-25 11:00:00,0.373,7.6
2025-11-25 12:00:00,0.373,7.5
2025-11-25 13:00:00,0.373,7.4
2025-11-25 14:00:00,0.373,7.4
2025-11-25 15:00:00,0.373,7.4
2025-11-25 16:00:00,0.373,7.4
2025-11-25 17:00:00,0.373,7.3
2025-11-25 18:00:00,0.373,7.3
2025-11-25 19:00:00,0.373,7.3
2025-11-25 20:00:00,0.373,7.3
2025-11-25 21:00:00,0.373,7.3
2025-11-25 22:00:00,0.373,7.1
2025-11-25 23:00:00,0.373,6.9
2025-11-26 00:00:00,0.373,6.9
2025-11-26 01:00:00,0.373,7
2025-11-26 02:00:00,0.373,7.2
2025-11-26 03:00:00,0.373,7.4
2025-11-26 04:00:00,0.373,7.6
2025-11-26 05:00:00,0.373,7.6
2025-11-26 06:00:00,0.373,7.6
2025-11-26 07:00:00,0.372,7.5
2025-11-26 08:00:00,0.372,7.4
2025-11-26 09:00:00,0.372,7.2
2025-11-26 10:00:00,0.372,6.9
2025-11-26 11:00:00,0.372,6.6
2025-11-26 12:00:00,0.372,6.4
2025-11-26 13:00:00,0.372,6.1
2025-11-26 14:00:00,0.372,5.9
2025-11-26 15:00:00,0.372,5.7
2025-11-26 16:00:00,0.373,5.4
2025-11-26 17:00:00,0.372,5.3
2025-11-26 18:00:00,0.372,5.3
2025-11-26 19:00:00,0.372,5.2
2025-11-26 20:00:00,0.372,5.3
2025-11-26 21:00:00,0.372,5.3
2025-11-26 22:00:00,0.375,5.3
2025-11-26 23:00:00,0.381,5.2
2025-11-27 00:00:00,0.381,5.2
2025-11-27 01:00:00,0.383,5.4
2025-11-27 02:00:00,0.385,5.9
2025-11-27 03:00:00,0.387,6.3
2025-11-27 04:00:00,0.388,6.8
2025-11-27 05:00:00,0.389,7.2
2025-11-27 06:00:00,0.389,7.5
2025-11-27 07:00:00,0.388,7.5
2025-11-27 08:00:00,0.388,7.4
2025-11-27 09:00:00,0.387,7.1
2025-11-27 10:00:00,0.387,6.8
2025-11-27 11:00:00,0.387,6.6
2025-11-27 12:00:00,0.387,6.4
2025-11-27 13:00:00,0.386,6.4
2025-11-27 14:00:00,0.386,6.2
2025-11-27 15:00:00,0.386,6
2025-11-27 16:00:00,0.386,6
2025-11-27 17:00:00,0.386,6
2025-11-27 18:00:00,0.386,5.9
2025-11-27 19:00:00,0.386,5.8
2025-11-27 20:00:00,0.386,5.8
2025-11-27 21:00:00,0.385,5.6
2025-11-27 22:00:00,0.385,5.5
2025-11-27 23:00:00,0.385,5.5
2025-11-28 00:00:00,0.384,5.6
2025-11-28 01:00:00,0.384,5.8
2025-11-28 02:00:00,0.384,6.1
2025-11-28 03:00:00,0.384,6.4
2025-11-28 04:00:00,0.383,6.6
2025-11-28 05:00:00,0.383,6.5
2025-11-28 06:00:00,0.383,6.5
2025-11-28 07:00:00,0.382,6.4
2025-11-28 08:00:00,0.382,6.2
2025-11-28 09:00:00,0.382,6
2025-11-28 10:00:00,0.382,5.8
2025-11-28 11:00:00,0.381,5.5
2025-11-28 12:00:00,0.381,5.2
2025-11-28 13:00:00,0.381,5
2025-11-28 14:00:00,0.381,4.7
2025-11-28 15:00:00,0.381,4.5
2025-11-28 16:00:00,0.381,4.3
2025-11-28 17:00:00,0.381,4.1
2025-11-28 18:00:00,0.38,3.9
2025-11-28 19:00:00,0.38,3.8
2025-11-28 20:00:00,0.38,3.7
2025-11-28 21:00:00,0.38,3.5
2025-11-28 22:00:00,0.38,3.4
2025-11-28 23:00:00,0.38,3.3
2025-11-29 00:00:00,0.38,3.3
2025-11-29 01:00:00,0.379,3.3
2025-11-29 02:00:00,0.379,3.3
2025-11-29 03:00:00,0.379,3.6
2025-11-29 04:00:00,0.379,4
2025-11-29 05:00:00,0.379,4.4
2025-11-29 06:00:00,0.379,4.9
2025-11-29 07:00:00,0.379,5.4
2025-11-29 08:00:00,0.379,5.7
2025-11-29 09:00:00,0.379,5.8
2025-11-29 10:00:00,0.379,5.7
2025-11-29 11:00:00,0.379,5.7
2025-11-29 12:00:00,0.379,5.7
2025-11-29 13:00:00,0.379,5.7
2025-11-29 14:00:00,0.379,5.8
2025-11-29 15:00:00,0.379,5.8
2025-11-29 16:00:00,0.379,5.8
2025-11-29 17:00:00,0.379,5.8
2025-11-29 18:00:00,0.379,5.7
2025-11-29 19:00:00,0.379,5.5
2025-11-29 20:00:00,0.379,5.4
2025-11-29 21:00:00,0.379,5.3
2025-11-29 22:00:00,0.379,5.2
2025-11-29 23:00:00,0.379,5.1
2025-11-30 00:00:00,0.379,5.1
2025-11-30 01:00:00,0.379,5.2
2025-11-30 02:00:00,0.379,5.5
2025-11-30 03:00:00,0.378,5.8
2025-11-30 04:00:00,0.378,6.3
2025-11-30 05:00:00,0.378,6.7
2025-11-30 06:00:00,0.379,7
2025-11-30 07:00:00,0.378,7.4
2025-11-30 08:00:00,0.378,7.7
2025-11-30 09:00:00,0.378,7.7
2025-11-30 10:00:00,0.378,7.5
2025-11-30 11:00:00,0.378,7.4
2025-11-30 12:00:00,0.378,7.3
2025-11-30 13:00:00,0.378,7.2
2025-11-30 14:00:00,0.378,7
2025-11-30 15:00:00,0.378,6.8
2025-11-30 16:00:00,0.378,6.8
2025-11-30 17:00:00,0.378,6.8
2025-11-30 18:00:00,0.378,6.9
2025-11-30 19:00:00,0.378,7
2025-11-30 20:00:00,0.378,7
2025-11-30 21:00:00,0.378,7
2025-11-30 22:00:00,0.378,6.9
2025-11-30 23:00:00,0.378,6.8
2025-12-01 00:00:00,0.378,6.6
2025-12-01 01:00:00,0.378,6.5
2025-12-01 02:00:00,0.378,6.4
2025-12-01 03:00:00,0.378,6.4
2025-12-01 04:00:00,0.378,6.4
2025-12-01 05:00:00,0.378,6.4
2025-12-01 06:00:00,0.378,6.4
2025-12-01 07:00:00,0.378,6.4
2025-12-01 08:00:00,0.378,6.3
2025-12-01 09:00:00,0.377,6.1
2025-12-01 10:00:00,0.377,5.9
2025-12-01 11:00:00,0.377,5.6
2025-12-01 12:00:00,0.377,5.3
2025-12-01 13:00:00,0.377,5.1
2025-12-01 14:00:00,0.377,4.9
2025-12-01 15:00:00,0.377,4.7
2025-12-01 16:00:00,0.377,4.5
2025-12-01 17:00:00,0.377,4.4
2025-12-01 18:00:00,0.377,4.3
2025-12-01 19:00:00,0.377,4.2
2025-12-01 20:00:00,0.377,4.2
2025-12-01 21:00:00,0.377,4.2
2025-12-01 22:00:00,0.377,4.2
2025-12-01 23:00:00,0.377,4.2
2025-12-02 00:00:00,0.377,4.2
2025-12-02 01:00:00,0.377,4.2
2025-12-02 02:00:00,0.377,4.3
2025-12-02 03:00:00,0.376,4.5
2025-12-02 04:00:00,0.376,4.6
2025-12-02 05:00:00,0.376,4.7
2025-12-02 06:00:00,0.376,4.8
2025-12-02 07:00:00,0.376,4.8
2025-12-02 08:00:00,0.375,4.6
2025-12-02 09:00:00,0.375,4.5
2025-12-02 10:00:00,0.375,4.4
2025-12-02 11:00:00,0.375,4.3
2025-12-02 12:00:00,0.375,4.3
2025-12-02 13:00:00,0.374,4.2
2025-12-02 14:00:00,0.374,4.2
2025-12-02 15:00:00,0.374,4.1
2025-12-02 16:00:00,0.374,4
2025-12-02 17:00:00,0.374,4
2025-12-02 18:00:00,0.374,4
2025-12-02 19:00:00,0.374,4
2025-12-02 20:00:00,0.374,3.9
2025-12-02 21:00:00,0.374,3.8
2025-12-02 22:00:00,0.373,3.6
2025-12-02 23:00:00,0.374,3.4
2025-12-03 00:00:00,0.374,3.2
2025-12-03 01:00:00,0.373,3
2025-12-03 02:00:00,0.373,2.9
2025-12-03 03:00:00,0.373,2.8
2025-12-03 04:00:00,0.373,2.9
2025-12-03 05:00:00,0.373,3.1
2025-12-03 06:00:00,0.373,3.2
2025-12-03 07:00:00,0.373,3.1
2025-12-03 08:00:00,0.373,2.9
2025-12-03 09:00:00,0.373,2.8
2025-12-03 10:00:00,0.373,2.8
2025-12-03 11:00:00,0.373,2.7
2025-12-03 12:00:00,0.373,2.7
2025-12-03 13:00:00,0.373,2.6
2025-12-03 14:00:00,0.373,2.6
2025-12-03 15:00:00,0.373,2.6
2025-12-03 16:00:00,0.373,2.6
2025-12-03 17:00:00,0.373,2.6
2025-12-03 18:00:00,0.373,2.6
2025-12-03 19:00:00,0.373,2.6
2025-12-03 20:00:00,0.373,2.6
2025-12-03 21:00:00,0.373,2.5
2025-12-03 22:00:00,0.373,2.5
2025-12-03 23:00:00,0.373,2.5
2025-12-04 00:00:00,0.373,2.5
2025-12-04 01:00:00,0.373,2.6
2025-12-04 02:00:00,0.373,2.8
2025-12-04 03:00:00,0.373,3.2
2025-12-04 04:00:00,0.373,3.5
2025-12-04 05:00:00,0.373,3.7
2025-12-04 06:00:00,0.373,3.9
2025-12-04 07:00:00,0.372,3.9
2025-12-04 08:00:00,0.373,3.7
2025-12-04 09:00:00,0.373,3.5
2025-12-04 10:00:00,0.373,3.3
2025-12-04 11:00:00,0.373,3.2
2025-12-04 12:00:00,0.373,3.2
2025-12-04 13:00:00,0.373,3.2
2025-12-04 14:00:00,0.373,3.1
2025-12-04 15:00:00,0.373,3.1
2025-12-04 16:00:00,0.373,3.1
2025-12-04 17:00:00,0.373,3
2025-12-04 18:00:00,0.373,2.9
2025-12-04 19:00:00,0.373,2.8
2025-12-04 20:00:00,0.373,2.8
2025-12-04 21:00:00,0.373,2.8
2025-12-04 22:00:00,0.373,2.7
2025-12-04 23:00:00,0.372,2.5
2025-12-05 00:00:00,0.373,2.4
2025-12-05 01:00:00,0.373,2.4
2025-12-05 02:00:00,0.372,2.3
2025-12-05 03:00:00,0.372,2.3
2025-12-05 04:00:00,0.372,2.4
2025-12-05 05:00:00,0.372,2.4
2025-12-05 06:00:00,0.372,2.5
2025-12-05 07:00:00,0.372,2.5
2025-12-05 08:00:00,0.372,2.4
2025-12-05 09:00:00,0.372,2.3
2025-12-05 10:00:00,0.372,2.2
2025-12-05 11:00:00,0.372,2.1
2025-12-05 12:00:00,0.372,2
2025-12-05 13:00:00,0.372,1.9
2025-12-05 14:00:00,0.372,1.9
2025-12-05 15:00:00,0.371,1.8
2025-12-05 16:00:00,0.371,1.8
2025-12-05 17:00:00,0.37,1.7
2025-12-05 18:00:00,0.37,1.7
2025-12-05 19:00:00,0.369,1.6
2025-12-05 20:00:00,0.368,1.6
2025-12-05 21:00:00,0.367,1.5
2025-12-05 22:00:00,0.366,1.5
2025-12-05 23:00:00,0.365,1.4
2025-12-06 00:00:00,0.364,1.4
2025-12-06 01:00:00,0.363,1.4
2025-12-06 02:00:00,0.362,1.4
2025-12-06 03:00:00,0.362,1.4
2025-12-06 04:00:00,0.362,1.4
2025-12-06 05:00:00,0.362,1.4
2025-12-06 06:00:00,0.362,1.4
2025-12-06 07:00:00,0.362,1.4
2025-12-06 08:00:00,0.363,1.5
2025-12-06 09:00:00,0.363,1.5
2025-12-06 10:00:00,0.363,1.5
2025-12-06 11:00:00,0.364,1.6
2025-12-06 12:00:00,0.364,1.6
2025-12-06 13:00:00,0.364,1.6
2025-12-06 14:00:00,0.364,1.6
2025-12-06 15:00:00,0.364,1.6
2025-12-06 16:00:00,0.365,1.7
2025-12-06 17:00:00,0.365,1.7
2025-12-06 18:00:00,0.365,1.7
2025-12-06 19:00:00,0.365,1.8
2025-12-06 20:00:00,0.365,1.8
2025-12-06 21:00:00,0.365,1.8
2025-12-06 22:00:00,0.365,1.9
2025-12-06 23:00:00,0.365,2
2025-12-07 00:00:00,0.365,2.1
2025-12-07 01:00:00,0.366,2.4
2025-12-07 02:00:00,0.365,3
2025-12-07 03:00:00,0.365,3.8
2025-12-07 04:00:00,0.365,4.6
2025-12-07 05:00:00,0.365,5.3
2025-12-07 06:00:00,0.364,5.7
2025-12-07 07:00:00,0.365,5.9
2025-12-07 08:00:00,0.365,5.9
2025-12-07 09:00:00,0.365,5.7
2025-12-07 10:00:00,0.365,5.5
2025-12-07 11:00:00,0.365,5.3
2025-12-07 12:00:00,0.365,5.3
2025-12-07 13:00:00,0.365,5.2
2025-12-07 14:00:00,0.365,5.3
2025-12-07 15:00:00,0.366,5.4
2025-12-07 16:00:00,0.366,5.3
2025-12-07 17:00:00,0.366,5.2
2025-12-07 18:00:00,0.366,5.2
2025-12-07 19:00:00,0.366,5.1
2025-12-07 20:00:00,0.366,5
2025-12-07 21:00:00,0.366,4.8
2025-12-07 22:00:00,0.367,4.6
2025-12-07 23:00:00,0.367,4.5
2025-12-08 00:00:00,0.367,4.3
2025-12-08 01:00:00,0.367,4.2
2025-12-08 02:00:00,0.367,4.2
2025-12-08 03:00:00,0.367,4.2
2025-12-08 04:00:00,0.367,4.3
2025-12-08 05:00:00,0.367,4.3
2025-12-08 06:00:00,0.367,4.3
2025-12-08 07:00:00,0.367,4.2
2025-12-08 08:00:00,0.367,4.1
2025-12-08 09:00:00,0.367,3.9
2025-12-08 10:00:00,0.367,3.6
2025-12-08 11:00:00,0.367,3.3
2025-12-08 12:00:00,0.367,3.1
2025-12-08 13:00:00,0.367,2.9
2025-12-08 14:00:00,0.367,2.8
2025-12-08 15:00:00,0.367,2.7
2025-12-08 16:00:00,0.367,2.6
2025-12-08 17:00:00,0.367,2.5
2025-12-08 18:00:00,0.367,2.4
2025-12-08 19:00:00,0.367,2.3
2025-12-08 20:00:00,0.367,2.2
2025-12-08 21:00:00,0.366,2.1
2025-12-08 22:00:00,0.366,2.1
2025-12-08 23:00:00,0.366,2
2025-12-09 00:00:00,0.366,2
2025-12-09 01:00:00,0.365,1.9
2025-12-09 02:00:00,0.365,1.9
2025-12-09 03:00:00,0.365,1.9
2025-12-09 04:00:00,0.365,2
2025-12-09 05:00:00,0.365,2.1
2025-12-09 06:00:00,0.365,2.2
2025-12-09 07:00:00,0.365,2.4
2025-12-09 08:00:00,0.365,2.5
2025-12-09 09:00:00,0.365,2.4
2025-12-09 10:00:00,0.365,2.3
2025-12-09 11:00:00,0.365,2.2
2025-12-09 12:00:00,0.365,2.1
2025-12-09 13:00:00,0.366,2.1
2025-12-09 14:00:00,0.366,2.1
2025-12-09 15:00:00,0.366,2
2025-12-09 16:00:00,0.366,2
2025-12-09 17:00:00,0.366,2
2025-12-09 18:00:00,0.366,1.9
2025-12-09 19:00:00,0.366,1.9
2025-12-09 20:00:00,0.365,1.9
2025-12-09 21:00:00,0.365,1.8
2025-12-09 22:00:00,0.365,1.8
2025-12-09 23:00:00,0.365,1.8
2025-12-10 00:00:00,0.365,1.8
2025-12-10 01:00:00,0.365,1.9
2025-12-10 02:00:00,0.365,2
2025-12-10 03:00:00,0.365,2.1
2025-12-10 04:00:00,0.365,2.4
2025-12-10 05:00:00,0.365,2.8
2025-12-10 06:00:00,0.365,3.3
2025-12-10 07:00:00,0.364,3.8
2025-12-10 08:00:00,0.364,3.9
2025-12-10 09:00:00,0.364,3.9
2025-12-10 10:00:00,0.365,3.8
2025-12-10 11:00:00,0.365,3.7
2025-12-10 12:00:00,0.365,3.8
2025-12-10 13:00:00,0.365,3.8
2025-12-10 14:00:00,0.365,3.8
2025-12-10 15:00:00,0.365,3.9
2025-12-10 16:00:00,0.365,3.9
2025-12-10 17:00:00,0.365,4
2025-12-10 18:00:00,0.365,4.1
2025-12-10 19:00:00,0.368,4.2
2025-12-10 20:00:00,0.39,4.4
2025-12-10 21:00:00,0.391,4.6
2025-12-10 22:00:00,0.39,4.7
2025-12-10 23:00:00,0.39,4.9
2025-12-11 00:00:00,0.39,5
2025-12-11 01:00:00,0.389,5.2
2025-12-11 02:00:00,0.389,5.7
2025-12-11 03:00:00,0.389,6.3
2025-12-11 04:00:00,0.388,6.7
2025-12-11 05:00:00,0.388,7
2025-12-11 06:00:00,0.388,7.1
2025-12-11 07:00:00,0.387,7.1
2025-12-11 08:00:00,0.387,6.8
2025-12-11 09:00:00,0.387,6.4
2025-12-11 10:00:00,0.386,5.9
2025-12-11 11:00:00,0.384,5.5
2025-12-11 12:00:00,0.384,5.1
2025-12-11 13:00:00,0.383,4.8
2025-12-11 14:00:00,0.382,4.4
2025-12-11 15:00:00,0.382,4.1
2025-12-11 16:00:00,0.381,3.8
2025-12-11 17:00:00,0.381,3.6
2025-12-11 18:00:00,0.38,3.3
2025-12-11 19:00:00,0.38,3.1
2025-12-11 20:00:00,0.38,3
2025-12-11 21:00:00,0.38,2.8
2025-12-11 22:00:00,0.38,2.7
2025-12-11 23:00:00,0.379,2.6
2025-12-12 00:00:00,0.379,2.5
2025-12-12 01:00:00,0.379,2.5
2025-12-12 02:00:00,0.379,2.4
2025-12-12 03:00:00,0.379,2.4
2025-12-12 04:00:00,0.378,2.4
2025-12-12 05:00:00,0.378,2.4
2025-12-12 06:00:00,0.378,2.5
2025-12-12 07:00:00,0.378,2.6
2025-12-12 08:00:00,0.378,2.6
2025-12-12 09:00:00,0.378,2.6
2025-12-12 10:00:00,0.378,2.5
2025-12-12 11:00:00,0.378,2.4
2025-12-12 12:00:00,0.378,2.4
2025-12-12 13:00:00,0.378,2.3
2025-12-12 14:00:00,0.378,2.3
2025-12-12 15:00:00,0.378,2.3
2025-12-12 16:00:00,0.378,2.3
2025-12-12 17:00:00,0.378,2.3
2025-12-12 18:00:00,0.378,2.4
2025-12-12 19:00:00,0.378,2.5
2025-12-12 20:00:00,0.378,2.6
2025-12-12 21:00:00,0.378,2.7
2025-12-12 22:00:00,0.378,2.9
2025-12-12 23:00:00,0.378,3.1
2025-12-13 00:00:00,0.378,3.4
2025-12-13 01:00:00,0.378,3.7
2025-12-13 02:00:00,0.378,4.2
2025-12-13 03:00:00,0.378,4.7
2025-12-13 04:00:00,0.379,5.2
2025-12-13 05:00:00,0.387,5.4
2025-12-13 06:00:00,0.391,5.5
2025-12-13 07:00:00,0.392,5.4
2025-12-13 08:00:00,0.392,5.5
2025-12-13 09:00:00,0.392,5.3
2025-12-13 10:00:00,0.392,5.1
2025-12-13 11:00:00,0.391,5
2025-12-13 12:00:00,0.391,4.8
2025-12-13 13:00:00,0.391,4.6
2025-12-13 14:00:00,0.392,4.3
2025-12-13 15:00:00,0.392,4.2
2025-12-13 16:00:00,0.392,4.1
2025-12-13 17:00:00,0.393,4.1
2025-12-13 18:00:00,0.392,4.1
2025-12-13 19:00:00,0.393,4.1
2025-12-13 20:00:00,0.393,4
2025-12-13 21:00:00,0.392,3.9
2025-12-13 22:00:00,0.393,3.9
2025-12-13 23:00:00,0.393,3.9
2025-12-14 00:00:00,0.394,3.9
2025-12-14 01:00:00,0.394,4
2025-12-14 02:00:00,0.393,4.2
2025-12-14 03:00:00,0.392,4.5
2025-12-14 04:00:00,0.392,4.6
2025-12-14 05:00:00,0.392,4.7
2025-12-14 06:00:00,0.392,4.8
2025-12-14 07:00:00,0.391,4.8
2025-12-14 08:00:00,0.39,4.6
2025-12-14 09:00:00,0.39,4.4
2025-12-14 10:00:00,0.39,4.3
2025-12-14 11:00:00,0.39,4.2
2025-12-14 12:00:00,0.39,4.2
2025-12-14 13:00:00,0.39,4.1
2025-12-14 14:00:00,0.39,4.1
2025-12-14 15:00:00,0.391,3.9
2025-12-14 16:00:00,0.392,3.9
2025-12-14 17:00:00,0.392,3.8
2025-12-14 18:00:00,0.392,3.7
2025-12-14 19:00:00,0.392,3.7
2025-12-14 20:00:00,0.392,3.7
2025-12-14 21:00:00,0.392,3.7
2025-12-14 22:00:00,0.392,3.7
2025-12-14 23:00:00,0.392,3.7
2025-12-15 00:00:00,0.392,3.7
2025-12-15 01:00:00,0.392,3.7
2025-12-15 02:00:00,0.392,3.7
2025-12-15 03:00:00,0.392,3.7
2025-12-15 04:00:00,0.392,3.9
2025-12-15 05:00:00,0.392,4
2025-12-15 06:00:00,0.391,4.1
2025-12-15 07:00:00,0.388,4.2
2025-12-15 08:00:00,0.389,4.1
2025-12-15 09:00:00,0.389,4
2025-12-15 10:00:00,0.389,3.7
2025-12-15 11:00:00,0.389,3.4
2025-12-15 12:00:00,0.389,3.2
2025-12-15 13:00:00,0.389,3
2025-12-15 14:00:00,0.389,2.8
2025-12-15 15:00:00,0.389,2.7
2025-12-15 16:00:00,0.389,2.6
2025-12-15 17:00:00,0.389,2.6
2025-12-15 18:00:00,0.389,2.6
2025-12-15 19:00:00,0.389,2.5
2025-12-15 20:00:00,0.389,2.4
2025-12-15 21:00:00,0.389,2.4
2025-12-15 22:00:00,0.389,2.3
2025-12-15 23:00:00,0.389,2.2
2025-12-16 00:00:00,0.389,2.3
2025-12-16 01:00:00,0.389,2.5
2025-12-16 02:00:00,0.389,3
2025-12-16 03:00:00,0.39,3.8
2025-12-16 04:00:00,0.39,4.4
2025-12-16 05:00:00,0.391,4.9
2025-12-16 06:00:00,0.391,5.3
2025-12-16 07:00:00,0.391,5.6
2025-12-16 08:00:00,0.39,5.6
2025-12-16 09:00:00,0.39,5.6
2025-12-16 10:00:00,0.389,5.6
2025-12-16 11:00:00,0.389,5.5
2025-12-16 12:00:00,0.388,5.5
2025-12-16 13:00:00,0.388,5.5
2025-12-16 14:00:00,0.388,5.5
2025-12-16 15:00:00,0.388,5.4
2025-12-16 16:00:00,0.388,5.4
2025-12-16 17:00:00,0.388,5.3
2025-12-16 18:00:00,0.387,5.3
2025-12-16 19:00:00,0.387,5.2
2025-12-16 20:00:00,0.387,5
2025-12-16 21:00:00,0.387,5
2025-12-16 22:00:00,0.387,5
2025-12-16 23:00:00,0.387,5.1
2025-12-17 00:00:00,0.387,5.2
2025-12-17 01:00:00,0.387,5.3
2025-12-17 02:00:00,0.387,5.5
2025-12-17 03:00:00,0.387,5.7
2025-12-17 04:00:00,0.387,5.9
2025-12-17 05:00:00,0.386,6
2025-12-17 06:00:00,0.386,6.2
2025-12-17 07:00:00,0.386,6.2
2025-12-17 08:00:00,0.385,5.9
2025-12-17 09:00:00,0.384,5.6
2025-12-17 10:00:00,0.384,5.2
2025-12-17 11:00:00,0.384,4.9
2025-12-17 12:00:00,0.383,4.5
2025-12-17 13:00:00,0.383,4.2
2025-12-17 14:00:00,0.383,3.9
2025-12-17 15:00:00,0.382,3.6
2025-12-17 16:00:00,0.382,3.4
2025-12-17 17:00:00,0.382,3.1
2025-12-17 18:00:00,0.382,2.9
2025-12-17 19:00:00,0.382,2.8
2025-12-17 20:00:00,0.382,2.7
2025-12-17 21:00:00,0.382,2.6
2025-12-17 22:00:00,0.382,2.4
2025-12-17 23:00:00,0.381,2.4
2025-12-18 00:00:00,0.381,2.3
2025-12-18 01:00:00,0.381,2.2
2025-12-18 02:00:00,0.38,2.2
2025-12-18 03:00:00,0.38,2.2
2025-12-18 04:00:00,0.38,2.3
2025-12-18 05:00:00,0.38,2.3
2025-12-18 06:00:00,0.38,2.4
2025-12-18 07:00:00,0.38,2.6
2025-12-18 08:00:00,0.38,2.7
2025-12-18 09:00:00,0.38,2.6
2025-12-18 10:00:00,0.38,2.4
2025-12-18 11:00:00,0.38,2.3
2025-12-18 12:00:00,0.381,2.2
2025-12-18 13:00:00,0.381,2.1
2025-12-18 14:00:00,0.381,2.1
2025-12-18 15:00:00,0.381,2
2025-12-18 16:00:00,0.381,2
2025-12-18 17:00:00,0.381,1.9
2025-12-18 18:00:00,0.381,1.9
2025-12-18 19:00:00,0.38,1.9
2025-12-18 20:00:00,0.38,1.9
2025-12-18 21:00:00,0.38,1.9
2025-12-18 22:00:00,0.38,1.9
2025-12-18 23:00:00,0.38,2
2025-12-19 00:00:00,0.38,2.2
2025-12-19 01:00:00,0.38,2.6
2025-12-19 02:00:00,0.38,3.2
2025-12-19 03:00:00,0.38,3.7
2025-12-19 04:00:00,0.38,4.1
2025-12-19 05:00:00,0.38,4.4
2025-12-19 06:00:00,0.38,4.7
2025-12-19 07:00:00,0.38,4.9
2025-12-19 08:00:00,0.38,5
2025-12-19 09:00:00,0.38,4.9
2025-12-19 10:00:00,0.38,4.9
2025-12-19 11:00:00,0.38,5
2025-12-19 12:00:00,0.38,5.1
2025-12-19 13:00:00,0.38,5
2025-12-19 14:00:00,0.38,4.9
2025-12-19 15:00:00,0.38,4.8
2025-12-19 16:00:00,0.38,4.7
2025-12-19 17:00:00,0.38,4.6
2025-12-19 18:00:00,0.38,4.5
2025-12-19 19:00:00,0.38,4.5
2025-12-19 20:00:00,0.38,4.6
2025-12-19 21:00:00,0.38,4.7
2025-12-19 22:00:00,0.38,4.9
2025-12-19 23:00:00,0.38,5.1
2025-12-20 00:00:00,0.38,5.3
2025-12-20 01:00:00,0.38,5.7
2025-12-20 02:00:00,0.38,6.4
2025-12-20 03:00:00,0.38,7
2025-12-20 04:00:00,0.38,7.7
2025-12-20 05:00:00,0.38,8.1
2025-12-20 06:00:00,0.38,8.3
2025-12-20 07:00:00,0.38,8.4
2025-12-20 08:00:00,0.38,8.3
2025-12-20 09:00:00,0.38,8.2
2025-12-20 10:00:00,0.38,8
2025-12-20 11:00:00,0.379,7.8
2025-12-20 12:00:00,0.379,7.6
2025-12-20 13:00:00,0.379,7.4
2025-12-20 14:00:00,0.379,7.1
2025-12-20 15:00:00,0.379,6.9
2025-12-20 16:00:00,0.379,6.6
2025-12-20 17:00:00,0.379,6.2
2025-12-20 18:00:00,0.379,5.8
2025-12-20 19:00:00,0.379,5.5
2025-12-20 20:00:00,0.379,5.2
2025-12-20 21:00:00,0.38,4.9
2025-12-20 22:00:00,0.379,4.7
2025-12-20 23:00:00,0.38,4.5
2025-12-21 00:00:00,0.379,4.4
2025-12-21 01:00:00,0.379,4.4
2025-12-21 02:00:00,0.379,4.6
2025-12-21 03:00:00,0.379,4.8
2025-12-21 04:00:00,0.379,5
2025-12-21 05:00:00,0.379,4.8
2025-12-21 06:00:00,0.379,4.6
2025-12-21 07:00:00,0.379,4.2
2025-12-21 08:00:00,0.378,3.9
2025-12-21 09:00:00,0.379,3.6
2025-12-21 10:00:00,0.378,3.2
2025-12-21 11:00:00,0.378,3
2025-12-21 12:00:00,0.378,2.8
2025-12-21 13:00:00,0.378,2.7
2025-12-21 14:00:00,0.378,2.5
2025-12-21 15:00:00,0.377,2.4
2025-12-21 16:00:00,0.377,2.3
2025-12-21 17:00:00,0.376,2.2
2025-12-21 18:00:00,0.376,2.1
2025-12-21 19:00:00,0.375,2
2025-12-21 20:00:00,0.374,1.9
2025-12-21 21:00:00,0.373,1.8
2025-12-21 22:00:00,0.372,1.8
2025-12-21 23:00:00,0.37,1.7
2025-12-22 00:00:00,0.369,1.6
2025-12-22 01:00:00,0.367,1.6
2025-12-22 02:00:00,0.366,1.5
2025-12-22 03:00:00,0.365,1.5
2025-12-22 04:00:00,0.364,1.5
2025-12-22 05:00:00,0.364,1.5
2025-12-22 06:00:00,0.364,1.5
2025-12-22 07:00:00,0.364,1.5
2025-12-22 08:00:00,0.364,1.5
2025-12-22 09:00:00,0.364,1.5
2025-12-22 10:00:00,0.364,1.5
2025-12-22 11:00:00,0.364,1.5
2025-12-22 12:00:00,0.364,1.4
2025-12-22 13:00:00,0.364,1.4
2025-12-22 14:00:00,0.363,1.4
2025-12-22 15:00:00,0.363,1.4
2025-12-22 16:00:00,0.362,1.3
2025-12-22 17:00:00,0.361,1.3
2025-12-22 18:00:00,0.36,1.3
2025-12-22 19:00:00,0.36,1.3
2025-12-22 20:00:00,0.359,1.3
2025-12-22 21:00:00,0.359,1.3
2025-12-22 22:00:00,0.358,1.3
2025-12-22 23:00:00,0.358,1.3
2025-12-23 00:00:00,0.358,1.3
2025-12-23 01:00:00,0.358,1.3
2025-12-23 02:00:00,0.358,1.3
2025-12-23 03:00:00,0.359,1.3
2025-12-23 04:00:00,0.361,1.4
2025-12-23 05:00:00,0.366,1.8
2025-12-23 06:00:00,0.37,2.2
2025-12-23 07:00:00,0.37,2.6
2025-12-23 08:00:00,0.372,3
2025-12-23 09:00:00,0.376,3.3
2025-12-23 10:00:00,0.379,3.5
2025-12-23 11:00:00,0.381,3.7
2025-12-23 12:00:00,0.382,3.9
2025-12-23 13:00:00,0.386,4.1
2025-12-23 14:00:00,0.392,4.2
2025-12-23 15:00:00,0.392,4.4
2025-12-23 16:00:00,0.392,4.6
2025-12-23 17:00:00,0.392,4.8
2025-12-23 18:00:00,0.392,5
2025-12-23 19:00:00,0.392,5.2
2025-12-23 20:00:00,0.391,5.3
2025-12-23 21:00:00,0.391,5.3
2025-12-23 22:00:00,0.39,5.3
2025-12-23 23:00:00,0.39,5.3
2025-12-24 00:00:00,0.39,5.2
2025-12-24 01:00:00,0.39,5.2
2025-12-24 02:00:00,0.39,5.4
2025-12-24 03:00:00,0.39,5.5
2025-12-24 04:00:00,0.389,5.6
2025-12-24 05:00:00,0.389,5.7
2025-12-24 06:00:00,0.389,5.8
2025-12-24 07:00:00,0.389,5.8
2025-12-24 08:00:00,0.389,5.7
2025-12-24 09:00:00,0.389,5.3
2025-12-24 10:00:00,0.389,5.1
2025-12-24 11:00:00,0.389,4.9
2025-12-24 12:00:00,0.39,4.7
2025-12-24 13:00:00,0.389,4.5
2025-12-24 14:00:00,0.389,4.4
2025-12-24 15:00:00,0.387,4.2
2025-12-24 16:00:00,0.386,3.9
2025-12-24 17:00:00,0.386,3.7
2025-12-24 18:00:00,0.385,3.4
2025-12-24 19:00:00,0.385,3.2
2025-12-24 20:00:00,0.385,3
2025-12-24 21:00:00,0.385,2.8
2025-12-24 22:00:00,0.385,2.7
2025-12-24 23:00:00,0.385,2.5
2025-12-25 00:00:00,0.385,2.5
2025-12-25 01:00:00,0.384,2.7
2025-12-25 02:00:00,0.384,2.9
2025-12-25 03:00:00,0.385,3.2
2025-12-25 04:00:00,0.385,3.4
2025-12-25 05:00:00,0.386,3.4
2025-12-25 06:00:00,0.387,3.4
2025-12-25 07:00:00,0.387,3.3
2025-12-25 08:00:00,0.387,3
2025-12-25 09:00:00,0.387,2.8
2025-12-25 10:00:00,0.388,2.5
2025-12-25 11:00:00,0.388,2.4
2025-12-25 12:00:00,0.388,2.2
2025-12-25 13:00:00,0.388,2.1
2025-12-25 14:00:00,0.388,2
2025-12-25 15:00:00,0.388,2
2025-12-25 16:00:00,0.388,1.9
2025-12-25 17:00:00,0.388,1.9
2025-12-25 18:00:00,0.385,1.8
2025-12-25 19:00:00,0.384,1.8
2025-12-25 20:00:00,0.383,1.8
2025-12-25 21:00:00,0.382,1.8
2025-12-25 22:00:00,0.381,1.7
2025-12-25 23:00:00,0.38,1.7
2025-12-26 00:00:00,0.379,1.7
2025-12-26 01:00:00,0.379,1.7
2025-12-26 02:00:00,0.378,1.7
2025-12-26 03:00:00,0.378,1.7
2025-12-26 04:00:00,0.377,1.7
2025-12-26 05:00:00,0.377,1.7
2025-12-26 06:00:00,0.377,1.7
2025-12-26 07:00:00,0.376,1.7
2025-12-26 08:00:00,0.376,1.7
2025-12-26 09:00:00,0.376,1.6
2025-12-26 10:00:00,0.376,1.6
2025-12-26 11:00:00,0.376,1.6
2025-12-26 12:00:00,0.375,1.6
2025-12-26 13:00:00,0.375,1.5
2025-12-26 14:00:00,0.375,1.5
2025-12-26 15:00:00,0.374,1.5
2025-12-26 16:00:00,0.374,1.5
2025-12-26 17:00:00,0.373,1.4
2025-12-26 18:00:00,0.372,1.4
2025-12-26 19:00:00,0.372,1.4
2025-12-26 20:00:00,0.371,1.4
2025-12-26 21:00:00,0.37,1.3
2025-12-26 22:00:00,0.369,1.3
2025-12-26 23:00:00,0.368,1.3
2025-12-27 00:00:00,0.367,1.2
2025-12-27 01:00:00,0.366,1.2
2025-12-27 02:00:00,0.365,1.2
2025-12-27 03:00:00,0.365,1.2
2025-12-27 04:00:00,0.364,1.2
2025-12-27 05:00:00,0.364,1.2
2025-12-27 06:00:00,0.364,1.2
2025-12-27 07:00:00,0.364,1.2
2025-12-27 08:00:00,0.364,1.2
2025-12-27 09:00:00,0.364,1.2
2025-12-27 10:00:00,0.364,1.2
2025-12-27 11:00:00,0.364,1.2
2025-12-27 12:00:00,0.364,1.2
2025-12-27 13:00:00,0.364,1.2
2025-12-27 14:00:00,0.364,1.2
2025-12-27 15:00:00,0.364,1.2
2025-12-27 16:00:00,0.364,1.2
2025-12-27 17:00:00,0.363,1.2
2025-12-27 18:00:00,0.363,1.2
2025-12-27 19:00:00,0.363,1.2
2025-12-27 20:00:00,0.363,1.1
2025-12-27 21:00:00,0.362,1.1
2025-12-27 22:00:00,0.362,1.1
2025-12-27 23:00:00,0.361,1.1
2025-12-28 00:00:00,0.361,1.1
2025-12-28 01:00:00,0.36,1.1
2025-12-28 02:00:00,0.36,1.1
2025-12-28 03:00:00,0.36,1.1
2025-12-28 04:00:00,0.361,1.1
2025-12-28 05:00:00,0.361,1.2
2025-12-28 06:00:00,0.361,1.2
2025-12-28 07:00:00,0.363,1.2
2025-12-28 08:00:00,0.37,1.2
2025-12-28 09:00:00,0.373,1.2
2025-12-28 10:00:00,0.376,1.2
2025-12-28 11:00:00,0.377,1.3
2025-12-28 12:00:00,0.378,1.3
2025-12-28 13:00:00,0.379,1.3
2025-12-28 14:00:00,0.38,1.4
2025-12-28 15:00:00,0.38,1.4
2025-12-28 16:00:00,0.381,1.3
2025-12-28 17:00:00,0.381,1.3
2025-12-28 18:00:00,0.381,1.3
2025-12-28 19:00:00,0.381,1.3
2025-12-28 20:00:00,0.38,1.3
2025-12-28 21:00:00,0.38,1.3
2025-12-28 22:00:00,0.38,1.3
2025-12-28 23:00:00,0.379,1.3
2025-12-29 00:00:00,0.379,1.3
2025-12-29 01:00:00,0.379,1.3
2025-12-29 02:00:00,0.378,1.3
2025-12-29 03:00:00,0.381,1.5
2025-12-29 04:00:00,0.383,1.9
2025-12-29 05:00:00,0.384,2.5
2025-12-29 06:00:00,0.384,3.2
2025-12-29 07:00:00,0.384,3.7
2025-12-29 08:00:00,0.384,3.9
2025-12-29 09:00:00,0.384,4
2025-12-29 10:00:00,0.384,3.8
2025-12-29 11:00:00,0.384,3.7
2025-12-29 12:00:00,0.384,3.6
2025-12-29 13:00:00,0.384,3.4
2025-12-29 14:00:00,0.384,3.2
2025-12-29 15:00:00,0.384,2.9
2025-12-29 16:00:00,0.384,2.7
2025-12-29 17:00:00,0.385,2.4
2025-12-29 18:00:00,0.385,2.3
2025-12-29 19:00:00,0.385,2.2
2025-12-29 20:00:00,0.385,2.1
2025-12-29 21:00:00,0.385,2
2025-12-29 22:00:00,0.385,1.9
2025-12-29 23:00:00,0.385,1.8
2025-12-30 00:00:00,0.385,1.8
2025-12-30 01:00:00,0.385,1.8
2025-12-30 02:00:00,0.385,1.7
2025-12-30 03:00:00,0.385,1.7
2025-12-30 04:00:00,0.384,1.7
2025-12-30 05:00:00,0.384,1.7
2025-12-30 06:00:00,0.382,1.6
2025-12-30 07:00:00,0.381,1.6
2025-12-30 08:00:00,0.38,1.6
2025-12-30 09:00:00,0.379,1.6
2025-12-30 10:00:00,0.379,1.5
2025-12-30 11:00:00,0.378,1.5
2025-12-30 12:00:00,0.378,1.4
2025-12-30 13:00:00,0.377,1.4
2025-12-30 14:00:00,0.377,1.3
2025-12-30 15:00:00,0.376,1.3
2025-12-30 16:00:00,0.375,1.3
2025-12-30 17:00:00,0.374,1.2
2025-12-30 18:00:00,0.372,1.2
2025-12-30 19:00:00,0.371,1.2
2025-12-30 20:00:00,0.37,1.2
2025-12-30 21:00:00,0.369,1.2
2025-12-30 22:00:00,0.369,1.2
2025-12-30 23:00:00,0.368,1.2
2025-12-31 00:00:00,0.368,1.1
2025-12-31 01:00:00,0.368,1.1
2025-12-31 02:00:00,0.367,1.1
2025-12-31 03:00:00,0.367,1.1
2025-12-31 04:00:00,0.367,1.1
2025-12-31 05:00:00,0.367,1.1
2025-12-31 06:00:00,0.367,1.1
2025-12-31 07:00:00,0.366,1.1
2025-12-31 08:00:00,0.366,1.1
2025-12-31 09:00:00,0.365,1.1
2025-12-31 10:00:00,0.364,1
2025-12-31 11:00:00,0.363,1
2025-12-31 12:00:00,0.362,1
2025-12-31 13:00:00,0.361,0.9
2025-12-31 14:00:00,0.359,0.9
2025-12-31 15:00:00,0.358,0.9
2025-12-31 16:00:00,0.357,0.8
2025-12-31 17:00:00,0.356,0.8
2025-12-31 18:00:00,0.355,0.8
2025-12-31 19:00:00,0.353,0.8
2025-12-31 20:00:00,0.352,0.7
2025-12-31 21:00:00,0.351,0.7
2025-12-31 22:00:00,0.35,0.7
2025-12-31 23:00:00,0.349,0.7
2026-01-01 00:00:00,0.348,0.6
2026-01-01 01:00:00,0.347,0.6
2026-01-01 02:00:00,0.347,0.6
2026-01-01 03:00:00,0.346,0.6
2026-01-01 04:00:00,0.346,0.6
2026-01-01 05:00:00,0.345,0.6
2026-01-01 06:00:00,0.345,0.6
2026-01-01 07:00:00,0.345,0.7
2026-01-01 08:00:00,0.345,0.7
2026-01-01 09:00:00,0.345,0.6
2026-01-01 10:00:00,0.345,0.6
2026-01-01 11:00:00,0.344,0.6
2026-01-01 12:00:00,0.344,0.6
2026-01-01 13:00:00,0.343,0.6
2026-01-01 14:00:00,0.342,0.5
2026-01-01 15:00:00,0.342,0.5
2026-01-01 16:00:00,0.341,0.5
2026-01-01 17:00:00,0.341,0.5
2026-01-01 18:00:00,0.34,0.5
2026-01-01 19:00:00,0.34,0.6
2026-01-01 20:00:00,0.34,0.6
2026-01-01 21:00:00,0.34,0.6
2026-01-01 22:00:00,0.341,0.6
2026-01-01 23:00:00,0.341,0.6
2026-01-02 00:00:00,0.341,0.6
2026-01-02 01:00:00,0.341,0.6
2026-01-02 02:00:00,0.341,0.6
2026-01-02 03:00:00,0.341,0.6
2026-01-02 04:00:00,0.341,0.6
2026-01-02 05:00:00,0.341,0.6
2026-01-02 06:00:00,0.341,0.6
2026-01-02 07:00:00,0.342,0.6
2026-01-02 08:00:00,0.342,0.6
2026-01-02 09:00:00,0.342,0.6
2026-01-02 10:00:00,0.342,0.6
2026-01-02 11:00:00,0.342,0.7
2026-01-02 12:00:00,0.342,0.7
2026-01-02 13:00:00,0.343,0.7
2026-01-02 14:00:00,0.343,0.7
2026-01-02 15:00:00,0.343,0.7
2026-01-02 16:00:00,0.343,0.7
2026-01-02 17:00:00,0.343,0.7
2026-01-02 18:00:00,0.344,0.7
2026-01-02 19:00:00,0.344,0.7
2026-01-02 20:00:00,0.344,0.7
2026-01-02 21:00:00,0.344,0.7
2026-01-02 22:00:00,0.344,0.7
2026-01-02 23:00:00,0.344,0.7
2026-01-03 00:00:00,0.345,0.7
2026-01-03 01:00:00,0.345,0.7
2026-01-03 02:00:00,0.345,0.7
2026-01-03 03:00:00,0.345,0.7
2026-01-03 04:00:00,0.345,0.7
2026-01-03 05:00:00,0.345,0.7
2026-01-03 06:00:00,0.346,0.7
2026-01-03 07:00:00,0.346,0.7
2026-01-03 08:00:00,0.346,0.7
2026-01-03 09:00:00,0.346,0.7
2026-01-03 10:00:00,0.346,0.7
2026-01-03 11:00:00,0.346,0.7
2026-01-03 12:00:00,0.346,0.7
2026-01-03 13:00:00,0.347,0.7
2026-01-03 14:00:00,0.346,0.7
2026-01-03 15:00:00,0.347,0.7
2026-01-03 16:00:00,0.347,0.7
2026-01-03 17:00:00,0.347,0.8
2026-01-03 18:00:00,0.347,0.8
2026-01-03 19:00:00,0.347,0.8
2026-01-03 20:00:00,0.347,0.8
2026-01-03 21:00:00,0.347,0.8
2026-01-03 22:00:00,0.348,0.8
2026-01-03 23:00:00,0.348,0.8
2026-01-04 00:00:00,0.348,0.8
2026-01-04 01:00:00,0.348,0.8
2026-01-04 02:00:00,0.348,0.8
2026-01-04 03:00:00,0.348,0.8
2026-01-04 04:00:00,0.348,0.8
2026-01-04 05:00:00,0.349,0.8
2026-01-04 06:00:00,0.349,0.8
2026-01-04 07:00:00,0.349,0.8
2026-01-04 08:00:00,0.349,0.8
2026-01-04 09:00:00,0.349,0.8
2026-01-04 10:00:00,0.349,0.8
2026-01-04 11:00:00,0.35,0.8
2026-01-04 12:00:00,0.35,0.8
2026-01-04 13:00:00,0.35,0.8
2026-01-04 14:00:00,0.35,0.8
2026-01-04 15:00:00,0.351,0.8
2026-01-04 16:00:00,0.351,0.8
2026-01-04 17:00:00,0.351,0.8
2026-01-04 18:00:00,0.351,0.8
2026-01-04 19:00:00,0.352,0.8
2026-01-04 20:00:00,0.352,0.8
2026-01-04 21:00:00,0.352,0.8
2026-01-04 22:00:00,0.352,0.8
2026-01-04 23:00:00,0.353,0.8
2026-01-05 00:00:00,0.353,0.9
2026-01-05 01:00:00,0.353,0.9
2026-01-05 02:00:00,0.353,0.9
2026-01-05 03:00:00,0.354,0.9
2026-01-05 04:00:00,0.354,0.9
2026-01-05 05:00:00,0.354,0.9
2026-01-05 06:00:00,0.354,0.9
2026-01-05 07:00:00,0.354,0.9
2026-01-05 08:00:00,0.355,0.9
2026-01-05 09:00:00,0.355,0.9
2026-01-05 10:00:00,0.355,0.9
2026-01-05 11:00:00,0.355,0.9
2026-01-05 12:00:00,0.356,0.9
2026-01-05 13:00:00,0.356,0.9
2026-01-05 14:00:00,0.356,0.9
2026-01-05 15:00:00,0.356,0.9
2026-01-05 16:00:00,0.356,0.9
2026-01-05 17:00:00,0.356,0.9
2026-01-05 18:00:00,0.356,0.9
2026-01-05 19:00:00,0.356,0.9
2026-01-05 20:00:00,0.356,0.9
2026-01-05 21:00:00,0.355,0.9
2026-01-05 22:00:00,0.355,0.9
2026-01-05 23:00:00,0.355,0.9
2026-01-06 00:00:00,0.354,0.9
2026-01-06 01:00:00,0.354,0.9
2026-01-06 02:00:00,0.353,0.9
2026-01-06 03:00:00,0.352,0.9
2026-01-06 04:00:00,0.351,0.9
2026-01-06 05:00:00,0.351,0.9
2026-01-06 06:00:00,0.351,0.9
2026-01-06 07:00:00,0.35,0.9
2026-01-06 08:00:00,0.35,0.9
2026-01-06 09:00:00,0.35,0.9
2026-01-06 10:00:00,0.35,0.9
2026-01-06 11:00:00,0.35,0.9
2026-01-06 12:00:00,0.35,0.9
2026-01-06 13:00:00,0.35,0.9
2026-01-06 14:00:00,0.35,0.9
2026-01-06 15:00:00,0.349,0.9
2026-01-06 16:00:00,0.349,0.9
2026-01-06 17:00:00,0.349,0.9
2026-01-06 18:00:00,0.348,0.9
2026-01-06 19:00:00,0.348,0.9
2026-01-06 20:00:00,0.348,0.8
2026-01-06 21:00:00,0.347,0.8
2026-01-06 22:00:00,0.347,0.8
2026-01-06 23:00:00,0.347,0.8
2026-01-07 00:00:00,0.346,0.8
2026-01-07 01:00:00,0.346,0.8
2026-01-07 02:00:00,0.346,0.8
2026-01-07 03:00:00,0.346,0.8
2026-01-07 04:00:00,0.346,0.8
2026-01-07 05:00:00,0.346,0.9
2026-01-07 06:00:00,0.346,0.9
2026-01-07 07:00:00,0.346,0.9
2026-01-07 08:00:00,0.346,0.9
2026-01-07 09:00:00,0.346,0.9
2026-01-07 10:00:00,0.347,0.9
2026-01-07 11:00:00,0.347,0.9
2026-01-07 12:00:00,0.347,0.9
2026-01-07 13:00:00,0.347,0.9
2026-01-07 14:00:00,0.348,0.9
2026-01-07 15:00:00,0.348,0.9
2026-01-07 16:00:00,0.348,0.9
2026-01-07 17:00:00,0.348,0.9
2026-01-07 18:00:00,0.348,0.9
2026-01-07 19:00:00,0.349,0.9
2026-01-07 20:00:00,0.349,0.9
2026-01-07 21:00:00,0.349,0.9
2026-01-07 22:00:00,0.349,0.9
2026-01-07 23:00:00,0.35,0.9
2026-01-08 00:00:00,0.35,0.9
2026-01-08 01:00:00,0.35,0.9
2026-01-08 02:00:00,0.35,0.9
2026-01-08 03:00:00,0.35,0.9
2026-01-08 04:00:00,0.35,0.9
2026-01-08 05:00:00,0.35,0.9
2026-01-08 06:00:00,0.349,0.9
2026-01-08 07:00:00,0.349,0.9
2026-01-08 08:00:00,0.349,0.8
2026-01-08 09:00:00,0.348,0.8
2026-01-08 10:00:00,0.348,0.8
2026-01-08 11:00:00,0.347,0.8
2026-01-08 12:00:00,0.347,0.8
2026-01-08 13:00:00,0.346,0.8
2026-01-08 14:00:00,0.345,0.7
2026-01-08 15:00:00,0.345,0.7
2026-01-08 16:00:00,0.345,0.7
2026-01-08 17:00:00,0.344,0.7
2026-01-08 18:00:00,0.344,0.7
2026-01-08 19:00:00,0.343,0.7
2026-01-08 20:00:00,0.343,0.7
2026-01-08 21:00:00,0.342,0.7
2026-01-08 22:00:00,0.342,0.7
2026-01-08 23:00:00,0.341,0.6
2026-01-09 00:00:00,0.341,0.6
2026-01-09 01:00:00,0.34,0.6
2026-01-09 02:00:00,0.34,0.6
2026-01-09 03:00:00,0.339,0.6
2026-01-09 04:00:00,0.339,0.6
2026-01-09 05:00:00,0.339,0.6
2026-01-09 06:00:00,0.339,0.6
2026-01-09 07:00:00,0.339,0.6
2026-01-09 08:00:00,0.339,0.6
2026-01-09 09:00:00,0.339,0.6
2026-01-09 10:00:00,0.34,0.7
2026-01-09 11:00:00,0.34,0.7
2026-01-09 12:00:00,0.34,0.7
2026-01-09 13:00:00,0.34,0.7
2026-01-09 14:00:00,0.34,0.7
2026-01-09 15:00:00,0.34,0.7
2026-01-09 16:00:00,0.34,0.7
2026-01-09 17:00:00,0.341,0.7
2026-01-09 18:00:00,0.341,0.7
2026-01-09 19:00:00,0.341,0.7
2026-01-09 20:00:00,0.341,0.7
2026-01-09 21:00:00,0.341,0.7
2026-01-09 22:00:00,0.341,0.7
2026-01-09 23:00:00,0.341,0.7
2026-01-10 00:00:00,0.342,0.7
2026-01-10 01:00:00,0.342,0.7
2026-01-10 02:00:00,0.342,0.7
2026-01-10 03:00:00,0.343,0.7
2026-01-10 04:00:00,0.344,0.7
2026-01-10 05:00:00,0.358,0.7
2026-01-10 06:00:00,0.367,0.7
2026-01-10 07:00:00,0.37,0.7
2026-01-10 08:00:00,0.371,0.7
2026-01-10 09:00:00,0.371,0.7
2026-01-10 10:00:00,0.371,0.8
2026-01-10 11:00:00,0.37,0.8
2026-01-10 12:00:00,0.37,0.8
2026-01-10 13:00:00,0.369,0.8
2026-01-10 14:00:00,0.369,0.8
2026-01-10 15:00:00,0.369,0.8
2026-01-10 16:00:00,0.368,0.8
2026-01-10 17:00:00,0.368,0.8
2026-01-10 18:00:00,0.368,0.8
2026-01-10 19:00:00,0.368,0.8
2026-01-10 20:00:00,0.368,0.8
2026-01-10 21:00:00,0.368,0.9
2026-01-10 22:00:00,0.368,0.9
2026-01-10 23:00:00,0.369,0.9
2026-01-11 00:00:00,0.369,0.9
2026-01-11 01:00:00,0.369,0.9
2026-01-11 02:00:00,0.37,0.9
2026-01-11 03:00:00,0.37,0.9
2026-01-11 04:00:00,0.371,0.9
2026-01-11 05:00:00,0.372,0.9
2026-01-11 06:00:00,0.373,0.9
2026-01-11 07:00:00,0.373,0.9
2026-01-11 08:00:00,0.374,0.9
2026-01-11 09:00:00,0.375,0.9
2026-01-11 10:00:00,0.376,0.9
2026-01-11 11:00:00,0.376,0.9
2026-01-11 12:00:00,0.377,0.9
2026-01-11 13:00:00,0.377,0.9
2026-01-11 14:00:00,0.378,0.9
2026-01-11 15:00:00,0.378,0.9
2026-01-11 16:00:00,0.379,0.9
2026-01-11 17:00:00,0.379,0.9
2026-01-11 18:00:00,0.379,0.9
2026-01-11 19:00:00,0.379,0.9
2026-01-11 20:00:00,0.379,0.9
2026-01-11 21:00:00,0.379,0.9
2026-01-11 22:00:00,0.38,0.9
2026-01-11 23:00:00,0.381,0.9
2026-01-12 00:00:00,0.382,0.9
2026-01-12 01:00:00,0.381,0.9
2026-01-12 02:00:00,0.382,0.9
2026-01-12 03:00:00,0.382,0.9
2026-01-12 04:00:00,0.383,0.9
2026-01-12 05:00:00,0.383,0.9
2026-01-12 06:00:00,0.383,0.9
2026-01-12 07:00:00,0.383,0.9
2026-01-12 08:00:00,0.384,0.9
2026-01-12 09:00:00,0.384,0.9
2026-01-12 10:00:00,0.384,0.9
2026-01-12 11:00:00,0.384,0.9
2026-01-12 12:00:00,0.384,0.9
2026-01-12 13:00:00,0.385,0.9
2026-01-12 14:00:00,0.385,0.9
2026-01-12 15:00:00,0.385,0.9
2026-01-12 16:00:00,0.385,0.9
2026-01-12 17:00:00,0.385,0.9
2026-01-12 18:00:00,0.386,0.9
2026-01-12 19:00:00,0.385,0.9
2026-01-12 20:00:00,0.385,0.9
2026-01-12 21:00:00,0.384,0.9
2026-01-12 22:00:00,0.384,0.9
2026-01-12 23:00:00,0.384,0.9
2026-01-13 00:00:00,0.384,0.9
2026-01-13 01:00:00,0.384,0.9
2026-01-13 02:00:00,0.383,0.9
2026-01-13 03:00:00,0.383,0.9
2026-01-13 04:00:00,0.383,1
2026-01-13 05:00:00,0.383,1
2026-01-13 06:00:00,0.384,1
2026-01-13 07:00:00,0.386,1
2026-01-13 08:00:00,0.387,1
2026-01-13 09:00:00,0.388,1
2026-01-13 10:00:00,0.388,1
2026-01-13 11:00:00,0.388,1
2026-01-13 12:00:00,0.388,1
2026-01-13 13:00:00,0.388,1
2026-01-13 14:00:00,0.388,1
2026-01-13 15:00:00,0.388,1
2026-01-13 16:00:00,0.388,1
2026-01-13 17:00:00,0.388,1
2026-01-13 18:00:00,0.388,1
2026-01-13 19:00:00,0.387,1
2026-01-13 20:00:00,0.387,1
2026-01-13 21:00:00,0.388,1
2026-01-13 22:00:00,0.388,1
2026-01-13 23:00:00,0.388,1
2026-01-14 00:00:00,0.388,1
2026-01-14 01:00:00,0.388,1
2026-01-14 02:00:00,0.388,1
2026-01-14 03:00:00,0.388,1
2026-01-14 04:00:00,0.388,1
2026-01-14 05:00:00,0.387,1
2026-01-14 06:00:00,0.387,1
2026-01-14 07:00:00,0.387,1
2026-01-14 08:00:00,0.387,1
2026-01-14 09:00:00,0.387,1
2026-01-14 10:00:00,0.387,1
2026-01-14 11:00:00,0.387,1
2026-01-14 12:00:00,0.387,1
2026-01-14 13:00:00,0.388,1
2026-01-14 14:00:00,0.388,1
2026-01-14 15:00:00,0.388,1
2026-01-14 16:00:00,0.388,1
2026-01-14 17:00:00,0.388,1
2026-01-14 18:00:00,0.388,1
2026-01-14 19:00:00,0.388,1
2026-01-14 20:00:00,0.388,1
2026-01-14 21:00:00,0.388,1
2026-01-14 22:00:00,0.389,1
2026-01-14 23:00:00,0.388,1
2026-01-15 00:00:00,0.388,1.1
2026-01-15 01:00:00,0.389,1
2026-01-15 02:00:00,0.389,0.9
2026-01-15 03:00:00,0.389,0.9
2026-01-15 04:00:00,0.389,0.9
2026-01-15 05:00:00,0.389,0.9
2026-01-15 06:00:00,0.389,0.8
2026-01-15 07:00:00,0.389,0.9
2026-01-15 08:00:00,0.389,0.9
2026-01-15 09:00:00,0.389,0.9
2026-01-15 10:00:00,0.388,1
2026-01-15 11:00:00,0.388,1
2026-01-15 12:00:00,0.389,0.9
2026-01-15 13:00:00,0.388,0.9
2026-01-15 14:00:00,0.388,0.9
2026-01-15 15:00:00,0.388,0.9
2026-01-15 16:00:00,0.388,1
2026-01-15 17:00:00,0.388,1
2026-01-15 18:00:00,0.388,1
2026-01-15 19:00:00,0.387,1
2026-01-15 20:00:00,0.387,1
2026-01-15 21:00:00,0.386,1
2026-01-15 22:00:00,0.384,1
2026-01-15 23:00:00,0.382,1
2026-01-16 00:00:00,0.381,1
2026-01-16 01:00:00,0.38,1
2026-01-16 02:00:00,0.38,1
2026-01-16 03:00:00,0.379,1
2026-01-16 04:00:00,0.379,1
2026-01-16 05:00:00,0.379,1
2026-01-16 06:00:00,0.384,1
2026-01-16 07:00:00,0.386,1
2026-01-16 08:00:00,0.387,1
2026-01-16 09:00:00,0.387,1
2026-01-16 10:00:00,0.387,1
2026-01-16 11:00:00,0.387,1
2026-01-16 12:00:00,0.387,1
2026-01-16 13:00:00,0.387,1
2026-01-16 14:00:00,0.387,1
2026-01-16 15:00:00,0.387,1
2026-01-16 16:00:00,0.386,1
2026-01-16 17:00:00,0.386,1
2026-01-16 18:00:00,0.385,1
2026-01-16 19:00:00,0.383,1
2026-01-16 20:00:00,0.382,1
2026-01-16 21:00:00,0.381,1
2026-01-16 22:00:00,0.381,1
2026-01-16 23:00:00,0.38,1
2026-01-17 00:00:00,0.38,1.1
2026-01-17 01:00:00,0.381,1.1
2026-01-17 02:00:00,0.386,1.1
2026-01-17 03:00:00,0.387,1.2
2026-01-17 04:00:00,0.387,1.2
2026-01-17 05:00:00,0.388,1.3
2026-01-17 06:00:00,0.388,1.3
2026-01-17 07:00:00,0.387,1.4
2026-01-17 08:00:00,0.387,1.4
2026-01-17 09:00:00,0.387,1.3
2026-01-17 10:00:00,0.388,1.3
2026-01-17 11:00:00,0.387,1.2
2026-01-17 12:00:00,0.388,1.2
2026-01-17 13:00:00,0.388,1.2
2026-01-17 14:00:00,0.388,1.1
2026-01-17 15:00:00,0.387,1.1
2026-01-17 16:00:00,0.387,1.1
2026-01-17 17:00:00,0.386,1.1
2026-01-17 18:00:00,0.385,1.1
2026-01-17 19:00:00,0.384,1
2026-01-17 20:00:00,0.382,1
2026-01-17 21:00:00,0.381,1
2026-01-17 22:00:00,0.379,1
2026-01-17 23:00:00,0.377,1
2026-01-18 00:00:00,0.376,1
2026-01-18 01:00:00,0.374,0.9
2026-01-18 02:00:00,0.373,0.9
2026-01-18 03:00:00,0.373,1
2026-01-18 04:00:00,0.372,1
2026-01-18 05:00:00,0.372,1
2026-01-18 06:00:00,0.372,1
2026-01-18 07:00:00,0.377,1
2026-01-18 08:00:00,0.384,1
2026-01-18 09:00:00,0.385,1
2026-01-18 10:00:00,0.385,1
2026-01-18 11:00:00,0.386,1
2026-01-18 12:00:00,0.386,1
2026-01-18 13:00:00,0.386,1
2026-01-18 14:00:00,0.386,1
2026-01-18 15:00:00,0.386,1
2026-01-18 16:00:00,0.385,1
2026-01-18 17:00:00,0.385,1
2026-01-18 18:00:00,0.385,1
2026-01-18 19:00:00,0.385,1
2026-01-18 20:00:00,0.385,1
2026-01-18 21:00:00,0.385,1.1
2026-01-18 22:00:00,0.385,1.1
2026-01-18 23:00:00,0.386,1.1
2026-01-19 00:00:00,0.387,1.1
2026-01-19 01:00:00,0.387,1.2
2026-01-19 02:00:00,0.387,1.3
2026-01-19 03:00:00,0.387,1.5
2026-01-19 04:00:00,0.387,1.6
2026-01-19 05:00:00,0.387,1.7
2026-01-19 06:00:00,0.387,1.8
2026-01-19 07:00:00,0.387,1.8
2026-01-19 08:00:00,0.387,1.7
2026-01-19 09:00:00,0.387,1.5
2026-01-19 10:00:00,0.387,1.4
2026-01-19 11:00:00,0.387,1.4
2026-01-19 12:00:00,0.387,1.3
2026-01-19 13:00:00,0.386,1.2
2026-01-19 14:00:00,0.384,1.2
2026-01-19 15:00:00,0.382,1.1
2026-01-19 16:00:00,0.381,1.1
2026-01-19 17:00:00,0.379,1.1
2026-01-19 18:00:00,0.377,1
2026-01-19 19:00:00,0.375,1
2026-01-19 20:00:00,0.374,1
2026-01-19 21:00:00,0.372,0.9
2026-01-19 22:00:00,0.371,0.9
2026-01-19 23:00:00,0.369,0.9
2026-01-20 00:00:00,0.367,0.9
2026-01-20 01:00:00,0.366,0.8
2026-01-20 02:00:00,0.364,0.8
2026-01-20 03:00:00,0.362,0.8
2026-01-20 04:00:00,0.361,0.8
2026-01-20 05:00:00,0.36,0.8
2026-01-20 06:00:00,0.358,0.8
2026-01-20 07:00:00,0.357,0.7
2026-01-20 08:00:00,0.356,0.7
2026-01-20 09:00:00,0.355,0.7
2026-01-20 10:00:00,0.353,0.7
2026-01-20 11:00:00,0.352,0.7
2026-01-20 12:00:00,0.351,0.7
2026-01-20 13:00:00,0.349,0.6
2026-01-20 14:00:00,0.348,0.6
2026-01-20 15:00:00,0.347,0.6
2026-01-20 16:00:00,0.346,0.6
2026-01-20 17:00:00,0.345,0.5
2026-01-20 18:00:00,0.344,0.5
2026-01-20 19:00:00,0.343,0.5
2026-01-20 20:00:00,0.343,0.5
2026-01-20 21:00:00,0.342,0.5
2026-01-20 22:00:00,0.342,0.5
2026-01-20 23:00:00,0.341,0.5
2026-01-21 00:00:00,0.341,0.5
2026-01-21 01:00:00,0.341,0.5
2026-01-21 02:00:00,0.341,0.5
2026-01-21 03:00:00,0.341,0.5
2026-01-21 04:00:00,0.341,0.5
2026-01-21 05:00:00,0.341,0.6
2026-01-21 06:00:00,0.341,0.6
2026-01-21 07:00:00,0.341,0.6
2026-01-21 08:00:00,0.341,0.6
2026-01-21 09:00:00,0.341,0.6
2026-01-21 10:00:00,0.342,0.6
2026-01-21 11:00:00,0.342,0.6
2026-01-21 12:00:00,0.342,0.6
2026-01-21 13:00:00,0.342,0.6
2026-01-21 14:00:00,0.342,0.6
2026-01-21 15:00:00,0.342,0.6
2026-01-21 16:00:00,0.342,0.6
2026-01-21 17:00:00,0.342,0.6
2026-01-21 18:00:00,0.342,0.6
2026-01-21 19:00:00,0.343,0.6
2026-01-21 20:00:00,0.343,0.6
2026-01-21 21:00:00,0.343,0.6
2026-01-21 22:00:00,0.343,0.6
2026-01-21 23:00:00,0.343,0.6
2026-01-22 00:00:00,0.343,0.6
2026-01-22 01:00:00,0.343,0.6
2026-01-22 02:00:00,0.343,0.6
2026-01-22 03:00:00,0.344,0.6
2026-01-22 04:00:00,0.344,0.6
2026-01-22 05:00:00,0.344,0.6
2026-01-22 06:00:00,0.344,0.6
2026-01-22 07:00:00,0.344,0.6
2026-01-22 08:00:00,0.344,0.6
2026-01-22 09:00:00,0.344,0.6
2026-01-22 10:00:00,0.344,0.6
2026-01-22 11:00:00,0.344,0.6
2026-01-22 12:00:00,0.344,0.6
2026-01-22 13:00:00,0.344,0.6
2026-01-22 14:00:00,0.345,0.7
2026-01-22 15:00:00,0.345,0.7
2026-01-22 16:00:00,0.345,0.7
2026-01-22 17:00:00,0.345,0.7
2026-01-22 18:00:00,0.345,0.7
2026-01-22 19:00:00,0.345,0.7
2026-01-22 20:00:00,0.345,0.7
2026-01-22 21:00:00,0.345,0.7
2026-01-22 22:00:00,0.345,0.7
2026-01-22 23:00:00,0.345,0.7
2026-01-23 00:00:00,0.345,0.7
2026-01-23 01:00:00,0.345,0.7
2026-01-23 02:00:00,0.345,0.7
2026-01-23 03:00:00,0.345,0.7
2026-01-23 04:00:00,0.345,0.7
2026-01-23 05:00:00,0.345,0.7
2026-01-23 06:00:00,0.345,0.7
2026-01-23 07:00:00,0.345,0.7
2026-01-23 08:00:00,0.345,0.7
2026-01-23 09:00:00,0.346,0.7
2026-01-23 10:00:00,0.346,0.7
2026-01-23 11:00:00,0.346,0.7
2026-01-23 12:00:00,0.346,0.7
2026-01-23 13:00:00,0.346,0.7
2026-01-23 14:00:00,0.346,0.7
2026-01-23 15:00:00,0.346,0.7
2026-01-23 16:00:00,0.346,0.7
2026-01-23 17:00:00,0.346,0.7
2026-01-23 18:00:00,0.347,0.7
2026-01-23 19:00:00,0.346,0.7
2026-01-23 20:00:00,0.347,0.7
2026-01-23 21:00:00,0.347,0.7
2026-01-23 22:00:00,0.347,0.7
2026-01-23 23:00:00,0.347,0.7
2026-01-24 00:00:00,0.347,0.7
2026-01-24 01:00:00,0.347,0.7
2026-01-24 02:00:00,0.347,0.7
2026-01-24 03:00:00,0.347,0.7
2026-01-24 04:00:00,0.348,0.7
2026-01-24 05:00:00,0.348,0.7
2026-01-24 06:00:00,0.348,0.7
2026-01-24 07:00:00,0.348,0.7
2026-01-24 08:00:00,0.348,0.7
2026-01-24 09:00:00,0.348,0.7
2026-01-24 10:00:00,0.348,0.7
2026-01-24 11:00:00,0.349,0.7
2026-01-24 12:00:00,0.349,0.7
2026-01-24 13:00:00,0.349,0.7
2026-01-24 14:00:00,0.349,0.7
2026-01-24 15:00:00,0.349,0.7
2026-01-24 16:00:00,0.349,0.7
2026-01-24 17:00:00,0.349,0.7
2026-01-24 18:00:00,0.349,0.7
2026-01-24 19:00:00,0.349,0.7
2026-01-24 20:00:00,0.348,0.7
2026-01-24 21:00:00,0.348,0.7
2026-01-24 22:00:00,0.348,0.7
2026-01-24 23:00:00,0.348,0.7
2026-01-25 00:00:00,0.348,0.7
2026-01-25 01:00:00,0.348,0.7
2026-01-25 02:00:00,0.348,0.7
2026-01-25 03:00:00,0.348,0.7
2026-01-25 04:00:00,0.348,0.7
2026-01-25 05:00:00,0.347,0.7
2026-01-25 06:00:00,0.347,0.7
2026-01-25 07:00:00,0.347,0.7
2026-01-25 08:00:00,0.347,0.7
2026-01-25 09:00:00,0.347,0.7
2026-01-25 10:00:00,0.347,0.7
2026-01-25 11:00:00,0.347,0.7
2026-01-25 12:00:00,0.347,0.7
2026-01-25 13:00:00,0.347,0.7
2026-01-25 14:00:00,0.347,0.7
2026-01-25 15:00:00,0.347,0.7
2026-01-25 16:00:00,0.347,0.7
2026-01-25 17:00:00,0.346,0.7
2026-01-25 18:00:00,0.346,0.7
2026-01-25 19:00:00,0.346,0.7
2026-01-25 20:00:00,0.345,0.7
2026-01-25 21:00:00,0.345,0.7
2026-01-25 22:00:00,0.345,0.7
2026-01-25 23:00:00,0.344,0.7
2026-01-26 00:00:00,0.344,0.7
2026-01-26 01:00:00,0.344,0.7
2026-01-26 02:00:00,0.344,0.7
2026-01-26 03:00:00,0.343,0.7
2026-01-26 04:00:00,0.343,0.7
2026-01-26 05:00:00,0.343,0.7
2026-01-26 06:00:00,0.343,0.7
2026-01-26 07:00:00,0.343,0.7
2026-01-26 08:00:00,0.343,0.7
2026-01-26 09:00:00,0.343,0.7
2026-01-26 10:00:00,0.343,0.7
2026-01-26 11:00:00,0.343,0.7
2026-01-26 12:00:00,0.344,0.7
2026-01-26 13:00:00,0.344,0.7
2026-01-26 14:00:00,0.344,0.7
2026-01-26 15:00:00,0.344,0.7
2026-01-26 16:00:00,0.344,0.7
2026-01-26 17:00:00,0.344,0.7
2026-01-26 18:00:00,0.344,0.7
2026-01-26 19:00:00,0.344,0.7
2026-01-26 20:00:00,0.344,0.7
2026-01-26 21:00:00,0.344,0.7
2026-01-26 22:00:00,0.344,0.7
2026-01-26 23:00:00,0.345,0.7
2026-01-27 00:00:00,0.345,0.7
2026-01-27 01:00:00,0.345,0.7
2026-01-27 02:00:00,0.345,0.7
2026-01-27 03:00:00,0.345,0.7
2026-01-27 04:00:00,0.345,0.7
2026-01-27 05:00:00,0.345,0.7
2026-01-27 06:00:00,0.345,0.7
2026-01-27 07:00:00,0.345,0.7
2026-01-27 08:00:00,0.345,0.7
2026-01-27 09:00:00,0.345,0.7
2026-01-27 10:00:00,0.345,0.7
2026-01-27 11:00:00,0.345,0.7
2026-01-27 12:00:00,0.345,0.7
2026-01-27 13:00:00,0.345,0.7
2026-01-27 14:00:00,0.345,0.7
2026-01-27 15:00:00,0.345,0.7
2026-01-27 16:00:00,0.345,0.7
2026-01-27 17:00:00,0.345,0.7
2026-01-27 18:00:00,0.344,0.7
2026-01-27 19:00:00,0.344,0.7
2026-01-27 20:00:00,0.344,0.7
2026-01-27 21:00:00,0.344,0.7
2026-01-27 22:00:00,0.343,0.7
2026-01-27 23:00:00,0.343,0.7
2026-01-28 00:00:00,0.343,0.7
2026-01-28 01:00:00,0.343,0.7
2026-01-28 02:00:00,0.342,0.7
2026-01-28 03:00:00,0.342,0.6
2026-01-28 04:00:00,0.342,0.6
2026-01-28 05:00:00,0.342,0.6
2026-01-28 06:00:00,0.342,0.6
2026-01-28 07:00:00,0.341,0.6
2026-01-28 08:00:00,0.341,0.6
2026-01-28 09:00:00,0.341,0.6
2026-01-28 10:00:00,0.341,0.6
2026-01-28 11:00:00,0.341,0.6
2026-01-28 12:00:00,0.34,0.6
2026-01-28 13:00:00,0.34,0.6
2026-01-28 14:00:00,0.34,0.6
2026-01-28 15:00:00,0.34,0.6
2026-01-28 16:00:00,0.339,0.6
2026-01-28 17:00:00,0.339,0.6
2026-01-28 18:00:00,0.339,0.6
2026-01-28 19:00:00,0.339,0.5
2026-01-28 20:00:00,0.338,0.5
2026-01-28 21:00:00,0.338,0.5
2026-01-28 22:00:00,0.338,0.5
2026-01-28 23:00:00,0.337,0.5
2026-01-29 00:00:00,0.337,0.5
2026-01-29 01:00:00,0.337,0.5
2026-01-29 02:00:00,0.337,0.5
2026-01-29 03:00:00,0.337,0.5
2026-01-29 04:00:00,0.337,0.5
2026-01-29 05:00:00,0.337,0.5
2026-01-29 06:00:00,0.337,0.5
2026-01-29 07:00:00,0.337,0.5
2026-01-29 08:00:00,0.337,0.5
2026-01-29 09:00:00,0.337,0.5
2026-01-29 10:00:00,0.337,0.5
2026-01-29 11:00:00,0.337,0.5
2026-01-29 12:00:00,0.337,0.5
2026-01-29 13:00:00,0.337,0.5
2026-01-29 14:00:00,0.337,0.5
2026-01-29 15:00:00,0.337,0.5
2026-01-29 16:00:00,0.337,0.5
2026-01-29 17:00:00,0.337,0.5
2026-01-29 18:00:00,0.336,0.5
2026-01-29 19:00:00,0.336,0.5
2026-01-29 20:00:00,0.336,0.5
2026-01-29 21:00:00,0.336,0.5
2026-01-29 22:00:00,0.335,0.5
2026-01-29 23:00:00,0.335,0.5
2026-01-30 00:00:00,0.335,0.4
2026-01-30 01:00:00,0.335,0.4
2026-01-30 02:00:00,0.334,0.4
2026-01-30 03:00:00,0.335,0.4
2026-01-30 04:00:00,0.335,0.5
2026-01-30 05:00:00,0.335,0.5
2026-01-30 06:00:00,0.335,0.5
2026-01-30 07:00:00,0.335,0.5
2026-01-30 08:00:00,0.335,0.5
2026-01-30 09:00:00,0.335,0.5
2026-01-30 10:00:00,0.335,0.5
2026-01-30 11:00:00,0.335,0.5
2026-01-30 12:00:00,0.335,0.5
2026-01-30 13:00:00,0.335,0.5
2026-01-30 14:00:00,0.335,0.5
2026-01-30 15:00:00,0.335,0.5
2026-01-30 16:00:00,0.334,0.5
2026-01-30 17:00:00,0.334,0.4
2026-01-30 18:00:00,0.334,0.4
2026-01-30 19:00:00,0.333,0.4
2026-01-30 20:00:00,0.333,0.4
2026-01-30 21:00:00,0.333,0.4
2026-01-30 22:00:00,0.332,0.4
2026-01-30 23:00:00,0.332,0.4
2026-01-31 00:00:00,0.332,0.4
2026-01-31 01:00:00,0.331,0.4
2026-01-31 02:00:00,0.331,0.3
2026-01-31 03:00:00,0.331,0.3
2026-01-31 04:00:00,0.33,0.3
2026-01-31 05:00:00,0.33,0.3
2026-01-31 06:00:00,0.33,0.3
2026-01-31 07:00:00,0.33,0.4
2026-01-31 08:00:00,0.33,0.4
2026-01-31 09:00:00,0.33,0.4
2026-01-31 10:00:00,0.33,0.4
2026-01-31 11:00:00,0.33,0.4
2026-01-31 12:00:00,0.33,0.4
2026-01-31 13:00:00,0.33,0.4
2026-01-31 14:00:00,0.33,0.4
2026-01-31 15:00:00,0.33,0.3
2026-01-31 16:00:00,0.33,0.3
2026-01-31 17:00:00,0.33,0.3
2026-01-31 18:00:00,0.33,0.3
2026-01-31 19:00:00,0.329,0.3
2026-01-31 20:00:00,0.329,0.3
2026-01-31 21:00:00,0.329,0.3
2026-01-31 22:00:00,0.329,0.3
2026-01-31 23:00:00,0.329,0.3
2026-02-01 00:00:00,0.329,0.3
2026-02-01 01:00:00,0.329,0.3
2026-02-01 02:00:00,0.329,0.3
2026-02-01 03:00:00,0.329,0.4
2026-02-01 04:00:00,0.329,0.4
2026-02-01 05:00:00,0.329,0.4
2026-02-01 06:00:00,0.33,0.4
2026-02-01 07:00:00,0.33,0.4
2026-02-01 08:00:00,0.33,0.4
2026-02-01 09:00:00,0.33,0.4
2026-02-01 10:00:00,0.33,0.4
2026-02-01 11:00:00,0.33,0.4
2026-02-01 12:00:00,0.33,0.4
2026-02-01 13:00:00,0.33,0.4
2026-02-01 14:00:00,0.33,0.4
2026-02-01 15:00:00,0.329,0.4
2026-02-01 16:00:00,0.329,0.3
2026-02-01 17:00:00,0.329,0.3
2026-02-01 18:00:00,0.328,0.3
2026-02-01 19:00:00,0.328,0.3
2026-02-01 20:00:00,0.328,0.3
2026-02-01 21:00:00,0.328,0.3
2026-02-01 22:00:00,0.328,0.3
2026-02-01 23:00:00,0.328,0.3
2026-02-02 00:00:00,0.328,0.3
2026-02-02 01:00:00,0.328,0.3
2026-02-02 02:00:00,0.328,0.4
2026-02-02 03:00:00,0.328,0.4
2026-02-02 04:00:00,0.328,0.4
2026-02-02 05:00:00,0.328,0.4
2026-02-02 06:00:00,0.329,0.4
2026-02-02 07:00:00,0.329,0.4
2026-02-02 08:00:00,0.329,0.4
2026-02-02 09:00:00,0.329,0.4
2026-02-02 10:00:00,0.329,0.4
2026-02-02 11:00:00,0.329,0.4
2026-02-02 12:00:00,0.329,0.4
2026-02-02 13:00:00,0.33,0.4
2026-02-02 14:00:00,0.33,0.4
2026-02-02 15:00:00,0.33,0.4
2026-02-02 16:00:00,0.33,0.4
2026-02-02 17:00:00,0.33,0.4
2026-02-02 18:00:00,0.33,0.4
2026-02-02 19:00:00,0.33,0.4
2026-02-02 20:00:00,0.33,0.4
2026-02-02 21:00:00,0.33,0.4
2026-02-02 22:00:00,0.33,0.4
2026-02-02 23:00:00,0.33,0.4
2026-02-03 00:00:00,0.33,0.4
2026-02-03 01:00:00,0.33,0.4
2026-02-03 02:00:00,0.33,0.4
2026-02-03 03:00:00,0.33,0.4
2026-02-03 04:00:00,0.33,0.4
2026-02-03 05:00:00,0.33,0.4
2026-02-03 06:00:00,0.33,0.4
2026-02-03 07:00:00,0.33,0.4
2026-02-03 08:00:00,0.33,0.4
2026-02-03 09:00:00,0.33,0.4
2026-02-03 10:00:00,0.33,0.4
2026-02-03 11:00:00,0.33,0.4
2026-02-03 12:00:00,0.33,0.5
2026-02-03 13:00:00,0.331,0.5
2026-02-03 14:00:00,0.331,0.5
2026-02-03 15:00:00,0.331,0.5
2026-02-03 16:00:00,0.331,0.5
2026-02-03 17:00:00,0.331,0.5
2026-02-03 18:00:00,0.331,0.5
2026-02-03 19:00:00,0.331,0.5
2026-02-03 20:00:00,0.331,0.5
2026-02-03 21:00:00,0.331,0.5
2026-02-03 22:00:00,0.331,0.5
2026-02-03 23:00:00,0.331,0.5
2026-02-04 00:00:00,0.331,0.5
2026-02-04 01:00:00,0.331,0.5
2026-02-04 02:00:00,0.331,0.4
2026-02-04 03:00:00,0.331,0.4
2026-02-04 04:00:00,0.331,0.5
2026-02-04 05:00:00,0.331,0.5
2026-02-04 06:00:00,0.331,0.5
2026-02-04 07:00:00,0.331,0.5
2026-02-04 08:00:00,0.331,0.5
2026-02-04 09:00:00,0.331,0.5
2026-02-04 10:00:00,0.331,0.5
2026-02-04 11:00:00,0.331,0.5
2026-02-04 12:00:00,0.332,0.5
2026-02-04 13:00:00,0.332,0.5
2026-02-04 14:00:00,0.332,0.5
2026-02-04 15:00:00,0.332,0.5
2026-02-04 16:00:00,0.332,0.5
2026-02-04 17:00:00,0.332,0.5
2026-02-04 18:00:00,0.332,0.5
2026-02-04 19:00:00,0.333,0.5
2026-02-04 20:00:00,0.333,0.5
2026-02-04 21:00:00,0.333,0.5
2026-02-04 22:00:00,0.333,0.5
2026-02-04 23:00:00,0.333,0.5
2026-02-05 00:00:00,0.333,0.5
2026-02-05 01:00:00,0.334,0.5
2026-02-05 02:00:00,0.334,0.5
2026-02-05 03:00:00,0.334,0.5
2026-02-05 04:00:00,0.334,0.5
2026-02-05 05:00:00,0.335,0.5
2026-02-05 06:00:00,0.335,0.5
2026-02-05 07:00:00,0.336,0.5
2026-02-05 08:00:00,0.336,0.5
2026-02-05 09:00:00,0.337,0.5
2026-02-05 10:00:00,0.34,0.5
2026-02-05 11:00:00,0.348,0.5
2026-02-05 12:00:00,0.357,0.5
2026-02-05 13:00:00,0.36,0.5
2026-02-05 14:00:00,0.362,0.5
2026-02-05 15:00:00,0.364,0.5
2026-02-05 16:00:00,0.365,0.5
2026-02-05 17:00:00,0.365,0.5
2026-02-05 18:00:00,0.365,0.5
2026-02-05 19:00:00,0.364,0.5
2026-02-05 20:00:00,0.364,0.5
2026-02-05 21:00:00,0.363,0.5
2026-02-05 22:00:00,0.363,0.5
2026-02-05 23:00:00,0.362,0.5
2026-02-06 00:00:00,0.362,0.5
2026-02-06 01:00:00,0.362,0.5
2026-02-06 02:00:00,0.362,0.5
2026-02-06 03:00:00,0.361,0.5
2026-02-06 04:00:00,0.361,0.5
2026-02-06 05:00:00,0.362,0.5
2026-02-06 06:00:00,0.361,0.5
2026-02-06 07:00:00,0.362,0.5
2026-02-06 08:00:00,0.362,0.5
2026-02-06 09:00:00,0.362,0.5
2026-02-06 10:00:00,0.362,0.6
2026-02-06 11:00:00,0.362,0.6
2026-02-06 12:00:00,0.361,0.6
2026-02-06 13:00:00,0.361,0.6
2026-02-06 14:00:00,0.36,0.6
2026-02-06 15:00:00,0.359,0.6
2026-02-06 16:00:00,0.358,0.6
2026-02-06 17:00:00,0.357,0.6
2026-02-06 18:00:00,0.356,0.6
2026-02-06 19:00:00,0.355,0.6
2026-02-06 20:00:00,0.354,0.5
2026-02-06 21:00:00,0.352,0.5
2026-02-06 22:00:00,0.351,0.5
2026-02-06 23:00:00,0.35,0.5
2026-02-07 00:00:00,0.348,0.5
2026-02-07 01:00:00,0.346,0.5
2026-02-07 02:00:00,0.344,0.5
2026-02-07 03:00:00,0.343,0.5
2026-02-07 04:00:00,0.342,0.5
2026-02-07 05:00:00,0.342,0.5
2026-02-07 06:00:00,0.341,0.5
2026-02-07 07:00:00,0.341,0.5
2026-02-07 08:00:00,0.341,0.5
2026-02-07 09:00:00,0.34,0.5
2026-02-07 10:00:00,0.34,0.5
2026-02-07 11:00:00,0.339,0.5
2026-02-07 12:00:00,0.339,0.5
2026-02-07 13:00:00,0.338,0.4
2026-02-07 14:00:00,0.337,0.4
2026-02-07 15:00:00,0.336,0.4
2026-02-07 16:00:00,0.336,0.4
2026-02-07 17:00:00,0.335,0.4
2026-02-07 18:00:00,0.335,0.4
2026-02-07 19:00:00,0.335,0.4
2026-02-07 20:00:00,0.334,0.4
2026-02-07 21:00:00,0.334,0.4
2026-02-07 22:00:00,0.334,0.4
2026-02-07 23:00:00,0.334,0.5
2026-02-08 00:00:00,0.334,0.5
2026-02-08 01:00:00,0.334,0.5
2026-02-08 02:00:00,0.334,0.5
2026-02-08 03:00:00,0.334,0.5
2026-02-08 04:00:00,0.334,0.5
2026-02-08 05:00:00,0.334,0.5
2026-02-08 06:00:00,0.334,0.5
2026-02-08 07:00:00,0.334,0.5
2026-02-08 08:00:00,0.334,0.5
2026-02-08 09:00:00,0.334,0.5
2026-02-08 10:00:00,0.334,0.5
2026-02-08 11:00:00,0.335,0.5
2026-02-08 12:00:00,0.335,0.5
2026-02-08 13:00:00,0.335,0.5
2026-02-08 14:00:00,0.335,0.5
2026-02-08 15:00:00,0.335,0.5
2026-02-08 16:00:00,0.335,0.5
2026-02-08 17:00:00,0.335,0.5
2026-02-08 18:00:00,0.335,0.5
2026-02-08 19:00:00,0.335,0.5
2026-02-08 20:00:00,0.335,0.5
2026-02-08 21:00:00,0.335,0.5
2026-02-08 22:00:00,0.335,0.5
2026-02-08 23:00:00,0.335,0.5
2026-02-09 00:00:00,0.335,0.5
2026-02-09 01:00:00,0.335,0.5
2026-02-09 02:00:00,0.335,0.5
2026-02-09 03:00:00,0.335,0.5
2026-02-09 04:00:00,0.335,0.5
2026-02-09 05:00:00,0.335,0.5
2026-02-09 06:00:00,0.335,0.5
2026-02-09 07:00:00,0.335,0.5
2026-02-09 08:00:00,0.335,0.5
2026-02-09 09:00:00,0.335,0.5
2026-02-09 10:00:00,0.335,0.5
2026-02-09 11:00:00,0.335,0.5
2026-02-09 12:00:00,0.335,0.5
2026-02-09 13:00:00,0.335,0.5
2026-02-09 14:00:00,0.335,0.5
2026-02-09 15:00:00,0.335,0.5
2026-02-09 16:00:00,0.335,0.5
2026-02-09 17:00:00,0.335,0.5
2026-02-09 18:00:00,0.335,0.5
2026-02-09 19:00:00,0.335,0.5
2026-02-09 20:00:00,0.335,0.5
2026-02-09 21:00:00,0.335,0.5
2026-02-09 22:00:00,0.335,0.5
2026-02-09 23:00:00,0.335,0.5
2026-02-10 00:00:00,0.335,0.5
2026-02-10 01:00:00,0.335,0.5
2026-02-10 02:00:00,0.335,0.5
2026-02-10 03:00:00,0.335,0.5
2026-02-10 04:00:00,0.335,0.5
2026-02-10 05:00:00,0.336,0.5
2026-02-10 06:00:00,0.336,0.5
2026-02-10 07:00:00,0.336,0.5
2026-02-10 08:00:00,0.336,0.5
2026-02-10 09:00:00,0.336,0.5
2026-02-10 10:00:00,0.336,0.5
2026-02-10 11:00:00,0.337,0.5
2026-02-10 12:00:00,0.337,0.5
2026-02-10 13:00:00,0.337,0.5
2026-02-10 14:00:00,0.338,0.5
2026-02-10 15:00:00,0.338,0.5
2026-02-10 16:00:00,0.338,0.5
2026-02-10 17:00:00,0.339,0.5
2026-02-10 18:00:00,0.339,0.5
2026-02-10 19:00:00,0.339,0.5
2026-02-10 20:00:00,0.339,0.5
2026-02-10 21:00:00,0.34,0.6
2026-02-10 22:00:00,0.34,0.6
2026-02-10 23:00:00,0.34,0.6
2026-02-11 00:00:00,0.34,0.6
2026-02-11 01:00:00,0.341,0.6
2026-02-11 02:00:00,0.341,0.6
2026-02-11 03:00:00,0.341,0.6
2026-02-11 04:00:00,0.341,0.6
2026-02-11 05:00:00,0.372,0.5
2026-02-11 06:00:00,0.403,0.5
2026-02-11 07:00:00,0.403,0.5
2026-02-11 08:00:00,0.403,0.5
2026-02-11 09:00:00,0.403,0.5
2026-02-11 10:00:00,0.402,0.5
2026-02-11 11:00:00,0.401,0.5
2026-02-11 12:00:00,0.401,0.5
2026-02-11 13:00:00,0.4,0.5
2026-02-11 14:00:00,0.392,0.5
2026-02-11 15:00:00,0.383,0.5
2026-02-11 16:00:00,0.379,0.5
2026-02-11 17:00:00,0.378,0.5
2026-02-11 18:00:00,0.379,0.5
2026-02-11 19:00:00,0.38,0.5
2026-02-11 20:00:00,0.38,0.6
2026-02-11 21:00:00,0.38,0.6
2026-02-11 22:00:00,0.379,0.6
2026-02-11 23:00:00,0.378,0.6
2026-02-12 00:00:00,0.377,0.6
2026-02-12 01:00:00,0.376,0.6
2026-02-12 02:00:00,0.376,0.6
2026-02-12 03:00:00,0.375,0.6
2026-02-12 04:00:00,0.374,0.6
2026-02-12 05:00:00,0.374,0.6
2026-02-12 06:00:00,0.374,0.6
2026-02-12 07:00:00,0.375,0.6
2026-02-12 08:00:00,0.376,0.6
2026-02-12 09:00:00,0.376,0.6
2026-02-12 10:00:00,0.376,0.6
2026-02-12 11:00:00,0.377,0.6
2026-02-12 12:00:00,0.377,0.6
2026-02-12 13:00:00,0.378,0.6
2026-02-12 14:00:00,0.378,0.6
2026-02-12 15:00:00,0.379,0.6
2026-02-12 16:00:00,0.379,0.6
2026-02-12 17:00:00,0.378,0.6
2026-02-12 18:00:00,0.377,0.6
2026-02-12 19:00:00,0.376,0.6
2026-02-12 20:00:00,0.374,0.6
2026-02-12 21:00:00,0.372,0.6
2026-02-12 22:00:00,0.37,0.6
2026-02-12 23:00:00,0.368,0.6
2026-02-13 00:00:00,0.367,0.6
2026-02-13 01:00:00,0.365,0.6
2026-02-13 02:00:00,0.364,0.6
2026-02-13 03:00:00,0.362,0.6
2026-02-13 04:00:00,0.361,0.6
2026-02-13 05:00:00,0.36,0.6
2026-02-13 06:00:00,0.359,0.6
2026-02-13 07:00:00,0.358,0.6
2026-02-13 08:00:00,0.359,0.6
2026-02-13 09:00:00,0.361,0.6
2026-02-13 10:00:00,0.363,0.6
2026-02-13 11:00:00,0.363,0.6
2026-02-13 12:00:00,0.364,0.6
2026-02-13 13:00:00,0.364,0.6
2026-02-13 14:00:00,0.364,0.6
2026-02-13 15:00:00,0.364,0.6
2026-02-13 16:00:00,0.364,0.6
2026-02-13 17:00:00,0.364,0.6
2026-02-13 18:00:00,0.364,0.6
2026-02-13 19:00:00,0.364,0.6
2026-02-13 20:00:00,0.365,0.6
2026-02-13 21:00:00,0.365,0.6
2026-02-13 22:00:00,0.366,0.6
2026-02-13 23:00:00,0.366,0.6
2026-02-14 00:00:00,0.367,0.6
2026-02-14 01:00:00,0.367,0.6
2026-02-14 02:00:00,0.368,0.6
2026-02-14 03:00:00,0.368,0.6
2026-02-14 04:00:00,0.384,0.6
2026-02-14 05:00:00,0.387,0.6
2026-02-14 06:00:00,0.389,0.6
2026-02-14 07:00:00,0.389,0.5
2026-02-14 08:00:00,0.388,0.5
2026-02-14 09:00:00,0.388,0.5
2026-02-14 10:00:00,0.388,0.5
2026-02-14 11:00:00,0.387,0.5
2026-02-14 12:00:00,0.388,0.5
2026-02-14 13:00:00,0.387,0.5
2026-02-14 14:00:00,0.387,0.5
2026-02-14 15:00:00,0.387,0.5
2026-02-14 16:00:00,0.387,0.6
2026-02-14 17:00:00,0.387,0.6
2026-02-14 18:00:00,0.387,0.6
2026-02-14 19:00:00,0.387,0.6
2026-02-14 20:00:00,0.387,0.6
2026-02-14 21:00:00,0.387,0.6
2026-02-14 22:00:00,0.387,0.6
2026-02-14 23:00:00,0.387,0.6
2026-02-15 00:00:00,0.388,0.6
2026-02-15 01:00:00,0.389,0.5
2026-02-15 02:00:00,0.388,0.5
2026-02-15 03:00:00,0.389,0.5
2026-02-15 04:00:00,0.389,0.5
2026-02-15 05:00:00,0.389,0.5
2026-02-15 06:00:00,0.39,0.5
2026-02-15 07:00:00,0.389,0.5
2026-02-15 08:00:00,0.389,0.6
2026-02-15 09:00:00,0.389,0.6
2026-02-15 10:00:00,0.39,0.7
2026-02-15 11:00:00,0.389,0.7
2026-02-15 12:00:00,0.388,0.8
2026-02-15 13:00:00,0.388,0.8
2026-02-15 14:00:00,0.387,0.8
2026-02-15 15:00:00,0.386,0.8
2026-02-15 16:00:00,0.385,0.8
2026-02-15 17:00:00,0.383,0.8
2026-02-15 18:00:00,0.381,0.8
2026-02-15 19:00:00,0.38,0.8
2026-02-15 20:00:00,0.378,0.8
2026-02-15 21:00:00,0.377,0.8
2026-02-15 22:00:00,0.376,0.8
2026-02-15 23:00:00,0.374,0.8
2026-02-16 00:00:00,0.373,0.8
2026-02-16 01:00:00,0.372,0.8
2026-02-16 02:00:00,0.373,0.8
2026-02-16 03:00:00,0.381,0.8
2026-02-16 04:00:00,0.387,0.9
2026-02-16 05:00:00,0.388,1
2026-02-16 06:00:00,0.388,1.2
2026-02-16 07:00:00,0.388,1.4
2026-02-16 08:00:00,0.387,1.5
2026-02-16 09:00:00,0.387,1.4
2026-02-16 10:00:00,0.386,1.3
2026-02-16 11:00:00,0.386,1.2
2026-02-16 12:00:00,0.385,1.2
2026-02-16 13:00:00,0.383,1.1
2026-02-16 14:00:00,0.381,1.1
2026-02-16 15:00:00,0.379,1.1
2026-02-16 16:00:00,0.378,1.1
2026-02-16 17:00:00,0.376,1
2026-02-16 18:00:00,0.375,1
2026-02-16 19:00:00,0.373,1
2026-02-16 20:00:00,0.372,1
2026-02-16 21:00:00,0.371,1
2026-02-16 22:00:00,0.369,0.9
2026-02-16 23:00:00,0.368,0.9
2026-02-17 00:00:00,0.367,0.9
2026-02-17 01:00:00,0.366,0.9
2026-02-17 02:00:00,0.364,0.9
2026-02-17 03:00:00,0.363,0.9
2026-02-17 04:00:00,0.363,0.9
2026-02-17 05:00:00,0.362,0.9
2026-02-17 06:00:00,0.361,0.9
2026-02-17 07:00:00,0.361,0.9
2026-02-17 08:00:00,0.36,0.9
2026-02-17 09:00:00,0.36,0.9
2026-02-17 10:00:00,0.36,0.9
2026-02-17 11:00:00,0.36,0.9
2026-02-17 12:00:00,0.36,0.9
2026-02-17 13:00:00,0.359,0.9
2026-02-17 14:00:00,0.359,0.9
2026-02-17 15:00:00,0.358,0.8
2026-02-17 16:00:00,0.358,0.8
2026-02-17 17:00:00,0.357,0.8
2026-02-17 18:00:00,0.356,0.8
2026-02-17 19:00:00,0.355,0.8
2026-02-17 20:00:00,0.354,0.8
2026-02-17 21:00:00,0.353,0.7
2026-02-17 22:00:00,0.352,0.7
2026-02-17 23:00:00,0.351,0.7
2026-02-18 00:00:00,0.35,0.7
2026-02-18 01:00:00,0.349,0.7
2026-02-18 02:00:00,0.348,0.6
2026-02-18 03:00:00,0.348,0.6
2026-02-18 04:00:00,0.347,0.6
2026-02-18 05:00:00,0.347,0.7
2026-02-18 06:00:00,0.347,0.7
2026-02-18 07:00:00,0.347,0.7
2026-02-18 08:00:00,0.346,0.7
2026-02-18 09:00:00,0.347,0.7
2026-02-18 10:00:00,0.346,0.7
2026-02-18 11:00:00,0.346,0.7
2026-02-18 12:00:00,0.346,0.7
2026-02-18 13:00:00,0.346,0.7
2026-02-18 14:00:00,0.347,0.7
2026-02-18 15:00:00,0.346,0.7
2026-02-18 16:00:00,0.346,0.7
2026-02-18 17:00:00,0.346,0.7
2026-02-18 18:00:00,0.346,0.7
2026-02-18 19:00:00,0.345,0.7
2026-02-18 20:00:00,0.345,0.6
2026-02-18 21:00:00,0.345,0.6
2026-02-18 22:00:00,0.344,0.6
2026-02-18 23:00:00,0.343,0.6
2026-02-19 00:00:00,0.342,0.5
2026-02-19 01:00:00,0.342,0.5
2026-02-19 02:00:00,0.341,0.5
2026-02-19 03:00:00,0.341,0.5
2026-02-19 04:00:00,0.34,0.5
2026-02-19 05:00:00,0.34,0.5
2026-02-19 06:00:00,0.34,0.5
2026-02-19 07:00:00,0.34,0.5
2026-02-19 08:00:00,0.34,0.5
2026-02-19 09:00:00,0.34,0.5
2026-02-19 10:00:00,0.34,0.5
2026-02-19 11:00:00,0.34,0.5
2026-02-19 12:00:00,0.34,0.5
2026-02-19 13:00:00,0.34,0.5
2026-02-19 14:00:00,0.34,0.5
2026-02-19 15:00:00,0.34,0.5
2026-02-19 16:00:00,0.34,0.5
2026-02-19 17:00:00,0.34,0.5
2026-02-19 18:00:00,0.34,0.5
2026-02-19 19:00:00,0.34,0.5
2026-02-19 20:00:00,0.34,0.5
2026-02-19 21:00:00,0.339,0.5
2026-02-19 22:00:00,0.339,0.5
2026-02-19 23:00:00,0.338,0.5
2026-02-20 00:00:00,0.337,0.4
2026-02-20 01:00:00,0.337,0.4
2026-02-20 02:00:00,0.337,0.4
2026-02-20 03:00:00,0.336,0.4
2026-02-20 04:00:00,0.336,0.4
2026-02-20 05:00:00,0.336,0.5
2026-02-20 06:00:00,0.337,0.5
2026-02-20 07:00:00,0.337,0.5
2026-02-20 08:00:00,0.337,0.5
2026-02-20 09:00:00,0.337,0.5
2026-02-20 10:00:00,0.337,0.5
2026-02-20 11:00:00,0.337,0.5
2026-02-20 12:00:00,0.337,0.5
2026-02-20 13:00:00,0.337,0.5
2026-02-20 14:00:00,0.337,0.5
2026-02-20 15:00:00,0.338,0.5
2026-02-20 16:00:00,0.338,0.5
2026-02-20 17:00:00,0.338,0.5
2026-02-20 18:00:00,0.338,0.5
2026-02-20 19:00:00,0.338,0.5
2026-02-20 20:00:00,0.339,0.5
2026-02-20 21:00:00,0.339,0.5
2026-02-20 22:00:00,0.339,0.5
2026-02-20 23:00:00,0.339,0.5
2026-02-21 00:00:00,0.339,0.5
2026-02-21 01:00:00,0.339,0.5
2026-02-21 02:00:00,0.339,0.5
2026-02-21 03:00:00,0.34,0.6
2026-02-21 04:00:00,0.34,0.6
2026-02-21 05:00:00,0.34,0.6
2026-02-21 06:00:00,0.341,0.6
2026-02-21 07:00:00,0.341,0.6
2026-02-21 08:00:00,0.342,0.6
2026-02-21 09:00:00,0.343,0.6
2026-02-21 10:00:00,0.343,0.6
2026-02-21 11:00:00,0.344,0.6
2026-02-21 12:00:00,0.344,0.6
2026-02-21 13:00:00,0.345,0.6
2026-02-21 14:00:00,0.345,0.6
2026-02-21 15:00:00,0.346,0.6
2026-02-21 16:00:00,0.346,0.6
2026-02-21 17:00:00,0.347,0.6
2026-02-21 18:00:00,0.347,0.6
2026-02-21 19:00:00,0.348,0.6
2026-02-21 20:00:00,0.349,0.6
2026-02-21 21:00:00,0.356,0.6
2026-02-21 22:00:00,0.371,0.7
2026-02-21 23:00:00,0.377,0.8
2026-02-22 00:00:00,0.379,1.1
2026-02-22 01:00:00,0.379,1.6
2026-02-22 02:00:00,0.379,2.3
2026-02-22 03:00:00,0.378,3
2026-02-22 04:00:00,0.378,3.7
2026-02-22 05:00:00,0.377,4.4
2026-02-22 06:00:00,0.376,4.8
2026-02-22 07:00:00,0.374,5.1
2026-02-22 08:00:00,0.373,5
2026-02-22 09:00:00,0.371,4.8
2026-02-22 10:00:00,0.369,4.4
2026-02-22 11:00:00,0.368,3.9
2026-02-22 12:00:00,0.367,3.4
2026-02-22 13:00:00,0.367,3
2026-02-22 14:00:00,0.366,2.7
2026-02-22 15:00:00,0.365,2.4
2026-02-22 16:00:00,0.365,2.3
2026-02-22 17:00:00,0.364,2.1
2026-02-22 18:00:00,0.364,2
2026-02-22 19:00:00,0.363,1.9
2026-02-22 20:00:00,0.363,1.8
2026-02-22 21:00:00,0.362,1.7
2026-02-22 22:00:00,0.362,1.7
2026-02-22 23:00:00,0.36,1.6
2026-02-23 00:00:00,0.359,1.5
2026-02-23 01:00:00,0.359,1.5
2026-02-23 02:00:00,0.359,1.4
2026-02-23 03:00:00,0.359,1.4
2026-02-23 04:00:00,0.358,1.4
2026-02-23 05:00:00,0.359,1.6
2026-02-23 06:00:00,0.359,1.9
2026-02-23 07:00:00,0.36,2.2
2026-02-23 08:00:00,0.36,2.3
2026-02-23 09:00:00,0.36,2.3
2026-02-23 10:00:00,0.361,2.1
2026-02-23 11:00:00,0.361,1.8
2026-02-23 12:00:00,0.361,1.6
2026-02-23 13:00:00,0.361,1.5
2026-02-23 14:00:00,0.361,1.4
2026-02-23 15:00:00,0.361,1.4
2026-02-23 16:00:00,0.361,1.3
2026-02-23 17:00:00,0.361,1.3
2026-02-23 18:00:00,0.36,1.3
2026-02-23 19:00:00,0.36,1.2
2026-02-23 20:00:00,0.36,1.2
2026-02-23 21:00:00,0.36,1.2
2026-02-23 22:00:00,0.36,1.2
2026-02-23 23:00:00,0.359,1.2
2026-02-24 00:00:00,0.359,1.2
2026-02-24 01:00:00,0.359,1.2
2026-02-24 02:00:00,0.37,1.2
2026-02-24 03:00:00,0.384,1.2
2026-02-24 04:00:00,0.385,1.4
2026-02-24 05:00:00,0.385,1.7
2026-02-24 06:00:00,0.385,2
2026-02-24 07:00:00,0.384,2.3
2026-02-24 08:00:00,0.384,2.6
2026-02-24 09:00:00,0.383,2.7
2026-02-24 10:00:00,0.383,2.7
2026-02-24 11:00:00,0.383,2.7
2026-02-24 12:00:00,0.383,2.6
2026-02-24 13:00:00,0.383,2.4
2026-02-24 14:00:00,0.384,2
2026-02-24 15:00:00,0.384,1.8
2026-02-24 16:00:00,0.384,1.6
2026-02-24 17:00:00,0.383,1.5
2026-02-24 18:00:00,0.383,1.4
2026-02-24 19:00:00,0.382,1.3
2026-02-24 20:00:00,0.381,1.3
2026-02-24 21:00:00,0.381,1.2
2026-02-24 22:00:00,0.381,1.2
2026-02-24 23:00:00,0.381,1.2
2026-02-25 00:00:00,0.382,1.2
2026-02-25 01:00:00,0.384,1.5
2026-02-25 02:00:00,0.385,2.3
2026-02-25 03:00:00,0.384,3
2026-02-25 04:00:00,0.384,3.8
2026-02-25 05:00:00,0.383,4.5
2026-02-25 06:00:00,0.383,5.1
2026-02-25 07:00:00,0.382,5.8
2026-02-25 08:00:00,0.382,5.8
2026-02-25 09:00:00,0.382,5.5
2026-02-25 10:00:00,0.381,5.1
2026-02-25 11:00:00,0.381,4.7
2026-02-25 12:00:00,0.381,4.2
2026-02-25 13:00:00,0.381,3.8
2026-02-25 14:00:00,0.381,3.5
2026-02-25 15:00:00,0.381,3.1
2026-02-25 16:00:00,0.381,2.8
2026-02-25 17:00:00,0.381,2.5
2026-02-25 18:00:00,0.381,2.3
2026-02-25 19:00:00,0.381,2.1
2026-02-25 20:00:00,0.381,2
2026-02-25 21:00:00,0.381,1.8
2026-02-25 22:00:00,0.38,1.7
2026-02-25 23:00:00,0.379,1.7
2026-02-26 00:00:00,0.378,1.6
2026-02-26 01:00:00,0.378,1.6
2026-02-26 02:00:00,0.379,2
2026-02-26 03:00:00,0.381,2.9
2026-02-26 04:00:00,0.382,4
2026-02-26 05:00:00,0.383,5
2026-02-26 06:00:00,0.382,5.8
2026-02-26 07:00:00,0.382,6.2
2026-02-26 08:00:00,0.381,6.3
2026-02-26 09:00:00,0.381,6.2
2026-02-26 10:00:00,0.38,6
2026-02-26 11:00:00,0.379,5.8
2026-02-26 12:00:00,0.378,5.7
2026-02-26 13:00:00,0.378,5.6
2026-02-26 14:00:00,0.377,5.5
2026-02-26 15:00:00,0.377,5.4
2026-02-26 16:00:00,0.376,5.3
2026-02-26 17:00:00,0.379,5.3
2026-02-26 18:00:00,0.382,5.3
2026-02-26 19:00:00,0.382,5.2
2026-02-26 20:00:00,0.383,5.2
2026-02-26 21:00:00,0.383,5.2
2026-02-26 22:00:00,0.383,5.2
2026-02-26 23:00:00,0.384,5.2
2026-02-27 00:00:00,0.383,5.3
2026-02-27 01:00:00,0.383,5.6
2026-02-27 02:00:00,0.383,6.2
2026-02-27 03:00:00,0.382,6.9
2026-02-27 04:00:00,0.382,7.6
2026-02-27 05:00:00,0.382,8
2026-02-27 06:00:00,0.381,8.1
2026-02-27 07:00:00,0.381,8.3
2026-02-27 08:00:00,0.381,8.4
2026-02-27 09:00:00,0.381,8.3
2026-02-27 10:00:00,0.38,7.9
2026-02-27 11:00:00,0.379,7.3
2026-02-27 12:00:00,0.379,6.8
2026-02-27 13:00:00,0.378,6.4
2026-02-27 14:00:00,0.378,5.9
2026-02-27 15:00:00,0.378,5.5
2026-02-27 16:00:00,0.378,5.2
2026-02-27 17:00:00,0.378,4.9
2026-02-27 18:00:00,0.378,4.5
2026-02-27 19:00:00,0.378,4.2
2026-02-27 20:00:00,0.378,3.9
2026-02-27 21:00:00,0.379,3.7
2026-02-27 22:00:00,0.379,3.4
2026-02-27 23:00:00,0.379,3.2
2026-02-28 00:00:00,0.379,3.1
2026-02-28 01:00:00,0.38,3.2
2026-02-28 02:00:00,0.381,3.5
2026-02-28 03:00:00,0.381,4.1
2026-02-28 04:00:00,0.382,4.9
2026-02-28 05:00:00,0.382,5.7
2026-02-28 06:00:00,0.382,6.2
2026-02-28 07:00:00,0.381,6.5
2026-02-28 08:00:00,0.38,6.6
2026-02-28 09:00:00,0.379,6.5
2026-02-28 10:00:00,0.378,6.2
2026-02-28 11:00:00,0.378,6
2026-02-28 12:00:00,0.377,5.8
2026-02-28 13:00:00,0.377,5.6
2026-02-28 14:00:00,0.377,5.3
2026-02-28 15:00:00,0.377,5
2026-02-28 16:00:00,0.376,4.8
2026-02-28 17:00:00,0.376,4.5
2026-02-28 18:00:00,0.376,4.3
2026-02-28 19:00:00,0.376,4.1
2026-02-28 20:00:00,0.377,4.1
2026-02-28 21:00:00,0.376,3.9
2026-02-28 22:00:00,0.376,3.7
2026-02-28 23:00:00,0.376,3.5
2026-03-01 00:00:00,0.377,3.5
2026-03-01 01:00:00,0.377,3.6
2026-03-01 02:00:00,0.377,4.1
2026-03-01 03:00:00,0.377,5
2026-03-01 04:00:00,0.378,5.9
2026-03-01 05:00:00,0.378,6.8
2026-03-01 06:00:00,0.377,7.5
2026-03-01 07:00:00,0.376,7.8
2026-03-01 08:00:00,0.375,7.9
2026-03-01 09:00:00,0.374,7.8
2026-03-01 10:00:00,0.373,7.6
2026-03-01 11:00:00,0.373,7.3
2026-03-01 12:00:00,0.372,7.2
2026-03-01 13:00:00,0.372,7
2026-03-01 14:00:00,0.371,6.9
2026-03-01 15:00:00,0.376,6.8
2026-03-01 16:00:00,0.382,6.7
2026-03-01 17:00:00,0.382,6.6
2026-03-01 18:00:00,0.383,6.4
2026-03-01 19:00:00,0.383,6.3
2026-03-01 20:00:00,0.383,6.2
2026-03-01 21:00:00,0.384,6.1
2026-03-01 22:00:00,0.384,6.1
2026-03-01 23:00:00,0.384,6.1
2026-03-02 00:00:00,0.386,6.2
2026-03-02 01:00:00,0.386,6.4
2026-03-02 02:00:00,0.385,6.8
2026-03-02 03:00:00,0.385,7.2
2026-03-02 04:00:00,0.385,7.5
2026-03-02 05:00:00,0.385,7.9
2026-03-02 06:00:00,0.385,8.3
2026-03-02 07:00:00,0.385,8.2
2026-03-02 08:00:00,0.385,8.1
2026-03-02 09:00:00,0.386,7.8
2026-03-02 10:00:00,0.386,7.6
2026-03-02 11:00:00,0.386,7.4
2026-03-02 12:00:00,0.386,7.2
2026-03-02 13:00:00,0.387,7
2026-03-02 14:00:00,0.387,6.9
2026-03-02 15:00:00,0.387,6.8
2026-03-02 16:00:00,0.387,6.8
2026-03-02 17:00:00,0.387,6.7
2026-03-02 18:00:00,0.387,6.6
2026-03-02 19:00:00,0.387,6.5
2026-03-02 20:00:00,0.387,6.4
2026-03-02 21:00:00,0.388,6.4
2026-03-02 22:00:00,0.388,6.3
2026-03-02 23:00:00,0.388,6.2
2026-03-03 00:00:00,0.387,6.1
2026-03-03 01:00:00,0.387,6.2
2026-03-03 02:00:00,0.387,6.3
2026-03-03 03:00:00,0.387,6.9
2026-03-03 04:00:00,0.386,7.7
2026-03-03 05:00:00,0.386,8.4
2026-03-03 06:00:00,0.385,9
2026-03-03 07:00:00,0.385,9.4
2026-03-03 08:00:00,0.385,9.4
2026-03-03 09:00:00,0.385,9.1
2026-03-03 10:00:00,0.385,8.6
2026-03-03 11:00:00,0.385,8.1
2026-03-03 12:00:00,0.385,7.6
2026-03-03 13:00:00,0.385,7.3
2026-03-03 14:00:00,0.385,7.1
2026-03-03 15:00:00,0.384,6.7
2026-03-03 16:00:00,0.381,6.3
2026-03-03 17:00:00,0.381,5.9
2026-03-03 18:00:00,0.381,5.6
2026-03-03 19:00:00,0.381,5.2
2026-03-03 20:00:00,0.381,5
2026-03-03 21:00:00,0.381,4.7
2026-03-03 22:00:00,0.382,4.4
2026-03-03 23:00:00,0.382,4.2
2026-03-04 00:00:00,0.382,4.1
2026-03-04 01:00:00,0.382,4.2
2026-03-04 02:00:00,0.383,4.6
2026-03-04 03:00:00,0.383,5.2
2026-03-04 04:00:00,0.383,6.1
2026-03-04 05:00:00,0.382,7
2026-03-04 06:00:00,0.382,7.5
2026-03-04 07:00:00,0.38,7.5
2026-03-04 08:00:00,0.379,7.4
2026-03-04 09:00:00,0.378,7.2
2026-03-04 10:00:00,0.377,6.8
2026-03-04 11:00:00,0.377,6.3
2026-03-04 12:00:00,0.377,5.9
2026-03-04 13:00:00,0.376,5.5
2026-03-04 14:00:00,0.375,5.1
2026-03-04 15:00:00,0.375,4.8
2026-03-04 16:00:00,0.375,4.5
2026-03-04 17:00:00,0.375,4.2
2026-03-04 18:00:00,0.375,4
2026-03-04 19:00:00,0.375,3.7
2026-03-04 20:00:00,0.375,3.5
2026-03-04 21:00:00,0.375,3.3
2026-03-04 22:00:00,0.375,3.1
2026-03-04 23:00:00,0.375,3
2026-03-05 00:00:00,0.375,3.2
2026-03-05 01:00:00,0.375,3.5
2026-03-05 02:00:00,0.376,4.1
2026-03-05 03:00:00,0.377,5.1
2026-03-05 04:00:00,0.378,6.3
2026-03-05 05:00:00,0.378,7.3
2026-03-05 06:00:00,0.377,7.9
2026-03-05 07:00:00,0.376,8.3
2026-03-05 08:00:00,0.375,8.5
2026-03-05 09:00:00,0.375,8.4
2026-03-05 10:00:00,0.377,8.1
2026-03-05 11:00:00,0.379,7.9
2026-03-05 12:00:00,0.383,7.6
2026-03-05 13:00:00,0.385,7.4
2026-03-05 14:00:00,0.386,7.1
2026-03-05 15:00:00,0.387,6.8
2026-03-05 16:00:00,0.388,6.5
2026-03-05 17:00:00,0.388,6.2
2026-03-05 18:00:00,0.388,5.9
2026-03-05 19:00:00,0.389,5.7
2026-03-05 20:00:00,0.388,5.4
2026-03-05 21:00:00,0.389,5
2026-03-05 22:00:00,0.389,4.7
2026-03-05 23:00:00,0.389,4.5
2026-03-06 00:00:00,0.389,4.6
2026-03-06 01:00:00,0.389,5
2026-03-06 02:00:00,0.388,5.7
2026-03-06 03:00:00,0.388,6.4
2026-03-06 04:00:00,0.387,6.8
2026-03-06 05:00:00,0.387,7.4
2026-03-06 06:00:00,0.387,7.8
2026-03-06 07:00:00,0.387,7.7
2026-03-06 08:00:00,0.387,7.4
2026-03-06 09:00:00,0.387,6.9
2026-03-06 10:00:00,0.388,6.4
2026-03-06 11:00:00,0.388,5.9
2026-03-06 12:00:00,0.388,5.4
2026-03-06 13:00:00,0.388,5.1
2026-03-06 14:00:00,0.389,4.8
2026-03-06 15:00:00,0.388,4.5
2026-03-06 16:00:00,0.389,4.3
2026-03-06 17:00:00,0.388,4.1
2026-03-06 18:00:00,0.385,3.9
2026-03-06 19:00:00,0.384,3.7
2026-03-06 20:00:00,0.383,3.5
2026-03-06 21:00:00,0.383,3.2
2026-03-06 22:00:00,0.382,3
2026-03-06 23:00:00,0.382,2.9
2026-03-07 00:00:00,0.382,3.1
2026-03-07 01:00:00,0.382,3.3
2026-03-07 02:00:00,0.382,3.4
2026-03-07 03:00:00,0.381,3.9
2026-03-07 04:00:00,0.381,4.6
2026-03-07 05:00:00,0.38,5.5
2026-03-07 06:00:00,0.379,5.8
2026-03-07 07:00:00,0.378,5.5
2026-03-07 08:00:00,0.376,5
2026-03-07 09:00:00,0.375,4.4
2026-03-07 10:00:00,0.374,3.9
2026-03-07 11:00:00,0.374,3.4
2026-03-07 12:00:00,0.374,3.1
2026-03-07 13:00:00,0.373,2.8
2026-03-07 14:00:00,0.373,2.6
2026-03-07 15:00:00,0.372,2.5
2026-03-07 16:00:00,0.372,2.3
2026-03-07 17:00:00,0.371,2.3
2026-03-07 18:00:00,0.37,2.2
2026-03-07 19:00:00,0.369,2.1
2026-03-07 20:00:00,0.369,2
2026-03-07 21:00:00,0.368,1.9
2026-03-07 22:00:00,0.367,1.9
2026-03-07 23:00:00,0.366,1.8
2026-03-08 00:00:00,0.365,1.7
2026-03-08 01:00:00,0.364,1.7
2026-03-08 02:00:00,0.364,1.7
2026-03-08 03:00:00,0.363,1.7
2026-03-08 04:00:00,0.363,1.8
2026-03-08 05:00:00,0.363,2.7
2026-03-08 06:00:00,0.364,3.7
2026-03-08 07:00:00,0.364,4.1
2026-03-08 08:00:00,0.365,4.2
2026-03-08 09:00:00,0.365,4.1
2026-03-08 10:00:00,0.366,3.7
2026-03-08 11:00:00,0.367,3.3
2026-03-08 12:00:00,0.367,2.8
2026-03-08 13:00:00,0.367,2.5
2026-03-08 14:00:00,0.368,2.3
2026-03-08 15:00:00,0.368,2.2
2026-03-08 16:00:00,0.368,2.1
2026-03-08 17:00:00,0.368,2
2026-03-08 18:00:00,0.368,1.9
2026-03-08 19:00:00,0.368,1.9
2026-03-08 20:00:00,0.367,1.8
2026-03-08 21:00:00,0.367,1.7
2026-03-08 22:00:00,0.367,1.7
2026-03-08 23:00:00,0.366,1.7
2026-03-09 00:00:00,0.366,1.7
2026-03-09 01:00:00,0.365,1.7
2026-03-09 02:00:00,0.365,1.7
2026-03-09 03:00:00,0.365,2.2
2026-03-09 04:00:00,0.365,3.2
2026-03-09 05:00:00,0.366,4.2
2026-03-09 06:00:00,0.366,4.8
2026-03-09 07:00:00,0.367,4.7
2026-03-09 08:00:00,0.367,4.5
2026-03-09 09:00:00,0.367,4
2026-03-09 10:00:00,0.367,3.6
2026-03-09 11:00:00,0.367,3.2
2026-03-09 12:00:00,0.367,2.8
2026-03-09 13:00:00,0.367,2.5
2026-03-09 14:00:00,0.367,2.3
2026-03-09 15:00:00,0.367,2.2
2026-03-09 16:00:00,0.367,2
2026-03-09 17:00:00,0.367,1.9
2026-03-09 18:00:00,0.367,1.9
2026-03-09 19:00:00,0.366,1.8
2026-03-09 20:00:00,0.366,1.7
2026-03-09 21:00:00,0.365,1.6
2026-03-09 22:00:00,0.364,1.6
2026-03-09 23:00:00,0.363,1.5
2026-03-10 00:00:00,0.363,1.5
2026-03-10 01:00:00,0.362,1.5
2026-03-10 02:00:00,0.362,1.5
2026-03-10 03:00:00,0.361,1.5
2026-03-10 04:00:00,0.361,2
2026-03-10 05:00:00,0.361,3.4
2026-03-10 06:00:00,0.36,4.5
2026-03-10 07:00:00,0.36,4.7
2026-03-10 08:00:00,0.361,4.5
2026-03-10 09:00:00,0.361,4.2
2026-03-10 10:00:00,0.361,3.8
2026-03-10 11:00:00,0.361,3.3
2026-03-10 12:00:00,0.362,2.9
2026-03-10 13:00:00,0.362,2.6
2026-03-10 14:00:00,0.362,2.3
2026-03-10 15:00:00,0.362,2.2
2026-03-10 16:00:00,0.362,2
2026-03-10 17:00:00,0.362,1.9
2026-03-10 18:00:00,0.362,1.8
2026-03-10 19:00:00,0.362,1.7
2026-03-10 20:00:00,0.361,1.7
2026-03-10 21:00:00,0.361,1.6
2026-03-10 22:00:00,0.36,1.5
2026-03-10 23:00:00,0.36,1.5
2026-03-11 00:00:00,0.359,1.5
2026-03-11 01:00:00,0.359,1.4
2026-03-11 02:00:00,0.358,1.4
2026-03-11 03:00:00,0.358,1.6
2026-03-11 04:00:00,0.358,2.6
2026-03-11 05:00:00,0.357,4
2026-03-11 06:00:00,0.357,4.8
2026-03-11 07:00:00,0.357,5.2
2026-03-11 08:00:00,0.357,5.3
2026-03-11 09:00:00,0.357,5.1
2026-03-11 10:00:00,0.358,4.7
2026-03-11 11:00:00,0.358,4.2
2026-03-11 12:00:00,0.358,3.8
2026-03-11 13:00:00,0.358,3.4
2026-03-11 14:00:00,0.358,3.1
2026-03-11 15:00:00,0.359,2.9
2026-03-11 16:00:00,0.359,2.6
2026-03-11 17:00:00,0.359,2.4
2026-03-11 18:00:00,0.359,2.3
2026-03-11 19:00:00,0.359,2.1
2026-03-11 20:00:00,0.359,2
2026-03-11 21:00:00,0.359,2
2026-03-11 22:00:00,0.359,1.9
2026-03-11 23:00:00,0.359,1.8
2026-03-12 00:00:00,0.359,1.8
2026-03-12 01:00:00,0.359,1.9
2026-03-12 02:00:00,0.359,2.4
2026-03-12 03:00:00,0.359,3.3
2026-03-12 04:00:00,0.358,4.4
2026-03-12 05:00:00,0.358,5.6
2026-03-12 06:00:00,0.358,6.3
2026-03-12 07:00:00,0.358,6.5
2026-03-12 08:00:00,0.358,6.4
2026-03-12 09:00:00,0.358,6.1
2026-03-12 10:00:00,0.358,5.7
2026-03-12 11:00:00,0.358,5.2
2026-03-12 12:00:00,0.358,4.7
2026-03-12 13:00:00,0.358,4.3
2026-03-12 14:00:00,0.358,4
2026-03-12 15:00:00,0.358,3.7
2026-03-12 16:00:00,0.358,3.3
2026-03-12 17:00:00,0.358,3.1
2026-03-12 18:00:00,0.358,2.9
2026-03-12 19:00:00,0.358,2.7
2026-03-12 20:00:00,0.358,2.5
2026-03-12 21:00:00,0.358,2.4
2026-03-12 22:00:00,0.358,2.2
2026-03-12 23:00:00,0.358,2.1
2026-03-13 00:00:00,0.358,2.1
2026-03-13 01:00:00,0.358,2.2
2026-03-13 02:00:00,0.358,2.5
2026-03-13 03:00:00,0.357,3.3
2026-03-13 04:00:00,0.357,4.5
2026-03-13 05:00:00,0.356,5.7
2026-03-13 06:00:00,0.356,6.5
2026-03-13 07:00:00,0.356,6.6
2026-03-13 08:00:00,0.355,6.4
2026-03-13 09:00:00,0.355,6.1
2026-03-13 10:00:00,0.355,5.7
2026-03-13 11:00:00,0.355,5.3
2026-03-13 12:00:00,0.355,4.8
2026-03-13 13:00:00,0.355,4.4
2026-03-13 14:00:00,0.356,4.1
2026-03-13 15:00:00,0.356,3.7
2026-03-13 16:00:00,0.356,3.4
2026-03-13 17:00:00,0.356,3.1
2026-03-13 18:00:00,0.356,2.9
2026-03-13 19:00:00,0.356,2.7
2026-03-13 20:00:00,0.356,2.5
2026-03-13 21:00:00,0.355,2.4
2026-03-13 22:00:00,0.355,2.3
2026-03-13 23:00:00,0.355,2.2
2026-03-14 00:00:00,0.355,2.2
2026-03-14 01:00:00,0.355,2.3
2026-03-14 02:00:00,0.354,2.9
2026-03-14 03:00:00,0.354,3.8
2026-03-14 04:00:00,0.353,5
2026-03-14 05:00:00,0.353,6.3
2026-03-14 06:00:00,0.352,7
2026-03-14 07:00:00,0.352,7
2026-03-14 08:00:00,0.352,6.8
2026-03-14 09:00:00,0.352,6.4
2026-03-14 10:00:00,0.352,5.9
2026-03-14 11:00:00,0.352,5.4
2026-03-14 12:00:00,0.352,5
2026-03-14 13:00:00,0.352,4.6
2026-03-14 14:00:00,0.352,4.2
2026-03-14 15:00:00,0.352,3.9
2026-03-14 16:00:00,0.352,3.6
2026-03-14 17:00:00,0.352,3.5
2026-03-14 18:00:00,0.352,3.4
2026-03-14 19:00:00,0.352,3.4
2026-03-14 20:00:00,0.352,3.4
2026-03-14 21:00:00,0.352,3.4
2026-03-14 22:00:00,0.352,3.4
2026-03-14 23:00:00,0.351,3.5
2026-03-15 00:00:00,0.351,3.7
2026-03-15 01:00:00,0.351,4
2026-03-15 02:00:00,0.351,4.4
2026-03-15 03:00:00,0.35,5.1
2026-03-15 04:00:00,0.35,6.1
2026-03-15 05:00:00,0.349,7
2026-03-15 06:00:00,0.349,7.5
2026-03-15 07:00:00,0.348,7.7
2026-03-15 08:00:00,0.348,7.6
2026-03-15 09:00:00,0.348,7.3
2026-03-15 10:00:00,0.348,7
2026-03-15 11:00:00,0.348,6.6
2026-03-15 12:00:00,0.348,6.2
2026-03-15 13:00:00,0.348,5.7
2026-03-15 14:00:00,0.348,5.3
2026-03-15 15:00:00,0.348,4.9
2026-03-15 16:00:00,0.348,4.6
2026-03-15 17:00:00,0.348,4.3
2026-03-15 18:00:00,0.348,4.1
2026-03-15 19:00:00,0.348,3.8
2026-03-15 20:00:00,0.348,3.6
2026-03-15 21:00:00,0.349,3.3
2026-03-15 22:00:00,0.349,3.1
2026-03-15 23:00:00,0.348,3
2026-03-16 00:00:00,0.348,3.2
2026-03-16 01:00:00,0.348,3.7
2026-03-16 02:00:00,0.348,4.4
2026-03-16 03:00:00,0.347,5.5
2026-03-16 04:00:00,0.347,6.7
2026-03-16 05:00:00,0.346,7.7
2026-03-16 06:00:00,0.346,8.3
2026-03-16 07:00:00,0.345,8.3
2026-03-16 08:00:00,0.345,8.2
2026-03-16 09:00:00,0.345,8
2026-03-16 10:00:00,0.345,7.6
2026-03-16 11:00:00,0.345,7
2026-03-16 12:00:00,0.345,6.5
2026-03-16 13:00:00,0.345,6.1
2026-03-16 14:00:00,0.345,5.7
2026-03-16 15:00:00,0.345,5.3
2026-03-16 16:00:00,0.345,5.1
2026-03-16 17:00:00,0.345,4.8
2026-03-16 18:00:00,0.345,4.6
2026-03-16 19:00:00,0.346,4.3
2026-03-16 20:00:00,0.346,4.1
2026-03-16 21:00:00,0.346,3.9
2026-03-16 22:00:00,0.346,3.6
2026-03-16 23:00:00,0.346,3.5
2026-03-17 00:00:00,0.346,3.5
2026-03-17 01:00:00,0.346,3.8
2026-03-17 02:00:00,0.345,4.3
2026-03-17 03:00:00,0.345,5.2
2026-03-17 04:00:00,0.344,6.7
2026-03-17 05:00:00,0.344,8.2
2026-03-17 06:00:00,0.343,9.1
2026-03-17 07:00:00,0.342,9.3
2026-03-17 08:00:00,0.342,9.1
2026-03-17 09:00:00,0.342,8.8
2026-03-17 10:00:00,0.342,8.3
2026-03-17 11:00:00,0.342,7.7
2026-03-17 12:00:00,0.343,7.2
2026-03-17 13:00:00,0.343,6.8
2026-03-17 14:00:00,0.343,6.5
2026-03-17 15:00:00,0.343,6.3
2026-03-17 16:00:00,0.343,6.3
2026-03-17 17:00:00,0.345,6.3
2026-03-17 18:00:00,0.373,6.4
2026-03-17 19:00:00,0.383,6.5
2026-03-17 20:00:00,0.385,6.6
2026-03-17 21:00:00,0.385,6.8
2026-03-17 22:00:00,0.384,6.9
2026-03-17 23:00:00,0.385,7
2026-03-18 00:00:00,0.385,7.2
2026-03-18 01:00:00,0.384,7.5
2026-03-18 02:00:00,0.383,7.8
2026-03-18 03:00:00,0.383,8
2026-03-18 04:00:00,0.382,8.1
2026-03-18 05:00:00,0.381,8.1
2026-03-18 06:00:00,0.381,8.1
2026-03-18 07:00:00,0.381,8
2026-03-18 08:00:00,0.38,7.8
2026-03-18 09:00:00,0.38,7.7
2026-03-18 10:00:00,0.376,7.5
2026-03-18 11:00:00,0.375,7.2
2026-03-18 12:00:00,0.374,6.9
2026-03-18 13:00:00,0.375,6.7
2026-03-18 14:00:00,0.375,6.3
2026-03-18 15:00:00,0.375,5.9
2026-03-18 16:00:00,0.376,5.6
2026-03-18 17:00:00,0.376,5.3
2026-03-18 18:00:00,0.376,5
2026-03-18 19:00:00,0.376,4.7
2026-03-18 20:00:00,0.376,4.4
2026-03-18 21:00:00,0.376,4.1
2026-03-18 22:00:00,0.376,3.9
2026-03-18 23:00:00,0.376,3.7
2026-03-19 00:00:00,0.376,3.6
2026-03-19 01:00:00,0.376,3.7
2026-03-19 02:00:00,0.376,3.9
2026-03-19 03:00:00,0.377,4.6
2026-03-19 04:00:00,0.377,6
2026-03-19 05:00:00,0.377,7.5
2026-03-19 06:00:00,0.378,8.5
2026-03-19 07:00:00,0.377,8.6
2026-03-19 08:00:00,0.376,8.2
2026-03-19 09:00:00,0.375,7.7
2026-03-19 10:00:00,0.373,7
2026-03-19 11:00:00,0.372,6.4
2026-03-19 12:00:00,0.372,5.8
2026-03-19 13:00:00,0.371,5.3
2026-03-19 14:00:00,0.37,4.8
2026-03-19 15:00:00,0.37,4.5
2026-03-19 16:00:00,0.37,4.2
2026-03-19 17:00:00,0.369,4
2026-03-19 18:00:00,0.369,3.7
2026-03-19 19:00:00,0.369,3.5
2026-03-19 20:00:00,0.369,3.4
2026-03-19 21:00:00,0.368,3.3
2026-03-19 22:00:00,0.368,3.1
2026-03-19 23:00:00,0.368,3.1
2026-03-20 00:00:00,0.368,3.1
2026-03-20 01:00:00,0.368,3.2
2026-03-20 02:00:00,0.368,3.4
2026-03-20 03:00:00,0.368,4.2
2026-03-20 04:00:00,0.369,5.7
2026-03-20 05:00:00,0.37,7.1
2026-03-20 06:00:00,0.37,8.1
2026-03-20 07:00:00,0.37,8.2
2026-03-20 08:00:00,0.369,8.1
2026-03-20 09:00:00,0.368,7.7
2026-03-20 10:00:00,0.367,7.2
2026-03-20 11:00:00,0.366,6.7
2026-03-20 12:00:00,0.365,6.2
2026-03-20 13:00:00,0.365,5.8
2026-03-20 14:00:00,0.365,5.4
2026-03-20 15:00:00,0.365,5
2026-03-20 16:00:00,0.364,4.7
2026-03-20 17:00:00,0.364,4.3
2026-03-20 18:00:00,0.364,4
2026-03-20 19:00:00,0.364,3.7
2026-03-20 20:00:00,0.364,3.4
2026-03-20 21:00:00,0.364,3.2
2026-03-20 22:00:00,0.364,3
2026-03-20 23:00:00,0.364,2.9
2026-03-21 00:00:00,0.364,3.1
2026-03-21 01:00:00,0.364,3.5
2026-03-21 02:00:00,0.363,3.8
2026-03-21 03:00:00,0.363,4.7
2026-03-21 04:00:00,0.363,6.3
2026-03-21 05:00:00,0.363,7.9
2026-03-21 06:00:00,0.363,8.8
2026-03-21 07:00:00,0.363,8.8
2026-03-21 08:00:00,0.362,8.4
2026-03-21 09:00:00,0.362,7.8
2026-03-21 10:00:00,0.361,7.2
2026-03-21 11:00:00,0.361,6.5
2026-03-21 12:00:00,0.361,6
2026-03-21 13:00:00,0.361,5.5
2026-03-21 14:00:00,0.361,5
2026-03-21 15:00:00,0.36,4.7
2026-03-21 16:00:00,0.36,4.4
2026-03-21 17:00:00,0.36,4.2
2026-03-21 18:00:00,0.36,4.1
2026-03-21 19:00:00,0.36,4
2026-03-21 20:00:00,0.36,3.9
2026-03-21 21:00:00,0.36,3.8
2026-03-21 22:00:00,0.36,3.6
2026-03-21 23:00:00,0.36,3.7
2026-03-22 00:00:00,0.359,4.1
2026-03-22 01:00:00,0.359,4.7
2026-03-22 02:00:00,0.359,5.4
2026-03-22 03:00:00,0.358,6.4
2026-03-22 04:00:00,0.358,7.7
2026-03-22 05:00:00,0.357,9
2026-03-22 06:00:00,0.357,9.8
2026-03-22 07:00:00,0.356,9.9
2026-03-22 08:00:00,0.356,9.6
2026-03-22 09:00:00,0.356,8.9
2026-03-22 10:00:00,0.355,8.3
2026-03-22 11:00:00,0.355,7.7
2026-03-22 12:00:00,0.355,7.1
2026-03-22 13:00:00,0.355,6.6
2026-03-22 14:00:00,0.355,6.1
2026-03-22 15:00:00,0.355,5.8
2026-03-22 16:00:00,0.355,5.4
2026-03-22 17:00:00,0.355,5.1
2026-03-22 18:00:00,0.354,4.8
2026-03-22 19:00:00,0.354,4.5
2026-03-22 20:00:00,0.354,4.2
2026-03-22 21:00:00,0.354,4
2026-03-22 22:00:00,0.354,3.7
2026-03-22 23:00:00,0.354,3.7
2026-03-23 00:00:00,0.354,3.7
2026-03-23 01:00:00,0.354,3.9
2026-03-23 02:00:00,0.353,4.3
2026-03-23 03:00:00,0.353,5.4
2026-03-23 04:00:00,0.352,7
2026-03-23 05:00:00,0.351,8.5
2026-03-23 06:00:00,0.35,9.4
2026-03-23 07:00:00,0.35,9.7
2026-03-23 08:00:00,0.349,9.5
2026-03-23 09:00:00,0.349,9.1
2026-03-23 10:00:00,0.349,8.6
2026-03-23 11:00:00,0.349,8
2026-03-23 12:00:00,0.349,7.5
2026-03-23 13:00:00,0.349,7
2026-03-23 14:00:00,0.349,6.6
2026-03-23 15:00:00,0.349,6.2
2026-03-23 16:00:00,0.349,5.9
2026-03-23 17:00:00,0.349,5.6
2026-03-23 18:00:00,0.349,5.3
2026-03-23 19:00:00,0.349,5
2026-03-23 20:00:00,0.349,4.8
2026-03-23 21:00:00,0.349,4.7
2026-03-23 22:00:00,0.349,4.6
2026-03-23 23:00:00,0.349,4.6
2026-03-24 00:00:00,0.348,4.9
2026-03-24 01:00:00,0.348,5.5
2026-03-24 02:00:00,0.348,6.1
2026-03-24 03:00:00,0.347,7.2
2026-03-24 04:00:00,0.346,8.6
2026-03-24 05:00:00,0.345,9.7
2026-03-24 06:00:00,0.345,10.6
2026-03-24 07:00:00,0.344,11
2026-03-24 08:00:00,0.344,10.9
2026-03-24 09:00:00,0.343,10.6
2026-03-24 10:00:00,0.343,10.3
2026-03-24 11:00:00,0.343,9.9
2026-03-24 12:00:00,0.343,9.5
2026-03-24 13:00:00,0.344,9.3
2026-03-24 14:00:00,0.344,9
2026-03-24 15:00:00,0.344,8.8
2026-03-24 16:00:00,0.344,8.7
2026-03-24 17:00:00,0.344,8.5
2026-03-24 18:00:00,0.344,8.4
2026-03-24 19:00:00,0.344,8.3
2026-03-24 20:00:00,0.344,8.2
2026-03-24 21:00:00,0.344,8.1
2026-03-24 22:00:00,0.344,8.1
2026-03-24 23:00:00,0.344,8.1
2026-03-25 00:00:00,0.344,8.3
2026-03-25 01:00:00,0.344,8.6
2026-03-25 02:00:00,0.344,9
2026-03-25 03:00:00,0.344,9.6
2026-03-25 04:00:00,0.343,10.7
2026-03-25 05:00:00,0.343,11.8
2026-03-25 06:00:00,0.343,12.6
2026-03-25 07:00:00,0.342,12.6
2026-03-25 08:00:00,0.342,12.3
2026-03-25 09:00:00,0.342,11.7
2026-03-25 10:00:00,0.342,11.1
2026-03-25 11:00:00,0.342,10.5
2026-03-25 12:00:00,0.342,10
2026-03-25 13:00:00,0.342,9.5
2026-03-25 14:00:00,0.342,9.1
2026-03-25 15:00:00,0.343,8.7
2026-03-25 16:00:00,0.343,8.4
2026-03-25 17:00:00,0.343,8
2026-03-25 18:00:00,0.343,7.7
2026-03-25 19:00:00,0.343,7.4
2026-03-25 20:00:00,0.343,7.2
2026-03-25 21:00:00,0.343,7.2
2026-03-25 22:00:00,0.343,7.1
2026-03-25 23:00:00,0.343,7
2026-03-26 00:00:00,0.343,7.2
2026-03-26 01:00:00,0.343,7.5
2026-03-26 02:00:00,0.343,7.9
2026-03-26 03:00:00,0.342,8.9
2026-03-26 04:00:00,0.341,10.3
2026-03-26 05:00:00,0.341,11.5
2026-03-26 06:00:00,0.34,12.3
2026-03-26 07:00:00,0.34,12.4
2026-03-26 08:00:00,0.339,12.1
2026-03-26 09:00:00,0.339,11.6
2026-03-26 10:00:00,0.339,10.8
2026-03-26 11:00:00,0.339,10.1
2026-03-26 12:00:00,0.339,9.5
2026-03-26 13:00:00,0.339,9
2026-03-26 14:00:00,0.339,8.7
2026-03-26 15:00:00,0.339,8.3
2026-03-26 16:00:00,0.339,8
2026-03-26 17:00:00,0.34,7.6
2026-03-26 18:00:00,0.34,7.3
2026-03-26 19:00:00,0.34,7
2026-03-26 20:00:00,0.34,6.7
2026-03-26 21:00:00,0.34,6.5
2026-03-26 22:00:00,0.34,6.3
2026-03-26 23:00:00,0.34,6.3
2026-03-27 00:00:00,0.34,6.6
2026-03-27 01:00:00,0.34,7.1
2026-03-27 02:00:00,0.34,7.8
2026-03-27 03:00:00,0.339,8.9
2026-03-27 04:00:00,0.338,10.3
2026-03-27 05:00:00,0.337,11.5
2026-03-27 06:00:00,0.337,12.4
2026-03-27 07:00:00,0.336,12.5
2026-03-27 08:00:00,0.336,12.2
2026-03-27 09:00:00,0.336,11.7
2026-03-27 10:00:00,0.335,11.1
2026-03-27 11:00:00,0.336,10.5
2026-03-27 12:00:00,0.336,10
2026-03-27 13:00:00,0.336,9.6
2026-03-27 14:00:00,0.336,9.2
2026-03-27 15:00:00,0.336,8.9
2026-03-27 16:00:00,0.336,8.8
2026-03-27 17:00:00,0.336,8.8
2026-03-27 18:00:00,0.336,8.8
2026-03-27 19:00:00,0.336,8.8
2026-03-27 20:00:00,0.336,8.7
2026-03-27 21:00:00,0.337,8.5
2026-03-27 22:00:00,0.337,8.1
2026-03-27 23:00:00,0.337,8
2026-03-28 00:00:00,0.337,8.1
2026-03-28 01:00:00,0.337,8.2
2026-03-28 02:00:00,0.337,8.4
2026-03-28 03:00:00,0.336,9.3
2026-03-28 04:00:00,0.335,10.9
2026-03-28 05:00:00,0.334,12.2
2026-03-28 06:00:00,0.334,12.9
2026-03-28 07:00:00,0.333,12.8
2026-03-28 08:00:00,0.333,12.4
2026-03-28 09:00:00,0.333,11.7
2026-03-28 10:00:00,0.333,11.1
2026-03-28 11:00:00,0.333,10.4
2026-03-28 12:00:00,0.333,9.8
2026-03-28 13:00:00,0.334,9.2
2026-03-28 14:00:00,0.334,8.7
2026-03-28 15:00:00,0.334,8.3
2026-03-28 16:00:00,0.334,7.9
2026-03-28 17:00:00,0.334,7.6
2026-03-28 18:00:00,0.335,7.4
2026-03-28 19:00:00,0.335,7.2
2026-03-28 20:00:00,0.335,7
2026-03-28 21:00:00,0.335,6.7
2026-03-28 22:00:00,0.335,6.6
2026-03-28 23:00:00,0.335,6.6
2026-03-29 00:00:00,0.335,6.8
2026-03-29 01:00:00,0.335,7.2
2026-03-29 02:00:00,0.335,7.8
2026-03-29 03:00:00,0.334,9
2026-03-29 04:00:00,0.333,10.7
2026-03-29 05:00:00,0.332,12.2
2026-03-29 06:00:00,0.332,13.2
2026-03-29 07:00:00,0.331,13.5
2026-03-29 08:00:00,0.331,13.5
2026-03-29 09:00:00,0.331,13.3
2026-03-29 10:00:00,0.331,12.9
2026-03-29 11:00:00,0.331,12.3
2026-03-29 12:00:00,0.331,11.8
2026-03-29 13:00:00,0.331,11.3
2026-03-29 14:00:00,0.331,10.8
2026-03-29 15:00:00,0.331,10.4
2026-03-29 16:00:00,0.332,10.1
2026-03-29 17:00:00,0.332,9.9
2026-03-29 18:00:00,0.332,9.7
2026-03-29 19:00:00,0.332,9.5
2026-03-29 20:00:00,0.332,9.3
2026-03-29 21:00:00,0.333,9.2
2026-03-29 22:00:00,0.333,9.1
2026-03-29 23:00:00,0.333,9.2
2026-03-30 00:00:00,0.332,9.6
2026-03-30 01:00:00,0.332,10.2
2026-03-30 02:00:00,0.332,11
2026-03-30 03:00:00,0.331,11.5
2026-03-30 04:00:00,0.331,11.8
2026-03-30 05:00:00,0.331,12
2026-03-30 06:00:00,0.331,12.1
2026-03-30 07:00:00,0.332,12.2
2026-03-30 08:00:00,0.359,12.2
2026-03-30 09:00:00,0.387,12.3
2026-03-30 10:00:00,0.387,12.2
2026-03-30 11:00:00,0.388,12.1
2026-03-30 12:00:00,0.388,11.9
2026-03-30 13:00:00,0.389,11.8
2026-03-30 14:00:00,0.389,11.6
2026-03-30 15:00:00,0.389,11.5
2026-03-30 16:00:00,0.389,11.4
2026-03-30 17:00:00,0.389,11.3
2026-03-30 18:00:00,0.389,11.2
2026-03-30 19:00:00,0.389,11.1
2026-03-30 20:00:00,0.389,11
2026-03-30 21:00:00,0.389,10.9
2026-03-30 22:00:00,0.39,10.7
2026-03-30 23:00:00,0.39,10.7
2026-03-31 00:00:00,0.389,10.8
2026-03-31 01:00:00,0.389,11
2026-03-31 02:00:00,0.389,11.3
2026-03-31 03:00:00,0.388,12
2026-03-31 04:00:00,0.386,13.2
2026-03-31 05:00:00,0.383,14.4
2026-03-31 06:00:00,0.381,15.1
2026-03-31 07:00:00,0.381,15.2
2026-03-31 08:00:00,0.381,15.1
2026-03-31 09:00:00,0.381,14.8
2026-03-31 10:00:00,0.381,14.2
2026-03-31 11:00:00,0.382,13.6
2026-03-31 12:00:00,0.381,13.2
2026-03-31 13:00:00,0.379,12.8
2026-03-31 14:00:00,0.374,12.4
2026-03-31 15:00:00,0.372,12
2026-03-31 16:00:00,0.371,11.7
2026-03-31 17:00:00,0.37,11.5
2026-03-31 18:00:00,0.37,11.3
2026-03-31 19:00:00,0.37,11.2
2026-03-31 20:00:00,0.37,11
2026-03-31 21:00:00,0.37,10.9
2026-03-31 22:00:00,0.37,10.8
2026-03-31 23:00:00,0.37,10.9
2026-04-01 00:00:00,0.37,11.2
2026-04-01 01:00:00,0.37,11.6
2026-04-01 02:00:00,0.37,12.1
2026-04-01 03:00:00,0.37,12.7
2026-04-01 04:00:00,0.37,13.4
2026-04-01 05:00:00,0.369,13.7
2026-04-01 06:00:00,0.368,14
2026-04-01 07:00:00,0.368,14.1
2026-04-01 08:00:00,0.367,14
2026-04-01 09:00:00,0.367,13.7
2026-04-01 10:00:00,0.366,13.1
2026-04-01 11:00:00,0.365,12.6
2026-04-01 12:00:00,0.365,12.1
2026-04-01 13:00:00,0.365,11.5
2026-04-01 14:00:00,0.364,11.1
2026-04-01 15:00:00,0.363,10.6
2026-04-01 16:00:00,0.363,10.2
2026-04-01 17:00:00,0.363,9.7
2026-04-01 18:00:00,0.363,9.3
2026-04-01 19:00:00,0.363,9
2026-04-01 20:00:00,0.363,8.7
2026-04-01 21:00:00,0.363,8.4
2026-04-01 22:00:00,0.363,8.1
2026-04-01 23:00:00,0.363,8
2026-04-02 00:00:00,0.363,8.2
2026-04-02 01:00:00,0.363,8.6
2026-04-02 02:00:00,0.363,9
2026-04-02 03:00:00,0.363,9.9
2026-04-02 04:00:00,0.363,11.5
2026-04-02 05:00:00,0.363,13
2026-04-02 06:00:00,0.363,13.9
2026-04-02 07:00:00,0.362,14.1
2026-04-02 08:00:00,0.361,14
2026-04-02 09:00:00,0.36,13.7
2026-04-02 10:00:00,0.359,13.1
2026-04-02 11:00:00,0.359,12.4
2026-04-02 12:00:00,0.358,11.8
2026-04-02 13:00:00,0.358,11.3
2026-04-02 14:00:00,0.358,10.9
2026-04-02 15:00:00,0.358,10.5
2026-04-02 16:00:00,0.358,10.3
2026-04-02 17:00:00,0.358,10
2026-04-02 18:00:00,0.358,9.8
2026-04-02 19:00:00,0.358,9.6
2026-04-02 20:00:00,0.358,9.3
2026-04-02 21:00:00,0.358,9.1
2026-04-02 22:00:00,0.358,8.8
2026-04-02 23:00:00,0.358,8.8
2026-04-03 00:00:00,0.358,9.2
2026-04-03 01:00:00,0.357,10
2026-04-03 02:00:00,0.357,10.9
2026-04-03 03:00:00,0.357,12
2026-04-03 04:00:00,0.356,13.2
2026-04-03 05:00:00,0.356,14.4
2026-04-03 06:00:00,0.355,15.2
2026-04-03 07:00:00,0.355,15.4
2026-04-03 08:00:00,0.354,15.1
2026-04-03 09:00:00,0.354,14.6
2026-04-03 10:00:00,0.353,14.1
2026-04-03 11:00:00,0.353,13.7
2026-04-03 12:00:00,0.353,13.4
2026-04-03 13:00:00,0.358,13.1
2026-04-03 14:00:00,0.377,12.9
2026-04-03 15:00:00,0.38,12.7
2026-04-03 16:00:00,0.381,12.4
2026-04-03 17:00:00,0.381,12.3
2026-04-03 18:00:00,0.382,12.1
2026-04-03 19:00:00,0.382,12.1
2026-04-03 20:00:00,0.382,12
2026-04-03 21:00:00,0.382,11.9
2026-04-03 22:00:00,0.382,11.9
2026-04-03 23:00:00,0.383,11.8
2026-04-04 00:00:00,0.383,12
2026-04-04 01:00:00,0.382,12.3
2026-04-04 02:00:00,0.382,12.9
2026-04-04 03:00:00,0.382,13.4
2026-04-04 04:00:00,0.381,13.9
2026-04-04 05:00:00,0.381,14.1
2026-04-04 06:00:00,0.381,14.2
2026-04-04 07:00:00,0.381,14.4
2026-04-04 08:00:00,0.382,14.1
2026-04-04 09:00:00,0.382,13.7
2026-04-04 10:00:00,0.383,13.3
2026-04-04 11:00:00,0.384,12.9
2026-04-04 12:00:00,0.384,12.5
2026-04-04 13:00:00,0.384,12.2
2026-04-04 14:00:00,0.385,12
2026-04-04 15:00:00,0.385,11.7
2026-04-04 16:00:00,0.385,11.4
2026-04-04 17:00:00,0.385,11.2
2026-04-04 18:00:00,0.385,11
2026-04-04 19:00:00,0.385,10.7
2026-04-04 20:00:00,0.386,10.5
2026-04-04 21:00:00,0.386,10.2
2026-04-04 22:00:00,0.386,10
2026-04-04 23:00:00,0.386,10
2026-04-05 00:00:00,0.386,10.1
2026-04-05 01:00:00,0.385,10.3
2026-04-05 02:00:00,0.384,10.6
2026-04-05 03:00:00,0.384,11.3
2026-04-05 04:00:00,0.383,12.8
2026-04-05 05:00:00,0.378,14.1
2026-04-05 06:00:00,0.373,15
2026-04-05 07:00:00,0.372,15.2
2026-04-05 08:00:00,0.372,15
2026-04-05 09:00:00,0.371,14.5
2026-04-05 10:00:00,0.37,13.9
2026-04-05 11:00:00,0.369,13.2
2026-04-05 12:00:00,0.368,12.6
2026-04-05 13:00:00,0.368,12.2
2026-04-05 14:00:00,0.367,12
2026-04-05 15:00:00,0.367,11.9
2026-04-05 16:00:00,0.367,11.8
2026-04-05 17:00:00,0.367,11.7
2026-04-05 18:00:00,0.367,11.7
2026-04-05 19:00:00,0.372,11.6
2026-04-05 20:00:00,0.376,11.6
2026-04-05 21:00:00,0.377,11.5
2026-04-05 22:00:00,0.378,11.5
2026-04-05 23:00:00,0.379,11.6
2026-04-06 00:00:00,0.379,12
2026-04-06 01:00:00,0.379,12.6
2026-04-06 02:00:00,0.38,13.1
2026-04-06 03:00:00,0.38,13.3
2026-04-06 04:00:00,0.38,13.6
2026-04-06 05:00:00,0.38,13.8
2026-04-06 06:00:00,0.38,13.8
2026-04-06 07:00:00,0.379,13.7
2026-04-06 08:00:00,0.379,13.5
2026-04-06 09:00:00,0.38,13.4
2026-04-06 10:00:00,0.381,13.1
2026-04-06 11:00:00,0.382,12.6
2026-04-06 12:00:00,0.382,12
2026-04-06 13:00:00,0.383,11.6
2026-04-06 14:00:00,0.383,11.1
2026-04-06 15:00:00,0.383,10.7
2026-04-06 16:00:00,0.384,10.3
2026-04-06 17:00:00,0.384,9.9
2026-04-06 18:00:00,0.384,9.5
2026-04-06 19:00:00,0.385,9.1
2026-04-06 20:00:00,0.385,8.8
2026-04-06 21:00:00,0.385,8.5
2026-04-06 22:00:00,0.385,8.2
2026-04-06 23:00:00,0.386,8
2026-04-07 00:00:00,0.386,7.9
2026-04-07 01:00:00,0.385,8
2026-04-07 02:00:00,0.383,8
2026-04-07 03:00:00,0.381,8.7
2026-04-07 04:00:00,0.38,10.2
2026-04-07 05:00:00,0.378,11.3
2026-04-07 06:00:00,0.376,11.8
2026-04-07 07:00:00,0.373,11.8
2026-04-07 08:00:00,0.371,11.4
2026-04-07 09:00:00,0.37,10.8
2026-04-07 10:00:00,0.369,10.2
2026-04-07 11:00:00,0.369,9.5
2026-04-07 12:00:00,0.368,9
2026-04-07 13:00:00,0.368,8.5
2026-04-07 14:00:00,0.368,8.1
2026-04-07 15:00:00,0.367,7.7
2026-04-07 16:00:00,0.367,7.4
2026-04-07 17:00:00,0.367,7.1
2026-04-07 18:00:00,0.367,6.8
2026-04-07 19:00:00,0.367,6.5
2026-04-07 20:00:00,0.367,6.2
2026-04-07 21:00:00,0.367,5.9
2026-04-07 22:00:00,0.367,5.7
2026-04-07 23:00:00,0.367,5.6
2026-04-08 00:00:00,0.367,5.7
2026-04-08 01:00:00,0.367,5.9
2026-04-08 02:00:00,0.366,6.3
2026-04-08 03:00:00,0.366,7.2
2026-04-08 04:00:00,0.366,9.3
2026-04-08 05:00:00,0.365,11
2026-04-08 06:00:00,0.365,12.1
2026-04-08 07:00:00,0.364,12.5
2026-04-08 08:00:00,0.363,12.4
2026-04-08 09:00:00,0.362,12.1
2026-04-08 10:00:00,0.361,11.5
2026-04-08 11:00:00,0.361,11
2026-04-08 12:00:00,0.361,10.5
2026-04-08 13:00:00,0.361,10.1
2026-04-08 14:00:00,0.361,9.8
2026-04-08 15:00:00,0.361,9.5
2026-04-08 16:00:00,0.361,9.4
2026-04-08 17:00:00,0.361,9.3
2026-04-08 18:00:00,0.361,9.3
2026-04-08 19:00:00,0.361,9.2
2026-04-08 20:00:00,0.361,9.2
2026-04-08 21:00:00,0.361,9.2
2026-04-08 22:00:00,0.362,9.2
2026-04-08 23:00:00,0.369,9.4
2026-04-09 00:00:00,0.372,9.6
2026-04-09 01:00:00,0.376,10.1
2026-04-09 02:00:00,0.377,10.5
2026-04-09 03:00:00,0.378,10.9
2026-04-09 04:00:00,0.378,11.2
2026-04-09 05:00:00,0.378,11.6
2026-04-09 06:00:00,0.377,11.9
2026-04-09 07:00:00,0.378,12.2
2026-04-09 08:00:00,0.378,12.5
2026-04-09 09:00:00,0.378,12.5
2026-04-09 10:00:00,0.378,12.5
2026-04-09 11:00:00,0.378,12.5
2026-04-09 12:00:00,0.378,12.4
2026-04-09 13:00:00,0.379,12.4
2026-04-09 14:00:00,0.379,12.3
2026-04-09 15:00:00,0.379,12.3
2026-04-09 16:00:00,0.38,12.3
2026-04-09 17:00:00,0.38,12.3
2026-04-09 18:00:00,0.38,12.2
2026-04-09 19:00:00,0.38,12.2
2026-04-09 20:00:00,0.381,12.1
2026-04-09 21:00:00,0.381,12
2026-04-09 22:00:00,0.381,11.8
2026-04-09 23:00:00,0.382,11.7
2026-04-10 00:00:00,0.382,11.7
2026-04-10 01:00:00,0.382,11.8
2026-04-10 02:00:00,0.382,11.9
2026-04-10 03:00:00,0.382,12
2026-04-10 04:00:00,0.382,12.3
2026-04-10 05:00:00,0.382,12.5
2026-04-10 06:00:00,0.382,12.6
2026-04-10 07:00:00,0.382,12.6
2026-04-10 08:00:00,0.382,12.5
2026-04-10 09:00:00,0.382,12.3
2026-04-10 10:00:00,0.382,12.1
2026-04-10 11:00:00,0.382,11.8
2026-04-10 12:00:00,0.382,11.6
2026-04-10 13:00:00,0.382,11.4
2026-04-10 14:00:00,0.382,11.2
2026-04-10 15:00:00,0.382,11.1
2026-04-10 16:00:00,0.382,11
2026-04-10 17:00:00,0.382,10.9
2026-04-10 18:00:00,0.383,10.8
2026-04-10 19:00:00,0.383,10.7
2026-04-10 20:00:00,0.383,10.7
2026-04-10 21:00:00,0.383,10.6
2026-04-10 22:00:00,0.383,10.6
2026-04-10 23:00:00,0.382,10.7
2026-04-11 00:00:00,0.382,11
2026-04-11 01:00:00,0.38,11.6
2026-04-11 02:00:00,0.379,11.9
2026-04-11 03:00:00,0.378,12.6
2026-04-11 04:00:00,0.378,14
2026-04-11 05:00:00,0.377,15.1
2026-04-11 06:00:00,0.376,15.8
2026-04-11 07:00:00,0.374,16.1
2026-04-11 08:00:00,0.373,16.1
2026-04-11 09:00:00,0.372,15.8
2026-04-11 10:00:00,0.37,15.3
2026-04-11 11:00:00,0.369,14.7
2026-04-11 12:00:00,0.369,14.2
2026-04-11 13:00:00,0.368,13.8
2026-04-11 14:00:00,0.368,13.4
2026-04-11 15:00:00,0.368,13.1
2026-04-11 16:00:00,0.368,12.9
2026-04-11 17:00:00,0.368,12.7
2026-04-11 18:00:00,0.368,12.6
2026-04-11 19:00:00,0.367,12.5
2026-04-11 20:00:00,0.367,12.3
2026-04-11 21:00:00,0.367,12.2
2026-04-11 22:00:00,0.367,12.1
2026-04-11 23:00:00,0.367,12.1
2026-04-12 00:00:00,0.367,12.3
2026-04-12 01:00:00,0.367,12.7
2026-04-12 02:00:00,0.366,13.4
2026-04-12 03:00:00,0.366,14.1
2026-04-12 04:00:00,0.365,14.9
2026-04-12 05:00:00,0.364,15.7
2026-04-12 06:00:00,0.363,16.3
2026-04-12 07:00:00,0.363,16.6
2026-04-12 08:00:00,0.362,16.7
2026-04-12 09:00:00,0.362,16.4
2026-04-12 10:00:00,0.361,15.9
2026-04-12 11:00:00,0.361,15.5
2026-04-12 12:00:00,0.361,15.1
2026-04-12 13:00:00,0.361,14.8
2026-04-12 14:00:00,0.361,14.5
2026-04-12 15:00:00,0.361,14.2
2026-04-12 16:00:00,0.361,14
2026-04-12 17:00:00,0.361,13.7
2026-04-12 18:00:00,0.361,13.5
2026-04-12 19:00:00,0.361,13.3
2026-04-12 20:00:00,0.361,13.1
2026-04-12 21:00:00,0.361,12.9
2026-04-12 22:00:00,0.361,12.6
2026-04-12 23:00:00,0.361,12.4
2026-04-13 00:00:00,0.36,12.4
2026-04-13 01:00:00,0.36,12.6
2026-04-13 02:00:00,0.359,13
2026-04-13 03:00:00,0.358,13.9
2026-04-13 04:00:00,0.357,15
2026-04-13 05:00:00,0.356,16.1
2026-04-13 06:00:00,0.355,16.9
2026-04-13 07:00:00,0.355,17.1
2026-04-13 08:00:00,0.354,17
2026-04-13 09:00:00,0.354,16.7
2026-04-13 10:00:00,0.354,16.3
2026-04-13 11:00:00,0.353,15.8
2026-04-13 12:00:00,0.353,15.4
2026-04-13 13:00:00,0.353,15
2026-04-13 14:00:00,0.352,14.7
2026-04-13 15:00:00,0.352,14.5
2026-04-13 16:00:00,0.352,14.3
2026-04-13 17:00:00,0.352,14.1
2026-04-13 18:00:00,0.352,13.9
2026-04-13 19:00:00,0.352,13.8
2026-04-13 20:00:00,0.352,13.6
2026-04-13 21:00:00,0.352,13.5
2026-04-13 22:00:00,0.351,13.4
2026-04-13 23:00:00,0.351,13.5
2026-04-14 00:00:00,0.351,13.7
2026-04-14 01:00:00,0.35,14
2026-04-14 02:00:00,0.35,14.5
2026-04-14 03:00:00,0.35,14.9
2026-04-14 04:00:00,0.349,15.2
2026-04-14 05:00:00,0.349,15.5
2026-04-14 06:00:00,0.348,15.7
2026-04-14 07:00:00,0.348,15.9
2026-04-14 08:00:00,0.347,16
2026-04-14 09:00:00,0.347,16
2026-04-14 10:00:00,0.347,15.9
2026-04-14 11:00:00,0.347,15.6
2026-04-14 12:00:00,0.347,15.3
2026-04-14 13:00:00,0.346,14.9
2026-04-14 14:00:00,0.346,14.5
2026-04-14 15:00:00,0.346,14.1
2026-04-14 16:00:00,0.346,13.7
2026-04-14 17:00:00,0.347,13.4
2026-04-14 18:00:00,0.347,13.1
2026-04-14 19:00:00,0.346,12.8
2026-04-14 20:00:00,0.346,12.5
2026-04-14 21:00:00,0.346,12.3
2026-04-14 22:00:00,0.346,12.2
2026-04-14 23:00:00,0.346,12.1
2026-04-15 00:00:00,0.346,12.2
2026-04-15 01:00:00,0.346,12.6
2026-04-15 02:00:00,0.345,13.1
2026-04-15 03:00:00,0.345,13.8
2026-04-15 04:00:00,0.343,15.3
2026-04-15 05:00:00,0.343,16.2
2026-04-15 06:00:00,0.342,16.7
2026-04-15 07:00:00,0.341,16.8
2026-04-15 08:00:00,0.341,16.6
2026-04-15 09:00:00,0.34,16.1
2026-04-15 10:00:00,0.34,15.6
2026-04-15 11:00:00,0.34,15
2026-04-15 12:00:00,0.34,14.5
2026-04-15 13:00:00,0.34,14
2026-04-15 14:00:00,0.34,13.6
2026-04-15 15:00:00,0.34,13.3
2026-04-15 16:00:00,0.34,13
2026-04-15 17:00:00,0.34,12.7
2026-04-15 18:00:00,0.34,12.4
2026-04-15 19:00:00,0.34,12.2
2026-04-15 20:00:00,0.34,12
2026-04-15 21:00:00,0.34,11.7
2026-04-15 22:00:00,0.34,11.6
2026-04-15 23:00:00,0.34,11.5
2026-04-16 00:00:00,0.34,11.7
2026-04-16 01:00:00,0.339,12.2
2026-04-16 02:00:00,0.338,12.7
2026-04-16 03:00:00,0.337,13.2
2026-04-16 04:00:00,0.336,14.8
2026-04-16 05:00:00,0.335,15.9
2026-04-16 06:00:00,0.335,16.4
2026-04-16 07:00:00,0.334,16.5
2026-04-16 08:00:00,0.334,16.4
2026-04-16 09:00:00,0.333,16.1
2026-04-16 10:00:00,0.333,15.7
2026-04-16 11:00:00,0.333,15.3
2026-04-16 12:00:00,0.333,14.8
2026-04-16 13:00:00,0.333,14.5
2026-04-16 14:00:00,0.333,14.3
2026-04-16 15:00:00,0.333,14.1
2026-04-16 16:00:00,0.333,13.9
2026-04-16 17:00:00,0.333,13.7
2026-04-16 18:00:00,0.334,13.6
2026-04-16 19:00:00,0.334,13.4
2026-04-16 20:00:00,0.334,13.3
2026-04-16 21:00:00,0.334,13.2
2026-04-16 22:00:00,0.334,13.1
2026-04-16 23:00:00,0.334,13
2026-04-17 00:00:00,0.334,13.2
2026-04-17 01:00:00,0.334,13.4
2026-04-17 02:00:00,0.334,13.6
2026-04-17 03:00:00,0.334,13.8
2026-04-17 04:00:00,0.334,13.9
2026-04-17 05:00:00,0.334,14
2026-04-17 06:00:00,0.335,14.1
2026-04-17 07:00:00,0.344,14.1
2026-04-17 08:00:00,0.36,14.1
2026-04-17 09:00:00,0.367,14.1
2026-04-17 10:00:00,0.371,14.1
2026-04-17 11:00:00,0.373,13.9
2026-04-17 12:00:00,0.375,13.9
2026-04-17 13:00:00,0.377,13.8
2026-04-17 14:00:00,0.377,13.8
2026-04-17 15:00:00,0.378,13.8
2026-04-17 16:00:00,0.379,13.7
2026-04-17 17:00:00,0.38,13.7
2026-04-17 18:00:00,0.38,13.7
2026-04-17 19:00:00,0.38,13.6
2026-04-17 20:00:00,0.38,13.6
2026-04-17 21:00:00,0.379,13.6
2026-04-17 22:00:00,0.379,13.6
2026-04-17 23:00:00,0.379,13.7
2026-04-18 00:00:00,0.377,14
2026-04-18 01:00:00,0.376,14.6
2026-04-18 02:00:00,0.375,15.1
2026-04-18 03:00:00,0.374,15.7
2026-04-18 04:00:00,0.372,16.4
2026-04-18 05:00:00,0.371,17.1
2026-04-18 06:00:00,0.369,17.6
2026-04-18 07:00:00,0.367,17.9
2026-04-18 08:00:00,0.366,17.9
2026-04-18 09:00:00,0.365,17.8
2026-04-18 10:00:00,0.364,17.6
2026-04-18 11:00:00,0.363,17.3
2026-04-18 12:00:00,0.363,16.9
2026-04-18 13:00:00,0.362,16.6
2026-04-18 14:00:00,0.362,16.3
2026-04-18 15:00:00,0.361,16
2026-04-18 16:00:00,0.362,15.7
2026-04-18 17:00:00,0.361,15.5
2026-04-18 18:00:00,0.361,15.3
2026-04-18 19:00:00,0.361,15.1
2026-04-18 20:00:00,0.361,14.9
2026-04-18 21:00:00,0.361,14.8
2026-04-18 22:00:00,0.361,14.7
2026-04-18 23:00:00,0.361,14.8
2026-04-19 00:00:00,0.361,15.1
2026-04-19 01:00:00,0.361,15.8
2026-04-19 02:00:00,0.36,16.3
2026-04-19 03:00:00,0.36,16.6
2026-04-19 04:00:00,0.359,17.1
2026-04-19 05:00:00,0.358,17.6
2026-04-19 06:00:00,0.358,18
2026-04-19 07:00:00,0.357,18.4
2026-04-19 08:00:00,0.356,18.5
2026-04-19 09:00:00,0.356,18.2
2026-04-19 10:00:00,0.355,17.9
2026-04-19 11:00:00,0.355,17.4
2026-04-19 12:00:00,0.355,17
2026-04-19 13:00:00,0.355,16.6
2026-04-19 14:00:00,0.355,16.3
2026-04-19 15:00:00,0.355,15.9
2026-04-19 16:00:00,0.355,15.7
2026-04-19 17:00:00,0.355,15.4
2026-04-19 18:00:00,0.355,15.2
2026-04-19 19:00:00,0.355,15
2026-04-19 20:00:00,0.354,14.9
2026-04-19 21:00:00,0.354,14.7
2026-04-19 22:00:00,0.354,14.6
2026-04-19 23:00:00,0.354,14.6
2026-04-20 00:00:00,0.354,14.9
2026-04-20 01:00:00,0.354,15.4
2026-04-20 02:00:00,0.354,15.7
2026-04-20 03:00:00,0.353,16
2026-04-20 04:00:00,0.353,16
2026-04-20 05:00:00,0.353,16
2026-04-20 06:00:00,0.353,15.8
2026-04-20 07:00:00,0.353,15.6
2026-04-20 08:00:00,0.352,15.3
2026-04-20 09:00:00,0.352,15.1
2026-04-20 10:00:00,0.352,14.7
2026-04-20 11:00:00,0.352,14.2
2026-04-20 12:00:00,0.352,13.6
2026-04-20 13:00:00,0.352,13.1
2026-04-20 14:00:00,0.352,12.7
2026-04-20 15:00:00,0.352,12.3
2026-04-20 16:00:00,0.352,12
2026-04-20 17:00:00,0.352,11.6
2026-04-20 18:00:00,0.352,11.3
2026-04-20 19:00:00,0.352,11
2026-04-20 20:00:00,0.352,10.7
2026-04-20 21:00:00,0.352,10.4
2026-04-20 22:00:00,0.352,10.3
2026-04-20 23:00:00,0.352,10.3
2026-04-21 00:00:00,0.352,10.4
2026-04-21 01:00:00,0.352,11
2026-04-21 02:00:00,0.351,11.7
2026-04-21 03:00:00,0.351,12.3
2026-04-21 04:00:00,0.35,13.6
2026-04-21 05:00:00,0.349,14.3
2026-04-21 06:00:00,0.348,14.8
2026-04-21 07:00:00,0.348,15
2026-04-21 08:00:00,0.347,14.9
2026-04-21 09:00:00,0.347,14.7
2026-04-21 10:00:00,0.346,14.3
2026-04-21 11:00:00,0.346,13.9
2026-04-21 12:00:00,0.346,13.6
2026-04-21 13:00:00,0.346,13.3
2026-04-21 14:00:00,0.346,13.1
2026-04-21 15:00:00,0.346,12.9
2026-04-21 16:00:00,0.345,12.7
2026-04-21 17:00:00,0.345,12.6
2026-04-21 18:00:00,0.345,12.5
2026-04-21 19:00:00,0.345,12.3
2026-04-21 20:00:00,0.345,12.2
2026-04-21 21:00:00,0.345,12.1
2026-04-21 22:00:00,0.344,12.1
2026-04-21 23:00:00,0.344,12.1
2026-04-22 00:00:00,0.344,12.1
2026-04-22 01:00:00,0.344,12.2
2026-04-22 02:00:00,0.344,12.4
2026-04-22 03:00:00,0.344,12.7
2026-04-22 04:00:00,0.344,12.9
2026-04-22 05:00:00,0.344,13.1
2026-04-22 06:00:00,0.344,13.2
2026-04-22 07:00:00,0.344,13.2
2026-04-22 08:00:00,0.345,13.2
2026-04-22 09:00:00,0.345,13.2
2026-04-22 10:00:00,0.346,13.2
2026-04-22 11:00:00,0.346,13
2026-04-22 12:00:00,0.346,12.9
2026-04-22 13:00:00,0.347,12.9
2026-04-22 14:00:00,0.347,12.8
2026-04-22 15:00:00,0.347,12.7
2026-04-22 16:00:00,0.347,12.6
2026-04-22 17:00:00,0.347,12.5
2026-04-22 18:00:00,0.348,12.5
2026-04-22 19:00:00,0.348,12.4
2026-04-22 20:00:00,0.348,12.3
2026-04-22 21:00:00,0.348,12.2
2026-04-22 22:00:00,0.348,12.1
2026-04-22 23:00:00,0.348,12.2
2026-04-23 00:00:00,0.348,12.4
2026-04-23 01:00:00,0.348,12.8
2026-04-23 02:00:00,0.348,13.4
2026-04-23 03:00:00,0.347,14
2026-04-23 04:00:00,0.346,15
2026-04-23 05:00:00,0.346,15.6
2026-04-23 06:00:00,0.345,16
2026-04-23 07:00:00,0.345,16.1
2026-04-23 08:00:00,0.344,16.1
2026-04-23 09:00:00,0.344,16
2026-04-23 10:00:00,0.344,15.7
2026-04-23 11:00:00,0.345,15.3
2026-04-23 12:00:00,0.345,14.9
2026-04-23 13:00:00,0.345,14.5
2026-04-23 14:00:00,0.345,14.2
2026-04-23 15:00:00,0.345,13.9
2026-04-23 16:00:00,0.345,13.7
2026-04-23 17:00:00,0.346,13.4
2026-04-23 18:00:00,0.346,13.2
2026-04-23 19:00:00,0.346,12.9
2026-04-23 20:00:00,0.346,12.7
2026-04-23 21:00:00,0.346,12.5
2026-04-23 22:00:00,0.346,12.3
2026-04-23 23:00:00,0.346,12.2
2026-04-24 00:00:00,0.346,12.3
2026-04-24 01:00:00,0.346,12.9
2026-04-24 02:00:00,0.345,13.6
2026-04-24 03:00:00,0.344,14
2026-04-24 04:00:00,0.343,15.2
2026-04-24 05:00:00,0.342,15.8
2026-04-24 06:00:00,0.342,16.1
2026-04-24 07:00:00,0.341,16
2026-04-24 08:00:00,0.341,15.9
2026-04-24 09:00:00,0.34,15.7
2026-04-24 10:00:00,0.34,15.3
2026-04-24 11:00:00,0.34,15
2026-04-24 12:00:00,0.34,14.6
2026-04-24 13:00:00,0.34,14.2
2026-04-24 14:00:00,0.34,13.8
2026-04-24 15:00:00,0.34,13.5
2026-04-24 16:00:00,0.34,13.2
2026-04-24 17:00:00,0.34,12.9
2026-04-24 18:00:00,0.34,12.6
2026-04-24 19:00:00,0.34,12.4
2026-04-24 20:00:00,0.34,12.1
2026-04-24 21:00:00,0.34,11.9
2026-04-24 22:00:00,0.34,11.7
2026-04-24 23:00:00,0.34,11.6
2026-04-25 00:00:00,0.34,11.7
2026-04-25 01:00:00,0.34,12.2
2026-04-25 02:00:00,0.339,12.9
2026-04-25 03:00:00,0.338,13.4
2026-04-25 04:00:00,0.337,14.9
2026-04-25 05:00:00,0.336,15.6
2026-04-25 06:00:00,0.335,16
2026-04-25 07:00:00,0.335,16.1
2026-04-25 08:00:00,0.334,15.9
2026-04-25 09:00:00,0.334,15.7
2026-04-25 10:00:00,0.334,15.4
2026-04-25 11:00:00,0.334,15.1
2026-04-25 12:00:00,0.334,14.7
2026-04-25 13:00:00,0.334,14.3
2026-04-25 14:00:00,0.334,13.9
2026-04-25 15:00:00,0.334,13.5
2026-04-25 16:00:00,0.334,13.2
2026-04-25 17:00:00,0.335,12.9
2026-04-25 18:00:00,0.335,12.6
2026-04-25 19:00:00,0.335,12.4
2026-04-25 20:00:00,0.335,12.2
2026-04-25 21:00:00,0.335,12
2026-04-25 22:00:00,0.335,11.9
2026-04-25 23:00:00,0.335,11.9
2026-04-26 00:00:00,0.335,12
2026-04-26 01:00:00,0.335,12.5
2026-04-26 02:00:00,0.334,13.2
2026-04-26 03:00:00,0.333,13.7
2026-04-26 04:00:00,0.332,14.9
2026-04-26 05:00:00,0.331,15.7
2026-04-26 06:00:00,0.331,16
2026-04-26 07:00:00,0.33,16
2026-04-26 08:00:00,0.33,15.8
2026-04-26 09:00:00,0.33,15.5
2026-04-26 10:00:00,0.33,15.2
2026-04-26 11:00:00,0.33,14.8
2026-04-26 12:00:00,0.33,14.4
2026-04-26 13:00:00,0.33,14
2026-04-26 14:00:00,0.33,13.7
2026-04-26 15:00:00,0.33,13.4
2026-04-26 16:00:00,0.33,13.1
2026-04-26 17:00:00,0.33,12.9
2026-04-26 18:00:00,0.33,12.6
2026-04-26 19:00:00,0.33,12.3
2026-04-26 20:00:00,0.331,12
2026-04-26 21:00:00,0.331,11.8
2026-04-26 22:00:00,0.331,11.6
2026-04-26 23:00:00,0.331,11.6
2026-04-27 00:00:00,0.331,11.8
2026-04-27 01:00:00,0.33,12.3
2026-04-27 02:00:00,0.33,13
2026-04-27 03:00:00,0.329,13.7
2026-04-27 04:00:00,0.327,14.9
2026-04-27 05:00:00,0.326,15.5
2026-04-27 06:00:00,0.326,15.8
2026-04-27 07:00:00,0.325,15.8
2026-04-27 08:00:00,0.325,15.8
2026-04-27 09:00:00,0.325,15.7
2026-04-27 10:00:00,0.325,15.5
2026-04-27 11:00:00,0.325,15
2026-04-27 12:00:00,0.325,14.6
2026-04-27 13:00:00,0.325,14.2
2026-04-27 14:00:00,0.325,13.9
2026-04-27 15:00:00,0.326,13.6
2026-04-27 16:00:00,0.326,13.4
2026-04-27 17:00:00,0.326,13.2
2026-04-27 18:00:00,0.326,13.1
2026-04-27 19:00:00,0.326,13.1
2026-04-27 20:00:00,0.326,13.1
2026-04-27 21:00:00,0.326,13.1
2026-04-27 22:00:00,0.326,13
2026-04-27 23:00:00,0.326,12.9
2026-04-28 00:00:00,0.326,13
2026-04-28 01:00:00,0.326,13.2
2026-04-28 02:00:00,0.325,13.6
2026-04-28 03:00:00,0.324,14.2
2026-04-28 04:00:00,0.323,15.1
2026-04-28 05:00:00,0.323,15.6
2026-04-28 06:00:00,0.322,15.8
2026-04-28 07:00:00,0.321,15.8
2026-04-28 08:00:00,0.321,15.5
2026-04-28 09:00:00,0.321,15.2
2026-04-28 10:00:00,0.321,14.9
2026-04-28 11:00:00,0.321,14.5
2026-04-28 12:00:00,0.321,14.2
2026-04-28 13:00:00,0.321,13.9
2026-04-28 14:00:00,0.322,13.7
2026-04-28 15:00:00,0.322,13.4
2026-04-28 16:00:00,0.322,13.2
2026-04-28 17:00:00,0.322,13
2026-04-28 18:00:00,0.322,12.9
2026-04-28 19:00:00,0.323,12.7
2026-04-28 20:00:00,0.323,12.5
2026-04-28 21:00:00,0.323,12.4
2026-04-28 22:00:00,0.323,12.3
2026-04-28 23:00:00,0.323,12.4
2026-04-29 00:00:00,0.323,12.6
2026-04-29 01:00:00,0.322,13.1
2026-04-29 02:00:00,0.322,13.6
2026-04-29 03:00:00,0.321,14.2
2026-04-29 04:00:00,0.32,14.6
2026-04-29 05:00:00,0.32,15
2026-04-29 06:00:00,0.319,15.2
2026-04-29 07:00:00,0.319,15.3
2026-04-29 08:00:00,0.319,15.2
2026-04-29 09:00:00,0.319,15.1
2026-04-29 10:00:00,0.319,14.8
2026-04-29 11:00:00,0.319,14.6
2026-04-29 12:00:00,0.319,14.3
2026-04-29 13:00:00,0.319,14.1
2026-04-29 14:00:00,0.319,13.8
2026-04-29 15:00:00,0.32,13.7
2026-04-29 16:00:00,0.32,13.5
2026-04-29 17:00:00,0.32,13.3
2026-04-29 18:00:00,0.32,13.2
2026-04-29 19:00:00,0.32,13
2026-04-29 20:00:00,0.32,12.9
2026-04-29 21:00:00,0.32,12.8
2026-04-29 22:00:00,0.32,12.7
2026-04-29 23:00:00,0.32,12.7
2026-04-30 00:00:00,0.32,13
2026-04-30 01:00:00,0.32,13.4
2026-04-30 02:00:00,0.319,14
2026-04-30 03:00:00,0.318,14.7
2026-04-30 04:00:00,0.318,15.3
2026-04-30 05:00:00,0.317,15.7
2026-04-30 06:00:00,0.317,15.7
2026-04-30 07:00:00,0.316,15.7
2026-04-30 08:00:00,0.316,15.6
2026-04-30 09:00:00,0.316,15.4
2026-04-30 10:00:00,0.317,15.1
2026-04-30 11:00:00,0.317,14.9
2026-04-30 12:00:00,0.317,14.6
2026-04-30 13:00:00,0.317,14.4
2026-04-30 14:00:00,0.317,14.2
2026-04-30 15:00:00,0.318,13.9
2026-04-30 16:00:00,0.318,13.6
2026-04-30 17:00:00,0.318,13.2
2026-04-30 18:00:00,0.318,13
2026-04-30 19:00:00,0.319,12.7
2026-04-30 20:00:00,0.319,12.5
2026-04-30 21:00:00,0.319,12.4
2026-04-30 22:00:00,0.319,12.4
2026-04-30 23:00:00,0.319,12.5
2026-05-01 00:00:00,0.319,12.8
2026-05-01 01:00:00,0.318,13.3
2026-05-01 02:00:00,0.318,13.9
2026-05-01 03:00:00,0.317,14.6
2026-05-01 04:00:00,0.316,16
2026-05-01 05:00:00,0.315,16.5
2026-05-01 06:00:00,0.315,16.3
2026-05-01 07:00:00,0.315,16
2026-05-01 08:00:00,0.315,15.6
2026-05-01 09:00:00,0.315,15.3
2026-05-01 10:00:00,0.315,15.1
2026-05-01 11:00:00,0.315,14.7
2026-05-01 12:00:00,0.315,14.4
2026-05-01 13:00:00,0.315,14.1
2026-05-01 14:00:00,0.316,13.8
2026-05-01 15:00:00,0.316,13.5
2026-05-01 16:00:00,0.316,13.3
2026-05-01 17:00:00,0.316,13.1
2026-05-01 18:00:00,0.316,12.9
2026-05-01 19:00:00,0.317,12.7
2026-05-01 20:00:00,0.317,12.5
2026-05-01 21:00:00,0.317,12.4
2026-05-01 22:00:00,0.317,12.3
2026-05-01 23:00:00,0.317,12.4
2026-05-02 00:00:00,0.317,12.7
2026-05-02 01:00:00,0.316,13.2
2026-05-02 02:00:00,0.316,13.8
2026-05-02 03:00:00,0.315,14.4
2026-05-02 04:00:00,0.315,15
2026-05-02 05:00:00,0.315,15.2
2026-05-02 06:00:00,0.315,15.4
2026-05-02 07:00:00,0.314,15.7
2026-05-02 08:00:00,0.314,15.8
2026-05-02 09:00:00,0.314,15.7
2026-05-02 10:00:00,0.315,15.5
2026-05-02 11:00:00,0.315,15.3
2026-05-02 12:00:00,0.315,15.1
2026-05-02 13:00:00,0.315,14.9
2026-05-02 14:00:00,0.315,14.8
2026-05-02 15:00:00,0.316,14.6
2026-05-02 16:00:00,0.316,14.4
2026-05-02 17:00:00,0.317,14.2
2026-05-02 18:00:00,0.317,14.1
2026-05-02 19:00:00,0.318,14
2026-05-02 20:00:00,0.321,13.9
2026-05-02 21:00:00,0.356,13.8
2026-05-02 22:00:00,0.367,13.7
2026-05-02 23:00:00,0.374,13.7
2026-05-03 00:00:00,0.374,13.8
2026-05-03 01:00:00,0.374,13.8
2026-05-03 02:00:00,0.373,13.9
2026-05-03 03:00:00,0.371,14.1
2026-05-03 04:00:00,0.369,14.2
2026-05-03 05:00:00,0.368,14.2
2026-05-03 06:00:00,0.368,14.3
2026-05-03 07:00:00,0.367,14.3
2026-05-03 08:00:00,0.367,14.3
2026-05-03 09:00:00,0.367,14.2
2026-05-03 10:00:00,0.367,14.1
2026-05-03 11:00:00,0.367,14
2026-05-03 12:00:00,0.367,13.9
2026-05-03 13:00:00,0.367,13.8
2026-05-03 14:00:00,0.367,13.7
2026-05-03 15:00:00,0.367,13.5
2026-05-03 16:00:00,0.367,13.4
2026-05-03 17:00:00,0.367,13.2
2026-05-03 18:00:00,0.367,13
2026-05-03 19:00:00,0.366,12.8
2026-05-03 20:00:00,0.366,12.6
2026-05-03 21:00:00,0.365,12.5
2026-05-03 22:00:00,0.365,12.4
2026-05-03 23:00:00,0.364,12.4
2026-05-04 00:00:00,0.363,12.5
2026-05-04 01:00:00,0.362,12.8
2026-05-04 02:00:00,0.36,13.5
2026-05-04 03:00:00,0.357,14.5
2026-05-04 04:00:00,0.356,16.1
2026-05-04 05:00:00,0.354,16.6
2026-05-04 06:00:00,0.353,16.6
2026-05-04 07:00:00,0.351,16.3
2026-05-04 08:00:00,0.35,15.9
2026-05-04 09:00:00,0.35,15.6
2026-05-04 10:00:00,0.349,15.3
2026-05-04 11:00:00,0.349,14.9
2026-05-04 12:00:00,0.349,14.5
2026-05-04 13:00:00,0.349,14.1
2026-05-04 14:00:00,0.349,13.8
2026-05-04 15:00:00,0.349,13.4
2026-05-04 16:00:00,0.349,13.1
2026-05-04 17:00:00,0.349,12.8
2026-05-04 18:00:00,0.349,12.5
2026-05-04 19:00:00,0.349,12.2
2026-05-04 20:00:00,0.349,12
2026-05-04 21:00:00,0.349,11.7
2026-05-04 22:00:00,0.349,11.5
2026-05-04 23:00:00,0.349,11.5
2026-05-05 00:00:00,0.349,11.7
2026-05-05 01:00:00,0.349,12
2026-05-05 02:00:00,0.348,12.6
2026-05-05 03:00:00,0.347,13.4
2026-05-05 04:00:00,0.345,15.3
2026-05-05 05:00:00,0.344,16
2026-05-05 06:00:00,0.343,16.1
2026-05-05 07:00:00,0.343,15.8
2026-05-05 08:00:00,0.342,15.6
2026-05-05 09:00:00,0.342,15.3
2026-05-05 10:00:00,0.342,15
2026-05-05 11:00:00,0.342,14.7
2026-05-05 12:00:00,0.342,14.3
2026-05-05 13:00:00,0.342,14
2026-05-05 14:00:00,0.342,13.7
2026-05-05 15:00:00,0.342,13.4
2026-05-05 16:00:00,0.342,13.2
2026-05-05 17:00:00,0.342,12.9
2026-05-05 18:00:00,0.342,12.7
2026-05-05 19:00:00,0.342,12.5
2026-05-05 20:00:00,0.342,12.3
2026-05-05 21:00:00,0.342,12.1
2026-05-05 22:00:00,0.342,12
2026-05-05 23:00:00,0.342,12
2026-05-06 00:00:00,0.342,12.1
2026-05-06 01:00:00,0.341,12.4
2026-05-06 02:00:00,0.341,13.1
2026-05-06 03:00:00,0.339,14.1
2026-05-06 04:00:00,0.337,16.1
2026-05-06 05:00:00,0.336,17
2026-05-06 06:00:00,0.335,17.1
2026-05-06 07:00:00,0.335,17
2026-05-06 08:00:00,0.334,16.7
2026-05-06 09:00:00,0.334,16.5
2026-05-06 10:00:00,0.334,16.2
2026-05-06 11:00:00,0.334,15.8
2026-05-06 12:00:00,0.334,15.4
2026-05-06 13:00:00,0.334,15
2026-05-06 14:00:00,0.334,14.7
2026-05-06 15:00:00,0.334,14.3
2026-05-06 16:00:00,0.334,14.1
2026-05-06 17:00:00,0.334,13.9
2026-05-06 18:00:00,0.334,13.7
2026-05-06 19:00:00,0.334,13.5
2026-05-06 20:00:00,0.334,13.2
2026-05-06 21:00:00,0.334,13
2026-05-06 22:00:00,0.334,13
2026-05-06 23:00:00,0.334,13
2026-05-07 00:00:00,0.334,13.2
2026-05-07 01:00:00,0.334,13.6
2026-05-07 02:00:00,0.333,14.3
2026-05-07 03:00:00,0.332,15.2
2026-05-07 04:00:00,0.33,16.9
2026-05-07 05:00:00,0.329,17.8
2026-05-07 06:00:00,0.328,18.1
2026-05-07 07:00:00,0.327,18.1
2026-05-07 08:00:00,0.327,18
2026-05-07 09:00:00,0.326,17.8
2026-05-07 10:00:00,0.326,17.5
2026-05-07 11:00:00,0.326,17.1
2026-05-07 12:00:00,0.327,16.7
2026-05-07 13:00:00,0.327,16.4
2026-05-07 14:00:00,0.327,16.2
2026-05-07 15:00:00,0.327,15.9
2026-05-07 16:00:00,0.327,15.6
2026-05-07 17:00:00,0.327,15.3
2026-05-07 18:00:00,0.327,15
2026-05-07 19:00:00,0.327,14.8
2026-05-07 20:00:00,0.327,14.5
2026-05-07 21:00:00,0.327,14.2
2026-05-07 22:00:00,0.327,14
2026-05-07 23:00:00,0.327,13.8
2026-05-08 00:00:00,0.327,13.8
2026-05-08 01:00:00,0.327,14
2026-05-08 02:00:00,0.325,14.7
2026-05-08 03:00:00,0.324,15.9
2026-05-08 04:00:00,0.322,17.4
2026-05-08 05:00:00,0.321,17.7
2026-05-08 06:00:00,0.321,17.8
2026-05-08 07:00:00,0.32,17.4
2026-05-08 08:00:00,0.32,17.1
2026-05-08 09:00:00,0.32,16.7
2026-05-08 10:00:00,0.32,16.4
2026-05-08 11:00:00,0.32,16
2026-05-08 12:00:00,0.32,15.5
2026-05-08 13:00:00,0.32,15.1
2026-05-08 14:00:00,0.32,14.8
2026-05-08 15:00:00,0.321,14.4
2026-05-08 16:00:00,0.321,14
2026-05-08 17:00:00,0.321,13.7
2026-05-08 18:00:00,0.321,13.3
2026-05-08 19:00:00,0.321,13
2026-05-08 20:00:00,0.322,12.7
2026-05-08 21:00:00,0.322,12.4
2026-05-08 22:00:00,0.322,12.2
2026-05-08 23:00:00,0.322,12.1
2026-05-09 00:00:00,0.322,12.1
2026-05-09 01:00:00,0.322,12.4
2026-05-09 02:00:00,0.321,13.3
2026-05-09 03:00:00,0.319,14.5
2026-05-09 04:00:00,0.318,16.4
2026-05-09 05:00:00,0.316,17.1
2026-05-09 06:00:00,0.316,17.4
2026-05-09 07:00:00,0.315,17.1
2026-05-09 08:00:00,0.315,16.8
2026-05-09 09:00:00,0.315,16.4
2026-05-09 10:00:00,0.315,16
2026-05-09 11:00:00,0.315,15.6
2026-05-09 12:00:00,0.316,15.2
2026-05-09 13:00:00,0.316,14.9
2026-05-09 14:00:00,0.316,14.5
2026-05-09 15:00:00,0.316,14.1
2026-05-09 16:00:00,0.316,13.8
2026-05-09 17:00:00,0.317,13.5
2026-05-09 18:00:00,0.317,13.2
2026-05-09 19:00:00,0.317,12.9
2026-05-09 20:00:00,0.317,12.6
2026-05-09 21:00:00,0.317,12.4
2026-05-09 22:00:00,0.317,12.2
2026-05-09 23:00:00,0.318,12.2
2026-05-10 00:00:00,0.317,12.3
2026-05-10 01:00:00,0.317,12.7
2026-05-10 02:00:00,0.316,13.5
2026-05-10 03:00:00,0.315,14.8
2026-05-10 04:00:00,0.313,16.7
2026-05-10 05:00:00,0.312,17.4
2026-05-10 06:00:00,0.312,17.6
2026-05-10 07:00:00,0.312,17.5
2026-05-10 08:00:00,0.312,17.3
2026-05-10 09:00:00,0.312,17
2026-05-10 10:00:00,0.312,16.7
2026-05-10 11:00:00,0.312,16.4
2026-05-10 12:00:00,0.312,16
2026-05-10 13:00:00,0.313,15.6
2026-05-10 14:00:00,0.313,15.2
2026-05-10 15:00:00,0.313,14.9
2026-05-10 16:00:00,0.313,14.7
2026-05-10 17:00:00,0.313,14.5
2026-05-10 18:00:00,0.314,14.3
2026-05-10 19:00:00,0.314,14.2
2026-05-10 20:00:00,0.314,14.1
2026-05-10 21:00:00,0.314,14
2026-05-10 22:00:00,0.314,13.9
2026-05-10 23:00:00,0.314,14
2026-05-11 00:00:00,0.314,14.3
2026-05-11 01:00:00,0.313,14.7
2026-05-11 02:00:00,0.313,15.6
2026-05-11 03:00:00,0.312,16.6
2026-05-11 04:00:00,0.31,17.9
2026-05-11 05:00:00,0.31,18.4
2026-05-11 06:00:00,0.309,18.7
2026-05-11 07:00:00,0.309,18.6
2026-05-11 08:00:00,0.309,18.4
2026-05-11 09:00:00,0.309,18.3
2026-05-11 10:00:00,0.309,18.1
2026-05-11 11:00:00,0.309,17.8
2026-05-11 12:00:00,0.309,17.5
2026-05-11 13:00:00,0.31,17.2
2026-05-11 14:00:00,0.31,17
2026-05-11 15:00:00,0.31,16.7
2026-05-11 16:00:00,0.31,16.6
2026-05-11 17:00:00,0.31,16.4
2026-05-11 18:00:00,0.311,16.2
2026-05-11 19:00:00,0.311,16.1
2026-05-11 20:00:00,0.311,16
2026-05-11 21:00:00,0.318,15.9
2026-05-11 22:00:00,0.354,15.8
2026-05-11 23:00:00,0.392,15.7
2026-05-12 00:00:00,0.394,15.6
2026-05-12 01:00:00,0.394,15.5
2026-05-12 02:00:00,0.394,15.4
2026-05-12 03:00:00,0.393,15.6
2026-05-12 04:00:00,0.392,16
2026-05-12 05:00:00,0.39,16.5
2026-05-12 06:00:00,0.389,16.9
2026-05-12 07:00:00,0.382,17.2
2026-05-12 08:00:00,0.374,17.4
2026-05-12 09:00:00,0.37,17.4
2026-05-12 10:00:00,0.369,17.2
2026-05-12 11:00:00,0.368,17
2026-05-12 12:00:00,0.366,16.7
2026-05-12 13:00:00,0.365,16.4
2026-05-12 14:00:00,0.364,16.1
2026-05-12 15:00:00,0.364,15.9
2026-05-12 16:00:00,0.364,15.6
2026-05-12 17:00:00,0.363,15.4
2026-05-12 18:00:00,0.363,15.3
2026-05-12 19:00:00,0.362,15.2
2026-05-12 20:00:00,0.361,15
2026-05-12 21:00:00,0.36,14.9
2026-05-12 22:00:00,0.36,14.9
2026-05-12 23:00:00,0.359,15
2026-05-13 00:00:00,0.359,15.2
2026-05-13 01:00:00,0.359,15.4
2026-05-13 02:00:00,0.358,15.9
2026-05-13 03:00:00,0.356,17.1
2026-05-13 04:00:00,0.355,18.7
2026-05-13 05:00:00,0.352,19.4
2026-05-13 06:00:00,0.35,19.8
2026-05-13 07:00:00,0.349,19.6
2026-05-13 08:00:00,0.347,19.4
2026-05-13 09:00:00,0.347,19.1
2026-05-13 10:00:00,0.346,18.8
2026-05-13 11:00:00,0.345,18.4
2026-05-13 12:00:00,0.345,18
2026-05-13 13:00:00,0.345,17.6
2026-05-13 14:00:00,0.345,17.3
2026-05-13 15:00:00,0.345,17
2026-05-13 16:00:00,0.345,16.7
2026-05-13 17:00:00,0.345,16.4
2026-05-13 18:00:00,0.345,16.2
2026-05-13 19:00:00,0.345,16
2026-05-13 20:00:00,0.345,15.8
2026-05-13 21:00:00,0.345,15.6
2026-05-13 22:00:00,0.345,15.6
2026-05-13 23:00:00,0.345,15.6
2026-05-14 00:00:00,0.344,15.7
2026-05-14 01:00:00,0.344,16.1
2026-05-14 02:00:00,0.343,16.8
2026-05-14 03:00:00,0.341,18.1
2026-05-14 04:00:00,0.339,19.7
2026-05-14 05:00:00,0.338,20.4
2026-05-14 06:00:00,0.336,20.9
2026-05-14 07:00:00,0.336,21
2026-05-14 08:00:00,0.336,21
2026-05-14 09:00:00,0.336,20.8
2026-05-14 10:00:00,0.336,20.4
2026-05-14 11:00:00,0.336,19.9
2026-05-14 12:00:00,0.336,19.3
2026-05-14 13:00:00,0.336,18.8
2026-05-14 14:00:00,0.336,18.4
2026-05-14 15:00:00,0.336,18
2026-05-14 16:00:00,0.336,17.6
2026-05-14 17:00:00,0.336,17.2
2026-05-14 18:00:00,0.336,16.9
2026-05-14 19:00:00,0.336,16.6
2026-05-14 20:00:00,0.336,16.3
2026-05-14 21:00:00,0.336,16.1
2026-05-14 22:00:00,0.336,15.9
2026-05-14 23:00:00,0.336,16
2026-05-15 00:00:00,0.336,16.1
2026-05-15 01:00:00,0.336,16.5
2026-05-15 02:00:00,0.335,17.5
2026-05-15 03:00:00,0.334,19.4
2026-05-15 04:00:00,0.333,21.4
2026-05-15 05:00:00,0.333,21.9
2026-05-15 06:00:00,0.332,22.4
2026-05-15 07:00:00,0.332,22.1
2026-05-15 08:00:00,0.332,21.8
2026-05-15 09:00:00,0.332,21.4
2026-05-15 10:00:00,0.331,20.9
2026-05-15 11:00:00,0.331,20.3
2026-05-15 12:00:00,0.331,19.7
2026-05-15 13:00:00,0.331,19.2
2026-05-15 14:00:00,0.331,18.7
2026-05-15 15:00:00,0.331,18.3
2026-05-15 16:00:00,0.331,17.9
2026-05-15 17:00:00,0.331,17.6
2026-05-15 18:00:00,0.331,17.2
2026-05-15 19:00:00,0.331,16.9
2026-05-15 20:00:00,0.331,16.6
2026-05-15 21:00:00,0.331,16.3
2026-05-15 22:00:00,0.331,16.2
2026-05-15 23:00:00,0.331,16.2
2026-05-16 00:00:00,0.331,16.5
2026-05-16 01:00:00,0.33,16.9
2026-05-16 02:00:00,0.33,17.9
2026-05-16 03:00:00,0.329,19.8
2026-05-16 04:00:00,0.328,21.7
2026-05-16 05:00:00,0.328,22
2026-05-16 06:00:00,0.327,22.3
2026-05-16 07:00:00,0.327,21.9
2026-05-16 08:00:00,0.327,21.8
2026-05-16 09:00:00,0.326,21.5
2026-05-16 10:00:00,0.326,21
2026-05-16 11:00:00,0.326,20.4
2026-05-16 12:00:00,0.326,19.8
2026-05-16 13:00:00,0.326,19.3
2026-05-16 14:00:00,0.326,18.8
2026-05-16 15:00:00,0.325,18.4
2026-05-16 16:00:00,0.325,18
2026-05-16 17:00:00,0.325,17.6
2026-05-16 18:00:00,0.325,17.3
2026-05-16 19:00:00,0.326,17
2026-05-16 20:00:00,0.326,16.6
2026-05-16 21:00:00,0.326,16.4
2026-05-16 22:00:00,0.326,16.2
2026-05-16 23:00:00,0.326,16.2
2026-05-17 00:00:00,0.326,16.4
2026-05-17 01:00:00,0.325,16.9
2026-05-17 02:00:00,0.325,17.9
2026-05-17 03:00:00,0.324,19.9
2026-05-17 04:00:00,0.323,21.9
2026-05-17 05:00:00,0.322,22.3
2026-05-17 06:00:00,0.322,22.6
2026-05-17 07:00:00,0.321,22.3
2026-05-17 08:00:00,0.321,22.1
2026-05-17 09:00:00,0.321,21.9
2026-05-17 10:00:00,0.32,21.5
2026-05-17 11:00:00,0.32,20.9
2026-05-17 12:00:00,0.32,20.2
2026-05-17 13:00:00,0.32,19.7
2026-05-17 14:00:00,0.321,19.2
2026-05-17 15:00:00,0.321,18.7
2026-05-17 16:00:00,0.321,18.3
2026-05-17 17:00:00,0.321,17.9
2026-05-17 18:00:00,0.321,17.5
2026-05-17 19:00:00,0.321,17.1
2026-05-17 20:00:00,0.321,16.8
2026-05-17 21:00:00,0.321,16.5
2026-05-17 22:00:00,0.322,16.3
2026-05-17 23:00:00,0.322,16.3
2026-05-18 00:00:00,0.322,16.4
2026-05-18 01:00:00,0.321,16.8
2026-05-18 02:00:00,0.321,17.8
2026-05-18 03:00:00,0.32,19.9
2026-05-18 04:00:00,0.319,22.1
2026-05-18 05:00:00,0.318,22.6
2026-05-18 06:00:00,0.318,23.1
2026-05-18 07:00:00,0.317,22.9
2026-05-18 08:00:00,0.317,22.8
2026-05-18 09:00:00,0.317,22.6
2026-05-18 10:00:00,0.317,22.2
2026-05-18 11:00:00,0.317,21.5
2026-05-18 12:00:00,0.317,20.8
2026-05-18 13:00:00,0.317,20.2
2026-05-18 14:00:00,0.317,19.7
2026-05-18 15:00:00,0.317,19.2
2026-05-18 16:00:00,0.318,18.8
2026-05-18 17:00:00,0.318,18.3
2026-05-18 18:00:00,0.318,18
2026-05-18 19:00:00,0.318,17.6
2026-05-18 20:00:00,0.318,17.4
2026-05-18 21:00:00,0.318,17.1
2026-05-18 22:00:00,0.319,17
2026-05-18 23:00:00,0.318,17.3
2026-05-19 00:00:00,0.318,17.7
2026-05-19 01:00:00,0.318,18.4
2026-05-19 02:00:00,0.318,19.3
2026-05-19 03:00:00,0.317,20.4
2026-05-19 04:00:00,0.317,21.5
2026-05-19 05:00:00,0.316,22.1
2026-05-19 06:00:00,0.316,22.4
2026-05-19 07:00:00,0.315,22.5
2026-05-19 08:00:00,0.315,22.5
2026-05-19 09:00:00,0.315,22.2
2026-05-19 10:00:00,0.315,21.8
2026-05-19 11:00:00,0.315,21.4
2026-05-19 12:00:00,0.315,21
2026-05-19 13:00:00,0.316,20.7
2026-05-19 14:00:00,0.316,20.4
2026-05-19 15:00:00,0.316,20.2
2026-05-19 16:00:00,0.316,19.9
2026-05-19 17:00:00,0.316,19.7
2026-05-19 18:00:00,0.317,19.5
2026-05-19 19:00:00,0.317,19.4
2026-05-19 20:00:00,0.317,19.2
2026-05-19 21:00:00,0.317,19.1
2026-05-19 22:00:00,0.332,19
2026-05-19 23:00:00,0.341,19
2026-05-20 00:00:00,0.365,19
2026-05-20 01:00:00,0.375,19.1
2026-05-20 02:00:00,0.374,19.2
2026-05-20 03:00:00,0.378,19.6
2026-05-20 04:00:00,0.383,19.7
2026-05-20 05:00:00,0.383,19.7
2026-05-20 06:00:00,0.383,19.7
2026-05-20 07:00:00,0.383,19.8
2026-05-20 08:00:00,0.381,19.8
2026-05-20 09:00:00,0.369,19.8
2026-05-20 10:00:00,0.372,19.7
2026-05-20 11:00:00,0.372,19.6
2026-05-20 12:00:00,0.373,19.5
2026-05-20 13:00:00,0.373,19.4
2026-05-20 14:00:00,0.373,19.3
2026-05-20 15:00:00,0.374,19.2
2026-05-20 16:00:00,0.374,19.2
2026-05-20 17:00:00,0.374,19.1
2026-05-20 18:00:00,0.374,19.1
2026-05-20 19:00:00,0.374,19
2026-05-20 20:00:00,0.372,18.9
2026-05-20 21:00:00,0.369,18.7
2026-05-20 22:00:00,0.367,18.7
2026-05-20 23:00:00,0.368,18.6
2026-05-21 00:00:00,0.369,18.7
2026-05-21 01:00:00,0.368,18.9
2026-05-21 02:00:00,0.368,19.1
2026-05-21 03:00:00,0.367,19.7
2026-05-21 04:00:00,0.366,20.1
2026-05-21 05:00:00,0.365,20.1
2026-05-21 06:00:00,0.365,20.1
2026-05-21 07:00:00,0.365,20
2026-05-21 08:00:00,0.365,19.8
2026-05-21 09:00:00,0.366,19.7
2026-05-21 10:00:00,0.366,19.5
2026-05-21 11:00:00,0.366,19.2
2026-05-21 12:00:00,0.366,19
2026-05-21 13:00:00,0.366,18.8
2026-05-21 14:00:00,0.366,18.7
2026-05-21 15:00:00,0.366,18.5
2026-05-21 16:00:00,0.366,18.4
2026-05-21 17:00:00,0.366,18.3
2026-05-21 18:00:00,0.366,18.2
2026-05-21 19:00:00,0.366,18.1
2026-05-21 20:00:00,0.366,18
2026-05-21 21:00:00,0.366,17.9
2026-05-21 22:00:00,0.366,17.9
2026-05-21 23:00:00,0.366,18.1
2026-05-22 00:00:00,0.366,18.5
2026-05-22 01:00:00,0.366,19.2
2026-05-22 02:00:00,0.366,19.8
2026-05-22 03:00:00,0.365,20.4
2026-05-22 04:00:00,0.365,20.8
2026-05-22 05:00:00,0.364,21.3
2026-05-22 06:00:00,0.364,21.8
2026-05-22 07:00:00,0.363,22
2026-05-22 08:00:00,0.363,22.2
2026-05-22 09:00:00,0.362,22.2
2026-05-22 10:00:00,0.361,21.8
2026-05-22 11:00:00,0.36,21.3
2026-05-22 12:00:00,0.36,20.7
2026-05-22 13:00:00,0.359,20.2
2026-05-22 14:00:00,0.358,19.7
2026-05-22 15:00:00,0.358,19.3
2026-05-22 16:00:00,0.358,18.9
2026-05-22 17:00:00,0.358,18.7
2026-05-22 18:00:00,0.357,18.5
2026-05-22 19:00:00,0.357,18.3
2026-05-22 20:00:00,0.357,18.1
2026-05-22 21:00:00,0.357,17.9
2026-05-22 22:00:00,0.357,17.8
2026-05-22 23:00:00,0.357,17.9
2026-05-23 00:00:00,0.357,18.2
2026-05-23 01:00:00,0.357,18.5
2026-05-23 02:00:00,0.356,18.9
2026-05-23 03:00:00,0.356,19.9
2026-05-23 04:00:00,0.356,21.5
2026-05-23 05:00:00,0.355,22.1
2026-05-23 06:00:00,0.355,22.3
2026-05-23 07:00:00,0.354,22.1
2026-05-23 08:00:00,0.354,21.9
2026-05-23 09:00:00,0.353,21.8
2026-05-23 10:00:00,0.353,21.5
2026-05-23 11:00:00,0.353,21.1
2026-05-23 12:00:00,0.352,20.6
2026-05-23 13:00:00,0.352,20.1
2026-05-23 14:00:00,0.352,19.7
2026-05-23 15:00:00,0.352,19.3
2026-05-23 16:00:00,0.352,19
2026-05-23 17:00:00,0.352,18.7
2026-05-23 18:00:00,0.352,18.5
2026-05-23 19:00:00,0.352,18.4
2026-05-23 20:00:00,0.351,18.3
2026-05-23 21:00:00,0.351,18.1
2026-05-23 22:00:00,0.351,18.1
2026-05-23 23:00:00,0.351,18.2
2026-05-24 00:00:00,0.351,18.4
2026-05-24 01:00:00,0.351,18.8
2026-05-24 02:00:00,0.35,19.8
2026-05-24 03:00:00,0.349,21.3
2026-05-24 04:00:00,0.348,22.9
2026-05-24 05:00:00,0.348,23.6
2026-05-24 06:00:00,0.347,23.9
2026-05-24 07:00:00,0.347,23.8
2026-05-24 08:00:00,0.346,23.6
2026-05-24 09:00:00,0.346,23.2
2026-05-24 10:00:00,0.346,22.7
2026-05-24 11:00:00,0.346,22.2
2026-05-24 12:00:00,0.345,21.6
2026-05-24 13:00:00,0.345,21.1
2026-05-24 14:00:00,0.345,20.7
2026-05-24 15:00:00,0.345,20.4
2026-05-24 16:00:00,0.345,20.1
2026-05-24 17:00:00,0.345,19.9
2026-05-24 18:00:00,0.345,19.7
2026-05-24 19:00:00,0.345,19.5
2026-05-24 20:00:00,0.344,19.3
2026-05-24 21:00:00,0.344,19.2
2026-05-24 22:00:00,0.344,19.3
2026-05-24 23:00:00,0.344,19.6
2026-05-25 00:00:00,0.344,20.1
2026-05-25 01:00:00,0.343,20.6
2026-05-25 02:00:00,0.343,21.4
2026-05-25 03:00:00,0.342,23
2026-05-25 04:00:00,0.341,24.7
2026-05-25 05:00:00,0.34,25.3
2026-05-25 06:00:00,0.339,25.8
2026-05-25 07:00:00,0.338,25.7
2026-05-25 08:00:00,0.338,25.4
2026-05-25 09:00:00,0.337,25
2026-05-25 10:00:00,0.337,24.6
2026-05-25 11:00:00,0.337,24
2026-05-25 12:00:00,0.337,23.4
2026-05-25 13:00:00,0.336,22.9
2026-05-25 14:00:00,0.336,22.5
2026-05-25 15:00:00,0.336,22.2
2026-05-25 16:00:00,0.336,21.9
2026-05-25 17:00:00,0.336,21.6
2026-05-25 18:00:00,0.336,21.5
2026-05-25 19:00:00,0.336,21.4
2026-05-25 20:00:00,0.335,21.3
2026-05-25 21:00:00,0.335,21.2
2026-05-25 22:00:00,0.335,21.2
2026-05-25 23:00:00,0.335,21.3
2026-05-26 00:00:00,0.335,21.6
2026-05-26 01:00:00,0.335,22
2026-05-26 02:00:00,0.334,22.6
2026-05-26 03:00:00,0.333,23.6
2026-05-26 04:00:00,0.332,24.1
2026-05-26 05:00:00,0.332,24.3
2026-05-26 06:00:00,0.331,24.3
2026-05-26 07:00:00,0.331,24.2
2026-05-26 08:00:00,0.331,23.9
2026-05-26 09:00:00,0.331,23.5
2026-05-26 10:00:00,0.331,23.1
2026-05-26 11:00:00,0.331,22.7
2026-05-26 12:00:00,0.331,22.3
2026-05-26 13:00:00,0.332,22.1
2026-05-26 14:00:00,0.332,21.8
2026-05-26 15:00:00,0.332,21.7
2026-05-26 16:00:00,0.334,21.5
2026-05-26 17:00:00,0.335,21.3
2026-05-26 18:00:00,0.335,21.2
2026-05-26 19:00:00,0.336,21.1
2026-05-26 20:00:00,0.337,21
2026-05-26 21:00:00,0.337,20.9
2026-05-26 22:00:00,0.338,20.9
2026-05-26 23:00:00,0.338,21.1
2026-05-27 00:00:00,0.338,21.4
2026-05-27 01:00:00,0.338,22
2026-05-27 02:00:00,0.338,22.8
2026-05-27 03:00:00,0.337,23.7
2026-05-27 04:00:00,0.337,24.3
2026-05-27 05:00:00,0.337,24.6
2026-05-27 06:00:00,0.337,24.6
2026-05-27 07:00:00,0.337,24.5
2026-05-27 08:00:00,0.337,24.3
2026-05-27 09:00:00,0.337,24
2026-05-27 10:00:00,0.337,23.7
2026-05-27 11:00:00,0.337,23.4
2026-05-27 12:00:00,0.338,23.1
2026-05-27 13:00:00,0.338,22.9
2026-05-27 14:00:00,0.338,22.6
2026-05-27 15:00:00,0.338,22.5
2026-05-27 16:00:00,0.339,22.3
2026-05-27 17:00:00,0.339,22.1
2026-05-27 18:00:00,0.34,22
2026-05-27 19:00:00,0.356,21.9
2026-05-27 20:00:00,0.369,21.7
2026-05-27 21:00:00,0.373,21.6
2026-05-27 22:00:00,0.374,21.5
2026-05-27 23:00:00,0.374,21.4
2026-05-28 00:00:00,0.374,21.5
2026-05-28 01:00:00,0.374,21.6
2026-05-28 02:00:00,0.374,21.7
2026-05-28 03:00:00,0.374,21.7
2026-05-28 04:00:00,0.374,21.8
2026-05-28 05:00:00,0.374,21.9
2026-05-28 06:00:00,0.374,22.1
2026-05-28 07:00:00,0.374,22.2
2026-05-28 08:00:00,0.374,22.1
2026-05-28 09:00:00,0.375,21.9
2026-05-28 10:00:00,0.374,21.7
2026-05-28 11:00:00,0.367,21.4
2026-05-28 12:00:00,0.366,21.2
2026-05-28 13:00:00,0.365,20.9
2026-05-28 14:00:00,0.364,20.7
2026-05-28 15:00:00,0.364,20.5
2026-05-28 16:00:00,0.364,20.2
2026-05-28 17:00:00,0.363,20.1
2026-05-28 18:00:00,0.363,19.9
2026-05-28 19:00:00,0.363,19.7
2026-05-28 20:00:00,0.362,19.4
2026-05-28 21:00:00,0.362,19.2
2026-05-28 22:00:00,0.362,19.1
2026-05-28 23:00:00,0.362,19.2
2026-05-29 00:00:00,0.362,19.3
2026-05-29 01:00:00,0.361,19.7
2026-05-29 02:00:00,0.361,20.5
2026-05-29 03:00:00,0.36,21.8
2026-05-29 04:00:00,0.359,23.5
2026-05-29 05:00:00,0.357,24
2026-05-29 06:00:00,0.356,24.2
2026-05-29 07:00:00,0.354,24
2026-05-29 08:00:00,0.353,24
2026-05-29 09:00:00,0.352,23.9
2026-05-29 10:00:00,0.351,23.4
2026-05-29 11:00:00,0.35,22.8
2026-05-29 12:00:00,0.35,22.2
2026-05-29 13:00:00,0.35,21.6
2026-05-29 14:00:00,0.35,21.1
2026-05-29 15:00:00,0.35,20.7
2026-05-29 16:00:00,0.349,20.3
2026-05-29 17:00:00,0.349,19.9
2026-05-29 18:00:00,0.349,19.6
2026-05-29 19:00:00,0.349,19.3
2026-05-29 20:00:00,0.349,19
2026-05-29 21:00:00,0.349,18.7
2026-05-29 22:00:00,0.349,18.5
2026-05-29 23:00:00,0.348,18.5
2026-05-30 00:00:00,0.346,18.6
2026-05-30 01:00:00,0.346,18.8
2026-05-30 02:00:00,0.344,19.3
2026-05-30 03:00:00,0.342,20.3
2026-05-30 04:00:00,0.342,21.6
2026-05-30 05:00:00,0.342,22.2
2026-05-30 06:00:00,0.342,22.6
2026-05-30 07:00:00,0.342,22.7
2026-05-30 08:00:00,0.342,22.8
2026-05-30 09:00:00,0.342,22.9
2026-05-30 10:00:00,0.342,22.9
2026-05-30 11:00:00,0.341,22.6
2026-05-30 12:00:00,0.342,22.2
2026-05-30 13:00:00,0.342,21.8
2026-05-30 14:00:00,0.341,21.4
2026-05-30 15:00:00,0.341,21
2026-05-30 16:00:00,0.341,20.7
2026-05-30 17:00:00,0.342,20.3
2026-05-30 18:00:00,0.341,20
2026-05-30 19:00:00,0.341,19.7
2026-05-30 20:00:00,0.342,19.4
2026-05-30 21:00:00,0.341,19.2
2026-05-30 22:00:00,0.341,18.9
2026-05-30 23:00:00,0.341,18.8
2026-05-31 00:00:00,0.341,18.8
2026-05-31 01:00:00,0.341,18.9
2026-05-31 02:00:00,0.341,19.4
2026-05-31 03:00:00,0.341,20.5
2026-05-31 04:00:00,0.341,21.8
2026-05-31 05:00:00,0.34,22.6
2026-05-31 06:00:00,0.34,22.9
2026-05-31 07:00:00,0.34,22.9
2026-05-31 08:00:00,0.34,23
2026-05-31 09:00:00,0.34,23.2
2026-05-31 10:00:00,0.34,23.2
2026-05-31 11:00:00,0.34,22.9
2026-05-31 12:00:00,0.34,22.5
2026-05-31 13:00:00,0.34,22.1
2026-05-31 14:00:00,0.34,21.8
2026-05-31 15:00:00,0.34,21.4
2026-05-31 16:00:00,0.34,21
2026-05-31 17:00:00,0.34,20.7
2026-05-31 18:00:00,0.34,20.5
2026-05-31 19:00:00,0.34,20.2
2026-05-31 20:00:00,0.34,20
2026-05-31 21:00:00,0.34,19.7
2026-05-31 22:00:00,0.34,19.5
2026-05-31 23:00:00,0.34,19.5
2026-06-01 00:00:00,0.34,19.7
2026-06-01 01:00:00,0.339,19.9
2026-06-01 02:00:00,0.339,20.4
2026-06-01 03:00:00,0.339,21.3
2026-06-01 04:00:00,0.339,22.2
2026-06-01 05:00:00,0.339,22.9
2026-06-01 06:00:00,0.339,23.5
2026-06-01 07:00:00,0.339,23.8
2026-06-01 08:00:00,0.339,24
2026-06-01 09:00:00,0.338,24.1
2026-06-01 10:00:00,0.338,24
2026-06-01 11:00:00,0.338,23.7
2026-06-01 12:00:00,0.338,23.4
2026-06-01 13:00:00,0.338,23.1
2026-06-01 14:00:00,0.338,22.8
2026-06-01 15:00:00,0.338,22.5
2026-06-01 16:00:00,0.338,22.2
2026-06-01 17:00:00,0.338,22
2026-06-01 18:00:00,0.338,21.8
2026-06-01 19:00:00,0.338,21.6
2026-06-01 20:00:00,0.338,21.4
2026-06-01 21:00:00,0.339,21.2
2026-06-01 22:00:00,0.353,21.1
2026-06-01 23:00:00,0.38,21
2026-06-02 00:00:00,0.384,21
2026-06-02 01:00:00,0.385,21
2026-06-02 02:00:00,0.384,21
2026-06-02 03:00:00,0.384,21.1
2026-06-02 04:00:00,0.385,21.2
2026-06-02 05:00:00,0.384,21.4
2026-06-02 06:00:00,0.384,21.7
2026-06-02 07:00:00,0.382,22.1
2026-06-02 08:00:00,0.381,22.5
2026-06-02 09:00:00,0.381,22.9
2026-06-02 10:00:00,0.379,23
2026-06-02 11:00:00,0.371,22.9
2026-06-02 12:00:00,0.367,22.6
2026-06-02 13:00:00,0.366,22.3
2026-06-02 14:00:00,0.365,22
2026-06-02 15:00:00,0.365,21.7
2026-06-02 16:00:00,0.365,21.4
2026-06-02 17:00:00,0.364,21.2
2026-06-02 18:00:00,0.364,20.9
2026-06-02 19:00:00,0.364,20.7
2026-06-02 20:00:00,0.364,20.5
2026-06-02 21:00:00,0.364,20.3
2026-06-02 22:00:00,0.364,20.1
2026-06-02 23:00:00,0.364,20.1
2026-06-03 00:00:00,0.364,20.2
2026-06-03 01:00:00,0.364,20.5
2026-06-03 02:00:00,0.366,21.1
2026-06-03 03:00:00,0.367,22.1
2026-06-03 04:00:00,0.367,23.3
2026-06-03 05:00:00,0.366,24.2
2026-06-03 06:00:00,0.364,24.6
2026-06-03 07:00:00,0.363,24.9
2026-06-03 08:00:00,0.362,24.8
2026-06-03 09:00:00,0.361,24.6
2026-06-03 10:00:00,0.36,24.3
2026-06-03 11:00:00,0.359,23.9
2026-06-03 12:00:00,0.359,23.6
2026-06-03 13:00:00,0.358,23.3
2026-06-03 14:00:00,0.358,22.9
2026-06-03 15:00:00,0.358,22.6
2026-06-03 16:00:00,0.357,22.4
2026-06-03 17:00:00,0.357,22.1
2026-06-03 18:00:00,0.357,21.9
2026-06-03 19:00:00,0.356,21.7
2026-06-03 20:00:00,0.356,21.5
2026-06-03 21:00:00,0.356,21.3
2026-06-03 22:00:00,0.356,21.2
2026-06-03 23:00:00,0.356,21.3
2026-06-04 00:00:00,0.356,21.4
2026-06-04 01:00:00,0.356,21.7
2026-06-04 02:00:00,0.355,21.9
2026-06-04 03:00:00,0.355,22
2026-06-04 04:00:00,0.355,22.3
2026-06-04 05:00:00,0.355,22.7
2026-06-04 06:00:00,0.355,23.2
2026-06-04 07:00:00,0.355,23.5
2026-06-04 08:00:00,0.355,23.8
2026-06-04 09:00:00,0.354,24.1
2026-06-04 10:00:00,0.354,24
2026-06-04 11:00:00,0.354,23.8
2026-06-04 12:00:00,0.353,23.5
2026-06-04 13:00:00,0.353,23.1
2026-06-04 14:00:00,0.353,22.8
2026-06-04 15:00:00,0.352,22.5
2026-06-04 16:00:00,0.352,22.3
2026-06-04 17:00:00,0.352,22.1
2026-06-04 18:00:00,0.352,21.9
2026-06-04 19:00:00,0.352,21.8
2026-06-04 20:00:00,0.352,21.6
2026-06-04 21:00:00,0.351,21.3
2026-06-04 22:00:00,0.351,21
2026-06-04 23:00:00,0.351,20.7
2026-06-05 00:00:00,0.35,20.4
2026-06-05 01:00:00,0.35,20.3
2026-06-05 02:00:00,0.35,20.7
2026-06-05 03:00:00,0.35,21.4
2026-06-05 04:00:00,0.35,22.4
2026-06-05 05:00:00,0.349,23
2026-06-05 06:00:00,0.349,23.2
2026-06-05 07:00:00,0.349,23.1
2026-06-05 08:00:00,0.349,23
2026-06-05 09:00:00,0.348,22.9
2026-06-05 10:00:00,0.348,22.7
2026-06-05 11:00:00,0.348,22.3
2026-06-05 12:00:00,0.347,21.9
2026-06-05 13:00:00,0.347,21.4
2026-06-05 14:00:00,0.346,21
2026-06-05 15:00:00,0.346,20.6
2026-06-05 16:00:00,0.346,20.2
2026-06-05 17:00:00,0.345,19.9
2026-06-05 18:00:00,0.345,19.5
2026-06-05 19:00:00,0.345,19.2
2026-06-05 20:00:00,0.345,18.9
2026-06-05 21:00:00,0.344,18.7
2026-06-05 22:00:00,0.344,18.4
2026-06-05 23:00:00,0.344,18.3
2026-06-06 00:00:00,0.344,18.3
2026-06-06 01:00:00,0.344,18.5
2026-06-06 02:00:00,0.343,19
2026-06-06 03:00:00,0.343,20.1
2026-06-06 04:00:00,0.343,21.7
2026-06-06 05:00:00,0.342,22.7
2026-06-06 06:00:00,0.342,23.2
2026-06-06 07:00:00,0.342,23.4
2026-06-06 08:00:00,0.342,23.5
2026-06-06 09:00:00,0.341,23.7
2026-06-06 10:00:00,0.341,23.8
2026-06-06 11:00:00,0.341,23.5
2026-06-06 12:00:00,0.341,23.1
2026-06-06 13:00:00,0.34,22.6
2026-06-06 14:00:00,0.34,22.1
2026-06-06 15:00:00,0.34,21.8
2026-06-06 16:00:00,0.34,21.4
2026-06-06 17:00:00,0.34,21.1
2026-06-06 18:00:00,0.34,20.8
2026-06-06 19:00:00,0.339,20.5
2026-06-06 20:00:00,0.339,20.3
2026-06-06 21:00:00,0.339,20.1
2026-06-06 22:00:00,0.339,19.9
2026-06-06 23:00:00,0.339,20
2026-06-07 00:00:00,0.339,20.1
2026-06-07 01:00:00,0.339,20.3
2026-06-07 02:00:00,0.339,20.8
2026-06-07 03:00:00,0.338,21.7
2026-06-07 04:00:00,0.338,22.6
2026-06-07 05:00:00,0.338,23.1
2026-06-07 06:00:00,0.337,23.6
2026-06-07 07:00:00,0.337,23.9
2026-06-07 08:00:00,0.337,24.1
2026-06-07 09:00:00,0.337,24.1
2026-06-07 10:00:00,0.337,24
2026-06-07 11:00:00,0.336,23.7
2026-06-07 12:00:00,0.336,23.4
2026-06-07 13:00:00,0.336,23
2026-06-07 14:00:00,0.336,22.7
2026-06-07 15:00:00,0.336,22.4
2026-06-07 16:00:00,0.336,22.1
2026-06-07 17:00:00,0.336,21.9
2026-06-07 18:00:00,0.336,21.7
2026-06-07 19:00:00,0.335,21.5
2026-06-07 20:00:00,0.335,21.3
2026-06-07 21:00:00,0.335,21.1
2026-06-07 22:00:00,0.335,20.9
2026-06-07 23:00:00,0.335,20.8
2026-06-08 00:00:00,0.335,20.7
2026-06-08 01:00:00,0.335,20.7
2026-06-08 02:00:00,0.335,20.7
2026-06-08 03:00:00,0.335,20.9
2026-06-08 04:00:00,0.335,21.1
2026-06-08 05:00:00,0.335,21.3
2026-06-08 06:00:00,0.334,21.4
2026-06-08 07:00:00,0.334,21.6
2026-06-08 08:00:00,0.334,21.6
2026-06-08 09:00:00,0.334,21.6
2026-06-08 10:00:00,0.334,21.4
2026-06-08 11:00:00,0.334,21.1
2026-06-08 12:00:00,0.334,20.8
2026-06-08 13:00:00,0.334,20.5
2026-06-08 14:00:00,0.333,20.3
2026-06-08 15:00:00,0.333,20
2026-06-08 16:00:00,0.333,19.8
2026-06-08 17:00:00,0.333,19.6
2026-06-08 18:00:00,0.333,19.3
2026-06-08 19:00:00,0.333,19.1
2026-06-08 20:00:00,0.333,18.9
2026-06-08 21:00:00,0.333,18.7
2026-06-08 22:00:00,0.333,18.6
2026-06-08 23:00:00,0.333,18.7
2026-06-09 00:00:00,0.333,18.9
2026-06-09 01:00:00,0.333,19.2
2026-06-09 02:00:00,0.332,19.8
2026-06-09 03:00:00,0.332,20.7
2026-06-09 04:00:00,0.332,21.9
2026-06-09 05:00:00,0.332,22.7
2026-06-09 06:00:00,0.331,23.2
2026-06-09 07:00:00,0.331,23.3
2026-06-09 08:00:00,0.331,23.4
2026-06-09 09:00:00,0.331,23.6
2026-06-09 10:00:00,0.331,23.5
2026-06-09 11:00:00,0.331,23.2
2026-06-09 12:00:00,0.33,22.7
2026-06-09 13:00:00,0.33,22.3
2026-06-09 14:00:00,0.33,21.8
2026-06-09 15:00:00,0.33,21.4
2026-06-09 16:00:00,0.33,21
2026-06-09 17:00:00,0.33,20.6
2026-06-09 18:00:00,0.33,20.2
2026-06-09 19:00:00,0.33,19.9
2026-06-09 20:00:00,0.33,19.5
2026-06-09 21:00:00,0.33,19.2
2026-06-09 22:00:00,0.33,19
2026-06-09 23:00:00,0.33,18.9
2026-06-10 00:00:00,0.33,19
2026-06-10 01:00:00,0.33,19.2
2026-06-10 02:00:00,0.329,19.7
2026-06-10 03:00:00,0.329,20.6
2026-06-10 04:00:00,0.329,21.6
2026-06-10 05:00:00,0.329,22.3
2026-06-10 06:00:00,0.329,22.8
2026-06-10 07:00:00,0.328,22.9
2026-06-10 08:00:00,0.328,23
2026-06-10 09:00:00,0.328,23.2
2026-06-10 10:00:00,0.328,23.1
2026-06-10 11:00:00,0.328,22.8
2026-06-10 12:00:00,0.328,22.4
2026-06-10 13:00:00,0.327,21.9
2026-06-10 14:00:00,0.327,21.5
2026-06-10 15:00:00,0.327,21.2
2026-06-10 16:00:00,0.327,20.9
2026-06-10 17:00:00,0.327,20.6
2026-06-10 18:00:00,0.327,20.4
2026-06-10 19:00:00,0.327,20.1
2026-06-10 20:00:00,0.327,19.9
2026-06-10 21:00:00,0.327,19.7
2026-06-10 22:00:00,0.327,19.6
2026-06-10 23:00:00,0.327,19.6
2026-06-11 00:00:00,0.327,19.8
2026-06-11 01:00:00,0.327,20
2026-06-11 02:00:00,0.326,20.6
2026-06-11 03:00:00,0.326,21.5
2026-06-11 04:00:00,0.326,22.4
2026-06-11 05:00:00,0.326,23
2026-06-11 06:00:00,0.326,23.3
2026-06-11 07:00:00,0.325,23.3
2026-06-11 08:00:00,0.325,23.4
2026-06-11 09:00:00,0.325,23.5
2026-06-11 10:00:00,0.325,23.4
2026-06-11 11:00:00,0.324,23.1
2026-06-11 12:00:00,0.324,22.7
2026-06-11 13:00:00,0.324,22.2
2026-06-11 14:00:00,0.324,21.8
2026-06-11 15:00:00,0.324,21.5
2026-06-11 16:00:00,0.324,21.1
2026-06-11 17:00:00,0.324,20.7
2026-06-11 18:00:00,0.324,20.4
2026-06-11 19:00:00,0.324,20.1
2026-06-11 20:00:00,0.324,19.9
2026-06-11 21:00:00,0.324,19.6
2026-06-11 22:00:00,0.323,19.5
2026-06-11 23:00:00,0.323,19.5
2026-06-12 00:00:00,0.323,19.7
2026-06-12 01:00:00,0.323,20
2026-06-12 02:00:00,0.323,20.6
2026-06-12 03:00:00,0.323,21.7
2026-06-12 04:00:00,0.323,22.9
2026-06-12 05:00:00,0.322,23.8
2026-06-12 06:00:00,0.322,24.3
2026-06-12 07:00:00,0.322,24.4
2026-06-12 08:00:00,0.322,24.5
2026-06-12 09:00:00,0.321,24.7
2026-06-12 10:00:00,0.321,24.5
2026-06-12 11:00:00,0.321,24.2
2026-06-12 12:00:00,0.321,23.7
2026-06-12 13:00:00,0.321,23.2
2026-06-12 14:00:00,0.321,22.8
2026-06-12 15:00:00,0.321,22.3
2026-06-12 16:00:00,0.321,21.9
2026-06-12 17:00:00,0.321,21.5
2026-06-12 18:00:00,0.321,21.2
2026-06-12 19:00:00,0.321,20.9
2026-06-12 20:00:00,0.321,20.6
2026-06-12 21:00:00,0.321,20.3
2026-06-12 22:00:00,0.321,20.1
2026-06-12 23:00:00,0.321,20.1
2026-06-13 00:00:00,0.321,20.3
2026-06-13 01:00:00,0.32,20.7
2026-06-13 02:00:00,0.32,21.3
2026-06-13 03:00:00,0.32,22.3
2026-06-13 04:00:00,0.32,23.3
2026-06-13 05:00:00,0.319,24.1
2026-06-13 06:00:00,0.319,24.8
2026-06-13 07:00:00,0.319,25.1
2026-06-13 08:00:00,0.319,25.2
2026-06-13 09:00:00,0.318,25.2
2026-06-13 10:00:00,0.318,25
2026-06-13 11:00:00,0.318,24.7
2026-06-13 12:00:00,0.318,24.2
2026-06-13 13:00:00,0.318,23.8
2026-06-13 14:00:00,0.318,23.4
2026-06-13 15:00:00,0.318,23.1
2026-06-13 16:00:00,0.318,22.8
2026-06-13 17:00:00,0.318,22.5
2026-06-13 18:00:00,0.318,22.3
2026-06-13 19:00:00,0.318,22.1
2026-06-13 20:00:00,0.318,21.9
2026-06-13 21:00:00,0.318,21.7
2026-06-13 22:00:00,0.318,21.5
2026-06-13 23:00:00,0.318,21.5
2026-06-14 00:00:00,0.318,21.7
2026-06-14 01:00:00,0.318,22
2026-06-14 02:00:00,0.318,22.5
2026-06-14 03:00:00,0.318,23.5
2026-06-14 04:00:00,0.317,24.5
2026-06-14 05:00:00,0.317,25.3
2026-06-14 06:00:00,0.336,25.5
2026-06-14 07:00:00,0.337,25.1
2026-06-14 08:00:00,0.333,24.6
2026-06-14 09:00:00,0.333,24.3
2026-06-14 10:00:00,0.333,24
2026-06-14 11:00:00,0.333,23.7
2026-06-14 12:00:00,0.333,23.4
2026-06-14 13:00:00,0.333,23
2026-06-14 14:00:00,0.333,22.7
2026-06-14 15:00:00,0.333,22.4
2026-06-14 16:00:00,0.334,22.1
2026-06-14 17:00:00,0.334,21.9
2026-06-14 18:00:00,0.334,21.7
2026-06-14 19:00:00,0.334,21.4
2026-06-14 20:00:00,0.334,21.2
2026-06-14 21:00:00,0.334,21
2026-06-14 22:00:00,0.334,20.9
2026-06-14 23:00:00,0.334,20.8
2026-06-15 00:00:00,0.334,20.9
2026-06-15 01:00:00,0.334,21.1
2026-06-15 02:00:00,0.334,21.7
2026-06-15 03:00:00,0.334,22.7
2026-06-15 04:00:00,0.334,24.1
2026-06-15 05:00:00,0.333,24.9
2026-06-15 06:00:00,0.333,25.4
2026-06-15 07:00:00,0.333,25.5
2026-06-15 08:00:00,0.333,25.6
2026-06-15 09:00:00,0.332,25.4
2026-06-15 10:00:00,0.332,25.2
2026-06-15 11:00:00,0.332,24.8
2026-06-15 12:00:00,0.332,24.3
2026-06-15 13:00:00,0.332,23.8
2026-06-15 14:00:00,0.332,23.4
2026-06-15 15:00:00,0.332,23
2026-06-15 16:00:00,0.332,22.6
2026-06-15 17:00:00,0.332,22.2
2026-06-15 18:00:00,0.332,21.9
2026-06-15 19:00:00,0.331,21.7
2026-06-15 20:00:00,0.331,21.4
2026-06-15 21:00:00,0.331,21.2
2026-06-15 22:00:00,0.331,21
2026-06-15 23:00:00,0.331,21
2026-06-16 00:00:00,0.331,21.1
2026-06-16 01:00:00,0.33,21.5
2026-06-16 02:00:00,0.33,22
2026-06-16 03:00:00,0.33,22.9
2026-06-16 04:00:00,0.329,24
2026-06-16 05:00:00,0.329,24.7
2026-06-16 06:00:00,0.328,25.4
2026-06-16 07:00:00,0.328,25.8
2026-06-16 08:00:00,0.328,25.9
2026-06-16 09:00:00,0.327,25.8
2026-06-16 10:00:00,0.327,25.6
2026-06-16 11:00:00,0.327,25.3
2026-06-16 12:00:00,0.327,24.9
2026-06-16 13:00:00,0.327,24.6
2026-06-16 14:00:00,0.327,24.3
2026-06-16 15:00:00,0.327,24
2026-06-16 16:00:00,0.327,23.7
2026-06-16 17:00:00,0.326,23.5
2026-06-16 18:00:00,0.326,23.2
2026-06-16 19:00:00,0.326,23
2026-06-16 20:00:00,0.326,22.8
2026-06-16 21:00:00,0.326,22.6
2026-06-16 22:00:00,0.326,22.5
2026-06-16 23:00:00,0.326,22.5
2026-06-17 00:00:00,0.325,22.7
2026-06-17 01:00:00,0.325,23
2026-06-17 02:00:00,0.325,23.4
2026-06-17 03:00:00,0.325,24
2026-06-17 04:00:00,0.325,24.5
2026-06-17 05:00:00,0.324,24.9
2026-06-17 06:00:00,0.324,25
2026-06-17 07:00:00,0.324,25
2026-06-17 08:00:00,0.324,24.9
2026-06-17 09:00:00,0.324,24.8
2026-06-17 10:00:00,0.324,24.6
2026-06-17 11:00:00,0.323,24.3
2026-06-17 12:00:00,0.323,24
2026-06-17 13:00:00,0.323,23.8
2026-06-17 14:00:00,0.323,23.6
2026-06-17 15:00:00,0.323,23.4
2026-06-17 16:00:00,0.323,23.2
2026-06-17 17:00:00,0.323,23.1
2026-06-17 18:00:00,0.323,23
2026-06-17 19:00:00,0.323,22.9
2026-06-17 20:00:00,0.323,22.8
2026-06-17 21:00:00,0.322,22.7
2026-06-17 22:00:00,0.322,22.7
2026-06-17 23:00:00,0.322,22.7
2026-06-18 00:00:00,0.322,23
2026-06-18 01:00:00,0.322,23.2
2026-06-18 02:00:00,0.322,23.7
2026-06-18 03:00:00,0.322,24.2
2026-06-18 04:00:00,0.321,25
2026-06-18 05:00:00,0.321,25.6
2026-06-18 06:00:00,0.321,26
2026-06-18 07:00:00,0.32,26.2
2026-06-18 08:00:00,0.32,26.4
2026-06-18 09:00:00,0.32,26.5
2026-06-18 10:00:00,0.319,26.2
2026-06-18 11:00:00,0.319,25.8
2026-06-18 12:00:00,0.319,25.4
2026-06-18 13:00:00,0.319,25.1
2026-06-18 14:00:00,0.319,24.8
2026-06-18 15:00:00,0.319,24.5
2026-06-18 16:00:00,0.319,24.2
2026-06-18 17:00:00,0.319,24
2026-06-18 18:00:00,0.319,23.8
2026-06-18 19:00:00,0.319,23.6
2026-06-18 20:00:00,0.319,23.4
2026-06-18 21:00:00,0.319,23.3
2026-06-18 22:00:00,0.319,23.2
2026-06-18 23:00:00,0.319,23.2
2026-06-19 00:00:00,0.319,23.4
2026-06-19 01:00:00,0.319,23.6
2026-06-19 02:00:00,0.319,23.9
2026-06-19 03:00:00,0.318,24.2
2026-06-19 04:00:00,0.318,24.6
2026-06-19 05:00:00,0.318,24.8
2026-06-19 06:00:00,0.318,24.9
2026-06-19 07:00:00,0.318,25
2026-06-19 08:00:00,0.318,25
2026-06-19 09:00:00,0.318,25
2026-06-19 10:00:00,0.318,24.8
2026-06-19 11:00:00,0.319,24.5
2026-06-19 12:00:00,0.322,24.2
2026-06-19 13:00:00,0.339,23.9
2026-06-19 14:00:00,0.362,23.6
2026-06-19 15:00:00,0.365,23.3
2026-06-19 16:00:00,0.371,23.2
2026-06-19 17:00:00,0.385,23.1
2026-06-19 18:00:00,0.386,23
2026-06-19 19:00:00,0.385,23.1
2026-06-19 20:00:00,0.384,23.1
2026-06-19 21:00:00,0.384,23
2026-06-19 22:00:00,0.381,23
2026-06-19 23:00:00,0.361,23.1
2026-06-20 00:00:00,0.36,23.1
2026-06-20 01:00:00,0.359,23.1
2026-06-20 02:00:00,0.357,23.1
2026-06-20 03:00:00,0.357,23.3
2026-06-20 04:00:00,0.357,23.4
2026-06-20 05:00:00,0.356,23.5
2026-06-20 06:00:00,0.356,23.5
2026-06-20 07:00:00,0.355,23.6
2026-06-20 08:00:00,0.354,23.6
2026-06-20 09:00:00,0.354,23.5
2026-06-20 10:00:00,0.353,23.4
2026-06-20 11:00:00,0.353,23.2
2026-06-20 12:00:00,0.354,23.1
2026-06-20 13:00:00,0.353,22.9
2026-06-20 14:00:00,0.353,22.7
2026-06-20 15:00:00,0.352,22.6
2026-06-20 16:00:00,0.352,22.5
2026-06-20 17:00:00,0.352,22.4
2026-06-20 18:00:00,0.352,22.3
2026-06-20 19:00:00,0.352,22.2
2026-06-20 20:00:00,0.352,22.1
2026-06-20 21:00:00,0.352,22
2026-06-20 22:00:00,0.353,21.9
2026-06-20 23:00:00,0.353,22
2026-06-21 00:00:00,0.353,22
2026-06-21 01:00:00,0.353,22.2
2026-06-21 02:00:00,0.353,22.6
2026-06-21 03:00:00,0.352,23.1
2026-06-21 04:00:00,0.352,23.7
2026-06-21 05:00:00,0.352,24.2
2026-06-21 06:00:00,0.351,24.7
2026-06-21 07:00:00,0.35,24.9
2026-06-21 08:00:00,0.35,25.2
2026-06-21 09:00:00,0.349,25.4
2026-06-21 10:00:00,0.349,25.4
2026-06-21 11:00:00,0.348,25.1
2026-06-21 12:00:00,0.348,24.7
2026-06-21 13:00:00,0.347,24.3
2026-06-21 14:00:00,0.347,24
2026-06-21 15:00:00,0.346,23.7
2026-06-21 16:00:00,0.346,23.5
2026-06-21 17:00:00,0.346,23.2
2026-06-21 18:00:00,0.346,23
2026-06-21 19:00:00,0.345,22.8
2026-06-21 20:00:00,0.345,22.6
2026-06-21 21:00:00,0.345,22.5
2026-06-21 22:00:00,0.345,22.4
2026-06-21 23:00:00,0.345,22.4
2026-06-22 00:00:00,0.344,22.5
2026-06-22 01:00:00,0.344,22.6
2026-06-22 02:00:00,0.344,22.7
2026-06-22 03:00:00,0.344,22.8
2026-06-22 04:00:00,0.344,22.9
2026-06-22 05:00:00,0.344,22.9
2026-06-22 06:00:00,0.344,22.9
2026-06-22 07:00:00,0.344,23
2026-06-22 08:00:00,0.345,23
2026-06-22 09:00:00,0.346,23.1
2026-06-22 10:00:00,0.347,23
2026-06-22 11:00:00,0.348,22.9
2026-06-22 12:00:00,0.348,22.7
2026-06-22 13:00:00,0.348,22.4
2026-06-22 14:00:00,0.348,22.2
2026-06-22 15:00:00,0.348,22
2026-06-22 16:00:00,0.349,21.8
2026-06-22 17:00:00,0.349,21.7
2026-06-22 18:00:00,0.349,21.6
2026-06-22 19:00:00,0.349,21.4
2026-06-22 20:00:00,0.349,21.3
2026-06-22 21:00:00,0.349,21.1
2026-06-22 22:00:00,0.349,21.1
2026-06-22 23:00:00,0.349,21.1
2026-06-23 00:00:00,0.349,21.3
2026-06-23 01:00:00,0.349,21.6
2026-06-23 02:00:00,0.349,22
2026-06-23 03:00:00,0.349,22.6
2026-06-23 04:00:00,0.348,23.6
2026-06-23 05:00:00,0.348,24.3
2026-06-23 06:00:00,0.347,24.6
2026-06-23 07:00:00,0.346,24.7
2026-06-23 08:00:00,0.346,24.8
2026-06-23 09:00:00,0.345,24.9
2026-06-23 10:00:00,0.345,24.6
2026-06-23 11:00:00,0.344,24.3
2026-06-23 12:00:00,0.344,23.9
2026-06-23 13:00:00,0.343,23.6
2026-06-23 14:00:00,0.343,23.3
2026-06-23 15:00:00,0.343,23
2026-06-23 16:00:00,0.342,22.8
2026-06-23 17:00:00,0.342,22.6
2026-06-23 18:00:00,0.342,22.4
2026-06-23 19:00:00,0.342,22.1
2026-06-23 20:00:00,0.341,21.9
2026-06-23 21:00:00,0.341,21.8
2026-06-23 22:00:00,0.341,21.6
2026-06-23 23:00:00,0.341,21.6
2026-06-24 00:00:00,0.34,21.8
2026-06-24 01:00:00,0.34,22.1
2026-06-24 02:00:00,0.34,22.5
2026-06-24 03:00:00,0.339,22.8
2026-06-24 04:00:00,0.339,22.9
2026-06-24 05:00:00,0.339,23
2026-06-24 06:00:00,0.338,23.2
2026-06-24 07:00:00,0.338,23.2
2026-06-24 08:00:00,0.338,23.1
2026-06-24 09:00:00,0.338,23.1
2026-06-24 10:00:00,0.337,23.1
2026-06-24 11:00:00,0.337,22.9
2026-06-24 12:00:00,0.337,22.7
2026-06-24 13:00:00,0.337,22.5
2026-06-24 14:00:00,0.337,22.3
2026-06-24 15:00:00,0.336,22.1
2026-06-24 16:00:00,0.336,22
2026-06-24 17:00:00,0.336,21.8
2026-06-24 18:00:00,0.336,21.6
2026-06-24 19:00:00,0.336,21.5
2026-06-24 20:00:00,0.336,21.4
2026-06-24 21:00:00,0.335,21.4
2026-06-24 22:00:00,0.335,21.3
2026-06-24 23:00:00,0.335,21.4
2026-06-25 00:00:00,0.335,21.6
2026-06-25 01:00:00,0.335,21.9
2026-06-25 02:00:00,0.334,22.2
2026-06-25 03:00:00,0.334,22.8
2026-06-25 04:00:00,0.333,23.8
2026-06-25 05:00:00,0.333,24.4
2026-06-25 06:00:00,0.332,24.6
2026-06-25 07:00:00,0.331,24.6
2026-06-25 08:00:00,0.331,24.6
2026-06-25 09:00:00,0.33,24.6
2026-06-25 10:00:00,0.33,24.4
2026-06-25 11:00:00,0.329,24.2
2026-06-25 12:00:00,0.329,23.8
2026-06-25 13:00:00,0.329,23.4
2026-06-25 14:00:00,0.329,23.1
2026-06-25 15:00:00,0.329,22.8
2026-06-25 16:00:00,0.329,22.5
2026-06-25 17:00:00,0.328,22.3
2026-06-25 18:00:00,0.328,22
2026-06-25 19:00:00,0.328,21.8
2026-06-25 20:00:00,0.328,21.6
2026-06-25 21:00:00,0.328,21.4
2026-06-25 22:00:00,0.328,21.2
2026-06-25 23:00:00,0.328,21.2
2026-06-26 00:00:00,0.328,21.2
2026-06-26 01:00:00,0.328,21.2
2026-06-26 02:00:00,0.328,21.6
2026-06-26 03:00:00,0.327,22.2
2026-06-26 04:00:00,0.326,23.4
2026-06-26 05:00:00,0.325,24.2
2026-06-26 06:00:00,0.324,24.8
2026-06-26 07:00:00,0.324,24.9
2026-06-26 08:00:00,0.323,25
2026-06-26 09:00:00,0.322,25.1
2026-06-26 10:00:00,0.321,24.9
2026-06-26 11:00:00,0.321,24.6
2026-06-26 12:00:00,0.321,24.1
2026-06-26 13:00:00,0.321,23.7
2026-06-26 14:00:00,0.321,23.4
2026-06-26 15:00:00,0.321,23.1
2026-06-26 16:00:00,0.321,22.8
2026-06-26 17:00:00,0.321,22.5
2026-06-26 18:00:00,0.321,22.3
2026-06-26 19:00:00,0.321,22.1
2026-06-26 20:00:00,0.321,21.9
2026-06-26 21:00:00,0.321,21.7
2026-06-26 22:00:00,0.321,21.5
2026-06-26 23:00:00,0.321,21.6
2026-06-27 00:00:00,0.321,21.7
2026-06-27 01:00:00,0.321,21.9
2026-06-27 02:00:00,0.321,22.4
2026-06-27 03:00:00,0.32,23.1
2026-06-27 04:00:00,0.32,24.2
2026-06-27 05:00:00,0.319,25.1
2026-06-27 06:00:00,0.318,25.6
2026-06-27 07:00:00,0.317,25.8
2026-06-27 08:00:00,0.316,25.9
2026-06-27 09:00:00,0.316,26.1
2026-06-27 10:00:00,0.315,26
2026-06-27 11:00:00,0.315,25.7
2026-06-27 12:00:00,0.315,25.3
2026-06-27 13:00:00,0.315,24.9
2026-06-27 14:00:00,0.316,24.5
2026-06-27 15:00:00,0.316,24.2
2026-06-27 16:00:00,0.316,23.9
2026-06-27 17:00:00,0.316,23.6
2026-06-27 18:00:00,0.316,23.4
2026-06-27 19:00:00,0.316,23.2
2026-06-27 20:00:00,0.317,22.9
2026-06-27 21:00:00,0.317,22.7
2026-06-27 22:00:00,0.317,22.7
2026-06-27 23:00:00,0.317,22.7
2026-06-28 00:00:00,0.317,22.7
2026-06-28 01:00:00,0.317,22.9
2026-06-28 02:00:00,0.316,23.3
2026-06-28 03:00:00,0.316,23.9
2026-06-28 04:00:00,0.315,24.9
2026-06-28 05:00:00,0.314,25.7
2026-06-28 06:00:00,0.313,26.1
2026-06-28 07:00:00,0.312,26.3
2026-06-28 08:00:00,0.311,26.3
2026-06-28 09:00:00,0.311,26.3
2026-06-28 10:00:00,0.31,26.2
2026-06-28 11:00:00,0.31,25.9
2026-06-28 12:00:00,0.31,25.5
2026-06-28 13:00:00,0.31,25
2026-06-28 14:00:00,0.311,24.6
2026-06-28 15:00:00,0.311,24.3
2026-06-28 16:00:00,0.311,23.9
2026-06-28 17:00:00,0.311,23.6
2026-06-28 18:00:00,0.311,23.3
2026-06-28 19:00:00,0.312,23
2026-06-28 20:00:00,0.312,22.8
2026-06-28 21:00:00,0.312,22.6
2026-06-28 22:00:00,0.312,22.5
2026-06-28 23:00:00,0.312,22.5
2026-06-29 00:00:00,0.312,22.5
2026-06-29 01:00:00,0.312,22.7
2026-06-29 02:00:00,0.312,23.1
2026-06-29 03:00:00,0.311,23.8
2026-06-29 04:00:00,0.31,25
2026-06-29 05:00:00,0.309,25.9
2026-06-29 06:00:00,0.308,26.3
2026-06-29 07:00:00,0.307,26.5
2026-06-29 08:00:00,0.307,26.6
2026-06-29 09:00:00,0.306,26.5
2026-06-29 10:00:00,0.306,26.3
2026-06-29 11:00:00,0.306,25.9
2026-06-29 12:00:00,0.306,25.5
2026-06-29 13:00:00,0.307,25.1
2026-06-29 14:00:00,0.307,24.8
2026-06-29 15:00:00,0.307,24.5
2026-06-29 16:00:00,0.307,24.2
2026-06-29 17:00:00,0.307,23.9
2026-06-29 18:00:00,0.308,23.7
2026-06-29 19:00:00,0.308,23.4
2026-06-29 20:00:00,0.308,23.2
2026-06-29 21:00:00,0.308,23
2026-06-29 22:00:00,0.308,22.9
2026-06-29 23:00:00,0.308,22.9
2026-06-30 00:00:00,0.308,23
2026-06-30 01:00:00,0.308,23.2
2026-06-30 02:00:00,0.308,23.6
2026-06-30 03:00:00,0.307,24.4
2026-06-30 04:00:00,0.306,25.2
2026-06-30 05:00:00,0.305,25.9
2026-06-30 06:00:00,0.305,26.2
2026-06-30 07:00:00,0.304,26.4
2026-06-30 08:00:00,0.304,26.5
2026-06-30 09:00:00,0.304,26.5
2026-06-30 10:00:00,0.303,26.4
2026-06-30 11:00:00,0.304,26.1
2026-06-30 12:00:00,0.304,25.7
2026-06-30 13:00:00,0.304,25.3
2026-06-30 14:00:00,0.304,24.9
2026-06-30 15:00:00,0.304,24.6
2026-06-30 16:00:00,0.305,24.4
2026-06-30 17:00:00,0.305,24.2
2026-06-30 18:00:00,0.308,23.9
2026-06-30 19:00:00,0.316,23.6
2026-06-30 20:00:00,0.361,23.2
2026-06-30 21:00:00,0.39,22.7
2026-06-30 22:00:00,0.39,22.5
2026-06-30 23:00:00,0.391,22.3
2026-07-01 00:00:00,0.391,22.4
2026-07-01 01:00:00,0.391,22.3
2026-07-01 02:00:00,0.391,22.3
2026-07-01 03:00:00,0.391,22.4
2026-07-01 04:00:00,0.389,22.7
2026-07-01 05:00:00,0.388,22.9
2026-07-01 06:00:00,0.373,23.1
2026-07-01 07:00:00,0.362,23.4
2026-07-01 08:00:00,0.359,23.8
2026-07-01 09:00:00,0.358,24.1
2026-07-01 10:00:00,0.356,24.2
2026-07-01 11:00:00,0.356,24.1
2026-07-01 12:00:00,0.355,23.9
2026-07-01 13:00:00,0.355,23.8
2026-07-01 14:00:00,0.354,23.6
2026-07-01 15:00:00,0.354,23.5
2026-07-01 16:00:00,0.353,23.4
2026-07-01 17:00:00,0.353,23.2
2026-07-01 18:00:00,0.352,23.1
2026-07-01 19:00:00,0.352,23
2026-07-01 20:00:00,0.352,22.9
2026-07-01 21:00:00,0.351,22.9
2026-07-01 22:00:00,0.351,22.8
2026-07-01 23:00:00,0.351,22.9
2026-07-02 00:00:00,0.351,23
2026-07-02 01:00:00,0.351,23.2
2026-07-02 02:00:00,0.351,23.5
2026-07-02 03:00:00,0.35,23.8
2026-07-02 04:00:00,0.35,24.4
2026-07-02 05:00:00,0.349,25.1
2026-07-02 06:00:00,0.348,25.4
2026-07-02 07:00:00,0.347,25.6
2026-07-02 08:00:00,0.347,25.7
2026-07-02 09:00:00,0.346,25.7
2026-07-02 10:00:00,0.346,25.5
2026-07-02 11:00:00,0.345,25.3
2026-07-02 12:00:00,0.345,25
2026-07-02 13:00:00,0.345,24.7
2026-07-02 14:00:00,0.345,24.4
2026-07-02 15:00:00,0.345,24.1
2026-07-02 16:00:00,0.344,23.9
2026-07-02 17:00:00,0.344,23.7
2026-07-02 18:00:00,0.344,23.6
2026-07-02 19:00:00,0.344,23.5
2026-07-02 20:00:00,0.344,23.4
2026-07-02 21:00:00,0.343,23.3
2026-07-02 22:00:00,0.343,23.2
2026-07-02 23:00:00,0.343,23.3
2026-07-03 00:00:00,0.343,23.4
2026-07-03 01:00:00,0.342,23.6
2026-07-03 02:00:00,0.342,24
2026-07-03 03:00:00,0.341,24.4
2026-07-03 04:00:00,0.341,24.9
2026-07-03 05:00:00,0.34,25.2
2026-07-03 06:00:00,0.339,25.4
2026-07-03 07:00:00,0.339,25.4
2026-07-03 08:00:00,0.339,25.4
2026-07-03 09:00:00,0.339,25.4
2026-07-03 10:00:00,0.338,25.3
2026-07-03 11:00:00,0.338,25.1
2026-07-03 12:00:00,0.338,24.9
2026-07-03 13:00:00,0.338,24.7
2026-07-03 14:00:00,0.338,24.4
2026-07-03 15:00:00,0.338,24.3
2026-07-03 16:00:00,0.338,24.1
2026-07-03 17:00:00,0.337,24
2026-07-03 18:00:00,0.337,23.8
2026-07-03 19:00:00,0.338,23.7
2026-07-03 20:00:00,0.338,23.6
2026-07-03 21:00:00,0.339,23.5
2026-07-03 22:00:00,0.34,23.4
2026-07-03 23:00:00,0.341,23.4
2026-07-04 00:00:00,0.341,23.5
2026-07-04 01:00:00,0.342,23.7
2026-07-04 02:00:00,0.342,24
2026-07-04 03:00:00,0.342,24.5
2026-07-04 04:00:00,0.342,25.2
2026-07-04 05:00:00,0.342,25.6
2026-07-04 06:00:00,0.342,25.7
2026-07-04 07:00:00,0.342,25.7
2026-07-04 08:00:00,0.342,25.5
2026-07-04 09:00:00,0.342,25.4
2026-07-04 10:00:00,0.342,25.2
2026-07-04 11:00:00,0.342,25.1
2026-07-04 12:00:00,0.342,24.9
2026-07-04 13:00:00,0.342,24.8
2026-07-04 14:00:00,0.342,24.6
2026-07-04 15:00:00,0.342,24.5
2026-07-04 16:00:00,0.342,24.4
2026-07-04 17:00:00,0.35,24.2
2026-07-04 18:00:00,0.352,24.2
2026-07-04 19:00:00,0.353,24.1
2026-07-04 20:00:00,0.354,24
2026-07-04 21:00:00,0.354,23.9
2026-07-04 22:00:00,0.354,23.8
2026-07-04 23:00:00,0.354,23.8
2026-07-05 00:00:00,0.354,23.8
2026-07-05 01:00:00,0.354,23.8
2026-07-05 02:00:00,0.354,23.9
2026-07-05 03:00:00,0.354,24.2
2026-07-05 04:00:00,0.354,24.6
2026-07-05 05:00:00,0.354,24.8
2026-07-05 06:00:00,0.354,25
2026-07-05 07:00:00,0.354,25.2
2026-07-05 08:00:00,0.354,25.4
2026-07-05 09:00:00,0.354,25.4
2026-07-05 10:00:00,0.353,25.3
2026-07-05 11:00:00,0.353,25.1
2026-07-05 12:00:00,0.353,25
2026-07-05 13:00:00,0.354,24.8
2026-07-05 14:00:00,0.354,24.7
2026-07-05 15:00:00,0.355,24.6
2026-07-05 16:00:00,0.355,24.5
2026-07-05 17:00:00,0.355,24.4
2026-07-05 18:00:00,0.355,24.3
2026-07-05 19:00:00,0.355,24.2
2026-07-05 20:00:00,0.383,24.1
2026-07-05 21:00:00,0.383,24
2026-07-05 22:00:00,0.381,23.9
2026-07-05 23:00:00,0.381,23.9
2026-07-06 00:00:00,0.38,24
2026-07-06 01:00:00,0.374,24.2
2026-07-06 02:00:00,0.369,24.5
2026-07-06 03:00:00,0.367,24.8
2026-07-06 04:00:00,0.365,25.2
2026-07-06 05:00:00,0.364,25.6
2026-07-06 06:00:00,0.363,25.9
2026-07-06 07:00:00,0.361,26.1
2026-07-06 08:00:00,0.36,26.3
2026-07-06 09:00:00,0.36,26.5
2026-07-06 10:00:00,0.359,26.5
2026-07-06 11:00:00,0.358,26.4
2026-07-06 12:00:00,0.358,26.1
2026-07-06 13:00:00,0.358,25.9
2026-07-06 14:00:00,0.357,25.7
2026-07-06 15:00:00,0.357,25.4
2026-07-06 16:00:00,0.357,25.3
2026-07-06 17:00:00,0.357,25.1
2026-07-06 18:00:00,0.356,25
2026-07-06 19:00:00,0.356,24.9
2026-07-06 20:00:00,0.356,24.7
2026-07-06 21:00:00,0.356,24.6
2026-07-06 22:00:00,0.355,24.6
2026-07-06 23:00:00,0.355,24.6
2026-07-07 00:00:00,0.355,24.7
2026-07-07 01:00:00,0.355,25
2026-07-07 02:00:00,0.355,25.3
2026-07-07 03:00:00,0.354,25.7
2026-07-07 04:00:00,0.354,26.5
2026-07-07 05:00:00,0.353,27.2
2026-07-07 06:00:00,0.353,27.6
2026-07-07 07:00:00,0.351,27.8
2026-07-07 08:00:00,0.35,27.9
2026-07-07 09:00:00,0.349,28.1
2026-07-07 10:00:00,0.349,28.1
2026-07-07 11:00:00,0.349,27.8
2026-07-07 12:00:00,0.349,27.5
2026-07-07 13:00:00,0.348,27.1
2026-07-07 14:00:00,0.348,26.8
2026-07-07 15:00:00,0.348,26.5
2026-07-07 16:00:00,0.347,26.2
2026-07-07 17:00:00,0.347,26
2026-07-07 18:00:00,0.346,25.7
2026-07-07 19:00:00,0.346,25.5
2026-07-07 20:00:00,0.346,25.4
2026-07-07 21:00:00,0.346,25.3
2026-07-07 22:00:00,0.346,25.2
2026-07-07 23:00:00,0.346,25.2
2026-07-08 00:00:00,0.345,25.2
2026-07-08 01:00:00,0.345,25.2
2026-07-08 02:00:00,0.345,25.1
2026-07-08 03:00:00,0.345,25.1
2026-07-08 04:00:00,0.354,25.2
2026-07-08 05:00:00,0.378,25.2
2026-07-08 06:00:00,0.377,25.2
2026-07-08 07:00:00,0.376,25.3
2026-07-08 08:00:00,0.376,25.3
2026-07-08 09:00:00,0.375,25.4
2026-07-08 10:00:00,0.374,25.4
2026-07-08 11:00:00,0.373,25.3
2026-07-08 12:00:00,0.368,25.3
2026-07-08 13:00:00,0.367,25.2
2026-07-08 14:00:00,0.367,25.1
2026-07-08 15:00:00,0.366,25.1
2026-07-08 16:00:00,0.365,25
2026-07-08 17:00:00,0.371,25
2026-07-08 18:00:00,0.378,24.9
2026-07-08 19:00:00,0.378,24.9
2026-07-08 20:00:00,0.377,24.8
2026-07-08 21:00:00,0.377,24.7
2026-07-08 22:00:00,0.377,24.7
2026-07-08 23:00:00,0.377,24.7
2026-07-09 00:00:00,0.376,24.6
2026-07-09 01:00:00,0.375,24.6
2026-07-09 02:00:00,0.382,24.6
2026-07-09 03:00:00,0.391,24.4
2026-07-09 04:00:00,0.391,24.3
2026-07-09 05:00:00,0.391,24.4
2026-07-09 06:00:00,0.391,24.7
2026-07-09 07:00:00,0.391,24.9
2026-07-09 08:00:00,0.39,25
2026-07-09 09:00:00,0.389,25.1
2026-07-09 10:00:00,0.389,25.1
2026-07-09 11:00:00,0.389,25.1
2026-07-09 12:00:00,0.389,25.1
2026-07-09 13:00:00,0.389,24.9
2026-07-09 14:00:00,0.389,24.8
2026-07-09 15:00:00,0.389,24.7
2026-07-09 16:00:00,0.389,24.6
2026-07-09 17:00:00,0.381,24.5
2026-07-09 18:00:00,0.376,24.4
2026-07-09 19:00:00,0.373,24.3
2026-07-09 20:00:00,0.373,24.2
2026-07-09 21:00:00,0.373,24.2
2026-07-09 22:00:00,0.372,24.1
2026-07-09 23:00:00,0.371,24.2
2026-07-10 00:00:00,0.371,24.4
2026-07-10 01:00:00,0.37,24.6
2026-07-10 02:00:00,0.37,25
2026-07-10 03:00:00,0.369,25.5
2026-07-10 04:00:00,0.368,26.2
2026-07-10 05:00:00,0.367,26.8
2026-07-10 06:00:00,0.365,27.2
2026-07-10 07:00:00,0.364,27.4
2026-07-10 08:00:00,0.362,27.5
2026-07-10 09:00:00,0.361,27.7
2026-07-10 10:00:00,0.361,27.7
2026-07-10 11:00:00,0.361,27.5
2026-07-10 12:00:00,0.36,27.2
2026-07-10 13:00:00,0.359,26.9
2026-07-10 14:00:00,0.359,26.6
2026-07-10 15:00:00,0.358,26.3
2026-07-10 16:00:00,0.358,26.1
2026-07-10 17:00:00,0.357,25.9
2026-07-10 18:00:00,0.357,25.7
2026-07-10 19:00:00,0.357,25.5
2026-07-10 20:00:00,0.357,25.3
2026-07-10 21:00:00,0.356,25.2
2026-07-10 22:00:00,0.356,25
2026-07-10 23:00:00,0.356,25
2026-07-11 00:00:00,0.356,25
2026-07-11 01:00:00,0.356,25.1
2026-07-11 02:00:00,0.355,25.3
2026-07-11 03:00:00,0.355,25.8
2026-07-11 04:00:00,0.354,26.7
2026-07-11 05:00:00,0.354,27.4
2026-07-11 06:00:00,0.353,27.7
2026-07-11 07:00:00,0.351,27.9
2026-07-11 08:00:00,0.351,27.9
2026-07-11 09:00:00,0.35,28.1
2026-07-11 10:00:00,0.349,28.2
2026-07-11 11:00:00,0.349,28
2026-07-11 12:00:00,0.349,27.7
2026-07-11 13:00:00,0.348,27.4
2026-07-11 14:00:00,0.348,27.1
2026-07-11 15:00:00,0.347,26.8
2026-07-11 16:00:00,0.347,26.6
2026-07-11 17:00:00,0.347,26.4
2026-07-11 18:00:00,0.347,26.2
2026-07-11 19:00:00,0.347,26
2026-07-11 20:00:00,0.346,25.9
2026-07-11 21:00:00,0.346,25.7
2026-07-11 22:00:00,0.346,25.7
2026-07-11 23:00:00,0.346,25.7
2026-07-12 00:00:00,0.346,25.8
2026-07-12 01:00:00,0.345,26
2026-07-12 02:00:00,0.345,26.2
2026-07-12 03:00:00,0.344,26.7
2026-07-12 04:00:00,0.344,27.6
2026-07-12 05:00:00,0.343,28.3
2026-07-12 06:00:00,0.342,28.5
2026-07-12 07:00:00,0.341,28.6
2026-07-12 08:00:00,0.341,28.7
2026-07-12 09:00:00,0.34,28.8
2026-07-12 10:00:00,0.34,28.8
2026-07-12 11:00:00,0.339,28.5
2026-07-12 12:00:00,0.339,28.2
2026-07-12 13:00:00,0.339,27.9
2026-07-12 14:00:00,0.339,27.6
2026-07-12 15:00:00,0.339,27.4
2026-07-12 16:00:00,0.338,27.2
2026-07-12 17:00:00,0.338,27
2026-07-12 18:00:00,0.338,26.9
2026-07-12 19:00:00,0.338,26.8
2026-07-12 20:00:00,0.338,26.6
2026-07-12 21:00:00,0.338,26.5
2026-07-12 22:00:00,0.338,26.4
2026-07-12 23:00:00,0.338,26.4
2026-07-13 00:00:00,0.338,26.5
2026-07-13 01:00:00,0.337,26.7
2026-07-13 02:00:00,0.336,27
2026-07-13 03:00:00,0.336,27.3
2026-07-13 04:00:00,0.335,27.9
2026-07-13 05:00:00,0.334,28.2
2026-07-13 06:00:00,0.334,28.4
2026-07-13 07:00:00,0.333,28.5
2026-07-13 08:00:00,0.333,28.5
2026-07-13 09:00:00,0.332,28.6
2026-07-13 10:00:00,0.332,28.5
2026-07-13 11:00:00,0.331,28.3
2026-07-13 12:00:00,0.331,28
2026-07-13 13:00:00,0.331,27.8
2026-07-13 14:00:00,0.331,27.6
2026-07-13 15:00:00,0.331,27.4
2026-07-13 16:00:00,0.33,27.2
2026-07-13 17:00:00,0.33,27.1
2026-07-13 18:00:00,0.33,26.9
2026-07-13 19:00:00,0.33,26.8
2026-07-13 20:00:00,0.33,26.7
2026-07-13 21:00:00,0.33,26.6
2026-07-13 22:00:00,0.33,26.5
2026-07-13 23:00:00,0.33,26.5
2026-07-14 00:00:00,0.33,26.5
2026-07-14 01:00:00,0.33,26.5
2026-07-14 02:00:00,0.33,26.6
2026-07-14 03:00:00,0.329,26.9
2026-07-14 04:00:00,0.329,27.1
2026-07-14 05:00:00,0.328,27.3
2026-07-14 06:00:00,0.328,27.4
2026-07-14 07:00:00,0.328,27.4
2026-07-14 08:00:00,0.327,27.4
2026-07-14 09:00:00,0.327,27.3
2026-07-14 10:00:00,0.327,27.2
2026-07-14 11:00:00,0.326,27
2026-07-14 12:00:00,0.326,26.9
2026-07-14 13:00:00,0.326,26.8
2026-07-14 14:00:00,0.327,26.6
2026-07-14 15:00:00,0.327,26.5
2026-07-14 16:00:00,0.326,26.4
2026-07-14 17:00:00,0.326,26.3
2026-07-14 18:00:00,0.326,26.3
2026-07-14 19:00:00,0.326,26.2
2026-07-14 20:00:00,0.326,26.1
2026-07-14 21:00:00,0.326,26.1
2026-07-14 22:00:00,0.326,26
2026-07-14 23:00:00,0.326,26
2026-07-15 00:00:00,0.326,26
2026-07-15 01:00:00,0.326,26.1
2026-07-15 02:00:00,0.326,26.1
2026-07-15 03:00:00,0.326,26.4
2026-07-15 04:00:00,0.325,27
2026-07-15 05:00:00,0.324,27.5
2026-07-15 06:00:00,0.323,27.7
2026-07-15 07:00:00,0.322,27.7
2026-07-15 08:00:00,0.321,27.7
2026-07-15 09:00:00,0.32,27.7
2026-07-15 10:00:00,0.32,27.6
2026-07-15 11:00:00,0.319,27.4
2026-07-15 12:00:00,0.319,27.1
2026-07-15 13:00:00,0.319,26.8
2026-07-15 14:00:00,0.319,26.6
2026-07-15 15:00:00,0.319,26.3
2026-07-15 16:00:00,0.319,26.1
2026-07-15 17:00:00,0.319,25.9
2026-07-15 18:00:00,0.319,25.7
2026-07-15 19:00:00,0.319,25.5
2026-07-15 20:00:00,0.319,25.4
2026-07-15 21:00:00,0.319,25.2
2026-07-15 22:00:00,0.319,25.2
2026-07-15 23:00:00,0.319,25.2
2026-07-16 00:00:00,0.319,25.3
2026-07-16 01:00:00,0.319,25.4
2026-07-16 02:00:00,0.319,25.6
2026-07-16 03:00:00,0.319,25.8
2026-07-16 04:00:00,0.318,25.9
2026-07-16 05:00:00,0.318,26.1
2026-07-16 06:00:00,0.318,26.2
2026-07-16 07:00:00,0.318,26.3
2026-07-16 08:00:00,0.317,26.3
2026-07-16 09:00:00,0.317,26.3
2026-07-16 10:00:00,0.317,26.3
2026-07-16 11:00:00,0.317,26.2
2026-07-16 12:00:00,0.317,26.1
2026-07-16 13:00:00,0.317,26
2026-07-16 14:00:00,0.317,25.9
2026-07-16 15:00:00,0.317,25.8
2026-07-16 16:00:00,0.318,25.7
2026-07-16 17:00:00,0.318,25.6
2026-07-16 18:00:00,0.318,25.6
2026-07-16 19:00:00,0.318,25.5
2026-07-16 20:00:00,0.318,25.4
2026-07-16 21:00:00,0.318,25.4
2026-07-16 22:00:00,0.318,25.3
2026-07-16 23:00:00,0.318,25.4
2026-07-17 00:00:00,0.318,25.5
2026-07-17 01:00:00,0.338,25.6
2026-07-17 02:00:00,0.336,25.7
2026-07-17 03:00:00,0.334,26
2026-07-17 04:00:00,0.333,26.2
2026-07-17 05:00:00,0.332,26.4
2026-07-17 06:00:00,0.331,26.7
2026-07-17 07:00:00,0.33,26.9
2026-07-17 08:00:00,0.33,27.1
2026-07-17 09:00:00,0.33,27.1
2026-07-17 10:00:00,0.33,27.1
2026-07-17 11:00:00,0.329,27
2026-07-17 12:00:00,0.329,26.9
2026-07-17 13:00:00,0.329,26.8
2026-07-17 14:00:00,0.329,26.6
2026-07-17 15:00:00,0.329,26.5
2026-07-17 16:00:00,0.329,26.4
2026-07-17 17:00:00,0.329,26.3
2026-07-17 18:00:00,0.329,26.2
2026-07-17 19:00:00,0.329,26.1
2026-07-17 20:00:00,0.329,26.1
2026-07-17 21:00:00,0.329,26
2026-07-17 22:00:00,0.329,25.9
2026-07-17 23:00:00,0.329,25.9
2026-07-18 00:00:00,0.329,25.9
2026-07-18 01:00:00,0.329,26
2026-07-18 02:00:00,0.329,26.2
2026-07-18 03:00:00,0.329,26.3
2026-07-18 04:00:00,0.329,26.4
2026-07-18 05:00:00,0.329,26.7
2026-07-18 06:00:00,0.328,26.9
2026-07-18 07:00:00,0.328,27.1
2026-07-18 08:00:00,0.328,27.2
2026-07-18 09:00:00,0.327,27.2
2026-07-18 10:00:00,0.327,27.1
2026-07-18 11:00:00,0.327,27
2026-07-18 12:00:00,0.328,26.9
2026-07-18 13:00:00,0.383,26.9
2026-07-18 14:00:00,0.394,26.8
2026-07-18 15:00:00,0.394,26.6
2026-07-18 16:00:00,0.381,26.5
2026-07-18 17:00:00,0.362,26.4
2026-07-18 18:00:00,0.357,26.3
2026-07-18 19:00:00,0.356,26.3
2026-07-18 20:00:00,0.356,26.2
2026-07-18 21:00:00,0.356,26.1
2026-07-18 22:00:00,0.355,26
2026-07-18 23:00:00,0.355,26
2026-07-19 00:00:00,0.354,25.9
2026-07-19 01:00:00,0.354,26
2026-07-19 02:00:00,0.353,26
2026-07-19 03:00:00,0.352,26.2
2026-07-19 04:00:00,0.352,26.5
2026-07-19 05:00:00,0.351,26.7
2026-07-19 06:00:00,0.35,27
2026-07-19 07:00:00,0.349,27.3
2026-07-19 08:00:00,0.349,27.4
2026-07-19 09:00:00,0.348,27.5
2026-07-19 10:00:00,0.348,27.4
2026-07-19 11:00:00,0.347,27.1
2026-07-19 12:00:00,0.347,26.9
2026-07-19 13:00:00,0.347,26.7
2026-07-19 14:00:00,0.347,26.5
2026-07-19 15:00:00,0.347,26.3
2026-07-19 16:00:00,0.346,26.2
2026-07-19 17:00:00,0.346,26.1
2026-07-19 18:00:00,0.346,26
2026-07-19 19:00:00,0.346,25.9
2026-07-19 20:00:00,0.345,25.8
2026-07-19 21:00:00,0.345,25.8
2026-07-19 22:00:00,0.345,25.7
2026-07-19 23:00:00,0.345,25.7
2026-07-20 00:00:00,0.345,25.8
2026-07-20 01:00:00,0.345,26
2026-07-20 02:00:00,0.344,26.2
2026-07-20 03:00:00,0.344,26.5
2026-07-20 04:00:00,0.344,26.7
2026-07-20 05:00:00,0.343,27
2026-07-20 06:00:00,0.343,27.2
2026-07-20 07:00:00,0.343,27.3
2026-07-20 08:00:00,0.342,27.4
2026-07-20 09:00:00,0.342,27.4
2026-07-20 10:00:00,0.342,27.4
2026-07-20 11:00:00,0.341,27.3
2026-07-20 12:00:00,0.341,27.1
2026-07-20 13:00:00,0.341,26.9
2026-07-20 14:00:00,0.341,26.8
2026-07-20 15:00:00,0.341,26.7
2026-07-20 16:00:00,0.341,26.5
2026-07-20 17:00:00,0.341,26.4
2026-07-20 18:00:00,0.34,26.3
2026-07-20 19:00:00,0.34,26.2
2026-07-20 20:00:00,0.34,26.1
2026-07-20 21:00:00,0.34,26.1
2026-07-20 22:00:00,0.34,26
2026-07-20 23:00:00,0.34,26
2026-07-21 00:00:00,0.34,26
2026-07-21 01:00:00,0.34,26.2
2026-07-21 02:00:00,0.339,26.4
2026-07-21 03:00:00,0.339,26.6
2026-07-21 04:00:00,0.339,26.8
2026-07-21 05:00:00,0.338,27.1
2026-07-21 06:00:00,0.338,27.4
2026-07-21 07:00:00,0.337,27.6
2026-07-21 08:00:00,0.337,27.7
2026-07-21 09:00:00,0.336,27.7
2026-07-21 10:00:00,0.336,27.7
2026-07-21 11:00:00,0.335,27.5
2026-07-21 12:00:00,0.335,27.4
2026-07-21 13:00:00,0.335,27.2
2026-07-21 14:00:00,0.335,27.1
2026-07-21 15:00:00,0.335,27
2026-07-21 16:00:00,0.334,26.9
2026-07-21 17:00:00,0.334,26.8
2026-07-21 18:00:00,0.334,26.7
2026-07-21 19:00:00,0.334,26.6
2026-07-21 20:00:00,0.334,26.6
2026-07-21 21:00:00,0.334,26.5
2026-07-21 22:00:00,0.334,26.5
2026-07-21 23:00:00,0.334,26.4
2026-07-22 00:00:00,0.334,26.5
2026-07-22 01:00:00,0.333,26.6
2026-07-22 02:00:00,0.333,26.8
2026-07-22 03:00:00,0.332,27
2026-07-22 04:00:00,0.332,27.3
2026-07-22 05:00:00,0.331,27.6
2026-07-22 06:00:00,0.331,27.7
2026-07-22 07:00:00,0.33,27.8
2026-07-22 08:00:00,0.329,27.8
2026-07-22 09:00:00,0.329,27.8
2026-07-22 10:00:00,0.329,27.8
2026-07-22 11:00:00,0.328,27.6
2026-07-22 12:00:00,0.328,27.4
2026-07-22 13:00:00,0.328,27.3
2026-07-22 14:00:00,0.328,27.1
2026-07-22 15:00:00,0.328,27
2026-07-22 16:00:00,0.328,26.8
2026-07-22 17:00:00,0.328,26.7
2026-07-22 18:00:00,0.328,26.7
2026-07-22 19:00:00,0.328,26.6
2026-07-22 20:00:00,0.327,26.5
2026-07-22 21:00:00,0.327,26.5
2026-07-22 22:00:00,0.327,26.4
2026-07-22 23:00:00,0.327,26.4
2026-07-23 00:00:00,0.327,26.4
2026-07-23 01:00:00,0.327,26.6
2026-07-23 02:00:00,0.326,26.8
2026-07-23 03:00:00,0.326,27.1
2026-07-23 04:00:00,0.325,27.3
2026-07-23 05:00:00,0.325,27.5
2026-07-23 06:00:00,0.324,27.8
2026-07-23 07:00:00,0.323,27.9
2026-07-23 08:00:00,0.323,28
2026-07-23 09:00:00,0.322,28.1
2026-07-23 10:00:00,0.322,28
2026-07-23 11:00:00,0.322,27.9
2026-07-23 12:00:00,0.322,27.7
2026-07-23 13:00:00,0.322,27.5
2026-07-23 14:00:00,0.322,27.3
2026-07-23 15:00:00,0.322,27.1
2026-07-23 16:00:00,0.322,26.9
2026-07-23 17:00:00,0.322,26.8
2026-07-23 18:00:00,0.322,26.6
2026-07-23 19:00:00,0.322,26.4
2026-07-23 20:00:00,0.322,26.3
2026-07-23 21:00:00,0.322,26.1
2026-07-23 22:00:00,0.322,26.1
2026-07-23 23:00:00,0.322,26
2026-07-24 00:00:00,0.322,26.1
2026-07-24 01:00:00,0.322,26.2
2026-07-24 02:00:00,0.322,26.4
2026-07-24 03:00:00,0.321,26.7
2026-07-24 04:00:00,0.32,27.1
2026-07-24 05:00:00,0.319,27.5
2026-07-24 06:00:00,0.319,27.7
2026-07-24 07:00:00,0.319,27.8
2026-07-24 08:00:00,0.318,27.8
2026-07-24 09:00:00,0.318,27.9
2026-07-24 10:00:00,0.318,27.8
2026-07-24 11:00:00,0.318,27.7
2026-07-24 12:00:00,0.318,27.4
2026-07-24 13:00:00,0.318,27.2
2026-07-24 14:00:00,0.318,27
2026-07-24 15:00:00,0.318,26.8
2026-07-24 16:00:00,0.318,26.6
2026-07-24 17:00:00,0.318,26.5
2026-07-24 18:00:00,0.318,26.4
2026-07-24 19:00:00,0.318,26.2
2026-07-24 20:00:00,0.318,26.1
2026-07-24 21:00:00,0.318,26
2026-07-24 22:00:00,0.318,26
2026-07-24 23:00:00,0.318,26
2026-07-25 00:00:00,0.318,26.1
2026-07-25 01:00:00,0.318,26.3
2026-07-25 02:00:00,0.318,26.5
2026-07-25 03:00:00,0.318,26.8
2026-07-25 04:00:00,0.317,27.4
2026-07-25 05:00:00,0.316,28
2026-07-25 06:00:00,0.315,28.3
2026-07-25 07:00:00,0.315,28.5
2026-07-25 08:00:00,0.315,28.5
2026-07-25 09:00:00,0.315,28.6
2026-07-25 10:00:00,0.315,28.5
2026-07-25 11:00:00,0.315,28.3
2026-07-25 12:00:00,0.315,28.1
2026-07-25 13:00:00,0.315,27.8
2026-07-25 14:00:00,0.315,27.6
2026-07-25 15:00:00,0.315,27.4
2026-07-25 16:00:00,0.315,27.2
2026-07-25 17:00:00,0.315,27.1
2026-07-25 18:00:00,0.315,26.9
2026-07-25 19:00:00,0.315,26.8
2026-07-25 20:00:00,0.315,26.7
2026-07-25 21:00:00,0.316,26.6
2026-07-25 22:00:00,0.316,26.5
2026-07-25 23:00:00,0.316,26.5
2026-07-26 00:00:00,0.316,26.6
2026-07-26 01:00:00,0.316,26.7
2026-07-26 02:00:00,0.315,26.9
2026-07-26 03:00:00,0.315,27.3
2026-07-26 04:00:00,0.314,27.8
2026-07-26 05:00:00,0.313,28.3
2026-07-26 06:00:00,0.312,28.6
2026-07-26 07:00:00,0.312,28.8
2026-07-26 08:00:00,0.312,28.7
2026-07-26 09:00:00,0.312,28.7
2026-07-26 10:00:00,0.312,28.6
2026-07-26 11:00:00,0.312,28.3
2026-07-26 12:00:00,0.312,28.1
2026-07-26 13:00:00,0.312,27.8
2026-07-26 14:00:00,0.312,27.6
2026-07-26 15:00:00,0.312,27.4
2026-07-26 16:00:00,0.312,27.2
2026-07-26 17:00:00,0.312,27
2026-07-26 18:00:00,0.312,26.9
2026-07-26 19:00:00,0.313,26.8
2026-07-26 20:00:00,0.313,26.6
2026-07-26 21:00:00,0.313,26.6
2026-07-26 22:00:00,0.313,26.5
2026-07-26 23:00:00,0.313,26.5
2026-07-27 00:00:00,0.313,26.6
2026-07-27 01:00:00,0.313,26.7
2026-07-27 02:00:00,0.312,27
2026-07-27 03:00:00,0.312,27.2
2026-07-27 04:00:00,0.311,27.7
2026-07-27 05:00:00,0.311,28.1
2026-07-27 06:00:00,0.31,28.4
2026-07-27 07:00:00,0.31,28.5
2026-07-27 08:00:00,0.309,28.5
2026-07-27 09:00:00,0.309,28.5
2026-07-27 10:00:00,0.309,28.4
2026-07-27 11:00:00,0.309,28.2
2026-07-27 12:00:00,0.31,27.9
2026-07-27 13:00:00,0.31,27.7
2026-07-27 14:00:00,0.31,27.5
2026-07-27 15:00:00,0.31,27.3
2026-07-27 16:00:00,0.31,27.1
2026-07-27 17:00:00,0.31,26.9
2026-07-27 18:00:00,0.31,26.8
2026-07-27 19:00:00,0.31,26.8
2026-07-27 20:00:00,0.31,26.7
2026-07-27 21:00:00,0.31,26.6
2026-07-27 22:00:00,0.311,26.5
2026-07-27 23:00:00,0.311,26.5
2026-07-28 00:00:00,0.311,26.6
2026-07-28 01:00:00,0.31,26.7
2026-07-28 02:00:00,0.31,26.8
2026-07-28 03:00:00,0.309,27
2026-07-28 04:00:00,0.308,27.6
2026-07-28 05:00:00,0.307,28
2026-07-28 06:00:00,0.306,28.3
2026-07-28 07:00:00,0.306,28.4
2026-07-28 08:00:00,0.306,28.3
2026-07-28 09:00:00,0.305,28.2
2026-07-28 10:00:00,0.306,28.1
2026-07-28 11:00:00,0.306,28
2026-07-28 12:00:00,0.306,27.7
2026-07-28 13:00:00,0.306,27.5
2026-07-28 14:00:00,0.306,27.4
2026-07-28 15:00:00,0.306,27.2
2026-07-28 16:00:00,0.306,27
2026-07-28 17:00:00,0.306,26.8
2026-07-28 18:00:00,0.306,26.7
2026-07-28 19:00:00,0.307,26.6
2026-07-28 20:00:00,0.307,26.4
2026-07-28 21:00:00,0.307,26.3
2026-07-28 22:00:00,0.307,26.2
2026-07-28 23:00:00,0.307,26.2
2026-07-29 00:00:00,0.307,26.4
2026-07-29 01:00:00,0.307,26.5
2026-07-29 02:00:00,0.306,26.7
2026-07-29 03:00:00,0.306,27
2026-07-29 04:00:00,0.305,27.5
2026-07-29 05:00:00,0.304,27.9
2026-07-29 06:00:00,0.303,28.2
2026-07-29 07:00:00,0.303,28.3
2026-07-29 08:00:00,0.303,28.1
2026-07-29 09:00:00,0.303,28
2026-07-29 10:00:00,0.303,27.9
2026-07-29 11:00:00,0.303,27.7
2026-07-29 12:00:00,0.303,27.5
2026-07-29 13:00:00,0.303,27.3
2026-07-29 14:00:00,0.303,27.1
2026-07-29 15:00:00,0.304,26.9
2026-07-29 16:00:00,0.304,26.7
2026-07-29 17:00:00,0.304,26.6
2026-07-29 18:00:00,0.304,26.5
2026-07-29 19:00:00,0.304,26.3
2026-07-29 20:00:00,0.304,26.2
2026-07-29 21:00:00,0.304,26.1
2026-07-29 22:00:00,0.304,26
2026-07-29 23:00:00,0.304,25.9
2026-07-30 00:00:00,0.304,26
2026-07-30 01:00:00,0.304,26
2026-07-30 02:00:00,0.304,26.2
2026-07-30 03:00:00,0.304,26.5
2026-07-30 04:00:00,0.303,27.1
2026-07-30 05:00:00,0.302,27.6
2026-07-30 06:00:00,0.301,27.8
2026-07-30 07:00:00,0.301,27.9
2026-07-30 08:00:00,0.301,27.8
2026-07-30 09:00:00,0.301,27.7
2026-07-30 10:00:00,0.301,27.5
2026-07-30 11:00:00,0.301,27.4
2026-07-30 12:00:00,0.301,27.2
2026-07-30 13:00:00,0.301,27
2026-07-30 14:00:00,0.301,26.8
2026-07-30 15:00:00,0.302,26.6
2026-07-30 16:00:00,0.302,26.4
2026-07-30 17:00:00,0.302,26.3
2026-07-30 18:00:00,0.302,26.1
2026-07-30 19:00:00,0.302,26
2026-07-30 20:00:00,0.302,25.9
2026-07-30 21:00:00,0.302,25.8
2026-07-30 22:00:00,0.302,25.8
2026-07-30 23:00:00,0.302,25.8
2026-07-31 00:00:00,0.302,25.9
2026-07-31 01:00:00,0.302,26.1
2026-07-31 02:00:00,0.302,26.2
2026-07-31 03:00:00,0.301,26.4
2026-07-31 04:00:00,0.3,26.9
2026-07-31 05:00:00,0.299,27.5
2026-07-31 06:00:00,0.299,27.8
2026-07-31 07:00:00,0.298,27.9
2026-07-31 08:00:00,0.298,27.9
2026-07-31 09:00:00,0.298,27.8
2026-07-31 10:00:00,0.298,27.7
2026-07-31 11:00:00,0.298,27.5
2026-07-31 12:00:00,0.298,27.3
2026-07-31 13:00:00,0.298,27.1
2026-07-31 14:00:00,0.299,27
2026-07-31 15:00:00,0.299,26.8
2026-07-31 16:00:00,0.299,26.7
2026-07-31 17:00:00,0.299,26.5
2026-07-31 18:00:00,0.299,26.4
2026-07-31 19:00:00,0.299,26.2
2026-07-31 20:00:00,0.299,26.1
2026-07-31 21:00:00,0.299,26.1
2026-07-31 22:00:00,0.299,26
2026-07-31 23:00:00,0.299,26.1
2026-08-01 00:00:00,0.299,26.2
2026-08-01 01:00:00,0.299,26.3
2026-08-01 02:00:00,0.299,26.5
2026-08-01 03:00:00,0.298,26.8
2026-08-01 04:00:00,0.297,27.3
2026-08-01 05:00:00,0.297,27.7
2026-08-01 06:00:00,0.296,28
2026-08-01 07:00:00,0.296,28.1
2026-08-01 08:00:00,0.296,28
2026-08-01 09:00:00,0.296,27.9
2026-08-01 10:00:00,0.296,27.8
2026-08-01 11:00:00,0.296,27.6
2026-08-01 12:00:00,0.296,27.4
2026-08-01 13:00:00,0.296,27.2
2026-08-01 14:00:00,0.296,27
2026-08-01 15:00:00,0.296,26.9
2026-08-01 16:00:00,0.297,26.7
2026-08-01 17:00:00,0.297,26.5
2026-08-01 18:00:00,0.297,26.4
2026-08-01 19:00:00,0.297,26.2
2026-08-01 20:00:00,0.297,26.1
2026-08-01 21:00:00,0.297,26
2026-08-01 22:00:00,0.297,25.9
2026-08-01 23:00:00,0.297,25.9
2026-08-02 00:00:00,0.297,26
2026-08-02 01:00:00,0.297,26.1
2026-08-02 02:00:00,0.297,26.3
2026-08-02 03:00:00,0.296,26.5
2026-08-02 04:00:00,0.295,27
2026-08-02 05:00:00,0.294,27.6
2026-08-02 06:00:00,0.294,27.9
2026-08-02 07:00:00,0.294,27.9
2026-08-02 08:00:00,0.294,27.9
2026-08-02 09:00:00,0.294,27.8
2026-08-02 10:00:00,0.294,27.7
2026-08-02 11:00:00,0.294,27.6
2026-08-02 12:00:00,0.294,27.4
2026-08-02 13:00:00,0.294,27.3
2026-08-02 14:00:00,0.294,27.1
2026-08-02 15:00:00,0.294,27
2026-08-02 16:00:00,0.294,26.8
2026-08-02 17:00:00,0.294,26.7
2026-08-02 18:00:00,0.295,26.5
2026-08-02 19:00:00,0.294,26.3
2026-08-02 20:00:00,0.295,26.2
2026-08-02 21:00:00,0.295,26.1
2026-08-02 22:00:00,0.295,26
2026-08-02 23:00:00,0.295,25.9
2026-08-03 00:00:00,0.295,25.9
2026-08-03 01:00:00,0.295,26
2026-08-03 02:00:00,0.295,26.2
2026-08-03 03:00:00,0.294,26.5
2026-08-03 04:00:00,0.293,27.1
2026-08-03 05:00:00,0.293,27.7
2026-08-03 06:00:00,0.292,27.9
2026-08-03 07:00:00,0.292,28
2026-08-03 08:00:00,0.291,28
2026-08-03 09:00:00,0.291,28
2026-08-03 10:00:00,0.292,27.9
2026-08-03 11:00:00,0.292,27.8
2026-08-03 12:00:00,0.292,27.6
2026-08-03 13:00:00,0.292,27.5
2026-08-03 14:00:00,0.292,27.3
2026-08-03 15:00:00,0.292,27.2
2026-08-03 16:00:00,0.292,27.1
2026-08-03 17:00:00,0.292,26.9
2026-08-03 18:00:00,0.292,26.8
2026-08-03 19:00:00,0.293,26.7
2026-08-03 20:00:00,0.293,26.6
2026-08-03 21:00:00,0.293,26.5
2026-08-03 22:00:00,0.293,26.4
2026-08-03 23:00:00,0.293,26.4
2026-08-04 00:00:00,0.293,26.5
2026-08-04 01:00:00,0.293,26.6
2026-08-04 02:00:00,0.293,26.7
2026-08-04 03:00:00,0.292,27
2026-08-04 04:00:00,0.292,27.3
2026-08-04 05:00:00,0.291,27.7
2026-08-04 06:00:00,0.291,28
2026-08-04 07:00:00,0.29,28.2
2026-08-04 08:00:00,0.29,28.2
2026-08-04 09:00:00,0.29,28.1
2026-08-04 10:00:00,0.29,28
2026-08-04 11:00:00,0.291,27.9
2026-08-04 12:00:00,0.291,27.7
2026-08-04 13:00:00,0.291,27.6
2026-08-04 14:00:00,0.291,27.5
2026-08-04 15:00:00,0.291,27.4
2026-08-04 16:00:00,0.291,27.3
2026-08-04 17:00:00,0.291,27.2
2026-08-04 18:00:00,0.291,27.1
2026-08-04 19:00:00,0.291,27
2026-08-04 20:00:00,0.291,27
2026-08-04 21:00:00,0.291,26.9
2026-08-04 22:00:00,0.291,26.8
2026-08-04 23:00:00,0.292,26.8
2026-08-05 00:00:00,0.291,26.9
2026-08-05 01:00:00,0.291,27.1
2026-08-05 02:00:00,0.291,27.4
2026-08-05 03:00:00,0.291,27.7
2026-08-05 04:00:00,0.29,28
2026-08-05 05:00:00,0.29,28.1
2026-08-05 06:00:00,0.29,28.3
2026-08-05 07:00:00,0.29,28.4
2026-08-05 08:00:00,0.289,28.5
2026-08-05 09:00:00,0.301,28.5
2026-08-05 10:00:00,0.34,28.4
2026-08-05 11:00:00,0.324,28.2
2026-08-05 12:00:00,0.319,28
2026-08-05 13:00:00,0.316,27.9
2026-08-05 14:00:00,0.315,27.8
2026-08-05 15:00:00,0.314,27.6
2026-08-05 16:00:00,0.314,27.5
2026-08-05 17:00:00,0.314,27.4
2026-08-05 18:00:00,0.313,27.3
2026-08-05 19:00:00,0.313,27.2
2026-08-05 20:00:00,0.313,27.1
2026-08-05 21:00:00,0.313,26.9
2026-08-05 22:00:00,0.313,26.9
2026-08-05 23:00:00,0.313,26.9
2026-08-06 00:00:00,0.313,27
2026-08-06 01:00:00,0.313,27.1
2026-08-06 02:00:00,0.313,27.3
2026-08-06 03:00:00,0.313,27.5
