time,sm_field_10cm,temp_field_10cm
2025-10-18 07:00:00,0.238,21.1
2025-10-18 08:00:00,0.24,21.1
2025-10-18 09:00:00,0.241,21
2025-10-18 10:00:00,0.241,20.9
2025-10-18 11:00:00,0.242,20.8
2025-10-18 12:00:00,0.242,20.7
2025-10-18 13:00:00,0.241,20.5
2025-10-18 14:00:00,0.241,20.4
2025-10-18 15:00:00,0.241,20.3
2025-10-18 16:00:00,0.241,20.2
2025-10-18 17:00:00,0.241,20.1
2025-10-18 18:00:00,0.241,20
2025-10-18 19:00:00,0.24,20
2025-10-18 20:00:00,0.24,19.9
2025-10-18 21:00:00,0.24,19.8
2025-10-18 22:00:00,0.24,19.7
2025-10-18 23:00:00,0.24,19.7
2025-10-19 00:00:00,0.24,19.7
2025-10-19 01:00:00,0.239,19.8
2025-10-19 02:00:00,0.239,19.9
2025-10-19 03:00:00,0.239,20.1
2025-10-19 04:00:00,0.239,20.3
2025-10-19 05:00:00,0.238,20.5
2025-10-19 06:00:00,0.239,20.6
2025-10-19 07:00:00,0.238,20.6
2025-10-19 08:00:00,0.238,20.6
2025-10-19 09:00:00,0.237,20.5
2025-10-19 10:00:00,0.237,20.4
2025-10-19 11:00:00,0.237,20.3
2025-10-19 12:00:00,0.237,20.1
2025-10-19 13:00:00,0.237,19.9
2025-10-19 14:00:00,0.237,19.7
2025-10-19 15:00:00,0.237,19.6
2025-10-19 16:00:00,0.237,19.4
2025-10-19 17:00:00,0.237,19.2
2025-10-19 18:00:00,0.237,19
2025-10-19 19:00:00,0.237,18.8
2025-10-19 20:00:00,0.237,18.6
2025-10-19 21:00:00,0.237,18.4
2025-10-19 22:00:00,0.237,18.2
2025-10-19 23:00:00,0.237,18
2025-10-20 00:00:00,0.237,17.8
2025-10-20 01:00:00,0.237,17.7
2025-10-20 02:00:00,0.236,18.1
2025-10-20 03:00:00,0.236,18.2
2025-10-20 04:00:00,0.236,18.1
2025-10-20 05:00:00,0.235,18
2025-10-20 06:00:00,0.235,17.9
2025-10-20 07:00:00,0.235,17.8
2025-10-20 08:00:00,0.235,17.8
2025-10-20 09:00:00,0.235,17.7
2025-10-20 10:00:00,0.234,17.6
2025-10-20 11:00:00,0.234,17.6
2025-10-20 12:00:00,0.234,17.5
2025-10-20 13:00:00,0.234,17.4
2025-10-20 14:00:00,0.234,17.3
2025-10-20 15:00:00,0.234,17.2
2025-10-20 16:00:00,0.234,17.2
2025-10-20 17:00:00,0.233,17.1
2025-10-20 18:00:00,0.233,17
2025-10-20 19:00:00,0.233,17
2025-10-20 20:00:00,0.233,16.9
2025-10-20 21:00:00,0.233,16.9
2025-10-20 22:00:00,0.233,16.9
2025-10-20 23:00:00,0.233,16.8
2025-10-21 00:00:00,0.233,16.8
2025-10-21 01:00:00,0.233,16.8
2025-10-21 02:00:00,0.233,16.9
2025-10-21 03:00:00,0.232,17
2025-10-21 04:00:00,0.232,17.1
2025-10-21 05:00:00,0.232,17.3
2025-10-21 06:00:00,0.231,17.4
2025-10-21 07:00:00,0.231,17.4
2025-10-21 08:00:00,0.231,17.5
2025-10-21 09:00:00,0.231,17.5
2025-10-21 10:00:00,0.231,17.4
2025-10-21 11:00:00,0.231,17.3
2025-10-21 12:00:00,0.231,17.2
2025-10-21 13:00:00,0.231,17.1
2025-10-21 14:00:00,0.231,17
2025-10-21 15:00:00,0.231,16.9
2025-10-21 16:00:00,0.23,16.7
2025-10-21 17:00:00,0.23,16.6
2025-10-21 18:00:00,0.23,16.4
2025-10-21 19:00:00,0.23,16.3
2025-10-21 20:00:00,0.23,16.1
2025-10-21 21:00:00,0.23,15.9
2025-10-21 22:00:00,0.23,15.7
2025-10-21 23:00:00,0.23,15.6
2025-10-22 00:00:00,0.23,15.5
2025-10-22 01:00:00,0.23,15.5
2025-10-22 02:00:00,0.229,15.9
2025-10-22 03:00:00,0.229,16.2
2025-10-22 04:00:00,0.229,16.4
2025-10-22 05:00:00,0.228,16.6
2025-10-22 06:00:00,0.228,16.8
2025-10-22 07:00:00,0.228,16.9
2025-10-22 08:00:00,0.227,17
2025-10-22 09:00:00,0.227,17.1
2025-10-22 10:00:00,0.227,17.2
2025-10-22 11:00:00,0.227,17.2
2025-10-22 12:00:00,0.226,17.2
2025-10-22 13:00:00,0.226,17.2
2025-10-22 14:00:00,0.226,17.1
2025-10-22 15:00:00,0.226,17.1
2025-10-22 16:00:00,0.226,17
2025-10-22 17:00:00,0.226,16.9
2025-10-22 18:00:00,0.225,16.8
2025-10-22 19:00:00,0.225,16.7
2025-10-22 20:00:00,0.225,16.6
2025-10-22 21:00:00,0.225,16.5
2025-10-22 22:00:00,0.225,16.4
2025-10-22 23:00:00,0.225,16.3
2025-10-23 00:00:00,0.224,16.3
2025-10-23 01:00:00,0.224,16.5
2025-10-23 02:00:00,0.224,17
2025-10-23 03:00:00,0.223,17.4
2025-10-23 04:00:00,0.223,17.6
2025-10-23 05:00:00,0.223,17.8
2025-10-23 06:00:00,0.222,17.9
2025-10-23 07:00:00,0.222,18
2025-10-23 08:00:00,0.222,18
2025-10-23 09:00:00,0.221,18
2025-10-23 10:00:00,0.221,17.9
2025-10-23 11:00:00,0.221,17.8
2025-10-23 12:00:00,0.221,17.7
2025-10-23 13:00:00,0.221,17.5
2025-10-23 14:00:00,0.221,17.4
2025-10-23 15:00:00,0.221,17.2
2025-10-23 16:00:00,0.22,17.1
2025-10-23 17:00:00,0.22,17
2025-10-23 18:00:00,0.22,16.9
2025-10-23 19:00:00,0.22,16.7
2025-10-23 20:00:00,0.22,16.6
2025-10-23 21:00:00,0.22,16.5
2025-10-23 22:00:00,0.22,16.4
2025-10-23 23:00:00,0.219,16.3
2025-10-24 00:00:00,0.219,16.2
2025-10-24 01:00:00,0.219,16.4
2025-10-24 02:00:00,0.219,16.9
2025-10-24 03:00:00,0.218,17.2
2025-10-24 04:00:00,0.218,17.4
2025-10-24 05:00:00,0.218,17.5
2025-10-24 06:00:00,0.218,17.6
2025-10-24 07:00:00,0.217,17.7
2025-10-24 08:00:00,0.217,17.8
2025-10-24 09:00:00,0.217,17.8
2025-10-24 10:00:00,0.216,17.8
2025-10-24 11:00:00,0.216,17.7
2025-10-24 12:00:00,0.217,17.6
2025-10-24 13:00:00,0.217,17.5
2025-10-24 14:00:00,0.217,17.4
2025-10-24 15:00:00,0.216,17.3
2025-10-24 16:00:00,0.216,17.2
2025-10-24 17:00:00,0.216,17.1
2025-10-24 18:00:00,0.216,17.1
2025-10-24 19:00:00,0.216,17
2025-10-24 20:00:00,0.216,17
2025-10-24 21:00:00,0.215,16.9
2025-10-24 22:00:00,0.215,16.9
2025-10-24 23:00:00,0.214,16.8
2025-10-25 00:00:00,0.214,16.9
2025-10-25 01:00:00,0.214,17
2025-10-25 02:00:00,0.213,17.2
2025-10-25 03:00:00,0.213,17.4
2025-10-25 04:00:00,0.213,17.5
2025-10-25 05:00:00,0.213,17.6
2025-10-25 06:00:00,0.213,17.6
2025-10-25 07:00:00,0.212,17.6
2025-10-25 08:00:00,0.212,17.6
2025-10-25 09:00:00,0.212,17.6
2025-10-25 10:00:00,0.212,17.5
2025-10-25 11:00:00,0.211,17.3
2025-10-25 12:00:00,0.211,17.1
2025-10-25 13:00:00,0.211,17
2025-10-25 14:00:00,0.211,16.8
2025-10-25 15:00:00,0.211,16.7
2025-10-25 16:00:00,0.211,16.6
2025-10-25 17:00:00,0.21,16.5
2025-10-25 18:00:00,0.21,16.4
2025-10-25 19:00:00,0.21,16.3
2025-10-25 20:00:00,0.21,16.3
2025-10-25 21:00:00,0.21,16.2
2025-10-25 22:00:00,0.21,16.2
2025-10-25 23:00:00,0.209,16.1
2025-10-26 00:00:00,0.209,16.1
2025-10-26 01:00:00,0.209,16.3
2025-10-26 02:00:00,0.209,16.5
2025-10-26 03:00:00,0.209,16.7
2025-10-26 04:00:00,0.208,16.8
2025-10-26 05:00:00,0.208,16.8
2025-10-26 06:00:00,0.208,16.8
2025-10-26 07:00:00,0.208,16.9
2025-10-26 08:00:00,0.207,16.9
2025-10-26 09:00:00,0.207,16.9
2025-10-26 10:00:00,0.207,16.9
2025-10-26 11:00:00,0.207,16.8
2025-10-26 12:00:00,0.207,16.7
2025-10-26 13:00:00,0.206,16.6
2025-10-26 14:00:00,0.206,16.4
2025-10-26 15:00:00,0.206,16.3
2025-10-26 16:00:00,0.206,16.2
2025-10-26 17:00:00,0.206,16.1
2025-10-26 18:00:00,0.206,16.1
2025-10-26 19:00:00,0.206,16
2025-10-26 20:00:00,0.206,15.9
2025-10-26 21:00:00,0.206,15.8
2025-10-26 22:00:00,0.206,15.6
2025-10-26 23:00:00,0.206,15.5
2025-10-27 00:00:00,0.206,15.4
2025-10-27 01:00:00,0.206,15.3
2025-10-27 02:00:00,0.205,15.4
2025-10-27 03:00:00,0.205,15.3
2025-10-27 04:00:00,0.205,15.2
2025-10-27 05:00:00,0.204,15
2025-10-27 06:00:00,0.204,15
2025-10-27 07:00:00,0.203,14.9
2025-10-27 08:00:00,0.203,14.8
2025-10-27 09:00:00,0.203,14.7
2025-10-27 10:00:00,0.202,14.7
2025-10-27 11:00:00,0.202,14.6
2025-10-27 12:00:00,0.201,14.5
2025-10-27 13:00:00,0.205,14.5
2025-10-27 14:00:00,0.205,14.4
2025-10-27 15:00:00,0.2,14.3
2025-10-27 16:00:00,0.199,14.1
2025-10-27 17:00:00,0.199,14
2025-10-27 18:00:00,0.198,13.9
2025-10-27 19:00:00,0.198,13.7
2025-10-27 20:00:00,0.198,13.6
2025-10-27 21:00:00,0.198,13.5
2025-10-27 22:00:00,0.198,13.4
2025-10-27 23:00:00,0.199,13.3
2025-10-28 00:00:00,0.198,13.3
2025-10-28 01:00:00,0.202,13.3
2025-10-28 02:00:00,0.202,13.6
2025-10-28 03:00:00,0.202,13.8
2025-10-28 04:00:00,0.201,13.8
2025-10-28 05:00:00,0.2,13.8
2025-10-28 06:00:00,0.201,13.8
2025-10-28 07:00:00,0.201,13.7
2025-10-28 08:00:00,0.201,13.7
2025-10-28 09:00:00,0.201,13.7
2025-10-28 10:00:00,0.2,13.7
2025-10-28 11:00:00,0.201,13.6
2025-10-28 12:00:00,0.201,13.5
2025-10-28 13:00:00,0.201,13.4
2025-10-28 14:00:00,0.2,13.3
2025-10-28 15:00:00,0.2,13.1
2025-10-28 16:00:00,0.2,13
2025-10-28 17:00:00,0.2,12.8
2025-10-28 18:00:00,0.2,12.7
2025-10-28 19:00:00,0.2,12.6
2025-10-28 20:00:00,0.199,12.4
2025-10-28 21:00:00,0.199,12.3
2025-10-28 22:00:00,0.2,12.2
2025-10-28 23:00:00,0.2,12.1
2025-10-29 00:00:00,0.2,12
2025-10-29 01:00:00,0.2,12.2
2025-10-29 02:00:00,0.199,12.6
2025-10-29 03:00:00,0.198,12.9
2025-10-29 04:00:00,0.197,13.1
2025-10-29 05:00:00,0.197,13.2
2025-10-29 06:00:00,0.197,13.3
2025-10-29 07:00:00,0.196,13.5
2025-10-29 08:00:00,0.198,13.6
2025-10-29 09:00:00,0.199,13.7
2025-10-29 10:00:00,0.199,13.6
2025-10-29 11:00:00,0.197,13.6
2025-10-29 12:00:00,0.195,13.5
2025-10-29 13:00:00,0.195,13.3
2025-10-29 14:00:00,0.195,13.2
2025-10-29 15:00:00,0.195,13.1
2025-10-29 16:00:00,0.195,12.9
2025-10-29 17:00:00,0.195,12.8
2025-10-29 18:00:00,0.195,12.7
2025-10-29 19:00:00,0.194,12.6
2025-10-29 20:00:00,0.194,12.5
2025-10-29 21:00:00,0.194,12.4
2025-10-29 22:00:00,0.194,12.3
2025-10-29 23:00:00,0.194,12.2
2025-10-30 00:00:00,0.194,12.2
2025-10-30 01:00:00,0.194,12.3
2025-10-30 02:00:00,0.193,12.7
2025-10-30 03:00:00,0.193,13
2025-10-30 04:00:00,0.192,13.4
2025-10-30 05:00:00,0.192,13.8
2025-10-30 06:00:00,0.192,14.1
2025-10-30 07:00:00,0.191,14.4
2025-10-30 08:00:00,0.191,14.5
2025-10-30 09:00:00,0.191,14.6
2025-10-30 10:00:00,0.191,14.6
2025-10-30 11:00:00,0.191,14.6
2025-10-30 12:00:00,0.19,14.5
2025-10-30 13:00:00,0.19,14.4
2025-10-30 14:00:00,0.19,14.3
2025-10-30 15:00:00,0.19,14.2
2025-10-30 16:00:00,0.19,14.1
2025-10-30 17:00:00,0.19,14
2025-10-30 18:00:00,0.19,13.9
2025-10-30 19:00:00,0.189,13.8
2025-10-30 20:00:00,0.189,13.6
2025-10-30 21:00:00,0.189,13.5
2025-10-30 22:00:00,0.189,13.4
2025-10-30 23:00:00,0.189,13.2
2025-10-31 00:00:00,0.189,13.1
2025-10-31 01:00:00,0.189,13.2
2025-10-31 02:00:00,0.188,13.6
2025-10-31 03:00:00,0.188,13.9
2025-10-31 04:00:00,0.188,14.1
2025-10-31 05:00:00,0.188,14.3
2025-10-31 06:00:00,0.187,14.4
2025-10-31 07:00:00,0.187,14.6
2025-10-31 08:00:00,0.187,14.7
2025-10-31 09:00:00,0.187,14.8
2025-10-31 10:00:00,0.186,14.7
2025-10-31 11:00:00,0.186,14.7
2025-10-31 12:00:00,0.186,14.6
2025-10-31 13:00:00,0.186,14.6
2025-10-31 14:00:00,0.186,14.6
2025-10-31 15:00:00,0.186,14.6
2025-10-31 16:00:00,0.185,14.6
2025-10-31 17:00:00,0.185,14.6
2025-10-31 18:00:00,0.186,14.6
2025-10-31 19:00:00,0.19,14.6
2025-10-31 20:00:00,0.178,14.5
2025-10-31 21:00:00,0.178,14.5
2025-10-31 22:00:00,0.178,14.4
2025-10-31 23:00:00,0.178,14.3
2025-11-01 00:00:00,0.178,14.3
2025-11-01 01:00:00,0.178,14.3
2025-11-01 02:00:00,0.178,14.5
2025-11-01 03:00:00,0.178,14.6
2025-11-01 04:00:00,0.178,14.7
2025-11-01 05:00:00,0.177,14.8
2025-11-01 06:00:00,0.177,14.9
2025-11-01 07:00:00,0.177,14.9
2025-11-01 08:00:00,0.177,15
2025-11-01 09:00:00,0.177,15
2025-11-01 10:00:00,0.177,15
2025-11-01 11:00:00,0.177,14.9
2025-11-01 12:00:00,0.177,14.8
2025-11-01 13:00:00,0.177,14.6
2025-11-01 14:00:00,0.177,14.5
2025-11-01 15:00:00,0.177,14.4
2025-11-01 16:00:00,0.176,14.2
2025-11-01 17:00:00,0.176,14.1
2025-11-01 18:00:00,0.176,13.9
2025-11-01 19:00:00,0.176,13.8
2025-11-01 20:00:00,0.176,13.8
2025-11-01 21:00:00,0.176,13.8
2025-11-01 22:00:00,0.176,13.7
2025-11-01 23:00:00,0.176,13.7
2025-11-02 00:00:00,0.176,13.7
2025-11-02 01:00:00,0.176,13.8
2025-11-02 02:00:00,0.176,14
2025-11-02 03:00:00,0.176,14.1
2025-11-02 04:00:00,0.175,14.2
2025-11-02 05:00:00,0.175,14.3
2025-11-02 06:00:00,0.175,14.3
2025-11-02 07:00:00,0.175,14.2
2025-11-02 08:00:00,0.175,14
2025-11-02 09:00:00,0.175,13.9
2025-11-02 10:00:00,0.175,13.8
2025-11-02 11:00:00,0.175,13.7
2025-11-02 12:00:00,0.175,13.5
2025-11-02 13:00:00,0.175,13.4
2025-11-02 14:00:00,0.175,13.3
2025-11-02 15:00:00,0.174,13.2
2025-11-02 16:00:00,0.174,13.1
2025-11-02 17:00:00,0.174,13
2025-11-02 18:00:00,0.174,12.9
2025-11-02 19:00:00,0.174,12.7
2025-11-02 20:00:00,0.174,12.5
2025-11-02 21:00:00,0.174,12.3
2025-11-02 22:00:00,0.174,12.1
2025-11-02 23:00:00,0.174,11.9
2025-11-03 00:00:00,0.174,11.7
2025-11-03 01:00:00,0.174,11.7
2025-11-03 02:00:00,0.174,11.8
2025-11-03 03:00:00,0.174,11.9
2025-11-03 04:00:00,0.173,11.9
2025-11-03 05:00:00,0.173,12
2025-11-03 06:00:00,0.173,12.1
2025-11-03 07:00:00,0.173,12.2
2025-11-03 08:00:00,0.173,12.4
2025-11-03 09:00:00,0.173,12.5
2025-11-03 10:00:00,0.173,12.4
2025-11-03 11:00:00,0.173,12.4
2025-11-03 12:00:00,0.172,12.2
2025-11-03 13:00:00,0.172,12.1
2025-11-03 14:00:00,0.172,12
2025-11-03 15:00:00,0.172,11.9
2025-11-03 16:00:00,0.172,11.9
2025-11-03 17:00:00,0.172,11.9
2025-11-03 18:00:00,0.172,11.8
2025-11-03 19:00:00,0.172,11.8
2025-11-03 20:00:00,0.172,11.8
2025-11-03 21:00:00,0.172,11.7
2025-11-03 22:00:00,0.172,11.7
2025-11-03 23:00:00,0.172,11.7
2025-11-04 00:00:00,0.172,11.7
2025-11-04 01:00:00,0.171,11.8
2025-11-04 02:00:00,0.171,12.1
2025-11-04 03:00:00,0.171,12.4
2025-11-04 04:00:00,0.171,12.7
2025-11-04 05:00:00,0.171,12.9
2025-11-04 06:00:00,0.17,13.2
2025-11-04 07:00:00,0.17,13.4
2025-11-04 08:00:00,0.17,13.6
2025-11-04 09:00:00,0.17,13.7
2025-11-04 10:00:00,0.17,13.7
2025-11-04 11:00:00,0.17,13.5
2025-11-04 12:00:00,0.17,13.4
2025-11-04 13:00:00,0.17,13.3
2025-11-04 14:00:00,0.17,13.1
2025-11-04 15:00:00,0.17,13
2025-11-04 16:00:00,0.17,12.9
2025-11-04 17:00:00,0.17,12.8
2025-11-04 18:00:00,0.169,12.7
2025-11-04 19:00:00,0.169,12.6
2025-11-04 20:00:00,0.169,12.5
2025-11-04 21:00:00,0.169,12.3
2025-11-04 22:00:00,0.169,12.2
2025-11-04 23:00:00,0.169,12.1
2025-11-05 00:00:00,0.169,12
2025-11-05 01:00:00,0.169,12.1
2025-11-05 02:00:00,0.169,12.4
2025-11-05 03:00:00,0.169,12.7
2025-11-05 04:00:00,0.168,12.9
2025-11-05 05:00:00,0.168,13.2
2025-11-05 06:00:00,0.168,13.4
2025-11-05 07:00:00,0.168,13.6
2025-11-05 08:00:00,0.168,13.8
2025-11-05 09:00:00,0.168,13.8
2025-11-05 10:00:00,0.167,13.8
2025-11-05 11:00:00,0.167,13.7
2025-11-05 12:00:00,0.167,13.6
2025-11-05 13:00:00,0.167,13.5
2025-11-05 14:00:00,0.167,13.4
2025-11-05 15:00:00,0.167,13.2
2025-11-05 16:00:00,0.167,13
2025-11-05 17:00:00,0.167,12.9
2025-11-05 18:00:00,0.167,12.8
2025-11-05 19:00:00,0.167,12.6
2025-11-05 20:00:00,0.167,12.5
2025-11-05 21:00:00,0.167,12.3
2025-11-05 22:00:00,0.167,12.2
2025-11-05 23:00:00,0.167,12.1
2025-11-06 00:00:00,0.167,12
2025-11-06 01:00:00,0.167,12.1
2025-11-06 02:00:00,0.167,12.3
2025-11-06 03:00:00,0.166,12.6
2025-11-06 04:00:00,0.166,12.9
2025-11-06 05:00:00,0.166,13.1
2025-11-06 06:00:00,0.166,13.4
2025-11-06 07:00:00,0.166,13.6
2025-11-06 08:00:00,0.165,13.8
2025-11-06 09:00:00,0.165,13.9
2025-11-06 10:00:00,0.165,13.9
2025-11-06 11:00:00,0.168,13.9
2025-11-06 12:00:00,0.167,13.8
2025-11-06 13:00:00,0.165,13.7
2025-11-06 14:00:00,0.165,13.6
2025-11-06 15:00:00,0.165,13.6
2025-11-06 16:00:00,0.165,13.5
2025-11-06 17:00:00,0.165,13.4
2025-11-06 18:00:00,0.165,13.2
2025-11-06 19:00:00,0.164,13.1
2025-11-06 20:00:00,0.164,13
2025-11-06 21:00:00,0.164,12.9
2025-11-06 22:00:00,0.165,12.7
2025-11-06 23:00:00,0.164,12.6
2025-11-07 00:00:00,0.164,12.6
2025-11-07 01:00:00,0.164,12.6
2025-11-07 02:00:00,0.164,12.9
2025-11-07 03:00:00,0.163,13.2
2025-11-07 04:00:00,0.163,13.4
2025-11-07 05:00:00,0.162,13.7
2025-11-07 06:00:00,0.162,13.9
2025-11-07 07:00:00,0.162,14.1
2025-11-07 08:00:00,0.162,14.3
2025-11-07 09:00:00,0.162,14.4
2025-11-07 10:00:00,0.162,14.3
2025-11-07 11:00:00,0.162,14.2
2025-11-07 12:00:00,0.161,14.1
2025-11-07 13:00:00,0.161,14
2025-11-07 14:00:00,0.161,13.9
2025-11-07 15:00:00,0.161,13.8
2025-11-07 16:00:00,0.161,13.7
2025-11-07 17:00:00,0.161,13.6
2025-11-07 18:00:00,0.161,13.5
2025-11-07 19:00:00,0.161,13.4
2025-11-07 20:00:00,0.161,13.4
2025-11-07 21:00:00,0.161,13.3
2025-11-07 22:00:00,0.161,13.3
2025-11-07 23:00:00,0.161,13.3
2025-11-08 00:00:00,0.161,13.4
2025-11-08 01:00:00,0.161,13.5
2025-11-08 02:00:00,0.16,13.7
2025-11-08 03:00:00,0.16,14
2025-11-08 04:00:00,0.16,14.3
2025-11-08 05:00:00,0.16,14.7
2025-11-08 06:00:00,0.16,14.9
2025-11-08 07:00:00,0.159,15.1
2025-11-08 08:00:00,0.159,15.1
2025-11-08 09:00:00,0.159,15.1
2025-11-08 10:00:00,0.159,15.1
2025-11-08 11:00:00,0.178,15
2025-11-08 12:00:00,0.218,14.9
2025-11-08 13:00:00,0.239,14.8
2025-11-08 14:00:00,0.253,14.7
2025-11-08 15:00:00,0.264,14.7
2025-11-08 16:00:00,0.272,14.6
2025-11-08 17:00:00,0.271,14.6
2025-11-08 18:00:00,0.269,14.6
2025-11-08 19:00:00,0.265,14.6
2025-11-08 20:00:00,0.262,14.6
2025-11-08 21:00:00,0.26,14.5
2025-11-08 22:00:00,0.258,14.5
2025-11-08 23:00:00,0.256,14.5
2025-11-09 00:00:00,0.254,14.5
2025-11-09 01:00:00,0.253,14.5
2025-11-09 02:00:00,0.251,14.7
2025-11-09 03:00:00,0.25,14.9
2025-11-09 04:00:00,0.249,15
2025-11-09 05:00:00,0.247,15.1
2025-11-09 06:00:00,0.246,15.2
2025-11-09 07:00:00,0.244,15.2
2025-11-09 08:00:00,0.243,15.2
2025-11-09 09:00:00,0.242,15.2
2025-11-09 10:00:00,0.241,15
2025-11-09 11:00:00,0.24,14.9
2025-11-09 12:00:00,0.239,14.7
2025-11-09 13:00:00,0.239,14.5
2025-11-09 14:00:00,0.238,14.3
2025-11-09 15:00:00,0.237,14.1
2025-11-09 16:00:00,0.237,14
2025-11-09 17:00:00,0.236,13.9
2025-11-09 18:00:00,0.235,13.8
2025-11-09 19:00:00,0.235,13.7
2025-11-09 20:00:00,0.234,13.6
2025-11-09 21:00:00,0.234,13.5
2025-11-09 22:00:00,0.233,13.3
2025-11-09 23:00:00,0.233,13.2
2025-11-10 00:00:00,0.232,13
2025-11-10 01:00:00,0.232,12.9
2025-11-10 02:00:00,0.231,12.9
2025-11-10 03:00:00,0.23,12.9
2025-11-10 04:00:00,0.229,12.9
2025-11-10 05:00:00,0.229,12.9
2025-11-10 06:00:00,0.228,12.8
2025-11-10 07:00:00,0.228,12.8
2025-11-10 08:00:00,0.227,12.8
2025-11-10 09:00:00,0.226,12.7
2025-11-10 10:00:00,0.226,12.6
2025-11-10 11:00:00,0.226,12.5
2025-11-10 12:00:00,0.225,12.3
2025-11-10 13:00:00,0.225,12.1
2025-11-10 14:00:00,0.224,12
2025-11-10 15:00:00,0.224,11.8
2025-11-10 16:00:00,0.224,11.6
2025-11-10 17:00:00,0.223,11.5
2025-11-10 18:00:00,0.223,11.4
2025-11-10 19:00:00,0.223,11.3
2025-11-10 20:00:00,0.222,11.2
2025-11-10 21:00:00,0.222,11.1
2025-11-10 22:00:00,0.222,11
2025-11-10 23:00:00,0.221,11
2025-11-11 00:00:00,0.221,10.9
2025-11-11 01:00:00,0.22,10.9
2025-11-11 02:00:00,0.22,11
2025-11-11 03:00:00,0.219,11.2
2025-11-11 04:00:00,0.219,11.4
2025-11-11 05:00:00,0.218,11.6
2025-11-11 06:00:00,0.218,11.7
2025-11-11 07:00:00,0.217,11.8
2025-11-11 08:00:00,0.217,11.9
2025-11-11 09:00:00,0.216,11.9
2025-11-11 10:00:00,0.216,11.9
2025-11-11 11:00:00,0.215,11.9
2025-11-11 12:00:00,0.215,11.8
2025-11-11 13:00:00,0.215,11.7
2025-11-11 14:00:00,0.214,11.7
2025-11-11 15:00:00,0.214,11.6
2025-11-11 16:00:00,0.214,11.5
2025-11-11 17:00:00,0.214,11.3
2025-11-11 18:00:00,0.213,11.1
2025-11-11 19:00:00,0.213,11
2025-11-11 20:00:00,0.213,10.8
2025-11-11 21:00:00,0.213,10.7
2025-11-11 22:00:00,0.212,10.5
2025-11-11 23:00:00,0.212,10.4
2025-11-12 00:00:00,0.212,10.4
2025-11-12 01:00:00,0.212,10.4
2025-11-12 02:00:00,0.211,10.6
2025-11-12 03:00:00,0.211,10.8
2025-11-12 04:00:00,0.21,11.1
2025-11-12 05:00:00,0.209,11.4
2025-11-12 06:00:00,0.209,11.7
2025-11-12 07:00:00,0.209,12
2025-11-12 08:00:00,0.208,12.1
2025-11-12 09:00:00,0.208,12.2
2025-11-12 10:00:00,0.208,12.1
2025-11-12 11:00:00,0.207,12.1
2025-11-12 12:00:00,0.207,12
2025-11-12 13:00:00,0.207,11.9
2025-11-12 14:00:00,0.207,11.8
2025-11-12 15:00:00,0.206,11.7
2025-11-12 16:00:00,0.206,11.6
2025-11-12 17:00:00,0.206,11.5
2025-11-12 18:00:00,0.206,11.3
2025-11-12 19:00:00,0.206,11.2
2025-11-12 20:00:00,0.206,11
2025-11-12 21:00:00,0.205,10.8
2025-11-12 22:00:00,0.205,10.7
2025-11-12 23:00:00,0.205,10.6
2025-11-13 00:00:00,0.205,10.5
2025-11-13 01:00:00,0.205,10.4
2025-11-13 02:00:00,0.204,10.5
2025-11-13 03:00:00,0.204,10.7
2025-11-13 04:00:00,0.203,11
2025-11-13 05:00:00,0.203,11.3
2025-11-13 06:00:00,0.202,11.7
2025-11-13 07:00:00,0.202,11.9
2025-11-13 08:00:00,0.202,12.1
2025-11-13 09:00:00,0.201,12.2
2025-11-13 10:00:00,0.201,12.3
2025-11-13 11:00:00,0.201,12.2
2025-11-13 12:00:00,0.201,12.1
2025-11-13 13:00:00,0.2,12
2025-11-13 14:00:00,0.2,11.9
2025-11-13 15:00:00,0.2,11.8
2025-11-13 16:00:00,0.2,11.6
2025-11-13 17:00:00,0.2,11.5
2025-11-13 18:00:00,0.2,11.4
2025-11-13 19:00:00,0.2,11.2
2025-11-13 20:00:00,0.199,11.1
2025-11-13 21:00:00,0.199,10.9
2025-11-13 22:00:00,0.199,10.8
2025-11-13 23:00:00,0.199,10.7
2025-11-14 00:00:00,0.199,10.6
2025-11-14 01:00:00,0.199,10.6
2025-11-14 02:00:00,0.198,10.7
2025-11-14 03:00:00,0.198,10.8
2025-11-14 04:00:00,0.198,11
2025-11-14 05:00:00,0.197,11.2
2025-11-14 06:00:00,0.197,11.3
2025-11-14 07:00:00,0.197,11.5
2025-11-14 08:00:00,0.196,11.6
2025-11-14 09:00:00,0.196,11.6
2025-11-14 10:00:00,0.196,11.6
2025-11-14 11:00:00,0.195,11.5
2025-11-14 12:00:00,0.195,11.4
2025-11-14 13:00:00,0.195,11.3
2025-11-14 14:00:00,0.195,11.2
2025-11-14 15:00:00,0.195,11
2025-11-14 16:00:00,0.195,10.9
2025-11-14 17:00:00,0.195,10.8
2025-11-14 18:00:00,0.194,10.7
2025-11-14 19:00:00,0.194,10.5
2025-11-14 20:00:00,0.194,10.4
2025-11-14 21:00:00,0.194,10.2
2025-11-14 22:00:00,0.194,10.1
2025-11-14 23:00:00,0.194,10
2025-11-15 00:00:00,0.194,9.9
2025-11-15 01:00:00,0.194,9.9
2025-11-15 02:00:00,0.193,10
2025-11-15 03:00:00,0.193,10.2
2025-11-15 04:00:00,0.193,10.4
2025-11-15 05:00:00,0.192,10.6
2025-11-15 06:00:00,0.192,10.8
2025-11-15 07:00:00,0.191,11
2025-11-15 08:00:00,0.191,11.1
2025-11-15 09:00:00,0.191,11.2
2025-11-15 10:00:00,0.191,11.2
2025-11-15 11:00:00,0.191,11.1
2025-11-15 12:00:00,0.19,11
2025-11-15 13:00:00,0.19,10.9
2025-11-15 14:00:00,0.19,10.8
2025-11-15 15:00:00,0.19,10.6
2025-11-15 16:00:00,0.19,10.5
2025-11-15 17:00:00,0.19,10.4
2025-11-15 18:00:00,0.19,10.3
2025-11-15 19:00:00,0.19,10.2
2025-11-15 20:00:00,0.189,10.1
2025-11-15 21:00:00,0.189,10
2025-11-15 22:00:00,0.189,9.8
2025-11-15 23:00:00,0.189,9.8
2025-11-16 00:00:00,0.189,9.7
2025-11-16 01:00:00,0.189,9.9
2025-11-16 02:00:00,0.188,10.2
2025-11-16 03:00:00,0.188,10.6
2025-11-16 04:00:00,0.187,11
2025-11-16 05:00:00,0.187,11.5
2025-11-16 06:00:00,0.186,11.9
2025-11-16 07:00:00,0.186,12.1
2025-11-16 08:00:00,0.186,12.3
2025-11-16 09:00:00,0.185,12.4
2025-11-16 10:00:00,0.185,12.4
2025-11-16 11:00:00,0.185,12.2
2025-11-16 12:00:00,0.185,12.1
2025-11-16 13:00:00,0.185,12
2025-11-16 14:00:00,0.185,11.8
2025-11-16 15:00:00,0.185,11.7
2025-11-16 16:00:00,0.184,11.6
2025-11-16 17:00:00,0.184,11.6
2025-11-16 18:00:00,0.184,11.6
2025-11-16 19:00:00,0.184,11.6
2025-11-16 20:00:00,0.184,11.6
2025-11-16 21:00:00,0.184,11.6
2025-11-16 22:00:00,0.184,11.4
2025-11-16 23:00:00,0.183,11.3
2025-11-17 00:00:00,0.183,11.2
2025-11-17 01:00:00,0.183,11.2
2025-11-17 02:00:00,0.183,11.2
2025-11-17 03:00:00,0.183,11.2
2025-11-17 04:00:00,0.182,11.2
2025-11-17 05:00:00,0.182,11.3
2025-11-17 06:00:00,0.182,11.3
2025-11-17 07:00:00,0.182,11.3
2025-11-17 08:00:00,0.182,11.2
2025-11-17 09:00:00,0.182,11
2025-11-17 10:00:00,0.181,10.9
2025-11-17 11:00:00,0.181,10.8
2025-11-17 12:00:00,0.181,10.6
2025-11-17 13:00:00,0.181,10.5
2025-11-17 14:00:00,0.181,10.4
2025-11-17 15:00:00,0.181,10.3
2025-11-17 16:00:00,0.181,10.2
2025-11-17 17:00:00,0.181,10.2
2025-11-17 18:00:00,0.18,10.1
2025-11-17 19:00:00,0.18,10.1
2025-11-17 20:00:00,0.18,10.1
2025-11-17 21:00:00,0.18,10
2025-11-17 22:00:00,0.18,9.9
2025-11-17 23:00:00,0.18,9.9
2025-11-18 00:00:00,0.18,9.8
2025-11-18 01:00:00,0.179,9.8
2025-11-18 02:00:00,0.179,9.8
2025-11-18 03:00:00,0.179,9.9
2025-11-18 04:00:00,0.179,9.9
2025-11-18 05:00:00,0.179,10
2025-11-18 06:00:00,0.178,10.1
2025-11-18 07:00:00,0.178,10.2
2025-11-18 08:00:00,0.178,10.3
2025-11-18 09:00:00,0.178,10.2
2025-11-18 10:00:00,0.177,10.1
2025-11-18 11:00:00,0.177,10.1
2025-11-18 12:00:00,0.177,10
2025-11-18 13:00:00,0.177,9.9
2025-11-18 14:00:00,0.177,9.9
2025-11-18 15:00:00,0.177,9.9
2025-11-18 16:00:00,0.177,9.8
2025-11-18 17:00:00,0.177,9.8
2025-11-18 18:00:00,0.177,9.8
2025-11-18 19:00:00,0.176,9.7
2025-11-18 20:00:00,0.176,9.7
2025-11-18 21:00:00,0.176,9.6
2025-11-18 22:00:00,0.176,9.6
2025-11-18 23:00:00,0.176,9.5
2025-11-19 00:00:00,0.176,9.5
2025-11-19 01:00:00,0.176,9.5
2025-11-19 02:00:00,0.176,9.7
2025-11-19 03:00:00,0.175,9.8
2025-11-19 04:00:00,0.175,10
2025-11-19 05:00:00,0.175,10.2
2025-11-19 06:00:00,0.175,10.4
2025-11-19 07:00:00,0.174,10.5
2025-11-19 08:00:00,0.174,10.6
2025-11-19 09:00:00,0.174,10.6
2025-11-19 10:00:00,0.174,10.5
2025-11-19 11:00:00,0.174,10.5
2025-11-19 12:00:00,0.174,10.4
2025-11-19 13:00:00,0.174,10.3
2025-11-19 14:00:00,0.174,10.2
2025-11-19 15:00:00,0.174,10
2025-11-19 16:00:00,0.174,9.8
2025-11-19 17:00:00,0.174,9.6
2025-11-19 18:00:00,0.174,9.5
2025-11-19 19:00:00,0.174,9.3
2025-11-19 20:00:00,0.174,9.2
2025-11-19 21:00:00,0.174,9.1
2025-11-19 22:00:00,0.174,9.1
2025-11-19 23:00:00,0.173,9
2025-11-20 00:00:00,0.173,9.1
2025-11-20 01:00:00,0.173,9.1
2025-11-20 02:00:00,0.173,9.4
2025-11-20 03:00:00,0.173,9.6
2025-11-20 04:00:00,0.173,9.9
2025-11-20 05:00:00,0.172,10.2
2025-11-20 06:00:00,0.172,10.4
2025-11-20 07:00:00,0.172,10.7
2025-11-20 08:00:00,0.172,10.8
2025-11-20 09:00:00,0.172,10.9
2025-11-20 10:00:00,0.171,10.9
2025-11-20 11:00:00,0.171,10.9
2025-11-20 12:00:00,0.171,10.9
2025-11-20 13:00:00,0.171,10.8
2025-11-20 14:00:00,0.171,10.7
2025-11-20 15:00:00,0.171,10.6
2025-11-20 16:00:00,0.171,10.6
2025-11-20 17:00:00,0.171,10.5
2025-11-20 18:00:00,0.171,10.3
2025-11-20 19:00:00,0.171,10.2
2025-11-20 20:00:00,0.171,10.1
2025-11-20 21:00:00,0.171,9.9
2025-11-20 22:00:00,0.171,9.8
2025-11-20 23:00:00,0.171,9.6
2025-11-21 00:00:00,0.171,9.5
2025-11-21 01:00:00,0.171,9.4
2025-11-21 02:00:00,0.171,9.5
2025-11-21 03:00:00,0.17,9.7
2025-11-21 04:00:00,0.17,9.9
2025-11-21 05:00:00,0.17,10
2025-11-21 06:00:00,0.17,10.2
2025-11-21 07:00:00,0.169,10.4
2025-11-21 08:00:00,0.169,10.5
2025-11-21 09:00:00,0.169,10.5
2025-11-21 10:00:00,0.169,10.4
2025-11-21 11:00:00,0.169,10.2
2025-11-21 12:00:00,0.169,10.1
2025-11-21 13:00:00,0.169,9.9
2025-11-21 14:00:00,0.169,9.7
2025-11-21 15:00:00,0.169,9.6
2025-11-21 16:00:00,0.169,9.4
2025-11-21 17:00:00,0.169,9.3
2025-11-21 18:00:00,0.169,9.1
2025-11-21 19:00:00,0.169,8.9
2025-11-21 20:00:00,0.169,8.8
2025-11-21 21:00:00,0.169,8.6
2025-11-21 22:00:00,0.169,8.5
2025-11-21 23:00:00,0.169,8.3
2025-11-22 00:00:00,0.169,8.2
2025-11-22 01:00:00,0.169,8.2
2025-11-22 02:00:00,0.169,8.3
2025-11-22 03:00:00,0.168,8.5
2025-11-22 04:00:00,0.168,8.8
2025-11-22 05:00:00,0.168,9.1
2025-11-22 06:00:00,0.168,9.3
2025-11-22 07:00:00,0.167,9.6
2025-11-22 08:00:00,0.167,9.8
2025-11-22 09:00:00,0.167,9.9
2025-11-22 10:00:00,0.167,9.9
2025-11-22 11:00:00,0.167,9.8
2025-11-22 12:00:00,0.167,9.6
2025-11-22 13:00:00,0.167,9.5
2025-11-22 14:00:00,0.167,9.4
2025-11-22 15:00:00,0.167,9.2
2025-11-22 16:00:00,0.167,9.1
2025-11-22 17:00:00,0.167,9
2025-11-22 18:00:00,0.167,8.9
2025-11-22 19:00:00,0.167,8.7
2025-11-22 20:00:00,0.167,8.6
2025-11-22 21:00:00,0.167,8.5
2025-11-22 22:00:00,0.167,8.3
2025-11-22 23:00:00,0.167,8.2
2025-11-23 00:00:00,0.166,8.2
2025-11-23 01:00:00,0.166,8.3
2025-11-23 02:00:00,0.166,8.5
2025-11-23 03:00:00,0.166,8.8
2025-11-23 04:00:00,0.166,9.1
2025-11-23 05:00:00,0.165,9.5
2025-11-23 06:00:00,0.165,9.9
2025-11-23 07:00:00,0.165,10.1
2025-11-23 08:00:00,0.165,10.4
2025-11-23 09:00:00,0.165,10.4
2025-11-23 10:00:00,0.165,10.4
2025-11-23 11:00:00,0.164,10.3
2025-11-23 12:00:00,0.164,10.3
2025-11-23 13:00:00,0.164,10.2
2025-11-23 14:00:00,0.164,10.2
2025-11-23 15:00:00,0.164,10.1
2025-11-23 16:00:00,0.164,10
2025-11-23 17:00:00,0.164,10
2025-11-23 18:00:00,0.164,10
2025-11-23 19:00:00,0.164,10
2025-11-23 20:00:00,0.164,10
2025-11-23 21:00:00,0.164,10
2025-11-23 22:00:00,0.164,10
2025-11-23 23:00:00,0.164,10
2025-11-24 00:00:00,0.163,9.9
2025-11-24 01:00:00,0.163,10
2025-11-24 02:00:00,0.163,10.2
2025-11-24 03:00:00,0.163,10.4
2025-11-24 04:00:00,0.163,10.8
2025-11-24 05:00:00,0.162,11.1
2025-11-24 06:00:00,0.162,11.4
2025-11-24 07:00:00,0.162,11.6
2025-11-24 08:00:00,0.162,11.7
2025-11-24 09:00:00,0.162,11.7
2025-11-24 10:00:00,0.162,11.7
2025-11-24 11:00:00,0.162,11.6
2025-11-24 12:00:00,0.162,11.4
2025-11-24 13:00:00,0.162,11.3
2025-11-24 14:00:00,0.162,11.2
2025-11-24 15:00:00,0.162,11
2025-11-24 16:00:00,0.161,10.9
2025-11-24 17:00:00,0.161,10.8
2025-11-24 18:00:00,0.161,10.7
2025-11-24 19:00:00,0.161,10.7
2025-11-24 20:00:00,0.161,10.7
2025-11-24 21:00:00,0.161,10.6
2025-11-24 22:00:00,0.161,10.6
2025-11-24 23:00:00,0.161,10.6
2025-11-25 00:00:00,0.161,10.7
2025-11-25 01:00:00,0.161,10.8
2025-11-25 02:00:00,0.161,10.8
2025-11-25 03:00:00,0.161,10.9
2025-11-25 04:00:00,0.161,10.9
2025-11-25 05:00:00,0.16,11
2025-11-25 06:00:00,0.16,11
2025-11-25 07:00:00,0.16,11
2025-11-25 08:00:00,0.16,10.9
2025-11-25 09:00:00,0.16,10.8
2025-11-25 10:00:00,0.16,10.7
2025-11-25 11:00:00,0.16,10.6
2025-11-25 12:00:00,0.16,10.5
2025-11-25 13:00:00,0.16,10.4
2025-11-25 14:00:00,0.16,10.4
2025-11-25 15:00:00,0.16,10.4
2025-11-25 16:00:00,0.16,10.4
2025-11-25 17:00:00,0.16,10.3
2025-11-25 18:00:00,0.16,10.3
2025-11-25 19:00:00,0.16,10.3
2025-11-25 20:00:00,0.159,10.3
2025-11-25 21:00:00,0.159,10.3
2025-11-25 22:00:00,0.159,10.2
2025-11-25 23:00:00,0.159,10.1
2025-11-26 00:00:00,0.159,10.1
2025-11-26 01:00:00,0.159,10.1
2025-11-26 02:00:00,0.159,10.2
2025-11-26 03:00:00,0.159,10.3
2025-11-26 04:00:00,0.159,10.5
2025-11-26 05:00:00,0.158,10.6
2025-11-26 06:00:00,0.158,10.7
2025-11-26 07:00:00,0.158,10.7
2025-11-26 08:00:00,0.159,10.7
2025-11-26 09:00:00,0.159,10.6
2025-11-26 10:00:00,0.158,10.5
2025-11-26 11:00:00,0.158,10.3
2025-11-26 12:00:00,0.159,10.1
2025-11-26 13:00:00,0.158,9.9
2025-11-26 14:00:00,0.158,9.7
2025-11-26 15:00:00,0.158,9.5
2025-11-26 16:00:00,0.158,9.3
2025-11-26 17:00:00,0.158,9.1
2025-11-26 18:00:00,0.158,9
2025-11-26 19:00:00,0.158,8.9
2025-11-26 20:00:00,0.158,8.8
2025-11-26 21:00:00,0.158,8.8
2025-11-26 22:00:00,0.159,8.5
2025-11-26 23:00:00,0.16,8.4
2025-11-27 00:00:00,0.16,8.4
2025-11-27 01:00:00,0.161,8.5
2025-11-27 02:00:00,0.161,8.7
2025-11-27 03:00:00,0.161,8.9
2025-11-27 04:00:00,0.161,9.2
2025-11-27 05:00:00,0.161,9.4
2025-11-27 06:00:00,0.161,9.6
2025-11-27 07:00:00,0.161,9.7
2025-11-27 08:00:00,0.161,9.8
2025-11-27 09:00:00,0.161,9.7
2025-11-27 10:00:00,0.161,9.6
2025-11-27 11:00:00,0.161,9.5
2025-11-27 12:00:00,0.162,9.4
2025-11-27 13:00:00,0.162,9.4
2025-11-27 14:00:00,0.162,9.3
2025-11-27 15:00:00,0.162,9.2
2025-11-27 16:00:00,0.162,9.1
2025-11-27 17:00:00,0.162,9.1
2025-11-27 18:00:00,0.162,9.1
2025-11-27 19:00:00,0.162,9
2025-11-27 20:00:00,0.162,9
2025-11-27 21:00:00,0.162,9
2025-11-27 22:00:00,0.162,8.9
2025-11-27 23:00:00,0.162,8.8
2025-11-28 00:00:00,0.162,8.8
2025-11-28 01:00:00,0.162,8.9
2025-11-28 02:00:00,0.162,9
2025-11-28 03:00:00,0.162,9.2
2025-11-28 04:00:00,0.162,9.4
2025-11-28 05:00:00,0.162,9.5
2025-11-28 06:00:00,0.162,9.6
2025-11-28 07:00:00,0.162,9.6
2025-11-28 08:00:00,0.162,9.6
2025-11-28 09:00:00,0.162,9.6
2025-11-28 10:00:00,0.162,9.4
2025-11-28 11:00:00,0.162,9.2
2025-11-28 12:00:00,0.162,9
2025-11-28 13:00:00,0.162,8.8
2025-11-28 14:00:00,0.162,8.6
2025-11-28 15:00:00,0.162,8.4
2025-11-28 16:00:00,0.162,8.2
2025-11-28 17:00:00,0.162,8
2025-11-28 18:00:00,0.163,7.8
2025-11-28 19:00:00,0.163,7.7
2025-11-28 20:00:00,0.163,7.5
2025-11-28 21:00:00,0.163,7.4
2025-11-28 22:00:00,0.163,7.3
2025-11-28 23:00:00,0.163,7.1
2025-11-29 00:00:00,0.163,7
2025-11-29 01:00:00,0.163,7
2025-11-29 02:00:00,0.163,7.1
2025-11-29 03:00:00,0.163,7.2
2025-11-29 04:00:00,0.163,7.5
2025-11-29 05:00:00,0.163,7.9
2025-11-29 06:00:00,0.162,8.2
2025-11-29 07:00:00,0.162,8.6
2025-11-29 08:00:00,0.162,8.9
2025-11-29 09:00:00,0.162,9.1
2025-11-29 10:00:00,0.162,9.2
2025-11-29 11:00:00,0.162,9.3
2025-11-29 12:00:00,0.162,9.3
2025-11-29 13:00:00,0.162,9.3
2025-11-29 14:00:00,0.162,9.3
2025-11-29 15:00:00,0.162,9.3
2025-11-29 16:00:00,0.162,9.3
2025-11-29 17:00:00,0.162,9.3
2025-11-29 18:00:00,0.162,9.3
2025-11-29 19:00:00,0.162,9.3
2025-11-29 20:00:00,0.162,9.2
2025-11-29 21:00:00,0.162,9.1
2025-11-29 22:00:00,0.162,9.1
2025-11-29 23:00:00,0.162,9
2025-11-30 00:00:00,0.162,8.9
2025-11-30 01:00:00,0.162,9
2025-11-30 02:00:00,0.162,9.1
2025-11-30 03:00:00,0.162,9.4
2025-11-30 04:00:00,0.161,9.7
2025-11-30 05:00:00,0.161,10
2025-11-30 06:00:00,0.161,10.3
2025-11-30 07:00:00,0.161,10.6
2025-11-30 08:00:00,0.161,10.9
2025-11-30 09:00:00,0.161,11
2025-11-30 10:00:00,0.161,11
2025-11-30 11:00:00,0.16,11
2025-11-30 12:00:00,0.16,11
2025-11-30 13:00:00,0.16,10.9
2025-11-30 14:00:00,0.16,10.8
2025-11-30 15:00:00,0.161,10.7
2025-11-30 16:00:00,0.16,10.6
2025-11-30 17:00:00,0.16,10.5
2025-11-30 18:00:00,0.16,10.5
2025-11-30 19:00:00,0.16,10.5
2025-11-30 20:00:00,0.16,10.5
2025-11-30 21:00:00,0.16,10.5
2025-11-30 22:00:00,0.16,10.4
2025-11-30 23:00:00,0.16,10.3
2025-12-01 00:00:00,0.16,10.2
2025-12-01 01:00:00,0.16,10.1
2025-12-01 02:00:00,0.16,10.1
2025-12-01 03:00:00,0.16,10
2025-12-01 04:00:00,0.16,10.1
2025-12-01 05:00:00,0.16,10.1
2025-12-01 06:00:00,0.16,10.1
2025-12-01 07:00:00,0.16,10.1
2025-12-01 08:00:00,0.16,10.1
2025-12-01 09:00:00,0.16,10.1
2025-12-01 10:00:00,0.16,9.9
2025-12-01 11:00:00,0.16,9.7
2025-12-01 12:00:00,0.16,9.5
2025-12-01 13:00:00,0.16,9.3
2025-12-01 14:00:00,0.16,9.1
2025-12-01 15:00:00,0.16,8.9
2025-12-01 16:00:00,0.16,8.7
2025-12-01 17:00:00,0.16,8.6
2025-12-01 18:00:00,0.16,8.4
2025-12-01 19:00:00,0.161,8.3
2025-12-01 20:00:00,0.161,8.3
2025-12-01 21:00:00,0.16,8.2
2025-12-01 22:00:00,0.16,8.1
2025-12-01 23:00:00,0.16,8.1
2025-12-02 00:00:00,0.16,8.1
2025-12-02 01:00:00,0.16,8.1
2025-12-02 02:00:00,0.16,8.2
2025-12-02 03:00:00,0.16,8.2
2025-12-02 04:00:00,0.16,8.3
2025-12-02 05:00:00,0.16,8.4
2025-12-02 06:00:00,0.16,8.5
2025-12-02 07:00:00,0.159,8.5
2025-12-02 08:00:00,0.159,8.5
2025-12-02 09:00:00,0.159,8.5
2025-12-02 10:00:00,0.159,8.4
2025-12-02 11:00:00,0.159,8.3
2025-12-02 12:00:00,0.159,8.2
2025-12-02 13:00:00,0.159,8.1
2025-12-02 14:00:00,0.159,8
2025-12-02 15:00:00,0.159,8
2025-12-02 16:00:00,0.159,7.9
2025-12-02 17:00:00,0.159,7.9
2025-12-02 18:00:00,0.159,7.8
2025-12-02 19:00:00,0.159,7.8
2025-12-02 20:00:00,0.159,7.7
2025-12-02 21:00:00,0.159,7.7
2025-12-02 22:00:00,0.159,7.6
2025-12-02 23:00:00,0.159,7.4
2025-12-03 00:00:00,0.159,7.3
2025-12-03 01:00:00,0.159,7.1
2025-12-03 02:00:00,0.159,7
2025-12-03 03:00:00,0.159,6.9
2025-12-03 04:00:00,0.159,7
2025-12-03 05:00:00,0.159,7
2025-12-03 06:00:00,0.159,7.1
2025-12-03 07:00:00,0.159,7.2
2025-12-03 08:00:00,0.159,7.1
2025-12-03 09:00:00,0.159,7.1
2025-12-03 10:00:00,0.159,7
2025-12-03 11:00:00,0.159,6.9
2025-12-03 12:00:00,0.159,6.8
2025-12-03 13:00:00,0.159,6.7
2025-12-03 14:00:00,0.159,6.6
2025-12-03 15:00:00,0.159,6.6
2025-12-03 16:00:00,0.159,6.5
2025-12-03 17:00:00,0.159,6.5
2025-12-03 18:00:00,0.159,6.5
2025-12-03 19:00:00,0.159,6.5
2025-12-03 20:00:00,0.159,6.4
2025-12-03 21:00:00,0.159,6.4
2025-12-03 22:00:00,0.159,6.3
2025-12-03 23:00:00,0.159,6.3
2025-12-04 00:00:00,0.159,6.3
2025-12-04 01:00:00,0.159,6.3
2025-12-04 02:00:00,0.158,6.4
2025-12-04 03:00:00,0.158,6.5
2025-12-04 04:00:00,0.158,6.7
2025-12-04 05:00:00,0.158,6.9
2025-12-04 06:00:00,0.158,7.1
2025-12-04 07:00:00,0.158,7.2
2025-12-04 08:00:00,0.158,7.2
2025-12-04 09:00:00,0.158,7.2
2025-12-04 10:00:00,0.158,7.1
2025-12-04 11:00:00,0.158,7
2025-12-04 12:00:00,0.158,6.9
2025-12-04 13:00:00,0.158,6.9
2025-12-04 14:00:00,0.157,6.9
2025-12-04 15:00:00,0.158,6.8
2025-12-04 16:00:00,0.157,6.8
2025-12-04 17:00:00,0.157,6.8
2025-12-04 18:00:00,0.157,6.7
2025-12-04 19:00:00,0.157,6.7
2025-12-04 20:00:00,0.157,6.6
2025-12-04 21:00:00,0.157,6.6
2025-12-04 22:00:00,0.157,6.6
2025-12-04 23:00:00,0.157,6.5
2025-12-05 00:00:00,0.157,6.3
2025-12-05 01:00:00,0.157,6.3
2025-12-05 02:00:00,0.157,6.3
2025-12-05 03:00:00,0.157,6.3
2025-12-05 04:00:00,0.157,6.4
2025-12-05 05:00:00,0.157,6.5
2025-12-05 06:00:00,0.156,6.5
2025-12-05 07:00:00,0.156,6.6
2025-12-05 08:00:00,0.156,6.7
2025-12-05 09:00:00,0.156,6.6
2025-12-05 10:00:00,0.156,6.5
2025-12-05 11:00:00,0.156,6.4
2025-12-05 12:00:00,0.156,6.3
2025-12-05 13:00:00,0.156,6.1
2025-12-05 14:00:00,0.156,6
2025-12-05 15:00:00,0.156,5.9
2025-12-05 16:00:00,0.156,5.8
2025-12-05 17:00:00,0.156,5.7
2025-12-05 18:00:00,0.156,5.5
2025-12-05 19:00:00,0.156,5.4
2025-12-05 20:00:00,0.156,5.3
2025-12-05 21:00:00,0.156,5.3
2025-12-05 22:00:00,0.156,5.2
2025-12-05 23:00:00,0.156,5.1
2025-12-06 00:00:00,0.156,5
2025-12-06 01:00:00,0.156,4.9
2025-12-06 02:00:00,0.156,4.9
2025-12-06 03:00:00,0.156,4.9
2025-12-06 04:00:00,0.156,4.9
2025-12-06 05:00:00,0.156,4.9
2025-12-06 06:00:00,0.156,5.1
2025-12-06 07:00:00,0.155,5.4
2025-12-06 08:00:00,0.155,5.8
2025-12-06 09:00:00,0.155,6.1
2025-12-06 10:00:00,0.155,6.2
2025-12-06 11:00:00,0.155,6.3
2025-12-06 12:00:00,0.155,6.4
2025-12-06 13:00:00,0.155,6.4
2025-12-06 14:00:00,0.155,6.4
2025-12-06 15:00:00,0.155,6.3
2025-12-06 16:00:00,0.155,6.3
2025-12-06 17:00:00,0.154,6.3
2025-12-06 18:00:00,0.154,6.4
2025-12-06 19:00:00,0.154,6.4
2025-12-06 20:00:00,0.154,6.5
2025-12-06 21:00:00,0.154,6.5
2025-12-06 22:00:00,0.154,6.5
2025-12-06 23:00:00,0.154,6.5
2025-12-07 00:00:00,0.154,6.5
2025-12-07 01:00:00,0.154,6.7
2025-12-07 02:00:00,0.154,6.9
2025-12-07 03:00:00,0.153,7.3
2025-12-07 04:00:00,0.153,7.7
2025-12-07 05:00:00,0.153,8.1
2025-12-07 06:00:00,0.153,8.5
2025-12-07 07:00:00,0.153,8.8
2025-12-07 08:00:00,0.153,9
2025-12-07 09:00:00,0.152,9
2025-12-07 10:00:00,0.152,9
2025-12-07 11:00:00,0.152,8.9
2025-12-07 12:00:00,0.152,8.9
2025-12-07 13:00:00,0.152,8.8
2025-12-07 14:00:00,0.152,8.8
2025-12-07 15:00:00,0.152,8.8
2025-12-07 16:00:00,0.152,8.8
2025-12-07 17:00:00,0.152,8.8
2025-12-07 18:00:00,0.152,8.7
2025-12-07 19:00:00,0.152,8.6
2025-12-07 20:00:00,0.152,8.5
2025-12-07 21:00:00,0.152,8.4
2025-12-07 22:00:00,0.152,8.3
2025-12-07 23:00:00,0.152,8.2
2025-12-08 00:00:00,0.152,8.1
2025-12-08 01:00:00,0.152,8
2025-12-08 02:00:00,0.151,8
2025-12-08 03:00:00,0.151,8
2025-12-08 04:00:00,0.151,8
2025-12-08 05:00:00,0.151,8.1
2025-12-08 06:00:00,0.151,8.2
2025-12-08 07:00:00,0.151,8.2
2025-12-08 08:00:00,0.151,8.2
2025-12-08 09:00:00,0.151,8.1
2025-12-08 10:00:00,0.151,7.9
2025-12-08 11:00:00,0.151,7.8
2025-12-08 12:00:00,0.151,7.5
2025-12-08 13:00:00,0.151,7.3
2025-12-08 14:00:00,0.151,7.1
2025-12-08 15:00:00,0.151,6.9
2025-12-08 16:00:00,0.151,6.7
2025-12-08 17:00:00,0.151,6.6
2025-12-08 18:00:00,0.151,6.4
2025-12-08 19:00:00,0.151,6.3
2025-12-08 20:00:00,0.151,6.1
2025-12-08 21:00:00,0.151,6
2025-12-08 22:00:00,0.151,5.9
2025-12-08 23:00:00,0.151,5.8
2025-12-09 00:00:00,0.151,5.7
2025-12-09 01:00:00,0.151,5.6
2025-12-09 02:00:00,0.151,5.6
2025-12-09 03:00:00,0.151,5.6
2025-12-09 04:00:00,0.151,5.7
2025-12-09 05:00:00,0.15,5.9
2025-12-09 06:00:00,0.15,6.2
2025-12-09 07:00:00,0.15,6.4
2025-12-09 08:00:00,0.15,6.7
2025-12-09 09:00:00,0.15,6.8
2025-12-09 10:00:00,0.15,6.8
2025-12-09 11:00:00,0.15,6.7
2025-12-09 12:00:00,0.15,6.6
2025-12-09 13:00:00,0.15,6.4
2025-12-09 14:00:00,0.15,6.3
2025-12-09 15:00:00,0.15,6.2
2025-12-09 16:00:00,0.15,6.1
2025-12-09 17:00:00,0.15,6
2025-12-09 18:00:00,0.15,5.9
2025-12-09 19:00:00,0.15,5.8
2025-12-09 20:00:00,0.15,5.8
2025-12-09 21:00:00,0.15,5.7
2025-12-09 22:00:00,0.15,5.7
2025-12-09 23:00:00,0.15,5.6
2025-12-10 00:00:00,0.15,5.6
2025-12-10 01:00:00,0.15,5.6
2025-12-10 02:00:00,0.149,5.8
2025-12-10 03:00:00,0.149,6.1
2025-12-10 04:00:00,0.149,6.3
2025-12-10 05:00:00,0.149,6.6
2025-12-10 06:00:00,0.148,7
2025-12-10 07:00:00,0.148,7.3
2025-12-10 08:00:00,0.148,7.5
2025-12-10 09:00:00,0.148,7.6
2025-12-10 10:00:00,0.148,7.6
2025-12-10 11:00:00,0.148,7.6
2025-12-10 12:00:00,0.148,7.6
2025-12-10 13:00:00,0.148,7.6
2025-12-10 14:00:00,0.148,7.6
2025-12-10 15:00:00,0.148,7.6
2025-12-10 16:00:00,0.148,7.6
2025-12-10 17:00:00,0.148,7.6
2025-12-10 18:00:00,0.148,7.6
2025-12-10 19:00:00,0.148,7.7
2025-12-10 20:00:00,0.161,7.7
2025-12-10 21:00:00,0.166,7.8
2025-12-10 22:00:00,0.168,7.8
2025-12-10 23:00:00,0.167,7.9
2025-12-11 00:00:00,0.168,8
2025-12-11 01:00:00,0.168,8.1
2025-12-11 02:00:00,0.168,8.3
2025-12-11 03:00:00,0.168,8.6
2025-12-11 04:00:00,0.167,8.9
2025-12-11 05:00:00,0.167,9.2
2025-12-11 06:00:00,0.166,9.3
2025-12-11 07:00:00,0.166,9.4
2025-12-11 08:00:00,0.166,9.4
2025-12-11 09:00:00,0.166,9.2
2025-12-11 10:00:00,0.166,9
2025-12-11 11:00:00,0.166,8.8
2025-12-11 12:00:00,0.165,8.6
2025-12-11 13:00:00,0.165,8.3
2025-12-11 14:00:00,0.165,8.1
2025-12-11 15:00:00,0.165,7.9
2025-12-11 16:00:00,0.165,7.7
2025-12-11 17:00:00,0.165,7.5
2025-12-11 18:00:00,0.165,7.2
2025-12-11 19:00:00,0.165,7
2025-12-11 20:00:00,0.165,6.8
2025-12-11 21:00:00,0.165,6.6
2025-12-11 22:00:00,0.165,6.5
2025-12-11 23:00:00,0.165,6.3
2025-12-12 00:00:00,0.165,6.2
2025-12-12 01:00:00,0.164,6.1
2025-12-12 02:00:00,0.164,6
2025-12-12 03:00:00,0.164,6
2025-12-12 04:00:00,0.164,6
2025-12-12 05:00:00,0.164,6.1
2025-12-12 06:00:00,0.164,6.3
2025-12-12 07:00:00,0.163,6.6
2025-12-12 08:00:00,0.163,6.8
2025-12-12 09:00:00,0.163,6.9
2025-12-12 10:00:00,0.163,6.9
2025-12-12 11:00:00,0.163,6.8
2025-12-12 12:00:00,0.163,6.7
2025-12-12 13:00:00,0.163,6.6
2025-12-12 14:00:00,0.163,6.5
2025-12-12 15:00:00,0.163,6.5
2025-12-12 16:00:00,0.162,6.4
2025-12-12 17:00:00,0.162,6.5
2025-12-12 18:00:00,0.162,6.5
2025-12-12 19:00:00,0.162,6.6
2025-12-12 20:00:00,0.162,6.6
2025-12-12 21:00:00,0.162,6.7
2025-12-12 22:00:00,0.162,6.8
2025-12-12 23:00:00,0.162,6.9
2025-12-13 00:00:00,0.161,7
2025-12-13 01:00:00,0.161,7.1
2025-12-13 02:00:00,0.161,7.3
2025-12-13 03:00:00,0.161,7.5
2025-12-13 04:00:00,0.161,7.8
2025-12-13 05:00:00,0.161,8
2025-12-13 06:00:00,0.161,8.1
2025-12-13 07:00:00,0.161,8.2
2025-12-13 08:00:00,0.162,8.1
2025-12-13 09:00:00,0.172,8.1
2025-12-13 10:00:00,0.183,8
2025-12-13 11:00:00,0.189,7.9
2025-12-13 12:00:00,0.192,7.8
2025-12-13 13:00:00,0.194,7.7
2025-12-13 14:00:00,0.196,7.6
2025-12-13 15:00:00,0.199,7.5
2025-12-13 16:00:00,0.203,7.3
2025-12-13 17:00:00,0.206,7.3
2025-12-13 18:00:00,0.209,7.2
2025-12-13 19:00:00,0.212,7.2
2025-12-13 20:00:00,0.215,7.1
2025-12-13 21:00:00,0.216,7.1
2025-12-13 22:00:00,0.217,7
2025-12-13 23:00:00,0.218,7
2025-12-14 00:00:00,0.219,7
2025-12-14 01:00:00,0.219,7
2025-12-14 02:00:00,0.22,7
2025-12-14 03:00:00,0.22,7.1
2025-12-14 04:00:00,0.22,7.2
2025-12-14 05:00:00,0.219,7.3
2025-12-14 06:00:00,0.219,7.4
2025-12-14 07:00:00,0.219,7.4
2025-12-14 08:00:00,0.219,7.4
2025-12-14 09:00:00,0.218,7.4
2025-12-14 10:00:00,0.218,7.3
2025-12-14 11:00:00,0.218,7.3
2025-12-14 12:00:00,0.217,7.3
2025-12-14 13:00:00,0.217,7.2
2025-12-14 14:00:00,0.217,7.2
2025-12-14 15:00:00,0.217,7.1
2025-12-14 16:00:00,0.217,7.1
2025-12-14 17:00:00,0.217,7
2025-12-14 18:00:00,0.217,7
2025-12-14 19:00:00,0.217,6.9
2025-12-14 20:00:00,0.217,6.9
2025-12-14 21:00:00,0.217,6.9
2025-12-14 22:00:00,0.217,6.9
2025-12-14 23:00:00,0.217,6.8
2025-12-15 00:00:00,0.217,6.8
2025-12-15 01:00:00,0.217,6.9
2025-12-15 02:00:00,0.216,6.9
2025-12-15 03:00:00,0.216,7
2025-12-15 04:00:00,0.216,7.1
2025-12-15 05:00:00,0.216,7.2
2025-12-15 06:00:00,0.216,7.4
2025-12-15 07:00:00,0.215,7.5
2025-12-15 08:00:00,0.215,7.6
2025-12-15 09:00:00,0.215,7.6
2025-12-15 10:00:00,0.214,7.5
2025-12-15 11:00:00,0.214,7.4
2025-12-15 12:00:00,0.214,7.2
2025-12-15 13:00:00,0.214,7
2025-12-15 14:00:00,0.214,6.9
2025-12-15 15:00:00,0.214,6.8
2025-12-15 16:00:00,0.213,6.6
2025-12-15 17:00:00,0.213,6.5
2025-12-15 18:00:00,0.213,6.5
2025-12-15 19:00:00,0.213,6.4
2025-12-15 20:00:00,0.213,6.3
2025-12-15 21:00:00,0.212,6.3
2025-12-15 22:00:00,0.212,6.2
2025-12-15 23:00:00,0.212,6.1
2025-12-16 00:00:00,0.212,6
2025-12-16 01:00:00,0.212,6
2025-12-16 02:00:00,0.211,6.2
2025-12-16 03:00:00,0.211,6.4
2025-12-16 04:00:00,0.211,6.7
2025-12-16 05:00:00,0.21,7
2025-12-16 06:00:00,0.21,7.3
2025-12-16 07:00:00,0.209,7.5
2025-12-16 08:00:00,0.209,7.7
2025-12-16 09:00:00,0.209,7.9
2025-12-16 10:00:00,0.209,8
2025-12-16 11:00:00,0.208,8
2025-12-16 12:00:00,0.208,8
2025-12-16 13:00:00,0.208,8.1
2025-12-16 14:00:00,0.207,8.1
2025-12-16 15:00:00,0.207,8.1
2025-12-16 16:00:00,0.207,8.1
2025-12-16 17:00:00,0.207,8.1
2025-12-16 18:00:00,0.206,8
2025-12-16 19:00:00,0.206,8
2025-12-16 20:00:00,0.206,8
2025-12-16 21:00:00,0.206,7.9
2025-12-16 22:00:00,0.206,7.8
2025-12-16 23:00:00,0.205,7.8
2025-12-17 00:00:00,0.205,7.8
2025-12-17 01:00:00,0.205,7.9
2025-12-17 02:00:00,0.205,8
2025-12-17 03:00:00,0.204,8.1
2025-12-17 04:00:00,0.204,8.2
2025-12-17 05:00:00,0.203,8.3
2025-12-17 06:00:00,0.203,8.4
2025-12-17 07:00:00,0.203,8.5
2025-12-17 08:00:00,0.202,8.5
2025-12-17 09:00:00,0.202,8.4
2025-12-17 10:00:00,0.202,8.3
2025-12-17 11:00:00,0.202,8.1
2025-12-17 12:00:00,0.202,7.9
2025-12-17 13:00:00,0.202,7.7
2025-12-17 14:00:00,0.202,7.5
2025-12-17 15:00:00,0.201,7.3
2025-12-17 16:00:00,0.201,7.1
2025-12-17 17:00:00,0.201,6.9
2025-12-17 18:00:00,0.201,6.7
2025-12-17 19:00:00,0.201,6.5
2025-12-17 20:00:00,0.201,6.4
2025-12-17 21:00:00,0.2,6.2
2025-12-17 22:00:00,0.2,6.1
2025-12-17 23:00:00,0.2,6
2025-12-18 00:00:00,0.2,5.9
2025-12-18 01:00:00,0.2,5.8
2025-12-18 02:00:00,0.2,5.7
2025-12-18 03:00:00,0.199,5.8
2025-12-18 04:00:00,0.199,5.8
2025-12-18 05:00:00,0.199,6
2025-12-18 06:00:00,0.199,6.2
2025-12-18 07:00:00,0.198,6.4
2025-12-18 08:00:00,0.198,6.7
2025-12-18 09:00:00,0.198,6.7
2025-12-18 10:00:00,0.197,6.7
2025-12-18 11:00:00,0.197,6.6
2025-12-18 12:00:00,0.197,6.5
2025-12-18 13:00:00,0.197,6.4
2025-12-18 14:00:00,0.197,6.3
2025-12-18 15:00:00,0.197,6.1
2025-12-18 16:00:00,0.197,6
2025-12-18 17:00:00,0.196,5.9
2025-12-18 18:00:00,0.196,5.8
2025-12-18 19:00:00,0.196,5.7
2025-12-18 20:00:00,0.196,5.7
2025-12-18 21:00:00,0.196,5.7
2025-12-18 22:00:00,0.196,5.7
2025-12-18 23:00:00,0.195,5.7
2025-12-19 00:00:00,0.195,5.8
2025-12-19 01:00:00,0.195,6
2025-12-19 02:00:00,0.195,6.1
2025-12-19 03:00:00,0.194,6.4
2025-12-19 04:00:00,0.194,6.7
2025-12-19 05:00:00,0.193,7.1
2025-12-19 06:00:00,0.193,7.4
2025-12-19 07:00:00,0.192,7.8
2025-12-19 08:00:00,0.192,8
2025-12-19 09:00:00,0.192,8.2
2025-12-19 10:00:00,0.192,8.2
2025-12-19 11:00:00,0.192,8.3
2025-12-19 12:00:00,0.191,8.3
2025-12-19 13:00:00,0.191,8.3
2025-12-19 14:00:00,0.191,8.3
2025-12-19 15:00:00,0.191,8.3
2025-12-19 16:00:00,0.191,8.2
2025-12-19 17:00:00,0.191,8.1
2025-12-19 18:00:00,0.191,8.1
2025-12-19 19:00:00,0.19,8
2025-12-19 20:00:00,0.19,8
2025-12-19 21:00:00,0.19,8
2025-12-19 22:00:00,0.19,8
2025-12-19 23:00:00,0.19,8.1
2025-12-20 00:00:00,0.19,8.2
2025-12-20 01:00:00,0.189,8.3
2025-12-20 02:00:00,0.189,8.5
2025-12-20 03:00:00,0.189,8.8
2025-12-20 04:00:00,0.188,9.1
2025-12-20 05:00:00,0.188,9.4
2025-12-20 06:00:00,0.188,9.7
2025-12-20 07:00:00,0.187,9.9
2025-12-20 08:00:00,0.187,9.9
2025-12-20 09:00:00,0.187,9.9
2025-12-20 10:00:00,0.187,9.9
2025-12-20 11:00:00,0.187,9.9
2025-12-20 12:00:00,0.187,9.8
2025-12-20 13:00:00,0.187,9.7
2025-12-20 14:00:00,0.187,9.5
2025-12-20 15:00:00,0.187,9.4
2025-12-20 16:00:00,0.187,9.3
2025-12-20 17:00:00,0.186,9
2025-12-20 18:00:00,0.186,8.8
2025-12-20 19:00:00,0.186,8.6
2025-12-20 20:00:00,0.186,8.4
2025-12-20 21:00:00,0.186,8.2
2025-12-20 22:00:00,0.186,8
2025-12-20 23:00:00,0.186,7.9
2025-12-21 00:00:00,0.186,7.8
2025-12-21 01:00:00,0.186,7.7
2025-12-21 02:00:00,0.186,7.6
2025-12-21 03:00:00,0.186,7.7
2025-12-21 04:00:00,0.185,7.7
2025-12-21 05:00:00,0.185,7.7
2025-12-21 06:00:00,0.185,7.7
2025-12-21 07:00:00,0.185,7.7
2025-12-21 08:00:00,0.185,7.6
2025-12-21 09:00:00,0.184,7.4
2025-12-21 10:00:00,0.184,7.3
2025-12-21 11:00:00,0.184,7
2025-12-21 12:00:00,0.184,6.8
2025-12-21 13:00:00,0.184,6.6
2025-12-21 14:00:00,0.184,6.5
2025-12-21 15:00:00,0.184,6.3
2025-12-21 16:00:00,0.184,6.1
2025-12-21 17:00:00,0.184,6
2025-12-21 18:00:00,0.184,5.9
2025-12-21 19:00:00,0.184,5.7
2025-12-21 20:00:00,0.184,5.6
2025-12-21 21:00:00,0.184,5.5
2025-12-21 22:00:00,0.184,5.4
2025-12-21 23:00:00,0.183,5.3
2025-12-22 00:00:00,0.183,5.2
2025-12-22 01:00:00,0.183,5.1
2025-12-22 02:00:00,0.183,5
2025-12-22 03:00:00,0.183,5
2025-12-22 04:00:00,0.183,4.9
2025-12-22 05:00:00,0.183,4.9
2025-12-22 06:00:00,0.183,4.9
2025-12-22 07:00:00,0.183,4.9
2025-12-22 08:00:00,0.182,5
2025-12-22 09:00:00,0.182,5
2025-12-22 10:00:00,0.182,5.1
2025-12-22 11:00:00,0.182,5.1
2025-12-22 12:00:00,0.182,5.1
2025-12-22 13:00:00,0.182,5.1
2025-12-22 14:00:00,0.182,5
2025-12-22 15:00:00,0.182,5
2025-12-22 16:00:00,0.181,5
2025-12-22 17:00:00,0.181,4.9
2025-12-22 18:00:00,0.181,4.9
2025-12-22 19:00:00,0.181,4.9
2025-12-22 20:00:00,0.181,4.9
2025-12-22 21:00:00,0.181,4.8
2025-12-22 22:00:00,0.181,4.8
2025-12-22 23:00:00,0.181,4.8
2025-12-23 00:00:00,0.181,4.8
2025-12-23 01:00:00,0.18,4.9
2025-12-23 02:00:00,0.18,5
2025-12-23 03:00:00,0.18,5.3
2025-12-23 04:00:00,0.179,5.6
2025-12-23 05:00:00,0.179,6
2025-12-23 06:00:00,0.179,6.3
2025-12-23 07:00:00,0.179,6.6
2025-12-23 08:00:00,0.178,6.8
2025-12-23 09:00:00,0.178,7
2025-12-23 10:00:00,0.178,7.1
2025-12-23 11:00:00,0.178,7.2
2025-12-23 12:00:00,0.178,7.3
2025-12-23 13:00:00,0.178,7.4
2025-12-23 14:00:00,0.179,7.5
2025-12-23 15:00:00,0.179,7.6
2025-12-23 16:00:00,0.181,7.7
2025-12-23 17:00:00,0.189,7.7
2025-12-23 18:00:00,0.215,7.8
2025-12-23 19:00:00,0.239,7.9
2025-12-23 20:00:00,0.247,7.9
2025-12-23 21:00:00,0.25,7.9
2025-12-23 22:00:00,0.251,7.9
2025-12-23 23:00:00,0.252,7.9
2025-12-24 00:00:00,0.252,7.9
2025-12-24 01:00:00,0.252,7.9
2025-12-24 02:00:00,0.252,7.9
2025-12-24 03:00:00,0.251,7.9
2025-12-24 04:00:00,0.251,8
2025-12-24 05:00:00,0.251,8
2025-12-24 06:00:00,0.25,8
2025-12-24 07:00:00,0.25,8
2025-12-24 08:00:00,0.249,8
2025-12-24 09:00:00,0.249,7.9
2025-12-24 10:00:00,0.248,7.8
2025-12-24 11:00:00,0.248,7.7
2025-12-24 12:00:00,0.247,7.6
2025-12-24 13:00:00,0.247,7.5
2025-12-24 14:00:00,0.247,7.4
2025-12-24 15:00:00,0.246,7.3
2025-12-24 16:00:00,0.246,7.2
2025-12-24 17:00:00,0.245,7.1
2025-12-24 18:00:00,0.245,7
2025-12-24 19:00:00,0.245,6.8
2025-12-24 20:00:00,0.244,6.7
2025-12-24 21:00:00,0.244,6.5
2025-12-24 22:00:00,0.244,6.4
2025-12-24 23:00:00,0.243,6.3
2025-12-25 00:00:00,0.243,6.2
2025-12-25 01:00:00,0.242,6.2
2025-12-25 02:00:00,0.242,6.2
2025-12-25 03:00:00,0.241,6.3
2025-12-25 04:00:00,0.241,6.4
2025-12-25 05:00:00,0.239,6.4
2025-12-25 06:00:00,0.239,6.4
2025-12-25 07:00:00,0.239,6.4
2025-12-25 08:00:00,0.242,6.3
2025-12-25 09:00:00,0.242,6.1
2025-12-25 10:00:00,0.242,6
2025-12-25 11:00:00,0.242,5.8
2025-12-25 12:00:00,0.242,5.6
2025-12-25 13:00:00,0.242,5.4
2025-12-25 14:00:00,0.242,5.3
2025-12-25 15:00:00,0.241,5.2
2025-12-25 16:00:00,0.241,5.1
2025-12-25 17:00:00,0.24,5
2025-12-25 18:00:00,0.24,5
2025-12-25 19:00:00,0.24,4.9
2025-12-25 20:00:00,0.24,4.9
2025-12-25 21:00:00,0.239,4.9
2025-12-25 22:00:00,0.238,4.8
2025-12-25 23:00:00,0.238,4.8
2025-12-26 00:00:00,0.238,4.7
2025-12-26 01:00:00,0.237,4.7
2025-12-26 02:00:00,0.236,4.7
2025-12-26 03:00:00,0.236,4.6
2025-12-26 04:00:00,0.236,4.6
2025-12-26 05:00:00,0.235,4.6
2025-12-26 06:00:00,0.235,4.6
2025-12-26 07:00:00,0.235,4.6
2025-12-26 08:00:00,0.234,4.6
2025-12-26 09:00:00,0.234,4.5
2025-12-26 10:00:00,0.234,4.5
2025-12-26 11:00:00,0.234,4.5
2025-12-26 12:00:00,0.233,4.5
2025-12-26 13:00:00,0.232,4.5
2025-12-26 14:00:00,0.231,4.4
2025-12-26 15:00:00,0.23,4.4
2025-12-26 16:00:00,0.23,4.4
2025-12-26 17:00:00,0.23,4.3
2025-12-26 18:00:00,0.23,4.3
2025-12-26 19:00:00,0.23,4.3
2025-12-26 20:00:00,0.229,4.2
2025-12-26 21:00:00,0.229,4.2
2025-12-26 22:00:00,0.229,4.1
2025-12-26 23:00:00,0.228,4.1
2025-12-27 00:00:00,0.228,4
2025-12-27 01:00:00,0.228,4
2025-12-27 02:00:00,0.228,4
2025-12-27 03:00:00,0.228,4
2025-12-27 04:00:00,0.224,4
2025-12-27 05:00:00,0.224,3.9
2025-12-27 06:00:00,0.223,3.9
2025-12-27 07:00:00,0.223,4
2025-12-27 08:00:00,0.223,4
2025-12-27 09:00:00,0.222,4
2025-12-27 10:00:00,0.222,4
2025-12-27 11:00:00,0.222,4
2025-12-27 12:00:00,0.222,4
2025-12-27 13:00:00,0.221,4
2025-12-27 14:00:00,0.221,4
2025-12-27 15:00:00,0.22,4
2025-12-27 16:00:00,0.22,4
2025-12-27 17:00:00,0.219,4
2025-12-27 18:00:00,0.219,4
2025-12-27 19:00:00,0.219,4
2025-12-27 20:00:00,0.219,4
2025-12-27 21:00:00,0.218,4
2025-12-27 22:00:00,0.218,3.9
2025-12-27 23:00:00,0.218,3.9
2025-12-28 00:00:00,0.218,3.9
2025-12-28 01:00:00,0.218,3.9
2025-12-28 02:00:00,0.217,3.9
2025-12-28 03:00:00,0.217,3.9
2025-12-28 04:00:00,0.217,4
2025-12-28 05:00:00,0.217,4
2025-12-28 06:00:00,0.216,4.1
2025-12-28 07:00:00,0.216,4.3
2025-12-28 08:00:00,0.215,4.5
2025-12-28 09:00:00,0.215,4.7
2025-12-28 10:00:00,0.215,4.9
2025-12-28 11:00:00,0.215,5.1
2025-12-28 12:00:00,0.215,5.2
2025-12-28 13:00:00,0.215,5.3
2025-12-28 14:00:00,0.215,5.3
2025-12-28 15:00:00,0.215,5.4
2025-12-28 16:00:00,0.215,5.3
2025-12-28 17:00:00,0.215,5.3
2025-12-28 18:00:00,0.215,5.2
2025-12-28 19:00:00,0.215,5.1
2025-12-28 20:00:00,0.215,5.1
2025-12-28 21:00:00,0.215,5
2025-12-28 22:00:00,0.215,4.9
2025-12-28 23:00:00,0.215,4.8
2025-12-29 00:00:00,0.215,4.8
2025-12-29 01:00:00,0.215,4.8
2025-12-29 02:00:00,0.215,4.8
2025-12-29 03:00:00,0.215,5
2025-12-29 04:00:00,0.215,5.4
2025-12-29 05:00:00,0.214,5.7
2025-12-29 06:00:00,0.214,6.2
2025-12-29 07:00:00,0.214,6.5
2025-12-29 08:00:00,0.213,6.7
2025-12-29 09:00:00,0.213,6.9
2025-12-29 10:00:00,0.213,6.9
2025-12-29 11:00:00,0.213,6.9
2025-12-29 12:00:00,0.213,6.8
2025-12-29 13:00:00,0.213,6.8
2025-12-29 14:00:00,0.213,6.6
2025-12-29 15:00:00,0.213,6.5
2025-12-29 16:00:00,0.213,6.4
2025-12-29 17:00:00,0.213,6.3
2025-12-29 18:00:00,0.213,6.1
2025-12-29 19:00:00,0.212,6
2025-12-29 20:00:00,0.212,5.8
2025-12-29 21:00:00,0.212,5.7
2025-12-29 22:00:00,0.212,5.5
2025-12-29 23:00:00,0.212,5.4
2025-12-30 00:00:00,0.212,5.3
2025-12-30 01:00:00,0.212,5.3
2025-12-30 02:00:00,0.212,5.2
2025-12-30 03:00:00,0.211,5.2
2025-12-30 04:00:00,0.211,5.2
2025-12-30 05:00:00,0.211,5.2
2025-12-30 06:00:00,0.211,5.2
2025-12-30 07:00:00,0.21,5.3
2025-12-30 08:00:00,0.21,5.4
2025-12-30 09:00:00,0.21,5.4
2025-12-30 10:00:00,0.21,5.3
2025-12-30 11:00:00,0.21,5.2
2025-12-30 12:00:00,0.21,5.1
2025-12-30 13:00:00,0.209,5
2025-12-30 14:00:00,0.209,4.9
2025-12-30 15:00:00,0.209,4.8
2025-12-30 16:00:00,0.209,4.7
2025-12-30 17:00:00,0.209,4.6
2025-12-30 18:00:00,0.209,4.6
2025-12-30 19:00:00,0.209,4.5
2025-12-30 20:00:00,0.208,4.4
2025-12-30 21:00:00,0.208,4.4
2025-12-30 22:00:00,0.208,4.4
2025-12-30 23:00:00,0.208,4.3
2025-12-31 00:00:00,0.208,4.3
2025-12-31 01:00:00,0.208,4.3
2025-12-31 02:00:00,0.207,4.3
2025-12-31 03:00:00,0.207,4.3
2025-12-31 04:00:00,0.207,4.3
2025-12-31 05:00:00,0.207,4.3
2025-12-31 06:00:00,0.207,4.3
2025-12-31 07:00:00,0.206,4.3
2025-12-31 08:00:00,0.206,4.3
2025-12-31 09:00:00,0.206,4.2
2025-12-31 10:00:00,0.206,4.2
2025-12-31 11:00:00,0.206,4.2
2025-12-31 12:00:00,0.205,4.1
2025-12-31 13:00:00,0.205,4.1
2025-12-31 14:00:00,0.205,4
2025-12-31 15:00:00,0.205,4
2025-12-31 16:00:00,0.205,3.9
2025-12-31 17:00:00,0.205,3.9
2025-12-31 18:00:00,0.205,3.8
2025-12-31 19:00:00,0.205,3.8
2025-12-31 20:00:00,0.204,3.7
2025-12-31 21:00:00,0.204,3.7
2025-12-31 22:00:00,0.204,3.6
2025-12-31 23:00:00,0.204,3.6
2026-01-01 00:00:00,0.204,3.5
2026-01-01 01:00:00,0.204,3.4
2026-01-01 02:00:00,0.204,3.4
2026-01-01 03:00:00,0.204,3.4
2026-01-01 04:00:00,0.203,3.4
2026-01-01 05:00:00,0.203,3.4
2026-01-01 06:00:00,0.203,3.3
2026-01-01 07:00:00,0.203,3.3
2026-01-01 08:00:00,0.203,3.3
2026-01-01 09:00:00,0.203,3.3
2026-01-01 10:00:00,0.203,3.3
2026-01-01 11:00:00,0.202,3.3
2026-01-01 12:00:00,0.202,3.3
2026-01-01 13:00:00,0.202,3.3
2026-01-01 14:00:00,0.202,3.3
2026-01-01 15:00:00,0.202,3.3
2026-01-01 16:00:00,0.202,3.3
2026-01-01 17:00:00,0.202,3.3
2026-01-01 18:00:00,0.201,3.3
2026-01-01 19:00:00,0.201,3.2
2026-01-01 20:00:00,0.201,3.2
2026-01-01 21:00:00,0.201,3.2
2026-01-01 22:00:00,0.201,3.2
2026-01-01 23:00:00,0.201,3.2
2026-01-02 00:00:00,0.2,3.2
2026-01-02 01:00:00,0.2,3.2
2026-01-02 02:00:00,0.2,3.2
2026-01-02 03:00:00,0.2,3.2
2026-01-02 04:00:00,0.2,3.2
2026-01-02 05:00:00,0.2,3.2
2026-01-02 06:00:00,0.2,3.2
2026-01-02 07:00:00,0.199,3.3
2026-01-02 08:00:00,0.199,3.3
2026-01-02 09:00:00,0.199,3.3
2026-01-02 10:00:00,0.199,3.3
2026-01-02 11:00:00,0.199,3.3
2026-01-02 12:00:00,0.199,3.3
2026-01-02 13:00:00,0.198,3.3
2026-01-02 14:00:00,0.198,3.3
2026-01-02 15:00:00,0.198,3.4
2026-01-02 16:00:00,0.198,3.4
2026-01-02 17:00:00,0.198,3.4
2026-01-02 18:00:00,0.198,3.5
2026-01-02 19:00:00,0.198,3.5
2026-01-02 20:00:00,0.197,3.5
2026-01-02 21:00:00,0.197,3.5
2026-01-02 22:00:00,0.197,3.6
2026-01-02 23:00:00,0.197,3.6
2026-01-03 00:00:00,0.197,3.6
2026-01-03 01:00:00,0.197,3.6
2026-01-03 02:00:00,0.197,3.6
2026-01-03 03:00:00,0.196,3.7
2026-01-03 04:00:00,0.196,3.7
2026-01-03 05:00:00,0.196,3.7
2026-01-03 06:00:00,0.196,3.7
2026-01-03 07:00:00,0.196,3.8
2026-01-03 08:00:00,0.196,3.8
2026-01-03 09:00:00,0.195,3.8
2026-01-03 10:00:00,0.195,3.8
2026-01-03 11:00:00,0.195,3.9
2026-01-03 12:00:00,0.195,3.9
2026-01-03 13:00:00,0.195,3.9
2026-01-03 14:00:00,0.195,3.9
2026-01-03 15:00:00,0.195,3.9
2026-01-03 16:00:00,0.195,3.9
2026-01-03 17:00:00,0.194,3.9
2026-01-03 18:00:00,0.194,3.8
2026-01-03 19:00:00,0.194,3.8
2026-01-03 20:00:00,0.194,3.8
2026-01-03 21:00:00,0.194,3.8
2026-01-03 22:00:00,0.194,3.8
2026-01-03 23:00:00,0.194,3.9
2026-01-04 00:00:00,0.194,3.9
2026-01-04 01:00:00,0.194,3.9
2026-01-04 02:00:00,0.193,3.9
2026-01-04 03:00:00,0.193,3.9
2026-01-04 04:00:00,0.193,3.9
2026-01-04 05:00:00,0.193,4
2026-01-04 06:00:00,0.193,4
2026-01-04 07:00:00,0.193,4.1
2026-01-04 08:00:00,0.194,4.1
2026-01-04 09:00:00,0.194,4.2
2026-01-04 10:00:00,0.195,4.2
2026-01-04 11:00:00,0.196,4.2
2026-01-04 12:00:00,0.197,4.2
2026-01-04 13:00:00,0.197,4.2
2026-01-04 14:00:00,0.198,4.2
2026-01-04 15:00:00,0.199,4.2
2026-01-04 16:00:00,0.2,4.2
2026-01-04 17:00:00,0.2,4.2
2026-01-04 18:00:00,0.201,4.2
2026-01-04 19:00:00,0.201,4.2
2026-01-04 20:00:00,0.202,4.2
2026-01-04 21:00:00,0.202,4.2
2026-01-04 22:00:00,0.203,4.2
2026-01-04 23:00:00,0.203,4.2
2026-01-05 00:00:00,0.203,4.2
2026-01-05 01:00:00,0.204,4.2
2026-01-05 02:00:00,0.204,4.3
2026-01-05 03:00:00,0.204,4.4
2026-01-05 04:00:00,0.204,4.6
2026-01-05 05:00:00,0.204,4.8
2026-01-05 06:00:00,0.204,5
2026-01-05 07:00:00,0.205,5.1
2026-01-05 08:00:00,0.205,5.1
2026-01-05 09:00:00,0.205,5
2026-01-05 10:00:00,0.206,4.9
2026-01-05 11:00:00,0.206,4.7
2026-01-05 12:00:00,0.206,4.6
2026-01-05 13:00:00,0.206,4.4
2026-01-05 14:00:00,0.206,4.3
2026-01-05 15:00:00,0.207,4.2
2026-01-05 16:00:00,0.207,4.2
2026-01-05 17:00:00,0.207,4.1
2026-01-05 18:00:00,0.207,4
2026-01-05 19:00:00,0.207,3.9
2026-01-05 20:00:00,0.207,3.8
2026-01-05 21:00:00,0.207,3.8
2026-01-05 22:00:00,0.207,3.7
2026-01-05 23:00:00,0.207,3.7
2026-01-06 00:00:00,0.207,3.6
2026-01-06 01:00:00,0.207,3.5
2026-01-06 02:00:00,0.207,3.5
2026-01-06 03:00:00,0.207,3.5
2026-01-06 04:00:00,0.207,3.4
2026-01-06 05:00:00,0.207,3.4
2026-01-06 06:00:00,0.207,3.4
2026-01-06 07:00:00,0.207,3.4
2026-01-06 08:00:00,0.207,3.4
2026-01-06 09:00:00,0.207,3.4
2026-01-06 10:00:00,0.207,3.4
2026-01-06 11:00:00,0.207,3.4
2026-01-06 12:00:00,0.207,3.4
2026-01-06 13:00:00,0.207,3.4
2026-01-06 14:00:00,0.207,3.4
2026-01-06 15:00:00,0.207,3.4
2026-01-06 16:00:00,0.207,3.4
2026-01-06 17:00:00,0.207,3.4
2026-01-06 18:00:00,0.206,3.4
2026-01-06 19:00:00,0.206,3.4
2026-01-06 20:00:00,0.206,3.4
2026-01-06 21:00:00,0.206,3.4
2026-01-06 22:00:00,0.206,3.3
2026-01-06 23:00:00,0.206,3.3
2026-01-07 00:00:00,0.206,3.3
2026-01-07 01:00:00,0.206,3.3
2026-01-07 02:00:00,0.206,3.3
2026-01-07 03:00:00,0.206,3.3
2026-01-07 04:00:00,0.206,3.3
2026-01-07 05:00:00,0.206,3.4
2026-01-07 06:00:00,0.205,3.5
2026-01-07 07:00:00,0.205,3.7
2026-01-07 08:00:00,0.205,3.8
2026-01-07 09:00:00,0.204,3.9
2026-01-07 10:00:00,0.204,3.9
2026-01-07 11:00:00,0.204,3.9
2026-01-07 12:00:00,0.204,3.8
2026-01-07 13:00:00,0.204,3.8
2026-01-07 14:00:00,0.204,3.8
2026-01-07 15:00:00,0.204,3.8
2026-01-07 16:00:00,0.204,3.8
2026-01-07 17:00:00,0.204,3.8
2026-01-07 18:00:00,0.204,3.8
2026-01-07 19:00:00,0.204,3.8
2026-01-07 20:00:00,0.204,3.8
2026-01-07 21:00:00,0.204,3.7
2026-01-07 22:00:00,0.203,3.7
2026-01-07 23:00:00,0.203,3.7
2026-01-08 00:00:00,0.203,3.6
2026-01-08 01:00:00,0.203,3.6
2026-01-08 02:00:00,0.203,3.5
2026-01-08 03:00:00,0.203,3.5
2026-01-08 04:00:00,0.203,3.5
2026-01-08 05:00:00,0.203,3.4
2026-01-08 06:00:00,0.187,3.5
2026-01-08 07:00:00,0.183,3.5
2026-01-08 08:00:00,0.183,3.5
2026-01-08 09:00:00,0.183,3.5
2026-01-08 10:00:00,0.183,3.4
2026-01-08 11:00:00,0.183,3.4
2026-01-08 12:00:00,0.183,3.4
2026-01-08 13:00:00,0.183,3.4
2026-01-08 14:00:00,0.183,3.3
2026-01-08 15:00:00,0.183,3.3
2026-01-08 16:00:00,0.183,3.3
2026-01-08 17:00:00,0.183,3.3
2026-01-08 18:00:00,0.183,3.2
2026-01-08 19:00:00,0.183,3.2
2026-01-08 20:00:00,0.183,3.2
2026-01-08 21:00:00,0.182,3.1
2026-01-08 22:00:00,0.182,3.1
2026-01-08 23:00:00,0.182,3.1
2026-01-09 00:00:00,0.182,3
2026-01-09 01:00:00,0.182,3
2026-01-09 02:00:00,0.182,3
2026-01-09 03:00:00,0.182,3
2026-01-09 04:00:00,0.182,3
2026-01-09 05:00:00,0.182,3
2026-01-09 06:00:00,0.182,3
2026-01-09 07:00:00,0.182,3.1
2026-01-09 08:00:00,0.182,3.2
2026-01-09 09:00:00,0.182,3.4
2026-01-09 10:00:00,0.181,3.5
2026-01-09 11:00:00,0.181,3.6
2026-01-09 12:00:00,0.181,3.7
2026-01-09 13:00:00,0.181,3.7
2026-01-09 14:00:00,0.181,3.7
2026-01-09 15:00:00,0.181,3.7
2026-01-09 16:00:00,0.181,3.7
2026-01-09 17:00:00,0.181,3.7
2026-01-09 18:00:00,0.181,3.7
2026-01-09 19:00:00,0.181,3.7
2026-01-09 20:00:00,0.18,3.8
2026-01-09 21:00:00,0.18,4
2026-01-09 22:00:00,0.18,4.1
2026-01-09 23:00:00,0.18,4.3
2026-01-10 00:00:00,0.18,4.5
2026-01-10 01:00:00,0.179,4.6
2026-01-10 02:00:00,0.179,4.8
2026-01-10 03:00:00,0.179,4.9
2026-01-10 04:00:00,0.179,5.1
2026-01-10 05:00:00,0.179,5.2
2026-01-10 06:00:00,0.179,5.3
2026-01-10 07:00:00,0.178,5.3
2026-01-10 08:00:00,0.178,5.2
2026-01-10 09:00:00,0.178,5.1
2026-01-10 10:00:00,0.178,5
2026-01-10 11:00:00,0.178,4.8
2026-01-10 12:00:00,0.178,4.7
2026-01-10 13:00:00,0.178,4.6
2026-01-10 14:00:00,0.178,4.4
2026-01-10 15:00:00,0.178,4.3
2026-01-10 16:00:00,0.178,4.2
2026-01-10 17:00:00,0.178,4.2
2026-01-10 18:00:00,0.178,4.1
2026-01-10 19:00:00,0.178,4
2026-01-10 20:00:00,0.178,4
2026-01-10 21:00:00,0.178,4
2026-01-10 22:00:00,0.178,3.9
2026-01-10 23:00:00,0.178,3.9
2026-01-11 00:00:00,0.178,3.9
2026-01-11 01:00:00,0.178,3.9
2026-01-11 02:00:00,0.178,3.9
2026-01-11 03:00:00,0.178,3.9
2026-01-11 04:00:00,0.177,3.9
2026-01-11 05:00:00,0.178,3.9
2026-01-11 06:00:00,0.177,3.9
2026-01-11 07:00:00,0.177,4
2026-01-11 08:00:00,0.177,4
2026-01-11 09:00:00,0.177,4
2026-01-11 10:00:00,0.177,4
2026-01-11 11:00:00,0.177,4
2026-01-11 12:00:00,0.177,4
2026-01-11 13:00:00,0.177,4
2026-01-11 14:00:00,0.177,4
2026-01-11 15:00:00,0.177,4
2026-01-11 16:00:00,0.177,4
2026-01-11 17:00:00,0.177,4
2026-01-11 18:00:00,0.177,4
2026-01-11 19:00:00,0.176,4
2026-01-11 20:00:00,0.176,4
2026-01-11 21:00:00,0.176,3.9
2026-01-11 22:00:00,0.176,3.9
2026-01-11 23:00:00,0.176,3.9
2026-01-12 00:00:00,0.176,3.9
2026-01-12 01:00:00,0.176,3.9
2026-01-12 02:00:00,0.176,3.9
2026-01-12 03:00:00,0.176,3.9
2026-01-12 04:00:00,0.176,3.9
2026-01-12 05:00:00,0.176,4
2026-01-12 06:00:00,0.176,4
2026-01-12 07:00:00,0.176,4
2026-01-12 08:00:00,0.176,4
2026-01-12 09:00:00,0.176,4
2026-01-12 10:00:00,0.175,4
2026-01-12 11:00:00,0.175,4
2026-01-12 12:00:00,0.175,4
2026-01-12 13:00:00,0.175,4.1
2026-01-12 14:00:00,0.175,4.1
2026-01-12 15:00:00,0.175,4.1
2026-01-12 16:00:00,0.175,4.1
2026-01-12 17:00:00,0.175,4.1
2026-01-12 18:00:00,0.175,4.1
2026-01-12 19:00:00,0.175,4.1
2026-01-12 20:00:00,0.175,4.1
2026-01-12 21:00:00,0.175,4.1
2026-01-12 22:00:00,0.175,4.1
2026-01-12 23:00:00,0.175,4.1
2026-01-13 00:00:00,0.175,4.1
2026-01-13 01:00:00,0.174,4.1
2026-01-13 02:00:00,0.174,4.1
2026-01-13 03:00:00,0.174,4.2
2026-01-13 04:00:00,0.174,4.2
2026-01-13 05:00:00,0.175,4.3
2026-01-13 06:00:00,0.176,4.4
2026-01-13 07:00:00,0.176,4.5
2026-01-13 08:00:00,0.177,4.6
2026-01-13 09:00:00,0.177,4.6
2026-01-13 10:00:00,0.177,4.5
2026-01-13 11:00:00,0.177,4.4
2026-01-13 12:00:00,0.178,4.3
2026-01-13 13:00:00,0.178,4.2
2026-01-13 14:00:00,0.178,4
2026-01-13 15:00:00,0.179,4
2026-01-13 16:00:00,0.179,3.9
2026-01-13 17:00:00,0.179,3.8
2026-01-13 18:00:00,0.179,3.7
2026-01-13 19:00:00,0.179,3.7
2026-01-13 20:00:00,0.18,3.6
2026-01-13 21:00:00,0.18,3.6
2026-01-13 22:00:00,0.18,3.5
2026-01-13 23:00:00,0.18,3.4
2026-01-14 00:00:00,0.18,3.4
2026-01-14 01:00:00,0.18,3.3
2026-01-14 02:00:00,0.18,3.3
2026-01-14 03:00:00,0.18,3.3
2026-01-14 04:00:00,0.18,3.3
2026-01-14 05:00:00,0.18,3.3
2026-01-14 06:00:00,0.18,3.3
2026-01-14 07:00:00,0.18,3.3
2026-01-14 08:00:00,0.18,3.4
2026-01-14 09:00:00,0.18,3.5
2026-01-14 10:00:00,0.18,3.6
2026-01-14 11:00:00,0.18,3.6
2026-01-14 12:00:00,0.18,3.7
2026-01-14 13:00:00,0.18,3.7
2026-01-14 14:00:00,0.18,3.8
2026-01-14 15:00:00,0.18,3.8
2026-01-14 16:00:00,0.18,3.9
2026-01-14 17:00:00,0.18,4
2026-01-14 18:00:00,0.18,4
2026-01-14 19:00:00,0.18,4.1
2026-01-14 20:00:00,0.18,4.2
2026-01-14 21:00:00,0.18,4.3
2026-01-14 22:00:00,0.18,4.5
2026-01-14 23:00:00,0.179,4.7
2026-01-15 00:00:00,0.179,4.9
2026-01-15 01:00:00,0.179,5.1
2026-01-15 02:00:00,0.179,5.4
2026-01-15 03:00:00,0.179,5.7
2026-01-15 04:00:00,0.179,6.1
2026-01-15 05:00:00,0.179,6.4
2026-01-15 06:00:00,0.179,6.8
2026-01-15 07:00:00,0.179,7
2026-01-15 08:00:00,0.178,7.1
2026-01-15 09:00:00,0.178,7.1
2026-01-15 10:00:00,0.179,7
2026-01-15 11:00:00,0.179,6.9
2026-01-15 12:00:00,0.179,6.6
2026-01-15 13:00:00,0.179,6.4
2026-01-15 14:00:00,0.179,6.2
2026-01-15 15:00:00,0.179,6
2026-01-15 16:00:00,0.179,5.8
2026-01-15 17:00:00,0.179,5.6
2026-01-15 18:00:00,0.179,5.4
2026-01-15 19:00:00,0.179,5.3
2026-01-15 20:00:00,0.18,5.2
2026-01-15 21:00:00,0.18,5.1
2026-01-15 22:00:00,0.18,5
2026-01-15 23:00:00,0.18,4.9
2026-01-16 00:00:00,0.18,4.8
2026-01-16 01:00:00,0.18,4.8
2026-01-16 02:00:00,0.18,4.9
2026-01-16 03:00:00,0.18,5
2026-01-16 04:00:00,0.179,5.2
2026-01-16 05:00:00,0.179,5.4
2026-01-16 06:00:00,0.179,5.7
2026-01-16 07:00:00,0.179,6
2026-01-16 08:00:00,0.179,6.2
2026-01-16 09:00:00,0.179,6.2
2026-01-16 10:00:00,0.179,6.2
2026-01-16 11:00:00,0.179,6
2026-01-16 12:00:00,0.179,5.9
2026-01-16 13:00:00,0.179,5.7
2026-01-16 14:00:00,0.179,5.5
2026-01-16 15:00:00,0.179,5.3
2026-01-16 16:00:00,0.179,5.2
2026-01-16 17:00:00,0.179,5
2026-01-16 18:00:00,0.179,4.9
2026-01-16 19:00:00,0.179,4.8
2026-01-16 20:00:00,0.179,4.8
2026-01-16 21:00:00,0.179,4.8
2026-01-16 22:00:00,0.179,4.8
2026-01-16 23:00:00,0.179,4.8
2026-01-17 00:00:00,0.179,4.9
2026-01-17 01:00:00,0.179,5
2026-01-17 02:00:00,0.179,5.1
2026-01-17 03:00:00,0.178,5.3
2026-01-17 04:00:00,0.178,5.4
2026-01-17 05:00:00,0.178,5.6
2026-01-17 06:00:00,0.178,5.8
2026-01-17 07:00:00,0.178,6
2026-01-17 08:00:00,0.178,6
2026-01-17 09:00:00,0.178,6
2026-01-17 10:00:00,0.178,5.9
2026-01-17 11:00:00,0.178,5.7
2026-01-17 12:00:00,0.178,5.5
2026-01-17 13:00:00,0.178,5.3
2026-01-17 14:00:00,0.178,5.2
2026-01-17 15:00:00,0.178,5
2026-01-17 16:00:00,0.178,4.8
2026-01-17 17:00:00,0.178,4.7
2026-01-17 18:00:00,0.178,4.5
2026-01-17 19:00:00,0.178,4.4
2026-01-17 20:00:00,0.178,4.3
2026-01-17 21:00:00,0.178,4.2
2026-01-17 22:00:00,0.178,4.1
2026-01-17 23:00:00,0.178,4.1
2026-01-18 00:00:00,0.178,4
2026-01-18 01:00:00,0.178,3.9
2026-01-18 02:00:00,0.178,3.9
2026-01-18 03:00:00,0.178,3.9
2026-01-18 04:00:00,0.178,4
2026-01-18 05:00:00,0.177,4.3
2026-01-18 06:00:00,0.177,4.7
2026-01-18 07:00:00,0.177,5.1
2026-01-18 08:00:00,0.177,5.4
2026-01-18 09:00:00,0.177,5.5
2026-01-18 10:00:00,0.176,5.5
2026-01-18 11:00:00,0.177,5.5
2026-01-18 12:00:00,0.176,5.4
2026-01-18 13:00:00,0.176,5.3
2026-01-18 14:00:00,0.176,5.2
2026-01-18 15:00:00,0.176,5.1
2026-01-18 16:00:00,0.176,5
2026-01-18 17:00:00,0.176,5
2026-01-18 18:00:00,0.176,4.9
2026-01-18 19:00:00,0.176,4.8
2026-01-18 20:00:00,0.176,4.8
2026-01-18 21:00:00,0.176,4.8
2026-01-18 22:00:00,0.176,4.8
2026-01-18 23:00:00,0.176,4.8
2026-01-19 00:00:00,0.176,4.8
2026-01-19 01:00:00,0.176,4.8
2026-01-19 02:00:00,0.176,4.8
2026-01-19 03:00:00,0.176,4.9
2026-01-19 04:00:00,0.176,4.9
2026-01-19 05:00:00,0.176,5
2026-01-19 06:00:00,0.175,5
2026-01-19 07:00:00,0.175,4.9
2026-01-19 08:00:00,0.175,4.9
2026-01-19 09:00:00,0.175,4.7
2026-01-19 10:00:00,0.175,4.6
2026-01-19 11:00:00,0.175,4.5
2026-01-19 12:00:00,0.175,4.3
2026-01-19 13:00:00,0.175,4.2
2026-01-19 14:00:00,0.175,4.1
2026-01-19 15:00:00,0.175,4
2026-01-19 16:00:00,0.175,3.9
2026-01-19 17:00:00,0.175,3.9
2026-01-19 18:00:00,0.175,3.8
2026-01-19 19:00:00,0.175,3.7
2026-01-19 20:00:00,0.175,3.7
2026-01-19 21:00:00,0.175,3.6
2026-01-19 22:00:00,0.175,3.5
2026-01-19 23:00:00,0.175,3.5
2026-01-20 00:00:00,0.175,3.4
2026-01-20 01:00:00,0.175,3.4
2026-01-20 02:00:00,0.175,3.3
2026-01-20 03:00:00,0.175,3.3
2026-01-20 04:00:00,0.175,3.3
2026-01-20 05:00:00,0.175,3.2
2026-01-20 06:00:00,0.175,3.2
2026-01-20 07:00:00,0.175,3.2
2026-01-20 08:00:00,0.174,3.2
2026-01-20 09:00:00,0.174,3.2
2026-01-20 10:00:00,0.174,3.2
2026-01-20 11:00:00,0.174,3.2
2026-01-20 12:00:00,0.174,3.2
2026-01-20 13:00:00,0.174,3.1
2026-01-20 14:00:00,0.174,3.1
2026-01-20 15:00:00,0.174,3.1
2026-01-20 16:00:00,0.174,3
2026-01-20 17:00:00,0.174,3
2026-01-20 18:00:00,0.174,3
2026-01-20 19:00:00,0.174,2.9
2026-01-20 20:00:00,0.174,2.9
2026-01-20 21:00:00,0.174,2.9
2026-01-20 22:00:00,0.174,2.9
2026-01-20 23:00:00,0.174,2.9
2026-01-21 00:00:00,0.174,2.9
2026-01-21 01:00:00,0.173,2.9
2026-01-21 02:00:00,0.173,2.8
2026-01-21 03:00:00,0.173,2.8
2026-01-21 04:00:00,0.173,2.8
2026-01-21 05:00:00,0.173,2.8
2026-01-21 06:00:00,0.173,2.8
2026-01-21 07:00:00,0.173,2.9
2026-01-21 08:00:00,0.173,2.9
2026-01-21 09:00:00,0.173,2.9
2026-01-21 10:00:00,0.173,2.9
2026-01-21 11:00:00,0.173,2.9
2026-01-21 12:00:00,0.173,2.9
2026-01-21 13:00:00,0.173,2.9
2026-01-21 14:00:00,0.173,2.9
2026-01-21 15:00:00,0.173,3
2026-01-21 16:00:00,0.173,3
2026-01-21 17:00:00,0.173,3
2026-01-21 18:00:00,0.172,3
2026-01-21 19:00:00,0.172,3
2026-01-21 20:00:00,0.172,3
2026-01-21 21:00:00,0.172,3
2026-01-21 22:00:00,0.172,3
2026-01-21 23:00:00,0.172,3
2026-01-22 00:00:00,0.172,3
2026-01-22 01:00:00,0.172,3
2026-01-22 02:00:00,0.172,3.1
2026-01-22 03:00:00,0.172,3.1
2026-01-22 04:00:00,0.172,3.1
2026-01-22 05:00:00,0.172,3.1
2026-01-22 06:00:00,0.172,3.1
2026-01-22 07:00:00,0.172,3.1
2026-01-22 08:00:00,0.172,3.1
2026-01-22 09:00:00,0.171,3.1
2026-01-22 10:00:00,0.171,3.1
2026-01-22 11:00:00,0.171,3.2
2026-01-22 12:00:00,0.171,3.2
2026-01-22 13:00:00,0.171,3.2
2026-01-22 14:00:00,0.171,3.2
2026-01-22 15:00:00,0.171,3.2
2026-01-22 16:00:00,0.171,3.2
2026-01-22 17:00:00,0.171,3.2
2026-01-22 18:00:00,0.171,3.2
2026-01-22 19:00:00,0.171,3.2
2026-01-22 20:00:00,0.171,3.2
2026-01-22 21:00:00,0.171,3.2
2026-01-22 22:00:00,0.171,3.2
2026-01-22 23:00:00,0.171,3.2
2026-01-23 00:00:00,0.171,3.2
2026-01-23 01:00:00,0.171,3.2
2026-01-23 02:00:00,0.17,3.2
2026-01-23 03:00:00,0.17,3.2
2026-01-23 04:00:00,0.17,3.3
2026-01-23 05:00:00,0.17,3.3
2026-01-23 06:00:00,0.17,3.3
2026-01-23 07:00:00,0.17,3.3
2026-01-23 08:00:00,0.17,3.4
2026-01-23 09:00:00,0.17,3.4
2026-01-23 10:00:00,0.17,3.4
2026-01-23 11:00:00,0.17,3.4
2026-01-23 12:00:00,0.17,3.5
2026-01-23 13:00:00,0.17,3.5
2026-01-23 14:00:00,0.17,3.5
2026-01-23 15:00:00,0.17,3.5
2026-01-23 16:00:00,0.169,3.5
2026-01-23 17:00:00,0.169,3.5
2026-01-23 18:00:00,0.169,3.5
2026-01-23 19:00:00,0.169,3.5
2026-01-23 20:00:00,0.169,3.5
2026-01-23 21:00:00,0.169,3.4
2026-01-23 22:00:00,0.169,3.4
2026-01-23 23:00:00,0.169,3.4
2026-01-24 00:00:00,0.169,3.4
2026-01-24 01:00:00,0.169,3.4
2026-01-24 02:00:00,0.169,3.4
2026-01-24 03:00:00,0.169,3.4
2026-01-24 04:00:00,0.169,3.4
2026-01-24 05:00:00,0.169,3.5
2026-01-24 06:00:00,0.169,3.5
2026-01-24 07:00:00,0.169,3.6
2026-01-24 08:00:00,0.169,3.6
2026-01-24 09:00:00,0.169,3.6
2026-01-24 10:00:00,0.169,3.6
2026-01-24 11:00:00,0.169,3.6
2026-01-24 12:00:00,0.169,3.5
2026-01-24 13:00:00,0.169,3.5
2026-01-24 14:00:00,0.168,3.5
2026-01-24 15:00:00,0.168,3.4
2026-01-24 16:00:00,0.168,3.4
2026-01-24 17:00:00,0.168,3.3
2026-01-24 18:00:00,0.168,3.3
2026-01-24 19:00:00,0.168,3.3
2026-01-24 20:00:00,0.168,3.2
2026-01-24 21:00:00,0.168,3.2
2026-01-24 22:00:00,0.168,3.2
2026-01-24 23:00:00,0.168,3.2
2026-01-25 00:00:00,0.168,3.1
2026-01-25 01:00:00,0.168,3.1
2026-01-25 02:00:00,0.168,3.1
2026-01-25 03:00:00,0.168,3
2026-01-25 04:00:00,0.168,3
2026-01-25 05:00:00,0.168,3
2026-01-25 06:00:00,0.168,3
2026-01-25 07:00:00,0.168,3
2026-01-25 08:00:00,0.168,3
2026-01-25 09:00:00,0.168,3
2026-01-25 10:00:00,0.168,3
2026-01-25 11:00:00,0.168,3
2026-01-25 12:00:00,0.168,3
2026-01-25 13:00:00,0.168,3
2026-01-25 14:00:00,0.168,3
2026-01-25 15:00:00,0.168,3
2026-01-25 16:00:00,0.167,2.9
2026-01-25 17:00:00,0.167,2.9
2026-01-25 18:00:00,0.167,2.9
2026-01-25 19:00:00,0.167,2.9
2026-01-25 20:00:00,0.167,2.8
2026-01-25 21:00:00,0.167,2.8
2026-01-25 22:00:00,0.167,2.7
2026-01-25 23:00:00,0.167,2.7
2026-01-26 00:00:00,0.167,2.7
2026-01-26 01:00:00,0.167,2.6
2026-01-26 02:00:00,0.167,2.6
2026-01-26 03:00:00,0.167,2.6
2026-01-26 04:00:00,0.167,2.6
2026-01-26 05:00:00,0.167,2.6
2026-01-26 06:00:00,0.167,2.6
2026-01-26 07:00:00,0.167,2.6
2026-01-26 08:00:00,0.167,2.6
2026-01-26 09:00:00,0.167,2.6
2026-01-26 10:00:00,0.167,2.6
2026-01-26 11:00:00,0.167,2.6
2026-01-26 12:00:00,0.167,2.7
2026-01-26 13:00:00,0.167,2.7
2026-01-26 14:00:00,0.167,2.7
2026-01-26 15:00:00,0.167,2.7
2026-01-26 16:00:00,0.166,2.8
2026-01-26 17:00:00,0.166,2.8
2026-01-26 18:00:00,0.166,2.8
2026-01-26 19:00:00,0.166,2.8
2026-01-26 20:00:00,0.166,2.8
2026-01-26 21:00:00,0.166,2.8
2026-01-26 22:00:00,0.166,2.8
2026-01-26 23:00:00,0.166,2.8
2026-01-27 00:00:00,0.166,2.9
2026-01-27 01:00:00,0.166,2.9
2026-01-27 02:00:00,0.166,2.9
2026-01-27 03:00:00,0.166,2.9
2026-01-27 04:00:00,0.166,2.9
2026-01-27 05:00:00,0.166,2.9
2026-01-27 06:00:00,0.166,2.9
2026-01-27 07:00:00,0.166,3
2026-01-27 08:00:00,0.166,3
2026-01-27 09:00:00,0.166,3
2026-01-27 10:00:00,0.165,3
2026-01-27 11:00:00,0.165,3
2026-01-27 12:00:00,0.165,3
2026-01-27 13:00:00,0.165,3
2026-01-27 14:00:00,0.165,3
2026-01-27 15:00:00,0.165,3
2026-01-27 16:00:00,0.165,3
2026-01-27 17:00:00,0.165,2.9
2026-01-27 18:00:00,0.165,2.9
2026-01-27 19:00:00,0.165,2.9
2026-01-27 20:00:00,0.165,2.8
2026-01-27 21:00:00,0.165,2.8
2026-01-27 22:00:00,0.165,2.8
2026-01-27 23:00:00,0.165,2.8
2026-01-28 00:00:00,0.165,2.7
2026-01-28 01:00:00,0.165,2.7
2026-01-28 02:00:00,0.165,2.7
2026-01-28 03:00:00,0.165,2.7
2026-01-28 04:00:00,0.165,2.6
2026-01-28 05:00:00,0.165,2.6
2026-01-28 06:00:00,0.165,2.6
2026-01-28 07:00:00,0.165,2.6
2026-01-28 08:00:00,0.165,2.6
2026-01-28 09:00:00,0.165,2.6
2026-01-28 10:00:00,0.164,2.6
2026-01-28 11:00:00,0.164,2.6
2026-01-28 12:00:00,0.164,2.6
2026-01-28 13:00:00,0.164,2.6
2026-01-28 14:00:00,0.164,2.6
2026-01-28 15:00:00,0.164,2.6
2026-01-28 16:00:00,0.164,2.6
2026-01-28 17:00:00,0.164,2.5
2026-01-28 18:00:00,0.164,2.5
2026-01-28 19:00:00,0.164,2.5
2026-01-28 20:00:00,0.164,2.4
2026-01-28 21:00:00,0.164,2.4
2026-01-28 22:00:00,0.164,2.4
2026-01-28 23:00:00,0.164,2.3
2026-01-29 00:00:00,0.164,2.3
2026-01-29 01:00:00,0.164,2.3
2026-01-29 02:00:00,0.164,2.3
2026-01-29 03:00:00,0.164,2.3
2026-01-29 04:00:00,0.164,2.3
2026-01-29 05:00:00,0.164,2.3
2026-01-29 06:00:00,0.164,2.3
2026-01-29 07:00:00,0.164,2.3
2026-01-29 08:00:00,0.164,2.3
2026-01-29 09:00:00,0.163,2.3
2026-01-29 10:00:00,0.163,2.3
2026-01-29 11:00:00,0.163,2.3
2026-01-29 12:00:00,0.163,2.3
2026-01-29 13:00:00,0.163,2.3
2026-01-29 14:00:00,0.163,2.3
2026-01-29 15:00:00,0.163,2.3
2026-01-29 16:00:00,0.163,2.3
2026-01-29 17:00:00,0.163,2.3
2026-01-29 18:00:00,0.163,2.3
2026-01-29 19:00:00,0.163,2.3
2026-01-29 20:00:00,0.163,2.3
2026-01-29 21:00:00,0.163,2.3
2026-01-29 22:00:00,0.163,2.3
2026-01-29 23:00:00,0.163,2.3
2026-01-30 00:00:00,0.163,2.2
2026-01-30 01:00:00,0.163,2.2
2026-01-30 02:00:00,0.163,2.2
2026-01-30 03:00:00,0.163,2.2
2026-01-30 04:00:00,0.163,2.2
2026-01-30 05:00:00,0.163,2.2
2026-01-30 06:00:00,0.163,2.2
2026-01-30 07:00:00,0.163,2.2
2026-01-30 08:00:00,0.163,2.2
2026-01-30 09:00:00,0.162,2.2
2026-01-30 10:00:00,0.162,2.2
2026-01-30 11:00:00,0.162,2.3
2026-01-30 12:00:00,0.162,2.3
2026-01-30 13:00:00,0.162,2.3
2026-01-30 14:00:00,0.162,2.3
2026-01-30 15:00:00,0.162,2.3
2026-01-30 16:00:00,0.162,2.2
2026-01-30 17:00:00,0.162,2.2
2026-01-30 18:00:00,0.162,2.2
2026-01-30 19:00:00,0.162,2.2
2026-01-30 20:00:00,0.162,2.1
2026-01-30 21:00:00,0.162,2.1
2026-01-30 22:00:00,0.162,2.1
2026-01-30 23:00:00,0.162,2.1
2026-01-31 00:00:00,0.162,2
2026-01-31 01:00:00,0.162,2
2026-01-31 02:00:00,0.162,2
2026-01-31 03:00:00,0.162,2
2026-01-31 04:00:00,0.162,2
2026-01-31 05:00:00,0.162,2
2026-01-31 06:00:00,0.162,2
2026-01-31 07:00:00,0.162,2
2026-01-31 08:00:00,0.161,2
2026-01-31 09:00:00,0.162,2
2026-01-31 10:00:00,0.161,2
2026-01-31 11:00:00,0.161,2
2026-01-31 12:00:00,0.161,2
2026-01-31 13:00:00,0.161,2.1
2026-01-31 14:00:00,0.161,2.1
2026-01-31 15:00:00,0.161,2.1
2026-01-31 16:00:00,0.161,2.1
2026-01-31 17:00:00,0.161,2.1
2026-01-31 18:00:00,0.161,2.1
2026-01-31 19:00:00,0.161,2.1
2026-01-31 20:00:00,0.161,2.1
2026-01-31 21:00:00,0.161,2.1
2026-01-31 22:00:00,0.161,2.1
2026-01-31 23:00:00,0.161,2.1
2026-02-01 00:00:00,0.161,2.1
2026-02-01 01:00:00,0.161,2.1
2026-02-01 02:00:00,0.161,2.1
2026-02-01 03:00:00,0.161,2.1
2026-02-01 04:00:00,0.161,2.1
2026-02-01 05:00:00,0.161,2.1
2026-02-01 06:00:00,0.161,2.1
2026-02-01 07:00:00,0.161,2.1
2026-02-01 08:00:00,0.161,2.1
2026-02-01 09:00:00,0.161,2.1
2026-02-01 10:00:00,0.161,2.2
2026-02-01 11:00:00,0.161,2.2
2026-02-01 12:00:00,0.16,2.2
2026-02-01 13:00:00,0.16,2.2
2026-02-01 14:00:00,0.16,2.2
2026-02-01 15:00:00,0.16,2.2
2026-02-01 16:00:00,0.16,2.2
2026-02-01 17:00:00,0.16,2.2
2026-02-01 18:00:00,0.16,2.2
2026-02-01 19:00:00,0.16,2.2
2026-02-01 20:00:00,0.16,2.2
2026-02-01 21:00:00,0.16,2.2
2026-02-01 22:00:00,0.16,2.2
2026-02-01 23:00:00,0.16,2.2
2026-02-02 00:00:00,0.16,2.2
2026-02-02 01:00:00,0.16,2.2
2026-02-02 02:00:00,0.16,2.2
2026-02-02 03:00:00,0.16,2.2
2026-02-02 04:00:00,0.16,2.2
2026-02-02 05:00:00,0.16,2.2
2026-02-02 06:00:00,0.16,2.2
2026-02-02 07:00:00,0.16,2.2
2026-02-02 08:00:00,0.16,2.2
2026-02-02 09:00:00,0.16,2.2
2026-02-02 10:00:00,0.16,2.2
2026-02-02 11:00:00,0.16,2.2
2026-02-02 12:00:00,0.16,2.2
2026-02-02 13:00:00,0.16,2.2
2026-02-02 14:00:00,0.16,2.3
2026-02-02 15:00:00,0.16,2.3
2026-02-02 16:00:00,0.16,2.3
2026-02-02 17:00:00,0.159,2.3
2026-02-02 18:00:00,0.159,2.3
2026-02-02 19:00:00,0.159,2.3
2026-02-02 20:00:00,0.159,2.3
2026-02-02 21:00:00,0.159,2.3
2026-02-02 22:00:00,0.159,2.3
2026-02-02 23:00:00,0.159,2.2
2026-02-03 00:00:00,0.159,2.2
2026-02-03 01:00:00,0.159,2.2
2026-02-03 02:00:00,0.159,2.2
2026-02-03 03:00:00,0.159,2.2
2026-02-03 04:00:00,0.159,2.2
2026-02-03 05:00:00,0.159,2.2
2026-02-03 06:00:00,0.159,2.2
2026-02-03 07:00:00,0.16,2.2
2026-02-03 08:00:00,0.16,2.2
2026-02-03 09:00:00,0.16,2.3
2026-02-03 10:00:00,0.159,2.3
2026-02-03 11:00:00,0.159,2.3
2026-02-03 12:00:00,0.159,2.3
2026-02-03 13:00:00,0.159,2.3
2026-02-03 14:00:00,0.16,2.3
2026-02-03 15:00:00,0.159,2.3
2026-02-03 16:00:00,0.159,2.3
2026-02-03 17:00:00,0.159,2.3
2026-02-03 18:00:00,0.159,2.3
2026-02-03 19:00:00,0.159,2.3
2026-02-03 20:00:00,0.159,2.3
2026-02-03 21:00:00,0.159,2.3
2026-02-03 22:00:00,0.159,2.3
2026-02-03 23:00:00,0.159,2.3
2026-02-04 00:00:00,0.159,2.3
2026-02-04 01:00:00,0.159,2.3
2026-02-04 02:00:00,0.16,2.3
2026-02-04 03:00:00,0.16,2.3
2026-02-04 04:00:00,0.16,2.3
2026-02-04 05:00:00,0.16,2.4
2026-02-04 06:00:00,0.16,2.4
2026-02-04 07:00:00,0.159,2.5
2026-02-04 08:00:00,0.159,2.6
2026-02-04 09:00:00,0.159,2.7
2026-02-04 10:00:00,0.159,2.8
2026-02-04 11:00:00,0.159,2.8
2026-02-04 12:00:00,0.159,2.8
2026-02-04 13:00:00,0.159,2.8
2026-02-04 14:00:00,0.159,2.8
2026-02-04 15:00:00,0.159,2.8
2026-02-04 16:00:00,0.159,2.8
2026-02-04 17:00:00,0.159,2.8
2026-02-04 18:00:00,0.159,2.9
2026-02-04 19:00:00,0.159,2.9
2026-02-04 20:00:00,0.159,2.9
2026-02-04 21:00:00,0.159,2.9
2026-02-04 22:00:00,0.159,2.9
2026-02-04 23:00:00,0.159,2.9
2026-02-05 00:00:00,0.159,3
2026-02-05 01:00:00,0.159,3.1
2026-02-05 02:00:00,0.159,3.3
2026-02-05 03:00:00,0.159,3.7
2026-02-05 04:00:00,0.159,4.1
2026-02-05 05:00:00,0.158,4.6
2026-02-05 06:00:00,0.158,5
2026-02-05 07:00:00,0.158,5.4
2026-02-05 08:00:00,0.158,5.6
2026-02-05 09:00:00,0.158,5.7
2026-02-05 10:00:00,0.158,5.7
2026-02-05 11:00:00,0.159,5.6
2026-02-05 12:00:00,0.159,5.5
2026-02-05 13:00:00,0.159,5.4
2026-02-05 14:00:00,0.159,5.2
2026-02-05 15:00:00,0.159,5.1
2026-02-05 16:00:00,0.159,4.9
2026-02-05 17:00:00,0.159,4.8
2026-02-05 18:00:00,0.159,4.6
2026-02-05 19:00:00,0.159,4.4
2026-02-05 20:00:00,0.16,4.3
2026-02-05 21:00:00,0.16,4.1
2026-02-05 22:00:00,0.16,3.9
2026-02-05 23:00:00,0.16,3.8
2026-02-06 00:00:00,0.16,3.7
2026-02-06 01:00:00,0.16,3.6
2026-02-06 02:00:00,0.16,3.6
2026-02-06 03:00:00,0.16,3.7
2026-02-06 04:00:00,0.16,3.8
2026-02-06 05:00:00,0.16,3.9
2026-02-06 06:00:00,0.16,4.1
2026-02-06 07:00:00,0.16,4.2
2026-02-06 08:00:00,0.16,4.2
2026-02-06 09:00:00,0.16,4
2026-02-06 10:00:00,0.161,3.9
2026-02-06 11:00:00,0.161,3.7
2026-02-06 12:00:00,0.161,3.6
2026-02-06 13:00:00,0.161,3.5
2026-02-06 14:00:00,0.161,3.4
2026-02-06 15:00:00,0.161,3.3
2026-02-06 16:00:00,0.161,3.3
2026-02-06 17:00:00,0.161,3.2
2026-02-06 18:00:00,0.161,3.1
2026-02-06 19:00:00,0.162,3.1
2026-02-06 20:00:00,0.162,3
2026-02-06 21:00:00,0.162,3
2026-02-06 22:00:00,0.162,2.9
2026-02-06 23:00:00,0.162,2.9
2026-02-07 00:00:00,0.162,2.8
2026-02-07 01:00:00,0.162,2.8
2026-02-07 02:00:00,0.162,2.7
2026-02-07 03:00:00,0.162,2.7
2026-02-07 04:00:00,0.162,2.7
2026-02-07 05:00:00,0.162,2.7
2026-02-07 06:00:00,0.162,2.7
2026-02-07 07:00:00,0.162,2.7
2026-02-07 08:00:00,0.162,2.7
2026-02-07 09:00:00,0.162,2.7
2026-02-07 10:00:00,0.162,2.7
2026-02-07 11:00:00,0.162,2.7
2026-02-07 12:00:00,0.162,2.7
2026-02-07 13:00:00,0.162,2.7
2026-02-07 14:00:00,0.162,2.7
2026-02-07 15:00:00,0.162,2.6
2026-02-07 16:00:00,0.162,2.6
2026-02-07 17:00:00,0.162,2.6
2026-02-07 18:00:00,0.162,2.6
2026-02-07 19:00:00,0.162,2.6
2026-02-07 20:00:00,0.162,2.6
2026-02-07 21:00:00,0.162,2.6
2026-02-07 22:00:00,0.162,2.5
2026-02-07 23:00:00,0.162,2.5
2026-02-08 00:00:00,0.162,2.5
2026-02-08 01:00:00,0.162,2.5
2026-02-08 02:00:00,0.163,2.5
2026-02-08 03:00:00,0.163,2.5
2026-02-08 04:00:00,0.163,2.5
2026-02-08 05:00:00,0.163,2.5
2026-02-08 06:00:00,0.163,2.5
2026-02-08 07:00:00,0.163,2.5
2026-02-08 08:00:00,0.163,2.5
2026-02-08 09:00:00,0.163,2.5
2026-02-08 10:00:00,0.163,2.6
2026-02-08 11:00:00,0.163,2.6
2026-02-08 12:00:00,0.163,2.6
2026-02-08 13:00:00,0.163,2.6
2026-02-08 14:00:00,0.163,2.6
2026-02-08 15:00:00,0.163,2.6
2026-02-08 16:00:00,0.163,2.6
2026-02-08 17:00:00,0.163,2.6
2026-02-08 18:00:00,0.163,2.6
2026-02-08 19:00:00,0.163,2.6
2026-02-08 20:00:00,0.163,2.6
2026-02-08 21:00:00,0.163,2.6
2026-02-08 22:00:00,0.163,2.6
2026-02-08 23:00:00,0.163,2.6
2026-02-09 00:00:00,0.163,2.6
2026-02-09 01:00:00,0.163,2.6
2026-02-09 02:00:00,0.163,2.6
2026-02-09 03:00:00,0.163,2.6
2026-02-09 04:00:00,0.163,2.6
2026-02-09 05:00:00,0.163,2.6
2026-02-09 06:00:00,0.163,2.6
2026-02-09 07:00:00,0.163,2.6
2026-02-09 08:00:00,0.163,2.6
2026-02-09 09:00:00,0.163,2.6
2026-02-09 10:00:00,0.163,2.7
2026-02-09 11:00:00,0.163,2.7
2026-02-09 12:00:00,0.164,2.7
2026-02-09 13:00:00,0.164,2.7
2026-02-09 14:00:00,0.164,2.7
2026-02-09 15:00:00,0.164,2.6
2026-02-09 16:00:00,0.164,2.6
2026-02-09 17:00:00,0.164,2.6
2026-02-09 18:00:00,0.164,2.6
2026-02-09 19:00:00,0.164,2.6
2026-02-09 20:00:00,0.164,2.6
2026-02-09 21:00:00,0.164,2.6
2026-02-09 22:00:00,0.164,2.6
2026-02-09 23:00:00,0.164,2.6
2026-02-10 00:00:00,0.164,2.6
2026-02-10 01:00:00,0.164,2.6
2026-02-10 02:00:00,0.164,2.6
2026-02-10 03:00:00,0.164,2.6
2026-02-10 04:00:00,0.164,2.6
2026-02-10 05:00:00,0.164,2.6
2026-02-10 06:00:00,0.164,2.7
2026-02-10 07:00:00,0.164,2.7
2026-02-10 08:00:00,0.164,2.7
2026-02-10 09:00:00,0.164,2.7
2026-02-10 10:00:00,0.165,2.8
2026-02-10 11:00:00,0.165,2.8
2026-02-10 12:00:00,0.165,2.8
2026-02-10 13:00:00,0.166,2.9
2026-02-10 14:00:00,0.166,2.9
2026-02-10 15:00:00,0.166,2.9
2026-02-10 16:00:00,0.167,3
2026-02-10 17:00:00,0.167,3
2026-02-10 18:00:00,0.167,3.1
2026-02-10 19:00:00,0.168,3.1
2026-02-10 20:00:00,0.168,3.1
2026-02-10 21:00:00,0.169,3.1
2026-02-10 22:00:00,0.169,3.1
2026-02-10 23:00:00,0.169,3
2026-02-11 00:00:00,0.17,3
2026-02-11 01:00:00,0.17,3.1
2026-02-11 02:00:00,0.155,3.3
2026-02-11 03:00:00,0.149,3.5
2026-02-11 04:00:00,0.151,3.9
2026-02-11 05:00:00,0.152,4.3
2026-02-11 06:00:00,0.152,4.6
2026-02-11 07:00:00,0.152,4.8
2026-02-11 08:00:00,0.152,5
2026-02-11 09:00:00,0.153,5.1
2026-02-11 10:00:00,0.153,5.1
2026-02-11 11:00:00,0.153,4.9
2026-02-11 12:00:00,0.153,4.8
2026-02-11 13:00:00,0.153,4.6
2026-02-11 14:00:00,0.154,4.4
2026-02-11 15:00:00,0.154,4.3
2026-02-11 16:00:00,0.154,4.1
2026-02-11 17:00:00,0.154,3.9
2026-02-11 18:00:00,0.154,3.8
2026-02-11 19:00:00,0.155,3.7
2026-02-11 20:00:00,0.155,3.6
2026-02-11 21:00:00,0.155,3.5
2026-02-11 22:00:00,0.155,3.4
2026-02-11 23:00:00,0.155,3.3
2026-02-12 00:00:00,0.156,3.3
2026-02-12 01:00:00,0.156,3.2
2026-02-12 02:00:00,0.156,3.2
2026-02-12 03:00:00,0.156,3.3
2026-02-12 04:00:00,0.156,3.5
2026-02-12 05:00:00,0.156,3.8
2026-02-12 06:00:00,0.155,4.2
2026-02-12 07:00:00,0.156,4.5
2026-02-12 08:00:00,0.156,4.7
2026-02-12 09:00:00,0.156,4.8
2026-02-12 10:00:00,0.156,4.8
2026-02-12 11:00:00,0.156,4.7
2026-02-12 12:00:00,0.156,4.6
2026-02-12 13:00:00,0.156,4.4
2026-02-12 14:00:00,0.156,4.2
2026-02-12 15:00:00,0.156,4
2026-02-12 16:00:00,0.156,3.9
2026-02-12 17:00:00,0.157,3.8
2026-02-12 18:00:00,0.157,3.7
2026-02-12 19:00:00,0.157,3.6
2026-02-12 20:00:00,0.157,3.5
2026-02-12 21:00:00,0.157,3.4
2026-02-12 22:00:00,0.157,3.3
2026-02-12 23:00:00,0.157,3.2
2026-02-13 00:00:00,0.157,3.2
2026-02-13 01:00:00,0.157,3.1
2026-02-13 02:00:00,0.157,3.1
2026-02-13 03:00:00,0.158,3.2
2026-02-13 04:00:00,0.157,3.4
2026-02-13 05:00:00,0.157,3.8
2026-02-13 06:00:00,0.157,4.2
2026-02-13 07:00:00,0.157,4.6
2026-02-13 08:00:00,0.157,4.9
2026-02-13 09:00:00,0.157,5.2
2026-02-13 10:00:00,0.157,5.2
2026-02-13 11:00:00,0.157,5.2
2026-02-13 12:00:00,0.157,5
2026-02-13 13:00:00,0.157,4.9
2026-02-13 14:00:00,0.157,4.8
2026-02-13 15:00:00,0.157,4.6
2026-02-13 16:00:00,0.157,4.5
2026-02-13 17:00:00,0.157,4.3
2026-02-13 18:00:00,0.157,4.2
2026-02-13 19:00:00,0.157,4.1
2026-02-13 20:00:00,0.157,4
2026-02-13 21:00:00,0.157,3.9
2026-02-13 22:00:00,0.157,3.8
2026-02-13 23:00:00,0.157,3.7
2026-02-14 00:00:00,0.158,3.7
2026-02-14 01:00:00,0.158,3.7
2026-02-14 02:00:00,0.157,3.9
2026-02-14 03:00:00,0.157,4.2
2026-02-14 04:00:00,0.157,4.7
2026-02-14 05:00:00,0.157,5.1
2026-02-14 06:00:00,0.157,5.5
2026-02-14 07:00:00,0.157,5.9
2026-02-14 08:00:00,0.156,6.2
2026-02-14 09:00:00,0.156,6.4
2026-02-14 10:00:00,0.156,6.5
2026-02-14 11:00:00,0.156,6.5
2026-02-14 12:00:00,0.156,6.4
2026-02-14 13:00:00,0.156,6.3
2026-02-14 14:00:00,0.156,6.1
2026-02-14 15:00:00,0.157,6
2026-02-14 16:00:00,0.156,5.8
2026-02-14 17:00:00,0.157,5.7
2026-02-14 18:00:00,0.157,5.5
2026-02-14 19:00:00,0.157,5.4
2026-02-14 20:00:00,0.157,5.3
2026-02-14 21:00:00,0.157,5.2
2026-02-14 22:00:00,0.157,5.2
2026-02-14 23:00:00,0.157,5.2
2026-02-15 00:00:00,0.157,5.2
2026-02-15 01:00:00,0.156,5.2
2026-02-15 02:00:00,0.156,5.5
2026-02-15 03:00:00,0.156,5.8
2026-02-15 04:00:00,0.156,6.2
2026-02-15 05:00:00,0.156,6.5
2026-02-15 06:00:00,0.156,6.7
2026-02-15 07:00:00,0.156,6.9
2026-02-15 08:00:00,0.156,7
2026-02-15 09:00:00,0.155,7
2026-02-15 10:00:00,0.156,6.9
2026-02-15 11:00:00,0.155,6.8
2026-02-15 12:00:00,0.156,6.6
2026-02-15 13:00:00,0.156,6.3
2026-02-15 14:00:00,0.156,6.1
2026-02-15 15:00:00,0.156,5.9
2026-02-15 16:00:00,0.156,5.6
2026-02-15 17:00:00,0.156,5.4
2026-02-15 18:00:00,0.156,5.2
2026-02-15 19:00:00,0.156,5.1
2026-02-15 20:00:00,0.156,4.9
2026-02-15 21:00:00,0.156,4.8
2026-02-15 22:00:00,0.156,4.7
2026-02-15 23:00:00,0.156,4.6
2026-02-16 00:00:00,0.156,4.5
2026-02-16 01:00:00,0.156,4.5
2026-02-16 02:00:00,0.155,4.6
2026-02-16 03:00:00,0.155,4.8
2026-02-16 04:00:00,0.155,5.1
2026-02-16 05:00:00,0.155,5.3
2026-02-16 06:00:00,0.155,5.5
2026-02-16 07:00:00,0.155,5.6
2026-02-16 08:00:00,0.155,5.7
2026-02-16 09:00:00,0.155,5.7
2026-02-16 10:00:00,0.155,5.5
2026-02-16 11:00:00,0.155,5.4
2026-02-16 12:00:00,0.155,5.2
2026-02-16 13:00:00,0.155,5
2026-02-16 14:00:00,0.155,4.9
2026-02-16 15:00:00,0.155,4.7
2026-02-16 16:00:00,0.155,4.6
2026-02-16 17:00:00,0.154,4.4
2026-02-16 18:00:00,0.154,4.3
2026-02-16 19:00:00,0.154,4.2
2026-02-16 20:00:00,0.154,4.1
2026-02-16 21:00:00,0.154,4
2026-02-16 22:00:00,0.154,3.9
2026-02-16 23:00:00,0.154,3.8
2026-02-17 00:00:00,0.154,3.7
2026-02-17 01:00:00,0.154,3.6
2026-02-17 02:00:00,0.154,3.6
2026-02-17 03:00:00,0.154,3.7
2026-02-17 04:00:00,0.154,4
2026-02-17 05:00:00,0.154,4.3
2026-02-17 06:00:00,0.154,4.5
2026-02-17 07:00:00,0.153,4.7
2026-02-17 08:00:00,0.153,4.8
2026-02-17 09:00:00,0.153,4.8
2026-02-17 10:00:00,0.153,4.8
2026-02-17 11:00:00,0.153,4.7
2026-02-17 12:00:00,0.153,4.5
2026-02-17 13:00:00,0.153,4.3
2026-02-17 14:00:00,0.153,4.2
2026-02-17 15:00:00,0.153,4.1
2026-02-17 16:00:00,0.153,3.9
2026-02-17 17:00:00,0.153,3.8
2026-02-17 18:00:00,0.153,3.7
2026-02-17 19:00:00,0.153,3.6
2026-02-17 20:00:00,0.153,3.5
2026-02-17 21:00:00,0.153,3.4
2026-02-17 22:00:00,0.153,3.4
2026-02-17 23:00:00,0.153,3.3
2026-02-18 00:00:00,0.153,3.2
2026-02-18 01:00:00,0.153,3.2
2026-02-18 02:00:00,0.153,3.1
2026-02-18 03:00:00,0.153,3.2
2026-02-18 04:00:00,0.152,3.4
2026-02-18 05:00:00,0.152,3.8
2026-02-18 06:00:00,0.152,4.2
2026-02-18 07:00:00,0.152,4.5
2026-02-18 08:00:00,0.151,4.7
2026-02-18 09:00:00,0.151,4.7
2026-02-18 10:00:00,0.151,4.7
2026-02-18 11:00:00,0.151,4.5
2026-02-18 12:00:00,0.151,4.4
2026-02-18 13:00:00,0.151,4.3
2026-02-18 14:00:00,0.151,4.1
2026-02-18 15:00:00,0.151,4
2026-02-18 16:00:00,0.151,3.9
2026-02-18 17:00:00,0.151,3.8
2026-02-18 18:00:00,0.151,3.7
2026-02-18 19:00:00,0.151,3.6
2026-02-18 20:00:00,0.151,3.5
2026-02-18 21:00:00,0.151,3.4
2026-02-18 22:00:00,0.151,3.3
2026-02-18 23:00:00,0.151,3.2
2026-02-19 00:00:00,0.151,3.1
2026-02-19 01:00:00,0.151,3.1
2026-02-19 02:00:00,0.151,3
2026-02-19 03:00:00,0.151,3.1
2026-02-19 04:00:00,0.15,3.3
2026-02-19 05:00:00,0.15,3.6
2026-02-19 06:00:00,0.15,4
2026-02-19 07:00:00,0.15,4.2
2026-02-19 08:00:00,0.149,4.4
2026-02-19 09:00:00,0.149,4.5
2026-02-19 10:00:00,0.149,4.6
2026-02-19 11:00:00,0.149,4.5
2026-02-19 12:00:00,0.149,4.4
2026-02-19 13:00:00,0.149,4.3
2026-02-19 14:00:00,0.149,4.1
2026-02-19 15:00:00,0.149,4
2026-02-19 16:00:00,0.149,3.9
2026-02-19 17:00:00,0.149,3.8
2026-02-19 18:00:00,0.149,3.7
2026-02-19 19:00:00,0.149,3.6
2026-02-19 20:00:00,0.149,3.5
2026-02-19 21:00:00,0.149,3.4
2026-02-19 22:00:00,0.149,3.4
2026-02-19 23:00:00,0.149,3.3
2026-02-20 00:00:00,0.149,3.2
2026-02-20 01:00:00,0.149,3.2
2026-02-20 02:00:00,0.149,3.2
2026-02-20 03:00:00,0.148,3.6
2026-02-20 04:00:00,0.148,4
2026-02-20 05:00:00,0.148,4.5
2026-02-20 06:00:00,0.147,4.9
2026-02-20 07:00:00,0.147,5.2
2026-02-20 08:00:00,0.147,5.5
2026-02-20 09:00:00,0.147,5.6
2026-02-20 10:00:00,0.147,5.7
2026-02-20 11:00:00,0.147,5.6
2026-02-20 12:00:00,0.147,5.5
2026-02-20 13:00:00,0.147,5.3
2026-02-20 14:00:00,0.147,5.2
2026-02-20 15:00:00,0.147,5
2026-02-20 16:00:00,0.146,4.9
2026-02-20 17:00:00,0.146,4.7
2026-02-20 18:00:00,0.146,4.6
2026-02-20 19:00:00,0.146,4.5
2026-02-20 20:00:00,0.146,4.4
2026-02-20 21:00:00,0.146,4.3
2026-02-20 22:00:00,0.146,4.2
2026-02-20 23:00:00,0.146,4.1
2026-02-21 00:00:00,0.146,4
2026-02-21 01:00:00,0.146,4
2026-02-21 02:00:00,0.146,4.4
2026-02-21 03:00:00,0.146,5
2026-02-21 04:00:00,0.145,5.5
2026-02-21 05:00:00,0.145,5.9
2026-02-21 06:00:00,0.145,6.3
2026-02-21 07:00:00,0.145,6.7
2026-02-21 08:00:00,0.144,6.9
2026-02-21 09:00:00,0.144,7
2026-02-21 10:00:00,0.144,7
2026-02-21 11:00:00,0.144,7
2026-02-21 12:00:00,0.144,6.9
2026-02-21 13:00:00,0.144,6.7
2026-02-21 14:00:00,0.144,6.6
2026-02-21 15:00:00,0.144,6.5
2026-02-21 16:00:00,0.143,6.4
2026-02-21 17:00:00,0.143,6.3
2026-02-21 18:00:00,0.143,6.2
2026-02-21 19:00:00,0.143,6.1
2026-02-21 20:00:00,0.143,6.1
2026-02-21 21:00:00,0.143,6.1
2026-02-21 22:00:00,0.143,6.1
2026-02-21 23:00:00,0.143,6.2
2026-02-22 00:00:00,0.143,6.3
2026-02-22 01:00:00,0.143,6.5
2026-02-22 02:00:00,0.142,6.8
2026-02-22 03:00:00,0.142,7.1
2026-02-22 04:00:00,0.142,7.4
2026-02-22 05:00:00,0.142,7.6
2026-02-22 06:00:00,0.141,7.9
2026-02-22 07:00:00,0.141,8.1
2026-02-22 08:00:00,0.141,8.1
2026-02-22 09:00:00,0.141,8
2026-02-22 10:00:00,0.141,7.9
2026-02-22 11:00:00,0.141,7.6
2026-02-22 12:00:00,0.141,7.3
2026-02-22 13:00:00,0.141,7
2026-02-22 14:00:00,0.14,6.7
2026-02-22 15:00:00,0.14,6.4
2026-02-22 16:00:00,0.14,6.2
2026-02-22 17:00:00,0.14,5.9
2026-02-22 18:00:00,0.14,5.7
2026-02-22 19:00:00,0.14,5.5
2026-02-22 20:00:00,0.14,5.3
2026-02-22 21:00:00,0.14,5.1
2026-02-22 22:00:00,0.14,4.9
2026-02-22 23:00:00,0.14,4.8
2026-02-23 00:00:00,0.14,4.7
2026-02-23 01:00:00,0.14,4.6
2026-02-23 02:00:00,0.14,4.8
2026-02-23 03:00:00,0.14,5.2
2026-02-23 04:00:00,0.139,5.5
2026-02-23 05:00:00,0.139,5.8
2026-02-23 06:00:00,0.139,6.1
2026-02-23 07:00:00,0.139,6.3
2026-02-23 08:00:00,0.138,6.4
2026-02-23 09:00:00,0.138,6.5
2026-02-23 10:00:00,0.138,6.4
2026-02-23 11:00:00,0.138,6.2
2026-02-23 12:00:00,0.138,6
2026-02-23 13:00:00,0.138,5.8
2026-02-23 14:00:00,0.138,5.6
2026-02-23 15:00:00,0.138,5.4
2026-02-23 16:00:00,0.138,5.3
2026-02-23 17:00:00,0.138,5.2
2026-02-23 18:00:00,0.137,5.1
2026-02-23 19:00:00,0.137,5
2026-02-23 20:00:00,0.137,4.9
2026-02-23 21:00:00,0.137,4.8
2026-02-23 22:00:00,0.137,4.8
2026-02-23 23:00:00,0.137,4.8
2026-02-24 00:00:00,0.137,4.8
2026-02-24 01:00:00,0.137,4.8
2026-02-24 02:00:00,0.144,4.8
2026-02-24 03:00:00,0.149,4.8
2026-02-24 04:00:00,0.17,4.7
2026-02-24 05:00:00,0.192,4.7
2026-02-24 06:00:00,0.198,4.7
2026-02-24 07:00:00,0.207,4.8
2026-02-24 08:00:00,0.213,4.9
2026-02-24 09:00:00,0.215,4.9
2026-02-24 10:00:00,0.217,5
2026-02-24 11:00:00,0.217,5
2026-02-24 12:00:00,0.217,5
2026-02-24 13:00:00,0.216,5
2026-02-24 14:00:00,0.215,5
2026-02-24 15:00:00,0.214,4.9
2026-02-24 16:00:00,0.213,4.8
2026-02-24 17:00:00,0.212,4.7
2026-02-24 18:00:00,0.211,4.6
2026-02-24 19:00:00,0.211,4.5
2026-02-24 20:00:00,0.21,4.4
2026-02-24 21:00:00,0.21,4.3
2026-02-24 22:00:00,0.209,4.3
2026-02-24 23:00:00,0.208,4.2
2026-02-25 00:00:00,0.208,4.2
2026-02-25 01:00:00,0.207,4.3
2026-02-25 02:00:00,0.207,4.5
2026-02-25 03:00:00,0.207,4.8
2026-02-25 04:00:00,0.206,5.3
2026-02-25 05:00:00,0.205,5.7
2026-02-25 06:00:00,0.205,6.2
2026-02-25 07:00:00,0.204,6.6
2026-02-25 08:00:00,0.203,6.9
2026-02-25 09:00:00,0.203,7
2026-02-25 10:00:00,0.202,7
2026-02-25 11:00:00,0.202,6.9
2026-02-25 12:00:00,0.201,6.7
2026-02-25 13:00:00,0.201,6.5
2026-02-25 14:00:00,0.2,6.3
2026-02-25 15:00:00,0.2,6.1
2026-02-25 16:00:00,0.199,5.9
2026-02-25 17:00:00,0.199,5.7
2026-02-25 18:00:00,0.199,5.6
2026-02-25 19:00:00,0.198,5.4
2026-02-25 20:00:00,0.198,5.3
2026-02-25 21:00:00,0.198,5.1
2026-02-25 22:00:00,0.197,5
2026-02-25 23:00:00,0.197,4.9
2026-02-26 00:00:00,0.197,4.8
2026-02-26 01:00:00,0.197,4.8
2026-02-26 02:00:00,0.196,5.1
2026-02-26 03:00:00,0.195,5.6
2026-02-26 04:00:00,0.195,6.1
2026-02-26 05:00:00,0.194,6.5
2026-02-26 06:00:00,0.193,6.9
2026-02-26 07:00:00,0.193,7.2
2026-02-26 08:00:00,0.193,7.4
2026-02-26 09:00:00,0.192,7.5
2026-02-26 10:00:00,0.192,7.5
2026-02-26 11:00:00,0.191,7.5
2026-02-26 12:00:00,0.191,7.5
2026-02-26 13:00:00,0.191,7.4
2026-02-26 14:00:00,0.19,7.4
2026-02-26 15:00:00,0.19,7.3
2026-02-26 16:00:00,0.19,7.3
2026-02-26 17:00:00,0.19,7.3
2026-02-26 18:00:00,0.19,7.2
2026-02-26 19:00:00,0.19,7.2
2026-02-26 20:00:00,0.192,7.1
2026-02-26 21:00:00,0.196,7.1
2026-02-26 22:00:00,0.2,7.1
2026-02-26 23:00:00,0.203,7.1
2026-02-27 00:00:00,0.205,7.1
2026-02-27 01:00:00,0.207,7.1
2026-02-27 02:00:00,0.208,7.2
2026-02-27 03:00:00,0.209,7.4
2026-02-27 04:00:00,0.209,7.7
2026-02-27 05:00:00,0.21,8
2026-02-27 06:00:00,0.223,8.1
2026-02-27 07:00:00,0.223,8.2
2026-02-27 08:00:00,0.223,8.4
2026-02-27 09:00:00,0.223,8.5
2026-02-27 10:00:00,0.223,8.5
2026-02-27 11:00:00,0.223,8.4
2026-02-27 12:00:00,0.223,8.2
2026-02-27 13:00:00,0.223,8
2026-02-27 14:00:00,0.223,7.8
2026-02-27 15:00:00,0.223,7.6
2026-02-27 16:00:00,0.223,7.4
2026-02-27 17:00:00,0.223,7.2
2026-02-27 18:00:00,0.223,7
2026-02-27 19:00:00,0.223,6.8
2026-02-27 20:00:00,0.223,6.6
2026-02-27 21:00:00,0.222,6.4
2026-02-27 22:00:00,0.222,6.3
2026-02-27 23:00:00,0.222,6.1
2026-02-28 00:00:00,0.222,6
2026-02-28 01:00:00,0.222,6
2026-02-28 02:00:00,0.221,6.3
2026-02-28 03:00:00,0.221,6.8
2026-02-28 04:00:00,0.22,7.3
2026-02-28 05:00:00,0.219,7.7
2026-02-28 06:00:00,0.218,8.1
2026-02-28 07:00:00,0.217,8.5
2026-02-28 08:00:00,0.217,8.8
2026-02-28 09:00:00,0.216,8.8
2026-02-28 10:00:00,0.216,8.8
2026-02-28 11:00:00,0.215,8.7
2026-02-28 12:00:00,0.215,8.5
2026-02-28 13:00:00,0.215,8.4
2026-02-28 14:00:00,0.214,8.2
2026-02-28 15:00:00,0.214,8
2026-02-28 16:00:00,0.214,7.8
2026-02-28 17:00:00,0.214,7.7
2026-02-28 18:00:00,0.213,7.5
2026-02-28 19:00:00,0.213,7.3
2026-02-28 20:00:00,0.213,7.2
2026-02-28 21:00:00,0.213,7.1
2026-02-28 22:00:00,0.212,7
2026-02-28 23:00:00,0.212,6.9
2026-03-01 00:00:00,0.212,6.8
2026-03-01 01:00:00,0.211,6.8
2026-03-01 02:00:00,0.211,7
2026-03-01 03:00:00,0.21,7.4
2026-03-01 04:00:00,0.209,7.9
2026-03-01 05:00:00,0.208,8.3
2026-03-01 06:00:00,0.208,8.7
2026-03-01 07:00:00,0.207,8.9
2026-03-01 08:00:00,0.206,9.1
2026-03-01 09:00:00,0.206,9.1
2026-03-01 10:00:00,0.205,9.1
2026-03-01 11:00:00,0.205,9
2026-03-01 12:00:00,0.205,8.9
2026-03-01 13:00:00,0.204,8.9
2026-03-01 14:00:00,0.204,8.8
2026-03-01 15:00:00,0.204,8.7
2026-03-01 16:00:00,0.204,8.7
2026-03-01 17:00:00,0.205,8.5
2026-03-01 18:00:00,0.213,8.4
2026-03-01 19:00:00,0.246,8.3
2026-03-01 20:00:00,0.277,8.2
2026-03-01 21:00:00,0.291,8
2026-03-01 22:00:00,0.296,7.9
2026-03-01 23:00:00,0.297,7.9
2026-03-02 00:00:00,0.296,7.8
2026-03-02 01:00:00,0.295,7.8
2026-03-02 02:00:00,0.294,7.9
2026-03-02 03:00:00,0.293,8
2026-03-02 04:00:00,0.292,8.1
2026-03-02 05:00:00,0.291,8.2
2026-03-02 06:00:00,0.298,8.3
2026-03-02 07:00:00,0.311,8.5
2026-03-02 08:00:00,0.312,8.5
2026-03-02 09:00:00,0.313,8.6
2026-03-02 10:00:00,0.312,8.5
2026-03-02 11:00:00,0.315,8.4
2026-03-02 12:00:00,0.313,8.3
2026-03-02 13:00:00,0.311,8.2
2026-03-02 14:00:00,0.31,8.2
2026-03-02 15:00:00,0.307,8.1
2026-03-02 16:00:00,0.304,8
2026-03-02 17:00:00,0.301,8
2026-03-02 18:00:00,0.299,8
2026-03-02 19:00:00,0.296,7.9
2026-03-02 20:00:00,0.294,7.9
2026-03-02 21:00:00,0.293,7.9
2026-03-02 22:00:00,0.291,7.8
2026-03-02 23:00:00,0.29,7.8
2026-03-03 00:00:00,0.288,7.8
2026-03-03 01:00:00,0.287,7.8
2026-03-03 02:00:00,0.286,8.1
2026-03-03 03:00:00,0.284,8.6
2026-03-03 04:00:00,0.283,9
2026-03-03 05:00:00,0.281,9.3
2026-03-03 06:00:00,0.28,9.5
2026-03-03 07:00:00,0.279,9.7
2026-03-03 08:00:00,0.277,9.8
2026-03-03 09:00:00,0.276,9.8
2026-03-03 10:00:00,0.275,9.7
2026-03-03 11:00:00,0.275,9.5
2026-03-03 12:00:00,0.274,9.3
2026-03-03 13:00:00,0.273,9.1
2026-03-03 14:00:00,0.272,9
2026-03-03 15:00:00,0.272,8.8
2026-03-03 16:00:00,0.271,8.6
2026-03-03 17:00:00,0.271,8.4
2026-03-03 18:00:00,0.27,8.2
2026-03-03 19:00:00,0.27,8
2026-03-03 20:00:00,0.269,7.8
2026-03-03 21:00:00,0.269,7.5
2026-03-03 22:00:00,0.269,7.4
2026-03-03 23:00:00,0.268,7.2
2026-03-04 00:00:00,0.268,7.1
2026-03-04 01:00:00,0.267,7.1
2026-03-04 02:00:00,0.266,7.4
2026-03-04 03:00:00,0.265,7.9
2026-03-04 04:00:00,0.264,8.3
2026-03-04 05:00:00,0.263,8.6
2026-03-04 06:00:00,0.262,8.9
2026-03-04 07:00:00,0.261,9.1
2026-03-04 08:00:00,0.26,9.3
2026-03-04 09:00:00,0.259,9.3
2026-03-04 10:00:00,0.259,9.2
2026-03-04 11:00:00,0.258,9.1
2026-03-04 12:00:00,0.258,8.8
2026-03-04 13:00:00,0.257,8.6
2026-03-04 14:00:00,0.257,8.4
2026-03-04 15:00:00,0.257,8.1
2026-03-04 16:00:00,0.256,7.9
2026-03-04 17:00:00,0.256,7.7
2026-03-04 18:00:00,0.256,7.5
2026-03-04 19:00:00,0.255,7.3
2026-03-04 20:00:00,0.255,7.1
2026-03-04 21:00:00,0.255,6.9
2026-03-04 22:00:00,0.255,6.8
2026-03-04 23:00:00,0.254,6.6
2026-03-05 00:00:00,0.254,6.6
2026-03-05 01:00:00,0.253,6.6
2026-03-05 02:00:00,0.252,7
2026-03-05 03:00:00,0.251,7.6
2026-03-05 04:00:00,0.25,8.2
2026-03-05 05:00:00,0.249,8.7
2026-03-05 06:00:00,0.248,9
2026-03-05 07:00:00,0.247,9.2
2026-03-05 08:00:00,0.246,9.4
2026-03-05 09:00:00,0.246,9.5
2026-03-05 10:00:00,0.246,9.4
2026-03-05 11:00:00,0.245,9.4
2026-03-05 12:00:00,0.245,9.3
2026-03-05 13:00:00,0.245,9.1
2026-03-05 14:00:00,0.244,9
2026-03-05 15:00:00,0.244,8.9
2026-03-05 16:00:00,0.244,8.8
2026-03-05 17:00:00,0.245,8.6
2026-03-05 18:00:00,0.248,8.4
2026-03-05 19:00:00,0.251,8.3
2026-03-05 20:00:00,0.255,8.1
2026-03-05 21:00:00,0.258,8
2026-03-05 22:00:00,0.26,7.8
2026-03-05 23:00:00,0.262,7.6
2026-03-06 00:00:00,0.263,7.5
2026-03-06 01:00:00,0.264,7.5
2026-03-06 02:00:00,0.264,7.6
2026-03-06 03:00:00,0.264,7.8
2026-03-06 04:00:00,0.264,7.9
2026-03-06 05:00:00,0.264,8.1
2026-03-06 06:00:00,0.264,8.3
2026-03-06 07:00:00,0.264,8.4
2026-03-06 08:00:00,0.264,8.5
2026-03-06 09:00:00,0.264,8.4
2026-03-06 10:00:00,0.264,8.3
2026-03-06 11:00:00,0.264,8.1
2026-03-06 12:00:00,0.264,7.9
2026-03-06 13:00:00,0.264,7.7
2026-03-06 14:00:00,0.263,7.6
2026-03-06 15:00:00,0.263,7.4
2026-03-06 16:00:00,0.263,7.3
2026-03-06 17:00:00,0.263,7.1
2026-03-06 18:00:00,0.263,7
2026-03-06 19:00:00,0.263,6.9
2026-03-06 20:00:00,0.263,6.8
2026-03-06 21:00:00,0.262,6.6
2026-03-06 22:00:00,0.262,6.4
2026-03-06 23:00:00,0.262,6.3
2026-03-07 00:00:00,0.262,6.2
2026-03-07 01:00:00,0.261,6.3
2026-03-07 02:00:00,0.26,6.5
2026-03-07 03:00:00,0.26,6.9
2026-03-07 04:00:00,0.259,7.2
2026-03-07 05:00:00,0.258,7.4
2026-03-07 06:00:00,0.257,7.5
2026-03-07 07:00:00,0.257,7.6
2026-03-07 08:00:00,0.256,7.7
2026-03-07 09:00:00,0.256,7.6
2026-03-07 10:00:00,0.255,7.4
2026-03-07 11:00:00,0.255,7.2
2026-03-07 12:00:00,0.255,7
2026-03-07 13:00:00,0.255,6.7
2026-03-07 14:00:00,0.254,6.5
2026-03-07 15:00:00,0.254,6.3
2026-03-07 16:00:00,0.254,6.1
2026-03-07 17:00:00,0.254,5.9
2026-03-07 18:00:00,0.254,5.7
2026-03-07 19:00:00,0.253,5.6
2026-03-07 20:00:00,0.253,5.4
2026-03-07 21:00:00,0.253,5.3
2026-03-07 22:00:00,0.253,5.2
2026-03-07 23:00:00,0.253,5.1
2026-03-08 00:00:00,0.253,5
2026-03-08 01:00:00,0.252,4.9
2026-03-08 02:00:00,0.252,5.1
2026-03-08 03:00:00,0.251,5.5
2026-03-08 04:00:00,0.25,5.9
2026-03-08 05:00:00,0.249,6.2
2026-03-08 06:00:00,0.249,6.5
2026-03-08 07:00:00,0.248,6.7
2026-03-08 08:00:00,0.247,6.9
2026-03-08 09:00:00,0.247,6.9
2026-03-08 10:00:00,0.247,6.9
2026-03-08 11:00:00,0.246,6.8
2026-03-08 12:00:00,0.246,6.6
2026-03-08 13:00:00,0.246,6.4
2026-03-08 14:00:00,0.246,6.2
2026-03-08 15:00:00,0.246,6
2026-03-08 16:00:00,0.246,5.8
2026-03-08 17:00:00,0.245,5.7
2026-03-08 18:00:00,0.245,5.5
2026-03-08 19:00:00,0.245,5.4
2026-03-08 20:00:00,0.245,5.3
2026-03-08 21:00:00,0.245,5.2
2026-03-08 22:00:00,0.245,5.1
2026-03-08 23:00:00,0.244,5
2026-03-09 00:00:00,0.244,5
2026-03-09 01:00:00,0.244,5
2026-03-09 02:00:00,0.244,5
2026-03-09 03:00:00,0.243,5.2
2026-03-09 04:00:00,0.243,5.5
2026-03-09 05:00:00,0.242,5.8
2026-03-09 06:00:00,0.241,6.1
2026-03-09 07:00:00,0.241,6.3
2026-03-09 08:00:00,0.24,6.4
2026-03-09 09:00:00,0.24,6.4
2026-03-09 10:00:00,0.239,6.3
2026-03-09 11:00:00,0.239,6.2
2026-03-09 12:00:00,0.239,6
2026-03-09 13:00:00,0.239,5.9
2026-03-09 14:00:00,0.239,5.7
2026-03-09 15:00:00,0.238,5.6
2026-03-09 16:00:00,0.238,5.4
2026-03-09 17:00:00,0.238,5.3
2026-03-09 18:00:00,0.238,5.1
2026-03-09 19:00:00,0.238,5
2026-03-09 20:00:00,0.238,4.9
2026-03-09 21:00:00,0.237,4.8
2026-03-09 22:00:00,0.237,4.7
2026-03-09 23:00:00,0.237,4.6
2026-03-10 00:00:00,0.237,4.5
2026-03-10 01:00:00,0.237,4.5
2026-03-10 02:00:00,0.236,4.8
2026-03-10 03:00:00,0.235,5.3
2026-03-10 04:00:00,0.234,5.8
2026-03-10 05:00:00,0.234,6.2
2026-03-10 06:00:00,0.233,6.4
2026-03-10 07:00:00,0.232,6.7
2026-03-10 08:00:00,0.232,7
2026-03-10 09:00:00,0.231,7
2026-03-10 10:00:00,0.231,6.9
2026-03-10 11:00:00,0.231,6.8
2026-03-10 12:00:00,0.231,6.6
2026-03-10 13:00:00,0.231,6.4
2026-03-10 14:00:00,0.231,6.2
2026-03-10 15:00:00,0.231,5.9
2026-03-10 16:00:00,0.231,5.7
2026-03-10 17:00:00,0.23,5.5
2026-03-10 18:00:00,0.23,5.4
2026-03-10 19:00:00,0.23,5.2
2026-03-10 20:00:00,0.23,5.1
2026-03-10 21:00:00,0.23,4.9
2026-03-10 22:00:00,0.23,4.8
2026-03-10 23:00:00,0.23,4.7
2026-03-11 00:00:00,0.23,4.6
2026-03-11 01:00:00,0.229,4.6
2026-03-11 02:00:00,0.229,4.9
2026-03-11 03:00:00,0.228,5.4
2026-03-11 04:00:00,0.227,6
2026-03-11 05:00:00,0.227,6.4
2026-03-11 06:00:00,0.226,6.7
2026-03-11 07:00:00,0.225,7
2026-03-11 08:00:00,0.225,7.2
2026-03-11 09:00:00,0.224,7.2
2026-03-11 10:00:00,0.224,7.2
2026-03-11 11:00:00,0.224,7
2026-03-11 12:00:00,0.224,6.9
2026-03-11 13:00:00,0.224,6.7
2026-03-11 14:00:00,0.224,6.5
2026-03-11 15:00:00,0.223,6.3
2026-03-11 16:00:00,0.223,6.2
2026-03-11 17:00:00,0.223,6
2026-03-11 18:00:00,0.223,5.9
2026-03-11 19:00:00,0.223,5.7
2026-03-11 20:00:00,0.223,5.6
2026-03-11 21:00:00,0.223,5.5
2026-03-11 22:00:00,0.223,5.4
2026-03-11 23:00:00,0.223,5.3
2026-03-12 00:00:00,0.222,5.3
2026-03-12 01:00:00,0.222,5.4
2026-03-12 02:00:00,0.221,5.8
2026-03-12 03:00:00,0.22,6.3
2026-03-12 04:00:00,0.219,6.9
2026-03-12 05:00:00,0.219,7.3
2026-03-12 06:00:00,0.218,7.5
2026-03-12 07:00:00,0.218,7.8
2026-03-12 08:00:00,0.217,8
2026-03-12 09:00:00,0.217,8
2026-03-12 10:00:00,0.217,7.9
2026-03-12 11:00:00,0.217,7.8
2026-03-12 12:00:00,0.216,7.6
2026-03-12 13:00:00,0.216,7.4
2026-03-12 14:00:00,0.216,7.2
2026-03-12 15:00:00,0.216,7
2026-03-12 16:00:00,0.216,6.8
2026-03-12 17:00:00,0.216,6.6
2026-03-12 18:00:00,0.216,6.4
2026-03-12 19:00:00,0.215,6.2
2026-03-12 20:00:00,0.215,6.1
2026-03-12 21:00:00,0.215,5.9
2026-03-12 22:00:00,0.215,5.8
2026-03-12 23:00:00,0.215,5.6
2026-03-13 00:00:00,0.215,5.6
2026-03-13 01:00:00,0.214,5.7
2026-03-13 02:00:00,0.214,6.2
2026-03-13 03:00:00,0.213,6.8
2026-03-13 04:00:00,0.212,7.4
2026-03-13 05:00:00,0.211,7.9
2026-03-13 06:00:00,0.211,8.1
2026-03-13 07:00:00,0.21,8.4
2026-03-13 08:00:00,0.21,8.6
2026-03-13 09:00:00,0.209,8.6
2026-03-13 10:00:00,0.209,8.5
2026-03-13 11:00:00,0.209,8.3
2026-03-13 12:00:00,0.209,8.1
2026-03-13 13:00:00,0.209,7.9
2026-03-13 14:00:00,0.209,7.6
2026-03-13 15:00:00,0.208,7.4
2026-03-13 16:00:00,0.208,7.2
2026-03-13 17:00:00,0.208,7
2026-03-13 18:00:00,0.208,6.8
2026-03-13 19:00:00,0.208,6.6
2026-03-13 20:00:00,0.208,6.4
2026-03-13 21:00:00,0.208,6.2
2026-03-13 22:00:00,0.208,6.1
2026-03-13 23:00:00,0.208,5.9
2026-03-14 00:00:00,0.207,5.9
2026-03-14 01:00:00,0.207,6
2026-03-14 02:00:00,0.206,6.4
2026-03-14 03:00:00,0.205,7
2026-03-14 04:00:00,0.205,7.7
2026-03-14 05:00:00,0.204,8.1
2026-03-14 06:00:00,0.203,8.3
2026-03-14 07:00:00,0.203,8.5
2026-03-14 08:00:00,0.202,8.7
2026-03-14 09:00:00,0.202,8.7
2026-03-14 10:00:00,0.202,8.5
2026-03-14 11:00:00,0.202,8.4
2026-03-14 12:00:00,0.202,8.2
2026-03-14 13:00:00,0.201,7.9
2026-03-14 14:00:00,0.201,7.7
2026-03-14 15:00:00,0.201,7.5
2026-03-14 16:00:00,0.201,7.2
2026-03-14 17:00:00,0.201,7
2026-03-14 18:00:00,0.201,6.9
2026-03-14 19:00:00,0.201,6.8
2026-03-14 20:00:00,0.2,6.7
2026-03-14 21:00:00,0.2,6.6
2026-03-14 22:00:00,0.2,6.6
2026-03-14 23:00:00,0.2,6.6
2026-03-15 00:00:00,0.2,6.6
2026-03-15 01:00:00,0.199,6.6
2026-03-15 02:00:00,0.199,6.7
2026-03-15 03:00:00,0.199,6.9
2026-03-15 04:00:00,0.198,7.2
2026-03-15 05:00:00,0.197,7.6
2026-03-15 06:00:00,0.197,7.9
2026-03-15 07:00:00,0.196,8.2
2026-03-15 08:00:00,0.196,8.3
2026-03-15 09:00:00,0.196,8.4
2026-03-15 10:00:00,0.196,8.3
2026-03-15 11:00:00,0.195,8.2
2026-03-15 12:00:00,0.195,8.1
2026-03-15 13:00:00,0.195,8
2026-03-15 14:00:00,0.195,7.8
2026-03-15 15:00:00,0.195,7.6
2026-03-15 16:00:00,0.195,7.4
2026-03-15 17:00:00,0.195,7.2
2026-03-15 18:00:00,0.195,7
2026-03-15 19:00:00,0.194,6.9
2026-03-15 20:00:00,0.194,6.7
2026-03-15 21:00:00,0.194,6.6
2026-03-15 22:00:00,0.194,6.4
2026-03-15 23:00:00,0.194,6.3
2026-03-16 00:00:00,0.194,6.2
2026-03-16 01:00:00,0.194,6.3
2026-03-16 02:00:00,0.193,6.6
2026-03-16 03:00:00,0.192,7
2026-03-16 04:00:00,0.192,7.5
2026-03-16 05:00:00,0.191,8
2026-03-16 06:00:00,0.19,8.3
2026-03-16 07:00:00,0.19,8.5
2026-03-16 08:00:00,0.19,8.6
2026-03-16 09:00:00,0.19,8.6
2026-03-16 10:00:00,0.189,8.6
2026-03-16 11:00:00,0.189,8.5
2026-03-16 12:00:00,0.189,8.3
2026-03-16 13:00:00,0.189,8.1
2026-03-16 14:00:00,0.189,7.9
2026-03-16 15:00:00,0.189,7.7
2026-03-16 16:00:00,0.189,7.5
2026-03-16 17:00:00,0.189,7.4
2026-03-16 18:00:00,0.189,7.2
2026-03-16 19:00:00,0.189,7
2026-03-16 20:00:00,0.188,6.9
2026-03-16 21:00:00,0.188,6.7
2026-03-16 22:00:00,0.188,6.6
2026-03-16 23:00:00,0.188,6.4
2026-03-17 00:00:00,0.188,6.4
2026-03-17 01:00:00,0.187,6.5
2026-03-17 02:00:00,0.187,7
2026-03-17 03:00:00,0.186,7.6
2026-03-17 04:00:00,0.185,8.4
2026-03-17 05:00:00,0.184,8.9
2026-03-17 06:00:00,0.184,9.3
2026-03-17 07:00:00,0.183,9.7
2026-03-17 08:00:00,0.183,10
2026-03-17 09:00:00,0.183,10
2026-03-17 10:00:00,0.182,9.9
2026-03-17 11:00:00,0.182,9.7
2026-03-17 12:00:00,0.182,9.5
2026-03-17 13:00:00,0.182,9.2
2026-03-17 14:00:00,0.182,9
2026-03-17 15:00:00,0.182,8.8
2026-03-17 16:00:00,0.182,8.7
2026-03-17 17:00:00,0.188,8.6
2026-03-17 18:00:00,0.201,8.5
2026-03-17 19:00:00,0.233,8.5
2026-03-17 20:00:00,0.254,8.5
2026-03-17 21:00:00,0.257,8.5
2026-03-17 22:00:00,0.262,8.5
2026-03-17 23:00:00,0.28,8.5
2026-03-18 00:00:00,0.286,8.6
2026-03-18 01:00:00,0.286,8.7
2026-03-18 02:00:00,0.287,8.7
2026-03-18 03:00:00,0.286,8.8
2026-03-18 04:00:00,0.285,8.9
2026-03-18 05:00:00,0.284,9
2026-03-18 06:00:00,0.283,9
2026-03-18 07:00:00,0.281,9
2026-03-18 08:00:00,0.279,8.9
2026-03-18 09:00:00,0.278,8.9
2026-03-18 10:00:00,0.277,8.8
2026-03-18 11:00:00,0.276,8.8
2026-03-18 12:00:00,0.275,8.7
2026-03-18 13:00:00,0.274,8.5
2026-03-18 14:00:00,0.273,8.4
2026-03-18 15:00:00,0.273,8.3
2026-03-18 16:00:00,0.272,8.1
2026-03-18 17:00:00,0.272,8
2026-03-18 18:00:00,0.271,7.8
2026-03-18 19:00:00,0.271,7.6
2026-03-18 20:00:00,0.27,7.5
2026-03-18 21:00:00,0.27,7.3
2026-03-18 22:00:00,0.269,7.2
2026-03-18 23:00:00,0.269,7
2026-03-19 00:00:00,0.268,6.9
2026-03-19 01:00:00,0.268,7
2026-03-19 02:00:00,0.267,7.4
2026-03-19 03:00:00,0.265,8
2026-03-19 04:00:00,0.264,8.7
2026-03-19 05:00:00,0.262,9.1
2026-03-19 06:00:00,0.261,9.3
2026-03-19 07:00:00,0.26,9.6
2026-03-19 08:00:00,0.259,9.7
2026-03-19 09:00:00,0.259,9.7
2026-03-19 10:00:00,0.258,9.6
2026-03-19 11:00:00,0.258,9.4
2026-03-19 12:00:00,0.257,9.1
2026-03-19 13:00:00,0.257,8.8
2026-03-19 14:00:00,0.257,8.6
2026-03-19 15:00:00,0.256,8.3
2026-03-19 16:00:00,0.256,8.1
2026-03-19 17:00:00,0.256,7.9
2026-03-19 18:00:00,0.256,7.7
2026-03-19 19:00:00,0.256,7.5
2026-03-19 20:00:00,0.255,7.3
2026-03-19 21:00:00,0.255,7.2
2026-03-19 22:00:00,0.255,7
2026-03-19 23:00:00,0.254,6.9
2026-03-20 00:00:00,0.254,6.8
2026-03-20 01:00:00,0.253,7
2026-03-20 02:00:00,0.252,7.4
2026-03-20 03:00:00,0.25,8.1
2026-03-20 04:00:00,0.249,8.7
2026-03-20 05:00:00,0.247,9.1
2026-03-20 06:00:00,0.246,9.3
2026-03-20 07:00:00,0.245,9.6
2026-03-20 08:00:00,0.245,9.7
2026-03-20 09:00:00,0.244,9.7
2026-03-20 10:00:00,0.244,9.7
2026-03-20 11:00:00,0.243,9.5
2026-03-20 12:00:00,0.243,9.3
2026-03-20 13:00:00,0.243,9.1
2026-03-20 14:00:00,0.243,8.8
2026-03-20 15:00:00,0.242,8.6
2026-03-20 16:00:00,0.242,8.4
2026-03-20 17:00:00,0.242,8.1
2026-03-20 18:00:00,0.242,7.9
2026-03-20 19:00:00,0.242,7.7
2026-03-20 20:00:00,0.242,7.5
2026-03-20 21:00:00,0.242,7.3
2026-03-20 22:00:00,0.241,7.2
2026-03-20 23:00:00,0.241,7.1
2026-03-21 00:00:00,0.241,7
2026-03-21 01:00:00,0.24,7.1
2026-03-21 02:00:00,0.239,7.5
2026-03-21 03:00:00,0.238,8.2
2026-03-21 04:00:00,0.236,9
2026-03-21 05:00:00,0.235,9.4
2026-03-21 06:00:00,0.234,9.6
2026-03-21 07:00:00,0.233,9.9
2026-03-21 08:00:00,0.233,10.1
2026-03-21 09:00:00,0.232,10
2026-03-21 10:00:00,0.232,9.9
2026-03-21 11:00:00,0.232,9.7
2026-03-21 12:00:00,0.231,9.4
2026-03-21 13:00:00,0.231,9.1
2026-03-21 14:00:00,0.231,8.8
2026-03-21 15:00:00,0.231,8.5
2026-03-21 16:00:00,0.231,8.3
2026-03-21 17:00:00,0.231,8.1
2026-03-21 18:00:00,0.231,7.9
2026-03-21 19:00:00,0.23,7.8
2026-03-21 20:00:00,0.23,7.6
2026-03-21 21:00:00,0.23,7.5
2026-03-21 22:00:00,0.23,7.4
2026-03-21 23:00:00,0.23,7.3
2026-03-22 00:00:00,0.229,7.3
2026-03-22 01:00:00,0.229,7.4
2026-03-22 02:00:00,0.228,7.6
2026-03-22 03:00:00,0.227,7.9
2026-03-22 04:00:00,0.226,8.5
2026-03-22 05:00:00,0.225,9
2026-03-22 06:00:00,0.223,9.4
2026-03-22 07:00:00,0.222,9.9
2026-03-22 08:00:00,0.222,10.1
2026-03-22 09:00:00,0.221,10.1
2026-03-22 10:00:00,0.221,10
2026-03-22 11:00:00,0.221,9.8
2026-03-22 12:00:00,0.221,9.6
2026-03-22 13:00:00,0.221,9.4
2026-03-22 14:00:00,0.22,9.1
2026-03-22 15:00:00,0.22,8.9
2026-03-22 16:00:00,0.22,8.6
2026-03-22 17:00:00,0.22,8.4
2026-03-22 18:00:00,0.22,8.2
2026-03-22 19:00:00,0.22,8
2026-03-22 20:00:00,0.22,7.8
2026-03-22 21:00:00,0.219,7.6
2026-03-22 22:00:00,0.219,7.4
2026-03-22 23:00:00,0.219,7.3
2026-03-23 00:00:00,0.219,7.2
2026-03-23 01:00:00,0.218,7.4
2026-03-23 02:00:00,0.216,7.8
2026-03-23 03:00:00,0.214,8.6
2026-03-23 04:00:00,0.213,9.4
2026-03-23 05:00:00,0.212,9.9
2026-03-23 06:00:00,0.211,10.2
2026-03-23 07:00:00,0.21,10.6
2026-03-23 08:00:00,0.21,10.8
2026-03-23 09:00:00,0.209,10.8
2026-03-23 10:00:00,0.209,10.7
2026-03-23 11:00:00,0.209,10.5
2026-03-23 12:00:00,0.209,10.3
2026-03-23 13:00:00,0.209,10
2026-03-23 14:00:00,0.209,9.8
2026-03-23 15:00:00,0.209,9.5
2026-03-23 16:00:00,0.209,9.3
2026-03-23 17:00:00,0.208,9
2026-03-23 18:00:00,0.208,8.8
2026-03-23 19:00:00,0.208,8.6
2026-03-23 20:00:00,0.208,8.4
2026-03-23 21:00:00,0.208,8.3
2026-03-23 22:00:00,0.208,8.1
2026-03-23 23:00:00,0.208,8
2026-03-24 00:00:00,0.207,8
2026-03-24 01:00:00,0.206,8.3
2026-03-24 02:00:00,0.205,8.8
2026-03-24 03:00:00,0.203,9.5
2026-03-24 04:00:00,0.202,10.4
2026-03-24 05:00:00,0.201,10.9
2026-03-24 06:00:00,0.2,11.3
2026-03-24 07:00:00,0.199,11.5
2026-03-24 08:00:00,0.199,11.7
2026-03-24 09:00:00,0.199,11.6
2026-03-24 10:00:00,0.199,11.6
2026-03-24 11:00:00,0.198,11.4
2026-03-24 12:00:00,0.198,11.3
2026-03-24 13:00:00,0.198,11.1
2026-03-24 14:00:00,0.198,11
2026-03-24 15:00:00,0.198,10.8
2026-03-24 16:00:00,0.198,10.7
2026-03-24 17:00:00,0.197,10.6
2026-03-24 18:00:00,0.197,10.5
2026-03-24 19:00:00,0.197,10.4
2026-03-24 20:00:00,0.197,10.3
2026-03-24 21:00:00,0.197,10.3
2026-03-24 22:00:00,0.197,10.2
2026-03-24 23:00:00,0.196,10.1
2026-03-25 00:00:00,0.196,10.1
2026-03-25 01:00:00,0.196,10.2
2026-03-25 02:00:00,0.196,10.2
2026-03-25 03:00:00,0.195,10.4
2026-03-25 04:00:00,0.195,10.6
2026-03-25 05:00:00,0.194,10.9
2026-03-25 06:00:00,0.193,11.2
2026-03-25 07:00:00,0.192,11.7
2026-03-25 08:00:00,0.192,11.9
2026-03-25 09:00:00,0.192,11.9
2026-03-25 10:00:00,0.191,11.8
2026-03-25 11:00:00,0.191,11.7
2026-03-25 12:00:00,0.191,11.5
2026-03-25 13:00:00,0.191,11.2
2026-03-25 14:00:00,0.191,11
2026-03-25 15:00:00,0.191,10.8
2026-03-25 16:00:00,0.19,10.6
2026-03-25 17:00:00,0.19,10.3
2026-03-25 18:00:00,0.19,10.1
2026-03-25 19:00:00,0.19,9.9
2026-03-25 20:00:00,0.19,9.7
2026-03-25 21:00:00,0.19,9.6
2026-03-25 22:00:00,0.19,9.5
2026-03-25 23:00:00,0.189,9.4
2026-03-26 00:00:00,0.189,9.4
2026-03-26 01:00:00,0.189,9.6
2026-03-26 02:00:00,0.187,10
2026-03-26 03:00:00,0.186,10.7
2026-03-26 04:00:00,0.185,11.4
2026-03-26 05:00:00,0.184,11.9
2026-03-26 06:00:00,0.183,12.2
2026-03-26 07:00:00,0.182,12.6
2026-03-26 08:00:00,0.181,12.7
2026-03-26 09:00:00,0.181,12.6
2026-03-26 10:00:00,0.181,12.4
2026-03-26 11:00:00,0.181,12.1
2026-03-26 12:00:00,0.181,11.8
2026-03-26 13:00:00,0.18,11.5
2026-03-26 14:00:00,0.18,11.3
2026-03-26 15:00:00,0.18,11
2026-03-26 16:00:00,0.18,10.8
2026-03-26 17:00:00,0.18,10.5
2026-03-26 18:00:00,0.18,10.3
2026-03-26 19:00:00,0.18,10
2026-03-26 20:00:00,0.18,9.8
2026-03-26 21:00:00,0.179,9.6
2026-03-26 22:00:00,0.179,9.4
2026-03-26 23:00:00,0.179,9.3
2026-03-27 00:00:00,0.179,9.3
2026-03-27 01:00:00,0.178,9.4
2026-03-27 02:00:00,0.177,9.8
2026-03-27 03:00:00,0.176,10.5
2026-03-27 04:00:00,0.174,11.2
2026-03-27 05:00:00,0.173,11.7
2026-03-27 06:00:00,0.172,12.1
2026-03-27 07:00:00,0.171,12.4
2026-03-27 08:00:00,0.171,12.6
2026-03-27 09:00:00,0.17,12.5
2026-03-27 10:00:00,0.17,12.4
2026-03-27 11:00:00,0.17,12.2
2026-03-27 12:00:00,0.17,12
2026-03-27 13:00:00,0.17,11.7
2026-03-27 14:00:00,0.17,11.5
2026-03-27 15:00:00,0.17,11.3
2026-03-27 16:00:00,0.17,11.1
2026-03-27 17:00:00,0.169,11
2026-03-27 18:00:00,0.169,10.9
2026-03-27 19:00:00,0.169,10.8
2026-03-27 20:00:00,0.169,10.7
2026-03-27 21:00:00,0.169,10.7
2026-03-27 22:00:00,0.169,10.5
2026-03-27 23:00:00,0.169,10.4
2026-03-28 00:00:00,0.168,10.3
2026-03-28 01:00:00,0.167,10.4
2026-03-28 02:00:00,0.166,10.9
2026-03-28 03:00:00,0.164,11.6
2026-03-28 04:00:00,0.163,12.4
2026-03-28 05:00:00,0.162,12.8
2026-03-28 06:00:00,0.161,13.1
2026-03-28 07:00:00,0.16,13.4
2026-03-28 08:00:00,0.16,13.4
2026-03-28 09:00:00,0.16,13.2
2026-03-28 10:00:00,0.159,13
2026-03-28 11:00:00,0.159,12.7
2026-03-28 12:00:00,0.159,12.3
2026-03-28 13:00:00,0.159,12
2026-03-28 14:00:00,0.159,11.7
2026-03-28 15:00:00,0.159,11.3
2026-03-28 16:00:00,0.159,11
2026-03-28 17:00:00,0.159,10.8
2026-03-28 18:00:00,0.159,10.5
2026-03-28 19:00:00,0.159,10.3
2026-03-28 20:00:00,0.159,10.1
2026-03-28 21:00:00,0.159,9.9
2026-03-28 22:00:00,0.159,9.7
2026-03-28 23:00:00,0.159,9.6
2026-03-29 00:00:00,0.159,9.6
2026-03-29 01:00:00,0.158,9.8
2026-03-29 02:00:00,0.156,10.4
2026-03-29 03:00:00,0.155,11.2
2026-03-29 04:00:00,0.153,12.1
2026-03-29 05:00:00,0.152,12.7
2026-03-29 06:00:00,0.151,13.1
2026-03-29 07:00:00,0.151,13.3
2026-03-29 08:00:00,0.15,13.4
2026-03-29 09:00:00,0.15,13.4
2026-03-29 10:00:00,0.15,13.3
2026-03-29 11:00:00,0.15,13.2
2026-03-29 12:00:00,0.15,13
2026-03-29 13:00:00,0.15,12.8
2026-03-29 14:00:00,0.15,12.5
2026-03-29 15:00:00,0.15,12.3
2026-03-29 16:00:00,0.15,12
2026-03-29 17:00:00,0.15,11.8
2026-03-29 18:00:00,0.15,11.7
2026-03-29 19:00:00,0.15,11.6
2026-03-29 20:00:00,0.15,11.4
2026-03-29 21:00:00,0.149,11.3
2026-03-29 22:00:00,0.149,11.2
2026-03-29 23:00:00,0.149,11.2
2026-03-30 00:00:00,0.149,11.2
2026-03-30 01:00:00,0.149,11.3
2026-03-30 02:00:00,0.148,11.6
2026-03-30 03:00:00,0.148,11.8
2026-03-30 04:00:00,0.147,12
2026-03-30 05:00:00,0.147,12.2
2026-03-30 06:00:00,0.147,12.3
2026-03-30 07:00:00,0.149,12.4
2026-03-30 08:00:00,0.153,12.5
2026-03-30 09:00:00,0.165,12.7
2026-03-30 10:00:00,0.173,12.6
2026-03-30 11:00:00,0.185,12.6
2026-03-30 12:00:00,0.202,12.6
2026-03-30 13:00:00,0.233,12.5
2026-03-30 14:00:00,0.249,12.4
2026-03-30 15:00:00,0.255,12.3
2026-03-30 16:00:00,0.256,12.3
2026-03-30 17:00:00,0.255,12.2
2026-03-30 18:00:00,0.252,12.2
2026-03-30 19:00:00,0.25,12.1
2026-03-30 20:00:00,0.247,12.1
2026-03-30 21:00:00,0.245,12
2026-03-30 22:00:00,0.244,11.9
2026-03-30 23:00:00,0.242,11.9
2026-03-31 00:00:00,0.241,11.9
2026-03-31 01:00:00,0.24,12
2026-03-31 02:00:00,0.238,12.2
2026-03-31 03:00:00,0.236,12.7
2026-03-31 04:00:00,0.234,13.2
2026-03-31 05:00:00,0.232,13.8
2026-03-31 06:00:00,0.23,14
2026-03-31 07:00:00,0.229,14.2
2026-03-31 08:00:00,0.228,14.2
2026-03-31 09:00:00,0.228,14
2026-03-31 10:00:00,0.227,13.9
2026-03-31 11:00:00,0.227,13.7
2026-03-31 12:00:00,0.226,13.5
2026-03-31 13:00:00,0.226,13.3
2026-03-31 14:00:00,0.226,13.1
2026-03-31 15:00:00,0.225,13
2026-03-31 16:00:00,0.225,12.8
2026-03-31 17:00:00,0.225,12.6
2026-03-31 18:00:00,0.224,12.5
2026-03-31 19:00:00,0.224,12.4
2026-03-31 20:00:00,0.224,12.3
2026-03-31 21:00:00,0.223,12.2
2026-03-31 22:00:00,0.223,12.1
2026-03-31 23:00:00,0.223,12
2026-04-01 00:00:00,0.223,12.1
2026-04-01 01:00:00,0.222,12.1
2026-04-01 02:00:00,0.222,12.2
2026-04-01 03:00:00,0.221,12.4
2026-04-01 04:00:00,0.22,12.6
2026-04-01 05:00:00,0.22,12.8
2026-04-01 06:00:00,0.219,12.9
2026-04-01 07:00:00,0.218,13
2026-04-01 08:00:00,0.218,13.1
2026-04-01 09:00:00,0.217,13.1
2026-04-01 10:00:00,0.217,13
2026-04-01 11:00:00,0.217,12.8
2026-04-01 12:00:00,0.217,12.7
2026-04-01 13:00:00,0.216,12.5
2026-04-01 14:00:00,0.216,12.3
2026-04-01 15:00:00,0.216,12.1
2026-04-01 16:00:00,0.216,11.9
2026-04-01 17:00:00,0.216,11.6
2026-04-01 18:00:00,0.216,11.4
2026-04-01 19:00:00,0.215,11.2
2026-04-01 20:00:00,0.215,10.9
2026-04-01 21:00:00,0.215,10.8
2026-04-01 22:00:00,0.215,10.5
2026-04-01 23:00:00,0.215,10.4
2026-04-02 00:00:00,0.214,10.4
2026-04-02 01:00:00,0.214,10.5
2026-04-02 02:00:00,0.212,10.9
2026-04-02 03:00:00,0.21,11.5
2026-04-02 04:00:00,0.209,12.2
2026-04-02 05:00:00,0.207,12.8
2026-04-02 06:00:00,0.206,13.2
2026-04-02 07:00:00,0.205,13.5
2026-04-02 08:00:00,0.205,13.6
2026-04-02 09:00:00,0.204,13.6
2026-04-02 10:00:00,0.204,13.5
2026-04-02 11:00:00,0.204,13.3
2026-04-02 12:00:00,0.204,13.1
2026-04-02 13:00:00,0.204,12.8
2026-04-02 14:00:00,0.204,12.6
2026-04-02 15:00:00,0.204,12.4
2026-04-02 16:00:00,0.204,12.2
2026-04-02 17:00:00,0.203,12
2026-04-02 18:00:00,0.203,11.9
2026-04-02 19:00:00,0.203,11.7
2026-04-02 20:00:00,0.203,11.6
2026-04-02 21:00:00,0.203,11.4
2026-04-02 22:00:00,0.203,11.3
2026-04-02 23:00:00,0.202,11.2
2026-04-03 00:00:00,0.202,11.1
2026-04-03 01:00:00,0.202,11.3
2026-04-03 02:00:00,0.2,11.6
2026-04-03 03:00:00,0.199,12.2
2026-04-03 04:00:00,0.198,12.8
2026-04-03 05:00:00,0.196,13.3
2026-04-03 06:00:00,0.195,13.7
2026-04-03 07:00:00,0.195,13.9
2026-04-03 08:00:00,0.194,14
2026-04-03 09:00:00,0.194,14
2026-04-03 10:00:00,0.194,13.9
2026-04-03 11:00:00,0.194,13.7
2026-04-03 12:00:00,0.194,13.6
2026-04-03 13:00:00,0.194,13.5
2026-04-03 14:00:00,0.196,13.4
2026-04-03 15:00:00,0.234,13.2
2026-04-03 16:00:00,0.269,13.1
2026-04-03 17:00:00,0.283,13
2026-04-03 18:00:00,0.297,12.9
2026-04-03 19:00:00,0.303,12.8
2026-04-03 20:00:00,0.3,12.7
2026-04-03 21:00:00,0.301,12.7
2026-04-03 22:00:00,0.297,12.6
2026-04-03 23:00:00,0.294,12.6
2026-04-04 00:00:00,0.289,12.6
2026-04-04 01:00:00,0.285,12.7
2026-04-04 02:00:00,0.282,12.9
2026-04-04 03:00:00,0.279,13.3
2026-04-04 04:00:00,0.276,13.6
2026-04-04 05:00:00,0.274,13.8
2026-04-04 06:00:00,0.272,13.9
2026-04-04 07:00:00,0.27,13.9
2026-04-04 08:00:00,0.269,13.8
2026-04-04 09:00:00,0.268,13.7
2026-04-04 10:00:00,0.267,13.6
2026-04-04 11:00:00,0.266,13.4
2026-04-04 12:00:00,0.265,13.2
2026-04-04 13:00:00,0.265,13.1
2026-04-04 14:00:00,0.264,12.9
2026-04-04 15:00:00,0.263,12.8
2026-04-04 16:00:00,0.263,12.6
2026-04-04 17:00:00,0.262,12.5
2026-04-04 18:00:00,0.262,12.3
2026-04-04 19:00:00,0.261,12.2
2026-04-04 20:00:00,0.261,12.1
2026-04-04 21:00:00,0.26,12
2026-04-04 22:00:00,0.26,11.9
2026-04-04 23:00:00,0.259,11.8
2026-04-05 00:00:00,0.259,11.8
2026-04-05 01:00:00,0.258,11.8
2026-04-05 02:00:00,0.256,12
2026-04-05 03:00:00,0.254,12.5
2026-04-05 04:00:00,0.252,13.1
2026-04-05 05:00:00,0.25,13.6
2026-04-05 06:00:00,0.249,13.9
2026-04-05 07:00:00,0.248,14.1
2026-04-05 08:00:00,0.247,14.1
2026-04-05 09:00:00,0.246,14.1
2026-04-05 10:00:00,0.246,14
2026-04-05 11:00:00,0.245,13.8
2026-04-05 12:00:00,0.245,13.6
2026-04-05 13:00:00,0.245,13.4
2026-04-05 14:00:00,0.245,13.3
2026-04-05 15:00:00,0.245,13.1
2026-04-05 16:00:00,0.244,13.1
2026-04-05 17:00:00,0.244,13
2026-04-05 18:00:00,0.244,12.9
2026-04-05 19:00:00,0.244,12.9
2026-04-05 20:00:00,0.243,12.8
2026-04-05 21:00:00,0.243,12.8
2026-04-05 22:00:00,0.244,12.8
2026-04-05 23:00:00,0.247,12.8
2026-04-06 00:00:00,0.248,12.8
2026-04-06 01:00:00,0.249,12.9
2026-04-06 02:00:00,0.249,13.1
2026-04-06 03:00:00,0.249,13.2
2026-04-06 04:00:00,0.249,13.4
2026-04-06 05:00:00,0.249,13.5
2026-04-06 06:00:00,0.25,13.6
2026-04-06 07:00:00,0.25,13.6
2026-04-06 08:00:00,0.25,13.6
2026-04-06 09:00:00,0.25,13.6
2026-04-06 10:00:00,0.25,13.5
2026-04-06 11:00:00,0.25,13.4
2026-04-06 12:00:00,0.25,13.2
2026-04-06 13:00:00,0.25,13
2026-04-06 14:00:00,0.25,12.8
2026-04-06 15:00:00,0.25,12.6
2026-04-06 16:00:00,0.25,12.4
2026-04-06 17:00:00,0.25,12.2
2026-04-06 18:00:00,0.25,12
2026-04-06 19:00:00,0.25,11.8
2026-04-06 20:00:00,0.25,11.6
2026-04-06 21:00:00,0.25,11.4
2026-04-06 22:00:00,0.25,11.1
2026-04-06 23:00:00,0.25,11
2026-04-07 00:00:00,0.25,10.9
2026-04-07 01:00:00,0.249,10.9
2026-04-07 02:00:00,0.247,11.2
2026-04-07 03:00:00,0.245,11.8
2026-04-07 04:00:00,0.243,12.5
2026-04-07 05:00:00,0.242,13.1
2026-04-07 06:00:00,0.241,13.3
2026-04-07 07:00:00,0.24,13.4
2026-04-07 08:00:00,0.24,13.4
2026-04-07 09:00:00,0.239,13.2
2026-04-07 10:00:00,0.239,13
2026-04-07 11:00:00,0.239,12.8
2026-04-07 12:00:00,0.239,12.5
2026-04-07 13:00:00,0.239,12.2
2026-04-07 14:00:00,0.238,11.9
2026-04-07 15:00:00,0.238,11.6
2026-04-07 16:00:00,0.238,11.4
2026-04-07 17:00:00,0.238,11.1
2026-04-07 18:00:00,0.238,10.8
2026-04-07 19:00:00,0.238,10.6
2026-04-07 20:00:00,0.238,10.4
2026-04-07 21:00:00,0.238,10.2
2026-04-07 22:00:00,0.238,10
2026-04-07 23:00:00,0.238,9.8
2026-04-08 00:00:00,0.238,9.7
2026-04-08 01:00:00,0.236,9.8
2026-04-08 02:00:00,0.235,10.1
2026-04-08 03:00:00,0.232,10.8
2026-04-08 04:00:00,0.23,11.6
2026-04-08 05:00:00,0.228,12.4
2026-04-08 06:00:00,0.227,12.8
2026-04-08 07:00:00,0.226,13.1
2026-04-08 08:00:00,0.226,13.1
2026-04-08 09:00:00,0.225,13.1
2026-04-08 10:00:00,0.225,13.1
2026-04-08 11:00:00,0.225,12.9
2026-04-08 12:00:00,0.225,12.7
2026-04-08 13:00:00,0.225,12.5
2026-04-08 14:00:00,0.224,12.3
2026-04-08 15:00:00,0.224,12.1
2026-04-08 16:00:00,0.224,12
2026-04-08 17:00:00,0.224,11.9
2026-04-08 18:00:00,0.224,11.8
2026-04-08 19:00:00,0.224,11.7
2026-04-08 20:00:00,0.224,11.6
2026-04-08 21:00:00,0.223,11.6
2026-04-08 22:00:00,0.223,11.6
2026-04-08 23:00:00,0.223,11.6
2026-04-09 00:00:00,0.223,11.6
2026-04-09 01:00:00,0.229,11.6
2026-04-09 02:00:00,0.241,11.7
2026-04-09 03:00:00,0.267,11.8
2026-04-09 04:00:00,0.289,12
2026-04-09 05:00:00,0.298,12.2
2026-04-09 06:00:00,0.297,12.4
2026-04-09 07:00:00,0.311,12.7
2026-04-09 08:00:00,0.317,13.4
2026-04-09 09:00:00,0.305,13.5
2026-04-09 10:00:00,0.298,13.5
2026-04-09 11:00:00,0.294,13.5
2026-04-09 12:00:00,0.291,13.5
2026-04-09 13:00:00,0.288,13.5
2026-04-09 14:00:00,0.286,13.5
2026-04-09 15:00:00,0.285,13.5
2026-04-09 16:00:00,0.283,13.5
2026-04-09 17:00:00,0.282,13.4
2026-04-09 18:00:00,0.281,13.4
2026-04-09 19:00:00,0.28,13.4
2026-04-09 20:00:00,0.279,13.3
2026-04-09 21:00:00,0.278,13.2
2026-04-09 22:00:00,0.277,13.1
2026-04-09 23:00:00,0.276,13.1
2026-04-10 00:00:00,0.276,13
2026-04-10 01:00:00,0.275,12.9
2026-04-10 02:00:00,0.274,12.9
2026-04-10 03:00:00,0.274,12.9
2026-04-10 04:00:00,0.273,12.9
2026-04-10 05:00:00,0.272,13
2026-04-10 06:00:00,0.272,13
2026-04-10 07:00:00,0.271,13
2026-04-10 08:00:00,0.27,12.9
2026-04-10 09:00:00,0.27,12.9
2026-04-10 10:00:00,0.269,12.8
2026-04-10 11:00:00,0.269,12.8
2026-04-10 12:00:00,0.269,12.7
2026-04-10 13:00:00,0.268,12.6
2026-04-10 14:00:00,0.268,12.5
2026-04-10 15:00:00,0.267,12.4
2026-04-10 16:00:00,0.267,12.4
2026-04-10 17:00:00,0.267,12.3
2026-04-10 18:00:00,0.266,12.3
2026-04-10 19:00:00,0.266,12.2
2026-04-10 20:00:00,0.266,12.2
2026-04-10 21:00:00,0.265,12.1
2026-04-10 22:00:00,0.265,12.1
2026-04-10 23:00:00,0.265,12.1
2026-04-11 00:00:00,0.264,12.1
2026-04-11 01:00:00,0.263,12.2
2026-04-11 02:00:00,0.262,12.5
2026-04-11 03:00:00,0.26,13
2026-04-11 04:00:00,0.258,13.6
2026-04-11 05:00:00,0.256,14
2026-04-11 06:00:00,0.255,14.4
2026-04-11 07:00:00,0.254,14.5
2026-04-11 08:00:00,0.253,14.6
2026-04-11 09:00:00,0.253,14.6
2026-04-11 10:00:00,0.252,14.5
2026-04-11 11:00:00,0.252,14.4
2026-04-11 12:00:00,0.252,14.3
2026-04-11 13:00:00,0.252,14.1
2026-04-11 14:00:00,0.252,14
2026-04-11 15:00:00,0.251,13.8
2026-04-11 16:00:00,0.251,13.7
2026-04-11 17:00:00,0.251,13.5
2026-04-11 18:00:00,0.251,13.4
2026-04-11 19:00:00,0.251,13.4
2026-04-11 20:00:00,0.251,13.3
2026-04-11 21:00:00,0.25,13.2
2026-04-11 22:00:00,0.25,13.1
2026-04-11 23:00:00,0.25,13.1
2026-04-12 00:00:00,0.25,13.1
2026-04-12 01:00:00,0.249,13.1
2026-04-12 02:00:00,0.248,13.3
2026-04-12 03:00:00,0.247,13.6
2026-04-12 04:00:00,0.246,13.9
2026-04-12 05:00:00,0.245,14.2
2026-04-12 06:00:00,0.243,14.4
2026-04-12 07:00:00,0.242,14.6
2026-04-12 08:00:00,0.242,14.8
2026-04-12 09:00:00,0.241,14.8
2026-04-12 10:00:00,0.241,14.8
2026-04-12 11:00:00,0.241,14.7
2026-04-12 12:00:00,0.241,14.6
2026-04-12 13:00:00,0.24,14.5
2026-04-12 14:00:00,0.24,14.4
2026-04-12 15:00:00,0.24,14.2
2026-04-12 16:00:00,0.24,14.1
2026-04-12 17:00:00,0.24,14
2026-04-12 18:00:00,0.24,13.9
2026-04-12 19:00:00,0.239,13.8
2026-04-12 20:00:00,0.239,13.8
2026-04-12 21:00:00,0.239,13.7
2026-04-12 22:00:00,0.239,13.6
2026-04-12 23:00:00,0.238,13.5
2026-04-13 00:00:00,0.237,13.4
2026-04-13 01:00:00,0.235,13.5
2026-04-13 02:00:00,0.233,13.8
2026-04-13 03:00:00,0.23,14.3
2026-04-13 04:00:00,0.228,14.7
2026-04-13 05:00:00,0.226,15.1
2026-04-13 06:00:00,0.225,15.3
2026-04-13 07:00:00,0.224,15.4
2026-04-13 08:00:00,0.223,15.5
2026-04-13 09:00:00,0.222,15.4
2026-04-13 10:00:00,0.222,15.4
2026-04-13 11:00:00,0.222,15.2
2026-04-13 12:00:00,0.222,15.1
2026-04-13 13:00:00,0.222,15
2026-04-13 14:00:00,0.222,14.8
2026-04-13 15:00:00,0.222,14.7
2026-04-13 16:00:00,0.222,14.5
2026-04-13 17:00:00,0.221,14.4
2026-04-13 18:00:00,0.221,14.3
2026-04-13 19:00:00,0.221,14.2
2026-04-13 20:00:00,0.221,14.2
2026-04-13 21:00:00,0.221,14.1
2026-04-13 22:00:00,0.221,14
2026-04-13 23:00:00,0.22,14
2026-04-14 00:00:00,0.22,14
2026-04-14 01:00:00,0.22,14
2026-04-14 02:00:00,0.219,14.1
2026-04-14 03:00:00,0.218,14.2
2026-04-14 04:00:00,0.218,14.4
2026-04-14 05:00:00,0.217,14.5
2026-04-14 06:00:00,0.216,14.6
2026-04-14 07:00:00,0.216,14.7
2026-04-14 08:00:00,0.215,14.8
2026-04-14 09:00:00,0.214,14.9
2026-04-14 10:00:00,0.214,14.9
2026-04-14 11:00:00,0.214,14.8
2026-04-14 12:00:00,0.214,14.8
2026-04-14 13:00:00,0.213,14.7
2026-04-14 14:00:00,0.213,14.6
2026-04-14 15:00:00,0.213,14.4
2026-04-14 16:00:00,0.213,14.3
2026-04-14 17:00:00,0.213,14.1
2026-04-14 18:00:00,0.213,13.9
2026-04-14 19:00:00,0.213,13.7
2026-04-14 20:00:00,0.213,13.6
2026-04-14 21:00:00,0.213,13.4
2026-04-14 22:00:00,0.212,13.3
2026-04-14 23:00:00,0.212,13.2
2026-04-15 00:00:00,0.212,13.1
2026-04-15 01:00:00,0.21,13.2
2026-04-15 02:00:00,0.208,13.5
2026-04-15 03:00:00,0.205,14
2026-04-15 04:00:00,0.203,14.6
2026-04-15 05:00:00,0.201,15.2
2026-04-15 06:00:00,0.2,15.5
2026-04-15 07:00:00,0.198,15.7
2026-04-15 08:00:00,0.198,15.6
2026-04-15 09:00:00,0.197,15.6
2026-04-15 10:00:00,0.197,15.5
2026-04-15 11:00:00,0.197,15.3
2026-04-15 12:00:00,0.197,15.1
2026-04-15 13:00:00,0.197,14.9
2026-04-15 14:00:00,0.197,14.6
2026-04-15 15:00:00,0.197,14.4
2026-04-15 16:00:00,0.197,14.2
2026-04-15 17:00:00,0.197,14
2026-04-15 18:00:00,0.197,13.8
2026-04-15 19:00:00,0.196,13.6
2026-04-15 20:00:00,0.196,13.5
2026-04-15 21:00:00,0.196,13.3
2026-04-15 22:00:00,0.196,13.2
2026-04-15 23:00:00,0.196,13.1
2026-04-16 00:00:00,0.195,13.1
2026-04-16 01:00:00,0.194,13.2
2026-04-16 02:00:00,0.191,13.6
2026-04-16 03:00:00,0.188,14.3
2026-04-16 04:00:00,0.185,15.1
2026-04-16 05:00:00,0.183,15.8
2026-04-16 06:00:00,0.182,16.2
2026-04-16 07:00:00,0.18,16.3
2026-04-16 08:00:00,0.176,16.3
2026-04-16 09:00:00,0.176,16.2
2026-04-16 10:00:00,0.175,16
2026-04-16 11:00:00,0.175,15.8
2026-04-16 12:00:00,0.175,15.6
2026-04-16 13:00:00,0.175,15.4
2026-04-16 14:00:00,0.175,15.2
2026-04-16 15:00:00,0.175,15.1
2026-04-16 16:00:00,0.175,14.9
2026-04-16 17:00:00,0.175,14.8
2026-04-16 18:00:00,0.175,14.7
2026-04-16 19:00:00,0.175,14.5
2026-04-16 20:00:00,0.175,14.4
2026-04-16 21:00:00,0.175,14.3
2026-04-16 22:00:00,0.175,14.2
2026-04-16 23:00:00,0.175,14.2
2026-04-17 00:00:00,0.175,14.1
2026-04-17 01:00:00,0.174,14.1
2026-04-17 02:00:00,0.174,14.2
2026-04-17 03:00:00,0.174,14.2
2026-04-17 04:00:00,0.175,14.3
2026-04-17 05:00:00,0.176,14.3
2026-04-17 06:00:00,0.176,14.4
2026-04-17 07:00:00,0.178,14.4
2026-04-17 08:00:00,0.182,14.4
2026-04-17 09:00:00,0.184,14.4
2026-04-17 10:00:00,0.188,14.4
2026-04-17 11:00:00,0.194,14.4
2026-04-17 12:00:00,0.195,14.4
2026-04-17 13:00:00,0.195,14.3
2026-04-17 14:00:00,0.195,14.3
2026-04-17 15:00:00,0.195,14.3
2026-04-17 16:00:00,0.195,14.3
2026-04-17 17:00:00,0.196,14.3
2026-04-17 18:00:00,0.196,14.3
2026-04-17 19:00:00,0.197,14.2
2026-04-17 20:00:00,0.198,14.2
2026-04-17 21:00:00,0.198,14.2
2026-04-17 22:00:00,0.199,14.2
2026-04-17 23:00:00,0.199,14.2
2026-04-18 00:00:00,0.199,14.2
2026-04-18 01:00:00,0.199,14.4
2026-04-18 02:00:00,0.199,14.6
2026-04-18 03:00:00,0.199,15.1
2026-04-18 04:00:00,0.198,15.5
2026-04-18 05:00:00,0.198,16
2026-04-18 06:00:00,0.197,16.3
2026-04-18 07:00:00,0.197,16.5
2026-04-18 08:00:00,0.197,16.6
2026-04-18 09:00:00,0.197,16.6
2026-04-18 10:00:00,0.197,16.6
2026-04-18 11:00:00,0.197,16.6
2026-04-18 12:00:00,0.197,16.5
2026-04-18 13:00:00,0.197,16.4
2026-04-18 14:00:00,0.197,16.2
2026-04-18 15:00:00,0.197,16.1
2026-04-18 16:00:00,0.197,16
2026-04-18 17:00:00,0.197,15.9
2026-04-18 18:00:00,0.197,15.7
2026-04-18 19:00:00,0.197,15.6
2026-04-18 20:00:00,0.197,15.5
2026-04-18 21:00:00,0.197,15.4
2026-04-18 22:00:00,0.197,15.3
2026-04-18 23:00:00,0.197,15.2
2026-04-19 00:00:00,0.197,15.3
2026-04-19 01:00:00,0.197,15.4
2026-04-19 02:00:00,0.197,15.6
2026-04-19 03:00:00,0.196,15.7
2026-04-19 04:00:00,0.196,15.9
2026-04-19 05:00:00,0.196,16.1
2026-04-19 06:00:00,0.195,16.3
2026-04-19 07:00:00,0.195,16.5
2026-04-19 08:00:00,0.195,16.6
2026-04-19 09:00:00,0.195,16.6
2026-04-19 10:00:00,0.194,16.6
2026-04-19 11:00:00,0.194,16.5
2026-04-19 12:00:00,0.194,16.4
2026-04-19 13:00:00,0.194,16.3
2026-04-19 14:00:00,0.194,16.1
2026-04-19 15:00:00,0.194,15.9
2026-04-19 16:00:00,0.194,15.8
2026-04-19 17:00:00,0.194,15.6
2026-04-19 18:00:00,0.194,15.5
2026-04-19 19:00:00,0.194,15.3
2026-04-19 20:00:00,0.194,15.2
2026-04-19 21:00:00,0.194,15.2
2026-04-19 22:00:00,0.194,15.1
2026-04-19 23:00:00,0.194,15
2026-04-20 00:00:00,0.194,15
2026-04-20 01:00:00,0.194,15.1
2026-04-20 02:00:00,0.193,15.2
2026-04-20 03:00:00,0.193,15.3
2026-04-20 04:00:00,0.192,15.4
2026-04-20 05:00:00,0.192,15.4
2026-04-20 06:00:00,0.192,15.4
2026-04-20 07:00:00,0.192,15.4
2026-04-20 08:00:00,0.192,15.3
2026-04-20 09:00:00,0.191,15.2
2026-04-20 10:00:00,0.191,15.1
2026-04-20 11:00:00,0.191,14.9
2026-04-20 12:00:00,0.191,14.7
2026-04-20 13:00:00,0.191,14.5
2026-04-20 14:00:00,0.191,14.2
2026-04-20 15:00:00,0.191,13.9
2026-04-20 16:00:00,0.191,13.7
2026-04-20 17:00:00,0.191,13.4
2026-04-20 18:00:00,0.191,13.1
2026-04-20 19:00:00,0.191,12.9
2026-04-20 20:00:00,0.191,12.6
2026-04-20 21:00:00,0.191,12.4
2026-04-20 22:00:00,0.191,12.2
2026-04-20 23:00:00,0.191,12
2026-04-21 00:00:00,0.191,12
2026-04-21 01:00:00,0.19,12.1
2026-04-21 02:00:00,0.189,12.4
2026-04-21 03:00:00,0.187,13
2026-04-21 04:00:00,0.185,13.7
2026-04-21 05:00:00,0.184,14.5
2026-04-21 06:00:00,0.183,14.9
2026-04-21 07:00:00,0.182,15.1
2026-04-21 08:00:00,0.182,15.1
2026-04-21 09:00:00,0.182,15.1
2026-04-21 10:00:00,0.182,15.1
2026-04-21 11:00:00,0.182,15
2026-04-21 12:00:00,0.182,14.8
2026-04-21 13:00:00,0.182,14.6
2026-04-21 14:00:00,0.182,14.5
2026-04-21 15:00:00,0.182,14.3
2026-04-21 16:00:00,0.182,14.1
2026-04-21 17:00:00,0.182,14
2026-04-21 18:00:00,0.182,13.9
2026-04-21 19:00:00,0.182,13.8
2026-04-21 20:00:00,0.182,13.7
2026-04-21 21:00:00,0.181,13.6
2026-04-21 22:00:00,0.181,13.5
2026-04-21 23:00:00,0.181,13.4
2026-04-22 00:00:00,0.181,13.4
2026-04-22 01:00:00,0.181,13.4
2026-04-22 02:00:00,0.181,13.4
2026-04-22 03:00:00,0.181,13.5
2026-04-22 04:00:00,0.181,13.5
2026-04-22 05:00:00,0.181,13.6
2026-04-22 06:00:00,0.181,13.7
2026-04-22 07:00:00,0.181,13.8
2026-04-22 08:00:00,0.181,13.8
2026-04-22 09:00:00,0.181,13.8
2026-04-22 10:00:00,0.181,13.9
2026-04-22 11:00:00,0.181,13.9
2026-04-22 12:00:00,0.181,13.8
2026-04-22 13:00:00,0.181,13.8
2026-04-22 14:00:00,0.181,13.7
2026-04-22 15:00:00,0.181,13.7
2026-04-22 16:00:00,0.181,13.7
2026-04-22 17:00:00,0.181,13.6
2026-04-22 18:00:00,0.181,13.6
2026-04-22 19:00:00,0.181,13.5
2026-04-22 20:00:00,0.18,13.5
2026-04-22 21:00:00,0.181,13.4
2026-04-22 22:00:00,0.18,13.3
2026-04-22 23:00:00,0.18,13.3
2026-04-23 00:00:00,0.18,13.3
2026-04-23 01:00:00,0.18,13.3
2026-04-23 02:00:00,0.179,13.5
2026-04-23 03:00:00,0.178,13.8
2026-04-23 04:00:00,0.177,14.3
2026-04-23 05:00:00,0.176,14.8
2026-04-23 06:00:00,0.175,15.2
2026-04-23 07:00:00,0.175,15.3
2026-04-23 08:00:00,0.174,15.4
2026-04-23 09:00:00,0.174,15.4
2026-04-23 10:00:00,0.174,15.4
2026-04-23 11:00:00,0.174,15.3
2026-04-23 12:00:00,0.174,15.2
2026-04-23 13:00:00,0.174,15
2026-04-23 14:00:00,0.174,14.8
2026-04-23 15:00:00,0.174,14.7
2026-04-23 16:00:00,0.174,14.5
2026-04-23 17:00:00,0.174,14.4
2026-04-23 18:00:00,0.174,14.2
2026-04-23 19:00:00,0.174,14.1
2026-04-23 20:00:00,0.174,13.9
2026-04-23 21:00:00,0.174,13.7
2026-04-23 22:00:00,0.174,13.6
2026-04-23 23:00:00,0.174,13.5
2026-04-24 00:00:00,0.174,13.5
2026-04-24 01:00:00,0.173,13.7
2026-04-24 02:00:00,0.171,14
2026-04-24 03:00:00,0.169,14.5
2026-04-24 04:00:00,0.167,15.2
2026-04-24 05:00:00,0.166,15.8
2026-04-24 06:00:00,0.166,16.2
2026-04-24 07:00:00,0.165,16.3
2026-04-24 08:00:00,0.165,16.4
2026-04-24 09:00:00,0.165,16.3
2026-04-24 10:00:00,0.165,16.2
2026-04-24 11:00:00,0.165,16
2026-04-24 12:00:00,0.165,15.8
2026-04-24 13:00:00,0.165,15.5
2026-04-24 14:00:00,0.165,15.3
2026-04-24 15:00:00,0.165,15
2026-04-24 16:00:00,0.165,14.8
2026-04-24 17:00:00,0.165,14.5
2026-04-24 18:00:00,0.165,14.3
2026-04-24 19:00:00,0.165,14.1
2026-04-24 20:00:00,0.165,13.9
2026-04-24 21:00:00,0.165,13.7
2026-04-24 22:00:00,0.165,13.5
2026-04-24 23:00:00,0.165,13.4
2026-04-25 00:00:00,0.165,13.4
2026-04-25 01:00:00,0.163,13.5
2026-04-25 02:00:00,0.162,13.9
2026-04-25 03:00:00,0.159,14.5
2026-04-25 04:00:00,0.157,15.2
2026-04-25 05:00:00,0.156,15.9
2026-04-25 06:00:00,0.156,16.3
2026-04-25 07:00:00,0.155,16.4
2026-04-25 08:00:00,0.155,16.5
2026-04-25 09:00:00,0.155,16.4
2026-04-25 10:00:00,0.155,16.3
2026-04-25 11:00:00,0.155,16.2
2026-04-25 12:00:00,0.155,16
2026-04-25 13:00:00,0.155,15.7
2026-04-25 14:00:00,0.155,15.5
2026-04-25 15:00:00,0.155,15.2
2026-04-25 16:00:00,0.155,15
2026-04-25 17:00:00,0.155,14.7
2026-04-25 18:00:00,0.155,14.5
2026-04-25 19:00:00,0.155,14.2
2026-04-25 20:00:00,0.155,14
2026-04-25 21:00:00,0.155,13.9
2026-04-25 22:00:00,0.155,13.7
2026-04-25 23:00:00,0.155,13.6
2026-04-26 00:00:00,0.155,13.6
2026-04-26 01:00:00,0.154,13.8
2026-04-26 02:00:00,0.152,14.1
2026-04-26 03:00:00,0.15,14.7
2026-04-26 04:00:00,0.149,15.3
2026-04-26 05:00:00,0.148,16
2026-04-26 06:00:00,0.148,16.3
2026-04-26 07:00:00,0.147,16.5
2026-04-26 08:00:00,0.147,16.5
2026-04-26 09:00:00,0.147,16.4
2026-04-26 10:00:00,0.147,16.3
2026-04-26 11:00:00,0.147,16.1
2026-04-26 12:00:00,0.147,15.8
2026-04-26 13:00:00,0.147,15.6
2026-04-26 14:00:00,0.147,15.3
2026-04-26 15:00:00,0.147,15.1
2026-04-26 16:00:00,0.147,14.8
2026-04-26 17:00:00,0.147,14.5
2026-04-26 18:00:00,0.147,14.3
2026-04-26 19:00:00,0.147,14.1
2026-04-26 20:00:00,0.147,13.8
2026-04-26 21:00:00,0.147,13.6
2026-04-26 22:00:00,0.147,13.4
2026-04-26 23:00:00,0.147,13.3
2026-04-27 00:00:00,0.146,13.3
2026-04-27 01:00:00,0.145,13.5
2026-04-27 02:00:00,0.144,13.8
2026-04-27 03:00:00,0.142,14.4
2026-04-27 04:00:00,0.141,15.1
2026-04-27 05:00:00,0.14,15.7
2026-04-27 06:00:00,0.139,16
2026-04-27 07:00:00,0.139,16.2
2026-04-27 08:00:00,0.139,16.2
2026-04-27 09:00:00,0.138,16.1
2026-04-27 10:00:00,0.138,16
2026-04-27 11:00:00,0.138,15.9
2026-04-27 12:00:00,0.138,15.6
2026-04-27 13:00:00,0.138,15.4
2026-04-27 14:00:00,0.138,15.2
2026-04-27 15:00:00,0.139,15
2026-04-27 16:00:00,0.138,14.8
2026-04-27 17:00:00,0.139,14.6
2026-04-27 18:00:00,0.138,14.4
2026-04-27 19:00:00,0.138,14.3
2026-04-27 20:00:00,0.138,14.2
2026-04-27 21:00:00,0.138,14.2
2026-04-27 22:00:00,0.138,14.1
2026-04-27 23:00:00,0.138,14.1
2026-04-28 00:00:00,0.138,14.1
2026-04-28 01:00:00,0.137,14.3
2026-04-28 02:00:00,0.136,14.5
2026-04-28 03:00:00,0.135,14.7
2026-04-28 04:00:00,0.134,15.1
2026-04-28 05:00:00,0.134,15.5
2026-04-28 06:00:00,0.133,15.7
2026-04-28 07:00:00,0.133,15.8
2026-04-28 08:00:00,0.133,15.8
2026-04-28 09:00:00,0.132,15.8
2026-04-28 10:00:00,0.132,15.6
2026-04-28 11:00:00,0.132,15.4
2026-04-28 12:00:00,0.132,15.2
2026-04-28 13:00:00,0.132,15
2026-04-28 14:00:00,0.132,14.8
2026-04-28 15:00:00,0.132,14.6
2026-04-28 16:00:00,0.132,14.4
2026-04-28 17:00:00,0.132,14.3
2026-04-28 18:00:00,0.132,14.1
2026-04-28 19:00:00,0.132,13.9
2026-04-28 20:00:00,0.132,13.8
2026-04-28 21:00:00,0.132,13.6
2026-04-28 22:00:00,0.132,13.5
2026-04-28 23:00:00,0.132,13.4
2026-04-29 00:00:00,0.132,13.5
2026-04-29 01:00:00,0.131,13.6
2026-04-29 02:00:00,0.131,13.8
2026-04-29 03:00:00,0.13,14.1
2026-04-29 04:00:00,0.129,14.4
2026-04-29 05:00:00,0.129,14.6
2026-04-29 06:00:00,0.128,14.8
2026-04-29 07:00:00,0.128,15
2026-04-29 08:00:00,0.128,15.1
2026-04-29 09:00:00,0.128,15.1
2026-04-29 10:00:00,0.128,15
2026-04-29 11:00:00,0.128,14.9
2026-04-29 12:00:00,0.128,14.8
2026-04-29 13:00:00,0.128,14.7
2026-04-29 14:00:00,0.128,14.5
2026-04-29 15:00:00,0.128,14.4
2026-04-29 16:00:00,0.128,14.2
2026-04-29 17:00:00,0.128,14.1
2026-04-29 18:00:00,0.128,14
2026-04-29 19:00:00,0.128,13.9
2026-04-29 20:00:00,0.128,13.8
2026-04-29 21:00:00,0.128,13.7
2026-04-29 22:00:00,0.128,13.6
2026-04-29 23:00:00,0.128,13.6
2026-04-30 00:00:00,0.127,13.6
2026-04-30 01:00:00,0.127,13.7
2026-04-30 02:00:00,0.126,13.9
2026-04-30 03:00:00,0.126,14.1
2026-04-30 04:00:00,0.125,14.5
2026-04-30 05:00:00,0.125,14.8
2026-04-30 06:00:00,0.124,15
2026-04-30 07:00:00,0.124,15.1
2026-04-30 08:00:00,0.124,15.2
2026-04-30 09:00:00,0.124,15.1
2026-04-30 10:00:00,0.123,15.1
2026-04-30 11:00:00,0.123,15
2026-04-30 12:00:00,0.123,14.9
2026-04-30 13:00:00,0.122,14.7
2026-04-30 14:00:00,0.122,14.6
2026-04-30 15:00:00,0.121,14.5
2026-04-30 16:00:00,0.12,14.3
2026-04-30 17:00:00,0.12,14.1
2026-04-30 18:00:00,0.12,13.8
2026-04-30 19:00:00,0.12,13.6
2026-04-30 20:00:00,0.12,13.4
2026-04-30 21:00:00,0.12,13.2
2026-04-30 22:00:00,0.12,13.1
2026-04-30 23:00:00,0.12,13.1
2026-05-01 00:00:00,0.119,13.2
2026-05-01 01:00:00,0.118,13.4
2026-05-01 02:00:00,0.117,13.9
2026-05-01 03:00:00,0.116,14.7
2026-05-01 04:00:00,0.115,15.5
2026-05-01 05:00:00,0.115,16.1
2026-05-01 06:00:00,0.115,16.4
2026-05-01 07:00:00,0.114,16.3
2026-05-01 08:00:00,0.114,16.2
2026-05-01 09:00:00,0.114,16.1
2026-05-01 10:00:00,0.114,15.9
2026-05-01 11:00:00,0.114,15.7
2026-05-01 12:00:00,0.114,15.5
2026-05-01 13:00:00,0.114,15.2
2026-05-01 14:00:00,0.114,15
2026-05-01 15:00:00,0.114,14.7
2026-05-01 16:00:00,0.114,14.5
2026-05-01 17:00:00,0.114,14.3
2026-05-01 18:00:00,0.114,14.1
2026-05-01 19:00:00,0.114,13.9
2026-05-01 20:00:00,0.114,13.8
2026-05-01 21:00:00,0.114,13.6
2026-05-01 22:00:00,0.114,13.5
2026-05-01 23:00:00,0.114,13.5
2026-05-02 00:00:00,0.114,13.5
2026-05-02 01:00:00,0.113,13.7
2026-05-02 02:00:00,0.113,14
2026-05-02 03:00:00,0.113,14.3
2026-05-02 04:00:00,0.112,14.6
2026-05-02 05:00:00,0.112,14.8
2026-05-02 06:00:00,0.112,15
2026-05-02 07:00:00,0.112,15.1
2026-05-02 08:00:00,0.111,15.3
2026-05-02 09:00:00,0.111,15.3
2026-05-02 10:00:00,0.111,15.3
2026-05-02 11:00:00,0.111,15.3
2026-05-02 12:00:00,0.111,15.2
2026-05-02 13:00:00,0.111,15.2
2026-05-02 14:00:00,0.111,15.1
2026-05-02 15:00:00,0.111,15
2026-05-02 16:00:00,0.111,14.9
2026-05-02 17:00:00,0.112,14.8
2026-05-02 18:00:00,0.112,14.7
2026-05-02 19:00:00,0.112,14.6
2026-05-02 20:00:00,0.112,14.5
2026-05-02 21:00:00,0.113,14.4
2026-05-02 22:00:00,0.113,14.4
2026-05-02 23:00:00,0.113,14.3
2026-05-03 00:00:00,0.114,14.3
2026-05-03 01:00:00,0.114,14.3
2026-05-03 02:00:00,0.114,14.4
2026-05-03 03:00:00,0.114,14.4
2026-05-03 04:00:00,0.114,14.5
2026-05-03 05:00:00,0.114,14.5
2026-05-03 06:00:00,0.114,14.6
2026-05-03 07:00:00,0.114,14.6
2026-05-03 08:00:00,0.114,14.6
2026-05-03 09:00:00,0.114,14.7
2026-05-03 10:00:00,0.114,14.6
2026-05-03 11:00:00,0.114,14.6
2026-05-03 12:00:00,0.114,14.6
2026-05-03 13:00:00,0.114,14.5
2026-05-03 14:00:00,0.114,14.4
2026-05-03 15:00:00,0.115,14.4
2026-05-03 16:00:00,0.115,14.3
2026-05-03 17:00:00,0.115,14.2
2026-05-03 18:00:00,0.115,14.1
2026-05-03 19:00:00,0.115,14
2026-05-03 20:00:00,0.115,13.9
2026-05-03 21:00:00,0.115,13.8
2026-05-03 22:00:00,0.115,13.7
2026-05-03 23:00:00,0.115,13.7
2026-05-04 00:00:00,0.115,13.8
2026-05-04 01:00:00,0.115,14
2026-05-04 02:00:00,0.114,14.5
2026-05-04 03:00:00,0.114,15.1
2026-05-04 04:00:00,0.114,15.9
2026-05-04 05:00:00,0.114,16.4
2026-05-04 06:00:00,0.114,16.6
2026-05-04 07:00:00,0.114,16.6
2026-05-04 08:00:00,0.114,16.5
2026-05-04 09:00:00,0.114,16.4
2026-05-04 10:00:00,0.114,16.2
2026-05-04 11:00:00,0.114,16
2026-05-04 12:00:00,0.114,15.7
2026-05-04 13:00:00,0.114,15.4
2026-05-04 14:00:00,0.114,15.1
2026-05-04 15:00:00,0.114,14.8
2026-05-04 16:00:00,0.114,14.5
2026-05-04 17:00:00,0.114,14.2
2026-05-04 18:00:00,0.114,14
2026-05-04 19:00:00,0.114,13.7
2026-05-04 20:00:00,0.115,13.4
2026-05-04 21:00:00,0.115,13.2
2026-05-04 22:00:00,0.115,13
2026-05-04 23:00:00,0.115,12.9
2026-05-05 00:00:00,0.115,12.9
2026-05-05 01:00:00,0.114,13.1
2026-05-05 02:00:00,0.113,13.6
2026-05-05 03:00:00,0.113,14.3
2026-05-05 04:00:00,0.112,15.1
2026-05-05 05:00:00,0.112,15.6
2026-05-05 06:00:00,0.112,15.8
2026-05-05 07:00:00,0.112,15.8
2026-05-05 08:00:00,0.112,15.8
2026-05-05 09:00:00,0.112,15.7
2026-05-05 10:00:00,0.112,15.6
2026-05-05 11:00:00,0.112,15.4
2026-05-05 12:00:00,0.112,15.2
2026-05-05 13:00:00,0.112,15
2026-05-05 14:00:00,0.112,14.8
2026-05-05 15:00:00,0.112,14.6
2026-05-05 16:00:00,0.113,14.4
2026-05-05 17:00:00,0.113,14.2
2026-05-05 18:00:00,0.113,14
2026-05-05 19:00:00,0.113,13.9
2026-05-05 20:00:00,0.113,13.7
2026-05-05 21:00:00,0.113,13.5
2026-05-05 22:00:00,0.113,13.3
2026-05-05 23:00:00,0.113,13.3
2026-05-06 00:00:00,0.113,13.4
2026-05-06 01:00:00,0.112,13.6
2026-05-06 02:00:00,0.111,14.2
2026-05-06 03:00:00,0.111,14.9
2026-05-06 04:00:00,0.11,15.6
2026-05-06 05:00:00,0.11,16.2
2026-05-06 06:00:00,0.11,16.4
2026-05-06 07:00:00,0.11,16.5
2026-05-06 08:00:00,0.11,16.6
2026-05-06 09:00:00,0.11,16.5
2026-05-06 10:00:00,0.11,16.5
2026-05-06 11:00:00,0.11,16.3
2026-05-06 12:00:00,0.11,16.1
2026-05-06 13:00:00,0.11,15.8
2026-05-06 14:00:00,0.11,15.5
2026-05-06 15:00:00,0.11,15.3
2026-05-06 16:00:00,0.11,15
2026-05-06 17:00:00,0.11,14.8
2026-05-06 18:00:00,0.11,14.7
2026-05-06 19:00:00,0.11,14.5
2026-05-06 20:00:00,0.11,14.3
2026-05-06 21:00:00,0.11,14.2
2026-05-06 22:00:00,0.11,14
2026-05-06 23:00:00,0.11,14
2026-05-07 00:00:00,0.11,14.1
2026-05-07 01:00:00,0.11,14.3
2026-05-07 02:00:00,0.109,14.8
2026-05-07 03:00:00,0.108,15.5
2026-05-07 04:00:00,0.108,16.2
2026-05-07 05:00:00,0.107,16.7
2026-05-07 06:00:00,0.107,16.9
2026-05-07 07:00:00,0.107,17.1
2026-05-07 08:00:00,0.107,17.1
2026-05-07 09:00:00,0.107,17.1
2026-05-07 10:00:00,0.107,17
2026-05-07 11:00:00,0.107,16.8
2026-05-07 12:00:00,0.107,16.7
2026-05-07 13:00:00,0.107,16.5
2026-05-07 14:00:00,0.107,16.4
2026-05-07 15:00:00,0.107,16.2
2026-05-07 16:00:00,0.107,16
2026-05-07 17:00:00,0.107,15.9
2026-05-07 18:00:00,0.107,15.7
2026-05-07 19:00:00,0.107,15.5
2026-05-07 20:00:00,0.107,15.2
2026-05-07 21:00:00,0.107,15
2026-05-07 22:00:00,0.107,14.8
2026-05-07 23:00:00,0.107,14.7
2026-05-08 00:00:00,0.107,14.7
2026-05-08 01:00:00,0.106,15
2026-05-08 02:00:00,0.106,15.5
2026-05-08 03:00:00,0.105,16.3
2026-05-08 04:00:00,0.105,16.9
2026-05-08 05:00:00,0.105,17.3
2026-05-08 06:00:00,0.104,17.3
2026-05-08 07:00:00,0.104,17.2
2026-05-08 08:00:00,0.104,17
2026-05-08 09:00:00,0.104,16.9
2026-05-08 10:00:00,0.104,16.7
2026-05-08 11:00:00,0.104,16.4
2026-05-08 12:00:00,0.104,16.2
2026-05-08 13:00:00,0.104,15.9
2026-05-08 14:00:00,0.105,15.5
2026-05-08 15:00:00,0.104,15.2
2026-05-08 16:00:00,0.105,14.9
2026-05-08 17:00:00,0.105,14.6
2026-05-08 18:00:00,0.105,14.2
2026-05-08 19:00:00,0.105,13.9
2026-05-08 20:00:00,0.105,13.7
2026-05-08 21:00:00,0.105,13.4
2026-05-08 22:00:00,0.105,13.2
2026-05-08 23:00:00,0.105,13.2
2026-05-09 00:00:00,0.104,13.3
2026-05-09 01:00:00,0.104,13.6
2026-05-09 02:00:00,0.103,14.1
2026-05-09 03:00:00,0.103,14.9
2026-05-09 04:00:00,0.102,15.6
2026-05-09 05:00:00,0.102,16.1
2026-05-09 06:00:00,0.102,16.3
2026-05-09 07:00:00,0.102,16.3
2026-05-09 08:00:00,0.102,16.3
2026-05-09 09:00:00,0.101,16.2
2026-05-09 10:00:00,0.101,16.1
2026-05-09 11:00:00,0.102,15.9
2026-05-09 12:00:00,0.102,15.7
2026-05-09 13:00:00,0.102,15.4
2026-05-09 14:00:00,0.102,15.1
2026-05-09 15:00:00,0.102,14.8
2026-05-09 16:00:00,0.102,14.6
2026-05-09 17:00:00,0.102,14.3
2026-05-09 18:00:00,0.102,14
2026-05-09 19:00:00,0.102,13.8
2026-05-09 20:00:00,0.102,13.5
2026-05-09 21:00:00,0.102,13.3
2026-05-09 22:00:00,0.102,13.2
2026-05-09 23:00:00,0.102,13.2
2026-05-10 00:00:00,0.101,13.3
2026-05-10 01:00:00,0.101,13.7
2026-05-10 02:00:00,0.1,14.3
2026-05-10 03:00:00,0.099,15
2026-05-10 04:00:00,0.099,15.7
2026-05-10 05:00:00,0.099,16.2
2026-05-10 06:00:00,0.099,16.4
2026-05-10 07:00:00,0.099,16.5
2026-05-10 08:00:00,0.098,16.5
2026-05-10 09:00:00,0.098,16.5
2026-05-10 10:00:00,0.098,16.4
2026-05-10 11:00:00,0.098,16.3
2026-05-10 12:00:00,0.098,16.1
2026-05-10 13:00:00,0.098,15.9
2026-05-10 14:00:00,0.098,15.7
2026-05-10 15:00:00,0.098,15.5
2026-05-10 16:00:00,0.099,15.3
2026-05-10 17:00:00,0.099,15.1
2026-05-10 18:00:00,0.099,15
2026-05-10 19:00:00,0.099,14.9
2026-05-10 20:00:00,0.099,14.8
2026-05-10 21:00:00,0.099,14.8
2026-05-10 22:00:00,0.099,14.7
2026-05-10 23:00:00,0.098,14.8
2026-05-11 00:00:00,0.098,14.9
2026-05-11 01:00:00,0.098,15.2
2026-05-11 02:00:00,0.097,15.8
2026-05-11 03:00:00,0.097,16.4
2026-05-11 04:00:00,0.096,16.9
2026-05-11 05:00:00,0.096,17.3
2026-05-11 06:00:00,0.096,17.5
2026-05-11 07:00:00,0.096,17.5
2026-05-11 08:00:00,0.096,17.5
2026-05-11 09:00:00,0.096,17.5
2026-05-11 10:00:00,0.096,17.5
2026-05-11 11:00:00,0.096,17.4
2026-05-11 12:00:00,0.096,17.2
2026-05-11 13:00:00,0.096,17.1
2026-05-11 14:00:00,0.096,17
2026-05-11 15:00:00,0.096,16.9
2026-05-11 16:00:00,0.096,16.7
2026-05-11 17:00:00,0.096,16.6
2026-05-11 18:00:00,0.096,16.5
2026-05-11 19:00:00,0.096,16.4
2026-05-11 20:00:00,0.096,16.3
2026-05-11 21:00:00,0.096,16.3
2026-05-11 22:00:00,0.098,16.2
2026-05-11 23:00:00,0.098,16.2
2026-05-12 00:00:00,0.099,16
2026-05-12 01:00:00,0.099,15.9
2026-05-12 02:00:00,0.099,15.8
2026-05-12 03:00:00,0.099,15.8
2026-05-12 04:00:00,0.099,15.9
2026-05-12 05:00:00,0.098,16.1
2026-05-12 06:00:00,0.098,16.2
2026-05-12 07:00:00,0.098,16.4
2026-05-12 08:00:00,0.098,16.6
2026-05-12 09:00:00,0.098,16.7
2026-05-12 10:00:00,0.098,16.7
2026-05-12 11:00:00,0.098,16.7
2026-05-12 12:00:00,0.099,16.6
2026-05-12 13:00:00,0.099,16.4
2026-05-12 14:00:00,0.099,16.2
2026-05-12 15:00:00,0.099,16
2026-05-12 16:00:00,0.099,15.8
2026-05-12 17:00:00,0.099,15.7
2026-05-12 18:00:00,0.099,15.5
2026-05-12 19:00:00,0.099,15.4
2026-05-12 20:00:00,0.099,15.3
2026-05-12 21:00:00,0.099,15.3
2026-05-12 22:00:00,0.099,15.2
2026-05-12 23:00:00,0.099,15.2
2026-05-13 00:00:00,0.099,15.2
2026-05-13 01:00:00,0.099,15.3
2026-05-13 02:00:00,0.099,15.5
2026-05-13 03:00:00,0.099,16
2026-05-13 04:00:00,0.099,16.5
2026-05-13 05:00:00,0.099,17
2026-05-13 06:00:00,0.099,17.3
2026-05-13 07:00:00,0.099,17.4
2026-05-13 08:00:00,0.099,17.5
2026-05-13 09:00:00,0.099,17.5
2026-05-13 10:00:00,0.099,17.4
2026-05-13 11:00:00,0.099,17.3
2026-05-13 12:00:00,0.099,17.1
2026-05-13 13:00:00,0.099,17
2026-05-13 14:00:00,0.099,16.8
2026-05-13 15:00:00,0.099,16.6
2026-05-13 16:00:00,0.099,16.4
2026-05-13 17:00:00,0.099,16.2
2026-05-13 18:00:00,0.099,16
2026-05-13 19:00:00,0.099,15.9
2026-05-13 20:00:00,0.099,15.7
2026-05-13 21:00:00,0.099,15.6
2026-05-13 22:00:00,0.099,15.5
2026-05-13 23:00:00,0.099,15.5
2026-05-14 00:00:00,0.099,15.6
2026-05-14 01:00:00,0.099,15.9
2026-05-14 02:00:00,0.098,16.4
2026-05-14 03:00:00,0.098,17
2026-05-14 04:00:00,0.098,17.6
2026-05-14 05:00:00,0.098,18.1
2026-05-14 06:00:00,0.098,18.3
2026-05-14 07:00:00,0.098,18.4
2026-05-14 08:00:00,0.098,18.5
2026-05-14 09:00:00,0.098,18.5
2026-05-14 10:00:00,0.098,18.4
2026-05-14 11:00:00,0.098,18.3
2026-05-14 12:00:00,0.098,18.1
2026-05-14 13:00:00,0.098,17.9
2026-05-14 14:00:00,0.098,17.7
2026-05-14 15:00:00,0.098,17.5
2026-05-14 16:00:00,0.098,17.3
2026-05-14 17:00:00,0.098,17.1
2026-05-14 18:00:00,0.098,16.9
2026-05-14 19:00:00,0.098,16.7
2026-05-14 20:00:00,0.098,16.5
2026-05-14 21:00:00,0.098,16.3
2026-05-14 22:00:00,0.098,16.2
2026-05-14 23:00:00,0.098,16.2
2026-05-15 00:00:00,0.098,16.3
2026-05-15 01:00:00,0.098,16.6
2026-05-15 02:00:00,0.097,17.1
2026-05-15 03:00:00,0.097,17.8
2026-05-15 04:00:00,0.097,18.4
2026-05-15 05:00:00,0.096,18.8
2026-05-15 06:00:00,0.096,19
2026-05-15 07:00:00,0.096,19
2026-05-15 08:00:00,0.096,19
2026-05-15 09:00:00,0.096,19
2026-05-15 10:00:00,0.096,18.8
2026-05-15 11:00:00,0.097,18.7
2026-05-15 12:00:00,0.097,18.5
2026-05-15 13:00:00,0.097,18.2
2026-05-15 14:00:00,0.097,18
2026-05-15 15:00:00,0.097,17.8
2026-05-15 16:00:00,0.097,17.5
2026-05-15 17:00:00,0.097,17.3
2026-05-15 18:00:00,0.097,17.1
2026-05-15 19:00:00,0.097,16.9
2026-05-15 20:00:00,0.097,16.6
2026-05-15 21:00:00,0.097,16.5
2026-05-15 22:00:00,0.097,16.3
2026-05-15 23:00:00,0.097,16.3
2026-05-16 00:00:00,0.097,16.4
2026-05-16 01:00:00,0.096,16.7
2026-05-16 02:00:00,0.096,17.3
2026-05-16 03:00:00,0.096,17.9
2026-05-16 04:00:00,0.096,18.4
2026-05-16 05:00:00,0.095,18.8
2026-05-16 06:00:00,0.095,19
2026-05-16 07:00:00,0.095,19
2026-05-16 08:00:00,0.095,19
2026-05-16 09:00:00,0.095,18.9
2026-05-16 10:00:00,0.095,18.8
2026-05-16 11:00:00,0.096,18.7
2026-05-16 12:00:00,0.096,18.5
2026-05-16 13:00:00,0.096,18.2
2026-05-16 14:00:00,0.096,18
2026-05-16 15:00:00,0.096,17.7
2026-05-16 16:00:00,0.096,17.5
2026-05-16 17:00:00,0.096,17.2
2026-05-16 18:00:00,0.096,17
2026-05-16 19:00:00,0.096,16.7
2026-05-16 20:00:00,0.096,16.5
2026-05-16 21:00:00,0.096,16.3
2026-05-16 22:00:00,0.096,16.2
2026-05-16 23:00:00,0.096,16.2
2026-05-17 00:00:00,0.095,16.3
2026-05-17 01:00:00,0.095,16.6
2026-05-17 02:00:00,0.095,17.2
2026-05-17 03:00:00,0.095,17.9
2026-05-17 04:00:00,0.095,18.5
2026-05-17 05:00:00,0.094,18.9
2026-05-17 06:00:00,0.094,19.1
2026-05-17 07:00:00,0.094,19.1
2026-05-17 08:00:00,0.094,19.1
2026-05-17 09:00:00,0.094,19
2026-05-17 10:00:00,0.094,18.9
2026-05-17 11:00:00,0.094,18.8
2026-05-17 12:00:00,0.094,18.6
2026-05-17 13:00:00,0.094,18.3
2026-05-17 14:00:00,0.094,18.1
2026-05-17 15:00:00,0.094,17.8
2026-05-17 16:00:00,0.095,17.6
2026-05-17 17:00:00,0.094,17.4
2026-05-17 18:00:00,0.094,17.2
2026-05-17 19:00:00,0.094,17
2026-05-17 20:00:00,0.094,16.8
2026-05-17 21:00:00,0.094,16.6
2026-05-17 22:00:00,0.094,16.5
2026-05-17 23:00:00,0.094,16.5
2026-05-18 00:00:00,0.094,16.6
2026-05-18 01:00:00,0.094,16.9
2026-05-18 02:00:00,0.093,17.6
2026-05-18 03:00:00,0.093,18.2
2026-05-18 04:00:00,0.093,18.8
2026-05-18 05:00:00,0.093,19.1
2026-05-18 06:00:00,0.093,19.2
2026-05-18 07:00:00,0.093,19.2
2026-05-18 08:00:00,0.092,19.2
2026-05-18 09:00:00,0.092,19.2
2026-05-18 10:00:00,0.092,19.1
2026-05-18 11:00:00,0.092,18.9
2026-05-18 12:00:00,0.093,18.7
2026-05-18 13:00:00,0.093,18.5
2026-05-18 14:00:00,0.093,18.2
2026-05-18 15:00:00,0.093,18
2026-05-18 16:00:00,0.093,17.8
2026-05-18 17:00:00,0.093,17.6
2026-05-18 18:00:00,0.093,17.4
2026-05-18 19:00:00,0.093,17.1
2026-05-18 20:00:00,0.093,17
2026-05-18 21:00:00,0.093,16.8
2026-05-18 22:00:00,0.093,16.7
2026-05-18 23:00:00,0.092,16.8
2026-05-19 00:00:00,0.092,16.9
2026-05-19 01:00:00,0.092,17.3
2026-05-19 02:00:00,0.092,17.8
2026-05-19 03:00:00,0.092,18.2
2026-05-19 04:00:00,0.092,18.5
2026-05-19 05:00:00,0.091,18.8
2026-05-19 06:00:00,0.091,19
2026-05-19 07:00:00,0.091,19.1
2026-05-19 08:00:00,0.091,19.2
2026-05-19 09:00:00,0.091,19.2
2026-05-19 10:00:00,0.091,19.1
2026-05-19 11:00:00,0.091,19
2026-05-19 12:00:00,0.091,18.9
2026-05-19 13:00:00,0.091,18.8
2026-05-19 14:00:00,0.091,18.7
2026-05-19 15:00:00,0.091,18.7
2026-05-19 16:00:00,0.091,18.6
2026-05-19 17:00:00,0.091,18.5
2026-05-19 18:00:00,0.091,18.4
2026-05-19 19:00:00,0.091,18.3
2026-05-19 20:00:00,0.091,18.3
2026-05-19 21:00:00,0.091,18.2
2026-05-19 22:00:00,0.093,18.2
2026-05-19 23:00:00,0.093,18.2
2026-05-20 00:00:00,0.093,18.2
2026-05-20 01:00:00,0.093,18.2
2026-05-20 02:00:00,0.093,18.2
2026-05-20 03:00:00,0.094,18.3
2026-05-20 04:00:00,0.094,18.4
2026-05-20 05:00:00,0.094,18.5
2026-05-20 06:00:00,0.095,18.6
2026-05-20 07:00:00,0.094,18.6
2026-05-20 08:00:00,0.094,18.6
2026-05-20 09:00:00,0.095,18.6
2026-05-20 10:00:00,0.095,18.7
2026-05-20 11:00:00,0.095,18.7
2026-05-20 12:00:00,0.095,18.7
2026-05-20 13:00:00,0.096,18.7
2026-05-20 14:00:00,0.096,18.6
2026-05-20 15:00:00,0.096,18.6
2026-05-20 16:00:00,0.096,18.6
2026-05-20 17:00:00,0.096,18.6
2026-05-20 18:00:00,0.096,18.6
2026-05-20 19:00:00,0.096,18.6
2026-05-20 20:00:00,0.097,18.5
2026-05-20 21:00:00,0.097,18.5
2026-05-20 22:00:00,0.097,18.4
2026-05-20 23:00:00,0.097,18.4
2026-05-21 00:00:00,0.097,18.3
2026-05-21 01:00:00,0.097,18.3
2026-05-21 02:00:00,0.097,18.3
2026-05-21 03:00:00,0.097,18.4
2026-05-21 04:00:00,0.097,18.5
2026-05-21 05:00:00,0.097,18.5
2026-05-21 06:00:00,0.097,18.5
2026-05-21 07:00:00,0.097,18.5
2026-05-21 08:00:00,0.097,18.5
2026-05-21 09:00:00,0.097,18.4
2026-05-21 10:00:00,0.097,18.4
2026-05-21 11:00:00,0.097,18.3
2026-05-21 12:00:00,0.097,18.2
2026-05-21 13:00:00,0.097,18.1
2026-05-21 14:00:00,0.097,18.1
2026-05-21 15:00:00,0.097,18
2026-05-21 16:00:00,0.098,17.9
2026-05-21 17:00:00,0.098,17.9
2026-05-21 18:00:00,0.098,17.8
2026-05-21 19:00:00,0.098,17.8
2026-05-21 20:00:00,0.098,17.7
2026-05-21 21:00:00,0.098,17.7
2026-05-21 22:00:00,0.098,17.6
2026-05-21 23:00:00,0.098,17.6
2026-05-22 00:00:00,0.098,17.7
2026-05-22 01:00:00,0.098,17.9
2026-05-22 02:00:00,0.098,18.1
2026-05-22 03:00:00,0.098,18.3
2026-05-22 04:00:00,0.098,18.5
2026-05-22 05:00:00,0.098,18.6
2026-05-22 06:00:00,0.098,18.8
2026-05-22 07:00:00,0.098,18.9
2026-05-22 08:00:00,0.097,19
2026-05-22 09:00:00,0.098,19
2026-05-22 10:00:00,0.098,19
2026-05-22 11:00:00,0.098,18.9
2026-05-22 12:00:00,0.098,18.8
2026-05-22 13:00:00,0.098,18.6
2026-05-22 14:00:00,0.098,18.5
2026-05-22 15:00:00,0.098,18.3
2026-05-22 16:00:00,0.098,18.1
2026-05-22 17:00:00,0.098,17.9
2026-05-22 18:00:00,0.098,17.8
2026-05-22 19:00:00,0.098,17.7
2026-05-22 20:00:00,0.098,17.6
2026-05-22 21:00:00,0.098,17.5
2026-05-22 22:00:00,0.098,17.4
2026-05-22 23:00:00,0.098,17.4
2026-05-23 00:00:00,0.098,17.4
2026-05-23 01:00:00,0.098,17.5
2026-05-23 02:00:00,0.099,17.6
2026-05-23 03:00:00,0.098,17.8
2026-05-23 04:00:00,0.098,18.1
2026-05-23 05:00:00,0.098,18.4
2026-05-23 06:00:00,0.098,18.6
2026-05-23 07:00:00,0.098,18.7
2026-05-23 08:00:00,0.098,18.8
2026-05-23 09:00:00,0.098,18.9
2026-05-23 10:00:00,0.098,18.9
2026-05-23 11:00:00,0.098,18.9
2026-05-23 12:00:00,0.098,18.8
2026-05-23 13:00:00,0.098,18.6
2026-05-23 14:00:00,0.098,18.5
2026-05-23 15:00:00,0.098,18.3
2026-05-23 16:00:00,0.098,18.1
2026-05-23 17:00:00,0.098,18
2026-05-23 18:00:00,0.099,17.8
2026-05-23 19:00:00,0.099,17.7
2026-05-23 20:00:00,0.099,17.7
2026-05-23 21:00:00,0.099,17.6
2026-05-23 22:00:00,0.099,17.5
2026-05-23 23:00:00,0.099,17.6
2026-05-24 00:00:00,0.099,17.7
2026-05-24 01:00:00,0.098,18
2026-05-24 02:00:00,0.098,18.6
2026-05-24 03:00:00,0.098,19.2
2026-05-24 04:00:00,0.098,19.7
2026-05-24 05:00:00,0.097,20
2026-05-24 06:00:00,0.097,20.2
2026-05-24 07:00:00,0.097,20.3
2026-05-24 08:00:00,0.097,20.3
2026-05-24 09:00:00,0.097,20.3
2026-05-24 10:00:00,0.097,20.1
2026-05-24 11:00:00,0.097,20
2026-05-24 12:00:00,0.098,19.8
2026-05-24 13:00:00,0.098,19.6
2026-05-24 14:00:00,0.098,19.4
2026-05-24 15:00:00,0.098,19.1
2026-05-24 16:00:00,0.098,19
2026-05-24 17:00:00,0.098,18.8
2026-05-24 18:00:00,0.098,18.7
2026-05-24 19:00:00,0.098,18.6
2026-05-24 20:00:00,0.098,18.5
2026-05-24 21:00:00,0.098,18.4
2026-05-24 22:00:00,0.098,18.4
2026-05-24 23:00:00,0.098,18.5
2026-05-25 00:00:00,0.098,18.6
2026-05-25 01:00:00,0.098,18.9
2026-05-25 02:00:00,0.097,19.2
2026-05-25 03:00:00,0.097,19.7
2026-05-25 04:00:00,0.097,20.2
2026-05-25 05:00:00,0.097,20.5
2026-05-25 06:00:00,0.097,20.7
2026-05-25 07:00:00,0.097,20.8
2026-05-25 08:00:00,0.097,20.8
2026-05-25 09:00:00,0.097,20.8
2026-05-25 10:00:00,0.097,20.8
2026-05-25 11:00:00,0.097,20.7
2026-05-25 12:00:00,0.097,20.5
2026-05-25 13:00:00,0.097,20.4
2026-05-25 14:00:00,0.097,20.3
2026-05-25 15:00:00,0.097,20.1
2026-05-25 16:00:00,0.097,20
2026-05-25 17:00:00,0.097,19.9
2026-05-25 18:00:00,0.097,19.8
2026-05-25 19:00:00,0.097,19.8
2026-05-25 20:00:00,0.097,19.7
2026-05-25 21:00:00,0.097,19.7
2026-05-25 22:00:00,0.097,19.7
2026-05-25 23:00:00,0.097,19.7
2026-05-26 00:00:00,0.097,19.7
2026-05-26 01:00:00,0.097,19.8
2026-05-26 02:00:00,0.097,20
2026-05-26 03:00:00,0.097,20.4
2026-05-26 04:00:00,0.097,20.6
2026-05-26 05:00:00,0.097,20.8
2026-05-26 06:00:00,0.097,20.9
2026-05-26 07:00:00,0.097,20.9
2026-05-26 08:00:00,0.097,20.9
2026-05-26 09:00:00,0.097,20.8
2026-05-26 10:00:00,0.097,20.7
2026-05-26 11:00:00,0.097,20.6
2026-05-26 12:00:00,0.097,20.5
2026-05-26 13:00:00,0.096,20.4
2026-05-26 14:00:00,0.096,20.3
2026-05-26 15:00:00,0.096,20.2
2026-05-26 16:00:00,0.097,20.1
2026-05-26 17:00:00,0.097,20
2026-05-26 18:00:00,0.097,20
2026-05-26 19:00:00,0.097,19.9
2026-05-26 20:00:00,0.097,19.9
2026-05-26 21:00:00,0.097,19.8
2026-05-26 22:00:00,0.097,19.8
2026-05-26 23:00:00,0.097,19.8
2026-05-27 00:00:00,0.097,19.9
2026-05-27 01:00:00,0.097,20
2026-05-27 02:00:00,0.097,20.3
2026-05-27 03:00:00,0.097,20.6
2026-05-27 04:00:00,0.097,20.9
2026-05-27 05:00:00,0.097,21.1
2026-05-27 06:00:00,0.097,21.3
2026-05-27 07:00:00,0.097,21.4
2026-05-27 08:00:00,0.097,21.4
2026-05-27 09:00:00,0.097,21.4
2026-05-27 10:00:00,0.097,21.3
2026-05-27 11:00:00,0.097,21.2
2026-05-27 12:00:00,0.097,21.1
2026-05-27 13:00:00,0.097,21
2026-05-27 14:00:00,0.097,20.9
2026-05-27 15:00:00,0.097,20.8
2026-05-27 16:00:00,0.097,20.7
2026-05-27 17:00:00,0.097,20.6
2026-05-27 18:00:00,0.097,20.6
2026-05-27 19:00:00,0.097,20.5
2026-05-27 20:00:00,0.097,20.4
2026-05-27 21:00:00,0.097,20.3
2026-05-27 22:00:00,0.097,20.3
2026-05-27 23:00:00,0.097,20.2
2026-05-28 00:00:00,0.097,20.2
2026-05-28 01:00:00,0.097,20.2
2026-05-28 02:00:00,0.097,20.2
2026-05-28 03:00:00,0.097,20.3
2026-05-28 04:00:00,0.097,20.3
2026-05-28 05:00:00,0.097,20.3
2026-05-28 06:00:00,0.097,20.4
2026-05-28 07:00:00,0.097,20.4
2026-05-28 08:00:00,0.097,20.4
2026-05-28 09:00:00,0.097,20.4
2026-05-28 10:00:00,0.097,20.3
2026-05-28 11:00:00,0.097,20.2
2026-05-28 12:00:00,0.097,20.1
2026-05-28 13:00:00,0.097,20
2026-05-28 14:00:00,0.097,19.9
2026-05-28 15:00:00,0.097,19.7
2026-05-28 16:00:00,0.098,19.6
2026-05-28 17:00:00,0.098,19.5
2026-05-28 18:00:00,0.097,19.3
2026-05-28 19:00:00,0.097,19.2
2026-05-28 20:00:00,0.097,19
2026-05-28 21:00:00,0.097,18.8
2026-05-28 22:00:00,0.098,18.7
2026-05-28 23:00:00,0.098,18.7
2026-05-29 00:00:00,0.097,18.9
2026-05-29 01:00:00,0.097,19.3
2026-05-29 02:00:00,0.097,20.1
2026-05-29 03:00:00,0.097,20.8
2026-05-29 04:00:00,0.097,21.2
2026-05-29 05:00:00,0.097,21.4
2026-05-29 06:00:00,0.097,21.4
2026-05-29 07:00:00,0.097,21.4
2026-05-29 08:00:00,0.097,21.3
2026-05-29 09:00:00,0.097,21.2
2026-05-29 10:00:00,0.097,21
2026-05-29 11:00:00,0.097,20.8
2026-05-29 12:00:00,0.097,20.5
2026-05-29 13:00:00,0.097,20.2
2026-05-29 14:00:00,0.097,19.9
2026-05-29 15:00:00,0.097,19.6
2026-05-29 16:00:00,0.097,19.3
2026-05-29 17:00:00,0.097,19
2026-05-29 18:00:00,0.097,18.7
2026-05-29 19:00:00,0.098,18.5
2026-05-29 20:00:00,0.098,18.3
2026-05-29 21:00:00,0.097,18
2026-05-29 22:00:00,0.098,17.9
2026-05-29 23:00:00,0.098,17.9
2026-05-30 00:00:00,0.097,18.2
2026-05-30 01:00:00,0.097,18.7
2026-05-30 02:00:00,0.097,19.6
2026-05-30 03:00:00,0.097,20.4
2026-05-30 04:00:00,0.097,20.8
2026-05-30 05:00:00,0.097,20.9
2026-05-30 06:00:00,0.097,21
2026-05-30 07:00:00,0.097,21
2026-05-30 08:00:00,0.097,21
2026-05-30 09:00:00,0.097,21
2026-05-30 10:00:00,0.097,20.9
2026-05-30 11:00:00,0.097,20.7
2026-05-30 12:00:00,0.097,20.4
2026-05-30 13:00:00,0.097,20.2
2026-05-30 14:00:00,0.097,19.9
2026-05-30 15:00:00,0.097,19.6
2026-05-30 16:00:00,0.097,19.4
2026-05-30 17:00:00,0.097,19.1
2026-05-30 18:00:00,0.097,18.9
2026-05-30 19:00:00,0.097,18.6
2026-05-30 20:00:00,0.097,18.4
2026-05-30 21:00:00,0.097,18.2
2026-05-30 22:00:00,0.097,18
2026-05-30 23:00:00,0.097,18.1
2026-05-31 00:00:00,0.097,18.3
2026-05-31 01:00:00,0.097,18.8
2026-05-31 02:00:00,0.096,19.8
2026-05-31 03:00:00,0.096,20.6
2026-05-31 04:00:00,0.097,21
2026-05-31 05:00:00,0.096,21.2
2026-05-31 06:00:00,0.096,21.2
2026-05-31 07:00:00,0.096,21.2
2026-05-31 08:00:00,0.096,21.1
2026-05-31 09:00:00,0.096,21.1
2026-05-31 10:00:00,0.096,21
2026-05-31 11:00:00,0.096,20.8
2026-05-31 12:00:00,0.096,20.6
2026-05-31 13:00:00,0.096,20.3
2026-05-31 14:00:00,0.096,20
2026-05-31 15:00:00,0.096,19.8
2026-05-31 16:00:00,0.096,19.5
2026-05-31 17:00:00,0.096,19.3
2026-05-31 18:00:00,0.096,19.1
2026-05-31 19:00:00,0.096,18.9
2026-05-31 20:00:00,0.096,18.7
2026-05-31 21:00:00,0.097,18.6
2026-05-31 22:00:00,0.097,18.4
2026-05-31 23:00:00,0.097,18.5
2026-06-01 00:00:00,0.096,18.6
2026-06-01 01:00:00,0.096,19.1
2026-06-01 02:00:00,0.096,19.9
2026-06-01 03:00:00,0.096,20.6
2026-06-01 04:00:00,0.096,21.1
2026-06-01 05:00:00,0.096,21.3
2026-06-01 06:00:00,0.095,21.4
2026-06-01 07:00:00,0.095,21.5
2026-06-01 08:00:00,0.095,21.5
2026-06-01 09:00:00,0.095,21.5
2026-06-01 10:00:00,0.095,21.4
2026-06-01 11:00:00,0.096,21.3
2026-06-01 12:00:00,0.096,21.2
2026-06-01 13:00:00,0.096,21
2026-06-01 14:00:00,0.096,20.8
2026-06-01 15:00:00,0.096,20.7
2026-06-01 16:00:00,0.095,20.5
2026-06-01 17:00:00,0.096,20.4
2026-06-01 18:00:00,0.096,20.3
2026-06-01 19:00:00,0.096,20.2
2026-06-01 20:00:00,0.096,20.1
2026-06-01 21:00:00,0.097,20
2026-06-01 22:00:00,0.097,19.9
2026-06-01 23:00:00,0.098,19.9
2026-06-02 00:00:00,0.098,19.9
2026-06-02 01:00:00,0.098,19.9
2026-06-02 02:00:00,0.098,20
2026-06-02 03:00:00,0.098,20
2026-06-02 04:00:00,0.098,20.1
2026-06-02 05:00:00,0.098,20.2
2026-06-02 06:00:00,0.098,20.4
2026-06-02 07:00:00,0.098,20.5
2026-06-02 08:00:00,0.098,20.7
2026-06-02 09:00:00,0.099,20.8
2026-06-02 10:00:00,0.099,20.8
2026-06-02 11:00:00,0.099,20.8
2026-06-02 12:00:00,0.099,20.7
2026-06-02 13:00:00,0.099,20.6
2026-06-02 14:00:00,0.099,20.5
2026-06-02 15:00:00,0.099,20.3
2026-06-02 16:00:00,0.099,20.2
2026-06-02 17:00:00,0.099,20.1
2026-06-02 18:00:00,0.099,19.9
2026-06-02 19:00:00,0.099,19.8
2026-06-02 20:00:00,0.099,19.7
2026-06-02 21:00:00,0.099,19.5
2026-06-02 22:00:00,0.099,19.4
2026-06-02 23:00:00,0.099,19.5
2026-06-03 00:00:00,0.099,19.7
2026-06-03 01:00:00,0.099,20.1
2026-06-03 02:00:00,0.099,20.9
2026-06-03 03:00:00,0.099,21.6
2026-06-03 04:00:00,0.099,22
2026-06-03 05:00:00,0.099,22.2
2026-06-03 06:00:00,0.099,22.3
2026-06-03 07:00:00,0.099,22.4
2026-06-03 08:00:00,0.099,22.5
2026-06-03 09:00:00,0.099,22.4
2026-06-03 10:00:00,0.099,22.3
2026-06-03 11:00:00,0.099,22.2
2026-06-03 12:00:00,0.099,22
2026-06-03 13:00:00,0.099,21.8
2026-06-03 14:00:00,0.099,21.6
2026-06-03 15:00:00,0.099,21.4
2026-06-03 16:00:00,0.099,21.2
2026-06-03 17:00:00,0.1,21.1
2026-06-03 18:00:00,0.1,20.9
2026-06-03 19:00:00,0.1,20.8
2026-06-03 20:00:00,0.099,20.7
2026-06-03 21:00:00,0.099,20.5
2026-06-03 22:00:00,0.099,20.5
2026-06-03 23:00:00,0.099,20.5
2026-06-04 00:00:00,0.099,20.6
2026-06-04 01:00:00,0.1,20.7
2026-06-04 02:00:00,0.1,20.9
2026-06-04 03:00:00,0.1,20.9
2026-06-04 04:00:00,0.1,21
2026-06-04 05:00:00,0.1,21.2
2026-06-04 06:00:00,0.099,21.4
2026-06-04 07:00:00,0.099,21.6
2026-06-04 08:00:00,0.099,21.7
2026-06-04 09:00:00,0.099,21.7
2026-06-04 10:00:00,0.099,21.7
2026-06-04 11:00:00,0.099,21.6
2026-06-04 12:00:00,0.099,21.5
2026-06-04 13:00:00,0.099,21.3
2026-06-04 14:00:00,0.1,21.2
2026-06-04 15:00:00,0.1,21.1
2026-06-04 16:00:00,0.1,20.9
2026-06-04 17:00:00,0.1,20.8
2026-06-04 18:00:00,0.099,20.7
2026-06-04 19:00:00,0.099,20.6
2026-06-04 20:00:00,0.099,20.5
2026-06-04 21:00:00,0.099,20.4
2026-06-04 22:00:00,0.099,20.3
2026-06-04 23:00:00,0.099,20.3
2026-06-05 00:00:00,0.099,20.4
2026-06-05 01:00:00,0.099,20.7
2026-06-05 02:00:00,0.099,21.4
2026-06-05 03:00:00,0.099,21.9
2026-06-05 04:00:00,0.099,22
2026-06-05 05:00:00,0.099,22
2026-06-05 06:00:00,0.099,21.8
2026-06-05 07:00:00,0.099,21.6
2026-06-05 08:00:00,0.099,21.4
2026-06-05 09:00:00,0.099,21.2
2026-06-05 10:00:00,0.099,21
2026-06-05 11:00:00,0.099,20.7
2026-06-05 12:00:00,0.099,20.4
2026-06-05 13:00:00,0.099,20.1
2026-06-05 14:00:00,0.099,19.8
2026-06-05 15:00:00,0.099,19.5
2026-06-05 16:00:00,0.099,19.2
2026-06-05 17:00:00,0.099,19
2026-06-05 18:00:00,0.099,18.7
2026-06-05 19:00:00,0.1,18.5
2026-06-05 20:00:00,0.099,18.2
2026-06-05 21:00:00,0.099,18
2026-06-05 22:00:00,0.1,17.8
2026-06-05 23:00:00,0.099,17.9
2026-06-06 00:00:00,0.099,18.2
2026-06-06 01:00:00,0.099,18.8
2026-06-06 02:00:00,0.099,19.8
2026-06-06 03:00:00,0.099,20.7
2026-06-06 04:00:00,0.099,21
2026-06-06 05:00:00,0.099,21.1
2026-06-06 06:00:00,0.099,21.1
2026-06-06 07:00:00,0.099,21
2026-06-06 08:00:00,0.099,21
2026-06-06 09:00:00,0.099,20.9
2026-06-06 10:00:00,0.099,20.8
2026-06-06 11:00:00,0.099,20.7
2026-06-06 12:00:00,0.098,20.5
2026-06-06 13:00:00,0.098,20.2
2026-06-06 14:00:00,0.098,20
2026-06-06 15:00:00,0.098,19.8
2026-06-06 16:00:00,0.099,19.6
2026-06-06 17:00:00,0.099,19.4
2026-06-06 18:00:00,0.098,19.2
2026-06-06 19:00:00,0.098,19.1
2026-06-06 20:00:00,0.098,19
2026-06-06 21:00:00,0.098,18.9
2026-06-06 22:00:00,0.098,18.8
2026-06-06 23:00:00,0.098,18.9
2026-06-07 00:00:00,0.098,19.1
2026-06-07 01:00:00,0.098,19.5
2026-06-07 02:00:00,0.098,20.3
2026-06-07 03:00:00,0.098,21
2026-06-07 04:00:00,0.098,21.4
2026-06-07 05:00:00,0.098,21.6
2026-06-07 06:00:00,0.098,21.7
2026-06-07 07:00:00,0.097,21.8
2026-06-07 08:00:00,0.097,21.8
2026-06-07 09:00:00,0.097,21.8
2026-06-07 10:00:00,0.097,21.8
2026-06-07 11:00:00,0.097,21.7
2026-06-07 12:00:00,0.098,21.5
2026-06-07 13:00:00,0.098,21.3
2026-06-07 14:00:00,0.098,21.1
2026-06-07 15:00:00,0.098,20.9
2026-06-07 16:00:00,0.098,20.7
2026-06-07 17:00:00,0.098,20.6
2026-06-07 18:00:00,0.097,20.4
2026-06-07 19:00:00,0.097,20.3
2026-06-07 20:00:00,0.097,20.1
2026-06-07 21:00:00,0.098,20
2026-06-07 22:00:00,0.098,19.9
2026-06-07 23:00:00,0.098,19.8
2026-06-08 00:00:00,0.098,19.7
2026-06-08 01:00:00,0.098,19.7
2026-06-08 02:00:00,0.098,19.8
2026-06-08 03:00:00,0.098,19.9
2026-06-08 04:00:00,0.097,20
2026-06-08 05:00:00,0.097,20.1
2026-06-08 06:00:00,0.097,20.3
2026-06-08 07:00:00,0.097,20.3
2026-06-08 08:00:00,0.097,20.4
2026-06-08 09:00:00,0.097,20.4
2026-06-08 10:00:00,0.097,20.3
2026-06-08 11:00:00,0.097,20.1
2026-06-08 12:00:00,0.097,19.9
2026-06-08 13:00:00,0.097,19.7
2026-06-08 14:00:00,0.097,19.5
2026-06-08 15:00:00,0.097,19.4
2026-06-08 16:00:00,0.097,19.2
2026-06-08 17:00:00,0.097,19
2026-06-08 18:00:00,0.097,18.7
2026-06-08 19:00:00,0.098,18.5
2026-06-08 20:00:00,0.097,18.3
2026-06-08 21:00:00,0.097,18.2
2026-06-08 22:00:00,0.097,18.1
2026-06-08 23:00:00,0.097,18.1
2026-06-09 00:00:00,0.097,18.3
2026-06-09 01:00:00,0.097,18.8
2026-06-09 02:00:00,0.097,19.4
2026-06-09 03:00:00,0.097,19.9
2026-06-09 04:00:00,0.097,20.3
2026-06-09 05:00:00,0.097,20.5
2026-06-09 06:00:00,0.097,20.6
2026-06-09 07:00:00,0.097,20.7
2026-06-09 08:00:00,0.097,20.7
2026-06-09 09:00:00,0.097,20.6
2026-06-09 10:00:00,0.096,20.5
2026-06-09 11:00:00,0.096,20.3
2026-06-09 12:00:00,0.096,20.1
2026-06-09 13:00:00,0.097,19.8
2026-06-09 14:00:00,0.097,19.5
2026-06-09 15:00:00,0.097,19.3
2026-06-09 16:00:00,0.096,19
2026-06-09 17:00:00,0.097,18.7
2026-06-09 18:00:00,0.097,18.4
2026-06-09 19:00:00,0.097,18.1
2026-06-09 20:00:00,0.097,17.8
2026-06-09 21:00:00,0.097,17.6
2026-06-09 22:00:00,0.097,17.4
2026-06-09 23:00:00,0.097,17.5
2026-06-10 00:00:00,0.097,17.9
2026-06-10 01:00:00,0.096,18.4
2026-06-10 02:00:00,0.096,19.1
2026-06-10 03:00:00,0.096,19.8
2026-06-10 04:00:00,0.096,20.2
2026-06-10 05:00:00,0.096,20.4
2026-06-10 06:00:00,0.096,20.6
2026-06-10 07:00:00,0.096,20.7
2026-06-10 08:00:00,0.096,20.7
2026-06-10 09:00:00,0.096,20.6
2026-06-10 10:00:00,0.096,20.5
2026-06-10 11:00:00,0.095,20.3
2026-06-10 12:00:00,0.095,20
2026-06-10 13:00:00,0.096,19.6
2026-06-10 14:00:00,0.096,19.3
2026-06-10 15:00:00,0.095,19
2026-06-10 16:00:00,0.096,18.8
2026-06-10 17:00:00,0.096,18.6
2026-06-10 18:00:00,0.096,18.4
2026-06-10 19:00:00,0.096,18.3
2026-06-10 20:00:00,0.096,18.1
2026-06-10 21:00:00,0.096,18
2026-06-10 22:00:00,0.096,18
2026-06-10 23:00:00,0.095,18.1
2026-06-11 00:00:00,0.095,18.5
2026-06-11 01:00:00,0.095,19.1
2026-06-11 02:00:00,0.095,20.1
2026-06-11 03:00:00,0.095,20.8
2026-06-11 04:00:00,0.095,21.1
2026-06-11 05:00:00,0.095,21.2
2026-06-11 06:00:00,0.095,21.1
2026-06-11 07:00:00,0.095,21
2026-06-11 08:00:00,0.095,20.8
2026-06-11 09:00:00,0.095,20.6
2026-06-11 10:00:00,0.095,20.4
2026-06-11 11:00:00,0.094,20.2
2026-06-11 12:00:00,0.095,20
2026-06-11 13:00:00,0.095,19.7
2026-06-11 14:00:00,0.095,19.4
2026-06-11 15:00:00,0.094,19.1
2026-06-11 16:00:00,0.095,18.9
2026-06-11 17:00:00,0.095,18.6
2026-06-11 18:00:00,0.095,18.3
2026-06-11 19:00:00,0.095,18.1
2026-06-11 20:00:00,0.095,17.9
2026-06-11 21:00:00,0.095,17.8
2026-06-11 22:00:00,0.095,17.8
2026-06-11 23:00:00,0.095,17.9
2026-06-12 00:00:00,0.095,18.3
2026-06-12 01:00:00,0.094,19
2026-06-12 02:00:00,0.094,19.9
2026-06-12 03:00:00,0.094,20.7
2026-06-12 04:00:00,0.094,20.9
2026-06-12 05:00:00,0.094,21
2026-06-12 06:00:00,0.094,21.1
2026-06-12 07:00:00,0.094,21.1
2026-06-12 08:00:00,0.094,21
2026-06-12 09:00:00,0.094,21
2026-06-12 10:00:00,0.094,20.9
2026-06-12 11:00:00,0.094,20.7
2026-06-12 12:00:00,0.094,20.5
2026-06-12 13:00:00,0.093,20.3
2026-06-12 14:00:00,0.094,20
2026-06-12 15:00:00,0.094,19.6
2026-06-12 16:00:00,0.094,19.3
2026-06-12 17:00:00,0.093,19.1
2026-06-12 18:00:00,0.094,18.8
2026-06-12 19:00:00,0.094,18.6
2026-06-12 20:00:00,0.094,18.4
2026-06-12 21:00:00,0.094,18.2
2026-06-12 22:00:00,0.094,18.2
2026-06-12 23:00:00,0.094,18.3
2026-06-13 00:00:00,0.094,18.6
2026-06-13 01:00:00,0.093,19.2
2026-06-13 02:00:00,0.093,20.2
2026-06-13 03:00:00,0.093,20.9
2026-06-13 04:00:00,0.093,21.4
2026-06-13 05:00:00,0.093,21.6
2026-06-13 06:00:00,0.093,21.7
2026-06-13 07:00:00,0.093,21.7
2026-06-13 08:00:00,0.093,21.7
2026-06-13 09:00:00,0.093,21.6
2026-06-13 10:00:00,0.093,21.5
2026-06-13 11:00:00,0.093,21.3
2026-06-13 12:00:00,0.093,21.1
2026-06-13 13:00:00,0.093,20.9
2026-06-13 14:00:00,0.093,20.7
2026-06-13 15:00:00,0.092,20.5
2026-06-13 16:00:00,0.092,20.4
2026-06-13 17:00:00,0.092,20.3
2026-06-13 18:00:00,0.092,20.1
2026-06-13 19:00:00,0.092,20
2026-06-13 20:00:00,0.093,19.9
2026-06-13 21:00:00,0.093,19.8
2026-06-13 22:00:00,0.093,19.7
2026-06-13 23:00:00,0.093,19.7
2026-06-14 00:00:00,0.092,19.8
2026-06-14 01:00:00,0.092,20.2
2026-06-14 02:00:00,0.092,21
2026-06-14 03:00:00,0.092,21.8
2026-06-14 04:00:00,0.092,22.1
2026-06-14 05:00:00,0.092,22.2
2026-06-14 06:00:00,0.092,22.2
2026-06-14 07:00:00,0.092,22.1
2026-06-14 08:00:00,0.092,22
2026-06-14 09:00:00,0.092,21.9
2026-06-14 10:00:00,0.092,21.8
2026-06-14 11:00:00,0.092,21.7
2026-06-14 12:00:00,0.092,21.5
2026-06-14 13:00:00,0.092,21.3
2026-06-14 14:00:00,0.093,21
2026-06-14 15:00:00,0.092,20.8
2026-06-14 16:00:00,0.092,20.6
2026-06-14 17:00:00,0.092,20.4
2026-06-14 18:00:00,0.092,20.3
2026-06-14 19:00:00,0.092,20.2
2026-06-14 20:00:00,0.092,20
2026-06-14 21:00:00,0.092,19.9
2026-06-14 22:00:00,0.092,19.9
2026-06-14 23:00:00,0.092,20
2026-06-15 00:00:00,0.092,20.3
2026-06-15 01:00:00,0.092,21
2026-06-15 02:00:00,0.092,22
2026-06-15 03:00:00,0.092,22.6
2026-06-15 04:00:00,0.092,22.7
2026-06-15 05:00:00,0.092,22.7
2026-06-15 06:00:00,0.091,22.6
2026-06-15 07:00:00,0.091,22.5
2026-06-15 08:00:00,0.091,22.4
2026-06-15 09:00:00,0.091,22.3
2026-06-15 10:00:00,0.091,22.2
2026-06-15 11:00:00,0.091,22
2026-06-15 12:00:00,0.091,21.8
2026-06-15 13:00:00,0.092,21.5
2026-06-15 14:00:00,0.092,21.3
2026-06-15 15:00:00,0.092,21
2026-06-15 16:00:00,0.092,20.7
2026-06-15 17:00:00,0.091,20.5
2026-06-15 18:00:00,0.091,20.3
2026-06-15 19:00:00,0.091,20.1
2026-06-15 20:00:00,0.091,19.9
2026-06-15 21:00:00,0.092,19.8
2026-06-15 22:00:00,0.092,19.7
2026-06-15 23:00:00,0.092,19.8
2026-06-16 00:00:00,0.091,20.1
2026-06-16 01:00:00,0.091,20.4
2026-06-16 02:00:00,0.091,20.9
2026-06-16 03:00:00,0.091,21.7
2026-06-16 04:00:00,0.091,22.1
2026-06-16 05:00:00,0.091,22.4
2026-06-16 06:00:00,0.091,22.4
2026-06-16 07:00:00,0.091,22.5
2026-06-16 08:00:00,0.091,22.5
2026-06-16 09:00:00,0.091,22.5
2026-06-16 10:00:00,0.091,22.4
2026-06-16 11:00:00,0.091,22.3
2026-06-16 12:00:00,0.091,22.2
2026-06-16 13:00:00,0.091,22
2026-06-16 14:00:00,0.091,21.9
2026-06-16 15:00:00,0.091,21.8
2026-06-16 16:00:00,0.091,21.6
2026-06-16 17:00:00,0.091,21.5
2026-06-16 18:00:00,0.091,21.4
2026-06-16 19:00:00,0.091,21.3
2026-06-16 20:00:00,0.091,21.2
2026-06-16 21:00:00,0.091,21.1
2026-06-16 22:00:00,0.091,21
2026-06-16 23:00:00,0.091,21.1
2026-06-17 00:00:00,0.091,21.2
2026-06-17 01:00:00,0.091,21.4
2026-06-17 02:00:00,0.09,21.7
2026-06-17 03:00:00,0.09,22.1
2026-06-17 04:00:00,0.09,22.4
2026-06-17 05:00:00,0.09,22.5
2026-06-17 06:00:00,0.09,22.5
2026-06-17 07:00:00,0.09,22.5
2026-06-17 08:00:00,0.09,22.4
2026-06-17 09:00:00,0.09,22.4
2026-06-17 10:00:00,0.09,22.2
2026-06-17 11:00:00,0.09,22.1
2026-06-17 12:00:00,0.09,22
2026-06-17 13:00:00,0.09,21.8
2026-06-17 14:00:00,0.09,21.7
2026-06-17 15:00:00,0.09,21.6
2026-06-17 16:00:00,0.09,21.5
2026-06-17 17:00:00,0.09,21.5
2026-06-17 18:00:00,0.09,21.4
2026-06-17 19:00:00,0.09,21.3
2026-06-17 20:00:00,0.09,21.3
2026-06-17 21:00:00,0.09,21.2
2026-06-17 22:00:00,0.09,21.2
2026-06-17 23:00:00,0.09,21.3
2026-06-18 00:00:00,0.09,21.5
2026-06-18 01:00:00,0.09,22.1
2026-06-18 02:00:00,0.09,22.8
2026-06-18 03:00:00,0.09,23.2
2026-06-18 04:00:00,0.09,23.4
2026-06-18 05:00:00,0.09,23.5
2026-06-18 06:00:00,0.09,23.6
2026-06-18 07:00:00,0.09,23.7
2026-06-18 08:00:00,0.09,23.6
2026-06-18 09:00:00,0.09,23.5
2026-06-18 10:00:00,0.09,23.4
2026-06-18 11:00:00,0.09,23.2
2026-06-18 12:00:00,0.089,22.9
2026-06-18 13:00:00,0.089,22.7
2026-06-18 14:00:00,0.089,22.5
2026-06-18 15:00:00,0.089,22.3
2026-06-18 16:00:00,0.089,22.2
2026-06-18 17:00:00,0.089,22
2026-06-18 18:00:00,0.089,21.9
2026-06-18 19:00:00,0.089,21.8
2026-06-18 20:00:00,0.089,21.7
2026-06-18 21:00:00,0.089,21.6
2026-06-18 22:00:00,0.089,21.6
2026-06-18 23:00:00,0.089,21.6
2026-06-19 00:00:00,0.089,21.7
2026-06-19 01:00:00,0.089,21.9
2026-06-19 02:00:00,0.089,22.1
2026-06-19 03:00:00,0.089,22.3
2026-06-19 04:00:00,0.089,22.5
2026-06-19 05:00:00,0.089,22.6
2026-06-19 06:00:00,0.089,22.7
2026-06-19 07:00:00,0.089,22.8
2026-06-19 08:00:00,0.089,22.8
2026-06-19 09:00:00,0.089,22.8
2026-06-19 10:00:00,0.089,22.7
2026-06-19 11:00:00,0.089,22.6
2026-06-19 12:00:00,0.089,22.4
2026-06-19 13:00:00,0.09,22.2
2026-06-19 14:00:00,0.09,22
2026-06-19 15:00:00,0.09,21.9
2026-06-19 16:00:00,0.09,21.9
2026-06-19 17:00:00,0.09,22
2026-06-19 18:00:00,0.09,22.1
2026-06-19 19:00:00,0.09,22.2
2026-06-19 20:00:00,0.09,22.2
2026-06-19 21:00:00,0.091,22.3
2026-06-19 22:00:00,0.091,22.3
2026-06-19 23:00:00,0.091,22.3
2026-06-20 00:00:00,0.091,22.3
2026-06-20 01:00:00,0.091,22.3
2026-06-20 02:00:00,0.091,22.3
2026-06-20 03:00:00,0.091,22.3
2026-06-20 04:00:00,0.091,22.4
2026-06-20 05:00:00,0.091,22.4
2026-06-20 06:00:00,0.091,22.4
2026-06-20 07:00:00,0.091,22.4
2026-06-20 08:00:00,0.091,22.4
2026-06-20 09:00:00,0.091,22.3
2026-06-20 10:00:00,0.091,22.3
2026-06-20 11:00:00,0.091,22.2
2026-06-20 12:00:00,0.091,22.1
2026-06-20 13:00:00,0.091,22
2026-06-20 14:00:00,0.091,21.9
2026-06-20 15:00:00,0.091,21.8
2026-06-20 16:00:00,0.091,21.7
2026-06-20 17:00:00,0.091,21.7
2026-06-20 18:00:00,0.091,21.6
2026-06-20 19:00:00,0.091,21.5
2026-06-20 20:00:00,0.091,21.5
2026-06-20 21:00:00,0.092,21.4
2026-06-20 22:00:00,0.092,21.3
2026-06-20 23:00:00,0.092,21.4
2026-06-21 00:00:00,0.092,21.4
2026-06-21 01:00:00,0.091,21.6
2026-06-21 02:00:00,0.091,22
2026-06-21 03:00:00,0.091,22.3
2026-06-21 04:00:00,0.091,22.6
2026-06-21 05:00:00,0.091,22.8
2026-06-21 06:00:00,0.092,23
2026-06-21 07:00:00,0.092,23.1
2026-06-21 08:00:00,0.092,23.2
2026-06-21 09:00:00,0.092,23.2
2026-06-21 10:00:00,0.092,23.1
2026-06-21 11:00:00,0.092,22.9
2026-06-21 12:00:00,0.091,22.8
2026-06-21 13:00:00,0.091,22.6
2026-06-21 14:00:00,0.091,22.4
2026-06-21 15:00:00,0.091,22.2
2026-06-21 16:00:00,0.091,22.1
2026-06-21 17:00:00,0.091,22
2026-06-21 18:00:00,0.091,21.8
2026-06-21 19:00:00,0.091,21.7
2026-06-21 20:00:00,0.092,21.6
2026-06-21 21:00:00,0.092,21.5
2026-06-21 22:00:00,0.092,21.4
2026-06-21 23:00:00,0.092,21.4
2026-06-22 00:00:00,0.092,21.4
2026-06-22 01:00:00,0.092,21.5
2026-06-22 02:00:00,0.092,21.5
2026-06-22 03:00:00,0.092,21.6
2026-06-22 04:00:00,0.091,21.7
2026-06-22 05:00:00,0.092,21.7
2026-06-22 06:00:00,0.092,21.6
2026-06-22 07:00:00,0.092,21.7
2026-06-22 08:00:00,0.092,21.7
2026-06-22 09:00:00,0.092,21.7
2026-06-22 10:00:00,0.092,21.7
2026-06-22 11:00:00,0.092,21.6
2026-06-22 12:00:00,0.092,21.5
2026-06-22 13:00:00,0.092,21.4
2026-06-22 14:00:00,0.092,21.2
2026-06-22 15:00:00,0.092,21.1
2026-06-22 16:00:00,0.092,21
2026-06-22 17:00:00,0.092,20.9
2026-06-22 18:00:00,0.092,20.8
2026-06-22 19:00:00,0.092,20.7
2026-06-22 20:00:00,0.092,20.6
2026-06-22 21:00:00,0.092,20.5
2026-06-22 22:00:00,0.092,20.4
2026-06-22 23:00:00,0.092,20.5
2026-06-23 00:00:00,0.092,20.6
2026-06-23 01:00:00,0.092,20.9
2026-06-23 02:00:00,0.092,21.4
2026-06-23 03:00:00,0.092,22
2026-06-23 04:00:00,0.092,22.3
2026-06-23 05:00:00,0.092,22.4
2026-06-23 06:00:00,0.092,22.3
2026-06-23 07:00:00,0.092,22.3
2026-06-23 08:00:00,0.092,22.1
2026-06-23 09:00:00,0.092,22
2026-06-23 10:00:00,0.092,21.9
2026-06-23 11:00:00,0.092,21.7
2026-06-23 12:00:00,0.092,21.6
2026-06-23 13:00:00,0.092,21.4
2026-06-23 14:00:00,0.092,21.3
2026-06-23 15:00:00,0.092,21.2
2026-06-23 16:00:00,0.092,21.1
2026-06-23 17:00:00,0.092,21
2026-06-23 18:00:00,0.092,20.9
2026-06-23 19:00:00,0.092,20.8
2026-06-23 20:00:00,0.092,20.7
2026-06-23 21:00:00,0.092,20.6
2026-06-23 22:00:00,0.092,20.5
2026-06-23 23:00:00,0.092,20.5
2026-06-24 00:00:00,0.092,20.6
2026-06-24 01:00:00,0.092,20.9
2026-06-24 02:00:00,0.092,21.2
2026-06-24 03:00:00,0.092,21.4
2026-06-24 04:00:00,0.092,21.5
2026-06-24 05:00:00,0.092,21.5
2026-06-24 06:00:00,0.092,21.7
2026-06-24 07:00:00,0.092,21.7
2026-06-24 08:00:00,0.092,21.7
2026-06-24 09:00:00,0.092,21.7
2026-06-24 10:00:00,0.092,21.7
2026-06-24 11:00:00,0.092,21.6
2026-06-24 12:00:00,0.092,21.5
2026-06-24 13:00:00,0.092,21.4
2026-06-24 14:00:00,0.092,21.3
2026-06-24 15:00:00,0.092,21.2
2026-06-24 16:00:00,0.092,21
2026-06-24 17:00:00,0.092,20.9
2026-06-24 18:00:00,0.092,20.8
2026-06-24 19:00:00,0.092,20.7
2026-06-24 20:00:00,0.092,20.6
2026-06-24 21:00:00,0.092,20.6
2026-06-24 22:00:00,0.092,20.5
2026-06-24 23:00:00,0.092,20.6
2026-06-25 00:00:00,0.092,20.7
2026-06-25 01:00:00,0.092,20.9
2026-06-25 02:00:00,0.092,21.1
2026-06-25 03:00:00,0.092,21.4
2026-06-25 04:00:00,0.092,21.7
2026-06-25 05:00:00,0.092,22
2026-06-25 06:00:00,0.092,22.2
2026-06-25 07:00:00,0.092,22.3
2026-06-25 08:00:00,0.092,22.3
2026-06-25 09:00:00,0.092,22.3
2026-06-25 10:00:00,0.091,22.2
2026-06-25 11:00:00,0.091,22.1
2026-06-25 12:00:00,0.092,21.9
2026-06-25 13:00:00,0.092,21.7
2026-06-25 14:00:00,0.092,21.5
2026-06-25 15:00:00,0.092,21.3
2026-06-25 16:00:00,0.092,21.1
2026-06-25 17:00:00,0.092,20.9
2026-06-25 18:00:00,0.092,20.7
2026-06-25 19:00:00,0.092,20.5
2026-06-25 20:00:00,0.092,20.4
2026-06-25 21:00:00,0.092,20.2
2026-06-25 22:00:00,0.092,20.2
2026-06-25 23:00:00,0.091,20.3
2026-06-26 00:00:00,0.092,20.7
2026-06-26 01:00:00,0.092,21.5
2026-06-26 02:00:00,0.091,22.4
2026-06-26 03:00:00,0.091,22.9
2026-06-26 04:00:00,0.092,23.1
2026-06-26 05:00:00,0.091,23
2026-06-26 06:00:00,0.091,22.9
2026-06-26 07:00:00,0.091,22.7
2026-06-26 08:00:00,0.091,22.6
2026-06-26 09:00:00,0.091,22.5
2026-06-26 10:00:00,0.091,22.3
2026-06-26 11:00:00,0.091,22.1
2026-06-26 12:00:00,0.091,21.9
2026-06-26 13:00:00,0.091,21.6
2026-06-26 14:00:00,0.091,21.4
2026-06-26 15:00:00,0.092,21.2
2026-06-26 16:00:00,0.092,21
2026-06-26 17:00:00,0.092,20.8
2026-06-26 18:00:00,0.091,20.6
2026-06-26 19:00:00,0.091,20.5
2026-06-26 20:00:00,0.091,20.3
2026-06-26 21:00:00,0.091,20.2
2026-06-26 22:00:00,0.091,20.1
2026-06-26 23:00:00,0.091,20.2
2026-06-27 00:00:00,0.091,20.5
2026-06-27 01:00:00,0.091,21.2
2026-06-27 02:00:00,0.091,22.1
2026-06-27 03:00:00,0.091,22.7
2026-06-27 04:00:00,0.091,22.9
2026-06-27 05:00:00,0.091,23
2026-06-27 06:00:00,0.091,23.1
2026-06-27 07:00:00,0.091,23
2026-06-27 08:00:00,0.091,22.9
2026-06-27 09:00:00,0.091,22.8
2026-06-27 10:00:00,0.091,22.7
2026-06-27 11:00:00,0.091,22.6
2026-06-27 12:00:00,0.091,22.4
2026-06-27 13:00:00,0.091,22.1
2026-06-27 14:00:00,0.091,21.9
2026-06-27 15:00:00,0.091,21.7
2026-06-27 16:00:00,0.091,21.5
2026-06-27 17:00:00,0.091,21.4
2026-06-27 18:00:00,0.091,21.3
2026-06-27 19:00:00,0.091,21.1
2026-06-27 20:00:00,0.091,21
2026-06-27 21:00:00,0.091,20.9
2026-06-27 22:00:00,0.091,20.8
2026-06-27 23:00:00,0.091,20.8
2026-06-28 00:00:00,0.091,21
2026-06-28 01:00:00,0.09,21.7
2026-06-28 02:00:00,0.09,22.8
2026-06-28 03:00:00,0.091,23.4
2026-06-28 04:00:00,0.091,23.6
2026-06-28 05:00:00,0.091,23.6
2026-06-28 06:00:00,0.091,23.6
2026-06-28 07:00:00,0.091,23.6
2026-06-28 08:00:00,0.091,23.4
2026-06-28 09:00:00,0.091,23.2
2026-06-28 10:00:00,0.09,23
2026-06-28 11:00:00,0.09,22.8
2026-06-28 12:00:00,0.09,22.5
2026-06-28 13:00:00,0.09,22.2
2026-06-28 14:00:00,0.09,21.9
2026-06-28 15:00:00,0.09,21.7
2026-06-28 16:00:00,0.09,21.4
2026-06-28 17:00:00,0.09,21.2
2026-06-28 18:00:00,0.09,21
2026-06-28 19:00:00,0.09,20.8
2026-06-28 20:00:00,0.09,20.7
2026-06-28 21:00:00,0.09,20.5
2026-06-28 22:00:00,0.09,20.5
2026-06-28 23:00:00,0.09,20.7
2026-06-29 00:00:00,0.09,21.1
2026-06-29 01:00:00,0.09,21.9
2026-06-29 02:00:00,0.09,23
2026-06-29 03:00:00,0.09,23.6
2026-06-29 04:00:00,0.09,23.7
2026-06-29 05:00:00,0.09,23.8
2026-06-29 06:00:00,0.09,23.8
2026-06-29 07:00:00,0.09,23.7
2026-06-29 08:00:00,0.09,23.6
2026-06-29 09:00:00,0.09,23.5
2026-06-29 10:00:00,0.09,23.3
2026-06-29 11:00:00,0.09,23.1
2026-06-29 12:00:00,0.089,22.8
2026-06-29 13:00:00,0.089,22.6
2026-06-29 14:00:00,0.089,22.4
2026-06-29 15:00:00,0.089,22.1
2026-06-29 16:00:00,0.089,21.9
2026-06-29 17:00:00,0.089,21.8
2026-06-29 18:00:00,0.089,21.6
2026-06-29 19:00:00,0.089,21.4
2026-06-29 20:00:00,0.09,21.2
2026-06-29 21:00:00,0.09,21
2026-06-29 22:00:00,0.09,21
2026-06-29 23:00:00,0.09,21.1
2026-06-30 00:00:00,0.089,21.4
2026-06-30 01:00:00,0.089,22.1
2026-06-30 02:00:00,0.089,23
2026-06-30 03:00:00,0.089,23.7
2026-06-30 04:00:00,0.089,24
2026-06-30 05:00:00,0.089,24.2
2026-06-30 06:00:00,0.089,24.2
2026-06-30 07:00:00,0.089,24.2
2026-06-30 08:00:00,0.089,24.2
2026-06-30 09:00:00,0.089,24.1
2026-06-30 10:00:00,0.089,23.9
2026-06-30 11:00:00,0.089,23.7
2026-06-30 12:00:00,0.089,23.4
2026-06-30 13:00:00,0.089,23.1
2026-06-30 14:00:00,0.088,22.8
2026-06-30 15:00:00,0.088,22.6
2026-06-30 16:00:00,0.088,22.5
2026-06-30 17:00:00,0.088,22.3
2026-06-30 18:00:00,0.089,22
2026-06-30 19:00:00,0.089,21.7
2026-06-30 20:00:00,0.09,21.3
2026-06-30 21:00:00,0.09,20.8
2026-06-30 22:00:00,0.09,20.6
2026-06-30 23:00:00,0.09,20.6
2026-07-01 00:00:00,0.09,20.7
2026-07-01 01:00:00,0.09,20.7
2026-07-01 02:00:00,0.09,20.8
2026-07-01 03:00:00,0.091,20.9
2026-07-01 04:00:00,0.091,21.1
2026-07-01 05:00:00,0.09,21.3
2026-07-01 06:00:00,0.09,21.5
2026-07-01 07:00:00,0.09,21.7
2026-07-01 08:00:00,0.09,21.9
2026-07-01 09:00:00,0.09,22
2026-07-01 10:00:00,0.09,22.1
2026-07-01 11:00:00,0.09,22.1
2026-07-01 12:00:00,0.09,22.1
2026-07-01 13:00:00,0.09,22
2026-07-01 14:00:00,0.09,22
2026-07-01 15:00:00,0.09,21.9
2026-07-01 16:00:00,0.09,21.9
2026-07-01 17:00:00,0.09,21.8
2026-07-01 18:00:00,0.09,21.8
2026-07-01 19:00:00,0.09,21.7
2026-07-01 20:00:00,0.09,21.7
2026-07-01 21:00:00,0.09,21.6
2026-07-01 22:00:00,0.09,21.6
2026-07-01 23:00:00,0.09,21.7
2026-07-02 00:00:00,0.09,21.9
2026-07-02 01:00:00,0.09,22.1
2026-07-02 02:00:00,0.09,22.3
2026-07-02 03:00:00,0.09,22.5
2026-07-02 04:00:00,0.09,22.8
2026-07-02 05:00:00,0.09,23
2026-07-02 06:00:00,0.091,23.3
2026-07-02 07:00:00,0.091,23.5
2026-07-02 08:00:00,0.091,23.6
2026-07-02 09:00:00,0.091,23.5
2026-07-02 10:00:00,0.091,23.4
2026-07-02 11:00:00,0.091,23.3
2026-07-02 12:00:00,0.091,23.1
2026-07-02 13:00:00,0.09,22.9
2026-07-02 14:00:00,0.09,22.7
2026-07-02 15:00:00,0.09,22.5
2026-07-02 16:00:00,0.09,22.3
2026-07-02 17:00:00,0.09,22.2
2026-07-02 18:00:00,0.09,22.1
2026-07-02 19:00:00,0.09,22
2026-07-02 20:00:00,0.09,21.9
2026-07-02 21:00:00,0.09,21.9
2026-07-02 22:00:00,0.09,21.9
2026-07-02 23:00:00,0.09,21.9
2026-07-03 00:00:00,0.09,22.2
2026-07-03 01:00:00,0.09,22.6
2026-07-03 02:00:00,0.09,23.1
2026-07-03 03:00:00,0.091,23.6
2026-07-03 04:00:00,0.091,23.8
2026-07-03 05:00:00,0.091,23.9
2026-07-03 06:00:00,0.091,23.9
2026-07-03 07:00:00,0.091,23.9
2026-07-03 08:00:00,0.09,23.9
2026-07-03 09:00:00,0.091,23.8
2026-07-03 10:00:00,0.091,23.7
2026-07-03 11:00:00,0.091,23.6
2026-07-03 12:00:00,0.091,23.4
2026-07-03 13:00:00,0.091,23.2
2026-07-03 14:00:00,0.09,23
2026-07-03 15:00:00,0.09,22.9
2026-07-03 16:00:00,0.09,22.8
2026-07-03 17:00:00,0.09,22.7
2026-07-03 18:00:00,0.09,22.6
2026-07-03 19:00:00,0.09,22.5
2026-07-03 20:00:00,0.091,22.4
2026-07-03 21:00:00,0.091,22.3
2026-07-03 22:00:00,0.091,22.2
2026-07-03 23:00:00,0.091,22.3
2026-07-04 00:00:00,0.091,22.4
2026-07-04 01:00:00,0.091,22.5
2026-07-04 02:00:00,0.091,23.1
2026-07-04 03:00:00,0.091,23.7
2026-07-04 04:00:00,0.091,24
2026-07-04 05:00:00,0.091,24.3
2026-07-04 06:00:00,0.091,24.3
2026-07-04 07:00:00,0.091,24.3
2026-07-04 08:00:00,0.091,24.1
2026-07-04 09:00:00,0.091,24
2026-07-04 10:00:00,0.091,23.9
2026-07-04 11:00:00,0.091,23.8
2026-07-04 12:00:00,0.091,23.6
2026-07-04 13:00:00,0.091,23.5
2026-07-04 14:00:00,0.091,23.4
2026-07-04 15:00:00,0.091,23.2
2026-07-04 16:00:00,0.091,23.1
2026-07-04 17:00:00,0.091,23.1
2026-07-04 18:00:00,0.091,23
2026-07-04 19:00:00,0.091,22.9
2026-07-04 20:00:00,0.091,22.9
2026-07-04 21:00:00,0.091,22.8
2026-07-04 22:00:00,0.09,22.8
2026-07-04 23:00:00,0.091,22.7
2026-07-05 00:00:00,0.09,22.7
2026-07-05 01:00:00,0.091,22.8
2026-07-05 02:00:00,0.091,22.9
2026-07-05 03:00:00,0.091,23.1
2026-07-05 04:00:00,0.091,23.4
2026-07-05 05:00:00,0.091,23.6
2026-07-05 06:00:00,0.091,23.8
2026-07-05 07:00:00,0.091,23.9
2026-07-05 08:00:00,0.091,24
2026-07-05 09:00:00,0.091,24
2026-07-05 10:00:00,0.091,24
2026-07-05 11:00:00,0.091,23.9
2026-07-05 12:00:00,0.091,23.7
2026-07-05 13:00:00,0.091,23.6
2026-07-05 14:00:00,0.091,23.5
2026-07-05 15:00:00,0.091,23.4
2026-07-05 16:00:00,0.091,23.3
2026-07-05 17:00:00,0.091,23.3
2026-07-05 18:00:00,0.091,23.2
2026-07-05 19:00:00,0.091,23.1
2026-07-05 20:00:00,0.132,23.1
2026-07-05 21:00:00,0.132,23.1
2026-07-05 22:00:00,0.12,23
2026-07-05 23:00:00,0.112,23
2026-07-06 00:00:00,0.107,23.1
2026-07-06 01:00:00,0.104,23.3
2026-07-06 02:00:00,0.102,23.6
2026-07-06 03:00:00,0.1,23.8
2026-07-06 04:00:00,0.099,24.1
2026-07-06 05:00:00,0.099,24.4
2026-07-06 06:00:00,0.098,24.6
2026-07-06 07:00:00,0.098,24.8
2026-07-06 08:00:00,0.098,24.9
2026-07-06 09:00:00,0.098,24.9
2026-07-06 10:00:00,0.098,24.9
2026-07-06 11:00:00,0.097,24.8
2026-07-06 12:00:00,0.097,24.6
2026-07-06 13:00:00,0.097,24.4
2026-07-06 14:00:00,0.097,24.3
2026-07-06 15:00:00,0.097,24.1
2026-07-06 16:00:00,0.097,24
2026-07-06 17:00:00,0.097,23.9
2026-07-06 18:00:00,0.097,23.8
2026-07-06 19:00:00,0.097,23.7
2026-07-06 20:00:00,0.097,23.6
2026-07-06 21:00:00,0.097,23.5
2026-07-06 22:00:00,0.097,23.5
2026-07-06 23:00:00,0.097,23.5
2026-07-07 00:00:00,0.097,23.7
2026-07-07 01:00:00,0.096,24
2026-07-07 02:00:00,0.096,24.4
2026-07-07 03:00:00,0.096,24.8
2026-07-07 04:00:00,0.096,25.1
2026-07-07 05:00:00,0.096,25.4
2026-07-07 06:00:00,0.096,25.5
2026-07-07 07:00:00,0.096,25.6
2026-07-07 08:00:00,0.096,25.7
2026-07-07 09:00:00,0.095,25.6
2026-07-07 10:00:00,0.095,25.5
2026-07-07 11:00:00,0.095,25.3
2026-07-07 12:00:00,0.095,25.1
2026-07-07 13:00:00,0.095,24.9
2026-07-07 14:00:00,0.095,24.7
2026-07-07 15:00:00,0.095,24.5
2026-07-07 16:00:00,0.095,24.4
2026-07-07 17:00:00,0.095,24.2
2026-07-07 18:00:00,0.095,24.1
2026-07-07 19:00:00,0.095,24
2026-07-07 20:00:00,0.095,23.9
2026-07-07 21:00:00,0.095,23.8
2026-07-07 22:00:00,0.095,23.8
2026-07-07 23:00:00,0.095,23.8
2026-07-08 00:00:00,0.095,23.8
2026-07-08 01:00:00,0.095,23.9
2026-07-08 02:00:00,0.095,23.9
2026-07-08 03:00:00,0.095,23.9
2026-07-08 04:00:00,0.099,23.9
2026-07-08 05:00:00,0.135,24.1
2026-07-08 06:00:00,0.118,24.1
2026-07-08 07:00:00,0.11,24.2
2026-07-08 08:00:00,0.107,24.2
2026-07-08 09:00:00,0.105,24.3
2026-07-08 10:00:00,0.103,24.3
2026-07-08 11:00:00,0.102,24.3
2026-07-08 12:00:00,0.101,24.2
2026-07-08 13:00:00,0.101,24.2
2026-07-08 14:00:00,0.1,24.1
2026-07-08 15:00:00,0.1,24.1
2026-07-08 16:00:00,0.1,24.1
2026-07-08 17:00:00,0.1,24
2026-07-08 18:00:00,0.146,24.1
2026-07-08 19:00:00,0.139,24.1
2026-07-08 20:00:00,0.127,24
2026-07-08 21:00:00,0.12,23.9
2026-07-08 22:00:00,0.115,23.9
2026-07-08 23:00:00,0.112,23.9
2026-07-09 00:00:00,0.11,23.9
2026-07-09 01:00:00,0.109,23.9
2026-07-09 02:00:00,0.14,23.9
2026-07-09 03:00:00,0.156,23.8
2026-07-09 04:00:00,0.15,23.7
2026-07-09 05:00:00,0.139,23.8
2026-07-09 06:00:00,0.13,23.9
2026-07-09 07:00:00,0.123,24.1
2026-07-09 08:00:00,0.119,24.2
2026-07-09 09:00:00,0.116,24.3
2026-07-09 10:00:00,0.114,24.4
2026-07-09 11:00:00,0.113,24.4
2026-07-09 12:00:00,0.111,24.3
2026-07-09 13:00:00,0.111,24.2
2026-07-09 14:00:00,0.11,24.1
2026-07-09 15:00:00,0.109,24
2026-07-09 16:00:00,0.109,23.9
2026-07-09 17:00:00,0.108,23.8
2026-07-09 18:00:00,0.108,23.7
2026-07-09 19:00:00,0.108,23.6
2026-07-09 20:00:00,0.107,23.6
2026-07-09 21:00:00,0.107,23.6
2026-07-09 22:00:00,0.107,23.6
2026-07-09 23:00:00,0.106,23.7
2026-07-10 00:00:00,0.106,24
2026-07-10 01:00:00,0.106,24.4
2026-07-10 02:00:00,0.105,25
2026-07-10 03:00:00,0.105,25.5
2026-07-10 04:00:00,0.105,25.8
2026-07-10 05:00:00,0.104,25.9
2026-07-10 06:00:00,0.104,25.9
2026-07-10 07:00:00,0.104,25.9
2026-07-10 08:00:00,0.104,25.8
2026-07-10 09:00:00,0.104,25.7
2026-07-10 10:00:00,0.104,25.6
2026-07-10 11:00:00,0.104,25.5
2026-07-10 12:00:00,0.104,25.3
2026-07-10 13:00:00,0.103,25.1
2026-07-10 14:00:00,0.103,24.9
2026-07-10 15:00:00,0.103,24.7
2026-07-10 16:00:00,0.103,24.6
2026-07-10 17:00:00,0.103,24.4
2026-07-10 18:00:00,0.103,24.3
2026-07-10 19:00:00,0.103,24.1
2026-07-10 20:00:00,0.103,24
2026-07-10 21:00:00,0.103,23.9
2026-07-10 22:00:00,0.103,23.9
2026-07-10 23:00:00,0.103,24
2026-07-11 00:00:00,0.103,24.3
2026-07-11 01:00:00,0.102,25.1
2026-07-11 02:00:00,0.102,26.2
2026-07-11 03:00:00,0.101,26.8
2026-07-11 04:00:00,0.101,26.9
2026-07-11 05:00:00,0.101,26.8
2026-07-11 06:00:00,0.101,26.6
2026-07-11 07:00:00,0.101,26.5
2026-07-11 08:00:00,0.1,26.3
2026-07-11 09:00:00,0.1,26.2
2026-07-11 10:00:00,0.1,26
2026-07-11 11:00:00,0.1,25.8
2026-07-11 12:00:00,0.1,25.6
2026-07-11 13:00:00,0.1,25.4
2026-07-11 14:00:00,0.1,25.2
2026-07-11 15:00:00,0.1,25.1
2026-07-11 16:00:00,0.1,24.9
2026-07-11 17:00:00,0.1,24.8
2026-07-11 18:00:00,0.1,24.7
2026-07-11 19:00:00,0.1,24.6
2026-07-11 20:00:00,0.1,24.5
2026-07-11 21:00:00,0.1,24.5
2026-07-11 22:00:00,0.1,24.5
2026-07-11 23:00:00,0.1,24.5
2026-07-12 00:00:00,0.1,24.6
2026-07-12 01:00:00,0.1,24.9
2026-07-12 02:00:00,0.099,25.4
2026-07-12 03:00:00,0.099,26
2026-07-12 04:00:00,0.098,26.3
2026-07-12 05:00:00,0.098,26.4
2026-07-12 06:00:00,0.098,26.4
2026-07-12 07:00:00,0.098,26.4
2026-07-12 08:00:00,0.098,26.3
2026-07-12 09:00:00,0.098,26.2
2026-07-12 10:00:00,0.098,26.1
2026-07-12 11:00:00,0.098,26
2026-07-12 12:00:00,0.098,25.8
2026-07-12 13:00:00,0.098,25.6
2026-07-12 14:00:00,0.098,25.5
2026-07-12 15:00:00,0.098,25.4
2026-07-12 16:00:00,0.098,25.3
2026-07-12 17:00:00,0.098,25.2
2026-07-12 18:00:00,0.098,25.1
2026-07-12 19:00:00,0.098,25.1
2026-07-12 20:00:00,0.098,25
2026-07-12 21:00:00,0.098,25
2026-07-12 22:00:00,0.098,24.9
2026-07-12 23:00:00,0.097,25
2026-07-13 00:00:00,0.097,25.2
2026-07-13 01:00:00,0.097,25.5
2026-07-13 02:00:00,0.097,25.9
2026-07-13 03:00:00,0.096,26.2
2026-07-13 04:00:00,0.096,26.5
2026-07-13 05:00:00,0.096,26.6
2026-07-13 06:00:00,0.095,26.7
2026-07-13 07:00:00,0.095,26.6
2026-07-13 08:00:00,0.095,26.5
2026-07-13 09:00:00,0.095,26.4
2026-07-13 10:00:00,0.095,26.2
2026-07-13 11:00:00,0.095,26.1
2026-07-13 12:00:00,0.095,25.9
2026-07-13 13:00:00,0.095,25.7
2026-07-13 14:00:00,0.095,25.6
2026-07-13 15:00:00,0.095,25.5
2026-07-13 16:00:00,0.095,25.4
2026-07-13 17:00:00,0.095,25.3
2026-07-13 18:00:00,0.095,25.2
2026-07-13 19:00:00,0.095,25.2
2026-07-13 20:00:00,0.095,25.1
2026-07-13 21:00:00,0.095,25
2026-07-13 22:00:00,0.095,25
2026-07-13 23:00:00,0.095,25
2026-07-14 00:00:00,0.095,25
2026-07-14 01:00:00,0.095,25.1
2026-07-14 02:00:00,0.095,25.2
2026-07-14 03:00:00,0.095,25.5
2026-07-14 04:00:00,0.094,25.8
2026-07-14 05:00:00,0.094,25.9
2026-07-14 06:00:00,0.094,26.1
2026-07-14 07:00:00,0.094,26.1
2026-07-14 08:00:00,0.094,26.1
2026-07-14 09:00:00,0.094,26
2026-07-14 10:00:00,0.094,25.8
2026-07-14 11:00:00,0.094,25.7
2026-07-14 12:00:00,0.094,25.6
2026-07-14 13:00:00,0.094,25.4
2026-07-14 14:00:00,0.094,25.3
2026-07-14 15:00:00,0.094,25.2
2026-07-14 16:00:00,0.094,25.1
2026-07-14 17:00:00,0.094,25.1
2026-07-14 18:00:00,0.094,25
2026-07-14 19:00:00,0.094,25
2026-07-14 20:00:00,0.094,24.9
2026-07-14 21:00:00,0.094,24.9
2026-07-14 22:00:00,0.094,24.9
2026-07-14 23:00:00,0.094,24.9
2026-07-15 00:00:00,0.094,24.9
2026-07-15 01:00:00,0.094,25
2026-07-15 02:00:00,0.094,25.1
2026-07-15 03:00:00,0.093,25.4
2026-07-15 04:00:00,0.093,25.7
2026-07-15 05:00:00,0.093,25.9
2026-07-15 06:00:00,0.093,25.8
2026-07-15 07:00:00,0.093,25.8
2026-07-15 08:00:00,0.093,25.7
2026-07-15 09:00:00,0.093,25.6
2026-07-15 10:00:00,0.093,25.5
2026-07-15 11:00:00,0.093,25.3
2026-07-15 12:00:00,0.093,25.1
2026-07-15 13:00:00,0.093,24.9
2026-07-15 14:00:00,0.093,24.6
2026-07-15 15:00:00,0.093,24.4
2026-07-15 16:00:00,0.093,24.2
2026-07-15 17:00:00,0.093,24.1
2026-07-15 18:00:00,0.093,23.9
2026-07-15 19:00:00,0.093,23.8
2026-07-15 20:00:00,0.093,23.7
2026-07-15 21:00:00,0.093,23.6
2026-07-15 22:00:00,0.093,23.6
2026-07-15 23:00:00,0.093,23.6
2026-07-16 00:00:00,0.092,23.8
2026-07-16 01:00:00,0.092,24
2026-07-16 02:00:00,0.092,24.3
2026-07-16 03:00:00,0.092,24.5
2026-07-16 04:00:00,0.092,24.7
2026-07-16 05:00:00,0.092,24.9
2026-07-16 06:00:00,0.092,25
2026-07-16 07:00:00,0.092,25
2026-07-16 08:00:00,0.092,25.1
2026-07-16 09:00:00,0.092,25.1
2026-07-16 10:00:00,0.092,25.1
2026-07-16 11:00:00,0.092,25
2026-07-16 12:00:00,0.092,24.9
2026-07-16 13:00:00,0.092,24.8
2026-07-16 14:00:00,0.092,24.7
2026-07-16 15:00:00,0.092,24.6
2026-07-16 16:00:00,0.092,24.5
2026-07-16 17:00:00,0.092,24.4
2026-07-16 18:00:00,0.092,24.4
2026-07-16 19:00:00,0.092,24.3
2026-07-16 20:00:00,0.092,24.2
2026-07-16 21:00:00,0.092,24.2
2026-07-16 22:00:00,0.092,24.2
2026-07-16 23:00:00,0.092,24.3
2026-07-17 00:00:00,0.091,24.4
2026-07-17 01:00:00,0.092,24.6
2026-07-17 02:00:00,0.092,24.7
2026-07-17 03:00:00,0.092,25
2026-07-17 04:00:00,0.092,25.3
2026-07-17 05:00:00,0.092,25.5
2026-07-17 06:00:00,0.092,25.8
2026-07-17 07:00:00,0.092,26
2026-07-17 08:00:00,0.092,26.2
2026-07-17 09:00:00,0.092,26.2
2026-07-17 10:00:00,0.092,26.2
2026-07-17 11:00:00,0.092,26.1
2026-07-17 12:00:00,0.092,26
2026-07-17 13:00:00,0.092,25.8
2026-07-17 14:00:00,0.092,25.7
2026-07-17 15:00:00,0.092,25.6
2026-07-17 16:00:00,0.092,25.5
2026-07-17 17:00:00,0.092,25.4
2026-07-17 18:00:00,0.092,25.3
2026-07-17 19:00:00,0.092,25.2
2026-07-17 20:00:00,0.092,25.1
2026-07-17 21:00:00,0.092,25
2026-07-17 22:00:00,0.092,25
2026-07-17 23:00:00,0.092,25
2026-07-18 00:00:00,0.092,25.1
2026-07-18 01:00:00,0.092,25.2
2026-07-18 02:00:00,0.091,25.4
2026-07-18 03:00:00,0.091,25.6
2026-07-18 04:00:00,0.091,25.7
2026-07-18 05:00:00,0.091,26
2026-07-18 06:00:00,0.091,26.2
2026-07-18 07:00:00,0.091,26.4
2026-07-18 08:00:00,0.091,26.4
2026-07-18 09:00:00,0.091,26.4
2026-07-18 10:00:00,0.091,26.3
2026-07-18 11:00:00,0.091,26.1
2026-07-18 12:00:00,0.091,26
2026-07-18 13:00:00,0.093,25.9
2026-07-18 14:00:00,0.094,26
2026-07-18 15:00:00,0.093,25.9
2026-07-18 16:00:00,0.093,25.8
2026-07-18 17:00:00,0.093,25.8
2026-07-18 18:00:00,0.093,25.7
2026-07-18 19:00:00,0.093,25.7
2026-07-18 20:00:00,0.093,25.6
2026-07-18 21:00:00,0.093,25.5
2026-07-18 22:00:00,0.093,25.4
2026-07-18 23:00:00,0.093,25.4
2026-07-19 00:00:00,0.093,25.3
2026-07-19 01:00:00,0.093,25.4
2026-07-19 02:00:00,0.093,25.5
2026-07-19 03:00:00,0.093,25.9
2026-07-19 04:00:00,0.093,26.2
2026-07-19 05:00:00,0.093,26.5
2026-07-19 06:00:00,0.093,26.6
2026-07-19 07:00:00,0.093,26.8
2026-07-19 08:00:00,0.093,26.8
2026-07-19 09:00:00,0.093,26.8
2026-07-19 10:00:00,0.093,26.6
2026-07-19 11:00:00,0.093,26.4
2026-07-19 12:00:00,0.093,26.1
2026-07-19 13:00:00,0.093,25.9
2026-07-19 14:00:00,0.093,25.7
2026-07-19 15:00:00,0.093,25.5
2026-07-19 16:00:00,0.093,25.4
2026-07-19 17:00:00,0.093,25.3
2026-07-19 18:00:00,0.093,25.2
2026-07-19 19:00:00,0.093,25.1
2026-07-19 20:00:00,0.093,25
2026-07-19 21:00:00,0.093,25
2026-07-19 22:00:00,0.093,25
2026-07-19 23:00:00,0.093,25
2026-07-20 00:00:00,0.093,25.2
2026-07-20 01:00:00,0.093,25.5
2026-07-20 02:00:00,0.093,25.8
2026-07-20 03:00:00,0.093,26.1
2026-07-20 04:00:00,0.093,26.4
2026-07-20 05:00:00,0.093,26.6
2026-07-20 06:00:00,0.093,26.7
2026-07-20 07:00:00,0.093,26.8
2026-07-20 08:00:00,0.093,26.9
2026-07-20 09:00:00,0.093,26.8
2026-07-20 10:00:00,0.093,26.7
2026-07-20 11:00:00,0.093,26.5
2026-07-20 12:00:00,0.093,26.3
2026-07-20 13:00:00,0.093,26.1
2026-07-20 14:00:00,0.093,26
2026-07-20 15:00:00,0.093,25.8
2026-07-20 16:00:00,0.093,25.7
2026-07-20 17:00:00,0.093,25.6
2026-07-20 18:00:00,0.093,25.5
2026-07-20 19:00:00,0.093,25.4
2026-07-20 20:00:00,0.093,25.3
2026-07-20 21:00:00,0.093,25.2
2026-07-20 22:00:00,0.093,25.2
2026-07-20 23:00:00,0.093,25.3
2026-07-21 00:00:00,0.093,25.4
2026-07-21 01:00:00,0.093,25.7
2026-07-21 02:00:00,0.093,26.1
2026-07-21 03:00:00,0.093,26.3
2026-07-21 04:00:00,0.093,26.5
2026-07-21 05:00:00,0.093,26.7
2026-07-21 06:00:00,0.093,26.9
2026-07-21 07:00:00,0.092,26.9
2026-07-21 08:00:00,0.092,26.9
2026-07-21 09:00:00,0.092,26.8
2026-07-21 10:00:00,0.092,26.7
2026-07-21 11:00:00,0.092,26.5
2026-07-21 12:00:00,0.092,26.4
2026-07-21 13:00:00,0.092,26.2
2026-07-21 14:00:00,0.092,26.1
2026-07-21 15:00:00,0.092,26
2026-07-21 16:00:00,0.092,25.9
2026-07-21 17:00:00,0.092,25.8
2026-07-21 18:00:00,0.092,25.8
2026-07-21 19:00:00,0.092,25.7
2026-07-21 20:00:00,0.093,25.7
2026-07-21 21:00:00,0.092,25.6
2026-07-21 22:00:00,0.092,25.6
2026-07-21 23:00:00,0.092,25.6
2026-07-22 00:00:00,0.092,25.9
2026-07-22 01:00:00,0.092,26.4
2026-07-22 02:00:00,0.092,26.9
2026-07-22 03:00:00,0.092,27.2
2026-07-22 04:00:00,0.092,27.3
2026-07-22 05:00:00,0.091,27.4
2026-07-22 06:00:00,0.091,27.4
2026-07-22 07:00:00,0.091,27.4
2026-07-22 08:00:00,0.091,27.3
2026-07-22 09:00:00,0.091,27.2
2026-07-22 10:00:00,0.091,27
2026-07-22 11:00:00,0.091,26.8
2026-07-22 12:00:00,0.091,26.5
2026-07-22 13:00:00,0.091,26.3
2026-07-22 14:00:00,0.091,26.2
2026-07-22 15:00:00,0.091,26
2026-07-22 16:00:00,0.091,25.9
2026-07-22 17:00:00,0.091,25.8
2026-07-22 18:00:00,0.091,25.7
2026-07-22 19:00:00,0.092,25.6
2026-07-22 20:00:00,0.091,25.6
2026-07-22 21:00:00,0.091,25.5
2026-07-22 22:00:00,0.091,25.5
2026-07-22 23:00:00,0.091,25.5
2026-07-23 00:00:00,0.091,25.7
2026-07-23 01:00:00,0.091,26.3
2026-07-23 02:00:00,0.091,27.1
2026-07-23 03:00:00,0.09,27.5
2026-07-23 04:00:00,0.09,27.6
2026-07-23 05:00:00,0.09,27.6
2026-07-23 06:00:00,0.09,27.6
2026-07-23 07:00:00,0.09,27.6
2026-07-23 08:00:00,0.09,27.5
2026-07-23 09:00:00,0.09,27.4
2026-07-23 10:00:00,0.09,27.2
2026-07-23 11:00:00,0.09,27
2026-07-23 12:00:00,0.09,26.8
2026-07-23 13:00:00,0.09,26.6
2026-07-23 14:00:00,0.09,26.4
2026-07-23 15:00:00,0.09,26.2
2026-07-23 16:00:00,0.09,26
2026-07-23 17:00:00,0.09,25.8
2026-07-23 18:00:00,0.091,25.6
2026-07-23 19:00:00,0.091,25.4
2026-07-23 20:00:00,0.091,25.2
2026-07-23 21:00:00,0.091,25.1
2026-07-23 22:00:00,0.09,25
2026-07-23 23:00:00,0.09,25.1
2026-07-24 00:00:00,0.09,25.4
2026-07-24 01:00:00,0.09,26.1
2026-07-24 02:00:00,0.09,26.9
2026-07-24 03:00:00,0.09,27.2
2026-07-24 04:00:00,0.089,27.3
2026-07-24 05:00:00,0.089,27.4
2026-07-24 06:00:00,0.089,27.4
2026-07-24 07:00:00,0.089,27.4
2026-07-24 08:00:00,0.089,27.3
2026-07-24 09:00:00,0.089,27.2
2026-07-24 10:00:00,0.089,27
2026-07-24 11:00:00,0.089,26.7
2026-07-24 12:00:00,0.089,26.5
2026-07-24 13:00:00,0.089,26.3
2026-07-24 14:00:00,0.089,26.1
2026-07-24 15:00:00,0.089,25.9
2026-07-24 16:00:00,0.089,25.8
2026-07-24 17:00:00,0.089,25.6
2026-07-24 18:00:00,0.089,25.5
2026-07-24 19:00:00,0.089,25.4
2026-07-24 20:00:00,0.089,25.3
2026-07-24 21:00:00,0.089,25.2
2026-07-24 22:00:00,0.089,25.2
2026-07-24 23:00:00,0.089,25.3
2026-07-25 00:00:00,0.089,25.6
2026-07-25 01:00:00,0.089,26.2
2026-07-25 02:00:00,0.089,26.7
2026-07-25 03:00:00,0.089,26.9
2026-07-25 04:00:00,0.089,27.1
2026-07-25 05:00:00,0.088,27.2
2026-07-25 06:00:00,0.088,27.3
2026-07-25 07:00:00,0.088,27.3
2026-07-25 08:00:00,0.088,27.3
2026-07-25 09:00:00,0.088,27.2
2026-07-25 10:00:00,0.088,27.1
2026-07-25 11:00:00,0.088,26.9
2026-07-25 12:00:00,0.088,26.7
2026-07-25 13:00:00,0.088,26.5
2026-07-25 14:00:00,0.088,26.4
2026-07-25 15:00:00,0.088,26.2
2026-07-25 16:00:00,0.088,26.1
2026-07-25 17:00:00,0.088,25.9
2026-07-25 18:00:00,0.088,25.8
2026-07-25 19:00:00,0.088,25.7
2026-07-25 20:00:00,0.088,25.7
2026-07-25 21:00:00,0.088,25.6
2026-07-25 22:00:00,0.088,25.6
2026-07-25 23:00:00,0.088,25.7
2026-07-26 00:00:00,0.088,26.1
2026-07-26 01:00:00,0.088,26.6
2026-07-26 02:00:00,0.088,27.1
2026-07-26 03:00:00,0.087,27.3
2026-07-26 04:00:00,0.087,27.5
2026-07-26 05:00:00,0.087,27.5
2026-07-26 06:00:00,0.087,27.5
2026-07-26 07:00:00,0.087,27.6
2026-07-26 08:00:00,0.087,27.5
2026-07-26 09:00:00,0.087,27.4
2026-07-26 10:00:00,0.087,27.2
2026-07-26 11:00:00,0.087,27
2026-07-26 12:00:00,0.087,26.8
2026-07-26 13:00:00,0.087,26.6
2026-07-26 14:00:00,0.087,26.3
2026-07-26 15:00:00,0.087,26.2
2026-07-26 16:00:00,0.087,26
2026-07-26 17:00:00,0.087,25.9
2026-07-26 18:00:00,0.087,25.7
2026-07-26 19:00:00,0.087,25.6
2026-07-26 20:00:00,0.087,25.5
2026-07-26 21:00:00,0.087,25.5
2026-07-26 22:00:00,0.087,25.5
2026-07-26 23:00:00,0.087,25.7
2026-07-27 00:00:00,0.087,25.9
2026-07-27 01:00:00,0.087,26.4
2026-07-27 02:00:00,0.087,26.8
2026-07-27 03:00:00,0.087,27.1
2026-07-27 04:00:00,0.086,27.3
2026-07-27 05:00:00,0.086,27.5
2026-07-27 06:00:00,0.086,27.5
2026-07-27 07:00:00,0.086,27.5
2026-07-27 08:00:00,0.086,27.5
2026-07-27 09:00:00,0.086,27.4
2026-07-27 10:00:00,0.086,27.2
2026-07-27 11:00:00,0.086,27
2026-07-27 12:00:00,0.086,26.8
2026-07-27 13:00:00,0.086,26.5
2026-07-27 14:00:00,0.086,26.3
2026-07-27 15:00:00,0.086,26.1
2026-07-27 16:00:00,0.086,25.9
2026-07-27 17:00:00,0.086,25.8
2026-07-27 18:00:00,0.086,25.7
2026-07-27 19:00:00,0.086,25.6
2026-07-27 20:00:00,0.086,25.6
2026-07-27 21:00:00,0.086,25.5
2026-07-27 22:00:00,0.086,25.5
2026-07-27 23:00:00,0.086,25.6
2026-07-28 00:00:00,0.086,25.8
2026-07-28 01:00:00,0.086,26.5
2026-07-28 02:00:00,0.086,27.1
2026-07-28 03:00:00,0.085,27.3
2026-07-28 04:00:00,0.085,27.3
2026-07-28 05:00:00,0.085,27.3
2026-07-28 06:00:00,0.085,27.2
2026-07-28 07:00:00,0.085,27.2
2026-07-28 08:00:00,0.085,27.1
2026-07-28 09:00:00,0.085,27
2026-07-28 10:00:00,0.085,26.9
2026-07-28 11:00:00,0.085,26.7
2026-07-28 12:00:00,0.085,26.5
2026-07-28 13:00:00,0.085,26.4
2026-07-28 14:00:00,0.085,26.2
2026-07-28 15:00:00,0.085,26
2026-07-28 16:00:00,0.085,25.9
2026-07-28 17:00:00,0.085,25.7
2026-07-28 18:00:00,0.085,25.6
2026-07-28 19:00:00,0.085,25.5
2026-07-28 20:00:00,0.085,25.3
2026-07-28 21:00:00,0.085,25.2
2026-07-28 22:00:00,0.085,25.2
2026-07-28 23:00:00,0.085,25.2
2026-07-29 00:00:00,0.085,25.5
2026-07-29 01:00:00,0.085,25.9
2026-07-29 02:00:00,0.085,26.4
2026-07-29 03:00:00,0.085,26.7
2026-07-29 04:00:00,0.084,27
2026-07-29 05:00:00,0.084,27.1
2026-07-29 06:00:00,0.084,27.1
2026-07-29 07:00:00,0.084,27
2026-07-29 08:00:00,0.084,26.9
2026-07-29 09:00:00,0.084,26.8
2026-07-29 10:00:00,0.084,26.7
2026-07-29 11:00:00,0.084,26.5
2026-07-29 12:00:00,0.084,26.3
2026-07-29 13:00:00,0.084,26.1
2026-07-29 14:00:00,0.084,25.9
2026-07-29 15:00:00,0.084,25.7
2026-07-29 16:00:00,0.084,25.6
2026-07-29 17:00:00,0.084,25.4
2026-07-29 18:00:00,0.084,25.3
2026-07-29 19:00:00,0.084,25.2
2026-07-29 20:00:00,0.084,25.1
2026-07-29 21:00:00,0.084,25
2026-07-29 22:00:00,0.084,24.9
2026-07-29 23:00:00,0.084,25.1
2026-07-30 00:00:00,0.084,25.4
2026-07-30 01:00:00,0.084,26.1
2026-07-30 02:00:00,0.084,26.6
2026-07-30 03:00:00,0.084,26.8
2026-07-30 04:00:00,0.084,27
2026-07-30 05:00:00,0.083,27
2026-07-30 06:00:00,0.083,27
2026-07-30 07:00:00,0.083,26.9
2026-07-30 08:00:00,0.083,26.9
2026-07-30 09:00:00,0.083,26.8
2026-07-30 10:00:00,0.083,26.6
2026-07-30 11:00:00,0.083,26.4
2026-07-30 12:00:00,0.083,26.2
2026-07-30 13:00:00,0.083,26
2026-07-30 14:00:00,0.083,25.8
2026-07-30 15:00:00,0.083,25.6
2026-07-30 16:00:00,0.083,25.4
2026-07-30 17:00:00,0.083,25.2
2026-07-30 18:00:00,0.083,25.1
2026-07-30 19:00:00,0.083,25
2026-07-30 20:00:00,0.083,24.9
2026-07-30 21:00:00,0.083,24.8
2026-07-30 22:00:00,0.083,24.8
2026-07-30 23:00:00,0.083,24.9
2026-07-31 00:00:00,0.083,25.1
2026-07-31 01:00:00,0.083,25.7
2026-07-31 02:00:00,0.083,26.4
2026-07-31 03:00:00,0.083,26.6
2026-07-31 04:00:00,0.083,26.8
2026-07-31 05:00:00,0.083,26.9
2026-07-31 06:00:00,0.083,26.9
2026-07-31 07:00:00,0.083,26.9
2026-07-31 08:00:00,0.083,27
2026-07-31 09:00:00,0.083,26.9
2026-07-31 10:00:00,0.083,26.8
2026-07-31 11:00:00,0.083,26.6
2026-07-31 12:00:00,0.083,26.4
2026-07-31 13:00:00,0.083,26.2
2026-07-31 14:00:00,0.083,26.1
2026-07-31 15:00:00,0.083,25.9
2026-07-31 16:00:00,0.083,25.7
2026-07-31 17:00:00,0.083,25.6
2026-07-31 18:00:00,0.083,25.5
2026-07-31 19:00:00,0.083,25.3
2026-07-31 20:00:00,0.083,25.2
2026-07-31 21:00:00,0.083,25.1
2026-07-31 22:00:00,0.083,25.1
2026-07-31 23:00:00,0.083,25.3
2026-08-01 00:00:00,0.082,25.6
2026-08-01 01:00:00,0.082,26.3
2026-08-01 02:00:00,0.082,27
2026-08-01 03:00:00,0.082,27.3
2026-08-01 04:00:00,0.082,27.5
2026-08-01 05:00:00,0.081,27.6
2026-08-01 06:00:00,0.081,27.6
2026-08-01 07:00:00,0.081,27.6
2026-08-01 08:00:00,0.081,27.5
2026-08-01 09:00:00,0.081,27.4
2026-08-01 10:00:00,0.082,27.2
2026-08-01 11:00:00,0.082,27
2026-08-01 12:00:00,0.082,26.7
2026-08-01 13:00:00,0.082,26.5
2026-08-01 14:00:00,0.082,26.3
2026-08-01 15:00:00,0.082,26.1
2026-08-01 16:00:00,0.082,25.9
2026-08-01 17:00:00,0.082,25.7
2026-08-01 18:00:00,0.082,25.5
2026-08-01 19:00:00,0.082,25.4
2026-08-01 20:00:00,0.082,25.2
2026-08-01 21:00:00,0.082,25.1
2026-08-01 22:00:00,0.082,25.1
2026-08-01 23:00:00,0.082,25.2
2026-08-02 00:00:00,0.082,25.5
2026-08-02 01:00:00,0.081,26.4
2026-08-02 02:00:00,0.081,27.1
2026-08-02 03:00:00,0.081,27.3
2026-08-02 04:00:00,0.081,27.4
2026-08-02 05:00:00,0.081,27.5
2026-08-02 06:00:00,0.081,27.5
2026-08-02 07:00:00,0.081,27.5
2026-08-02 08:00:00,0.081,27.5
2026-08-02 09:00:00,0.081,27.4
2026-08-02 10:00:00,0.081,27.3
2026-08-02 11:00:00,0.081,27.1
2026-08-02 12:00:00,0.081,26.9
2026-08-02 13:00:00,0.081,26.7
2026-08-02 14:00:00,0.081,26.5
2026-08-02 15:00:00,0.081,26.2
2026-08-02 16:00:00,0.081,26
2026-08-02 17:00:00,0.081,25.9
2026-08-02 18:00:00,0.081,25.7
2026-08-02 19:00:00,0.081,25.5
2026-08-02 20:00:00,0.081,25.3
2026-08-02 21:00:00,0.081,25.2
2026-08-02 22:00:00,0.081,25.1
2026-08-02 23:00:00,0.081,25.3
2026-08-03 00:00:00,0.081,25.7
2026-08-03 01:00:00,0.081,26.5
2026-08-03 02:00:00,0.081,27.3
2026-08-03 03:00:00,0.08,27.5
2026-08-03 04:00:00,0.08,27.7
2026-08-03 05:00:00,0.08,27.8
2026-08-03 06:00:00,0.08,27.9
2026-08-03 07:00:00,0.08,28
2026-08-03 08:00:00,0.08,28
2026-08-03 09:00:00,0.08,27.9
2026-08-03 10:00:00,0.08,27.7
2026-08-03 11:00:00,0.08,27.5
2026-08-03 12:00:00,0.08,27.3
2026-08-03 13:00:00,0.08,27.1
2026-08-03 14:00:00,0.08,26.9
2026-08-03 15:00:00,0.08,26.7
2026-08-03 16:00:00,0.08,26.6
2026-08-03 17:00:00,0.08,26.4
2026-08-03 18:00:00,0.08,26.3
2026-08-03 19:00:00,0.08,26.2
2026-08-03 20:00:00,0.08,26
2026-08-03 21:00:00,0.08,25.9
2026-08-03 22:00:00,0.08,25.9
2026-08-03 23:00:00,0.08,26
2026-08-04 00:00:00,0.08,26.4
2026-08-04 01:00:00,0.08,27.1
2026-08-04 02:00:00,0.08,27.5
2026-08-04 03:00:00,0.079,27.8
2026-08-04 04:00:00,0.079,28
2026-08-04 05:00:00,0.079,28.2
2026-08-04 06:00:00,0.079,28.3
2026-08-04 07:00:00,0.079,28.4
2026-08-04 08:00:00,0.079,28.4
2026-08-04 09:00:00,0.079,28.2
2026-08-04 10:00:00,0.079,28
2026-08-04 11:00:00,0.079,27.8
2026-08-04 12:00:00,0.079,27.6
2026-08-04 13:00:00,0.079,27.4
2026-08-04 14:00:00,0.08,27.3
2026-08-04 15:00:00,0.08,27.1
2026-08-04 16:00:00,0.08,27
2026-08-04 17:00:00,0.08,26.9
2026-08-04 18:00:00,0.08,26.8
2026-08-04 19:00:00,0.08,26.7
2026-08-04 20:00:00,0.08,26.6
2026-08-04 21:00:00,0.08,26.5
2026-08-04 22:00:00,0.08,26.4
2026-08-04 23:00:00,0.08,26.4
2026-08-05 00:00:00,0.079,26.7
2026-08-05 01:00:00,0.079,27.1
2026-08-05 02:00:00,0.079,27.5
2026-08-05 03:00:00,0.079,27.9
2026-08-05 04:00:00,0.079,28.1
2026-08-05 05:00:00,0.079,28.2
2026-08-05 06:00:00,0.079,28.2
2026-08-05 07:00:00,0.079,28.3
2026-08-05 08:00:00,0.079,28.3
2026-08-05 09:00:00,0.079,28.3
2026-08-05 10:00:00,0.08,28.2
2026-08-05 11:00:00,0.08,27.9
2026-08-05 12:00:00,0.08,27.7
2026-08-05 13:00:00,0.08,27.5
2026-08-05 14:00:00,0.08,27.4
2026-08-05 15:00:00,0.08,27.3
2026-08-05 16:00:00,0.08,27.1
2026-08-05 17:00:00,0.08,27
2026-08-05 18:00:00,0.08,26.9
2026-08-05 19:00:00,0.08,26.7
2026-08-05 20:00:00,0.08,26.6
2026-08-05 21:00:00,0.08,26.5
2026-08-05 22:00:00,0.08,26.4
2026-08-05 23:00:00,0.08,26.4
2026-08-06 00:00:00,0.08,26.7
2026-08-06 01:00:00,0.08,27.3
2026-08-06 02:00:00,0.08,27.8
2026-08-06 03:00:00,0.08,28
2026-08-06 04:00:00,0.08,28.1
