time,sm_bank_20cm,sm_irr_10cm,temp_bank_20cm,temp_irr_10cm
2025-10-31 06:00:00,0.311,0.379,17.5,18.7
2025-10-31 07:00:00,0.311,0.409,16.7,17.6
2025-10-31 08:00:00,0.311,0.409,16.4,17.3
2025-10-31 09:00:00,0.311,0.409,15.4,17
2025-10-31 10:00:00,0.312,0.409,14.6,16.6
2025-10-31 11:00:00,0.312,0.409,14.3,16.2
2025-10-31 12:00:00,0.312,0.409,14.1,16
2025-10-31 13:00:00,0.312,0.409,14,15.8
2025-10-31 14:00:00,0.312,0.409,13.9,15.7
2025-10-31 15:00:00,0.312,0.412,13.8,15.6
2025-10-31 16:00:00,0.312,0.412,13.8,15.5
2025-10-31 17:00:00,0.312,0.413,13.6,15.4
2025-10-31 18:00:00,0.312,0.413,13.6,15.3
2025-10-31 19:00:00,0.312,0.41,13.5,15.1
2025-10-31 20:00:00,0.313,0.411,13.2,15
2025-10-31 21:00:00,0.314,0.411,12.8,14.9
2025-10-31 22:00:00,0.315,0.411,12.5,14.6
2025-10-31 23:00:00,0.316,0.412,12.3,14.4
2025-11-01 00:00:00,0.316,0.412,12.5,14.3
2025-11-01 01:00:00,0.316,0.412,13,14.3
2025-11-01 02:00:00,0.316,0.412,13.4,14.7
2025-11-01 03:00:00,0.316,0.411,13.9,15.3
2025-11-01 04:00:00,0.316,0.41,14.9,16
2025-11-01 05:00:00,0.315,0.41,15.6,16.5
2025-11-01 06:00:00,0.315,0.411,15.8,16.8
2025-11-01 07:00:00,0.315,0.411,15.6,16.8
2025-11-01 08:00:00,0.315,0.411,15.3,16.7
2025-11-01 09:00:00,0.316,0.411,14.7,16.5
2025-11-01 10:00:00,0.316,0.412,14,16.2
2025-11-01 11:00:00,0.316,0.412,13.6,15.9
2025-11-01 12:00:00,0.316,0.412,13.2,15.6
2025-11-01 13:00:00,0.316,0.413,12.8,15.3
2025-11-01 14:00:00,0.316,0.414,12.4,14.9
2025-11-01 15:00:00,0.316,0.414,12.1,14.6
2025-11-01 16:00:00,0.316,0.413,11.8,14.3
2025-11-01 17:00:00,0.316,0.413,11.5,14
2025-11-01 18:00:00,0.316,0.414,11.3,13.7
2025-11-01 19:00:00,0.316,0.416,11.5,13.6
2025-11-01 20:00:00,0.316,0.416,11.7,13.6
2025-11-01 21:00:00,0.316,0.416,11.6,13.6
2025-11-01 22:00:00,0.316,0.416,11.4,13.5
2025-11-01 23:00:00,0.317,0.416,11.3,13.4
2025-11-02 00:00:00,0.316,0.416,11.5,13.3
2025-11-02 01:00:00,0.316,0.416,12,13.4
2025-11-02 02:00:00,0.316,0.415,12.5,13.8
2025-11-02 03:00:00,0.316,0.414,12.9,14.5
2025-11-02 04:00:00,0.315,0.412,13.5,15.2
2025-11-02 05:00:00,0.315,0.411,14.2,15.6
2025-11-02 06:00:00,0.314,0.41,15,15.9
2025-11-02 07:00:00,0.314,0.41,14.7,16
2025-11-02 08:00:00,0.315,0.41,14,15.7
2025-11-02 09:00:00,0.315,0.41,13,15.3
2025-11-02 10:00:00,0.315,0.41,12.3,14.9
2025-11-02 11:00:00,0.316,0.41,11.9,14.5
2025-11-02 12:00:00,0.316,0.411,11.5,14.2
2025-11-02 13:00:00,0.316,0.411,11.2,13.9
2025-11-02 14:00:00,0.316,0.411,11,13.6
2025-11-02 15:00:00,0.316,0.412,10.8,13.4
2025-11-02 16:00:00,0.316,0.412,10.7,13.2
2025-11-02 17:00:00,0.316,0.412,10.3,13
2025-11-02 18:00:00,0.316,0.412,10,12.7
2025-11-02 19:00:00,0.316,0.413,9.6,12.4
2025-11-02 20:00:00,0.316,0.413,9.2,12.1
2025-11-02 21:00:00,0.316,0.414,8.9,11.8
2025-11-02 22:00:00,0.316,0.414,8.5,11.5
2025-11-02 23:00:00,0.316,0.415,8.3,11.2
2025-11-03 00:00:00,0.316,0.415,8.3,11
2025-11-03 01:00:00,0.316,0.415,8.5,10.9
2025-11-03 02:00:00,0.316,0.415,8.7,11.2
2025-11-03 03:00:00,0.316,0.413,9.7,12.2
2025-11-03 04:00:00,0.314,0.411,12.1,13.5
2025-11-03 05:00:00,0.313,0.409,14.5,14.7
2025-11-03 06:00:00,0.312,0.407,15.7,15.4
2025-11-03 07:00:00,0.312,0.407,15.4,15.6
2025-11-03 08:00:00,0.313,0.407,14.6,15.4
2025-11-03 09:00:00,0.313,0.407,13.3,15
2025-11-03 10:00:00,0.314,0.408,12.3,14.6
2025-11-03 11:00:00,0.314,0.408,11.7,14.1
2025-11-03 12:00:00,0.314,0.409,11.1,13.7
2025-11-03 13:00:00,0.314,0.409,10.7,13.3
2025-11-03 14:00:00,0.314,0.41,10.5,13
2025-11-03 15:00:00,0.314,0.41,10.5,12.8
2025-11-03 16:00:00,0.314,0.411,10.5,12.7
2025-11-03 17:00:00,0.314,0.411,10.4,12.6
2025-11-03 18:00:00,0.314,0.411,10.3,12.5
2025-11-03 19:00:00,0.314,0.411,10.1,12.4
2025-11-03 20:00:00,0.314,0.412,10.1,12.2
2025-11-03 21:00:00,0.314,0.412,10,12.2
2025-11-03 22:00:00,0.314,0.412,9.9,12.1
2025-11-03 23:00:00,0.314,0.412,9.9,12
2025-11-04 00:00:00,0.314,0.412,10.1,12
2025-11-04 01:00:00,0.314,0.412,10.6,12.2
2025-11-04 02:00:00,0.314,0.411,11.5,12.7
2025-11-04 03:00:00,0.313,0.41,12.5,13.7
2025-11-04 04:00:00,0.312,0.408,14.2,14.9
2025-11-04 05:00:00,0.312,0.406,15.2,15.9
2025-11-04 06:00:00,0.311,0.405,16,16.4
2025-11-04 07:00:00,0.311,0.405,16.5,16.7
2025-11-04 08:00:00,0.311,0.405,16,16.6
2025-11-04 09:00:00,0.312,0.405,14.8,16.3
2025-11-04 10:00:00,0.312,0.406,13.9,15.9
2025-11-04 11:00:00,0.312,0.406,13.2,15.4
2025-11-04 12:00:00,0.313,0.407,12.7,15
2025-11-04 13:00:00,0.313,0.407,12.2,14.6
2025-11-04 14:00:00,0.313,0.408,11.8,14.2
2025-11-04 15:00:00,0.313,0.408,11.5,13.9
2025-11-04 16:00:00,0.313,0.409,11.2,13.6
2025-11-04 17:00:00,0.313,0.409,10.9,13.2
2025-11-04 18:00:00,0.313,0.41,10.6,13
2025-11-04 19:00:00,0.313,0.41,10.4,12.7
2025-11-04 20:00:00,0.314,0.41,10.1,12.5
2025-11-04 21:00:00,0.314,0.411,9.9,12.2
2025-11-04 22:00:00,0.314,0.411,9.6,12
2025-11-04 23:00:00,0.314,0.412,9.6,11.8
2025-11-05 00:00:00,0.314,0.412,9.8,11.8
2025-11-05 01:00:00,0.314,0.412,10.3,11.9
2025-11-05 02:00:00,0.313,0.411,11,12.4
2025-11-05 03:00:00,0.313,0.409,12.1,13.5
2025-11-05 04:00:00,0.312,0.407,14.3,15
2025-11-05 05:00:00,0.311,0.406,16.2,16.2
2025-11-05 06:00:00,0.31,0.404,17.3,16.9
2025-11-05 07:00:00,0.31,0.404,17.6,17.3
2025-11-05 08:00:00,0.31,0.404,17.1,17.2
2025-11-05 09:00:00,0.311,0.404,15.9,16.9
2025-11-05 10:00:00,0.311,0.404,14.8,16.4
2025-11-05 11:00:00,0.312,0.405,14,15.9
2025-11-05 12:00:00,0.312,0.406,13.3,15.4
2025-11-05 13:00:00,0.312,0.406,12.8,15
2025-11-05 14:00:00,0.312,0.407,12.4,14.6
2025-11-05 15:00:00,0.312,0.407,12,14.2
2025-11-05 16:00:00,0.312,0.408,11.7,13.8
2025-11-05 17:00:00,0.313,0.408,11.3,13.5
2025-11-05 18:00:00,0.313,0.409,11,13.2
2025-11-05 19:00:00,0.313,0.409,10.7,12.9
2025-11-05 20:00:00,0.313,0.41,10.4,12.6
2025-11-05 21:00:00,0.313,0.41,10.1,12.3
2025-11-05 22:00:00,0.313,0.41,9.8,12.1
2025-11-05 23:00:00,0.313,0.411,9.7,11.9
2025-11-06 00:00:00,0.313,0.411,10,11.8
2025-11-06 01:00:00,0.313,0.411,10.5,11.9
2025-11-06 02:00:00,0.313,0.41,11.1,12.4
2025-11-06 03:00:00,0.312,0.409,12.2,13.5
2025-11-06 04:00:00,0.311,0.406,13.8,14.8
2025-11-06 05:00:00,0.311,0.405,15.3,15.8
2025-11-06 06:00:00,0.31,0.404,16.4,16.5
2025-11-06 07:00:00,0.31,0.403,17.1,16.8
2025-11-06 08:00:00,0.31,0.403,16.6,16.9
2025-11-06 09:00:00,0.31,0.403,15.5,16.6
2025-11-06 10:00:00,0.311,0.403,14.6,16.2
2025-11-06 11:00:00,0.311,0.404,14,15.8
2025-11-06 12:00:00,0.311,0.404,13.6,15.5
2025-11-06 13:00:00,0.311,0.405,13.3,15.2
2025-11-06 14:00:00,0.311,0.405,13,14.9
2025-11-06 15:00:00,0.311,0.406,12.7,14.6
2025-11-06 16:00:00,0.312,0.406,12.4,14.3
2025-11-06 17:00:00,0.312,0.406,12.1,14.1
2025-11-06 18:00:00,0.312,0.407,11.9,13.8
2025-11-06 19:00:00,0.312,0.407,11.5,13.6
2025-11-06 20:00:00,0.312,0.408,11.2,13.3
2025-11-06 21:00:00,0.312,0.408,10.9,13
2025-11-06 22:00:00,0.312,0.408,10.7,12.8
2025-11-06 23:00:00,0.312,0.409,10.6,12.5
2025-11-07 00:00:00,0.312,0.409,10.9,12.5
2025-11-07 01:00:00,0.312,0.409,11.3,12.6
2025-11-07 02:00:00,0.312,0.408,12,13.1
2025-11-07 03:00:00,0.311,0.406,13.1,14.2
2025-11-07 04:00:00,0.31,0.404,15.1,15.6
2025-11-07 05:00:00,0.31,0.403,16.8,16.7
2025-11-07 06:00:00,0.309,0.401,18.2,17.4
2025-11-07 07:00:00,0.309,0.401,18.6,17.8
2025-11-07 08:00:00,0.309,0.401,17.9,17.7
2025-11-07 09:00:00,0.31,0.401,16.6,17.3
2025-11-07 10:00:00,0.31,0.401,15.6,16.9
2025-11-07 11:00:00,0.31,0.402,14.9,16.4
2025-11-07 12:00:00,0.31,0.402,14.3,16
2025-11-07 13:00:00,0.311,0.403,13.9,15.6
2025-11-07 14:00:00,0.311,0.403,13.6,15.2
2025-11-07 15:00:00,0.311,0.404,13.2,14.9
2025-11-07 16:00:00,0.311,0.404,12.9,14.6
2025-11-07 17:00:00,0.311,0.404,12.5,14.3
2025-11-07 18:00:00,0.311,0.405,12.2,14
2025-11-07 19:00:00,0.311,0.405,12,13.8
2025-11-07 20:00:00,0.311,0.406,11.9,13.5
2025-11-07 21:00:00,0.311,0.406,11.9,13.4
2025-11-07 22:00:00,0.311,0.406,11.9,13.3
2025-11-07 23:00:00,0.311,0.406,12.1,13.3
2025-11-08 00:00:00,0.311,0.406,12.5,13.5
2025-11-08 01:00:00,0.311,0.406,13,13.8
2025-11-08 02:00:00,0.31,0.405,13.7,14.2
2025-11-08 03:00:00,0.31,0.404,14.7,14.9
2025-11-08 04:00:00,0.31,0.403,15.3,15.5
2025-11-08 05:00:00,0.31,0.403,15.6,16
2025-11-08 06:00:00,0.31,0.402,15.6,16.3
2025-11-08 07:00:00,0.31,0.402,15.4,16.3
2025-11-08 08:00:00,0.31,0.403,15.1,16.3
2025-11-08 09:00:00,0.31,0.405,14.9,16.2
2025-11-08 10:00:00,0.31,0.406,14.7,16.1
2025-11-08 11:00:00,0.31,0.411,14.6,15.9
2025-11-08 12:00:00,0.31,0.413,14.5,15.8
2025-11-08 13:00:00,0.31,0.413,14.4,15.7
2025-11-08 14:00:00,0.31,0.413,14.3,15.6
2025-11-08 15:00:00,0.31,0.414,14.3,15.5
2025-11-08 16:00:00,0.31,0.414,14.2,15.5
2025-11-08 17:00:00,0.31,0.414,14.1,15.4
2025-11-08 18:00:00,0.309,0.414,14.1,15.4
2025-11-08 19:00:00,0.309,0.414,14,15.3
2025-11-08 20:00:00,0.309,0.414,14,15.3
2025-11-08 21:00:00,0.31,0.414,13.9,15.2
2025-11-08 22:00:00,0.31,0.415,13.7,15.1
2025-11-08 23:00:00,0.31,0.415,13.5,15
2025-11-09 00:00:00,0.31,0.415,13.6,14.9
2025-11-09 01:00:00,0.31,0.415,14,15
2025-11-09 02:00:00,0.31,0.414,14.5,15.2
2025-11-09 03:00:00,0.31,0.414,15.2,15.7
2025-11-09 04:00:00,0.31,0.413,16.3,16.4
2025-11-09 05:00:00,0.309,0.412,17.3,17.1
2025-11-09 06:00:00,0.309,0.412,17.9,17.5
2025-11-09 07:00:00,0.309,0.412,17.8,17.6
2025-11-09 08:00:00,0.31,0.412,17.1,17.4
2025-11-09 09:00:00,0.31,0.412,16,17.1
2025-11-09 10:00:00,0.311,0.412,15.1,16.7
2025-11-09 11:00:00,0.311,0.413,14.4,16.3
2025-11-09 12:00:00,0.311,0.414,13.9,15.9
2025-11-09 13:00:00,0.311,0.414,13.4,15.5
2025-11-09 14:00:00,0.312,0.415,13,15.2
2025-11-09 15:00:00,0.312,0.416,12.8,14.9
2025-11-09 16:00:00,0.312,0.417,12.6,14.6
2025-11-09 17:00:00,0.312,0.417,12.4,14.4
2025-11-09 18:00:00,0.312,0.418,12.2,14.2
2025-11-09 19:00:00,0.312,0.419,12,14
2025-11-09 20:00:00,0.312,0.419,11.7,13.8
2025-11-09 21:00:00,0.312,0.42,11.3,13.6
2025-11-09 22:00:00,0.312,0.42,11,13.3
2025-11-09 23:00:00,0.313,0.421,10.7,13.1
2025-11-10 00:00:00,0.313,0.421,10.7,12.9
2025-11-10 01:00:00,0.313,0.421,10.9,12.8
2025-11-10 02:00:00,0.313,0.42,11.1,12.9
2025-11-10 03:00:00,0.312,0.419,11.6,13.6
2025-11-10 04:00:00,0.312,0.418,12.9,14.5
2025-11-10 05:00:00,0.311,0.417,14.1,15.2
2025-11-10 06:00:00,0.311,0.416,14.9,15.5
2025-11-10 07:00:00,0.31,0.415,15.2,15.6
2025-11-10 08:00:00,0.31,0.416,14.8,15.4
2025-11-10 09:00:00,0.311,0.418,13.5,15
2025-11-10 10:00:00,0.312,0.419,12.5,14.5
2025-11-10 11:00:00,0.312,0.418,11.8,14
2025-11-10 12:00:00,0.312,0.418,11.2,13.6
2025-11-10 13:00:00,0.312,0.418,10.6,13.1
2025-11-10 14:00:00,0.313,0.418,10.2,12.7
2025-11-10 15:00:00,0.313,0.419,9.8,12.3
2025-11-10 16:00:00,0.313,0.42,9.5,12
2025-11-10 17:00:00,0.313,0.42,9.3,11.7
2025-11-10 18:00:00,0.313,0.421,9.2,11.5
2025-11-10 19:00:00,0.313,0.421,8.9,11.3
2025-11-10 20:00:00,0.314,0.421,8.7,11.1
2025-11-10 21:00:00,0.314,0.421,8.5,10.9
2025-11-10 22:00:00,0.314,0.421,8.3,10.7
2025-11-10 23:00:00,0.314,0.422,8.2,10.6
2025-11-11 00:00:00,0.314,0.422,8.4,10.5
2025-11-11 01:00:00,0.314,0.421,8.7,10.6
2025-11-11 02:00:00,0.313,0.421,9.2,10.9
2025-11-11 03:00:00,0.313,0.419,10.1,11.8
2025-11-11 04:00:00,0.312,0.417,11.6,13
2025-11-11 05:00:00,0.311,0.415,13,14
2025-11-11 06:00:00,0.311,0.414,14.1,14.6
2025-11-11 07:00:00,0.31,0.413,14.9,14.8
2025-11-11 08:00:00,0.311,0.413,14.5,14.8
2025-11-11 09:00:00,0.311,0.414,13.4,14.5
2025-11-11 10:00:00,0.312,0.414,12.3,14.1
2025-11-11 11:00:00,0.312,0.415,11.6,13.7
2025-11-11 12:00:00,0.312,0.415,11,13.2
2025-11-11 13:00:00,0.312,0.416,10.5,12.8
2025-11-11 14:00:00,0.312,0.416,10.1,12.5
2025-11-11 15:00:00,0.313,0.417,9.7,12.1
2025-11-11 16:00:00,0.313,0.418,9.4,11.8
2025-11-11 17:00:00,0.313,0.418,9,11.5
2025-11-11 18:00:00,0.313,0.418,8.8,11.2
2025-11-11 19:00:00,0.314,0.419,8.5,10.9
2025-11-11 20:00:00,0.314,0.419,8.2,10.6
2025-11-11 21:00:00,0.314,0.42,7.9,10.4
2025-11-11 22:00:00,0.314,0.42,7.6,10.1
2025-11-11 23:00:00,0.314,0.42,7.5,9.9
2025-11-12 00:00:00,0.314,0.421,7.8,9.9
2025-11-12 01:00:00,0.314,0.421,8.5,10.1
2025-11-12 02:00:00,0.313,0.42,9.2,10.5
2025-11-12 03:00:00,0.313,0.419,10.1,11.1
2025-11-12 04:00:00,0.312,0.419,11,11.8
2025-11-12 05:00:00,0.312,0.418,11.3,12.3
2025-11-12 06:00:00,0.312,0.417,11.3,12.7
2025-11-12 07:00:00,0.312,0.417,11.3,12.9
2025-11-12 08:00:00,0.312,0.417,11.2,13
2025-11-12 09:00:00,0.312,0.417,10.8,12.9
2025-11-12 10:00:00,0.313,0.417,10.5,12.7
2025-11-12 11:00:00,0.313,0.417,10.2,12.5
2025-11-12 12:00:00,0.313,0.418,10,12.3
2025-11-12 13:00:00,0.313,0.418,9.8,12.1
2025-11-12 14:00:00,0.313,0.418,9.6,12
2025-11-12 15:00:00,0.313,0.418,9.4,11.8
2025-11-12 16:00:00,0.313,0.419,9.1,11.6
2025-11-12 17:00:00,0.313,0.419,8.8,11.3
2025-11-12 18:00:00,0.313,0.419,8.5,11.1
2025-11-12 19:00:00,0.314,0.42,8.2,10.8
2025-11-12 20:00:00,0.314,0.42,7.9,10.5
2025-11-12 21:00:00,0.314,0.421,7.7,10.3
2025-11-12 22:00:00,0.314,0.421,7.5,10.1
2025-11-12 23:00:00,0.314,0.421,7.3,9.8
2025-11-13 00:00:00,0.314,0.422,7.3,9.7
2025-11-13 01:00:00,0.314,0.422,7.7,9.7
2025-11-13 02:00:00,0.314,0.421,8.4,10.1
2025-11-13 03:00:00,0.313,0.42,9.6,11.2
2025-11-13 04:00:00,0.312,0.418,11.5,12.6
2025-11-13 05:00:00,0.312,0.416,12.7,13.7
2025-11-13 06:00:00,0.311,0.414,13.6,14.3
2025-11-13 07:00:00,0.311,0.414,13.7,14.6
2025-11-13 08:00:00,0.311,0.414,13.1,14.6
2025-11-13 09:00:00,0.312,0.414,12.3,14.3
2025-11-13 10:00:00,0.312,0.414,11.6,13.9
2025-11-13 11:00:00,0.312,0.415,11,13.5
2025-11-13 12:00:00,0.312,0.416,10.5,13.1
2025-11-13 13:00:00,0.313,0.416,10.1,12.7
2025-11-13 14:00:00,0.313,0.416,9.7,12.3
2025-11-13 15:00:00,0.313,0.417,9.4,12
2025-11-13 16:00:00,0.313,0.417,9.1,11.7
2025-11-13 17:00:00,0.313,0.418,8.8,11.4
2025-11-13 18:00:00,0.313,0.418,8.5,11.1
2025-11-13 19:00:00,0.313,0.418,8.3,10.8
2025-11-13 20:00:00,0.314,0.419,8,10.6
2025-11-13 21:00:00,0.314,0.419,7.7,10.3
2025-11-13 22:00:00,0.314,0.42,7.5,10.1
2025-11-13 23:00:00,0.314,0.42,7.4,9.8
2025-11-14 00:00:00,0.314,0.42,7.5,9.7
2025-11-14 01:00:00,0.314,0.42,7.9,9.7
2025-11-14 02:00:00,0.314,0.42,8.5,10.1
2025-11-14 03:00:00,0.313,0.418,9.3,11.1
2025-11-14 04:00:00,0.312,0.416,10.7,12.2
2025-11-14 05:00:00,0.312,0.414,11.8,13.1
2025-11-14 06:00:00,0.311,0.413,12.5,13.5
2025-11-14 07:00:00,0.311,0.413,13.4,13.7
2025-11-14 08:00:00,0.311,0.413,13.3,13.6
2025-11-14 09:00:00,0.311,0.413,12.2,13.4
2025-11-14 10:00:00,0.312,0.413,11.2,13
2025-11-14 11:00:00,0.312,0.414,10.5,12.6
2025-11-14 12:00:00,0.312,0.414,9.9,12.2
2025-11-14 13:00:00,0.313,0.415,9.5,11.8
2025-11-14 14:00:00,0.313,0.416,9.1,11.4
2025-11-14 15:00:00,0.313,0.416,8.8,11.1
2025-11-14 16:00:00,0.313,0.416,8.6,10.8
2025-11-14 17:00:00,0.313,0.417,8.3,10.6
2025-11-14 18:00:00,0.313,0.417,8,10.4
2025-11-14 19:00:00,0.314,0.417,7.8,10.1
2025-11-14 20:00:00,0.314,0.418,7.4,9.9
2025-11-14 21:00:00,0.314,0.418,7.2,9.6
2025-11-14 22:00:00,0.314,0.419,6.9,9.4
2025-11-14 23:00:00,0.314,0.419,6.8,9.2
2025-11-15 00:00:00,0.314,0.419,6.9,9.1
2025-11-15 01:00:00,0.314,0.419,7.3,9.1
2025-11-15 02:00:00,0.314,0.419,7.9,9.5
2025-11-15 03:00:00,0.313,0.417,8.9,10.7
2025-11-15 04:00:00,0.312,0.415,11.1,12.2
2025-11-15 05:00:00,0.311,0.413,13.2,13.5
2025-11-15 06:00:00,0.31,0.411,15,14.3
2025-11-15 07:00:00,0.31,0.41,15.6,14.7
2025-11-15 08:00:00,0.31,0.41,15,14.7
2025-11-15 09:00:00,0.311,0.41,13.5,14.3
2025-11-15 10:00:00,0.311,0.411,12.3,13.9
2025-11-15 11:00:00,0.312,0.411,11.5,13.3
2025-11-15 12:00:00,0.312,0.412,10.8,12.8
2025-11-15 13:00:00,0.312,0.413,10.2,12.4
2025-11-15 14:00:00,0.313,0.413,9.8,12
2025-11-15 15:00:00,0.313,0.414,9.4,11.6
2025-11-15 16:00:00,0.313,0.414,9.1,11.3
2025-11-15 17:00:00,0.313,0.415,8.9,11
2025-11-15 18:00:00,0.313,0.415,8.6,10.8
2025-11-15 19:00:00,0.313,0.415,8.4,10.5
2025-11-15 20:00:00,0.313,0.416,8.2,10.3
2025-11-15 21:00:00,0.314,0.416,7.9,10.1
2025-11-15 22:00:00,0.314,0.416,7.7,9.9
2025-11-15 23:00:00,0.314,0.417,7.7,9.7
2025-11-16 00:00:00,0.313,0.417,8.2,9.8
2025-11-16 01:00:00,0.313,0.417,8.8,10
2025-11-16 02:00:00,0.313,0.416,9.7,10.6
2025-11-16 03:00:00,0.312,0.414,10.8,11.6
2025-11-16 04:00:00,0.311,0.412,12.4,12.9
2025-11-16 05:00:00,0.311,0.411,13.4,13.9
2025-11-16 06:00:00,0.31,0.41,14.2,14.4
2025-11-16 07:00:00,0.31,0.409,15,14.7
2025-11-16 08:00:00,0.31,0.409,14.9,14.7
2025-11-16 09:00:00,0.31,0.409,13.9,14.5
2025-11-16 10:00:00,0.311,0.41,12.8,14.1
2025-11-16 11:00:00,0.311,0.41,12,13.7
2025-11-16 12:00:00,0.311,0.411,11.4,13.3
2025-11-16 13:00:00,0.312,0.411,11,12.9
2025-11-16 14:00:00,0.312,0.412,10.6,12.5
2025-11-16 15:00:00,0.312,0.412,10.4,12.2
2025-11-16 16:00:00,0.312,0.413,10.5,12
2025-11-16 17:00:00,0.312,0.413,10.4,12
2025-11-16 18:00:00,0.312,0.413,10.5,11.9
2025-11-16 19:00:00,0.312,0.413,10.5,11.9
2025-11-16 20:00:00,0.312,0.413,10.2,11.8
2025-11-16 21:00:00,0.312,0.413,9.8,11.6
2025-11-16 22:00:00,0.312,0.414,9.5,11.3
2025-11-16 23:00:00,0.312,0.414,9.4,11.1
2025-11-17 00:00:00,0.312,0.414,9.4,11
2025-11-17 01:00:00,0.312,0.414,9.5,11
2025-11-17 02:00:00,0.312,0.414,9.9,11.1
2025-11-17 03:00:00,0.312,0.413,10.1,11.3
2025-11-17 04:00:00,0.312,0.412,10.4,11.5
2025-11-17 05:00:00,0.312,0.412,10.6,11.8
2025-11-17 06:00:00,0.312,0.411,10.5,11.8
2025-11-17 07:00:00,0.312,0.411,10.2,11.8
2025-11-17 08:00:00,0.312,0.411,9.8,11.6
2025-11-17 09:00:00,0.312,0.412,9.4,11.3
2025-11-17 10:00:00,0.313,0.412,9.1,11
2025-11-17 11:00:00,0.313,0.412,8.8,10.7
2025-11-17 12:00:00,0.313,0.412,8.6,10.5
2025-11-17 13:00:00,0.313,0.413,8.5,10.3
2025-11-17 14:00:00,0.313,0.413,8.5,10.2
2025-11-17 15:00:00,0.313,0.413,8.3,10.1
2025-11-17 16:00:00,0.313,0.413,8.2,9.9
2025-11-17 17:00:00,0.313,0.413,8.2,9.8
2025-11-17 18:00:00,0.313,0.413,8.1,9.7
2025-11-17 19:00:00,0.313,0.413,8,9.7
2025-11-17 20:00:00,0.313,0.413,8,9.6
2025-11-17 21:00:00,0.313,0.413,7.9,9.5
2025-11-17 22:00:00,0.313,0.414,7.8,9.5
2025-11-17 23:00:00,0.313,0.414,7.8,9.4
2025-11-18 00:00:00,0.313,0.415,7.7,9.4
2025-11-18 01:00:00,0.313,0.415,7.9,9.4
2025-11-18 02:00:00,0.313,0.414,8.1,9.6
2025-11-18 03:00:00,0.313,0.413,8.6,10.2
2025-11-18 04:00:00,0.312,0.412,9.7,11.2
2025-11-18 05:00:00,0.312,0.411,9.9,11.8
2025-11-18 06:00:00,0.312,0.41,9.7,11.9
2025-11-18 07:00:00,0.312,0.41,9.6,11.8
2025-11-18 08:00:00,0.312,0.41,9.4,11.6
2025-11-18 09:00:00,0.312,0.411,8.9,11.3
2025-11-18 10:00:00,0.312,0.411,8.5,11
2025-11-18 11:00:00,0.312,0.411,8.4,10.7
2025-11-18 12:00:00,0.312,0.412,8.3,10.5
2025-11-18 13:00:00,0.312,0.412,8.2,10.4
2025-11-18 14:00:00,0.312,0.414,8.1,10.3
2025-11-18 15:00:00,0.313,0.416,8,10.2
2025-11-18 16:00:00,0.313,0.42,8,10.1
2025-11-18 17:00:00,0.313,0.421,7.9,10
2025-11-18 18:00:00,0.313,0.421,7.8,10
2025-11-18 19:00:00,0.313,0.421,7.7,9.9
2025-11-18 20:00:00,0.313,0.421,7.6,9.8
2025-11-18 21:00:00,0.313,0.422,7.6,9.7
2025-11-18 22:00:00,0.313,0.422,7.5,9.7
2025-11-18 23:00:00,0.313,0.422,7.5,9.6
2025-11-19 00:00:00,0.313,0.422,7.7,9.6
2025-11-19 01:00:00,0.312,0.421,8.2,9.8
2025-11-19 02:00:00,0.312,0.421,8.5,10
2025-11-19 03:00:00,0.312,0.42,9,10.3
2025-11-19 04:00:00,0.312,0.42,9.5,10.7
2025-11-19 05:00:00,0.311,0.419,10.5,11.1
2025-11-19 06:00:00,0.311,0.418,11.2,11.7
2025-11-19 07:00:00,0.311,0.417,10.6,12
2025-11-19 08:00:00,0.311,0.417,10.1,12
2025-11-19 09:00:00,0.311,0.417,9.7,11.8
2025-11-19 10:00:00,0.312,0.417,9.3,11.6
2025-11-19 11:00:00,0.312,0.417,9.1,11.4
2025-11-19 12:00:00,0.312,0.417,8.9,11.2
2025-11-19 13:00:00,0.312,0.417,8.6,10.9
2025-11-19 14:00:00,0.312,0.417,8.2,10.7
2025-11-19 15:00:00,0.312,0.418,7.7,10.3
2025-11-19 16:00:00,0.312,0.418,7.4,10
2025-11-19 17:00:00,0.313,0.418,7,9.6
2025-11-19 18:00:00,0.313,0.419,7,9.4
2025-11-19 19:00:00,0.313,0.419,6.8,9.2
2025-11-19 20:00:00,0.313,0.419,6.8,9
2025-11-19 21:00:00,0.313,0.419,6.9,9
2025-11-19 22:00:00,0.313,0.419,6.8,8.9
2025-11-19 23:00:00,0.313,0.419,6.9,8.9
2025-11-20 00:00:00,0.313,0.419,7.2,8.9
2025-11-20 01:00:00,0.313,0.419,7.7,9.1
2025-11-20 02:00:00,0.312,0.418,8.4,9.5
2025-11-20 03:00:00,0.312,0.418,9.1,10
2025-11-20 04:00:00,0.311,0.416,10.5,10.9
2025-11-20 05:00:00,0.311,0.415,11,11.8
2025-11-20 06:00:00,0.311,0.414,11.3,12.2
2025-11-20 07:00:00,0.311,0.413,11.3,12.4
2025-11-20 08:00:00,0.311,0.413,10.9,12.4
2025-11-20 09:00:00,0.311,0.413,10.4,12.2
2025-11-20 10:00:00,0.311,0.413,10,12
2025-11-20 11:00:00,0.311,0.413,9.7,11.7
2025-11-20 12:00:00,0.311,0.414,9.3,11.5
2025-11-20 13:00:00,0.312,0.414,9,11.2
2025-11-20 14:00:00,0.312,0.414,8.8,11
2025-11-20 15:00:00,0.312,0.415,8.6,10.7
2025-11-20 16:00:00,0.312,0.415,8.2,10.5
2025-11-20 17:00:00,0.312,0.415,7.9,10.2
2025-11-20 18:00:00,0.312,0.416,7.6,9.9
2025-11-20 19:00:00,0.312,0.416,7.2,9.6
2025-11-20 20:00:00,0.313,0.416,6.9,9.3
2025-11-20 21:00:00,0.313,0.417,6.6,9.1
2025-11-20 22:00:00,0.313,0.417,6.4,8.8
2025-11-20 23:00:00,0.313,0.417,6.2,8.6
2025-11-21 00:00:00,0.313,0.417,6.4,8.4
2025-11-21 01:00:00,0.313,0.417,6.8,8.5
2025-11-21 02:00:00,0.313,0.417,7.4,8.7
2025-11-21 03:00:00,0.312,0.416,8.1,9.6
2025-11-21 04:00:00,0.311,0.414,9.5,10.7
2025-11-21 05:00:00,0.311,0.412,10.9,11.6
2025-11-21 06:00:00,0.31,0.41,12.1,12.1
2025-11-21 07:00:00,0.31,0.41,12.6,12.4
2025-11-21 08:00:00,0.31,0.41,12,12.3
2025-11-21 09:00:00,0.31,0.41,10.8,12
2025-11-21 10:00:00,0.311,0.41,9.8,11.5
2025-11-21 11:00:00,0.311,0.411,9.1,11.1
2025-11-21 12:00:00,0.311,0.411,8.6,10.7
2025-11-21 13:00:00,0.312,0.412,8.1,10.3
2025-11-21 14:00:00,0.312,0.413,7.7,9.9
2025-11-21 15:00:00,0.312,0.413,7.4,9.6
2025-11-21 16:00:00,0.312,0.413,7.1,9.3
2025-11-21 17:00:00,0.312,0.414,6.8,9
2025-11-21 18:00:00,0.313,0.414,6.5,8.8
2025-11-21 19:00:00,0.313,0.414,6.2,8.5
2025-11-21 20:00:00,0.313,0.415,6,8.3
2025-11-21 21:00:00,0.313,0.415,5.8,8.1
2025-11-21 22:00:00,0.313,0.415,5.5,7.8
2025-11-21 23:00:00,0.313,0.416,5.4,7.6
2025-11-22 00:00:00,0.313,0.416,5.5,7.5
2025-11-22 01:00:00,0.313,0.416,5.8,7.6
2025-11-22 02:00:00,0.313,0.416,6.4,7.9
2025-11-22 03:00:00,0.312,0.414,7.3,9.1
2025-11-22 04:00:00,0.311,0.412,9.2,10.6
2025-11-22 05:00:00,0.31,0.409,10.9,11.8
2025-11-22 06:00:00,0.31,0.407,11.9,12.4
2025-11-22 07:00:00,0.31,0.407,12.4,12.6
2025-11-22 08:00:00,0.31,0.407,12,12.5
2025-11-22 09:00:00,0.31,0.407,10.9,12.2
2025-11-22 10:00:00,0.311,0.408,9.9,11.8
2025-11-22 11:00:00,0.311,0.408,9.2,11.3
2025-11-22 12:00:00,0.311,0.408,8.6,10.9
2025-11-22 13:00:00,0.311,0.409,8.1,10.4
2025-11-22 14:00:00,0.312,0.409,7.7,10.1
2025-11-22 15:00:00,0.312,0.41,7.4,9.7
2025-11-22 16:00:00,0.312,0.41,7.1,9.4
2025-11-22 17:00:00,0.312,0.41,6.9,9.1
2025-11-22 18:00:00,0.312,0.411,6.7,8.9
2025-11-22 19:00:00,0.313,0.411,6.5,8.7
2025-11-22 20:00:00,0.313,0.411,6.3,8.5
2025-11-22 21:00:00,0.313,0.411,6,8.3
2025-11-22 22:00:00,0.313,0.412,5.8,8.1
2025-11-22 23:00:00,0.313,0.412,5.7,7.9
2025-11-23 00:00:00,0.313,0.412,6.1,7.9
2025-11-23 01:00:00,0.313,0.412,6.6,8.1
2025-11-23 02:00:00,0.312,0.411,7.2,8.6
2025-11-23 03:00:00,0.312,0.41,8.1,9.7
2025-11-23 04:00:00,0.311,0.408,10,11.1
2025-11-23 05:00:00,0.31,0.407,11.6,12.2
2025-11-23 06:00:00,0.309,0.406,13,13
2025-11-23 07:00:00,0.309,0.405,13.3,13.3
2025-11-23 08:00:00,0.309,0.405,12.7,13.2
2025-11-23 09:00:00,0.31,0.405,11.6,13
2025-11-23 10:00:00,0.31,0.406,10.7,12.5
2025-11-23 11:00:00,0.31,0.406,10.2,12.1
2025-11-23 12:00:00,0.31,0.406,9.8,11.7
2025-11-23 13:00:00,0.311,0.407,9.5,11.4
2025-11-23 14:00:00,0.311,0.407,9.2,11.1
2025-11-23 15:00:00,0.311,0.407,9.1,10.9
2025-11-23 16:00:00,0.311,0.407,9,10.8
2025-11-23 17:00:00,0.311,0.408,9,10.7
2025-11-23 18:00:00,0.311,0.408,9,10.6
2025-11-23 19:00:00,0.311,0.408,8.9,10.6
2025-11-23 20:00:00,0.311,0.408,8.9,10.5
2025-11-23 21:00:00,0.311,0.408,8.8,10.5
2025-11-23 22:00:00,0.311,0.408,8.5,10.4
2025-11-23 23:00:00,0.311,0.408,8.3,10.2
2025-11-24 00:00:00,0.311,0.408,8.5,10.1
2025-11-24 01:00:00,0.311,0.408,8.8,10.2
2025-11-24 02:00:00,0.311,0.408,9.5,10.6
2025-11-24 03:00:00,0.31,0.407,10.4,11.5
2025-11-24 04:00:00,0.309,0.405,11.7,12.5
2025-11-24 05:00:00,0.309,0.404,13.1,13.4
2025-11-24 06:00:00,0.308,0.403,14,14
2025-11-24 07:00:00,0.308,0.402,14.1,14.2
2025-11-24 08:00:00,0.308,0.402,13.3,14.1
2025-11-24 09:00:00,0.309,0.403,12.4,13.8
2025-11-24 10:00:00,0.309,0.403,11.7,13.4
2025-11-24 11:00:00,0.309,0.403,11.1,12.9
2025-11-24 12:00:00,0.31,0.404,10.7,12.5
2025-11-24 13:00:00,0.31,0.405,10.3,12.2
2025-11-24 14:00:00,0.31,0.405,10,11.8
2025-11-24 15:00:00,0.31,0.405,9.7,11.6
2025-11-24 16:00:00,0.31,0.405,9.5,11.3
2025-11-24 17:00:00,0.31,0.405,9.4,11.1
2025-11-24 18:00:00,0.31,0.406,9.4,11
2025-11-24 19:00:00,0.31,0.406,9.5,10.9
2025-11-24 20:00:00,0.31,0.406,9.5,10.9
2025-11-24 21:00:00,0.31,0.406,9.5,10.9
2025-11-24 22:00:00,0.31,0.407,9.5,10.9
2025-11-24 23:00:00,0.31,0.407,9.6,10.9
2025-11-25 00:00:00,0.31,0.407,9.6,10.9
2025-11-25 01:00:00,0.31,0.408,9.6,11
2025-11-25 02:00:00,0.31,0.408,9.8,11.1
2025-11-25 03:00:00,0.31,0.408,9.9,11.4
2025-11-25 04:00:00,0.31,0.407,10.2,11.7
2025-11-25 05:00:00,0.31,0.407,10.1,11.9
2025-11-25 06:00:00,0.31,0.407,10,11.8
2025-11-25 07:00:00,0.31,0.406,10,11.7
2025-11-25 08:00:00,0.31,0.406,9.5,11.4
2025-11-25 09:00:00,0.31,0.406,9.1,11.1
2025-11-25 10:00:00,0.31,0.407,8.9,10.8
2025-11-25 11:00:00,0.31,0.407,8.8,10.6
2025-11-25 12:00:00,0.31,0.407,8.7,10.5
2025-11-25 13:00:00,0.31,0.407,8.7,10.3
2025-11-25 14:00:00,0.31,0.407,8.6,10.2
2025-11-25 15:00:00,0.31,0.407,8.6,10.2
2025-11-25 16:00:00,0.311,0.407,8.6,10.2
2025-11-25 17:00:00,0.31,0.407,8.5,10.1
2025-11-25 18:00:00,0.311,0.407,8.5,10.1
2025-11-25 19:00:00,0.311,0.407,8.5,10.1
2025-11-25 20:00:00,0.311,0.407,8.5,10.1
2025-11-25 21:00:00,0.311,0.407,8.3,10
2025-11-25 22:00:00,0.311,0.407,8,9.9
2025-11-25 23:00:00,0.311,0.408,7.8,9.6
2025-11-26 00:00:00,0.311,0.408,8,9.6
2025-11-26 01:00:00,0.311,0.408,8.2,9.6
2025-11-26 02:00:00,0.311,0.407,8.6,9.9
2025-11-26 03:00:00,0.31,0.406,9.2,10.7
2025-11-26 04:00:00,0.31,0.405,10.5,11.7
2025-11-26 05:00:00,0.309,0.403,11.9,12.5
2025-11-26 06:00:00,0.308,0.403,13,13
2025-11-26 07:00:00,0.308,0.402,13.5,13.1
2025-11-26 08:00:00,0.308,0.402,12.9,12.8
2025-11-26 09:00:00,0.309,0.403,11.5,12.4
2025-11-26 10:00:00,0.309,0.403,10.4,11.9
2025-11-26 11:00:00,0.309,0.404,9.6,11.4
2025-11-26 12:00:00,0.31,0.404,9,10.9
2025-11-26 13:00:00,0.31,0.405,8.5,10.4
2025-11-26 14:00:00,0.31,0.405,8,10
2025-11-26 15:00:00,0.311,0.406,7.6,9.6
2025-11-26 16:00:00,0.311,0.406,7.3,9.2
2025-11-26 17:00:00,0.311,0.406,7.2,9
2025-11-26 18:00:00,0.311,0.406,7.1,8.8
2025-11-26 19:00:00,0.311,0.407,7,8.6
2025-11-26 20:00:00,0.311,0.407,7.1,8.6
2025-11-26 21:00:00,0.311,0.407,7.1,8.6
2025-11-26 22:00:00,0.311,0.412,7.1,8.5
2025-11-26 23:00:00,0.311,0.419,7,8.4
2025-11-27 00:00:00,0.311,0.42,7.1,8.3
2025-11-27 01:00:00,0.311,0.42,7.6,8.5
2025-11-27 02:00:00,0.311,0.419,8,8.8
2025-11-27 03:00:00,0.31,0.421,8.4,9.1
2025-11-27 04:00:00,0.31,0.42,8.9,9.6
2025-11-27 05:00:00,0.31,0.421,9.3,10
2025-11-27 06:00:00,0.31,0.421,9.5,10.3
2025-11-27 07:00:00,0.31,0.42,9.1,10.5
2025-11-27 08:00:00,0.31,0.42,8.7,10.4
2025-11-27 09:00:00,0.31,0.42,8.1,10.1
2025-11-27 10:00:00,0.31,0.422,7.8,9.8
2025-11-27 11:00:00,0.311,0.421,7.4,9.5
2025-11-27 12:00:00,0.311,0.421,7.3,9.3
2025-11-27 13:00:00,0.311,0.422,7.3,9.1
2025-11-27 14:00:00,0.311,0.421,7,9
2025-11-27 15:00:00,0.311,0.421,6.8,8.8
2025-11-27 16:00:00,0.311,0.42,6.8,8.7
2025-11-27 17:00:00,0.311,0.419,6.8,8.6
2025-11-27 18:00:00,0.311,0.419,6.7,8.6
2025-11-27 19:00:00,0.311,0.419,6.6,8.5
2025-11-27 20:00:00,0.311,0.419,6.4,8.4
2025-11-27 21:00:00,0.311,0.419,6.2,8.3
2025-11-27 22:00:00,0.311,0.419,6.1,8.1
2025-11-27 23:00:00,0.311,0.419,6.1,8.1
2025-11-28 00:00:00,0.311,0.419,6.3,8.1
2025-11-28 01:00:00,0.311,0.418,6.7,8.2
2025-11-28 02:00:00,0.311,0.418,7.2,8.5
2025-11-28 03:00:00,0.31,0.417,7.8,9.2
2025-11-28 04:00:00,0.31,0.415,9,10.2
2025-11-28 05:00:00,0.309,0.413,10.2,11.1
2025-11-28 06:00:00,0.309,0.412,10.8,11.6
2025-11-28 07:00:00,0.308,0.411,10.8,11.7
2025-11-28 08:00:00,0.309,0.41,10.2,11.4
2025-11-28 09:00:00,0.309,0.411,9.1,11
2025-11-28 10:00:00,0.31,0.411,8.2,10.5
2025-11-28 11:00:00,0.31,0.412,7.5,10
2025-11-28 12:00:00,0.31,0.412,7,9.5
2025-11-28 13:00:00,0.311,0.413,6.5,9.1
2025-11-28 14:00:00,0.311,0.413,6.1,8.7
2025-11-28 15:00:00,0.311,0.413,5.7,8.3
2025-11-28 16:00:00,0.311,0.414,5.4,8
2025-11-28 17:00:00,0.311,0.414,5.1,7.6
2025-11-28 18:00:00,0.312,0.414,4.9,7.4
2025-11-28 19:00:00,0.312,0.415,4.7,7.1
2025-11-28 20:00:00,0.312,0.415,4.5,6.9
2025-11-28 21:00:00,0.312,0.415,4.3,6.6
2025-11-28 22:00:00,0.312,0.415,4.1,6.4
2025-11-28 23:00:00,0.312,0.416,4,6.3
2025-11-29 00:00:00,0.312,0.416,4,6.1
2025-11-29 01:00:00,0.312,0.416,4.1,6.2
2025-11-29 02:00:00,0.312,0.416,4.7,6.5
2025-11-29 03:00:00,0.312,0.414,5.9,7.6
2025-11-29 04:00:00,0.311,0.412,8.1,9.1
2025-11-29 05:00:00,0.31,0.41,9.9,10.4
2025-11-29 06:00:00,0.309,0.409,10.7,11.2
2025-11-29 07:00:00,0.309,0.408,11.5,11.6
2025-11-29 08:00:00,0.309,0.408,11.4,11.8
2025-11-29 09:00:00,0.309,0.408,10.4,11.6
2025-11-29 10:00:00,0.309,0.408,9.6,11.3
2025-11-29 11:00:00,0.31,0.408,9.1,11
2025-11-29 12:00:00,0.31,0.409,8.8,10.7
2025-11-29 13:00:00,0.31,0.409,8.6,10.5
2025-11-29 14:00:00,0.31,0.409,8.3,10.3
2025-11-29 15:00:00,0.31,0.409,8.1,10.1
2025-11-29 16:00:00,0.31,0.409,8,9.9
2025-11-29 17:00:00,0.31,0.41,7.8,9.8
2025-11-29 18:00:00,0.31,0.41,7.5,9.5
2025-11-29 19:00:00,0.311,0.41,7.2,9.3
2025-11-29 20:00:00,0.311,0.411,7,9.1
2025-11-29 21:00:00,0.311,0.411,6.8,8.9
2025-11-29 22:00:00,0.311,0.411,6.6,8.7
2025-11-29 23:00:00,0.311,0.411,6.5,8.5
2025-11-30 00:00:00,0.311,0.411,6.8,8.5
2025-11-30 01:00:00,0.311,0.411,7.2,8.7
2025-11-30 02:00:00,0.31,0.411,8,9.1
2025-11-30 03:00:00,0.31,0.41,9,10.2
2025-11-30 04:00:00,0.309,0.408,10.8,11.6
2025-11-30 05:00:00,0.308,0.406,12.5,12.7
2025-11-30 06:00:00,0.308,0.404,13.4,13.5
2025-11-30 07:00:00,0.307,0.404,13.6,13.8
2025-11-30 08:00:00,0.308,0.403,13.2,13.9
2025-11-30 09:00:00,0.308,0.403,12.3,13.6
2025-11-30 10:00:00,0.308,0.404,11.5,13.2
2025-11-30 11:00:00,0.309,0.404,11,12.8
2025-11-30 12:00:00,0.309,0.405,10.5,12.5
2025-11-30 13:00:00,0.309,0.405,10.1,12.1
2025-11-30 14:00:00,0.309,0.405,9.7,11.7
2025-11-30 15:00:00,0.309,0.406,9.4,11.4
2025-11-30 16:00:00,0.309,0.406,9.3,11.1
2025-11-30 17:00:00,0.309,0.406,9.4,11
2025-11-30 18:00:00,0.31,0.406,9.3,10.9
2025-11-30 19:00:00,0.31,0.406,9.3,10.8
2025-11-30 20:00:00,0.31,0.407,9.2,10.8
2025-11-30 21:00:00,0.31,0.407,9,10.6
2025-11-30 22:00:00,0.31,0.407,8.6,10.4
2025-11-30 23:00:00,0.31,0.407,8.3,10.2
2025-12-01 00:00:00,0.31,0.407,8.2,10
2025-12-01 01:00:00,0.31,0.407,8.2,9.8
2025-12-01 02:00:00,0.31,0.407,8.3,9.9
2025-12-01 03:00:00,0.31,0.406,8.6,10.6
2025-12-01 04:00:00,0.309,0.405,9.8,11.5
2025-12-01 05:00:00,0.308,0.404,11.2,12.2
2025-12-01 06:00:00,0.308,0.403,12.2,12.6
2025-12-01 07:00:00,0.308,0.402,12.8,12.6
2025-12-01 08:00:00,0.308,0.402,12.3,12.4
2025-12-01 09:00:00,0.308,0.403,10.9,12
2025-12-01 10:00:00,0.309,0.403,9.8,11.4
2025-12-01 11:00:00,0.309,0.404,9,10.9
2025-12-01 12:00:00,0.31,0.404,8.4,10.3
2025-12-01 13:00:00,0.31,0.405,7.8,9.9
2025-12-01 14:00:00,0.31,0.405,7.4,9.5
2025-12-01 15:00:00,0.31,0.406,7,9.1
2025-12-01 16:00:00,0.311,0.406,6.6,8.7
2025-12-01 17:00:00,0.311,0.406,6.3,8.4
2025-12-01 18:00:00,0.311,0.407,6.1,8.1
2025-12-01 19:00:00,0.311,0.407,6,7.9
2025-12-01 20:00:00,0.311,0.407,6,7.8
2025-12-01 21:00:00,0.311,0.407,5.9,7.7
2025-12-01 22:00:00,0.311,0.408,5.8,7.6
2025-12-01 23:00:00,0.311,0.408,5.8,7.6
2025-12-02 00:00:00,0.311,0.407,5.8,7.6
2025-12-02 01:00:00,0.311,0.407,6,7.6
2025-12-02 02:00:00,0.311,0.407,6.3,7.8
2025-12-02 03:00:00,0.311,0.406,6.8,8.5
2025-12-02 04:00:00,0.31,0.405,7.9,9.4
2025-12-02 05:00:00,0.31,0.404,9.2,10.2
2025-12-02 06:00:00,0.309,0.403,10,10.6
2025-12-02 07:00:00,0.309,0.402,10,10.6
2025-12-02 08:00:00,0.31,0.403,9,10.3
2025-12-02 09:00:00,0.31,0.403,8.1,9.9
2025-12-02 10:00:00,0.31,0.403,7.6,9.5
2025-12-02 11:00:00,0.31,0.403,7.3,9.1
2025-12-02 12:00:00,0.311,0.404,7,8.9
2025-12-02 13:00:00,0.311,0.404,6.8,8.7
2025-12-02 14:00:00,0.311,0.404,6.6,8.5
2025-12-02 15:00:00,0.311,0.404,6.4,8.3
2025-12-02 16:00:00,0.311,0.404,6.3,8.2
2025-12-02 17:00:00,0.311,0.405,6.2,8.1
2025-12-02 18:00:00,0.311,0.405,6.1,8
2025-12-02 19:00:00,0.311,0.405,6,7.9
2025-12-02 20:00:00,0.311,0.405,5.9,7.8
2025-12-02 21:00:00,0.311,0.405,5.7,7.6
2025-12-02 22:00:00,0.312,0.405,5.4,7.5
2025-12-02 23:00:00,0.312,0.406,5,7.2
2025-12-03 00:00:00,0.312,0.406,4.8,6.9
2025-12-03 01:00:00,0.312,0.406,4.6,6.7
2025-12-03 02:00:00,0.312,0.406,4.7,6.6
2025-12-03 03:00:00,0.312,0.405,4.9,7.3
2025-12-03 04:00:00,0.312,0.404,5.6,8.1
2025-12-03 05:00:00,0.312,0.405,5.9,8.3
2025-12-03 06:00:00,0.311,0.404,6.8,8.5
2025-12-03 07:00:00,0.311,0.404,7.4,8.6
2025-12-03 08:00:00,0.311,0.404,7,8.4
2025-12-03 09:00:00,0.311,0.404,6.2,8.1
2025-12-03 10:00:00,0.311,0.405,5.6,7.8
2025-12-03 11:00:00,0.312,0.405,5.1,7.4
2025-12-03 12:00:00,0.312,0.405,4.9,7.1
2025-12-03 13:00:00,0.312,0.406,4.7,6.9
2025-12-03 14:00:00,0.312,0.406,4.7,6.8
2025-12-03 15:00:00,0.312,0.406,4.6,6.7
2025-12-03 16:00:00,0.312,0.406,4.5,6.6
2025-12-03 17:00:00,0.312,0.406,4.5,6.5
2025-12-03 18:00:00,0.312,0.406,4.3,6.4
2025-12-03 19:00:00,0.312,0.406,4.1,6.3
2025-12-03 20:00:00,0.312,0.407,4,6.2
2025-12-03 21:00:00,0.313,0.407,4,6.1
2025-12-03 22:00:00,0.313,0.407,4,6.1
2025-12-03 23:00:00,0.313,0.407,3.8,6
2025-12-04 00:00:00,0.313,0.407,3.8,5.9
2025-12-04 01:00:00,0.313,0.407,4.2,6.1
2025-12-04 02:00:00,0.312,0.406,4.7,6.4
2025-12-04 03:00:00,0.312,0.406,5.3,6.8
2025-12-04 04:00:00,0.311,0.405,6.3,7.5
2025-12-04 05:00:00,0.311,0.404,7.2,8.3
2025-12-04 06:00:00,0.311,0.403,7.6,8.8
2025-12-04 07:00:00,0.31,0.403,8.3,9
2025-12-04 08:00:00,0.31,0.403,8.2,8.9
2025-12-04 09:00:00,0.311,0.403,7.1,8.6
2025-12-04 10:00:00,0.311,0.403,6.2,8.2
2025-12-04 11:00:00,0.311,0.404,5.9,7.8
2025-12-04 12:00:00,0.311,0.404,5.7,7.6
2025-12-04 13:00:00,0.312,0.404,5.5,7.4
2025-12-04 14:00:00,0.312,0.404,5.2,7.3
2025-12-04 15:00:00,0.312,0.404,5,7.1
2025-12-04 16:00:00,0.312,0.405,4.9,7
2025-12-04 17:00:00,0.312,0.405,4.7,6.8
2025-12-04 18:00:00,0.312,0.405,4.6,6.6
2025-12-04 19:00:00,0.312,0.405,4.3,6.4
2025-12-04 20:00:00,0.312,0.405,4.3,6.3
2025-12-04 21:00:00,0.312,0.405,4.3,6.2
2025-12-04 22:00:00,0.312,0.406,4.1,6.1
2025-12-04 23:00:00,0.313,0.406,3.7,5.9
2025-12-05 00:00:00,0.313,0.406,3.5,5.7
2025-12-05 01:00:00,0.313,0.406,3.6,5.6
2025-12-05 02:00:00,0.313,0.406,3.9,5.7
2025-12-05 03:00:00,0.312,0.405,4.3,6.5
2025-12-05 04:00:00,0.312,0.403,5.6,7.6
2025-12-05 05:00:00,0.311,0.402,7.1,8.5
2025-12-05 06:00:00,0.31,0.401,8.3,9
2025-12-05 07:00:00,0.31,0.4,9.1,9.1
2025-12-05 08:00:00,0.31,0.4,8.9,9
2025-12-05 09:00:00,0.31,0.4,7.5,8.6
2025-12-05 10:00:00,0.311,0.401,6.3,8.1
2025-12-05 11:00:00,0.311,0.402,5.4,7.5
2025-12-05 12:00:00,0.312,0.402,4.8,7
2025-12-05 13:00:00,0.312,0.402,4.2,6.6
2025-12-05 14:00:00,0.312,0.403,3.8,6.2
2025-12-05 15:00:00,0.313,0.403,3.4,5.8
2025-12-05 16:00:00,0.313,0.403,3.1,5.5
2025-12-05 17:00:00,0.313,0.403,2.9,5.3
2025-12-05 18:00:00,0.313,0.403,2.6,5.1
2025-12-05 19:00:00,0.314,0.403,2.4,4.9
2025-12-05 20:00:00,0.314,0.402,2.2,4.8
2025-12-05 21:00:00,0.314,0.402,2.1,4.6
2025-12-05 22:00:00,0.314,0.401,1.9,4.5
2025-12-05 23:00:00,0.314,0.401,1.8,4.3
2025-12-06 00:00:00,0.314,0.401,1.8,4.3
2025-12-06 01:00:00,0.314,0.401,1.9,4.2
2025-12-06 02:00:00,0.314,0.402,2,4.1
2025-12-06 03:00:00,0.313,0.403,2.4,4.4
2025-12-06 04:00:00,0.312,0.402,4.4,5.6
2025-12-06 05:00:00,0.311,0.401,6.5,7.1
2025-12-06 06:00:00,0.31,0.399,7.9,8.2
2025-12-06 07:00:00,0.31,0.398,9,8.8
2025-12-06 08:00:00,0.31,0.398,8.8,9
2025-12-06 09:00:00,0.31,0.398,7.7,8.9
2025-12-06 10:00:00,0.311,0.398,6.8,8.6
2025-12-06 11:00:00,0.311,0.399,6.1,8.2
2025-12-06 12:00:00,0.311,0.399,5.6,7.9
2025-12-06 13:00:00,0.311,0.399,5.2,7.5
2025-12-06 14:00:00,0.312,0.4,4.9,7.2
2025-12-06 15:00:00,0.312,0.4,4.6,7
2025-12-06 16:00:00,0.312,0.4,4.4,6.7
2025-12-06 17:00:00,0.312,0.4,4.5,6.6
2025-12-06 18:00:00,0.312,0.4,4.6,6.5
2025-12-06 19:00:00,0.312,0.4,4.6,6.6
2025-12-06 20:00:00,0.312,0.401,4.5,6.5
2025-12-06 21:00:00,0.312,0.4,4.4,6.5
2025-12-06 22:00:00,0.312,0.401,4.5,6.4
2025-12-06 23:00:00,0.312,0.401,4.5,6.4
2025-12-07 00:00:00,0.312,0.401,4.8,6.5
2025-12-07 01:00:00,0.312,0.4,5.3,6.8
2025-12-07 02:00:00,0.311,0.4,6.1,7.3
2025-12-07 03:00:00,0.311,0.399,7.1,8
2025-12-07 04:00:00,0.31,0.398,8.4,9.1
2025-12-07 05:00:00,0.309,0.396,9.2,10
2025-12-07 06:00:00,0.309,0.396,9.9,10.5
2025-12-07 07:00:00,0.309,0.395,10.4,10.8
2025-12-07 08:00:00,0.309,0.395,9.9,10.9
2025-12-07 09:00:00,0.309,0.395,9,10.6
2025-12-07 10:00:00,0.309,0.396,8.4,10.2
2025-12-07 11:00:00,0.31,0.396,7.9,9.9
2025-12-07 12:00:00,0.31,0.396,7.7,9.6
2025-12-07 13:00:00,0.31,0.397,7.5,9.4
2025-12-07 14:00:00,0.31,0.397,7.5,9.2
2025-12-07 15:00:00,0.31,0.397,7.4,9.1
2025-12-07 16:00:00,0.31,0.397,7.1,8.9
2025-12-07 17:00:00,0.31,0.397,6.9,8.7
2025-12-07 18:00:00,0.31,0.397,6.8,8.5
2025-12-07 19:00:00,0.31,0.398,6.6,8.4
2025-12-07 20:00:00,0.31,0.398,6.3,8.2
2025-12-07 21:00:00,0.311,0.398,6,8
2025-12-07 22:00:00,0.311,0.398,5.8,7.7
2025-12-07 23:00:00,0.311,0.399,5.6,7.5
2025-12-08 00:00:00,0.311,0.399,5.5,7.3
2025-12-08 01:00:00,0.311,0.399,5.6,7.2
2025-12-08 02:00:00,0.311,0.399,5.9,7.3
2025-12-08 03:00:00,0.311,0.398,6.4,8
2025-12-08 04:00:00,0.31,0.396,7.6,8.9
2025-12-08 05:00:00,0.309,0.395,9.1,9.8
2025-12-08 06:00:00,0.308,0.394,10.1,10.2
2025-12-08 07:00:00,0.308,0.394,10.6,10.3
2025-12-08 08:00:00,0.308,0.394,10.1,10
2025-12-08 09:00:00,0.309,0.394,8.7,9.5
2025-12-08 10:00:00,0.309,0.395,7.6,9
2025-12-08 11:00:00,0.31,0.395,6.7,8.4
2025-12-08 12:00:00,0.31,0.396,6,7.9
2025-12-08 13:00:00,0.311,0.396,5.5,7.4
2025-12-08 14:00:00,0.311,0.397,5,7
2025-12-08 15:00:00,0.311,0.397,4.6,6.6
2025-12-08 16:00:00,0.311,0.398,4.3,6.3
2025-12-08 17:00:00,0.312,0.398,4,6
2025-12-08 18:00:00,0.312,0.398,3.7,5.7
2025-12-08 19:00:00,0.312,0.398,3.4,5.5
2025-12-08 20:00:00,0.312,0.398,3.2,5.3
2025-12-08 21:00:00,0.312,0.398,3,5.2
2025-12-08 22:00:00,0.313,0.398,2.8,5
2025-12-08 23:00:00,0.313,0.398,2.6,4.8
2025-12-09 00:00:00,0.313,0.398,2.6,4.7
2025-12-09 01:00:00,0.313,0.398,2.8,4.6
2025-12-09 02:00:00,0.313,0.399,3.2,4.7
2025-12-09 03:00:00,0.312,0.398,4,5.5
2025-12-09 04:00:00,0.311,0.396,5.5,6.8
2025-12-09 05:00:00,0.31,0.395,7.3,8
2025-12-09 06:00:00,0.31,0.394,8.6,8.7
2025-12-09 07:00:00,0.309,0.393,9.1,9
2025-12-09 08:00:00,0.309,0.393,8.7,9
2025-12-09 09:00:00,0.31,0.393,7.4,8.7
2025-12-09 10:00:00,0.31,0.394,6.5,8.2
2025-12-09 11:00:00,0.31,0.394,5.7,7.8
2025-12-09 12:00:00,0.311,0.395,5.2,7.3
2025-12-09 13:00:00,0.311,0.395,4.8,6.9
2025-12-09 14:00:00,0.311,0.396,4.5,6.6
2025-12-09 15:00:00,0.311,0.396,4.2,6.3
2025-12-09 16:00:00,0.312,0.396,4,6
2025-12-09 17:00:00,0.312,0.397,3.8,5.8
2025-12-09 18:00:00,0.312,0.397,3.6,5.7
2025-12-09 19:00:00,0.312,0.397,3.4,5.5
2025-12-09 20:00:00,0.312,0.397,3.3,5.3
2025-12-09 21:00:00,0.312,0.397,3.1,5.2
2025-12-09 22:00:00,0.312,0.397,3.1,5.1
2025-12-09 23:00:00,0.312,0.398,3,5
2025-12-10 00:00:00,0.312,0.398,3.2,5
2025-12-10 01:00:00,0.312,0.397,3.6,5.2
2025-12-10 02:00:00,0.312,0.397,4.1,5.7
2025-12-10 03:00:00,0.312,0.396,4.8,6.6
2025-12-10 04:00:00,0.311,0.394,6.5,8
2025-12-10 05:00:00,0.31,0.393,8.2,9.1
2025-12-10 06:00:00,0.309,0.392,8.9,9.8
2025-12-10 07:00:00,0.309,0.391,8.9,10
2025-12-10 08:00:00,0.309,0.391,8.5,10.1
2025-12-10 09:00:00,0.31,0.392,7.7,9.8
2025-12-10 10:00:00,0.31,0.392,7.1,9.4
2025-12-10 11:00:00,0.31,0.392,6.9,9
2025-12-10 12:00:00,0.31,0.393,6.7,8.8
2025-12-10 13:00:00,0.31,0.393,6.6,8.6
2025-12-10 14:00:00,0.31,0.393,6.5,8.4
2025-12-10 15:00:00,0.31,0.393,6.4,8.3
2025-12-10 16:00:00,0.31,0.393,6.4,8.2
2025-12-10 17:00:00,0.31,0.393,6.4,8.2
2025-12-10 18:00:00,0.31,0.393,6.5,8.1
2025-12-10 19:00:00,0.31,0.394,6.5,8.1
2025-12-10 20:00:00,0.309,0.404,6.6,8.2
2025-12-10 21:00:00,0.309,0.412,6.7,8.2
2025-12-10 22:00:00,0.309,0.413,6.8,8.3
2025-12-10 23:00:00,0.309,0.413,6.9,8.4
2025-12-11 00:00:00,0.309,0.413,7,8.4
2025-12-11 01:00:00,0.309,0.412,7.5,8.7
2025-12-11 02:00:00,0.308,0.412,8.3,9.1
2025-12-11 03:00:00,0.308,0.411,9,9.7
2025-12-11 04:00:00,0.308,0.41,9.1,10.2
2025-12-11 05:00:00,0.307,0.409,9.5,10.5
2025-12-11 06:00:00,0.307,0.408,9.7,10.8
2025-12-11 07:00:00,0.307,0.408,9.4,10.8
2025-12-11 08:00:00,0.308,0.407,8.6,10.5
2025-12-11 09:00:00,0.308,0.407,7.8,10.1
2025-12-11 10:00:00,0.308,0.407,7.2,9.5
2025-12-11 11:00:00,0.309,0.407,6.6,9
2025-12-11 12:00:00,0.309,0.408,6.2,8.6
2025-12-11 13:00:00,0.309,0.408,5.8,8.1
2025-12-11 14:00:00,0.309,0.408,5.4,7.7
2025-12-11 15:00:00,0.31,0.408,5,7.4
2025-12-11 16:00:00,0.31,0.409,4.7,7
2025-12-11 17:00:00,0.31,0.409,4.4,6.6
2025-12-11 18:00:00,0.31,0.409,4.2,6.3
2025-12-11 19:00:00,0.31,0.409,3.9,6
2025-12-11 20:00:00,0.311,0.409,3.7,5.7
2025-12-11 21:00:00,0.311,0.409,3.5,5.5
2025-12-11 22:00:00,0.311,0.409,3.3,5.3
2025-12-11 23:00:00,0.311,0.409,3.2,5.1
2025-12-12 00:00:00,0.311,0.409,3.1,5
2025-12-12 01:00:00,0.311,0.409,3,4.9
2025-12-12 02:00:00,0.311,0.409,3,4.9
2025-12-12 03:00:00,0.311,0.409,3.2,5.7
2025-12-12 04:00:00,0.31,0.407,5,7.1
2025-12-12 05:00:00,0.309,0.405,7.4,8.4
2025-12-12 06:00:00,0.308,0.404,8.8,9.3
2025-12-12 07:00:00,0.308,0.403,9.3,9.7
2025-12-12 08:00:00,0.308,0.403,8.7,9.7
2025-12-12 09:00:00,0.308,0.403,7.6,9.4
2025-12-12 10:00:00,0.309,0.403,6.6,8.9
2025-12-12 11:00:00,0.309,0.404,5.9,8.4
2025-12-12 12:00:00,0.309,0.404,5.4,7.9
2025-12-12 13:00:00,0.31,0.404,4.9,7.5
2025-12-12 14:00:00,0.31,0.405,4.6,7.1
2025-12-12 15:00:00,0.31,0.405,4.4,6.9
2025-12-12 16:00:00,0.31,0.405,4.5,6.6
2025-12-12 17:00:00,0.31,0.405,4.7,6.6
2025-12-12 18:00:00,0.31,0.405,4.7,6.6
2025-12-12 19:00:00,0.31,0.405,4.8,6.6
2025-12-12 20:00:00,0.31,0.405,4.9,6.7
2025-12-12 21:00:00,0.31,0.405,5,6.7
2025-12-12 22:00:00,0.31,0.405,5.1,6.8
2025-12-12 23:00:00,0.31,0.405,5.3,6.9
2025-12-13 00:00:00,0.31,0.405,5.5,7
2025-12-13 01:00:00,0.31,0.405,5.9,7.2
2025-12-13 02:00:00,0.309,0.404,6.5,7.6
2025-12-13 03:00:00,0.309,0.404,7.1,8.1
2025-12-13 04:00:00,0.309,0.404,7.2,8.5
2025-12-13 05:00:00,0.309,0.405,7.1,8.7
2025-12-13 06:00:00,0.309,0.415,6.9,8.7
2025-12-13 07:00:00,0.309,0.417,6.8,8.7
2025-12-13 08:00:00,0.309,0.417,6.6,8.6
2025-12-13 09:00:00,0.309,0.418,6.3,8.4
2025-12-13 10:00:00,0.309,0.418,6.1,8.3
2025-12-13 11:00:00,0.309,0.418,6,8.1
2025-12-13 12:00:00,0.31,0.419,5.8,8
2025-12-13 13:00:00,0.31,0.419,5.6,7.9
2025-12-13 14:00:00,0.311,0.42,5.3,7.6
2025-12-13 15:00:00,0.311,0.42,5.2,7.4
2025-12-13 16:00:00,0.312,0.42,5.2,7.3
2025-12-13 17:00:00,0.312,0.421,5.1,7.2
2025-12-13 18:00:00,0.313,0.421,5.1,7.1
2025-12-13 19:00:00,0.313,0.421,5,7.1
2025-12-13 20:00:00,0.314,0.421,4.9,7
2025-12-13 21:00:00,0.315,0.421,4.8,6.9
2025-12-13 22:00:00,0.316,0.422,4.9,6.9
2025-12-13 23:00:00,0.316,0.422,4.8,6.8
2025-12-14 00:00:00,0.317,0.422,4.8,6.8
2025-12-14 01:00:00,0.317,0.422,5,6.8
2025-12-14 02:00:00,0.317,0.422,5.3,6.9
2025-12-14 03:00:00,0.317,0.422,5.6,7.1
2025-12-14 04:00:00,0.316,0.421,6,7.5
2025-12-14 05:00:00,0.316,0.421,5.9,7.8
2025-12-14 06:00:00,0.316,0.421,5.7,7.9
2025-12-14 07:00:00,0.316,0.421,5.8,7.8
2025-12-14 08:00:00,0.316,0.421,5.8,7.7
2025-12-14 09:00:00,0.316,0.422,5.4,7.5
2025-12-14 10:00:00,0.317,0.422,5.2,7.4
2025-12-14 11:00:00,0.317,0.422,5.1,7.3
2025-12-14 12:00:00,0.317,0.422,5,7.2
2025-12-14 13:00:00,0.317,0.422,4.9,7.1
2025-12-14 14:00:00,0.317,0.423,4.8,7
2025-12-14 15:00:00,0.317,0.423,4.6,6.9
2025-12-14 16:00:00,0.317,0.423,4.6,6.8
2025-12-14 17:00:00,0.317,0.423,4.6,6.8
2025-12-14 18:00:00,0.317,0.423,4.4,6.7
2025-12-14 19:00:00,0.317,0.423,4.4,6.6
2025-12-14 20:00:00,0.317,0.423,4.4,6.6
2025-12-14 21:00:00,0.317,0.423,4.4,6.6
2025-12-14 22:00:00,0.317,0.423,4.4,6.5
2025-12-14 23:00:00,0.317,0.423,4.4,6.5
2025-12-15 00:00:00,0.317,0.424,4.5,6.5
2025-12-15 01:00:00,0.317,0.424,4.5,6.5
2025-12-15 02:00:00,0.317,0.423,4.8,6.7
2025-12-15 03:00:00,0.317,0.423,5.3,7.3
2025-12-15 04:00:00,0.316,0.421,6.4,8.2
2025-12-15 05:00:00,0.316,0.421,7.3,8.8
2025-12-15 06:00:00,0.315,0.42,8.6,9.2
2025-12-15 07:00:00,0.315,0.42,9.1,9.4
2025-12-15 08:00:00,0.315,0.42,8.6,9.4
2025-12-15 09:00:00,0.315,0.42,7.6,9.2
2025-12-15 10:00:00,0.316,0.42,6.7,8.9
2025-12-15 11:00:00,0.316,0.421,6,8.4
2025-12-15 12:00:00,0.316,0.422,5.4,8
2025-12-15 13:00:00,0.317,0.422,5.1,7.6
2025-12-15 14:00:00,0.317,0.422,4.7,7.3
2025-12-15 15:00:00,0.317,0.423,4.3,7
2025-12-15 16:00:00,0.317,0.423,4.3,6.8
2025-12-15 17:00:00,0.317,0.423,4.2,6.6
2025-12-15 18:00:00,0.317,0.423,4.2,6.5
2025-12-15 19:00:00,0.317,0.424,3.9,6.4
2025-12-15 20:00:00,0.317,0.424,3.7,6.2
2025-12-15 21:00:00,0.317,0.424,3.6,6
2025-12-15 22:00:00,0.318,0.424,3.4,5.9
2025-12-15 23:00:00,0.318,0.425,3.3,5.8
2025-12-16 00:00:00,0.318,0.425,3.4,5.7
2025-12-16 01:00:00,0.317,0.425,3.9,5.8
2025-12-16 02:00:00,0.317,0.424,4.8,6.1
2025-12-16 03:00:00,0.317,0.423,5.7,6.6
2025-12-16 04:00:00,0.316,0.423,6.3,7.2
2025-12-16 05:00:00,0.316,0.422,6.7,7.6
2025-12-16 06:00:00,0.316,0.422,7,8
2025-12-16 07:00:00,0.316,0.421,7.1,8.3
2025-12-16 08:00:00,0.316,0.421,7,8.4
2025-12-16 09:00:00,0.316,0.421,6.9,8.5
2025-12-16 10:00:00,0.316,0.421,6.8,8.5
2025-12-16 11:00:00,0.316,0.421,6.7,8.5
2025-12-16 12:00:00,0.316,0.421,6.6,8.4
2025-12-16 13:00:00,0.316,0.421,6.6,8.4
2025-12-16 14:00:00,0.316,0.421,6.5,8.3
2025-12-16 15:00:00,0.316,0.421,6.4,8.3
2025-12-16 16:00:00,0.316,0.421,6.4,8.2
2025-12-16 17:00:00,0.316,0.421,6.3,8.2
2025-12-16 18:00:00,0.316,0.421,6.2,8.1
2025-12-16 19:00:00,0.316,0.421,6,8
2025-12-16 20:00:00,0.316,0.422,5.8,7.8
2025-12-16 21:00:00,0.316,0.422,5.7,7.7
2025-12-16 22:00:00,0.316,0.422,5.7,7.6
2025-12-16 23:00:00,0.316,0.422,5.9,7.6
2025-12-17 00:00:00,0.316,0.422,6,7.6
2025-12-17 01:00:00,0.316,0.422,6.2,7.7
2025-12-17 02:00:00,0.316,0.422,6.6,7.9
2025-12-17 03:00:00,0.315,0.421,7,8.3
2025-12-17 04:00:00,0.315,0.42,7.8,8.8
2025-12-17 05:00:00,0.315,0.42,8.3,9.4
2025-12-17 06:00:00,0.315,0.419,8.3,9.6
2025-12-17 07:00:00,0.315,0.419,8,9.6
2025-12-17 08:00:00,0.315,0.42,7.6,9.5
2025-12-17 09:00:00,0.315,0.42,7,9.2
2025-12-17 10:00:00,0.316,0.421,6.3,8.8
2025-12-17 11:00:00,0.316,0.421,5.8,8.4
2025-12-17 12:00:00,0.316,0.421,5.3,8
2025-12-17 13:00:00,0.316,0.422,4.8,7.6
2025-12-17 14:00:00,0.317,0.422,4.5,7.3
2025-12-17 15:00:00,0.317,0.423,4.2,7
2025-12-17 16:00:00,0.317,0.423,4,6.7
2025-12-17 17:00:00,0.317,0.424,3.8,6.4
2025-12-17 18:00:00,0.317,0.424,3.6,6.1
2025-12-17 19:00:00,0.317,0.425,3.5,5.8
2025-12-17 20:00:00,0.317,0.425,3.3,5.6
2025-12-17 21:00:00,0.317,0.425,3.2,5.4
2025-12-17 22:00:00,0.317,0.426,3.1,5.3
2025-12-17 23:00:00,0.317,0.426,3,5.1
2025-12-18 00:00:00,0.317,0.427,2.9,5
2025-12-18 01:00:00,0.317,0.427,2.8,4.9
2025-12-18 02:00:00,0.318,0.426,2.8,4.9
2025-12-18 03:00:00,0.318,0.425,2.9,5.5
2025-12-18 04:00:00,0.317,0.423,4.5,6.6
2025-12-18 05:00:00,0.316,0.422,7,7.8
2025-12-18 06:00:00,0.315,0.421,8.6,8.7
2025-12-18 07:00:00,0.314,0.42,9.2,9.1
2025-12-18 08:00:00,0.314,0.42,8.7,9.2
2025-12-18 09:00:00,0.315,0.42,7.4,9
2025-12-18 10:00:00,0.315,0.421,6.4,8.6
2025-12-18 11:00:00,0.316,0.422,5.6,8.2
2025-12-18 12:00:00,0.316,0.423,5,7.8
2025-12-18 13:00:00,0.316,0.423,4.5,7.4
2025-12-18 14:00:00,0.317,0.424,4.2,7
2025-12-18 15:00:00,0.317,0.425,3.9,6.7
2025-12-18 16:00:00,0.317,0.425,3.7,6.4
2025-12-18 17:00:00,0.317,0.426,3.5,6.1
2025-12-18 18:00:00,0.317,0.426,3.4,5.9
2025-12-18 19:00:00,0.317,0.426,3.3,5.8
2025-12-18 20:00:00,0.317,0.426,3.3,5.7
2025-12-18 21:00:00,0.317,0.426,3.3,5.7
2025-12-18 22:00:00,0.317,0.426,3.5,5.7
2025-12-18 23:00:00,0.317,0.426,3.7,5.8
2025-12-19 00:00:00,0.317,0.425,4,5.9
2025-12-19 01:00:00,0.317,0.425,4.5,6.1
2025-12-19 02:00:00,0.316,0.424,5.2,6.4
2025-12-19 03:00:00,0.316,0.423,6.2,7.2
2025-12-19 04:00:00,0.315,0.421,7.8,8.3
2025-12-19 05:00:00,0.314,0.42,9.8,9.5
2025-12-19 06:00:00,0.313,0.419,11.4,10.4
2025-12-19 07:00:00,0.313,0.418,12.2,10.9
2025-12-19 08:00:00,0.313,0.419,11.8,11.2
2025-12-19 09:00:00,0.313,0.419,10.6,11.1
2025-12-19 10:00:00,0.314,0.419,9.7,10.8
2025-12-19 11:00:00,0.314,0.42,9.2,10.5
2025-12-19 12:00:00,0.314,0.42,8.9,10.3
2025-12-19 13:00:00,0.314,0.421,8.4,10.1
2025-12-19 14:00:00,0.314,0.421,8,9.8
2025-12-19 15:00:00,0.315,0.421,7.6,9.5
2025-12-19 16:00:00,0.315,0.422,7.3,9.2
2025-12-19 17:00:00,0.315,0.422,7,9
2025-12-19 18:00:00,0.315,0.423,6.9,8.8
2025-12-19 19:00:00,0.315,0.423,6.8,8.6
2025-12-19 20:00:00,0.315,0.423,6.9,8.5
2025-12-19 21:00:00,0.315,0.423,7,8.5
2025-12-19 22:00:00,0.315,0.423,7.1,8.5
2025-12-19 23:00:00,0.315,0.423,7.3,8.5
2025-12-20 00:00:00,0.314,0.422,7.5,8.6
2025-12-20 01:00:00,0.314,0.422,8.1,8.8
2025-12-20 02:00:00,0.314,0.421,8.8,9.2
2025-12-20 03:00:00,0.313,0.42,9.5,9.8
2025-12-20 04:00:00,0.313,0.419,10,10.2
2025-12-20 05:00:00,0.313,0.419,10.3,10.6
2025-12-20 06:00:00,0.313,0.419,10.3,10.9
2025-12-20 07:00:00,0.313,0.419,10.1,11
2025-12-20 08:00:00,0.313,0.419,9.8,10.9
2025-12-20 09:00:00,0.313,0.418,9.6,10.8
2025-12-20 10:00:00,0.313,0.418,9.3,10.7
2025-12-20 11:00:00,0.314,0.418,9.1,10.5
2025-12-20 12:00:00,0.314,0.419,8.8,10.3
2025-12-20 13:00:00,0.314,0.42,8.5,10.1
2025-12-20 14:00:00,0.314,0.421,8.2,9.9
2025-12-20 15:00:00,0.314,0.421,7.9,9.7
2025-12-20 16:00:00,0.314,0.422,7.4,9.4
2025-12-20 17:00:00,0.314,0.422,7,9.1
2025-12-20 18:00:00,0.315,0.422,6.6,8.8
2025-12-20 19:00:00,0.315,0.423,6.3,8.5
2025-12-20 20:00:00,0.315,0.423,5.9,8.1
2025-12-20 21:00:00,0.315,0.422,5.6,7.8
2025-12-20 22:00:00,0.315,0.422,5.5,7.6
2025-12-20 23:00:00,0.315,0.424,5.4,7.3
2025-12-21 00:00:00,0.315,0.425,5.3,7.1
2025-12-21 01:00:00,0.315,0.424,5.5,7
2025-12-21 02:00:00,0.315,0.423,5.7,7.2
2025-12-21 03:00:00,0.315,0.423,6,7.4
2025-12-21 04:00:00,0.315,0.423,6.4,7.8
2025-12-21 05:00:00,0.314,0.421,7,8.2
2025-12-21 06:00:00,0.314,0.42,7.8,8.5
2025-12-21 07:00:00,0.313,0.419,8.4,8.7
2025-12-21 08:00:00,0.313,0.419,8,8.5
2025-12-21 09:00:00,0.314,0.418,6.8,8.1
2025-12-21 10:00:00,0.314,0.419,5.8,7.6
2025-12-21 11:00:00,0.315,0.419,5.1,7.1
2025-12-21 12:00:00,0.315,0.419,4.6,6.7
2025-12-21 13:00:00,0.315,0.419,4.3,6.2
2025-12-21 14:00:00,0.316,0.419,3.9,5.9
2025-12-21 15:00:00,0.316,0.419,3.7,5.6
2025-12-21 16:00:00,0.316,0.419,3.4,5.3
2025-12-21 17:00:00,0.316,0.418,3.2,5.1
2025-12-21 18:00:00,0.317,0.418,3,4.9
2025-12-21 19:00:00,0.317,0.417,2.8,4.7
2025-12-21 20:00:00,0.317,0.415,2.6,4.6
2025-12-21 21:00:00,0.317,0.413,2.4,4.4
2025-12-21 22:00:00,0.318,0.412,2.2,4.3
2025-12-21 23:00:00,0.318,0.412,2,4.2
2025-12-22 00:00:00,0.318,0.411,1.9,4.1
2025-12-22 01:00:00,0.318,0.411,1.8,4
2025-12-22 02:00:00,0.318,0.411,1.8,3.9
2025-12-22 03:00:00,0.318,0.414,1.8,3.9
2025-12-22 04:00:00,0.318,0.416,1.9,4.4
2025-12-22 05:00:00,0.316,0.416,3.2,5.5
2025-12-22 06:00:00,0.315,0.415,6.1,6.6
2025-12-22 07:00:00,0.314,0.414,7.8,7.3
2025-12-22 08:00:00,0.314,0.414,7.4,7.5
2025-12-22 09:00:00,0.315,0.414,6.1,7.4
2025-12-22 10:00:00,0.315,0.414,5.2,7
2025-12-22 11:00:00,0.315,0.415,4.6,6.7
2025-12-22 12:00:00,0.316,0.415,4,6.3
2025-12-22 13:00:00,0.316,0.415,3.6,6
2025-12-22 14:00:00,0.316,0.416,3.3,5.6
2025-12-22 15:00:00,0.316,0.416,3,5.3
2025-12-22 16:00:00,0.316,0.416,2.9,5.1
2025-12-22 17:00:00,0.317,0.416,2.7,4.9
2025-12-22 18:00:00,0.317,0.416,2.6,4.7
2025-12-22 19:00:00,0.317,0.416,2.5,4.6
2025-12-22 20:00:00,0.317,0.416,2.4,4.5
2025-12-22 21:00:00,0.317,0.416,2.3,4.4
2025-12-22 22:00:00,0.317,0.416,2.3,4.3
2025-12-22 23:00:00,0.317,0.416,2.3,4.3
2025-12-23 00:00:00,0.317,0.416,2.3,4.3
2025-12-23 01:00:00,0.317,0.416,2.6,4.5
2025-12-23 02:00:00,0.316,0.416,3.6,5
2025-12-23 03:00:00,0.316,0.416,4.5,5.6
2025-12-23 04:00:00,0.315,0.415,5.2,6.2
2025-12-23 05:00:00,0.315,0.414,5.6,6.7
2025-12-23 06:00:00,0.315,0.413,5.7,7.1
2025-12-23 07:00:00,0.315,0.413,5.8,7.3
2025-12-23 08:00:00,0.315,0.413,5.9,7.5
2025-12-23 09:00:00,0.315,0.416,5.9,7.5
2025-12-23 10:00:00,0.315,0.42,5.9,7.6
2025-12-23 11:00:00,0.315,0.421,6,7.7
2025-12-23 12:00:00,0.315,0.422,6.1,7.7
2025-12-23 13:00:00,0.315,0.423,6.1,7.8
2025-12-23 14:00:00,0.315,0.421,6.2,7.9
2025-12-23 15:00:00,0.315,0.421,6.3,7.9
2025-12-23 16:00:00,0.315,0.421,6.4,8
2025-12-23 17:00:00,0.315,0.421,6.5,8
2025-12-23 18:00:00,0.315,0.421,6.6,8.1
2025-12-23 19:00:00,0.314,0.421,6.7,8.1
2025-12-23 20:00:00,0.313,0.421,6.7,8.1
2025-12-23 21:00:00,0.313,0.421,6.6,8.1
2025-12-23 22:00:00,0.314,0.421,6.6,8.1
2025-12-23 23:00:00,0.314,0.422,6.5,8
2025-12-24 00:00:00,0.314,0.422,6.4,8
2025-12-24 01:00:00,0.314,0.422,6.4,8
2025-12-24 02:00:00,0.314,0.422,6.5,8
2025-12-24 03:00:00,0.315,0.422,6.7,8
2025-12-24 04:00:00,0.315,0.422,6.7,8.1
2025-12-24 05:00:00,0.315,0.422,6.7,8.2
2025-12-24 06:00:00,0.315,0.422,6.8,8.2
2025-12-24 07:00:00,0.315,0.422,7,8.3
2025-12-24 08:00:00,0.315,0.421,6.7,8.3
2025-12-24 09:00:00,0.315,0.422,6.2,8.1
2025-12-24 10:00:00,0.316,0.422,5.8,7.9
2025-12-24 11:00:00,0.316,0.423,5.6,7.7
2025-12-24 12:00:00,0.316,0.423,5.4,7.5
2025-12-24 13:00:00,0.316,0.423,5.2,7.4
2025-12-24 14:00:00,0.316,0.424,5,7.2
2025-12-24 15:00:00,0.316,0.424,4.8,7
2025-12-24 16:00:00,0.317,0.424,4.5,6.8
2025-12-24 17:00:00,0.317,0.424,4.3,6.6
2025-12-24 18:00:00,0.317,0.424,4,6.4
2025-12-24 19:00:00,0.317,0.425,3.7,6.2
2025-12-24 20:00:00,0.317,0.425,3.5,6
2025-12-24 21:00:00,0.317,0.426,3.4,5.8
2025-12-24 22:00:00,0.318,0.426,3.2,5.6
2025-12-24 23:00:00,0.318,0.426,3.1,5.4
2025-12-25 00:00:00,0.318,0.427,3.1,5.3
2025-12-25 01:00:00,0.318,0.427,3.4,5.4
2025-12-25 02:00:00,0.317,0.426,3.8,5.6
2025-12-25 03:00:00,0.317,0.425,4.2,5.9
2025-12-25 04:00:00,0.317,0.425,4.7,6.4
2025-12-25 05:00:00,0.317,0.424,4.8,6.7
2025-12-25 06:00:00,0.317,0.424,4.9,6.9
2025-12-25 07:00:00,0.317,0.424,4.5,6.8
2025-12-25 08:00:00,0.318,0.425,3.9,6.6
2025-12-25 09:00:00,0.318,0.425,3.4,6.3
2025-12-25 10:00:00,0.318,0.426,3.1,6
2025-12-25 11:00:00,0.318,0.426,2.9,5.6
2025-12-25 12:00:00,0.318,0.427,2.8,5.4
2025-12-25 13:00:00,0.318,0.428,2.6,5.2
2025-12-25 14:00:00,0.318,0.429,2.5,4.9
2025-12-25 15:00:00,0.318,0.43,2.4,4.8
2025-12-25 16:00:00,0.318,0.43,2.4,4.6
2025-12-25 17:00:00,0.318,0.43,2.3,4.4
2025-12-25 18:00:00,0.318,0.43,2.3,4.3
2025-12-25 19:00:00,0.318,0.43,2.2,4.2
2025-12-25 20:00:00,0.318,0.43,2.2,4.1
2025-12-25 21:00:00,0.318,0.43,2.1,4
2025-12-25 22:00:00,0.318,0.43,2.1,4
2025-12-25 23:00:00,0.318,0.43,2,3.9
2025-12-26 00:00:00,0.318,0.43,2,3.9
2025-12-26 01:00:00,0.318,0.43,2,3.9
2025-12-26 02:00:00,0.318,0.431,2,3.9
2025-12-26 03:00:00,0.318,0.431,1.9,4.1
2025-12-26 04:00:00,0.319,0.428,1.9,4.7
2025-12-26 05:00:00,0.319,0.427,2.1,5.3
2025-12-26 06:00:00,0.319,0.426,3.3,5.7
2025-12-26 07:00:00,0.318,0.426,4.4,5.9
2025-12-26 08:00:00,0.318,0.427,3.8,5.7
2025-12-26 09:00:00,0.319,0.427,2.8,5.4
2025-12-26 10:00:00,0.319,0.429,2.4,5
2025-12-26 11:00:00,0.319,0.429,2.2,4.8
2025-12-26 12:00:00,0.319,0.43,2.1,4.6
2025-12-26 13:00:00,0.319,0.43,2,4.4
2025-12-26 14:00:00,0.318,0.43,2,4.2
2025-12-26 15:00:00,0.318,0.43,1.9,4.1
2025-12-26 16:00:00,0.318,0.43,1.8,4
2025-12-26 17:00:00,0.318,0.43,1.8,3.9
2025-12-26 18:00:00,0.319,0.429,1.7,3.8
2025-12-26 19:00:00,0.319,0.429,1.6,3.7
2025-12-26 20:00:00,0.319,0.431,1.6,3.6
2025-12-26 21:00:00,0.319,0.431,1.4,3.5
2025-12-26 22:00:00,0.32,0.43,1.4,3.4
2025-12-26 23:00:00,0.32,0.429,1.3,3.4
2025-12-27 00:00:00,0.32,0.428,1.2,3.3
2025-12-27 01:00:00,0.32,0.428,1.1,3.3
2025-12-27 02:00:00,0.32,0.428,1.1,3.2
2025-12-27 03:00:00,0.32,0.431,1.1,3.2
2025-12-27 04:00:00,0.32,0.431,1.2,3.5
2025-12-27 05:00:00,0.32,0.431,1.2,4.3
2025-12-27 06:00:00,0.32,0.43,1.8,5.1
2025-12-27 07:00:00,0.319,0.429,2.5,5.4
2025-12-27 08:00:00,0.319,0.428,2.8,5.6
2025-12-27 09:00:00,0.319,0.428,2.5,5.6
2025-12-27 10:00:00,0.319,0.428,2.1,5.4
2025-12-27 11:00:00,0.319,0.428,1.9,5.2
2025-12-27 12:00:00,0.319,0.428,1.8,5
2025-12-27 13:00:00,0.319,0.428,1.7,4.8
2025-12-27 14:00:00,0.319,0.429,1.7,4.6
2025-12-27 15:00:00,0.319,0.429,1.7,4.4
2025-12-27 16:00:00,0.319,0.429,1.6,4.2
2025-12-27 17:00:00,0.319,0.43,1.6,4
2025-12-27 18:00:00,0.319,0.43,1.6,3.9
2025-12-27 19:00:00,0.319,0.431,1.5,3.8
2025-12-27 20:00:00,0.319,0.431,1.5,3.7
2025-12-27 21:00:00,0.319,0.431,1.4,3.7
2025-12-27 22:00:00,0.319,0.431,1.4,3.6
2025-12-27 23:00:00,0.319,0.431,1.4,3.5
2025-12-28 00:00:00,0.319,0.431,1.3,3.5
2025-12-28 01:00:00,0.319,0.431,1.4,3.5
2025-12-28 02:00:00,0.319,0.432,1.4,3.5
2025-12-28 03:00:00,0.32,0.429,1.4,4.1
2025-12-28 04:00:00,0.32,0.427,1.7,5.2
2025-12-28 05:00:00,0.318,0.426,4.4,6.4
2025-12-28 06:00:00,0.317,0.425,5.6,7.2
2025-12-28 07:00:00,0.317,0.424,5.4,7.6
2025-12-28 08:00:00,0.317,0.424,5.2,7.6
2025-12-28 09:00:00,0.318,0.424,4.8,7.5
2025-12-28 10:00:00,0.318,0.425,4.5,7.4
2025-12-28 11:00:00,0.318,0.425,4.3,7.3
2025-12-28 12:00:00,0.318,0.425,4.2,7.1
2025-12-28 13:00:00,0.318,0.425,4,7
2025-12-28 14:00:00,0.318,0.426,3.8,6.8
2025-12-28 15:00:00,0.318,0.426,3.4,6.6
2025-12-28 16:00:00,0.319,0.427,3,6.3
2025-12-28 17:00:00,0.319,0.428,2.7,6
2025-12-28 18:00:00,0.319,0.428,2.5,5.7
2025-12-28 19:00:00,0.319,0.429,2.4,5.4
2025-12-28 20:00:00,0.319,0.43,2.3,5.2
2025-12-28 21:00:00,0.319,0.43,2.2,5
2025-12-28 22:00:00,0.319,0.43,2.1,4.8
2025-12-28 23:00:00,0.319,0.43,2.1,4.6
2025-12-29 00:00:00,0.319,0.43,2,4.5
2025-12-29 01:00:00,0.319,0.43,2,4.5
2025-12-29 02:00:00,0.319,0.43,2.3,4.7
2025-12-29 03:00:00,0.318,0.429,3.6,5.4
2025-12-29 04:00:00,0.318,0.428,5.2,6.3
2025-12-29 05:00:00,0.317,0.427,6.6,7.2
2025-12-29 06:00:00,0.316,0.425,7.4,7.9
2025-12-29 07:00:00,0.316,0.425,7.5,8.3
2025-12-29 08:00:00,0.316,0.425,7.2,8.5
2025-12-29 09:00:00,0.317,0.424,6.7,8.4
2025-12-29 10:00:00,0.317,0.424,6.1,8.2
2025-12-29 11:00:00,0.317,0.424,5.7,7.9
2025-12-29 12:00:00,0.317,0.424,5.3,7.7
2025-12-29 13:00:00,0.317,0.426,4.9,7.4
2025-12-29 14:00:00,0.318,0.427,4.4,7
2025-12-29 15:00:00,0.318,0.427,4,6.6
2025-12-29 16:00:00,0.318,0.427,3.7,6.3
2025-12-29 17:00:00,0.318,0.428,3.4,5.9
2025-12-29 18:00:00,0.318,0.428,3.2,5.6
2025-12-29 19:00:00,0.318,0.428,3,5.3
2025-12-29 20:00:00,0.318,0.428,2.9,5
2025-12-29 21:00:00,0.318,0.429,2.8,4.8
2025-12-29 22:00:00,0.318,0.43,2.7,4.7
2025-12-29 23:00:00,0.318,0.43,2.6,4.5
2025-12-30 00:00:00,0.318,0.43,2.5,4.4
2025-12-30 01:00:00,0.318,0.43,2.4,4.3
2025-12-30 02:00:00,0.319,0.43,2.4,4.3
2025-12-30 03:00:00,0.319,0.43,2.4,4.9
2025-12-30 04:00:00,0.319,0.428,3.2,5.9
2025-12-30 05:00:00,0.317,0.427,5.2,6.9
2025-12-30 06:00:00,0.316,0.425,6.6,7.5
2025-12-30 07:00:00,0.316,0.424,7.4,7.8
2025-12-30 08:00:00,0.316,0.424,7.4,7.7
2025-12-30 09:00:00,0.317,0.424,6.2,7.4
2025-12-30 10:00:00,0.317,0.424,5,6.9
2025-12-30 11:00:00,0.318,0.425,4.1,6.4
2025-12-30 12:00:00,0.318,0.425,3.6,5.9
2025-12-30 13:00:00,0.318,0.425,3.3,5.5
2025-12-30 14:00:00,0.318,0.426,3,5.2
2025-12-30 15:00:00,0.318,0.426,2.8,4.9
2025-12-30 16:00:00,0.318,0.426,2.6,4.6
2025-12-30 17:00:00,0.318,0.425,2.4,4.4
2025-12-30 18:00:00,0.318,0.425,2.3,4.2
2025-12-30 19:00:00,0.319,0.425,2.2,4.1
2025-12-30 20:00:00,0.319,0.426,2.1,4
2025-12-30 21:00:00,0.319,0.426,2.1,4
2025-12-30 22:00:00,0.319,0.426,2.1,3.9
2025-12-30 23:00:00,0.319,0.426,2,3.9
2025-12-31 00:00:00,0.319,0.426,2,3.9
2025-12-31 01:00:00,0.319,0.427,1.9,3.9
2025-12-31 02:00:00,0.319,0.427,1.9,3.9
2025-12-31 03:00:00,0.319,0.426,1.9,4.4
2025-12-31 04:00:00,0.319,0.426,2.3,5
2025-12-31 05:00:00,0.318,0.425,3.5,5.7
2025-12-31 06:00:00,0.318,0.423,4.5,6.1
2025-12-31 07:00:00,0.317,0.422,5,6.2
2025-12-31 08:00:00,0.317,0.422,4.6,6
2025-12-31 09:00:00,0.318,0.422,3.5,5.6
2025-12-31 10:00:00,0.318,0.422,2.8,5.1
2025-12-31 11:00:00,0.318,0.422,2.5,4.8
2025-12-31 12:00:00,0.318,0.421,2.2,4.5
2025-12-31 13:00:00,0.319,0.421,2,4.2
2025-12-31 14:00:00,0.319,0.418,1.9,4
2025-12-31 15:00:00,0.319,0.417,1.7,3.9
2025-12-31 16:00:00,0.319,0.416,1.6,3.7
2025-12-31 17:00:00,0.32,0.415,1.5,3.6
2025-12-31 18:00:00,0.32,0.414,1.3,3.5
2025-12-31 19:00:00,0.32,0.413,1.2,3.4
2025-12-31 20:00:00,0.321,0.412,1.1,3.3
2025-12-31 21:00:00,0.321,0.411,0.9,3.2
2025-12-31 22:00:00,0.321,0.411,0.7,3.1
2025-12-31 23:00:00,0.322,0.41,0.6,3.1
2026-01-01 00:00:00,0.321,0.409,0.6,3
2026-01-01 01:00:00,0.321,0.409,0.7,2.9
2026-01-01 02:00:00,0.321,0.41,0.8,2.9
2026-01-01 03:00:00,0.321,0.41,0.8,2.9
2026-01-01 04:00:00,0.32,0.411,0.9,2.9
2026-01-01 05:00:00,0.32,0.412,0.9,2.9
2026-01-01 06:00:00,0.32,0.413,0.9,2.9
2026-01-01 07:00:00,0.32,0.414,1,3
2026-01-01 08:00:00,0.319,0.415,1,3.1
2026-01-01 09:00:00,0.319,0.415,1,3.1
2026-01-01 10:00:00,0.319,0.415,1.1,3.1
2026-01-01 11:00:00,0.319,0.415,1.1,3
2026-01-01 12:00:00,0.319,0.415,1.1,3
2026-01-01 13:00:00,0.319,0.415,1.1,3
2026-01-01 14:00:00,0.32,0.415,1.1,3
2026-01-01 15:00:00,0.32,0.415,1,3
2026-01-01 16:00:00,0.32,0.415,1,2.9
2026-01-01 17:00:00,0.32,0.415,1,2.9
2026-01-01 18:00:00,0.32,0.415,1,2.9
2026-01-01 19:00:00,0.32,0.416,1,3
2026-01-01 20:00:00,0.32,0.416,1,3
2026-01-01 21:00:00,0.32,0.416,1,3
2026-01-01 22:00:00,0.32,0.417,1,3
2026-01-01 23:00:00,0.32,0.417,1,3
2026-01-02 00:00:00,0.32,0.418,1,3.1
2026-01-02 01:00:00,0.32,0.418,1.1,3.1
2026-01-02 02:00:00,0.32,0.418,1.1,3.1
2026-01-02 03:00:00,0.32,0.419,1.1,3.1
2026-01-02 04:00:00,0.32,0.421,1.1,3.2
2026-01-02 05:00:00,0.32,0.423,1.1,3.2
2026-01-02 06:00:00,0.32,0.426,1.1,3.2
2026-01-02 07:00:00,0.32,0.427,1.1,3.2
2026-01-02 08:00:00,0.319,0.427,1.1,3.3
2026-01-02 09:00:00,0.319,0.427,1.1,3.3
2026-01-02 10:00:00,0.319,0.427,1.1,3.3
2026-01-02 11:00:00,0.32,0.427,1.1,3.3
2026-01-02 12:00:00,0.319,0.426,1.1,3.4
2026-01-02 13:00:00,0.319,0.426,1.1,3.4
2026-01-02 14:00:00,0.319,0.426,1.1,3.4
2026-01-02 15:00:00,0.319,0.426,1.2,3.4
2026-01-02 16:00:00,0.319,0.427,1.2,3.4
2026-01-02 17:00:00,0.319,0.427,1.2,3.4
2026-01-02 18:00:00,0.319,0.427,1.2,3.4
2026-01-02 19:00:00,0.319,0.428,1.2,3.4
2026-01-02 20:00:00,0.319,0.428,1.2,3.4
2026-01-02 21:00:00,0.319,0.428,1.2,3.4
2026-01-02 22:00:00,0.319,0.428,1.2,3.3
2026-01-02 23:00:00,0.319,0.427,1.2,3.3
2026-01-03 00:00:00,0.319,0.427,1.2,3.3
2026-01-03 01:00:00,0.319,0.427,1.2,3.3
2026-01-03 02:00:00,0.319,0.427,1.2,3.3
2026-01-03 03:00:00,0.319,0.427,1.2,3.5
2026-01-03 04:00:00,0.32,0.428,1.3,4
2026-01-03 05:00:00,0.32,0.425,1.3,4.7
2026-01-03 06:00:00,0.32,0.425,1.5,5.3
2026-01-03 07:00:00,0.319,0.424,2.3,5.6
2026-01-03 08:00:00,0.319,0.424,2.5,5.6
2026-01-03 09:00:00,0.319,0.424,2.2,5.4
2026-01-03 10:00:00,0.319,0.425,1.8,5.1
2026-01-03 11:00:00,0.319,0.425,1.6,4.8
2026-01-03 12:00:00,0.319,0.427,1.5,4.5
2026-01-03 13:00:00,0.319,0.428,1.4,4.2
2026-01-03 14:00:00,0.319,0.429,1.4,4
2026-01-03 15:00:00,0.319,0.429,1.3,3.8
2026-01-03 16:00:00,0.319,0.429,1.3,3.7
2026-01-03 17:00:00,0.319,0.429,1.2,3.5
2026-01-03 18:00:00,0.319,0.428,1.2,3.4
2026-01-03 19:00:00,0.319,0.429,1.2,3.3
2026-01-03 20:00:00,0.319,0.43,1.1,3.2
2026-01-03 21:00:00,0.319,0.429,1.1,3.1
2026-01-03 22:00:00,0.319,0.429,1.1,3.1
2026-01-03 23:00:00,0.319,0.428,1.1,3.1
2026-01-04 00:00:00,0.319,0.429,1.1,3
2026-01-04 01:00:00,0.319,0.43,1.1,3
2026-01-04 02:00:00,0.319,0.431,1.1,3.1
2026-01-04 03:00:00,0.32,0.43,1.1,3.4
2026-01-04 04:00:00,0.32,0.428,1.3,4.4
2026-01-04 05:00:00,0.319,0.427,2.9,5.4
2026-01-04 06:00:00,0.318,0.426,4.4,6
2026-01-04 07:00:00,0.318,0.426,4.7,6.4
2026-01-04 08:00:00,0.318,0.426,4.4,6.4
2026-01-04 09:00:00,0.318,0.426,3.7,6.2
2026-01-04 10:00:00,0.318,0.426,3.2,5.9
2026-01-04 11:00:00,0.318,0.426,2.7,5.7
2026-01-04 12:00:00,0.319,0.426,2.4,5.4
2026-01-04 13:00:00,0.319,0.426,2.2,5.2
2026-01-04 14:00:00,0.319,0.426,2.1,5
2026-01-04 15:00:00,0.319,0.426,2,4.9
2026-01-04 16:00:00,0.319,0.426,2,4.8
2026-01-04 17:00:00,0.319,0.426,1.9,4.7
2026-01-04 18:00:00,0.319,0.426,1.9,4.6
2026-01-04 19:00:00,0.319,0.426,1.7,4.5
2026-01-04 20:00:00,0.319,0.426,1.7,4.4
2026-01-04 21:00:00,0.319,0.426,1.6,4.2
2026-01-04 22:00:00,0.319,0.426,1.6,4.1
2026-01-04 23:00:00,0.319,0.426,1.5,3.9
2026-01-05 00:00:00,0.319,0.426,1.5,3.8
2026-01-05 01:00:00,0.319,0.426,1.6,3.9
2026-01-05 02:00:00,0.319,0.426,2.1,4.3
2026-01-05 03:00:00,0.318,0.425,2.9,4.8
2026-01-05 04:00:00,0.318,0.424,3.8,5.6
2026-01-05 05:00:00,0.317,0.423,4.8,6.3
2026-01-05 06:00:00,0.317,0.421,5.7,6.8
2026-01-05 07:00:00,0.317,0.42,6.1,6.9
2026-01-05 08:00:00,0.317,0.42,5.8,6.8
2026-01-05 09:00:00,0.317,0.419,4.4,6.3
2026-01-05 10:00:00,0.318,0.42,3.3,5.7
2026-01-05 11:00:00,0.318,0.42,2.8,5.3
2026-01-05 12:00:00,0.318,0.42,2.5,4.8
2026-01-05 13:00:00,0.318,0.42,2.3,4.5
2026-01-05 14:00:00,0.318,0.419,2.1,4.3
2026-01-05 15:00:00,0.318,0.417,1.9,4
2026-01-05 16:00:00,0.319,0.416,1.8,3.8
2026-01-05 17:00:00,0.319,0.415,1.7,3.7
2026-01-05 18:00:00,0.319,0.414,1.5,3.5
2026-01-05 19:00:00,0.32,0.414,1.4,3.4
2026-01-05 20:00:00,0.32,0.413,1.3,3.3
2026-01-05 21:00:00,0.32,0.412,1.2,3.2
2026-01-05 22:00:00,0.321,0.411,1,3.1
2026-01-05 23:00:00,0.321,0.41,0.9,3
2026-01-06 00:00:00,0.322,0.41,0.7,2.9
2026-01-06 01:00:00,0.322,0.409,0.6,2.9
2026-01-06 02:00:00,0.321,0.409,0.6,2.8
2026-01-06 03:00:00,0.321,0.41,0.7,2.8
2026-01-06 04:00:00,0.321,0.412,0.7,2.9
2026-01-06 05:00:00,0.32,0.413,0.8,3.7
2026-01-06 06:00:00,0.319,0.413,1.2,4.6
2026-01-06 07:00:00,0.319,0.413,1.9,5
2026-01-06 08:00:00,0.318,0.414,2.1,5.2
2026-01-06 09:00:00,0.318,0.414,1.9,5.1
2026-01-06 10:00:00,0.319,0.414,1.6,4.8
2026-01-06 11:00:00,0.319,0.415,1.5,4.5
2026-01-06 12:00:00,0.319,0.415,1.4,4.2
2026-01-06 13:00:00,0.319,0.415,1.4,3.9
2026-01-06 14:00:00,0.319,0.415,1.3,3.8
2026-01-06 15:00:00,0.319,0.415,1.3,3.6
2026-01-06 16:00:00,0.319,0.414,1.2,3.5
2026-01-06 17:00:00,0.319,0.414,1.2,3.4
2026-01-06 18:00:00,0.319,0.414,1.2,3.3
2026-01-06 19:00:00,0.319,0.414,1.1,3.2
2026-01-06 20:00:00,0.32,0.413,1.1,3.1
2026-01-06 21:00:00,0.32,0.413,1,3.1
2026-01-06 22:00:00,0.32,0.413,1,3
2026-01-06 23:00:00,0.32,0.413,1,3
2026-01-07 00:00:00,0.32,0.413,0.9,2.9
2026-01-07 01:00:00,0.32,0.413,0.9,2.9
2026-01-07 02:00:00,0.32,0.414,1,2.9
2026-01-07 03:00:00,0.32,0.414,1,3.2
2026-01-07 04:00:00,0.32,0.415,1.1,3.7
2026-01-07 05:00:00,0.319,0.415,1.9,4.3
2026-01-07 06:00:00,0.318,0.415,3.2,5
2026-01-07 07:00:00,0.318,0.414,4.1,5.4
2026-01-07 08:00:00,0.318,0.414,3.9,5.5
2026-01-07 09:00:00,0.318,0.414,3.1,5.3
2026-01-07 10:00:00,0.318,0.414,2.5,4.9
2026-01-07 11:00:00,0.318,0.414,2.2,4.7
2026-01-07 12:00:00,0.319,0.414,1.9,4.4
2026-01-07 13:00:00,0.319,0.414,1.8,4.2
2026-01-07 14:00:00,0.319,0.414,1.7,4.1
2026-01-07 15:00:00,0.319,0.414,1.7,4
2026-01-07 16:00:00,0.319,0.414,1.6,3.9
2026-01-07 17:00:00,0.319,0.414,1.6,3.8
2026-01-07 18:00:00,0.319,0.414,1.5,3.8
2026-01-07 19:00:00,0.319,0.414,1.5,3.7
2026-01-07 20:00:00,0.319,0.414,1.4,3.6
2026-01-07 21:00:00,0.319,0.413,1.4,3.4
2026-01-07 22:00:00,0.319,0.413,1.4,3.3
2026-01-07 23:00:00,0.319,0.413,1.3,3.3
2026-01-08 00:00:00,0.319,0.412,1.2,3.2
2026-01-08 01:00:00,0.319,0.412,1.2,3.1
2026-01-08 02:00:00,0.319,0.412,1.1,3
2026-01-08 03:00:00,0.319,0.412,1.1,3.1
2026-01-08 04:00:00,0.319,0.411,1.1,3.9
2026-01-08 05:00:00,0.319,0.41,1.8,4.7
2026-01-08 06:00:00,0.318,0.409,3.4,5.3
2026-01-08 07:00:00,0.317,0.409,4.5,5.5
2026-01-08 08:00:00,0.317,0.409,4.6,5.4
2026-01-08 09:00:00,0.318,0.409,3.5,5.1
2026-01-08 10:00:00,0.318,0.409,2.5,4.7
2026-01-08 11:00:00,0.318,0.409,2.1,4.3
2026-01-08 12:00:00,0.319,0.409,1.9,4
2026-01-08 13:00:00,0.319,0.409,1.7,3.8
2026-01-08 14:00:00,0.319,0.409,1.6,3.6
2026-01-08 15:00:00,0.319,0.409,1.5,3.5
2026-01-08 16:00:00,0.319,0.409,1.4,3.4
2026-01-08 17:00:00,0.319,0.409,1.3,3.2
2026-01-08 18:00:00,0.319,0.408,1.2,3.1
2026-01-08 19:00:00,0.32,0.408,1.1,3.1
2026-01-08 20:00:00,0.32,0.408,1.1,3
2026-01-08 21:00:00,0.32,0.407,1,2.9
2026-01-08 22:00:00,0.32,0.406,0.9,2.8
2026-01-08 23:00:00,0.321,0.406,0.8,2.8
2026-01-09 00:00:00,0.321,0.405,0.7,2.7
2026-01-09 01:00:00,0.321,0.406,0.7,2.6
2026-01-09 02:00:00,0.32,0.406,0.8,2.6
2026-01-09 03:00:00,0.32,0.408,0.8,2.7
2026-01-09 04:00:00,0.32,0.408,0.9,3.3
2026-01-09 05:00:00,0.319,0.408,1.4,4.3
2026-01-09 06:00:00,0.318,0.407,2.9,5.1
2026-01-09 07:00:00,0.318,0.407,3.8,5.6
2026-01-09 08:00:00,0.317,0.406,3.7,5.8
2026-01-09 09:00:00,0.318,0.406,3.3,5.7
2026-01-09 10:00:00,0.318,0.406,3,5.5
2026-01-09 11:00:00,0.318,0.407,2.8,5.3
2026-01-09 12:00:00,0.318,0.407,2.5,5.2
2026-01-09 13:00:00,0.318,0.407,2.2,4.9
2026-01-09 14:00:00,0.319,0.407,1.9,4.6
2026-01-09 15:00:00,0.319,0.407,1.7,4.4
2026-01-09 16:00:00,0.319,0.408,1.6,4.2
2026-01-09 17:00:00,0.319,0.408,1.6,4
2026-01-09 18:00:00,0.319,0.408,1.6,3.9
2026-01-09 19:00:00,0.319,0.408,2,3.9
2026-01-09 20:00:00,0.318,0.408,2.4,4
2026-01-09 21:00:00,0.318,0.408,2.7,4.2
2026-01-09 22:00:00,0.318,0.408,3,4.3
2026-01-09 23:00:00,0.318,0.407,3.3,4.5
2026-01-10 00:00:00,0.318,0.407,3.6,4.7
2026-01-10 01:00:00,0.317,0.407,3.8,4.8
2026-01-10 02:00:00,0.317,0.406,4.1,5.1
2026-01-10 03:00:00,0.317,0.405,4.4,5.5
2026-01-10 04:00:00,0.317,0.404,5,6.1
2026-01-10 05:00:00,0.316,0.403,5.8,6.5
2026-01-10 06:00:00,0.316,0.402,5.6,6.7
2026-01-10 07:00:00,0.317,0.402,5.1,6.5
2026-01-10 08:00:00,0.317,0.402,4.5,6.1
2026-01-10 09:00:00,0.317,0.402,4,5.7
2026-01-10 10:00:00,0.318,0.403,3.5,5.3
2026-01-10 11:00:00,0.318,0.403,3.1,5
2026-01-10 12:00:00,0.318,0.403,2.8,4.7
2026-01-10 13:00:00,0.318,0.403,2.5,4.4
2026-01-10 14:00:00,0.318,0.404,2.3,4.2
2026-01-10 15:00:00,0.318,0.404,2.2,4
2026-01-10 16:00:00,0.318,0.404,2.1,3.8
2026-01-10 17:00:00,0.318,0.404,2.1,3.8
2026-01-10 18:00:00,0.318,0.405,2,3.7
2026-01-10 19:00:00,0.318,0.405,1.9,3.6
2026-01-10 20:00:00,0.318,0.405,1.9,3.6
2026-01-10 21:00:00,0.318,0.405,1.9,3.5
2026-01-10 22:00:00,0.318,0.406,1.9,3.5
2026-01-10 23:00:00,0.318,0.406,1.9,3.5
2026-01-11 00:00:00,0.318,0.407,1.9,3.5
2026-01-11 01:00:00,0.319,0.407,1.9,3.5
2026-01-11 02:00:00,0.319,0.408,1.8,3.5
2026-01-11 03:00:00,0.319,0.408,1.8,3.5
2026-01-11 04:00:00,0.319,0.409,1.8,3.5
2026-01-11 05:00:00,0.319,0.41,1.8,3.5
2026-01-11 06:00:00,0.319,0.412,1.8,3.4
2026-01-11 07:00:00,0.319,0.415,1.8,3.4
2026-01-11 08:00:00,0.319,0.419,1.8,3.4
2026-01-11 09:00:00,0.319,0.421,1.8,3.4
2026-01-11 10:00:00,0.319,0.423,1.8,3.4
2026-01-11 11:00:00,0.319,0.424,1.8,3.4
2026-01-11 12:00:00,0.319,0.424,1.8,3.4
2026-01-11 13:00:00,0.319,0.424,1.8,3.4
2026-01-11 14:00:00,0.319,0.424,1.7,3.4
2026-01-11 15:00:00,0.319,0.424,1.7,3.3
2026-01-11 16:00:00,0.319,0.424,1.7,3.3
2026-01-11 17:00:00,0.319,0.424,1.7,3.3
2026-01-11 18:00:00,0.319,0.424,1.6,3.3
2026-01-11 19:00:00,0.319,0.423,1.6,3.3
2026-01-11 20:00:00,0.319,0.423,1.6,3.3
2026-01-11 21:00:00,0.319,0.423,1.6,3.2
2026-01-11 22:00:00,0.319,0.423,1.6,3.2
2026-01-11 23:00:00,0.319,0.423,1.6,3.2
2026-01-12 00:00:00,0.319,0.423,1.6,3.2
2026-01-12 01:00:00,0.319,0.423,1.6,3.2
2026-01-12 02:00:00,0.319,0.424,1.6,3.3
2026-01-12 03:00:00,0.319,0.426,1.6,3.4
2026-01-12 04:00:00,0.319,0.426,1.7,3.7
2026-01-12 05:00:00,0.319,0.424,1.9,4.1
2026-01-12 06:00:00,0.318,0.423,3.1,4.5
2026-01-12 07:00:00,0.317,0.422,4.5,4.8
2026-01-12 08:00:00,0.317,0.422,5.2,5
2026-01-12 09:00:00,0.317,0.422,4.5,5
2026-01-12 10:00:00,0.317,0.422,3.6,4.8
2026-01-12 11:00:00,0.318,0.423,2.9,4.5
2026-01-12 12:00:00,0.318,0.423,2.4,4.2
2026-01-12 13:00:00,0.318,0.424,2.2,3.9
2026-01-12 14:00:00,0.318,0.424,2.1,3.8
2026-01-12 15:00:00,0.318,0.424,2,3.7
2026-01-12 16:00:00,0.318,0.425,1.9,3.7
2026-01-12 17:00:00,0.318,0.425,2.1,3.7
2026-01-12 18:00:00,0.318,0.426,2.3,3.7
2026-01-12 19:00:00,0.318,0.427,2.2,3.8
2026-01-12 20:00:00,0.318,0.427,2,3.7
2026-01-12 21:00:00,0.318,0.427,1.8,3.6
2026-01-12 22:00:00,0.318,0.427,1.8,3.4
2026-01-12 23:00:00,0.318,0.427,1.7,3.3
2026-01-13 00:00:00,0.318,0.426,1.6,3.2
2026-01-13 01:00:00,0.319,0.426,1.6,3.2
2026-01-13 02:00:00,0.318,0.428,1.9,3.3
2026-01-13 03:00:00,0.318,0.427,2.6,3.9
2026-01-13 04:00:00,0.318,0.425,3.5,4.8
2026-01-13 05:00:00,0.317,0.424,4.8,5.6
2026-01-13 06:00:00,0.316,0.423,5.9,6.2
2026-01-13 07:00:00,0.316,0.423,6.5,6.6
2026-01-13 08:00:00,0.316,0.422,6.1,6.5
2026-01-13 09:00:00,0.317,0.421,5,6.2
2026-01-13 10:00:00,0.317,0.421,3.9,5.7
2026-01-13 11:00:00,0.318,0.421,3.2,5.3
2026-01-13 12:00:00,0.318,0.421,2.9,4.8
2026-01-13 13:00:00,0.318,0.421,2.6,4.5
2026-01-13 14:00:00,0.318,0.42,2.4,4.2
2026-01-13 15:00:00,0.318,0.42,2.2,3.9
2026-01-13 16:00:00,0.318,0.419,2,3.7
2026-01-13 17:00:00,0.318,0.418,1.9,3.6
2026-01-13 18:00:00,0.318,0.416,1.8,3.4
2026-01-13 19:00:00,0.318,0.415,1.7,3.3
2026-01-13 20:00:00,0.319,0.414,1.6,3.2
2026-01-13 21:00:00,0.319,0.413,1.4,3.1
2026-01-13 22:00:00,0.319,0.411,1.3,3
2026-01-13 23:00:00,0.32,0.411,1.2,2.9
2026-01-14 00:00:00,0.32,0.41,1.1,2.8
2026-01-14 01:00:00,0.32,0.409,1.1,2.7
2026-01-14 02:00:00,0.32,0.41,1,2.7
2026-01-14 03:00:00,0.32,0.411,1.1,2.7
2026-01-14 04:00:00,0.32,0.412,1.1,2.8
2026-01-14 05:00:00,0.319,0.413,1.5,3.5
2026-01-14 06:00:00,0.318,0.413,3.7,4.6
2026-01-14 07:00:00,0.317,0.413,5.6,5.4
2026-01-14 08:00:00,0.317,0.413,5.7,5.8
2026-01-14 09:00:00,0.317,0.413,4.8,5.7
2026-01-14 10:00:00,0.317,0.414,4,5.5
2026-01-14 11:00:00,0.318,0.414,3.5,5.2
2026-01-14 12:00:00,0.318,0.414,3.3,5
2026-01-14 13:00:00,0.318,0.414,3.1,4.9
2026-01-14 14:00:00,0.318,0.414,3,4.8
2026-01-14 15:00:00,0.318,0.414,3,4.7
2026-01-14 16:00:00,0.318,0.414,2.9,4.7
2026-01-14 17:00:00,0.318,0.414,2.8,4.6
2026-01-14 18:00:00,0.318,0.414,2.9,4.6
2026-01-14 19:00:00,0.318,0.414,3,4.6
2026-01-14 20:00:00,0.318,0.415,3.1,4.6
2026-01-14 21:00:00,0.318,0.414,3.3,4.7
2026-01-14 22:00:00,0.318,0.414,4,5
2026-01-14 23:00:00,0.317,0.414,4.5,5.2
2026-01-15 00:00:00,0.317,0.414,4.9,5.5
2026-01-15 01:00:00,0.317,0.414,5.4,5.8
2026-01-15 02:00:00,0.316,0.413,5.9,6.2
2026-01-15 03:00:00,0.316,0.412,6.6,6.9
2026-01-15 04:00:00,0.316,0.411,7.3,7.7
2026-01-15 05:00:00,0.315,0.41,8.2,8.4
2026-01-15 06:00:00,0.315,0.409,8.4,8.9
2026-01-15 07:00:00,0.315,0.408,8.6,9.1
2026-01-15 08:00:00,0.315,0.408,8.2,9.1
2026-01-15 09:00:00,0.316,0.408,7.4,8.8
2026-01-15 10:00:00,0.316,0.408,6.6,8.3
2026-01-15 11:00:00,0.316,0.409,5.9,7.8
2026-01-15 12:00:00,0.317,0.409,5.3,7.3
2026-01-15 13:00:00,0.317,0.409,4.8,6.8
2026-01-15 14:00:00,0.317,0.41,4.4,6.3
2026-01-15 15:00:00,0.317,0.41,4.1,5.9
2026-01-15 16:00:00,0.318,0.411,3.9,5.6
2026-01-15 17:00:00,0.318,0.411,3.9,5.5
2026-01-15 18:00:00,0.318,0.411,3.9,5.4
2026-01-15 19:00:00,0.318,0.411,3.8,5.3
2026-01-15 20:00:00,0.318,0.412,3.6,5.1
2026-01-15 21:00:00,0.318,0.412,3.5,5
2026-01-15 22:00:00,0.318,0.412,3.4,4.9
2026-01-15 23:00:00,0.318,0.412,3.3,4.7
2026-01-16 00:00:00,0.318,0.412,3.4,4.7
2026-01-16 01:00:00,0.318,0.412,3.6,4.8
2026-01-16 02:00:00,0.318,0.412,3.9,5.1
2026-01-16 03:00:00,0.317,0.411,4.3,5.8
2026-01-16 04:00:00,0.317,0.409,5.5,7
2026-01-16 05:00:00,0.316,0.407,7.1,8.2
2026-01-16 06:00:00,0.315,0.406,8.3,9
2026-01-16 07:00:00,0.315,0.405,9.4,9.4
2026-01-16 08:00:00,0.314,0.404,10,9.5
2026-01-16 09:00:00,0.315,0.405,9,9.2
2026-01-16 10:00:00,0.315,0.405,7.6,8.7
2026-01-16 11:00:00,0.316,0.405,6.5,8
2026-01-16 12:00:00,0.316,0.406,5.7,7.4
2026-01-16 13:00:00,0.317,0.407,5.1,6.9
2026-01-16 14:00:00,0.317,0.407,4.6,6.4
2026-01-16 15:00:00,0.317,0.407,4.2,5.9
2026-01-16 16:00:00,0.317,0.408,3.9,5.6
2026-01-16 17:00:00,0.318,0.408,3.7,5.3
2026-01-16 18:00:00,0.318,0.408,3.4,5
2026-01-16 19:00:00,0.318,0.408,3.3,4.8
2026-01-16 20:00:00,0.318,0.408,3.4,4.8
2026-01-16 21:00:00,0.318,0.409,3.3,4.8
2026-01-16 22:00:00,0.318,0.409,3.5,4.8
2026-01-16 23:00:00,0.318,0.409,3.7,4.9
2026-01-17 00:00:00,0.318,0.409,3.8,5
2026-01-17 01:00:00,0.317,0.408,4,5.1
2026-01-17 02:00:00,0.317,0.408,4.2,5.4
2026-01-17 03:00:00,0.317,0.407,4.6,6
2026-01-17 04:00:00,0.317,0.406,5.6,7.1
2026-01-17 05:00:00,0.316,0.404,6.9,8.1
2026-01-17 06:00:00,0.315,0.403,7.8,8.7
2026-01-17 07:00:00,0.315,0.402,8.4,8.9
2026-01-17 08:00:00,0.315,0.402,8.1,8.7
2026-01-17 09:00:00,0.316,0.402,7,8.3
2026-01-17 10:00:00,0.316,0.403,5.9,7.7
2026-01-17 11:00:00,0.317,0.403,5.1,7.1
2026-01-17 12:00:00,0.317,0.404,4.5,6.6
2026-01-17 13:00:00,0.317,0.404,4,6.1
2026-01-17 14:00:00,0.318,0.405,3.6,5.6
2026-01-17 15:00:00,0.318,0.405,3.4,5.3
2026-01-17 16:00:00,0.318,0.405,3.1,5
2026-01-17 17:00:00,0.318,0.405,2.9,4.7
2026-01-17 18:00:00,0.318,0.405,2.7,4.5
2026-01-17 19:00:00,0.318,0.405,2.5,4.3
2026-01-17 20:00:00,0.319,0.405,2.4,4.1
2026-01-17 21:00:00,0.319,0.405,2.2,3.9
2026-01-17 22:00:00,0.319,0.404,2.1,3.8
2026-01-17 23:00:00,0.319,0.404,2,3.7
2026-01-18 00:00:00,0.319,0.404,1.9,3.6
2026-01-18 01:00:00,0.319,0.405,1.9,3.5
2026-01-18 02:00:00,0.319,0.405,1.9,3.4
2026-01-18 03:00:00,0.319,0.406,2.1,3.8
2026-01-18 04:00:00,0.318,0.405,3.5,5.1
2026-01-18 05:00:00,0.317,0.403,5.4,6.4
2026-01-18 06:00:00,0.316,0.402,6.8,7.4
2026-01-18 07:00:00,0.316,0.401,7.3,7.9
2026-01-18 08:00:00,0.316,0.401,7.1,8
2026-01-18 09:00:00,0.316,0.401,6.3,7.8
2026-01-18 10:00:00,0.316,0.401,5.5,7.4
2026-01-18 11:00:00,0.317,0.402,4.9,7
2026-01-18 12:00:00,0.317,0.402,4.5,6.6
2026-01-18 13:00:00,0.317,0.403,4.1,6.2
2026-01-18 14:00:00,0.317,0.403,3.9,5.9
2026-01-18 15:00:00,0.318,0.403,3.7,5.7
2026-01-18 16:00:00,0.318,0.403,3.6,5.5
2026-01-18 17:00:00,0.318,0.404,3.4,5.3
2026-01-18 18:00:00,0.318,0.404,3.3,5.2
2026-01-18 19:00:00,0.318,0.404,3.2,5
2026-01-18 20:00:00,0.318,0.404,3.3,4.9
2026-01-18 21:00:00,0.318,0.404,3.4,4.9
2026-01-18 22:00:00,0.318,0.404,3.5,4.9
2026-01-18 23:00:00,0.318,0.404,3.5,5
2026-01-19 00:00:00,0.318,0.404,3.4,4.9
2026-01-19 01:00:00,0.318,0.404,3.4,4.9
2026-01-19 02:00:00,0.318,0.404,3.6,5
2026-01-19 03:00:00,0.317,0.403,3.7,5.2
2026-01-19 04:00:00,0.317,0.403,3.7,5.3
2026-01-19 05:00:00,0.317,0.403,3.7,5.3
2026-01-19 06:00:00,0.317,0.403,3.9,5.4
2026-01-19 07:00:00,0.317,0.402,3.7,5.4
2026-01-19 08:00:00,0.318,0.403,3.3,5.3
2026-01-19 09:00:00,0.318,0.403,2.8,4.9
2026-01-19 10:00:00,0.318,0.403,2.4,4.6
2026-01-19 11:00:00,0.318,0.403,2.3,4.3
2026-01-19 12:00:00,0.318,0.403,2.2,4.1
2026-01-19 13:00:00,0.318,0.403,2,3.9
2026-01-19 14:00:00,0.319,0.403,1.9,3.7
2026-01-19 15:00:00,0.319,0.403,1.8,3.6
2026-01-19 16:00:00,0.319,0.402,1.7,3.4
2026-01-19 17:00:00,0.319,0.402,1.6,3.3
2026-01-19 18:00:00,0.319,0.402,1.5,3.2
2026-01-19 19:00:00,0.319,0.402,1.5,3.1
2026-01-19 20:00:00,0.319,0.401,1.4,3
2026-01-19 21:00:00,0.319,0.401,1.3,3
2026-01-19 22:00:00,0.32,0.4,1.2,2.9
2026-01-19 23:00:00,0.32,0.4,1.1,2.8
2026-01-20 00:00:00,0.32,0.399,1,2.8
2026-01-20 01:00:00,0.32,0.399,1,2.7
2026-01-20 02:00:00,0.32,0.399,0.9,2.6
2026-01-20 03:00:00,0.32,0.4,1,2.6
2026-01-20 04:00:00,0.32,0.401,1,2.6
2026-01-20 05:00:00,0.319,0.401,1.1,3
2026-01-20 06:00:00,0.318,0.401,2.2,3.7
2026-01-20 07:00:00,0.318,0.4,3.4,4.1
2026-01-20 08:00:00,0.317,0.4,3.8,4.2
2026-01-20 09:00:00,0.318,0.4,2.9,4
2026-01-20 10:00:00,0.318,0.4,2,3.7
2026-01-20 11:00:00,0.319,0.4,1.7,3.5
2026-01-20 12:00:00,0.319,0.4,1.5,3.3
2026-01-20 13:00:00,0.319,0.399,1.4,3.2
2026-01-20 14:00:00,0.319,0.399,1.2,3.1
2026-01-20 15:00:00,0.32,0.398,1.1,2.9
2026-01-20 16:00:00,0.32,0.398,1.1,2.9
2026-01-20 17:00:00,0.32,0.398,1,2.8
2026-01-20 18:00:00,0.32,0.398,1,2.7
2026-01-20 19:00:00,0.32,0.398,0.9,2.7
2026-01-20 20:00:00,0.32,0.398,0.9,2.6
2026-01-20 21:00:00,0.32,0.399,0.9,2.6
2026-01-20 22:00:00,0.32,0.399,0.9,2.6
2026-01-20 23:00:00,0.32,0.399,0.9,2.6
2026-01-21 00:00:00,0.32,0.399,0.9,2.5
2026-01-21 01:00:00,0.32,0.4,0.9,2.5
2026-01-21 02:00:00,0.32,0.4,0.9,2.5
2026-01-21 03:00:00,0.319,0.4,0.9,2.5
2026-01-21 04:00:00,0.319,0.4,0.9,2.6
2026-01-21 05:00:00,0.319,0.401,1,2.6
2026-01-21 06:00:00,0.319,0.401,1,2.6
2026-01-21 07:00:00,0.319,0.401,1,2.7
2026-01-21 08:00:00,0.319,0.402,1,2.7
2026-01-21 09:00:00,0.319,0.403,1,2.7
2026-01-21 10:00:00,0.319,0.403,1,2.8
2026-01-21 11:00:00,0.319,0.404,1,2.8
2026-01-21 12:00:00,0.319,0.404,1,2.9
2026-01-21 13:00:00,0.319,0.404,1.1,2.9
2026-01-21 14:00:00,0.319,0.405,1.1,2.9
2026-01-21 15:00:00,0.319,0.405,1.1,2.9
2026-01-21 16:00:00,0.319,0.405,1.1,3
2026-01-21 17:00:00,0.319,0.406,1.1,3
2026-01-21 18:00:00,0.319,0.406,1.1,3
2026-01-21 19:00:00,0.319,0.406,1,3
2026-01-21 20:00:00,0.319,0.407,1,3
2026-01-21 21:00:00,0.319,0.407,1,3
2026-01-21 22:00:00,0.319,0.407,1,3
2026-01-21 23:00:00,0.319,0.407,1,3
2026-01-22 00:00:00,0.319,0.408,1,3
2026-01-22 01:00:00,0.319,0.408,1,3
2026-01-22 02:00:00,0.319,0.408,1,3
2026-01-22 03:00:00,0.319,0.408,1,3.1
2026-01-22 04:00:00,0.319,0.41,1,3.4
2026-01-22 05:00:00,0.319,0.413,1,4.1
2026-01-22 06:00:00,0.318,0.413,1.8,4.8
2026-01-22 07:00:00,0.317,0.413,3.3,5.1
2026-01-22 08:00:00,0.318,0.413,2.9,5
2026-01-22 09:00:00,0.318,0.413,2,4.7
2026-01-22 10:00:00,0.318,0.414,1.6,4.3
2026-01-22 11:00:00,0.318,0.413,1.4,4
2026-01-22 12:00:00,0.318,0.413,1.3,3.7
2026-01-22 13:00:00,0.319,0.413,1.2,3.5
2026-01-22 14:00:00,0.319,0.412,1.1,3.3
2026-01-22 15:00:00,0.319,0.411,1,3.2
2026-01-22 16:00:00,0.319,0.411,1,3.1
2026-01-22 17:00:00,0.319,0.41,0.9,3
2026-01-22 18:00:00,0.319,0.41,0.9,3
2026-01-22 19:00:00,0.319,0.41,0.9,2.9
2026-01-22 20:00:00,0.319,0.41,0.9,2.9
2026-01-22 21:00:00,0.319,0.41,0.8,2.9
2026-01-22 22:00:00,0.319,0.41,0.8,2.8
2026-01-22 23:00:00,0.319,0.41,0.8,2.8
2026-01-23 00:00:00,0.319,0.41,0.7,2.8
2026-01-23 01:00:00,0.319,0.41,0.7,2.8
2026-01-23 02:00:00,0.319,0.41,0.8,2.8
2026-01-23 03:00:00,0.319,0.411,0.8,3
2026-01-23 04:00:00,0.319,0.412,0.8,3.7
2026-01-23 05:00:00,0.319,0.412,1.1,4.4
2026-01-23 06:00:00,0.318,0.412,2.3,5.2
2026-01-23 07:00:00,0.318,0.412,2.5,5.4
2026-01-23 08:00:00,0.318,0.412,2.5,5.5
2026-01-23 09:00:00,0.318,0.412,2.2,5.3
2026-01-23 10:00:00,0.318,0.413,1.8,5.1
2026-01-23 11:00:00,0.318,0.413,1.6,4.8
2026-01-23 12:00:00,0.318,0.413,1.5,4.6
2026-01-23 13:00:00,0.318,0.413,1.4,4.4
2026-01-23 14:00:00,0.318,0.414,1.3,4.2
2026-01-23 15:00:00,0.318,0.414,1.2,3.9
2026-01-23 16:00:00,0.318,0.413,1.2,3.7
2026-01-23 17:00:00,0.318,0.413,1.1,3.5
2026-01-23 18:00:00,0.318,0.413,1.1,3.4
2026-01-23 19:00:00,0.319,0.412,1.1,3.3
2026-01-23 20:00:00,0.319,0.411,1,3.1
2026-01-23 21:00:00,0.319,0.411,1,3
2026-01-23 22:00:00,0.319,0.411,1,3
2026-01-23 23:00:00,0.319,0.411,0.9,2.9
2026-01-24 00:00:00,0.319,0.411,0.9,2.9
2026-01-24 01:00:00,0.319,0.411,0.9,2.8
2026-01-24 02:00:00,0.319,0.412,0.9,2.9
2026-01-24 03:00:00,0.319,0.412,0.9,3.3
2026-01-24 04:00:00,0.319,0.412,1,4.2
2026-01-24 05:00:00,0.318,0.411,1.8,5
2026-01-24 06:00:00,0.317,0.41,3.1,5.4
2026-01-24 07:00:00,0.317,0.41,4.2,5.7
2026-01-24 08:00:00,0.316,0.409,4.5,5.6
2026-01-24 09:00:00,0.317,0.409,3.7,5.3
2026-01-24 10:00:00,0.317,0.409,2.6,4.9
2026-01-24 11:00:00,0.318,0.409,2.1,4.5
2026-01-24 12:00:00,0.318,0.409,1.8,4.1
2026-01-24 13:00:00,0.318,0.408,1.6,3.8
2026-01-24 14:00:00,0.318,0.407,1.4,3.6
2026-01-24 15:00:00,0.319,0.407,1.3,3.4
2026-01-24 16:00:00,0.319,0.406,1.1,3.2
2026-01-24 17:00:00,0.319,0.406,1,3.1
2026-01-24 18:00:00,0.319,0.405,1,3
2026-01-24 19:00:00,0.319,0.405,0.9,2.9
2026-01-24 20:00:00,0.319,0.405,0.9,2.8
2026-01-24 21:00:00,0.319,0.405,0.8,2.8
2026-01-24 22:00:00,0.32,0.405,0.7,2.7
2026-01-24 23:00:00,0.32,0.404,0.7,2.6
2026-01-25 00:00:00,0.32,0.404,0.6,2.6
2026-01-25 01:00:00,0.32,0.403,0.5,2.5
2026-01-25 02:00:00,0.32,0.404,0.5,2.5
2026-01-25 03:00:00,0.32,0.405,0.6,2.5
2026-01-25 04:00:00,0.319,0.405,0.6,2.7
2026-01-25 05:00:00,0.319,0.406,0.7,3.5
2026-01-25 06:00:00,0.318,0.405,1.2,4.3
2026-01-25 07:00:00,0.317,0.405,2.9,4.8
2026-01-25 08:00:00,0.317,0.405,3.6,4.9
2026-01-25 09:00:00,0.317,0.405,2.8,4.7
2026-01-25 10:00:00,0.317,0.405,2,4.3
2026-01-25 11:00:00,0.318,0.405,1.5,3.9
2026-01-25 12:00:00,0.318,0.404,1.3,3.6
2026-01-25 13:00:00,0.318,0.404,1.2,3.4
2026-01-25 14:00:00,0.319,0.403,1,3.2
2026-01-25 15:00:00,0.319,0.402,0.9,3
2026-01-25 16:00:00,0.319,0.402,0.8,2.9
2026-01-25 17:00:00,0.32,0.401,0.7,2.8
2026-01-25 18:00:00,0.32,0.4,0.5,2.7
2026-01-25 19:00:00,0.32,0.399,0.3,2.6
2026-01-25 20:00:00,0.321,0.399,0.2,2.5
2026-01-25 21:00:00,0.32,0.398,0.1,2.4
2026-01-25 22:00:00,0.32,0.397,0,2.3
2026-01-25 23:00:00,0.32,0.397,0,2.2
2026-01-26 00:00:00,0.319,0.396,0.1,2.2
2026-01-26 01:00:00,0.319,0.396,0.2,2.1
2026-01-26 02:00:00,0.319,0.397,0.3,2.1
2026-01-26 03:00:00,0.318,0.397,0.3,2.1
2026-01-26 04:00:00,0.318,0.398,0.4,2.1
2026-01-26 05:00:00,0.318,0.399,0.4,2.1
2026-01-26 06:00:00,0.318,0.401,0.4,2.1
2026-01-26 07:00:00,0.318,0.401,0.5,2.1
2026-01-26 08:00:00,0.318,0.402,0.5,2.2
2026-01-26 09:00:00,0.318,0.403,0.5,2.2
2026-01-26 10:00:00,0.318,0.403,0.5,2.3
2026-01-26 11:00:00,0.318,0.403,0.5,2.3
2026-01-26 12:00:00,0.318,0.403,0.5,2.3
2026-01-26 13:00:00,0.318,0.403,0.6,2.3
2026-01-26 14:00:00,0.318,0.403,0.6,2.3
2026-01-26 15:00:00,0.319,0.403,0.6,2.3
2026-01-26 16:00:00,0.319,0.402,0.6,2.3
2026-01-26 17:00:00,0.319,0.402,0.6,2.3
2026-01-26 18:00:00,0.319,0.402,0.6,2.3
2026-01-26 19:00:00,0.319,0.402,0.5,2.3
2026-01-26 20:00:00,0.319,0.402,0.5,2.3
2026-01-26 21:00:00,0.319,0.402,0.5,2.3
2026-01-26 22:00:00,0.319,0.402,0.5,2.3
2026-01-26 23:00:00,0.319,0.402,0.5,2.3
2026-01-27 00:00:00,0.319,0.402,0.5,2.3
2026-01-27 01:00:00,0.319,0.403,0.5,2.3
2026-01-27 02:00:00,0.318,0.403,0.5,2.3
2026-01-27 03:00:00,0.318,0.403,0.5,2.6
2026-01-27 04:00:00,0.318,0.403,0.6,3.5
2026-01-27 05:00:00,0.317,0.401,0.8,4.4
2026-01-27 06:00:00,0.316,0.4,2.3,5.1
2026-01-27 07:00:00,0.316,0.399,3.5,5.4
2026-01-27 08:00:00,0.315,0.399,3.7,5.3
2026-01-27 09:00:00,0.316,0.399,2.8,4.9
2026-01-27 10:00:00,0.317,0.399,1.8,4.5
2026-01-27 11:00:00,0.317,0.4,1.4,4.1
2026-01-27 12:00:00,0.317,0.399,1.2,3.8
2026-01-27 13:00:00,0.318,0.399,1.1,3.5
2026-01-27 14:00:00,0.318,0.399,1,3.3
2026-01-27 15:00:00,0.318,0.399,0.9,3.1
2026-01-27 16:00:00,0.318,0.398,0.8,3
2026-01-27 17:00:00,0.319,0.398,0.7,2.8
2026-01-27 18:00:00,0.319,0.398,0.6,2.7
2026-01-27 19:00:00,0.319,0.397,0.6,2.6
2026-01-27 20:00:00,0.319,0.397,0.5,2.5
2026-01-27 21:00:00,0.319,0.397,0.4,2.4
2026-01-27 22:00:00,0.32,0.396,0.3,2.4
2026-01-27 23:00:00,0.32,0.396,0.2,2.3
2026-01-28 00:00:00,0.319,0.395,0.1,2.2
2026-01-28 01:00:00,0.319,0.395,0.1,2.2
2026-01-28 02:00:00,0.319,0.395,0.2,2.1
2026-01-28 03:00:00,0.319,0.396,0.2,2.1
2026-01-28 04:00:00,0.318,0.397,0.3,2.2
2026-01-28 05:00:00,0.317,0.397,0.4,2.8
2026-01-28 06:00:00,0.317,0.397,0.9,3.7
2026-01-28 07:00:00,0.316,0.397,2.4,4.3
2026-01-28 08:00:00,0.316,0.396,2.9,4.4
2026-01-28 09:00:00,0.316,0.396,2.3,4.2
2026-01-28 10:00:00,0.317,0.396,1.4,3.8
2026-01-28 11:00:00,0.317,0.397,1.1,3.5
2026-01-28 12:00:00,0.317,0.396,1,3.3
2026-01-28 13:00:00,0.318,0.396,0.9,3.1
2026-01-28 14:00:00,0.318,0.396,0.8,2.9
2026-01-28 15:00:00,0.318,0.395,0.7,2.8
2026-01-28 16:00:00,0.319,0.395,0.6,2.7
2026-01-28 17:00:00,0.319,0.395,0.5,2.6
2026-01-28 18:00:00,0.319,0.394,0.4,2.5
2026-01-28 19:00:00,0.319,0.394,0.3,2.4
2026-01-28 20:00:00,0.32,0.393,0.1,2.3
2026-01-28 21:00:00,0.319,0.393,0,2.2
2026-01-28 22:00:00,0.319,0.392,-0,2.1
2026-01-28 23:00:00,0.319,0.391,-0.1,2.1
2026-01-29 00:00:00,0.319,0.391,0,2
2026-01-29 01:00:00,0.318,0.391,0.1,2
2026-01-29 02:00:00,0.318,0.392,0.2,1.9
2026-01-29 03:00:00,0.318,0.392,0.3,1.9
2026-01-29 04:00:00,0.317,0.393,0.3,1.9
2026-01-29 05:00:00,0.317,0.394,0.4,2
2026-01-29 06:00:00,0.316,0.395,0.6,2.5
2026-01-29 07:00:00,0.316,0.395,0.8,2.9
2026-01-29 08:00:00,0.316,0.395,0.8,3.2
2026-01-29 09:00:00,0.316,0.395,0.7,3.2
2026-01-29 10:00:00,0.317,0.395,0.6,3
2026-01-29 11:00:00,0.317,0.395,0.6,2.9
2026-01-29 12:00:00,0.317,0.395,0.6,2.8
2026-01-29 13:00:00,0.317,0.394,0.6,2.6
2026-01-29 14:00:00,0.318,0.394,0.5,2.6
2026-01-29 15:00:00,0.318,0.394,0.5,2.5
2026-01-29 16:00:00,0.318,0.393,0.4,2.4
2026-01-29 17:00:00,0.319,0.393,0.3,2.3
2026-01-29 18:00:00,0.319,0.393,0.2,2.2
2026-01-29 19:00:00,0.319,0.392,0.1,2.2
2026-01-29 20:00:00,0.319,0.392,0,2.1
2026-01-29 21:00:00,0.318,0.392,0.1,2.1
2026-01-29 22:00:00,0.318,0.391,-0,2
2026-01-29 23:00:00,0.318,0.391,-0.1,2
2026-01-30 00:00:00,0.318,0.39,-0.1,1.9
2026-01-30 01:00:00,0.317,0.391,0,1.9
2026-01-30 02:00:00,0.317,0.391,0.1,1.9
2026-01-30 03:00:00,0.317,0.392,0.2,1.9
2026-01-30 04:00:00,0.316,0.393,0.3,1.9
2026-01-30 05:00:00,0.316,0.393,0.3,1.9
2026-01-30 06:00:00,0.316,0.394,0.3,2.1
2026-01-30 07:00:00,0.315,0.394,0.8,2.5
2026-01-30 08:00:00,0.315,0.394,1.7,2.8
2026-01-30 09:00:00,0.315,0.394,1.3,2.9
2026-01-30 10:00:00,0.316,0.394,0.7,2.8
2026-01-30 11:00:00,0.316,0.393,0.6,2.7
2026-01-30 12:00:00,0.317,0.393,0.6,2.6
2026-01-30 13:00:00,0.317,0.393,0.5,2.5
2026-01-30 14:00:00,0.317,0.393,0.5,2.4
2026-01-30 15:00:00,0.317,0.392,0.5,2.3
2026-01-30 16:00:00,0.318,0.392,0.4,2.3
2026-01-30 17:00:00,0.318,0.391,0.3,2.2
2026-01-30 18:00:00,0.318,0.391,0.2,2.1
2026-01-30 19:00:00,0.318,0.391,0.1,2.1
2026-01-30 20:00:00,0.318,0.39,0,2
2026-01-30 21:00:00,0.318,0.39,-0.1,1.9
2026-01-30 22:00:00,0.318,0.389,-0.2,1.9
2026-01-30 23:00:00,0.317,0.389,-0.3,1.8
2026-01-31 00:00:00,0.317,0.388,-0.3,1.8
2026-01-31 01:00:00,0.316,0.388,-0.2,1.8
2026-01-31 02:00:00,0.316,0.388,-0.1,1.7
2026-01-31 03:00:00,0.315,0.388,0,1.7
2026-01-31 04:00:00,0.315,0.389,0.1,1.7
2026-01-31 05:00:00,0.314,0.39,0.2,1.8
2026-01-31 06:00:00,0.314,0.391,0.4,2
2026-01-31 07:00:00,0.314,0.391,1.2,2.5
2026-01-31 08:00:00,0.314,0.391,1.6,2.9
2026-01-31 09:00:00,0.315,0.391,1.1,3.1
2026-01-31 10:00:00,0.315,0.391,0.6,2.9
2026-01-31 11:00:00,0.316,0.391,0.5,2.8
2026-01-31 12:00:00,0.316,0.391,0.5,2.7
2026-01-31 13:00:00,0.316,0.391,0.5,2.6
2026-01-31 14:00:00,0.316,0.391,0.5,2.5
2026-01-31 15:00:00,0.316,0.391,0.5,2.5
2026-01-31 16:00:00,0.316,0.39,0.5,2.4
2026-01-31 17:00:00,0.317,0.39,0.5,2.4
2026-01-31 18:00:00,0.317,0.39,0.4,2.3
2026-01-31 19:00:00,0.317,0.39,0.4,2.3
2026-01-31 20:00:00,0.317,0.39,0.4,2.2
2026-01-31 21:00:00,0.317,0.39,0.3,2.2
2026-01-31 22:00:00,0.317,0.39,0.3,2.2
2026-01-31 23:00:00,0.317,0.39,0.3,2.1
2026-02-01 00:00:00,0.317,0.39,0.3,2.1
2026-02-01 01:00:00,0.316,0.39,0.3,2.1
2026-02-01 02:00:00,0.316,0.391,0.4,2.1
2026-02-01 03:00:00,0.316,0.391,0.4,2.2
2026-02-01 04:00:00,0.316,0.391,0.4,2.9
2026-02-01 05:00:00,0.315,0.39,1.3,4
2026-02-01 06:00:00,0.314,0.389,3,4.8
2026-02-01 07:00:00,0.313,0.388,4,5.2
2026-02-01 08:00:00,0.313,0.388,4.2,5.2
2026-02-01 09:00:00,0.314,0.388,3.4,4.9
2026-02-01 10:00:00,0.315,0.388,2.2,4.5
2026-02-01 11:00:00,0.315,0.389,1.4,4.1
2026-02-01 12:00:00,0.316,0.389,1.1,3.8
2026-02-01 13:00:00,0.316,0.389,1,3.5
2026-02-01 14:00:00,0.316,0.389,0.9,3.3
2026-02-01 15:00:00,0.316,0.388,0.8,3.1
2026-02-01 16:00:00,0.317,0.388,0.7,2.9
2026-02-01 17:00:00,0.317,0.388,0.6,2.7
2026-02-01 18:00:00,0.317,0.388,0.5,2.6
2026-02-01 19:00:00,0.317,0.388,0.5,2.5
2026-02-01 20:00:00,0.317,0.388,0.5,2.4
2026-02-01 21:00:00,0.317,0.388,0.5,2.4
2026-02-01 22:00:00,0.317,0.388,0.5,2.3
2026-02-01 23:00:00,0.317,0.389,0.5,2.3
2026-02-02 00:00:00,0.317,0.389,0.5,2.3
2026-02-02 01:00:00,0.317,0.389,0.5,2.2
2026-02-02 02:00:00,0.317,0.389,0.5,2.2
2026-02-02 03:00:00,0.316,0.39,0.5,2.2
2026-02-02 04:00:00,0.316,0.391,0.5,2.2
2026-02-02 05:00:00,0.316,0.392,0.5,2.3
2026-02-02 06:00:00,0.316,0.393,0.7,2.6
2026-02-02 07:00:00,0.315,0.393,1.2,3.1
2026-02-02 08:00:00,0.315,0.393,1.5,3.4
2026-02-02 09:00:00,0.315,0.393,1.1,3.3
2026-02-02 10:00:00,0.315,0.393,0.9,3.1
2026-02-02 11:00:00,0.316,0.393,0.8,2.9
2026-02-02 12:00:00,0.316,0.393,0.7,2.8
2026-02-02 13:00:00,0.316,0.393,0.7,2.7
2026-02-02 14:00:00,0.316,0.393,0.7,2.6
2026-02-02 15:00:00,0.316,0.392,0.6,2.5
2026-02-02 16:00:00,0.317,0.392,0.6,2.5
2026-02-02 17:00:00,0.317,0.392,0.5,2.4
2026-02-02 18:00:00,0.317,0.391,0.5,2.3
2026-02-02 19:00:00,0.317,0.391,0.4,2.3
2026-02-02 20:00:00,0.317,0.391,0.3,2.2
2026-02-02 21:00:00,0.317,0.39,0.2,2.2
2026-02-02 22:00:00,0.317,0.39,0.1,2.1
2026-02-02 23:00:00,0.317,0.389,0,2
2026-02-03 00:00:00,0.317,0.389,0,2
2026-02-03 01:00:00,0.317,0.389,0,1.9
2026-02-03 02:00:00,0.317,0.389,0.1,1.9
2026-02-03 03:00:00,0.316,0.39,0.2,1.9
2026-02-03 04:00:00,0.316,0.391,0.3,2.1
2026-02-03 05:00:00,0.315,0.391,0.4,3.1
2026-02-03 06:00:00,0.314,0.39,1.6,4.3
2026-02-03 07:00:00,0.313,0.39,3,4.9
2026-02-03 08:00:00,0.313,0.39,3,5.1
2026-02-03 09:00:00,0.314,0.39,2.3,4.9
2026-02-03 10:00:00,0.314,0.39,1.7,4.7
2026-02-03 11:00:00,0.315,0.391,1.2,4.3
2026-02-03 12:00:00,0.315,0.391,1,4
2026-02-03 13:00:00,0.315,0.391,0.9,3.7
2026-02-03 14:00:00,0.315,0.391,0.9,3.5
2026-02-03 15:00:00,0.315,0.391,0.8,3.3
2026-02-03 16:00:00,0.316,0.391,0.8,3.2
2026-02-03 17:00:00,0.316,0.391,0.7,3.1
2026-02-03 18:00:00,0.316,0.391,0.7,3
2026-02-03 19:00:00,0.316,0.391,0.7,2.9
2026-02-03 20:00:00,0.316,0.391,0.6,2.8
2026-02-03 21:00:00,0.316,0.391,0.6,2.7
2026-02-03 22:00:00,0.317,0.39,0.5,2.6
2026-02-03 23:00:00,0.317,0.39,0.4,2.5
2026-02-04 00:00:00,0.317,0.39,0.4,2.4
2026-02-04 01:00:00,0.317,0.39,0.4,2.4
2026-02-04 02:00:00,0.316,0.391,0.5,2.4
2026-02-04 03:00:00,0.316,0.391,0.5,2.7
2026-02-04 04:00:00,0.315,0.39,0.8,3.8
2026-02-04 05:00:00,0.272,0.345,7,7
2026-02-04 06:00:00,0.23,0.298,9.1,8.7
2026-02-04 07:00:00,0.231,0.296,8,8.4
2026-02-04 08:00:00,0.231,0.296,7,7.6
2026-02-04 09:00:00,0.232,0.296,6.2,6.8
2026-02-04 10:00:00,0.232,0.296,5.3,5.8
2026-02-04 11:00:00,0.232,0.296,4.6,5
2026-02-04 12:00:00,0.233,0.297,4,4.4
2026-02-04 13:00:00,0.233,0.297,3.6,4
2026-02-04 14:00:00,0.233,0.296,3.5,3.8
2026-02-04 15:00:00,0.233,0.296,3.5,3.8
2026-02-04 16:00:00,0.233,0.296,3.4,3.8
2026-02-04 17:00:00,0.233,0.296,3.4,3.9
2026-02-04 18:00:00,0.233,0.296,3.3,3.8
2026-02-04 19:00:00,0.233,0.296,3.2,3.7
2026-02-04 20:00:00,0.233,0.296,3.1,3.6
2026-02-04 21:00:00,0.233,0.296,3,3.5
2026-02-04 22:00:00,0.233,0.296,2.8,3.3
2026-02-04 23:00:00,0.233,0.296,2.8,3.2
2026-02-05 00:00:00,0.232,0.296,3.4,3.6
2026-02-05 01:00:00,0.232,0.295,4.9,4.6
2026-02-05 02:00:00,0.231,0.293,6.8,6.2
2026-02-05 03:00:00,0.23,0.291,9.3,8
2026-02-05 04:00:00,0.23,0.29,11,9.5
2026-02-05 05:00:00,0.23,0.289,11.6,10.5
2026-02-05 06:00:00,0.23,0.288,11.5,11
2026-02-05 07:00:00,0.23,0.288,10.7,10.8
2026-02-05 08:00:00,0.231,0.289,9.6,9.8
2026-02-05 09:00:00,0.231,0.29,8.7,8.8
2026-02-05 10:00:00,0.231,0.29,7.8,7.9
2026-02-05 11:00:00,0.231,0.291,7.2,7.3
2026-02-05 12:00:00,0.231,0.291,6.7,6.8
2026-02-05 13:00:00,0.231,0.292,6.2,6.2
2026-02-05 14:00:00,0.231,0.292,5.8,5.8
2026-02-05 15:00:00,0.231,0.292,5.5,5.5
2026-02-05 16:00:00,0.231,0.293,5.1,5.1
2026-02-05 17:00:00,0.231,0.293,4.7,4.8
2026-02-05 18:00:00,0.232,0.293,4.3,4.4
2026-02-05 19:00:00,0.232,0.293,4,4
2026-02-05 20:00:00,0.232,0.294,3.7,3.8
2026-02-05 21:00:00,0.232,0.294,3.5,3.5
2026-02-05 22:00:00,0.232,0.294,3.2,3.3
2026-02-05 23:00:00,0.232,0.294,2.9,3.1
2026-02-06 00:00:00,0.232,0.294,3.3,3.2
2026-02-06 01:00:00,0.231,0.293,5,3.9
2026-02-06 02:00:00,0.23,0.292,7.1,5
2026-02-06 03:00:00,0.23,0.291,8.6,6.2
2026-02-06 04:00:00,0.229,0.29,9.8,7.4
2026-02-06 05:00:00,0.229,0.289,10.3,8.2
2026-02-06 06:00:00,0.229,0.288,9.8,8.4
2026-02-06 07:00:00,0.229,0.289,8.8,7.9
2026-02-06 08:00:00,0.23,0.29,7.5,6.9
2026-02-06 09:00:00,0.23,0.29,6.4,5.9
2026-02-06 10:00:00,0.23,0.291,5.4,5
2026-02-06 11:00:00,0.23,0.292,4.7,4.3
2026-02-06 12:00:00,0.23,0.292,4.2,3.9
2026-02-06 13:00:00,0.23,0.292,3.9,3.6
2026-02-06 14:00:00,0.23,0.292,3.5,3.4
2026-02-06 15:00:00,0.231,0.292,3.3,3.2
2026-02-06 16:00:00,0.231,0.292,3,3
2026-02-06 17:00:00,0.231,0.292,2.8,2.8
2026-02-06 18:00:00,0.231,0.292,2.6,2.8
2026-02-06 19:00:00,0.231,0.292,2.5,2.7
2026-02-06 20:00:00,0.231,0.292,2.3,2.6
2026-02-06 21:00:00,0.231,0.292,2.1,2.4
2026-02-06 22:00:00,0.231,0.292,1.9,2.3
2026-02-06 23:00:00,0.231,0.292,1.8,2.2
2026-02-07 00:00:00,0.23,0.292,1.9,2.1
2026-02-07 01:00:00,0.23,0.292,2.8,2.3
2026-02-07 02:00:00,0.23,0.291,4.2,3.2
2026-02-07 03:00:00,0.229,0.291,5.1,4.1
2026-02-07 04:00:00,0.229,0.29,5.2,4.4
2026-02-07 05:00:00,0.229,0.29,5.2,4.7
2026-02-07 06:00:00,0.229,0.289,5.6,5.4
2026-02-07 07:00:00,0.229,0.289,5.4,5.7
2026-02-07 08:00:00,0.229,0.29,4.5,5
2026-02-07 09:00:00,0.229,0.29,3.7,4.1
2026-02-07 10:00:00,0.23,0.291,3.2,3.6
2026-02-07 11:00:00,0.23,0.291,2.7,3.2
2026-02-07 12:00:00,0.23,0.291,2.4,2.9
2026-02-07 13:00:00,0.23,0.291,2.3,2.8
2026-02-07 14:00:00,0.23,0.291,2.3,2.8
2026-02-07 15:00:00,0.23,0.291,2.4,2.9
2026-02-07 16:00:00,0.23,0.292,2.4,2.9
2026-02-07 17:00:00,0.23,0.292,2.4,3
2026-02-07 18:00:00,0.23,0.292,2.4,3
2026-02-07 19:00:00,0.23,0.292,2.4,3
2026-02-07 20:00:00,0.23,0.292,2.4,3
2026-02-07 21:00:00,0.23,0.292,2.3,2.9
2026-02-07 22:00:00,0.23,0.292,2.3,2.9
2026-02-07 23:00:00,0.23,0.292,2.3,2.9
2026-02-08 00:00:00,0.23,0.292,2.3,2.9
2026-02-08 01:00:00,0.23,0.293,2.3,2.9
2026-02-08 02:00:00,0.23,0.293,2.3,2.9
2026-02-08 03:00:00,0.23,0.293,2.3,2.9
2026-02-08 04:00:00,0.23,0.294,2.3,2.9
2026-02-08 05:00:00,0.229,0.294,2.5,2.9
2026-02-08 06:00:00,0.231,0.294,3,3
2026-02-08 07:00:00,0.236,0.295,3.3,3.4
2026-02-08 08:00:00,0.238,0.296,3.1,3.2
2026-02-08 09:00:00,0.239,0.297,2.6,2.9
2026-02-08 10:00:00,0.24,0.297,2.4,2.7
2026-02-08 11:00:00,0.24,0.297,2.2,2.5
2026-02-08 12:00:00,0.24,0.297,2,2.4
2026-02-08 13:00:00,0.24,0.297,1.9,2.3
2026-02-08 14:00:00,0.24,0.297,1.8,2.3
2026-02-08 15:00:00,0.239,0.297,1.7,2.2
2026-02-08 16:00:00,0.239,0.297,1.6,2.2
2026-02-08 17:00:00,0.239,0.297,1.5,2.1
2026-02-08 18:00:00,0.239,0.297,1.5,2.1
2026-02-08 19:00:00,0.239,0.296,1.4,2
2026-02-08 20:00:00,0.239,0.296,1.4,2
2026-02-08 21:00:00,0.238,0.296,1.3,1.9
2026-02-08 22:00:00,0.238,0.296,1.2,1.9
2026-02-08 23:00:00,0.238,0.296,1.1,1.8
2026-02-09 00:00:00,0.237,0.296,1.1,1.7
2026-02-09 01:00:00,0.237,0.296,1.5,1.7
2026-02-09 02:00:00,0.236,0.296,4,2
2026-02-09 03:00:00,0.237,0.295,6.9,3.7
2026-02-09 04:00:00,0.236,0.293,9.1,6.2
2026-02-09 05:00:00,0.237,0.292,10,7.9
2026-02-09 06:00:00,0.237,0.291,9.6,8.5
2026-02-09 07:00:00,0.237,0.291,8.5,8.4
2026-02-09 08:00:00,0.237,0.292,7.3,7.4
2026-02-09 09:00:00,0.238,0.293,6.1,6.3
2026-02-09 10:00:00,0.238,0.294,5.1,5.4
2026-02-09 11:00:00,0.239,0.294,4.4,4.6
2026-02-09 12:00:00,0.239,0.295,3.8,4.1
2026-02-09 13:00:00,0.239,0.295,3.4,3.7
2026-02-09 14:00:00,0.239,0.295,3.1,3.3
2026-02-09 15:00:00,0.239,0.295,2.8,3.1
2026-02-09 16:00:00,0.24,0.295,2.6,2.9
2026-02-09 17:00:00,0.24,0.295,2.4,2.8
2026-02-09 18:00:00,0.24,0.295,2.2,2.7
2026-02-09 19:00:00,0.239,0.295,2.1,2.6
2026-02-09 20:00:00,0.239,0.295,2.1,2.6
2026-02-09 21:00:00,0.239,0.296,2,2.5
2026-02-09 22:00:00,0.239,0.296,1.9,2.5
2026-02-09 23:00:00,0.239,0.296,1.9,2.5
2026-02-10 00:00:00,0.239,0.296,1.8,2.5
2026-02-10 01:00:00,0.239,0.296,1.9,2.8
2026-02-10 02:00:00,0.239,0.295,2.3,3.4
2026-02-10 03:00:00,0.239,0.295,2.9,4
2026-02-10 04:00:00,0.239,0.295,3.3,4.4
2026-02-10 05:00:00,0.239,0.295,3.6,4.7
2026-02-10 06:00:00,0.239,0.296,3.8,4.8
2026-02-10 07:00:00,0.24,0.297,3.8,4.8
2026-02-10 08:00:00,0.242,0.298,3.7,4.7
2026-02-10 09:00:00,0.243,0.298,3.6,4.6
2026-02-10 10:00:00,0.244,0.299,3.5,4.4
2026-02-10 11:00:00,0.245,0.299,3.4,4.3
2026-02-10 12:00:00,0.246,0.299,3.4,4.3
2026-02-10 13:00:00,0.247,0.299,3.4,4.2
2026-02-10 14:00:00,0.248,0.3,3.3,4.2
2026-02-10 15:00:00,0.248,0.3,3.3,4.1
2026-02-10 16:00:00,0.249,0.3,3.2,4.1
2026-02-10 17:00:00,0.25,0.3,3.2,4
2026-02-10 18:00:00,0.25,0.3,3.1,4
2026-02-10 19:00:00,0.251,0.301,2.9,3.7
2026-02-10 20:00:00,0.252,0.301,2.6,3.4
2026-02-10 21:00:00,0.252,0.301,2.4,3.2
2026-02-10 22:00:00,0.253,0.301,2.2,2.9
2026-02-10 23:00:00,0.253,0.301,2.2,2.8
2026-02-11 00:00:00,0.253,0.301,2.4,3.2
2026-02-11 01:00:00,0.253,0.3,3.3,4
2026-02-11 02:00:00,0.253,0.299,4.5,4.9
2026-02-11 03:00:00,0.253,0.298,6.4,6.3
2026-02-11 04:00:00,0.252,0.297,7.9,7.5
2026-02-11 05:00:00,0.252,0.296,7.7,7.6
2026-02-11 06:00:00,0.252,0.296,7.6,7.7
2026-02-11 07:00:00,0.252,0.295,7.6,8
2026-02-11 08:00:00,0.252,0.296,7,7.5
2026-02-11 09:00:00,0.252,0.296,6.2,6.7
2026-02-11 10:00:00,0.253,0.297,5.4,6
2026-02-11 11:00:00,0.253,0.298,4.7,5.3
2026-02-11 12:00:00,0.254,0.298,4.1,4.6
2026-02-11 13:00:00,0.254,0.299,3.6,4.1
2026-02-11 14:00:00,0.254,0.299,3.3,3.8
2026-02-11 15:00:00,0.254,0.299,3,3.5
2026-02-11 16:00:00,0.254,0.299,2.8,3.2
2026-02-11 17:00:00,0.254,0.299,2.6,3
2026-02-11 18:00:00,0.254,0.299,2.4,2.9
2026-02-11 19:00:00,0.254,0.299,2.2,2.7
2026-02-11 20:00:00,0.254,0.299,2.1,2.6
2026-02-11 21:00:00,0.254,0.298,2,2.5
2026-02-11 22:00:00,0.254,0.298,1.9,2.4
2026-02-11 23:00:00,0.253,0.298,1.8,2.4
2026-02-12 00:00:00,0.253,0.298,1.8,2.4
2026-02-12 01:00:00,0.253,0.298,1.9,2.5
2026-02-12 02:00:00,0.251,0.297,3.6,3.7
2026-02-12 03:00:00,0.25,0.295,6.8,5.9
2026-02-12 04:00:00,0.249,0.294,9.1,7.9
2026-02-12 05:00:00,0.249,0.292,10.2,9.2
2026-02-12 06:00:00,0.249,0.292,10.1,9.9
2026-02-12 07:00:00,0.249,0.292,9.2,9.7
2026-02-12 08:00:00,0.249,0.292,8.1,8.8
2026-02-12 09:00:00,0.249,0.293,7.1,7.8
2026-02-12 10:00:00,0.25,0.294,6.1,6.7
2026-02-12 11:00:00,0.25,0.295,5.2,5.8
2026-02-12 12:00:00,0.25,0.296,4.5,5.1
2026-02-12 13:00:00,0.25,0.296,4.1,4.5
2026-02-12 14:00:00,0.25,0.296,3.7,4.1
2026-02-12 15:00:00,0.25,0.296,3.3,3.8
2026-02-12 16:00:00,0.25,0.297,3,3.5
2026-02-12 17:00:00,0.251,0.297,2.8,3.3
2026-02-12 18:00:00,0.251,0.297,2.6,3
2026-02-12 19:00:00,0.251,0.297,2.4,2.9
2026-02-12 20:00:00,0.25,0.297,2.2,2.7
2026-02-12 21:00:00,0.25,0.297,2,2.6
2026-02-12 22:00:00,0.25,0.296,1.9,2.4
2026-02-12 23:00:00,0.25,0.296,1.8,2.4
2026-02-13 00:00:00,0.249,0.296,1.8,2.3
2026-02-13 01:00:00,0.248,0.296,3,2.6
2026-02-13 02:00:00,0.247,0.295,5.5,4.1
2026-02-13 03:00:00,0.246,0.293,7.6,6.3
2026-02-13 04:00:00,0.245,0.291,9.2,8.3
2026-02-13 05:00:00,0.245,0.29,10.4,9.7
2026-02-13 06:00:00,0.245,0.289,10.5,10.4
2026-02-13 07:00:00,0.245,0.289,9.9,10.4
2026-02-13 08:00:00,0.245,0.29,9.1,9.7
2026-02-13 09:00:00,0.245,0.29,8.2,8.8
2026-02-13 10:00:00,0.245,0.291,7.2,7.8
2026-02-13 11:00:00,0.245,0.292,6.4,6.8
2026-02-13 12:00:00,0.245,0.293,5.7,6.1
2026-02-13 13:00:00,0.245,0.293,5.1,5.4
2026-02-13 14:00:00,0.245,0.294,4.6,5
2026-02-13 15:00:00,0.246,0.294,4.3,4.6
2026-02-13 16:00:00,0.246,0.294,3.9,4.2
2026-02-13 17:00:00,0.246,0.295,3.7,4
2026-02-13 18:00:00,0.246,0.295,3.4,3.7
2026-02-13 19:00:00,0.246,0.295,3.2,3.5
2026-02-13 20:00:00,0.246,0.295,3,3.4
2026-02-13 21:00:00,0.246,0.295,2.8,3.3
2026-02-13 22:00:00,0.246,0.295,2.8,3.2
2026-02-13 23:00:00,0.245,0.295,2.7,3.2
2026-02-14 00:00:00,0.245,0.295,3.4,3.6
2026-02-14 01:00:00,0.244,0.294,4.8,4.6
2026-02-14 02:00:00,0.244,0.293,6.1,5.8
2026-02-14 03:00:00,0.243,0.291,7.5,7.3
2026-02-14 04:00:00,0.243,0.291,7.9,8.1
2026-02-14 05:00:00,0.243,0.29,8.4,8.8
2026-02-14 06:00:00,0.242,0.29,8.9,9.4
2026-02-14 07:00:00,0.242,0.289,8.9,9.4
2026-02-14 08:00:00,0.242,0.29,8.8,9.3
2026-02-14 09:00:00,0.242,0.29,8.5,8.9
2026-02-14 10:00:00,0.242,0.29,7.8,8.2
2026-02-14 11:00:00,0.242,0.291,7.1,7.5
2026-02-14 12:00:00,0.242,0.291,6.5,6.9
2026-02-14 13:00:00,0.242,0.292,6,6.3
2026-02-14 14:00:00,0.242,0.292,5.6,5.8
2026-02-14 15:00:00,0.242,0.293,5.1,5.4
2026-02-14 16:00:00,0.242,0.293,4.8,5
2026-02-14 17:00:00,0.242,0.294,4.5,4.8
2026-02-14 18:00:00,0.243,0.294,4.2,4.5
2026-02-14 19:00:00,0.243,0.294,4.2,4.4
2026-02-14 20:00:00,0.243,0.294,4.2,4.5
2026-02-14 21:00:00,0.243,0.294,4.3,4.6
2026-02-14 22:00:00,0.242,0.294,4.3,4.6
2026-02-14 23:00:00,0.242,0.294,4.3,4.6
2026-02-15 00:00:00,0.242,0.293,4.8,5.1
2026-02-15 01:00:00,0.241,0.292,6.4,6.1
2026-02-15 02:00:00,0.241,0.291,8.2,7.3
2026-02-15 03:00:00,0.24,0.29,10.2,8.7
2026-02-15 04:00:00,0.239,0.288,11.6,10
2026-02-15 05:00:00,0.239,0.288,12,10.8
2026-02-15 06:00:00,0.239,0.287,11.7,11.1
2026-02-15 07:00:00,0.239,0.288,10.8,10.8
2026-02-15 08:00:00,0.239,0.288,10,10.1
2026-02-15 09:00:00,0.239,0.289,9,9.2
2026-02-15 10:00:00,0.239,0.289,8.2,8.3
2026-02-15 11:00:00,0.24,0.29,7.4,7.5
2026-02-15 12:00:00,0.24,0.291,6.7,6.8
2026-02-15 13:00:00,0.24,0.291,6.1,6.1
2026-02-15 14:00:00,0.24,0.292,5.6,5.6
2026-02-15 15:00:00,0.24,0.292,5.1,5.1
2026-02-15 16:00:00,0.24,0.293,4.7,4.7
2026-02-15 17:00:00,0.24,0.293,4.3,4.4
2026-02-15 18:00:00,0.24,0.293,4,4.1
2026-02-15 19:00:00,0.24,0.293,3.7,3.9
2026-02-15 20:00:00,0.24,0.294,3.5,3.7
2026-02-15 21:00:00,0.24,0.294,3.4,3.6
2026-02-15 22:00:00,0.24,0.294,3.3,3.5
2026-02-15 23:00:00,0.24,0.294,3.3,3.5
2026-02-16 00:00:00,0.24,0.293,3.6,3.8
2026-02-16 01:00:00,0.239,0.293,4.3,4.3
2026-02-16 02:00:00,0.239,0.292,5.8,5.4
2026-02-16 03:00:00,0.238,0.291,7.5,6.6
2026-02-16 04:00:00,0.237,0.289,8.9,7.7
2026-02-16 05:00:00,0.237,0.288,9.6,8.7
2026-02-16 06:00:00,0.237,0.288,9.6,9.4
2026-02-16 07:00:00,0.237,0.288,8.9,9.3
2026-02-16 08:00:00,0.237,0.288,8,8.5
2026-02-16 09:00:00,0.237,0.289,7,7.5
2026-02-16 10:00:00,0.237,0.29,6.2,6.6
2026-02-16 11:00:00,0.237,0.291,5.5,5.9
2026-02-16 12:00:00,0.237,0.291,5,5.4
2026-02-16 13:00:00,0.237,0.292,4.7,5
2026-02-16 14:00:00,0.238,0.292,4.3,4.6
2026-02-16 15:00:00,0.238,0.292,3.9,4.2
2026-02-16 16:00:00,0.238,0.292,3.5,3.9
2026-02-16 17:00:00,0.238,0.293,3.2,3.6
2026-02-16 18:00:00,0.238,0.293,2.9,3.3
2026-02-16 19:00:00,0.238,0.293,2.7,3.1
2026-02-16 20:00:00,0.238,0.293,2.5,2.9
2026-02-16 21:00:00,0.238,0.293,2.3,2.8
2026-02-16 22:00:00,0.238,0.293,2.1,2.6
2026-02-16 23:00:00,0.237,0.293,2,2.5
2026-02-17 00:00:00,0.237,0.292,2.9,2.4
2026-02-17 01:00:00,0.235,0.292,6,3
2026-02-17 02:00:00,0.234,0.291,9,5
2026-02-17 03:00:00,0.234,0.289,11.2,7.1
2026-02-17 04:00:00,0.233,0.287,12.3,8.7
2026-02-17 05:00:00,0.233,0.287,12.3,9.7
2026-02-17 06:00:00,0.233,0.286,11.7,10.1
2026-02-17 07:00:00,0.233,0.286,10.4,10
2026-02-17 08:00:00,0.234,0.287,9,9
2026-02-17 09:00:00,0.234,0.288,7.9,7.8
2026-02-17 10:00:00,0.234,0.289,6.9,6.8
2026-02-17 11:00:00,0.234,0.29,6,5.9
2026-02-17 12:00:00,0.234,0.29,5.3,5.1
2026-02-17 13:00:00,0.235,0.291,4.6,4.5
2026-02-17 14:00:00,0.235,0.291,4.1,4.1
2026-02-17 15:00:00,0.235,0.291,3.8,3.8
2026-02-17 16:00:00,0.235,0.292,3.4,3.5
2026-02-17 17:00:00,0.235,0.292,3.1,3.3
2026-02-17 18:00:00,0.235,0.292,2.9,3.1
2026-02-17 19:00:00,0.235,0.292,2.6,2.9
2026-02-17 20:00:00,0.235,0.292,2.4,2.7
2026-02-17 21:00:00,0.235,0.292,2.2,2.6
2026-02-17 22:00:00,0.235,0.292,2,2.4
2026-02-17 23:00:00,0.234,0.291,1.9,2.3
2026-02-18 00:00:00,0.234,0.291,2.3,2.3
2026-02-18 01:00:00,0.233,0.291,4.2,2.5
2026-02-18 02:00:00,0.232,0.29,6.8,4.1
2026-02-18 03:00:00,0.232,0.289,9.1,6.2
2026-02-18 04:00:00,0.231,0.287,10.2,7.8
2026-02-18 05:00:00,0.231,0.286,10.7,9
2026-02-18 06:00:00,0.231,0.286,10.6,9.7
2026-02-18 07:00:00,0.231,0.286,9.7,9.7
2026-02-18 08:00:00,0.231,0.286,8.5,8.7
2026-02-18 09:00:00,0.231,0.287,7.4,7.6
2026-02-18 10:00:00,0.232,0.288,6.5,6.6
2026-02-18 11:00:00,0.232,0.289,5.7,5.8
2026-02-18 12:00:00,0.232,0.289,5.2,5.2
2026-02-18 13:00:00,0.232,0.29,4.7,4.7
2026-02-18 14:00:00,0.232,0.29,4.1,4.2
2026-02-18 15:00:00,0.232,0.291,3.7,3.8
2026-02-18 16:00:00,0.232,0.291,3.3,3.5
2026-02-18 17:00:00,0.233,0.291,3,3.2
2026-02-18 18:00:00,0.233,0.291,2.7,3
2026-02-18 19:00:00,0.233,0.291,2.4,2.8
2026-02-18 20:00:00,0.233,0.291,2.2,2.6
2026-02-18 21:00:00,0.233,0.291,2,2.4
2026-02-18 22:00:00,0.232,0.291,1.8,2.3
2026-02-18 23:00:00,0.232,0.291,1.8,2.2
2026-02-19 00:00:00,0.232,0.291,2.8,2.1
2026-02-19 01:00:00,0.231,0.291,5.9,2.5
2026-02-19 02:00:00,0.23,0.289,8.9,4.4
2026-02-19 03:00:00,0.229,0.287,11.1,6.7
2026-02-19 04:00:00,0.228,0.286,12.5,8.7
2026-02-19 05:00:00,0.228,0.285,12.9,10
2026-02-19 06:00:00,0.228,0.284,12.3,10.5
2026-02-19 07:00:00,0.229,0.284,11.2,10.5
2026-02-19 08:00:00,0.229,0.285,10,9.6
2026-02-19 09:00:00,0.229,0.285,9,8.6
2026-02-19 10:00:00,0.229,0.286,8,7.7
2026-02-19 11:00:00,0.229,0.287,7.2,6.8
2026-02-19 12:00:00,0.23,0.288,6.4,6
2026-02-19 13:00:00,0.23,0.288,5.7,5.4
2026-02-19 14:00:00,0.23,0.289,5.2,4.9
2026-02-19 15:00:00,0.23,0.289,4.8,4.5
2026-02-19 16:00:00,0.23,0.29,4.4,4.1
2026-02-19 17:00:00,0.23,0.29,4.1,3.9
2026-02-19 18:00:00,0.23,0.29,3.8,3.6
2026-02-19 19:00:00,0.23,0.29,3.4,3.4
2026-02-19 20:00:00,0.23,0.29,3.1,3.2
2026-02-19 21:00:00,0.231,0.29,2.9,3
2026-02-19 22:00:00,0.231,0.29,2.6,2.9
2026-02-19 23:00:00,0.23,0.291,2.6,2.7
2026-02-20 00:00:00,0.23,0.29,3.9,2.8
2026-02-20 01:00:00,0.229,0.29,6.4,4
2026-02-20 02:00:00,0.228,0.288,8.5,6.1
2026-02-20 03:00:00,0.228,0.286,10.5,8.3
2026-02-20 04:00:00,0.227,0.284,12.1,10.3
2026-02-20 05:00:00,0.227,0.283,12.8,11.6
2026-02-20 06:00:00,0.227,0.282,12.7,12.2
2026-02-20 07:00:00,0.227,0.282,11.9,12.2
2026-02-20 08:00:00,0.227,0.283,10.9,11.3
2026-02-20 09:00:00,0.227,0.284,9.9,10.2
2026-02-20 10:00:00,0.227,0.285,8.8,9
2026-02-20 11:00:00,0.227,0.285,7.9,8
2026-02-20 12:00:00,0.228,0.286,7.2,7.2
2026-02-20 13:00:00,0.228,0.287,6.6,6.5
2026-02-20 14:00:00,0.228,0.287,6.1,6
2026-02-20 15:00:00,0.228,0.288,5.6,5.5
2026-02-20 16:00:00,0.228,0.288,5.2,5.1
2026-02-20 17:00:00,0.228,0.289,4.9,4.8
2026-02-20 18:00:00,0.228,0.289,4.6,4.5
2026-02-20 19:00:00,0.228,0.289,4.3,4.2
2026-02-20 20:00:00,0.228,0.289,4,4
2026-02-20 21:00:00,0.228,0.29,3.8,3.8
2026-02-20 22:00:00,0.228,0.29,3.6,3.6
2026-02-20 23:00:00,0.228,0.29,3.7,3.5
2026-02-21 00:00:00,0.228,0.289,5.1,4.2
2026-02-21 01:00:00,0.227,0.288,7.7,5.8
2026-02-21 02:00:00,0.226,0.286,10.3,7.9
2026-02-21 03:00:00,0.225,0.284,12.1,9.9
2026-02-21 04:00:00,0.225,0.283,13.4,11.6
2026-02-21 05:00:00,0.225,0.281,13.9,13
2026-02-21 06:00:00,0.225,0.281,13.7,13.8
2026-02-21 07:00:00,0.225,0.28,13,13.8
2026-02-21 08:00:00,0.225,0.281,12,12.8
2026-02-21 09:00:00,0.225,0.282,11.2,11.7
2026-02-21 10:00:00,0.225,0.283,10.5,10.7
2026-02-21 11:00:00,0.225,0.283,9.8,9.8
2026-02-21 12:00:00,0.225,0.284,9.2,9.1
2026-02-21 13:00:00,0.225,0.285,8.7,8.5
2026-02-21 14:00:00,0.225,0.285,8.3,8
2026-02-21 15:00:00,0.225,0.285,7.9,7.6
2026-02-21 16:00:00,0.225,0.286,7.5,7.2
2026-02-21 17:00:00,0.225,0.286,7.1,6.8
2026-02-21 18:00:00,0.226,0.287,6.9,6.5
2026-02-21 19:00:00,0.226,0.287,6.7,6.4
2026-02-21 20:00:00,0.225,0.286,6.9,6.5
2026-02-21 21:00:00,0.225,0.286,7,6.7
2026-02-21 22:00:00,0.225,0.286,7,6.7
2026-02-21 23:00:00,0.225,0.286,7.3,6.9
2026-02-22 00:00:00,0.225,0.285,8.7,7.8
2026-02-22 01:00:00,0.224,0.284,10.4,9
2026-02-22 02:00:00,0.224,0.284,10.7,9.6
2026-02-22 03:00:00,0.224,0.284,10.7,9.8
2026-02-22 04:00:00,0.224,0.283,11.6,10.7
2026-02-22 05:00:00,0.223,0.282,12.3,11.5
2026-02-22 06:00:00,0.223,0.282,12.4,11.9
2026-02-22 07:00:00,0.223,0.282,12,11.8
2026-02-22 08:00:00,0.223,0.282,11.2,11.1
2026-02-22 09:00:00,0.224,0.283,10.3,10.1
2026-02-22 10:00:00,0.224,0.284,9.3,9.1
2026-02-22 11:00:00,0.224,0.285,8.4,8.2
2026-02-22 12:00:00,0.224,0.286,7.7,7.3
2026-02-22 13:00:00,0.224,0.286,7,6.7
2026-02-22 14:00:00,0.224,0.287,6.4,6
2026-02-22 15:00:00,0.225,0.287,5.9,5.5
2026-02-22 16:00:00,0.225,0.288,5.4,5
2026-02-22 17:00:00,0.225,0.288,5,4.6
2026-02-22 18:00:00,0.225,0.288,4.6,4.3
2026-02-22 19:00:00,0.225,0.289,4.2,4
2026-02-22 20:00:00,0.225,0.289,3.9,3.8
2026-02-22 21:00:00,0.225,0.289,3.6,3.6
2026-02-22 22:00:00,0.225,0.289,3.3,3.4
2026-02-22 23:00:00,0.225,0.289,3.5,3.2
2026-02-23 00:00:00,0.225,0.289,5.3,3.5
2026-02-23 01:00:00,0.224,0.288,8,4.9
2026-02-23 02:00:00,0.223,0.286,9.9,6.9
2026-02-23 03:00:00,0.223,0.284,11.3,8.8
2026-02-23 04:00:00,0.222,0.283,12.2,10.2
2026-02-23 05:00:00,0.222,0.282,12.8,11.4
2026-02-23 06:00:00,0.222,0.281,12.6,12.1
2026-02-23 07:00:00,0.222,0.281,11.9,12.2
2026-02-23 08:00:00,0.222,0.282,10.8,11.2
2026-02-23 09:00:00,0.222,0.283,9.8,10
2026-02-23 10:00:00,0.222,0.284,8.9,8.9
2026-02-23 11:00:00,0.222,0.284,8.1,8
2026-02-23 12:00:00,0.222,0.285,7.4,7.3
2026-02-23 13:00:00,0.223,0.286,6.9,6.7
2026-02-23 14:00:00,0.223,0.286,6.4,6.2
2026-02-23 15:00:00,0.223,0.287,6.1,5.8
2026-02-23 16:00:00,0.223,0.287,5.8,5.6
2026-02-23 17:00:00,0.223,0.287,5.6,5.4
2026-02-23 18:00:00,0.223,0.287,5.4,5.2
2026-02-23 19:00:00,0.223,0.287,5.1,4.9
2026-02-23 20:00:00,0.223,0.288,4.9,4.8
2026-02-23 21:00:00,0.223,0.288,5,4.8
2026-02-23 22:00:00,0.223,0.287,5,4.9
2026-02-23 23:00:00,0.223,0.287,5.1,5
2026-02-24 00:00:00,0.223,0.287,5.2,5.2
2026-02-24 01:00:00,0.223,0.287,5.2,5.2
2026-02-24 02:00:00,0.223,0.288,5.3,5.2
2026-02-24 03:00:00,0.223,0.291,5.4,5.4
2026-02-24 04:00:00,0.239,0.322,5.5,5.5
2026-02-24 05:00:00,0.316,0.354,5.5,5.6
2026-02-24 06:00:00,0.333,0.36,5.7,5.9
2026-02-24 07:00:00,0.34,0.365,5.9,6.1
2026-02-24 08:00:00,0.339,0.368,5.9,6.2
2026-02-24 09:00:00,0.337,0.368,5.8,6.1
2026-02-24 10:00:00,0.335,0.367,5.7,6
2026-02-24 11:00:00,0.333,0.366,5.6,5.9
2026-02-24 12:00:00,0.331,0.365,5.4,5.7
2026-02-24 13:00:00,0.33,0.365,5,5.3
2026-02-24 14:00:00,0.33,0.365,4.6,4.9
2026-02-24 15:00:00,0.329,0.364,4.2,4.5
2026-02-24 16:00:00,0.329,0.364,3.9,4.2
2026-02-24 17:00:00,0.328,0.363,3.6,3.9
2026-02-24 18:00:00,0.327,0.362,3.4,3.7
2026-02-24 19:00:00,0.327,0.361,3.2,3.4
2026-02-24 20:00:00,0.326,0.361,3.2,3.4
2026-02-24 21:00:00,0.326,0.361,3.2,3.5
2026-02-24 22:00:00,0.326,0.361,3.3,3.6
2026-02-24 23:00:00,0.326,0.361,3.4,3.8
2026-02-25 00:00:00,0.325,0.361,3.9,4.3
2026-02-25 01:00:00,0.324,0.36,4.8,5.1
2026-02-25 02:00:00,0.323,0.358,6.2,6.4
2026-02-25 03:00:00,0.321,0.355,8.3,8
2026-02-25 04:00:00,0.317,0.351,11.2,10.6
2026-02-25 05:00:00,0.314,0.345,13.2,12.9
2026-02-25 06:00:00,0.311,0.341,13.7,13.9
2026-02-25 07:00:00,0.311,0.339,12.9,13.3
2026-02-25 08:00:00,0.311,0.339,11.6,12.1
2026-02-25 09:00:00,0.311,0.339,10.5,10.8
2026-02-25 10:00:00,0.311,0.34,9.4,9.7
2026-02-25 11:00:00,0.312,0.34,8.5,8.7
2026-02-25 12:00:00,0.312,0.34,7.7,7.9
2026-02-25 13:00:00,0.312,0.34,7.1,7.3
2026-02-25 14:00:00,0.313,0.341,6.5,6.7
2026-02-25 15:00:00,0.313,0.341,6,6.1
2026-02-25 16:00:00,0.313,0.341,5.5,5.7
2026-02-25 17:00:00,0.313,0.341,5.2,5.3
2026-02-25 18:00:00,0.313,0.341,5,5.1
2026-02-25 19:00:00,0.314,0.341,4.7,4.9
2026-02-25 20:00:00,0.314,0.341,4.3,4.5
2026-02-25 21:00:00,0.314,0.341,4,4.2
2026-02-25 22:00:00,0.314,0.341,3.8,3.9
2026-02-25 23:00:00,0.313,0.341,4.1,3.8
2026-02-26 00:00:00,0.312,0.341,6.4,4.6
2026-02-26 01:00:00,0.309,0.339,8.9,6.3
2026-02-26 02:00:00,0.307,0.336,10.3,8.3
2026-02-26 03:00:00,0.306,0.333,11.3,9.9
2026-02-26 04:00:00,0.304,0.331,11.8,11
2026-02-26 05:00:00,0.303,0.329,12,11.5
2026-02-26 06:00:00,0.302,0.328,12.1,11.6
2026-02-26 07:00:00,0.302,0.327,11.5,11.2
2026-02-26 08:00:00,0.303,0.327,10.9,10.7
2026-02-26 09:00:00,0.302,0.327,10.4,10.2
2026-02-26 10:00:00,0.302,0.327,9.9,9.6
2026-02-26 11:00:00,0.302,0.328,9.5,9.3
2026-02-26 12:00:00,0.302,0.328,9.2,9
2026-02-26 13:00:00,0.302,0.328,9,8.8
2026-02-26 14:00:00,0.302,0.328,8.8,8.6
2026-02-26 15:00:00,0.302,0.328,8.6,8.4
2026-02-26 16:00:00,0.302,0.33,8.5,8.3
2026-02-26 17:00:00,0.303,0.337,8.3,8.2
2026-02-26 18:00:00,0.305,0.347,8.2,8
2026-02-26 19:00:00,0.315,0.357,8.1,7.9
2026-02-26 20:00:00,0.327,0.361,8,7.9
2026-02-26 21:00:00,0.33,0.361,7.9,7.8
2026-02-26 22:00:00,0.33,0.361,7.9,7.8
2026-02-26 23:00:00,0.329,0.36,7.9,7.8
2026-02-27 00:00:00,0.328,0.359,8,8
2026-02-27 01:00:00,0.327,0.358,8.7,8.6
2026-02-27 02:00:00,0.326,0.356,9.6,9.4
2026-02-27 03:00:00,0.324,0.354,10.4,10.3
2026-02-27 04:00:00,0.323,0.352,11,10.8
2026-02-27 05:00:00,0.322,0.35,11.1,10.8
2026-02-27 06:00:00,0.321,0.349,10.9,10.7
2026-02-27 07:00:00,0.32,0.348,11.1,11
2026-02-27 08:00:00,0.319,0.347,11.1,11.1
2026-02-27 09:00:00,0.319,0.346,10.7,10.7
2026-02-27 10:00:00,0.319,0.346,9.9,9.9
2026-02-27 11:00:00,0.319,0.347,9.1,9.1
2026-02-27 12:00:00,0.319,0.346,8.5,8.5
2026-02-27 13:00:00,0.32,0.346,8,7.9
2026-02-27 14:00:00,0.32,0.346,7.5,7.3
2026-02-27 15:00:00,0.32,0.346,7,6.8
2026-02-27 16:00:00,0.32,0.346,6.5,6.4
2026-02-27 17:00:00,0.32,0.346,6.1,6
2026-02-27 18:00:00,0.32,0.346,5.7,5.6
2026-02-27 19:00:00,0.32,0.346,5.4,5.3
2026-02-27 20:00:00,0.32,0.346,5.1,5
2026-02-27 21:00:00,0.32,0.346,4.9,4.8
2026-02-27 22:00:00,0.32,0.346,4.7,4.7
2026-02-27 23:00:00,0.32,0.346,4.7,4.6
2026-02-28 00:00:00,0.319,0.345,6.2,5.3
2026-02-28 01:00:00,0.316,0.342,9.3,7.2
2026-02-28 02:00:00,0.313,0.339,12.5,9.6
2026-02-28 03:00:00,0.31,0.335,14.2,11.8
2026-02-28 04:00:00,0.308,0.331,15.2,13.7
2026-02-28 05:00:00,0.306,0.328,15.8,14.9
2026-02-28 06:00:00,0.305,0.325,15.6,15.4
2026-02-28 07:00:00,0.305,0.323,14.6,15.1
2026-02-28 08:00:00,0.305,0.324,13.5,13.9
2026-02-28 09:00:00,0.305,0.324,12.3,12.5
2026-02-28 10:00:00,0.305,0.325,11.4,11.4
2026-02-28 11:00:00,0.305,0.326,10.8,10.7
2026-02-28 12:00:00,0.306,0.326,10.3,10.1
2026-02-28 13:00:00,0.306,0.327,9.6,9.5
2026-02-28 14:00:00,0.306,0.327,9,8.9
2026-02-28 15:00:00,0.306,0.328,8.4,8.3
2026-02-28 16:00:00,0.307,0.328,8,7.8
2026-02-28 17:00:00,0.307,0.329,7.5,7.3
2026-02-28 18:00:00,0.307,0.329,7.2,7
2026-02-28 19:00:00,0.307,0.329,6.9,6.7
2026-02-28 20:00:00,0.307,0.33,6.8,6.6
2026-02-28 21:00:00,0.307,0.33,6.5,6.4
2026-02-28 22:00:00,0.308,0.33,6.2,6
2026-02-28 23:00:00,0.307,0.33,6.5,5.8
2026-03-01 00:00:00,0.306,0.329,8.8,6.7
2026-03-01 01:00:00,0.303,0.327,11,8.5
2026-03-01 02:00:00,0.302,0.325,11.9,10
2026-03-01 03:00:00,0.301,0.322,12.3,11.3
2026-03-01 04:00:00,0.3,0.32,12.7,12.4
2026-03-01 05:00:00,0.299,0.318,13.3,13.4
2026-03-01 06:00:00,0.298,0.317,13.2,13.7
2026-03-01 07:00:00,0.297,0.316,12.8,13.3
2026-03-01 08:00:00,0.296,0.317,12.2,12.5
2026-03-01 09:00:00,0.296,0.317,11.7,11.8
2026-03-01 10:00:00,0.296,0.317,11.1,11.2
2026-03-01 11:00:00,0.296,0.318,10.7,10.7
2026-03-01 12:00:00,0.295,0.318,10.4,10.4
2026-03-01 13:00:00,0.295,0.318,10.2,10.1
2026-03-01 14:00:00,0.295,0.319,10,9.9
2026-03-01 15:00:00,0.295,0.324,9.8,9.7
2026-03-01 16:00:00,0.299,0.338,9.4,9.4
2026-03-01 17:00:00,0.329,0.356,8.9,9
2026-03-01 18:00:00,0.34,0.394,8.5,8.7
2026-03-01 19:00:00,0.344,0.398,8.2,8.4
2026-03-01 20:00:00,0.345,0.399,8.1,8.3
2026-03-01 21:00:00,0.346,0.4,8,8.2
2026-03-01 22:00:00,0.346,0.4,8,8.1
2026-03-01 23:00:00,0.345,0.4,8,8.1
2026-03-02 00:00:00,0.343,0.4,8.2,8.3
2026-03-02 01:00:00,0.342,0.399,8.4,8.6
2026-03-02 02:00:00,0.341,0.399,8.7,8.9
2026-03-02 03:00:00,0.339,0.401,9,9.2
2026-03-02 04:00:00,0.338,0.402,9.1,9.5
2026-03-02 05:00:00,0.34,0.399,9.3,9.7
2026-03-02 06:00:00,0.346,0.4,9.3,9.8
2026-03-02 07:00:00,0.348,0.403,9.4,9.8
2026-03-02 08:00:00,0.348,0.403,9.2,9.5
2026-03-02 09:00:00,0.348,0.405,9,9.3
2026-03-02 10:00:00,0.348,0.405,8.8,9
2026-03-02 11:00:00,0.349,0.405,8.6,8.7
2026-03-02 12:00:00,0.348,0.406,8.4,8.6
2026-03-02 13:00:00,0.346,0.406,8.3,8.5
2026-03-02 14:00:00,0.346,0.406,8.3,8.4
2026-03-02 15:00:00,0.344,0.406,8.3,8.4
2026-03-02 16:00:00,0.341,0.406,8.2,8.3
2026-03-02 17:00:00,0.339,0.406,8.1,8.3
2026-03-02 18:00:00,0.337,0.406,8,8.1
2026-03-02 19:00:00,0.336,0.407,7.9,8
2026-03-02 20:00:00,0.335,0.407,7.9,8
2026-03-02 21:00:00,0.334,0.407,7.9,8
2026-03-02 22:00:00,0.333,0.407,7.8,7.9
2026-03-02 23:00:00,0.332,0.407,7.8,7.9
2026-03-03 00:00:00,0.331,0.407,8.9,8.1
2026-03-03 01:00:00,0.328,0.405,11.7,9.4
2026-03-03 02:00:00,0.324,0.403,14.5,11.1
2026-03-03 03:00:00,0.321,0.401,15.3,12.4
2026-03-03 04:00:00,0.319,0.4,15.7,13.8
2026-03-03 05:00:00,0.317,0.4,15.2,13.9
2026-03-03 06:00:00,0.316,0.4,14.9,14
2026-03-03 07:00:00,0.316,0.4,14.4,13.7
2026-03-03 08:00:00,0.316,0.401,13.5,13
2026-03-03 09:00:00,0.316,0.403,12.4,12.1
2026-03-03 10:00:00,0.316,0.404,11.4,11.2
2026-03-03 11:00:00,0.316,0.405,10.6,10.5
2026-03-03 12:00:00,0.316,0.405,10.1,9.9
2026-03-03 13:00:00,0.316,0.406,9.7,9.5
2026-03-03 14:00:00,0.316,0.406,9.4,9.1
2026-03-03 15:00:00,0.316,0.407,8.8,8.6
2026-03-03 16:00:00,0.316,0.407,8.3,8.2
2026-03-03 17:00:00,0.317,0.408,7.8,7.7
2026-03-03 18:00:00,0.317,0.409,7.3,7.3
2026-03-03 19:00:00,0.317,0.409,6.8,6.9
2026-03-03 20:00:00,0.317,0.41,6.4,6.5
2026-03-03 21:00:00,0.318,0.41,6.1,6.1
2026-03-03 22:00:00,0.318,0.411,5.7,5.8
2026-03-03 23:00:00,0.317,0.411,6.3,5.7
2026-03-04 00:00:00,0.315,0.41,8.6,6.5
2026-03-04 01:00:00,0.313,0.408,11.7,8.1
2026-03-04 02:00:00,0.31,0.407,14.3,10.1
2026-03-04 03:00:00,0.307,0.407,16,11.9
2026-03-04 04:00:00,0.306,0.405,16.6,13.2
2026-03-04 05:00:00,0.305,0.404,16.6,14.2
2026-03-04 06:00:00,0.304,0.403,15.8,14.8
2026-03-04 07:00:00,0.304,0.404,14.6,14.6
2026-03-04 08:00:00,0.305,0.405,13.4,13.5
2026-03-04 09:00:00,0.305,0.407,12.3,12.3
2026-03-04 10:00:00,0.305,0.408,11.2,11.1
2026-03-04 11:00:00,0.306,0.409,10.4,10.2
2026-03-04 12:00:00,0.306,0.41,9.6,9.4
2026-03-04 13:00:00,0.306,0.411,9,8.8
2026-03-04 14:00:00,0.306,0.412,8.4,8.2
2026-03-04 15:00:00,0.307,0.412,7.9,7.7
2026-03-04 16:00:00,0.307,0.413,7.4,7.2
2026-03-04 17:00:00,0.307,0.413,7,6.8
2026-03-04 18:00:00,0.308,0.414,6.5,6.4
2026-03-04 19:00:00,0.308,0.414,6.1,6
2026-03-04 20:00:00,0.308,0.414,5.7,5.7
2026-03-04 21:00:00,0.308,0.415,5.4,5.4
2026-03-04 22:00:00,0.308,0.415,5.2,5.2
2026-03-04 23:00:00,0.308,0.415,5.5,5.2
2026-03-05 00:00:00,0.307,0.414,7.1,6
2026-03-05 01:00:00,0.305,0.412,9.6,7.8
2026-03-05 02:00:00,0.303,0.409,11.8,10
2026-03-05 03:00:00,0.301,0.407,13.2,11.9
2026-03-05 04:00:00,0.3,0.404,13.4,12.8
2026-03-05 05:00:00,0.299,0.39,13,12.8
2026-03-05 06:00:00,0.299,0.385,12.5,12.6
2026-03-05 07:00:00,0.299,0.385,12.2,12.5
2026-03-05 08:00:00,0.298,0.386,11.7,12
2026-03-05 09:00:00,0.298,0.39,11.1,11.4
2026-03-05 10:00:00,0.298,0.39,10.7,10.9
2026-03-05 11:00:00,0.298,0.391,10.3,10.4
2026-03-05 12:00:00,0.298,0.392,10,10
2026-03-05 13:00:00,0.299,0.393,9.7,9.6
2026-03-05 14:00:00,0.299,0.391,9.4,9.3
2026-03-05 15:00:00,0.31,0.391,9,8.9
2026-03-05 16:00:00,0.339,0.392,8.6,8.6
2026-03-05 17:00:00,0.343,0.393,8.3,8.3
2026-03-05 18:00:00,0.342,0.393,8,8
2026-03-05 19:00:00,0.34,0.393,7.8,7.8
2026-03-05 20:00:00,0.339,0.395,7.4,7.4
2026-03-05 21:00:00,0.337,0.396,6.9,6.9
2026-03-05 22:00:00,0.336,0.396,6.6,6.5
2026-03-05 23:00:00,0.335,0.396,6.6,6.5
2026-03-06 00:00:00,0.333,0.396,7.3,6.9
2026-03-06 01:00:00,0.332,0.394,8.2,7.7
2026-03-06 02:00:00,0.33,0.393,9.4,8.8
2026-03-06 03:00:00,0.328,0.392,9.9,9.3
2026-03-06 04:00:00,0.327,0.392,10.1,9.6
2026-03-06 05:00:00,0.325,0.391,10.9,10.3
2026-03-06 06:00:00,0.324,0.392,11.2,10.9
2026-03-06 07:00:00,0.324,0.387,10.8,10.8
2026-03-06 08:00:00,0.324,0.388,9.9,9.9
2026-03-06 09:00:00,0.324,0.389,9,8.9
2026-03-06 10:00:00,0.323,0.391,8.2,8.1
2026-03-06 11:00:00,0.323,0.391,7.6,7.5
2026-03-06 12:00:00,0.323,0.392,7.2,7
2026-03-06 13:00:00,0.323,0.393,6.8,6.7
2026-03-06 14:00:00,0.323,0.393,6.4,6.3
2026-03-06 15:00:00,0.323,0.394,6.1,6
2026-03-06 16:00:00,0.322,0.394,5.9,5.7
2026-03-06 17:00:00,0.322,0.395,5.7,5.5
2026-03-06 18:00:00,0.322,0.395,5.4,5.3
2026-03-06 19:00:00,0.322,0.395,5.2,5.1
2026-03-06 20:00:00,0.322,0.396,4.7,4.7
2026-03-06 21:00:00,0.322,0.397,4.3,4.4
2026-03-06 22:00:00,0.322,0.397,4.1,4.2
2026-03-06 23:00:00,0.322,0.397,4.4,4.3
2026-03-07 00:00:00,0.321,0.396,5.3,4.8
2026-03-07 01:00:00,0.319,0.395,7.1,5.8
2026-03-07 02:00:00,0.316,0.392,9.6,7.4
2026-03-07 03:00:00,0.314,0.389,11.5,9
2026-03-07 04:00:00,0.313,0.387,12.5,10.4
2026-03-07 05:00:00,0.311,0.383,12.6,11.2
2026-03-07 06:00:00,0.311,0.378,11.9,11.4
2026-03-07 07:00:00,0.311,0.378,10.5,11.1
2026-03-07 08:00:00,0.312,0.379,9.1,9.8
2026-03-07 09:00:00,0.312,0.381,8,8.3
2026-03-07 10:00:00,0.313,0.382,7.1,7.2
2026-03-07 11:00:00,0.313,0.383,6.3,6.4
2026-03-07 12:00:00,0.313,0.384,5.6,5.7
2026-03-07 13:00:00,0.313,0.385,5.1,5.1
2026-03-07 14:00:00,0.313,0.384,4.7,4.7
2026-03-07 15:00:00,0.313,0.384,4.4,4.3
2026-03-07 16:00:00,0.313,0.383,4.1,4.1
2026-03-07 17:00:00,0.313,0.374,3.8,3.9
2026-03-07 18:00:00,0.313,0.368,3.6,3.7
2026-03-07 19:00:00,0.313,0.365,3.4,3.6
2026-03-07 20:00:00,0.313,0.363,3.1,3.5
2026-03-07 21:00:00,0.312,0.36,3,3.4
2026-03-07 22:00:00,0.312,0.358,2.8,3.4
2026-03-07 23:00:00,0.312,0.358,2.7,3.3
2026-03-08 00:00:00,0.31,0.367,3.8,3.4
2026-03-08 01:00:00,0.307,0.381,7.3,4.1
2026-03-08 02:00:00,0.304,0.377,10.6,6.3
2026-03-08 03:00:00,0.303,0.373,12.2,8.2
2026-03-08 04:00:00,0.302,0.369,13.1,9.9
2026-03-08 05:00:00,0.301,0.365,13.6,11.3
2026-03-08 06:00:00,0.301,0.363,12.8,11.5
2026-03-08 07:00:00,0.301,0.358,11.5,11.1
2026-03-08 08:00:00,0.301,0.358,10.3,10.2
2026-03-08 09:00:00,0.302,0.358,9.2,9.1
2026-03-08 10:00:00,0.302,0.359,8.1,8
2026-03-08 11:00:00,0.302,0.359,7.2,7
2026-03-08 12:00:00,0.303,0.36,6.5,6.3
2026-03-08 13:00:00,0.303,0.36,5.8,5.6
2026-03-08 14:00:00,0.303,0.36,5.3,5.2
2026-03-08 15:00:00,0.303,0.36,4.9,4.8
2026-03-08 16:00:00,0.303,0.359,4.6,4.5
2026-03-08 17:00:00,0.303,0.358,4.3,4.2
2026-03-08 18:00:00,0.303,0.357,4,4
2026-03-08 19:00:00,0.303,0.356,3.8,3.8
2026-03-08 20:00:00,0.303,0.355,3.6,3.7
2026-03-08 21:00:00,0.303,0.354,3.4,3.6
2026-03-08 22:00:00,0.303,0.354,3.3,3.6
2026-03-08 23:00:00,0.303,0.355,3.2,3.7
2026-03-09 00:00:00,0.302,0.357,3.3,3.9
2026-03-09 01:00:00,0.302,0.359,3.6,4.2
2026-03-09 02:00:00,0.301,0.36,4.8,5
2026-03-09 03:00:00,0.3,0.358,6.3,6.3
2026-03-09 04:00:00,0.298,0.355,7.8,7.6
2026-03-09 05:00:00,0.297,0.351,8.9,8.7
2026-03-09 06:00:00,0.297,0.349,8.9,9.1
2026-03-09 07:00:00,0.297,0.348,8.3,8.9
2026-03-09 08:00:00,0.297,0.348,7.4,8.1
2026-03-09 09:00:00,0.297,0.348,6.6,7.1
2026-03-09 10:00:00,0.298,0.349,5.9,6.2
2026-03-09 11:00:00,0.298,0.349,5.3,5.6
2026-03-09 12:00:00,0.298,0.35,4.8,5
2026-03-09 13:00:00,0.298,0.35,4.3,4.6
2026-03-09 14:00:00,0.298,0.35,4,4.2
2026-03-09 15:00:00,0.298,0.35,3.7,3.9
2026-03-09 16:00:00,0.298,0.349,3.5,3.7
2026-03-09 17:00:00,0.298,0.348,3.2,3.5
2026-03-09 18:00:00,0.298,0.347,3,3.4
2026-03-09 19:00:00,0.298,0.346,2.8,3.3
2026-03-09 20:00:00,0.297,0.345,2.7,3.2
2026-03-09 21:00:00,0.297,0.344,2.5,3.1
2026-03-09 22:00:00,0.297,0.343,2.3,3
2026-03-09 23:00:00,0.296,0.343,2.3,3
2026-03-10 00:00:00,0.295,0.346,3.8,3.2
2026-03-10 01:00:00,0.292,0.351,7.3,4.6
2026-03-10 02:00:00,0.29,0.35,10.4,7
2026-03-10 03:00:00,0.288,0.346,12.3,9.2
2026-03-10 04:00:00,0.287,0.342,13.5,11.1
2026-03-10 05:00:00,0.286,0.338,14,12.4
2026-03-10 06:00:00,0.286,0.335,13.7,13
2026-03-10 07:00:00,0.286,0.334,12.3,12.6
2026-03-10 08:00:00,0.287,0.334,10.7,10.9
2026-03-10 09:00:00,0.287,0.335,9.5,9.4
2026-03-10 10:00:00,0.288,0.336,8.5,8.3
2026-03-10 11:00:00,0.288,0.337,7.6,7.4
2026-03-10 12:00:00,0.288,0.338,6.8,6.6
2026-03-10 13:00:00,0.288,0.338,6.1,5.9
2026-03-10 14:00:00,0.288,0.339,5.5,5.3
2026-03-10 15:00:00,0.288,0.339,5,4.9
2026-03-10 16:00:00,0.288,0.339,4.6,4.5
2026-03-10 17:00:00,0.289,0.338,4.3,4.3
2026-03-10 18:00:00,0.289,0.338,4,4.1
2026-03-10 19:00:00,0.289,0.337,3.7,3.9
2026-03-10 20:00:00,0.289,0.337,3.5,3.7
2026-03-10 21:00:00,0.288,0.336,3.3,3.5
2026-03-10 22:00:00,0.288,0.336,3.1,3.4
2026-03-10 23:00:00,0.288,0.336,3.1,3.4
2026-03-11 00:00:00,0.287,0.337,4.7,3.7
2026-03-11 01:00:00,0.284,0.338,7.6,5.3
2026-03-11 02:00:00,0.282,0.336,10.4,7.6
2026-03-11 03:00:00,0.28,0.333,12.4,9.7
2026-03-11 04:00:00,0.279,0.33,13.6,11.3
2026-03-11 05:00:00,0.279,0.328,14,12.3
2026-03-11 06:00:00,0.279,0.326,13.4,12.2
2026-03-11 07:00:00,0.279,0.325,12.4,11.7
2026-03-11 08:00:00,0.279,0.326,11.2,10.8
2026-03-11 09:00:00,0.28,0.326,10.2,9.7
2026-03-11 10:00:00,0.28,0.327,9.2,8.6
2026-03-11 11:00:00,0.28,0.327,8.3,7.7
2026-03-11 12:00:00,0.28,0.328,7.6,7.1
2026-03-11 13:00:00,0.28,0.329,7,6.5
2026-03-11 14:00:00,0.281,0.329,6.4,6
2026-03-11 15:00:00,0.281,0.33,6,5.6
2026-03-11 16:00:00,0.281,0.33,5.6,5.2
2026-03-11 17:00:00,0.281,0.331,5.2,4.9
2026-03-11 18:00:00,0.281,0.331,4.9,4.6
2026-03-11 19:00:00,0.281,0.331,4.6,4.4
2026-03-11 20:00:00,0.281,0.331,4.3,4.2
2026-03-11 21:00:00,0.281,0.331,4.1,4
2026-03-11 22:00:00,0.281,0.33,3.9,3.8
2026-03-11 23:00:00,0.281,0.331,4.2,3.9
2026-03-12 00:00:00,0.279,0.33,6.1,4.7
2026-03-12 01:00:00,0.277,0.329,8.8,6.5
2026-03-12 02:00:00,0.276,0.326,11.3,8.5
2026-03-12 03:00:00,0.274,0.324,13.1,10.2
2026-03-12 04:00:00,0.273,0.321,14,11.6
2026-03-12 05:00:00,0.272,0.319,14.3,12.4
2026-03-12 06:00:00,0.272,0.318,13.8,12.6
2026-03-12 07:00:00,0.273,0.317,12.7,12.3
2026-03-12 08:00:00,0.273,0.317,11.7,11.4
2026-03-12 09:00:00,0.273,0.317,10.7,10.2
2026-03-12 10:00:00,0.274,0.318,9.8,9.2
2026-03-12 11:00:00,0.274,0.319,9,8.4
2026-03-12 12:00:00,0.274,0.319,8.3,7.7
2026-03-12 13:00:00,0.274,0.32,7.7,7.1
2026-03-12 14:00:00,0.274,0.321,7.1,6.5
2026-03-12 15:00:00,0.274,0.321,6.6,6
2026-03-12 16:00:00,0.275,0.322,6.1,5.6
2026-03-12 17:00:00,0.275,0.322,5.7,5.3
2026-03-12 18:00:00,0.275,0.322,5.3,4.9
2026-03-12 19:00:00,0.275,0.323,4.9,4.6
2026-03-12 20:00:00,0.275,0.323,4.6,4.4
2026-03-12 21:00:00,0.275,0.323,4.3,4.2
2026-03-12 22:00:00,0.275,0.323,4.1,4
2026-03-12 23:00:00,0.275,0.323,4.9,4
2026-03-13 00:00:00,0.273,0.322,7.3,4.9
2026-03-13 01:00:00,0.271,0.32,9.7,7
2026-03-13 02:00:00,0.269,0.317,11.9,9.4
2026-03-13 03:00:00,0.268,0.315,13.9,11.5
2026-03-13 04:00:00,0.267,0.312,14.9,13
2026-03-13 05:00:00,0.266,0.31,15.1,13.8
2026-03-13 06:00:00,0.266,0.309,14.9,13.9
2026-03-13 07:00:00,0.266,0.308,13.8,13.4
2026-03-13 08:00:00,0.266,0.308,12.7,12.2
2026-03-13 09:00:00,0.267,0.308,11.6,10.9
2026-03-13 10:00:00,0.267,0.309,10.6,9.8
2026-03-13 11:00:00,0.267,0.31,9.8,9
2026-03-13 12:00:00,0.267,0.31,9,8.2
2026-03-13 13:00:00,0.268,0.311,8.3,7.5
2026-03-13 14:00:00,0.268,0.312,7.7,6.9
2026-03-13 15:00:00,0.268,0.312,7.1,6.4
2026-03-13 16:00:00,0.268,0.313,6.7,6
2026-03-13 17:00:00,0.268,0.313,6.2,5.6
2026-03-13 18:00:00,0.268,0.314,5.8,5.2
2026-03-13 19:00:00,0.268,0.314,5.5,5
2026-03-13 20:00:00,0.268,0.314,5.1,4.7
2026-03-13 21:00:00,0.269,0.314,4.9,4.5
2026-03-13 22:00:00,0.269,0.314,4.7,4.3
2026-03-13 23:00:00,0.268,0.314,5.5,4.4
2026-03-14 00:00:00,0.267,0.313,7.7,5.5
2026-03-14 01:00:00,0.265,0.311,9.8,7.5
2026-03-14 02:00:00,0.263,0.309,12.2,9.5
2026-03-14 03:00:00,0.262,0.307,14.5,11.6
2026-03-14 04:00:00,0.26,0.304,15.9,13.2
2026-03-14 05:00:00,0.26,0.302,16.4,14.1
2026-03-14 06:00:00,0.26,0.301,15.8,14
2026-03-14 07:00:00,0.26,0.301,14.4,13.2
2026-03-14 08:00:00,0.26,0.301,13.2,12
2026-03-14 09:00:00,0.261,0.301,12.1,10.7
2026-03-14 10:00:00,0.261,0.302,11,9.7
2026-03-14 11:00:00,0.261,0.303,10.1,8.8
2026-03-14 12:00:00,0.261,0.303,9.3,8.1
2026-03-14 13:00:00,0.262,0.304,8.6,7.4
2026-03-14 14:00:00,0.262,0.305,7.9,6.8
2026-03-14 15:00:00,0.262,0.305,7.4,6.4
2026-03-14 16:00:00,0.262,0.305,7,6
2026-03-14 17:00:00,0.262,0.306,6.8,5.9
2026-03-14 18:00:00,0.262,0.306,6.7,5.9
2026-03-14 19:00:00,0.262,0.306,6.6,5.8
2026-03-14 20:00:00,0.262,0.306,6.6,5.9
2026-03-14 21:00:00,0.262,0.306,6.5,5.9
2026-03-14 22:00:00,0.262,0.306,6.5,5.9
2026-03-14 23:00:00,0.262,0.306,6.6,6.1
2026-03-15 00:00:00,0.261,0.305,7,6.5
2026-03-15 01:00:00,0.261,0.305,7.3,6.9
2026-03-15 02:00:00,0.261,0.304,7.8,7.5
2026-03-15 03:00:00,0.26,0.303,9.2,8.9
2026-03-15 04:00:00,0.259,0.301,11,10.5
2026-03-15 05:00:00,0.258,0.3,11.8,11.2
2026-03-15 06:00:00,0.258,0.299,11.9,11.3
2026-03-15 07:00:00,0.258,0.299,11.7,11.1
2026-03-15 08:00:00,0.258,0.299,11.1,10.5
2026-03-15 09:00:00,0.258,0.3,10.4,9.8
2026-03-15 10:00:00,0.258,0.3,9.8,9.2
2026-03-15 11:00:00,0.259,0.301,9.3,8.6
2026-03-15 12:00:00,0.259,0.301,8.6,8
2026-03-15 13:00:00,0.259,0.302,8,7.4
2026-03-15 14:00:00,0.259,0.302,7.4,6.8
2026-03-15 15:00:00,0.259,0.303,6.9,6.3
2026-03-15 16:00:00,0.259,0.303,6.5,5.9
2026-03-15 17:00:00,0.26,0.304,6.3,5.7
2026-03-15 18:00:00,0.26,0.304,6,5.4
2026-03-15 19:00:00,0.26,0.304,5.6,5.1
2026-03-15 20:00:00,0.26,0.305,5.2,4.8
2026-03-15 21:00:00,0.26,0.305,4.9,4.5
2026-03-15 22:00:00,0.26,0.305,4.7,4.3
2026-03-15 23:00:00,0.26,0.305,5.1,4.5
2026-03-16 00:00:00,0.259,0.304,6.1,5.4
2026-03-16 01:00:00,0.258,0.303,7.9,6.9
2026-03-16 02:00:00,0.257,0.301,10.3,8.9
2026-03-16 03:00:00,0.256,0.299,11.9,10.4
2026-03-16 04:00:00,0.255,0.298,13.1,11.7
2026-03-16 05:00:00,0.254,0.292,13.9,12.5
2026-03-16 06:00:00,0.254,0.288,13.8,12.5
2026-03-16 07:00:00,0.254,0.289,12.9,11.8
2026-03-16 08:00:00,0.254,0.289,12.2,11.2
2026-03-16 09:00:00,0.254,0.289,11.5,10.7
2026-03-16 10:00:00,0.254,0.29,10.7,10.1
2026-03-16 11:00:00,0.255,0.29,9.8,9.4
2026-03-16 12:00:00,0.255,0.291,9.1,8.8
2026-03-16 13:00:00,0.255,0.291,8.5,8.3
2026-03-16 14:00:00,0.255,0.292,8,7.9
2026-03-16 15:00:00,0.255,0.292,7.6,7.5
2026-03-16 16:00:00,0.255,0.292,7.2,7.2
2026-03-16 17:00:00,0.255,0.293,6.9,6.9
2026-03-16 18:00:00,0.256,0.293,6.6,6.6
2026-03-16 19:00:00,0.256,0.293,6.3,6.4
2026-03-16 20:00:00,0.256,0.293,6,6.1
2026-03-16 21:00:00,0.256,0.293,5.6,5.9
2026-03-16 22:00:00,0.256,0.294,5.4,5.7
2026-03-16 23:00:00,0.256,0.294,6,5.6
2026-03-17 00:00:00,0.254,0.293,8.2,6
2026-03-17 01:00:00,0.253,0.293,10.8,7.2
2026-03-17 02:00:00,0.251,0.291,13.4,8.8
2026-03-17 03:00:00,0.25,0.29,15.4,10.7
2026-03-17 04:00:00,0.249,0.289,16.7,12.5
2026-03-17 05:00:00,0.248,0.288,17.3,13.8
2026-03-17 06:00:00,0.248,0.287,17.1,14.6
2026-03-17 07:00:00,0.248,0.287,16,14.5
2026-03-17 08:00:00,0.248,0.287,15,13.7
2026-03-17 09:00:00,0.248,0.288,13.9,12.7
2026-03-17 10:00:00,0.248,0.288,12.8,11.8
2026-03-17 11:00:00,0.248,0.289,11.9,11
2026-03-17 12:00:00,0.248,0.289,11.1,10.3
2026-03-17 13:00:00,0.249,0.29,10.5,9.8
2026-03-17 14:00:00,0.249,0.29,10.1,9.4
2026-03-17 15:00:00,0.249,0.29,9.8,9.1
2026-03-17 16:00:00,0.248,0.29,9.7,9
2026-03-17 17:00:00,0.249,0.291,9.6,9
2026-03-17 18:00:00,0.251,0.292,9.6,9
2026-03-17 19:00:00,0.314,0.308,9.5,9
2026-03-17 20:00:00,0.331,0.343,9.5,9
2026-03-17 21:00:00,0.33,0.354,9.5,9
2026-03-17 22:00:00,0.334,0.373,9.6,9.1
2026-03-17 23:00:00,0.338,0.385,9.6,9.2
2026-03-18 00:00:00,0.337,0.386,9.8,9.4
2026-03-18 01:00:00,0.336,0.385,10.1,9.6
2026-03-18 02:00:00,0.336,0.385,10.4,9.9
2026-03-18 03:00:00,0.337,0.385,10.6,10.1
2026-03-18 04:00:00,0.335,0.385,10.4,10.1
2026-03-18 05:00:00,0.333,0.385,10.5,10
2026-03-18 06:00:00,0.331,0.385,10.3,9.9
2026-03-18 07:00:00,0.33,0.385,10.1,9.7
2026-03-18 08:00:00,0.328,0.385,9.9,9.5
2026-03-18 09:00:00,0.327,0.386,9.7,9.4
2026-03-18 10:00:00,0.326,0.383,9.4,9.1
2026-03-18 11:00:00,0.325,0.382,9,8.8
2026-03-18 12:00:00,0.325,0.382,8.7,8.6
2026-03-18 13:00:00,0.324,0.382,8.4,8.3
2026-03-18 14:00:00,0.324,0.382,7.9,7.9
2026-03-18 15:00:00,0.324,0.382,7.4,7.5
2026-03-18 16:00:00,0.324,0.382,6.9,7.1
2026-03-18 17:00:00,0.324,0.383,6.6,6.8
2026-03-18 18:00:00,0.324,0.383,6.3,6.5
2026-03-18 19:00:00,0.323,0.383,5.9,6.2
2026-03-18 20:00:00,0.323,0.383,5.6,5.9
2026-03-18 21:00:00,0.323,0.379,5.2,5.6
2026-03-18 22:00:00,0.323,0.375,5,5.3
2026-03-18 23:00:00,0.322,0.374,6.4,5.2
2026-03-19 00:00:00,0.319,0.374,9.4,5.9
2026-03-19 01:00:00,0.316,0.372,12.3,7.4
2026-03-19 02:00:00,0.313,0.369,14.5,9.1
2026-03-19 03:00:00,0.31,0.366,16.2,10.9
2026-03-19 04:00:00,0.308,0.363,16.9,12.5
2026-03-19 05:00:00,0.306,0.36,16.8,13.8
2026-03-19 06:00:00,0.305,0.357,16,14.3
2026-03-19 07:00:00,0.305,0.35,14.4,14.2
2026-03-19 08:00:00,0.306,0.347,13,13.1
2026-03-19 09:00:00,0.306,0.348,11.8,11.8
2026-03-19 10:00:00,0.306,0.348,10.8,10.6
2026-03-19 11:00:00,0.306,0.348,9.8,9.7
2026-03-19 12:00:00,0.306,0.349,9,8.9
2026-03-19 13:00:00,0.306,0.349,8.3,8.3
2026-03-19 14:00:00,0.307,0.349,7.7,7.7
2026-03-19 15:00:00,0.307,0.349,7.2,7.2
2026-03-19 16:00:00,0.307,0.349,6.9,6.9
2026-03-19 17:00:00,0.307,0.349,6.5,6.6
2026-03-19 18:00:00,0.307,0.349,6.2,6.3
2026-03-19 19:00:00,0.307,0.349,5.9,6.1
2026-03-19 20:00:00,0.307,0.348,5.7,5.9
2026-03-19 21:00:00,0.307,0.348,5.5,5.7
2026-03-19 22:00:00,0.307,0.348,5.2,5.5
2026-03-19 23:00:00,0.307,0.348,5.9,5.6
2026-03-20 00:00:00,0.303,0.347,7,6.2
2026-03-20 01:00:00,0.301,0.346,8.6,7.8
2026-03-20 02:00:00,0.3,0.343,10.5,9.6
2026-03-20 03:00:00,0.298,0.34,11.9,11.2
2026-03-20 04:00:00,0.298,0.337,12.7,12.3
2026-03-20 05:00:00,0.297,0.334,13.1,13.2
2026-03-20 06:00:00,0.297,0.331,13.2,13.8
2026-03-20 07:00:00,0.297,0.33,12.9,13.7
2026-03-20 08:00:00,0.297,0.329,12.5,12.9
2026-03-20 09:00:00,0.297,0.329,12,11.8
2026-03-20 10:00:00,0.297,0.329,11.5,10.9
2026-03-20 11:00:00,0.297,0.33,10.9,10
2026-03-20 12:00:00,0.297,0.33,10.4,9.3
2026-03-20 13:00:00,0.297,0.33,9.8,8.7
2026-03-20 14:00:00,0.297,0.33,9.3,8.2
2026-03-20 15:00:00,0.297,0.331,8.9,7.7
2026-03-20 16:00:00,0.297,0.331,8.4,7.2
2026-03-20 17:00:00,0.298,0.331,8.1,6.9
2026-03-20 18:00:00,0.298,0.331,7.7,6.6
2026-03-20 19:00:00,0.298,0.332,7.4,6.4
2026-03-20 20:00:00,0.298,0.332,7.2,6.2
2026-03-20 21:00:00,0.298,0.332,7,6.1
2026-03-20 22:00:00,0.298,0.332,6.9,6.1
2026-03-20 23:00:00,0.297,0.332,6.8,6.2
2026-03-21 00:00:00,0.297,0.331,7,6.8
2026-03-21 01:00:00,0.296,0.33,7.8,8
2026-03-21 02:00:00,0.295,0.328,9.4,9.9
2026-03-21 03:00:00,0.294,0.326,11.4,12
2026-03-21 04:00:00,0.292,0.324,13.4,13.6
2026-03-21 05:00:00,0.291,0.321,14.6,14.6
2026-03-21 06:00:00,0.29,0.319,14.9,15
2026-03-21 07:00:00,0.29,0.318,14.5,14.5
2026-03-21 08:00:00,0.291,0.318,13.7,13.2
2026-03-21 09:00:00,0.291,0.318,12.8,11.9
2026-03-21 10:00:00,0.291,0.318,12.1,10.9
2026-03-21 11:00:00,0.291,0.318,11.3,10
2026-03-21 12:00:00,0.291,0.319,10.6,9.3
2026-03-21 13:00:00,0.291,0.319,9.9,8.6
2026-03-21 14:00:00,0.292,0.319,9.3,8
2026-03-21 15:00:00,0.292,0.319,8.8,7.6
2026-03-21 16:00:00,0.291,0.32,8.4,7.3
2026-03-21 17:00:00,0.291,0.32,8.1,7
2026-03-21 18:00:00,0.291,0.32,7.9,6.9
2026-03-21 19:00:00,0.291,0.32,7.7,6.8
2026-03-21 20:00:00,0.291,0.32,7.5,6.6
2026-03-21 21:00:00,0.291,0.32,7.3,6.5
2026-03-21 22:00:00,0.291,0.32,7.1,6.3
2026-03-21 23:00:00,0.29,0.32,7,6.5
2026-03-22 00:00:00,0.29,0.319,7.3,7
2026-03-22 01:00:00,0.289,0.318,7.9,7.9
2026-03-22 02:00:00,0.289,0.317,8.6,8.7
2026-03-22 03:00:00,0.288,0.316,9.3,10.1
2026-03-22 04:00:00,0.286,0.314,10.8,12.1
2026-03-22 05:00:00,0.285,0.312,12.2,13.7
2026-03-22 06:00:00,0.284,0.31,12.9,14.5
2026-03-22 07:00:00,0.284,0.309,13.2,14.7
2026-03-22 08:00:00,0.284,0.309,12.9,13.6
2026-03-22 09:00:00,0.284,0.309,12.3,12.3
2026-03-22 10:00:00,0.283,0.309,11.8,11.3
2026-03-22 11:00:00,0.284,0.31,11.1,10.4
2026-03-22 12:00:00,0.284,0.31,10.5,9.7
2026-03-22 13:00:00,0.284,0.31,9.9,9
2026-03-22 14:00:00,0.284,0.311,9.4,8.4
2026-03-22 15:00:00,0.284,0.311,9,8
2026-03-22 16:00:00,0.283,0.311,8.6,7.6
2026-03-22 17:00:00,0.283,0.312,8.2,7.2
2026-03-22 18:00:00,0.283,0.312,7.8,6.8
2026-03-22 19:00:00,0.283,0.312,7.5,6.4
2026-03-22 20:00:00,0.283,0.312,7.2,6.2
2026-03-22 21:00:00,0.283,0.313,6.9,5.9
2026-03-22 22:00:00,0.283,0.313,6.6,5.7
2026-03-22 23:00:00,0.283,0.312,6.7,5.8
2026-03-23 00:00:00,0.282,0.312,7.5,6.7
2026-03-23 01:00:00,0.28,0.31,9.4,8.3
2026-03-23 02:00:00,0.279,0.308,11.6,10.2
2026-03-23 03:00:00,0.277,0.306,13.6,12.1
2026-03-23 04:00:00,0.276,0.304,14.8,13.5
2026-03-23 05:00:00,0.275,0.303,15.4,14.4
2026-03-23 06:00:00,0.275,0.302,15.4,14.8
2026-03-23 07:00:00,0.274,0.301,15.1,14.8
2026-03-23 08:00:00,0.274,0.301,14.5,13.9
2026-03-23 09:00:00,0.274,0.301,13.9,12.9
2026-03-23 10:00:00,0.274,0.301,13.3,11.9
2026-03-23 11:00:00,0.274,0.302,12.6,11
2026-03-23 12:00:00,0.274,0.302,12,10.3
2026-03-23 13:00:00,0.274,0.303,11.4,9.7
2026-03-23 14:00:00,0.274,0.303,10.9,9.1
2026-03-23 15:00:00,0.274,0.303,10.4,8.7
2026-03-23 16:00:00,0.274,0.303,9.9,8.3
2026-03-23 17:00:00,0.274,0.304,9.5,7.9
2026-03-23 18:00:00,0.274,0.304,9.2,7.6
2026-03-23 19:00:00,0.274,0.304,8.8,7.3
2026-03-23 20:00:00,0.274,0.305,8.5,7
2026-03-23 21:00:00,0.274,0.305,8.3,6.8
2026-03-23 22:00:00,0.273,0.305,8.1,6.7
2026-03-23 23:00:00,0.273,0.305,8.1,6.9
2026-03-24 00:00:00,0.272,0.304,8.9,8
2026-03-24 01:00:00,0.271,0.303,10,9.4
2026-03-24 02:00:00,0.27,0.301,11.3,11.1
2026-03-24 03:00:00,0.269,0.299,12.7,12.9
2026-03-24 04:00:00,0.268,0.298,13.7,14.1
2026-03-24 05:00:00,0.267,0.297,14.2,14.7
2026-03-24 06:00:00,0.267,0.296,14.5,14.8
2026-03-24 07:00:00,0.266,0.296,14.5,14.6
2026-03-24 08:00:00,0.266,0.296,14.4,14.1
2026-03-24 09:00:00,0.266,0.296,14.1,13.5
2026-03-24 10:00:00,0.265,0.296,13.8,12.9
2026-03-24 11:00:00,0.265,0.297,13.3,12.3
2026-03-24 12:00:00,0.265,0.297,13,11.9
2026-03-24 13:00:00,0.265,0.297,12.7,11.6
2026-03-24 14:00:00,0.265,0.297,12.4,11.3
2026-03-24 15:00:00,0.265,0.297,12.2,11.1
2026-03-24 16:00:00,0.265,0.298,12,10.9
2026-03-24 17:00:00,0.265,0.298,11.8,10.7
2026-03-24 18:00:00,0.265,0.298,11.6,10.6
2026-03-24 19:00:00,0.265,0.298,11.4,10.4
2026-03-24 20:00:00,0.264,0.299,11.3,10.3
2026-03-24 21:00:00,0.264,0.299,11.2,10.2
2026-03-24 22:00:00,0.264,0.299,11,10.1
2026-03-24 23:00:00,0.264,0.299,11,10.2
2026-03-25 00:00:00,0.264,0.299,11.1,10.5
2026-03-25 01:00:00,0.264,0.298,11.3,10.8
2026-03-25 02:00:00,0.264,0.298,11.6,11.2
2026-03-25 03:00:00,0.263,0.298,12,11.9
2026-03-25 04:00:00,0.262,0.296,13.1,13.6
2026-03-25 05:00:00,0.261,0.295,14.5,15.1
2026-03-25 06:00:00,0.261,0.294,15.1,15.7
2026-03-25 07:00:00,0.261,0.293,15.1,15.7
2026-03-25 08:00:00,0.261,0.293,14.8,14.9
2026-03-25 09:00:00,0.261,0.294,14.4,13.9
2026-03-25 10:00:00,0.261,0.294,13.9,13.1
2026-03-25 11:00:00,0.261,0.295,13.3,12.3
2026-03-25 12:00:00,0.261,0.295,12.8,11.7
2026-03-25 13:00:00,0.261,0.296,12.4,11.1
2026-03-25 14:00:00,0.261,0.296,11.9,10.6
2026-03-25 15:00:00,0.261,0.296,11.5,10.1
2026-03-25 16:00:00,0.261,0.297,11.1,9.6
2026-03-25 17:00:00,0.261,0.297,10.7,9.2
2026-03-25 18:00:00,0.261,0.297,10.3,8.9
2026-03-25 19:00:00,0.261,0.298,10,8.7
2026-03-25 20:00:00,0.261,0.298,9.8,8.7
2026-03-25 21:00:00,0.261,0.298,9.8,8.7
2026-03-25 22:00:00,0.261,0.298,9.7,8.6
2026-03-25 23:00:00,0.261,0.298,9.7,8.7
2026-03-26 00:00:00,0.26,0.297,10.4,9.4
2026-03-26 01:00:00,0.259,0.296,11.9,10.8
2026-03-26 02:00:00,0.258,0.295,13.8,12.5
2026-03-26 03:00:00,0.256,0.293,15.7,14.3
2026-03-26 04:00:00,0.255,0.292,17,15.7
2026-03-26 05:00:00,0.255,0.291,17.7,16.6
2026-03-26 06:00:00,0.254,0.29,17.7,16.9
2026-03-26 07:00:00,0.254,0.29,17.3,16.6
2026-03-26 08:00:00,0.254,0.29,16.7,15.6
2026-03-26 09:00:00,0.254,0.29,16,14.4
2026-03-26 10:00:00,0.254,0.291,15.3,13.3
2026-03-26 11:00:00,0.254,0.291,14.5,12.5
2026-03-26 12:00:00,0.255,0.292,13.8,11.8
2026-03-26 13:00:00,0.255,0.292,13.3,11.3
2026-03-26 14:00:00,0.255,0.292,12.8,10.8
2026-03-26 15:00:00,0.255,0.293,12.4,10.4
2026-03-26 16:00:00,0.255,0.293,12,9.9
2026-03-26 17:00:00,0.255,0.293,11.5,9.5
2026-03-26 18:00:00,0.255,0.294,11.1,9.2
2026-03-26 19:00:00,0.255,0.294,10.8,8.9
2026-03-26 20:00:00,0.255,0.294,10.5,8.6
2026-03-26 21:00:00,0.255,0.294,10.2,8.3
2026-03-26 22:00:00,0.255,0.295,9.9,8.1
2026-03-26 23:00:00,0.255,0.294,9.8,8.4
2026-03-27 00:00:00,0.254,0.294,10.3,9.2
2026-03-27 01:00:00,0.253,0.293,11.7,10.6
2026-03-27 02:00:00,0.252,0.291,13.5,12.4
2026-03-27 03:00:00,0.25,0.29,15.4,14.2
2026-03-27 04:00:00,0.249,0.288,16.8,15.6
2026-03-27 05:00:00,0.248,0.287,17.6,16.6
2026-03-27 06:00:00,0.248,0.286,17.7,17
2026-03-27 07:00:00,0.248,0.286,17.3,16.7
2026-03-27 08:00:00,0.247,0.286,16.7,15.7
2026-03-27 09:00:00,0.247,0.287,16.1,14.6
2026-03-27 10:00:00,0.247,0.287,15.5,13.7
2026-03-27 11:00:00,0.247,0.288,14.8,12.9
2026-03-27 12:00:00,0.247,0.288,14.3,12.3
2026-03-27 13:00:00,0.247,0.289,13.8,11.8
2026-03-27 14:00:00,0.247,0.289,13.3,11.3
2026-03-27 15:00:00,0.247,0.289,12.9,10.9
2026-03-27 16:00:00,0.247,0.289,12.6,10.8
2026-03-27 17:00:00,0.247,0.289,12.5,10.9
2026-03-27 18:00:00,0.247,0.289,12.4,10.9
2026-03-27 19:00:00,0.247,0.289,12.3,10.8
2026-03-27 20:00:00,0.247,0.289,12.2,10.7
2026-03-27 21:00:00,0.247,0.29,12,10.4
2026-03-27 22:00:00,0.247,0.29,11.7,10
2026-03-27 23:00:00,0.247,0.29,11.5,10
2026-03-28 00:00:00,0.247,0.29,11.9,10.6
2026-03-28 01:00:00,0.245,0.289,13.5,12.1
2026-03-28 02:00:00,0.244,0.287,15.5,13.9
2026-03-28 03:00:00,0.243,0.286,17.3,15.7
2026-03-28 04:00:00,0.241,0.285,18.7,17.2
2026-03-28 05:00:00,0.241,0.283,19.2,17.9
2026-03-28 06:00:00,0.241,0.283,19,17.9
2026-03-28 07:00:00,0.24,0.283,18.3,17.4
2026-03-28 08:00:00,0.24,0.284,17.5,16.2
2026-03-28 09:00:00,0.24,0.284,16.8,15.1
2026-03-28 10:00:00,0.24,0.285,16,14
2026-03-28 11:00:00,0.24,0.285,15.3,13.1
2026-03-28 12:00:00,0.24,0.286,14.6,12.3
2026-03-28 13:00:00,0.241,0.286,14,11.7
2026-03-28 14:00:00,0.241,0.287,13.4,11
2026-03-28 15:00:00,0.241,0.287,12.8,10.4
2026-03-28 16:00:00,0.241,0.288,12.3,10
2026-03-28 17:00:00,0.241,0.288,11.9,9.7
2026-03-28 18:00:00,0.241,0.288,11.6,9.5
2026-03-28 19:00:00,0.241,0.288,11.3,9.2
2026-03-28 20:00:00,0.241,0.289,11,9
2026-03-28 21:00:00,0.241,0.289,10.7,8.7
2026-03-28 22:00:00,0.241,0.289,10.4,8.6
2026-03-28 23:00:00,0.241,0.289,10.4,8.8
2026-03-29 00:00:00,0.24,0.288,11.1,9.6
2026-03-29 01:00:00,0.24,0.287,12.5,11.2
2026-03-29 02:00:00,0.238,0.286,14,13.2
2026-03-29 03:00:00,0.237,0.284,15.4,15
2026-03-29 04:00:00,0.236,0.283,16.5,16.6
2026-03-29 05:00:00,0.235,0.282,17.4,17.9
2026-03-29 06:00:00,0.234,0.281,17.9,18.3
2026-03-29 07:00:00,0.234,0.281,17.9,17.8
2026-03-29 08:00:00,0.234,0.281,17.6,17.1
2026-03-29 09:00:00,0.234,0.282,17.3,16.4
2026-03-29 10:00:00,0.234,0.282,16.8,15.7
2026-03-29 11:00:00,0.234,0.282,16.3,14.9
2026-03-29 12:00:00,0.234,0.283,15.7,14.1
2026-03-29 13:00:00,0.234,0.283,15.1,13.4
2026-03-29 14:00:00,0.234,0.284,14.6,12.9
2026-03-29 15:00:00,0.234,0.284,14.1,12.4
2026-03-29 16:00:00,0.234,0.284,13.7,11.9
2026-03-29 17:00:00,0.234,0.285,13.4,11.7
2026-03-29 18:00:00,0.234,0.285,13.1,11.5
2026-03-29 19:00:00,0.234,0.285,12.9,11.3
2026-03-29 20:00:00,0.235,0.285,12.7,11.1
2026-03-29 21:00:00,0.235,0.285,12.6,11
2026-03-29 22:00:00,0.235,0.286,12.4,10.9
2026-03-29 23:00:00,0.235,0.285,12.4,11.1
2026-03-30 00:00:00,0.235,0.285,12.6,11.6
2026-03-30 01:00:00,0.234,0.284,13,12.4
2026-03-30 02:00:00,0.234,0.284,13.5,13.1
2026-03-30 03:00:00,0.233,0.284,13.8,13.4
2026-03-30 04:00:00,0.233,0.283,14,13.5
2026-03-30 05:00:00,0.233,0.283,14,13.6
2026-03-30 06:00:00,0.233,0.283,14,13.6
2026-03-30 07:00:00,0.233,0.284,14,13.6
2026-03-30 08:00:00,0.242,0.285,14,13.5
2026-03-30 09:00:00,0.336,0.35,14,13.3
2026-03-30 10:00:00,0.337,0.364,13.9,13.2
2026-03-30 11:00:00,0.341,0.366,13.7,13
2026-03-30 12:00:00,0.346,0.368,13.5,12.9
2026-03-30 13:00:00,0.349,0.371,13.3,12.8
2026-03-30 14:00:00,0.349,0.372,13.1,12.7
2026-03-30 15:00:00,0.35,0.372,13,12.6
2026-03-30 16:00:00,0.348,0.372,13,12.5
2026-03-30 17:00:00,0.344,0.371,12.9,12.4
2026-03-30 18:00:00,0.342,0.371,12.9,12.3
2026-03-30 19:00:00,0.34,0.371,12.8,12.2
2026-03-30 20:00:00,0.339,0.371,12.7,12.1
2026-03-30 21:00:00,0.337,0.369,12.5,11.9
2026-03-30 22:00:00,0.336,0.368,12.4,11.8
2026-03-30 23:00:00,0.335,0.368,12.9,11.9
2026-03-31 00:00:00,0.333,0.368,14.1,12.5
2026-03-31 01:00:00,0.331,0.367,15,13.1
2026-03-31 02:00:00,0.328,0.365,16.4,14.3
2026-03-31 03:00:00,0.324,0.363,17.7,15.6
2026-03-31 04:00:00,0.321,0.361,19,17.1
2026-03-31 05:00:00,0.318,0.359,19.9,18.2
2026-03-31 06:00:00,0.317,0.359,19.7,18.2
2026-03-31 07:00:00,0.316,0.36,18.9,17.6
2026-03-31 08:00:00,0.315,0.361,18.2,16.9
2026-03-31 09:00:00,0.315,0.363,17.3,16.1
2026-03-31 10:00:00,0.315,0.364,16.5,15.4
2026-03-31 11:00:00,0.315,0.364,16,14.8
2026-03-31 12:00:00,0.315,0.365,15.5,14.4
2026-03-31 13:00:00,0.315,0.366,15.2,14
2026-03-31 14:00:00,0.315,0.367,14.8,13.6
2026-03-31 15:00:00,0.315,0.367,14.4,13.2
2026-03-31 16:00:00,0.315,0.368,14,12.9
2026-03-31 17:00:00,0.315,0.368,13.8,12.7
2026-03-31 18:00:00,0.315,0.369,13.6,12.6
2026-03-31 19:00:00,0.314,0.369,13.5,12.4
2026-03-31 20:00:00,0.314,0.369,13.3,12.3
2026-03-31 21:00:00,0.314,0.369,13.1,12.1
2026-03-31 22:00:00,0.314,0.369,13,12.1
2026-03-31 23:00:00,0.314,0.369,13.2,12.2
2026-04-01 00:00:00,0.313,0.369,13.7,12.7
2026-04-01 01:00:00,0.313,0.368,14.1,13.1
2026-04-01 02:00:00,0.312,0.368,14.6,13.6
2026-04-01 03:00:00,0.311,0.367,15.3,14.4
2026-04-01 04:00:00,0.31,0.366,15.8,14.8
2026-04-01 05:00:00,0.31,0.369,15.9,15
2026-04-01 06:00:00,0.309,0.37,16,15.1
2026-04-01 07:00:00,0.308,0.37,16,15.1
2026-04-01 08:00:00,0.308,0.371,15.8,14.9
2026-04-01 09:00:00,0.308,0.371,15.3,14.4
2026-04-01 10:00:00,0.308,0.372,14.8,13.8
2026-04-01 11:00:00,0.308,0.373,14.2,13.2
2026-04-01 12:00:00,0.308,0.374,13.8,12.7
2026-04-01 13:00:00,0.308,0.374,13.3,12.2
2026-04-01 14:00:00,0.308,0.375,12.8,11.8
2026-04-01 15:00:00,0.308,0.376,12.3,11.3
2026-04-01 16:00:00,0.308,0.376,11.8,10.8
2026-04-01 17:00:00,0.309,0.377,11.3,10.4
2026-04-01 18:00:00,0.309,0.377,10.9,10
2026-04-01 19:00:00,0.309,0.378,10.5,9.6
2026-04-01 20:00:00,0.309,0.378,10.1,9.3
2026-04-01 21:00:00,0.309,0.379,9.8,9
2026-04-01 22:00:00,0.309,0.379,9.5,8.7
2026-04-01 23:00:00,0.309,0.379,10,8.9
2026-04-02 00:00:00,0.308,0.378,11.5,9.9
2026-04-02 01:00:00,0.305,0.376,13.9,11.5
2026-04-02 02:00:00,0.303,0.37,16.2,13.4
2026-04-02 03:00:00,0.3,0.363,18,15.1
2026-04-02 04:00:00,0.298,0.36,19,16.4
2026-04-02 05:00:00,0.297,0.358,19.3,17.5
2026-04-02 06:00:00,0.296,0.356,19.2,18.1
2026-04-02 07:00:00,0.295,0.354,18.5,18.1
2026-04-02 08:00:00,0.295,0.355,17.6,17.3
2026-04-02 09:00:00,0.295,0.356,16.7,16.2
2026-04-02 10:00:00,0.295,0.356,15.9,15.2
2026-04-02 11:00:00,0.295,0.357,15.2,14.3
2026-04-02 12:00:00,0.294,0.358,14.6,13.6
2026-04-02 13:00:00,0.294,0.359,14,13
2026-04-02 14:00:00,0.294,0.359,13.5,12.5
2026-04-02 15:00:00,0.294,0.36,13.1,12.1
2026-04-02 16:00:00,0.294,0.36,12.9,11.9
2026-04-02 17:00:00,0.294,0.36,12.8,11.8
2026-04-02 18:00:00,0.294,0.36,12.5,11.6
2026-04-02 19:00:00,0.294,0.36,12.3,11.4
2026-04-02 20:00:00,0.294,0.36,12.1,11.2
2026-04-02 21:00:00,0.294,0.361,11.9,11
2026-04-02 22:00:00,0.293,0.361,11.7,10.8
2026-04-02 23:00:00,0.293,0.36,11.8,10.9
2026-04-03 00:00:00,0.293,0.359,12.4,11.5
2026-04-03 01:00:00,0.292,0.358,13.5,12.7
2026-04-03 02:00:00,0.29,0.355,15,14.3
2026-04-03 03:00:00,0.288,0.348,16.3,15.9
2026-04-03 04:00:00,0.286,0.345,16.9,16.8
2026-04-03 05:00:00,0.285,0.342,17.2,17.6
2026-04-03 06:00:00,0.284,0.34,17.2,17.9
2026-04-03 07:00:00,0.283,0.339,16.8,17.3
2026-04-03 08:00:00,0.283,0.339,16.1,16.4
2026-04-03 09:00:00,0.282,0.339,15.5,15.6
2026-04-03 10:00:00,0.282,0.339,15,15
2026-04-03 11:00:00,0.281,0.339,14.7,14.5
2026-04-03 12:00:00,0.281,0.342,14.6,14.2
2026-04-03 13:00:00,0.281,0.353,14.4,14
2026-04-03 14:00:00,0.288,0.366,14.3,13.8
2026-04-03 15:00:00,0.347,0.37,14,13.6
2026-04-03 16:00:00,0.35,0.372,13.7,13.3
2026-04-03 17:00:00,0.351,0.372,13.4,13
2026-04-03 18:00:00,0.353,0.374,13.2,12.9
2026-04-03 19:00:00,0.354,0.373,13.1,12.9
2026-04-03 20:00:00,0.354,0.373,13.2,12.9
2026-04-03 21:00:00,0.354,0.373,13.1,12.9
2026-04-03 22:00:00,0.353,0.374,13.1,12.8
2026-04-03 23:00:00,0.352,0.374,13.2,12.8
2026-04-04 00:00:00,0.35,0.374,13.5,13.1
2026-04-04 01:00:00,0.348,0.373,14.5,14
2026-04-04 02:00:00,0.344,0.372,16.1,15.2
2026-04-04 03:00:00,0.34,0.371,17.1,16.1
2026-04-04 04:00:00,0.337,0.371,17.6,16.6
2026-04-04 05:00:00,0.334,0.372,17.2,16.4
2026-04-04 06:00:00,0.332,0.372,17,16.5
2026-04-04 07:00:00,0.33,0.373,16.7,16.3
2026-04-04 08:00:00,0.329,0.373,16.1,15.6
2026-04-04 09:00:00,0.329,0.374,15.5,15
2026-04-04 10:00:00,0.328,0.376,15,14.4
2026-04-04 11:00:00,0.327,0.377,14.6,13.9
2026-04-04 12:00:00,0.326,0.378,14.2,13.5
2026-04-04 13:00:00,0.326,0.378,13.8,13.1
2026-04-04 14:00:00,0.325,0.379,13.5,12.8
2026-04-04 15:00:00,0.325,0.38,13.2,12.5
2026-04-04 16:00:00,0.325,0.38,12.9,12.2
2026-04-04 17:00:00,0.324,0.381,12.6,11.9
2026-04-04 18:00:00,0.324,0.381,12.4,11.7
2026-04-04 19:00:00,0.324,0.382,12.2,11.5
2026-04-04 20:00:00,0.323,0.382,12,11.3
2026-04-04 21:00:00,0.323,0.383,11.8,11.1
2026-04-04 22:00:00,0.323,0.383,11.7,11
2026-04-04 23:00:00,0.322,0.383,12.1,11.1
2026-04-05 00:00:00,0.321,0.382,13.4,11.7
2026-04-05 01:00:00,0.319,0.381,15,12.7
2026-04-05 02:00:00,0.316,0.379,17.2,14.3
2026-04-05 03:00:00,0.314,0.377,19.1,16
2026-04-05 04:00:00,0.311,0.376,20.2,17.3
2026-04-05 05:00:00,0.31,0.374,20.6,18.4
2026-04-05 06:00:00,0.309,0.374,20.5,19.2
2026-04-05 07:00:00,0.309,0.373,19.5,19.4
2026-04-05 08:00:00,0.308,0.375,18.4,18.6
2026-04-05 09:00:00,0.309,0.377,17.5,17.4
2026-04-05 10:00:00,0.309,0.378,16.6,16.4
2026-04-05 11:00:00,0.309,0.379,15.8,15.5
2026-04-05 12:00:00,0.309,0.381,15.2,14.8
2026-04-05 13:00:00,0.309,0.382,14.7,14.2
2026-04-05 14:00:00,0.309,0.382,14.4,14
2026-04-05 15:00:00,0.309,0.383,14.2,13.8
2026-04-05 16:00:00,0.309,0.383,14.1,13.6
2026-04-05 17:00:00,0.309,0.383,14,13.4
2026-04-05 18:00:00,0.309,0.384,13.9,13.3
2026-04-05 19:00:00,0.309,0.384,13.8,13.3
2026-04-05 20:00:00,0.309,0.384,13.8,13.2
2026-04-05 21:00:00,0.309,0.384,13.8,13.1
2026-04-05 22:00:00,0.309,0.385,13.7,13.1
2026-04-05 23:00:00,0.309,0.385,13.9,13.3
2026-04-06 00:00:00,0.309,0.384,14.3,13.8
2026-04-06 01:00:00,0.309,0.383,14.8,14.3
2026-04-06 02:00:00,0.309,0.383,15.1,14.7
2026-04-06 03:00:00,0.31,0.383,15.3,14.9
2026-04-06 04:00:00,0.31,0.382,15.5,15.2
2026-04-06 05:00:00,0.321,0.382,15.6,15.3
2026-04-06 06:00:00,0.338,0.383,15.6,15.2
2026-04-06 07:00:00,0.34,0.383,15.5,15.1
2026-04-06 08:00:00,0.34,0.383,15.4,14.9
2026-04-06 09:00:00,0.339,0.384,15.2,14.6
2026-04-06 10:00:00,0.337,0.384,14.9,14.2
2026-04-06 11:00:00,0.336,0.385,14.3,13.6
2026-04-06 12:00:00,0.335,0.386,13.8,13
2026-04-06 13:00:00,0.334,0.387,13.3,12.5
2026-04-06 14:00:00,0.333,0.388,12.8,12.1
2026-04-06 15:00:00,0.332,0.389,12.4,11.6
2026-04-06 16:00:00,0.332,0.389,11.9,11.2
2026-04-06 17:00:00,0.331,0.39,11.5,10.7
2026-04-06 18:00:00,0.331,0.391,11.1,10.3
2026-04-06 19:00:00,0.33,0.391,10.7,9.9
2026-04-06 20:00:00,0.33,0.392,10.3,9.5
2026-04-06 21:00:00,0.329,0.393,9.9,9.2
2026-04-06 22:00:00,0.329,0.393,9.7,8.9
2026-04-06 23:00:00,0.328,0.393,10.6,9
2026-04-07 00:00:00,0.326,0.392,12,9.9
2026-04-07 01:00:00,0.323,0.39,13.8,11.3
2026-04-07 02:00:00,0.321,0.388,15.4,12.8
2026-04-07 03:00:00,0.318,0.386,17.1,14.4
2026-04-07 04:00:00,0.316,0.385,18.1,15.5
2026-04-07 05:00:00,0.314,0.384,18.3,16.3
2026-04-07 06:00:00,0.313,0.383,17.7,16.6
2026-04-07 07:00:00,0.313,0.383,16.6,16.6
2026-04-07 08:00:00,0.313,0.384,15.5,15.6
2026-04-07 09:00:00,0.313,0.386,14.5,14.3
2026-04-07 10:00:00,0.313,0.388,13.7,13.2
2026-04-07 11:00:00,0.313,0.389,12.9,12.2
2026-04-07 12:00:00,0.313,0.39,12.2,11.5
2026-04-07 13:00:00,0.313,0.391,11.5,10.8
2026-04-07 14:00:00,0.314,0.392,10.8,10.2
2026-04-07 15:00:00,0.314,0.393,10.3,9.7
2026-04-07 16:00:00,0.314,0.393,9.9,9.2
2026-04-07 17:00:00,0.314,0.394,9.5,8.8
2026-04-07 18:00:00,0.314,0.394,9.1,8.5
2026-04-07 19:00:00,0.314,0.395,8.8,8.1
2026-04-07 20:00:00,0.313,0.395,8.5,7.8
2026-04-07 21:00:00,0.313,0.396,8.2,7.5
2026-04-07 22:00:00,0.313,0.396,8,7.2
2026-04-07 23:00:00,0.312,0.396,9,7.4
2026-04-08 00:00:00,0.31,0.394,11.2,8.5
2026-04-08 01:00:00,0.307,0.392,13.8,10.2
2026-04-08 02:00:00,0.305,0.389,15.7,12.3
2026-04-08 03:00:00,0.303,0.386,17.1,14.4
2026-04-08 04:00:00,0.301,0.383,17.9,16.1
2026-04-08 05:00:00,0.299,0.381,18.5,17.5
2026-04-08 06:00:00,0.298,0.38,18.4,18.4
2026-04-08 07:00:00,0.297,0.38,17.7,18.4
2026-04-08 08:00:00,0.297,0.38,16.8,17.5
2026-04-08 09:00:00,0.297,0.382,16,16.2
2026-04-08 10:00:00,0.297,0.383,15.2,15.2
2026-04-08 11:00:00,0.296,0.384,14.5,14.3
2026-04-08 12:00:00,0.296,0.386,13.8,13.5
2026-04-08 13:00:00,0.296,0.386,13.3,12.9
2026-04-08 14:00:00,0.296,0.387,12.8,12.4
2026-04-08 15:00:00,0.296,0.387,12.5,12.1
2026-04-08 16:00:00,0.295,0.388,12.3,11.8
2026-04-08 17:00:00,0.295,0.388,12.2,11.7
2026-04-08 18:00:00,0.294,0.388,12.1,11.6
2026-04-08 19:00:00,0.294,0.388,12,11.5
2026-04-08 20:00:00,0.295,0.388,11.9,11.4
2026-04-08 21:00:00,0.294,0.388,11.8,11.3
2026-04-08 22:00:00,0.295,0.388,11.8,11.3
2026-04-08 23:00:00,0.295,0.388,11.8,11.4
2026-04-09 00:00:00,0.295,0.388,11.9,11.6
2026-04-09 01:00:00,0.324,0.388,12.1,11.8
2026-04-09 02:00:00,0.347,0.387,12.5,12.2
2026-04-09 03:00:00,0.352,0.387,13.1,12.6
2026-04-09 04:00:00,0.352,0.386,13.6,13
2026-04-09 05:00:00,0.353,0.386,14.1,13.3
2026-04-09 06:00:00,0.352,0.385,14.4,13.6
2026-04-09 07:00:00,0.355,0.384,14.9,13.8
2026-04-09 08:00:00,0.355,0.385,15.3,14
2026-04-09 09:00:00,0.351,0.384,15.2,14
2026-04-09 10:00:00,0.35,0.384,15,14
2026-04-09 11:00:00,0.349,0.384,14.8,14
2026-04-09 12:00:00,0.348,0.384,14.7,14
2026-04-09 13:00:00,0.347,0.384,14.6,14
2026-04-09 14:00:00,0.347,0.384,14.6,14
2026-04-09 15:00:00,0.346,0.384,14.6,14
2026-04-09 16:00:00,0.346,0.384,14.5,14
2026-04-09 17:00:00,0.346,0.384,14.5,13.9
2026-04-09 18:00:00,0.346,0.384,14.3,13.9
2026-04-09 19:00:00,0.345,0.384,14.2,13.8
2026-04-09 20:00:00,0.344,0.384,14,13.6
2026-04-09 21:00:00,0.342,0.385,13.8,13.4
2026-04-09 22:00:00,0.341,0.385,13.6,13.2
2026-04-09 23:00:00,0.339,0.385,13.5,13.1
2026-04-10 00:00:00,0.338,0.385,13.5,13.1
2026-04-10 01:00:00,0.337,0.385,13.6,13.2
2026-04-10 02:00:00,0.335,0.385,13.7,13.3
2026-04-10 03:00:00,0.334,0.385,14,13.6
2026-04-10 04:00:00,0.332,0.385,14.3,13.9
2026-04-10 05:00:00,0.331,0.385,14.5,14
2026-04-10 06:00:00,0.33,0.385,14.5,14
2026-04-10 07:00:00,0.329,0.385,14.4,13.9
2026-04-10 08:00:00,0.328,0.385,14.2,13.7
2026-04-10 09:00:00,0.328,0.386,14,13.5
2026-04-10 10:00:00,0.327,0.386,13.7,13.2
2026-04-10 11:00:00,0.327,0.387,13.4,12.9
2026-04-10 12:00:00,0.326,0.387,13.1,12.6
2026-04-10 13:00:00,0.325,0.387,12.9,12.5
2026-04-10 14:00:00,0.325,0.388,12.8,12.3
2026-04-10 15:00:00,0.325,0.388,12.7,12.2
2026-04-10 16:00:00,0.324,0.388,12.6,12.1
2026-04-10 17:00:00,0.324,0.388,12.5,12
2026-04-10 18:00:00,0.324,0.388,12.4,11.9
2026-04-10 19:00:00,0.323,0.389,12.3,11.8
2026-04-10 20:00:00,0.323,0.389,12.2,11.8
2026-04-10 21:00:00,0.323,0.389,12.2,11.7
2026-04-10 22:00:00,0.322,0.389,12.1,11.7
2026-04-10 23:00:00,0.322,0.389,12.3,11.9
2026-04-11 00:00:00,0.321,0.388,12.8,12.4
2026-04-11 01:00:00,0.32,0.386,14.1,13.5
2026-04-11 02:00:00,0.317,0.384,16.4,15.2
2026-04-11 03:00:00,0.314,0.382,18.6,16.9
2026-04-11 04:00:00,0.312,0.38,19.8,18.1
2026-04-11 05:00:00,0.311,0.38,20.3,18.9
2026-04-11 06:00:00,0.31,0.379,19.9,19.2
2026-04-11 07:00:00,0.31,0.379,19.4,19.1
2026-04-11 08:00:00,0.31,0.38,18.8,18.6
2026-04-11 09:00:00,0.31,0.38,18.2,17.9
2026-04-11 10:00:00,0.31,0.382,17.5,17.1
2026-04-11 11:00:00,0.31,0.383,16.8,16.4
2026-04-11 12:00:00,0.31,0.384,16.2,15.7
2026-04-11 13:00:00,0.31,0.384,15.7,15.2
2026-04-11 14:00:00,0.31,0.385,15.3,14.8
2026-04-11 15:00:00,0.31,0.385,14.9,14.4
2026-04-11 16:00:00,0.31,0.386,14.7,14.2
2026-04-11 17:00:00,0.31,0.386,14.6,14
2026-04-11 18:00:00,0.31,0.386,14.5,13.9
2026-04-11 19:00:00,0.31,0.386,14.4,13.8
2026-04-11 20:00:00,0.31,0.386,14.2,13.6
2026-04-11 21:00:00,0.31,0.387,14,13.4
2026-04-11 22:00:00,0.31,0.387,13.8,13.3
2026-04-11 23:00:00,0.31,0.387,13.8,13.4
2026-04-12 00:00:00,0.309,0.386,14.1,13.7
2026-04-12 01:00:00,0.308,0.385,15.5,14.7
2026-04-12 02:00:00,0.306,0.384,16.4,15.7
2026-04-12 03:00:00,0.305,0.383,16.9,16.4
2026-04-12 04:00:00,0.304,0.381,17.6,17.2
2026-04-12 05:00:00,0.302,0.38,18.2,18
2026-04-12 06:00:00,0.301,0.38,18.4,18.4
2026-04-12 07:00:00,0.3,0.38,18.5,18.6
2026-04-12 08:00:00,0.299,0.38,18.3,18.3
2026-04-12 09:00:00,0.299,0.381,17.8,17.7
2026-04-12 10:00:00,0.299,0.382,17.4,17.2
2026-04-12 11:00:00,0.299,0.383,16.9,16.7
2026-04-12 12:00:00,0.299,0.383,16.5,16.2
2026-04-12 13:00:00,0.299,0.384,16.1,15.8
2026-04-12 14:00:00,0.299,0.384,15.8,15.5
2026-04-12 15:00:00,0.299,0.384,15.6,15.2
2026-04-12 16:00:00,0.299,0.385,15.3,14.9
2026-04-12 17:00:00,0.299,0.385,15.1,14.7
2026-04-12 18:00:00,0.299,0.385,14.9,14.4
2026-04-12 19:00:00,0.299,0.385,14.7,14.2
2026-04-12 20:00:00,0.298,0.386,14.6,14
2026-04-12 21:00:00,0.298,0.386,14.3,13.7
2026-04-12 22:00:00,0.298,0.386,14.1,13.4
2026-04-12 23:00:00,0.297,0.386,15,13.5
2026-04-13 00:00:00,0.295,0.385,16.7,14.4
2026-04-13 01:00:00,0.292,0.383,18.7,15.8
2026-04-13 02:00:00,0.289,0.381,20,17.2
2026-04-13 03:00:00,0.287,0.38,21.4,18.6
2026-04-13 04:00:00,0.285,0.378,21.6,19.5
2026-04-13 05:00:00,0.283,0.377,21.8,19.9
2026-04-13 06:00:00,0.282,0.377,21.5,20
2026-04-13 07:00:00,0.281,0.378,21,19.7
2026-04-13 08:00:00,0.28,0.378,20.4,19.2
2026-04-13 09:00:00,0.28,0.379,19.8,18.6
2026-04-13 10:00:00,0.28,0.379,19.2,18
2026-04-13 11:00:00,0.28,0.38,18.6,17.5
2026-04-13 12:00:00,0.279,0.381,18.1,17
2026-04-13 13:00:00,0.279,0.382,17.5,16.5
2026-04-13 14:00:00,0.279,0.382,17.1,16.1
2026-04-13 15:00:00,0.279,0.383,16.8,15.8
2026-04-13 16:00:00,0.279,0.383,16.6,15.5
2026-04-13 17:00:00,0.279,0.383,16.3,15.3
2026-04-13 18:00:00,0.279,0.383,16.1,15.1
2026-04-13 19:00:00,0.279,0.383,15.9,14.9
2026-04-13 20:00:00,0.279,0.383,15.7,14.7
2026-04-13 21:00:00,0.279,0.384,15.5,14.6
2026-04-13 22:00:00,0.278,0.384,15.4,14.5
2026-04-13 23:00:00,0.278,0.383,15.6,14.7
2026-04-14 00:00:00,0.278,0.383,15.9,15
2026-04-14 01:00:00,0.277,0.382,16.3,15.3
2026-04-14 02:00:00,0.276,0.382,16.7,15.8
2026-04-14 03:00:00,0.275,0.381,17.1,16.4
2026-04-14 04:00:00,0.274,0.381,17.4,16.8
2026-04-14 05:00:00,0.274,0.38,17.8,17.2
2026-04-14 06:00:00,0.273,0.379,18,17.3
2026-04-14 07:00:00,0.272,0.379,18.1,17.4
2026-04-14 08:00:00,0.272,0.379,18.3,17.5
2026-04-14 09:00:00,0.271,0.379,18.2,17.4
2026-04-14 10:00:00,0.271,0.38,17.9,17.1
2026-04-14 11:00:00,0.271,0.381,17.5,16.6
2026-04-14 12:00:00,0.271,0.381,17.1,16.2
2026-04-14 13:00:00,0.271,0.382,16.6,15.8
2026-04-14 14:00:00,0.272,0.382,16.1,15.3
2026-04-14 15:00:00,0.272,0.383,15.6,14.8
2026-04-14 16:00:00,0.272,0.383,15.2,14.4
2026-04-14 17:00:00,0.272,0.384,14.8,14
2026-04-14 18:00:00,0.272,0.384,14.4,13.6
2026-04-14 19:00:00,0.273,0.385,14,13.2
2026-04-14 20:00:00,0.273,0.385,13.7,12.9
2026-04-14 21:00:00,0.273,0.385,13.5,12.7
2026-04-14 22:00:00,0.273,0.385,13.5,12.6
2026-04-14 23:00:00,0.272,0.385,14,12.8
2026-04-15 00:00:00,0.271,0.384,15.9,13.8
2026-04-15 01:00:00,0.268,0.382,18.4,15.4
2026-04-15 02:00:00,0.265,0.379,20.8,17.2
2026-04-15 03:00:00,0.262,0.377,22.8,19
2026-04-15 04:00:00,0.259,0.375,23.8,20.3
2026-04-15 05:00:00,0.258,0.374,23.9,20.9
2026-04-15 06:00:00,0.257,0.373,23.1,21.1
2026-04-15 07:00:00,0.257,0.373,22,21.1
2026-04-15 08:00:00,0.257,0.374,21,20.3
2026-04-15 09:00:00,0.257,0.376,20,19.2
2026-04-15 10:00:00,0.257,0.377,19,18.2
2026-04-15 11:00:00,0.257,0.378,18.2,17.2
2026-04-15 12:00:00,0.258,0.38,17.4,16.4
2026-04-15 13:00:00,0.258,0.38,16.8,15.8
2026-04-15 14:00:00,0.258,0.381,16.2,15.2
