time,sm_soil_10cm,temp_soil_10cm
2026-02-25 08:00:00,0.369,10.7
2026-02-25 08:05:00,0.369,9.9
2026-02-25 08:10:00,0.369,9.5
2026-02-25 08:15:00,0.369,9.3
2026-02-25 08:20:00,0.369,9.1
2026-02-25 08:25:00,0.369,9.0
2026-02-25 08:30:00,0.369,8.9
2026-02-25 08:35:00,0.369,8.9
2026-02-25 08:40:00,0.369,8.8
2026-02-25 08:45:00,0.368,8.8
2026-02-25 08:50:00,0.368,8.7
2026-02-25 08:55:00,0.368,8.7
2026-02-25 09:00:00,0.368,8.7
2026-02-25 09:05:00,0.368,8.7
2026-02-25 09:10:00,0.368,8.6
2026-02-25 09:15:00,0.368,8.6
2026-02-25 09:20:00,0.369,8.6
2026-02-25 09:25:00,0.368,8.6
2026-02-25 09:30:00,0.368,8.5
2026-02-25 09:35:00,0.368,8.5
2026-02-25 09:40:00,0.368,8.5
2026-02-25 09:45:00,0.368,8.5
2026-02-25 09:50:00,0.368,8.4
2026-02-25 09:55:00,0.368,8.4
2026-02-25 10:00:00,0.368,8.4
2026-02-25 10:05:00,0.368,8.3
2026-02-25 10:10:00,0.368,8.3
2026-02-25 10:15:00,0.369,8.3
2026-02-25 10:20:00,0.368,8.2
2026-02-25 10:25:00,0.368,8.2
2026-02-25 10:30:00,0.368,8.1
2026-02-25 10:35:00,0.368,8.1
2026-02-25 10:40:00,0.368,8.0
2026-02-25 10:45:00,0.369,8.0
2026-02-25 10:50:00,0.369,8.0
2026-02-25 10:55:00,0.368,7.9
2026-02-25 11:00:00,0.368,7.9
2026-02-25 11:05:00,0.368,7.8
2026-02-25 11:10:00,0.369,7.8
2026-02-25 11:15:00,0.369,7.7
2026-02-25 11:20:00,0.369,7.7
2026-02-25 11:25:00,0.368,7.7
2026-02-25 11:30:00,0.369,7.6
2026-02-25 11:35:00,0.369,7.6
2026-02-25 11:40:00,0.369,7.5
2026-02-25 11:45:00,0.369,7.5
2026-02-25 11:50:00,0.369,7.4
2026-02-25 11:55:00,0.369,7.4
2026-02-25 12:00:00,0.369,7.3
2026-02-25 12:05:00,0.369,7.3
2026-02-25 12:10:00,0.369,7.2
2026-02-25 12:15:00,0.369,7.2
2026-02-25 12:20:00,0.369,7.2
2026-02-25 12:25:00,0.369,7.1
2026-02-25 12:30:00,0.369,7.1
2026-02-25 12:35:00,0.369,7.0
2026-02-25 12:40:00,0.369,7.0
2026-02-25 12:45:00,0.369,6.9
2026-02-25 12:50:00,0.369,6.9
2026-02-25 12:55:00,0.369,6.9
2026-02-25 13:00:00,0.369,6.8
2026-02-25 13:05:00,0.369,6.8
2026-02-25 13:10:00,0.369,6.7
2026-02-25 13:15:00,0.369,6.7
2026-02-25 13:20:00,0.369,6.7
2026-02-25 13:25:00,0.369,6.6
2026-02-25 13:30:00,0.369,6.6
2026-02-25 13:35:00,0.369,6.5
2026-02-25 13:40:00,0.369,6.5
2026-02-25 13:45:00,0.369,6.5
2026-02-25 13:50:00,0.369,6.4
2026-02-25 13:55:00,0.369,6.4
2026-02-25 14:00:00,0.369,6.3
2026-02-25 14:05:00,0.369,6.3
2026-02-25 14:10:00,0.369,6.3
2026-02-25 14:15:00,0.369,6.2
2026-02-25 14:20:00,0.369,6.2
2026-02-25 14:25:00,0.369,6.2
2026-02-25 14:30:00,0.369,6.1
2026-02-25 14:35:00,0.369,6.1
2026-02-25 14:40:00,0.369,6.0
2026-02-25 14:45:00,0.369,6.0
2026-02-25 14:50:00,0.37,6.0
2026-02-25 14:55:00,0.37,6.0
2026-02-25 15:00:00,0.36968977,5.9
2026-02-25 15:05:00,0.3695734,5.9
2026-02-25 15:10:00,0.36980614,5.84
2026-02-25 15:15:00,0.36961219,5.8
2026-02-25 15:20:00,0.36953461,5.8
2026-02-25 15:25:00,0.36968977,5.74
2026-02-25 15:30:00,0.36972856,5.7
2026-02-25 15:35:00,0.36968977,5.7
2026-02-25 15:40:00,0.36972856,5.68
2026-02-25 15:45:00,0.36976735,5.6
2026-02-25 15:50:00,0.37003888,5.6
2026-02-25 15:55:00,0.36984493,5.6
2026-02-25 16:00:00,0.36972856,5.52
2026-02-25 16:05:00,0.36992251,5.5
2026-02-25 16:10:00,0.36976735,5.5
2026-02-25 16:15:00,0.36972856,5.46
2026-02-25 16:20:00,0.3699613,5.4
2026-02-25 16:25:00,0.36992251,5.4
2026-02-25 16:30:00,0.36988372,5.4
2026-02-25 16:35:00,0.36965098,5.34
2026-02-25 16:40:00,0.37011646,5.3
2026-02-25 16:45:00,0.36984493,5.3
2026-02-25 16:50:00,0.36992251,5.3
2026-02-25 16:55:00,0.37003888,5.24
2026-02-25 17:00:00,0.37000009,5.2
2026-02-25 17:05:00,0.37000009,5.2
2026-02-25 17:10:00,0.36992251,5.2
2026-02-25 17:15:00,0.37015525,5.2
2026-02-25 17:20:00,0.36984493,5.1
2026-02-25 17:25:00,0.37011646,5.1
2026-02-25 17:30:00,0.37023283,5.1
2026-02-25 17:35:00,0.36984493,5.1
2026-02-25 17:40:00,0.3699613,5.0
2026-02-25 17:45:00,0.37007767,5.0
2026-02-25 17:50:00,0.36992251,5.0
2026-02-25 17:55:00,0.37000009,5.0
2026-02-25 18:00:00,0.36988372,4.96
2026-02-25 18:05:00,0.36992251,4.9
2026-02-25 18:10:00,0.37027162,4.9
2026-02-25 18:15:00,0.36988372,4.9
2026-02-25 18:20:00,0.37019404,4.9
2026-02-25 18:25:00,0.3699613,4.86
2026-02-25 18:30:00,0.37019404,4.8
2026-02-25 18:35:00,0.37023283,4.8
2026-02-25 18:40:00,0.37015525,4.8
2026-02-25 18:45:00,0.36988372,4.8
2026-02-25 18:50:00,0.37031041,4.72
2026-02-25 18:55:00,0.37015525,4.7
2026-02-25 19:00:00,0.37015525,4.7
2026-02-25 19:05:00,0.37011646,4.7
2026-02-25 19:10:00,0.37019404,4.7
2026-02-25 19:15:00,0.37015525,4.64
2026-02-25 19:20:00,0.37015525,4.6
2026-02-25 19:25:00,0.37023283,4.6
2026-02-25 19:30:00,0.3699613,4.6
2026-02-25 19:35:00,0.36988372,4.6
2026-02-25 19:40:00,0.37015525,4.6
2026-02-25 19:45:00,0.37011646,4.54
2026-02-25 19:50:00,0.37015525,4.5
2026-02-25 19:55:00,0.37031041,4.5
2026-02-25 20:00:00,0.37011646,4.5
2026-02-25 20:05:00,0.3699613,4.5
2026-02-25 20:10:00,0.37019404,4.5
2026-02-25 20:15:00,0.37015525,4.44
2026-02-25 20:20:00,0.37011646,4.4
2026-02-25 20:25:00,0.37023283,4.4
2026-02-25 20:30:00,0.37023283,4.4
2026-02-25 20:35:00,0.37019404,4.4
2026-02-25 20:40:00,0.37019404,4.4
2026-02-25 20:45:00,0.37003888,4.3
2026-02-25 20:50:00,0.37000009,4.3
2026-02-25 20:55:00,0.3699613,4.3
2026-02-25 21:00:00,0.37015525,4.3
2026-02-25 21:05:00,0.36992251,4.3
2026-02-25 21:10:00,0.37003888,4.3
2026-02-25 21:15:00,0.37023283,4.24
2026-02-25 21:20:00,0.36984493,4.2
2026-02-25 21:25:00,0.37023283,4.2
2026-02-25 21:30:00,0.37007767,4.2
2026-02-25 21:35:00,0.37023283,4.2
2026-02-25 21:40:00,0.3699613,4.2
2026-02-25 21:45:00,0.37003888,4.2
2026-02-25 21:50:00,0.37011646,4.14
2026-02-25 21:55:00,0.37011646,4.1
2026-02-25 22:00:00,0.36980614,4.1
2026-02-25 22:05:00,0.36992251,4.1
2026-02-25 22:10:00,0.37000009,4.1
2026-02-25 22:15:00,0.36980614,4.1
2026-02-25 22:20:00,0.37019404,4.1
2026-02-25 22:25:00,0.37003888,4.02
2026-02-25 22:30:00,0.37011646,4.0
2026-02-25 22:35:00,0.3699613,4.0
2026-02-25 22:40:00,0.37031041,4.0
2026-02-25 22:45:00,0.36992251,4.0
2026-02-25 22:50:00,0.37027162,4.0
2026-02-25 22:55:00,0.37011646,4.0
2026-02-25 23:00:00,0.37019404,3.98
2026-02-25 23:05:00,0.37007767,3.9
2026-02-25 23:10:00,0.37000009,3.9
2026-02-25 23:15:00,0.37003888,3.9
2026-02-25 23:20:00,0.37000009,3.9
2026-02-25 23:25:00,0.3699613,3.9
2026-02-25 23:30:00,0.36992251,3.9
2026-02-25 23:35:00,0.37015525,3.9
2026-02-25 23:40:00,0.37000009,3.88
2026-02-25 23:45:00,0.37000009,3.8
2026-02-25 23:50:00,0.36992251,3.8
2026-02-25 23:55:00,0.37011646,3.8
2026-02-26 00:00:00,0.36980614,3.8
2026-02-26 00:05:00,0.3699613,3.8
2026-02-26 00:10:00,0.36984493,3.8
2026-02-26 00:15:00,0.36980614,3.8
2026-02-26 00:20:00,0.3699613,3.8
2026-02-26 00:25:00,0.37003888,3.7
2026-02-26 00:30:00,0.37019404,3.7
2026-02-26 00:35:00,0.37023283,3.7
2026-02-26 00:40:00,0.36988372,3.7
2026-02-26 00:45:00,0.37003888,3.7
2026-02-26 00:50:00,0.36988372,3.7
2026-02-26 00:55:00,0.37007767,3.7
2026-02-26 01:00:00,0.3699613,3.7
2026-02-26 01:05:00,0.37000009,3.7
2026-02-26 01:10:00,0.36988372,3.7
2026-02-26 01:15:00,0.37000009,3.68
2026-02-26 01:20:00,0.3695734,3.6
2026-02-26 01:25:00,0.37007767,3.6
2026-02-26 01:30:00,0.36988372,3.6
2026-02-26 01:35:00,0.36968977,3.6
2026-02-26 01:40:00,0.37015525,3.6
2026-02-26 01:45:00,0.36992251,3.6
2026-02-26 01:50:00,0.36988372,3.6
2026-02-26 01:55:00,0.37000009,3.6
2026-02-26 02:00:00,0.36992251,3.6
2026-02-26 02:05:00,0.36984493,3.6
2026-02-26 02:10:00,0.37000009,3.6
2026-02-26 02:15:00,0.3699613,3.6
2026-02-26 02:20:00,0.36965098,3.6
2026-02-26 02:25:00,0.36968977,3.6
2026-02-26 02:30:00,0.3699613,3.6
2026-02-26 02:35:00,0.36972856,3.6
2026-02-26 02:40:00,0.36972856,3.6
2026-02-26 02:45:00,0.36992251,3.6
2026-02-26 02:50:00,0.36984493,3.62
2026-02-26 02:55:00,0.36961219,3.7
2026-02-26 03:00:00,0.36972856,3.7
2026-02-26 03:05:00,0.36972856,3.7
2026-02-26 03:10:00,0.36968977,3.78
2026-02-26 03:15:00,0.36961219,3.8
2026-02-26 03:20:00,0.3695734,3.86
2026-02-26 03:25:00,0.36930187,3.9
2026-02-26 03:30:00,0.36945703,3.96
2026-02-26 03:35:00,0.36953461,4.0
2026-02-26 03:40:00,0.36945703,4.08
2026-02-26 03:45:00,0.36922429,4.12
2026-02-26 03:50:00,0.36891397,4.2
2026-02-26 03:55:00,0.36910792,4.28
2026-02-26 04:00:00,0.36891397,4.32
2026-02-26 04:05:00,0.36891397,4.4
2026-02-26 04:10:00,0.36856486,4.5
2026-02-26 04:15:00,0.36872002,4.56
2026-02-26 04:20:00,0.36852607,4.62
2026-02-26 04:25:00,0.36868123,4.7
2026-02-26 04:30:00,0.36864244,4.78
2026-02-26 04:35:00,0.36852607,4.86
2026-02-26 04:40:00,0.36856486,4.94
2026-02-26 04:45:00,0.36825454,5.0
2026-02-26 04:50:00,0.36829333,5.1
2026-02-26 04:55:00,0.3680218,5.18
2026-02-26 05:00:00,0.3680218,5.24
2026-02-26 05:05:00,0.36806059,5.3
2026-02-26 05:10:00,0.36806059,5.4
2026-02-26 05:15:00,0.36794422,5.46
2026-02-26 05:20:00,0.3676339,5.52
2026-02-26 05:25:00,0.3676339,5.6
2026-02-26 05:30:00,0.36775027,5.7
2026-02-26 05:35:00,0.36740116,5.74
2026-02-26 05:40:00,0.36732358,5.82
2026-02-26 05:45:00,0.36732358,5.9
2026-02-26 05:50:00,0.367246,5.98
2026-02-26 05:55:00,0.36740116,6.04
2026-02-26 06:00:00,0.36709084,6.1
2026-02-26 06:05:00,0.36693568,6.2
2026-02-26 06:10:00,0.36701326,6.26
2026-02-26 06:15:00,0.36701326,6.3
2026-02-26 06:20:00,0.36716842,6.4
2026-02-26 06:25:00,0.36689689,6.46
2026-02-26 06:30:00,0.36662536,6.5
2026-02-26 06:35:00,0.36654778,6.6
2026-02-26 06:40:00,0.36658657,6.64
2026-02-26 06:45:00,0.36674173,6.7
2026-02-26 06:50:00,0.36670294,6.78
2026-02-26 06:55:00,0.36480223,6.8
2026-02-26 07:00:00,0.36348337,6.88
2026-02-26 07:05:00,0.36274636,6.92
2026-02-26 07:10:00,0.36305668,7.0
2026-02-26 07:15:00,0.36270757,7.02
2026-02-26 07:20:00,0.36278515,7.1
2026-02-26 07:25:00,0.36274636,7.14
2026-02-26 07:30:00,0.36243604,7.2
2026-02-26 07:35:00,0.36255241,7.2
2026-02-26 07:40:00,0.36224209,7.3
2026-02-26 07:45:00,0.36243604,7.3
2026-02-26 07:50:00,0.36224209,7.32
2026-02-26 07:55:00,0.36189298,7.4
2026-02-26 08:00:00,0.36231967,7.4
2026-02-26 08:05:00,0.36169903,7.4
2026-02-26 08:10:00,0.36204814,7.44
2026-02-26 08:15:00,0.36173782,7.5
2026-02-26 08:20:00,0.36169903,7.5
2026-02-26 08:25:00,0.36162145,7.5
2026-02-26 08:30:00,0.36173782,7.5
2026-02-26 08:35:00,0.36166024,7.52
2026-02-26 08:40:00,0.36154387,7.6
2026-02-26 08:45:00,0.36158266,7.6
2026-02-26 08:50:00,0.36131113,7.6
2026-02-26 08:55:00,0.36162145,7.6
2026-02-26 09:00:00,0.36134992,7.6
2026-02-26 09:05:00,0.3614275,7.6
2026-02-26 09:10:00,0.36107839,7.6
2026-02-26 09:15:00,0.36107839,7.6
2026-02-26 09:20:00,0.36131113,7.6
2026-02-26 09:25:00,0.36138871,7.6
2026-02-26 09:30:00,0.36158266,7.6
2026-02-26 09:35:00,0.36107839,7.6
2026-02-26 09:40:00,0.36123355,7.6
2026-02-26 09:45:00,0.36096202,7.6
2026-02-26 09:50:00,0.36119476,7.6
2026-02-26 09:55:00,0.3610396,7.6
2026-02-26 10:00:00,0.36111718,7.6
2026-02-26 10:05:00,0.36123355,7.6
2026-02-26 10:10:00,0.3610396,7.6
2026-02-26 10:15:00,0.36092323,7.6
2026-02-26 10:20:00,0.36069049,7.6
2026-02-26 10:25:00,0.3610396,7.6
2026-02-26 10:30:00,0.36080686,7.6
2026-02-26 10:35:00,0.36100081,7.6
2026-02-26 10:40:00,0.3610396,7.6
2026-02-26 10:45:00,0.36069049,7.6
2026-02-26 10:50:00,0.36080686,7.54
2026-02-26 10:55:00,0.36092323,7.5
2026-02-26 11:00:00,0.36096202,7.5
2026-02-26 11:05:00,0.36076807,7.5
2026-02-26 11:10:00,0.36100081,7.5
2026-02-26 11:15:00,0.36069049,7.5
2026-02-26 11:20:00,0.36096202,7.5
2026-02-26 11:25:00,0.36069049,7.5
2026-02-26 11:30:00,0.36100081,7.5
2026-02-26 11:35:00,0.36088444,7.5
2026-02-26 11:40:00,0.36072928,7.48
2026-02-26 11:45:00,0.36084565,7.4
2026-02-26 11:50:00,0.36100081,7.4
2026-02-26 11:55:00,0.36084565,7.4
2026-02-26 12:00:00,0.36088444,7.4
2026-02-26 12:05:00,0.36088444,7.4
2026-02-26 12:10:00,0.36076807,7.4
2026-02-26 12:15:00,0.36088444,7.4
2026-02-26 12:20:00,0.36069049,7.4
2026-02-26 12:25:00,0.36088444,7.4
2026-02-26 12:30:00,0.36076807,7.38
2026-02-26 12:35:00,0.36072928,7.3
2026-02-26 12:40:00,0.36069049,7.3
2026-02-26 12:45:00,0.36084565,7.3
2026-02-26 12:50:00,0.36069049,7.3
2026-02-26 12:55:00,0.36084565,7.3
2026-02-26 13:00:00,0.36049654,7.3
2026-02-26 13:05:00,0.36084565,7.3
2026-02-26 13:10:00,0.3606517,7.3
2026-02-26 13:15:00,0.36069049,7.3
2026-02-26 13:20:00,0.36076807,7.3
2026-02-26 13:25:00,0.36069049,7.2
2026-02-26 13:30:00,0.36049654,7.2
2026-02-26 13:35:00,0.36049654,7.2
2026-02-26 13:40:00,0.3606517,7.2
2026-02-26 13:45:00,0.36045775,7.2
2026-02-26 13:50:00,0.36061291,7.2
2026-02-26 13:55:00,0.36076807,7.2
2026-02-26 14:00:00,0.36080686,7.2
2026-02-26 14:05:00,0.3606517,7.2
2026-02-26 14:10:00,0.36045775,7.2
2026-02-26 14:15:00,0.36069049,7.2
2026-02-26 14:20:00,0.36072928,7.12
2026-02-26 14:25:00,0.36045775,7.1
2026-02-26 14:30:00,0.36038017,7.1
2026-02-26 14:35:00,0.36080686,7.1
2026-02-26 14:40:00,0.3606517,7.1
2026-02-26 14:45:00,0.36061291,7.1
2026-02-26 14:50:00,0.36061291,7.1
2026-02-26 14:55:00,0.36053533,7.1
2026-02-26 15:00:00,0.36053533,7.1
2026-02-26 15:05:00,0.36053533,7.1
2026-02-26 15:10:00,0.36034138,7.1
2026-02-26 15:15:00,0.36057412,7.1
2026-02-26 15:20:00,0.36038017,7.1
2026-02-26 15:25:00,0.36045775,7.02
2026-02-26 15:30:00,0.36057412,7.0
2026-02-26 15:35:00,0.36057412,7.0
2026-02-26 15:40:00,0.36030259,7.0
2026-02-26 15:45:00,0.36022501,7.0
2026-02-26 15:50:00,0.36038017,7.0
2026-02-26 15:55:00,0.36049654,7.0
2026-02-26 16:00:00,0.3606517,7.0
2026-02-26 16:05:00,0.36030259,7.0
2026-02-26 16:10:00,0.36041896,7.0
2026-02-26 16:15:00,0.36061291,7.0
2026-02-26 16:20:00,0.36041896,7.0
2026-02-26 16:25:00,0.36069049,7.0
2026-02-26 16:30:00,0.36038017,7.0
2026-02-26 16:35:00,0.36057412,7.0
2026-02-26 16:40:00,0.36038017,7.0
2026-02-26 16:45:00,0.3606517,6.96
2026-02-26 16:50:00,0.36057412,6.9
2026-02-26 16:55:00,0.36049654,6.9
2026-02-26 17:00:00,0.36061291,6.9
2026-02-26 17:05:00,0.36057412,6.9
2026-02-26 17:10:00,0.36045775,6.9
2026-02-26 17:15:00,0.36049654,6.9
2026-02-26 17:20:00,0.36061291,6.9
2026-02-26 17:25:00,0.36084565,6.9
2026-02-26 17:30:00,0.36049654,6.9
2026-02-26 17:35:00,0.36045775,6.9
2026-02-26 17:40:00,0.36088444,6.9
2026-02-26 17:45:00,0.36069049,6.9
2026-02-26 17:50:00,0.36076807,6.9
2026-02-26 17:55:00,0.36084565,6.9
2026-02-26 18:00:00,0.36088444,6.9
2026-02-26 18:05:00,0.36100081,6.9
2026-02-26 18:10:00,0.36100081,6.9
2026-02-26 18:15:00,0.3610396,6.9
2026-02-26 18:20:00,0.36127234,6.84
2026-02-26 18:25:00,0.36158266,6.8
2026-02-26 18:30:00,0.3614275,6.8
2026-02-26 18:35:00,0.36162145,6.8
2026-02-26 18:40:00,0.36123355,6.8
2026-02-26 18:45:00,0.36158266,6.8
2026-02-26 18:50:00,0.36173782,6.8
2026-02-26 18:55:00,0.36212572,6.8
2026-02-26 19:00:00,0.36231967,6.8
2026-02-26 19:05:00,0.36231967,6.8
2026-02-26 19:10:00,0.36270757,6.8
2026-02-26 19:15:00,0.36305668,6.8
2026-02-26 19:20:00,0.36309547,6.8
2026-02-26 19:25:00,0.36348337,6.8
2026-02-26 19:30:00,0.36433675,6.8
2026-02-26 19:35:00,0.36441433,6.8
2026-02-26 19:40:00,0.36519013,6.8
2026-02-26 19:45:00,0.36604351,6.8
2026-02-26 19:50:00,0.36650899,6.8
2026-02-26 19:55:00,0.36720721,6.8
2026-02-26 20:00:00,0.3684097,6.74
2026-02-26 20:05:00,0.36953461,6.7
2026-02-26 20:10:00,0.37023283,6.7
2026-02-26 20:15:00,0.37100863,6.7
2026-02-26 20:20:00,0.37221112,6.7
2026-02-26 20:25:00,0.37294813,6.7
2026-02-26 20:30:00,0.37426699,6.7
2026-02-26 20:35:00,0.37512037,6.7
2026-02-26 20:40:00,0.37574101,6.7
2026-02-26 20:45:00,0.37647802,6.7
2026-02-26 20:50:00,0.37764172,6.7
2026-02-26 20:55:00,0.37837873,6.7
2026-02-26 21:00:00,0.37919332,6.7
2026-02-26 21:05:00,0.37977517,6.7
2026-02-26 21:10:00,0.38031823,6.7
2026-02-26 21:15:00,0.3808225,6.7
2026-02-26 21:20:00,0.38101645,6.7
2026-02-26 21:25:00,0.38175346,6.7
2026-02-26 21:30:00,0.38183104,6.7
2026-02-26 21:35:00,0.38221894,6.7
2026-02-26 21:40:00,0.38252926,6.7
2026-02-26 21:45:00,0.38287837,6.7
2026-02-26 21:50:00,0.38307232,6.7
2026-02-26 21:55:00,0.38334385,6.7
2026-02-26 22:00:00,0.38291716,6.7
2026-02-26 22:05:00,0.38322748,6.7
2026-02-26 22:10:00,0.38330506,6.7
2026-02-26 22:15:00,0.38369296,6.68
2026-02-26 22:20:00,0.38373175,6.64
2026-02-26 22:25:00,0.38380933,6.62
2026-02-26 22:30:00,0.38404207,6.6
2026-02-26 22:35:00,0.38400328,6.6
2026-02-26 22:40:00,0.38400328,6.6
2026-02-26 22:45:00,0.38400328,6.6
2026-02-26 22:50:00,0.38408086,6.6
2026-02-26 22:55:00,0.38400328,6.6
2026-02-26 23:00:00,0.38419723,6.6
2026-02-26 23:05:00,0.38419723,6.6
2026-02-26 23:10:00,0.38404207,6.6
2026-02-26 23:15:00,0.38415844,6.6
2026-02-26 23:20:00,0.38415844,6.6
2026-02-26 23:25:00,0.38427481,6.6
2026-02-26 23:30:00,0.3843136,6.6
2026-02-26 23:35:00,0.38419723,6.6
2026-02-26 23:40:00,0.38419723,6.6
2026-02-26 23:45:00,0.38396449,6.6
2026-02-26 23:50:00,0.38427481,6.6
2026-02-26 23:55:00,0.38446876,6.6
2026-02-27 00:00:00,0.38423602,6.6
2026-02-27 00:05:00,0.38419723,6.6
2026-02-27 00:10:00,0.38404207,6.64
2026-02-27 00:15:00,0.38415844,6.68
2026-02-27 00:20:00,0.38411965,6.7
2026-02-27 00:25:00,0.3839257,6.7
2026-02-27 00:30:00,0.38415844,6.7
2026-02-27 00:35:00,0.38400328,6.7
2026-02-27 00:40:00,0.38396449,6.7
2026-02-27 00:45:00,0.38388691,6.7
2026-02-27 00:50:00,0.38396449,6.7
2026-02-27 00:55:00,0.38377054,6.7
2026-02-27 01:00:00,0.38384812,6.7
2026-02-27 01:05:00,0.38357659,6.7
2026-02-27 01:10:00,0.38380933,6.72
2026-02-27 01:15:00,0.38369296,6.8
2026-02-27 01:20:00,0.38373175,6.8
2026-02-27 01:25:00,0.38357659,6.8
2026-02-27 01:30:00,0.38349901,6.8
2026-02-27 01:35:00,0.38357659,6.82
2026-02-27 01:40:00,0.38334385,6.9
2026-02-27 01:45:00,0.38334385,6.9
2026-02-27 01:50:00,0.38307232,6.9
2026-02-27 01:55:00,0.38291716,6.98
2026-02-27 02:00:00,0.38322748,7.0
2026-02-27 02:05:00,0.38299474,7.0
2026-02-27 02:10:00,0.38283958,7.08
2026-02-27 02:15:00,0.38287837,7.1
2026-02-27 02:20:00,0.38287837,7.14
2026-02-27 02:25:00,0.382762,7.2
2026-02-27 02:30:00,0.38225773,7.2
2026-02-27 02:35:00,0.38249047,7.3
2026-02-27 02:40:00,0.38241289,7.3
2026-02-27 02:45:00,0.38241289,7.36
2026-02-27 02:50:00,0.38229652,7.4
2026-02-27 02:55:00,0.38225773,7.44
2026-02-27 03:00:00,0.38218015,7.5
2026-02-27 03:05:00,0.38167588,7.52
2026-02-27 03:10:00,0.38144314,7.6
2026-02-27 03:15:00,0.38152072,7.62
2026-02-27 03:20:00,0.38152072,7.7
2026-02-27 03:25:00,0.38144314,7.72
2026-02-27 03:30:00,0.38093887,7.8
2026-02-27 03:35:00,0.38109403,7.82
2026-02-27 03:40:00,0.3808225,7.9
2026-02-27 03:45:00,0.3808225,7.94
2026-02-27 03:50:00,0.38055097,8.0
2026-02-27 03:55:00,0.38051218,8.04
2026-02-27 04:00:00,0.38020186,8.1
2026-02-27 04:05:00,0.38031823,8.16
2026-02-27 04:10:00,0.38039581,8.2
2026-02-27 04:15:00,0.37993033,8.28
2026-02-27 04:20:00,0.37985275,8.3
2026-02-27 04:25:00,0.37954243,8.4
2026-02-27 04:30:00,0.37973638,8.42
2026-02-27 04:35:00,0.37950364,8.5
2026-02-27 04:40:00,0.37977517,8.52
2026-02-27 04:45:00,0.37907695,8.6
2026-02-27 04:50:00,0.37923211,8.6
2026-02-27 04:55:00,0.37903816,8.68
2026-02-27 05:00:00,0.37884421,8.7
2026-02-27 05:05:00,0.37899937,8.74
2026-02-27 05:10:00,0.37868905,8.8
2026-02-27 05:15:00,0.37861147,8.8
2026-02-27 05:20:00,0.37841752,8.9
2026-02-27 05:25:00,0.37830115,8.9
2026-02-27 05:30:00,0.37826236,8.92
2026-02-27 05:35:00,0.3781072,9.0
2026-02-27 05:40:00,0.37779688,9.0
2026-02-27 05:45:00,0.37783567,9.0
2026-02-27 05:50:00,0.37760293,9.1
2026-02-27 05:55:00,0.37740898,9.1
2026-02-27 06:00:00,0.37744777,9.1
2026-02-27 06:05:00,0.3773314,9.1
2026-02-27 06:10:00,0.37717624,9.18
2026-02-27 06:15:00,0.37717624,9.2
2026-02-27 06:20:00,0.37705987,9.2
2026-02-27 06:25:00,0.37721503,9.2
2026-02-27 06:30:00,0.37690471,9.2
2026-02-27 06:35:00,0.37682713,9.2
2026-02-27 06:40:00,0.37690471,9.3
2026-02-27 06:45:00,0.37705987,9.3
2026-02-27 06:50:00,0.3765556,9.3
2026-02-27 06:55:00,0.37651681,9.3
2026-02-27 07:00:00,0.37628407,9.3
2026-02-27 07:05:00,0.37628407,9.3
2026-02-27 07:10:00,0.37624528,9.32
2026-02-27 07:15:00,0.37609012,9.4
2026-02-27 07:20:00,0.37605133,9.4
2026-02-27 07:25:00,0.37597375,9.4
2026-02-27 07:30:00,0.37597375,9.4
2026-02-27 07:35:00,0.37589617,9.42
2026-02-27 07:40:00,0.37593496,9.5
2026-02-27 07:45:00,0.37585738,9.5
2026-02-27 07:50:00,0.37585738,9.5
2026-02-27 07:55:00,0.3753919,9.5
2026-02-27 08:00:00,0.37535311,9.58
2026-02-27 08:05:00,0.37554706,9.6
2026-02-27 08:10:00,0.37519795,9.6
2026-02-27 08:15:00,0.37531432,9.6
2026-02-27 08:20:00,0.37512037,9.6
2026-02-27 08:25:00,0.37519795,9.62
2026-02-27 08:30:00,0.37504279,9.7
2026-02-27 08:35:00,0.37488763,9.7
2026-02-27 08:40:00,0.37515916,9.7
2026-02-27 08:45:00,0.37457731,9.7
2026-02-27 08:50:00,0.37465489,9.7
2026-02-27 08:55:00,0.37457731,9.7
2026-02-27 09:00:00,0.37449973,9.7
2026-02-27 09:05:00,0.37457731,9.7
2026-02-27 09:10:00,0.37426699,9.78
2026-02-27 09:15:00,0.3746161,9.8
2026-02-27 09:20:00,0.37430578,9.8
2026-02-27 09:25:00,0.37418941,9.8
2026-02-27 09:30:00,0.3742282,9.8
2026-02-27 09:35:00,0.37426699,9.8
2026-02-27 09:40:00,0.37395667,9.74
2026-02-27 09:45:00,0.37415062,9.7
2026-02-27 09:50:00,0.37430578,9.7
2026-02-27 09:55:00,0.37403425,9.7
2026-02-27 10:00:00,0.37407304,9.7
2026-02-27 10:05:00,0.37418941,9.7
2026-02-27 10:10:00,0.37418941,9.7
2026-02-27 10:15:00,0.37418941,9.62
2026-02-27 10:20:00,0.37415062,9.6
2026-02-27 10:25:00,0.37426699,9.6
2026-02-27 10:30:00,0.37399546,9.6
2026-02-27 10:35:00,0.37411183,9.5
2026-02-27 10:40:00,0.37411183,9.5
2026-02-27 10:45:00,0.37376272,9.5
2026-02-27 10:50:00,0.37387909,9.4
2026-02-27 10:55:00,0.37356877,9.4
2026-02-27 11:00:00,0.37356877,9.38
2026-02-27 11:05:00,0.37360756,9.3
2026-02-27 11:10:00,0.37376272,9.3
2026-02-27 11:15:00,0.37352998,9.24
2026-02-27 11:20:00,0.37360756,9.2
2026-02-27 11:25:00,0.37352998,9.18
2026-02-27 11:30:00,0.37372393,9.1
2026-02-27 11:35:00,0.3738403,9.1
2026-02-27 11:40:00,0.37352998,9.02
2026-02-27 11:45:00,0.3734524,9.0
2026-02-27 11:50:00,0.37372393,8.94
2026-02-27 11:55:00,0.37364635,8.9
2026-02-27 12:00:00,0.37349119,8.88
2026-02-27 12:05:00,0.37349119,8.8
2026-02-27 12:10:00,0.37368514,8.8
2026-02-27 12:15:00,0.37337482,8.72
2026-02-27 12:20:00,0.3734524,8.7
2026-02-27 12:25:00,0.37352998,8.7
2026-02-27 12:30:00,0.37380151,8.62
2026-02-27 12:35:00,0.37364635,8.6
2026-02-27 12:40:00,0.37368514,8.54
2026-02-27 12:45:00,0.37380151,8.5
2026-02-27 12:50:00,0.37368514,8.46
2026-02-27 12:55:00,0.37372393,8.4
2026-02-27 13:00:00,0.37356877,8.4
2026-02-27 13:05:00,0.37368514,8.3
2026-02-27 13:10:00,0.37364635,8.3
2026-02-27 13:15:00,0.37364635,8.24
2026-02-27 13:20:00,0.37352998,8.2
2026-02-27 13:25:00,0.37352998,8.18
2026-02-27 13:30:00,0.37360756,8.1
2026-02-27 13:35:00,0.37352998,8.1
2026-02-27 13:40:00,0.37337482,8.02
2026-02-27 13:45:00,0.37356877,8.0
2026-02-27 13:50:00,0.37372393,7.96
2026-02-27 13:55:00,0.37349119,7.9
2026-02-27 14:00:00,0.3738403,7.9
2026-02-27 14:05:00,0.37368514,7.8
2026-02-27 14:10:00,0.37376272,7.8
2026-02-27 14:15:00,0.37352998,7.74
2026-02-27 14:20:00,0.37391788,7.7
2026-02-27 14:25:00,0.37387909,7.7
2026-02-27 14:30:00,0.37364635,7.6
2026-02-27 14:35:00,0.37387909,7.6
2026-02-27 14:40:00,0.37387909,7.52
2026-02-27 14:45:00,0.3738403,7.5
2026-02-27 14:50:00,0.37372393,7.48
2026-02-27 14:55:00,0.37395667,7.4
2026-02-27 15:00:00,0.37391788,7.4
2026-02-27 15:05:00,0.37407304,7.34
2026-02-27 15:10:00,0.37395667,7.3
2026-02-27 15:15:00,0.37415062,7.3
2026-02-27 15:20:00,0.37395667,7.22
2026-02-27 15:25:00,0.37395667,7.2
2026-02-27 15:30:00,0.3738403,7.2
2026-02-27 15:35:00,0.37395667,7.1
2026-02-27 15:40:00,0.37395667,7.1
2026-02-27 15:45:00,0.37411183,7.04
2026-02-27 15:50:00,0.37407304,7.0
2026-02-27 15:55:00,0.37403425,7.0
2026-02-27 16:00:00,0.37403425,6.92
2026-02-27 16:05:00,0.3738403,6.9
2026-02-27 16:10:00,0.37395667,6.9
2026-02-27 16:15:00,0.37415062,6.8
2026-02-27 16:20:00,0.37403425,6.8
2026-02-27 16:25:00,0.37418941,6.8
2026-02-27 16:30:00,0.37387909,6.7
2026-02-27 16:35:00,0.37430578,6.7
2026-02-27 16:40:00,0.37415062,6.66
2026-02-27 16:45:00,0.37376272,6.6
2026-02-27 16:50:00,0.37399546,6.6
2026-02-27 16:55:00,0.37407304,6.56
2026-02-27 17:00:00,0.37403425,6.5
2026-02-27 17:05:00,0.37438336,6.5
2026-02-27 17:10:00,0.37415062,6.48
2026-02-27 17:15:00,0.37407304,6.4
2026-02-27 17:20:00,0.3742282,6.4
2026-02-27 17:25:00,0.3742282,6.4
2026-02-27 17:30:00,0.37418941,6.3
2026-02-27 17:35:00,0.37387909,6.3
2026-02-27 17:40:00,0.37403425,6.3
2026-02-27 17:45:00,0.3738403,6.22
2026-02-27 17:50:00,0.37403425,6.2
2026-02-27 17:55:00,0.37403425,6.2
2026-02-27 18:00:00,0.3742282,6.14
2026-02-27 18:05:00,0.37415062,6.1
2026-02-27 18:10:00,0.37434457,6.1
2026-02-27 18:15:00,0.3742282,6.06
2026-02-27 18:20:00,0.37395667,6.0
2026-02-27 18:25:00,0.37391788,6.0
2026-02-27 18:30:00,0.3742282,6.0
2026-02-27 18:35:00,0.3742282,5.94
2026-02-27 18:40:00,0.37415062,5.9
2026-02-27 18:45:00,0.37395667,5.9
2026-02-27 18:50:00,0.37418941,5.9
2026-02-27 18:55:00,0.37426699,5.8
2026-02-27 19:00:00,0.37399546,5.8
2026-02-27 19:05:00,0.37418941,5.8
2026-02-27 19:10:00,0.37418941,5.74
2026-02-27 19:15:00,0.37430578,5.7
2026-02-27 19:20:00,0.37418941,5.7
2026-02-27 19:25:00,0.37395667,5.7
2026-02-27 19:30:00,0.37418941,5.62
2026-02-27 19:35:00,0.37407304,5.6
2026-02-27 19:40:00,0.37411183,5.6
2026-02-27 19:45:00,0.37403425,5.6
2026-02-27 19:50:00,0.37407304,5.52
2026-02-27 19:55:00,0.37418941,5.5
2026-02-27 20:00:00,0.37411183,5.5
2026-02-27 20:05:00,0.37418941,5.5
2026-02-27 20:10:00,0.37415062,5.44
2026-02-27 20:15:00,0.37395667,5.4
2026-02-27 20:20:00,0.37395667,5.4
2026-02-27 20:25:00,0.37407304,5.4
2026-02-27 20:30:00,0.37395667,5.38
2026-02-27 20:35:00,0.37376272,5.3
2026-02-27 20:40:00,0.37411183,5.3
2026-02-27 20:45:00,0.37368514,5.3
2026-02-27 20:50:00,0.37387909,5.3
2026-02-27 20:55:00,0.37407304,5.28
2026-02-27 21:00:00,0.37403425,5.2
2026-02-27 21:05:00,0.37411183,5.2
2026-02-27 21:10:00,0.3738403,5.2
2026-02-27 21:15:00,0.37403425,5.2
2026-02-27 21:20:00,0.37399546,5.2
2026-02-27 21:25:00,0.37411183,5.12
2026-02-27 21:30:00,0.37372393,5.1
2026-02-27 21:35:00,0.37403425,5.1
2026-02-27 21:40:00,0.37411183,5.1
2026-02-27 21:45:00,0.37395667,5.08
2026-02-27 21:50:00,0.37360756,5.0
2026-02-27 21:55:00,0.37372393,5.0
2026-02-27 22:00:00,0.37395667,5.0
2026-02-27 22:05:00,0.37391788,5.0
2026-02-27 22:10:00,0.37372393,5.0
2026-02-27 22:15:00,0.37368514,4.94
2026-02-27 22:20:00,0.37360756,4.9
2026-02-27 22:25:00,0.3738403,4.9
2026-02-27 22:30:00,0.37376272,4.9
2026-02-27 22:35:00,0.37372393,4.9
2026-02-27 22:40:00,0.37364635,4.9
2026-02-27 22:45:00,0.37376272,4.8
2026-02-27 22:50:00,0.37368514,4.8
2026-02-27 22:55:00,0.37372393,4.8
2026-02-27 23:00:00,0.37380151,4.8
2026-02-27 23:05:00,0.37360756,4.8
2026-02-27 23:10:00,0.37372393,4.74
2026-02-27 23:15:00,0.37349119,4.7
2026-02-27 23:20:00,0.37368514,4.7
2026-02-27 23:25:00,0.37364635,4.7
2026-02-27 23:30:00,0.37364635,4.7
2026-02-27 23:35:00,0.37352998,4.7
2026-02-27 23:40:00,0.37333603,4.68
2026-02-27 23:45:00,0.37356877,4.6
2026-02-27 23:50:00,0.37360756,4.6
2026-02-27 23:55:00,0.37368514,4.6
2026-02-28 00:00:00,0.3734524,4.6
2026-02-28 00:05:00,0.37356877,4.6
2026-02-28 00:10:00,0.37368514,4.6
2026-02-28 00:15:00,0.37349119,4.6
2026-02-28 00:20:00,0.37356877,4.56
2026-02-28 00:25:00,0.37341361,4.5
2026-02-28 00:30:00,0.37341361,4.5
2026-02-28 00:35:00,0.37325845,4.5
2026-02-28 00:40:00,0.37341361,4.5
2026-02-28 00:45:00,0.37333603,4.5
2026-02-28 00:50:00,0.37341361,4.5
2026-02-28 00:55:00,0.37360756,4.5
2026-02-28 01:00:00,0.3730645,4.5
2026-02-28 01:05:00,0.37341361,4.5
2026-02-28 01:10:00,0.37349119,4.42
2026-02-28 01:15:00,0.37352998,4.4
2026-02-28 01:20:00,0.37329724,4.4
2026-02-28 01:25:00,0.37302571,4.4
2026-02-28 01:30:00,0.37314208,4.4
2026-02-28 01:35:00,0.37329724,4.4
2026-02-28 01:40:00,0.37318087,4.4
2026-02-28 01:45:00,0.3730645,4.4
2026-02-28 01:50:00,0.37302571,4.4
2026-02-28 01:55:00,0.37321966,4.4
2026-02-28 02:00:00,0.37349119,4.4
2026-02-28 02:05:00,0.37325845,4.4
2026-02-28 02:10:00,0.37329724,4.4
2026-02-28 02:15:00,0.37318087,4.4
2026-02-28 02:20:00,0.37341361,4.4
2026-02-28 02:25:00,0.37287055,4.4
2026-02-28 02:30:00,0.37333603,4.5
2026-02-28 02:35:00,0.37302571,4.5
2026-02-28 02:40:00,0.37310329,4.5
2026-02-28 02:45:00,0.37314208,4.5
2026-02-28 02:50:00,0.3730645,4.54
2026-02-28 02:55:00,0.37314208,4.6
2026-02-28 03:00:00,0.37271539,4.6
2026-02-28 03:05:00,0.37283176,4.66
2026-02-28 03:10:00,0.3730645,4.7
2026-02-28 03:15:00,0.37256023,4.74
2026-02-28 03:20:00,0.37290934,4.8
2026-02-28 03:25:00,0.37290934,4.86
2026-02-28 03:30:00,0.37283176,4.9
2026-02-28 03:35:00,0.37259902,5.0
2026-02-28 03:40:00,0.37279297,5.04
2026-02-28 03:45:00,0.37240507,5.1
2026-02-28 03:50:00,0.37256023,5.2
2026-02-28 03:55:00,0.37252144,5.24
2026-02-28 04:00:00,0.37244386,5.3
2026-02-28 04:05:00,0.3722887,5.4
2026-02-28 04:10:00,0.37221112,5.48
2026-02-28 04:15:00,0.37213354,5.56
2026-02-28 04:20:00,0.37205596,5.66
2026-02-28 04:25:00,0.37162927,5.74
2026-02-28 04:30:00,0.3719008,5.86
2026-02-28 04:35:00,0.37174564,5.96
2026-02-28 04:40:00,0.37155169,6.06
2026-02-28 04:45:00,0.37147411,6.18
2026-02-28 04:50:00,0.37124137,6.32
2026-02-28 04:55:00,0.37120258,6.42
2026-02-28 05:00:00,0.37108621,6.54
2026-02-28 05:05:00,0.37054315,6.66
2026-02-28 05:10:00,0.37069831,6.82
2026-02-28 05:15:00,0.37062073,6.94
2026-02-28 05:20:00,0.37054315,7.06
2026-02-28 05:25:00,0.37003888,7.2
2026-02-28 05:30:00,0.37019404,7.34
2026-02-28 05:35:00,0.37003888,7.46
2026-02-28 05:40:00,0.36988372,7.6
2026-02-28 05:45:00,0.36972856,7.74
2026-02-28 05:50:00,0.36934066,7.86
2026-02-28 05:55:00,0.3691855,8.0
2026-02-28 06:00:00,0.36922429,8.14
2026-02-28 06:05:00,0.36922429,8.26
2026-02-28 06:10:00,0.36895276,8.38
2026-02-28 06:15:00,0.36872002,8.5
2026-02-28 06:20:00,0.36868123,8.62
2026-02-28 06:25:00,0.36868123,8.72
2026-02-28 06:30:00,0.3684097,8.82
2026-02-28 06:35:00,0.36809938,8.92
2026-02-28 06:40:00,0.36829333,9.02
2026-02-28 06:45:00,0.36798301,9.12
2026-02-28 06:50:00,0.36794422,9.22
2026-02-28 06:55:00,0.36798301,9.3
2026-02-28 07:00:00,0.36778906,9.4
2026-02-28 07:05:00,0.36751753,9.46
2026-02-28 07:10:00,0.36771148,9.52
2026-02-28 07:15:00,0.36775027,9.6
2026-02-28 07:20:00,0.36755632,9.68
2026-02-28 07:25:00,0.36732358,9.72
2026-02-28 07:30:00,0.36712963,9.8
2026-02-28 07:35:00,0.36716842,9.84
2026-02-28 07:40:00,0.3668581,9.9
2026-02-28 07:45:00,0.36705205,9.96
2026-02-28 07:50:00,0.36697447,10.0
2026-02-28 07:55:00,0.36693568,10.02
2026-02-28 08:00:00,0.36658657,10.1
2026-02-28 08:05:00,0.36654778,10.1
2026-02-28 08:10:00,0.36654778,10.16
2026-02-28 08:15:00,0.3664702,10.2
2026-02-28 08:20:00,0.36650899,10.2
2026-02-28 08:25:00,0.36631504,10.22
2026-02-28 08:30:00,0.36635383,10.3
2026-02-28 08:35:00,0.36635383,10.3
2026-02-28 08:40:00,0.36639262,10.3
2026-02-28 08:45:00,0.36623746,10.3
2026-02-28 08:50:00,0.36627625,10.3
2026-02-28 08:55:00,0.36627625,10.3
2026-02-28 09:00:00,0.36631504,10.3
2026-02-28 09:05:00,0.36619867,10.3
2026-02-28 09:10:00,0.36600472,10.3
2026-02-28 09:15:00,0.36604351,10.3
2026-02-28 09:20:00,0.36596593,10.3
2026-02-28 09:25:00,0.36615988,10.3
2026-02-28 09:30:00,0.36615988,10.3
2026-02-28 09:35:00,0.36596593,10.3
2026-02-28 09:40:00,0.36588835,10.3
2026-02-28 09:45:00,0.36581077,10.3
2026-02-28 09:50:00,0.36604351,10.2
2026-02-28 09:55:00,0.36604351,10.2
2026-02-28 10:00:00,0.36588835,10.2
2026-02-28 10:05:00,0.36604351,10.2
2026-02-28 10:10:00,0.36600472,10.1
2026-02-28 10:15:00,0.36581077,10.1
2026-02-28 10:20:00,0.36577198,10.1
2026-02-28 10:25:00,0.36604351,10.02
2026-02-28 10:30:00,0.36600472,10.0
2026-02-28 10:35:00,0.36596593,10.0
2026-02-28 10:40:00,0.36615988,9.92
2026-02-28 10:45:00,0.36600472,9.9
2026-02-28 10:50:00,0.36615988,9.88
2026-02-28 10:55:00,0.36588835,9.8
2026-02-28 11:00:00,0.36639262,9.8
2026-02-28 11:05:00,0.36600472,9.74
2026-02-28 11:10:00,0.36592714,9.7
2026-02-28 11:15:00,0.36584956,9.7
2026-02-28 11:20:00,0.36592714,9.62
2026-02-28 11:25:00,0.3660823,9.6
2026-02-28 11:30:00,0.36588835,9.6
2026-02-28 11:35:00,0.36596593,9.52
2026-02-28 11:40:00,0.36584956,9.5
2026-02-28 11:45:00,0.36592714,9.5
2026-02-28 11:50:00,0.36612109,9.42
2026-02-28 11:55:00,0.36615988,9.4
2026-02-28 12:00:00,0.3660823,9.4
2026-02-28 12:05:00,0.36639262,9.34
2026-02-28 12:10:00,0.36584956,9.3
2026-02-28 12:15:00,0.36600472,9.3
2026-02-28 12:20:00,0.36615988,9.3
2026-02-28 12:25:00,0.36615988,9.2
2026-02-28 12:30:00,0.36596593,9.2
2026-02-28 12:35:00,0.36600472,9.2
2026-02-28 12:40:00,0.36592714,9.12
2026-02-28 12:45:00,0.36600472,9.1
2026-02-28 12:50:00,0.36600472,9.1
2026-02-28 12:55:00,0.36612109,9.04
2026-02-28 13:00:00,0.36615988,9.0
2026-02-28 13:05:00,0.3660823,9.0
2026-02-28 13:10:00,0.36600472,8.94
2026-02-28 13:15:00,0.36592714,8.9
2026-02-28 13:20:00,0.36612109,8.9
2026-02-28 13:25:00,0.36619867,8.84
2026-02-28 13:30:00,0.3660823,8.8
2026-02-28 13:35:00,0.36604351,8.8
2026-02-28 13:40:00,0.36596593,8.76
2026-02-28 13:45:00,0.36604351,8.7
2026-02-28 13:50:00,0.36592714,8.7
2026-02-28 13:55:00,0.36612109,8.68
2026-02-28 14:00:00,0.36619867,8.62
2026-02-28 14:05:00,0.36615988,8.6
2026-02-28 14:10:00,0.36612109,8.6
2026-02-28 14:15:00,0.36627625,8.5
2026-02-28 14:20:00,0.36639262,8.5
2026-02-28 14:25:00,0.36600472,8.48
2026-02-28 14:30:00,0.36619867,8.4
2026-02-28 14:35:00,0.36635383,8.4
2026-02-28 14:40:00,0.36615988,8.36
2026-02-28 14:45:00,0.36612109,8.3
2026-02-28 14:50:00,0.36639262,8.3
2026-02-28 14:55:00,0.36639262,8.24
2026-02-28 15:00:00,0.36639262,8.2
2026-02-28 15:05:00,0.36619867,8.2
2026-02-28 15:10:00,0.36631504,8.1
2026-02-28 15:15:00,0.36623746,8.1
2026-02-28 15:20:00,0.3664702,8.06
2026-02-28 15:25:00,0.36619867,8.0
2026-02-28 15:30:00,0.3664702,8.0
2026-02-28 15:35:00,0.36643141,7.94
2026-02-28 15:40:00,0.36643141,7.9
2026-02-28 15:45:00,0.36662536,7.9
2026-02-28 15:50:00,0.36635383,7.8
2026-02-28 15:55:00,0.36623746,7.8
2026-02-28 16:00:00,0.36643141,7.78
2026-02-28 16:05:00,0.36654778,7.7
2026-02-28 16:10:00,0.36678052,7.7
2026-02-28 16:15:00,0.36635383,7.68
2026-02-28 16:20:00,0.36670294,7.6
2026-02-28 16:25:00,0.36662536,7.6
2026-02-28 16:30:00,0.36650899,7.56
2026-02-28 16:35:00,0.36678052,7.5
2026-02-28 16:40:00,0.36635383,7.5
2026-02-28 16:45:00,0.36693568,7.44
2026-02-28 16:50:00,0.36674173,7.4
2026-02-28 16:55:00,0.36666415,7.4
2026-02-28 17:00:00,0.36674173,7.36
2026-02-28 17:05:00,0.36678052,7.3
2026-02-28 17:10:00,0.36709084,7.3
2026-02-28 17:15:00,0.36697447,7.24
2026-02-28 17:20:00,0.36689689,7.2
2026-02-28 17:25:00,0.3668581,7.2
2026-02-28 17:30:00,0.3668581,7.16
2026-02-28 17:35:00,0.36674173,7.1
2026-02-28 17:40:00,0.3668581,7.1
2026-02-28 17:45:00,0.36709084,7.04
2026-02-28 17:50:00,0.36705205,7.0
2026-02-28 17:55:00,0.36697447,7.0
2026-02-28 18:00:00,0.36670294,6.96
2026-02-28 18:05:00,0.36697447,6.9
2026-02-28 18:10:00,0.36693568,6.9
2026-02-28 18:15:00,0.36701326,6.9
2026-02-28 18:20:00,0.36697447,6.8
2026-02-28 18:25:00,0.36701326,6.8
2026-02-28 18:30:00,0.36716842,6.8
2026-02-28 18:35:00,0.36709084,6.74
2026-02-28 18:40:00,0.36697447,6.7
2026-02-28 18:45:00,0.36701326,6.7
2026-02-28 18:50:00,0.36693568,6.66
2026-02-28 18:55:00,0.36716842,6.6
2026-02-28 19:00:00,0.36712963,6.6
2026-02-28 19:05:00,0.36697447,6.6
2026-02-28 19:10:00,0.36712963,6.52
2026-02-28 19:15:00,0.36728479,6.5
2026-02-28 19:20:00,0.36705205,6.5
2026-02-28 19:25:00,0.36716842,6.5
2026-02-28 19:30:00,0.36740116,6.4
2026-02-28 19:35:00,0.36732358,6.4
2026-02-28 19:40:00,0.36728479,6.4
2026-02-28 19:45:00,0.36732358,6.4
2026-02-28 19:50:00,0.36743995,6.38
2026-02-28 19:55:00,0.36720721,6.3
2026-02-28 20:00:00,0.36716842,6.3
2026-02-28 20:05:00,0.36728479,6.3
2026-02-28 20:10:00,0.36712963,6.3
2026-02-28 20:15:00,0.36709084,6.3
2026-02-28 20:20:00,0.36743995,6.3
2026-02-28 20:25:00,0.36720721,6.26
2026-02-28 20:30:00,0.36728479,6.2
2026-02-28 20:35:00,0.367246,6.2
2026-02-28 20:40:00,0.36705205,6.2
2026-02-28 20:45:00,0.36740116,6.2
2026-02-28 20:50:00,0.36689689,6.2
2026-02-28 20:55:00,0.36712963,6.2
2026-02-28 21:00:00,0.36709084,6.16
2026-02-28 21:05:00,0.367246,6.1
2026-02-28 21:10:00,0.36716842,6.1
2026-02-28 21:15:00,0.36732358,6.1
2026-02-28 21:20:00,0.36709084,6.1
2026-02-28 21:25:00,0.36728479,6.1
2026-02-28 21:30:00,0.36716842,6.08
2026-02-28 21:35:00,0.36736237,6.0
2026-02-28 21:40:00,0.36712963,6.0
2026-02-28 21:45:00,0.36728479,6.0
2026-02-28 21:50:00,0.36740116,6.0
2026-02-28 21:55:00,0.367246,6.0
2026-02-28 22:00:00,0.36716842,5.96
2026-02-28 22:05:00,0.36743995,5.9
2026-02-28 22:10:00,0.36747874,5.9
2026-02-28 22:15:00,0.36736237,5.9
2026-02-28 22:20:00,0.36728479,5.9
2026-02-28 22:25:00,0.36716842,5.84
2026-02-28 22:30:00,0.36732358,5.8
2026-02-28 22:35:00,0.36736237,5.8
2026-02-28 22:40:00,0.36720721,5.8
2026-02-28 22:45:00,0.36705205,5.78
2026-02-28 22:50:00,0.36736237,5.7
2026-02-28 22:55:00,0.36732358,5.7
2026-02-28 23:00:00,0.36705205,5.7
2026-02-28 23:05:00,0.367246,5.7
2026-02-28 23:10:00,0.36705205,5.66
2026-02-28 23:15:00,0.36736237,5.6
2026-02-28 23:20:00,0.36720721,5.6
2026-02-28 23:25:00,0.367246,5.6
2026-02-28 23:30:00,0.36728479,5.6
2026-02-28 23:35:00,0.36728479,5.56
2026-02-28 23:40:00,0.367246,5.5
2026-02-28 23:45:00,0.36720721,5.5
2026-02-28 23:50:00,0.36728479,5.5
2026-02-28 23:55:00,0.36720721,5.5
2026-03-01 00:00:00,0.36755632,5.5
2026-03-01 00:05:00,0.36747874,5.4
2026-03-01 00:10:00,0.36736237,5.4
2026-03-01 00:15:00,0.36755632,5.4
2026-03-01 00:20:00,0.36716842,5.4
2026-03-01 00:25:00,0.36743995,5.4
2026-03-01 00:30:00,0.367246,5.4
2026-03-01 00:35:00,0.36743995,5.4
2026-03-01 00:40:00,0.36732358,5.38
2026-03-01 00:45:00,0.36736237,5.3
2026-03-01 00:50:00,0.36736237,5.3
2026-03-01 00:55:00,0.36736237,5.3
2026-03-01 01:00:00,0.36720721,5.3
2026-03-01 01:05:00,0.36732358,5.3
2026-03-01 01:10:00,0.36728479,5.3
2026-03-01 01:15:00,0.36716842,5.3
2026-03-01 01:20:00,0.36716842,5.3
2026-03-01 01:25:00,0.36674173,5.3
2026-03-01 01:30:00,0.36728479,5.3
2026-03-01 01:35:00,0.3668581,5.4
2026-03-01 01:40:00,0.36720721,5.4
2026-03-01 01:45:00,0.36709084,5.4
2026-03-01 01:50:00,0.36697447,5.4
2026-03-01 01:55:00,0.36720721,5.4
2026-03-01 02:00:00,0.36716842,5.4
2026-03-01 02:05:00,0.36709084,5.42
2026-03-01 02:10:00,0.36693568,5.5
2026-03-01 02:15:00,0.36681931,5.5
2026-03-01 02:20:00,0.36674173,5.5
2026-03-01 02:25:00,0.3668581,5.56
2026-03-01 02:30:00,0.36681931,5.6
2026-03-01 02:35:00,0.36678052,5.6
2026-03-01 02:40:00,0.36681931,5.7
2026-03-01 02:45:00,0.36643141,5.7
2026-03-01 02:50:00,0.36650899,5.78
2026-03-01 02:55:00,0.36635383,5.8
2026-03-01 03:00:00,0.36643141,5.9
2026-03-01 03:05:00,0.36643141,5.92
2026-03-01 03:10:00,0.36639262,6.0
2026-03-01 03:15:00,0.36612109,6.06
2026-03-01 03:20:00,0.36615988,6.1
2026-03-01 03:25:00,0.36588835,6.2
2026-03-01 03:30:00,0.36584956,6.26
2026-03-01 03:35:00,0.36584956,6.32
2026-03-01 03:40:00,0.36577198,6.4
2026-03-01 03:45:00,0.36588835,6.48
2026-03-01 03:50:00,0.36561682,6.54
2026-03-01 03:55:00,0.36550045,6.6
2026-03-01 04:00:00,0.36526771,6.7
2026-03-01 04:05:00,0.36538408,6.78
2026-03-01 04:10:00,0.36515134,6.86
2026-03-01 04:15:00,0.36519013,6.92
2026-03-01 04:20:00,0.36526771,7.0
2026-03-01 04:25:00,0.3649186,7.1
2026-03-01 04:30:00,0.36476344,7.18
2026-03-01 04:35:00,0.36484102,7.26
2026-03-01 04:40:00,0.36464707,7.34
2026-03-01 04:45:00,0.36468586,7.42
2026-03-01 04:50:00,0.36425917,7.5
2026-03-01 04:55:00,0.36445312,7.6
2026-03-01 05:00:00,0.36418159,7.68
2026-03-01 05:05:00,0.36402643,7.78
2026-03-01 05:10:00,0.36406522,7.86
2026-03-01 05:15:00,0.36367732,7.96
2026-03-01 05:20:00,0.36371611,8.04
2026-03-01 05:25:00,0.36344458,8.14
2026-03-01 05:30:00,0.36352216,8.24
2026-03-01 05:35:00,0.36348337,8.32
2026-03-01 05:40:00,0.36344458,8.4
2026-03-01 05:45:00,0.36321184,8.5
2026-03-01 05:50:00,0.36309547,8.58
2026-03-01 05:55:00,0.36282394,8.66
2026-03-01 06:00:00,0.36282394,8.72
2026-03-01 06:05:00,0.36282394,8.8
2026-03-01 06:10:00,0.36313426,8.88
2026-03-01 06:15:00,0.36255241,8.94
2026-03-01 06:20:00,0.36286273,9.0
2026-03-01 06:25:00,0.36255241,9.08
2026-03-01 06:30:00,0.3625912,9.1
2026-03-01 06:35:00,0.36247483,9.2
2026-03-01 06:40:00,0.36243604,9.24
2026-03-01 06:45:00,0.36208693,9.3
2026-03-01 06:50:00,0.36239725,9.32
2026-03-01 06:55:00,0.36243604,9.4
2026-03-01 07:00:00,0.36228088,9.4
2026-03-01 07:05:00,0.36193177,9.5
2026-03-01 07:10:00,0.3622033,9.5
2026-03-01 07:15:00,0.3618154,9.54
2026-03-01 07:20:00,0.36200935,9.6
2026-03-01 07:25:00,0.36185419,9.6
2026-03-01 07:30:00,0.36177661,9.64
2026-03-01 07:35:00,0.36177661,9.7
2026-03-01 07:40:00,0.36189298,9.7
2026-03-01 07:45:00,0.36173782,9.7
2026-03-01 07:50:00,0.36154387,9.76
2026-03-01 07:55:00,0.36166024,9.8
2026-03-01 08:00:00,0.36150508,9.8
2026-03-01 08:05:00,0.36138871,9.8
2026-03-01 08:10:00,0.36146629,9.8
2026-03-01 08:15:00,0.3618154,9.82
2026-03-01 08:20:00,0.36134992,9.9
2026-03-01 08:25:00,0.36134992,9.9
2026-03-01 08:30:00,0.36131113,9.9
2026-03-01 08:35:00,0.36146629,9.9
2026-03-01 08:40:00,0.3614275,9.9
2026-03-01 08:45:00,0.36131113,9.9
2026-03-01 08:50:00,0.36119476,9.9
2026-03-01 08:55:00,0.36138871,9.9
2026-03-01 09:00:00,0.36127234,9.9
2026-03-01 09:05:00,0.36123355,9.9
2026-03-01 09:10:00,0.3614275,9.9
2026-03-01 09:15:00,0.36150508,9.9
2026-03-01 09:20:00,0.36115597,9.9
2026-03-01 09:25:00,0.36138871,9.9
2026-03-01 09:30:00,0.36107839,9.9
2026-03-01 09:35:00,0.36131113,9.9
2026-03-01 09:40:00,0.36115597,9.9
2026-03-01 09:45:00,0.36131113,9.86
2026-03-01 09:50:00,0.36138871,9.8
2026-03-01 09:55:00,0.36134992,9.8
2026-03-01 10:00:00,0.36119476,9.8
2026-03-01 10:05:00,0.36111718,9.8
2026-03-01 10:10:00,0.36115597,9.8
2026-03-01 10:15:00,0.36107839,9.8
2026-03-01 10:20:00,0.36100081,9.8
2026-03-01 10:25:00,0.36123355,9.7
2026-03-01 10:30:00,0.36131113,9.7
2026-03-01 10:35:00,0.36111718,9.7
2026-03-01 10:40:00,0.3610396,9.7
2026-03-01 10:45:00,0.36107839,9.7
2026-03-01 10:50:00,0.36111718,9.7
2026-03-01 10:55:00,0.36131113,9.6
2026-03-01 11:00:00,0.36119476,9.6
2026-03-01 11:05:00,0.36150508,9.6
2026-03-01 11:10:00,0.36134992,9.6
2026-03-01 11:15:00,0.36115597,9.6
2026-03-01 11:20:00,0.36115597,9.56
2026-03-01 11:25:00,0.36119476,9.5
2026-03-01 11:30:00,0.36107839,9.5
2026-03-01 11:35:00,0.36111718,9.5
2026-03-01 11:40:00,0.36111718,9.5
2026-03-01 11:45:00,0.36115597,9.5
2026-03-01 11:50:00,0.36119476,9.42
2026-03-01 11:55:00,0.3614275,9.4
2026-03-01 12:00:00,0.36134992,9.4
2026-03-01 12:05:00,0.36119476,9.4
2026-03-01 12:10:00,0.36127234,9.4
2026-03-01 12:15:00,0.36123355,9.4
2026-03-01 12:20:00,0.3614275,9.34
2026-03-01 12:25:00,0.36111718,9.3
2026-03-01 12:30:00,0.36123355,9.3
2026-03-01 12:35:00,0.36146629,9.3
2026-03-01 12:40:00,0.36123355,9.3
2026-03-01 12:45:00,0.36115597,9.3
2026-03-01 12:50:00,0.36123355,9.3
2026-03-01 12:55:00,0.36123355,9.2
2026-03-01 13:00:00,0.36096202,9.2
2026-03-01 13:05:00,0.36131113,9.2
2026-03-01 13:10:00,0.36127234,9.2
2026-03-01 13:15:00,0.36123355,9.2
2026-03-01 13:20:00,0.36096202,9.2
2026-03-01 13:25:00,0.36107839,9.18
2026-03-01 13:30:00,0.3614275,9.1
2026-03-01 13:35:00,0.36119476,9.1
2026-03-01 13:40:00,0.36127234,9.1
2026-03-01 13:45:00,0.36134992,9.1
2026-03-01 13:50:00,0.3610396,9.1
2026-03-01 13:55:00,0.36123355,9.1
2026-03-01 14:00:00,0.36111718,9.1
2026-03-01 14:05:00,0.36107839,9.06
2026-03-01 14:10:00,0.36096202,9.0
2026-03-01 14:15:00,0.36092323,9.0
2026-03-01 14:20:00,0.3610396,9.0
2026-03-01 14:25:00,0.36115597,9.0
2026-03-01 14:30:00,0.36115597,9.0
2026-03-01 14:35:00,0.36146629,9.0
2026-03-01 14:40:00,0.36127234,9.0
2026-03-01 14:45:00,0.36096202,8.96
2026-03-01 14:50:00,0.36123355,8.9
2026-03-01 14:55:00,0.36119476,8.9
2026-03-01 15:00:00,0.36131113,8.9
2026-03-01 15:05:00,0.36131113,8.9
2026-03-01 15:10:00,0.36123355,8.9
2026-03-01 15:15:00,0.36134992,8.9
2026-03-01 15:20:00,0.36154387,8.9
2026-03-01 15:25:00,0.36127234,8.9
2026-03-01 15:30:00,0.36138871,8.84
2026-03-01 15:35:00,0.36158266,8.8
2026-03-01 15:40:00,0.36173782,8.8
2026-03-01 15:45:00,0.36173782,8.8
2026-03-01 15:50:00,0.36177661,8.8
2026-03-01 15:55:00,0.36189298,8.8
2026-03-01 16:00:00,0.36212572,8.8
2026-03-01 16:05:00,0.36228088,8.8
2026-03-01 16:10:00,0.36235846,8.78
2026-03-01 16:15:00,0.36212572,8.7
2026-03-01 16:20:00,0.36266878,8.7
2026-03-01 16:25:00,0.36239725,8.7
2026-03-01 16:30:00,0.36278515,8.7
2026-03-01 16:35:00,0.36294031,8.7
2026-03-01 16:40:00,0.36321184,8.7
2026-03-01 16:45:00,0.36328942,8.7
2026-03-01 16:50:00,0.36356095,8.68
2026-03-01 16:55:00,0.36394885,8.6
2026-03-01 17:00:00,0.36418159,8.6
2026-03-01 17:05:00,0.36480223,8.6
2026-03-01 17:10:00,0.36519013,8.6
2026-03-01 17:15:00,0.36553924,8.6
2026-03-01 17:20:00,0.36612109,8.6
2026-03-01 17:25:00,0.36709084,8.6
2026-03-01 17:30:00,0.36751753,8.5
2026-03-01 17:35:00,0.36872002,8.5
2026-03-01 17:40:00,0.3695734,8.5
2026-03-01 17:45:00,0.37093105,8.5
2026-03-01 17:50:00,0.37248265,8.5
2026-03-01 17:55:00,0.37465489,8.5
2026-03-01 18:00:00,0.37667197,8.44
2026-03-01 18:05:00,0.37989154,8.4
2026-03-01 18:10:00,0.3823741,8.4
2026-03-01 18:15:00,0.38528335,8.4
2026-03-01 18:20:00,0.38850292,8.4
2026-03-01 18:25:00,0.39121822,8.4
2026-03-01 18:30:00,0.3936232,8.38
2026-03-01 18:35:00,0.39552391,8.3
2026-03-01 18:40:00,0.39723067,8.3
2026-03-01 18:45:00,0.39843316,8.3
2026-03-01 18:50:00,0.39975202,8.3
2026-03-01 18:55:00,0.40048903,8.3
2026-03-01 19:00:00,0.40180789,8.3
2026-03-01 19:05:00,0.40235095,8.2
2026-03-01 19:10:00,0.40378618,8.2
2026-03-01 19:15:00,0.40452319,8.2
2026-03-01 19:20:00,0.4048723,8.2
2026-03-01 19:25:00,0.40572568,8.2
2026-03-01 19:30:00,0.40599721,8.2
2026-03-01 19:35:00,0.40669543,8.16
2026-03-01 19:40:00,0.40708333,8.1
2026-03-01 19:45:00,0.40770397,8.1
2026-03-01 19:50:00,0.40809187,8.1
2026-03-01 19:55:00,0.40859614,8.1
2026-03-01 20:00:00,0.40886767,8.1
2026-03-01 20:05:00,0.40944952,8.1
2026-03-01 20:10:00,0.40937194,8.04
2026-03-01 20:15:00,0.409915,8.0
2026-03-01 20:20:00,0.40983742,8.0
2026-03-01 20:25:00,0.41018653,8.0
2026-03-01 20:30:00,0.41045806,8.0
2026-03-01 20:35:00,0.41092354,8.0
2026-03-01 20:40:00,0.41135023,8.0
2026-03-01 20:45:00,0.41158297,8.0
2026-03-01 20:50:00,0.4114666,7.9
2026-03-01 20:55:00,0.41166055,7.9
2026-03-01 21:00:00,0.41216482,7.9
2026-03-01 21:05:00,0.41228119,7.9
2026-03-01 21:10:00,0.41220361,7.9
2026-03-01 21:15:00,0.41259151,7.9
2026-03-01 21:20:00,0.41290183,7.9
2026-03-01 21:25:00,0.41255272,7.9
2026-03-01 21:30:00,0.41251393,7.82
2026-03-01 21:35:00,0.41251393,7.8
2026-03-01 21:40:00,0.41270788,7.8
2026-03-01 21:45:00,0.41294062,7.8
2026-03-01 21:50:00,0.413794,7.8
2026-03-01 21:55:00,0.41387158,7.8
2026-03-01 22:00:00,0.41360005,7.8
2026-03-01 22:05:00,0.41332852,7.8
2026-03-01 22:10:00,0.41371642,7.8
2026-03-01 22:15:00,0.41352247,7.72
2026-03-01 22:20:00,0.41309578,7.7
2026-03-01 22:25:00,0.41305699,7.7
2026-03-01 22:30:00,0.41270788,7.7
2026-03-01 22:35:00,0.41290183,7.7
2026-03-01 22:40:00,0.41305699,7.7
2026-03-01 22:45:00,0.41336731,7.7
2026-03-01 22:50:00,0.41348368,7.7
2026-03-01 22:55:00,0.41375521,7.7
2026-03-01 23:00:00,0.41406553,7.7
2026-03-01 23:05:00,0.41391037,7.7
2026-03-01 23:10:00,0.41402674,7.7
2026-03-01 23:15:00,0.4134061,7.68
2026-03-01 23:20:00,0.41344489,7.6
2026-03-01 23:25:00,0.41321215,7.6
2026-03-01 23:30:00,0.4126303,7.6
2026-03-01 23:35:00,0.41255272,7.6
2026-03-01 23:40:00,0.41235877,7.6
2026-03-01 23:45:00,0.4122424,7.6
2026-03-01 23:50:00,0.4118545,7.6
2026-03-01 23:55:00,0.41150539,7.6
2026-03-02 00:00:00,0.41096233,7.6
2026-03-02 00:05:00,0.41065201,7.6
2026-03-02 00:10:00,0.41038048,7.6
2026-03-02 00:15:00,0.41010895,7.6
2026-03-02 00:20:00,0.40917799,7.6
2026-03-02 00:25:00,0.40879009,7.6
2026-03-02 00:30:00,0.40859614,7.6
2026-03-02 00:35:00,0.40844098,7.6
2026-03-02 00:40:00,0.4079755,7.6
2026-03-02 00:45:00,0.40805308,7.7
2026-03-02 00:50:00,0.40793671,7.7
2026-03-02 00:55:00,0.40785913,7.7
2026-03-02 01:00:00,0.40754881,7.7
2026-03-02 01:05:00,0.40754881,7.7
2026-03-02 01:10:00,0.40751002,7.7
2026-03-02 01:15:00,0.40731607,7.7
2026-03-02 01:20:00,0.4071997,7.7
2026-03-02 01:25:00,0.40650148,7.7
2026-03-02 01:30:00,0.40661785,7.7
2026-03-02 01:35:00,0.40622995,7.7
2026-03-02 01:40:00,0.40622995,7.8
2026-03-02 01:45:00,0.40588084,7.8
2026-03-02 01:50:00,0.40545415,7.8
2026-03-02 01:55:00,0.40510504,7.8
2026-03-02 02:00:00,0.40479472,7.82
2026-03-02 02:05:00,0.40475593,7.9
2026-03-02 02:10:00,0.40429045,7.9
2026-03-02 02:15:00,0.40432924,7.9
2026-03-02 02:20:00,0.40429045,7.9
2026-03-02 02:25:00,0.40390255,8.0
2026-03-02 02:30:00,0.40394134,8.0
2026-03-02 02:35:00,0.40378618,8.0
2026-03-02 02:40:00,0.40335949,8.02
2026-03-02 02:45:00,0.40320433,8.1
2026-03-02 02:50:00,0.40285522,8.1
2026-03-02 02:55:00,0.40266127,8.1
2026-03-02 03:00:00,0.40246732,8.16
2026-03-02 03:05:00,0.40231216,8.2
2026-03-02 03:10:00,0.40188547,8.2
2026-03-02 03:15:00,0.4017691,8.2
2026-03-02 03:20:00,0.40161394,8.28
2026-03-02 03:25:00,0.40130362,8.3
2026-03-02 03:30:00,0.40091572,8.3
2026-03-02 03:35:00,0.40091572,8.3
2026-03-02 03:40:00,0.4006054,8.4
2026-03-02 03:45:00,0.40048903,8.4
2026-03-02 03:50:00,0.40017871,8.4
2026-03-02 03:55:00,0.39994597,8.42
2026-03-02 04:00:00,0.3998296,8.5
2026-03-02 04:05:00,0.39959686,8.5
2026-03-02 04:10:00,0.39955807,8.5
2026-03-02 04:15:00,0.39936412,8.56
2026-03-02 04:20:00,0.39920896,8.6
2026-03-02 04:25:00,0.3990538,8.6
2026-03-02 04:30:00,0.39878227,8.6
2026-03-02 04:35:00,0.39874348,8.7
2026-03-02 04:40:00,0.39913138,8.7
2026-03-02 04:45:00,0.39831679,8.7
2026-03-02 04:50:00,0.39831679,8.7
2026-03-02 04:55:00,0.39816163,8.78
2026-03-02 05:00:00,0.39800647,8.8
2026-03-02 05:05:00,0.39796768,8.8
2026-03-02 05:10:00,0.39796768,8.8
2026-03-02 05:15:00,0.39800647,8.88
2026-03-02 05:20:00,0.39792889,8.9
2026-03-02 05:25:00,0.398278,8.9
2026-03-02 05:30:00,0.39831679,8.9
2026-03-02 05:35:00,0.39858832,8.96
2026-03-02 05:40:00,0.39878227,9.0
2026-03-02 05:45:00,0.39901501,9.0
2026-03-02 05:50:00,0.39955807,9.0
2026-03-02 05:55:00,0.39955807,9.02
2026-03-02 06:00:00,0.39998476,9.1
2026-03-02 06:05:00,0.40048903,9.1
2026-03-02 06:10:00,0.40091572,9.1
2026-03-02 06:15:00,0.40161394,9.1
2026-03-02 06:20:00,0.40219579,9.1
2026-03-02 06:25:00,0.40308796,9.2
2026-03-02 06:30:00,0.40444561,9.2
2026-03-02 06:35:00,0.40611358,9.2
2026-03-02 06:40:00,0.40910041,9.2
2026-03-02 06:45:00,0.4145698,9.3
2026-03-02 06:50:00,0.41891428,9.32
2026-03-02 06:55:00,0.42151321,9.4
2026-03-02 07:00:00,0.4223278,9.4
2026-03-02 07:05:00,0.42248296,9.46
2026-03-02 07:10:00,0.42236659,9.5
2026-03-02 07:15:00,0.42248296,9.5
2026-03-02 07:20:00,0.42298723,9.5
2026-03-02 07:25:00,0.42283207,9.5
2026-03-02 07:30:00,0.42337513,9.5
2026-03-02 07:35:00,0.42360787,9.5
2026-03-02 07:40:00,0.42376303,9.6
2026-03-02 07:45:00,0.42345271,9.6
2026-03-02 07:50:00,0.4234915,9.6
2026-03-02 07:55:00,0.4227157,9.6
2026-03-02 08:00:00,0.4227157,9.6
2026-03-02 08:05:00,0.42174595,9.6
2026-03-02 08:10:00,0.42147442,9.6
2026-03-02 08:15:00,0.42093136,9.6
2026-03-02 08:20:00,0.42054346,9.54
2026-03-02 08:25:00,0.42023314,9.5
2026-03-02 08:30:00,0.42058225,9.5
2026-03-02 08:35:00,0.42139684,9.5
2026-03-02 08:40:00,0.42225022,9.5
2026-03-02 08:45:00,0.42360787,9.5
2026-03-02 08:50:00,0.42422851,9.5
2026-03-02 08:55:00,0.42461641,9.5
2026-03-02 09:00:00,0.42450004,9.5
2026-03-02 09:05:00,0.42399577,9.5
2026-03-02 09:10:00,0.4238794,9.46
2026-03-02 09:15:00,0.42329755,9.4
2026-03-02 09:20:00,0.42318118,9.4
2026-03-02 09:25:00,0.42228901,9.4
2026-03-02 09:30:00,0.42178474,9.4
2026-03-02 09:35:00,0.42162958,9.4
2026-03-02 09:40:00,0.42085378,9.3
2026-03-02 09:45:00,0.42034951,9.3
2026-03-02 09:50:00,0.41984524,9.3
2026-03-02 09:55:00,0.41891428,9.3
2026-03-02 10:00:00,0.41860396,9.3
2026-03-02 10:05:00,0.41852638,9.22
2026-03-02 10:10:00,0.41875912,9.2
2026-03-02 10:15:00,0.41829364,9.2
2026-03-02 10:20:00,0.41809969,9.2
2026-03-02 10:25:00,0.41817727,9.2
2026-03-02 10:30:00,0.41852638,9.12
2026-03-02 10:35:00,0.41875912,9.1
2026-03-02 10:40:00,0.41914702,9.1
2026-03-02 10:45:00,0.41984524,9.1
2026-03-02 10:50:00,0.42042709,9.1
2026-03-02 10:55:00,0.42104773,9.06
2026-03-02 11:00:00,0.42186232,9.0
2026-03-02 11:05:00,0.42244417,9.0
2026-03-02 11:10:00,0.42341392,9.0
2026-03-02 11:15:00,0.42411214,9.0
2026-03-02 11:20:00,0.42418972,8.9
2026-03-02 11:25:00,0.4246552,8.9
2026-03-02 11:30:00,0.425431,8.9
2026-03-02 11:35:00,0.4262068,8.88
2026-03-02 11:40:00,0.42624559,8.8
2026-03-02 11:45:00,0.42605164,8.8
2026-03-02 11:50:00,0.42546979,8.8
2026-03-02 11:55:00,0.42500431,8.8
2026-03-02 12:00:00,0.42481036,8.7
2026-03-02 12:05:00,0.4238794,8.7
2026-03-02 12:10:00,0.42364666,8.7
2026-03-02 12:15:00,0.42302602,8.7
2026-03-02 12:20:00,0.42248296,8.7
2026-03-02 12:25:00,0.42201748,8.7
2026-03-02 12:30:00,0.42104773,8.66
2026-03-02 12:35:00,0.42069862,8.6
2026-03-02 12:40:00,0.42023314,8.6
2026-03-02 12:45:00,0.41969008,8.6
2026-03-02 12:50:00,0.41914702,8.6
2026-03-02 12:55:00,0.41872033,8.6
2026-03-02 13:00:00,0.41848759,8.6
2026-03-02 13:05:00,0.41794453,8.56
2026-03-02 13:10:00,0.41747905,8.5
2026-03-02 13:15:00,0.41747905,8.5
2026-03-02 13:20:00,0.41716873,8.5
2026-03-02 13:25:00,0.41740147,8.5
2026-03-02 13:30:00,0.4168972,8.5
2026-03-02 13:35:00,0.41685841,8.5
2026-03-02 13:40:00,0.41681962,8.5
2026-03-02 13:45:00,0.41643172,8.5
2026-03-02 13:50:00,0.41643172,8.42
2026-03-02 13:55:00,0.4165093,8.4
2026-03-02 14:00:00,0.41639293,8.4
2026-03-02 14:05:00,0.41643172,8.4
2026-03-02 14:10:00,0.41635414,8.4
2026-03-02 14:15:00,0.41619898,8.4
2026-03-02 14:20:00,0.41623777,8.4
2026-03-02 14:25:00,0.41604382,8.4
2026-03-02 14:30:00,0.41600503,8.4
2026-03-02 14:35:00,0.4157335,8.4
2026-03-02 14:40:00,0.41561713,8.32
2026-03-02 14:45:00,0.41484133,8.3
2026-03-02 14:50:00,0.41453101,8.3
2026-03-02 14:55:00,0.41406553,8.3
2026-03-02 15:00:00,0.41356126,8.3
2026-03-02 15:05:00,0.41317336,8.3
2026-03-02 15:10:00,0.41297941,8.3
2026-03-02 15:15:00,0.4126303,8.3
2026-03-02 15:20:00,0.41212603,8.3
2026-03-02 15:25:00,0.41197087,8.3
2026-03-02 15:30:00,0.41138902,8.3
2026-03-02 15:35:00,0.41119507,8.3
2026-03-02 15:40:00,0.41092354,8.28
2026-03-02 15:45:00,0.41061322,8.22
2026-03-02 15:50:00,0.41061322,8.2
2026-03-02 15:55:00,0.41007016,8.2
2026-03-02 16:00:00,0.41010895,8.2
2026-03-02 16:05:00,0.40983742,8.2
2026-03-02 16:10:00,0.40960468,8.2
2026-03-02 16:15:00,0.40906162,8.2
2026-03-02 16:20:00,0.40898404,8.2
2026-03-02 16:25:00,0.40859614,8.2
2026-03-02 16:30:00,0.40847977,8.2
2026-03-02 16:35:00,0.40809187,8.2
2026-03-02 16:40:00,0.40778155,8.2
2026-03-02 16:45:00,0.40766518,8.2
2026-03-02 16:50:00,0.40735486,8.2
2026-03-02 16:55:00,0.40700575,8.16
2026-03-02 17:00:00,0.40673422,8.1
2026-03-02 17:05:00,0.40673422,8.1
2026-03-02 17:10:00,0.40657906,8.1
2026-03-02 17:15:00,0.40626874,8.1
2026-03-02 17:20:00,0.40599721,8.1
2026-03-02 17:25:00,0.40568689,8.1
2026-03-02 17:30:00,0.40553173,8.1
2026-03-02 17:35:00,0.40553173,8.1
2026-03-02 17:40:00,0.40494988,8.1
2026-03-02 17:45:00,0.40510504,8.1
2026-03-02 17:50:00,0.40479472,8.1
2026-03-02 17:55:00,0.4044844,8.1
2026-03-02 18:00:00,0.40452319,8.1
2026-03-02 18:05:00,0.40436803,8.06
2026-03-02 18:10:00,0.4040965,8.0
2026-03-02 18:15:00,0.40374739,8.0
2026-03-02 18:20:00,0.40366981,8.0
2026-03-02 18:25:00,0.40351465,8.0
2026-03-02 18:30:00,0.40324312,8.0
2026-03-02 18:35:00,0.40301038,8.0
2026-03-02 18:40:00,0.40304917,8.0
2026-03-02 18:45:00,0.40266127,8.0
2026-03-02 18:50:00,0.40250611,8.0
2026-03-02 18:55:00,0.40242853,7.96
2026-03-02 19:00:00,0.40227337,7.9
2026-03-02 19:05:00,0.402157,7.9
2026-03-02 19:10:00,0.40192426,7.9
2026-03-02 19:15:00,0.40200184,7.9
2026-03-02 19:20:00,0.40188547,7.9
2026-03-02 19:25:00,0.40161394,7.9
2026-03-02 19:30:00,0.40173031,7.9
2026-03-02 19:35:00,0.40149757,7.9
2026-03-02 19:40:00,0.4013812,7.9
2026-03-02 19:45:00,0.40083814,7.9
2026-03-02 19:50:00,0.40095451,7.82
2026-03-02 19:55:00,0.40110967,7.8
2026-03-02 20:00:00,0.4006054,7.8
2026-03-02 20:05:00,0.40068298,7.8
2026-03-02 20:10:00,0.40064419,7.8
2026-03-02 20:15:00,0.40045024,7.8
2026-03-02 20:20:00,0.40006234,7.8
2026-03-02 20:25:00,0.40006234,7.8
2026-03-02 20:30:00,0.39986839,7.8
2026-03-02 20:35:00,0.39990718,7.8
2026-03-02 20:40:00,0.39990718,7.8
2026-03-02 20:45:00,0.3994417,7.8
2026-03-02 20:50:00,0.39955807,7.8
2026-03-02 20:55:00,0.39959686,7.8
2026-03-02 21:00:00,0.39928654,7.8
2026-03-02 21:05:00,0.3990538,7.7
2026-03-02 21:10:00,0.39913138,7.7
2026-03-02 21:15:00,0.39878227,7.7
2026-03-02 21:20:00,0.39885985,7.7
2026-03-02 21:25:00,0.39885985,7.7
2026-03-02 21:30:00,0.39878227,7.7
2026-03-02 21:35:00,0.39870469,7.7
2026-03-02 21:40:00,0.39858832,7.7
2026-03-02 21:45:00,0.39870469,7.7
2026-03-02 21:50:00,0.39835558,7.7
2026-03-02 21:55:00,0.39847195,7.7
2026-03-02 22:00:00,0.39804526,7.7
2026-03-02 22:05:00,0.39812284,7.7
2026-03-02 22:10:00,0.3978901,7.7
2026-03-02 22:15:00,0.39773494,7.7
2026-03-02 22:20:00,0.39781252,7.7
2026-03-02 22:25:00,0.39765736,7.7
2026-03-02 22:30:00,0.3975022,7.7
2026-03-02 22:35:00,0.3975022,7.7
2026-03-02 22:40:00,0.39723067,7.7
2026-03-02 22:45:00,0.39719188,7.7
2026-03-02 22:50:00,0.39719188,7.64
2026-03-02 22:55:00,0.39715309,7.6
2026-03-02 23:00:00,0.39719188,7.6
2026-03-02 23:05:00,0.39676519,7.6
2026-03-02 23:10:00,0.39668761,7.6
2026-03-02 23:15:00,0.39668761,7.6
2026-03-02 23:20:00,0.39641608,7.6
2026-03-02 23:25:00,0.39657124,7.6
2026-03-02 23:30:00,0.39649366,7.6
2026-03-02 23:35:00,0.39622213,7.6
2026-03-02 23:40:00,0.39626092,7.6
2026-03-02 23:45:00,0.39629971,7.6
2026-03-02 23:50:00,0.39622213,7.6
2026-03-02 23:55:00,0.39579544,7.54
2026-03-03 00:00:00,0.39579544,7.5
2026-03-03 00:05:00,0.39579544,7.5
2026-03-03 00:10:00,0.39602818,7.5
2026-03-03 00:15:00,0.39567907,7.5
2026-03-03 00:20:00,0.39564028,7.5
2026-03-03 00:25:00,0.39567907,7.5
2026-03-03 00:30:00,0.39540754,7.5
2026-03-03 00:35:00,0.39548512,7.5
2026-03-03 00:40:00,0.39532996,7.5
2026-03-03 00:45:00,0.39571786,7.5
2026-03-03 00:50:00,0.39540754,7.46
2026-03-03 00:55:00,0.39529117,7.4
2026-03-03 01:00:00,0.39544633,7.4
2026-03-03 01:05:00,0.3951748,7.4
2026-03-03 01:10:00,0.39494206,7.4
2026-03-03 01:15:00,0.39494206,7.4
2026-03-03 01:20:00,0.39482569,7.4
2026-03-03 01:25:00,0.39474811,7.4
2026-03-03 01:30:00,0.39474811,7.5
2026-03-03 01:35:00,0.39486448,7.5
2026-03-03 01:40:00,0.39455416,7.5
2026-03-03 01:45:00,0.39436021,7.5
2026-03-03 01:50:00,0.39443779,7.5
2026-03-03 01:55:00,0.39404989,7.5
2026-03-03 02:00:00,0.39432142,7.5
2026-03-03 02:05:00,0.39420505,7.58
2026-03-03 02:10:00,0.39404989,7.6
2026-03-03 02:15:00,0.39373957,7.6
2026-03-03 02:20:00,0.39366199,7.6
2026-03-03 02:25:00,0.39350683,7.64
2026-03-03 02:30:00,0.39335167,7.7
2026-03-03 02:35:00,0.39354562,7.7
2026-03-03 02:40:00,0.39335167,7.7
2026-03-03 02:45:00,0.39327409,7.76
2026-03-03 02:50:00,0.39288619,7.8
2026-03-03 02:55:00,0.3928474,7.8
2026-03-03 03:00:00,0.3932353,7.84
2026-03-03 03:05:00,0.39311893,7.9
2026-03-03 03:10:00,0.39249829,7.9
2026-03-03 03:15:00,0.39253708,7.96
2026-03-03 03:20:00,0.39253708,8.0
2026-03-03 03:25:00,0.39261466,8.02
2026-03-03 03:30:00,0.3920716,8.1
2026-03-03 03:35:00,0.39222676,8.12
2026-03-03 03:40:00,0.3920716,8.2
2026-03-03 03:45:00,0.39191644,8.2
2026-03-03 03:50:00,0.39176128,8.3
2026-03-03 03:55:00,0.39172249,8.3
2026-03-03 04:00:00,0.39137338,8.4
2026-03-03 04:05:00,0.39164491,8.4
2026-03-03 04:10:00,0.39145096,8.5
2026-03-03 04:15:00,0.39133459,8.52
2026-03-03 04:20:00,0.39106306,8.6
2026-03-03 04:25:00,0.3909079,8.62
2026-03-03 04:30:00,0.39079153,8.7
2026-03-03 04:35:00,0.39075274,8.72
2026-03-03 04:40:00,0.39083032,8.8
2026-03-03 04:45:00,0.39059758,8.82
2026-03-03 04:50:00,0.39024847,8.9
2026-03-03 04:55:00,0.39059758,8.94
2026-03-03 05:00:00,0.39020968,9.0
2026-03-03 05:05:00,0.39017089,9.08
2026-03-03 05:10:00,0.39020968,9.1
2026-03-03 05:15:00,0.38997694,9.2
2026-03-03 05:20:00,0.38978299,9.24
2026-03-03 05:25:00,0.38955025,9.3
2026-03-03 05:30:00,0.38955025,9.38
2026-03-03 05:35:00,0.38951146,9.42
2026-03-03 05:40:00,0.38951146,9.5
2026-03-03 05:45:00,0.3889684,9.56
2026-03-03 05:50:00,0.38931751,9.6
2026-03-03 05:55:00,0.38877445,9.7
2026-03-03 06:00:00,0.38869687,9.74
2026-03-03 06:05:00,0.38846413,9.8
2026-03-03 06:10:00,0.38861929,9.9
2026-03-03 06:15:00,0.38827018,9.98
2026-03-03 06:20:00,0.38799865,10.02
2026-03-03 06:25:00,0.38795986,10.1
2026-03-03 06:30:00,0.38803744,10.18
2026-03-03 06:35:00,0.38788228,10.22
2026-03-03 06:40:00,0.38753317,10.3
2026-03-03 06:45:00,0.38726164,10.38
2026-03-03 06:50:00,0.38730043,10.42
2026-03-03 06:55:00,0.38714527,10.5
2026-03-03 07:00:00,0.38687374,10.56
2026-03-03 07:05:00,0.38671858,10.6
2026-03-03 07:10:00,0.38648584,10.7
2026-03-03 07:15:00,0.38656342,10.7
2026-03-03 07:20:00,0.386641,10.8
2026-03-03 07:25:00,0.38617552,10.8
2026-03-03 07:30:00,0.38613673,10.88
2026-03-03 07:35:00,0.38621431,10.9
2026-03-03 07:40:00,0.38602036,10.9
2026-03-03 07:45:00,0.3858652,11.0
2026-03-03 07:50:00,0.38574883,11.0
2026-03-03 07:55:00,0.38559367,11.0
2026-03-03 08:00:00,0.38539972,11.0
2026-03-03 08:05:00,0.38528335,11.04
2026-03-03 08:10:00,0.38532214,11.1
2026-03-03 08:15:00,0.3850894,11.1
2026-03-03 08:20:00,0.38497303,11.1
2026-03-03 08:25:00,0.38489545,11.1
2026-03-03 08:30:00,0.38477908,11.1
2026-03-03 08:35:00,0.38477908,11.1
2026-03-03 08:40:00,0.38462392,11.1
2026-03-03 08:45:00,0.38474029,11.1
2026-03-03 08:50:00,0.38450755,11.1
2026-03-03 08:55:00,0.38454634,11.1
2026-03-03 09:00:00,0.38435239,11.1
2026-03-03 09:05:00,0.3843136,11.1
2026-03-03 09:10:00,0.38427481,11.1
2026-03-03 09:15:00,0.38415844,11.1
2026-03-03 09:20:00,0.38404207,11.04
2026-03-03 09:25:00,0.38408086,11.0
2026-03-03 09:30:00,0.38396449,11.0
2026-03-03 09:35:00,0.38404207,11.0
2026-03-03 09:40:00,0.38373175,11.0
2026-03-03 09:45:00,0.38380933,10.94
2026-03-03 09:50:00,0.38369296,10.9
2026-03-03 09:55:00,0.38377054,10.9
2026-03-03 10:00:00,0.38357659,10.9
2026-03-03 10:05:00,0.38377054,10.8
2026-03-03 10:10:00,0.38361538,10.8
2026-03-03 10:15:00,0.38365417,10.78
2026-03-03 10:20:00,0.3835378,10.7
2026-03-03 10:25:00,0.38338264,10.7
2026-03-03 10:30:00,0.38346022,10.66
2026-03-03 10:35:00,0.38342143,10.6
2026-03-03 10:40:00,0.38346022,10.6
2026-03-03 10:45:00,0.38330506,10.5
2026-03-03 10:50:00,0.38338264,10.5
2026-03-03 10:55:00,0.38338264,10.42
2026-03-03 11:00:00,0.3831499,10.4
2026-03-03 11:05:00,0.38322748,10.36
2026-03-03 11:10:00,0.3831499,10.3
2026-03-03 11:15:00,0.38330506,10.3
2026-03-03 11:20:00,0.38326627,10.2
2026-03-03 11:25:00,0.38318869,10.2
2026-03-03 11:30:00,0.38318869,10.16
2026-03-03 11:35:00,0.38318869,10.1
2026-03-03 11:40:00,0.38299474,10.1
2026-03-03 11:45:00,0.38318869,10.02
2026-03-03 11:50:00,0.38303353,10.0
2026-03-03 11:55:00,0.38307232,9.98
2026-03-03 12:00:00,0.38330506,9.9
2026-03-03 12:05:00,0.38287837,9.9
2026-03-03 12:10:00,0.38291716,9.8
2026-03-03 12:15:00,0.38318869,9.8
2026-03-03 12:20:00,0.3831499,9.76
2026-03-03 12:25:00,0.38280079,9.7
2026-03-03 12:30:00,0.38307232,9.7
2026-03-03 12:35:00,0.38318869,9.62
2026-03-03 12:40:00,0.38287837,9.6
2026-03-03 12:45:00,0.38303353,9.6
2026-03-03 12:50:00,0.38295595,9.54
2026-03-03 12:55:00,0.382762,9.5
2026-03-03 13:00:00,0.38303353,9.5
2026-03-03 13:05:00,0.38283958,9.44
2026-03-03 13:10:00,0.38264563,9.4
2026-03-03 13:15:00,0.38280079,9.4
2026-03-03 13:20:00,0.38287837,9.38
2026-03-03 13:25:00,0.38299474,9.3
2026-03-03 13:30:00,0.38260684,9.3
2026-03-03 13:35:00,0.38280079,9.3
2026-03-03 13:40:00,0.38272321,9.26
2026-03-03 13:45:00,0.38268442,9.2
2026-03-03 13:50:00,0.38287837,9.2
2026-03-03 13:55:00,0.38260684,9.2
2026-03-03 14:00:00,0.38280079,9.1
2026-03-03 14:05:00,0.38287837,9.1
2026-03-03 14:10:00,0.38272321,9.1
2026-03-03 14:15:00,0.382762,9.1
2026-03-03 14:20:00,0.38256805,9.02
2026-03-03 14:25:00,0.38245168,9.0
2026-03-03 14:30:00,0.38249047,9.0
2026-03-03 14:35:00,0.38241289,8.98
2026-03-03 14:40:00,0.38264563,8.9
2026-03-03 14:45:00,0.38272321,8.9
2026-03-03 14:50:00,0.38241289,8.9
2026-03-03 14:55:00,0.38252926,8.82
2026-03-03 15:00:00,0.382762,8.8
2026-03-03 15:05:00,0.3823741,8.8
2026-03-03 15:10:00,0.38241289,8.76
2026-03-03 15:15:00,0.38252926,8.7
2026-03-03 15:20:00,0.38233531,8.7
2026-03-03 15:25:00,0.38249047,8.7
2026-03-03 15:30:00,0.38229652,8.6
2026-03-03 15:35:00,0.38229652,8.6
2026-03-03 15:40:00,0.38233531,8.6
2026-03-03 15:45:00,0.3823741,8.5
2026-03-03 15:50:00,0.38233531,8.5
2026-03-03 15:55:00,0.38260684,8.48
2026-03-03 16:00:00,0.38229652,8.4
2026-03-03 16:05:00,0.38245168,8.4
2026-03-03 16:10:00,0.38225773,8.36
2026-03-03 16:15:00,0.38218015,8.3
2026-03-03 16:20:00,0.38245168,8.3
2026-03-03 16:25:00,0.38256805,8.24
2026-03-03 16:30:00,0.38241289,8.2
2026-03-03 16:35:00,0.38245168,8.2
2026-03-03 16:40:00,0.38233531,8.12
2026-03-03 16:45:00,0.38218015,8.1
2026-03-03 16:50:00,0.38221894,8.08
2026-03-03 16:55:00,0.3823741,8.0
2026-03-03 17:00:00,0.38221894,8.0
2026-03-03 17:05:00,0.38210257,7.94
2026-03-03 17:10:00,0.3823741,7.9
2026-03-03 17:15:00,0.38229652,7.9
2026-03-03 17:20:00,0.38233531,7.8
2026-03-03 17:25:00,0.38229652,7.8
2026-03-03 17:30:00,0.38241289,7.78
2026-03-03 17:35:00,0.38249047,7.7
2026-03-03 17:40:00,0.38218015,7.7
2026-03-03 17:45:00,0.38221894,7.66
2026-03-03 17:50:00,0.3823741,7.6
2026-03-03 17:55:00,0.38249047,7.6
2026-03-03 18:00:00,0.38256805,7.52
2026-03-03 18:05:00,0.3823741,7.5
2026-03-03 18:10:00,0.38252926,7.5
2026-03-03 18:15:00,0.38260684,7.4
2026-03-03 18:20:00,0.38252926,7.4
2026-03-03 18:25:00,0.38233531,7.4
2026-03-03 18:30:00,0.38218015,7.3
2026-03-03 18:35:00,0.38245168,7.3
2026-03-03 18:40:00,0.38249047,7.3
2026-03-03 18:45:00,0.38264563,7.2
2026-03-03 18:50:00,0.38233531,7.2
2026-03-03 18:55:00,0.38229652,7.18
2026-03-03 19:00:00,0.38241289,7.1
2026-03-03 19:05:00,0.38256805,7.1
2026-03-03 19:10:00,0.3823741,7.08
2026-03-03 19:15:00,0.38256805,7.0
2026-03-03 19:20:00,0.38260684,7.0
2026-03-03 19:25:00,0.38249047,6.98
2026-03-03 19:30:00,0.38260684,6.9
2026-03-03 19:35:00,0.38245168,6.9
2026-03-03 19:40:00,0.38252926,6.9
2026-03-03 19:45:00,0.38252926,6.8
2026-03-03 19:50:00,0.3823741,6.8
2026-03-03 19:55:00,0.38268442,6.8
2026-03-03 20:00:00,0.3823741,6.74
2026-03-03 20:05:00,0.38241289,6.7
2026-03-03 20:10:00,0.38229652,6.7
2026-03-03 20:15:00,0.38245168,6.66
2026-03-03 20:20:00,0.38260684,6.6
2026-03-03 20:25:00,0.3823741,6.6
2026-03-03 20:30:00,0.38229652,6.58
2026-03-03 20:35:00,0.38256805,6.5
2026-03-03 20:40:00,0.38245168,6.5
2026-03-03 20:45:00,0.38245168,6.5
2026-03-03 20:50:00,0.3819862,6.44
2026-03-03 20:55:00,0.38233531,6.4
2026-03-03 21:00:00,0.38245168,6.4
2026-03-03 21:05:00,0.38241289,6.4
2026-03-03 21:10:00,0.38272321,6.3
2026-03-03 21:15:00,0.3823741,6.3
2026-03-03 21:20:00,0.38260684,6.3
2026-03-03 21:25:00,0.38221894,6.28
2026-03-03 21:30:00,0.38221894,6.2
2026-03-03 21:35:00,0.38256805,6.2
2026-03-03 21:40:00,0.38241289,6.2
2026-03-03 21:45:00,0.38210257,6.16
2026-03-03 21:50:00,0.38252926,6.1
2026-03-03 21:55:00,0.38241289,6.1
2026-03-03 22:00:00,0.38221894,6.1
2026-03-03 22:05:00,0.38241289,6.04
2026-03-03 22:10:00,0.38233531,6.0
2026-03-03 22:15:00,0.38225773,6.0
2026-03-03 22:20:00,0.38252926,6.0
2026-03-03 22:25:00,0.38225773,5.96
2026-03-03 22:30:00,0.38252926,5.9
2026-03-03 22:35:00,0.38249047,5.9
2026-03-03 22:40:00,0.38225773,5.9
2026-03-03 22:45:00,0.38241289,5.88
2026-03-03 22:50:00,0.38241289,5.8
2026-03-03 22:55:00,0.38252926,5.8
2026-03-03 23:00:00,0.38221894,5.8
2026-03-03 23:05:00,0.3823741,5.8
2026-03-03 23:10:00,0.38221894,5.7
2026-03-03 23:15:00,0.38218015,5.7
2026-03-03 23:20:00,0.38221894,5.7
2026-03-03 23:25:00,0.38225773,5.7
2026-03-03 23:30:00,0.3823741,5.7
2026-03-03 23:35:00,0.38202499,5.6
2026-03-03 23:40:00,0.38221894,5.6
2026-03-03 23:45:00,0.38206378,5.6
2026-03-03 23:50:00,0.38214136,5.6
2026-03-03 23:55:00,0.38214136,5.6
2026-03-04 00:00:00,0.38225773,5.54
2026-03-04 00:05:00,0.38233531,5.5
2026-03-04 00:10:00,0.38202499,5.5
2026-03-04 00:15:00,0.38214136,5.5
2026-03-04 00:20:00,0.38183104,5.5
2026-03-04 00:25:00,0.38210257,5.5
2026-03-04 00:30:00,0.38183104,5.5
2026-03-04 00:35:00,0.38206378,5.4
2026-03-04 00:40:00,0.38225773,5.4
2026-03-04 00:45:00,0.3819862,5.4
2026-03-04 00:50:00,0.3819862,5.4
2026-03-04 00:55:00,0.38186983,5.4
2026-03-04 01:00:00,0.38190862,5.4
2026-03-04 01:05:00,0.38202499,5.4
2026-03-04 01:10:00,0.38186983,5.4
2026-03-04 01:15:00,0.38175346,5.4
2026-03-04 01:20:00,0.3819862,5.4
2026-03-04 01:25:00,0.38179225,5.4
2026-03-04 01:30:00,0.38202499,5.4
2026-03-04 01:35:00,0.38167588,5.4
2026-03-04 01:40:00,0.38179225,5.4
2026-03-04 01:45:00,0.38167588,5.4
2026-03-04 01:50:00,0.38167588,5.4
2026-03-04 01:55:00,0.38155951,5.4
2026-03-04 02:00:00,0.38171467,5.4
2026-03-04 02:05:00,0.3815983,5.48
2026-03-04 02:10:00,0.3815983,5.5
2026-03-04 02:15:00,0.38148193,5.5
2026-03-04 02:20:00,0.38144314,5.52
2026-03-04 02:25:00,0.38148193,5.6
2026-03-04 02:30:00,0.38148193,5.6
2026-03-04 02:35:00,0.38148193,5.62
2026-03-04 02:40:00,0.38128798,5.7
2026-03-04 02:45:00,0.38124919,5.7
2026-03-04 02:50:00,0.38113282,5.76
2026-03-04 02:55:00,0.38093887,5.8
2026-03-04 03:00:00,0.38117161,5.84
2026-03-04 03:05:00,0.38086129,5.9
2026-03-04 03:10:00,0.38105524,5.94
2026-03-04 03:15:00,0.38105524,6.0
2026-03-04 03:20:00,0.38055097,6.04
2026-03-04 03:25:00,0.38062855,6.1
2026-03-04 03:30:00,0.38055097,6.16
2026-03-04 03:35:00,0.38020186,6.2
2026-03-04 03:40:00,0.38027944,6.3
2026-03-04 03:45:00,0.3804346,6.34
2026-03-04 03:50:00,0.38000791,6.4
2026-03-04 03:55:00,0.38016307,6.48
2026-03-04 04:00:00,0.37969759,6.52
2026-03-04 04:05:00,0.38012428,6.6
2026-03-04 04:10:00,0.3800467,6.68
2026-03-04 04:15:00,0.37973638,6.74
2026-03-04 04:20:00,0.37981396,6.8
2026-03-04 04:25:00,0.37985275,6.9
2026-03-04 04:30:00,0.37942606,6.96
2026-03-04 04:35:00,0.37962001,7.04
2026-03-04 04:40:00,0.37930969,7.12
2026-03-04 04:45:00,0.37923211,7.22
2026-03-04 04:50:00,0.37954243,7.3
2026-03-04 04:55:00,0.37892179,7.4
2026-03-04 05:00:00,0.37896058,7.5
2026-03-04 05:05:00,0.37880542,7.6
2026-03-04 05:10:00,0.37853389,7.7
2026-03-04 05:15:00,0.37841752,7.8
2026-03-04 05:20:00,0.37833994,7.92
2026-03-04 05:25:00,0.37799083,8.04
2026-03-04 05:30:00,0.37818478,8.14
2026-03-04 05:35:00,0.37779688,8.26
2026-03-04 05:40:00,0.37783567,8.36
2026-03-04 05:45:00,0.37775809,8.48
2026-03-04 05:50:00,0.37748656,8.62
2026-03-04 05:55:00,0.3773314,8.7
2026-03-04 06:00:00,0.37713745,8.82
2026-03-04 06:05:00,0.37709866,8.92
2026-03-04 06:10:00,0.37702108,9.04
2026-03-04 06:15:00,0.37678834,9.14
2026-03-04 06:20:00,0.37682713,9.26
2026-03-04 06:25:00,0.37674955,9.36
2026-03-04 06:30:00,0.37667197,9.46
2026-03-04 06:35:00,0.37624528,9.56
2026-03-04 06:40:00,0.37620649,9.64
2026-03-04 06:45:00,0.37624528,9.72
2026-03-04 06:50:00,0.37624528,9.82
2026-03-04 06:55:00,0.37581859,9.9
2026-03-04 07:00:00,0.37597375,9.98
2026-03-04 07:05:00,0.3757798,10.04
2026-03-04 07:10:00,0.37554706,10.1
2026-03-04 07:15:00,0.37554706,10.2
2026-03-04 07:20:00,0.37546948,10.22
2026-03-04 07:25:00,0.37546948,10.3
2026-03-04 07:30:00,0.37527553,10.36
2026-03-04 07:35:00,0.37531432,10.4
2026-03-04 07:40:00,0.37515916,10.44
2026-03-04 07:45:00,0.37508158,10.5
2026-03-04 07:50:00,0.37496521,10.52
2026-03-04 07:55:00,0.375004,10.6
2026-03-04 08:00:00,0.37469368,10.6
2026-03-04 08:05:00,0.3746161,10.66
2026-03-04 08:10:00,0.37469368,10.7
2026-03-04 08:15:00,0.37473247,10.7
2026-03-04 08:20:00,0.3746161,10.7
2026-03-04 08:25:00,0.37449973,10.8
2026-03-04 08:30:00,0.37430578,10.8
2026-03-04 08:35:00,0.37473247,10.8
2026-03-04 08:40:00,0.37434457,10.8
2026-03-04 08:45:00,0.37438336,10.8
2026-03-04 08:50:00,0.37449973,10.8
2026-03-04 08:55:00,0.37430578,10.8
2026-03-04 09:00:00,0.3742282,10.8
2026-03-04 09:05:00,0.37438336,10.8
2026-03-04 09:10:00,0.37418941,10.8
2026-03-04 09:15:00,0.37418941,10.8
2026-03-04 09:20:00,0.37418941,10.8
2026-03-04 09:25:00,0.37426699,10.8
2026-03-04 09:30:00,0.37415062,10.78
2026-03-04 09:35:00,0.37403425,10.7
2026-03-04 09:40:00,0.3742282,10.7
2026-03-04 09:45:00,0.37399546,10.7
2026-03-04 09:50:00,0.37399546,10.66
2026-03-04 09:55:00,0.37415062,10.6
2026-03-04 10:00:00,0.37418941,10.6
2026-03-04 10:05:00,0.37391788,10.56
2026-03-04 10:10:00,0.37395667,10.5
2026-03-04 10:15:00,0.37403425,10.5
2026-03-04 10:20:00,0.37395667,10.42
2026-03-04 10:25:00,0.37387909,10.4
2026-03-04 10:30:00,0.37391788,10.38
2026-03-04 10:35:00,0.37395667,10.3
2026-03-04 10:40:00,0.37399546,10.3
2026-03-04 10:45:00,0.37403425,10.2
2026-03-04 10:50:00,0.37430578,10.2
2026-03-04 10:55:00,0.3742282,10.14
2026-03-04 11:00:00,0.37411183,10.1
2026-03-04 11:05:00,0.37399546,10.04
2026-03-04 11:10:00,0.37415062,10.0
2026-03-04 11:15:00,0.37403425,9.96
2026-03-04 11:20:00,0.3742282,9.9
2026-03-04 11:25:00,0.37411183,9.84
2026-03-04 11:30:00,0.37438336,9.8
2026-03-04 11:35:00,0.37434457,9.74
2026-03-04 11:40:00,0.37438336,9.7
2026-03-04 11:45:00,0.37430578,9.64
2026-03-04 11:50:00,0.37434457,9.6
2026-03-04 11:55:00,0.37438336,9.56
2026-03-04 12:00:00,0.3742282,9.5
2026-03-04 12:05:00,0.37418941,9.44
2026-03-04 12:10:00,0.37430578,9.4
2026-03-04 12:15:00,0.37442215,9.36
2026-03-04 12:20:00,0.37449973,9.3
2026-03-04 12:25:00,0.3746161,9.26
2026-03-04 12:30:00,0.37438336,9.2
2026-03-04 12:35:00,0.37430578,9.14
2026-03-04 12:40:00,0.37442215,9.1
2026-03-04 12:45:00,0.37469368,9.06
2026-03-04 12:50:00,0.37446094,9.0
2026-03-04 12:55:00,0.37442215,8.96
2026-03-04 13:00:00,0.37438336,8.9
2026-03-04 13:05:00,0.37484884,8.88
2026-03-04 13:10:00,0.37457731,8.8
2026-03-04 13:15:00,0.37477126,8.8
2026-03-04 13:20:00,0.37465489,8.7
2026-03-04 13:25:00,0.37469368,8.7
2026-03-04 13:30:00,0.37477126,8.64
2026-03-04 13:35:00,0.37469368,8.6
2026-03-04 13:40:00,0.37473247,8.56
2026-03-04 13:45:00,0.37473247,8.5
2026-03-04 13:50:00,0.37457731,8.48
2026-03-04 13:55:00,0.37457731,8.4
2026-03-04 14:00:00,0.37457731,8.4
2026-03-04 14:05:00,0.37473247,8.32
2026-03-04 14:10:00,0.37465489,8.3
2026-03-04 14:15:00,0.37465489,8.24
2026-03-04 14:20:00,0.37469368,8.2
2026-03-04 14:25:00,0.37484884,8.18
2026-03-04 14:30:00,0.37496521,8.1
2026-03-04 14:35:00,0.37473247,8.1
2026-03-04 14:40:00,0.3746161,8.0
2026-03-04 14:45:00,0.37504279,8.0
2026-03-04 14:50:00,0.37492642,7.94
2026-03-04 14:55:00,0.37484884,7.9
2026-03-04 15:00:00,0.37481005,7.9
2026-03-04 15:05:00,0.37496521,7.8
2026-03-04 15:10:00,0.37488763,7.8
2026-03-04 15:15:00,0.37492642,7.74
2026-03-04 15:20:00,0.37512037,7.7
2026-03-04 15:25:00,0.37484884,7.7
2026-03-04 15:30:00,0.37515916,7.6
2026-03-04 15:35:00,0.37523674,7.6
2026-03-04 15:40:00,0.37512037,7.52
2026-03-04 15:45:00,0.375004,7.5
2026-03-04 15:50:00,0.37515916,7.5
2026-03-04 15:55:00,0.37535311,7.4
2026-03-04 16:00:00,0.37546948,7.4
2026-03-04 16:05:00,0.37519795,7.38
2026-03-04 16:10:00,0.37527553,7.3
2026-03-04 16:15:00,0.37531432,7.3
2026-03-04 16:20:00,0.375004,7.26
2026-03-04 16:25:00,0.37535311,7.2
2026-03-04 16:30:00,0.37531432,7.2
2026-03-04 16:35:00,0.37496521,7.14
2026-03-04 16:40:00,0.37531432,7.1
2026-03-04 16:45:00,0.37527553,7.1
2026-03-04 16:50:00,0.37519795,7.02
2026-03-04 16:55:00,0.37512037,7.0
2026-03-04 17:00:00,0.3753919,7.0
2026-03-04 17:05:00,0.37519795,6.92
2026-03-04 17:10:00,0.37508158,6.9
2026-03-04 17:15:00,0.37562464,6.9
2026-03-04 17:20:00,0.37554706,6.82
2026-03-04 17:25:00,0.37562464,6.8
2026-03-04 17:30:00,0.37527553,6.8
2026-03-04 17:35:00,0.37570222,6.74
2026-03-04 17:40:00,0.37535311,6.7
2026-03-04 17:45:00,0.37554706,6.7
2026-03-04 17:50:00,0.37550827,6.64
2026-03-04 17:55:00,0.37558585,6.6
2026-03-04 18:00:00,0.37570222,6.6
2026-03-04 18:05:00,0.37543069,6.56
2026-03-04 18:10:00,0.37523674,6.5
2026-03-04 18:15:00,0.37566343,6.5
2026-03-04 18:20:00,0.37519795,6.5
2026-03-04 18:25:00,0.37550827,6.4
2026-03-04 18:30:00,0.37543069,6.4
2026-03-04 18:35:00,0.37554706,6.4
2026-03-04 18:40:00,0.37558585,6.34
2026-03-04 18:45:00,0.37562464,6.3
2026-03-04 18:50:00,0.37550827,6.3
2026-03-04 18:55:00,0.37543069,6.28
2026-03-04 19:00:00,0.37566343,6.2
2026-03-04 19:05:00,0.37562464,6.2
2026-03-04 19:10:00,0.37550827,6.2
2026-03-04 19:15:00,0.37574101,6.14
2026-03-04 19:20:00,0.37535311,6.1
2026-03-04 19:25:00,0.37546948,6.1
2026-03-04 19:30:00,0.3757798,6.1
2026-03-04 19:35:00,0.37558585,6.0
2026-03-04 19:40:00,0.37574101,6.0
2026-03-04 19:45:00,0.37543069,6.0
2026-03-04 19:50:00,0.37531432,6.0
2026-03-04 19:55:00,0.37554706,5.9
2026-03-04 20:00:00,0.37558585,5.9
2026-03-04 20:05:00,0.37558585,5.9
2026-03-04 20:10:00,0.37554706,5.9
2026-03-04 20:15:00,0.37562464,5.8
2026-03-04 20:20:00,0.37543069,5.8
2026-03-04 20:25:00,0.37562464,5.8
2026-03-04 20:30:00,0.37562464,5.78
2026-03-04 20:35:00,0.3753919,5.7
2026-03-04 20:40:00,0.3757798,5.7
2026-03-04 20:45:00,0.37558585,5.7
2026-03-04 20:50:00,0.3757798,5.7
2026-03-04 20:55:00,0.37566343,5.64
2026-03-04 21:00:00,0.37570222,5.6
2026-03-04 21:05:00,0.37570222,5.6
2026-03-04 21:10:00,0.37543069,5.6
2026-03-04 21:15:00,0.37550827,5.6
2026-03-04 21:20:00,0.37554706,5.5
2026-03-04 21:25:00,0.37570222,5.5
2026-03-04 21:30:00,0.37558585,5.5
2026-03-04 21:35:00,0.37543069,5.5
2026-03-04 21:40:00,0.37531432,5.44
2026-03-04 21:45:00,0.37554706,5.4
2026-03-04 21:50:00,0.37554706,5.4
2026-03-04 21:55:00,0.37570222,5.4
2026-03-04 22:00:00,0.37543069,5.4
2026-03-04 22:05:00,0.37562464,5.38
2026-03-04 22:10:00,0.37531432,5.3
2026-03-04 22:15:00,0.37543069,5.3
2026-03-04 22:20:00,0.37543069,5.3
2026-03-04 22:25:00,0.37554706,5.3
2026-03-04 22:30:00,0.37550827,5.3
2026-03-04 22:35:00,0.37554706,5.22
2026-03-04 22:40:00,0.37558585,5.2
2026-03-04 22:45:00,0.37554706,5.2
2026-03-04 22:50:00,0.37570222,5.2
2026-03-04 22:55:00,0.37554706,5.2
2026-03-04 23:00:00,0.37543069,5.2
2026-03-04 23:05:00,0.37570222,5.16
2026-03-04 23:10:00,0.37570222,5.1
2026-03-04 23:15:00,0.37558585,5.1
2026-03-04 23:20:00,0.37535311,5.1
2026-03-04 23:25:00,0.37550827,5.1
2026-03-04 23:30:00,0.37527553,5.1
2026-03-04 23:35:00,0.37558585,5.08
2026-03-04 23:40:00,0.37566343,5.0
2026-03-04 23:45:00,0.3753919,5.0
2026-03-04 23:50:00,0.37546948,5.0
2026-03-04 23:55:00,0.37531432,5.0
2026-03-05 00:00:00,0.37550827,5.0
2026-03-05 00:05:00,0.37546948,5.0
2026-03-05 00:10:00,0.37546948,5.0
2026-03-05 00:15:00,0.37546948,5.0
2026-03-05 00:20:00,0.37554706,4.9
2026-03-05 00:25:00,0.37531432,4.9
2026-03-05 00:30:00,0.37550827,4.9
2026-03-05 00:35:00,0.37512037,4.9
2026-03-05 00:40:00,0.37543069,4.9
2026-03-05 00:45:00,0.37515916,4.9
2026-03-05 00:50:00,0.37531432,4.9
2026-03-05 00:55:00,0.37535311,4.9
2026-03-05 01:00:00,0.37543069,4.9
2026-03-05 01:05:00,0.37512037,4.9
2026-03-05 01:10:00,0.3753919,4.9
2026-03-05 01:15:00,0.37519795,4.9
2026-03-05 01:20:00,0.37515916,4.9
2026-03-05 01:25:00,0.37519795,4.9
2026-03-05 01:30:00,0.37504279,4.94
2026-03-05 01:35:00,0.37519795,5.0
2026-03-05 01:40:00,0.37512037,5.0
2026-03-05 01:45:00,0.37481005,5.0
2026-03-05 01:50:00,0.37488763,5.0
2026-03-05 01:55:00,0.37488763,5.08
2026-03-05 02:00:00,0.37473247,5.1
2026-03-05 02:05:00,0.37504279,5.12
2026-03-05 02:10:00,0.37492642,5.2
2026-03-05 02:15:00,0.37477126,5.2
2026-03-05 02:20:00,0.37457731,5.24
2026-03-05 02:25:00,0.37469368,5.3
2026-03-05 02:30:00,0.37481005,5.32
2026-03-05 02:35:00,0.37453852,5.4
2026-03-05 02:40:00,0.37442215,5.42
2026-03-05 02:45:00,0.37434457,5.5
2026-03-05 02:50:00,0.37411183,5.56
2026-03-05 02:55:00,0.37411183,5.6
2026-03-05 03:00:00,0.37430578,5.68
2026-03-05 03:05:00,0.37399546,5.72
2026-03-05 03:10:00,0.37415062,5.8
2026-03-05 03:15:00,0.37368514,5.88
2026-03-05 03:20:00,0.37376272,5.94
2026-03-05 03:25:00,0.37360756,6.0
2026-03-05 03:30:00,0.37380151,6.1
2026-03-05 03:35:00,0.37356877,6.16
2026-03-05 03:40:00,0.37329724,6.24
2026-03-05 03:45:00,0.37341361,6.32
2026-03-05 03:50:00,0.37333603,6.4
2026-03-05 03:55:00,0.37318087,6.5
2026-03-05 04:00:00,0.37314208,6.58
2026-03-05 04:05:00,0.37318087,6.66
2026-03-05 04:10:00,0.37287055,6.74
2026-03-05 04:15:00,0.37298692,6.82
2026-03-05 04:20:00,0.37252144,6.92
2026-03-05 04:25:00,0.37263781,7.0
2026-03-05 04:30:00,0.37279297,7.1
2026-03-05 04:35:00,0.37259902,7.18
2026-03-05 04:40:00,0.37244386,7.26
2026-03-05 04:45:00,0.37236628,7.36
2026-03-05 04:50:00,0.37193959,7.44
2026-03-05 04:55:00,0.37221112,7.54
2026-03-05 05:00:00,0.37186201,7.64
2026-03-05 05:05:00,0.37178443,7.72
2026-03-05 05:10:00,0.37159048,7.8
2026-03-05 05:15:00,0.37143532,7.9
2026-03-05 05:20:00,0.37139653,7.98
2026-03-05 05:25:00,0.37135774,8.06
2026-03-05 05:30:00,0.37128016,8.14
2026-03-05 05:35:00,0.37104742,8.2
2026-03-05 05:40:00,0.37116379,8.3
2026-03-05 05:45:00,0.37100863,8.36
2026-03-05 05:50:00,0.37116379,8.4
2026-03-05 05:55:00,0.37093105,8.5
2026-03-05 06:00:00,0.37089226,8.52
2026-03-05 06:05:00,0.37077589,8.6
2026-03-05 06:10:00,0.37096984,8.64
2026-03-05 06:15:00,0.3707371,8.7
2026-03-05 06:20:00,0.37065952,8.72
2026-03-05 06:25:00,0.37065952,8.8
2026-03-05 06:30:00,0.3707371,8.8
2026-03-05 06:35:00,0.37042678,8.9
2026-03-05 06:40:00,0.37050436,8.9
2026-03-05 06:45:00,0.37038799,8.96
2026-03-05 06:50:00,0.37023283,9.0
2026-03-05 06:55:00,0.37007767,9.04
2026-03-05 07:00:00,0.37027162,9.1
2026-03-05 07:05:00,0.3699613,9.1
2026-03-05 07:10:00,0.36992251,9.2
2026-03-05 07:15:00,0.37027162,9.2
2026-03-05 07:20:00,0.3699613,9.26
2026-03-05 07:25:00,0.36980614,9.3
2026-03-05 07:30:00,0.37003888,9.3
2026-03-05 07:35:00,0.37007767,9.4
2026-03-05 07:40:00,0.36976735,9.4
2026-03-05 07:45:00,0.36965098,9.42
2026-03-05 07:50:00,0.36968977,9.5
2026-03-05 07:55:00,0.36945703,9.5
2026-03-05 08:00:00,0.36968977,9.5
2026-03-05 08:05:00,0.3695734,9.56
2026-03-05 08:10:00,0.36953461,9.6
2026-03-05 08:15:00,0.36953461,9.6
2026-03-05 08:20:00,0.36937945,9.6
2026-03-05 08:25:00,0.36941824,9.6
2026-03-05 08:30:00,0.36934066,9.66
2026-03-05 08:35:00,0.36937945,9.7
2026-03-05 08:40:00,0.36934066,9.7
2026-03-05 08:45:00,0.3695734,9.7
2026-03-05 08:50:00,0.36926308,9.7
2026-03-05 08:55:00,0.3691855,9.7
2026-03-05 09:00:00,0.36941824,9.7
2026-03-05 09:05:00,0.36914671,9.7
2026-03-05 09:10:00,0.36930187,9.7
2026-03-05 09:15:00,0.36934066,9.7
2026-03-05 09:20:00,0.36934066,9.7
2026-03-05 09:25:00,0.36941824,9.7
2026-03-05 09:30:00,0.3691855,9.7
2026-03-05 09:35:00,0.36914671,9.7
2026-03-05 09:40:00,0.36930187,9.7
2026-03-05 09:45:00,0.36922429,9.7
2026-03-05 09:50:00,0.36922429,9.7
2026-03-05 09:55:00,0.36930187,9.7
2026-03-05 10:00:00,0.36930187,9.7
2026-03-05 10:05:00,0.36906913,9.62
2026-03-05 10:10:00,0.36922429,9.6
2026-03-05 10:15:00,0.36914671,9.6
2026-03-05 10:20:00,0.36922429,9.6
2026-03-05 10:25:00,0.36914671,9.6
2026-03-05 10:30:00,0.36922429,9.6
2026-03-05 10:35:00,0.36930187,9.6
2026-03-05 10:40:00,0.36906913,9.6
2026-03-05 10:45:00,0.36903034,9.54
2026-03-05 10:50:00,0.36937945,9.5
2026-03-05 10:55:00,0.36914671,9.5
2026-03-05 11:00:00,0.36922429,9.5
2026-03-05 11:05:00,0.3691855,9.5
2026-03-05 11:10:00,0.3691855,9.5
2026-03-05 11:15:00,0.3691855,9.48
2026-03-05 11:20:00,0.36906913,9.4
2026-03-05 11:25:00,0.36910792,9.4
2026-03-05 11:30:00,0.36949582,9.4
2026-03-05 11:35:00,0.36926308,9.4
2026-03-05 11:40:00,0.36930187,9.4
2026-03-05 11:45:00,0.36937945,9.34
2026-03-05 11:50:00,0.36934066,9.3
2026-03-05 11:55:00,0.36961219,9.3
2026-03-05 12:00:00,0.36922429,9.3
2026-03-05 12:05:00,0.36926308,9.3
2026-03-05 12:10:00,0.3695734,9.26
2026-03-05 12:15:00,0.36934066,9.2
2026-03-05 12:20:00,0.36945703,9.2
2026-03-05 12:25:00,0.36961219,9.2
2026-03-05 12:30:00,0.36941824,9.2
2026-03-05 12:35:00,0.36961219,9.18
2026-03-05 12:40:00,0.36972856,9.1
2026-03-05 12:45:00,0.36961219,9.1
2026-03-05 12:50:00,0.36941824,9.1
2026-03-05 12:55:00,0.36980614,9.1
2026-03-05 13:00:00,0.36965098,9.1
2026-03-05 13:05:00,0.36965098,9.04
2026-03-05 13:10:00,0.3699613,9.0
2026-03-05 13:15:00,0.3699613,9.0
2026-03-05 13:20:00,0.36980614,9.0
2026-03-05 13:25:00,0.37003888,9.0
2026-03-05 13:30:00,0.37011646,8.98
2026-03-05 13:35:00,0.3699613,8.9
2026-03-05 13:40:00,0.37003888,8.9
2026-03-05 13:45:00,0.37003888,8.9
2026-03-05 13:50:00,0.37023283,8.9
2026-03-05 13:55:00,0.37046557,8.9
2026-03-05 14:00:00,0.37058194,8.84
2026-03-05 14:05:00,0.3703492,8.8
2026-03-05 14:10:00,0.37058194,8.8
2026-03-05 14:15:00,0.37038799,8.8
2026-03-05 14:20:00,0.37081468,8.8
2026-03-05 14:25:00,0.37085347,8.8
2026-03-05 14:30:00,0.371125,8.7
2026-03-05 14:35:00,0.37128016,8.7
2026-03-05 14:40:00,0.37147411,8.7
2026-03-05 14:45:00,0.37170685,8.7
2026-03-05 14:50:00,0.3719008,8.7
2026-03-05 14:55:00,0.37205596,8.66
2026-03-05 15:00:00,0.3722887,8.6
2026-03-05 15:05:00,0.3722887,8.6
2026-03-05 15:10:00,0.3726766,8.6
2026-03-05 15:15:00,0.37287055,8.6
2026-03-05 15:20:00,0.37337482,8.5
2026-03-05 15:25:00,0.3738403,8.5
2026-03-05 15:30:00,0.37465489,8.5
2026-03-05 15:35:00,0.37504279,8.5
2026-03-05 15:40:00,0.37651681,8.4
2026-03-05 15:45:00,0.37752535,8.4
2026-03-05 15:50:00,0.37865026,8.4
2026-03-05 15:55:00,0.38008549,8.36
2026-03-05 16:00:00,0.38109403,8.3
2026-03-05 16:05:00,0.38268442,8.3
2026-03-05 16:10:00,0.38396449,8.3
2026-03-05 16:15:00,0.38563246,8.28
2026-03-05 16:20:00,0.38679616,8.2
2026-03-05 16:25:00,0.38807623,8.2
2026-03-05 16:30:00,0.38962783,8.2
2026-03-05 16:35:00,0.39055879,8.2
2026-03-05 16:40:00,0.39137338,8.1
2026-03-05 16:45:00,0.39230434,8.1
2026-03-05 16:50:00,0.39311893,8.1
2026-03-05 16:55:00,0.39412747,8.1
2026-03-05 17:00:00,0.39525238,8.02
2026-03-05 17:05:00,0.39641608,8.0
2026-03-05 17:10:00,0.39754099,8.0
2026-03-05 17:15:00,0.39897622,8.0
2026-03-05 17:20:00,0.39971323,7.96
2026-03-05 17:25:00,0.40025629,7.9
2026-03-05 17:30:00,0.40095451,7.9
2026-03-05 17:35:00,0.40083814,7.9
2026-03-05 17:40:00,0.4013812,7.9
2026-03-05 17:45:00,0.40153636,7.8
2026-03-05 17:50:00,0.40157515,7.8
2026-03-05 17:55:00,0.40157515,7.8
2026-03-05 18:00:00,0.40157515,7.8
2026-03-05 18:05:00,0.40165273,7.78
2026-03-05 18:10:00,0.4017691,7.7
2026-03-05 18:15:00,0.40153636,7.7
2026-03-05 18:20:00,0.4013812,7.7
2026-03-05 18:25:00,0.40192426,7.7
2026-03-05 18:30:00,0.40161394,7.7
2026-03-05 18:35:00,0.40157515,7.64
2026-03-05 18:40:00,0.40165273,7.6
2026-03-05 18:45:00,0.40169152,7.6
2026-03-05 18:50:00,0.40130362,7.6
2026-03-05 18:55:00,0.40103209,7.6
2026-03-05 19:00:00,0.40141999,7.56
2026-03-05 19:05:00,0.40118725,7.5
2026-03-05 19:10:00,0.40087693,7.5
2026-03-05 19:15:00,0.40103209,7.5
2026-03-05 19:20:00,0.40091572,7.5
2026-03-05 19:25:00,0.40079935,7.5
2026-03-05 19:30:00,0.40045024,7.46
2026-03-05 19:35:00,0.40076056,7.4
2026-03-05 19:40:00,0.40072177,7.4
2026-03-05 19:45:00,0.40037266,7.4
2026-03-05 19:50:00,0.40037266,7.4
2026-03-05 19:55:00,0.4002175,7.4
2026-03-05 20:00:00,0.39975202,7.34
2026-03-05 20:05:00,0.39979081,7.3
2026-03-05 20:10:00,0.39986839,7.3
2026-03-05 20:15:00,0.39975202,7.3
2026-03-05 20:20:00,0.39979081,7.3
2026-03-05 20:25:00,0.39955807,7.2
2026-03-05 20:30:00,0.39951928,7.2
2026-03-05 20:35:00,0.39955807,7.2
2026-03-05 20:40:00,0.39936412,7.2
2026-03-05 20:45:00,0.39932533,7.12
2026-03-05 20:50:00,0.39940291,7.1
2026-03-05 20:55:00,0.39917017,7.1
2026-03-05 21:00:00,0.3990538,7.06
2026-03-05 21:05:00,0.39893743,7.0
2026-03-05 21:10:00,0.39889864,7.0
2026-03-05 21:15:00,0.39885985,7.0
2026-03-05 21:20:00,0.39889864,6.92
2026-03-05 21:25:00,0.39874348,6.9
2026-03-05 21:30:00,0.39854953,6.9
2026-03-05 21:35:00,0.39847195,6.86
2026-03-05 21:40:00,0.39831679,6.8
2026-03-05 21:45:00,0.39820042,6.8
2026-03-05 21:50:00,0.39816163,6.8
2026-03-05 21:55:00,0.39839437,6.74
2026-03-05 22:00:00,0.39823921,6.7
2026-03-05 22:05:00,0.39792889,6.7
2026-03-05 22:10:00,0.39796768,6.64
2026-03-05 22:15:00,0.39777373,6.6
2026-03-05 22:20:00,0.39781252,6.6
2026-03-05 22:25:00,0.39785131,6.6
2026-03-05 22:30:00,0.39777373,6.5
2026-03-05 22:35:00,0.39773494,6.5
2026-03-05 22:40:00,0.39792889,6.5
2026-03-05 22:45:00,0.39754099,6.46
2026-03-05 22:50:00,0.39765736,6.4
2026-03-05 22:55:00,0.39754099,6.4
2026-03-05 23:00:00,0.3975022,6.4
2026-03-05 23:05:00,0.39757978,6.4
2026-03-05 23:10:00,0.39730825,6.3
2026-03-05 23:15:00,0.3971143,6.3
2026-03-05 23:20:00,0.39742462,6.3
2026-03-05 23:25:00,0.39703672,6.3
2026-03-05 23:30:00,0.39703672,6.28
2026-03-05 23:35:00,0.39707551,6.2
2026-03-05 23:40:00,0.3967264,6.2
2026-03-05 23:45:00,0.39692035,6.2
2026-03-05 23:50:00,0.39668761,6.2
2026-03-05 23:55:00,0.39629971,6.2
2026-03-06 00:00:00,0.39668761,6.2
2026-03-06 00:05:00,0.39661003,6.2
2026-03-06 00:10:00,0.39649366,6.18
2026-03-06 00:15:00,0.39618334,6.1
2026-03-06 00:20:00,0.39629971,6.1
2026-03-06 00:25:00,0.39606697,6.1
2026-03-06 00:30:00,0.39598939,6.1
2026-03-06 00:35:00,0.39598939,6.1
2026-03-06 00:40:00,0.3959506,6.1
2026-03-06 00:45:00,0.39579544,6.14
2026-03-06 00:50:00,0.39567907,6.2
2026-03-06 00:55:00,0.39564028,6.2
2026-03-06 01:00:00,0.39575665,6.2
2026-03-06 01:05:00,0.39540754,6.2
2026-03-06 01:10:00,0.39567907,6.2
2026-03-06 01:15:00,0.39525238,6.2
2026-03-06 01:20:00,0.39536875,6.28
2026-03-06 01:25:00,0.39521359,6.3
2026-03-06 01:30:00,0.39486448,6.3
2026-03-06 01:35:00,0.39463174,6.3
2026-03-06 01:40:00,0.39463174,6.36
2026-03-06 01:45:00,0.39432142,6.4
2026-03-06 01:50:00,0.39443779,6.4
2026-03-06 01:55:00,0.39455416,6.42
2026-03-06 02:00:00,0.394399,6.5
2026-03-06 02:05:00,0.39420505,6.5
2026-03-06 02:10:00,0.39408868,6.56
2026-03-06 02:15:00,0.39412747,6.6
2026-03-06 02:20:00,0.39397231,6.62
2026-03-06 02:25:00,0.39393352,6.7
2026-03-06 02:30:00,0.3936232,6.7
2026-03-06 02:35:00,0.39370078,6.8
2026-03-06 02:40:00,0.39346804,6.8
2026-03-06 02:45:00,0.39354562,6.9
2026-03-06 02:50:00,0.39354562,6.9
2026-03-06 02:55:00,0.39335167,7.0
2026-03-06 03:00:00,0.39288619,7.0
2026-03-06 03:05:00,0.39280861,7.1
2026-03-06 03:10:00,0.39296377,7.12
2026-03-06 03:15:00,0.39276982,7.2
2026-03-06 03:20:00,0.39242071,7.2
2026-03-06 03:25:00,0.39242071,7.3
2026-03-06 03:30:00,0.39211039,7.3
2026-03-06 03:35:00,0.39242071,7.38
2026-03-06 03:40:00,0.39183886,7.4
2026-03-06 03:45:00,0.39187765,7.44
2026-03-06 03:50:00,0.39180007,7.5
2026-03-06 03:55:00,0.39148975,7.5
2026-03-06 04:00:00,0.39121822,7.58
2026-03-06 04:05:00,0.39145096,7.6
2026-03-06 04:10:00,0.39145096,7.66
2026-03-06 04:15:00,0.39102427,7.7
2026-03-06 04:20:00,0.39086911,7.7
2026-03-06 04:25:00,0.39094669,7.8
2026-03-06 04:30:00,0.3909079,7.8
2026-03-06 04:35:00,0.39036484,7.84
2026-03-06 04:40:00,0.39040363,7.9
2026-03-06 04:45:00,0.39032605,7.92
2026-03-06 04:50:00,0.39044242,8.0
2026-03-06 04:55:00,0.39009331,8.0
2026-03-06 05:00:00,0.38997694,8.08
2026-03-06 05:05:00,0.38982178,8.1
2026-03-06 05:10:00,0.38989936,8.18
2026-03-06 05:15:00,0.38951146,8.2
2026-03-06 05:20:00,0.38962783,8.28
2026-03-06 05:25:00,0.38931751,8.3
2026-03-06 05:30:00,0.38939509,8.38
2026-03-06 05:35:00,0.38912356,8.42
2026-03-06 05:40:00,0.38923993,8.5
2026-03-06 05:45:00,0.38923993,8.54
2026-03-06 05:50:00,0.38873566,8.6
2026-03-06 05:55:00,0.38873566,8.68
2026-03-06 06:00:00,0.38873566,8.7
2026-03-06 06:05:00,0.38842534,8.8
2026-03-06 06:10:00,0.38834776,8.8
2026-03-06 06:15:00,0.38811502,8.9
2026-03-06 06:20:00,0.38795986,8.92
2026-03-06 06:25:00,0.38799865,9.0
2026-03-06 06:30:00,0.38811502,9.02
2026-03-06 06:35:00,0.38757196,9.1
2026-03-06 06:40:00,0.38761075,9.12
2026-03-06 06:45:00,0.38718406,9.2
2026-03-06 06:50:00,0.3874168,9.22
2026-03-06 06:55:00,0.3870289,9.3
2026-03-06 07:00:00,0.38683495,9.3
2026-03-06 07:05:00,0.38699011,9.36
2026-03-06 07:10:00,0.38671858,9.4
2026-03-06 07:15:00,0.386641,9.4
2026-03-06 07:20:00,0.38667979,9.48
2026-03-06 07:25:00,0.3862531,9.5
2026-03-06 07:30:00,0.38629189,9.5
2026-03-06 07:35:00,0.38605915,9.54
2026-03-06 07:40:00,0.38629189,9.6
2026-03-06 07:45:00,0.38602036,9.6
2026-03-06 07:50:00,0.38598157,9.6
2026-03-06 07:55:00,0.38609794,9.6
2026-03-06 08:00:00,0.3858652,9.6
2026-03-06 08:05:00,0.38571004,9.6
2026-03-06 08:10:00,0.38582641,9.6
2026-03-06 08:15:00,0.38567125,9.6
2026-03-06 08:20:00,0.38551609,9.6
2026-03-06 08:25:00,0.38524456,9.6
2026-03-06 08:30:00,0.38543851,9.6
2026-03-06 08:35:00,0.3854773,9.6
2026-03-06 08:40:00,0.38536093,9.52
2026-03-06 08:45:00,0.38532214,9.5
2026-03-06 08:50:00,0.38528335,9.5
2026-03-06 08:55:00,0.38497303,9.5
2026-03-06 09:00:00,0.3850894,9.5
2026-03-06 09:05:00,0.38497303,9.4
2026-03-06 09:10:00,0.38485666,9.4
2026-03-06 09:15:00,0.38474029,9.4
2026-03-06 09:20:00,0.38489545,9.36
2026-03-06 09:25:00,0.38489545,9.3
2026-03-06 09:30:00,0.38497303,9.3
2026-03-06 09:35:00,0.38466271,9.28
2026-03-06 09:40:00,0.3847015,9.2
2026-03-06 09:45:00,0.38450755,9.2
2026-03-06 09:50:00,0.38481787,9.18
2026-03-06 09:55:00,0.38446876,9.1
2026-03-06 10:00:00,0.38458513,9.1
2026-03-06 10:05:00,0.38446876,9.06
2026-03-06 10:10:00,0.38442997,9.0
2026-03-06 10:15:00,0.38462392,9.0
2026-03-06 10:20:00,0.38442997,8.92
2026-03-06 10:25:00,0.3847015,8.9
2026-03-06 10:30:00,0.38450755,8.88
2026-03-06 10:35:00,0.38446876,8.8
2026-03-06 10:40:00,0.38435239,8.8
2026-03-06 10:45:00,0.38439118,8.76
2026-03-06 10:50:00,0.38435239,8.7
2026-03-06 10:55:00,0.38427481,8.7
2026-03-06 11:00:00,0.3843136,8.64
2026-03-06 11:05:00,0.38427481,8.6
2026-03-06 11:10:00,0.38419723,8.6
2026-03-06 11:15:00,0.38423602,8.5
2026-03-06 11:20:00,0.38415844,8.5
2026-03-06 11:25:00,0.38404207,8.46
2026-03-06 11:30:00,0.38419723,8.4
2026-03-06 11:35:00,0.38423602,8.4
2026-03-06 11:40:00,0.38408086,8.32
2026-03-06 11:45:00,0.38411965,8.3
2026-03-06 11:50:00,0.38408086,8.3
2026-03-06 11:55:00,0.38400328,8.2
2026-03-06 12:00:00,0.38408086,8.2
2026-03-06 12:05:00,0.38411965,8.16
2026-03-06 12:10:00,0.38404207,8.1
2026-03-06 12:15:00,0.38384812,8.1
2026-03-06 12:20:00,0.38384812,8.04
2026-03-06 12:25:00,0.38415844,8.0
2026-03-06 12:30:00,0.38380933,8.0
2026-03-06 12:35:00,0.38408086,7.92
2026-03-06 12:40:00,0.38396449,7.9
2026-03-06 12:45:00,0.38396449,7.9
2026-03-06 12:50:00,0.38415844,7.82
2026-03-06 12:55:00,0.38415844,7.8
2026-03-06 13:00:00,0.38384812,7.8
2026-03-06 13:05:00,0.38415844,7.74
2026-03-06 13:10:00,0.38404207,7.7
2026-03-06 13:15:00,0.38423602,7.7
2026-03-06 13:20:00,0.38384812,7.68
2026-03-06 13:25:00,0.38377054,7.6
2026-03-06 13:30:00,0.38380933,7.6
2026-03-06 13:35:00,0.38400328,7.58
2026-03-06 13:40:00,0.38404207,7.5
2026-03-06 13:45:00,0.38380933,7.5
2026-03-06 13:50:00,0.38396449,7.5
2026-03-06 13:55:00,0.38400328,7.44
2026-03-06 14:00:00,0.3839257,7.4
2026-03-06 14:05:00,0.38408086,7.4
2026-03-06 14:10:00,0.3839257,7.38
2026-03-06 14:15:00,0.38377054,7.3
2026-03-06 14:20:00,0.38380933,7.3
2026-03-06 14:25:00,0.38384812,7.3
2026-03-06 14:30:00,0.38380933,7.26
2026-03-06 14:35:00,0.38365417,7.2
2026-03-06 14:40:00,0.38388691,7.2
2026-03-06 14:45:00,0.38380933,7.2
2026-03-06 14:50:00,0.38384812,7.14
2026-03-06 14:55:00,0.38365417,7.1
2026-03-06 15:00:00,0.38373175,7.1
2026-03-06 15:05:00,0.38357659,7.08
2026-03-06 15:10:00,0.38365417,7.0
2026-03-06 15:15:00,0.38365417,7.0
2026-03-06 15:20:00,0.38357659,7.0
2026-03-06 15:25:00,0.38361538,7.0
2026-03-06 15:30:00,0.38377054,6.9
2026-03-06 15:35:00,0.38365417,6.9
2026-03-06 15:40:00,0.38380933,6.9
2026-03-06 15:45:00,0.38346022,6.9
2026-03-06 15:50:00,0.38377054,6.82
2026-03-06 15:55:00,0.38365417,6.8
2026-03-06 16:00:00,0.38361538,6.8
2026-03-06 16:05:00,0.38380933,6.8
2026-03-06 16:10:00,0.38369296,6.78
2026-03-06 16:15:00,0.38357659,6.7
2026-03-06 16:20:00,0.38349901,6.7
2026-03-06 16:25:00,0.38365417,6.7
2026-03-06 16:30:00,0.38349901,6.7
2026-03-06 16:35:00,0.3835378,6.6
2026-03-06 16:40:00,0.38369296,6.6
2026-03-06 16:45:00,0.38342143,6.6
2026-03-06 16:50:00,0.38346022,6.6
2026-03-06 16:55:00,0.38334385,6.58
2026-03-06 17:00:00,0.3835378,6.5
2026-03-06 17:05:00,0.3835378,6.5
2026-03-06 17:10:00,0.38330506,6.5
2026-03-06 17:15:00,0.38349901,6.5
2026-03-06 17:20:00,0.38357659,6.5
2026-03-06 17:25:00,0.38322748,6.4
2026-03-06 17:30:00,0.38322748,6.4
2026-03-06 17:35:00,0.38349901,6.4
2026-03-06 17:40:00,0.38326627,6.4
2026-03-06 17:45:00,0.38342143,6.4
2026-03-06 17:50:00,0.38318869,6.32
2026-03-06 17:55:00,0.38334385,6.3
2026-03-06 18:00:00,0.38318869,6.3
2026-03-06 18:05:00,0.38326627,6.3
2026-03-06 18:10:00,0.38346022,6.3
2026-03-06 18:15:00,0.38330506,6.26
2026-03-06 18:20:00,0.38334385,6.2
2026-03-06 18:25:00,0.38330506,6.2
2026-03-06 18:30:00,0.3831499,6.2
2026-03-06 18:35:00,0.38342143,6.2
2026-03-06 18:40:00,0.38307232,6.2
2026-03-06 18:45:00,0.38307232,6.1
2026-03-06 18:50:00,0.38307232,6.1
2026-03-06 18:55:00,0.38326627,6.1
2026-03-06 19:00:00,0.38307232,6.1
2026-03-06 19:05:00,0.38299474,6.1
2026-03-06 19:10:00,0.38307232,6.06
2026-03-06 19:15:00,0.38283958,6.0
2026-03-06 19:20:00,0.38311111,6.0
2026-03-06 19:25:00,0.38283958,6.0
2026-03-06 19:30:00,0.38318869,6.0
2026-03-06 19:35:00,0.38311111,6.0
2026-03-06 19:40:00,0.38299474,5.94
2026-03-06 19:45:00,0.38295595,5.9
2026-03-06 19:50:00,0.38311111,5.9
2026-03-06 19:55:00,0.38311111,5.9
2026-03-06 20:00:00,0.38295595,5.9
2026-03-06 20:05:00,0.38295595,5.82
2026-03-06 20:10:00,0.38280079,5.8
2026-03-06 20:15:00,0.38291716,5.8
2026-03-06 20:20:00,0.38252926,5.8
2026-03-06 20:25:00,0.38283958,5.74
2026-03-06 20:30:00,0.38299474,5.7
2026-03-06 20:35:00,0.38287837,5.7
2026-03-06 20:40:00,0.38268442,5.7
2026-03-06 20:45:00,0.38295595,5.7
2026-03-06 20:50:00,0.38264563,5.6
2026-03-06 20:55:00,0.38280079,5.6
2026-03-06 21:00:00,0.38272321,5.6
2026-03-06 21:05:00,0.38287837,5.6
2026-03-06 21:10:00,0.38299474,5.54
2026-03-06 21:15:00,0.38280079,5.5
2026-03-06 21:20:00,0.38268442,5.5
2026-03-06 21:25:00,0.38268442,5.5
2026-03-06 21:30:00,0.38249047,5.5
2026-03-06 21:35:00,0.38287837,5.4
2026-03-06 21:40:00,0.38291716,5.4
2026-03-06 21:45:00,0.38295595,5.4
2026-03-06 21:50:00,0.38268442,5.4
2026-03-06 21:55:00,0.382762,5.34
2026-03-06 22:00:00,0.38260684,5.3
2026-03-06 22:05:00,0.38241289,5.3
2026-03-06 22:10:00,0.382762,5.3
2026-03-06 22:15:00,0.38241289,5.3
2026-03-06 22:20:00,0.38264563,5.26
2026-03-06 22:25:00,0.38268442,5.2
2026-03-06 22:30:00,0.38260684,5.2
2026-03-06 22:35:00,0.38252926,5.2
2026-03-06 22:40:00,0.38233531,5.2
2026-03-06 22:45:00,0.38272321,5.2
2026-03-06 22:50:00,0.38256805,5.2
2026-03-06 22:55:00,0.38241289,5.1
2026-03-06 23:00:00,0.3823741,5.1
2026-03-06 23:05:00,0.38241289,5.1
2026-03-06 23:10:00,0.38256805,5.1
2026-03-06 23:15:00,0.38241289,5.1
2026-03-06 23:20:00,0.38272321,5.08
2026-03-06 23:25:00,0.38233531,5.0
2026-03-06 23:30:00,0.38249047,5.0
2026-03-06 23:35:00,0.38256805,5.0
2026-03-06 23:40:00,0.38233531,5.0
2026-03-06 23:45:00,0.38252926,5.0
2026-03-06 23:50:00,0.38241289,5.0
2026-03-06 23:55:00,0.38256805,5.0
2026-03-07 00:00:00,0.38249047,5.0
2026-03-07 00:05:00,0.38218015,5.0
2026-03-07 00:10:00,0.3823741,5.0
2026-03-07 00:15:00,0.38225773,4.92
2026-03-07 00:20:00,0.38210257,4.9
2026-03-07 00:25:00,0.38214136,4.9
2026-03-07 00:30:00,0.3819862,4.9
2026-03-07 00:35:00,0.38206378,4.9
2026-03-07 00:40:00,0.38194741,4.96
2026-03-07 00:45:00,0.38225773,5.0
2026-03-07 00:50:00,0.38233531,5.0
2026-03-07 00:55:00,0.38206378,5.0
2026-03-07 01:00:00,0.38186983,5.0
2026-03-07 01:05:00,0.38206378,5.0
2026-03-07 01:10:00,0.38202499,5.0
2026-03-07 01:15:00,0.38210257,5.0
2026-03-07 01:20:00,0.38167588,5.0
2026-03-07 01:25:00,0.38179225,5.0
2026-03-07 01:30:00,0.38183104,5.0
2026-03-07 01:35:00,0.38186983,5.0
2026-03-07 01:40:00,0.38171467,5.0
2026-03-07 01:45:00,0.38152072,5.06
2026-03-07 01:50:00,0.38175346,5.1
2026-03-07 01:55:00,0.38179225,5.1
2026-03-07 02:00:00,0.38171467,5.1
2026-03-07 02:05:00,0.3815983,5.1
2026-03-07 02:10:00,0.38109403,5.16
2026-03-07 02:15:00,0.38148193,5.2
2026-03-07 02:20:00,0.38144314,5.2
2026-03-07 02:25:00,0.38128798,5.2
2026-03-07 02:30:00,0.38117161,5.22
2026-03-07 02:35:00,0.38117161,5.3
2026-03-07 02:40:00,0.38097766,5.3
2026-03-07 02:45:00,0.38105524,5.3
2026-03-07 02:50:00,0.38086129,5.34
2026-03-07 02:55:00,0.38117161,5.4
2026-03-07 03:00:00,0.38086129,5.4
2026-03-07 03:05:00,0.38101645,5.44
2026-03-07 03:10:00,0.38093887,5.5
2026-03-07 03:15:00,0.38090008,5.5
2026-03-07 03:20:00,0.3808225,5.58
2026-03-07 03:25:00,0.38070613,5.6
2026-03-07 03:30:00,0.38055097,5.64
2026-03-07 03:35:00,0.38035702,5.7
2026-03-07 03:40:00,0.38051218,5.7
2026-03-07 03:45:00,0.38039581,5.8
2026-03-07 03:50:00,0.38008549,5.8
2026-03-07 03:55:00,0.37993033,5.9
2026-03-07 04:00:00,0.38031823,5.9
2026-03-07 04:05:00,0.38008549,5.98
2026-03-07 04:10:00,0.38008549,6.0
2026-03-07 04:15:00,0.37973638,6.08
2026-03-07 04:20:00,0.37977517,6.1
2026-03-07 04:25:00,0.37973638,6.2
2026-03-07 04:30:00,0.37938727,6.26
2026-03-07 04:35:00,0.37969759,6.3
2026-03-07 04:40:00,0.37942606,6.4
2026-03-07 04:45:00,0.37903816,6.46
2026-03-07 04:50:00,0.37930969,6.52
2026-03-07 04:55:00,0.37915453,6.6
2026-03-07 05:00:00,0.37896058,6.7
2026-03-07 05:05:00,0.37861147,6.8
2026-03-07 05:10:00,0.37865026,6.88
2026-03-07 05:15:00,0.37837873,6.96
2026-03-07 05:20:00,0.37861147,7.04
2026-03-07 05:25:00,0.3784951,7.14
2026-03-07 05:30:00,0.37841752,7.24
2026-03-07 05:35:00,0.37830115,7.32
2026-03-07 05:40:00,0.37818478,7.42
2026-03-07 05:45:00,0.37795204,7.5
2026-03-07 05:50:00,0.37802962,7.6
2026-03-07 05:55:00,0.37760293,7.7
2026-03-07 06:00:00,0.37740898,7.8
2026-03-07 06:05:00,0.37744777,7.88
2026-03-07 06:10:00,0.37713745,7.96
2026-03-07 06:15:00,0.37729261,8.04
2026-03-07 06:20:00,0.37737019,8.12
2026-03-07 06:25:00,0.3769435,8.2
2026-03-07 06:30:00,0.37674955,8.28
2026-03-07 06:35:00,0.37682713,8.34
2026-03-07 06:40:00,0.37682713,8.4
2026-03-07 06:45:00,0.37636165,8.5
2026-03-07 06:50:00,0.37624528,8.54
2026-03-07 06:55:00,0.37640044,8.6
2026-03-07 07:00:00,0.3761677,8.66
2026-03-07 07:05:00,0.37612891,8.7
2026-03-07 07:10:00,0.37609012,8.76
2026-03-07 07:15:00,0.37597375,8.8
2026-03-07 07:20:00,0.37597375,8.84
2026-03-07 07:25:00,0.3757798,8.9
2026-03-07 07:30:00,0.37589617,8.92
2026-03-07 07:35:00,0.37585738,9.0
2026-03-07 07:40:00,0.37562464,9.0
2026-03-07 07:45:00,0.37570222,9.06
2026-03-07 07:50:00,0.37550827,9.1
2026-03-07 07:55:00,0.37554706,9.1
2026-03-07 08:00:00,0.3753919,9.14
2026-03-07 08:05:00,0.37527553,9.2
2026-03-07 08:10:00,0.37535311,9.2
2026-03-07 08:15:00,0.37543069,9.2
2026-03-07 08:20:00,0.37523674,9.2
2026-03-07 08:25:00,0.37512037,9.26
2026-03-07 08:30:00,0.37512037,9.3
2026-03-07 08:35:00,0.37523674,9.3
2026-03-07 08:40:00,0.37519795,9.3
2026-03-07 08:45:00,0.37508158,9.3
2026-03-07 08:50:00,0.37512037,9.3
2026-03-07 08:55:00,0.37508158,9.3
2026-03-07 09:00:00,0.37531432,9.28
2026-03-07 09:05:00,0.37504279,9.2
2026-03-07 09:10:00,0.37512037,9.2
2026-03-07 09:15:00,0.37504279,9.2
2026-03-07 09:20:00,0.37512037,9.2
2026-03-07 09:25:00,0.37508158,9.12
2026-03-07 09:30:00,0.37515916,9.1
2026-03-07 09:35:00,0.37488763,9.1
2026-03-07 09:40:00,0.37527553,9.02
2026-03-07 09:45:00,0.37523674,9.0
2026-03-07 09:50:00,0.37488763,8.98
2026-03-07 09:55:00,0.37484884,8.9
2026-03-07 10:00:00,0.37512037,8.9
2026-03-07 10:05:00,0.37504279,8.8
2026-03-07 10:10:00,0.37496521,8.8
2026-03-07 10:15:00,0.37504279,8.72
2026-03-07 10:20:00,0.37508158,8.7
2026-03-07 10:25:00,0.37508158,8.64
2026-03-07 10:30:00,0.37504279,8.6
2026-03-07 10:35:00,0.37508158,8.54
2026-03-07 10:40:00,0.37512037,8.5
2026-03-07 10:45:00,0.37504279,8.44
2026-03-07 10:50:00,0.37523674,8.4
2026-03-07 10:55:00,0.37512037,8.32
2026-03-07 11:00:00,0.37519795,8.3
2026-03-07 11:05:00,0.37543069,8.22
2026-03-07 11:10:00,0.37519795,8.2
2026-03-07 11:15:00,0.37523674,8.1
2026-03-07 11:20:00,0.37512037,8.06
2026-03-07 11:25:00,0.37546948,8.0
2026-03-07 11:30:00,0.37519795,7.94
2026-03-07 11:35:00,0.37535311,7.9
2026-03-07 11:40:00,0.37566343,7.84
2026-03-07 11:45:00,0.3753919,7.8
2026-03-07 11:50:00,0.37543069,7.7
2026-03-07 11:55:00,0.37550827,7.7
2026-03-07 12:00:00,0.37550827,7.6
2026-03-07 12:05:00,0.37554706,7.58
2026-03-07 12:10:00,0.37554706,7.5
2026-03-07 12:15:00,0.37546948,7.46
2026-03-07 12:20:00,0.37550827,7.4
2026-03-07 12:25:00,0.37554706,7.36
2026-03-07 12:30:00,0.37581859,7.3
2026-03-07 12:35:00,0.37581859,7.26
2026-03-07 12:40:00,0.37597375,7.2
2026-03-07 12:45:00,0.37574101,7.18
2026-03-07 12:50:00,0.37593496,7.1
2026-03-07 12:55:00,0.3761677,7.06
2026-03-07 13:00:00,0.37581859,7.0
2026-03-07 13:05:00,0.37589617,6.98
2026-03-07 13:10:00,0.37597375,6.9
2026-03-07 13:15:00,0.37597375,6.9
2026-03-07 13:20:00,0.3761677,6.8
2026-03-07 13:25:00,0.37597375,6.8
2026-03-07 13:30:00,0.37581859,6.72
2026-03-07 13:35:00,0.37597375,6.7
2026-03-07 13:40:00,0.37620649,6.64
2026-03-07 13:45:00,0.37612891,6.6
2026-03-07 13:50:00,0.37612891,6.56
2026-03-07 13:55:00,0.37612891,6.5
2026-03-07 14:00:00,0.37612891,6.5
2026-03-07 14:05:00,0.37597375,6.4
2026-03-07 14:10:00,0.37609012,6.4
2026-03-07 14:15:00,0.37597375,6.36
2026-03-07 14:20:00,0.37624528,6.3
2026-03-07 14:25:00,0.37585738,6.3
2026-03-07 14:30:00,0.37620649,6.22
2026-03-07 14:35:00,0.37632286,6.2
2026-03-07 14:40:00,0.3761677,6.18
2026-03-07 14:45:00,0.37632286,6.1
2026-03-07 14:50:00,0.37628407,6.1
2026-03-07 14:55:00,0.37609012,6.06
2026-03-07 15:00:00,0.37624528,6.0
2026-03-07 15:05:00,0.3761677,6.0
2026-03-07 15:10:00,0.37620649,5.96
2026-03-07 15:15:00,0.37574101,5.9
2026-03-07 15:20:00,0.37601254,5.9
2026-03-07 15:25:00,0.37605133,5.86
2026-03-07 15:30:00,0.37628407,5.8
2026-03-07 15:35:00,0.37601254,5.8
2026-03-07 15:40:00,0.37597375,5.74
2026-03-07 15:45:00,0.37593496,5.7
2026-03-07 15:50:00,0.37605133,5.7
2026-03-07 15:55:00,0.37609012,5.68
2026-03-07 16:00:00,0.37609012,5.6
2026-03-07 16:05:00,0.37601254,5.6
2026-03-07 16:10:00,0.3761677,5.6
2026-03-07 16:15:00,0.37620649,5.52
2026-03-07 16:20:00,0.37601254,5.5
2026-03-07 16:25:00,0.37609012,5.5
2026-03-07 16:30:00,0.37605133,5.44
2026-03-07 16:35:00,0.37585738,5.4
2026-03-07 16:40:00,0.37605133,5.4
2026-03-07 16:45:00,0.37624528,5.4
2026-03-07 16:50:00,0.37620649,5.32
2026-03-07 16:55:00,0.37612891,5.3
2026-03-07 17:00:00,0.37597375,5.3
2026-03-07 17:05:00,0.37605133,5.3
2026-03-07 17:10:00,0.37589617,5.22
2026-03-07 17:15:00,0.37624528,5.2
2026-03-07 17:20:00,0.37612891,5.2
2026-03-07 17:25:00,0.37605133,5.2
2026-03-07 17:30:00,0.3761677,5.16
2026-03-07 17:35:00,0.37620649,5.1
2026-03-07 17:40:00,0.37605133,5.1
2026-03-07 17:45:00,0.37589617,5.1
2026-03-07 17:50:00,0.37597375,5.04
2026-03-07 17:55:00,0.37585738,5.0
2026-03-07 18:00:00,0.37601254,5.0
2026-03-07 18:05:00,0.37570222,5.0
2026-03-07 18:10:00,0.37601254,4.98
2026-03-07 18:15:00,0.37562464,4.9
2026-03-07 18:20:00,0.37585738,4.9
2026-03-07 18:25:00,0.37581859,4.9
2026-03-07 18:30:00,0.37581859,4.9
2026-03-07 18:35:00,0.37558585,4.84
2026-03-07 18:40:00,0.37558585,4.8
2026-03-07 18:45:00,0.37554706,4.8
2026-03-07 18:50:00,0.37566343,4.8
2026-03-07 18:55:00,0.37589617,4.78
2026-03-07 19:00:00,0.37601254,4.7
2026-03-07 19:05:00,0.3757798,4.7
2026-03-07 19:10:00,0.37570222,4.7
2026-03-07 19:15:00,0.37550827,4.7
2026-03-07 19:20:00,0.37566343,4.68
2026-03-07 19:25:00,0.37562464,4.6
2026-03-07 19:30:00,0.37554706,4.6
2026-03-07 19:35:00,0.37546948,4.6
2026-03-07 19:40:00,0.37570222,4.6
2026-03-07 19:45:00,0.37574101,4.6
2026-03-07 19:50:00,0.37527553,4.5
2026-03-07 19:55:00,0.37554706,4.5
2026-03-07 20:00:00,0.37546948,4.5
2026-03-07 20:05:00,0.37554706,4.5
2026-03-07 20:10:00,0.37554706,4.5
2026-03-07 20:15:00,0.37546948,4.44
2026-03-07 20:20:00,0.3753919,4.4
2026-03-07 20:25:00,0.37523674,4.4
2026-03-07 20:30:00,0.37515916,4.4
2026-03-07 20:35:00,0.37550827,4.4
2026-03-07 20:40:00,0.3753919,4.36
2026-03-07 20:45:00,0.3753919,4.3
2026-03-07 20:50:00,0.37523674,4.3
2026-03-07 20:55:00,0.3753919,4.3
2026-03-07 21:00:00,0.375004,4.3
2026-03-07 21:05:00,0.37546948,4.3
2026-03-07 21:10:00,0.37523674,4.24
2026-03-07 21:15:00,0.37504279,4.2
2026-03-07 21:20:00,0.37515916,4.2
2026-03-07 21:25:00,0.37523674,4.2
2026-03-07 21:30:00,0.37508158,4.2
2026-03-07 21:35:00,0.37515916,4.2
2026-03-07 21:40:00,0.37515916,4.16
2026-03-07 21:45:00,0.37508158,4.1
2026-03-07 21:50:00,0.37488763,4.1
2026-03-07 21:55:00,0.37488763,4.1
2026-03-07 22:00:00,0.37492642,4.1
2026-03-07 22:05:00,0.37504279,4.1
2026-03-07 22:10:00,0.37492642,4.06
2026-03-07 22:15:00,0.37496521,4.0
2026-03-07 22:20:00,0.37477126,4.0
2026-03-07 22:25:00,0.37477126,4.0
2026-03-07 22:30:00,0.37488763,4.0
2026-03-07 22:35:00,0.37481005,4.0
2026-03-07 22:40:00,0.37477126,4.0
2026-03-07 22:45:00,0.37492642,3.98
2026-03-07 22:50:00,0.37477126,3.9
2026-03-07 22:55:00,0.37469368,3.9
2026-03-07 23:00:00,0.37457731,3.9
2026-03-07 23:05:00,0.37457731,3.9
2026-03-07 23:10:00,0.37449973,3.9
2026-03-07 23:15:00,0.37469368,3.9
2026-03-07 23:20:00,0.3746161,3.86
2026-03-07 23:25:00,0.37469368,3.8
2026-03-07 23:30:00,0.37457731,3.8
2026-03-07 23:35:00,0.37473247,3.8
2026-03-07 23:40:00,0.37430578,3.8
2026-03-07 23:45:00,0.37430578,3.8
2026-03-07 23:50:00,0.37446094,3.8
2026-03-07 23:55:00,0.37449973,3.78
2026-03-08 00:00:00,0.37442215,3.7
2026-03-08 00:05:00,0.37434457,3.7
2026-03-08 00:10:00,0.3746161,3.7
2026-03-08 00:15:00,0.37438336,3.7
2026-03-08 00:20:00,0.37446094,3.7
2026-03-08 00:25:00,0.37449973,3.7
2026-03-08 00:30:00,0.37449973,3.7
2026-03-08 00:35:00,0.37453852,3.7
2026-03-08 00:40:00,0.37438336,3.64
2026-03-08 00:45:00,0.37465489,3.6
2026-03-08 00:50:00,0.37430578,3.6
2026-03-08 00:55:00,0.37418941,3.6
2026-03-08 01:00:00,0.37430578,3.6
2026-03-08 01:05:00,0.37430578,3.6
2026-03-08 01:10:00,0.37453852,3.6
2026-03-08 01:15:00,0.37430578,3.6
2026-03-08 01:20:00,0.37415062,3.6
2026-03-08 01:25:00,0.37438336,3.6
2026-03-08 01:30:00,0.37453852,3.54
2026-03-08 01:35:00,0.37434457,3.5
2026-03-08 01:40:00,0.37434457,3.5
2026-03-08 01:45:00,0.37449973,3.5
2026-03-08 01:50:00,0.37449973,3.5
2026-03-08 01:55:00,0.37457731,3.5
2026-03-08 02:00:00,0.37442215,3.5
2026-03-08 02:05:00,0.37434457,3.5
2026-03-08 02:10:00,0.37465489,3.5
2026-03-08 02:15:00,0.37426699,3.5
2026-03-08 02:20:00,0.37418941,3.5
2026-03-08 02:25:00,0.37473247,3.42
2026-03-08 02:30:00,0.37453852,3.4
2026-03-08 02:35:00,0.37453852,3.4
2026-03-08 02:40:00,0.37453852,3.4
2026-03-08 02:45:00,0.37449973,3.4
2026-03-08 02:50:00,0.37453852,3.4
2026-03-08 02:55:00,0.37434457,3.4
2026-03-08 03:00:00,0.37453852,3.4
2026-03-08 03:05:00,0.3742282,3.4
2026-03-08 03:10:00,0.3742282,3.4
2026-03-08 03:15:00,0.37449973,3.4
2026-03-08 03:20:00,0.37465489,3.4
2026-03-08 03:25:00,0.37442215,3.4
2026-03-08 03:30:00,0.37442215,3.4
2026-03-08 03:35:00,0.37446094,3.4
2026-03-08 03:40:00,0.37442215,3.4
2026-03-08 03:45:00,0.37457731,3.4
2026-03-08 03:50:00,0.37430578,3.4
2026-03-08 03:55:00,0.37415062,3.4
2026-03-08 04:00:00,0.37449973,3.4
2026-03-08 04:05:00,0.37438336,3.4
2026-03-08 04:10:00,0.37426699,3.4
2026-03-08 04:15:00,0.37411183,3.42
2026-03-08 04:20:00,0.3742282,3.5
2026-03-08 04:25:00,0.37418941,3.5
2026-03-08 04:30:00,0.37430578,3.52
2026-03-08 04:35:00,0.37407304,3.6
2026-03-08 04:40:00,0.3742282,3.6
2026-03-08 04:45:00,0.3738403,3.68
2026-03-08 04:50:00,0.37376272,3.72
2026-03-08 04:55:00,0.37349119,3.8
2026-03-08 05:00:00,0.37360756,3.88
2026-03-08 05:05:00,0.37376272,3.96
2026-03-08 05:10:00,0.37329724,4.04
2026-03-08 05:15:00,0.37333603,4.16
2026-03-08 05:20:00,0.37310329,4.24
2026-03-08 05:25:00,0.37318087,4.36
2026-03-08 05:30:00,0.37294813,4.46
2026-03-08 05:35:00,0.37275418,4.58
2026-03-08 05:40:00,0.37275418,4.68
2026-03-08 05:45:00,0.37259902,4.82
2026-03-08 05:50:00,0.37256023,4.92
2026-03-08 05:55:00,0.3726766,5.04
2026-03-08 06:00:00,0.3722887,5.16
2026-03-08 06:05:00,0.37236628,5.26
2026-03-08 06:10:00,0.37201717,5.36
2026-03-08 06:15:00,0.37205596,5.48
2026-03-08 06:20:00,0.3719008,5.58
2026-03-08 06:25:00,0.37182322,5.68
2026-03-08 06:30:00,0.37174564,5.78
2026-03-08 06:35:00,0.37162927,5.9
2026-03-08 06:40:00,0.3715129,6.0
2026-03-08 06:45:00,0.37128016,6.08
2026-03-08 06:50:00,0.37104742,6.18
2026-03-08 06:55:00,0.37131895,6.28
2026-03-08 07:00:00,0.37104742,6.36
2026-03-08 07:05:00,0.371125,6.44
2026-03-08 07:10:00,0.37104742,6.5
2026-03-08 07:15:00,0.37100863,6.6
2026-03-08 07:20:00,0.3707371,6.66
2026-03-08 07:25:00,0.37058194,6.72
2026-03-08 07:30:00,0.37058194,6.8
2026-03-08 07:35:00,0.3703492,6.86
2026-03-08 07:40:00,0.37069831,6.9
2026-03-08 07:45:00,0.37054315,7.0
2026-03-08 07:50:00,0.3703492,7.02
2026-03-08 07:55:00,0.37038799,7.1
2026-03-08 08:00:00,0.3703492,7.14
2026-03-08 08:05:00,0.37003888,7.2
2026-03-08 08:10:00,0.37007767,7.2
2026-03-08 08:15:00,0.36988372,7.3
2026-03-08 08:20:00,0.37046557,7.3
2026-03-08 08:25:00,0.37007767,7.3
2026-03-08 08:30:00,0.37027162,7.4
2026-03-08 08:35:00,0.37019404,7.4
2026-03-08 08:40:00,0.36980614,7.4
2026-03-08 08:45:00,0.36980614,7.4
2026-03-08 08:50:00,0.36976735,7.46
2026-03-08 08:55:00,0.36980614,7.5
2026-03-08 09:00:00,0.36988372,7.5
2026-03-08 09:05:00,0.36965098,7.5
2026-03-08 09:10:00,0.36976735,7.5
2026-03-08 09:15:00,0.36976735,7.5
2026-03-08 09:20:00,0.36972856,7.5
2026-03-08 09:25:00,0.36965098,7.5
2026-03-08 09:30:00,0.36976735,7.5
2026-03-08 09:35:00,0.3699613,7.5
2026-03-08 09:40:00,0.36965098,7.5
2026-03-08 09:45:00,0.36965098,7.5
2026-03-08 09:50:00,0.3699613,7.5
2026-03-08 09:55:00,0.36972856,7.4
2026-03-08 10:00:00,0.37003888,7.4
2026-03-08 10:05:00,0.36976735,7.4
2026-03-08 10:10:00,0.36972856,7.4
2026-03-08 10:15:00,0.36965098,7.4
2026-03-08 10:20:00,0.36992251,7.3
2026-03-08 10:25:00,0.36984493,7.3
2026-03-08 10:30:00,0.3699613,7.3
2026-03-08 10:35:00,0.36961219,7.26
2026-03-08 10:40:00,0.37003888,7.2
2026-03-08 10:45:00,0.37000009,7.2
2026-03-08 10:50:00,0.37023283,7.18
2026-03-08 10:55:00,0.36988372,7.1
2026-03-08 11:00:00,0.37011646,7.1
2026-03-08 11:05:00,0.37007767,7.02
2026-03-08 11:10:00,0.3703492,7.0
2026-03-08 11:15:00,0.37038799,6.98
2026-03-08 11:20:00,0.37031041,6.9
2026-03-08 11:25:00,0.37011646,6.9
2026-03-08 11:30:00,0.37038799,6.84
2026-03-08 11:35:00,0.37015525,6.8
2026-03-08 11:40:00,0.37019404,6.8
2026-03-08 11:45:00,0.37038799,6.7
2026-03-08 11:50:00,0.37046557,6.7
2026-03-08 11:55:00,0.37023283,6.62
2026-03-08 12:00:00,0.37019404,6.6
2026-03-08 12:05:00,0.37054315,6.56
2026-03-08 12:10:00,0.37042678,6.5
2026-03-08 12:15:00,0.37054315,6.5
2026-03-08 12:20:00,0.37050436,6.42
2026-03-08 12:25:00,0.37058194,6.4
2026-03-08 12:30:00,0.37062073,6.38
2026-03-08 12:35:00,0.37062073,6.3
2026-03-08 12:40:00,0.37050436,6.3
2026-03-08 12:45:00,0.3703492,6.22
2026-03-08 12:50:00,0.37046557,6.2
2026-03-08 12:55:00,0.37062073,6.16
2026-03-08 13:00:00,0.37065952,6.1
2026-03-08 13:05:00,0.37058194,6.1
2026-03-08 13:10:00,0.37062073,6.02
2026-03-08 13:15:00,0.37058194,6.0
2026-03-08 13:20:00,0.37081468,6.0
2026-03-08 13:25:00,0.37085347,5.92
2026-03-08 13:30:00,0.37089226,5.9
2026-03-08 13:35:00,0.37093105,5.9
2026-03-08 13:40:00,0.37081468,5.8
2026-03-08 13:45:00,0.37081468,5.8
2026-03-08 13:50:00,0.37065952,5.76
2026-03-08 13:55:00,0.37077589,5.7
2026-03-08 14:00:00,0.37081468,5.7
2026-03-08 14:05:00,0.37096984,5.68
2026-03-08 14:10:00,0.37093105,5.6
2026-03-08 14:15:00,0.37100863,5.6
2026-03-08 14:20:00,0.37104742,5.58
2026-03-08 14:25:00,0.37108621,5.5
2026-03-08 14:30:00,0.37093105,5.5
2026-03-08 14:35:00,0.37108621,5.5
2026-03-08 14:40:00,0.37093105,5.42
2026-03-08 14:45:00,0.37096984,5.4
2026-03-08 14:50:00,0.37077589,5.4
2026-03-08 14:55:00,0.37108621,5.36
2026-03-08 15:00:00,0.37085347,5.3
2026-03-08 15:05:00,0.37104742,5.3
2026-03-08 15:10:00,0.37108621,5.3
2026-03-08 15:15:00,0.37108621,5.24
2026-03-08 15:20:00,0.37096984,5.2
2026-03-08 15:25:00,0.37100863,5.2
2026-03-08 15:30:00,0.37104742,5.2
2026-03-08 15:35:00,0.371125,5.18
2026-03-08 15:40:00,0.37093105,5.1
2026-03-08 15:45:00,0.37096984,5.1
2026-03-08 15:50:00,0.37096984,5.1
2026-03-08 15:55:00,0.37108621,5.06
2026-03-08 16:00:00,0.37120258,5.0
2026-03-08 16:05:00,0.37104742,5.0
2026-03-08 16:10:00,0.37116379,5.0
2026-03-08 16:15:00,0.37135774,4.98
2026-03-08 16:20:00,0.37116379,4.9
2026-03-08 16:25:00,0.37104742,4.9
2026-03-08 16:30:00,0.37108621,4.9
2026-03-08 16:35:00,0.37120258,4.9
2026-03-08 16:40:00,0.37131895,4.86
2026-03-08 16:45:00,0.37116379,4.8
2026-03-08 16:50:00,0.37108621,4.8
2026-03-08 16:55:00,0.37128016,4.8
2026-03-08 17:00:00,0.37116379,4.78
2026-03-08 17:05:00,0.371125,4.7
2026-03-08 17:10:00,0.37100863,4.7
2026-03-08 17:15:00,0.37100863,4.7
2026-03-08 17:20:00,0.37085347,4.7
2026-03-08 17:25:00,0.37093105,4.7
2026-03-08 17:30:00,0.37120258,4.6
2026-03-08 17:35:00,0.37116379,4.6
2026-03-08 17:40:00,0.37093105,4.6
2026-03-08 17:45:00,0.37104742,4.6
2026-03-08 17:50:00,0.37104742,4.6
2026-03-08 17:55:00,0.37096984,4.56
2026-03-08 18:00:00,0.37085347,4.5
2026-03-08 18:05:00,0.37120258,4.5
2026-03-08 18:10:00,0.37128016,4.5
2026-03-08 18:15:00,0.37108621,4.5
2026-03-08 18:20:00,0.37104742,4.5
2026-03-08 18:25:00,0.37085347,4.42
2026-03-08 18:30:00,0.37108621,4.4
2026-03-08 18:35:00,0.37065952,4.4
2026-03-08 18:40:00,0.37093105,4.4
2026-03-08 18:45:00,0.37100863,4.4
2026-03-08 18:50:00,0.37120258,4.34
2026-03-08 18:55:00,0.37108621,4.3
2026-03-08 19:00:00,0.37096984,4.3
2026-03-08 19:05:00,0.37108621,4.3
2026-03-08 19:10:00,0.37081468,4.3
2026-03-08 19:15:00,0.37089226,4.3
2026-03-08 19:20:00,0.37096984,4.26
2026-03-08 19:25:00,0.37120258,4.2
2026-03-08 19:30:00,0.37085347,4.2
2026-03-08 19:35:00,0.37108621,4.2
2026-03-08 19:40:00,0.37089226,4.2
2026-03-08 19:45:00,0.37108621,4.2
2026-03-08 19:50:00,0.3707371,4.2
2026-03-08 19:55:00,0.37081468,4.12
2026-03-08 20:00:00,0.37085347,4.1
2026-03-08 20:05:00,0.37081468,4.1
2026-03-08 20:10:00,0.37100863,4.1
2026-03-08 20:15:00,0.371125,4.1
2026-03-08 20:20:00,0.37089226,4.1
2026-03-08 20:25:00,0.3707371,4.08
2026-03-08 20:30:00,0.37100863,4.0
2026-03-08 20:35:00,0.37089226,4.0
2026-03-08 20:40:00,0.37077589,4.0
2026-03-08 20:45:00,0.37077589,4.0
2026-03-08 20:50:00,0.37054315,4.0
2026-03-08 20:55:00,0.37096984,4.0
2026-03-08 21:00:00,0.37093105,4.0
2026-03-08 21:05:00,0.37120258,3.94
2026-03-08 21:10:00,0.37077589,3.9
2026-03-08 21:15:00,0.37069831,3.9
2026-03-08 21:20:00,0.37077589,3.9
2026-03-08 21:25:00,0.37089226,3.9
2026-03-08 21:30:00,0.37085347,3.9
2026-03-08 21:35:00,0.37085347,3.9
2026-03-08 21:40:00,0.37058194,3.9
2026-03-08 21:45:00,0.37108621,3.8
2026-03-08 21:50:00,0.37093105,3.8
2026-03-08 21:55:00,0.37085347,3.8
2026-03-08 22:00:00,0.37085347,3.8
2026-03-08 22:05:00,0.3707371,3.8
2026-03-08 22:10:00,0.37085347,3.8
2026-03-08 22:15:00,0.3707371,3.8
2026-03-08 22:20:00,0.3707371,3.78
2026-03-08 22:25:00,0.37065952,3.7
2026-03-08 22:30:00,0.37089226,3.7
2026-03-08 22:35:00,0.37081468,3.7
2026-03-08 22:40:00,0.37081468,3.7
2026-03-08 22:45:00,0.37077589,3.7
2026-03-08 22:50:00,0.37062073,3.7
2026-03-08 22:55:00,0.37077589,3.7
2026-03-08 23:00:00,0.37100863,3.7
2026-03-08 23:05:00,0.3707371,3.7
2026-03-08 23:10:00,0.37069831,3.66
2026-03-08 23:15:00,0.37077589,3.6
2026-03-08 23:20:00,0.37081468,3.6
2026-03-08 23:25:00,0.37089226,3.6
2026-03-08 23:30:00,0.3707371,3.6
2026-03-08 23:35:00,0.37089226,3.6
2026-03-08 23:40:00,0.3707371,3.6
2026-03-08 23:45:00,0.37081468,3.6
2026-03-08 23:50:00,0.37085347,3.6
2026-03-08 23:55:00,0.37062073,3.6
2026-03-09 00:00:00,0.37089226,3.6
2026-03-09 00:05:00,0.37054315,3.6
2026-03-09 00:10:00,0.37050436,3.58
2026-03-09 00:15:00,0.37069831,3.5
2026-03-09 00:20:00,0.3707371,3.5
2026-03-09 00:25:00,0.37062073,3.5
2026-03-09 00:30:00,0.37058194,3.5
2026-03-09 00:35:00,0.37077589,3.5
2026-03-09 00:40:00,0.37065952,3.5
2026-03-09 00:45:00,0.37058194,3.5
2026-03-09 00:50:00,0.37089226,3.5
2026-03-09 00:55:00,0.37081468,3.5
2026-03-09 01:00:00,0.3707371,3.5
2026-03-09 01:05:00,0.37089226,3.5
2026-03-09 01:10:00,0.3707371,3.5
2026-03-09 01:15:00,0.37062073,3.5
2026-03-09 01:20:00,0.37058194,3.4
2026-03-09 01:25:00,0.37089226,3.4
2026-03-09 01:30:00,0.37069831,3.4
2026-03-09 01:35:00,0.37081468,3.4
2026-03-09 01:40:00,0.37081468,3.4
2026-03-09 01:45:00,0.37081468,3.4
2026-03-09 01:50:00,0.37085347,3.4
2026-03-09 01:55:00,0.3707371,3.4
2026-03-09 02:00:00,0.37042678,3.4
2026-03-09 02:05:00,0.37077589,3.4
2026-03-09 02:10:00,0.37065952,3.4
2026-03-09 02:15:00,0.3707371,3.4
2026-03-09 02:20:00,0.37065952,3.4
2026-03-09 02:25:00,0.37077589,3.4
2026-03-09 02:30:00,0.37038799,3.4
2026-03-09 02:35:00,0.37081468,3.4
2026-03-09 02:40:00,0.37062073,3.4
2026-03-09 02:45:00,0.37062073,3.4
2026-03-09 02:50:00,0.37038799,3.4
2026-03-09 02:55:00,0.37065952,3.4
2026-03-09 03:00:00,0.37069831,3.5
2026-03-09 03:05:00,0.37038799,3.5
2026-03-09 03:10:00,0.37038799,3.5
2026-03-09 03:15:00,0.37027162,3.5
2026-03-09 03:20:00,0.37038799,3.5
2026-03-09 03:25:00,0.37031041,3.6
2026-03-09 03:30:00,0.37042678,3.6
2026-03-09 03:35:00,0.37015525,3.6
2026-03-09 03:40:00,0.37027162,3.68
2026-03-09 03:45:00,0.36984493,3.7
2026-03-09 03:50:00,0.36988372,3.72
2026-03-09 03:55:00,0.36984493,3.8
2026-03-09 04:00:00,0.36992251,3.82
2026-03-09 04:05:00,0.36984493,3.9
2026-03-09 04:10:00,0.36972856,3.94
2026-03-09 04:15:00,0.36965098,4.0
2026-03-09 04:20:00,0.36976735,4.06
2026-03-09 04:25:00,0.36965098,4.1
2026-03-09 04:30:00,0.36953461,4.2
2026-03-09 04:35:00,0.36930187,4.24
2026-03-09 04:40:00,0.3691855,4.3
2026-03-09 04:45:00,0.36926308,4.38
2026-03-09 04:50:00,0.3691855,4.46
2026-03-09 04:55:00,0.36934066,4.52
2026-03-09 05:00:00,0.36922429,4.6
2026-03-09 05:05:00,0.36914671,4.68
2026-03-09 05:10:00,0.36914671,4.76
2026-03-09 05:15:00,0.36899155,4.84
2026-03-09 05:20:00,0.36903034,4.92
2026-03-09 05:25:00,0.36875881,5.0
2026-03-09 05:30:00,0.36875881,5.1
2026-03-09 05:35:00,0.36844849,5.18
2026-03-09 05:40:00,0.36856486,5.24
2026-03-09 05:45:00,0.36829333,5.32
2026-03-09 05:50:00,0.36833212,5.4
2026-03-09 05:55:00,0.36848728,5.5
2026-03-09 06:00:00,0.36817696,5.58
2026-03-09 06:05:00,0.36806059,5.66
2026-03-09 06:10:00,0.36813817,5.74
2026-03-09 06:15:00,0.36786664,5.82
2026-03-09 06:20:00,0.36786664,5.9
2026-03-09 06:25:00,0.36775027,5.98
2026-03-09 06:30:00,0.36751753,6.04
2026-03-09 06:35:00,0.36755632,6.1
2026-03-09 06:40:00,0.36716842,6.18
2026-03-09 06:45:00,0.3676339,6.24
2026-03-09 06:50:00,0.36755632,6.3
2026-03-09 06:55:00,0.36747874,6.36
2026-03-09 07:00:00,0.36743995,6.4
2026-03-09 07:05:00,0.36740116,6.48
2026-03-09 07:10:00,0.36732358,6.5
2026-03-09 07:15:00,0.36709084,6.6
2026-03-09 07:20:00,0.36701326,6.6
2026-03-09 07:25:00,0.36693568,6.68
2026-03-09 07:30:00,0.36693568,6.7
2026-03-09 07:35:00,0.367246,6.74
2026-03-09 07:40:00,0.36709084,6.8
2026-03-09 07:45:00,0.36705205,6.8
2026-03-09 07:50:00,0.3668581,6.86
2026-03-09 07:55:00,0.36693568,6.9
2026-03-09 08:00:00,0.36670294,6.9
2026-03-09 08:05:00,0.36674173,6.92
2026-03-09 08:10:00,0.36639262,7.0
2026-03-09 08:15:00,0.36670294,7.0
2026-03-09 08:20:00,0.36681931,7.0
2026-03-09 08:25:00,0.36670294,7.0
2026-03-09 08:30:00,0.36658657,7.1
2026-03-09 08:35:00,0.36674173,7.1
2026-03-09 08:40:00,0.36650899,7.1
2026-03-09 08:45:00,0.36674173,7.1
2026-03-09 08:50:00,0.36635383,7.1
2026-03-09 08:55:00,0.36623746,7.1
2026-03-09 09:00:00,0.36654778,7.1
2026-03-09 09:05:00,0.36643141,7.1
2026-03-09 09:10:00,0.36627625,7.1
2026-03-09 09:15:00,0.36631504,7.1
2026-03-09 09:20:00,0.36635383,7.1
2026-03-09 09:25:00,0.36666415,7.1
2026-03-09 09:30:00,0.36643141,7.1
2026-03-09 09:35:00,0.36670294,7.1
2026-03-09 09:40:00,0.36654778,7.08
2026-03-09 09:45:00,0.36662536,7.0
2026-03-09 09:50:00,0.36666415,7.0
2026-03-09 09:55:00,0.36639262,7.0
2026-03-09 10:00:00,0.36674173,7.0
2026-03-09 10:05:00,0.36681931,6.96
2026-03-09 10:10:00,0.36693568,6.9
2026-03-09 10:15:00,0.36674173,6.9
2026-03-09 10:20:00,0.36627625,6.9
2026-03-09 10:25:00,0.36654778,6.84
2026-03-09 10:30:00,0.36666415,6.8
2026-03-09 10:35:00,0.36639262,6.8
2026-03-09 10:40:00,0.36674173,6.76
2026-03-09 10:45:00,0.36681931,6.7
2026-03-09 10:50:00,0.36701326,6.7
2026-03-09 10:55:00,0.36697447,6.64
2026-03-09 11:00:00,0.36697447,6.6
2026-03-09 11:05:00,0.3668581,6.6
2026-03-09 11:10:00,0.36689689,6.52
2026-03-09 11:15:00,0.36689689,6.5
2026-03-09 11:20:00,0.36681931,6.5
2026-03-09 11:25:00,0.3668581,6.4
2026-03-09 11:30:00,0.36709084,6.4
2026-03-09 11:35:00,0.367246,6.38
2026-03-09 11:40:00,0.36693568,6.3
2026-03-09 11:45:00,0.367246,6.3
2026-03-09 11:50:00,0.36705205,6.24
2026-03-09 11:55:00,0.36689689,6.2
2026-03-09 12:00:00,0.36720721,6.2
2026-03-09 12:05:00,0.36743995,6.1
2026-03-09 12:10:00,0.36736237,6.1
2026-03-09 12:15:00,0.36716842,6.08
2026-03-09 12:20:00,0.36716842,6.0
2026-03-09 12:25:00,0.36712963,6.0
2026-03-09 12:30:00,0.36728479,5.96
2026-03-09 12:35:00,0.36689689,5.9
2026-03-09 12:40:00,0.36732358,5.9
2026-03-09 12:45:00,0.3676339,5.84
2026-03-09 12:50:00,0.36759511,5.8
2026-03-09 12:55:00,0.36740116,5.8
2026-03-09 13:00:00,0.36778906,5.72
2026-03-09 13:05:00,0.36747874,5.7
2026-03-09 13:10:00,0.36759511,5.7
2026-03-09 13:15:00,0.36743995,5.62
2026-03-09 13:20:00,0.36771148,5.6
2026-03-09 13:25:00,0.36732358,5.6
2026-03-09 13:30:00,0.36736237,5.54
2026-03-09 13:35:00,0.36771148,5.5
2026-03-09 13:40:00,0.36767269,5.5
2026-03-09 13:45:00,0.36759511,5.44
2026-03-09 13:50:00,0.36782785,5.4
2026-03-09 13:55:00,0.3676339,5.4
2026-03-09 14:00:00,0.36775027,5.38
2026-03-09 14:05:00,0.36782785,5.3
2026-03-09 14:10:00,0.36778906,5.3
2026-03-09 14:15:00,0.3676339,5.3
2026-03-09 14:20:00,0.36782785,5.24
2026-03-09 14:25:00,0.36778906,5.2
2026-03-09 14:30:00,0.36775027,5.2
2026-03-09 14:35:00,0.36778906,5.2
2026-03-09 14:40:00,0.36767269,5.16
2026-03-09 14:45:00,0.36786664,5.1
2026-03-09 14:50:00,0.36778906,5.1
2026-03-09 14:55:00,0.36771148,5.1
2026-03-09 15:00:00,0.36778906,5.0
2026-03-09 15:05:00,0.36782785,5.0
2026-03-09 15:10:00,0.36767269,5.0
2026-03-09 15:15:00,0.36782785,5.0
2026-03-09 15:20:00,0.36778906,4.92
2026-03-09 15:25:00,0.36775027,4.9
2026-03-09 15:30:00,0.36778906,4.9
2026-03-09 15:35:00,0.36806059,4.9
2026-03-09 15:40:00,0.36798301,4.84
2026-03-09 15:45:00,0.36786664,4.8
2026-03-09 15:50:00,0.36786664,4.8
2026-03-09 15:55:00,0.36778906,4.8
2026-03-09 16:00:00,0.36794422,4.74
2026-03-09 16:05:00,0.36786664,4.7
2026-03-09 16:10:00,0.3676339,4.7
2026-03-09 16:15:00,0.36806059,4.7
2026-03-09 16:20:00,0.36809938,4.7
2026-03-09 16:25:00,0.3680218,4.6
2026-03-09 16:30:00,0.36786664,4.6
2026-03-09 16:35:00,0.36794422,4.6
2026-03-09 16:40:00,0.3680218,4.6
2026-03-09 16:45:00,0.36813817,4.6
2026-03-09 16:50:00,0.36813817,4.5
2026-03-09 16:55:00,0.36798301,4.5
2026-03-09 17:00:00,0.3680218,4.5
2026-03-09 17:05:00,0.36767269,4.5
2026-03-09 17:10:00,0.36790543,4.5
2026-03-09 17:15:00,0.36806059,4.4
2026-03-09 17:20:00,0.36798301,4.4
2026-03-09 17:25:00,0.36794422,4.4
2026-03-09 17:30:00,0.36809938,4.4
2026-03-09 17:35:00,0.36786664,4.38
2026-03-09 17:40:00,0.36782785,4.3
2026-03-09 17:45:00,0.36775027,4.3
2026-03-09 17:50:00,0.36790543,4.3
2026-03-09 17:55:00,0.36794422,4.3
2026-03-09 18:00:00,0.36794422,4.3
2026-03-09 18:05:00,0.36782785,4.24
2026-03-09 18:10:00,0.36786664,4.2
2026-03-09 18:15:00,0.36794422,4.2
2026-03-09 18:20:00,0.36786664,4.2
2026-03-09 18:25:00,0.36806059,4.2
2026-03-09 18:30:00,0.36817696,4.2
2026-03-09 18:35:00,0.36794422,4.1
2026-03-09 18:40:00,0.36790543,4.1
2026-03-09 18:45:00,0.36798301,4.1
2026-03-09 18:50:00,0.3680218,4.1
2026-03-09 18:55:00,0.3680218,4.1
2026-03-09 19:00:00,0.36794422,4.08
2026-03-09 19:05:00,0.36806059,4.0
2026-03-09 19:10:00,0.36767269,4.0
2026-03-09 19:15:00,0.3680218,4.0
2026-03-09 19:20:00,0.3680218,4.0
2026-03-09 19:25:00,0.36813817,4.0
2026-03-09 19:30:00,0.36782785,4.0
2026-03-09 19:35:00,0.36798301,3.92
2026-03-09 19:40:00,0.36798301,3.9
2026-03-09 19:45:00,0.3680218,3.9
2026-03-09 19:50:00,0.36806059,3.9
2026-03-09 19:55:00,0.36771148,3.9
2026-03-09 20:00:00,0.36782785,3.9
2026-03-09 20:05:00,0.36778906,3.86
2026-03-09 20:10:00,0.36790543,3.8
2026-03-09 20:15:00,0.36806059,3.8
2026-03-09 20:20:00,0.36775027,3.8
2026-03-09 20:25:00,0.36786664,3.8
2026-03-09 20:30:00,0.36809938,3.8
2026-03-09 20:35:00,0.36798301,3.8
2026-03-09 20:40:00,0.36775027,3.72
2026-03-09 20:45:00,0.36798301,3.7
2026-03-09 20:50:00,0.36782785,3.7
2026-03-09 20:55:00,0.36775027,3.7
2026-03-09 21:00:00,0.36809938,3.7
2026-03-09 21:05:00,0.36806059,3.7
2026-03-09 21:10:00,0.36790543,3.7
2026-03-09 21:15:00,0.36786664,3.66
2026-03-09 21:20:00,0.3676339,3.6
2026-03-09 21:25:00,0.36794422,3.6
2026-03-09 21:30:00,0.3676339,3.6
2026-03-09 21:35:00,0.36775027,3.6
2026-03-09 21:40:00,0.36794422,3.6
2026-03-09 21:45:00,0.36798301,3.6
2026-03-09 21:50:00,0.36759511,3.6
2026-03-09 21:55:00,0.36778906,3.54
2026-03-09 22:00:00,0.3680218,3.5
2026-03-09 22:05:00,0.36798301,3.5
2026-03-09 22:10:00,0.36778906,3.5
2026-03-09 22:15:00,0.36778906,3.5
2026-03-09 22:20:00,0.36771148,3.5
2026-03-09 22:25:00,0.36798301,3.5
2026-03-09 22:30:00,0.36794422,3.48
2026-03-09 22:35:00,0.36751753,3.4
2026-03-09 22:40:00,0.36798301,3.4
2026-03-09 22:45:00,0.36806059,3.4
2026-03-09 22:50:00,0.36775027,3.4
2026-03-09 22:55:00,0.36775027,3.4
2026-03-09 23:00:00,0.36767269,3.4
2026-03-09 23:05:00,0.36794422,3.4
2026-03-09 23:10:00,0.36782785,3.4
2026-03-09 23:15:00,0.36782785,3.4
2026-03-09 23:20:00,0.36786664,3.3
2026-03-09 23:25:00,0.36743995,3.3
2026-03-09 23:30:00,0.36782785,3.3
2026-03-09 23:35:00,0.36767269,3.3
2026-03-09 23:40:00,0.36790543,3.3
2026-03-09 23:45:00,0.36755632,3.3
2026-03-09 23:50:00,0.36778906,3.3
2026-03-09 23:55:00,0.36778906,3.3
2026-03-10 00:00:00,0.36794422,3.3
2026-03-10 00:05:00,0.36778906,3.26
2026-03-10 00:10:00,0.36775027,3.2
2026-03-10 00:15:00,0.36767269,3.2
2026-03-10 00:20:00,0.36759511,3.2
2026-03-10 00:25:00,0.36794422,3.2
2026-03-10 00:30:00,0.3676339,3.2
2026-03-10 00:35:00,0.36771148,3.2
2026-03-10 00:40:00,0.36771148,3.2
2026-03-10 00:45:00,0.36790543,3.2
2026-03-10 00:50:00,0.36778906,3.2
2026-03-10 00:55:00,0.36775027,3.12
2026-03-10 01:00:00,0.36786664,3.1
2026-03-10 01:05:00,0.36798301,3.1
2026-03-10 01:10:00,0.3676339,3.1
2026-03-10 01:15:00,0.36798301,3.1
2026-03-10 01:20:00,0.36778906,3.1
2026-03-10 01:25:00,0.36771148,3.1
2026-03-10 01:30:00,0.36782785,3.1
2026-03-10 01:35:00,0.36794422,3.1
2026-03-10 01:40:00,0.36794422,3.1
2026-03-10 01:45:00,0.36747874,3.1
2026-03-10 01:50:00,0.36767269,3.1
2026-03-10 01:55:00,0.36747874,3.1
2026-03-10 02:00:00,0.3676339,3.1
2026-03-10 02:05:00,0.36782785,3.1
2026-03-10 02:10:00,0.36782785,3.0
2026-03-10 02:15:00,0.36786664,3.0
2026-03-10 02:20:00,0.36790543,3.0
2026-03-10 02:25:00,0.36790543,3.0
2026-03-10 02:30:00,0.36775027,3.0
2026-03-10 02:35:00,0.36778906,3.0
2026-03-10 02:40:00,0.36782785,3.0
2026-03-10 02:45:00,0.36767269,3.0
2026-03-10 02:50:00,0.36790543,3.0
2026-03-10 02:55:00,0.3676339,3.0
2026-03-10 03:00:00,0.36755632,3.0
2026-03-10 03:05:00,0.36751753,3.0
2026-03-10 03:10:00,0.36782785,3.0
2026-03-10 03:15:00,0.36790543,3.0
2026-03-10 03:20:00,0.36782785,3.0
2026-03-10 03:25:00,0.36771148,3.0
2026-03-10 03:30:00,0.36767269,3.0
2026-03-10 03:35:00,0.36767269,3.0
2026-03-10 03:40:00,0.36755632,3.0
2026-03-10 03:45:00,0.36720721,3.08
2026-03-10 03:50:00,0.36775027,3.1
2026-03-10 03:55:00,0.36767269,3.1
2026-03-10 04:00:00,0.36755632,3.1
2026-03-10 04:05:00,0.36759511,3.1
2026-03-10 04:10:00,0.3676339,3.2
2026-03-10 04:15:00,0.367246,3.2
2026-03-10 04:20:00,0.36732358,3.24
2026-03-10 04:25:00,0.36705205,3.3
2026-03-10 04:30:00,0.36705205,3.34
2026-03-10 04:35:00,0.36701326,3.4
2026-03-10 04:40:00,0.36716842,3.48
2026-03-10 04:45:00,0.36678052,3.54
2026-03-10 04:50:00,0.36674173,3.62
2026-03-10 04:55:00,0.36670294,3.7
2026-03-10 05:00:00,0.36650899,3.8
2026-03-10 05:05:00,0.36666415,3.92
2026-03-10 05:10:00,0.3660823,4.02
2026-03-10 05:15:00,0.36612109,4.12
2026-03-10 05:20:00,0.36600472,4.24
2026-03-10 05:25:00,0.36592714,4.34
2026-03-10 05:30:00,0.36600472,4.46
2026-03-10 05:35:00,0.36584956,4.58
2026-03-10 05:40:00,0.36553924,4.72
2026-03-10 05:45:00,0.36573319,4.84
2026-03-10 05:50:00,0.36561682,4.96
2026-03-10 05:55:00,0.36534529,5.08
2026-03-10 06:00:00,0.36511255,5.22
2026-03-10 06:05:00,0.36515134,5.34
2026-03-10 06:10:00,0.36484102,5.46
2026-03-10 06:15:00,0.36480223,5.58
2026-03-10 06:20:00,0.36464707,5.68
2026-03-10 06:25:00,0.3645307,5.82
2026-03-10 06:30:00,0.3645307,5.94
2026-03-10 06:35:00,0.36441433,6.04
2026-03-10 06:40:00,0.36406522,6.14
2026-03-10 06:45:00,0.36410401,6.26
2026-03-10 06:50:00,0.36425917,6.36
2026-03-10 06:55:00,0.36406522,6.46
2026-03-10 07:00:00,0.36391006,6.56
2026-03-10 07:05:00,0.36402643,6.66
2026-03-10 07:10:00,0.36371611,6.76
2026-03-10 07:15:00,0.36394885,6.84
2026-03-10 07:20:00,0.36344458,6.92
2026-03-10 07:25:00,0.36348337,7.0
2026-03-10 07:30:00,0.36348337,7.1
2026-03-10 07:35:00,0.36328942,7.16
2026-03-10 07:40:00,0.36317305,7.22
2026-03-10 07:45:00,0.36301789,7.3
2026-03-10 07:50:00,0.3629791,7.38
2026-03-10 07:55:00,0.36301789,7.42
2026-03-10 08:00:00,0.3625912,7.5
2026-03-10 08:05:00,0.36278515,7.54
2026-03-10 08:10:00,0.36282394,7.6
2026-03-10 08:15:00,0.36290152,7.64
2026-03-10 08:20:00,0.36255241,7.7
2026-03-10 08:25:00,0.36239725,7.72
2026-03-10 08:30:00,0.36243604,7.8
2026-03-10 08:35:00,0.36239725,7.8
2026-03-10 08:40:00,0.36239725,7.8
2026-03-10 08:45:00,0.36224209,7.9
2026-03-10 08:50:00,0.36235846,7.9
2026-03-10 08:55:00,0.36224209,7.9
2026-03-10 09:00:00,0.36231967,7.9
2026-03-10 09:05:00,0.36243604,7.9
2026-03-10 09:10:00,0.36231967,7.9
2026-03-10 09:15:00,0.36247483,7.9
2026-03-10 09:20:00,0.36247483,7.92
2026-03-10 09:25:00,0.36235846,7.9
2026-03-10 09:30:00,0.36216451,7.9
2026-03-10 09:35:00,0.36216451,7.9
2026-03-10 09:40:00,0.36224209,7.9
2026-03-10 09:45:00,0.3625912,7.9
2026-03-10 09:50:00,0.36255241,7.9
2026-03-10 09:55:00,0.36231967,7.9
2026-03-10 10:00:00,0.36224209,7.9
2026-03-10 10:05:00,0.36216451,7.8
2026-03-10 10:10:00,0.36270757,7.8
2026-03-10 10:15:00,0.36251362,7.8
2026-03-10 10:20:00,0.36266878,7.8
2026-03-10 10:25:00,0.3625912,7.7
2026-03-10 10:30:00,0.36243604,7.7
2026-03-10 10:35:00,0.3625912,7.7
2026-03-10 10:40:00,0.36274636,7.62
2026-03-10 10:45:00,0.36266878,7.6
2026-03-10 10:50:00,0.3625912,7.6
2026-03-10 10:55:00,0.36270757,7.5
2026-03-10 11:00:00,0.36270757,7.5
2026-03-10 11:05:00,0.36278515,7.44
2026-03-10 11:10:00,0.36290152,7.4
2026-03-10 11:15:00,0.36309547,7.4
2026-03-10 11:20:00,0.36309547,7.3
2026-03-10 11:25:00,0.36317305,7.3
2026-03-10 11:30:00,0.36274636,7.26
2026-03-10 11:35:00,0.36305668,7.2
2026-03-10 11:40:00,0.36325063,7.2
2026-03-10 11:45:00,0.36325063,7.1
2026-03-10 11:50:00,0.36332821,7.1
2026-03-10 11:55:00,0.36321184,7.02
2026-03-10 12:00:00,0.36317305,7.0
2026-03-10 12:05:00,0.36325063,6.96
2026-03-10 12:10:00,0.36313426,6.9
2026-03-10 12:15:00,0.36328942,6.88
2026-03-10 12:20:00,0.36348337,6.8
2026-03-10 12:25:00,0.36340579,6.8
2026-03-10 12:30:00,0.36325063,6.72
2026-03-10 12:35:00,0.363367,6.7
2026-03-10 12:40:00,0.363367,6.64
2026-03-10 12:45:00,0.36359974,6.6
2026-03-10 12:50:00,0.36344458,6.58
2026-03-10 12:55:00,0.36352216,6.5
2026-03-10 13:00:00,0.36356095,6.5
2026-03-10 13:05:00,0.36359974,6.42
2026-03-10 13:10:00,0.36363853,6.4
2026-03-10 13:15:00,0.36398764,6.38
2026-03-10 13:20:00,0.3637549,6.3
2026-03-10 13:25:00,0.36348337,6.3
2026-03-10 13:30:00,0.36367732,6.22
2026-03-10 13:35:00,0.36391006,6.2
2026-03-10 13:40:00,0.36356095,6.18
2026-03-10 13:45:00,0.3637549,6.1
2026-03-10 13:50:00,0.3637549,6.1
2026-03-10 13:55:00,0.36383248,6.02
2026-03-10 14:00:00,0.36406522,6.0
2026-03-10 14:05:00,0.36391006,6.0
2026-03-10 14:10:00,0.36394885,5.9
2026-03-10 14:15:00,0.36410401,5.9
2026-03-10 14:20:00,0.36398764,5.88
2026-03-10 14:25:00,0.3641428,5.8
2026-03-10 14:30:00,0.36425917,5.8
2026-03-10 14:35:00,0.36425917,5.74
2026-03-10 14:40:00,0.36406522,5.7
2026-03-10 14:45:00,0.36406522,5.7
2026-03-10 14:50:00,0.36422038,5.64
2026-03-10 14:55:00,0.36422038,5.6
2026-03-10 15:00:00,0.36406522,5.6
2026-03-10 15:05:00,0.36445312,5.54
2026-03-10 15:10:00,0.36422038,5.5
2026-03-10 15:15:00,0.36425917,5.5
2026-03-10 15:20:00,0.36441433,5.46
2026-03-10 15:25:00,0.36449191,5.4
2026-03-10 15:30:00,0.36449191,5.4
2026-03-10 15:35:00,0.36449191,5.38
2026-03-10 15:40:00,0.36425917,5.3
2026-03-10 15:45:00,0.3641428,5.3
2026-03-10 15:50:00,0.3645307,5.3
2026-03-10 15:55:00,0.36441433,5.24
2026-03-10 16:00:00,0.36456949,5.2
2026-03-10 16:05:00,0.36441433,5.2
2026-03-10 16:10:00,0.3645307,5.2
2026-03-10 16:15:00,0.36445312,5.12
2026-03-10 16:20:00,0.36464707,5.1
2026-03-10 16:25:00,0.36460828,5.1
2026-03-10 16:30:00,0.36472465,5.06
2026-03-10 16:35:00,0.36480223,5.0
2026-03-10 16:40:00,0.36476344,5.0
2026-03-10 16:45:00,0.36468586,5.0
2026-03-10 16:50:00,0.36460828,4.96
2026-03-10 16:55:00,0.36468586,4.9
2026-03-10 17:00:00,0.36468586,4.9
2026-03-10 17:05:00,0.36464707,4.9
2026-03-10 17:10:00,0.36468586,4.86
2026-03-10 17:15:00,0.36476344,4.8
2026-03-10 17:20:00,0.36468586,4.8
2026-03-10 17:25:00,0.36468586,4.8
2026-03-10 17:30:00,0.36460828,4.74
2026-03-10 17:35:00,0.36472465,4.7
2026-03-10 17:40:00,0.36487981,4.7
2026-03-10 17:45:00,0.36464707,4.7
2026-03-10 17:50:00,0.36464707,4.68
2026-03-10 17:55:00,0.36460828,4.6
2026-03-10 18:00:00,0.3649186,4.6
2026-03-10 18:05:00,0.36487981,4.6
2026-03-10 18:10:00,0.36464707,4.6
2026-03-10 18:15:00,0.36484102,4.56
2026-03-10 18:20:00,0.36480223,4.5
2026-03-10 18:25:00,0.36495739,4.5
2026-03-10 18:30:00,0.3649186,4.5
2026-03-10 18:35:00,0.36464707,4.5
2026-03-10 18:40:00,0.36468586,4.42
2026-03-10 18:45:00,0.36503497,4.4
2026-03-10 18:50:00,0.36495739,4.4
2026-03-10 18:55:00,0.36460828,4.4
2026-03-10 19:00:00,0.36480223,4.4
2026-03-10 19:05:00,0.36487981,4.3
2026-03-10 19:10:00,0.36495739,4.3
2026-03-10 19:15:00,0.36480223,4.3
2026-03-10 19:20:00,0.36487981,4.3
2026-03-10 19:25:00,0.36503497,4.3
2026-03-10 19:30:00,0.36472465,4.24
2026-03-10 19:35:00,0.36515134,4.2
2026-03-10 19:40:00,0.36499618,4.2
2026-03-10 19:45:00,0.36487981,4.2
2026-03-10 19:50:00,0.36495739,4.2
2026-03-10 19:55:00,0.36499618,4.2
2026-03-10 20:00:00,0.36515134,4.1
2026-03-10 20:05:00,0.3649186,4.1
2026-03-10 20:10:00,0.36511255,4.1
2026-03-10 20:15:00,0.36499618,4.1
2026-03-10 20:20:00,0.36499618,4.1
2026-03-10 20:25:00,0.36487981,4.06
2026-03-10 20:30:00,0.3649186,4.0
2026-03-10 20:35:00,0.36484102,4.0
2026-03-10 20:40:00,0.36476344,4.0
2026-03-10 20:45:00,0.3649186,4.0
2026-03-10 20:50:00,0.36468586,4.0
2026-03-10 20:55:00,0.36507376,3.98
2026-03-10 21:00:00,0.36487981,3.9
2026-03-10 21:05:00,0.3649186,3.9
2026-03-10 21:10:00,0.36480223,3.9
2026-03-10 21:15:00,0.3649186,3.9
2026-03-10 21:20:00,0.36472465,3.9
2026-03-10 21:25:00,0.36511255,3.9
2026-03-10 21:30:00,0.36511255,3.82
2026-03-10 21:35:00,0.36519013,3.8
2026-03-10 21:40:00,0.36495739,3.8
2026-03-10 21:45:00,0.36484102,3.8
2026-03-10 21:50:00,0.36503497,3.8
2026-03-10 21:55:00,0.36507376,3.8
2026-03-10 22:00:00,0.36499618,3.76
2026-03-10 22:05:00,0.36503497,3.7
2026-03-10 22:10:00,0.36495739,3.7
2026-03-10 22:15:00,0.3649186,3.7
2026-03-10 22:20:00,0.36476344,3.7
2026-03-10 22:25:00,0.36499618,3.7
2026-03-10 22:30:00,0.36507376,3.7
2026-03-10 22:35:00,0.36511255,3.68
2026-03-10 22:40:00,0.3649186,3.6
2026-03-10 22:45:00,0.36495739,3.6
2026-03-10 22:50:00,0.36503497,3.6
2026-03-10 22:55:00,0.36507376,3.6
2026-03-10 23:00:00,0.36499618,3.6
2026-03-10 23:05:00,0.36484102,3.6
2026-03-10 23:10:00,0.36511255,3.6
2026-03-10 23:15:00,0.36507376,3.52
2026-03-10 23:20:00,0.36503497,3.5
2026-03-10 23:25:00,0.36507376,3.5
2026-03-10 23:30:00,0.36495739,3.5
2026-03-10 23:35:00,0.36484102,3.5
2026-03-10 23:40:00,0.36507376,3.5
2026-03-10 23:45:00,0.36534529,3.5
2026-03-10 23:50:00,0.36519013,3.5
2026-03-10 23:55:00,0.36499618,3.4
2026-03-11 00:00:00,0.36507376,3.4
2026-03-11 00:05:00,0.36507376,3.4
2026-03-11 00:10:00,0.36495739,3.4
2026-03-11 00:15:00,0.36503497,3.4
2026-03-11 00:20:00,0.36519013,3.4
2026-03-11 00:25:00,0.36511255,3.4
2026-03-11 00:30:00,0.36522892,3.4
2026-03-11 00:35:00,0.36522892,3.4
2026-03-11 00:40:00,0.36522892,3.4
2026-03-11 00:45:00,0.36519013,3.34
2026-03-11 00:50:00,0.36503497,3.3
2026-03-11 00:55:00,0.36511255,3.3
2026-03-11 01:00:00,0.36515134,3.3
2026-03-11 01:05:00,0.36546166,3.3
2026-03-11 01:10:00,0.36515134,3.3
2026-03-11 01:15:00,0.36503497,3.3
2026-03-11 01:20:00,0.36503497,3.3
2026-03-11 01:25:00,0.3649186,3.3
2026-03-11 01:30:00,0.36534529,3.3
2026-03-11 01:35:00,0.36538408,3.3
2026-03-11 01:40:00,0.36515134,3.3
2026-03-11 01:45:00,0.36519013,3.28
2026-03-11 01:50:00,0.36503497,3.2
2026-03-11 01:55:00,0.36487981,3.2
2026-03-11 02:00:00,0.36534529,3.2
2026-03-11 02:05:00,0.36538408,3.2
2026-03-11 02:10:00,0.36499618,3.2
2026-03-11 02:15:00,0.36534529,3.2
2026-03-11 02:20:00,0.36487981,3.2
2026-03-11 02:25:00,0.3653065,3.2
2026-03-11 02:30:00,0.36522892,3.2
2026-03-11 02:35:00,0.36511255,3.2
2026-03-11 02:40:00,0.36503497,3.2
2026-03-11 02:45:00,0.36503497,3.2
2026-03-11 02:50:00,0.36511255,3.2
2026-03-11 02:55:00,0.36487981,3.2
2026-03-11 03:00:00,0.36511255,3.3
2026-03-11 03:05:00,0.36499618,3.3
2026-03-11 03:10:00,0.36468586,3.3
2026-03-11 03:15:00,0.36476344,3.3
2026-03-11 03:20:00,0.36472465,3.3
2026-03-11 03:25:00,0.36464707,3.34
2026-03-11 03:30:00,0.36495739,3.4
2026-03-11 03:35:00,0.36460828,3.4
2026-03-11 03:40:00,0.36449191,3.44
2026-03-11 03:45:00,0.36476344,3.5
2026-03-11 03:50:00,0.36425917,3.52
2026-03-11 03:55:00,0.36456949,3.6
2026-03-11 04:00:00,0.36429796,3.64
2026-03-11 04:05:00,0.36425917,3.7
2026-03-11 04:10:00,0.36429796,3.76
2026-03-11 04:15:00,0.36445312,3.82
2026-03-11 04:20:00,0.36402643,3.9
2026-03-11 04:25:00,0.36383248,3.96
2026-03-11 04:30:00,0.36394885,4.04
2026-03-11 04:35:00,0.36371611,4.12
2026-03-11 04:40:00,0.36383248,4.2
2026-03-11 04:45:00,0.36348337,4.3
2026-03-11 04:50:00,0.36344458,4.38
2026-03-11 04:55:00,0.363367,4.5
2026-03-11 05:00:00,0.36363853,4.6
2026-03-11 05:05:00,0.36325063,4.68
2026-03-11 05:10:00,0.36332821,4.78
2026-03-11 05:15:00,0.36313426,4.9
2026-03-11 05:20:00,0.36301789,5.0
2026-03-11 05:25:00,0.36290152,5.12
2026-03-11 05:30:00,0.36274636,5.22
2026-03-11 05:35:00,0.36286273,5.32
2026-03-11 05:40:00,0.36274636,5.42
2026-03-11 05:45:00,0.3625912,5.52
2026-03-11 05:50:00,0.36239725,5.64
2026-03-11 05:55:00,0.36231967,5.74
2026-03-11 06:00:00,0.36231967,5.84
2026-03-11 06:05:00,0.36216451,5.94
2026-03-11 06:10:00,0.36208693,6.04
2026-03-11 06:15:00,0.36189298,6.14
2026-03-11 06:20:00,0.3618154,6.24
2026-03-11 06:25:00,0.36162145,6.32
2026-03-11 06:30:00,0.36146629,6.42
2026-03-11 06:35:00,0.36154387,6.5
2026-03-11 06:40:00,0.36134992,6.6
2026-03-11 06:45:00,0.36150508,6.68
2026-03-11 06:50:00,0.36150508,6.76
2026-03-11 06:55:00,0.36131113,6.84
2026-03-11 07:00:00,0.36123355,6.9
2026-03-11 07:05:00,0.36088444,7.0
2026-03-11 07:10:00,0.3610396,7.06
2026-03-11 07:15:00,0.36096202,7.12
2026-03-11 07:20:00,0.36084565,7.2
2026-03-11 07:25:00,0.36088444,7.26
2026-03-11 07:30:00,0.36053533,7.3
2026-03-11 07:35:00,0.36080686,7.4
2026-03-11 07:40:00,0.36038017,7.42
2026-03-11 07:45:00,0.36041896,7.5
2026-03-11 07:50:00,0.36053533,7.54
2026-03-11 07:55:00,0.36034138,7.6
2026-03-11 08:00:00,0.36022501,7.66
2026-03-11 08:05:00,0.36014743,7.7
2026-03-11 08:10:00,0.36030259,7.7
2026-03-11 08:15:00,0.3602638,7.8
2026-03-11 08:20:00,0.3602638,7.8
2026-03-11 08:25:00,0.36014743,7.86
2026-03-11 08:30:00,0.36014743,7.9
2026-03-11 08:35:00,0.35999227,7.9
2026-03-11 08:40:00,0.35999227,7.92
2026-03-11 08:45:00,0.35999227,8.0
2026-03-11 08:50:00,0.3598759,8.0
2026-03-11 08:55:00,0.36018622,8.0
2026-03-11 09:00:00,0.35983711,8.0
2026-03-11 09:05:00,0.36006985,8.0
2026-03-11 09:10:00,0.36010864,8.02
2026-03-11 09:15:00,0.35991469,8.1
2026-03-11 09:20:00,0.35991469,8.1
2026-03-11 09:25:00,0.35975953,8.1
2026-03-11 09:30:00,0.3598759,8.1
2026-03-11 09:35:00,0.35991469,8.1
2026-03-11 09:40:00,0.35991469,8.1
2026-03-11 09:45:00,0.35968195,8.0
2026-03-11 09:50:00,0.3598759,8.0
2026-03-11 09:55:00,0.36014743,8.0
2026-03-11 10:00:00,0.35995348,8.0
2026-03-11 10:05:00,0.35979832,8.0
2026-03-11 10:10:00,0.3598759,8.0
2026-03-11 10:15:00,0.36022501,7.94
2026-03-11 10:20:00,0.36022501,7.9
2026-03-11 10:25:00,0.36010864,7.9
2026-03-11 10:30:00,0.36018622,7.9
2026-03-11 10:35:00,0.36003106,7.86
2026-03-11 10:40:00,0.36038017,7.8
2026-03-11 10:45:00,0.36006985,7.8
2026-03-11 10:50:00,0.36006985,7.8
2026-03-11 10:55:00,0.36014743,7.7
2026-03-11 11:00:00,0.36014743,7.7
2026-03-11 11:05:00,0.36030259,7.7
2026-03-11 11:10:00,0.3602638,7.62
2026-03-11 11:15:00,0.36045775,7.6
2026-03-11 11:20:00,0.36049654,7.6
2026-03-11 11:25:00,0.36072928,7.5
2026-03-11 11:30:00,0.36049654,7.5
2026-03-11 11:35:00,0.36045775,7.48
2026-03-11 11:40:00,0.36049654,7.4
2026-03-11 11:45:00,0.36045775,7.4
2026-03-11 11:50:00,0.36057412,7.36
2026-03-11 11:55:00,0.36061291,7.3
2026-03-11 12:00:00,0.36084565,7.3
2026-03-11 12:05:00,0.36096202,7.22
2026-03-11 12:10:00,0.3610396,7.2
2026-03-11 12:15:00,0.36076807,7.2
2026-03-11 12:20:00,0.36088444,7.1
2026-03-11 12:25:00,0.36100081,7.1
2026-03-11 12:30:00,0.3610396,7.04
2026-03-11 12:35:00,0.36107839,7.0
2026-03-11 12:40:00,0.36127234,7.0
2026-03-11 12:45:00,0.36131113,6.9
2026-03-11 12:50:00,0.36115597,6.9
2026-03-11 12:55:00,0.36115597,6.88
2026-03-11 13:00:00,0.36100081,6.8
2026-03-11 13:05:00,0.36115597,6.8
2026-03-11 13:10:00,0.36115597,6.76
2026-03-11 13:15:00,0.36115597,6.7
2026-03-11 13:20:00,0.36119476,6.7
2026-03-11 13:25:00,0.36138871,6.62
2026-03-11 13:30:00,0.36138871,6.6
2026-03-11 13:35:00,0.36127234,6.58
2026-03-11 13:40:00,0.36146629,6.5
2026-03-11 13:45:00,0.36127234,6.5
2026-03-11 13:50:00,0.36166024,6.46
2026-03-11 13:55:00,0.36138871,6.4
2026-03-11 14:00:00,0.36158266,6.4
2026-03-11 14:05:00,0.36169903,6.36
2026-03-11 14:10:00,0.36154387,6.3
2026-03-11 14:15:00,0.36154387,6.3
2026-03-11 14:20:00,0.3618154,6.24
2026-03-11 14:25:00,0.36169903,6.2
2026-03-11 14:30:00,0.36177661,6.2
2026-03-11 14:35:00,0.36158266,6.12
2026-03-11 14:40:00,0.36197056,6.1
2026-03-11 14:45:00,0.36166024,6.1
2026-03-11 14:50:00,0.36169903,6.02
2026-03-11 14:55:00,0.36169903,6.0
2026-03-11 15:00:00,0.36200935,6.0
2026-03-11 15:05:00,0.36158266,5.94
2026-03-11 15:10:00,0.36162145,5.9
2026-03-11 15:15:00,0.36169903,5.9
2026-03-11 15:20:00,0.36200935,5.86
2026-03-11 15:25:00,0.3618154,5.8
2026-03-11 15:30:00,0.36193177,5.8
2026-03-11 15:35:00,0.3618154,5.78
2026-03-11 15:40:00,0.3618154,5.7
2026-03-11 15:45:00,0.36212572,5.7
2026-03-11 15:50:00,0.36204814,5.7
2026-03-11 15:55:00,0.36204814,5.64
2026-03-11 16:00:00,0.36216451,5.6
2026-03-11 16:05:00,0.36212572,5.6
2026-03-11 16:10:00,0.36193177,5.6
2026-03-11 16:15:00,0.36239725,5.5
2026-03-11 16:20:00,0.36216451,5.5
2026-03-11 16:25:00,0.36204814,5.5
2026-03-11 16:30:00,0.36247483,5.46
2026-03-11 16:35:00,0.36228088,5.4
2026-03-11 16:40:00,0.36224209,5.4
2026-03-11 16:45:00,0.36212572,5.4
2026-03-11 16:50:00,0.36247483,5.34
2026-03-11 16:55:00,0.36228088,5.3
2026-03-11 17:00:00,0.36247483,5.3
2026-03-11 17:05:00,0.36224209,5.3
2026-03-11 17:10:00,0.36228088,5.26
2026-03-11 17:15:00,0.36247483,5.2
2026-03-11 17:20:00,0.36239725,5.2
2026-03-11 17:25:00,0.3622033,5.2
2026-03-11 17:30:00,0.36243604,5.2
2026-03-11 17:35:00,0.36239725,5.14
2026-03-11 17:40:00,0.36255241,5.1
2026-03-11 17:45:00,0.3625912,5.1
2026-03-11 17:50:00,0.36235846,5.1
2026-03-11 17:55:00,0.36251362,5.04
2026-03-11 18:00:00,0.36255241,5.0
2026-03-11 18:05:00,0.36255241,5.0
2026-03-11 18:10:00,0.3625912,5.0
2026-03-11 18:15:00,0.36247483,5.0
2026-03-11 18:20:00,0.36231967,4.9
2026-03-11 18:25:00,0.36255241,4.9
2026-03-11 18:30:00,0.36255241,4.9
2026-03-11 18:35:00,0.36262999,4.9
2026-03-11 18:40:00,0.36239725,4.9
2026-03-11 18:45:00,0.36266878,4.8
2026-03-11 18:50:00,0.36239725,4.8
2026-03-11 18:55:00,0.3625912,4.8
2026-03-11 19:00:00,0.36251362,4.8
2026-03-11 19:05:00,0.3625912,4.76
2026-03-11 19:10:00,0.36251362,4.7
2026-03-11 19:15:00,0.36266878,4.7
2026-03-11 19:20:00,0.3625912,4.7
2026-03-11 19:25:00,0.36243604,4.7
2026-03-11 19:30:00,0.36235846,4.7
2026-03-11 19:35:00,0.36274636,4.6
2026-03-11 19:40:00,0.3625912,4.6
2026-03-11 19:45:00,0.36266878,4.6
2026-03-11 19:50:00,0.36274636,4.6
2026-03-11 19:55:00,0.36290152,4.6
2026-03-11 20:00:00,0.36255241,4.58
2026-03-11 20:05:00,0.36251362,4.5
2026-03-11 20:10:00,0.36282394,4.5
2026-03-11 20:15:00,0.36262999,4.5
2026-03-11 20:20:00,0.36286273,4.5
2026-03-11 20:25:00,0.36243604,4.5
2026-03-11 20:30:00,0.36290152,4.46
2026-03-11 20:35:00,0.36294031,4.4
2026-03-11 20:40:00,0.36274636,4.4
2026-03-11 20:45:00,0.36278515,4.4
2026-03-11 20:50:00,0.36286273,4.4
2026-03-11 20:55:00,0.36290152,4.4
2026-03-11 21:00:00,0.36266878,4.3
2026-03-11 21:05:00,0.36282394,4.3
2026-03-11 21:10:00,0.36266878,4.3
2026-03-11 21:15:00,0.36286273,4.3
2026-03-11 21:20:00,0.36301789,4.3
2026-03-11 21:25:00,0.36282394,4.3
2026-03-11 21:30:00,0.36262999,4.26
2026-03-11 21:35:00,0.36286273,4.2
2026-03-11 21:40:00,0.36290152,4.2
2026-03-11 21:45:00,0.36274636,4.2
2026-03-11 21:50:00,0.3629791,4.2
2026-03-11 21:55:00,0.36278515,4.2
2026-03-11 22:00:00,0.36301789,4.2
2026-03-11 22:05:00,0.36301789,4.12
2026-03-11 22:10:00,0.36286273,4.1
2026-03-11 22:15:00,0.36305668,4.1
2026-03-11 22:20:00,0.36286273,4.1
2026-03-11 22:25:00,0.36294031,4.1
2026-03-11 22:30:00,0.36301789,4.1
2026-03-11 22:35:00,0.36294031,4.1
2026-03-11 22:40:00,0.36270757,4.0
2026-03-11 22:45:00,0.36278515,4.0
2026-03-11 22:50:00,0.3629791,4.0
2026-03-11 22:55:00,0.36294031,4.0
2026-03-11 23:00:00,0.3629791,4.0
2026-03-11 23:05:00,0.36282394,4.0
2026-03-11 23:10:00,0.36294031,4.0
2026-03-11 23:15:00,0.36294031,4.0
2026-03-11 23:20:00,0.36286273,3.9
2026-03-11 23:25:00,0.36309547,3.9
2026-03-11 23:30:00,0.36282394,3.9
2026-03-11 23:35:00,0.36290152,3.9
2026-03-11 23:40:00,0.36294031,3.9
2026-03-11 23:45:00,0.36294031,3.9
2026-03-11 23:50:00,0.36294031,3.9
2026-03-11 23:55:00,0.36309547,3.9
2026-03-12 00:00:00,0.36290152,3.84
2026-03-12 00:05:00,0.36313426,3.8
2026-03-12 00:10:00,0.36274636,3.8
2026-03-12 00:15:00,0.36317305,3.8
2026-03-12 00:20:00,0.3629791,3.8
2026-03-12 00:25:00,0.3629791,3.8
2026-03-12 00:30:00,0.36301789,3.8
2026-03-12 00:35:00,0.36321184,3.8
2026-03-12 00:40:00,0.36325063,3.8
2026-03-12 00:45:00,0.36305668,3.8
2026-03-12 00:50:00,0.36294031,3.78
2026-03-12 00:55:00,0.36309547,3.7
2026-03-12 01:00:00,0.36321184,3.7
2026-03-12 01:05:00,0.36309547,3.7
2026-03-12 01:10:00,0.36286273,3.7
2026-03-12 01:15:00,0.36309547,3.7
2026-03-12 01:20:00,0.36313426,3.7
2026-03-12 01:25:00,0.36305668,3.7
2026-03-12 01:30:00,0.36305668,3.7
2026-03-12 01:35:00,0.36294031,3.7
2026-03-12 01:40:00,0.36286273,3.74
2026-03-12 01:45:00,0.36301789,3.8
2026-03-12 01:50:00,0.36290152,3.8
2026-03-12 01:55:00,0.36301789,3.8
2026-03-12 02:00:00,0.36262999,3.8
2026-03-12 02:05:00,0.36266878,3.82
2026-03-12 02:10:00,0.36294031,3.9
2026-03-12 02:15:00,0.36290152,3.9
2026-03-12 02:20:00,0.36251362,3.9
2026-03-12 02:25:00,0.3625912,4.0
2026-03-12 02:30:00,0.36243604,4.0
2026-03-12 02:35:00,0.36266878,4.0
2026-03-12 02:40:00,0.36262999,4.1
2026-03-12 02:45:00,0.36262999,4.1
2026-03-12 02:50:00,0.3622033,4.18
2026-03-12 02:55:00,0.36228088,4.2
2026-03-12 03:00:00,0.36224209,4.24
2026-03-12 03:05:00,0.36235846,4.3
2026-03-12 03:10:00,0.3622033,4.34
2026-03-12 03:15:00,0.36212572,4.4
2026-03-12 03:20:00,0.36204814,4.46
2026-03-12 03:25:00,0.36177661,4.5
2026-03-12 03:30:00,0.36185419,4.58
2026-03-12 03:35:00,0.36197056,4.6
2026-03-12 03:40:00,0.36189298,4.7
2026-03-12 03:45:00,0.36162145,4.72
2026-03-12 03:50:00,0.36189298,4.8
2026-03-12 03:55:00,0.36177661,4.88
2026-03-12 04:00:00,0.36127234,4.92
2026-03-12 04:05:00,0.36150508,5.0
2026-03-12 04:10:00,0.36158266,5.06
2026-03-12 04:15:00,0.36131113,5.14
2026-03-12 04:20:00,0.36150508,5.2
2026-03-12 04:25:00,0.36115597,5.28
2026-03-12 04:30:00,0.36123355,5.36
2026-03-12 04:35:00,0.36127234,5.44
2026-03-12 04:40:00,0.36111718,5.52
2026-03-12 04:45:00,0.36096202,5.6
2026-03-12 04:50:00,0.36100081,5.7
2026-03-12 04:55:00,0.36092323,5.8
2026-03-12 05:00:00,0.36069049,5.9
2026-03-12 05:05:00,0.36057412,6.0
2026-03-12 05:10:00,0.36061291,6.08
2026-03-12 05:15:00,0.36030259,6.18
2026-03-12 05:20:00,0.36014743,6.3
2026-03-12 05:25:00,0.35991469,6.4
2026-03-12 05:30:00,0.35995348,6.5
2026-03-12 05:35:00,0.35975953,6.6
2026-03-12 05:40:00,0.35972074,6.7
2026-03-12 05:45:00,0.35968195,6.8
2026-03-12 05:50:00,0.35968195,6.9
2026-03-12 05:55:00,0.35952679,7.0
2026-03-12 06:00:00,0.35941042,7.1
2026-03-12 06:05:00,0.3591001,7.2
2026-03-12 06:10:00,0.35898373,7.3
2026-03-12 06:15:00,0.35902252,7.38
2026-03-12 06:20:00,0.35890615,7.48
2026-03-12 06:25:00,0.35855704,7.56
2026-03-12 06:30:00,0.35847946,7.66
2026-03-12 06:35:00,0.35859583,7.74
2026-03-12 06:40:00,0.35851825,7.82
2026-03-12 06:45:00,0.3583243,7.9
2026-03-12 06:50:00,0.3583243,7.98
2026-03-12 06:55:00,0.35828551,8.06
2026-03-12 07:00:00,0.35820793,8.12
2026-03-12 07:05:00,0.35805277,8.2
2026-03-12 07:10:00,0.35816914,8.28
2026-03-12 07:15:00,0.35809156,8.32
2026-03-12 07:20:00,0.35789761,8.4
2026-03-12 07:25:00,0.35789761,8.44
2026-03-12 07:30:00,0.35774245,8.5
2026-03-12 07:35:00,0.35774245,8.56
2026-03-12 07:40:00,0.35762608,8.6
2026-03-12 07:45:00,0.35766487,8.66
2026-03-12 07:50:00,0.35743213,8.7
2026-03-12 07:55:00,0.35750971,8.72
2026-03-12 08:00:00,0.35762608,8.8
2026-03-12 08:05:00,0.35774245,8.8
2026-03-12 08:10:00,0.35762608,8.86
2026-03-12 08:15:00,0.35731576,8.9
2026-03-12 08:20:00,0.35735455,8.9
2026-03-12 08:25:00,0.35727697,8.94
2026-03-12 08:30:00,0.35774245,9.0
2026-03-12 08:35:00,0.3575485,9.0
2026-03-12 08:40:00,0.35762608,9.0
2026-03-12 08:45:00,0.35735455,9.0
2026-03-12 08:50:00,0.35739334,9.08
2026-03-12 08:55:00,0.35743213,9.1
2026-03-12 09:00:00,0.35727697,9.1
2026-03-12 09:05:00,0.35727697,9.1
2026-03-12 09:10:00,0.35750971,9.1
2026-03-12 09:15:00,0.35747092,9.1
2026-03-12 09:20:00,0.35723818,9.1
2026-03-12 09:25:00,0.35739334,9.1
2026-03-12 09:30:00,0.35723818,9.1
2026-03-12 09:35:00,0.35727697,9.1
2026-03-12 09:40:00,0.35758729,9.1
2026-03-12 09:45:00,0.35723818,9.1
2026-03-12 09:50:00,0.35735455,9.0
2026-03-12 09:55:00,0.35747092,9.0
2026-03-12 10:00:00,0.35723818,9.0
2026-03-12 10:05:00,0.35758729,9.0
2026-03-12 10:10:00,0.35727697,9.0
2026-03-12 10:15:00,0.35743213,8.92
2026-03-12 10:20:00,0.35735455,8.9
2026-03-12 10:25:00,0.35758729,8.9
2026-03-12 10:30:00,0.35747092,8.9
2026-03-12 10:35:00,0.35758729,8.8
2026-03-12 10:40:00,0.35743213,8.8
2026-03-12 10:45:00,0.3575485,8.8
2026-03-12 10:50:00,0.35750971,8.74
2026-03-12 10:55:00,0.35785882,8.7
2026-03-12 11:00:00,0.35766487,8.7
2026-03-12 11:05:00,0.3575485,8.66
2026-03-12 11:10:00,0.35774245,8.6
2026-03-12 11:15:00,0.35782003,8.6
2026-03-12 11:20:00,0.35782003,8.56
2026-03-12 11:25:00,0.35782003,8.5
2026-03-12 11:30:00,0.35770366,8.5
2026-03-12 11:35:00,0.35774245,8.42
2026-03-12 11:40:00,0.3579364,8.4
2026-03-12 11:45:00,0.35782003,8.38
2026-03-12 11:50:00,0.35805277,8.3
2026-03-12 11:55:00,0.35778124,8.3
2026-03-12 12:00:00,0.35789761,8.24
2026-03-12 12:05:00,0.35797519,8.2
2026-03-12 12:10:00,0.35809156,8.2
2026-03-12 12:15:00,0.35801398,8.1
2026-03-12 12:20:00,0.35813035,8.1
2026-03-12 12:25:00,0.35785882,8.02
2026-03-12 12:30:00,0.35813035,8.0
2026-03-12 12:35:00,0.35805277,7.98
2026-03-12 12:40:00,0.35824672,7.9
2026-03-12 12:45:00,0.35844067,7.9
2026-03-12 12:50:00,0.35847946,7.82
2026-03-12 12:55:00,0.35859583,7.8
2026-03-12 13:00:00,0.35824672,7.78
2026-03-12 13:05:00,0.35844067,7.7
2026-03-12 13:10:00,0.35840188,7.7
2026-03-12 13:15:00,0.35840188,7.64
2026-03-12 13:20:00,0.35886736,7.6
2026-03-12 13:25:00,0.35886736,7.56
2026-03-12 13:30:00,0.35882857,7.5
2026-03-12 13:35:00,0.35878978,7.5
2026-03-12 13:40:00,0.35894494,7.42
2026-03-12 13:45:00,0.35898373,7.4
2026-03-12 13:50:00,0.35890615,7.4
2026-03-12 13:55:00,0.35898373,7.3
2026-03-12 14:00:00,0.35898373,7.3
2026-03-12 14:05:00,0.35898373,7.26
2026-03-12 14:10:00,0.35906131,7.2
2026-03-12 14:15:00,0.35913889,7.2
2026-03-12 14:20:00,0.35921647,7.14
2026-03-12 14:25:00,0.35925526,7.1
2026-03-12 14:30:00,0.35906131,7.1
2026-03-12 14:35:00,0.35925526,7.0
2026-03-12 14:40:00,0.35925526,7.0
2026-03-12 14:45:00,0.3591001,6.98
2026-03-12 14:50:00,0.35913889,6.9
2026-03-12 14:55:00,0.35937163,6.9
2026-03-12 15:00:00,0.35913889,6.86
2026-03-12 15:05:00,0.35921647,6.8
2026-03-12 15:10:00,0.35944921,6.8
2026-03-12 15:15:00,0.35952679,6.76
2026-03-12 15:20:00,0.35952679,6.7
2026-03-12 15:25:00,0.35960437,6.7
2026-03-12 15:30:00,0.35933284,6.64
2026-03-12 15:35:00,0.35929405,6.6
2026-03-12 15:40:00,0.35960437,6.6
2026-03-12 15:45:00,0.35906131,6.52
2026-03-12 15:50:00,0.35952679,6.5
2026-03-12 15:55:00,0.35952679,6.5
2026-03-12 16:00:00,0.35956558,6.44
2026-03-12 16:05:00,0.35975953,6.4
2026-03-12 16:10:00,0.35968195,6.4
2026-03-12 16:15:00,0.35964316,6.36
2026-03-12 16:20:00,0.359488,6.3
2026-03-12 16:25:00,0.35964316,6.3
2026-03-12 16:30:00,0.35979832,6.28
2026-03-12 16:35:00,0.35960437,6.2
2026-03-12 16:40:00,0.3598759,6.2
2026-03-12 16:45:00,0.35956558,6.18
2026-03-12 16:50:00,0.35991469,6.1
2026-03-12 16:55:00,0.3598759,6.1
2026-03-12 17:00:00,0.35968195,6.1
2026-03-12 17:05:00,0.35975953,6.0
2026-03-12 17:10:00,0.35991469,6.0
2026-03-12 17:15:00,0.35979832,6.0
2026-03-12 17:20:00,0.36010864,5.96
2026-03-12 17:25:00,0.35983711,5.9
2026-03-12 17:30:00,0.35999227,5.9
2026-03-12 17:35:00,0.36003106,5.9
2026-03-12 17:40:00,0.36014743,5.8
2026-03-12 17:45:00,0.36006985,5.8
2026-03-12 17:50:00,0.3602638,5.8
2026-03-12 17:55:00,0.36030259,5.72
2026-03-12 18:00:00,0.36010864,5.7
2026-03-12 18:05:00,0.35999227,5.7
2026-03-12 18:10:00,0.36014743,5.7
2026-03-12 18:15:00,0.35999227,5.62
2026-03-12 18:20:00,0.36041896,5.6
2026-03-12 18:25:00,0.36038017,5.6
2026-03-12 18:30:00,0.36003106,5.58
2026-03-12 18:35:00,0.36010864,5.5
2026-03-12 18:40:00,0.36014743,5.5
2026-03-12 18:45:00,0.3602638,5.5
2026-03-12 18:50:00,0.3602638,5.46
2026-03-12 18:55:00,0.36034138,5.4
2026-03-12 19:00:00,0.36034138,5.4
2026-03-12 19:05:00,0.36030259,5.4
2026-03-12 19:10:00,0.3602638,5.36
2026-03-12 19:15:00,0.36022501,5.3
2026-03-12 19:20:00,0.36053533,5.3
2026-03-12 19:25:00,0.36061291,5.3
2026-03-12 19:30:00,0.36034138,5.3
2026-03-12 19:35:00,0.36061291,5.2
2026-03-12 19:40:00,0.36045775,5.2
2026-03-12 19:45:00,0.36049654,5.2
2026-03-12 19:50:00,0.36061291,5.2
2026-03-12 19:55:00,0.3606517,5.2
2026-03-12 20:00:00,0.36038017,5.1
2026-03-12 20:05:00,0.36061291,5.1
2026-03-12 20:10:00,0.36069049,5.1
2026-03-12 20:15:00,0.3606517,5.1
2026-03-12 20:20:00,0.36069049,5.02
2026-03-12 20:25:00,0.36072928,5.0
2026-03-12 20:30:00,0.36069049,5.0
2026-03-12 20:35:00,0.3606517,5.0
2026-03-12 20:40:00,0.36061291,5.0
2026-03-12 20:45:00,0.36072928,4.9
2026-03-12 20:50:00,0.3606517,4.9
2026-03-12 20:55:00,0.36069049,4.9
2026-03-12 21:00:00,0.36069049,4.9
2026-03-12 21:05:00,0.36041896,4.88
2026-03-12 21:10:00,0.36069049,4.8
2026-03-12 21:15:00,0.36076807,4.8
2026-03-12 21:20:00,0.36076807,4.8
2026-03-12 21:25:00,0.36053533,4.8
2026-03-12 21:30:00,0.36057412,4.74
2026-03-12 21:35:00,0.36038017,4.7
2026-03-12 21:40:00,0.36049654,4.7
2026-03-12 21:45:00,0.36088444,4.7
2026-03-12 21:50:00,0.36053533,4.7
2026-03-12 21:55:00,0.36061291,4.66
2026-03-12 22:00:00,0.36072928,4.6
2026-03-12 22:05:00,0.36088444,4.6
2026-03-12 22:10:00,0.36057412,4.6
2026-03-12 22:15:00,0.36072928,4.6
2026-03-12 22:20:00,0.36053533,4.6
2026-03-12 22:25:00,0.36061291,4.52
2026-03-12 22:30:00,0.36076807,4.5
2026-03-12 22:35:00,0.36084565,4.5
2026-03-12 22:40:00,0.36088444,4.5
2026-03-12 22:45:00,0.36072928,4.5
2026-03-12 22:50:00,0.36092323,4.5
2026-03-12 22:55:00,0.36072928,4.42
2026-03-12 23:00:00,0.36072928,4.4
2026-03-12 23:05:00,0.36080686,4.4
2026-03-12 23:10:00,0.36100081,4.4
2026-03-12 23:15:00,0.36061291,4.4
2026-03-12 23:20:00,0.36061291,4.34
2026-03-12 23:25:00,0.36069049,4.3
2026-03-12 23:30:00,0.36084565,4.3
2026-03-12 23:35:00,0.36107839,4.3
2026-03-12 23:40:00,0.36088444,4.3
2026-03-12 23:45:00,0.36100081,4.3
2026-03-12 23:50:00,0.36100081,4.3
2026-03-12 23:55:00,0.36111718,4.22
2026-03-13 00:00:00,0.36100081,4.2
2026-03-13 00:05:00,0.36100081,4.2
2026-03-13 00:10:00,0.36080686,4.2
2026-03-13 00:15:00,0.36096202,4.2
2026-03-13 00:20:00,0.36100081,4.2
2026-03-13 00:25:00,0.36100081,4.2
2026-03-13 00:30:00,0.36084565,4.18
2026-03-13 00:35:00,0.36080686,4.12
2026-03-13 00:40:00,0.3610396,4.1
2026-03-13 00:45:00,0.36092323,4.1
2026-03-13 00:50:00,0.36100081,4.1
2026-03-13 00:55:00,0.36088444,4.1
2026-03-13 01:00:00,0.36092323,4.1
2026-03-13 01:05:00,0.36119476,4.1
2026-03-13 01:10:00,0.36119476,4.1
2026-03-13 01:15:00,0.3610396,4.1
2026-03-13 01:20:00,0.36107839,4.1
2026-03-13 01:25:00,0.36107839,4.1
2026-03-13 01:30:00,0.36084565,4.1
2026-03-13 01:35:00,0.3610396,4.1
2026-03-13 01:40:00,0.36084565,4.1
2026-03-13 01:45:00,0.36096202,4.1
2026-03-13 01:50:00,0.3610396,4.1
2026-03-13 01:55:00,0.3610396,4.1
2026-03-13 02:00:00,0.36096202,4.1
2026-03-13 02:05:00,0.36096202,4.14
2026-03-13 02:10:00,0.36069049,4.2
2026-03-13 02:15:00,0.36061291,4.2
2026-03-13 02:20:00,0.36076807,4.2
2026-03-13 02:25:00,0.36057412,4.26
2026-03-13 02:30:00,0.36072928,4.3
2026-03-13 02:35:00,0.36049654,4.3
2026-03-13 02:40:00,0.36038017,4.36
2026-03-13 02:45:00,0.36041896,4.4
2026-03-13 02:50:00,0.36041896,4.42
2026-03-13 02:55:00,0.36053533,4.5
2026-03-13 03:00:00,0.36034138,4.5
2026-03-13 03:05:00,0.35991469,4.56
2026-03-13 03:10:00,0.36003106,4.6
2026-03-13 03:15:00,0.3598759,4.62
2026-03-13 03:20:00,0.36038017,4.7
2026-03-13 03:25:00,0.3598759,4.72
2026-03-13 03:30:00,0.35995348,4.8
2026-03-13 03:35:00,0.35979832,4.84
2026-03-13 03:40:00,0.35995348,4.9
2026-03-13 03:45:00,0.35983711,4.94
2026-03-13 03:50:00,0.35972074,5.0
2026-03-13 03:55:00,0.35960437,5.06
2026-03-13 04:00:00,0.35964316,5.12
2026-03-13 04:05:00,0.35960437,5.2
2026-03-13 04:10:00,0.35956558,5.24
2026-03-13 04:15:00,0.35937163,5.3
2026-03-13 04:20:00,0.35933284,5.4
2026-03-13 04:25:00,0.35921647,5.46
2026-03-13 04:30:00,0.35925526,5.54
2026-03-13 04:35:00,0.3591001,5.62
2026-03-13 04:40:00,0.35902252,5.7
2026-03-13 04:45:00,0.35878978,5.82
2026-03-13 04:50:00,0.35882857,5.9
2026-03-13 04:55:00,0.35863462,6.0
2026-03-13 05:00:00,0.35851825,6.1
2026-03-13 05:05:00,0.35840188,6.2
2026-03-13 05:10:00,0.35820793,6.32
2026-03-13 05:15:00,0.35840188,6.42
2026-03-13 05:20:00,0.35820793,6.52
2026-03-13 05:25:00,0.35820793,6.64
2026-03-13 05:30:00,0.35785882,6.76
2026-03-13 05:35:00,0.35770366,6.86
2026-03-13 05:40:00,0.35762608,6.96
2026-03-13 05:45:00,0.35758729,7.08
2026-03-13 05:50:00,0.35735455,7.18
2026-03-13 05:55:00,0.35712181,7.32
2026-03-13 06:00:00,0.35696665,7.42
2026-03-13 06:05:00,0.35712181,7.52
2026-03-13 06:10:00,0.35673391,7.64
2026-03-13 06:15:00,0.35688907,7.74
2026-03-13 06:20:00,0.35657875,7.84
2026-03-13 06:25:00,0.35634601,7.96
2026-03-13 06:30:00,0.35634601,8.06
2026-03-13 06:35:00,0.35611327,8.16
2026-03-13 06:40:00,0.35611327,8.26
2026-03-13 06:45:00,0.35580295,8.34
2026-03-13 06:50:00,0.35595811,8.42
2026-03-13 06:55:00,0.35564779,8.52
2026-03-13 07:00:00,0.35576416,8.6
2026-03-13 07:05:00,0.355609,8.68
2026-03-13 07:10:00,0.35553142,8.74
2026-03-13 07:15:00,0.355609,8.82
2026-03-13 07:20:00,0.35529868,8.9
2026-03-13 07:25:00,0.35564779,8.98
2026-03-13 07:30:00,0.35549263,9.04
2026-03-13 07:35:00,0.35537626,9.1
2026-03-13 07:40:00,0.35537626,9.18
2026-03-13 07:45:00,0.35510473,9.22
2026-03-13 07:50:00,0.35541505,9.3
2026-03-13 07:55:00,0.3552211,9.34
2026-03-13 08:00:00,0.35537626,9.4
2026-03-13 08:05:00,0.35487199,9.44
2026-03-13 08:10:00,0.3548332,9.5
2026-03-13 08:15:00,0.35498836,9.54
2026-03-13 08:20:00,0.35487199,9.6
2026-03-13 08:25:00,0.35479441,9.6
2026-03-13 08:30:00,0.35479441,9.66
2026-03-13 08:35:00,0.35475562,9.7
2026-03-13 08:40:00,0.35463925,9.7
2026-03-13 08:45:00,0.35460046,9.72
2026-03-13 08:50:00,0.35460046,9.8
2026-03-13 08:55:00,0.35471683,9.8
2026-03-13 09:00:00,0.35467804,9.8
2026-03-13 09:05:00,0.35467804,9.8
2026-03-13 09:10:00,0.35456167,9.8
2026-03-13 09:15:00,0.35463925,9.8
2026-03-13 09:20:00,0.35452288,9.8
2026-03-13 09:25:00,0.35460046,9.8
2026-03-13 09:30:00,0.35491078,9.8
2026-03-13 09:35:00,0.35487199,9.8
2026-03-13 09:40:00,0.35475562,9.8
2026-03-13 09:45:00,0.35456167,9.8
2026-03-13 09:50:00,0.35452288,9.8
2026-03-13 09:55:00,0.35452288,9.8
2026-03-13 10:00:00,0.35471683,9.78
2026-03-13 10:05:00,0.35456167,9.7
2026-03-13 10:10:00,0.35460046,9.7
2026-03-13 10:15:00,0.35479441,9.7
2026-03-13 10:20:00,0.35479441,9.68
2026-03-13 10:25:00,0.35487199,9.6
2026-03-13 10:30:00,0.35463925,9.6
2026-03-13 10:35:00,0.35471683,9.6
2026-03-13 10:40:00,0.35494957,9.52
2026-03-13 10:45:00,0.35498836,9.5
2026-03-13 10:50:00,0.3548332,9.5
2026-03-13 10:55:00,0.35475562,9.4
2026-03-13 11:00:00,0.35487199,9.4
2026-03-13 11:05:00,0.35502715,9.36
2026-03-13 11:10:00,0.35514352,9.3
2026-03-13 11:15:00,0.35533747,9.3
2026-03-13 11:20:00,0.35498836,9.22
2026-03-13 11:25:00,0.35502715,9.2
2026-03-13 11:30:00,0.35510473,9.16
2026-03-13 11:35:00,0.35502715,9.1
2026-03-13 11:40:00,0.3552211,9.1
2026-03-13 11:45:00,0.35557021,9.0
2026-03-13 11:50:00,0.35518231,9.0
2026-03-13 11:55:00,0.35529868,8.94
2026-03-13 12:00:00,0.35525989,8.9
2026-03-13 12:05:00,0.35549263,8.88
2026-03-13 12:10:00,0.35553142,8.8
2026-03-13 12:15:00,0.35545384,8.8
2026-03-13 12:20:00,0.355609,8.7
2026-03-13 12:25:00,0.35549263,8.7
2026-03-13 12:30:00,0.35549263,8.68
2026-03-13 12:35:00,0.35537626,8.6
2026-03-13 12:40:00,0.35572537,8.6
2026-03-13 12:45:00,0.35557021,8.52
2026-03-13 12:50:00,0.35580295,8.5
2026-03-13 12:55:00,0.35572537,8.46
2026-03-13 13:00:00,0.35584174,8.4
2026-03-13 13:05:00,0.35557021,8.4
2026-03-13 13:10:00,0.35564779,8.3
2026-03-13 13:15:00,0.3559969,8.3
2026-03-13 13:20:00,0.35580295,8.24
2026-03-13 13:25:00,0.35591932,8.2
2026-03-13 13:30:00,0.35588053,8.18
2026-03-13 13:35:00,0.35595811,8.1
2026-03-13 13:40:00,0.35576416,8.1
2026-03-13 13:45:00,0.35615206,8.02
2026-03-13 13:50:00,0.35626843,8.0
2026-03-13 13:55:00,0.35615206,7.94
2026-03-13 14:00:00,0.35619085,7.9
2026-03-13 14:05:00,0.35619085,7.9
2026-03-13 14:10:00,0.35615206,7.8
2026-03-13 14:15:00,0.35634601,7.8
2026-03-13 14:20:00,0.35611327,7.76
2026-03-13 14:25:00,0.35634601,7.7
2026-03-13 14:30:00,0.35622964,7.7
2026-03-13 14:35:00,0.35642359,7.62
2026-03-13 14:40:00,0.35622964,7.6
2026-03-13 14:45:00,0.35669512,7.56
2026-03-13 14:50:00,0.35661754,7.5
2026-03-13 14:55:00,0.35626843,7.5
2026-03-13 15:00:00,0.3567727,7.4
2026-03-13 15:05:00,0.35665633,7.4
2026-03-13 15:10:00,0.35669512,7.38
2026-03-13 15:15:00,0.35665633,7.3
2026-03-13 15:20:00,0.35665633,7.3
2026-03-13 15:25:00,0.35661754,7.26
2026-03-13 15:30:00,0.35673391,7.2
2026-03-13 15:35:00,0.35688907,7.2
2026-03-13 15:40:00,0.35696665,7.12
2026-03-13 15:45:00,0.35685028,7.1
2026-03-13 15:50:00,0.35700544,7.1
2026-03-13 15:55:00,0.35696665,7.0
2026-03-13 16:00:00,0.35704423,7.0
2026-03-13 16:05:00,0.35708302,6.98
2026-03-13 16:10:00,0.35708302,6.9
2026-03-13 16:15:00,0.35719939,6.9
2026-03-13 16:20:00,0.35712181,6.86
2026-03-13 16:25:00,0.35723818,6.8
2026-03-13 16:30:00,0.35708302,6.8
2026-03-13 16:35:00,0.35727697,6.76
2026-03-13 16:40:00,0.35708302,6.7
2026-03-13 16:45:00,0.35712181,6.7
2026-03-13 16:50:00,0.35712181,6.64
2026-03-13 16:55:00,0.35731576,6.6
2026-03-13 17:00:00,0.35747092,6.6
2026-03-13 17:05:00,0.35727697,6.54
2026-03-13 17:10:00,0.35727697,6.5
2026-03-13 17:15:00,0.35719939,6.5
2026-03-13 17:20:00,0.35727697,6.44
2026-03-13 17:25:00,0.35766487,6.4
2026-03-13 17:30:00,0.35723818,6.4
2026-03-13 17:35:00,0.35770366,6.36
2026-03-13 17:40:00,0.35750971,6.3
2026-03-13 17:45:00,0.35750971,6.3
2026-03-13 17:50:00,0.35731576,6.28
2026-03-13 17:55:00,0.35770366,6.2
2026-03-13 18:00:00,0.3575485,6.2
2026-03-13 18:05:00,0.35750971,6.2
2026-03-13 18:10:00,0.35774245,6.1
2026-03-13 18:15:00,0.35758729,6.1
2026-03-13 18:20:00,0.35750971,6.1
2026-03-13 18:25:00,0.35770366,6.04
2026-03-13 18:30:00,0.35747092,6.0
2026-03-13 18:35:00,0.35774245,6.0
2026-03-13 18:40:00,0.35766487,5.98
2026-03-13 18:45:00,0.3579364,5.9
2026-03-13 18:50:00,0.35797519,5.9
2026-03-13 18:55:00,0.35789761,5.9
2026-03-13 19:00:00,0.3579364,5.84
2026-03-13 19:05:00,0.35778124,5.8
2026-03-13 19:10:00,0.35785882,5.8
2026-03-13 19:15:00,0.3579364,5.78
2026-03-13 19:20:00,0.35797519,5.7
2026-03-13 19:25:00,0.35801398,5.7
2026-03-13 19:30:00,0.35801398,5.7
2026-03-13 19:35:00,0.35813035,5.66
2026-03-13 19:40:00,0.35809156,5.6
2026-03-13 19:45:00,0.35809156,5.6
2026-03-13 19:50:00,0.35820793,5.6
2026-03-13 19:55:00,0.35816914,5.54
2026-03-13 20:00:00,0.35809156,5.5
2026-03-13 20:05:00,0.35801398,5.5
2026-03-13 20:10:00,0.35820793,5.5
2026-03-13 20:15:00,0.35805277,5.44
2026-03-13 20:20:00,0.35813035,5.4
2026-03-13 20:25:00,0.35809156,5.4
2026-03-13 20:30:00,0.35828551,5.4
2026-03-13 20:35:00,0.35836309,5.36
2026-03-13 20:40:00,0.35813035,5.3
2026-03-13 20:45:00,0.35828551,5.3
2026-03-13 20:50:00,0.3583243,5.3
2026-03-13 20:55:00,0.35844067,5.3
2026-03-13 21:00:00,0.35820793,5.2
2026-03-13 21:05:00,0.35813035,5.2
2026-03-13 21:10:00,0.35816914,5.2
2026-03-13 21:15:00,0.35840188,5.2
2026-03-13 21:20:00,0.35797519,5.18
2026-03-13 21:25:00,0.35816914,5.1
2026-03-13 21:30:00,0.35820793,5.1
2026-03-13 21:35:00,0.3583243,5.1
2026-03-13 21:40:00,0.35844067,5.1
2026-03-13 21:45:00,0.35836309,5.02
2026-03-13 21:50:00,0.3583243,5.0
2026-03-13 21:55:00,0.35863462,5.0
2026-03-13 22:00:00,0.35851825,5.0
2026-03-13 22:05:00,0.35844067,5.0
2026-03-13 22:10:00,0.35813035,4.92
2026-03-13 22:15:00,0.3583243,4.9
2026-03-13 22:20:00,0.35840188,4.9
2026-03-13 22:25:00,0.35867341,4.9
2026-03-13 22:30:00,0.35851825,4.9
2026-03-13 22:35:00,0.35847946,4.82
2026-03-13 22:40:00,0.35836309,4.8
2026-03-13 22:45:00,0.35855704,4.8
2026-03-13 22:50:00,0.35844067,4.8
2026-03-13 22:55:00,0.35855704,4.8
2026-03-13 23:00:00,0.35863462,4.7
2026-03-13 23:05:00,0.35847946,4.7
2026-03-13 23:10:00,0.35863462,4.7
2026-03-13 23:15:00,0.35840188,4.7
2026-03-13 23:20:00,0.35875099,4.7
2026-03-13 23:25:00,0.35847946,4.7
2026-03-13 23:30:00,0.35844067,4.6
2026-03-13 23:35:00,0.35851825,4.6
2026-03-13 23:40:00,0.35859583,4.6
2026-03-13 23:45:00,0.35847946,4.6
2026-03-13 23:50:00,0.35851825,4.6
2026-03-13 23:55:00,0.35863462,4.6
2026-03-14 00:00:00,0.35844067,4.6
2026-03-14 00:05:00,0.35859583,4.54
2026-03-14 00:10:00,0.35859583,4.5
2026-03-14 00:15:00,0.35882857,4.5
2026-03-14 00:20:00,0.35875099,4.5
2026-03-14 00:25:00,0.35867341,4.5
2026-03-14 00:30:00,0.35867341,4.5
2026-03-14 00:35:00,0.35855704,4.5
2026-03-14 00:40:00,0.35863462,4.5
2026-03-14 00:45:00,0.35851825,4.5
2026-03-14 00:50:00,0.35875099,4.5
2026-03-14 00:55:00,0.35851825,4.5
2026-03-14 01:00:00,0.35844067,4.5
2026-03-14 01:05:00,0.35863462,4.5
2026-03-14 01:10:00,0.35867341,4.5
2026-03-14 01:15:00,0.35863462,4.5
2026-03-14 01:20:00,0.35840188,4.5
2026-03-14 01:25:00,0.35855704,4.5
2026-03-14 01:30:00,0.35844067,4.5
2026-03-14 01:35:00,0.35840188,4.5
2026-03-14 01:40:00,0.35844067,4.5
2026-03-14 01:45:00,0.35840188,4.58
2026-03-14 01:50:00,0.35813035,4.6
2026-03-14 01:55:00,0.35824672,4.6
2026-03-14 02:00:00,0.35824672,4.62
2026-03-14 02:05:00,0.35840188,4.7
2026-03-14 02:10:00,0.35813035,4.7
2026-03-14 02:15:00,0.35778124,4.76
2026-03-14 02:20:00,0.35813035,4.8
2026-03-14 02:25:00,0.35813035,4.84
2026-03-14 02:30:00,0.35801398,4.9
2026-03-14 02:35:00,0.35785882,4.9
2026-03-14 02:40:00,0.35782003,5.0
2026-03-14 02:45:00,0.35797519,5.0
2026-03-14 02:50:00,0.35782003,5.08
2026-03-14 02:55:00,0.35774245,5.1
2026-03-14 03:00:00,0.35762608,5.18
2026-03-14 03:05:00,0.35774245,5.2
2026-03-14 03:10:00,0.35766487,5.22
2026-03-14 03:15:00,0.3575485,5.3
2026-03-14 03:20:00,0.35747092,5.32
2026-03-14 03:25:00,0.35739334,5.4
2026-03-14 03:30:00,0.35743213,5.42
2026-03-14 03:35:00,0.3571606,5.5
2026-03-14 03:40:00,0.35731576,5.56
2026-03-14 03:45:00,0.35723818,5.6
2026-03-14 03:50:00,0.35669512,5.68
2026-03-14 03:55:00,0.35681149,5.72
2026-03-14 04:00:00,0.3571606,5.8
2026-03-14 04:05:00,0.35673391,5.86
2026-03-14 04:10:00,0.35673391,5.92
2026-03-14 04:15:00,0.3567727,6.0
2026-03-14 04:20:00,0.35653996,6.08
2026-03-14 04:25:00,0.35673391,6.14
2026-03-14 04:30:00,0.3563848,6.22
2026-03-14 04:35:00,0.3563848,6.3
2026-03-14 04:40:00,0.35611327,6.4
2026-03-14 04:45:00,0.35619085,6.48
2026-03-14 04:50:00,0.35607448,6.58
2026-03-14 04:55:00,0.35607448,6.68
2026-03-14 05:00:00,0.35568658,6.78
2026-03-14 05:05:00,0.35572537,6.88
2026-03-14 05:10:00,0.35568658,6.98
2026-03-14 05:15:00,0.35553142,7.08
2026-03-14 05:20:00,0.35510473,7.2
2026-03-14 05:25:00,0.35506594,7.3
2026-03-14 05:30:00,0.35487199,7.42
2026-03-14 05:35:00,0.35506594,7.52
2026-03-14 05:40:00,0.35498836,7.64
2026-03-14 05:45:00,0.35452288,7.76
2026-03-14 05:50:00,0.35448409,7.86
2026-03-14 05:55:00,0.3544453,7.98
2026-03-14 06:00:00,0.35409619,8.08
2026-03-14 06:05:00,0.35401861,8.2
2026-03-14 06:10:00,0.35374708,8.3
2026-03-14 06:15:00,0.35386345,8.4
2026-03-14 06:20:00,0.35394103,8.5
2026-03-14 06:25:00,0.35355313,8.6
2026-03-14 06:30:00,0.35343676,8.7
2026-03-14 06:35:00,0.35343676,8.78
2026-03-14 06:40:00,0.35351434,8.86
2026-03-14 06:45:00,0.35335918,8.94
2026-03-14 06:50:00,0.35316523,9.04
2026-03-14 06:55:00,0.35324281,9.1
2026-03-14 07:00:00,0.35316523,9.2
2026-03-14 07:05:00,0.35293249,9.28
2026-03-14 07:10:00,0.35301007,9.34
2026-03-14 07:15:00,0.35301007,9.4
2026-03-14 07:20:00,0.35281612,9.5
2026-03-14 07:25:00,0.35269975,9.54
2026-03-14 07:30:00,0.35262217,9.6
2026-03-14 07:35:00,0.35262217,9.66
2026-03-14 07:40:00,0.35277733,9.7
2026-03-14 07:45:00,0.35266096,9.78
2026-03-14 07:50:00,0.3525058,9.8
2026-03-14 07:55:00,0.35242822,9.88
2026-03-14 08:00:00,0.35235064,9.9
2026-03-14 08:05:00,0.35238943,9.94
2026-03-14 08:10:00,0.35238943,10.0
2026-03-14 08:15:00,0.35223427,10.0
2026-03-14 08:20:00,0.35215669,10.06
2026-03-14 08:25:00,0.35223427,10.1
2026-03-14 08:30:00,0.35215669,10.1
2026-03-14 08:35:00,0.3521179,10.1
2026-03-14 08:40:00,0.35207911,10.14
2026-03-14 08:45:00,0.35207911,10.2
2026-03-14 08:50:00,0.35204032,10.2
2026-03-14 08:55:00,0.35207911,10.2
2026-03-14 09:00:00,0.3521179,10.2
2026-03-14 09:05:00,0.35192395,10.2
2026-03-14 09:10:00,0.35231185,10.2
2026-03-14 09:15:00,0.3521179,10.2
2026-03-14 09:20:00,0.3521179,10.2
2026-03-14 09:25:00,0.3521179,10.2
2026-03-14 09:30:00,0.35207911,10.2
2026-03-14 09:35:00,0.35200153,10.2
2026-03-14 09:40:00,0.35204032,10.2
2026-03-14 09:45:00,0.35204032,10.2
2026-03-14 09:50:00,0.35200153,10.14
2026-03-14 09:55:00,0.35219548,10.1
2026-03-14 10:00:00,0.35207911,10.1
2026-03-14 10:05:00,0.35219548,10.1
2026-03-14 10:10:00,0.3525058,10.08
2026-03-14 10:15:00,0.35235064,10.0
2026-03-14 10:20:00,0.35223427,10.0
2026-03-14 10:25:00,0.35242822,10.0
2026-03-14 10:30:00,0.35231185,9.9
2026-03-14 10:35:00,0.35246701,9.9
2026-03-14 10:40:00,0.35219548,9.86
2026-03-14 10:45:00,0.3525058,9.8
2026-03-14 10:50:00,0.35254459,9.8
2026-03-14 10:55:00,0.35242822,9.72
2026-03-14 11:00:00,0.35262217,9.7
2026-03-14 11:05:00,0.3525058,9.66
2026-03-14 11:10:00,0.35258338,9.6
2026-03-14 11:15:00,0.35277733,9.6
2026-03-14 11:20:00,0.35285491,9.5
2026-03-14 11:25:00,0.35285491,9.5
2026-03-14 11:30:00,0.35281612,9.42
2026-03-14 11:35:00,0.35277733,9.4
2026-03-14 11:40:00,0.35297128,9.34
2026-03-14 11:45:00,0.35281612,9.3
2026-03-14 11:50:00,0.35304886,9.26
2026-03-14 11:55:00,0.3528937,9.2
2026-03-14 12:00:00,0.35285491,9.18
2026-03-14 12:05:00,0.35285491,9.1
2026-03-14 12:10:00,0.35301007,9.1
2026-03-14 12:15:00,0.35308765,9.0
2026-03-14 12:20:00,0.35297128,9.0
2026-03-14 12:25:00,0.35301007,8.94
2026-03-14 12:30:00,0.35308765,8.9
2026-03-14 12:35:00,0.35312644,8.86
2026-03-14 12:40:00,0.3532816,8.8
2026-03-14 12:45:00,0.35359192,8.8
2026-03-14 12:50:00,0.35335918,8.7
2026-03-14 12:55:00,0.35343676,8.7
2026-03-14 13:00:00,0.35351434,8.66
2026-03-14 13:05:00,0.35347555,8.6
2026-03-14 13:10:00,0.35355313,8.6
2026-03-14 13:15:00,0.35335918,8.5
2026-03-14 13:20:00,0.35339797,8.5
2026-03-14 13:25:00,0.35363071,8.44
2026-03-14 13:30:00,0.35351434,8.4
2026-03-14 13:35:00,0.35382466,8.38
2026-03-14 13:40:00,0.3536695,8.3
2026-03-14 13:45:00,0.35386345,8.3
2026-03-14 13:50:00,0.3536695,8.22
2026-03-14 13:55:00,0.3536695,8.2
2026-03-14 14:00:00,0.35382466,8.16
2026-03-14 14:05:00,0.35390224,8.1
2026-03-14 14:10:00,0.35394103,8.08
2026-03-14 14:15:00,0.35382466,8.0
2026-03-14 14:20:00,0.35409619,8.0
2026-03-14 14:25:00,0.35421256,7.92
2026-03-14 14:30:00,0.35401861,7.9
2026-03-14 14:35:00,0.35397982,7.86
2026-03-14 14:40:00,0.3540574,7.8
2026-03-14 14:45:00,0.35425135,7.8
2026-03-14 14:50:00,0.35417377,7.7
2026-03-14 14:55:00,0.35394103,7.7
2026-03-14 15:00:00,0.35409619,7.68
2026-03-14 15:05:00,0.35413498,7.6
2026-03-14 15:10:00,0.35421256,7.6
2026-03-14 15:15:00,0.35436772,7.5
2026-03-14 15:20:00,0.3544453,7.5
2026-03-14 15:25:00,0.3544453,7.48
2026-03-14 15:30:00,0.35440651,7.4
2026-03-14 15:35:00,0.35456167,7.4
2026-03-14 15:40:00,0.35440651,7.36
2026-03-14 15:45:00,0.35421256,7.3
2026-03-14 15:50:00,0.35479441,7.3
2026-03-14 15:55:00,0.3548332,7.24
2026-03-14 16:00:00,0.3548332,7.2
2026-03-14 16:05:00,0.35479441,7.2
2026-03-14 16:10:00,0.35448409,7.14
2026-03-14 16:15:00,0.35475562,7.1
2026-03-14 16:20:00,0.35491078,7.1
2026-03-14 16:25:00,0.35487199,7.02
2026-03-14 16:30:00,0.35491078,7.0
2026-03-14 16:35:00,0.35456167,7.0
2026-03-14 16:40:00,0.35494957,6.92
2026-03-14 16:45:00,0.35491078,6.9
2026-03-14 16:50:00,0.35491078,6.9
2026-03-14 16:55:00,0.35494957,6.86
2026-03-14 17:00:00,0.35491078,6.8
2026-03-14 17:05:00,0.35502715,6.8
2026-03-14 17:10:00,0.35491078,6.8
2026-03-14 17:15:00,0.35502715,6.74
2026-03-14 17:20:00,0.35529868,6.7
2026-03-14 17:25:00,0.3552211,6.7
2026-03-14 17:30:00,0.35518231,6.7
2026-03-14 17:35:00,0.35514352,6.6
2026-03-14 17:40:00,0.35506594,6.6
2026-03-14 17:45:00,0.35529868,6.6
2026-03-14 17:50:00,0.3552211,6.6
2026-03-14 17:55:00,0.35506594,6.54
2026-03-14 18:00:00,0.35529868,6.5
2026-03-14 18:05:00,0.35510473,6.5
2026-03-14 18:10:00,0.35502715,6.5
2026-03-14 18:15:00,0.35529868,6.5
2026-03-14 18:20:00,0.35541505,6.42
2026-03-14 18:25:00,0.35545384,6.4
2026-03-14 18:30:00,0.3552211,6.4
2026-03-14 18:35:00,0.35525989,6.4
2026-03-14 18:40:00,0.3552211,6.4
2026-03-14 18:45:00,0.35533747,6.4
2026-03-14 18:50:00,0.35510473,6.36
2026-03-14 18:55:00,0.35529868,6.3
2026-03-14 19:00:00,0.35525989,6.3
2026-03-14 19:05:00,0.35549263,6.3
2026-03-14 19:10:00,0.35537626,6.3
2026-03-14 19:15:00,0.35537626,6.3
2026-03-14 19:20:00,0.35553142,6.3
2026-03-14 19:25:00,0.35553142,6.2
2026-03-14 19:30:00,0.35537626,6.2
2026-03-14 19:35:00,0.35533747,6.2
2026-03-14 19:40:00,0.35549263,6.2
2026-03-14 19:45:00,0.35529868,6.2
2026-03-14 19:50:00,0.35518231,6.2
2026-03-14 19:55:00,0.35553142,6.2
2026-03-14 20:00:00,0.35533747,6.14
2026-03-14 20:05:00,0.35529868,6.1
2026-03-14 20:10:00,0.35557021,6.1
2026-03-14 20:15:00,0.3552211,6.1
2026-03-14 20:20:00,0.35553142,6.1
2026-03-14 20:25:00,0.35533747,6.1
2026-03-14 20:30:00,0.35549263,6.1
2026-03-14 20:35:00,0.35537626,6.1
2026-03-14 20:40:00,0.35537626,6.1
2026-03-14 20:45:00,0.35514352,6.1
2026-03-14 20:50:00,0.35537626,6.02
2026-03-14 20:55:00,0.35557021,6.0
2026-03-14 21:00:00,0.35510473,6.0
2026-03-14 21:05:00,0.35545384,6.0
2026-03-14 21:10:00,0.35545384,6.0
2026-03-14 21:15:00,0.35549263,6.0
2026-03-14 21:20:00,0.35553142,6.0
2026-03-14 21:25:00,0.35553142,6.0
2026-03-14 21:30:00,0.35557021,6.0
2026-03-14 21:35:00,0.35525989,6.0
2026-03-14 21:40:00,0.35537626,6.0
2026-03-14 21:45:00,0.35529868,6.0
2026-03-14 21:50:00,0.35564779,6.0
2026-03-14 21:55:00,0.35533747,5.96
2026-03-14 22:00:00,0.35541505,5.9
2026-03-14 22:05:00,0.35533747,5.9
2026-03-14 22:10:00,0.35557021,5.9
2026-03-14 22:15:00,0.3552211,5.9
2026-03-14 22:20:00,0.35533747,5.9
2026-03-14 22:25:00,0.35545384,5.9
2026-03-14 22:30:00,0.35549263,5.9
2026-03-14 22:35:00,0.35553142,5.9
2026-03-14 22:40:00,0.35537626,5.9
2026-03-14 22:45:00,0.35545384,5.9
2026-03-14 22:50:00,0.35564779,5.9
2026-03-14 22:55:00,0.35549263,5.9
2026-03-14 23:00:00,0.35541505,5.9
2026-03-14 23:05:00,0.35545384,5.9
2026-03-14 23:10:00,0.35557021,5.9
2026-03-14 23:15:00,0.35541505,5.9
2026-03-14 23:20:00,0.35529868,5.9
2026-03-14 23:25:00,0.35529868,5.9
2026-03-14 23:30:00,0.35557021,5.9
2026-03-14 23:35:00,0.35545384,5.9
2026-03-14 23:40:00,0.35545384,5.9
2026-03-14 23:45:00,0.35514352,5.9
2026-03-14 23:50:00,0.35553142,5.9
2026-03-14 23:55:00,0.35529868,5.9
2026-03-15 00:00:00,0.35537626,5.9
2026-03-15 00:05:00,0.35549263,5.9
2026-03-15 00:10:00,0.35549263,5.9
2026-03-15 00:15:00,0.35529868,5.9
2026-03-15 00:20:00,0.35537626,5.9
2026-03-15 00:25:00,0.35529868,5.9
2026-03-15 00:30:00,0.35533747,5.9
2026-03-15 00:35:00,0.35545384,5.9
2026-03-15 00:40:00,0.35533747,5.9
2026-03-15 00:45:00,0.35529868,5.9
2026-03-15 00:50:00,0.35518231,6.0
2026-03-15 00:55:00,0.3552211,6.0
2026-03-15 01:00:00,0.35537626,6.0
2026-03-15 01:05:00,0.35514352,6.0
2026-03-15 01:10:00,0.35506594,6.0
2026-03-15 01:15:00,0.3552211,6.0
2026-03-15 01:20:00,0.35502715,6.0
2026-03-15 01:25:00,0.35494957,6.0
2026-03-15 01:30:00,0.35506594,6.0
2026-03-15 01:35:00,0.35529868,6.06
2026-03-15 01:40:00,0.35510473,6.1
2026-03-15 01:45:00,0.35475562,6.1
2026-03-15 01:50:00,0.3548332,6.1
2026-03-15 01:55:00,0.35491078,6.1
2026-03-15 02:00:00,0.35502715,6.1
2026-03-15 02:05:00,0.3548332,6.12
2026-03-15 02:10:00,0.35506594,6.2
2026-03-15 02:15:00,0.35475562,6.2
2026-03-15 02:20:00,0.35491078,6.2
2026-03-15 02:25:00,0.35491078,6.2
2026-03-15 02:30:00,0.35494957,6.2
2026-03-15 02:35:00,0.35487199,6.28
2026-03-15 02:40:00,0.35448409,6.3
2026-03-15 02:45:00,0.35491078,6.3
2026-03-15 02:50:00,0.35460046,6.3
2026-03-15 02:55:00,0.35479441,6.38
2026-03-15 03:00:00,0.35456167,6.4
2026-03-15 03:05:00,0.35463925,6.4
2026-03-15 03:10:00,0.35448409,6.42
2026-03-15 03:15:00,0.35471683,6.5
2026-03-15 03:20:00,0.35425135,6.5
2026-03-15 03:25:00,0.35436772,6.56
2026-03-15 03:30:00,0.35448409,6.6
2026-03-15 03:35:00,0.35432893,6.64
2026-03-15 03:40:00,0.35429014,6.7
2026-03-15 03:45:00,0.35440651,6.74
2026-03-15 03:50:00,0.35417377,6.8
2026-03-15 03:55:00,0.35401861,6.84
2026-03-15 04:00:00,0.35386345,6.9
2026-03-15 04:05:00,0.35394103,6.96
2026-03-15 04:10:00,0.35409619,7.0
2026-03-15 04:15:00,0.35370829,7.08
2026-03-15 04:20:00,0.35370829,7.12
2026-03-15 04:25:00,0.35359192,7.2
2026-03-15 04:30:00,0.35355313,7.26
2026-03-15 04:35:00,0.3532816,7.3
2026-03-15 04:40:00,0.35343676,7.4
2026-03-15 04:45:00,0.35332039,7.44
2026-03-15 04:50:00,0.35332039,7.5
2026-03-15 04:55:00,0.35301007,7.58
2026-03-15 05:00:00,0.35304886,7.66
2026-03-15 05:05:00,0.3528937,7.7
2026-03-15 05:10:00,0.35293249,7.8
2026-03-15 05:15:00,0.35285491,7.84
2026-03-15 05:20:00,0.35254459,7.9
2026-03-15 05:25:00,0.35277733,8.0
2026-03-15 05:30:00,0.35262217,8.06
2026-03-15 05:35:00,0.35254459,8.1
2026-03-15 05:40:00,0.35246701,8.2
2026-03-15 05:45:00,0.35254459,8.24
2026-03-15 05:50:00,0.35242822,8.3
2026-03-15 05:55:00,0.35215669,8.36
2026-03-15 06:00:00,0.35204032,8.4
2026-03-15 06:05:00,0.35223427,8.48
2026-03-15 06:10:00,0.3521179,8.5
2026-03-15 06:15:00,0.35200153,8.6
2026-03-15 06:20:00,0.35200153,8.62
2026-03-15 06:25:00,0.35192395,8.7
2026-03-15 06:30:00,0.35173,8.7
2026-03-15 06:35:00,0.35180758,8.8
2026-03-15 06:40:00,0.35184637,8.8
2026-03-15 06:45:00,0.35188516,8.9
2026-03-15 06:50:00,0.35165242,8.9
2026-03-15 06:55:00,0.35145847,8.98
2026-03-15 07:00:00,0.35149726,9.0
2026-03-15 07:05:00,0.35138089,9.06
2026-03-15 07:10:00,0.35153605,9.1
2026-03-15 07:15:00,0.35130331,9.1
2026-03-15 07:20:00,0.3513421,9.2
2026-03-15 07:25:00,0.35138089,9.2
2026-03-15 07:30:00,0.3513421,9.22
2026-03-15 07:35:00,0.35141968,9.3
2026-03-15 07:40:00,0.35107057,9.3
2026-03-15 07:45:00,0.3513421,9.3
2026-03-15 07:50:00,0.35110936,9.3
2026-03-15 07:55:00,0.35130331,9.4
2026-03-15 08:00:00,0.35114815,9.4
2026-03-15 08:05:00,0.35118694,9.4
2026-03-15 08:10:00,0.35107057,9.4
2026-03-15 08:15:00,0.3509542,9.4
2026-03-15 08:20:00,0.35099299,9.4
2026-03-15 08:25:00,0.35103178,9.46
2026-03-15 08:30:00,0.35107057,9.5
2026-03-15 08:35:00,0.35118694,9.5
2026-03-15 08:40:00,0.35107057,9.5
2026-03-15 08:45:00,0.35103178,9.5
2026-03-15 08:50:00,0.35138089,9.5
2026-03-15 08:55:00,0.35118694,9.5
2026-03-15 09:00:00,0.35110936,9.5
2026-03-15 09:05:00,0.35138089,9.5
2026-03-15 09:10:00,0.35103178,9.5
2026-03-15 09:15:00,0.35126452,9.5
2026-03-15 09:20:00,0.35091541,9.5
2026-03-15 09:25:00,0.35107057,9.5
2026-03-15 09:30:00,0.3509542,9.4
2026-03-15 09:35:00,0.35103178,9.4
2026-03-15 09:40:00,0.35103178,9.4
2026-03-15 09:45:00,0.35110936,9.4
2026-03-15 09:50:00,0.35099299,9.4
2026-03-15 09:55:00,0.35118694,9.4
2026-03-15 10:00:00,0.35130331,9.4
2026-03-15 10:05:00,0.35122573,9.4
2026-03-15 10:10:00,0.35130331,9.36
2026-03-15 10:15:00,0.35107057,9.3
2026-03-15 10:20:00,0.35114815,9.3
2026-03-15 10:25:00,0.35099299,9.3
2026-03-15 10:30:00,0.3513421,9.3
2026-03-15 10:35:00,0.35130331,9.3
2026-03-15 10:40:00,0.35118694,9.26
2026-03-15 10:45:00,0.35118694,9.2
2026-03-15 10:50:00,0.35114815,9.2
2026-03-15 10:55:00,0.35103178,9.2
2026-03-15 11:00:00,0.35122573,9.2
2026-03-15 11:05:00,0.35130331,9.16
2026-03-15 11:10:00,0.35138089,9.1
2026-03-15 11:15:00,0.35114815,9.1
2026-03-15 11:20:00,0.35126452,9.1
2026-03-15 11:25:00,0.35141968,9.1
2026-03-15 11:30:00,0.35126452,9.04
2026-03-15 11:35:00,0.35145847,9.0
2026-03-15 11:40:00,0.35145847,9.0
2026-03-15 11:45:00,0.35130331,9.0
2026-03-15 11:50:00,0.35122573,8.96
2026-03-15 11:55:00,0.35149726,8.9
2026-03-15 12:00:00,0.35149726,8.9
2026-03-15 12:05:00,0.35149726,8.9
2026-03-15 12:10:00,0.3513421,8.84
2026-03-15 12:15:00,0.35145847,8.8
2026-03-15 12:20:00,0.35145847,8.8
2026-03-15 12:25:00,0.35149726,8.8
2026-03-15 12:30:00,0.35188516,8.7
2026-03-15 12:35:00,0.35165242,8.7
2026-03-15 12:40:00,0.35173,8.7
2026-03-15 12:45:00,0.35176879,8.66
2026-03-15 12:50:00,0.35184637,8.6
2026-03-15 12:55:00,0.35169121,8.6
2026-03-15 13:00:00,0.35173,8.56
2026-03-15 13:05:00,0.35161363,8.5
2026-03-15 13:10:00,0.35176879,8.5
2026-03-15 13:15:00,0.35173,8.46
2026-03-15 13:20:00,0.35173,8.4
2026-03-15 13:25:00,0.35200153,8.4
2026-03-15 13:30:00,0.35184637,8.34
2026-03-15 13:35:00,0.35207911,8.3
2026-03-15 13:40:00,0.35200153,8.3
2026-03-15 13:45:00,0.35196274,8.24
2026-03-15 13:50:00,0.35204032,8.2
2026-03-15 13:55:00,0.35215669,8.2
2026-03-15 14:00:00,0.35192395,8.1
2026-03-15 14:05:00,0.3521179,8.1
2026-03-15 14:10:00,0.35215669,8.08
2026-03-15 14:15:00,0.3521179,8.0
2026-03-15 14:20:00,0.35223427,8.0
2026-03-15 14:25:00,0.35238943,7.94
2026-03-15 14:30:00,0.35246701,7.9
2026-03-15 14:35:00,0.35231185,7.9
2026-03-15 14:40:00,0.35231185,7.82
2026-03-15 14:45:00,0.35242822,7.8
2026-03-15 14:50:00,0.35238943,7.8
2026-03-15 14:55:00,0.35235064,7.7
2026-03-15 15:00:00,0.35235064,7.7
2026-03-15 15:05:00,0.35223427,7.7
2026-03-15 15:10:00,0.3525058,7.6
2026-03-15 15:15:00,0.35266096,7.6
2026-03-15 15:20:00,0.3525058,7.54
2026-03-15 15:25:00,0.35262217,7.5
2026-03-15 15:30:00,0.35266096,7.5
2026-03-15 15:35:00,0.35273854,7.44
2026-03-15 15:40:00,0.35269975,7.4
2026-03-15 15:45:00,0.35254459,7.4
2026-03-15 15:50:00,0.35301007,7.34
2026-03-15 15:55:00,0.35277733,7.3
2026-03-15 16:00:00,0.35281612,7.3
2026-03-15 16:05:00,0.35312644,7.22
2026-03-15 16:10:00,0.35293249,7.2
2026-03-15 16:15:00,0.3528937,7.2
2026-03-15 16:20:00,0.35301007,7.14
2026-03-15 16:25:00,0.35297128,7.1
2026-03-15 16:30:00,0.35297128,7.1
2026-03-15 16:35:00,0.3528937,7.02
2026-03-15 16:40:00,0.35320402,7.0
2026-03-15 16:45:00,0.35316523,7.0
2026-03-15 16:50:00,0.35304886,6.96
2026-03-15 16:55:00,0.35308765,6.9
2026-03-15 17:00:00,0.35308765,6.9
2026-03-15 17:05:00,0.35332039,6.88
2026-03-15 17:10:00,0.35339797,6.8
2026-03-15 17:15:00,0.35332039,6.8
2026-03-15 17:20:00,0.35308765,6.8
2026-03-15 17:25:00,0.35316523,6.76
2026-03-15 17:30:00,0.35359192,6.7
2026-03-15 17:35:00,0.35312644,6.7
2026-03-15 17:40:00,0.35339797,6.7
2026-03-15 17:45:00,0.35347555,6.64
2026-03-15 17:50:00,0.35339797,6.6
2026-03-15 17:55:00,0.35335918,6.6
2026-03-15 18:00:00,0.35335918,6.6
2026-03-15 18:05:00,0.35332039,6.56
2026-03-15 18:10:00,0.35332039,6.5
2026-03-15 18:15:00,0.35316523,6.5
2026-03-15 18:20:00,0.35343676,6.5
2026-03-15 18:25:00,0.35370829,6.48
2026-03-15 18:30:00,0.35355313,6.4
2026-03-15 18:35:00,0.3532816,6.4
2026-03-15 18:40:00,0.35351434,6.4
2026-03-15 18:45:00,0.35382466,6.4
2026-03-15 18:50:00,0.35374708,6.32
2026-03-15 18:55:00,0.35390224,6.3
2026-03-15 19:00:00,0.35382466,6.3
2026-03-15 19:05:00,0.35347555,6.3
2026-03-15 19:10:00,0.35378587,6.24
2026-03-15 19:15:00,0.35370829,6.2
2026-03-15 19:20:00,0.35347555,6.2
2026-03-15 19:25:00,0.35332039,6.2
2026-03-15 19:30:00,0.35386345,6.16
2026-03-15 19:35:00,0.35363071,6.1
2026-03-15 19:40:00,0.35370829,6.1
2026-03-15 19:45:00,0.3536695,6.1
2026-03-15 19:50:00,0.35397982,6.04
2026-03-15 19:55:00,0.35370829,6.0
2026-03-15 20:00:00,0.35370829,6.0
2026-03-15 20:05:00,0.3536695,6.0
2026-03-15 20:10:00,0.3536695,5.96
2026-03-15 20:15:00,0.35390224,5.9
2026-03-15 20:20:00,0.35378587,5.9
2026-03-15 20:25:00,0.3540574,5.9
2026-03-15 20:30:00,0.35390224,5.84
2026-03-15 20:35:00,0.35386345,5.8
2026-03-15 20:40:00,0.35417377,5.8
2026-03-15 20:45:00,0.3540574,5.8
2026-03-15 20:50:00,0.35417377,5.7
2026-03-15 20:55:00,0.35397982,5.7
2026-03-15 21:00:00,0.35413498,5.7
2026-03-15 21:05:00,0.35409619,5.7
2026-03-15 21:10:00,0.35421256,5.62
2026-03-15 21:15:00,0.3540574,5.6
2026-03-15 21:20:00,0.35409619,5.6
2026-03-15 21:25:00,0.35417377,5.6
2026-03-15 21:30:00,0.35421256,5.52
2026-03-15 21:35:00,0.35429014,5.5
2026-03-15 21:40:00,0.35413498,5.5
2026-03-15 21:45:00,0.35413498,5.5
2026-03-15 21:50:00,0.35425135,5.42
2026-03-15 21:55:00,0.35413498,5.4
2026-03-15 22:00:00,0.35429014,5.4
2026-03-15 22:05:00,0.35425135,5.4
2026-03-15 22:10:00,0.35440651,5.34
2026-03-15 22:15:00,0.35425135,5.3
2026-03-15 22:20:00,0.35429014,5.3
2026-03-15 22:25:00,0.35421256,5.3
2026-03-15 22:30:00,0.3544453,5.3
2026-03-15 22:35:00,0.35417377,5.22
2026-03-15 22:40:00,0.35436772,5.2
2026-03-15 22:45:00,0.3544453,5.2
2026-03-15 22:50:00,0.35432893,5.2
2026-03-15 22:55:00,0.35394103,5.2
2026-03-15 23:00:00,0.35429014,5.16
2026-03-15 23:05:00,0.35467804,5.1
2026-03-15 23:10:00,0.35417377,5.1
2026-03-15 23:15:00,0.35413498,5.1
2026-03-15 23:20:00,0.35448409,5.1
2026-03-15 23:25:00,0.35456167,5.1
2026-03-15 23:30:00,0.35456167,5.02
2026-03-15 23:35:00,0.35452288,5.0
2026-03-15 23:40:00,0.35452288,5.0
2026-03-15 23:45:00,0.35467804,5.0
2026-03-15 23:50:00,0.35456167,5.0
2026-03-15 23:55:00,0.35460046,5.0
2026-03-16 00:00:00,0.35452288,5.0
2026-03-16 00:05:00,0.35432893,5.0
2026-03-16 00:10:00,0.35460046,5.0
2026-03-16 00:15:00,0.35475562,5.0
2026-03-16 00:20:00,0.35429014,5.0
2026-03-16 00:25:00,0.35452288,5.0
2026-03-16 00:30:00,0.3544453,5.0
2026-03-16 00:35:00,0.35452288,5.0
2026-03-16 00:40:00,0.3544453,5.0
2026-03-16 00:45:00,0.35429014,5.0
2026-03-16 00:50:00,0.35440651,5.0
2026-03-16 00:55:00,0.35440651,5.0
2026-03-16 01:00:00,0.35421256,5.02
2026-03-16 01:05:00,0.35425135,5.1
2026-03-16 01:10:00,0.35409619,5.1
2026-03-16 01:15:00,0.35397982,5.1
2026-03-16 01:20:00,0.35432893,5.1
2026-03-16 01:25:00,0.35417377,5.16
2026-03-16 01:30:00,0.35421256,5.2
2026-03-16 01:35:00,0.35397982,5.2
2026-03-16 01:40:00,0.35413498,5.2
2026-03-16 01:45:00,0.3540574,5.22
2026-03-16 01:50:00,0.35413498,5.3
2026-03-16 01:55:00,0.35382466,5.3
2026-03-16 02:00:00,0.35386345,5.3
2026-03-16 02:05:00,0.35409619,5.4
2026-03-16 02:10:00,0.35382466,5.4
2026-03-16 02:15:00,0.35374708,5.46
2026-03-16 02:20:00,0.35382466,5.5
2026-03-16 02:25:00,0.35370829,5.54
2026-03-16 02:30:00,0.35347555,5.6
2026-03-16 02:35:00,0.35355313,5.64
2026-03-16 02:40:00,0.35347555,5.7
2026-03-16 02:45:00,0.35332039,5.74
2026-03-16 02:50:00,0.3532816,5.8
2026-03-16 02:55:00,0.35320402,5.88
2026-03-16 03:00:00,0.35320402,5.92
2026-03-16 03:05:00,0.35304886,6.0
2026-03-16 03:10:00,0.35320402,6.04
2026-03-16 03:15:00,0.3528937,6.1
2026-03-16 03:20:00,0.35281612,6.2
2026-03-16 03:25:00,0.35277733,6.24
2026-03-16 03:30:00,0.35258338,6.3
2026-03-16 03:35:00,0.35269975,6.4
2026-03-16 03:40:00,0.35273854,6.44
2026-03-16 03:45:00,0.3525058,6.5
2026-03-16 03:50:00,0.35269975,6.6
2026-03-16 03:55:00,0.35262217,6.66
2026-03-16 04:00:00,0.35238943,6.72
2026-03-16 04:05:00,0.35207911,6.8
2026-03-16 04:10:00,0.35235064,6.88
2026-03-16 04:15:00,0.35207911,6.94
2026-03-16 04:20:00,0.35200153,7.0
2026-03-16 04:25:00,0.35204032,7.1
2026-03-16 04:30:00,0.35180758,7.16
2026-03-16 04:35:00,0.35161363,7.24
2026-03-16 04:40:00,0.35157484,7.3
2026-03-16 04:45:00,0.35141968,7.4
2026-03-16 04:50:00,0.35141968,7.48
2026-03-16 04:55:00,0.35157484,7.56
2026-03-16 05:00:00,0.35130331,7.64
2026-03-16 05:05:00,0.35107057,7.72
2026-03-16 05:10:00,0.35091541,7.8
2026-03-16 05:15:00,0.35103178,7.9
2026-03-16 05:20:00,0.35091541,7.98
2026-03-16 05:25:00,0.35072146,8.08
2026-03-16 05:30:00,0.3505663,8.16
2026-03-16 05:35:00,0.35044993,8.26
2026-03-16 05:40:00,0.35033356,8.34
2026-03-16 05:45:00,0.35033356,8.42
2026-03-16 05:50:00,0.35025598,8.5
2026-03-16 05:55:00,0.34990687,8.6
2026-03-16 06:00:00,0.34982929,8.68
2026-03-16 06:05:00,0.34990687,8.76
2026-03-16 06:10:00,0.34986808,8.84
2026-03-16 06:15:00,0.3497905,8.92
2026-03-16 06:20:00,0.34975171,9.0
2026-03-16 06:25:00,0.34951897,9.1
2026-03-16 06:30:00,0.34982929,9.16
2026-03-16 06:35:00,0.34955776,9.24
2026-03-16 06:40:00,0.34951897,9.3
2026-03-16 06:45:00,0.34936381,9.38
2026-03-16 06:50:00,0.34920865,9.42
2026-03-16 06:55:00,0.3494026,9.5
2026-03-16 07:00:00,0.34920865,9.52
2026-03-16 07:05:00,0.34916986,9.6
2026-03-16 07:10:00,0.34913107,9.6
2026-03-16 07:15:00,0.34916986,9.7
2026-03-16 07:20:00,0.34913107,9.7
2026-03-16 07:25:00,0.34889833,9.7
2026-03-16 07:30:00,0.34889833,9.8
2026-03-16 07:35:00,0.34897591,9.8
2026-03-16 07:40:00,0.34885954,9.8
2026-03-16 07:45:00,0.34885954,9.86
2026-03-16 07:50:00,0.34905349,9.9
2026-03-16 07:55:00,0.34905349,9.9
2026-03-16 08:00:00,0.34874317,9.9
2026-03-16 08:05:00,0.34870438,9.96
2026-03-16 08:10:00,0.34882075,10.0
2026-03-16 08:15:00,0.34874317,10.0
2026-03-16 08:20:00,0.34878196,10.0
2026-03-16 08:25:00,0.34870438,10.0
2026-03-16 08:30:00,0.34866559,10.0
2026-03-16 08:35:00,0.3486268,10.06
2026-03-16 08:40:00,0.34858801,10.1
2026-03-16 08:45:00,0.34854922,10.1
2026-03-16 08:50:00,0.34885954,10.1
2026-03-16 08:55:00,0.3486268,10.1
2026-03-16 09:00:00,0.34866559,10.1
2026-03-16 09:05:00,0.34858801,10.1
2026-03-16 09:10:00,0.34874317,10.1
2026-03-16 09:15:00,0.34851043,10.1
2026-03-16 09:20:00,0.34851043,10.1
2026-03-16 09:25:00,0.34851043,10.1
2026-03-16 09:30:00,0.34885954,10.1
2026-03-16 09:35:00,0.34866559,10.1
2026-03-16 09:40:00,0.34874317,10.1
2026-03-16 09:45:00,0.34858801,10.1
2026-03-16 09:50:00,0.34874317,10.06
2026-03-16 09:55:00,0.34889833,10.0
2026-03-16 10:00:00,0.34882075,10.0
2026-03-16 10:05:00,0.34878196,10.0
2026-03-16 10:10:00,0.34878196,10.0
2026-03-16 10:15:00,0.34866559,10.0
2026-03-16 10:20:00,0.34870438,9.98
2026-03-16 10:25:00,0.34878196,9.9
2026-03-16 10:30:00,0.3490147,9.9
2026-03-16 10:35:00,0.34870438,9.9
2026-03-16 10:40:00,0.34885954,9.9
2026-03-16 10:45:00,0.34893712,9.82
2026-03-16 10:50:00,0.34885954,9.8
2026-03-16 10:55:00,0.34889833,9.8
2026-03-16 11:00:00,0.34882075,9.76
2026-03-16 11:05:00,0.34905349,9.7
2026-03-16 11:10:00,0.34916986,9.7
2026-03-16 11:15:00,0.34905349,9.66
2026-03-16 11:20:00,0.34909228,9.6
2026-03-16 11:25:00,0.34905349,9.6
2026-03-16 11:30:00,0.34913107,9.56
2026-03-16 11:35:00,0.34920865,9.5
2026-03-16 11:40:00,0.3494026,9.5
2026-03-16 11:45:00,0.34909228,9.44
2026-03-16 11:50:00,0.34916986,9.4
2026-03-16 11:55:00,0.34924744,9.4
2026-03-16 12:00:00,0.34948018,9.3
2026-03-16 12:05:00,0.3494026,9.3
2026-03-16 12:10:00,0.34959655,9.26
2026-03-16 12:15:00,0.34932502,9.2
2026-03-16 12:20:00,0.34951897,9.2
2026-03-16 12:25:00,0.34959655,9.1
2026-03-16 12:30:00,0.34967413,9.1
2026-03-16 12:35:00,0.34948018,9.06
2026-03-16 12:40:00,0.34951897,9.0
2026-03-16 12:45:00,0.34959655,9.0
2026-03-16 12:50:00,0.34982929,8.92
2026-03-16 12:55:00,0.34967413,8.9
2026-03-16 13:00:00,0.34986808,8.9
2026-03-16 13:05:00,0.34971292,8.8
2026-03-16 13:10:00,0.34990687,8.8
2026-03-16 13:15:00,0.34990687,8.78
2026-03-16 13:20:00,0.34998445,8.7
2026-03-16 13:25:00,0.34967413,8.7
2026-03-16 13:30:00,0.34990687,8.7
2026-03-16 13:35:00,0.35002324,8.6
2026-03-16 13:40:00,0.35010082,8.6
2026-03-16 13:45:00,0.34986808,8.56
2026-03-16 13:50:00,0.35002324,8.5
2026-03-16 13:55:00,0.35010082,8.5
2026-03-16 14:00:00,0.34986808,8.46
2026-03-16 14:05:00,0.35006203,8.4
2026-03-16 14:10:00,0.34998445,8.4
2026-03-16 14:15:00,0.35010082,8.36
2026-03-16 14:20:00,0.35013961,8.3
2026-03-16 14:25:00,0.35010082,8.3
2026-03-16 14:30:00,0.35041114,8.28
2026-03-16 14:35:00,0.35029477,8.2
2026-03-16 14:40:00,0.35010082,8.2
2026-03-16 14:45:00,0.35021719,8.16
2026-03-16 14:50:00,0.35025598,8.1
2026-03-16 14:55:00,0.35048872,8.1
2026-03-16 15:00:00,0.35060509,8.06
2026-03-16 15:05:00,0.35044993,8.0
2026-03-16 15:10:00,0.35033356,8.0
2026-03-16 15:15:00,0.35029477,7.98
2026-03-16 15:20:00,0.35048872,7.9
2026-03-16 15:25:00,0.35048872,7.9
2026-03-16 15:30:00,0.35060509,7.9
2026-03-16 15:35:00,0.35052751,7.8
2026-03-16 15:40:00,0.3505663,7.8
2026-03-16 15:45:00,0.35068267,7.8
2026-03-16 15:50:00,0.35064388,7.72
2026-03-16 15:55:00,0.3505663,7.7
2026-03-16 16:00:00,0.35048872,7.7
2026-03-16 16:05:00,0.35052751,7.66
2026-03-16 16:10:00,0.35060509,7.6
2026-03-16 16:15:00,0.35072146,7.6
2026-03-16 16:20:00,0.35068267,7.56
2026-03-16 16:25:00,0.35099299,7.5
2026-03-16 16:30:00,0.35099299,7.5
2026-03-16 16:35:00,0.35110936,7.5
2026-03-16 16:40:00,0.35083783,7.4
2026-03-16 16:45:00,0.35114815,7.4
2026-03-16 16:50:00,0.35068267,7.4
2026-03-16 16:55:00,0.35110936,7.38
2026-03-16 17:00:00,0.35099299,7.3
2026-03-16 17:05:00,0.35107057,7.3
2026-03-16 17:10:00,0.35103178,7.3
2026-03-16 17:15:00,0.35103178,7.24
2026-03-16 17:20:00,0.35103178,7.2
2026-03-16 17:25:00,0.35130331,7.2
2026-03-16 17:30:00,0.35118694,7.2
2026-03-16 17:35:00,0.35118694,7.12
2026-03-16 17:40:00,0.35099299,7.1
2026-03-16 17:45:00,0.35087662,7.1
2026-03-16 17:50:00,0.35122573,7.08
2026-03-16 17:55:00,0.3513421,7.0
2026-03-16 18:00:00,0.35130331,7.0
2026-03-16 18:05:00,0.35099299,7.0
2026-03-16 18:10:00,0.3513421,6.98
2026-03-16 18:15:00,0.35110936,6.9
2026-03-16 18:20:00,0.35110936,6.9
2026-03-16 18:25:00,0.35114815,6.9
2026-03-16 18:30:00,0.35126452,6.9
2026-03-16 18:35:00,0.35122573,6.8
2026-03-16 18:40:00,0.3513421,6.8
2026-03-16 18:45:00,0.35110936,6.8
2026-03-16 18:50:00,0.35126452,6.8
2026-03-16 18:55:00,0.35141968,6.74
2026-03-16 19:00:00,0.35141968,6.7
2026-03-16 19:05:00,0.35141968,6.7
2026-03-16 19:10:00,0.35141968,6.7
2026-03-16 19:15:00,0.35138089,6.64
2026-03-16 19:20:00,0.35165242,6.6
2026-03-16 19:25:00,0.35130331,6.6
2026-03-16 19:30:00,0.35153605,6.6
2026-03-16 19:35:00,0.35157484,6.58
2026-03-16 19:40:00,0.35165242,6.5
2026-03-16 19:45:00,0.35141968,6.5
2026-03-16 19:50:00,0.35153605,6.5
2026-03-16 19:55:00,0.35161363,6.5
2026-03-16 20:00:00,0.35184637,6.42
2026-03-16 20:05:00,0.35161363,6.4
2026-03-16 20:10:00,0.35173,6.4
2026-03-16 20:15:00,0.35173,6.4
2026-03-16 20:20:00,0.35169121,6.38
2026-03-16 20:25:00,0.35161363,6.3
2026-03-16 20:30:00,0.35184637,6.3
2026-03-16 20:35:00,0.35180758,6.3
2026-03-16 20:40:00,0.35165242,6.3
2026-03-16 20:45:00,0.35161363,6.2
2026-03-16 20:50:00,0.35188516,6.2
2026-03-16 20:55:00,0.35192395,6.2
2026-03-16 21:00:00,0.35165242,6.2
2026-03-16 21:05:00,0.35157484,6.12
2026-03-16 21:10:00,0.35176879,6.1
2026-03-16 21:15:00,0.35173,6.1
2026-03-16 21:20:00,0.35176879,6.1
2026-03-16 21:25:00,0.35184637,6.04
2026-03-16 21:30:00,0.35176879,6.0
2026-03-16 21:35:00,0.35192395,6.0
2026-03-16 21:40:00,0.3521179,6.0
2026-03-16 21:45:00,0.35200153,6.0
2026-03-16 21:50:00,0.35196274,5.9
2026-03-16 21:55:00,0.35196274,5.9
2026-03-16 22:00:00,0.35215669,5.9
2026-03-16 22:05:00,0.3521179,5.9
2026-03-16 22:10:00,0.3521179,5.84
2026-03-16 22:15:00,0.35219548,5.8
2026-03-16 22:20:00,0.35188516,5.8
2026-03-16 22:25:00,0.35238943,5.8
2026-03-16 22:30:00,0.35204032,5.74
2026-03-16 22:35:00,0.35215669,5.7
2026-03-16 22:40:00,0.35215669,5.7
2026-03-16 22:45:00,0.35192395,5.7
2026-03-16 22:50:00,0.35207911,5.7
2026-03-16 22:55:00,0.35200153,5.62
2026-03-16 23:00:00,0.35215669,5.6
2026-03-16 23:05:00,0.35231185,5.6
2026-03-16 23:10:00,0.35219548,5.6
2026-03-16 23:15:00,0.35231185,5.6
2026-03-16 23:20:00,0.35219548,5.5
2026-03-16 23:25:00,0.35227306,5.5
2026-03-16 23:30:00,0.35215669,5.5
2026-03-16 23:35:00,0.35238943,5.5
2026-03-16 23:40:00,0.35215669,5.5
2026-03-16 23:45:00,0.35227306,5.48
2026-03-16 23:50:00,0.3521179,5.4
2026-03-16 23:55:00,0.35231185,5.4
2026-03-17 00:00:00,0.35231185,5.4
2026-03-17 00:05:00,0.3525058,5.4
2026-03-17 00:10:00,0.35246701,5.4
2026-03-17 00:15:00,0.35235064,5.4
2026-03-17 00:20:00,0.35204032,5.4
2026-03-17 00:25:00,0.35223427,5.4
2026-03-17 00:30:00,0.35235064,5.4
2026-03-17 00:35:00,0.35219548,5.4
2026-03-17 00:40:00,0.35246701,5.36
2026-03-17 00:45:00,0.3525058,5.34
2026-03-17 00:50:00,0.35235064,5.38
2026-03-17 00:55:00,0.35223427,5.4
2026-03-17 01:00:00,0.35231185,5.4
2026-03-17 01:05:00,0.35204032,5.4
2026-03-17 01:10:00,0.35215669,5.4
2026-03-17 01:15:00,0.35231185,5.4
2026-03-17 01:20:00,0.35223427,5.4
2026-03-17 01:25:00,0.35207911,5.4
2026-03-17 01:30:00,0.35231185,5.4
2026-03-17 01:35:00,0.35219548,5.42
2026-03-17 01:40:00,0.35200153,5.5
2026-03-17 01:45:00,0.35192395,5.5
2026-03-17 01:50:00,0.35219548,5.5
2026-03-17 01:55:00,0.35200153,5.56
2026-03-17 02:00:00,0.35196274,5.6
2026-03-17 02:05:00,0.35196274,5.6
2026-03-17 02:10:00,0.35200153,5.7
2026-03-17 02:15:00,0.35176879,5.7
2026-03-17 02:20:00,0.35169121,5.74
2026-03-17 02:25:00,0.35180758,5.8
2026-03-17 02:30:00,0.35145847,5.84
2026-03-17 02:35:00,0.35157484,5.9
2026-03-17 02:40:00,0.35153605,5.94
2026-03-17 02:45:00,0.35126452,6.0
2026-03-17 02:50:00,0.35149726,6.02
2026-03-17 02:55:00,0.35107057,6.1
2026-03-17 03:00:00,0.35118694,6.12
2026-03-17 03:05:00,0.35099299,6.2
2026-03-17 03:10:00,0.35141968,6.24
2026-03-17 03:15:00,0.35091541,6.3
2026-03-17 03:20:00,0.35099299,6.36
2026-03-17 03:25:00,0.35091541,6.4
2026-03-17 03:30:00,0.35072146,6.5
2026-03-17 03:35:00,0.35079904,6.54
2026-03-17 03:40:00,0.35079904,6.6
2026-03-17 03:45:00,0.35076025,6.7
2026-03-17 03:50:00,0.35044993,6.76
2026-03-17 03:55:00,0.35052751,6.82
2026-03-17 04:00:00,0.35029477,6.9
2026-03-17 04:05:00,0.35006203,6.96
2026-03-17 04:10:00,0.35010082,7.04
2026-03-17 04:15:00,0.35010082,7.12
2026-03-17 04:20:00,0.34998445,7.2
2026-03-17 04:25:00,0.35002324,7.3
2026-03-17 04:30:00,0.34967413,7.38
2026-03-17 04:35:00,0.34955776,7.46
2026-03-17 04:40:00,0.34959655,7.56
2026-03-17 04:45:00,0.34928623,7.66
2026-03-17 04:50:00,0.34920865,7.76
2026-03-17 04:55:00,0.3490147,7.86
2026-03-17 05:00:00,0.34878196,7.96
2026-03-17 05:05:00,0.34893712,8.06
2026-03-17 05:10:00,0.34870438,8.18
2026-03-17 05:15:00,0.34858801,8.3
2026-03-17 05:20:00,0.3486268,8.4
2026-03-17 05:25:00,0.34839406,8.52
2026-03-17 05:30:00,0.34804495,8.64
2026-03-17 05:35:00,0.34800616,8.74
2026-03-17 05:40:00,0.34796737,8.84
2026-03-17 05:45:00,0.34777342,8.96
2026-03-17 05:50:00,0.34769584,9.08
2026-03-17 05:55:00,0.34761826,9.18
2026-03-17 06:00:00,0.34730794,9.32
2026-03-17 06:05:00,0.34726915,9.42
2026-03-17 06:10:00,0.34723036,9.54
2026-03-17 06:15:00,0.34703641,9.64
2026-03-17 06:20:00,0.34723036,9.76
2026-03-17 06:25:00,0.34676488,9.86
2026-03-17 06:30:00,0.34664851,9.98
2026-03-17 06:35:00,0.3466873,10.08
2026-03-17 06:40:00,0.34637698,10.18
2026-03-17 06:45:00,0.34641577,10.26
2026-03-17 06:50:00,0.34633819,10.36
2026-03-17 06:55:00,0.34633819,10.44
2026-03-17 07:00:00,0.34637698,10.52
2026-03-17 07:05:00,0.34622182,10.62
2026-03-17 07:10:00,0.34595029,10.7
2026-03-17 07:15:00,0.34587271,10.78
2026-03-17 07:20:00,0.34567876,10.86
2026-03-17 07:25:00,0.34567876,10.92
2026-03-17 07:30:00,0.34560118,11.0
2026-03-17 07:35:00,0.34571755,11.06
2026-03-17 07:40:00,0.34575634,11.1
2026-03-17 07:45:00,0.34548481,11.2
2026-03-17 07:50:00,0.34532965,11.22
2026-03-17 07:55:00,0.34536844,11.3
2026-03-17 08:00:00,0.34532965,11.32
2026-03-17 08:05:00,0.34540723,11.4
2026-03-17 08:10:00,0.34525207,11.4
2026-03-17 08:15:00,0.34536844,11.48
2026-03-17 08:20:00,0.34525207,11.5
2026-03-17 08:25:00,0.34529086,11.5
2026-03-17 08:30:00,0.34525207,11.56
2026-03-17 08:35:00,0.34509691,11.6
2026-03-17 08:40:00,0.34517449,11.6
2026-03-17 08:45:00,0.34521328,11.6
2026-03-17 08:50:00,0.34505812,11.6
2026-03-17 08:55:00,0.34525207,11.6
2026-03-17 09:00:00,0.34529086,11.6
2026-03-17 09:05:00,0.34501933,11.6
2026-03-17 09:10:00,0.34494175,11.6
2026-03-17 09:15:00,0.3451357,11.6
2026-03-17 09:20:00,0.34517449,11.6
2026-03-17 09:25:00,0.34517449,11.6
2026-03-17 09:30:00,0.34517449,11.6
2026-03-17 09:35:00,0.34517449,11.6
2026-03-17 09:40:00,0.34509691,11.6
2026-03-17 09:45:00,0.34517449,11.6
2026-03-17 09:50:00,0.34509691,11.5
2026-03-17 09:55:00,0.34529086,11.5
2026-03-17 10:00:00,0.3451357,11.5
2026-03-17 10:05:00,0.34525207,11.5
2026-03-17 10:10:00,0.34548481,11.42
2026-03-17 10:15:00,0.34532965,11.4
2026-03-17 10:20:00,0.34521328,11.4
2026-03-17 10:25:00,0.34525207,11.34
2026-03-17 10:30:00,0.34536844,11.3
2026-03-17 10:35:00,0.34532965,11.3
2026-03-17 10:40:00,0.34529086,11.24
2026-03-17 10:45:00,0.34560118,11.2
2026-03-17 10:50:00,0.34536844,11.2
2026-03-17 10:55:00,0.34536844,11.12
2026-03-17 11:00:00,0.34536844,11.1
2026-03-17 11:05:00,0.3455236,11.08
2026-03-17 11:10:00,0.34567876,11.0
2026-03-17 11:15:00,0.34560118,11.0
2026-03-17 11:20:00,0.34567876,10.92
2026-03-17 11:25:00,0.34575634,10.9
2026-03-17 11:30:00,0.34556239,10.86
2026-03-17 11:35:00,0.34583392,10.8
2026-03-17 11:40:00,0.34587271,10.8
2026-03-17 11:45:00,0.3459115,10.7
2026-03-17 11:50:00,0.34595029,10.7
2026-03-17 11:55:00,0.34579513,10.64
2026-03-17 12:00:00,0.34598908,10.6
2026-03-17 12:05:00,0.34598908,10.56
2026-03-17 12:10:00,0.34598908,10.5
2026-03-17 12:15:00,0.34610545,10.5
2026-03-17 12:20:00,0.34614424,10.4
2026-03-17 12:25:00,0.34598908,10.4
2026-03-17 12:30:00,0.34610545,10.34
2026-03-17 12:35:00,0.34645456,10.3
2026-03-17 12:40:00,0.34618303,10.26
2026-03-17 12:45:00,0.34618303,10.2
2026-03-17 12:50:00,0.34633819,10.2
2026-03-17 12:55:00,0.3462994,10.12
2026-03-17 13:00:00,0.3462994,10.1
2026-03-17 13:05:00,0.34645456,10.06
2026-03-17 13:10:00,0.34653214,10.0
2026-03-17 13:15:00,0.34641577,10.0
2026-03-17 13:20:00,0.34637698,9.92
2026-03-17 13:25:00,0.34664851,9.9
2026-03-17 13:30:00,0.34660972,9.86
2026-03-17 13:35:00,0.34641577,9.8
2026-03-17 13:40:00,0.3466873,9.8
2026-03-17 13:45:00,0.3466873,9.72
2026-03-17 13:50:00,0.34676488,9.7
2026-03-17 13:55:00,0.34676488,9.68
2026-03-17 14:00:00,0.34660972,9.6
2026-03-17 14:05:00,0.34672609,9.6
2026-03-17 14:10:00,0.34680367,9.58
2026-03-17 14:15:00,0.34664851,9.5
2026-03-17 14:20:00,0.34692004,9.5
2026-03-17 14:25:00,0.34711399,9.48
2026-03-17 14:30:00,0.34688125,9.4
2026-03-17 14:35:00,0.34688125,9.4
2026-03-17 14:40:00,0.34703641,9.4
2026-03-17 14:45:00,0.34703641,9.3
2026-03-17 14:50:00,0.34699762,9.3
2026-03-17 14:55:00,0.34680367,9.3
2026-03-17 15:00:00,0.34692004,9.26
2026-03-17 15:05:00,0.34715278,9.2
2026-03-17 15:10:00,0.34692004,9.2
2026-03-17 15:15:00,0.34719157,9.2
2026-03-17 15:20:00,0.34699762,9.12
2026-03-17 15:25:00,0.34703641,9.1
2026-03-17 15:30:00,0.34726915,9.1
2026-03-17 15:35:00,0.34719157,9.1
2026-03-17 15:40:00,0.34703641,9.06
2026-03-17 15:45:00,0.34726915,9.0
2026-03-17 15:50:00,0.34738552,9.0
2026-03-17 15:55:00,0.34719157,9.0
2026-03-17 16:00:00,0.34723036,9.0
2026-03-17 16:05:00,0.34734673,8.96
2026-03-17 16:10:00,0.3470752,8.9
2026-03-17 16:15:00,0.34734673,8.9
2026-03-17 16:20:00,0.34726915,8.9
2026-03-17 16:25:00,0.34730794,8.9
2026-03-17 16:30:00,0.34730794,8.9
2026-03-17 16:35:00,0.34769584,8.9
2026-03-17 16:40:00,0.347851,8.86
2026-03-17 16:45:00,0.34831648,8.8
2026-03-17 16:50:00,0.34854922,8.8
2026-03-17 16:55:00,0.3490147,8.8
2026-03-17 17:00:00,0.34936381,8.8
2026-03-17 17:05:00,0.34994566,8.8
2026-03-17 17:10:00,0.35006203,8.8
2026-03-17 17:15:00,0.35021719,8.76
2026-03-17 17:20:00,0.35013961,8.7
2026-03-17 17:25:00,0.35037235,8.7
2026-03-17 17:30:00,0.35052751,8.7
2026-03-17 17:35:00,0.35052751,8.7
2026-03-17 17:40:00,0.35068267,8.7
2026-03-17 17:45:00,0.35079904,8.7
2026-03-17 17:50:00,0.35083783,8.7
2026-03-17 17:55:00,0.35083783,8.62
2026-03-17 18:00:00,0.35072146,8.6
2026-03-17 18:05:00,0.35087662,8.6
2026-03-17 18:10:00,0.35107057,8.6
2026-03-17 18:15:00,0.3513421,8.6
2026-03-17 18:20:00,0.35153605,8.6
2026-03-17 18:25:00,0.35141968,8.6
2026-03-17 18:30:00,0.35145847,8.6
2026-03-17 18:35:00,0.35161363,8.6
2026-03-17 18:40:00,0.35169121,8.52
2026-03-17 18:45:00,0.35161363,8.5
2026-03-17 18:50:00,0.35169121,8.5
2026-03-17 18:55:00,0.3521179,8.5
2026-03-17 19:00:00,0.35219548,8.5
2026-03-17 19:05:00,0.35204032,8.5
2026-03-17 19:10:00,0.35207911,8.5
2026-03-17 19:15:00,0.35215669,8.5
2026-03-17 19:20:00,0.35266096,8.5
2026-03-17 19:25:00,0.35246701,8.5
2026-03-17 19:30:00,0.3528937,8.5
2026-03-17 19:35:00,0.35297128,8.5
2026-03-17 19:40:00,0.35312644,8.5
2026-03-17 19:45:00,0.35316523,8.5
2026-03-17 19:50:00,0.3532816,8.5
2026-03-17 19:55:00,0.35386345,8.5
2026-03-17 20:00:00,0.35378587,8.5
2026-03-17 20:05:00,0.35417377,8.5
2026-03-17 20:10:00,0.35456167,8.5
2026-03-17 20:15:00,0.35467804,8.5
2026-03-17 20:20:00,0.35514352,8.5
2026-03-17 20:25:00,0.35564779,8.5
2026-03-17 20:30:00,0.35607448,8.5
2026-03-17 20:35:00,0.35653996,8.5
2026-03-17 20:40:00,0.35719939,8.5
2026-03-17 20:45:00,0.35770366,8.5
2026-03-17 20:50:00,0.35840188,8.5
2026-03-17 20:55:00,0.35882857,8.5
2026-03-17 21:00:00,0.35944921,8.5
2026-03-17 21:05:00,0.36010864,8.5
2026-03-17 21:10:00,0.3606517,8.5
2026-03-17 21:15:00,0.3614275,8.5
2026-03-17 21:20:00,0.3618154,8.5
2026-03-17 21:25:00,0.36278515,8.5
2026-03-17 21:30:00,0.36321184,8.5
2026-03-17 21:35:00,0.36356095,8.5
2026-03-17 21:40:00,0.36433675,8.5
2026-03-17 21:45:00,0.36472465,8.5
2026-03-17 21:50:00,0.36550045,8.5
2026-03-17 21:55:00,0.36596593,8.5
2026-03-17 22:00:00,0.36678052,8.5
2026-03-17 22:05:00,0.36755632,8.5
2026-03-17 22:10:00,0.3680218,8.5
2026-03-17 22:15:00,0.36899155,8.5
2026-03-17 22:20:00,0.3699613,8.5
2026-03-17 22:25:00,0.37096984,8.5
2026-03-17 22:30:00,0.37186201,8.5
2026-03-17 22:35:00,0.37290934,8.5
2026-03-17 22:40:00,0.37387909,8.5
2026-03-17 22:45:00,0.37523674,8.5
2026-03-17 22:50:00,0.37663318,8.5
2026-03-17 22:55:00,0.37791325,8.56
2026-03-17 23:00:00,0.37934848,8.6
2026-03-17 23:05:00,0.38070613,8.6
2026-03-17 23:10:00,0.38194741,8.6
2026-03-17 23:15:00,0.38299474,8.6
2026-03-17 23:20:00,0.38411965,8.6
2026-03-17 23:25:00,0.38528335,8.6
2026-03-17 23:30:00,0.38574883,8.6
2026-03-17 23:35:00,0.38699011,8.6
2026-03-17 23:40:00,0.38733922,8.6
2026-03-17 23:45:00,0.38776591,8.6
2026-03-17 23:50:00,0.38811502,8.6
2026-03-17 23:55:00,0.38885203,8.6
2026-03-18 00:00:00,0.38920114,8.6
2026-03-18 00:05:00,0.38947267,8.6
2026-03-18 00:10:00,0.39028726,8.68
2026-03-18 00:15:00,0.39036484,8.7
2026-03-18 00:20:00,0.39063637,8.7
2026-03-18 00:25:00,0.39086911,8.7
2026-03-18 00:30:00,0.39121822,8.7
2026-03-18 00:35:00,0.39152854,8.7
2026-03-18 00:40:00,0.39172249,8.7
2026-03-18 00:45:00,0.39145096,8.7
2026-03-18 00:50:00,0.39133459,8.7
2026-03-18 00:55:00,0.39152854,8.78
2026-03-18 01:00:00,0.39110185,8.8
2026-03-18 01:05:00,0.39098548,8.8
2026-03-18 01:10:00,0.39094669,8.8
2026-03-18 01:15:00,0.39055879,8.8
2026-03-18 01:20:00,0.39102427,8.8
2026-03-18 01:25:00,0.39102427,8.8
2026-03-18 01:30:00,0.39079153,8.88
2026-03-18 01:35:00,0.39125701,8.9
2026-03-18 01:40:00,0.39156733,8.9
2026-03-18 01:45:00,0.39187765,8.9
2026-03-18 01:50:00,0.39187765,8.9
2026-03-18 01:55:00,0.39238192,8.9
2026-03-18 02:00:00,0.39238192,8.92
2026-03-18 02:05:00,0.39257587,9.0
2026-03-18 02:10:00,0.39249829,9.0
2026-03-18 02:15:00,0.39288619,9.0
2026-03-18 02:20:00,0.39280861,9.0
2026-03-18 02:25:00,0.39276982,9.0
2026-03-18 02:30:00,0.3928474,9.08
2026-03-18 02:35:00,0.3928474,9.1
2026-03-18 02:40:00,0.39269224,9.1
2026-03-18 02:45:00,0.39276982,9.1
2026-03-18 02:50:00,0.3928474,9.1
2026-03-18 02:55:00,0.39273103,9.12
2026-03-18 03:00:00,0.39300256,9.2
2026-03-18 03:05:00,0.39311893,9.2
2026-03-18 03:10:00,0.39331288,9.2
2026-03-18 03:15:00,0.39342925,9.2
2026-03-18 03:20:00,0.39350683,9.2
2026-03-18 03:25:00,0.39354562,9.3
2026-03-18 03:30:00,0.39370078,9.3
2026-03-18 03:35:00,0.39370078,9.3
2026-03-18 03:40:00,0.39389473,9.3
2026-03-18 03:45:00,0.39397231,9.3
2026-03-18 03:50:00,0.39389473,9.3
2026-03-18 03:55:00,0.39346804,9.4
2026-03-18 04:00:00,0.39358441,9.4
2026-03-18 04:05:00,0.39358441,9.4
2026-03-18 04:10:00,0.39346804,9.4
2026-03-18 04:15:00,0.39292498,9.4
2026-03-18 04:20:00,0.39304135,9.4
2026-03-18 04:25:00,0.39265345,9.4
2026-03-18 04:30:00,0.39234313,9.4
2026-03-18 04:35:00,0.39203281,9.4
2026-03-18 04:40:00,0.39214918,9.4
2026-03-18 04:45:00,0.39180007,9.4
2026-03-18 04:50:00,0.39160612,9.4
2026-03-18 04:55:00,0.39137338,9.4
2026-03-18 05:00:00,0.39102427,9.4
2026-03-18 05:05:00,0.39102427,9.4
2026-03-18 05:10:00,0.39079153,9.4
2026-03-18 05:15:00,0.39032605,9.4
2026-03-18 05:20:00,0.39032605,9.4
2026-03-18 05:25:00,0.39017089,9.4
2026-03-18 05:30:00,0.3897442,9.4
2026-03-18 05:35:00,0.38962783,9.4
2026-03-18 05:40:00,0.38951146,9.4
2026-03-18 05:45:00,0.38939509,9.4
2026-03-18 05:50:00,0.38904598,9.4
2026-03-18 05:55:00,0.38889082,9.4
2026-03-18 06:00:00,0.38881324,9.4
2026-03-18 06:05:00,0.38842534,9.4
2026-03-18 06:10:00,0.38861929,9.4
2026-03-18 06:15:00,0.38830897,9.4
2026-03-18 06:20:00,0.38803744,9.4
2026-03-18 06:25:00,0.38803744,9.4
2026-03-18 06:30:00,0.38761075,9.4
2026-03-18 06:35:00,0.38757196,9.4
2026-03-18 06:40:00,0.38722285,9.4
2026-03-18 06:45:00,0.3870289,9.4
2026-03-18 06:50:00,0.38691253,9.4
2026-03-18 06:55:00,0.3870289,9.4
2026-03-18 07:00:00,0.38683495,9.4
2026-03-18 07:05:00,0.38660221,9.4
2026-03-18 07:10:00,0.38644705,9.4
2026-03-18 07:15:00,0.38644705,9.4
2026-03-18 07:20:00,0.38629189,9.4
2026-03-18 07:25:00,0.38590399,9.4
2026-03-18 07:30:00,0.3858652,9.4
2026-03-18 07:35:00,0.38605915,9.4
2026-03-18 07:40:00,0.38563246,9.4
2026-03-18 07:45:00,0.38543851,9.4
2026-03-18 07:50:00,0.38555488,9.4
2026-03-18 07:55:00,0.38528335,9.4
2026-03-18 08:00:00,0.38520577,9.4
2026-03-18 08:05:00,0.38512819,9.4
2026-03-18 08:10:00,0.3850894,9.4
2026-03-18 08:15:00,0.3847015,9.4
2026-03-18 08:20:00,0.38481787,9.36
2026-03-18 08:25:00,0.3847015,9.3
2026-03-18 08:30:00,0.38458513,9.3
2026-03-18 08:35:00,0.38450755,9.3
2026-03-18 08:40:00,0.38454634,9.3
2026-03-18 08:45:00,0.38411965,9.3
2026-03-18 08:50:00,0.38408086,9.3
2026-03-18 08:55:00,0.38408086,9.3
2026-03-18 09:00:00,0.3839257,9.3
2026-03-18 09:05:00,0.38369296,9.3
2026-03-18 09:10:00,0.38377054,9.3
2026-03-18 09:15:00,0.38349901,9.3
2026-03-18 09:20:00,0.38349901,9.3
2026-03-18 09:25:00,0.38361538,9.3
2026-03-18 09:30:00,0.38349901,9.3
2026-03-18 09:35:00,0.38330506,9.3
2026-03-18 09:40:00,0.38307232,9.3
2026-03-18 09:45:00,0.38299474,9.3
2026-03-18 09:50:00,0.38283958,9.22
2026-03-18 09:55:00,0.38287837,9.2
2026-03-18 10:00:00,0.38311111,9.2
2026-03-18 10:05:00,0.38295595,9.2
2026-03-18 10:10:00,0.38260684,9.2
2026-03-18 10:15:00,0.38249047,9.2
2026-03-18 10:20:00,0.38268442,9.2
2026-03-18 10:25:00,0.38229652,9.2
2026-03-18 10:30:00,0.38245168,9.2
2026-03-18 10:35:00,0.38233531,9.1
2026-03-18 10:40:00,0.38206378,9.1
2026-03-18 10:45:00,0.38229652,9.1
2026-03-18 10:50:00,0.38214136,9.1
2026-03-18 10:55:00,0.38194741,9.1
2026-03-18 11:00:00,0.38206378,9.1
2026-03-18 11:05:00,0.38175346,9.08
2026-03-18 11:10:00,0.3819862,9.0
2026-03-18 11:15:00,0.38175346,9.0
2026-03-18 11:20:00,0.38194741,9.0
2026-03-18 11:25:00,0.38155951,9.0
2026-03-18 11:30:00,0.38163709,9.0
2026-03-18 11:35:00,0.38148193,8.96
2026-03-18 11:40:00,0.38152072,8.9
2026-03-18 11:45:00,0.38163709,8.9
2026-03-18 11:50:00,0.38148193,8.9
2026-03-18 11:55:00,0.38163709,8.9
2026-03-18 12:00:00,0.38144314,8.9
2026-03-18 12:05:00,0.38152072,8.82
2026-03-18 12:10:00,0.38128798,8.8
2026-03-18 12:15:00,0.38136556,8.8
2026-03-18 12:20:00,0.38097766,8.8
2026-03-18 12:25:00,0.38105524,8.8
2026-03-18 12:30:00,0.38109403,8.78
2026-03-18 12:35:00,0.38124919,8.7
2026-03-18 12:40:00,0.38128798,8.7
2026-03-18 12:45:00,0.38090008,8.7
2026-03-18 12:50:00,0.38109403,8.7
2026-03-18 12:55:00,0.38097766,8.7
2026-03-18 13:00:00,0.38086129,8.68
2026-03-18 13:05:00,0.38062855,8.6
2026-03-18 13:10:00,0.38078371,8.6
2026-03-18 13:15:00,0.38070613,8.6
2026-03-18 13:20:00,0.3808225,8.6
2026-03-18 13:25:00,0.3808225,8.58
2026-03-18 13:30:00,0.38090008,8.5
2026-03-18 13:35:00,0.38062855,8.5
2026-03-18 13:40:00,0.38058976,8.5
2026-03-18 13:45:00,0.38070613,8.5
2026-03-18 13:50:00,0.3804346,8.46
2026-03-18 13:55:00,0.3808225,8.4
2026-03-18 14:00:00,0.38047339,8.4
2026-03-18 14:05:00,0.38058976,8.4
2026-03-18 14:10:00,0.38051218,8.4
2026-03-18 14:15:00,0.38047339,8.32
2026-03-18 14:20:00,0.38047339,8.3
2026-03-18 14:25:00,0.38070613,8.3
2026-03-18 14:30:00,0.3804346,8.3
2026-03-18 14:35:00,0.38031823,8.24
2026-03-18 14:40:00,0.38039581,8.2
2026-03-18 14:45:00,0.38035702,8.2
2026-03-18 14:50:00,0.38039581,8.2
2026-03-18 14:55:00,0.38024065,8.1
2026-03-18 15:00:00,0.38027944,8.1
2026-03-18 15:05:00,0.38062855,8.1
2026-03-18 15:10:00,0.38027944,8.04
2026-03-18 15:15:00,0.38058976,8.0
2026-03-18 15:20:00,0.38016307,8.0
2026-03-18 15:25:00,0.38047339,7.96
2026-03-18 15:30:00,0.38008549,7.9
2026-03-18 15:35:00,0.38012428,7.9
2026-03-18 15:40:00,0.38012428,7.88
2026-03-18 15:45:00,0.3800467,7.8
2026-03-18 15:50:00,0.37996912,7.8
2026-03-18 15:55:00,0.37996912,7.78
2026-03-18 16:00:00,0.38035702,7.7
2026-03-18 16:05:00,0.37993033,7.7
2026-03-18 16:10:00,0.38000791,7.7
2026-03-18 16:15:00,0.38027944,7.62
2026-03-18 16:20:00,0.38012428,7.6
2026-03-18 16:25:00,0.37985275,7.6
2026-03-18 16:30:00,0.38016307,7.52
2026-03-18 16:35:00,0.37996912,7.5
2026-03-18 16:40:00,0.38016307,7.5
2026-03-18 16:45:00,0.38000791,7.42
2026-03-18 16:50:00,0.38016307,7.4
2026-03-18 16:55:00,0.37996912,7.4
2026-03-18 17:00:00,0.38016307,7.36
2026-03-18 17:05:00,0.38020186,7.3
2026-03-18 17:10:00,0.37989154,7.3
2026-03-18 17:15:00,0.3800467,7.3
2026-03-18 17:20:00,0.38031823,7.2
2026-03-18 17:25:00,0.38024065,7.2
2026-03-18 17:30:00,0.37981396,7.2
2026-03-18 17:35:00,0.38000791,7.14
2026-03-18 17:40:00,0.37993033,7.1
2026-03-18 17:45:00,0.37985275,7.1
2026-03-18 17:50:00,0.38020186,7.08
2026-03-18 17:55:00,0.38016307,7.0
2026-03-18 18:00:00,0.37996912,7.0
2026-03-18 18:05:00,0.38012428,7.0
2026-03-18 18:10:00,0.37981396,6.94
2026-03-18 18:15:00,0.38000791,6.9
2026-03-18 18:20:00,0.38008549,6.9
2026-03-18 18:25:00,0.37985275,6.9
2026-03-18 18:30:00,0.38000791,6.82
2026-03-18 18:35:00,0.37993033,6.8
2026-03-18 18:40:00,0.38012428,6.8
2026-03-18 18:45:00,0.37993033,6.8
2026-03-18 18:50:00,0.37938727,6.72
2026-03-18 18:55:00,0.37993033,6.7
2026-03-18 19:00:00,0.38000791,6.7
2026-03-18 19:05:00,0.3796588,6.68
2026-03-18 19:10:00,0.37977517,6.6
2026-03-18 19:15:00,0.37993033,6.6
2026-03-18 19:20:00,0.37973638,6.6
2026-03-18 19:25:00,0.37958122,6.58
2026-03-18 19:30:00,0.37981396,6.5
2026-03-18 19:35:00,0.3796588,6.5
2026-03-18 19:40:00,0.37973638,6.5
2026-03-18 19:45:00,0.37954243,6.5
2026-03-18 19:50:00,0.37954243,6.4
2026-03-18 19:55:00,0.37942606,6.4
2026-03-18 20:00:00,0.37907695,6.4
2026-03-18 20:05:00,0.37962001,6.4
2026-03-18 20:10:00,0.37958122,6.32
2026-03-18 20:15:00,0.37958122,6.3
2026-03-18 20:20:00,0.37942606,6.3
2026-03-18 20:25:00,0.37969759,6.3
2026-03-18 20:30:00,0.37946485,6.24
2026-03-18 20:35:00,0.3796588,6.2
2026-03-18 20:40:00,0.37958122,6.2
2026-03-18 20:45:00,0.37954243,6.2
2026-03-18 20:50:00,0.37923211,6.16
2026-03-18 20:55:00,0.37942606,6.1
2026-03-18 21:00:00,0.37942606,6.1
2026-03-18 21:05:00,0.37919332,6.1
2026-03-18 21:10:00,0.37938727,6.1
2026-03-18 21:15:00,0.37911574,6.0
2026-03-18 21:20:00,0.37950364,6.0
2026-03-18 21:25:00,0.37919332,6.0
2026-03-18 21:30:00,0.37923211,6.0
2026-03-18 21:35:00,0.37911574,6.0
2026-03-18 21:40:00,0.37919332,5.9
2026-03-18 21:45:00,0.37923211,5.9
2026-03-18 21:50:00,0.37930969,5.9
2026-03-18 21:55:00,0.37907695,5.9
2026-03-18 22:00:00,0.37903816,5.88
2026-03-18 22:05:00,0.37876663,5.8
2026-03-18 22:10:00,0.37868905,5.8
2026-03-18 22:15:00,0.37919332,5.8
2026-03-18 22:20:00,0.378883,5.8
2026-03-18 22:25:00,0.37865026,5.76
2026-03-18 22:30:00,0.37899937,5.7
2026-03-18 22:35:00,0.37911574,5.7
2026-03-18 22:40:00,0.378883,5.7
2026-03-18 22:45:00,0.378883,5.7
2026-03-18 22:50:00,0.37884421,5.7
2026-03-18 22:55:00,0.37868905,5.6
2026-03-18 23:00:00,0.37865026,5.6
2026-03-18 23:05:00,0.37853389,5.6
2026-03-18 23:10:00,0.37865026,5.6
2026-03-18 23:15:00,0.37880542,5.6
2026-03-18 23:20:00,0.37868905,5.58
2026-03-18 23:25:00,0.37868905,5.5
2026-03-18 23:30:00,0.37868905,5.5
2026-03-18 23:35:00,0.37857268,5.5
2026-03-18 23:40:00,0.37833994,5.5
2026-03-18 23:45:00,0.37865026,5.5
2026-03-18 23:50:00,0.37826236,5.48
2026-03-18 23:55:00,0.37853389,5.4
2026-03-19 00:00:00,0.3784951,5.4
2026-03-19 00:05:00,0.37865026,5.4
2026-03-19 00:10:00,0.37837873,5.4
2026-03-19 00:15:00,0.37833994,5.4
2026-03-19 00:20:00,0.37857268,5.4
2026-03-19 00:25:00,0.37857268,5.4
2026-03-19 00:30:00,0.3784951,5.3
2026-03-19 00:35:00,0.37830115,5.3
2026-03-19 00:40:00,0.3784951,5.3
2026-03-19 00:45:00,0.37841752,5.3
2026-03-19 00:50:00,0.37826236,5.3
2026-03-19 00:55:00,0.37822357,5.3
2026-03-19 01:00:00,0.37814599,5.3
2026-03-19 01:05:00,0.37857268,5.3
2026-03-19 01:10:00,0.37826236,5.3
2026-03-19 01:15:00,0.37822357,5.3
2026-03-19 01:20:00,0.37822357,5.22
2026-03-19 01:25:00,0.37822357,5.2
2026-03-19 01:30:00,0.3781072,5.2
2026-03-19 01:35:00,0.37830115,5.2
2026-03-19 01:40:00,0.37806841,5.2
2026-03-19 01:45:00,0.37822357,5.2
2026-03-19 01:50:00,0.3781072,5.2
2026-03-19 01:55:00,0.37802962,5.24
2026-03-19 02:00:00,0.37791325,5.3
2026-03-19 02:05:00,0.37814599,5.3
2026-03-19 02:10:00,0.37802962,5.3
2026-03-19 02:15:00,0.3781072,5.3
2026-03-19 02:20:00,0.37783567,5.34
2026-03-19 02:25:00,0.37775809,5.4
2026-03-19 02:30:00,0.37791325,5.4
2026-03-19 02:35:00,0.37768051,5.44
2026-03-19 02:40:00,0.37775809,5.5
2026-03-19 02:45:00,0.37752535,5.52
2026-03-19 02:50:00,0.37775809,5.6
2026-03-19 02:55:00,0.37760293,5.6
2026-03-19 03:00:00,0.37752535,5.68
2026-03-19 03:05:00,0.37721503,5.7
2026-03-19 03:10:00,0.3773314,5.74
2026-03-19 03:15:00,0.37748656,5.8
2026-03-19 03:20:00,0.3773314,5.86
2026-03-19 03:25:00,0.37740898,5.9
2026-03-19 03:30:00,0.37744777,6.0
2026-03-19 03:35:00,0.37713745,6.02
2026-03-19 03:40:00,0.37725382,6.1
2026-03-19 03:45:00,0.37709866,6.16
2026-03-19 03:50:00,0.37702108,6.22
2026-03-19 03:55:00,0.37667197,6.3
2026-03-19 04:00:00,0.37674955,6.38
2026-03-19 04:05:00,0.37671076,6.44
2026-03-19 04:10:00,0.37674955,6.5
2026-03-19 04:15:00,0.37636165,6.6
2026-03-19 04:20:00,0.37647802,6.66
2026-03-19 04:25:00,0.37605133,6.74
2026-03-19 04:30:00,0.37620649,6.82
2026-03-19 04:35:00,0.37589617,6.9
2026-03-19 04:40:00,0.37566343,7.0
2026-03-19 04:45:00,0.37574101,7.1
2026-03-19 04:50:00,0.37558585,7.2
2026-03-19 04:55:00,0.37515916,7.3
2026-03-19 05:00:00,0.37515916,7.4
2026-03-19 05:05:00,0.3753919,7.52
2026-03-19 05:10:00,0.37477126,7.64
2026-03-19 05:15:00,0.37492642,7.76
2026-03-19 05:20:00,0.37465489,7.86
2026-03-19 05:25:00,0.37438336,7.98
2026-03-19 05:30:00,0.37426699,8.12
2026-03-19 05:35:00,0.37415062,8.26
2026-03-19 05:40:00,0.37376272,8.36
2026-03-19 05:45:00,0.37395667,8.48
2026-03-19 05:50:00,0.37356877,8.62
2026-03-19 05:55:00,0.37360756,8.72
2026-03-19 06:00:00,0.37321966,8.84
2026-03-19 06:05:00,0.37302571,8.96
2026-03-19 06:10:00,0.37310329,9.08
2026-03-19 06:15:00,0.37298692,9.22
2026-03-19 06:20:00,0.37263781,9.32
2026-03-19 06:25:00,0.37256023,9.44
2026-03-19 06:30:00,0.37240507,9.54
2026-03-19 06:35:00,0.37244386,9.64
2026-03-19 06:40:00,0.37209475,9.74
2026-03-19 06:45:00,0.37213354,9.84
2026-03-19 06:50:00,0.37201717,9.96
2026-03-19 06:55:00,0.37186201,10.04
2026-03-19 07:00:00,0.37143532,10.14
2026-03-19 07:05:00,0.37135774,10.22
2026-03-19 07:10:00,0.37143532,10.3
2026-03-19 07:15:00,0.37143532,10.4
2026-03-19 07:20:00,0.37100863,10.46
2026-03-19 07:25:00,0.37108621,10.52
2026-03-19 07:30:00,0.37100863,10.6
2026-03-19 07:35:00,0.37085347,10.7
2026-03-19 07:40:00,0.37069831,10.74
2026-03-19 07:45:00,0.37077589,10.8
2026-03-19 07:50:00,0.37042678,10.88
2026-03-19 07:55:00,0.37050436,10.9
2026-03-19 08:00:00,0.37046557,11.0
2026-03-19 08:05:00,0.37050436,11.0
2026-03-19 08:10:00,0.37038799,11.08
2026-03-19 08:15:00,0.37000009,11.1
2026-03-19 08:20:00,0.37000009,11.16
2026-03-19 08:25:00,0.36988372,11.2
2026-03-19 08:30:00,0.36988372,11.2
2026-03-19 08:35:00,0.36992251,11.26
2026-03-19 08:40:00,0.36968977,11.3
2026-03-19 08:45:00,0.36976735,11.3
2026-03-19 08:50:00,0.36961219,11.3
2026-03-19 08:55:00,0.36968977,11.3
2026-03-19 09:00:00,0.36965098,11.3
2026-03-19 09:05:00,0.36980614,11.32
2026-03-19 09:10:00,0.36968977,11.36
2026-03-19 09:15:00,0.36949582,11.34
2026-03-19 09:20:00,0.36945703,11.3
2026-03-19 09:25:00,0.36945703,11.3
2026-03-19 09:30:00,0.3695734,11.3
2026-03-19 09:35:00,0.36926308,11.3
2026-03-19 09:40:00,0.36926308,11.3
2026-03-19 09:45:00,0.36926308,11.28
2026-03-19 09:50:00,0.3691855,11.2
2026-03-19 09:55:00,0.3695734,11.2
2026-03-19 10:00:00,0.36930187,11.2
2026-03-19 10:05:00,0.36930187,11.1
2026-03-19 10:10:00,0.36961219,11.1
2026-03-19 10:15:00,0.36926308,11.08
2026-03-19 10:20:00,0.36926308,11.0
2026-03-19 10:25:00,0.36949582,11.0
2026-03-19 10:30:00,0.36945703,10.92
2026-03-19 10:35:00,0.36934066,10.9
2026-03-19 10:40:00,0.36930187,10.84
2026-03-19 10:45:00,0.36953461,10.8
2026-03-19 10:50:00,0.36949582,10.76
2026-03-19 10:55:00,0.36930187,10.7
2026-03-19 11:00:00,0.3695734,10.64
2026-03-19 11:05:00,0.3695734,10.6
2026-03-19 11:10:00,0.36941824,10.52
2026-03-19 11:15:00,0.36945703,10.5
2026-03-19 11:20:00,0.36968977,10.42
2026-03-19 11:25:00,0.36945703,10.4
2026-03-19 11:30:00,0.36968977,10.32
2026-03-19 11:35:00,0.3695734,10.28
2026-03-19 11:40:00,0.3695734,10.2
2026-03-19 11:45:00,0.36968977,10.18
2026-03-19 11:50:00,0.36972856,10.1
2026-03-19 11:55:00,0.36984493,10.06
2026-03-19 12:00:00,0.36980614,10.0
2026-03-19 12:05:00,0.36972856,9.94
2026-03-19 12:10:00,0.36976735,9.9
2026-03-19 12:15:00,0.36976735,9.82
2026-03-19 12:20:00,0.36976735,9.78
2026-03-19 12:25:00,0.36976735,9.7
2026-03-19 12:30:00,0.36992251,9.66
2026-03-19 12:35:00,0.37011646,9.6
2026-03-19 12:40:00,0.36988372,9.56
2026-03-19 12:45:00,0.36976735,9.5
2026-03-19 12:50:00,0.37007767,9.44
2026-03-19 12:55:00,0.36984493,9.4
2026-03-19 13:00:00,0.37023283,9.32
2026-03-19 13:05:00,0.37011646,9.3
2026-03-19 13:10:00,0.37007767,9.2
2026-03-19 13:15:00,0.37015525,9.18
2026-03-19 13:20:00,0.37027162,9.1
2026-03-19 13:25:00,0.37023283,9.08
2026-03-19 13:30:00,0.37031041,9.0
2026-03-19 13:35:00,0.37027162,8.98
2026-03-19 13:40:00,0.3703492,8.9
2026-03-19 13:45:00,0.37023283,8.88
2026-03-19 13:50:00,0.37027162,8.8
2026-03-19 13:55:00,0.37019404,8.78
2026-03-19 14:00:00,0.37031041,8.7
2026-03-19 14:05:00,0.37058194,8.7
2026-03-19 14:10:00,0.37031041,8.64
2026-03-19 14:15:00,0.3703492,8.6
2026-03-19 14:20:00,0.3703492,8.54
2026-03-19 14:25:00,0.37046557,8.5
2026-03-19 14:30:00,0.37031041,8.46
2026-03-19 14:35:00,0.37050436,8.4
2026-03-19 14:40:00,0.37046557,8.38
2026-03-19 14:45:00,0.37031041,8.3
2026-03-19 14:50:00,0.37054315,8.3
2026-03-19 14:55:00,0.37042678,8.22
2026-03-19 15:00:00,0.3707371,8.2
2026-03-19 15:05:00,0.37050436,8.14
2026-03-19 15:10:00,0.3707371,8.1
2026-03-19 15:15:00,0.37062073,8.06
2026-03-19 15:20:00,0.37065952,8.0
2026-03-19 15:25:00,0.37050436,8.0
2026-03-19 15:30:00,0.37054315,7.9
2026-03-19 15:35:00,0.37065952,7.9
2026-03-19 15:40:00,0.37065952,7.86
2026-03-19 15:45:00,0.37042678,7.8
2026-03-19 15:50:00,0.3707371,7.8
2026-03-19 15:55:00,0.37058194,7.72
2026-03-19 16:00:00,0.37096984,7.7
2026-03-19 16:05:00,0.37085347,7.7
2026-03-19 16:10:00,0.37065952,7.6
2026-03-19 16:15:00,0.37069831,7.6
2026-03-19 16:20:00,0.37077589,7.54
2026-03-19 16:25:00,0.37077589,7.5
2026-03-19 16:30:00,0.37093105,7.5
2026-03-19 16:35:00,0.37093105,7.44
2026-03-19 16:40:00,0.3707371,7.4
2026-03-19 16:45:00,0.37100863,7.4
2026-03-19 16:50:00,0.37077589,7.34
2026-03-19 16:55:00,0.37104742,7.3
2026-03-19 17:00:00,0.37108621,7.3
2026-03-19 17:05:00,0.37108621,7.24
2026-03-19 17:10:00,0.371125,7.2
2026-03-19 17:15:00,0.37131895,7.2
2026-03-19 17:20:00,0.37120258,7.16
2026-03-19 17:25:00,0.37108621,7.1
2026-03-19 17:30:00,0.37077589,7.1
2026-03-19 17:35:00,0.37116379,7.08
2026-03-19 17:40:00,0.37108621,7.0
2026-03-19 17:45:00,0.37089226,7.0
2026-03-19 17:50:00,0.37131895,7.0
2026-03-19 17:55:00,0.37120258,6.92
2026-03-19 18:00:00,0.37131895,6.9
2026-03-19 18:05:00,0.37108621,6.9
2026-03-19 18:10:00,0.371125,6.86
2026-03-19 18:15:00,0.37100863,6.8
2026-03-19 18:20:00,0.37131895,6.8
2026-03-19 18:25:00,0.37100863,6.8
2026-03-19 18:30:00,0.37100863,6.72
2026-03-19 18:35:00,0.37135774,6.7
2026-03-19 18:40:00,0.37128016,6.7
2026-03-19 18:45:00,0.37124137,6.66
2026-03-19 18:50:00,0.37116379,6.6
2026-03-19 18:55:00,0.37135774,6.6
2026-03-19 19:00:00,0.37120258,6.6
2026-03-19 19:05:00,0.37147411,6.54
2026-03-19 19:10:00,0.37124137,6.5
2026-03-19 19:15:00,0.371125,6.5
2026-03-19 19:20:00,0.37124137,6.5
2026-03-19 19:25:00,0.37124137,6.44
2026-03-19 19:30:00,0.37128016,6.4
2026-03-19 19:35:00,0.37124137,6.4
2026-03-19 19:40:00,0.37124137,6.4
2026-03-19 19:45:00,0.37128016,6.36
2026-03-19 19:50:00,0.37128016,6.3
2026-03-19 19:55:00,0.37143532,6.3
2026-03-19 20:00:00,0.3715129,6.3
2026-03-19 20:05:00,0.37128016,6.3
2026-03-19 20:10:00,0.37128016,6.2
2026-03-19 20:15:00,0.37147411,6.2
2026-03-19 20:20:00,0.37128016,6.2
2026-03-19 20:25:00,0.3715129,6.2
2026-03-19 20:30:00,0.371125,6.14
2026-03-19 20:35:00,0.37139653,6.1
2026-03-19 20:40:00,0.3715129,6.1
2026-03-19 20:45:00,0.37131895,6.1
2026-03-19 20:50:00,0.3715129,6.1
2026-03-19 20:55:00,0.37124137,6.04
2026-03-19 21:00:00,0.37135774,6.0
2026-03-19 21:05:00,0.37120258,6.0
2026-03-19 21:10:00,0.37139653,6.0
2026-03-19 21:15:00,0.37155169,6.0
2026-03-19 21:20:00,0.37139653,5.98
2026-03-19 21:25:00,0.37108621,5.9
2026-03-19 21:30:00,0.37120258,5.9
2026-03-19 21:35:00,0.37147411,5.9
2026-03-19 21:40:00,0.37143532,5.9
2026-03-19 21:45:00,0.37135774,5.9
2026-03-19 21:50:00,0.37116379,5.82
2026-03-19 21:55:00,0.37135774,5.8
2026-03-19 22:00:00,0.37116379,5.8
2026-03-19 22:05:00,0.37143532,5.8
2026-03-19 22:10:00,0.37135774,5.8
2026-03-19 22:15:00,0.3715129,5.72
2026-03-19 22:20:00,0.37143532,5.7
2026-03-19 22:25:00,0.3715129,5.7
2026-03-19 22:30:00,0.37139653,5.7
2026-03-19 22:35:00,0.37147411,5.7
2026-03-19 22:40:00,0.3715129,5.7
2026-03-19 22:45:00,0.37135774,5.62
2026-03-19 22:50:00,0.37139653,5.6
2026-03-19 22:55:00,0.37143532,5.6
2026-03-19 23:00:00,0.37135774,5.6
2026-03-19 23:05:00,0.37143532,5.6
2026-03-19 23:10:00,0.37131895,5.6
2026-03-19 23:15:00,0.37135774,5.54
2026-03-19 23:20:00,0.37143532,5.5
2026-03-19 23:25:00,0.37131895,5.5
2026-03-19 23:30:00,0.37143532,5.5
2026-03-19 23:35:00,0.37162927,5.5
2026-03-19 23:40:00,0.37135774,5.5
2026-03-19 23:45:00,0.37143532,5.5
2026-03-19 23:50:00,0.37135774,5.44
2026-03-19 23:55:00,0.37147411,5.4
2026-03-20 00:00:00,0.37131895,5.4
2026-03-20 00:05:00,0.37143532,5.4
2026-03-20 00:10:00,0.3715129,5.4
2026-03-20 00:15:00,0.37135774,5.4
2026-03-20 00:20:00,0.37108621,5.4
2026-03-20 00:25:00,0.37147411,5.4
2026-03-20 00:30:00,0.3715129,5.4
2026-03-20 00:35:00,0.37135774,5.36
2026-03-20 00:40:00,0.37139653,5.3
2026-03-20 00:45:00,0.37147411,5.3
2026-03-20 00:50:00,0.37116379,5.3
2026-03-20 00:55:00,0.37124137,5.3
2026-03-20 01:00:00,0.37139653,5.3
2026-03-20 01:05:00,0.37139653,5.3
2026-03-20 01:10:00,0.37128016,5.3
2026-03-20 01:15:00,0.371125,5.3
2026-03-20 01:20:00,0.371125,5.3
2026-03-20 01:25:00,0.37108621,5.3
2026-03-20 01:30:00,0.371125,5.3
2026-03-20 01:35:00,0.371125,5.3
2026-03-20 01:40:00,0.37085347,5.3
2026-03-20 01:45:00,0.371125,5.3
2026-03-20 01:50:00,0.371125,5.34
2026-03-20 01:55:00,0.371125,5.4
2026-03-20 02:00:00,0.37120258,5.4
2026-03-20 02:05:00,0.37139653,5.4
2026-03-20 02:10:00,0.37108621,5.46
2026-03-20 02:15:00,0.37108621,5.5
2026-03-20 02:20:00,0.37104742,5.52
2026-03-20 02:25:00,0.37108621,5.6
2026-03-20 02:30:00,0.37100863,5.6
2026-03-20 02:35:00,0.37081468,5.68
2026-03-20 02:40:00,0.37065952,5.7
2026-03-20 02:45:00,0.37058194,5.76
2026-03-20 02:50:00,0.37054315,5.8
2026-03-20 02:55:00,0.37077589,5.86
2026-03-20 03:00:00,0.37046557,5.9
2026-03-20 03:05:00,0.37046557,5.96
2026-03-20 03:10:00,0.37031041,6.0
2026-03-20 03:15:00,0.37019404,6.06
2026-03-20 03:20:00,0.36988372,6.1
2026-03-20 03:25:00,0.36976735,6.18
2026-03-20 03:30:00,0.36968977,6.22
2026-03-20 03:35:00,0.3699613,6.3
2026-03-20 03:40:00,0.36972856,6.36
2026-03-20 03:45:00,0.36972856,6.4
2026-03-20 03:50:00,0.36941824,6.5
2026-03-20 03:55:00,0.36914671,6.56
2026-03-20 04:00:00,0.36934066,6.6
2026-03-20 04:05:00,0.36941824,6.7
2026-03-20 04:10:00,0.36891397,6.78
2026-03-20 04:15:00,0.36903034,6.84
2026-03-20 04:20:00,0.36903034,6.9
2026-03-20 04:25:00,0.36899155,7.0
2026-03-20 04:30:00,0.36895276,7.08
2026-03-20 04:35:00,0.36833212,7.16
2026-03-20 04:40:00,0.36825454,7.24
2026-03-20 04:45:00,0.36825454,7.34
2026-03-20 04:50:00,0.36809938,7.42
2026-03-20 04:55:00,0.36794422,7.52
2026-03-20 05:00:00,0.36771148,7.64
2026-03-20 05:05:00,0.36767269,7.72
2026-03-20 05:10:00,0.36755632,7.84
2026-03-20 05:15:00,0.36732358,7.94
2026-03-20 05:20:00,0.36743995,8.04
2026-03-20 05:25:00,0.36705205,8.16
2026-03-20 05:30:00,0.36693568,8.28
2026-03-20 05:35:00,0.36681931,8.38
2026-03-20 05:40:00,0.36662536,8.5
2026-03-20 05:45:00,0.36650899,8.6
2026-03-20 05:50:00,0.36654778,8.72
2026-03-20 05:55:00,0.3660823,8.82
2026-03-20 06:00:00,0.36600472,8.94
2026-03-20 06:05:00,0.36592714,9.04
2026-03-20 06:10:00,0.36573319,9.16
2026-03-20 06:15:00,0.36561682,9.28
2026-03-20 06:20:00,0.36553924,9.38
2026-03-20 06:25:00,0.36534529,9.48
2026-03-20 06:30:00,0.36573319,9.6
2026-03-20 06:35:00,0.36581077,9.7
2026-03-20 06:40:00,0.36573319,9.8
2026-03-20 06:45:00,0.36546166,9.92
2026-03-20 06:50:00,0.36538408,10.0
2026-03-20 06:55:00,0.36526771,10.1
2026-03-20 07:00:00,0.36515134,10.2
2026-03-20 07:05:00,0.36511255,10.28
2026-03-20 07:10:00,0.36499618,10.36
2026-03-20 07:15:00,0.36495739,10.44
2026-03-20 07:20:00,0.36476344,10.5
2026-03-20 07:25:00,0.36468586,10.6
2026-03-20 07:30:00,0.36456949,10.68
2026-03-20 07:35:00,0.36445312,10.72
2026-03-20 07:40:00,0.36437554,10.8
2026-03-20 07:45:00,0.36429796,10.86
2026-03-20 07:50:00,0.36449191,10.9
2026-03-20 07:55:00,0.36425917,11.0
2026-03-20 08:00:00,0.3641428,11.02
2026-03-20 08:05:00,0.36429796,11.1
2026-03-20 08:10:00,0.36418159,11.12
2026-03-20 08:15:00,0.3641428,11.2
2026-03-20 08:20:00,0.36379369,11.2
2026-03-20 08:25:00,0.36379369,11.3
2026-03-20 08:30:00,0.36391006,11.3
2026-03-20 08:35:00,0.36379369,11.34
2026-03-20 08:40:00,0.36383248,11.4
2026-03-20 08:45:00,0.36363853,11.4
2026-03-20 08:50:00,0.36367732,11.4
2026-03-20 08:55:00,0.36359974,11.5
2026-03-20 09:00:00,0.36352216,11.5
2026-03-20 09:05:00,0.36344458,11.5
2026-03-20 09:10:00,0.36356095,11.5
2026-03-20 09:15:00,0.36352216,11.5
2026-03-20 09:20:00,0.36344458,11.5
2026-03-20 09:25:00,0.36352216,11.5
2026-03-20 09:30:00,0.36340579,11.5
2026-03-20 09:35:00,0.36352216,11.5
2026-03-20 09:40:00,0.363367,11.5
2026-03-20 09:45:00,0.36348337,11.5
2026-03-20 09:50:00,0.36344458,11.48
2026-03-20 09:55:00,0.36363853,11.4
2026-03-20 10:00:00,0.36359974,11.4
2026-03-20 10:05:00,0.36348337,11.4
2026-03-20 10:10:00,0.36356095,11.4
2026-03-20 10:15:00,0.36371611,11.3
2026-03-20 10:20:00,0.36352216,11.3
2026-03-20 10:25:00,0.36352216,11.3
2026-03-20 10:30:00,0.36363853,11.22
2026-03-20 10:35:00,0.36371611,11.2
2026-03-20 10:40:00,0.36356095,11.2
2026-03-20 10:45:00,0.36367732,11.1
2026-03-20 10:50:00,0.36367732,11.1
2026-03-20 10:55:00,0.36359974,11.04
2026-03-20 11:00:00,0.36371611,11.0
2026-03-20 11:05:00,0.36383248,10.98
2026-03-20 11:10:00,0.3637549,10.9
2026-03-20 11:15:00,0.36387127,10.9
2026-03-20 11:20:00,0.36367732,10.8
2026-03-20 11:25:00,0.3637549,10.8
2026-03-20 11:30:00,0.36387127,10.72
2026-03-20 11:35:00,0.36379369,10.7
2026-03-20 11:40:00,0.36398764,10.64
2026-03-20 11:45:00,0.36394885,10.6
2026-03-20 11:50:00,0.36406522,10.54
2026-03-20 11:55:00,0.36391006,10.5
2026-03-20 12:00:00,0.3641428,10.44
2026-03-20 12:05:00,0.36410401,10.4
2026-03-20 12:10:00,0.36410401,10.34
2026-03-20 12:15:00,0.36418159,10.3
2026-03-20 12:20:00,0.3641428,10.24
2026-03-20 12:25:00,0.3641428,10.2
2026-03-20 12:30:00,0.3641428,10.16
2026-03-20 12:35:00,0.36410401,10.1
2026-03-20 12:40:00,0.36410401,10.06
2026-03-20 12:45:00,0.36418159,10.0
2026-03-20 12:50:00,0.36422038,9.98
2026-03-20 12:55:00,0.36449191,9.9
2026-03-20 13:00:00,0.36456949,9.86
2026-03-20 13:05:00,0.36433675,9.8
2026-03-20 13:10:00,0.36437554,9.76
2026-03-20 13:15:00,0.36437554,9.7
2026-03-20 13:20:00,0.36464707,9.68
2026-03-20 13:25:00,0.36449191,9.6
2026-03-20 13:30:00,0.36437554,9.6
2026-03-20 13:35:00,0.36460828,9.5
2026-03-20 13:40:00,0.36472465,9.5
2026-03-20 13:45:00,0.36464707,9.42
2026-03-20 13:50:00,0.36456949,9.4
2026-03-20 13:55:00,0.36472465,9.34
2026-03-20 14:00:00,0.36468586,9.3
2026-03-20 14:05:00,0.36464707,9.26
2026-03-20 14:10:00,0.36487981,9.2
2026-03-20 14:15:00,0.36476344,9.16
2026-03-20 14:20:00,0.36484102,9.1
2026-03-20 14:25:00,0.36484102,9.1
2026-03-20 14:30:00,0.36487981,9.0
2026-03-20 14:35:00,0.36499618,9.0
2026-03-20 14:40:00,0.36472465,8.92
2026-03-20 14:45:00,0.36487981,8.9
2026-03-20 14:50:00,0.36495739,8.86
2026-03-20 14:55:00,0.36522892,8.8
2026-03-20 15:00:00,0.36499618,8.8
2026-03-20 15:05:00,0.36511255,8.7
2026-03-20 15:10:00,0.36522892,8.7
2026-03-20 15:15:00,0.3653065,8.66
2026-03-20 15:20:00,0.36511255,8.6
2026-03-20 15:25:00,0.36503497,8.6
2026-03-20 15:30:00,0.36495739,8.52
2026-03-20 15:35:00,0.36503497,8.5
2026-03-20 15:40:00,0.36538408,8.46
2026-03-20 15:45:00,0.36542287,8.4
2026-03-20 15:50:00,0.36538408,8.4
2026-03-20 15:55:00,0.36526771,8.32
2026-03-20 16:00:00,0.36515134,8.3
2026-03-20 16:05:00,0.36526771,8.28
2026-03-20 16:10:00,0.36522892,8.2
2026-03-20 16:15:00,0.36550045,8.2
2026-03-20 16:20:00,0.36526771,8.14
2026-03-20 16:25:00,0.36522892,8.1
2026-03-20 16:30:00,0.36553924,8.08
2026-03-20 16:35:00,0.36522892,8.0
2026-03-20 16:40:00,0.36557803,8.0
2026-03-20 16:45:00,0.36581077,7.94
2026-03-20 16:50:00,0.36546166,7.9
2026-03-20 16:55:00,0.36561682,7.9
2026-03-20 17:00:00,0.36565561,7.8
2026-03-20 17:05:00,0.36573319,7.8
2026-03-20 17:10:00,0.3656944,7.78
2026-03-20 17:15:00,0.3656944,7.7
2026-03-20 17:20:00,0.36573319,7.7
2026-03-20 17:25:00,0.36604351,7.66
2026-03-20 17:30:00,0.36565561,7.6
2026-03-20 17:35:00,0.3656944,7.6
2026-03-20 17:40:00,0.36565561,7.52
2026-03-20 17:45:00,0.36561682,7.5
2026-03-20 17:50:00,0.36604351,7.5
2026-03-20 17:55:00,0.36596593,7.4
2026-03-20 18:00:00,0.36623746,7.4
2026-03-20 18:05:00,0.36600472,7.4
2026-03-20 18:10:00,0.36615988,7.3
2026-03-20 18:15:00,0.36588835,7.3
2026-03-20 18:20:00,0.36600472,7.28
2026-03-20 18:25:00,0.3660823,7.2
2026-03-20 18:30:00,0.36600472,7.2
2026-03-20 18:35:00,0.3660823,7.18
2026-03-20 18:40:00,0.36612109,7.1
2026-03-20 18:45:00,0.36596593,7.1
2026-03-20 18:50:00,0.36643141,7.08
2026-03-20 18:55:00,0.36639262,7.0
2026-03-20 19:00:00,0.36615988,7.0
2026-03-20 19:05:00,0.36635383,6.98
2026-03-20 19:10:00,0.36619867,6.9
2026-03-20 19:15:00,0.36623746,6.9
2026-03-20 19:20:00,0.36627625,6.9
2026-03-20 19:25:00,0.36627625,6.82
2026-03-20 19:30:00,0.36631504,6.8
2026-03-20 19:35:00,0.36631504,6.8
2026-03-20 19:40:00,0.36631504,6.76
2026-03-20 19:45:00,0.36631504,6.7
2026-03-20 19:50:00,0.36650899,6.7
2026-03-20 19:55:00,0.36635383,6.7
2026-03-20 20:00:00,0.36670294,6.6
2026-03-20 20:05:00,0.36650899,6.6
2026-03-20 20:10:00,0.36619867,6.6
2026-03-20 20:15:00,0.36643141,6.58
2026-03-20 20:20:00,0.36674173,6.5
2026-03-20 20:25:00,0.36643141,6.5
2026-03-20 20:30:00,0.36658657,6.5
2026-03-20 20:35:00,0.36654778,6.48
2026-03-20 20:40:00,0.36654778,6.4
2026-03-20 20:45:00,0.36674173,6.4
2026-03-20 20:50:00,0.3664702,6.4
2026-03-20 20:55:00,0.36654778,6.4
2026-03-20 21:00:00,0.36658657,6.32
2026-03-20 21:05:00,0.36670294,6.3
2026-03-20 21:10:00,0.36650899,6.3
2026-03-20 21:15:00,0.36654778,6.3
2026-03-20 21:20:00,0.36662536,6.28
2026-03-20 21:25:00,0.36670294,6.2
2026-03-20 21:30:00,0.36654778,6.2
2026-03-20 21:35:00,0.36666415,6.2
2026-03-20 21:40:00,0.36674173,6.2
2026-03-20 21:45:00,0.36674173,6.14
2026-03-20 21:50:00,0.3664702,6.1
2026-03-20 21:55:00,0.36639262,6.1
2026-03-20 22:00:00,0.36662536,6.1
2026-03-20 22:05:00,0.36666415,6.1
2026-03-20 22:10:00,0.36650899,6.04
2026-03-20 22:15:00,0.36674173,6.0
2026-03-20 22:20:00,0.36678052,6.0
2026-03-20 22:25:00,0.36654778,6.0
2026-03-20 22:30:00,0.36662536,6.0
2026-03-20 22:35:00,0.36693568,6.0
2026-03-20 22:40:00,0.36681931,5.96
2026-03-20 22:45:00,0.3668581,5.9
2026-03-20 22:50:00,0.36678052,5.9
2026-03-20 22:55:00,0.36678052,5.9
2026-03-20 23:00:00,0.36674173,5.9
2026-03-20 23:05:00,0.36670294,5.9
2026-03-20 23:10:00,0.36678052,5.9
2026-03-20 23:15:00,0.36670294,5.88
2026-03-20 23:20:00,0.36678052,5.8
2026-03-20 23:25:00,0.36662536,5.8
2026-03-20 23:30:00,0.36674173,5.8
2026-03-20 23:35:00,0.36658657,5.8
2026-03-20 23:40:00,0.36666415,5.8
2026-03-20 23:45:00,0.36658657,5.8
2026-03-20 23:50:00,0.36674173,5.8
2026-03-20 23:55:00,0.36681931,5.8
2026-03-21 00:00:00,0.36681931,5.8
2026-03-21 00:05:00,0.36670294,5.8
2026-03-21 00:10:00,0.3664702,5.8
2026-03-21 00:15:00,0.36650899,5.8
2026-03-21 00:20:00,0.36658657,5.8
2026-03-21 00:25:00,0.36666415,5.8
2026-03-21 00:30:00,0.36650899,5.8
2026-03-21 00:35:00,0.36654778,5.82
2026-03-21 00:40:00,0.36650899,5.9
2026-03-21 00:45:00,0.36666415,5.9
2026-03-21 00:50:00,0.36643141,5.9
2026-03-21 00:55:00,0.36627625,5.9
2026-03-21 01:00:00,0.36650899,5.9
2026-03-21 01:05:00,0.3664702,5.96
2026-03-21 01:10:00,0.36627625,6.0
2026-03-21 01:15:00,0.36631504,6.0
2026-03-21 01:20:00,0.36623746,6.0
2026-03-21 01:25:00,0.36612109,6.02
2026-03-21 01:30:00,0.36627625,6.1
2026-03-21 01:35:00,0.36596593,6.1
2026-03-21 01:40:00,0.36600472,6.1
2026-03-21 01:45:00,0.36573319,6.14
2026-03-21 01:50:00,0.36584956,6.2
2026-03-21 01:55:00,0.36581077,6.2
2026-03-21 02:00:00,0.36565561,6.26
2026-03-21 02:05:00,0.36565561,6.3
2026-03-21 02:10:00,0.36557803,6.3
2026-03-21 02:15:00,0.36573319,6.4
2026-03-21 02:20:00,0.36565561,6.4
2026-03-21 02:25:00,0.36577198,6.48
2026-03-21 02:30:00,0.36557803,6.5
2026-03-21 02:35:00,0.36534529,6.56
2026-03-21 02:40:00,0.36550045,6.6
2026-03-21 02:45:00,0.36557803,6.66
2026-03-21 02:50:00,0.36546166,6.7
2026-03-21 02:55:00,0.36515134,6.76
2026-03-21 03:00:00,0.36526771,6.8
2026-03-21 03:05:00,0.36515134,6.86
2026-03-21 03:10:00,0.36511255,6.9
2026-03-21 03:15:00,0.36445312,6.94
2026-03-21 03:20:00,0.36495739,7.0
2026-03-21 03:25:00,0.36480223,7.06
2026-03-21 03:30:00,0.36468586,7.1
2026-03-21 03:35:00,0.36460828,7.2
2026-03-21 03:40:00,0.36472465,7.22
2026-03-21 03:45:00,0.36437554,7.3
2026-03-21 03:50:00,0.36429796,7.36
2026-03-21 03:55:00,0.36398764,7.4
2026-03-21 04:00:00,0.36402643,7.5
2026-03-21 04:05:00,0.36387127,7.56
2026-03-21 04:10:00,0.36371611,7.62
2026-03-21 04:15:00,0.36356095,7.7
2026-03-21 04:20:00,0.36367732,7.76
2026-03-21 04:25:00,0.36344458,7.82
2026-03-21 04:30:00,0.36344458,7.9
2026-03-21 04:35:00,0.36313426,8.0
2026-03-21 04:40:00,0.36325063,8.06
2026-03-21 04:45:00,0.36305668,8.14
2026-03-21 04:50:00,0.36286273,8.24
2026-03-21 04:55:00,0.36282394,8.32
2026-03-21 05:00:00,0.36262999,8.42
2026-03-21 05:05:00,0.36255241,8.52
2026-03-21 05:10:00,0.3622033,8.62
2026-03-21 05:15:00,0.36208693,8.72
2026-03-21 05:20:00,0.36247483,8.82
2026-03-21 05:25:00,0.36197056,8.94
2026-03-21 05:30:00,0.36173782,9.06
2026-03-21 05:35:00,0.36177661,9.16
2026-03-21 05:40:00,0.36169903,9.28
2026-03-21 05:45:00,0.36150508,9.42
2026-03-21 05:50:00,0.36127234,9.54
2026-03-21 05:55:00,0.36127234,9.66
2026-03-21 06:00:00,0.36111718,9.78
2026-03-21 06:05:00,0.36088444,9.92
2026-03-21 06:10:00,0.3606517,10.04
2026-03-21 06:15:00,0.36069049,10.14
2026-03-21 06:20:00,0.36076807,10.26
2026-03-21 06:25:00,0.36022501,10.38
2026-03-21 06:30:00,0.36010864,10.48
2026-03-21 06:35:00,0.36010864,10.62
2026-03-21 06:40:00,0.36018622,10.72
2026-03-21 06:45:00,0.35964316,10.82
2026-03-21 06:50:00,0.35979832,10.94
2026-03-21 06:55:00,0.359488,11.02
2026-03-21 07:00:00,0.35933284,11.12
2026-03-21 07:05:00,0.35929405,11.22
2026-03-21 07:10:00,0.35925526,11.32
2026-03-21 07:15:00,0.35906131,11.4
2026-03-21 07:20:00,0.35890615,11.5
2026-03-21 07:25:00,0.35890615,11.58
2026-03-21 07:30:00,0.35917768,11.64
2026-03-21 07:35:00,0.35875099,11.72
2026-03-21 07:40:00,0.35886736,11.8
2026-03-21 07:45:00,0.35886736,11.86
2026-03-21 07:50:00,0.35898373,11.9
2026-03-21 07:55:00,0.35875099,12.0
2026-03-21 08:00:00,0.3587122,12.0
2026-03-21 08:05:00,0.35851825,12.1
2026-03-21 08:10:00,0.35847946,12.12
2026-03-21 08:15:00,0.35859583,12.2
2026-03-21 08:20:00,0.35840188,12.2
2026-03-21 08:25:00,0.35851825,12.3
2026-03-21 08:30:00,0.35813035,12.3
2026-03-21 08:35:00,0.35820793,12.32
2026-03-21 08:40:00,0.35813035,12.4
2026-03-21 08:45:00,0.35813035,12.4
2026-03-21 08:50:00,0.35809156,12.4
2026-03-21 08:55:00,0.35797519,12.4
2026-03-21 09:00:00,0.35828551,12.4
2026-03-21 09:05:00,0.35813035,12.5
2026-03-21 09:10:00,0.35828551,12.5
2026-03-21 09:15:00,0.35816914,12.5
2026-03-21 09:20:00,0.35820793,12.46
2026-03-21 09:25:00,0.35809156,12.4
2026-03-21 09:30:00,0.35797519,12.4
2026-03-21 09:35:00,0.35816914,12.4
2026-03-21 09:40:00,0.35828551,12.4
2026-03-21 09:45:00,0.35813035,12.4
2026-03-21 09:50:00,0.35820793,12.34
2026-03-21 09:55:00,0.35840188,12.3
2026-03-21 10:00:00,0.35824672,12.3
2026-03-21 10:05:00,0.35851825,12.24
2026-03-21 10:10:00,0.35816914,12.2
2026-03-21 10:15:00,0.35844067,12.2
2026-03-21 10:20:00,0.3583243,12.1
2026-03-21 10:25:00,0.35847946,12.1
2026-03-21 10:30:00,0.35840188,12.04
2026-03-21 10:35:00,0.35820793,12.0
2026-03-21 10:40:00,0.35844067,11.98
2026-03-21 10:45:00,0.35820793,11.9
2026-03-21 10:50:00,0.35863462,11.88
2026-03-21 10:55:00,0.35859583,11.8
2026-03-21 11:00:00,0.35851825,11.76
2026-03-21 11:05:00,0.35863462,11.7
2026-03-21 11:10:00,0.35844067,11.64
2026-03-21 11:15:00,0.35886736,11.6
2026-03-21 11:20:00,0.35875099,11.54
2026-03-21 11:25:00,0.3587122,11.5
2026-03-21 11:30:00,0.35867341,11.4
2026-03-21 11:35:00,0.35882857,11.36
2026-03-21 11:40:00,0.35886736,11.3
2026-03-21 11:45:00,0.3587122,11.24
2026-03-21 11:50:00,0.35878978,11.2
2026-03-21 11:55:00,0.35898373,11.1
2026-03-21 12:00:00,0.35886736,11.08
2026-03-21 12:05:00,0.35906131,11.0
2026-03-21 12:10:00,0.35906131,10.96
2026-03-21 12:15:00,0.35921647,10.9
2026-03-21 12:20:00,0.35906131,10.82
2026-03-21 12:25:00,0.35925526,10.8
2026-03-21 12:30:00,0.35925526,10.7
2026-03-21 12:35:00,0.35921647,10.66
2026-03-21 12:40:00,0.35941042,10.6
2026-03-21 12:45:00,0.35952679,10.52
2026-03-21 12:50:00,0.35956558,10.5
2026-03-21 12:55:00,0.35952679,10.4
2026-03-21 13:00:00,0.35964316,10.38
2026-03-21 13:05:00,0.35979832,10.3
2026-03-21 13:10:00,0.35956558,10.26
2026-03-21 13:15:00,0.35979832,10.2
2026-03-21 13:20:00,0.35979832,10.14
2026-03-21 13:25:00,0.35983711,10.1
2026-03-21 13:30:00,0.35991469,10.02
2026-03-21 13:35:00,0.3598759,10.0
2026-03-21 13:40:00,0.35983711,9.9
2026-03-21 13:45:00,0.35995348,9.88
2026-03-21 13:50:00,0.36006985,9.8
2026-03-21 13:55:00,0.36022501,9.76
2026-03-21 14:00:00,0.35991469,9.7
2026-03-21 14:05:00,0.36018622,9.64
2026-03-21 14:10:00,0.36018622,9.6
2026-03-21 14:15:00,0.3602638,9.54
2026-03-21 14:20:00,0.36014743,9.5
2026-03-21 14:25:00,0.36038017,9.42
2026-03-21 14:30:00,0.36038017,9.4
2026-03-21 14:35:00,0.36030259,9.32
2026-03-21 14:40:00,0.36041896,9.3
2026-03-21 14:45:00,0.36030259,9.22
2026-03-21 14:50:00,0.36057412,9.2
2026-03-21 14:55:00,0.36053533,9.1
2026-03-21 15:00:00,0.36057412,9.1
2026-03-21 15:05:00,0.36069049,9.02
2026-03-21 15:10:00,0.36053533,9.0
2026-03-21 15:15:00,0.36049654,8.92
2026-03-21 15:20:00,0.36088444,8.9
2026-03-21 15:25:00,0.36072928,8.84
2026-03-21 15:30:00,0.36061291,8.8
2026-03-21 15:35:00,0.36088444,8.78
2026-03-21 15:40:00,0.36076807,8.7
2026-03-21 15:45:00,0.36092323,8.7
2026-03-21 15:50:00,0.36092323,8.66
2026-03-21 15:55:00,0.36111718,8.6
2026-03-21 16:00:00,0.36076807,8.58
2026-03-21 16:05:00,0.36088444,8.5
2026-03-21 16:10:00,0.36080686,8.5
2026-03-21 16:15:00,0.36084565,8.44
2026-03-21 16:20:00,0.36092323,8.4
2026-03-21 16:25:00,0.36080686,8.4
2026-03-21 16:30:00,0.3610396,8.32
2026-03-21 16:35:00,0.36107839,8.3
2026-03-21 16:40:00,0.36088444,8.3
2026-03-21 16:45:00,0.36119476,8.2
2026-03-21 16:50:00,0.36096202,8.2
2026-03-21 16:55:00,0.36096202,8.18
2026-03-21 17:00:00,0.3610396,8.1
2026-03-21 17:05:00,0.36100081,8.1
2026-03-21 17:10:00,0.36111718,8.08
2026-03-21 17:15:00,0.36131113,8.0
2026-03-21 17:20:00,0.3614275,8.0
2026-03-21 17:25:00,0.36123355,7.98
2026-03-21 17:30:00,0.36123355,7.9
2026-03-21 17:35:00,0.36138871,7.9
2026-03-21 17:40:00,0.36146629,7.9
2026-03-21 17:45:00,0.36158266,7.8
2026-03-21 17:50:00,0.36134992,7.8
2026-03-21 17:55:00,0.36138871,7.8
2026-03-21 18:00:00,0.36166024,7.76
2026-03-21 18:05:00,0.36154387,7.7
2026-03-21 18:10:00,0.36146629,7.7
2026-03-21 18:15:00,0.36138871,7.7
2026-03-21 18:20:00,0.36173782,7.66
2026-03-21 18:25:00,0.3614275,7.6
2026-03-21 18:30:00,0.36162145,7.6
2026-03-21 18:35:00,0.36162145,7.6
2026-03-21 18:40:00,0.36189298,7.5
2026-03-21 18:45:00,0.36173782,7.5
2026-03-21 18:50:00,0.36146629,7.5
2026-03-21 18:55:00,0.36150508,7.5
2026-03-21 19:00:00,0.36162145,7.42
2026-03-21 19:05:00,0.36177661,7.4
2026-03-21 19:10:00,0.36169903,7.4
2026-03-21 19:15:00,0.36169903,7.4
2026-03-21 19:20:00,0.3618154,7.4
2026-03-21 19:25:00,0.36158266,7.3
2026-03-21 19:30:00,0.36197056,7.3
2026-03-21 19:35:00,0.36200935,7.3
2026-03-21 19:40:00,0.36173782,7.3
2026-03-21 19:45:00,0.36200935,7.28
2026-03-21 19:50:00,0.36166024,7.2
2026-03-21 19:55:00,0.36162145,7.2
2026-03-21 20:00:00,0.36208693,7.2
2026-03-21 20:05:00,0.36197056,7.2
2026-03-21 20:10:00,0.36200935,7.2
2026-03-21 20:15:00,0.36158266,7.12
2026-03-21 20:20:00,0.36212572,7.1
2026-03-21 20:25:00,0.36200935,7.1
2026-03-21 20:30:00,0.36208693,7.1
2026-03-21 20:35:00,0.36193177,7.1
2026-03-21 20:40:00,0.36185419,7.04
2026-03-21 20:45:00,0.36185419,7.0
2026-03-21 20:50:00,0.36200935,7.0
2026-03-21 20:55:00,0.36200935,7.0
2026-03-21 21:00:00,0.36200935,7.0
2026-03-21 21:05:00,0.3622033,7.0
2026-03-21 21:10:00,0.36204814,6.9
2026-03-21 21:15:00,0.36224209,6.9
2026-03-21 21:20:00,0.36208693,6.9
2026-03-21 21:25:00,0.36204814,6.9
2026-03-21 21:30:00,0.36216451,6.9
2026-03-21 21:35:00,0.36193177,6.86
2026-03-21 21:40:00,0.3622033,6.8
2026-03-21 21:45:00,0.36185419,6.8
2026-03-21 21:50:00,0.36204814,6.8
2026-03-21 21:55:00,0.36212572,6.8
2026-03-21 22:00:00,0.3622033,6.8
2026-03-21 22:05:00,0.3622033,6.72
2026-03-21 22:10:00,0.36189298,6.7
2026-03-21 22:15:00,0.36197056,6.7
2026-03-21 22:20:00,0.36193177,6.7
2026-03-21 22:25:00,0.36231967,6.7
2026-03-21 22:30:00,0.36216451,6.66
2026-03-21 22:35:00,0.36235846,6.6
2026-03-21 22:40:00,0.36228088,6.6
2026-03-21 22:45:00,0.36224209,6.6
2026-03-21 22:50:00,0.36197056,6.6
2026-03-21 22:55:00,0.36228088,6.6
2026-03-21 23:00:00,0.36212572,6.6
2026-03-21 23:05:00,0.36212572,6.5
2026-03-21 23:10:00,0.36208693,6.5
2026-03-21 23:15:00,0.36197056,6.5
2026-03-21 23:20:00,0.3622033,6.5
2026-03-21 23:25:00,0.36204814,6.5
2026-03-21 23:30:00,0.3622033,6.5
2026-03-21 23:35:00,0.36212572,6.5
2026-03-21 23:40:00,0.36185419,6.5
2026-03-21 23:45:00,0.3622033,6.5
2026-03-21 23:50:00,0.36208693,6.5
2026-03-21 23:55:00,0.36200935,6.5
2026-03-22 00:00:00,0.36185419,6.5
2026-03-22 00:05:00,0.36204814,6.5
2026-03-22 00:10:00,0.36208693,6.5
2026-03-22 00:15:00,0.36208693,6.5
2026-03-22 00:20:00,0.36177661,6.5
2026-03-22 00:25:00,0.36212572,6.5
2026-03-22 00:30:00,0.36204814,6.5
2026-03-22 00:35:00,0.3622033,6.52
2026-03-22 00:40:00,0.36197056,6.6
2026-03-22 00:45:00,0.36177661,6.6
2026-03-22 00:50:00,0.3618154,6.6
2026-03-22 00:55:00,0.36177661,6.6
2026-03-22 01:00:00,0.36193177,6.6
2026-03-22 01:05:00,0.36177661,6.62
2026-03-22 01:10:00,0.36189298,6.7
2026-03-22 01:15:00,0.36154387,6.7
2026-03-22 01:20:00,0.3614275,6.7
2026-03-22 01:25:00,0.36154387,6.74
2026-03-22 01:30:00,0.36158266,6.8
2026-03-22 01:35:00,0.36162145,6.8
2026-03-22 01:40:00,0.36146629,6.82
2026-03-22 01:45:00,0.36146629,6.9
2026-03-22 01:50:00,0.36138871,6.9
2026-03-22 01:55:00,0.36134992,6.92
2026-03-22 02:00:00,0.36123355,7.0
2026-03-22 02:05:00,0.3610396,7.0
2026-03-22 02:10:00,0.36107839,7.06
2026-03-22 02:15:00,0.36115597,7.1
2026-03-22 02:20:00,0.36076807,7.12
2026-03-22 02:25:00,0.36107839,7.2
2026-03-22 02:30:00,0.36096202,7.2
2026-03-22 02:35:00,0.36080686,7.26
2026-03-22 02:40:00,0.36092323,7.3
2026-03-22 02:45:00,0.36072928,7.34
2026-03-22 02:50:00,0.36080686,7.4
2026-03-22 02:55:00,0.36038017,7.4
2026-03-22 03:00:00,0.36034138,7.5
2026-03-22 03:05:00,0.36061291,7.5
2026-03-22 03:10:00,0.36030259,7.58
2026-03-22 03:15:00,0.36034138,7.6
2026-03-22 03:20:00,0.36014743,7.7
2026-03-22 03:25:00,0.36014743,7.7
2026-03-22 03:30:00,0.35991469,7.8
2026-03-22 03:35:00,0.3598759,7.82
2026-03-22 03:40:00,0.35975953,7.9
2026-03-22 03:45:00,0.35979832,7.96
2026-03-22 03:50:00,0.35991469,8.02
2026-03-22 03:55:00,0.35956558,8.1
2026-03-22 04:00:00,0.35952679,8.18
2026-03-22 04:05:00,0.35937163,8.24
2026-03-22 04:10:00,0.35913889,8.3
2026-03-22 04:15:00,0.35921647,8.38
2026-03-22 04:20:00,0.35898373,8.44
2026-03-22 04:25:00,0.35917768,8.5
2026-03-22 04:30:00,0.35875099,8.6
2026-03-22 04:35:00,0.35859583,8.68
2026-03-22 04:40:00,0.35847946,8.72
2026-03-22 04:45:00,0.35844067,8.8
2026-03-22 04:50:00,0.35863462,8.9
2026-03-22 04:55:00,0.35816914,8.98
2026-03-22 05:00:00,0.35824672,9.08
2026-03-22 05:05:00,0.35816914,9.16
2026-03-22 05:10:00,0.35801398,9.26
2026-03-22 05:15:00,0.35778124,9.36
2026-03-22 05:20:00,0.35770366,9.46
2026-03-22 05:25:00,0.35762608,9.56
2026-03-22 05:30:00,0.35747092,9.66
2026-03-22 05:35:00,0.3571606,9.76
2026-03-22 05:40:00,0.3571606,9.88
2026-03-22 05:45:00,0.35700544,9.98
2026-03-22 05:50:00,0.35669512,10.1
2026-03-22 05:55:00,0.35673391,10.2
2026-03-22 06:00:00,0.35673391,10.3
2026-03-22 06:05:00,0.3563848,10.4
2026-03-22 06:10:00,0.3563848,10.5
2026-03-22 06:15:00,0.35615206,10.6
2026-03-22 06:20:00,0.3559969,10.7
2026-03-22 06:25:00,0.35591932,10.8
2026-03-22 06:30:00,0.35568658,10.9
2026-03-22 06:35:00,0.35553142,10.98
2026-03-22 06:40:00,0.35564779,11.08
2026-03-22 06:45:00,0.35553142,11.16
2026-03-22 06:50:00,0.35533747,11.26
2026-03-22 06:55:00,0.35518231,11.34
2026-03-22 07:00:00,0.35506594,11.44
2026-03-22 07:05:00,0.35518231,11.52
2026-03-22 07:10:00,0.3548332,11.6
2026-03-22 07:15:00,0.35487199,11.7
2026-03-22 07:20:00,0.35502715,11.78
2026-03-22 07:25:00,0.35467804,11.84
2026-03-22 07:30:00,0.35479441,11.92
2026-03-22 07:35:00,0.35467804,12.0
2026-03-22 07:40:00,0.35471683,12.06
2026-03-22 07:45:00,0.3544453,12.12
2026-03-22 07:50:00,0.35448409,12.2
2026-03-22 07:55:00,0.35425135,12.26
2026-03-22 08:00:00,0.35409619,12.3
2026-03-22 08:05:00,0.35440651,12.4
2026-03-22 08:10:00,0.35425135,12.42
2026-03-22 08:15:00,0.3540574,12.5
2026-03-22 08:20:00,0.35409619,12.5
2026-03-22 08:25:00,0.35397982,12.6
2026-03-22 08:30:00,0.35382466,12.6
2026-03-22 08:35:00,0.35378587,12.64
2026-03-22 08:40:00,0.35374708,12.7
2026-03-22 08:45:00,0.35386345,12.7
2026-03-22 08:50:00,0.35374708,12.7
2026-03-22 08:55:00,0.35390224,12.74
2026-03-22 09:00:00,0.35382466,12.8
2026-03-22 09:05:00,0.3536695,12.8
2026-03-22 09:10:00,0.35359192,12.8
2026-03-22 09:15:00,0.35382466,12.8
2026-03-22 09:20:00,0.35370829,12.8
2026-03-22 09:25:00,0.3536695,12.8
2026-03-22 09:30:00,0.35363071,12.8
2026-03-22 09:35:00,0.35363071,12.72
2026-03-22 09:40:00,0.35390224,12.7
2026-03-22 09:45:00,0.35382466,12.7
2026-03-22 09:50:00,0.35359192,12.7
2026-03-22 09:55:00,0.35359192,12.7
2026-03-22 10:00:00,0.35374708,12.6
2026-03-22 10:05:00,0.35378587,12.6
2026-03-22 10:10:00,0.35390224,12.6
2026-03-22 10:15:00,0.35382466,12.52
2026-03-22 10:20:00,0.35397982,12.5
2026-03-22 10:25:00,0.35390224,12.48
2026-03-22 10:30:00,0.35397982,12.4
2026-03-22 10:35:00,0.35413498,12.4
2026-03-22 10:40:00,0.35397982,12.32
2026-03-22 10:45:00,0.35421256,12.3
2026-03-22 10:50:00,0.35386345,12.22
2026-03-22 10:55:00,0.35417377,12.2
2026-03-22 11:00:00,0.35413498,12.12
2026-03-22 11:05:00,0.35421256,12.1
2026-03-22 11:10:00,0.35413498,12.02
2026-03-22 11:15:00,0.35440651,12.0
2026-03-22 11:20:00,0.35425135,11.94
2026-03-22 11:25:00,0.35417377,11.9
2026-03-22 11:30:00,0.35436772,11.82
2026-03-22 11:35:00,0.35429014,11.8
2026-03-22 11:40:00,0.35440651,11.72
2026-03-22 11:45:00,0.35429014,11.7
2026-03-22 11:50:00,0.35432893,11.6
2026-03-22 11:55:00,0.3544453,11.58
2026-03-22 12:00:00,0.35440651,11.5
2026-03-22 12:05:00,0.35448409,11.46
2026-03-22 12:10:00,0.35467804,11.4
2026-03-22 12:15:00,0.35460046,11.34
2026-03-22 12:20:00,0.35479441,11.3
2026-03-22 12:25:00,0.35471683,11.22
2026-03-22 12:30:00,0.3548332,11.2
2026-03-22 12:35:00,0.35487199,11.1
2026-03-22 12:40:00,0.35487199,11.08
2026-03-22 12:45:00,0.35494957,11.0
2026-03-22 12:50:00,0.35487199,10.98
2026-03-22 12:55:00,0.35498836,10.9
2026-03-22 13:00:00,0.35506594,10.86
2026-03-22 13:05:00,0.35498836,10.8
2026-03-22 13:10:00,0.35494957,10.76
2026-03-22 13:15:00,0.35518231,10.7
2026-03-22 13:20:00,0.35510473,10.66
2026-03-22 13:25:00,0.35533747,10.6
2026-03-22 13:30:00,0.35545384,10.54
2026-03-22 13:35:00,0.35541505,10.5
2026-03-22 13:40:00,0.3552211,10.44
2026-03-22 13:45:00,0.35545384,10.4
2026-03-22 13:50:00,0.35533747,10.34
2026-03-22 13:55:00,0.35584174,10.3
2026-03-22 14:00:00,0.35553142,10.24
2026-03-22 14:05:00,0.355609,10.2
2026-03-22 14:10:00,0.35553142,10.16
2026-03-22 14:15:00,0.35564779,10.1
2026-03-22 14:20:00,0.35557021,10.06
2026-03-22 14:25:00,0.35564779,10.0
2026-03-22 14:30:00,0.35572537,9.98
2026-03-22 14:35:00,0.35576416,9.9
2026-03-22 14:40:00,0.35576416,9.86
2026-03-22 14:45:00,0.35584174,9.8
2026-03-22 14:50:00,0.35595811,9.78
2026-03-22 14:55:00,0.35584174,9.7
2026-03-22 15:00:00,0.35607448,9.7
2026-03-22 15:05:00,0.35588053,9.6
2026-03-22 15:10:00,0.35619085,9.6
2026-03-22 15:15:00,0.35584174,9.54
2026-03-22 15:20:00,0.35630722,9.5
2026-03-22 15:25:00,0.35615206,9.48
2026-03-22 15:30:00,0.35611327,9.4
2026-03-22 15:35:00,0.35630722,9.4
2026-03-22 15:40:00,0.35619085,9.32
2026-03-22 15:45:00,0.35619085,9.3
2026-03-22 15:50:00,0.35646238,9.26
2026-03-22 15:55:00,0.35626843,9.2
2026-03-22 16:00:00,0.35626843,9.2
2026-03-22 16:05:00,0.35630722,9.12
2026-03-22 16:10:00,0.35619085,9.1
2026-03-22 16:15:00,0.35634601,9.06
2026-03-22 16:20:00,0.35650117,9.0
2026-03-22 16:25:00,0.35673391,9.0
2026-03-22 16:30:00,0.3567727,8.92
2026-03-22 16:35:00,0.3563848,8.9
2026-03-22 16:40:00,0.35650117,8.88
2026-03-22 16:45:00,0.35646238,8.8
2026-03-22 16:50:00,0.35669512,8.8
2026-03-22 16:55:00,0.35650117,8.74
2026-03-22 17:00:00,0.3563848,8.7
2026-03-22 17:05:00,0.35653996,8.7
2026-03-22 17:10:00,0.35685028,8.66
2026-03-22 17:15:00,0.35681149,8.6
2026-03-22 17:20:00,0.35673391,8.6
2026-03-22 17:25:00,0.35657875,8.52
2026-03-22 17:30:00,0.35712181,8.5
2026-03-22 17:35:00,0.35681149,8.5
2026-03-22 17:40:00,0.35692786,8.4
2026-03-22 17:45:00,0.35669512,8.4
2026-03-22 17:50:00,0.35696665,8.36
2026-03-22 17:55:00,0.35685028,8.3
2026-03-22 18:00:00,0.35692786,8.3
2026-03-22 18:05:00,0.35700544,8.24
2026-03-22 18:10:00,0.35688907,8.2
2026-03-22 18:15:00,0.35708302,8.2
2026-03-22 18:20:00,0.35688907,8.12
2026-03-22 18:25:00,0.35723818,8.1
2026-03-22 18:30:00,0.35696665,8.1
2026-03-22 18:35:00,0.3571606,8.0
2026-03-22 18:40:00,0.35712181,8.0
2026-03-22 18:45:00,0.35719939,7.96
2026-03-22 18:50:00,0.35704423,7.9
2026-03-22 18:55:00,0.3571606,7.9
2026-03-22 19:00:00,0.35719939,7.86
2026-03-22 19:05:00,0.35750971,7.8
2026-03-22 19:10:00,0.35727697,7.8
2026-03-22 19:15:00,0.35750971,7.74
2026-03-22 19:20:00,0.35743213,7.7
2026-03-22 19:25:00,0.35743213,7.7
2026-03-22 19:30:00,0.3575485,7.66
2026-03-22 19:35:00,0.35774245,7.6
2026-03-22 19:40:00,0.35743213,7.6
2026-03-22 19:45:00,0.35747092,7.52
2026-03-22 19:50:00,0.35758729,7.5
2026-03-22 19:55:00,0.35747092,7.5
2026-03-22 20:00:00,0.35747092,7.46
2026-03-22 20:05:00,0.35766487,7.4
2026-03-22 20:10:00,0.35758729,7.4
2026-03-22 20:15:00,0.35770366,7.38
2026-03-22 20:20:00,0.3575485,7.3
2026-03-22 20:25:00,0.35778124,7.3
2026-03-22 20:30:00,0.35789761,7.3
2026-03-22 20:35:00,0.35778124,7.22
2026-03-22 20:40:00,0.35797519,7.2
2026-03-22 20:45:00,0.35785882,7.2
2026-03-22 20:50:00,0.35813035,7.16
2026-03-22 20:55:00,0.35805277,7.1
2026-03-22 21:00:00,0.35805277,7.1
2026-03-22 21:05:00,0.35813035,7.08
2026-03-22 21:10:00,0.35809156,7.0
2026-03-22 21:15:00,0.3583243,7.0
2026-03-22 21:20:00,0.35805277,7.0
2026-03-22 21:25:00,0.35805277,6.94
2026-03-22 21:30:00,0.35805277,6.9
2026-03-22 21:35:00,0.35828551,6.9
2026-03-22 21:40:00,0.3583243,6.9
2026-03-22 21:45:00,0.35820793,6.8
2026-03-22 21:50:00,0.35836309,6.8
2026-03-22 21:55:00,0.35824672,6.8
2026-03-22 22:00:00,0.35828551,6.78
2026-03-22 22:05:00,0.35813035,6.7
2026-03-22 22:10:00,0.35844067,6.7
2026-03-22 22:15:00,0.35813035,6.7
2026-03-22 22:20:00,0.35824672,6.62
2026-03-22 22:25:00,0.35820793,6.6
2026-03-22 22:30:00,0.35863462,6.6
2026-03-22 22:35:00,0.35828551,6.6
2026-03-22 22:40:00,0.35851825,6.5
2026-03-22 22:45:00,0.35847946,6.5
2026-03-22 22:50:00,0.35855704,6.5
2026-03-22 22:55:00,0.3583243,6.5
2026-03-22 23:00:00,0.35840188,6.42
2026-03-22 23:05:00,0.35847946,6.4
2026-03-22 23:10:00,0.35859583,6.4
2026-03-22 23:15:00,0.35855704,6.4
2026-03-22 23:20:00,0.35859583,6.4
2026-03-22 23:25:00,0.35836309,6.3
2026-03-22 23:30:00,0.35847946,6.3
2026-03-22 23:35:00,0.35863462,6.3
2026-03-22 23:40:00,0.35840188,6.3
2026-03-22 23:45:00,0.35863462,6.3
2026-03-22 23:50:00,0.35863462,6.24
2026-03-22 23:55:00,0.35847946,6.2
2026-03-23 00:00:00,0.35847946,6.2
2026-03-23 00:05:00,0.35859583,6.2
2026-03-23 00:10:00,0.35863462,6.2
2026-03-23 00:15:00,0.35847946,6.2
2026-03-23 00:20:00,0.35847946,6.2
2026-03-23 00:25:00,0.35851825,6.2
2026-03-23 00:30:00,0.35863462,6.2
2026-03-23 00:35:00,0.35859583,6.2
2026-03-23 00:40:00,0.35859583,6.2
2026-03-23 00:45:00,0.35844067,6.2
2026-03-23 00:50:00,0.35844067,6.12
2026-03-23 00:55:00,0.35847946,6.18
2026-03-23 01:00:00,0.35855704,6.2
2026-03-23 01:05:00,0.35828551,6.2
2026-03-23 01:10:00,0.35859583,6.2
2026-03-23 01:15:00,0.35855704,6.2
2026-03-23 01:20:00,0.35836309,6.2
2026-03-23 01:25:00,0.3579364,6.2
2026-03-23 01:30:00,0.3583243,6.2
2026-03-23 01:35:00,0.35828551,6.2
2026-03-23 01:40:00,0.35840188,6.26
2026-03-23 01:45:00,0.35816914,6.3
2026-03-23 01:50:00,0.35805277,6.3
2026-03-23 01:55:00,0.35813035,6.3
2026-03-23 02:00:00,0.35820793,6.4
2026-03-23 02:05:00,0.35785882,6.4
2026-03-23 02:10:00,0.35785882,6.42
2026-03-23 02:15:00,0.35778124,6.5
2026-03-23 02:20:00,0.35750971,6.5
2026-03-23 02:25:00,0.35774245,6.6
2026-03-23 02:30:00,0.35770366,6.6
2026-03-23 02:35:00,0.35747092,6.7
2026-03-23 02:40:00,0.35743213,6.74
2026-03-23 02:45:00,0.35712181,6.8
2026-03-23 02:50:00,0.35739334,6.86
2026-03-23 02:55:00,0.3571606,6.9
2026-03-23 03:00:00,0.35723818,6.98
2026-03-23 03:05:00,0.35696665,7.0
2026-03-23 03:10:00,0.35688907,7.1
2026-03-23 03:15:00,0.35704423,7.16
2026-03-23 03:20:00,0.35665633,7.2
2026-03-23 03:25:00,0.35661754,7.28
2026-03-23 03:30:00,0.35653996,7.34
2026-03-23 03:35:00,0.35646238,7.4
2026-03-23 03:40:00,0.35622964,7.48
2026-03-23 03:45:00,0.35611327,7.54
2026-03-23 03:50:00,0.35615206,7.62
2026-03-23 03:55:00,0.35607448,7.7
2026-03-23 04:00:00,0.35564779,7.78
2026-03-23 04:05:00,0.35549263,7.86
2026-03-23 04:10:00,0.35568658,7.94
2026-03-23 04:15:00,0.35533747,8.0
2026-03-23 04:20:00,0.35533747,8.1
2026-03-23 04:25:00,0.35545384,8.18
2026-03-23 04:30:00,0.35514352,8.26
2026-03-23 04:35:00,0.35502715,8.34
2026-03-23 04:40:00,0.35460046,8.44
2026-03-23 04:45:00,0.35475562,8.52
2026-03-23 04:50:00,0.35460046,8.62
2026-03-23 04:55:00,0.35421256,8.7
2026-03-23 05:00:00,0.35425135,8.8
2026-03-23 05:05:00,0.3540574,8.9
2026-03-23 05:10:00,0.35397982,9.02
2026-03-23 05:15:00,0.35390224,9.12
2026-03-23 05:20:00,0.3536695,9.24
2026-03-23 05:25:00,0.35332039,9.36
2026-03-23 05:30:00,0.35339797,9.48
2026-03-23 05:35:00,0.35312644,9.62
2026-03-23 05:40:00,0.35316523,9.74
2026-03-23 05:45:00,0.35285491,9.86
2026-03-23 05:50:00,0.3525058,9.98
2026-03-23 05:55:00,0.35246701,10.12
2026-03-23 06:00:00,0.35223427,10.24
2026-03-23 06:05:00,0.35238943,10.36
2026-03-23 06:10:00,0.35196274,10.48
2026-03-23 06:15:00,0.35180758,10.62
2026-03-23 06:20:00,0.35180758,10.74
2026-03-23 06:25:00,0.35161363,10.84
2026-03-23 06:30:00,0.35141968,10.96
2026-03-23 06:35:00,0.35145847,11.08
2026-03-23 06:40:00,0.35126452,11.18
2026-03-23 06:45:00,0.35122573,11.28
2026-03-23 06:50:00,0.35110936,11.4
2026-03-23 06:55:00,0.35079904,11.52
2026-03-23 07:00:00,0.3509542,11.6
2026-03-23 07:05:00,0.35087662,11.7
2026-03-23 07:10:00,0.35079904,11.8
2026-03-23 07:15:00,0.35072146,11.88
2026-03-23 07:20:00,0.35072146,11.98
2026-03-23 07:25:00,0.35033356,12.04
2026-03-23 07:30:00,0.35052751,12.1
2026-03-23 07:35:00,0.35013961,12.2
2026-03-23 07:40:00,0.35033356,12.26
2026-03-23 07:45:00,0.34998445,12.34
2026-03-23 07:50:00,0.35006203,12.4
2026-03-23 07:55:00,0.34998445,12.48
2026-03-23 08:00:00,0.34994566,12.52
2026-03-23 08:05:00,0.34986808,12.6
2026-03-23 08:10:00,0.3497905,12.64
2026-03-23 08:15:00,0.34967413,12.7
2026-03-23 08:20:00,0.34986808,12.74
2026-03-23 08:25:00,0.34963534,12.8
2026-03-23 08:30:00,0.34971292,12.84
2026-03-23 08:35:00,0.34959655,12.9
2026-03-23 08:40:00,0.34944139,12.9
2026-03-23 08:45:00,0.34928623,12.94
2026-03-23 08:50:00,0.3494026,13.0
2026-03-23 08:55:00,0.34963534,13.0
2026-03-23 09:00:00,0.34948018,13.0
2026-03-23 09:05:00,0.34944139,13.0
2026-03-23 09:10:00,0.3494026,13.02
2026-03-23 09:15:00,0.34936381,13.1
2026-03-23 09:20:00,0.34936381,13.1
2026-03-23 09:25:00,0.34932502,13.1
2026-03-23 09:30:00,0.34963534,13.1
2026-03-23 09:35:00,0.3494026,13.02
2026-03-23 09:40:00,0.34932502,13.0
2026-03-23 09:45:00,0.34936381,13.0
2026-03-23 09:50:00,0.34928623,13.0
2026-03-23 09:55:00,0.34944139,13.0
2026-03-23 10:00:00,0.34948018,13.0
2026-03-23 10:05:00,0.34951897,12.9
2026-03-23 10:10:00,0.34948018,12.9
2026-03-23 10:15:00,0.34963534,12.9
2026-03-23 10:20:00,0.34951897,12.84
2026-03-23 10:25:00,0.3497905,12.8
2026-03-23 10:30:00,0.34967413,12.8
2026-03-23 10:35:00,0.3497905,12.72
2026-03-23 10:40:00,0.3497905,12.7
2026-03-23 10:45:00,0.34967413,12.66
2026-03-23 10:50:00,0.3497905,12.6
2026-03-23 10:55:00,0.34994566,12.6
2026-03-23 11:00:00,0.3497905,12.5
2026-03-23 11:05:00,0.34986808,12.5
2026-03-23 11:10:00,0.34998445,12.42
2026-03-23 11:15:00,0.35006203,12.4
2026-03-23 11:20:00,0.35002324,12.32
2026-03-23 11:25:00,0.35029477,12.3
2026-03-23 11:30:00,0.35006203,12.22
2026-03-23 11:35:00,0.35029477,12.2
2026-03-23 11:40:00,0.34986808,12.12
2026-03-23 11:45:00,0.35025598,12.1
2026-03-23 11:50:00,0.35021719,12.02
2026-03-23 11:55:00,0.35048872,12.0
2026-03-23 12:00:00,0.35033356,11.94
2026-03-23 12:05:00,0.35029477,11.9
2026-03-23 12:10:00,0.35041114,11.82
2026-03-23 12:15:00,0.35029477,11.8
2026-03-23 12:20:00,0.35041114,11.72
2026-03-23 12:25:00,0.35025598,11.7
2026-03-23 12:30:00,0.35033356,11.62
2026-03-23 12:35:00,0.35060509,11.6
2026-03-23 12:40:00,0.35037235,11.52
2026-03-23 12:45:00,0.35060509,11.5
2026-03-23 12:50:00,0.35072146,11.4
2026-03-23 12:55:00,0.35060509,11.4
2026-03-23 13:00:00,0.3505663,11.3
2026-03-23 13:05:00,0.35099299,11.28
2026-03-23 13:10:00,0.35068267,11.2
2026-03-23 13:15:00,0.35079904,11.2
2026-03-23 13:20:00,0.35068267,11.1
2026-03-23 13:25:00,0.35076025,11.1
2026-03-23 13:30:00,0.3509542,11.0
2026-03-23 13:35:00,0.35103178,11.0
2026-03-23 13:40:00,0.35118694,10.9
2026-03-23 13:45:00,0.35087662,10.9
2026-03-23 13:50:00,0.35114815,10.82
2026-03-23 13:55:00,0.35107057,10.8
2026-03-23 14:00:00,0.35103178,10.74
2026-03-23 14:05:00,0.35099299,10.7
2026-03-23 14:10:00,0.35103178,10.64
2026-03-23 14:15:00,0.35126452,10.6
2026-03-23 14:20:00,0.35114815,10.56
2026-03-23 14:25:00,0.35130331,10.5
2026-03-23 14:30:00,0.35130331,10.48
2026-03-23 14:35:00,0.35130331,10.4
2026-03-23 14:40:00,0.35138089,10.4
2026-03-23 14:45:00,0.35153605,10.3
2026-03-23 14:50:00,0.35157484,10.3
2026-03-23 14:55:00,0.35161363,10.22
2026-03-23 15:00:00,0.35169121,10.2
2026-03-23 15:05:00,0.3513421,10.16
2026-03-23 15:10:00,0.35173,10.1
2026-03-23 15:15:00,0.35161363,10.1
2026-03-23 15:20:00,0.35161363,10.02
2026-03-23 15:25:00,0.35176879,10.0
2026-03-23 15:30:00,0.35173,9.96
2026-03-23 15:35:00,0.35169121,9.9
2026-03-23 15:40:00,0.35180758,9.88
2026-03-23 15:45:00,0.35184637,9.8
2026-03-23 15:50:00,0.35176879,9.8
2026-03-23 15:55:00,0.35192395,9.72
2026-03-23 16:00:00,0.35192395,9.7
2026-03-23 16:05:00,0.35200153,9.66
2026-03-23 16:10:00,0.35192395,9.6
2026-03-23 16:15:00,0.35196274,9.6
2026-03-23 16:20:00,0.35207911,9.52
2026-03-23 16:25:00,0.35204032,9.5
2026-03-23 16:30:00,0.35204032,9.48
2026-03-23 16:35:00,0.35223427,9.4
2026-03-23 16:40:00,0.35207911,9.4
2026-03-23 16:45:00,0.35207911,9.34
2026-03-23 16:50:00,0.35231185,9.3
2026-03-23 16:55:00,0.35231185,9.3
2026-03-23 17:00:00,0.35215669,9.22
2026-03-23 17:05:00,0.35215669,9.2
2026-03-23 17:10:00,0.35227306,9.18
2026-03-23 17:15:00,0.35231185,9.1
2026-03-23 17:20:00,0.35219548,9.1
2026-03-23 17:25:00,0.35235064,9.06
2026-03-23 17:30:00,0.35235064,9.0
2026-03-23 17:35:00,0.35258338,9.0
2026-03-23 17:40:00,0.35231185,8.94
2026-03-23 17:45:00,0.35238943,8.9
2026-03-23 17:50:00,0.35258338,8.9
2026-03-23 17:55:00,0.35231185,8.84
2026-03-23 18:00:00,0.35246701,8.8
2026-03-23 18:05:00,0.35304886,8.8
2026-03-23 18:10:00,0.35277733,8.74
2026-03-23 18:15:00,0.35269975,8.7
2026-03-23 18:20:00,0.35266096,8.7
2026-03-23 18:25:00,0.35269975,8.68
2026-03-23 18:30:00,0.35277733,8.6
2026-03-23 18:35:00,0.35285491,8.6
2026-03-23 18:40:00,0.3528937,8.6
2026-03-23 18:45:00,0.35273854,8.5
2026-03-23 18:50:00,0.35281612,8.5
2026-03-23 18:55:00,0.35269975,8.5
2026-03-23 19:00:00,0.35285491,8.42
2026-03-23 19:05:00,0.35293249,8.4
2026-03-23 19:10:00,0.35293249,8.4
2026-03-23 19:15:00,0.35297128,8.36
2026-03-23 19:20:00,0.35304886,8.3
2026-03-23 19:25:00,0.35285491,8.3
2026-03-23 19:30:00,0.3532816,8.3
2026-03-23 19:35:00,0.35293249,8.2
2026-03-23 19:40:00,0.35304886,8.2
2026-03-23 19:45:00,0.35316523,8.2
2026-03-23 19:50:00,0.3532816,8.12
2026-03-23 19:55:00,0.35304886,8.1
2026-03-23 20:00:00,0.35297128,8.1
2026-03-23 20:05:00,0.3532816,8.06
2026-03-23 20:10:00,0.35324281,8.0
2026-03-23 20:15:00,0.35335918,8.0
2026-03-23 20:20:00,0.35320402,8.0
2026-03-23 20:25:00,0.35335918,7.9
2026-03-23 20:30:00,0.35355313,7.9
2026-03-23 20:35:00,0.35320402,7.9
2026-03-23 20:40:00,0.35324281,7.86
2026-03-23 20:45:00,0.3532816,7.8
2026-03-23 20:50:00,0.35332039,7.8
2026-03-23 20:55:00,0.35339797,7.8
2026-03-23 21:00:00,0.35351434,7.72
2026-03-23 21:05:00,0.35320402,7.7
2026-03-23 21:10:00,0.3532816,7.7
2026-03-23 21:15:00,0.35370829,7.7
2026-03-23 21:20:00,0.35343676,7.62
2026-03-23 21:25:00,0.35382466,7.6
2026-03-23 21:30:00,0.35359192,7.6
2026-03-23 21:35:00,0.35343676,7.6
2026-03-23 21:40:00,0.35359192,7.54
2026-03-23 21:45:00,0.35355313,7.5
2026-03-23 21:50:00,0.35351434,7.5
2026-03-23 21:55:00,0.35347555,7.5
2026-03-23 22:00:00,0.35370829,7.5
2026-03-23 22:05:00,0.35409619,7.42
2026-03-23 22:10:00,0.35374708,7.4
2026-03-23 22:15:00,0.35382466,7.4
2026-03-23 22:20:00,0.35382466,7.4
2026-03-23 22:25:00,0.35351434,7.4
2026-03-23 22:30:00,0.35382466,7.38
2026-03-23 22:35:00,0.35378587,7.3
2026-03-23 22:40:00,0.35382466,7.3
2026-03-23 22:45:00,0.3536695,7.3
2026-03-23 22:50:00,0.35351434,7.3
2026-03-23 22:55:00,0.35397982,7.3
2026-03-23 23:00:00,0.35382466,7.26
2026-03-23 23:05:00,0.35363071,7.2
2026-03-23 23:10:00,0.35374708,7.2
2026-03-23 23:15:00,0.35386345,7.2
2026-03-23 23:20:00,0.35397982,7.2
2026-03-23 23:25:00,0.35394103,7.2
2026-03-23 23:30:00,0.35397982,7.2
2026-03-23 23:35:00,0.35409619,7.2
2026-03-23 23:40:00,0.35409619,7.2
2026-03-23 23:45:00,0.3536695,7.2
2026-03-23 23:50:00,0.35397982,7.2
2026-03-23 23:55:00,0.35401861,7.2
2026-03-24 00:00:00,0.35382466,7.2
2026-03-24 00:05:00,0.35401861,7.2
2026-03-24 00:10:00,0.35382466,7.2
2026-03-24 00:15:00,0.35390224,7.2
2026-03-24 00:20:00,0.35394103,7.2
2026-03-24 00:25:00,0.35382466,7.2
2026-03-24 00:30:00,0.35359192,7.2
2026-03-24 00:35:00,0.35374708,7.2
2026-03-24 00:40:00,0.35394103,7.2
2026-03-24 00:45:00,0.35382466,7.28
2026-03-24 00:50:00,0.35374708,7.3
2026-03-24 00:55:00,0.3536695,7.3
2026-03-24 01:00:00,0.35347555,7.3
2026-03-24 01:05:00,0.35359192,7.36
2026-03-24 01:10:00,0.35347555,7.4
2026-03-24 01:15:00,0.35351434,7.4
2026-03-24 01:20:00,0.35320402,7.42
2026-03-24 01:25:00,0.35316523,7.5
2026-03-24 01:30:00,0.3532816,7.5
2026-03-24 01:35:00,0.35304886,7.52
2026-03-24 01:40:00,0.35301007,7.6
2026-03-24 01:45:00,0.35304886,7.6
2026-03-24 01:50:00,0.3528937,7.68
2026-03-24 01:55:00,0.35281612,7.7
2026-03-24 02:00:00,0.35293249,7.74
2026-03-24 02:05:00,0.35277733,7.8
2026-03-24 02:10:00,0.35281612,7.84
2026-03-24 02:15:00,0.35235064,7.9
2026-03-24 02:20:00,0.35235064,7.96
2026-03-24 02:25:00,0.35223427,8.0
2026-03-24 02:30:00,0.35223427,8.08
2026-03-24 02:35:00,0.35242822,8.12
2026-03-24 02:40:00,0.35227306,8.2
2026-03-24 02:45:00,0.35219548,8.26
2026-03-24 02:50:00,0.35204032,8.3
2026-03-24 02:55:00,0.35192395,8.38
2026-03-24 03:00:00,0.35176879,8.42
2026-03-24 03:05:00,0.35188516,8.5
2026-03-24 03:10:00,0.35161363,8.56
2026-03-24 03:15:00,0.35130331,8.62
2026-03-24 03:20:00,0.35145847,8.68
2026-03-24 03:25:00,0.35110936,8.72
2026-03-24 03:30:00,0.35122573,8.8
2026-03-24 03:35:00,0.3513421,8.88
2026-03-24 03:40:00,0.3509542,8.94
2026-03-24 03:45:00,0.35076025,9.02
2026-03-24 03:50:00,0.3505663,9.1
2026-03-24 03:55:00,0.35048872,9.2
2026-03-24 04:00:00,0.35044993,9.28
2026-03-24 04:05:00,0.35033356,9.36
2026-03-24 04:10:00,0.35037235,9.44
2026-03-24 04:15:00,0.35006203,9.52
2026-03-24 04:20:00,0.35029477,9.6
2026-03-24 04:25:00,0.34998445,9.7
2026-03-24 04:30:00,0.34990687,9.78
2026-03-24 04:35:00,0.34998445,9.88
2026-03-24 04:40:00,0.34951897,9.96
2026-03-24 04:45:00,0.34963534,10.04
2026-03-24 04:50:00,0.34951897,10.12
2026-03-24 04:55:00,0.34932502,10.2
2026-03-24 05:00:00,0.34920865,10.3
2026-03-24 05:05:00,0.34909228,10.38
2026-03-24 05:10:00,0.34897591,10.46
2026-03-24 05:15:00,0.34913107,10.54
2026-03-24 05:20:00,0.34882075,10.62
2026-03-24 05:25:00,0.34866559,10.7
2026-03-24 05:30:00,0.34858801,10.8
2026-03-24 05:35:00,0.3482389,10.88
2026-03-24 05:40:00,0.34839406,10.96
2026-03-24 05:45:00,0.34820011,11.02
2026-03-24 05:50:00,0.34804495,11.1
2026-03-24 05:55:00,0.34804495,11.2
2026-03-24 06:00:00,0.34796737,11.26
2026-03-24 06:05:00,0.34796737,11.32
2026-03-24 06:10:00,0.34777342,11.4
2026-03-24 06:15:00,0.34765705,11.5
2026-03-24 06:20:00,0.34761826,11.56
2026-03-24 06:25:00,0.34750189,11.6
2026-03-24 06:30:00,0.34754068,11.7
2026-03-24 06:35:00,0.34761826,11.74
2026-03-24 06:40:00,0.34738552,11.8
2026-03-24 06:45:00,0.34750189,11.88
2026-03-24 06:50:00,0.34730794,11.92
2026-03-24 06:55:00,0.34734673,12.0
2026-03-24 07:00:00,0.34719157,12.0
2026-03-24 07:05:00,0.34719157,12.1
2026-03-24 07:10:00,0.34695883,12.1
2026-03-24 07:15:00,0.34711399,12.2
2026-03-24 07:20:00,0.34688125,12.2
2026-03-24 07:25:00,0.34688125,12.28
2026-03-24 07:30:00,0.34684246,12.3
2026-03-24 07:35:00,0.34695883,12.34
2026-03-24 07:40:00,0.34688125,12.4
2026-03-24 07:45:00,0.34684246,12.4
2026-03-24 07:50:00,0.34672609,12.4
2026-03-24 07:55:00,0.34688125,12.5
2026-03-24 08:00:00,0.3466873,12.5
2026-03-24 08:05:00,0.34633819,12.5
2026-03-24 08:10:00,0.34680367,12.5
2026-03-24 08:15:00,0.34672609,12.52
2026-03-24 08:20:00,0.34660972,12.6
2026-03-24 08:25:00,0.34680367,12.6
2026-03-24 08:30:00,0.34680367,12.6
2026-03-24 08:35:00,0.34664851,12.6
2026-03-24 08:40:00,0.34660972,12.6
2026-03-24 08:45:00,0.34660972,12.6
2026-03-24 08:50:00,0.34637698,12.6
2026-03-24 08:55:00,0.34672609,12.6
2026-03-24 09:00:00,0.34660972,12.6
2026-03-24 09:05:00,0.34664851,12.6
2026-03-24 09:10:00,0.34649335,12.6
2026-03-24 09:15:00,0.34641577,12.6
2026-03-24 09:20:00,0.34657093,12.6
2026-03-24 09:25:00,0.3466873,12.6
2026-03-24 09:30:00,0.34649335,12.6
2026-03-24 09:35:00,0.34645456,12.6
2026-03-24 09:40:00,0.34653214,12.6
2026-03-24 09:45:00,0.34664851,12.6
2026-03-24 09:50:00,0.34680367,12.54
2026-03-24 09:55:00,0.3466873,12.5
2026-03-24 10:00:00,0.34664851,12.5
2026-03-24 10:05:00,0.34664851,12.5
2026-03-24 10:10:00,0.34672609,12.5
2026-03-24 10:15:00,0.34657093,12.5
2026-03-24 10:20:00,0.3466873,12.48
2026-03-24 10:25:00,0.34676488,12.4
2026-03-24 10:30:00,0.34664851,12.4
2026-03-24 10:35:00,0.34684246,12.4
2026-03-24 10:40:00,0.34688125,12.4
2026-03-24 10:45:00,0.34695883,12.4
2026-03-24 10:50:00,0.34699762,12.3
2026-03-24 10:55:00,0.34672609,12.3
2026-03-24 11:00:00,0.34695883,12.3
2026-03-24 11:05:00,0.34715278,12.3
2026-03-24 11:10:00,0.34692004,12.2
2026-03-24 11:15:00,0.34695883,12.2
2026-03-24 11:20:00,0.34692004,12.2
2026-03-24 11:25:00,0.34692004,12.2
2026-03-24 11:30:00,0.34703641,12.12
2026-03-24 11:35:00,0.34680367,12.1
2026-03-24 11:40:00,0.34695883,12.1
2026-03-24 11:45:00,0.34719157,12.1
2026-03-24 11:50:00,0.34692004,12.04
2026-03-24 11:55:00,0.34703641,12.0
2026-03-24 12:00:00,0.34723036,12.0
2026-03-24 12:05:00,0.34711399,12.0
2026-03-24 12:10:00,0.34715278,12.0
2026-03-24 12:15:00,0.34726915,11.92
2026-03-24 12:20:00,0.34719157,11.9
2026-03-24 12:25:00,0.34719157,11.9
2026-03-24 12:30:00,0.34726915,11.9
2026-03-24 12:35:00,0.34734673,11.82
2026-03-24 12:40:00,0.34730794,11.8
2026-03-24 12:45:00,0.3470752,11.8
2026-03-24 12:50:00,0.34726915,11.8
2026-03-24 12:55:00,0.34734673,11.76
2026-03-24 13:00:00,0.34734673,11.7
2026-03-24 13:05:00,0.34742431,11.7
2026-03-24 13:10:00,0.34738552,11.7
2026-03-24 13:15:00,0.34715278,11.7
2026-03-24 13:20:00,0.34738552,11.62
2026-03-24 13:25:00,0.34719157,11.6
2026-03-24 13:30:00,0.34742431,11.6
2026-03-24 13:35:00,0.34719157,11.6
2026-03-24 13:40:00,0.34738552,11.6
2026-03-24 13:45:00,0.34738552,11.5
2026-03-24 13:50:00,0.3474631,11.5
2026-03-24 13:55:00,0.34734673,11.5
2026-03-24 14:00:00,0.34723036,11.5
2026-03-24 14:05:00,0.34738552,11.46
2026-03-24 14:10:00,0.34750189,11.4
2026-03-24 14:15:00,0.34754068,11.4
2026-03-24 14:20:00,0.34754068,11.4
2026-03-24 14:25:00,0.34757947,11.4
2026-03-24 14:30:00,0.34750189,11.34
2026-03-24 14:35:00,0.3474631,11.3
2026-03-24 14:40:00,0.34757947,11.3
2026-03-24 14:45:00,0.34742431,11.3
2026-03-24 14:50:00,0.34757947,11.3
2026-03-24 14:55:00,0.34773463,11.28
2026-03-24 15:00:00,0.34757947,11.2
2026-03-24 15:05:00,0.34742431,11.2
2026-03-24 15:10:00,0.34773463,11.2
2026-03-24 15:15:00,0.34754068,11.2
2026-03-24 15:20:00,0.34781221,11.2
2026-03-24 15:25:00,0.34757947,11.12
2026-03-24 15:30:00,0.34754068,11.1
2026-03-24 15:35:00,0.34757947,11.1
2026-03-24 15:40:00,0.34777342,11.1
2026-03-24 15:45:00,0.34769584,11.1
2026-03-24 15:50:00,0.34757947,11.1
2026-03-24 15:55:00,0.34781221,11.02
2026-03-24 16:00:00,0.34773463,11.0
2026-03-24 16:05:00,0.34773463,11.0
2026-03-24 16:10:00,0.34781221,11.0
2026-03-24 16:15:00,0.34792858,11.0
2026-03-24 16:20:00,0.34792858,11.0
2026-03-24 16:25:00,0.34765705,10.92
2026-03-24 16:30:00,0.34773463,10.9
2026-03-24 16:35:00,0.347851,10.9
2026-03-24 16:40:00,0.34777342,10.9
2026-03-24 16:45:00,0.34781221,10.9
2026-03-24 16:50:00,0.34777342,10.9
2026-03-24 16:55:00,0.34792858,10.9
2026-03-24 17:00:00,0.34769584,10.8
2026-03-24 17:05:00,0.347851,10.8
2026-03-24 17:10:00,0.34777342,10.8
2026-03-24 17:15:00,0.347851,10.8
2026-03-24 17:20:00,0.34773463,10.8
2026-03-24 17:25:00,0.34781221,10.8
2026-03-24 17:30:00,0.34792858,10.8
2026-03-24 17:35:00,0.34792858,10.72
2026-03-24 17:40:00,0.34792858,10.7
2026-03-24 17:45:00,0.347851,10.7
2026-03-24 17:50:00,0.34781221,10.7
2026-03-24 17:55:00,0.34808374,10.7
2026-03-24 18:00:00,0.34796737,10.7
2026-03-24 18:05:00,0.34808374,10.7
2026-03-24 18:10:00,0.34820011,10.66
2026-03-24 18:15:00,0.34796737,10.6
2026-03-24 18:20:00,0.34808374,10.6
2026-03-24 18:25:00,0.34792858,10.6
2026-03-24 18:30:00,0.347851,10.6
2026-03-24 18:35:00,0.34808374,10.6
2026-03-24 18:40:00,0.34808374,10.6
2026-03-24 18:45:00,0.34804495,10.6
2026-03-24 18:50:00,0.34812253,10.54
2026-03-24 18:55:00,0.34812253,10.5
2026-03-24 19:00:00,0.34808374,10.5
2026-03-24 19:05:00,0.34804495,10.5
2026-03-24 19:10:00,0.34808374,10.5
2026-03-24 19:15:00,0.34804495,10.5
2026-03-24 19:20:00,0.34812253,10.5
2026-03-24 19:25:00,0.34808374,10.5
2026-03-24 19:30:00,0.34816132,10.48
2026-03-24 19:35:00,0.34812253,10.4
2026-03-24 19:40:00,0.34808374,10.4
2026-03-24 19:45:00,0.34808374,10.4
2026-03-24 19:50:00,0.34827769,10.4
2026-03-24 19:55:00,0.34827769,10.4
2026-03-24 20:00:00,0.34812253,10.4
2026-03-24 20:05:00,0.34800616,10.4
2026-03-24 20:10:00,0.34820011,10.4
2026-03-24 20:15:00,0.34816132,10.38
2026-03-24 20:20:00,0.34812253,10.3
2026-03-24 20:25:00,0.34816132,10.3
2026-03-24 20:30:00,0.34835527,10.3
2026-03-24 20:35:00,0.34820011,10.3
2026-03-24 20:40:00,0.34827769,10.3
2026-03-24 20:45:00,0.34835527,10.3
2026-03-24 20:50:00,0.34839406,10.3
2026-03-24 20:55:00,0.3482389,10.3
2026-03-24 21:00:00,0.34820011,10.26
2026-03-24 21:05:00,0.34835527,10.2
2026-03-24 21:10:00,0.34816132,10.2
2026-03-24 21:15:00,0.34835527,10.2
2026-03-24 21:20:00,0.34839406,10.2
2026-03-24 21:25:00,0.34816132,10.2
2026-03-24 21:30:00,0.3482389,10.2
2026-03-24 21:35:00,0.34843285,10.2
2026-03-24 21:40:00,0.34827769,10.2
2026-03-24 21:45:00,0.34820011,10.2
2026-03-24 21:50:00,0.3482389,10.1
2026-03-24 21:55:00,0.34854922,10.1
2026-03-24 22:00:00,0.34854922,10.1
2026-03-24 22:05:00,0.34831648,10.1
2026-03-24 22:10:00,0.3482389,10.1
2026-03-24 22:15:00,0.3482389,10.1
2026-03-24 22:20:00,0.34847164,10.1
2026-03-24 22:25:00,0.34839406,10.1
2026-03-24 22:30:00,0.34820011,10.1
2026-03-24 22:35:00,0.3482389,10.1
2026-03-24 22:40:00,0.34843285,10.02
2026-03-24 22:45:00,0.34831648,10.0
2026-03-24 22:50:00,0.34835527,10.0
2026-03-24 22:55:00,0.34851043,10.0
2026-03-24 23:00:00,0.3482389,10.0
2026-03-24 23:05:00,0.34847164,10.0
2026-03-24 23:10:00,0.34831648,10.0
2026-03-24 23:15:00,0.34839406,10.0
2026-03-24 23:20:00,0.34835527,10.0
2026-03-24 23:25:00,0.34843285,10.0
2026-03-24 23:30:00,0.34854922,10.0
2026-03-24 23:35:00,0.34839406,10.0
2026-03-24 23:40:00,0.34835527,10.0
2026-03-24 23:45:00,0.34839406,10.0
2026-03-24 23:50:00,0.34827769,10.0
2026-03-24 23:55:00,0.34831648,10.0
2026-03-25 00:00:00,0.34854922,10.0
2026-03-25 00:05:00,0.34835527,10.0
2026-03-25 00:10:00,0.34827769,10.0
2026-03-25 00:15:00,0.3482389,10.0
2026-03-25 00:20:00,0.34835527,10.0
2026-03-25 00:25:00,0.34827769,10.0
2026-03-25 00:30:00,0.34835527,10.0
2026-03-25 00:35:00,0.34835527,10.02
2026-03-25 00:40:00,0.34812253,10.1
2026-03-25 00:45:00,0.34820011,10.1
2026-03-25 00:50:00,0.34839406,10.1
2026-03-25 00:55:00,0.34827769,10.1
2026-03-25 01:00:00,0.34808374,10.1
2026-03-25 01:05:00,0.34827769,10.1
2026-03-25 01:10:00,0.34816132,10.1
2026-03-25 01:15:00,0.34816132,10.1
2026-03-25 01:20:00,0.34808374,10.12
2026-03-25 01:25:00,0.34808374,10.2
2026-03-25 01:30:00,0.3482389,10.2
2026-03-25 01:35:00,0.34812253,10.2
2026-03-25 01:40:00,0.34796737,10.2
2026-03-25 01:45:00,0.34804495,10.2
2026-03-25 01:50:00,0.3482389,10.2
2026-03-25 01:55:00,0.34800616,10.28
2026-03-25 02:00:00,0.34792858,10.3
2026-03-25 02:05:00,0.34820011,10.3
2026-03-25 02:10:00,0.34800616,10.3
2026-03-25 02:15:00,0.34792858,10.32
2026-03-25 02:20:00,0.34781221,10.4
2026-03-25 02:25:00,0.34788979,10.4
2026-03-25 02:30:00,0.34788979,10.4
2026-03-25 02:35:00,0.34777342,10.4
2026-03-25 02:40:00,0.34788979,10.48
2026-03-25 02:45:00,0.34777342,10.5
2026-03-25 02:50:00,0.34773463,10.5
2026-03-25 02:55:00,0.34777342,10.5
2026-03-25 03:00:00,0.34773463,10.58
2026-03-25 03:05:00,0.34769584,10.6
2026-03-25 03:10:00,0.34754068,10.6
2026-03-25 03:15:00,0.34761826,10.64
2026-03-25 03:20:00,0.34761826,10.7
2026-03-25 03:25:00,0.3474631,10.7
2026-03-25 03:30:00,0.34734673,10.74
2026-03-25 03:35:00,0.34738552,10.8
2026-03-25 03:40:00,0.34726915,10.8
2026-03-25 03:45:00,0.34711399,10.86
2026-03-25 03:50:00,0.34742431,10.9
2026-03-25 03:55:00,0.34734673,10.92
2026-03-25 04:00:00,0.34726915,11.0
2026-03-25 04:05:00,0.34699762,11.0
2026-03-25 04:10:00,0.34711399,11.08
2026-03-25 04:15:00,0.34692004,11.1
2026-03-25 04:20:00,0.34684246,11.16
2026-03-25 04:25:00,0.34664851,11.2
2026-03-25 04:30:00,0.34660972,11.26
2026-03-25 04:35:00,0.34653214,11.3
2026-03-25 04:40:00,0.34633819,11.4
2026-03-25 04:45:00,0.34610545,11.44
2026-03-25 04:50:00,0.34622182,11.5
2026-03-25 04:55:00,0.34614424,11.6
2026-03-25 05:00:00,0.34598908,11.68
2026-03-25 05:05:00,0.34583392,11.74
2026-03-25 05:10:00,0.34567876,11.82
2026-03-25 05:15:00,0.3455236,11.92
2026-03-25 05:20:00,0.34532965,12.0
2026-03-25 05:25:00,0.34532965,12.08
2026-03-25 05:30:00,0.34529086,12.18
2026-03-25 05:35:00,0.34505812,12.28
2026-03-25 05:40:00,0.34501933,12.38
2026-03-25 05:45:00,0.34470901,12.48
2026-03-25 05:50:00,0.34482538,12.58
2026-03-25 05:55:00,0.34470901,12.68
2026-03-25 06:00:00,0.34439869,12.78
2026-03-25 06:05:00,0.3443599,12.88
2026-03-25 06:10:00,0.34416595,12.98
2026-03-25 06:15:00,0.343972,13.08
2026-03-25 06:20:00,0.343972,13.18
2026-03-25 06:25:00,0.34385563,13.28
2026-03-25 06:30:00,0.34366168,13.38
2026-03-25 06:35:00,0.34350652,13.48
2026-03-25 06:40:00,0.34342894,13.56
2026-03-25 06:45:00,0.34327378,13.66
2026-03-25 06:50:00,0.34315741,13.74
2026-03-25 06:55:00,0.34323499,13.82
2026-03-25 07:00:00,0.34304104,13.9
2026-03-25 07:05:00,0.34288588,13.98
2026-03-25 07:10:00,0.34276951,14.06
2026-03-25 07:15:00,0.34269193,14.12
2026-03-25 07:20:00,0.34261435,14.2
2026-03-25 07:25:00,0.34253677,14.28
2026-03-25 07:30:00,0.34245919,14.34
2026-03-25 07:35:00,0.34222645,14.4
2026-03-25 07:40:00,0.34222645,14.48
2026-03-25 07:45:00,0.34222645,14.5
2026-03-25 07:50:00,0.34218766,14.6
2026-03-25 07:55:00,0.34214887,14.6
2026-03-25 08:00:00,0.34207129,14.7
2026-03-25 08:05:00,0.34199371,14.7
2026-03-25 08:10:00,0.34187734,14.78
2026-03-25 08:15:00,0.34191613,14.8
2026-03-25 08:20:00,0.34179976,14.8
2026-03-25 08:25:00,0.34172218,14.9
2026-03-25 08:30:00,0.3416446,14.9
2026-03-25 08:35:00,0.34176097,14.9
2026-03-25 08:40:00,0.34168339,14.92
2026-03-25 08:45:00,0.34176097,15.0
2026-03-25 08:50:00,0.34168339,15.0
2026-03-25 08:55:00,0.34160581,15.0
2026-03-25 09:00:00,0.34176097,15.0
2026-03-25 09:05:00,0.34156702,15.0
2026-03-25 09:10:00,0.3416446,15.0
2026-03-25 09:15:00,0.34176097,15.0
2026-03-25 09:20:00,0.34156702,15.0
2026-03-25 09:25:00,0.34160581,15.0
2026-03-25 09:30:00,0.34168339,15.0
2026-03-25 09:35:00,0.34152823,15.0
2026-03-25 09:40:00,0.34172218,14.9
2026-03-25 09:45:00,0.34172218,14.9
2026-03-25 09:50:00,0.34160581,14.9
2026-03-25 09:55:00,0.34179976,14.9
2026-03-25 10:00:00,0.34183855,14.84
2026-03-25 10:05:00,0.34195492,14.8
2026-03-25 10:10:00,0.34191613,14.8
2026-03-25 10:15:00,0.34195492,14.74
2026-03-25 10:20:00,0.34199371,14.7
2026-03-25 10:25:00,0.34207129,14.7
2026-03-25 10:30:00,0.34195492,14.6
2026-03-25 10:35:00,0.34207129,14.6
2026-03-25 10:40:00,0.34211008,14.54
2026-03-25 10:45:00,0.34211008,14.5
2026-03-25 10:50:00,0.34222645,14.46
2026-03-25 10:55:00,0.34226524,14.4
2026-03-25 11:00:00,0.34230403,14.38
2026-03-25 11:05:00,0.34234282,14.3
2026-03-25 11:10:00,0.34226524,14.28
2026-03-25 11:15:00,0.3424204,14.2
2026-03-25 11:20:00,0.3424204,14.2
2026-03-25 11:25:00,0.34249798,14.1
2026-03-25 11:30:00,0.34261435,14.1
2026-03-25 11:35:00,0.34253677,14.02
2026-03-25 11:40:00,0.34253677,14.0
2026-03-25 11:45:00,0.34269193,13.92
2026-03-25 11:50:00,0.34261435,13.9
2026-03-25 11:55:00,0.3428083,13.82
2026-03-25 12:00:00,0.34276951,13.8
2026-03-25 12:05:00,0.34276951,13.72
2026-03-25 12:10:00,0.34261435,13.7
2026-03-25 12:15:00,0.34296346,13.64
2026-03-25 12:20:00,0.34296346,13.6
2026-03-25 12:25:00,0.34307983,13.54
2026-03-25 12:30:00,0.34307983,13.5
2026-03-25 12:35:00,0.34304104,13.46
2026-03-25 12:40:00,0.34296346,13.4
2026-03-25 12:45:00,0.34307983,13.36
2026-03-25 12:50:00,0.3431962,13.3
2026-03-25 12:55:00,0.34315741,13.26
2026-03-25 13:00:00,0.34335136,13.2
2026-03-25 13:05:00,0.3431962,13.18
2026-03-25 13:10:00,0.34331257,13.1
2026-03-25 13:15:00,0.34342894,13.08
2026-03-25 13:20:00,0.34362289,13.0
2026-03-25 13:25:00,0.34354531,13.0
2026-03-25 13:30:00,0.34350652,12.9
2026-03-25 13:35:00,0.34346773,12.9
2026-03-25 13:40:00,0.34339015,12.82
2026-03-25 13:45:00,0.34342894,12.8
2026-03-25 13:50:00,0.3435841,12.74
2026-03-25 13:55:00,0.34377805,12.7
2026-03-25 14:00:00,0.34366168,12.66
2026-03-25 14:05:00,0.34370047,12.6
2026-03-25 14:10:00,0.34385563,12.58
2026-03-25 14:15:00,0.34389442,12.5
2026-03-25 14:20:00,0.34385563,12.5
2026-03-25 14:25:00,0.34370047,12.4
2026-03-25 14:30:00,0.34389442,12.4
2026-03-25 14:35:00,0.34377805,12.32
2026-03-25 14:40:00,0.34385563,12.3
2026-03-25 14:45:00,0.343972,12.22
2026-03-25 14:50:00,0.34412716,12.2
2026-03-25 14:55:00,0.34420474,12.14
2026-03-25 15:00:00,0.34416595,12.1
2026-03-25 15:05:00,0.34408837,12.06
2026-03-25 15:10:00,0.34416595,12.0
2026-03-25 15:15:00,0.34416595,12.0
2026-03-25 15:20:00,0.34439869,11.94
2026-03-25 15:25:00,0.3443599,11.9
2026-03-25 15:30:00,0.34428232,11.86
2026-03-25 15:35:00,0.34412716,11.8
2026-03-25 15:40:00,0.34416595,11.8
2026-03-25 15:45:00,0.34432111,11.7
2026-03-25 15:50:00,0.34455385,11.7
2026-03-25 15:55:00,0.34455385,11.64
2026-03-25 16:00:00,0.34455385,11.6
2026-03-25 16:05:00,0.34447627,11.6
2026-03-25 16:10:00,0.34447627,11.5
2026-03-25 16:15:00,0.34447627,11.5
2026-03-25 16:20:00,0.34459264,11.42
2026-03-25 16:25:00,0.34451506,11.4
2026-03-25 16:30:00,0.34459264,11.36
2026-03-25 16:35:00,0.34467022,11.3
2026-03-25 16:40:00,0.34463143,11.3
2026-03-25 16:45:00,0.34463143,11.2
2026-03-25 16:50:00,0.34470901,11.2
2026-03-25 16:55:00,0.34478659,11.16
2026-03-25 17:00:00,0.3447478,11.1
2026-03-25 17:05:00,0.34494175,11.1
2026-03-25 17:10:00,0.3447478,11.02
2026-03-25 17:15:00,0.3447478,11.0
2026-03-25 17:20:00,0.34494175,11.0
2026-03-25 17:25:00,0.34478659,10.9
2026-03-25 17:30:00,0.34490296,10.9
2026-03-25 17:35:00,0.34501933,10.88
2026-03-25 17:40:00,0.34494175,10.8
2026-03-25 17:45:00,0.34509691,10.8
2026-03-25 17:50:00,0.34494175,10.76
2026-03-25 17:55:00,0.34517449,10.7
2026-03-25 18:00:00,0.34494175,10.7
2026-03-25 18:05:00,0.34505812,10.62
2026-03-25 18:10:00,0.34521328,10.6
2026-03-25 18:15:00,0.34509691,10.6
2026-03-25 18:20:00,0.34521328,10.5
2026-03-25 18:25:00,0.34525207,10.5
2026-03-25 18:30:00,0.3451357,10.5
2026-03-25 18:35:00,0.34525207,10.4
2026-03-25 18:40:00,0.34548481,10.4
2026-03-25 18:45:00,0.34536844,10.38
2026-03-25 18:50:00,0.34532965,10.3
2026-03-25 18:55:00,0.34536844,10.3
2026-03-25 19:00:00,0.34548481,10.28
2026-03-25 19:05:00,0.34536844,10.2
2026-03-25 19:10:00,0.34548481,10.2
2026-03-25 19:15:00,0.34540723,10.2
2026-03-25 19:20:00,0.3455236,10.1
2026-03-25 19:25:00,0.34556239,10.1
2026-03-25 19:30:00,0.34560118,10.1
2026-03-25 19:35:00,0.34560118,10.04
2026-03-25 19:40:00,0.34556239,10.0
2026-03-25 19:45:00,0.34560118,10.0
2026-03-25 19:50:00,0.34567876,9.98
2026-03-25 19:55:00,0.34556239,9.9
2026-03-25 20:00:00,0.34560118,9.9
2026-03-25 20:05:00,0.34583392,9.9
2026-03-25 20:10:00,0.34571755,9.8
2026-03-25 20:15:00,0.34583392,9.8
2026-03-25 20:20:00,0.3459115,9.8
2026-03-25 20:25:00,0.34587271,9.8
2026-03-25 20:30:00,0.34571755,9.72
2026-03-25 20:35:00,0.34571755,9.7
2026-03-25 20:40:00,0.34575634,9.7
2026-03-25 20:45:00,0.34583392,9.7
2026-03-25 20:50:00,0.34571755,9.7
2026-03-25 20:55:00,0.34587271,9.64
2026-03-25 21:00:00,0.34614424,9.6
2026-03-25 21:05:00,0.34595029,9.6
2026-03-25 21:10:00,0.3459115,9.6
2026-03-25 21:15:00,0.3459115,9.6
2026-03-25 21:20:00,0.3459115,9.6
2026-03-25 21:25:00,0.34598908,9.6
2026-03-25 21:30:00,0.34602787,9.6
2026-03-25 21:35:00,0.34606666,9.56
2026-03-25 21:40:00,0.34602787,9.5
2026-03-25 21:45:00,0.34583392,9.5
2026-03-25 21:50:00,0.34606666,9.5
2026-03-25 21:55:00,0.34595029,9.5
2026-03-25 22:00:00,0.34606666,9.5
2026-03-25 22:05:00,0.34610545,9.5
2026-03-25 22:10:00,0.34606666,9.48
2026-03-25 22:15:00,0.34614424,9.4
2026-03-25 22:20:00,0.34602787,9.4
2026-03-25 22:25:00,0.34610545,9.4
2026-03-25 22:30:00,0.34606666,9.4
2026-03-25 22:35:00,0.34606666,9.4
2026-03-25 22:40:00,0.34610545,9.36
2026-03-25 22:45:00,0.34610545,9.3
2026-03-25 22:50:00,0.34602787,9.3
2026-03-25 22:55:00,0.34618303,9.3
2026-03-25 23:00:00,0.34602787,9.3
2026-03-25 23:05:00,0.34622182,9.3
2026-03-25 23:10:00,0.34622182,9.24
2026-03-25 23:15:00,0.34610545,9.2
2026-03-25 23:20:00,0.34602787,9.2
2026-03-25 23:25:00,0.34610545,9.2
2026-03-25 23:30:00,0.34610545,9.2
2026-03-25 23:35:00,0.3462994,9.2
2026-03-25 23:40:00,0.34622182,9.2
2026-03-25 23:45:00,0.34626061,9.2
2026-03-25 23:50:00,0.34622182,9.2
2026-03-25 23:55:00,0.34622182,9.12
2026-03-26 00:00:00,0.34610545,9.1
2026-03-26 00:05:00,0.34622182,9.1
2026-03-26 00:10:00,0.34622182,9.1
2026-03-26 00:15:00,0.34622182,9.1
2026-03-26 00:20:00,0.34610545,9.1
2026-03-26 00:25:00,0.34614424,9.1
2026-03-26 00:30:00,0.34626061,9.1
2026-03-26 00:35:00,0.34610545,9.1
2026-03-26 00:40:00,0.34598908,9.16
2026-03-26 00:45:00,0.34610545,9.2
2026-03-26 00:50:00,0.34602787,9.2
2026-03-26 00:55:00,0.34626061,9.2
2026-03-26 01:00:00,0.34587271,9.2
2026-03-26 01:05:00,0.34587271,9.2
2026-03-26 01:10:00,0.34610545,9.2
2026-03-26 01:15:00,0.34598908,9.2
2026-03-26 01:20:00,0.34606666,9.22
2026-03-26 01:25:00,0.34587271,9.3
2026-03-26 01:30:00,0.34579513,9.3
2026-03-26 01:35:00,0.34587271,9.3
2026-03-26 01:40:00,0.34598908,9.3
2026-03-26 01:45:00,0.34595029,9.34
2026-03-26 01:50:00,0.34567876,9.4
2026-03-26 01:55:00,0.34587271,9.4
2026-03-26 02:00:00,0.34575634,9.4
2026-03-26 02:05:00,0.34556239,9.48
2026-03-26 02:10:00,0.34548481,9.5
2026-03-26 02:15:00,0.34556239,9.5
2026-03-26 02:20:00,0.34556239,9.6
2026-03-26 02:25:00,0.34536844,9.6
2026-03-26 02:30:00,0.34529086,9.66
2026-03-26 02:35:00,0.34525207,9.7
2026-03-26 02:40:00,0.34525207,9.74
2026-03-26 02:45:00,0.34494175,9.8
2026-03-26 02:50:00,0.34490296,9.84
2026-03-26 02:55:00,0.34470901,9.9
2026-03-26 03:00:00,0.34498054,9.96
2026-03-26 03:05:00,0.34494175,10.0
2026-03-26 03:10:00,0.34494175,10.06
2026-03-26 03:15:00,0.34451506,10.1
2026-03-26 03:20:00,0.34459264,10.18
2026-03-26 03:25:00,0.34443748,10.2
2026-03-26 03:30:00,0.34451506,10.28
2026-03-26 03:35:00,0.34420474,10.32
2026-03-26 03:40:00,0.34408837,10.4
2026-03-26 03:45:00,0.34401079,10.46
2026-03-26 03:50:00,0.34381684,10.52
2026-03-26 03:55:00,0.34404958,10.6
2026-03-26 04:00:00,0.34381684,10.66
2026-03-26 04:05:00,0.34346773,10.72
2026-03-26 04:10:00,0.34362289,10.8
2026-03-26 04:15:00,0.34354531,10.88
2026-03-26 04:20:00,0.34327378,10.94
2026-03-26 04:25:00,0.3431962,11.0
2026-03-26 04:30:00,0.34284709,11.1
2026-03-26 04:35:00,0.34273072,11.18
2026-03-26 04:40:00,0.34273072,11.24
2026-03-26 04:45:00,0.34245919,11.32
2026-03-26 04:50:00,0.34257556,11.42
2026-03-26 04:55:00,0.34234282,11.5
2026-03-26 05:00:00,0.34211008,11.6
2026-03-26 05:05:00,0.34187734,11.7
2026-03-26 05:10:00,0.3420325,11.8
2026-03-26 05:15:00,0.34191613,11.88
2026-03-26 05:20:00,0.34168339,12.0
2026-03-26 05:25:00,0.34145065,12.08
2026-03-26 05:30:00,0.34137307,12.18
2026-03-26 05:35:00,0.34133428,12.28
2026-03-26 05:40:00,0.34117912,12.4
2026-03-26 05:45:00,0.34090759,12.5
2026-03-26 05:50:00,0.34071364,12.62
2026-03-26 05:55:00,0.34075243,12.72
2026-03-26 06:00:00,0.3404809,12.82
2026-03-26 06:05:00,0.34044211,12.92
2026-03-26 06:10:00,0.34013179,13.02
2026-03-26 06:15:00,0.33997663,13.12
2026-03-26 06:20:00,0.33986026,13.24
2026-03-26 06:25:00,0.33989905,13.34
2026-03-26 06:30:00,0.33974389,13.44
2026-03-26 06:35:00,0.33947236,13.54
2026-03-26 06:40:00,0.33947236,13.62
2026-03-26 06:45:00,0.3393172,13.72
2026-03-26 06:50:00,0.33912325,13.8
2026-03-26 06:55:00,0.33912325,13.9
2026-03-26 07:00:00,0.33912325,13.98
2026-03-26 07:05:00,0.33881293,14.06
2026-03-26 07:10:00,0.33873535,14.14
2026-03-26 07:15:00,0.33873535,14.2
2026-03-26 07:20:00,0.33861898,14.3
2026-03-26 07:25:00,0.3385414,14.34
2026-03-26 07:30:00,0.33838624,14.4
2026-03-26 07:35:00,0.33838624,14.5
2026-03-26 07:40:00,0.33823108,14.52
2026-03-26 07:45:00,0.33819229,14.6
2026-03-26 07:50:00,0.33811471,14.66
2026-03-26 07:55:00,0.33811471,14.7
2026-03-26 08:00:00,0.33795955,14.74
2026-03-26 08:05:00,0.33788197,14.8
2026-03-26 08:10:00,0.33780439,14.8
2026-03-26 08:15:00,0.33788197,14.9
2026-03-26 08:20:00,0.33768802,14.9
2026-03-26 08:25:00,0.33761044,14.9
2026-03-26 08:30:00,0.33768802,14.96
2026-03-26 08:35:00,0.33761044,15.0
2026-03-26 08:40:00,0.33757165,15.0
2026-03-26 08:45:00,0.33761044,15.0
2026-03-26 08:50:00,0.33757165,15.0
2026-03-26 08:55:00,0.33757165,15.0
2026-03-26 09:00:00,0.33757165,15.0
2026-03-26 09:05:00,0.33764923,15.0
2026-03-26 09:10:00,0.33768802,15.0
2026-03-26 09:15:00,0.33749407,15.0
2026-03-26 09:20:00,0.33749407,15.0
2026-03-26 09:25:00,0.33772681,15.0
2026-03-26 09:30:00,0.33768802,15.0
2026-03-26 09:35:00,0.33772681,14.94
2026-03-26 09:40:00,0.33784318,14.9
2026-03-26 09:45:00,0.33784318,14.9
2026-03-26 09:50:00,0.33784318,14.9
2026-03-26 09:55:00,0.33768802,14.82
2026-03-26 10:00:00,0.33788197,14.8
2026-03-26 10:05:00,0.33784318,14.8
2026-03-26 10:10:00,0.33795955,14.72
2026-03-26 10:15:00,0.33803713,14.7
2026-03-26 10:20:00,0.33799834,14.66
2026-03-26 10:25:00,0.33788197,14.6
2026-03-26 10:30:00,0.33819229,14.58
2026-03-26 10:35:00,0.33807592,14.5
2026-03-26 10:40:00,0.33819229,14.5
2026-03-26 10:45:00,0.3381535,14.4
2026-03-26 10:50:00,0.33823108,14.4
2026-03-26 10:55:00,0.33823108,14.3
2026-03-26 11:00:00,0.33838624,14.3
2026-03-26 11:05:00,0.33830866,14.2
2026-03-26 11:10:00,0.33838624,14.2
2026-03-26 11:15:00,0.33850261,14.1
2026-03-26 11:20:00,0.33869656,14.1
2026-03-26 11:25:00,0.33869656,14.0
2026-03-26 11:30:00,0.3385414,13.98
2026-03-26 11:35:00,0.33858019,13.9
2026-03-26 11:40:00,0.33873535,13.88
2026-03-26 11:45:00,0.33881293,13.8
2026-03-26 11:50:00,0.33869656,13.78
2026-03-26 11:55:00,0.33889051,13.7
2026-03-26 12:00:00,0.33881293,13.68
2026-03-26 12:05:00,0.33885172,13.6
2026-03-26 12:10:00,0.33889051,13.56
2026-03-26 12:15:00,0.33904567,13.5
2026-03-26 12:20:00,0.33885172,13.46
2026-03-26 12:25:00,0.33912325,13.4
2026-03-26 12:30:00,0.33920083,13.36
2026-03-26 12:35:00,0.33904567,13.3
2026-03-26 12:40:00,0.3393172,13.24
2026-03-26 12:45:00,0.3393172,13.2
2026-03-26 12:50:00,0.33939478,13.14
2026-03-26 12:55:00,0.3393172,13.1
2026-03-26 13:00:00,0.33954994,13.04
2026-03-26 13:05:00,0.33951115,13.0
2026-03-26 13:10:00,0.33951115,12.94
2026-03-26 13:15:00,0.33958873,12.9
2026-03-26 13:20:00,0.33954994,12.86
2026-03-26 13:25:00,0.33951115,12.8
2026-03-26 13:30:00,0.33962752,12.78
2026-03-26 13:35:00,0.33986026,12.7
2026-03-26 13:40:00,0.33986026,12.68
2026-03-26 13:45:00,0.33982147,12.6
2026-03-26 13:50:00,0.33966631,12.6
2026-03-26 13:55:00,0.33989905,12.52
2026-03-26 14:00:00,0.33962752,12.5
2026-03-26 14:05:00,0.34005421,12.46
2026-03-26 14:10:00,0.33982147,12.4
2026-03-26 14:15:00,0.33997663,12.38
2026-03-26 14:20:00,0.33989905,12.3
2026-03-26 14:25:00,0.34005421,12.3
2026-03-26 14:30:00,0.34001542,12.22
2026-03-26 14:35:00,0.34020937,12.2
2026-03-26 14:40:00,0.33989905,12.16
2026-03-26 14:45:00,0.34013179,12.1
2026-03-26 14:50:00,0.340093,12.1
2026-03-26 14:55:00,0.34032574,12.02
2026-03-26 15:00:00,0.34024816,12.0
2026-03-26 15:05:00,0.34020937,12.0
2026-03-26 15:10:00,0.34032574,11.92
2026-03-26 15:15:00,0.34059727,11.9
2026-03-26 15:20:00,0.34051969,11.86
2026-03-26 15:25:00,0.34063606,11.8
2026-03-26 15:30:00,0.34040332,11.8
2026-03-26 15:35:00,0.34032574,11.72
2026-03-26 15:40:00,0.3404809,11.7
2026-03-26 15:45:00,0.3404809,11.7
2026-03-26 15:50:00,0.34051969,11.6
2026-03-26 15:55:00,0.34055848,11.6
2026-03-26 16:00:00,0.34059727,11.56
2026-03-26 16:05:00,0.34067485,11.5
2026-03-26 16:10:00,0.34059727,11.5
2026-03-26 16:15:00,0.34059727,11.42
2026-03-26 16:20:00,0.34071364,11.4
2026-03-26 16:25:00,0.34055848,11.36
2026-03-26 16:30:00,0.34067485,11.3
2026-03-26 16:35:00,0.34083001,11.3
2026-03-26 16:40:00,0.34071364,11.22
2026-03-26 16:45:00,0.34067485,11.2
2026-03-26 16:50:00,0.34090759,11.18
2026-03-26 16:55:00,0.34090759,11.1
2026-03-26 17:00:00,0.34090759,11.1
2026-03-26 17:05:00,0.34106275,11.06
2026-03-26 17:10:00,0.34098517,11.0
2026-03-26 17:15:00,0.34102396,11.0
2026-03-26 17:20:00,0.34102396,10.92
2026-03-26 17:25:00,0.34114033,10.9
2026-03-26 17:30:00,0.34121791,10.9
2026-03-26 17:35:00,0.34114033,10.8
2026-03-26 17:40:00,0.34106275,10.8
2026-03-26 17:45:00,0.34098517,10.78
2026-03-26 17:50:00,0.34110154,10.7
2026-03-26 17:55:00,0.34133428,10.7
2026-03-26 18:00:00,0.34117912,10.66
2026-03-26 18:05:00,0.3412567,10.6
2026-03-26 18:10:00,0.34141186,10.6
2026-03-26 18:15:00,0.34148944,10.52
2026-03-26 18:20:00,0.34137307,10.5
2026-03-26 18:25:00,0.34133428,10.5
2026-03-26 18:30:00,0.3412567,10.4
2026-03-26 18:35:00,0.34148944,10.4
2026-03-26 18:40:00,0.34145065,10.38
2026-03-26 18:45:00,0.34168339,10.3
2026-03-26 18:50:00,0.34152823,10.3
2026-03-26 18:55:00,0.34145065,10.3
2026-03-26 19:00:00,0.3416446,10.2
2026-03-26 19:05:00,0.34145065,10.2
2026-03-26 19:10:00,0.3416446,10.2
2026-03-26 19:15:00,0.34176097,10.12
2026-03-26 19:20:00,0.3416446,10.1
2026-03-26 19:25:00,0.34183855,10.1
2026-03-26 19:30:00,0.34187734,10.08
2026-03-26 19:35:00,0.3416446,10.0
2026-03-26 19:40:00,0.34168339,10.0
2026-03-26 19:45:00,0.34172218,10.0
2026-03-26 19:50:00,0.3416446,9.94
2026-03-26 19:55:00,0.34191613,9.9
2026-03-26 20:00:00,0.34187734,9.9
2026-03-26 20:05:00,0.34195492,9.88
2026-03-26 20:10:00,0.34191613,9.8
2026-03-26 20:15:00,0.34214887,9.8
2026-03-26 20:20:00,0.3420325,9.8
2026-03-26 20:25:00,0.34195492,9.72
2026-03-26 20:30:00,0.34195492,9.7
2026-03-26 20:35:00,0.34226524,9.7
2026-03-26 20:40:00,0.34214887,9.68
2026-03-26 20:45:00,0.34230403,9.6
2026-03-26 20:50:00,0.34214887,9.6
2026-03-26 20:55:00,0.34211008,9.6
2026-03-26 21:00:00,0.34222645,9.56
2026-03-26 21:05:00,0.34214887,9.5
2026-03-26 21:10:00,0.34222645,9.5
2026-03-26 21:15:00,0.34218766,9.5
2026-03-26 21:20:00,0.34211008,9.4
2026-03-26 21:25:00,0.34226524,9.4
2026-03-26 21:30:00,0.34234282,9.4
2026-03-26 21:35:00,0.34253677,9.36
2026-03-26 21:40:00,0.34230403,9.3
2026-03-26 21:45:00,0.34226524,9.3
2026-03-26 21:50:00,0.34253677,9.3
2026-03-26 21:55:00,0.34238161,9.22
2026-03-26 22:00:00,0.34238161,9.2
2026-03-26 22:05:00,0.3424204,9.2
2026-03-26 22:10:00,0.34265314,9.18
2026-03-26 22:15:00,0.34230403,9.1
2026-03-26 22:20:00,0.34257556,9.1
2026-03-26 22:25:00,0.34257556,9.1
2026-03-26 22:30:00,0.34249798,9.06
2026-03-26 22:35:00,0.3424204,9.0
2026-03-26 22:40:00,0.34265314,9.0
2026-03-26 22:45:00,0.34253677,9.0
2026-03-26 22:50:00,0.34276951,9.0
2026-03-26 22:55:00,0.34253677,8.9
2026-03-26 23:00:00,0.34249798,8.9
2026-03-26 23:05:00,0.34265314,8.9
2026-03-26 23:10:00,0.34253677,8.9
2026-03-26 23:15:00,0.34253677,8.9
2026-03-26 23:20:00,0.34273072,8.9
2026-03-26 23:25:00,0.34261435,8.9
2026-03-26 23:30:00,0.34253677,8.8
2026-03-26 23:35:00,0.34257556,8.8
2026-03-26 23:40:00,0.3428083,8.8
2026-03-26 23:45:00,0.34273072,8.8
2026-03-26 23:50:00,0.34253677,8.8
2026-03-26 23:55:00,0.34284709,8.8
2026-03-27 00:00:00,0.34273072,8.8
2026-03-27 00:05:00,0.34284709,8.8
2026-03-27 00:10:00,0.34249798,8.8
2026-03-27 00:15:00,0.34284709,8.8
2026-03-27 00:20:00,0.3424204,8.8
2026-03-27 00:25:00,0.34273072,8.8
2026-03-27 00:30:00,0.34273072,8.8
2026-03-27 00:35:00,0.34261435,8.86
2026-03-27 00:40:00,0.34253677,8.9
2026-03-27 00:45:00,0.34261435,8.9
2026-03-27 00:50:00,0.34269193,8.9
2026-03-27 00:55:00,0.34234282,8.9
2026-03-27 01:00:00,0.34257556,8.9
2026-03-27 01:05:00,0.34238161,8.9
2026-03-27 01:10:00,0.34253677,8.94
2026-03-27 01:15:00,0.34234282,9.0
2026-03-27 01:20:00,0.34230403,9.0
2026-03-27 01:25:00,0.34226524,9.0
2026-03-27 01:30:00,0.34222645,9.02
2026-03-27 01:35:00,0.34226524,9.1
2026-03-27 01:40:00,0.34199371,9.1
2026-03-27 01:45:00,0.34226524,9.1
2026-03-27 01:50:00,0.34207129,9.18
2026-03-27 01:55:00,0.34199371,9.2
2026-03-27 02:00:00,0.34176097,9.22
2026-03-27 02:05:00,0.34179976,9.3
2026-03-27 02:10:00,0.3416446,9.3
2026-03-27 02:15:00,0.34152823,9.4
2026-03-27 02:20:00,0.34141186,9.4
2026-03-27 02:25:00,0.34129549,9.5
2026-03-27 02:30:00,0.34114033,9.5
2026-03-27 02:35:00,0.34114033,9.6
2026-03-27 02:40:00,0.34110154,9.6
2026-03-27 02:45:00,0.34110154,9.7
2026-03-27 02:50:00,0.34083001,9.72
2026-03-27 02:55:00,0.34094638,9.8
2026-03-27 03:00:00,0.34071364,9.86
2026-03-27 03:05:00,0.34059727,9.9
2026-03-27 03:10:00,0.34059727,10.0
2026-03-27 03:15:00,0.34032574,10.02
2026-03-27 03:20:00,0.3404809,10.1
2026-03-27 03:25:00,0.34020937,10.14
2026-03-27 03:30:00,0.33989905,10.2
2026-03-27 03:35:00,0.33978268,10.28
2026-03-27 03:40:00,0.33974389,10.34
2026-03-27 03:45:00,0.3397051,10.4
2026-03-27 03:50:00,0.3397051,10.48
2026-03-27 03:55:00,0.33951115,10.54
2026-03-27 04:00:00,0.3393172,10.62
2026-03-27 04:05:00,0.33916204,10.7
2026-03-27 04:10:00,0.33908446,10.78
2026-03-27 04:15:00,0.33881293,10.84
2026-03-27 04:20:00,0.33877414,10.92
2026-03-27 04:25:00,0.33865777,11.0
2026-03-27 04:30:00,0.33850261,11.1
2026-03-27 04:35:00,0.33842503,11.16
2026-03-27 04:40:00,0.33823108,11.24
2026-03-27 04:45:00,0.33807592,11.34
2026-03-27 04:50:00,0.33780439,11.44
2026-03-27 04:55:00,0.33780439,11.52
2026-03-27 05:00:00,0.33753286,11.62
2026-03-27 05:05:00,0.33757165,11.72
2026-03-27 05:10:00,0.33733891,11.8
2026-03-27 05:15:00,0.33714496,11.9
2026-03-27 05:20:00,0.33710617,12.0
2026-03-27 05:25:00,0.33671827,12.08
2026-03-27 05:30:00,0.33679585,12.18
2026-03-27 05:35:00,0.33664069,12.28
2026-03-27 05:40:00,0.33633037,12.4
2026-03-27 05:45:00,0.33629158,12.5
2026-03-27 05:50:00,0.33605884,12.6
2026-03-27 05:55:00,0.33617521,12.7
2026-03-27 06:00:00,0.33555457,12.8
2026-03-27 06:05:00,0.33559336,12.9
2026-03-27 06:10:00,0.33570973,13.0
2026-03-27 06:15:00,0.33539941,13.1
2026-03-27 06:20:00,0.33520546,13.18
2026-03-27 06:25:00,0.33501151,13.28
2026-03-27 06:30:00,0.33485635,13.38
2026-03-27 06:35:00,0.33470119,13.48
2026-03-27 06:40:00,0.33470119,13.56
2026-03-27 06:45:00,0.33446845,13.66
2026-03-27 06:50:00,0.33439087,13.74
2026-03-27 06:55:00,0.33431329,13.82
2026-03-27 07:00:00,0.3342745,13.9
2026-03-27 07:05:00,0.33411934,13.98
2026-03-27 07:10:00,0.3338866,14.06
2026-03-27 07:15:00,0.33380902,14.12
2026-03-27 07:20:00,0.33369265,14.2
2026-03-27 07:25:00,0.33369265,14.26
2026-03-27 07:30:00,0.33361507,14.3
2026-03-27 07:35:00,0.33342112,14.4
2026-03-27 07:40:00,0.3334987,14.44
2026-03-27 07:45:00,0.33338233,14.5
2026-03-27 07:50:00,0.33338233,14.56
2026-03-27 07:55:00,0.33318838,14.6
2026-03-27 08:00:00,0.33314959,14.64
2026-03-27 08:05:00,0.33295564,14.7
2026-03-27 08:10:00,0.33295564,14.7
2026-03-27 08:15:00,0.33287806,14.76
2026-03-27 08:20:00,0.33291685,14.8
2026-03-27 08:25:00,0.33291685,14.8
2026-03-27 08:30:00,0.33283927,14.8
2026-03-27 08:35:00,0.3327229,14.9
2026-03-27 08:40:00,0.33264532,14.9
2026-03-27 08:45:00,0.33276169,14.9
2026-03-27 08:50:00,0.33276169,14.9
2026-03-27 08:55:00,0.33268411,14.9
2026-03-27 09:00:00,0.33256774,14.9
2026-03-27 09:05:00,0.3327229,14.9
2026-03-27 09:10:00,0.33276169,14.9
2026-03-27 09:15:00,0.33260653,14.9
2026-03-27 09:20:00,0.3327229,14.9
2026-03-27 09:25:00,0.33268411,14.9
2026-03-27 09:30:00,0.3327229,14.9
2026-03-27 09:35:00,0.33264532,14.88
2026-03-27 09:40:00,0.33276169,14.8
2026-03-27 09:45:00,0.33291685,14.8
2026-03-27 09:50:00,0.33280048,14.8
2026-03-27 09:55:00,0.33280048,14.8
2026-03-27 10:00:00,0.33291685,14.72
2026-03-27 10:05:00,0.33291685,14.7
2026-03-27 10:10:00,0.33299443,14.7
2026-03-27 10:15:00,0.33295564,14.66
2026-03-27 10:20:00,0.33299443,14.6
2026-03-27 10:25:00,0.33307201,14.6
2026-03-27 10:30:00,0.3331108,14.54
2026-03-27 10:35:00,0.33307201,14.5
2026-03-27 10:40:00,0.33322717,14.48
2026-03-27 10:45:00,0.33326596,14.4
2026-03-27 10:50:00,0.33326596,14.4
2026-03-27 10:55:00,0.33334354,14.3
2026-03-27 11:00:00,0.33326596,14.3
2026-03-27 11:05:00,0.33338233,14.24
2026-03-27 11:10:00,0.3334987,14.2
2026-03-27 11:15:00,0.33345991,14.18
2026-03-27 11:20:00,0.33353749,14.1
2026-03-27 11:25:00,0.33365386,14.1
2026-03-27 11:30:00,0.33365386,14.0
2026-03-27 11:35:00,0.33369265,14.0
2026-03-27 11:40:00,0.33365386,13.92
2026-03-27 11:45:00,0.33369265,13.9
2026-03-27 11:50:00,0.33384781,13.84
2026-03-27 11:55:00,0.33377023,13.8
2026-03-27 12:00:00,0.33380902,13.76
2026-03-27 12:05:00,0.33392539,13.7
2026-03-27 12:10:00,0.33396418,13.7
2026-03-27 12:15:00,0.33396418,13.6
2026-03-27 12:20:00,0.33404176,13.6
2026-03-27 12:25:00,0.33392539,13.5
2026-03-27 12:30:00,0.33408055,13.5
2026-03-27 12:35:00,0.33419692,13.44
2026-03-27 12:40:00,0.33400297,13.4
2026-03-27 12:45:00,0.3342745,13.36
2026-03-27 12:50:00,0.33423571,13.3
2026-03-27 12:55:00,0.33435208,13.28
2026-03-27 13:00:00,0.33431329,13.2
2026-03-27 13:05:00,0.33423571,13.2
2026-03-27 13:10:00,0.3342745,13.12
2026-03-27 13:15:00,0.3342745,13.1
2026-03-27 13:20:00,0.33435208,13.06
2026-03-27 13:25:00,0.33446845,13.0
2026-03-27 13:30:00,0.33431329,13.0
2026-03-27 13:35:00,0.33458482,12.92
2026-03-27 13:40:00,0.3346624,12.9
2026-03-27 13:45:00,0.3346624,12.88
2026-03-27 13:50:00,0.33458482,12.8
2026-03-27 13:55:00,0.33450724,12.8
2026-03-27 14:00:00,0.33462361,12.74
2026-03-27 14:05:00,0.3346624,12.7
2026-03-27 14:10:00,0.33470119,12.7
2026-03-27 14:15:00,0.33473998,12.6
2026-03-27 14:20:00,0.33473998,12.6
2026-03-27 14:25:00,0.33497272,12.58
2026-03-27 14:30:00,0.33481756,12.5
2026-03-27 14:35:00,0.33501151,12.5
2026-03-27 14:40:00,0.33497272,12.44
2026-03-27 14:45:00,0.33497272,12.4
2026-03-27 14:50:00,0.33516667,12.4
2026-03-27 14:55:00,0.3350503,12.32
2026-03-27 15:00:00,0.3350503,12.3
2026-03-27 15:05:00,0.33501151,12.3
2026-03-27 15:10:00,0.33524425,12.2
2026-03-27 15:15:00,0.33520546,12.2
2026-03-27 15:20:00,0.33532183,12.18
2026-03-27 15:25:00,0.33512788,12.1
2026-03-27 15:30:00,0.33520546,12.1
2026-03-27 15:35:00,0.33528304,12.08
2026-03-27 15:40:00,0.33524425,12.0
2026-03-27 15:45:00,0.33532183,12.0
2026-03-27 15:50:00,0.33547699,12.0
2026-03-27 15:55:00,0.33520546,11.96
2026-03-27 16:00:00,0.3354382,11.9
2026-03-27 16:05:00,0.33536062,11.9
2026-03-27 16:10:00,0.33539941,11.9
2026-03-27 16:15:00,0.33532183,11.84
2026-03-27 16:20:00,0.33555457,11.8
2026-03-27 16:25:00,0.33536062,11.8
2026-03-27 16:30:00,0.33532183,11.8
2026-03-27 16:35:00,0.33520546,11.8
2026-03-27 16:40:00,0.33524425,11.72
2026-03-27 16:45:00,0.33570973,11.7
2026-03-27 16:50:00,0.33567094,11.7
2026-03-27 16:55:00,0.33559336,11.7
2026-03-27 17:00:00,0.33539941,11.7
2026-03-27 17:05:00,0.33539941,11.7
2026-03-27 17:10:00,0.3354382,11.66
2026-03-27 17:15:00,0.33536062,11.6
2026-03-27 17:20:00,0.33551578,11.6
2026-03-27 17:25:00,0.33539941,11.6
2026-03-27 17:30:00,0.33539941,11.6
2026-03-27 17:35:00,0.33539941,11.6
2026-03-27 17:40:00,0.33547699,11.6
2026-03-27 17:45:00,0.3354382,11.6
2026-03-27 17:50:00,0.33563215,11.58
2026-03-27 17:55:00,0.33547699,11.5
2026-03-27 18:00:00,0.33555457,11.5
2026-03-27 18:05:00,0.33547699,11.5
2026-03-27 18:10:00,0.33563215,11.5
2026-03-27 18:15:00,0.33555457,11.5
2026-03-27 18:20:00,0.33559336,11.5
2026-03-27 18:25:00,0.33547699,11.5
2026-03-27 18:30:00,0.33563215,11.5
2026-03-27 18:35:00,0.33567094,11.5
2026-03-27 18:40:00,0.33563215,11.46
2026-03-27 18:45:00,0.33559336,11.4
2026-03-27 18:50:00,0.33559336,11.4
2026-03-27 18:55:00,0.3354382,11.4
2026-03-27 19:00:00,0.33555457,11.4
2026-03-27 19:05:00,0.33570973,11.4
2026-03-27 19:10:00,0.33555457,11.4
2026-03-27 19:15:00,0.33559336,11.4
2026-03-27 19:20:00,0.33555457,11.4
2026-03-27 19:25:00,0.33567094,11.4
2026-03-27 19:30:00,0.33574852,11.38
2026-03-27 19:35:00,0.33555457,11.3
2026-03-27 19:40:00,0.33563215,11.3
2026-03-27 19:45:00,0.33563215,11.3
2026-03-27 19:50:00,0.33567094,11.3
2026-03-27 19:55:00,0.33559336,11.3
2026-03-27 20:00:00,0.33551578,11.3
2026-03-27 20:05:00,0.33555457,11.3
2026-03-27 20:10:00,0.33567094,11.3
2026-03-27 20:15:00,0.33570973,11.3
2026-03-27 20:20:00,0.33567094,11.3
2026-03-27 20:25:00,0.33559336,11.22
2026-03-27 20:30:00,0.33563215,11.2
2026-03-27 20:35:00,0.33567094,11.2
2026-03-27 20:40:00,0.33563215,11.2
2026-03-27 20:45:00,0.33570973,11.2
2026-03-27 20:50:00,0.33578731,11.2
2026-03-27 20:55:00,0.33574852,11.2
2026-03-27 21:00:00,0.33567094,11.14
2026-03-27 21:05:00,0.33586489,11.1
2026-03-27 21:10:00,0.33590368,11.1
2026-03-27 21:15:00,0.33613642,11.1
2026-03-27 21:20:00,0.33578731,11.1
2026-03-27 21:25:00,0.33586489,11.1
2026-03-27 21:30:00,0.3358261,11.0
2026-03-27 21:35:00,0.33586489,11.0
2026-03-27 21:40:00,0.33578731,11.0
2026-03-27 21:45:00,0.33598126,11.0
2026-03-27 21:50:00,0.33594247,10.96
2026-03-27 21:55:00,0.33594247,10.9
2026-03-27 22:00:00,0.33594247,10.9
2026-03-27 22:05:00,0.33605884,10.9
2026-03-27 22:10:00,0.33609763,10.84
2026-03-27 22:15:00,0.33633037,10.8
2026-03-27 22:20:00,0.33605884,10.8
2026-03-27 22:25:00,0.33629158,10.8
2026-03-27 22:30:00,0.33613642,10.7
2026-03-27 22:35:00,0.33625279,10.7
2026-03-27 22:40:00,0.336214,10.7
2026-03-27 22:45:00,0.33629158,10.66
2026-03-27 22:50:00,0.33629158,10.6
2026-03-27 22:55:00,0.33636916,10.6
2026-03-27 23:00:00,0.33625279,10.6
2026-03-27 23:05:00,0.33629158,10.5
2026-03-27 23:10:00,0.33644674,10.5
2026-03-27 23:15:00,0.33625279,10.5
2026-03-27 23:20:00,0.33629158,10.5
2026-03-27 23:25:00,0.33640795,10.44
2026-03-27 23:30:00,0.33633037,10.4
2026-03-27 23:35:00,0.33640795,10.4
2026-03-27 23:40:00,0.33652432,10.4
2026-03-27 23:45:00,0.33664069,10.4
2026-03-27 23:50:00,0.33648553,10.4
2026-03-27 23:55:00,0.33640795,10.4
2026-03-28 00:00:00,0.33648553,10.4
2026-03-28 00:05:00,0.33644674,10.4
2026-03-28 00:10:00,0.33644674,10.32
2026-03-28 00:15:00,0.33648553,10.3
2026-03-28 00:20:00,0.33640795,10.3
2026-03-28 00:25:00,0.33640795,10.3
2026-03-28 00:30:00,0.33656311,10.3
2026-03-28 00:35:00,0.33644674,10.3
2026-03-28 00:40:00,0.33640795,10.3
2026-03-28 00:45:00,0.33644674,10.3
2026-03-28 00:50:00,0.33656311,10.3
2026-03-28 00:55:00,0.33644674,10.3
2026-03-28 01:00:00,0.33640795,10.3
2026-03-28 01:05:00,0.33617521,10.3
2026-03-28 01:10:00,0.336214,10.3
2026-03-28 01:15:00,0.33625279,10.3
2026-03-28 01:20:00,0.336214,10.36
2026-03-28 01:25:00,0.33629158,10.4
2026-03-28 01:30:00,0.33636916,10.4
2026-03-28 01:35:00,0.33613642,10.4
2026-03-28 01:40:00,0.33609763,10.4
2026-03-28 01:45:00,0.33602005,10.4
2026-03-28 01:50:00,0.33586489,10.4
2026-03-28 01:55:00,0.33598126,10.46
2026-03-28 02:00:00,0.3358261,10.5
2026-03-28 02:05:00,0.33586489,10.5
2026-03-28 02:10:00,0.33555457,10.52
2026-03-28 02:15:00,0.33551578,10.6
2026-03-28 02:20:00,0.33567094,10.6
2026-03-28 02:25:00,0.33532183,10.66
2026-03-28 02:30:00,0.3354382,10.7
2026-03-28 02:35:00,0.3354382,10.72
2026-03-28 02:40:00,0.33516667,10.8
2026-03-28 02:45:00,0.33501151,10.8
2026-03-28 02:50:00,0.33501151,10.88
2026-03-28 02:55:00,0.33497272,10.9
2026-03-28 03:00:00,0.33489514,10.96
2026-03-28 03:05:00,0.3346624,11.0
2026-03-28 03:10:00,0.33454603,11.04
2026-03-28 03:15:00,0.3346624,11.1
2026-03-28 03:20:00,0.33454603,11.14
2026-03-28 03:25:00,0.33458482,11.2
2026-03-28 03:30:00,0.33423571,11.24
2026-03-28 03:35:00,0.3342745,11.3
2026-03-28 03:40:00,0.33400297,11.36
2026-03-28 03:45:00,0.33392539,11.4
2026-03-28 03:50:00,0.33357628,11.5
2026-03-28 03:55:00,0.33373144,11.54
2026-03-28 04:00:00,0.3334987,11.6
2026-03-28 04:05:00,0.33322717,11.68
2026-03-28 04:10:00,0.33334354,11.72
2026-03-28 04:15:00,0.33307201,11.8
2026-03-28 04:20:00,0.33283927,11.86
2026-03-28 04:25:00,0.33260653,11.92
2026-03-28 04:30:00,0.33256774,12.0
2026-03-28 04:35:00,0.33249016,12.08
2026-03-28 04:40:00,0.332335,12.14
2026-03-28 04:45:00,0.33198589,12.22
2026-03-28 04:50:00,0.33186952,12.32
2026-03-28 04:55:00,0.33163678,12.4
2026-03-28 05:00:00,0.33148162,12.5
2026-03-28 05:05:00,0.33121009,12.6
2026-03-28 05:10:00,0.33101614,12.7
2026-03-28 05:15:00,0.33086098,12.8
2026-03-28 05:20:00,0.33047308,12.9
2026-03-28 05:25:00,0.33058945,13.02
2026-03-28 05:30:00,0.33031792,13.12
2026-03-28 05:35:00,0.33027913,13.24
2026-03-28 05:40:00,0.32985244,13.34
2026-03-28 05:45:00,0.32950333,13.46
2026-03-28 05:50:00,0.32942575,13.56
2026-03-28 05:55:00,0.3292318,13.68
2026-03-28 06:00:00,0.32907664,13.78
2026-03-28 06:05:00,0.32896027,13.9
2026-03-28 06:10:00,0.32864995,14.0
2026-03-28 06:15:00,0.32849479,14.1
2026-03-28 06:20:00,0.32833963,14.2
2026-03-28 06:25:00,0.32822326,14.3
2026-03-28 06:30:00,0.32799052,14.4
2026-03-28 06:35:00,0.32779657,14.5
2026-03-28 06:40:00,0.32775778,14.6
2026-03-28 06:45:00,0.32760262,14.7
2026-03-28 06:50:00,0.32752504,14.78
2026-03-28 06:55:00,0.32709835,14.86
2026-03-28 07:00:00,0.32702077,14.94
2026-03-28 07:05:00,0.32702077,15.0
2026-03-28 07:10:00,0.32678803,15.1
2026-03-28 07:15:00,0.32663287,15.16
2026-03-28 07:20:00,0.32659408,15.2
2026-03-28 07:25:00,0.32628376,15.3
2026-03-28 07:30:00,0.32628376,15.32
2026-03-28 07:35:00,0.32616739,15.4
2026-03-28 07:40:00,0.32605102,15.4
2026-03-28 07:45:00,0.32608981,15.5
2026-03-28 07:50:00,0.32577949,15.5
2026-03-28 07:55:00,0.32589586,15.56
2026-03-28 08:00:00,0.32562433,15.6
2026-03-28 08:05:00,0.32570191,15.6
2026-03-28 08:10:00,0.32562433,15.66
2026-03-28 08:15:00,0.32570191,15.7
2026-03-28 08:20:00,0.32554675,15.7
2026-03-28 08:25:00,0.32550796,15.7
2026-03-28 08:30:00,0.32554675,15.7
2026-03-28 08:35:00,0.32558554,15.74
2026-03-28 08:40:00,0.32566312,15.8
2026-03-28 08:45:00,0.3253528,15.8
2026-03-28 08:50:00,0.32531401,15.8
2026-03-28 08:55:00,0.32550796,15.8
2026-03-28 09:00:00,0.32519764,15.8
2026-03-28 09:05:00,0.32554675,15.8
2026-03-28 09:10:00,0.3253528,15.8
2026-03-28 09:15:00,0.32546917,15.7
2026-03-28 09:20:00,0.32539159,15.7
2026-03-28 09:25:00,0.32554675,15.7
2026-03-28 09:30:00,0.32562433,15.7
2026-03-28 09:35:00,0.32570191,15.7
2026-03-28 09:40:00,0.32558554,15.62
2026-03-28 09:45:00,0.32554675,15.6
2026-03-28 09:50:00,0.32558554,15.6
2026-03-28 09:55:00,0.32570191,15.54
2026-03-28 10:00:00,0.32550796,15.5
2026-03-28 10:05:00,0.32593465,15.5
2026-03-28 10:10:00,0.32581828,15.42
2026-03-28 10:15:00,0.32585707,15.4
2026-03-28 10:20:00,0.32585707,15.36
2026-03-28 10:25:00,0.32593465,15.3
2026-03-28 10:30:00,0.32597344,15.3
2026-03-28 10:35:00,0.32628376,15.2
2026-03-28 10:40:00,0.3261286,15.2
2026-03-28 10:45:00,0.32597344,15.1
2026-03-28 10:50:00,0.32616739,15.1
2026-03-28 10:55:00,0.32628376,15.0
2026-03-28 11:00:00,0.32632255,14.98
2026-03-28 11:05:00,0.32655529,14.9
2026-03-28 11:10:00,0.32647771,14.88
2026-03-28 11:15:00,0.32667166,14.8
2026-03-28 11:20:00,0.32659408,14.74
2026-03-28 11:25:00,0.32671045,14.7
2026-03-28 11:30:00,0.32674924,14.62
2026-03-28 11:35:00,0.32686561,14.6
2026-03-28 11:40:00,0.32682682,14.5
2026-03-28 11:45:00,0.32702077,14.46
2026-03-28 11:50:00,0.3269044,14.4
2026-03-28 11:55:00,0.32686561,14.32
2026-03-28 12:00:00,0.32709835,14.3
2026-03-28 12:05:00,0.32717593,14.2
2026-03-28 12:10:00,0.32717593,14.18
2026-03-28 12:15:00,0.32733109,14.1
2026-03-28 12:20:00,0.32721472,14.04
2026-03-28 12:25:00,0.3272923,14.0
2026-03-28 12:30:00,0.32733109,13.92
2026-03-28 12:35:00,0.32752504,13.9
2026-03-28 12:40:00,0.32748625,13.8
2026-03-28 12:45:00,0.32748625,13.78
2026-03-28 12:50:00,0.32756383,13.7
2026-03-28 12:55:00,0.32771899,13.66
2026-03-28 13:00:00,0.32771899,13.6
2026-03-28 13:05:00,0.32771899,13.54
2026-03-28 13:10:00,0.32764141,13.5
2026-03-28 13:15:00,0.32775778,13.42
2026-03-28 13:20:00,0.32799052,13.4
2026-03-28 13:25:00,0.32787415,13.3
2026-03-28 13:30:00,0.32795173,13.28
2026-03-28 13:35:00,0.32779657,13.2
2026-03-28 13:40:00,0.3280681,13.18
2026-03-28 13:45:00,0.32814568,13.1
2026-03-28 13:50:00,0.32810689,13.06
2026-03-28 13:55:00,0.32814568,13.0
2026-03-28 14:00:00,0.32818447,12.94
2026-03-28 14:05:00,0.32822326,12.9
2026-03-28 14:10:00,0.32833963,12.84
2026-03-28 14:15:00,0.32830084,12.8
2026-03-28 14:20:00,0.32857237,12.74
2026-03-28 14:25:00,0.32837842,12.7
2026-03-28 14:30:00,0.328456,12.64
2026-03-28 14:35:00,0.32841721,12.6
2026-03-28 14:40:00,0.32861116,12.54
2026-03-28 14:45:00,0.32853358,12.5
2026-03-28 14:50:00,0.32868874,12.44
2026-03-28 14:55:00,0.32876632,12.4
2026-03-28 15:00:00,0.32888269,12.34
2026-03-28 15:05:00,0.32876632,12.3
2026-03-28 15:10:00,0.32876632,12.22
2026-03-28 15:15:00,0.32888269,12.2
2026-03-28 15:20:00,0.32899906,12.14
2026-03-28 15:25:00,0.32899906,12.1
2026-03-28 15:30:00,0.32896027,12.04
2026-03-28 15:35:00,0.32903785,12.0
2026-03-28 15:40:00,0.32899906,12.0
2026-03-28 15:45:00,0.32927059,11.9
2026-03-28 15:50:00,0.32896027,11.9
2026-03-28 15:55:00,0.3292318,11.8
2026-03-28 16:00:00,0.32907664,11.8
2026-03-28 16:05:00,0.32911543,11.74
2026-03-28 16:10:00,0.32911543,11.7
2026-03-28 16:15:00,0.32911543,11.66
2026-03-28 16:20:00,0.32915422,11.6
2026-03-28 16:25:00,0.32919301,11.6
2026-03-28 16:30:00,0.32919301,11.5
2026-03-28 16:35:00,0.32930938,11.5
2026-03-28 16:40:00,0.32927059,11.44
2026-03-28 16:45:00,0.32927059,11.4
2026-03-28 16:50:00,0.32930938,11.36
2026-03-28 16:55:00,0.32973607,11.3
2026-03-28 17:00:00,0.32954212,11.3
2026-03-28 17:05:00,0.32946454,11.22
2026-03-28 17:10:00,0.32950333,11.2
2026-03-28 17:15:00,0.32958091,11.18
2026-03-28 17:20:00,0.3296197,11.1
2026-03-28 17:25:00,0.32973607,11.1
2026-03-28 17:30:00,0.32965849,11.06
2026-03-28 17:35:00,0.32965849,11.0
2026-03-28 17:40:00,0.32965849,11.0
2026-03-28 17:45:00,0.32977486,10.98
2026-03-28 17:50:00,0.32989123,10.9
2026-03-28 17:55:00,0.32973607,10.9
2026-03-28 18:00:00,0.32989123,10.86
2026-03-28 18:05:00,0.33008518,10.8
2026-03-28 18:10:00,0.32981365,10.8
2026-03-28 18:15:00,0.32996881,10.78
2026-03-28 18:20:00,0.3300076,10.7
2026-03-28 18:25:00,0.3300076,10.7
2026-03-28 18:30:00,0.3300076,10.7
2026-03-28 18:35:00,0.33012397,10.62
2026-03-28 18:40:00,0.32996881,10.6
2026-03-28 18:45:00,0.33004639,10.6
2026-03-28 18:50:00,0.33004639,10.54
2026-03-28 18:55:00,0.33008518,10.5
2026-03-28 19:00:00,0.33024034,10.5
2026-03-28 19:05:00,0.33012397,10.5
2026-03-28 19:10:00,0.33035671,10.4
2026-03-28 19:15:00,0.33020155,10.4
2026-03-28 19:20:00,0.33035671,10.4
2026-03-28 19:25:00,0.33035671,10.36
2026-03-28 19:30:00,0.33035671,10.3
2026-03-28 19:35:00,0.33047308,10.3
2026-03-28 19:40:00,0.33027913,10.3
2026-03-28 19:45:00,0.33047308,10.22
2026-03-28 19:50:00,0.33062824,10.2
2026-03-28 19:55:00,0.33035671,10.2
2026-03-28 20:00:00,0.33055066,10.2
2026-03-28 20:05:00,0.33051187,10.1
2026-03-28 20:10:00,0.33055066,10.1
2026-03-28 20:15:00,0.33082219,10.1
2026-03-28 20:20:00,0.33062824,10.08
2026-03-28 20:25:00,0.33062824,10.0
2026-03-28 20:30:00,0.3307834,10.0
2026-03-28 20:35:00,0.33051187,10.0
2026-03-28 20:40:00,0.33062824,9.98
2026-03-28 20:45:00,0.33066703,9.9
2026-03-28 20:50:00,0.3307834,9.9
2026-03-28 20:55:00,0.3307834,9.9
2026-03-28 21:00:00,0.33070582,9.82
2026-03-28 21:05:00,0.33066703,9.8
2026-03-28 21:10:00,0.33082219,9.8
2026-03-28 21:15:00,0.33086098,9.8
2026-03-28 21:20:00,0.33082219,9.7
2026-03-28 21:25:00,0.33097735,9.7
2026-03-28 21:30:00,0.33097735,9.7
2026-03-28 21:35:00,0.33082219,9.68
2026-03-28 21:40:00,0.33093856,9.6
2026-03-28 21:45:00,0.33097735,9.6
2026-03-28 21:50:00,0.33086098,9.6
2026-03-28 21:55:00,0.33097735,9.58
2026-03-28 22:00:00,0.33109372,9.5
2026-03-28 22:05:00,0.33097735,9.5
2026-03-28 22:10:00,0.33128767,9.5
2026-03-28 22:15:00,0.3311713,9.48
2026-03-28 22:20:00,0.33086098,9.4
2026-03-28 22:25:00,0.33113251,9.4
2026-03-28 22:30:00,0.33136525,9.4
2026-03-28 22:35:00,0.33121009,9.4
2026-03-28 22:40:00,0.33121009,9.34
2026-03-28 22:45:00,0.33124888,9.3
2026-03-28 22:50:00,0.33109372,9.3
2026-03-28 22:55:00,0.33124888,9.3
2026-03-28 23:00:00,0.33113251,9.3
2026-03-28 23:05:00,0.33128767,9.3
2026-03-28 23:10:00,0.33101614,9.24
2026-03-28 23:15:00,0.33121009,9.2
2026-03-28 23:20:00,0.33136525,9.2
2026-03-28 23:25:00,0.33124888,9.2
2026-03-28 23:30:00,0.33121009,9.2
2026-03-28 23:35:00,0.33144283,9.2
2026-03-28 23:40:00,0.33113251,9.2
2026-03-28 23:45:00,0.33136525,9.2
2026-03-28 23:50:00,0.33109372,9.2
2026-03-28 23:55:00,0.33128767,9.2
2026-03-29 00:00:00,0.33121009,9.2
2026-03-29 00:05:00,0.33128767,9.2
2026-03-29 00:10:00,0.33128767,9.2
2026-03-29 00:15:00,0.3311713,9.2
2026-03-29 00:20:00,0.33109372,9.2
2026-03-29 00:25:00,0.33121009,9.2
2026-03-29 00:30:00,0.3311713,9.2
2026-03-29 00:35:00,0.3311713,9.2
2026-03-29 00:40:00,0.33109372,9.2
2026-03-29 00:45:00,0.33113251,9.2
2026-03-29 00:50:00,0.33113251,9.2
2026-03-29 00:55:00,0.3311713,9.2
2026-03-29 01:00:00,0.33109372,9.2
2026-03-29 01:05:00,0.33105493,9.26
2026-03-29 01:10:00,0.33109372,9.3
2026-03-29 01:15:00,0.33082219,9.3
2026-03-29 01:20:00,0.33101614,9.3
2026-03-29 01:25:00,0.33070582,9.3
2026-03-29 01:30:00,0.33086098,9.36
2026-03-29 01:35:00,0.33066703,9.4
2026-03-29 01:40:00,0.3307834,9.4
2026-03-29 01:45:00,0.33062824,9.44
2026-03-29 01:50:00,0.33051187,9.5
2026-03-29 01:55:00,0.33035671,9.5
2026-03-29 02:00:00,0.33027913,9.58
2026-03-29 02:05:00,0.33024034,9.6
2026-03-29 02:10:00,0.33035671,9.66
2026-03-29 02:15:00,0.32981365,9.7
2026-03-29 02:20:00,0.32985244,9.78
2026-03-29 02:25:00,0.32989123,9.8
2026-03-29 02:30:00,0.32977486,9.9
2026-03-29 02:35:00,0.32954212,9.96
2026-03-29 02:40:00,0.3292318,10.0
2026-03-29 02:45:00,0.32915422,10.1
2026-03-29 02:50:00,0.32911543,10.14
2026-03-29 02:55:00,0.32899906,10.2
2026-03-29 03:00:00,0.32880511,10.28
2026-03-29 03:05:00,0.32872753,10.34
2026-03-29 03:10:00,0.32849479,10.4
2026-03-29 03:15:00,0.32857237,10.48
2026-03-29 03:20:00,0.32833963,10.54
2026-03-29 03:25:00,0.32833963,10.62
2026-03-29 03:30:00,0.32810689,10.7
2026-03-29 03:35:00,0.32787415,10.76
2026-03-29 03:40:00,0.32791294,10.82
2026-03-29 03:45:00,0.32756383,10.9
2026-03-29 03:50:00,0.3272923,11.0
2026-03-29 03:55:00,0.32717593,11.06
2026-03-29 04:00:00,0.32709835,11.12
2026-03-29 04:05:00,0.32682682,11.2
2026-03-29 04:10:00,0.32671045,11.3
2026-03-29 04:15:00,0.32640013,11.38
2026-03-29 04:20:00,0.32632255,11.48
2026-03-29 04:25:00,0.32624497,11.56
2026-03-29 04:30:00,0.32589586,11.64
2026-03-29 04:35:00,0.32589586,11.72
2026-03-29 04:40:00,0.32558554,11.8
2026-03-29 04:45:00,0.32546917,11.9
2026-03-29 04:50:00,0.32523643,12.0
2026-03-29 04:55:00,0.3249649,12.08
2026-03-29 05:00:00,0.32465458,12.18
2026-03-29 05:05:00,0.32449942,12.28
2026-03-29 05:10:00,0.32426668,12.38
2026-03-29 05:15:00,0.32403394,12.5
2026-03-29 05:20:00,0.32383999,12.6
2026-03-29 05:25:00,0.32356846,12.7
2026-03-29 05:30:00,0.3234133,12.82
2026-03-29 05:35:00,0.32318056,12.92
2026-03-29 05:40:00,0.32287024,13.04
2026-03-29 05:45:00,0.32267629,13.14
2026-03-29 05:50:00,0.32267629,13.24
2026-03-29 05:55:00,0.32236597,13.36
2026-03-29 06:00:00,0.32213323,13.46
2026-03-29 06:05:00,0.32201686,13.56
2026-03-29 06:10:00,0.32190049,13.64
2026-03-29 06:15:00,0.32174533,13.74
2026-03-29 06:20:00,0.3214738,13.82
2026-03-29 06:25:00,0.32131864,13.9
2026-03-29 06:30:00,0.32120227,14.0
2026-03-29 06:35:00,0.32120227,14.08
2026-03-29 06:40:00,0.32104711,14.16
2026-03-29 06:45:00,0.32100832,14.22
2026-03-29 06:50:00,0.32089195,14.3
2026-03-29 06:55:00,0.32081437,14.36
2026-03-29 07:00:00,0.32062042,14.42
2026-03-29 07:05:00,0.32050405,14.5
2026-03-29 07:10:00,0.32042647,14.52
2026-03-29 07:15:00,0.32034889,14.6
2026-03-29 07:20:00,0.32038768,14.64
2026-03-29 07:25:00,0.32003857,14.7
2026-03-29 07:30:00,0.32007736,14.7
2026-03-29 07:35:00,0.31999978,14.8
2026-03-29 07:40:00,0.31976704,14.8
2026-03-29 07:45:00,0.31961188,14.84
2026-03-29 07:50:00,0.31972825,14.9
2026-03-29 07:55:00,0.3195343,14.9
2026-03-29 08:00:00,0.31965067,14.94
2026-03-29 08:05:00,0.31937914,15.0
2026-03-29 08:10:00,0.31945672,15.0
2026-03-29 08:15:00,0.31941793,15.0
2026-03-29 08:20:00,0.31926277,15.08
2026-03-29 08:25:00,0.31937914,15.1
2026-03-29 08:30:00,0.31937914,15.1
2026-03-29 08:35:00,0.31934035,15.1
2026-03-29 08:40:00,0.3191464,15.1
2026-03-29 08:45:00,0.31922398,15.1
2026-03-29 08:50:00,0.31930156,15.18
2026-03-29 08:55:00,0.31910761,15.2
2026-03-29 09:00:00,0.31941793,15.2
2026-03-29 09:05:00,0.31918519,15.2
2026-03-29 09:10:00,0.31922398,15.2
2026-03-29 09:15:00,0.31906882,15.2
2026-03-29 09:20:00,0.31926277,15.2
2026-03-29 09:25:00,0.3191464,15.2
2026-03-29 09:30:00,0.31906882,15.2
2026-03-29 09:35:00,0.31930156,15.2
2026-03-29 09:40:00,0.31930156,15.2
2026-03-29 09:45:00,0.31926277,15.14
2026-03-29 09:50:00,0.31922398,15.1
2026-03-29 09:55:00,0.31926277,15.1
2026-03-29 10:00:00,0.31930156,15.1
2026-03-29 10:05:00,0.31934035,15.1
2026-03-29 10:10:00,0.31922398,15.1
2026-03-29 10:15:00,0.31957309,15.1
2026-03-29 10:20:00,0.31961188,15.04
2026-03-29 10:25:00,0.31949551,15.0
2026-03-29 10:30:00,0.31949551,15.0
2026-03-29 10:35:00,0.31961188,15.0
2026-03-29 10:40:00,0.31976704,14.98
2026-03-29 10:45:00,0.31988341,14.9
2026-03-29 10:50:00,0.31976704,14.9
2026-03-29 10:55:00,0.31972825,14.9
2026-03-29 11:00:00,0.3199222,14.84
2026-03-29 11:05:00,0.31988341,14.8
2026-03-29 11:10:00,0.32003857,14.8
2026-03-29 11:15:00,0.31988341,14.76
2026-03-29 11:20:00,0.31999978,14.7
2026-03-29 11:25:00,0.32007736,14.7
2026-03-29 11:30:00,0.32007736,14.68
2026-03-29 11:35:00,0.32007736,14.6
2026-03-29 11:40:00,0.32007736,14.6
2026-03-29 11:45:00,0.32019373,14.58
2026-03-29 11:50:00,0.32019373,14.5
2026-03-29 11:55:00,0.32011615,14.5
2026-03-29 12:00:00,0.32034889,14.44
2026-03-29 12:05:00,0.32042647,14.4
2026-03-29 12:10:00,0.3203101,14.38
2026-03-29 12:15:00,0.32050405,14.3
2026-03-29 12:20:00,0.32042647,14.3
2026-03-29 12:25:00,0.32062042,14.26
2026-03-29 12:30:00,0.32054284,14.2
2026-03-29 12:35:00,0.320698,14.2
2026-03-29 12:40:00,0.320698,14.12
2026-03-29 12:45:00,0.32073679,14.1
2026-03-29 12:50:00,0.32058163,14.08
2026-03-29 12:55:00,0.32073679,14.0
2026-03-29 13:00:00,0.32081437,14.0
2026-03-29 13:05:00,0.32081437,13.92
2026-03-29 13:10:00,0.32081437,13.9
2026-03-29 13:15:00,0.32100832,13.86
2026-03-29 13:20:00,0.32096953,13.8
2026-03-29 13:25:00,0.32093074,13.8
2026-03-29 13:30:00,0.32104711,13.72
2026-03-29 13:35:00,0.3210859,13.7
2026-03-29 13:40:00,0.32116348,13.66
2026-03-29 13:45:00,0.32116348,13.6
2026-03-29 13:50:00,0.32104711,13.6
2026-03-29 13:55:00,0.32116348,13.52
2026-03-29 14:00:00,0.32124106,13.5
2026-03-29 14:05:00,0.32116348,13.48
2026-03-29 14:10:00,0.32124106,13.4
2026-03-29 14:15:00,0.32135743,13.4
2026-03-29 14:20:00,0.32112469,13.32
2026-03-29 14:25:00,0.32151259,13.3
2026-03-29 14:30:00,0.3214738,13.24
2026-03-29 14:35:00,0.32120227,13.2
2026-03-29 14:40:00,0.32143501,13.2
2026-03-29 14:45:00,0.32155138,13.12
2026-03-29 14:50:00,0.32143501,13.1
2026-03-29 14:55:00,0.32155138,13.08
2026-03-29 15:00:00,0.32178412,13.0
2026-03-29 15:05:00,0.32155138,13.0
2026-03-29 15:10:00,0.32170654,12.96
2026-03-29 15:15:00,0.32170654,12.9
2026-03-29 15:20:00,0.32170654,12.9
2026-03-29 15:25:00,0.32174533,12.84
2026-03-29 15:30:00,0.32155138,12.8
2026-03-29 15:35:00,0.32197807,12.8
2026-03-29 15:40:00,0.32193928,12.72
2026-03-29 15:45:00,0.32201686,12.7
2026-03-29 15:50:00,0.32197807,12.7
2026-03-29 15:55:00,0.32190049,12.62
2026-03-29 16:00:00,0.32193928,12.6
2026-03-29 16:05:00,0.32193928,12.6
2026-03-29 16:10:00,0.32193928,12.52
2026-03-29 16:15:00,0.32205565,12.5
2026-03-29 16:20:00,0.32193928,12.5
2026-03-29 16:25:00,0.32201686,12.44
2026-03-29 16:30:00,0.32221081,12.4
2026-03-29 16:35:00,0.32197807,12.4
2026-03-29 16:40:00,0.32193928,12.36
2026-03-29 16:45:00,0.32228839,12.3
2026-03-29 16:50:00,0.32236597,12.3
2026-03-29 16:55:00,0.32217202,12.26
2026-03-29 17:00:00,0.32228839,12.2
2026-03-29 17:05:00,0.32232718,12.2
2026-03-29 17:10:00,0.3222496,12.2
2026-03-29 17:15:00,0.32228839,12.1
2026-03-29 17:20:00,0.32244355,12.1
2026-03-29 17:25:00,0.32252113,12.1
2026-03-29 17:30:00,0.32240476,12.08
2026-03-29 17:35:00,0.32252113,12.0
2026-03-29 17:40:00,0.32248234,12.0
2026-03-29 17:45:00,0.32252113,12.0
2026-03-29 17:50:00,0.32232718,12.0
2026-03-29 17:55:00,0.32271508,11.92
2026-03-29 18:00:00,0.32252113,11.9
2026-03-29 18:05:00,0.32255992,11.9
2026-03-29 18:10:00,0.32283145,11.9
2026-03-29 18:15:00,0.32283145,11.84
2026-03-29 18:20:00,0.32267629,11.8
2026-03-29 18:25:00,0.32259871,11.8
2026-03-29 18:30:00,0.32259871,11.8
2026-03-29 18:35:00,0.32283145,11.8
2026-03-29 18:40:00,0.3226375,11.7
2026-03-29 18:45:00,0.32255992,11.7
2026-03-29 18:50:00,0.32271508,11.7
2026-03-29 18:55:00,0.32255992,11.7
2026-03-29 19:00:00,0.32271508,11.7
2026-03-29 19:05:00,0.32259871,11.6
2026-03-29 19:10:00,0.32287024,11.6
2026-03-29 19:15:00,0.32275387,11.6
2026-03-29 19:20:00,0.32283145,11.6
2026-03-29 19:25:00,0.32279266,11.6
2026-03-29 19:30:00,0.32287024,11.54
2026-03-29 19:35:00,0.32290903,11.5
2026-03-29 19:40:00,0.3226375,11.5
2026-03-29 19:45:00,0.32267629,11.5
2026-03-29 19:50:00,0.32279266,11.5
2026-03-29 19:55:00,0.32287024,11.5
2026-03-29 20:00:00,0.32283145,11.4
2026-03-29 20:05:00,0.32287024,11.4
2026-03-29 20:10:00,0.32294782,11.4
2026-03-29 20:15:00,0.32287024,11.4
2026-03-29 20:20:00,0.32283145,11.4
2026-03-29 20:25:00,0.3230254,11.36
2026-03-29 20:30:00,0.32294782,11.3
2026-03-29 20:35:00,0.32321935,11.3
2026-03-29 20:40:00,0.32306419,11.3
2026-03-29 20:45:00,0.32290903,11.3
2026-03-29 20:50:00,0.32287024,11.3
2026-03-29 20:55:00,0.32314177,11.28
2026-03-29 21:00:00,0.32306419,11.2
2026-03-29 21:05:00,0.3230254,11.2
2026-03-29 21:10:00,0.32298661,11.2
2026-03-29 21:15:00,0.32321935,11.2
2026-03-29 21:20:00,0.32298661,11.2
2026-03-29 21:25:00,0.32310298,11.2
2026-03-29 21:30:00,0.32325814,11.14
2026-03-29 21:35:00,0.32321935,11.1
2026-03-29 21:40:00,0.32318056,11.1
2026-03-29 21:45:00,0.32325814,11.1
2026-03-29 21:50:00,0.32310298,11.1
2026-03-29 21:55:00,0.3234133,11.1
2026-03-29 22:00:00,0.32310298,11.1
2026-03-29 22:05:00,0.32314177,11.06
2026-03-29 22:10:00,0.32318056,11.0
2026-03-29 22:15:00,0.32310298,11.0
2026-03-29 22:20:00,0.32329693,11.0
2026-03-29 22:25:00,0.32321935,11.0
2026-03-29 22:30:00,0.32325814,11.0
2026-03-29 22:35:00,0.32329693,11.0
2026-03-29 22:40:00,0.32321935,11.0
2026-03-29 22:45:00,0.32345209,11.0
2026-03-29 22:50:00,0.32321935,11.0
2026-03-29 22:55:00,0.32333572,10.94
2026-03-29 23:00:00,0.32310298,10.9
2026-03-29 23:05:00,0.32314177,10.9
2026-03-29 23:10:00,0.32329693,10.9
2026-03-29 23:15:00,0.32329693,10.9
2026-03-29 23:20:00,0.32325814,10.9
2026-03-29 23:25:00,0.32329693,10.9
2026-03-29 23:30:00,0.32321935,10.9
2026-03-29 23:35:00,0.32314177,10.9
2026-03-29 23:40:00,0.32325814,10.9
2026-03-29 23:45:00,0.32321935,10.9
2026-03-29 23:50:00,0.32329693,10.9
2026-03-29 23:55:00,0.32310298,10.9
2026-03-30 00:00:00,0.32318056,10.92
2026-03-30 00:05:00,0.32318056,11.0
2026-03-30 00:10:00,0.32310298,11.0
2026-03-30 00:15:00,0.32325814,11.0
2026-03-30 00:20:00,0.32298661,11.0
2026-03-30 00:25:00,0.32298661,11.0
2026-03-30 00:30:00,0.3230254,11.0
2026-03-30 00:35:00,0.32321935,11.0
2026-03-30 00:40:00,0.32290903,11.04
2026-03-30 00:45:00,0.32290903,11.1
2026-03-30 00:50:00,0.32298661,11.1
2026-03-30 00:55:00,0.32306419,11.1
2026-03-30 01:00:00,0.32290903,11.1
2026-03-30 01:05:00,0.32283145,11.16
2026-03-30 01:10:00,0.32275387,11.2
2026-03-30 01:15:00,0.32271508,11.2
2026-03-30 01:20:00,0.32283145,11.2
2026-03-30 01:25:00,0.32252113,11.3
2026-03-30 01:30:00,0.32267629,11.3
2026-03-30 01:35:00,0.3226375,11.3
2026-03-30 01:40:00,0.32244355,11.38
2026-03-30 01:45:00,0.32244355,11.4
2026-03-30 01:50:00,0.32232718,11.4
2026-03-30 01:55:00,0.32240476,11.5
2026-03-30 02:00:00,0.32232718,11.5
2026-03-30 02:05:00,0.32228839,11.54
2026-03-30 02:10:00,0.32193928,11.6
2026-03-30 02:15:00,0.32205565,11.6
2026-03-30 02:20:00,0.32193928,11.68
2026-03-30 02:25:00,0.32217202,11.7
2026-03-30 02:30:00,0.3218617,11.74
2026-03-30 02:35:00,0.32174533,11.8
2026-03-30 02:40:00,0.32178412,11.8
2026-03-30 02:45:00,0.32159017,11.9
2026-03-30 02:50:00,0.3218617,11.9
2026-03-30 02:55:00,0.32159017,11.98
2026-03-30 03:00:00,0.3214738,12.0
2026-03-30 03:05:00,0.32143501,12.0
2026-03-30 03:10:00,0.32116348,12.08
2026-03-30 03:15:00,0.32135743,12.1
2026-03-30 03:20:00,0.32135743,12.14
2026-03-30 03:25:00,0.32116348,12.2
2026-03-30 03:30:00,0.32116348,12.2
2026-03-30 03:35:00,0.32112469,12.26
2026-03-30 03:40:00,0.32112469,12.3
2026-03-30 03:45:00,0.3210859,12.3
2026-03-30 03:50:00,0.32093074,12.36
2026-03-30 03:55:00,0.32093074,12.4
2026-03-30 04:00:00,0.32093074,12.4
2026-03-30 04:05:00,0.32062042,12.44
2026-03-30 04:10:00,0.32054284,12.5
2026-03-30 04:15:00,0.32062042,12.5
2026-03-30 04:20:00,0.32077558,12.5
2026-03-30 04:25:00,0.32034889,12.56
2026-03-30 04:30:00,0.32054284,12.6
2026-03-30 04:35:00,0.32058163,12.6
2026-03-30 04:40:00,0.32042647,12.6
2026-03-30 04:45:00,0.32042647,12.66
2026-03-30 04:50:00,0.32050405,12.7
2026-03-30 04:55:00,0.32034889,12.7
2026-03-30 05:00:00,0.32058163,12.7
2026-03-30 05:05:00,0.32042647,12.7
2026-03-30 05:10:00,0.32023252,12.8
2026-03-30 05:15:00,0.32027131,12.8
2026-03-30 05:20:00,0.32038768,12.8
2026-03-30 05:25:00,0.32027131,12.8
2026-03-30 05:30:00,0.32027131,12.8
2026-03-30 05:35:00,0.3203101,12.86
2026-03-30 05:40:00,0.32034889,12.9
2026-03-30 05:45:00,0.3203101,12.9
2026-03-30 05:50:00,0.32034889,12.9
2026-03-30 05:55:00,0.32042647,12.9
2026-03-30 06:00:00,0.3203101,12.9
2026-03-30 06:05:00,0.32034889,12.92
2026-03-30 06:10:00,0.32046526,13.0
2026-03-30 06:15:00,0.32042647,13.0
2026-03-30 06:20:00,0.3203101,13.0
2026-03-30 06:25:00,0.32023252,13.0
2026-03-30 06:30:00,0.32038768,13.0
2026-03-30 06:35:00,0.32050405,13.0
2026-03-30 06:40:00,0.32058163,13.0
2026-03-30 06:45:00,0.32089195,13.1
2026-03-30 06:50:00,0.32131864,13.1
2026-03-30 06:55:00,0.32166775,13.1
2026-03-30 07:00:00,0.32383999,13.1
2026-03-30 07:05:00,0.32543038,13.1
2026-03-30 07:10:00,0.32636134,13.1
2026-03-30 07:15:00,0.3269044,13.2
2026-03-30 07:20:00,0.32702077,13.2
2026-03-30 07:25:00,0.3276802,13.2
2026-03-30 07:30:00,0.32830084,13.2
2026-03-30 07:35:00,0.32965849,13.26
2026-03-30 07:40:00,0.33093856,13.3
2026-03-30 07:45:00,0.33245137,13.36
2026-03-30 07:50:00,0.33408055,13.4
2026-03-30 07:55:00,0.33555457,13.4
2026-03-30 08:00:00,0.33687343,13.4
2026-03-30 08:05:00,0.33768802,13.4
2026-03-30 08:10:00,0.33881293,13.4
2026-03-30 08:15:00,0.33974389,13.4
2026-03-30 08:20:00,0.34114033,13.48
2026-03-30 08:25:00,0.34191613,13.5
2026-03-30 08:30:00,0.34366168,13.5
2026-03-30 08:35:00,0.34517449,13.5
2026-03-30 08:40:00,0.34699762,13.5
2026-03-30 08:45:00,0.3486268,13.5
2026-03-30 08:50:00,0.3525058,13.52
2026-03-30 08:55:00,0.35731576,13.6
2026-03-30 09:00:00,0.36228088,13.62
2026-03-30 09:05:00,0.36487981,13.7
2026-03-30 09:10:00,0.36588835,13.7
2026-03-30 09:15:00,0.36588835,13.7
2026-03-30 09:20:00,0.36550045,13.7
2026-03-30 09:25:00,0.36484102,13.62
2026-03-30 09:30:00,0.36468586,13.6
2026-03-30 09:35:00,0.36464707,13.6
2026-03-30 09:40:00,0.36449191,13.6
2026-03-30 09:45:00,0.36437554,13.6
2026-03-30 09:50:00,0.36383248,13.54
2026-03-30 09:55:00,0.36363853,13.5
2026-03-30 10:00:00,0.363367,13.5
2026-03-30 10:05:00,0.36328942,13.5
2026-03-30 10:10:00,0.36332821,13.5
2026-03-30 10:15:00,0.36344458,13.5
2026-03-30 10:20:00,0.36367732,13.5
2026-03-30 10:25:00,0.36367732,13.5
2026-03-30 10:30:00,0.36367732,13.4
2026-03-30 10:35:00,0.36433675,13.4
2026-03-30 10:40:00,0.36484102,13.4
2026-03-30 10:45:00,0.3649186,13.4
2026-03-30 10:50:00,0.36503497,13.4
2026-03-30 10:55:00,0.36526771,13.4
2026-03-30 11:00:00,0.36588835,13.4
2026-03-30 11:05:00,0.3660823,13.4
2026-03-30 11:10:00,0.36604351,13.3
2026-03-30 11:15:00,0.36612109,13.3
2026-03-30 11:20:00,0.3664702,13.3
2026-03-30 11:25:00,0.36906913,13.3
2026-03-30 11:30:00,0.37182322,13.3
2026-03-30 11:35:00,0.37415062,13.3
2026-03-30 11:40:00,0.37713745,13.3
2026-03-30 11:45:00,0.3792709,13.22
2026-03-30 11:50:00,0.37977517,13.2
2026-03-30 11:55:00,0.38062855,13.2
2026-03-30 12:00:00,0.38078371,13.2
2026-03-30 12:05:00,0.38012428,13.14
2026-03-30 12:10:00,0.37892179,13.1
2026-03-30 12:15:00,0.3781072,13.1
2026-03-30 12:20:00,0.37787446,13.1
2026-03-30 12:25:00,0.3781072,13.1
2026-03-30 12:30:00,0.37814599,13.06
2026-03-30 12:35:00,0.37791325,13.0
2026-03-30 12:40:00,0.37872784,13.0
2026-03-30 12:45:00,0.38272321,13.0
2026-03-30 12:50:00,0.38524456,13.0
2026-03-30 12:55:00,0.38594278,12.9
2026-03-30 13:00:00,0.38912356,12.86
2026-03-30 13:05:00,0.38939509,12.8
2026-03-30 13:10:00,0.38846413,12.8
2026-03-30 13:15:00,0.38830897,12.8
2026-03-30 13:20:00,0.38842534,12.8
2026-03-30 13:25:00,0.38873566,12.8
2026-03-30 13:30:00,0.38978299,12.7
2026-03-30 13:35:00,0.38920114,12.7
2026-03-30 13:40:00,0.38807623,12.7
2026-03-30 13:45:00,0.3874168,12.7
2026-03-30 13:50:00,0.38792107,12.7
2026-03-30 13:55:00,0.38877445,12.7
2026-03-30 14:00:00,0.39106306,12.66
2026-03-30 14:05:00,0.39164491,12.6
2026-03-30 14:10:00,0.39055879,12.6
2026-03-30 14:15:00,0.39044242,12.6
2026-03-30 14:20:00,0.38916235,12.6
2026-03-30 14:25:00,0.38850292,12.6
2026-03-30 14:30:00,0.38749438,12.6
2026-03-30 14:35:00,0.386641,12.6
2026-03-30 14:40:00,0.38644705,12.6
2026-03-30 14:45:00,0.38660221,12.6
2026-03-30 14:50:00,0.38679616,12.6
2026-03-30 14:55:00,0.38726164,12.6
2026-03-30 15:00:00,0.38966662,12.54
2026-03-30 15:05:00,0.39094669,12.5
2026-03-30 15:10:00,0.39059758,12.5
2026-03-30 15:15:00,0.3897442,12.5
2026-03-30 15:20:00,0.38943388,12.5
2026-03-30 15:25:00,0.38993815,12.5
2026-03-30 15:30:00,0.39024847,12.5
2026-03-30 15:35:00,0.39032605,12.5
2026-03-30 15:40:00,0.38966662,12.5
2026-03-30 15:45:00,0.38889082,12.5
2026-03-30 15:50:00,0.38815381,12.5
2026-03-30 15:55:00,0.38745559,12.5
2026-03-30 16:00:00,0.3870289,12.5
2026-03-30 16:05:00,0.38660221,12.5
2026-03-30 16:10:00,0.38629189,12.46
2026-03-30 16:15:00,0.38636947,12.4
2026-03-30 16:20:00,0.38636947,12.4
2026-03-30 16:25:00,0.38656342,12.4
2026-03-30 16:30:00,0.38660221,12.4
2026-03-30 16:35:00,0.38640826,12.4
2026-03-30 16:40:00,0.38617552,12.4
2026-03-30 16:45:00,0.3858652,12.4
2026-03-30 16:50:00,0.38563246,12.4
2026-03-30 16:55:00,0.38512819,12.4
2026-03-30 17:00:00,0.38489545,12.4
2026-03-30 17:05:00,0.38439118,12.4
2026-03-30 17:10:00,0.38411965,12.4
2026-03-30 17:15:00,0.38400328,12.4
2026-03-30 17:20:00,0.38361538,12.4
2026-03-30 17:25:00,0.38334385,12.4
2026-03-30 17:30:00,0.38268442,12.4
2026-03-30 17:35:00,0.38268442,12.4
2026-03-30 17:40:00,0.38233531,12.4
2026-03-30 17:45:00,0.38210257,12.4
2026-03-30 17:50:00,0.38163709,12.4
2026-03-30 17:55:00,0.3812104,12.4
2026-03-30 18:00:00,0.38109403,12.4
2026-03-30 18:05:00,0.3812104,12.4
2026-03-30 18:10:00,0.38101645,12.4
2026-03-30 18:15:00,0.38062855,12.4
2026-03-30 18:20:00,0.38020186,12.4
2026-03-30 18:25:00,0.38020186,12.3
2026-03-30 18:30:00,0.37996912,12.3
2026-03-30 18:35:00,0.37969759,12.3
2026-03-30 18:40:00,0.37950364,12.3
2026-03-30 18:45:00,0.37930969,12.3
2026-03-30 18:50:00,0.37911574,12.3
2026-03-30 18:55:00,0.37915453,12.3
2026-03-30 19:00:00,0.37903816,12.3
2026-03-30 19:05:00,0.37876663,12.3
2026-03-30 19:10:00,0.3784951,12.3
2026-03-30 19:15:00,0.37841752,12.3
2026-03-30 19:20:00,0.37830115,12.3
2026-03-30 19:25:00,0.37822357,12.3
2026-03-30 19:30:00,0.37806841,12.3
2026-03-30 19:35:00,0.3781072,12.3
2026-03-30 19:40:00,0.37752535,12.3
2026-03-30 19:45:00,0.37764172,12.3
2026-03-30 19:50:00,0.37760293,12.3
2026-03-30 19:55:00,0.37752535,12.3
2026-03-30 20:00:00,0.3773314,12.24
2026-03-30 20:05:00,0.37740898,12.2
2026-03-30 20:10:00,0.37705987,12.2
2026-03-30 20:15:00,0.37721503,12.2
2026-03-30 20:20:00,0.37682713,12.2
2026-03-30 20:25:00,0.37690471,12.2
2026-03-30 20:30:00,0.37678834,12.2
2026-03-30 20:35:00,0.37651681,12.2
2026-03-30 20:40:00,0.3761677,12.2
2026-03-30 20:45:00,0.37640044,12.2
2026-03-30 20:50:00,0.37624528,12.2
2026-03-30 20:55:00,0.37640044,12.2
2026-03-30 21:00:00,0.37612891,12.2
2026-03-30 21:05:00,0.37593496,12.2
2026-03-30 21:10:00,0.37597375,12.2
2026-03-30 21:15:00,0.37589617,12.2
2026-03-30 21:20:00,0.37589617,12.1
2026-03-30 21:25:00,0.37574101,12.1
2026-03-30 21:30:00,0.37570222,12.1
2026-03-30 21:35:00,0.37543069,12.1
2026-03-30 21:40:00,0.37527553,12.1
2026-03-30 21:45:00,0.37512037,12.1
2026-03-30 21:50:00,0.37531432,12.1
2026-03-30 21:55:00,0.37535311,12.1
2026-03-30 22:00:00,0.37504279,12.1
2026-03-30 22:05:00,0.37519795,12.06
2026-03-30 22:10:00,0.37512037,12.0
2026-03-30 22:15:00,0.375004,12.0
2026-03-30 22:20:00,0.37488763,12.0
2026-03-30 22:25:00,0.37484884,12.0
2026-03-30 22:30:00,0.37481005,12.0
2026-03-30 22:35:00,0.37465489,12.0
2026-03-30 22:40:00,0.37481005,12.0
2026-03-30 22:45:00,0.37465489,12.0
2026-03-30 22:50:00,0.37449973,12.0
2026-03-30 22:55:00,0.37453852,12.0
2026-03-30 23:00:00,0.37434457,12.0
2026-03-30 23:05:00,0.37442215,12.0
2026-03-30 23:10:00,0.37446094,11.92
2026-03-30 23:15:00,0.37430578,11.9
2026-03-30 23:20:00,0.37399546,11.9
2026-03-30 23:25:00,0.37403425,11.9
2026-03-30 23:30:00,0.37403425,11.9
2026-03-30 23:35:00,0.37395667,11.9
2026-03-30 23:40:00,0.37411183,11.9
2026-03-30 23:45:00,0.37387909,11.9
2026-03-30 23:50:00,0.37376272,11.9
2026-03-30 23:55:00,0.37372393,11.9
2026-03-31 00:00:00,0.37364635,11.9
2026-03-31 00:05:00,0.37376272,11.9
2026-03-31 00:10:00,0.37356877,11.9
2026-03-31 00:15:00,0.37333603,11.9
2026-03-31 00:20:00,0.37337482,11.9
2026-03-31 00:25:00,0.37310329,11.98
2026-03-31 00:30:00,0.37321966,12.0
2026-03-31 00:35:00,0.37321966,12.0
2026-03-31 00:40:00,0.37310329,12.0
2026-03-31 00:45:00,0.37298692,12.0
2026-03-31 00:50:00,0.37298692,12.0
2026-03-31 00:55:00,0.37302571,12.0
2026-03-31 01:00:00,0.37279297,12.0
2026-03-31 01:05:00,0.37290934,12.0
2026-03-31 01:10:00,0.37271539,12.0
2026-03-31 01:15:00,0.3726766,12.0
2026-03-31 01:20:00,0.37256023,12.1
2026-03-31 01:25:00,0.37248265,12.1
2026-03-31 01:30:00,0.37248265,12.1
2026-03-31 01:35:00,0.37232749,12.1
2026-03-31 01:40:00,0.37201717,12.1
2026-03-31 01:45:00,0.37197838,12.14
2026-03-31 01:50:00,0.3719008,12.2
2026-03-31 01:55:00,0.3719008,12.2
2026-03-31 02:00:00,0.37186201,12.2
2026-03-31 02:05:00,0.37159048,12.3
2026-03-31 02:10:00,0.37162927,12.3
2026-03-31 02:15:00,0.37155169,12.36
2026-03-31 02:20:00,0.37147411,12.4
2026-03-31 02:25:00,0.37139653,12.44
2026-03-31 02:30:00,0.37135774,12.5
2026-03-31 02:35:00,0.371125,12.54
2026-03-31 02:40:00,0.37131895,12.6
2026-03-31 02:45:00,0.37100863,12.64
2026-03-31 02:50:00,0.37069831,12.7
2026-03-31 02:55:00,0.37042678,12.76
2026-03-31 03:00:00,0.3703492,12.8
2026-03-31 03:05:00,0.37038799,12.88
2026-03-31 03:10:00,0.37015525,12.92
2026-03-31 03:15:00,0.3699613,13.0
2026-03-31 03:20:00,0.36976735,13.04
2026-03-31 03:25:00,0.36972856,13.1
2026-03-31 03:30:00,0.36972856,13.18
2026-03-31 03:35:00,0.3695734,13.22
2026-03-31 03:40:00,0.3691855,13.3
2026-03-31 03:45:00,0.36914671,13.38
2026-03-31 03:50:00,0.36887518,13.42
2026-03-31 03:55:00,0.36883639,13.5
2026-03-31 04:00:00,0.36860365,13.58
2026-03-31 04:05:00,0.3684097,13.62
2026-03-31 04:10:00,0.36798301,13.7
2026-03-31 04:15:00,0.3680218,13.78
2026-03-31 04:20:00,0.36786664,13.84
2026-03-31 04:25:00,0.36755632,13.9
2026-03-31 04:30:00,0.36732358,14.0
2026-03-31 04:35:00,0.367246,14.06
2026-03-31 04:40:00,0.36678052,14.14
2026-03-31 04:45:00,0.36658657,14.22
2026-03-31 04:50:00,0.36650899,14.3
2026-03-31 04:55:00,0.36631504,14.4
2026-03-31 05:00:00,0.36615988,14.5
2026-03-31 05:05:00,0.36592714,14.6
2026-03-31 05:10:00,0.3656944,14.7
2026-03-31 05:15:00,0.36522892,14.8
2026-03-31 05:20:00,0.36499618,14.9
2026-03-31 05:25:00,0.3649186,15.0
2026-03-31 05:30:00,0.36460828,15.1
2026-03-31 05:35:00,0.36425917,15.22
2026-03-31 05:40:00,0.36406522,15.3
2026-03-31 05:45:00,0.36418159,15.42
2026-03-31 05:50:00,0.36359974,15.52
2026-03-31 05:55:00,0.36325063,15.62
2026-03-31 06:00:00,0.36309547,15.72
2026-03-31 06:05:00,0.36321184,15.82
2026-03-31 06:10:00,0.36305668,15.92
2026-03-31 06:15:00,0.36266878,16.02
2026-03-31 06:20:00,0.36262999,16.1
2026-03-31 06:25:00,0.36239725,16.2
2026-03-31 06:30:00,0.36204814,16.28
2026-03-31 06:35:00,0.36212572,16.34
2026-03-31 06:40:00,0.36177661,16.4
2026-03-31 06:45:00,0.36189298,16.5
2026-03-31 06:50:00,0.36162145,16.52
2026-03-31 06:55:00,0.36185419,16.6
2026-03-31 07:00:00,0.36169903,16.6
2026-03-31 07:05:00,0.36146629,16.7
2026-03-31 07:10:00,0.36146629,16.7
2026-03-31 07:15:00,0.36119476,16.7
2026-03-31 07:20:00,0.36123355,16.78
2026-03-31 07:25:00,0.36115597,16.8
2026-03-31 07:30:00,0.36111718,16.8
2026-03-31 07:35:00,0.36096202,16.8
2026-03-31 07:40:00,0.36080686,16.8
2026-03-31 07:45:00,0.36061291,16.82
2026-03-31 07:50:00,0.36076807,16.9
2026-03-31 07:55:00,0.3606517,16.9
2026-03-31 08:00:00,0.36045775,16.9
2026-03-31 08:05:00,0.36038017,16.9
2026-03-31 08:10:00,0.36053533,16.9
2026-03-31 08:15:00,0.36057412,16.9
2026-03-31 08:20:00,0.36030259,16.9
2026-03-31 08:25:00,0.36038017,16.9
2026-03-31 08:30:00,0.36022501,16.9
2026-03-31 08:35:00,0.3602638,16.9
2026-03-31 08:40:00,0.36006985,16.9
2026-03-31 08:45:00,0.3602638,16.9
2026-03-31 08:50:00,0.36022501,16.82
2026-03-31 08:55:00,0.36003106,16.8
2026-03-31 09:00:00,0.36006985,16.8
2026-03-31 09:05:00,0.35991469,16.8
2026-03-31 09:10:00,0.36018622,16.8
2026-03-31 09:15:00,0.35991469,16.8
2026-03-31 09:20:00,0.36030259,16.76
2026-03-31 09:25:00,0.36014743,16.7
2026-03-31 09:30:00,0.36010864,16.7
2026-03-31 09:35:00,0.3598759,16.7
2026-03-31 09:40:00,0.36018622,16.7
2026-03-31 09:45:00,0.36006985,16.6
2026-03-31 09:50:00,0.35999227,16.6
2026-03-31 09:55:00,0.36010864,16.6
2026-03-31 10:00:00,0.35979832,16.54
2026-03-31 10:05:00,0.35995348,16.5
2026-03-31 10:10:00,0.3598759,16.5
2026-03-31 10:15:00,0.36006985,16.44
2026-03-31 10:20:00,0.35991469,16.4
2026-03-31 10:25:00,0.36003106,16.4
2026-03-31 10:30:00,0.36022501,16.3
2026-03-31 10:35:00,0.36003106,16.3
2026-03-31 10:40:00,0.36006985,16.24
2026-03-31 10:45:00,0.36003106,16.2
2026-03-31 10:50:00,0.35995348,16.18
2026-03-31 10:55:00,0.36014743,16.1
2026-03-31 11:00:00,0.36014743,16.1
2026-03-31 11:05:00,0.35995348,16.02
2026-03-31 11:10:00,0.35999227,16.0
2026-03-31 11:15:00,0.36014743,15.94
2026-03-31 11:20:00,0.35995348,15.9
2026-03-31 11:25:00,0.36006985,15.88
2026-03-31 11:30:00,0.36018622,15.8
2026-03-31 11:35:00,0.35999227,15.8
2026-03-31 11:40:00,0.36034138,15.72
2026-03-31 11:45:00,0.36018622,15.7
2026-03-31 11:50:00,0.36034138,15.66
2026-03-31 11:55:00,0.35999227,15.6
2026-03-31 12:00:00,0.36041896,15.6
2026-03-31 12:05:00,0.36022501,15.5
2026-03-31 12:10:00,0.36030259,15.5
2026-03-31 12:15:00,0.36018622,15.46
2026-03-31 12:20:00,0.36018622,15.4
2026-03-31 12:25:00,0.3602638,15.4
2026-03-31 12:30:00,0.36014743,15.34
2026-03-31 12:35:00,0.36022501,15.3
2026-03-31 12:40:00,0.36038017,15.3
2026-03-31 12:45:00,0.36022501,15.26
2026-03-31 12:50:00,0.36034138,15.2
2026-03-31 12:55:00,0.36034138,15.2
2026-03-31 13:00:00,0.36030259,15.16
2026-03-31 13:05:00,0.36045775,15.1
2026-03-31 13:10:00,0.36034138,15.1
2026-03-31 13:15:00,0.36034138,15.06
2026-03-31 13:20:00,0.36038017,15.0
2026-03-31 13:25:00,0.36057412,15.0
2026-03-31 13:30:00,0.36057412,14.96
2026-03-31 13:35:00,0.36053533,14.9
2026-03-31 13:40:00,0.36022501,14.9
2026-03-31 13:45:00,0.36034138,14.86
2026-03-31 13:50:00,0.36053533,14.8
2026-03-31 13:55:00,0.36057412,14.8
2026-03-31 14:00:00,0.36049654,14.74
2026-03-31 14:05:00,0.36057412,14.7
2026-03-31 14:10:00,0.36049654,14.7
2026-03-31 14:15:00,0.3606517,14.64
2026-03-31 14:20:00,0.36061291,14.6
2026-03-31 14:25:00,0.36057412,14.6
2026-03-31 14:30:00,0.36049654,14.54
2026-03-31 14:35:00,0.36049654,14.5
2026-03-31 14:40:00,0.3606517,14.5
2026-03-31 14:45:00,0.36053533,14.42
2026-03-31 14:50:00,0.36049654,14.4
2026-03-31 14:55:00,0.3606517,14.4
2026-03-31 15:00:00,0.36061291,14.3
2026-03-31 15:05:00,0.3606517,14.3
2026-03-31 15:10:00,0.36053533,14.3
2026-03-31 15:15:00,0.36072928,14.2
2026-03-31 15:20:00,0.36072928,14.2
2026-03-31 15:25:00,0.36061291,14.2
2026-03-31 15:30:00,0.3606517,14.12
2026-03-31 15:35:00,0.36057412,14.1
2026-03-31 15:40:00,0.36072928,14.1
2026-03-31 15:45:00,0.36053533,14.04
2026-03-31 15:50:00,0.36057412,14.0
2026-03-31 15:55:00,0.36072928,14.0
2026-03-31 16:00:00,0.36057412,13.94
2026-03-31 16:05:00,0.36080686,13.9
2026-03-31 16:10:00,0.36069049,13.9
2026-03-31 16:15:00,0.3606517,13.88
2026-03-31 16:20:00,0.3606517,13.8
2026-03-31 16:25:00,0.36076807,13.8
2026-03-31 16:30:00,0.36076807,13.8
2026-03-31 16:35:00,0.36069049,13.72
2026-03-31 16:40:00,0.36069049,13.7
2026-03-31 16:45:00,0.36057412,13.7
2026-03-31 16:50:00,0.3606517,13.68
2026-03-31 16:55:00,0.36069049,13.6
2026-03-31 17:00:00,0.36069049,13.6
2026-03-31 17:05:00,0.36061291,13.6
2026-03-31 17:10:00,0.36084565,13.54
2026-03-31 17:15:00,0.36080686,13.5
2026-03-31 17:20:00,0.36076807,13.5
2026-03-31 17:25:00,0.36069049,13.5
2026-03-31 17:30:00,0.36080686,13.44
2026-03-31 17:35:00,0.36072928,13.4
2026-03-31 17:40:00,0.36057412,13.4
2026-03-31 17:45:00,0.36072928,13.4
2026-03-31 17:50:00,0.36084565,13.36
2026-03-31 17:55:00,0.36072928,13.3
2026-03-31 18:00:00,0.36076807,13.3
2026-03-31 18:05:00,0.36080686,13.3
2026-03-31 18:10:00,0.3606517,13.3
2026-03-31 18:15:00,0.36069049,13.2
2026-03-31 18:20:00,0.36053533,13.2
2026-03-31 18:25:00,0.3606517,13.2
2026-03-31 18:30:00,0.36069049,13.2
2026-03-31 18:35:00,0.36080686,13.2
2026-03-31 18:40:00,0.3606517,13.18
2026-03-31 18:45:00,0.36069049,13.1
2026-03-31 18:50:00,0.36069049,13.1
2026-03-31 18:55:00,0.36084565,13.1
2026-03-31 19:00:00,0.36053533,13.1
2026-03-31 19:05:00,0.36076807,13.1
2026-03-31 19:10:00,0.36076807,13.1
2026-03-31 19:15:00,0.36080686,13.04
2026-03-31 19:20:00,0.36053533,13.0
2026-03-31 19:25:00,0.36072928,13.0
2026-03-31 19:30:00,0.3606517,13.0
2026-03-31 19:35:00,0.36072928,13.0
2026-03-31 19:40:00,0.36061291,13.0
2026-03-31 19:45:00,0.36061291,13.0
2026-03-31 19:50:00,0.36049654,12.92
2026-03-31 19:55:00,0.36076807,12.9
2026-03-31 20:00:00,0.36080686,12.9
2026-03-31 20:05:00,0.3606517,12.9
2026-03-31 20:10:00,0.36061291,12.9
2026-03-31 20:15:00,0.36080686,12.9
2026-03-31 20:20:00,0.3606517,12.82
2026-03-31 20:25:00,0.36061291,12.8
2026-03-31 20:30:00,0.3606517,12.8
2026-03-31 20:35:00,0.36053533,12.8
2026-03-31 20:40:00,0.36072928,12.8
2026-03-31 20:45:00,0.36057412,12.78
2026-03-31 20:50:00,0.36076807,12.7
2026-03-31 20:55:00,0.36061291,12.7
2026-03-31 21:00:00,0.36061291,12.7
2026-03-31 21:05:00,0.36049654,12.7
2026-03-31 21:10:00,0.36061291,12.7
2026-03-31 21:15:00,0.36057412,12.68
2026-03-31 21:20:00,0.36041896,12.6
2026-03-31 21:25:00,0.36061291,12.6
2026-03-31 21:30:00,0.36038017,12.6
2026-03-31 21:35:00,0.36076807,12.6
2026-03-31 21:40:00,0.3606517,12.6
2026-03-31 21:45:00,0.36069049,12.6
2026-03-31 21:50:00,0.36038017,12.52
2026-03-31 21:55:00,0.36049654,12.5
2026-03-31 22:00:00,0.36053533,12.5
2026-03-31 22:05:00,0.36057412,12.5
2026-03-31 22:10:00,0.36041896,12.5
2026-03-31 22:15:00,0.36034138,12.5
2026-03-31 22:20:00,0.3602638,12.5
2026-03-31 22:25:00,0.36057412,12.5
2026-03-31 22:30:00,0.36038017,12.46
2026-03-31 22:35:00,0.36038017,12.4
2026-03-31 22:40:00,0.36057412,12.4
2026-03-31 22:45:00,0.36041896,12.4
2026-03-31 22:50:00,0.36045775,12.4
2026-03-31 22:55:00,0.36057412,12.4
2026-03-31 23:00:00,0.36038017,12.4
2026-03-31 23:05:00,0.36034138,12.4
2026-03-31 23:10:00,0.36053533,12.4
2026-03-31 23:15:00,0.36045775,12.4
2026-03-31 23:20:00,0.36038017,12.4
2026-03-31 23:25:00,0.3602638,12.4
2026-03-31 23:30:00,0.36041896,12.4
2026-03-31 23:35:00,0.36038017,12.4
2026-03-31 23:40:00,0.36010864,12.4
2026-03-31 23:45:00,0.36038017,12.4
2026-03-31 23:50:00,0.36030259,12.4
2026-03-31 23:55:00,0.3602638,12.4
2026-04-01 00:00:00,0.36022501,12.4
2026-04-01 00:05:00,0.35995348,12.4
2026-04-01 00:10:00,0.36010864,12.4
2026-04-01 00:15:00,0.36006985,12.4
2026-04-01 00:20:00,0.36014743,12.4
2026-04-01 00:25:00,0.36006985,12.4
2026-04-01 00:30:00,0.36010864,12.48
2026-04-01 00:35:00,0.36003106,12.5
2026-04-01 00:40:00,0.35995348,12.5
2026-04-01 00:45:00,0.3598759,12.5
2026-04-01 00:50:00,0.35983711,12.5
2026-04-01 00:55:00,0.3598759,12.5
2026-04-01 01:00:00,0.36006985,12.54
2026-04-01 01:05:00,0.35983711,12.6
2026-04-01 01:10:00,0.35995348,12.6
2026-04-01 01:15:00,0.35972074,12.6
2026-04-01 01:20:00,0.35956558,12.6
2026-04-01 01:25:00,0.35956558,12.62
2026-04-01 01:30:00,0.35960437,12.7
2026-04-01 01:35:00,0.35941042,12.7
2026-04-01 01:40:00,0.35975953,12.7
2026-04-01 01:45:00,0.359488,12.7
2026-04-01 01:50:00,0.359488,12.78
2026-04-01 01:55:00,0.35941042,12.8
2026-04-01 02:00:00,0.35952679,12.8
2026-04-01 02:05:00,0.35944921,12.8
2026-04-01 02:10:00,0.35933284,12.88
2026-04-01 02:15:00,0.35929405,12.9
2026-04-01 02:20:00,0.35898373,12.9
2026-04-01 02:25:00,0.35878978,12.9
2026-04-01 02:30:00,0.35894494,12.98
2026-04-01 02:35:00,0.35894494,13.0
2026-04-01 02:40:00,0.35890615,13.0
2026-04-01 02:45:00,0.35886736,13.0
2026-04-01 02:50:00,0.35890615,13.1
2026-04-01 02:55:00,0.35863462,13.1
2026-04-01 03:00:00,0.35851825,13.1
2026-04-01 03:05:00,0.35855704,13.2
2026-04-01 03:10:00,0.3583243,13.2
2026-04-01 03:15:00,0.35824672,13.22
2026-04-01 03:20:00,0.35847946,13.3
2026-04-01 03:25:00,0.35813035,13.3
2026-04-01 03:30:00,0.35824672,13.36
2026-04-01 03:35:00,0.35824672,13.4
2026-04-01 03:40:00,0.35820793,13.42
2026-04-01 03:45:00,0.35805277,13.5
2026-04-01 03:50:00,0.35805277,13.5
2026-04-01 03:55:00,0.35782003,13.58
2026-04-01 04:00:00,0.35770366,13.6
2026-04-01 04:05:00,0.35770366,13.64
2026-04-01 04:10:00,0.35766487,13.7
2026-04-01 04:15:00,0.35750971,13.7
2026-04-01 04:20:00,0.35747092,13.78
2026-04-01 04:25:00,0.35743213,13.8
2026-04-01 04:30:00,0.35735455,13.82
2026-04-01 04:35:00,0.35719939,13.9
2026-04-01 04:40:00,0.35731576,13.9
2026-04-01 04:45:00,0.35712181,13.94
2026-04-01 04:50:00,0.35708302,14.0
2026-04-01 04:55:00,0.35700544,14.0
2026-04-01 05:00:00,0.35696665,14.06
2026-04-01 05:05:00,0.35696665,14.1
2026-04-01 05:10:00,0.35688907,14.1
2026-04-01 05:15:00,0.35688907,14.14
2026-04-01 05:20:00,0.35673391,14.2
2026-04-01 05:25:00,0.35673391,14.2
2026-04-01 05:30:00,0.35669512,14.2
2026-04-01 05:35:00,0.35653996,14.28
2026-04-01 05:40:00,0.35657875,14.3
2026-04-01 05:45:00,0.35646238,14.3
2026-04-01 05:50:00,0.35642359,14.3
2026-04-01 05:55:00,0.35642359,14.4
2026-04-01 06:00:00,0.35634601,14.4
2026-04-01 06:05:00,0.35619085,14.4
2026-04-01 06:10:00,0.35622964,14.46
2026-04-01 06:15:00,0.35611327,14.5
2026-04-01 06:20:00,0.3559969,14.5
2026-04-01 06:25:00,0.35591932,14.52
2026-04-01 06:30:00,0.35572537,14.6
2026-04-01 06:35:00,0.35580295,14.6
2026-04-01 06:40:00,0.35568658,14.6
2026-04-01 06:45:00,0.355609,14.66
2026-04-01 06:50:00,0.355609,14.7
2026-04-01 06:55:00,0.35557021,14.7
2026-04-01 07:00:00,0.35553142,14.7
2026-04-01 07:05:00,0.35557021,14.78
2026-04-01 07:10:00,0.35537626,14.8
2026-04-01 07:15:00,0.35525989,14.8
2026-04-01 07:20:00,0.35525989,14.8
2026-04-01 07:25:00,0.35518231,14.88
2026-04-01 07:30:00,0.35510473,14.9
2026-04-01 07:35:00,0.35502715,14.9
2026-04-01 07:40:00,0.35506594,14.9
2026-04-01 07:45:00,0.35502715,14.9
2026-04-01 07:50:00,0.35491078,14.94
2026-04-01 07:55:00,0.35502715,15.0
2026-04-01 08:00:00,0.35514352,15.0
2026-04-01 08:05:00,0.35502715,15.0
2026-04-01 08:10:00,0.35479441,15.0
2026-04-01 08:15:00,0.35487199,15.0
2026-04-01 08:20:00,0.35467804,15.0
2026-04-01 08:25:00,0.35475562,15.0
2026-04-01 08:30:00,0.3548332,15.0
2026-04-01 08:35:00,0.35479441,15.0
2026-04-01 08:40:00,0.35471683,15.0
2026-04-01 08:45:00,0.35467804,15.0
2026-04-01 08:50:00,0.35463925,15.0
2026-04-01 08:55:00,0.35467804,15.0
2026-04-01 09:00:00,0.35475562,15.0
2026-04-01 09:05:00,0.35463925,15.0
2026-04-01 09:10:00,0.35448409,15.0
2026-04-01 09:15:00,0.35475562,15.0
2026-04-01 09:20:00,0.35463925,15.0
2026-04-01 09:25:00,0.35487199,15.0
2026-04-01 09:30:00,0.35463925,14.98
2026-04-01 09:35:00,0.3548332,14.9
2026-04-01 09:40:00,0.35491078,14.9
2026-04-01 09:45:00,0.35467804,14.9
2026-04-01 09:50:00,0.35475562,14.9
2026-04-01 09:55:00,0.35487199,14.9
2026-04-01 10:00:00,0.35487199,14.82
2026-04-01 10:05:00,0.35487199,14.8
2026-04-01 10:10:00,0.35510473,14.8
2026-04-01 10:15:00,0.35491078,14.8
2026-04-01 10:20:00,0.35491078,14.74
2026-04-01 10:25:00,0.35487199,14.7
2026-04-01 10:30:00,0.35491078,14.7
2026-04-01 10:35:00,0.35487199,14.7
2026-04-01 10:40:00,0.35498836,14.6
2026-04-01 10:45:00,0.35502715,14.6
2026-04-01 10:50:00,0.35498836,14.6
2026-04-01 10:55:00,0.35498836,14.54
2026-04-01 11:00:00,0.35498836,14.5
2026-04-01 11:05:00,0.35514352,14.5
2026-04-01 11:10:00,0.35514352,14.44
2026-04-01 11:15:00,0.35479441,14.4
2026-04-01 11:20:00,0.35494957,14.4
2026-04-01 11:25:00,0.35514352,14.34
2026-04-01 11:30:00,0.3552211,14.3
2026-04-01 11:35:00,0.35510473,14.3
2026-04-01 11:40:00,0.35506594,14.24
2026-04-01 11:45:00,0.35502715,14.2
2026-04-01 11:50:00,0.35525989,14.2
2026-04-01 11:55:00,0.35518231,14.14
2026-04-01 12:00:00,0.35525989,14.1
2026-04-01 12:05:00,0.35533747,14.1
2026-04-01 12:10:00,0.35529868,14.06
2026-04-01 12:15:00,0.35525989,14.0
2026-04-01 12:20:00,0.35545384,14.0
2026-04-01 12:25:00,0.35545384,13.94
2026-04-01 12:30:00,0.35529868,13.9
2026-04-01 12:35:00,0.35533747,13.9
2026-04-01 12:40:00,0.35553142,13.84
2026-04-01 12:45:00,0.35541505,13.8
2026-04-01 12:50:00,0.35545384,13.8
2026-04-01 12:55:00,0.35549263,13.72
2026-04-01 13:00:00,0.35541505,13.7
2026-04-01 13:05:00,0.35553142,13.7
2026-04-01 13:10:00,0.35545384,13.6
2026-04-01 13:15:00,0.35541505,13.6
2026-04-01 13:20:00,0.35553142,13.54
2026-04-01 13:25:00,0.35549263,13.5
2026-04-01 13:30:00,0.35572537,13.5
2026-04-01 13:35:00,0.35580295,13.42
2026-04-01 13:40:00,0.35564779,13.4
2026-04-01 13:45:00,0.355609,13.38
2026-04-01 13:50:00,0.35549263,13.3
2026-04-01 13:55:00,0.35588053,13.3
2026-04-01 14:00:00,0.35576416,13.22
2026-04-01 14:05:00,0.35572537,13.2
2026-04-01 14:10:00,0.35572537,13.18
2026-04-01 14:15:00,0.35588053,13.1
2026-04-01 14:20:00,0.35591932,13.1
2026-04-01 14:25:00,0.35584174,13.04
2026-04-01 14:30:00,0.35584174,13.0
2026-04-01 14:35:00,0.35591932,13.0
2026-04-01 14:40:00,0.35572537,12.92
2026-04-01 14:45:00,0.35595811,12.9
2026-04-01 14:50:00,0.35584174,12.88
2026-04-01 14:55:00,0.35595811,12.8
2026-04-01 15:00:00,0.35607448,12.8
2026-04-01 15:05:00,0.35588053,12.76
2026-04-01 15:10:00,0.3559969,12.7
2026-04-01 15:15:00,0.3559969,12.7
2026-04-01 15:20:00,0.35630722,12.62
2026-04-01 15:25:00,0.35607448,12.6
2026-04-01 15:30:00,0.35619085,12.58
2026-04-01 15:35:00,0.35603569,12.5
2026-04-01 15:40:00,0.35622964,12.5
2026-04-01 15:45:00,0.35630722,12.44
2026-04-01 15:50:00,0.35615206,12.4
2026-04-01 15:55:00,0.35619085,12.4
2026-04-01 16:00:00,0.35615206,12.3
2026-04-01 16:05:00,0.35630722,12.3
2026-04-01 16:10:00,0.35615206,12.26
2026-04-01 16:15:00,0.35642359,12.2
2026-04-01 16:20:00,0.35634601,12.2
2026-04-01 16:25:00,0.35642359,12.12
2026-04-01 16:30:00,0.3563848,12.1
2026-04-01 16:35:00,0.35630722,12.08
2026-04-01 16:40:00,0.35665633,12.0
2026-04-01 16:45:00,0.35669512,12.0
2026-04-01 16:50:00,0.3563848,11.98
2026-04-01 16:55:00,0.35642359,11.9
2026-04-01 17:00:00,0.35653996,11.9
2026-04-01 17:05:00,0.35657875,11.86
2026-04-01 17:10:00,0.35669512,11.8
2026-04-01 17:15:00,0.35646238,11.8
2026-04-01 17:20:00,0.35630722,11.72
2026-04-01 17:25:00,0.35646238,11.7
2026-04-01 17:30:00,0.35657875,11.7
2026-04-01 17:35:00,0.35665633,11.6
2026-04-01 17:40:00,0.35653996,11.6
2026-04-01 17:45:00,0.35642359,11.58
2026-04-01 17:50:00,0.35650117,11.5
2026-04-01 17:55:00,0.35665633,11.5
2026-04-01 18:00:00,0.35642359,11.44
2026-04-01 18:05:00,0.35661754,11.4
2026-04-01 18:10:00,0.35661754,11.4
2026-04-01 18:15:00,0.35653996,11.32
2026-04-01 18:20:00,0.35661754,11.3
2026-04-01 18:25:00,0.35692786,11.3
2026-04-01 18:30:00,0.35673391,11.2
2026-04-01 18:35:00,0.35685028,11.2
2026-04-01 18:40:00,0.35688907,11.18
2026-04-01 18:45:00,0.35688907,11.1
2026-04-01 18:50:00,0.35685028,11.1
2026-04-01 18:55:00,0.35688907,11.06
2026-04-01 19:00:00,0.3567727,11.0
2026-04-01 19:05:00,0.3567727,11.0
2026-04-01 19:10:00,0.35688907,10.96
2026-04-01 19:15:00,0.35719939,10.9
2026-04-01 19:20:00,0.35685028,10.9
2026-04-01 19:25:00,0.35688907,10.86
2026-04-01 19:30:00,0.35712181,10.8
2026-04-01 19:35:00,0.3571606,10.8
2026-04-01 19:40:00,0.35696665,10.76
2026-04-01 19:45:00,0.35696665,10.7
2026-04-01 19:50:00,0.35700544,10.7
2026-04-01 19:55:00,0.35712181,10.68
2026-04-01 20:00:00,0.35723818,10.6
2026-04-01 20:05:00,0.35704423,10.6
2026-04-01 20:10:00,0.35704423,10.56
2026-04-01 20:15:00,0.3571606,10.5
2026-04-01 20:20:00,0.35723818,10.5
2026-04-01 20:25:00,0.35719939,10.48
2026-04-01 20:30:00,0.35719939,10.4
2026-04-01 20:35:00,0.35727697,10.4
2026-04-01 20:40:00,0.3571606,10.4
2026-04-01 20:45:00,0.3571606,10.32
2026-04-01 20:50:00,0.35743213,10.3
2026-04-01 20:55:00,0.35731576,10.3
2026-04-01 21:00:00,0.35727697,10.24
2026-04-01 21:05:00,0.35750971,10.2
2026-04-01 21:10:00,0.35758729,10.2
2026-04-01 21:15:00,0.35758729,10.18
2026-04-01 21:20:00,0.35735455,10.1
2026-04-01 21:25:00,0.35743213,10.1
2026-04-01 21:30:00,0.35731576,10.1
2026-04-01 21:35:00,0.35735455,10.04
2026-04-01 21:40:00,0.3575485,10.0
2026-04-01 21:45:00,0.35743213,10.0
2026-04-01 21:50:00,0.35770366,10.0
2026-04-01 21:55:00,0.35778124,9.9
2026-04-01 22:00:00,0.35758729,9.9
2026-04-01 22:05:00,0.35743213,9.9
2026-04-01 22:10:00,0.35750971,9.84
2026-04-01 22:15:00,0.35774245,9.8
2026-04-01 22:20:00,0.35766487,9.8
2026-04-01 22:25:00,0.3575485,9.78
2026-04-01 22:30:00,0.35778124,9.7
2026-04-01 22:35:00,0.35778124,9.7
2026-04-01 22:40:00,0.35766487,9.7
2026-04-01 22:45:00,0.3575485,9.7
2026-04-01 22:50:00,0.35747092,9.6
2026-04-01 22:55:00,0.35770366,9.6
2026-04-01 23:00:00,0.35758729,9.6
2026-04-01 23:05:00,0.35778124,9.6
2026-04-01 23:10:00,0.35778124,9.58
2026-04-01 23:15:00,0.35758729,9.5
2026-04-01 23:20:00,0.35762608,9.5
2026-04-01 23:25:00,0.35801398,9.5
2026-04-01 23:30:00,0.35758729,9.5
2026-04-01 23:35:00,0.35782003,9.5
2026-04-01 23:40:00,0.35789761,9.5
2026-04-01 23:45:00,0.35774245,9.46
2026-04-01 23:50:00,0.35774245,9.4
2026-04-01 23:55:00,0.35782003,9.4
2026-04-02 00:00:00,0.35750971,9.4
2026-04-02 00:05:00,0.35782003,9.4
2026-04-02 00:10:00,0.35762608,9.4
2026-04-02 00:15:00,0.35770366,9.4
2026-04-02 00:20:00,0.35747092,9.4
2026-04-02 00:25:00,0.35774245,9.4
2026-04-02 00:30:00,0.35743213,9.4
2026-04-02 00:35:00,0.35743213,9.4
2026-04-02 00:40:00,0.35778124,9.42
2026-04-02 00:45:00,0.35750971,9.5
2026-04-02 00:50:00,0.35743213,9.5
2026-04-02 00:55:00,0.35762608,9.5
2026-04-02 01:00:00,0.35782003,9.5
2026-04-02 01:05:00,0.35739334,9.5
2026-04-02 01:10:00,0.35735455,9.5
2026-04-02 01:15:00,0.35735455,9.54
2026-04-02 01:20:00,0.35735455,9.6
2026-04-02 01:25:00,0.35739334,9.6
2026-04-02 01:30:00,0.35723818,9.6
2026-04-02 01:35:00,0.35719939,9.62
2026-04-02 01:40:00,0.35700544,9.7
2026-04-02 01:45:00,0.35696665,9.7
2026-04-02 01:50:00,0.35704423,9.7
2026-04-02 01:55:00,0.35685028,9.8
2026-04-02 02:00:00,0.35665633,9.8
2026-04-02 02:05:00,0.35650117,9.88
2026-04-02 02:10:00,0.3567727,9.9
2026-04-02 02:15:00,0.35646238,9.98
2026-04-02 02:20:00,0.35646238,10.0
2026-04-02 02:25:00,0.35657875,10.08
2026-04-02 02:30:00,0.35622964,10.1
2026-04-02 02:35:00,0.35603569,10.2
2026-04-02 02:40:00,0.35588053,10.24
2026-04-02 02:45:00,0.35603569,10.3
2026-04-02 02:50:00,0.35564779,10.38
2026-04-02 02:55:00,0.35576416,10.42
2026-04-02 03:00:00,0.35549263,10.5
2026-04-02 03:05:00,0.35529868,10.58
2026-04-02 03:10:00,0.3552211,10.62
2026-04-02 03:15:00,0.35514352,10.7
2026-04-02 03:20:00,0.3552211,10.78
2026-04-02 03:25:00,0.3548332,10.82
2026-04-02 03:30:00,0.35463925,10.9
2026-04-02 03:35:00,0.35460046,10.98
2026-04-02 03:40:00,0.35452288,11.02
2026-04-02 03:45:00,0.35421256,11.1
2026-04-02 03:50:00,0.35436772,11.18
2026-04-02 03:55:00,0.35394103,11.24
2026-04-02 04:00:00,0.35401861,11.32
2026-04-02 04:05:00,0.3536695,11.4
2026-04-02 04:10:00,0.35355313,11.48
2026-04-02 04:15:00,0.35320402,11.56
2026-04-02 04:20:00,0.35324281,11.62
2026-04-02 04:25:00,0.35297128,11.7
2026-04-02 04:30:00,0.35285491,11.8
2026-04-02 04:35:00,0.35269975,11.88
2026-04-02 04:40:00,0.3525058,11.96
2026-04-02 04:45:00,0.35235064,12.04
2026-04-02 04:50:00,0.35223427,12.14
2026-04-02 04:55:00,0.35204032,12.22
2026-04-02 05:00:00,0.3521179,12.34
2026-04-02 05:05:00,0.35149726,12.44
2026-04-02 05:10:00,0.35138089,12.54
2026-04-02 05:15:00,0.35130331,12.64
2026-04-02 05:20:00,0.35110936,12.76
2026-04-02 05:25:00,0.35072146,12.86
2026-04-02 05:30:00,0.35060509,12.98
2026-04-02 05:35:00,0.35041114,13.08
2026-04-02 05:40:00,0.35025598,13.2
2026-04-02 05:45:00,0.34998445,13.32
2026-04-02 05:50:00,0.34982929,13.44
2026-04-02 05:55:00,0.34971292,13.56
2026-04-02 06:00:00,0.34936381,13.66
2026-04-02 06:05:00,0.34928623,13.78
2026-04-02 06:10:00,0.34885954,13.88
2026-04-02 06:15:00,0.34870438,14.0
2026-04-02 06:20:00,0.3486268,14.12
2026-04-02 06:25:00,0.34847164,14.22
2026-04-02 06:30:00,0.34820011,14.32
2026-04-02 06:35:00,0.34796737,14.42
2026-04-02 06:40:00,0.347851,14.52
2026-04-02 06:45:00,0.34765705,14.62
2026-04-02 06:50:00,0.34742431,14.72
2026-04-02 06:55:00,0.34726915,14.82
2026-04-02 07:00:00,0.34692004,14.9
2026-04-02 07:05:00,0.34672609,15.0
2026-04-02 07:10:00,0.34664851,15.08
2026-04-02 07:15:00,0.34645456,15.16
2026-04-02 07:20:00,0.34649335,15.24
2026-04-02 07:25:00,0.34606666,15.3
2026-04-02 07:30:00,0.34606666,15.38
2026-04-02 07:35:00,0.34606666,15.44
2026-04-02 07:40:00,0.34610545,15.5
2026-04-02 07:45:00,0.34567876,15.58
2026-04-02 07:50:00,0.34560118,15.6
2026-04-02 07:55:00,0.34560118,15.7
2026-04-02 08:00:00,0.34544602,15.72
2026-04-02 08:05:00,0.34521328,15.8
2026-04-02 08:10:00,0.34548481,15.8
2026-04-02 08:15:00,0.34509691,15.88
2026-04-02 08:20:00,0.34494175,15.9
2026-04-02 08:25:00,0.34509691,15.9
2026-04-02 08:30:00,0.34494175,15.96
2026-04-02 08:35:00,0.34494175,16.0
2026-04-02 08:40:00,0.34490296,16.0
2026-04-02 08:45:00,0.34505812,16.0
2026-04-02 08:50:00,0.34498054,16.0
2026-04-02 08:55:00,0.34482538,16.0
2026-04-02 09:00:00,0.34482538,16.0
2026-04-02 09:05:00,0.34482538,16.0
2026-04-02 09:10:00,0.3447478,16.0
2026-04-02 09:15:00,0.34509691,16.0
2026-04-02 09:20:00,0.34501933,16.0
2026-04-02 09:25:00,0.34482538,16.0
2026-04-02 09:30:00,0.34490296,16.0
2026-04-02 09:35:00,0.34478659,15.98
2026-04-02 09:40:00,0.34494175,15.9
2026-04-02 09:45:00,0.34482538,15.9
2026-04-02 09:50:00,0.34494175,15.9
2026-04-02 09:55:00,0.34494175,15.88
2026-04-02 10:00:00,0.34509691,15.8
2026-04-02 10:05:00,0.34525207,15.8
2026-04-02 10:10:00,0.34521328,15.8
2026-04-02 10:15:00,0.34505812,15.7
2026-04-02 10:20:00,0.34501933,15.7
2026-04-02 10:25:00,0.34544602,15.68
2026-04-02 10:30:00,0.34521328,15.6
2026-04-02 10:35:00,0.3451357,15.6
2026-04-02 10:40:00,0.34525207,15.52
2026-04-02 10:45:00,0.3455236,15.5
2026-04-02 10:50:00,0.34525207,15.46
2026-04-02 10:55:00,0.34548481,15.4
2026-04-02 11:00:00,0.34540723,15.38
2026-04-02 11:05:00,0.3455236,15.3
2026-04-02 11:10:00,0.34563997,15.3
2026-04-02 11:15:00,0.34560118,15.22
2026-04-02 11:20:00,0.34563997,15.2
2026-04-02 11:25:00,0.34567876,15.12
2026-04-02 11:30:00,0.34567876,15.1
2026-04-02 11:35:00,0.34575634,15.02
2026-04-02 11:40:00,0.34583392,15.0
2026-04-02 11:45:00,0.34602787,14.94
2026-04-02 11:50:00,0.3459115,14.9
2026-04-02 11:55:00,0.34595029,14.84
2026-04-02 12:00:00,0.34606666,14.8
2026-04-02 12:05:00,0.34614424,14.74
2026-04-02 12:10:00,0.34622182,14.7
2026-04-02 12:15:00,0.34622182,14.64
2026-04-02 12:20:00,0.34618303,14.6
2026-04-02 12:25:00,0.34622182,14.54
2026-04-02 12:30:00,0.34641577,14.5
2026-04-02 12:35:00,0.3462994,14.44
2026-04-02 12:40:00,0.34637698,14.4
2026-04-02 12:45:00,0.34657093,14.34
2026-04-02 12:50:00,0.34653214,14.3
2026-04-02 12:55:00,0.34657093,14.26
2026-04-02 13:00:00,0.34660972,14.2
2026-04-02 13:05:00,0.3466873,14.16
2026-04-02 13:10:00,0.34664851,14.1
2026-04-02 13:15:00,0.3466873,14.08
2026-04-02 13:20:00,0.34672609,14.0
2026-04-02 13:25:00,0.34692004,14.0
2026-04-02 13:30:00,0.34680367,13.9
2026-04-02 13:35:00,0.34688125,13.9
2026-04-02 13:40:00,0.34695883,13.82
2026-04-02 13:45:00,0.34699762,13.8
2026-04-02 13:50:00,0.34695883,13.74
2026-04-02 13:55:00,0.34699762,13.7
2026-04-02 14:00:00,0.34711399,13.66
2026-04-02 14:05:00,0.34711399,13.6
2026-04-02 14:10:00,0.34711399,13.58
2026-04-02 14:15:00,0.34703641,13.5
2026-04-02 14:20:00,0.34719157,13.5
2026-04-02 14:25:00,0.3470752,13.42
2026-04-02 14:30:00,0.34723036,13.4
2026-04-02 14:35:00,0.34730794,13.36
2026-04-02 14:40:00,0.34742431,13.3
2026-04-02 14:45:00,0.34742431,13.28
2026-04-02 14:50:00,0.3474631,13.2
2026-04-02 14:55:00,0.34730794,13.2
2026-04-02 15:00:00,0.34738552,13.14
2026-04-02 15:05:00,0.34754068,13.1
2026-04-02 15:10:00,0.34750189,13.1
2026-04-02 15:15:00,0.34757947,13.02
2026-04-02 15:20:00,0.34757947,13.0
2026-04-02 15:25:00,0.34757947,13.0
2026-04-02 15:30:00,0.34765705,12.92
2026-04-02 15:35:00,0.34761826,12.9
2026-04-02 15:40:00,0.34765705,12.9
2026-04-02 15:45:00,0.34769584,12.84
2026-04-02 15:50:00,0.34777342,12.8
2026-04-02 15:55:00,0.34800616,12.8
2026-04-02 16:00:00,0.34800616,12.76
2026-04-02 16:05:00,0.347851,12.7
2026-04-02 16:10:00,0.34788979,12.7
2026-04-02 16:15:00,0.34796737,12.7
2026-04-02 16:20:00,0.34796737,12.62
2026-04-02 16:25:00,0.347851,12.6
2026-04-02 16:30:00,0.34788979,12.6
2026-04-02 16:35:00,0.34800616,12.6
2026-04-02 16:40:00,0.34792858,12.52
2026-04-02 16:45:00,0.34804495,12.5
2026-04-02 16:50:00,0.34792858,12.5
2026-04-02 16:55:00,0.34812253,12.5
2026-04-02 17:00:00,0.34804495,12.44
2026-04-02 17:05:00,0.34800616,12.4
2026-04-02 17:10:00,0.34796737,12.4
2026-04-02 17:15:00,0.34804495,12.4
2026-04-02 17:20:00,0.34800616,12.4
2026-04-02 17:25:00,0.34804495,12.32
2026-04-02 17:30:00,0.34800616,12.3
2026-04-02 17:35:00,0.34812253,12.3
2026-04-02 17:40:00,0.34816132,12.3
2026-04-02 17:45:00,0.34831648,12.3
2026-04-02 17:50:00,0.34816132,12.22
2026-04-02 17:55:00,0.34827769,12.2
2026-04-02 18:00:00,0.3482389,12.2
2026-04-02 18:05:00,0.34835527,12.2
2026-04-02 18:10:00,0.34827769,12.2
2026-04-02 18:15:00,0.34839406,12.16
2026-04-02 18:20:00,0.34816132,12.1
2026-04-02 18:25:00,0.34816132,12.1
2026-04-02 18:30:00,0.34835527,12.1
2026-04-02 18:35:00,0.3482389,12.1
2026-04-02 18:40:00,0.34804495,12.08
2026-04-02 18:45:00,0.34843285,12.0
2026-04-02 18:50:00,0.34827769,12.0
2026-04-02 18:55:00,0.34839406,12.0
2026-04-02 19:00:00,0.34831648,12.0
2026-04-02 19:05:00,0.34820011,12.0
2026-04-02 19:10:00,0.34831648,12.0
2026-04-02 19:15:00,0.34827769,11.92
2026-04-02 19:20:00,0.34839406,11.9
2026-04-02 19:25:00,0.34839406,11.9
2026-04-02 19:30:00,0.34816132,11.9
2026-04-02 19:35:00,0.34827769,11.9
2026-04-02 19:40:00,0.34843285,11.88
2026-04-02 19:45:00,0.34835527,11.8
2026-04-02 19:50:00,0.34835527,11.8
2026-04-02 19:55:00,0.34831648,11.8
2026-04-02 20:00:00,0.34843285,11.8
2026-04-02 20:05:00,0.34839406,11.8
2026-04-02 20:10:00,0.34839406,11.72
2026-04-02 20:15:00,0.34847164,11.7
2026-04-02 20:20:00,0.34851043,11.7
2026-04-02 20:25:00,0.34843285,11.7
2026-04-02 20:30:00,0.34847164,11.7
2026-04-02 20:35:00,0.34835527,11.68
2026-04-02 20:40:00,0.34858801,11.6
2026-04-02 20:45:00,0.34851043,11.6
2026-04-02 20:50:00,0.34851043,11.6
2026-04-02 20:55:00,0.34847164,11.6
2026-04-02 21:00:00,0.34847164,11.6
2026-04-02 21:05:00,0.34851043,11.52
2026-04-02 21:10:00,0.34843285,11.5
2026-04-02 21:15:00,0.34854922,11.5
2026-04-02 21:20:00,0.34843285,11.5
2026-04-02 21:25:00,0.34847164,11.5
2026-04-02 21:30:00,0.34858801,11.42
2026-04-02 21:35:00,0.34866559,11.4
2026-04-02 21:40:00,0.34858801,11.4
2026-04-02 21:45:00,0.34874317,11.4
2026-04-02 21:50:00,0.3486268,11.4
2026-04-02 21:55:00,0.34851043,11.3
2026-04-02 22:00:00,0.34874317,11.3
2026-04-02 22:05:00,0.34889833,11.3
2026-04-02 22:10:00,0.34866559,11.3
2026-04-02 22:15:00,0.3486268,11.3
2026-04-02 22:20:00,0.34878196,11.22
2026-04-02 22:25:00,0.34870438,11.2
2026-04-02 22:30:00,0.34866559,11.2
2026-04-02 22:35:00,0.34858801,11.2
2026-04-02 22:40:00,0.34870438,11.2
2026-04-02 22:45:00,0.3490147,11.16
2026-04-02 22:50:00,0.34889833,11.1
2026-04-02 22:55:00,0.34878196,11.1
2026-04-02 23:00:00,0.34866559,11.1
2026-04-02 23:05:00,0.34874317,11.1
2026-04-02 23:10:00,0.34874317,11.1
2026-04-02 23:15:00,0.34882075,11.1
2026-04-02 23:20:00,0.34885954,11.06
2026-04-02 23:25:00,0.34889833,11.0
2026-04-02 23:30:00,0.34882075,11.0
2026-04-02 23:35:00,0.34882075,11.0
2026-04-02 23:40:00,0.34870438,11.0
2026-04-02 23:45:00,0.34878196,11.0
2026-04-02 23:50:00,0.34885954,11.0
2026-04-02 23:55:00,0.34878196,11.0
2026-04-03 00:00:00,0.34882075,11.0
2026-04-03 00:05:00,0.34870438,11.0
2026-04-03 00:10:00,0.34874317,11.0
2026-04-03 00:15:00,0.34874317,11.0
2026-04-03 00:20:00,0.34882075,11.0
2026-04-03 00:25:00,0.34882075,11.0
2026-04-03 00:30:00,0.34870438,11.0
2026-04-03 00:35:00,0.3486268,11.08
2026-04-03 00:40:00,0.34870438,11.1
2026-04-03 00:45:00,0.34882075,11.1
2026-04-03 00:50:00,0.34866559,11.1
2026-04-03 00:55:00,0.3486268,11.1
2026-04-03 01:00:00,0.34854922,11.14
2026-04-03 01:05:00,0.34854922,11.2
2026-04-03 01:10:00,0.34835527,11.2
2026-04-03 01:15:00,0.34831648,11.2
2026-04-03 01:20:00,0.34843285,11.28
2026-04-03 01:25:00,0.34820011,11.3
2026-04-03 01:30:00,0.3482389,11.3
2026-04-03 01:35:00,0.34792858,11.4
2026-04-03 01:40:00,0.34800616,11.4
2026-04-03 01:45:00,0.34781221,11.48
2026-04-03 01:50:00,0.34777342,11.5
2026-04-03 01:55:00,0.34769584,11.56
2026-04-03 02:00:00,0.34757947,11.6
2026-04-03 02:05:00,0.34754068,11.66
2026-04-03 02:10:00,0.34742431,11.7
2026-04-03 02:15:00,0.34730794,11.76
2026-04-03 02:20:00,0.34719157,11.8
2026-04-03 02:25:00,0.34703641,11.88
2026-04-03 02:30:00,0.34711399,11.9
2026-04-03 02:35:00,0.34699762,12.0
2026-04-03 02:40:00,0.34676488,12.02
2026-04-03 02:45:00,0.34645456,12.1
2026-04-03 02:50:00,0.34653214,12.16
2026-04-03 02:55:00,0.3462994,12.2
2026-04-03 03:00:00,0.34606666,12.3
2026-04-03 03:05:00,0.34595029,12.36
2026-04-03 03:10:00,0.34598908,12.42
2026-04-03 03:15:00,0.34579513,12.5
2026-04-03 03:20:00,0.34571755,12.58
2026-04-03 03:25:00,0.34544602,12.64
2026-04-03 03:30:00,0.34505812,12.7
2026-04-03 03:35:00,0.34505812,12.8
2026-04-03 03:40:00,0.34498054,12.86
2026-04-03 03:45:00,0.34478659,12.92
2026-04-03 03:50:00,0.34463143,13.0
2026-04-03 03:55:00,0.34439869,13.08
2026-04-03 04:00:00,0.34424353,13.14
2026-04-03 04:05:00,0.34404958,13.2
2026-04-03 04:10:00,0.34385563,13.3
2026-04-03 04:15:00,0.34389442,13.38
2026-04-03 04:20:00,0.34362289,13.44
2026-04-03 04:25:00,0.34354531,13.5
2026-04-03 04:30:00,0.34323499,13.6
2026-04-03 04:35:00,0.34300225,13.66
2026-04-03 04:40:00,0.34276951,13.72
2026-04-03 04:45:00,0.34273072,13.8
2026-04-03 04:50:00,0.34249798,13.88
2026-04-03 04:55:00,0.34234282,13.94
2026-04-03 05:00:00,0.34207129,14.0
2026-04-03 05:05:00,0.34191613,14.1
2026-04-03 05:10:00,0.34160581,14.16
2026-04-03 05:15:00,0.34141186,14.24
2026-04-03 05:20:00,0.3412567,14.3
2026-04-03 05:25:00,0.34094638,14.4
2026-04-03 05:30:00,0.34079122,14.48
2026-04-03 05:35:00,0.34051969,14.56
2026-04-03 05:40:00,0.34032574,14.64
2026-04-03 05:45:00,0.340093,14.72
2026-04-03 05:50:00,0.33986026,14.8
2026-04-03 05:55:00,0.33958873,14.9
2026-04-03 06:00:00,0.33943357,14.98
2026-04-03 06:05:00,0.33923962,15.06
2026-04-03 06:10:00,0.33900688,15.12
2026-04-03 06:15:00,0.33889051,15.2
2026-04-03 06:20:00,0.33881293,15.3
2026-04-03 06:25:00,0.33877414,15.34
2026-04-03 06:30:00,0.33838624,15.4
2026-04-03 06:35:00,0.33811471,15.5
2026-04-03 06:40:00,0.33834745,15.54
2026-04-03 06:45:00,0.33807592,15.6
2026-04-03 06:50:00,0.33799834,15.66
2026-04-03 06:55:00,0.33799834,15.7
2026-04-03 07:00:00,0.33768802,15.74
2026-04-03 07:05:00,0.33764923,15.8
2026-04-03 07:10:00,0.33768802,15.8
2026-04-03 07:15:00,0.33764923,15.88
2026-04-03 07:20:00,0.33749407,15.9
2026-04-03 07:25:00,0.33745528,15.9
2026-04-03 07:30:00,0.33757165,15.96
2026-04-03 07:35:00,0.33718375,16.0
2026-04-03 07:40:00,0.33730012,16.0
2026-04-03 07:45:00,0.33741649,16.0
2026-04-03 07:50:00,0.33745528,16.0
2026-04-03 07:55:00,0.33726133,16.0
2026-04-03 08:00:00,0.3369898,16.0
2026-04-03 08:05:00,0.33695101,16.08
2026-04-03 08:10:00,0.33702859,16.1
2026-04-03 08:15:00,0.33718375,16.1
2026-04-03 08:20:00,0.33710617,16.1
2026-04-03 08:25:00,0.33722254,16.1
2026-04-03 08:30:00,0.33745528,16.08
2026-04-03 08:35:00,0.33722254,16.0
2026-04-03 08:40:00,0.33722254,16.0
2026-04-03 08:45:00,0.33741649,16.0
2026-04-03 08:50:00,0.33714496,16.0
2026-04-03 08:55:00,0.33722254,16.0
2026-04-03 09:00:00,0.33718375,16.0
2026-04-03 09:05:00,0.33710617,16.0
2026-04-03 09:10:00,0.33726133,15.98
2026-04-03 09:15:00,0.33710617,15.9
2026-04-03 09:20:00,0.33714496,15.9
2026-04-03 09:25:00,0.3373777,15.9
2026-04-03 09:30:00,0.33718375,15.9
2026-04-03 09:35:00,0.3373777,15.86
2026-04-03 09:40:00,0.33726133,15.8
2026-04-03 09:45:00,0.33745528,15.8
2026-04-03 09:50:00,0.33730012,15.8
2026-04-03 09:55:00,0.33745528,15.8
2026-04-03 10:00:00,0.33749407,15.72
2026-04-03 10:05:00,0.33741649,15.7
2026-04-03 10:10:00,0.3373777,15.7
2026-04-03 10:15:00,0.33780439,15.7
2026-04-03 10:20:00,0.33753286,15.62
2026-04-03 10:25:00,0.33772681,15.6
2026-04-03 10:30:00,0.33772681,15.6
2026-04-03 10:35:00,0.33768802,15.58
2026-04-03 10:40:00,0.33749407,15.5
2026-04-03 10:45:00,0.33772681,15.5
2026-04-03 10:50:00,0.33784318,15.5
2026-04-03 10:55:00,0.33799834,15.46
2026-04-03 11:00:00,0.33788197,15.4
2026-04-03 11:05:00,0.3377656,15.4
2026-04-03 11:10:00,0.33784318,15.4
2026-04-03 11:15:00,0.33780439,15.34
2026-04-03 11:20:00,0.33788197,15.3
2026-04-03 11:25:00,0.33795955,15.3
2026-04-03 11:30:00,0.33807592,15.3
2026-04-03 11:35:00,0.33799834,15.26
2026-04-03 11:40:00,0.33807592,15.2
2026-04-03 11:45:00,0.33819229,15.2
2026-04-03 11:50:00,0.33830866,15.2
2026-04-03 11:55:00,0.3381535,15.16
2026-04-03 12:00:00,0.33823108,15.1
2026-04-03 12:05:00,0.3381535,15.1
2026-04-03 12:10:00,0.33838624,15.1
2026-04-03 12:15:00,0.33846382,15.1
2026-04-03 12:20:00,0.33830866,15.0
2026-04-03 12:25:00,0.3385414,15.0
2026-04-03 12:30:00,0.3385414,15.0
2026-04-03 12:35:00,0.33842503,15.0
2026-04-03 12:40:00,0.33861898,14.94
2026-04-03 12:45:00,0.3385414,14.9
2026-04-03 12:50:00,0.3385414,14.9
2026-04-03 12:55:00,0.33881293,14.9
2026-04-03 13:00:00,0.33904567,14.9
2026-04-03 13:05:00,0.33923962,14.8
2026-04-03 13:10:00,0.33939478,14.8
2026-04-03 13:15:00,0.33958873,14.8
2026-04-03 13:20:00,0.33974389,14.8
2026-04-03 13:25:00,0.33978268,14.74
2026-04-03 13:30:00,0.34001542,14.7
2026-04-03 13:35:00,0.34001542,14.7
2026-04-03 13:40:00,0.34028695,14.7
2026-04-03 13:45:00,0.34044211,14.7
2026-04-03 13:50:00,0.34063606,14.64
2026-04-03 13:55:00,0.34071364,14.6
2026-04-03 14:00:00,0.3408688,14.6
2026-04-03 14:05:00,0.34090759,14.6
2026-04-03 14:10:00,0.34098517,14.6
2026-04-03 14:15:00,0.3412567,14.5
2026-04-03 14:20:00,0.34141186,14.5
2026-04-03 14:25:00,0.34141186,14.5
2026-04-03 14:30:00,0.34168339,14.5
2026-04-03 14:35:00,0.34183855,14.48
2026-04-03 14:40:00,0.34187734,14.4
2026-04-03 14:45:00,0.34222645,14.4
2026-04-03 14:50:00,0.3424204,14.4
2026-04-03 14:55:00,0.34296346,14.4
2026-04-03 15:00:00,0.34362289,14.36
2026-04-03 15:05:00,0.34428232,14.3
2026-04-03 15:10:00,0.3451357,14.3
2026-04-03 15:15:00,0.34614424,14.3
2026-04-03 15:20:00,0.34715278,14.28
2026-04-03 15:25:00,0.34827769,14.2
2026-04-03 15:30:00,0.34928623,14.2
2026-04-03 15:35:00,0.35068267,14.2
2026-04-03 15:40:00,0.35238943,14.18
2026-04-03 15:45:00,0.35401861,14.1
2026-04-03 15:50:00,0.355609,14.1
2026-04-03 15:55:00,0.35758729,14.1
2026-04-03 16:00:00,0.35902252,14.02
2026-04-03 16:05:00,0.36038017,14.0
2026-04-03 16:10:00,0.36115597,14.0
2026-04-03 16:15:00,0.36212572,13.96
2026-04-03 16:20:00,0.36290152,13.9
2026-04-03 16:25:00,0.36359974,13.9
2026-04-03 16:30:00,0.36441433,13.9
2026-04-03 16:35:00,0.36557803,13.88
2026-04-03 16:40:00,0.36670294,13.8
2026-04-03 16:45:00,0.36728479,13.8
2026-04-03 16:50:00,0.36821575,13.8
2026-04-03 16:55:00,0.36926308,13.8
2026-04-03 17:00:00,0.37038799,13.72
2026-04-03 17:05:00,0.37170685,13.7
2026-04-03 17:10:00,0.37290934,13.7
2026-04-03 17:15:00,0.37356877,13.7
2026-04-03 17:20:00,0.37403425,13.66
2026-04-03 17:25:00,0.37457731,13.6
2026-04-03 17:30:00,0.37504279,13.6
2026-04-03 17:35:00,0.37566343,13.6
2026-04-03 17:40:00,0.37624528,13.6
2026-04-03 17:45:00,0.37690471,13.56
2026-04-03 17:50:00,0.37729261,13.5
2026-04-03 17:55:00,0.37760293,13.5
2026-04-03 18:00:00,0.3781072,13.5
2026-04-03 18:05:00,0.37950364,13.5
2026-04-03 18:10:00,0.38283958,13.46
2026-04-03 18:15:00,0.38415844,13.4
2026-04-03 18:20:00,0.38536093,13.4
2026-04-03 18:25:00,0.3870289,13.32
2026-04-03 18:30:00,0.38877445,13.28
2026-04-03 18:35:00,0.39071395,13.2
2026-04-03 18:40:00,0.39156733,13.1
2026-04-03 18:45:00,0.39234313,13.1
2026-04-03 18:50:00,0.39230434,13.1
2026-04-03 18:55:00,0.39230434,13.1
2026-04-03 19:00:00,0.39234313,13.1
2026-04-03 19:05:00,0.39280861,13.02
2026-04-03 19:10:00,0.39249829,13.0
2026-04-03 19:15:00,0.39296377,13.0
2026-04-03 19:20:00,0.3932353,13.0
2026-04-03 19:25:00,0.39296377,13.0
2026-04-03 19:30:00,0.39342925,13.0
2026-04-03 19:35:00,0.39304135,13.0
2026-04-03 19:40:00,0.39288619,13.0
2026-04-03 19:45:00,0.39238192,13.0
2026-04-03 19:50:00,0.39242071,13.0
2026-04-03 19:55:00,0.3920716,13.0
2026-04-03 20:00:00,0.3920716,13.0
2026-04-03 20:05:00,0.39199402,13.0
2026-04-03 20:10:00,0.39187765,13.0
2026-04-03 20:15:00,0.39180007,13.0
2026-04-03 20:20:00,0.39187765,13.0
2026-04-03 20:25:00,0.39214918,13.0
2026-04-03 20:30:00,0.39257587,13.0
2026-04-03 20:35:00,0.39327409,13.0
2026-04-03 20:40:00,0.39389473,13.0
2026-04-03 20:45:00,0.39408868,13.0
2026-04-03 20:50:00,0.39447658,13.0
2026-04-03 20:55:00,0.39470932,13.0
2026-04-03 21:00:00,0.39513601,13.0
2026-04-03 21:05:00,0.3955627,13.0
2026-04-03 21:10:00,0.39606697,12.92
2026-04-03 21:15:00,0.3959506,12.9
2026-04-03 21:20:00,0.39548512,12.9
2026-04-03 21:25:00,0.39529117,12.9
2026-04-03 21:30:00,0.39467053,12.9
2026-04-03 21:35:00,0.39432142,12.9
2026-04-03 21:40:00,0.39381715,12.9
2026-04-03 21:45:00,0.39319651,12.9
2026-04-03 21:50:00,0.39300256,12.9
2026-04-03 21:55:00,0.39269224,12.9
2026-04-03 22:00:00,0.39276982,12.9
2026-04-03 22:05:00,0.39315772,12.9
2026-04-03 22:10:00,0.39420505,12.9
2026-04-03 22:15:00,0.39490327,12.9
2026-04-03 22:20:00,0.39525238,12.9
2026-04-03 22:25:00,0.3955627,12.9
2026-04-03 22:30:00,0.3955627,12.9
2026-04-03 22:35:00,0.39532996,12.9
2026-04-03 22:40:00,0.39509722,12.9
2026-04-03 22:45:00,0.39447658,12.9
2026-04-03 22:50:00,0.39432142,12.9
2026-04-03 22:55:00,0.39381715,12.9
2026-04-03 23:00:00,0.39354562,12.9
2026-04-03 23:05:00,0.39339046,12.9
2026-04-03 23:10:00,0.39276982,12.9
2026-04-03 23:15:00,0.39253708,12.9
2026-04-03 23:20:00,0.39226555,12.9
2026-04-03 23:25:00,0.39214918,12.9
2026-04-03 23:30:00,0.39187765,12.9
2026-04-03 23:35:00,0.39137338,12.9
2026-04-03 23:40:00,0.3912958,12.9
2026-04-03 23:45:00,0.39102427,12.9
2026-04-03 23:50:00,0.39067516,12.9
2026-04-03 23:55:00,0.39044242,12.9
2026-04-04 00:00:00,0.39028726,12.9
2026-04-04 00:05:00,0.39020968,12.9
2026-04-04 00:10:00,0.39009331,12.9
2026-04-04 00:15:00,0.38955025,12.9
2026-04-04 00:20:00,0.38947267,12.9
2026-04-04 00:25:00,0.38923993,12.9
2026-04-04 00:30:00,0.38912356,13.0
2026-04-04 00:35:00,0.38881324,13.0
2026-04-04 00:40:00,0.38869687,13.0
2026-04-04 00:45:00,0.38861929,13.0
2026-04-04 00:50:00,0.38803744,13.0
2026-04-04 00:55:00,0.38827018,13.0
2026-04-04 01:00:00,0.38776591,13.1
2026-04-04 01:05:00,0.38761075,13.1
2026-04-04 01:10:00,0.3874168,13.1
2026-04-04 01:15:00,0.38745559,13.12
2026-04-04 01:20:00,0.3870289,13.2
2026-04-04 01:25:00,0.38706769,13.2
2026-04-04 01:30:00,0.38667979,13.2
2026-04-04 01:35:00,0.38640826,13.3
2026-04-04 01:40:00,0.38636947,13.3
2026-04-04 01:45:00,0.38590399,13.36
2026-04-04 01:50:00,0.38574883,13.4
2026-04-04 01:55:00,0.38536093,13.44
2026-04-04 02:00:00,0.38528335,13.5
2026-04-04 02:05:00,0.38520577,13.52
2026-04-04 02:10:00,0.38493424,13.6
2026-04-04 02:15:00,0.38466271,13.64
2026-04-04 02:20:00,0.38454634,13.7
2026-04-04 02:25:00,0.38435239,13.76
2026-04-04 02:30:00,0.38404207,13.8
2026-04-04 02:35:00,0.38380933,13.9
2026-04-04 02:40:00,0.38380933,13.92
2026-04-04 02:45:00,0.38349901,14.0
2026-04-04 02:50:00,0.38326627,14.06
2026-04-04 02:55:00,0.38291716,14.1
2026-04-04 03:00:00,0.38283958,14.2
2026-04-04 03:05:00,0.38260684,14.24
2026-04-04 03:10:00,0.38241289,14.3
2026-04-04 03:15:00,0.38218015,14.36
2026-04-04 03:20:00,0.38194741,14.4
2026-04-04 03:25:00,0.38186983,14.5
2026-04-04 03:30:00,0.38167588,14.52
2026-04-04 03:35:00,0.38124919,14.6
2026-04-04 03:40:00,0.38128798,14.64
2026-04-04 03:45:00,0.38090008,14.7
2026-04-04 03:50:00,0.38078371,14.74
2026-04-04 03:55:00,0.38066734,14.8
2026-04-04 04:00:00,0.38027944,14.86
2026-04-04 04:05:00,0.38024065,14.9
2026-04-04 04:10:00,0.37996912,14.96
2026-04-04 04:15:00,0.37973638,15.0
2026-04-04 04:20:00,0.37962001,15.06
2026-04-04 04:25:00,0.37946485,15.1
2026-04-04 04:30:00,0.37892179,15.16
2026-04-04 04:35:00,0.37899937,15.2
2026-04-04 04:40:00,0.37896058,15.24
2026-04-04 04:45:00,0.37880542,15.3
2026-04-04 04:50:00,0.37853389,15.3
2026-04-04 04:55:00,0.37830115,15.36
2026-04-04 05:00:00,0.37833994,15.4
2026-04-04 05:05:00,0.37806841,15.4
2026-04-04 05:10:00,0.37806841,15.44
2026-04-04 05:15:00,0.37775809,15.5
2026-04-04 05:20:00,0.3777193,15.5
2026-04-04 05:25:00,0.37783567,15.5
2026-04-04 05:30:00,0.37721503,15.5
2026-04-04 05:35:00,0.37702108,15.6
2026-04-04 05:40:00,0.37698229,15.6
2026-04-04 05:45:00,0.37725382,15.6
2026-04-04 05:50:00,0.37667197,15.6
2026-04-04 05:55:00,0.37678834,15.6
2026-04-04 06:00:00,0.37663318,15.68
2026-04-04 06:05:00,0.37640044,15.7
2026-04-04 06:10:00,0.37632286,15.7
2026-04-04 06:15:00,0.37620649,15.7
2026-04-04 06:20:00,0.37574101,15.7
2026-04-04 06:25:00,0.37566343,15.78
2026-04-04 06:30:00,0.37585738,15.8
2026-04-04 06:35:00,0.37562464,15.8
2026-04-04 06:40:00,0.37570222,15.8
2026-04-04 06:45:00,0.37531432,15.88
2026-04-04 06:50:00,0.375004,15.9
2026-04-04 06:55:00,0.37508158,15.9
2026-04-04 07:00:00,0.37512037,15.92
2026-04-04 07:05:00,0.37477126,16.0
2026-04-04 07:10:00,0.37481005,16.0
2026-04-04 07:15:00,0.37465489,16.0
2026-04-04 07:20:00,0.3746161,16.0
2026-04-04 07:25:00,0.37453852,16.0
2026-04-04 07:30:00,0.37438336,16.0
2026-04-04 07:35:00,0.37449973,16.0
2026-04-04 07:40:00,0.37449973,16.0
2026-04-04 07:45:00,0.37426699,16.0
2026-04-04 07:50:00,0.37446094,16.0
2026-04-04 07:55:00,0.37418941,16.0
2026-04-04 08:00:00,0.37426699,16.0
2026-04-04 08:05:00,0.37399546,16.0
2026-04-04 08:10:00,0.37399546,16.0
2026-04-04 08:15:00,0.3742282,16.0
2026-04-04 08:20:00,0.37407304,16.0
2026-04-04 08:25:00,0.37380151,16.0
2026-04-04 08:30:00,0.37399546,15.92
2026-04-04 08:35:00,0.3738403,15.9
2026-04-04 08:40:00,0.37395667,15.9
2026-04-04 08:45:00,0.37380151,15.9
2026-04-04 08:50:00,0.37368514,15.9
2026-04-04 08:55:00,0.37376272,15.82
2026-04-04 09:00:00,0.37380151,15.8
2026-04-04 09:05:00,0.37368514,15.8
2026-04-04 09:10:00,0.37349119,15.8
2026-04-04 09:15:00,0.37329724,15.74
2026-04-04 09:20:00,0.37364635,15.7
2026-04-04 09:25:00,0.37356877,15.7
2026-04-04 09:30:00,0.37314208,15.7
2026-04-04 09:35:00,0.37356877,15.64
2026-04-04 09:40:00,0.37349119,15.6
2026-04-04 09:45:00,0.37329724,15.6
2026-04-04 09:50:00,0.37352998,15.6
2026-04-04 09:55:00,0.37356877,15.5
2026-04-04 10:00:00,0.37337482,15.5
2026-04-04 10:05:00,0.37314208,15.5
2026-04-04 10:10:00,0.37341361,15.46
2026-04-04 10:15:00,0.37329724,15.4
2026-04-04 10:20:00,0.37314208,15.4
2026-04-04 10:25:00,0.37321966,15.38
2026-04-04 10:30:00,0.37318087,15.3
2026-04-04 10:35:00,0.37321966,15.3
2026-04-04 10:40:00,0.3730645,15.3
2026-04-04 10:45:00,0.37310329,15.24
2026-04-04 10:50:00,0.37329724,15.2
2026-04-04 10:55:00,0.37325845,15.2
2026-04-04 11:00:00,0.37321966,15.18
2026-04-04 11:05:00,0.37298692,15.1
2026-04-04 11:10:00,0.37294813,15.1
2026-04-04 11:15:00,0.3730645,15.1
2026-04-04 11:20:00,0.37310329,15.02
2026-04-04 11:25:00,0.37310329,15.0
2026-04-04 11:30:00,0.37325845,15.0
2026-04-04 11:35:00,0.37310329,14.96
2026-04-04 11:40:00,0.37314208,14.9
2026-04-04 11:45:00,0.37310329,14.9
2026-04-04 11:50:00,0.37298692,14.88
2026-04-04 11:55:00,0.3730645,14.8
2026-04-04 12:00:00,0.37318087,14.8
2026-04-04 12:05:00,0.37314208,14.8
2026-04-04 12:10:00,0.37294813,14.72
2026-04-04 12:15:00,0.37314208,14.7
2026-04-04 12:20:00,0.37314208,14.7
2026-04-04 12:25:00,0.3730645,14.66
2026-04-04 12:30:00,0.37294813,14.6
2026-04-04 12:35:00,0.37298692,14.6
2026-04-04 12:40:00,0.37294813,14.6
2026-04-04 12:45:00,0.3730645,14.5
2026-04-04 12:50:00,0.3730645,14.5
2026-04-04 12:55:00,0.37302571,14.5
2026-04-04 13:00:00,0.37290934,14.46
2026-04-04 13:05:00,0.37298692,14.4
2026-04-04 13:10:00,0.37294813,14.4
2026-04-04 13:15:00,0.37298692,14.4
2026-04-04 13:20:00,0.37294813,14.3
2026-04-04 13:25:00,0.37298692,14.3
2026-04-04 13:30:00,0.37290934,14.3
2026-04-04 13:35:00,0.37283176,14.28
2026-04-04 13:40:00,0.37279297,14.2
2026-04-04 13:45:00,0.37298692,14.2
2026-04-04 13:50:00,0.37294813,14.2
2026-04-04 13:55:00,0.3730645,14.2
2026-04-04 14:00:00,0.37314208,14.1
2026-04-04 14:05:00,0.37290934,14.1
2026-04-04 14:10:00,0.37283176,14.1
2026-04-04 14:15:00,0.37290934,14.1
2026-04-04 14:20:00,0.37287055,14.0
2026-04-04 14:25:00,0.37298692,14.0
2026-04-04 14:30:00,0.37298692,14.0
2026-04-04 14:35:00,0.37283176,14.0
2026-04-04 14:40:00,0.37259902,13.9
2026-04-04 14:45:00,0.37283176,13.9
2026-04-04 14:50:00,0.37290934,13.9
2026-04-04 14:55:00,0.37287055,13.9
2026-04-04 15:00:00,0.37290934,13.8
2026-04-04 15:05:00,0.37271539,13.8
2026-04-04 15:10:00,0.37275418,13.8
2026-04-04 15:15:00,0.37259902,13.8
2026-04-04 15:20:00,0.37279297,13.72
2026-04-04 15:25:00,0.37271539,13.7
2026-04-04 15:30:00,0.37271539,13.7
2026-04-04 15:35:00,0.37275418,13.7
2026-04-04 15:40:00,0.37294813,13.66
2026-04-04 15:45:00,0.37271539,13.6
2026-04-04 15:50:00,0.37275418,13.6
2026-04-04 15:55:00,0.37271539,13.6
2026-04-04 16:00:00,0.37263781,13.56
2026-04-04 16:05:00,0.37263781,13.5
2026-04-04 16:10:00,0.37263781,13.5
2026-04-04 16:15:00,0.37256023,13.5
2026-04-04 16:20:00,0.37259902,13.5
2026-04-04 16:25:00,0.37283176,13.4
2026-04-04 16:30:00,0.37263781,13.4
2026-04-04 16:35:00,0.37252144,13.4
2026-04-04 16:40:00,0.37256023,13.4
2026-04-04 16:45:00,0.37279297,13.34
2026-04-04 16:50:00,0.37259902,13.3
2026-04-04 16:55:00,0.37275418,13.3
2026-04-04 17:00:00,0.37263781,13.3
2026-04-04 17:05:00,0.37263781,13.24
2026-04-04 17:10:00,0.3726766,13.2
2026-04-04 17:15:00,0.37271539,13.2
2026-04-04 17:20:00,0.37259902,13.2
2026-04-04 17:25:00,0.37275418,13.2
2026-04-04 17:30:00,0.37263781,13.12
2026-04-04 17:35:00,0.37271539,13.1
2026-04-04 17:40:00,0.37256023,13.1
2026-04-04 17:45:00,0.37244386,13.1
2026-04-04 17:50:00,0.37252144,13.08
2026-04-04 17:55:00,0.37252144,13.0
2026-04-04 18:00:00,0.37240507,13.0
2026-04-04 18:05:00,0.37248265,13.0
2026-04-04 18:10:00,0.37259902,13.0
2026-04-04 18:15:00,0.37256023,12.98
2026-04-04 18:20:00,0.37263781,12.9
2026-04-04 18:25:00,0.37240507,12.9
2026-04-04 18:30:00,0.37256023,12.9
2026-04-04 18:35:00,0.37259902,12.9
2026-04-04 18:40:00,0.37244386,12.9
2026-04-04 18:45:00,0.37263781,12.8
2026-04-04 18:50:00,0.37252144,12.8
2026-04-04 18:55:00,0.37240507,12.8
2026-04-04 19:00:00,0.37256023,12.8
2026-04-04 19:05:00,0.37248265,12.8
2026-04-04 19:10:00,0.37248265,12.72
2026-04-04 19:15:00,0.37259902,12.7
2026-04-04 19:20:00,0.37240507,12.7
2026-04-04 19:25:00,0.37244386,12.7
2026-04-04 19:30:00,0.37240507,12.7
2026-04-04 19:35:00,0.37236628,12.66
2026-04-04 19:40:00,0.37236628,12.6
2026-04-04 19:45:00,0.37263781,12.6
2026-04-04 19:50:00,0.37252144,12.6
2026-04-04 19:55:00,0.37248265,12.6
2026-04-04 20:00:00,0.37232749,12.6
2026-04-04 20:05:00,0.37244386,12.5
2026-04-04 20:10:00,0.37252144,12.5
2026-04-04 20:15:00,0.37244386,12.5
2026-04-04 20:20:00,0.37248265,12.5
2026-04-04 20:25:00,0.37232749,12.5
2026-04-04 20:30:00,0.37236628,12.48
2026-04-04 20:35:00,0.37248265,12.4
2026-04-04 20:40:00,0.37224991,12.4
2026-04-04 20:45:00,0.37236628,12.4
2026-04-04 20:50:00,0.37221112,12.4
2026-04-04 20:55:00,0.37232749,12.4
2026-04-04 21:00:00,0.37240507,12.38
2026-04-04 21:05:00,0.37221112,12.3
2026-04-04 21:10:00,0.37224991,12.3
2026-04-04 21:15:00,0.37248265,12.3
2026-04-04 21:20:00,0.37248265,12.3
2026-04-04 21:25:00,0.37248265,12.3
2026-04-04 21:30:00,0.37244386,12.2
2026-04-04 21:35:00,0.37232749,12.2
2026-04-04 21:40:00,0.3722887,12.2
2026-04-04 21:45:00,0.37240507,12.2
2026-04-04 21:50:00,0.3722887,12.2
2026-04-04 21:55:00,0.37232749,12.16
2026-04-04 22:00:00,0.3722887,12.1
2026-04-04 22:05:00,0.3722887,12.1
2026-04-04 22:10:00,0.37240507,12.1
2026-04-04 22:15:00,0.37193959,12.1
2026-04-04 22:20:00,0.37236628,12.1
2026-04-04 22:25:00,0.37244386,12.04
2026-04-04 22:30:00,0.37213354,12.0
2026-04-04 22:35:00,0.37244386,12.0
2026-04-04 22:40:00,0.37213354,12.0
2026-04-04 22:45:00,0.37224991,12.0
2026-04-04 22:50:00,0.37221112,12.0
2026-04-04 22:55:00,0.37236628,12.0
2026-04-04 23:00:00,0.37213354,11.96
2026-04-04 23:05:00,0.37217233,11.9
2026-04-04 23:10:00,0.37197838,11.9
2026-04-04 23:15:00,0.37193959,11.9
2026-04-04 23:20:00,0.37221112,11.9
2026-04-04 23:25:00,0.37197838,11.9
2026-04-04 23:30:00,0.37197838,11.9
2026-04-04 23:35:00,0.37209475,11.9
2026-04-04 23:40:00,0.37178443,11.9
2026-04-04 23:45:00,0.37193959,11.9
2026-04-04 23:50:00,0.37186201,11.86
2026-04-04 23:55:00,0.3719008,11.8
2026-04-05 00:00:00,0.37197838,11.8
2026-04-05 00:05:00,0.37193959,11.8
2026-04-05 00:10:00,0.37186201,11.8
2026-04-05 00:15:00,0.37182322,11.8
2026-04-05 00:20:00,0.37166806,11.8
2026-04-05 00:25:00,0.37170685,11.8
2026-04-05 00:30:00,0.37162927,11.8
2026-04-05 00:35:00,0.37178443,11.8
2026-04-05 00:40:00,0.3715129,11.8
2026-04-05 00:45:00,0.37159048,11.8
2026-04-05 00:50:00,0.37143532,11.8
2026-04-05 00:55:00,0.37166806,11.8
2026-04-05 01:00:00,0.37135774,11.88
2026-04-05 01:05:00,0.37139653,11.9
2026-04-05 01:10:00,0.37143532,11.9
2026-04-05 01:15:00,0.37120258,11.9
2026-04-05 01:20:00,0.37116379,11.9
2026-04-05 01:25:00,0.37124137,11.9
2026-04-05 01:30:00,0.37108621,11.9
2026-04-05 01:35:00,0.37096984,11.9
2026-04-05 01:40:00,0.37093105,11.9
2026-04-05 01:45:00,0.37096984,11.96
2026-04-05 01:50:00,0.37069831,12.0
2026-04-05 01:55:00,0.37065952,12.0
2026-04-05 02:00:00,0.37046557,12.0
2026-04-05 02:05:00,0.37031041,12.0
2026-04-05 02:10:00,0.37031041,12.1
2026-04-05 02:15:00,0.37019404,12.1
2026-04-05 02:20:00,0.37007767,12.14
2026-04-05 02:25:00,0.37007767,12.2
2026-04-05 02:30:00,0.36965098,12.2
2026-04-05 02:35:00,0.36976735,12.3
2026-04-05 02:40:00,0.36968977,12.32
2026-04-05 02:45:00,0.36965098,12.4
2026-04-05 02:50:00,0.36941824,12.4
2026-04-05 02:55:00,0.36926308,12.5
2026-04-05 03:00:00,0.36937945,12.5
2026-04-05 03:05:00,0.36903034,12.6
2026-04-05 03:10:00,0.36887518,12.6
2026-04-05 03:15:00,0.36856486,12.7
2026-04-05 03:20:00,0.36864244,12.7
2026-04-05 03:25:00,0.36844849,12.8
2026-04-05 03:30:00,0.36833212,12.8
2026-04-05 03:35:00,0.36817696,12.9
2026-04-05 03:40:00,0.36794422,12.9
2026-04-05 03:45:00,0.36794422,13.0
2026-04-05 03:50:00,0.36759511,13.0
2026-04-05 03:55:00,0.36747874,13.1
2026-04-05 04:00:00,0.36736237,13.12
2026-04-05 04:05:00,0.36728479,13.2
2026-04-05 04:10:00,0.36705205,13.24
2026-04-05 04:15:00,0.36705205,13.3
2026-04-05 04:20:00,0.36670294,13.38
2026-04-05 04:25:00,0.36654778,13.4
2026-04-05 04:30:00,0.36639262,13.5
2026-04-05 04:35:00,0.36615988,13.54
2026-04-05 04:40:00,0.3660823,13.6
2026-04-05 04:45:00,0.36584956,13.7
2026-04-05 04:50:00,0.36550045,13.76
2026-04-05 04:55:00,0.36542287,13.82
2026-04-05 05:00:00,0.36519013,13.9
2026-04-05 05:05:00,0.36484102,14.0
2026-04-05 05:10:00,0.36472465,14.08
2026-04-05 05:15:00,0.36449191,14.18
2026-04-05 05:20:00,0.36422038,14.26
2026-04-05 05:25:00,0.36402643,14.36
2026-04-05 05:30:00,0.36359974,14.46
2026-04-05 05:35:00,0.363367,14.58
2026-04-05 05:40:00,0.36309547,14.68
2026-04-05 05:45:00,0.3629791,14.78
2026-04-05 05:50:00,0.36270757,14.88
2026-04-05 05:55:00,0.36228088,14.98
2026-04-05 06:00:00,0.36200935,15.08
2026-04-05 06:05:00,0.36173782,15.18
2026-04-05 06:10:00,0.36138871,15.3
2026-04-05 06:15:00,0.36119476,15.38
2026-04-05 06:20:00,0.36080686,15.48
2026-04-05 06:25:00,0.36061291,15.58
2026-04-05 06:30:00,0.36049654,15.68
2026-04-05 06:35:00,0.36030259,15.78
2026-04-05 06:40:00,0.3598759,15.86
2026-04-05 06:45:00,0.35991469,15.96
2026-04-05 06:50:00,0.35929405,16.06
2026-04-05 06:55:00,0.35941042,16.14
2026-04-05 07:00:00,0.35929405,16.24
2026-04-05 07:05:00,0.35890615,16.3
2026-04-05 07:10:00,0.35851825,16.4
2026-04-05 07:15:00,0.35836309,16.48
2026-04-05 07:20:00,0.35847946,16.54
2026-04-05 07:25:00,0.35816914,16.6
2026-04-05 07:30:00,0.35797519,16.7
2026-04-05 07:35:00,0.35770366,16.74
2026-04-05 07:40:00,0.35782003,16.8
2026-04-05 07:45:00,0.35766487,16.86
2026-04-05 07:50:00,0.35731576,16.9
2026-04-05 07:55:00,0.3571606,16.94
2026-04-05 08:00:00,0.3571606,17.0
2026-04-05 08:05:00,0.35692786,17.0
2026-04-05 08:10:00,0.35712181,17.08
2026-04-05 08:15:00,0.35685028,17.1
2026-04-05 08:20:00,0.35673391,17.1
2026-04-05 08:25:00,0.3567727,17.1
2026-04-05 08:30:00,0.35665633,17.1
2026-04-05 08:35:00,0.35673391,17.12
2026-04-05 08:40:00,0.35646238,17.2
2026-04-05 08:45:00,0.35661754,17.2
2026-04-05 08:50:00,0.3563848,17.2
2026-04-05 08:55:00,0.35630722,17.2
2026-04-05 09:00:00,0.3563848,17.12
2026-04-05 09:05:00,0.35642359,17.1
2026-04-05 09:10:00,0.35646238,17.1
2026-04-05 09:15:00,0.3563848,17.1
2026-04-05 09:20:00,0.35626843,17.1
2026-04-05 09:25:00,0.35619085,17.1
2026-04-05 09:30:00,0.35653996,17.1
2026-04-05 09:35:00,0.3563848,17.02
2026-04-05 09:40:00,0.35657875,17.0
2026-04-05 09:45:00,0.3563848,17.0
2026-04-05 09:50:00,0.35634601,16.98
2026-04-05 09:55:00,0.35661754,16.9
2026-04-05 10:00:00,0.35653996,16.9
2026-04-05 10:05:00,0.3567727,16.88
2026-04-05 10:10:00,0.35657875,16.8
2026-04-05 10:15:00,0.35646238,16.8
2026-04-05 10:20:00,0.35673391,16.74
2026-04-05 10:25:00,0.35665633,16.7
2026-04-05 10:30:00,0.35673391,16.68
2026-04-05 10:35:00,0.35669512,16.6
2026-04-05 10:40:00,0.3567727,16.6
2026-04-05 10:45:00,0.35696665,16.5
2026-04-05 10:50:00,0.35704423,16.5
2026-04-05 10:55:00,0.35692786,16.42
2026-04-05 11:00:00,0.35681149,16.4
2026-04-05 11:05:00,0.35723818,16.32
2026-04-05 11:10:00,0.35731576,16.3
2026-04-05 11:15:00,0.35708302,16.22
2026-04-05 11:20:00,0.35735455,16.2
2026-04-05 11:25:00,0.35735455,16.12
2026-04-05 11:30:00,0.35735455,16.1
2026-04-05 11:35:00,0.35727697,16.02
2026-04-05 11:40:00,0.35743213,16.0
2026-04-05 11:45:00,0.35750971,15.9
2026-04-05 11:50:00,0.35739334,15.88
2026-04-05 11:55:00,0.35750971,15.8
2026-04-05 12:00:00,0.35750971,15.78
2026-04-05 12:05:00,0.35762608,15.7
2026-04-05 12:10:00,0.35785882,15.68
2026-04-05 12:15:00,0.35801398,15.6
2026-04-05 12:20:00,0.35766487,15.56
2026-04-05 12:25:00,0.35778124,15.5
2026-04-05 12:30:00,0.35778124,15.46
2026-04-05 12:35:00,0.35789761,15.4
2026-04-05 12:40:00,0.35789761,15.36
2026-04-05 12:45:00,0.35828551,15.3
2026-04-05 12:50:00,0.35805277,15.3
2026-04-05 12:55:00,0.35801398,15.2
2026-04-05 13:00:00,0.35828551,15.2
2026-04-05 13:05:00,0.35828551,15.12
2026-04-05 13:10:00,0.35840188,15.1
2026-04-05 13:15:00,0.35820793,15.04
2026-04-05 13:20:00,0.35844067,15.0
2026-04-05 13:25:00,0.35859583,14.98
2026-04-05 13:30:00,0.35844067,14.9
2026-04-05 13:35:00,0.35847946,14.9
2026-04-05 13:40:00,0.35851825,14.82
2026-04-05 13:45:00,0.35851825,14.8
2026-04-05 13:50:00,0.35875099,14.78
2026-04-05 13:55:00,0.35875099,14.7
2026-04-05 14:00:00,0.35875099,14.7
2026-04-05 14:05:00,0.35882857,14.68
2026-04-05 14:10:00,0.3587122,14.6
2026-04-05 14:15:00,0.35875099,14.6
2026-04-05 14:20:00,0.35886736,14.6
2026-04-05 14:25:00,0.35886736,14.52
2026-04-05 14:30:00,0.35898373,14.5
2026-04-05 14:35:00,0.35894494,14.5
2026-04-05 14:40:00,0.35898373,14.46
2026-04-05 14:45:00,0.35898373,14.4
2026-04-05 14:50:00,0.35890615,14.4
2026-04-05 14:55:00,0.35894494,14.4
2026-04-05 15:00:00,0.35902252,14.4
2026-04-05 15:05:00,0.35906131,14.3
2026-04-05 15:10:00,0.35913889,14.3
2026-04-05 15:15:00,0.3591001,14.3
2026-04-05 15:20:00,0.35913889,14.3
2026-04-05 15:25:00,0.3591001,14.3
2026-04-05 15:30:00,0.3591001,14.24
2026-04-05 15:35:00,0.35917768,14.2
2026-04-05 15:40:00,0.35917768,14.2
2026-04-05 15:45:00,0.35890615,14.2
2026-04-05 15:50:00,0.35921647,14.2
2026-04-05 15:55:00,0.35898373,14.2
2026-04-05 16:00:00,0.3591001,14.18
2026-04-05 16:05:00,0.35917768,14.1
2026-04-05 16:10:00,0.35917768,14.1
2026-04-05 16:15:00,0.35913889,14.1
2026-04-05 16:20:00,0.35925526,14.1
2026-04-05 16:25:00,0.35906131,14.1
2026-04-05 16:30:00,0.35906131,14.1
2026-04-05 16:35:00,0.35913889,14.1
2026-04-05 16:40:00,0.35902252,14.06
2026-04-05 16:45:00,0.35917768,14.0
2026-04-05 16:50:00,0.35929405,14.0
2026-04-05 16:55:00,0.35929405,14.0
2026-04-05 17:00:00,0.35929405,14.0
2026-04-05 17:05:00,0.35917768,14.0
2026-04-05 17:10:00,0.35913889,14.0
2026-04-05 17:15:00,0.35929405,14.0
2026-04-05 17:20:00,0.35933284,13.92
2026-04-05 17:25:00,0.3591001,13.9
2026-04-05 17:30:00,0.35913889,13.9
2026-04-05 17:35:00,0.35913889,13.9
2026-04-05 17:40:00,0.35929405,13.9
2026-04-05 17:45:00,0.35917768,13.9
2026-04-05 17:50:00,0.35921647,13.9
2026-04-05 17:55:00,0.35941042,13.9
2026-04-05 18:00:00,0.35929405,13.84
2026-04-05 18:05:00,0.35917768,13.8
2026-04-05 18:10:00,0.35941042,13.8
2026-04-05 18:15:00,0.35925526,13.8
2026-04-05 18:20:00,0.35937163,13.8
2026-04-05 18:25:00,0.35929405,13.8
2026-04-05 18:30:00,0.35917768,13.8
2026-04-05 18:35:00,0.3591001,13.8
2026-04-05 18:40:00,0.35925526,13.8
2026-04-05 18:45:00,0.35941042,13.7
2026-04-05 18:50:00,0.35937163,13.7
2026-04-05 18:55:00,0.35917768,13.7
2026-04-05 19:00:00,0.35941042,13.7
2026-04-05 19:05:00,0.35941042,13.7
2026-04-05 19:10:00,0.35925526,13.7
2026-04-05 19:15:00,0.35929405,13.7
2026-04-05 19:20:00,0.35929405,13.7
2026-04-05 19:25:00,0.35929405,13.7
2026-04-05 19:30:00,0.35925526,13.7
2026-04-05 19:35:00,0.35956558,13.62
2026-04-05 19:40:00,0.35933284,13.6
2026-04-05 19:45:00,0.35944921,13.6
2026-04-05 19:50:00,0.359488,13.6
2026-04-05 19:55:00,0.35952679,13.6
2026-04-05 20:00:00,0.359488,13.6
2026-04-05 20:05:00,0.35929405,13.6
2026-04-05 20:10:00,0.35956558,13.6
2026-04-05 20:15:00,0.35917768,13.6
2026-04-05 20:20:00,0.35933284,13.6
2026-04-05 20:25:00,0.35944921,13.6
2026-04-05 20:30:00,0.35937163,13.6
2026-04-05 20:35:00,0.35960437,13.54
2026-04-05 20:40:00,0.35933284,13.5
2026-04-05 20:45:00,0.35952679,13.5
2026-04-05 20:50:00,0.35972074,13.5
2026-04-05 20:55:00,0.35941042,13.5
2026-04-05 21:00:00,0.35933284,13.5
2026-04-05 21:05:00,0.35956558,13.5
2026-04-05 21:10:00,0.35952679,13.5
2026-04-05 21:15:00,0.35944921,13.5
2026-04-05 21:20:00,0.35941042,13.5
2026-04-05 21:25:00,0.35952679,13.5
2026-04-05 21:30:00,0.359488,13.5
2026-04-05 21:35:00,0.35944921,13.42
2026-04-05 21:40:00,0.35937163,13.4
2026-04-05 21:45:00,0.35964316,13.4
2026-04-05 21:50:00,0.35952679,13.4
2026-04-05 21:55:00,0.35937163,13.4
2026-04-05 22:00:00,0.35972074,13.4
2026-04-05 22:05:00,0.35952679,13.4
2026-04-05 22:10:00,0.359488,13.4
2026-04-05 22:15:00,0.35975953,13.4
2026-04-05 22:20:00,0.36022501,13.4
2026-04-05 22:25:00,0.36038017,13.32
2026-04-05 22:30:00,0.36034138,13.3
2026-04-05 22:35:00,0.36038017,13.3
2026-04-05 22:40:00,0.36045775,13.3
2026-04-05 22:45:00,0.36053533,13.3
2026-04-05 22:50:00,0.36069049,13.3
2026-04-05 22:55:00,0.36053533,13.3
2026-04-05 23:00:00,0.36049654,13.3
2026-04-05 23:05:00,0.3606517,13.3
2026-04-05 23:10:00,0.36041896,13.3
2026-04-05 23:15:00,0.36049654,13.3
2026-04-05 23:20:00,0.36045775,13.3
2026-04-05 23:25:00,0.36045775,13.3
2026-04-05 23:30:00,0.36057412,13.3
2026-04-05 23:35:00,0.36053533,13.3
2026-04-05 23:40:00,0.36038017,13.3
2026-04-05 23:45:00,0.36041896,13.3
2026-04-05 23:50:00,0.36061291,13.3
2026-04-05 23:55:00,0.3606517,13.3
2026-04-06 00:00:00,0.36049654,13.3
2026-04-06 00:05:00,0.36053533,13.3
2026-04-06 00:10:00,0.36045775,13.3
2026-04-06 00:15:00,0.36034138,13.3
2026-04-06 00:20:00,0.36041896,13.36
2026-04-06 00:25:00,0.36038017,13.4
2026-04-06 00:30:00,0.36049654,13.4
2026-04-06 00:35:00,0.36045775,13.4
2026-04-06 00:40:00,0.36030259,13.4
2026-04-06 00:45:00,0.36053533,13.42
2026-04-06 00:50:00,0.36049654,13.5
2026-04-06 00:55:00,0.36030259,13.5
2026-04-06 01:00:00,0.36038017,13.5
2026-04-06 01:05:00,0.36038017,13.52
2026-04-06 01:10:00,0.36034138,13.6
2026-04-06 01:15:00,0.36030259,13.6
2026-04-06 01:20:00,0.36038017,13.6
2026-04-06 01:25:00,0.36022501,13.68
2026-04-06 01:30:00,0.3602638,13.7
2026-04-06 01:35:00,0.36022501,13.7
2026-04-06 01:40:00,0.36006985,13.7
2026-04-06 01:45:00,0.36022501,13.8
2026-04-06 01:50:00,0.36022501,13.8
2026-04-06 01:55:00,0.36041896,13.8
2026-04-06 02:00:00,0.36014743,13.82
2026-04-06 02:05:00,0.36018622,13.9
2026-04-06 02:10:00,0.36018622,13.9
2026-04-06 02:15:00,0.36014743,13.9
2026-04-06 02:20:00,0.3602638,13.96
2026-04-06 02:25:00,0.36006985,14.0
2026-04-06 02:30:00,0.36014743,14.0
2026-04-06 02:35:00,0.36003106,14.02
2026-04-06 02:40:00,0.36006985,14.1
2026-04-06 02:45:00,0.36003106,14.1
2026-04-06 02:50:00,0.36003106,14.1
2026-04-06 02:55:00,0.36014743,14.12
2026-04-06 03:00:00,0.36003106,14.2
2026-04-06 03:05:00,0.36006985,14.2
2026-04-06 03:10:00,0.36003106,14.2
2026-04-06 03:15:00,0.36014743,14.2
2026-04-06 03:20:00,0.36022501,14.28
2026-04-06 03:25:00,0.3598759,14.3
2026-04-06 03:30:00,0.36006985,14.3
2026-04-06 03:35:00,0.35983711,14.3
2026-04-06 03:40:00,0.36003106,14.3
2026-04-06 03:45:00,0.36003106,14.34
2026-04-06 03:50:00,0.35999227,14.4
2026-04-06 03:55:00,0.36010864,14.4
2026-04-06 04:00:00,0.36006985,14.4
2026-04-06 04:05:00,0.36018622,14.4
2026-04-06 04:10:00,0.35999227,14.4
2026-04-06 04:15:00,0.36010864,14.5
2026-04-06 04:20:00,0.35999227,14.5
2026-04-06 04:25:00,0.35995348,14.5
2026-04-06 04:30:00,0.36010864,14.5
2026-04-06 04:35:00,0.36006985,14.5
2026-04-06 04:40:00,0.36010864,14.56
2026-04-06 04:45:00,0.35995348,14.6
2026-04-06 04:50:00,0.36003106,14.6
2026-04-06 04:55:00,0.36006985,14.6
2026-04-06 05:00:00,0.36003106,14.6
2026-04-06 05:05:00,0.35995348,14.6
2026-04-06 05:10:00,0.3598759,14.68
2026-04-06 05:15:00,0.36006985,14.7
2026-04-06 05:20:00,0.35999227,14.7
2026-04-06 05:25:00,0.36010864,14.7
2026-04-06 05:30:00,0.36014743,14.7
2026-04-06 05:35:00,0.36010864,14.7
2026-04-06 05:40:00,0.36022501,14.7
2026-04-06 05:45:00,0.36018622,14.7
2026-04-06 05:50:00,0.36022501,14.7
2026-04-06 05:55:00,0.3602638,14.8
2026-04-06 06:00:00,0.36018622,14.8
2026-04-06 06:05:00,0.3602638,14.8
2026-04-06 06:10:00,0.3602638,14.8
2026-04-06 06:15:00,0.36041896,14.8
2026-04-06 06:20:00,0.36038017,14.8
2026-04-06 06:25:00,0.36041896,14.8
2026-04-06 06:30:00,0.36041896,14.8
2026-04-06 06:35:00,0.36049654,14.8
2026-04-06 06:40:00,0.36053533,14.8
2026-04-06 06:45:00,0.36057412,14.8
2026-04-06 06:50:00,0.36053533,14.8
2026-04-06 06:55:00,0.36053533,14.8
2026-04-06 07:00:00,0.36053533,14.8
2026-04-06 07:05:00,0.3606517,14.8
2026-04-06 07:10:00,0.3606517,14.8
2026-04-06 07:15:00,0.36100081,14.8
2026-04-06 07:20:00,0.36092323,14.8
2026-04-06 07:25:00,0.36072928,14.8
2026-04-06 07:30:00,0.36100081,14.8
2026-04-06 07:35:00,0.36100081,14.8
2026-04-06 07:40:00,0.36111718,14.8
2026-04-06 07:45:00,0.36100081,14.8
2026-04-06 07:50:00,0.36100081,14.8
2026-04-06 07:55:00,0.36119476,14.8
2026-04-06 08:00:00,0.36111718,14.8
2026-04-06 08:05:00,0.36107839,14.8
2026-04-06 08:10:00,0.36123355,14.8
2026-04-06 08:15:00,0.36131113,14.8
2026-04-06 08:20:00,0.3614275,14.8
2026-04-06 08:25:00,0.36134992,14.8
2026-04-06 08:30:00,0.36131113,14.8
2026-04-06 08:35:00,0.36154387,14.8
2026-04-06 08:40:00,0.36146629,14.8
2026-04-06 08:45:00,0.36158266,14.8
2026-04-06 08:50:00,0.3618154,14.8
2026-04-06 08:55:00,0.3618154,14.8
2026-04-06 09:00:00,0.36173782,14.8
2026-04-06 09:05:00,0.36189298,14.8
2026-04-06 09:10:00,0.36197056,14.8
2026-04-06 09:15:00,0.36200935,14.72
2026-04-06 09:20:00,0.36197056,14.7
2026-04-06 09:25:00,0.36208693,14.7
2026-04-06 09:30:00,0.36208693,14.7
2026-04-06 09:35:00,0.36204814,14.7
2026-04-06 09:40:00,0.36208693,14.7
2026-04-06 09:45:00,0.3622033,14.7
2026-04-06 09:50:00,0.36212572,14.7
2026-04-06 09:55:00,0.36235846,14.7
2026-04-06 10:00:00,0.36239725,14.7
2026-04-06 10:05:00,0.36247483,14.64
2026-04-06 10:10:00,0.36247483,14.6
2026-04-06 10:15:00,0.36243604,14.6
2026-04-06 10:20:00,0.36255241,14.6
2026-04-06 10:25:00,0.36266878,14.6
2026-04-06 10:30:00,0.36270757,14.6
2026-04-06 10:35:00,0.36278515,14.58
2026-04-06 10:40:00,0.36278515,14.5
2026-04-06 10:45:00,0.3629791,14.5
2026-04-06 10:50:00,0.36305668,14.5
2026-04-06 10:55:00,0.36301789,14.5
2026-04-06 11:00:00,0.36309547,14.42
2026-04-06 11:05:00,0.36305668,14.4
2026-04-06 11:10:00,0.36309547,14.4
2026-04-06 11:15:00,0.36317305,14.4
2026-04-06 11:20:00,0.36321184,14.3
2026-04-06 11:25:00,0.36332821,14.3
2026-04-06 11:30:00,0.36332821,14.3
2026-04-06 11:35:00,0.363367,14.24
2026-04-06 11:40:00,0.36348337,14.2
2026-04-06 11:45:00,0.36340579,14.2
2026-04-06 11:50:00,0.36352216,14.18
2026-04-06 11:55:00,0.36371611,14.1
2026-04-06 12:00:00,0.36356095,14.1
2026-04-06 12:05:00,0.36356095,14.08
2026-04-06 12:10:00,0.3637549,14.0
2026-04-06 12:15:00,0.3637549,14.0
2026-04-06 12:20:00,0.36394885,13.98
2026-04-06 12:25:00,0.36387127,13.9
2026-04-06 12:30:00,0.36391006,13.9
2026-04-06 12:35:00,0.36402643,13.88
2026-04-06 12:40:00,0.36391006,13.8
2026-04-06 12:45:00,0.3641428,13.8
2026-04-06 12:50:00,0.36402643,13.76
2026-04-06 12:55:00,0.36422038,13.7
2026-04-06 13:00:00,0.36437554,13.7
2026-04-06 13:05:00,0.36429796,13.64
2026-04-06 13:10:00,0.36449191,13.6
2026-04-06 13:15:00,0.36449191,13.6
2026-04-06 13:20:00,0.36445312,13.52
2026-04-06 13:25:00,0.36460828,13.5
2026-04-06 13:30:00,0.36456949,13.5
2026-04-06 13:35:00,0.36449191,13.4
2026-04-06 13:40:00,0.36468586,13.4
2026-04-06 13:45:00,0.36456949,13.36
2026-04-06 13:50:00,0.36476344,13.3
2026-04-06 13:55:00,0.36495739,13.3
2026-04-06 14:00:00,0.3649186,13.24
2026-04-06 14:05:00,0.36503497,13.2
2026-04-06 14:10:00,0.36503497,13.2
2026-04-06 14:15:00,0.36515134,13.12
2026-04-06 14:20:00,0.36511255,13.1
2026-04-06 14:25:00,0.36515134,13.1
2026-04-06 14:30:00,0.36534529,13.0
2026-04-06 14:35:00,0.36511255,13.0
2026-04-06 14:40:00,0.36515134,12.98
2026-04-06 14:45:00,0.36522892,12.9
2026-04-06 14:50:00,0.36515134,12.9
2026-04-06 14:55:00,0.36519013,12.88
2026-04-06 15:00:00,0.3653065,12.8
2026-04-06 15:05:00,0.36542287,12.8
2026-04-06 15:10:00,0.36542287,12.76
2026-04-06 15:15:00,0.36553924,12.7
2026-04-06 15:20:00,0.36538408,12.7
2026-04-06 15:25:00,0.36557803,12.64
2026-04-06 15:30:00,0.3653065,12.6
2026-04-06 15:35:00,0.3656944,12.6
2026-04-06 15:40:00,0.36557803,12.52
2026-04-06 15:45:00,0.36565561,12.5
2026-04-06 15:50:00,0.36553924,12.5
2026-04-06 15:55:00,0.36573319,12.4
2026-04-06 16:00:00,0.36565561,12.4
2026-04-06 16:05:00,0.36584956,12.38
2026-04-06 16:10:00,0.36596593,12.3
2026-04-06 16:15:00,0.36612109,12.3
2026-04-06 16:20:00,0.3660823,12.26
2026-04-06 16:25:00,0.36612109,12.2
2026-04-06 16:30:00,0.36627625,12.2
2026-04-06 16:35:00,0.36612109,12.14
2026-04-06 16:40:00,0.36619867,12.1
2026-04-06 16:45:00,0.36619867,12.1
2026-04-06 16:50:00,0.36631504,12.04
2026-04-06 16:55:00,0.36627625,12.0
2026-04-06 17:00:00,0.36627625,12.0
2026-04-06 17:05:00,0.36615988,11.98
2026-04-06 17:10:00,0.36658657,11.9
2026-04-06 17:15:00,0.36635383,11.9
2026-04-06 17:20:00,0.36658657,11.88
2026-04-06 17:25:00,0.3664702,11.8
2026-04-06 17:30:00,0.36643141,11.8
2026-04-06 17:35:00,0.36635383,11.76
2026-04-06 17:40:00,0.36650899,11.7
2026-04-06 17:45:00,0.36643141,11.7
2026-04-06 17:50:00,0.36639262,11.66
2026-04-06 17:55:00,0.36658657,11.6
2026-04-06 18:00:00,0.3664702,11.6
2026-04-06 18:05:00,0.36666415,11.56
2026-04-06 18:10:00,0.36654778,11.5
2026-04-06 18:15:00,0.36650899,11.5
2026-04-06 18:20:00,0.36681931,11.44
2026-04-06 18:25:00,0.36693568,11.4
2026-04-06 18:30:00,0.3668581,11.4
2026-04-06 18:35:00,0.36681931,11.3
2026-04-06 18:40:00,0.36693568,11.3
2026-04-06 18:45:00,0.36674173,11.3
2026-04-06 18:50:00,0.36689689,11.2
2026-04-06 18:55:00,0.36720721,11.2
2026-04-06 19:00:00,0.36693568,11.2
2026-04-06 19:05:00,0.36701326,11.1
2026-04-06 19:10:00,0.367246,11.1
2026-04-06 19:15:00,0.36701326,11.1
2026-04-06 19:20:00,0.36701326,11.0
2026-04-06 19:25:00,0.36705205,11.0
2026-04-06 19:30:00,0.36732358,11.0
2026-04-06 19:35:00,0.36728479,10.92
2026-04-06 19:40:00,0.36751753,10.9
2026-04-06 19:45:00,0.36720721,10.9
2026-04-06 19:50:00,0.36743995,10.84
2026-04-06 19:55:00,0.36743995,10.8
2026-04-06 20:00:00,0.36747874,10.8
2026-04-06 20:05:00,0.3676339,10.76
2026-04-06 20:10:00,0.36743995,10.7
2026-04-06 20:15:00,0.36740116,10.7
2026-04-06 20:20:00,0.36743995,10.68
2026-04-06 20:25:00,0.3676339,10.6
2026-04-06 20:30:00,0.36747874,10.6
2026-04-06 20:35:00,0.3676339,10.58
2026-04-06 20:40:00,0.36771148,10.5
2026-04-06 20:45:00,0.36771148,10.5
2026-04-06 20:50:00,0.36775027,10.5
2026-04-06 20:55:00,0.36790543,10.42
2026-04-06 21:00:00,0.36775027,10.4
2026-04-06 21:05:00,0.36790543,10.4
2026-04-06 21:10:00,0.36778906,10.38
2026-04-06 21:15:00,0.36790543,10.3
2026-04-06 21:20:00,0.36809938,10.3
2026-04-06 21:25:00,0.36809938,10.3
2026-04-06 21:30:00,0.36813817,10.2
2026-04-06 21:35:00,0.36794422,10.2
2026-04-06 21:40:00,0.36809938,10.2
2026-04-06 21:45:00,0.36794422,10.16
2026-04-06 21:50:00,0.36821575,10.1
2026-04-06 21:55:00,0.36806059,10.1
2026-04-06 22:00:00,0.36833212,10.1
2026-04-06 22:05:00,0.36806059,10.02
2026-04-06 22:10:00,0.36817696,10.0
2026-04-06 22:15:00,0.36833212,10.0
2026-04-06 22:20:00,0.36821575,9.98
2026-04-06 22:25:00,0.36829333,9.9
2026-04-06 22:30:00,0.36833212,9.9
2026-04-06 22:35:00,0.36844849,9.9
2026-04-06 22:40:00,0.3684097,9.84
2026-04-06 22:45:00,0.3684097,9.8
2026-04-06 22:50:00,0.36844849,9.8
2026-04-06 22:55:00,0.36860365,9.8
2026-04-06 23:00:00,0.36875881,9.72
2026-04-06 23:05:00,0.36860365,9.7
2026-04-06 23:10:00,0.36860365,9.7
2026-04-06 23:15:00,0.36852607,9.7
2026-04-06 23:20:00,0.36864244,9.62
2026-04-06 23:25:00,0.36837091,9.6
2026-04-06 23:30:00,0.36868123,9.6
2026-04-06 23:35:00,0.36848728,9.6
2026-04-06 23:40:00,0.36860365,9.6
2026-04-06 23:45:00,0.36872002,9.52
2026-04-06 23:50:00,0.36872002,9.5
2026-04-06 23:55:00,0.36872002,9.5
2026-04-07 00:00:00,0.36860365,9.5
2026-04-07 00:05:00,0.36875881,9.5
2026-04-07 00:10:00,0.36868123,9.5
2026-04-07 00:15:00,0.36891397,9.4
2026-04-07 00:20:00,0.36860365,9.4
2026-04-07 00:25:00,0.36887518,9.4
2026-04-07 00:30:00,0.36891397,9.4
2026-04-07 00:35:00,0.36864244,9.4
2026-04-07 00:40:00,0.36891397,9.4
2026-04-07 00:45:00,0.36883639,9.4
2026-04-07 00:50:00,0.36875881,9.4
2026-04-07 00:55:00,0.36895276,9.38
2026-04-07 01:00:00,0.36906913,9.3
2026-04-07 01:05:00,0.36903034,9.3
2026-04-07 01:10:00,0.36891397,9.3
2026-04-07 01:15:00,0.36875881,9.3
2026-04-07 01:20:00,0.36883639,9.3
2026-04-07 01:25:00,0.36868123,9.3
2026-04-07 01:30:00,0.36868123,9.3
2026-04-07 01:35:00,0.36860365,9.32
2026-04-07 01:40:00,0.36887518,9.4
2026-04-07 01:45:00,0.36868123,9.4
2026-04-07 01:50:00,0.36864244,9.4
2026-04-07 01:55:00,0.36860365,9.4
2026-04-07 02:00:00,0.36864244,9.42
2026-04-07 02:05:00,0.36844849,9.5
2026-04-07 02:10:00,0.36837091,9.5
2026-04-07 02:15:00,0.36833212,9.56
2026-04-07 02:20:00,0.36825454,9.6
2026-04-07 02:25:00,0.3680218,9.64
2026-04-07 02:30:00,0.36782785,9.7
2026-04-07 02:35:00,0.36767269,9.74
2026-04-07 02:40:00,0.36759511,9.8
2026-04-07 02:45:00,0.3676339,9.88
2026-04-07 02:50:00,0.36747874,9.92
2026-04-07 02:55:00,0.36747874,10.0
2026-04-07 03:00:00,0.36740116,10.06
2026-04-07 03:05:00,0.36712963,10.1
2026-04-07 03:10:00,0.36705205,10.2
2026-04-07 03:15:00,0.36689689,10.24
2026-04-07 03:20:00,0.36674173,10.3
2026-04-07 03:25:00,0.36662536,10.38
2026-04-07 03:30:00,0.36666415,10.42
2026-04-07 03:35:00,0.36658657,10.5
2026-04-07 03:40:00,0.36631504,10.58
2026-04-07 03:45:00,0.36623746,10.62
2026-04-07 03:50:00,0.36615988,10.7
2026-04-07 03:55:00,0.36581077,10.78
2026-04-07 04:00:00,0.36573319,10.82
2026-04-07 04:05:00,0.36561682,10.9
2026-04-07 04:10:00,0.36553924,10.98
2026-04-07 04:15:00,0.36519013,11.02
2026-04-07 04:20:00,0.36519013,11.1
2026-04-07 04:25:00,0.36507376,11.18
2026-04-07 04:30:00,0.36464707,11.24
2026-04-07 04:35:00,0.36468586,11.3
2026-04-07 04:40:00,0.36441433,11.4
2026-04-07 04:45:00,0.3641428,11.48
2026-04-07 04:50:00,0.36391006,11.56
2026-04-07 04:55:00,0.36402643,11.64
2026-04-07 05:00:00,0.36348337,11.72
2026-04-07 05:05:00,0.36325063,11.8
2026-04-07 05:10:00,0.36328942,11.9
2026-04-07 05:15:00,0.363367,12.0
2026-04-07 05:20:00,0.36309547,12.08
2026-04-07 05:25:00,0.36270757,12.18
2026-04-07 05:30:00,0.36212572,12.28
2026-04-07 05:35:00,0.36204814,12.4
2026-04-07 05:40:00,0.36185419,12.5
2026-04-07 05:45:00,0.36173782,12.6
2026-04-07 05:50:00,0.36169903,12.7
2026-04-07 05:55:00,0.36131113,12.82
2026-04-07 06:00:00,0.36119476,12.92
2026-04-07 06:05:00,0.36076807,13.02
2026-04-07 06:10:00,0.36069049,13.12
2026-04-07 06:15:00,0.36057412,13.22
2026-04-07 06:20:00,0.36018622,13.34
2026-04-07 06:25:00,0.36018622,13.44
2026-04-07 06:30:00,0.35983711,13.54
2026-04-07 06:35:00,0.35964316,13.64
2026-04-07 06:40:00,0.35960437,13.72
2026-04-07 06:45:00,0.35937163,13.8
2026-04-07 06:50:00,0.35921647,13.9
2026-04-07 06:55:00,0.35898373,13.98
2026-04-07 07:00:00,0.35882857,14.06
2026-04-07 07:05:00,0.3587122,14.14
2026-04-07 07:10:00,0.35851825,14.2
2026-04-07 07:15:00,0.35844067,14.3
2026-04-07 07:20:00,0.35844067,14.34
2026-04-07 07:25:00,0.35813035,14.4
2026-04-07 07:30:00,0.3579364,14.5
2026-04-07 07:35:00,0.35797519,14.52
2026-04-07 07:40:00,0.35774245,14.6
2026-04-07 07:45:00,0.35766487,14.64
2026-04-07 07:50:00,0.3575485,14.7
2026-04-07 07:55:00,0.35750971,14.72
2026-04-07 08:00:00,0.35735455,14.8
2026-04-07 08:05:00,0.35719939,14.8
2026-04-07 08:10:00,0.35735455,14.84
2026-04-07 08:15:00,0.35719939,14.9
2026-04-07 08:20:00,0.35700544,14.9
2026-04-07 08:25:00,0.35712181,14.9
2026-04-07 08:30:00,0.35712181,14.9
2026-04-07 08:35:00,0.35708302,14.9
2026-04-07 08:40:00,0.35696665,14.9
2026-04-07 08:45:00,0.35696665,14.9
2026-04-07 08:50:00,0.35708302,14.9
2026-04-07 08:55:00,0.35688907,14.9
2026-04-07 09:00:00,0.35688907,14.9
2026-04-07 09:05:00,0.35708302,14.9
2026-04-07 09:10:00,0.35692786,14.9
2026-04-07 09:15:00,0.35692786,14.9
2026-04-07 09:20:00,0.35673391,14.9
2026-04-07 09:25:00,0.35696665,14.9
2026-04-07 09:30:00,0.35700544,14.8
2026-04-07 09:35:00,0.35696665,14.8
2026-04-07 09:40:00,0.35696665,14.8
2026-04-07 09:45:00,0.35696665,14.76
2026-04-07 09:50:00,0.35708302,14.7
2026-04-07 09:55:00,0.35708302,14.7
2026-04-07 10:00:00,0.35723818,14.64
2026-04-07 10:05:00,0.3571606,14.6
2026-04-07 10:10:00,0.35723818,14.6
2026-04-07 10:15:00,0.35727697,14.5
2026-04-07 10:20:00,0.35735455,14.5
2026-04-07 10:25:00,0.35731576,14.42
2026-04-07 10:30:00,0.35747092,14.4
2026-04-07 10:35:00,0.35739334,14.32
2026-04-07 10:40:00,0.35743213,14.3
2026-04-07 10:45:00,0.35762608,14.24
2026-04-07 10:50:00,0.35762608,14.2
2026-04-07 10:55:00,0.35758729,14.14
2026-04-07 11:00:00,0.35762608,14.1
2026-04-07 11:05:00,0.35762608,14.04
2026-04-07 11:10:00,0.35782003,14.0
2026-04-07 11:15:00,0.35766487,13.92
2026-04-07 11:20:00,0.35782003,13.9
2026-04-07 11:25:00,0.35805277,13.82
2026-04-07 11:30:00,0.3579364,13.8
2026-04-07 11:35:00,0.3579364,13.7
2026-04-07 11:40:00,0.35797519,13.68
2026-04-07 11:45:00,0.35816914,13.6
2026-04-07 11:50:00,0.35809156,13.56
2026-04-07 11:55:00,0.35809156,13.5
2026-04-07 12:00:00,0.3583243,13.46
2026-04-07 12:05:00,0.3583243,13.4
2026-04-07 12:10:00,0.3583243,13.32
2026-04-07 12:15:00,0.35836309,13.3
2026-04-07 12:20:00,0.35836309,13.2
2026-04-07 12:25:00,0.35844067,13.18
2026-04-07 12:30:00,0.35847946,13.1
2026-04-07 12:35:00,0.35863462,13.06
2026-04-07 12:40:00,0.35855704,13.0
2026-04-07 12:45:00,0.35863462,12.96
2026-04-07 12:50:00,0.35890615,12.9
2026-04-07 12:55:00,0.35875099,12.84
2026-04-07 13:00:00,0.35890615,12.8
2026-04-07 13:05:00,0.35886736,12.72
2026-04-07 13:10:00,0.35894494,12.7
2026-04-07 13:15:00,0.35913889,12.6
2026-04-07 13:20:00,0.3591001,12.6
2026-04-07 13:25:00,0.35902252,12.5
2026-04-07 13:30:00,0.35913889,12.48
2026-04-07 13:35:00,0.35917768,12.4
2026-04-07 13:40:00,0.3591001,12.38
2026-04-07 13:45:00,0.35937163,12.3
2026-04-07 13:50:00,0.35925526,12.26
2026-04-07 13:55:00,0.35937163,12.2
2026-04-07 14:00:00,0.35933284,12.14
2026-04-07 14:05:00,0.35968195,12.1
2026-04-07 14:10:00,0.359488,12.06
2026-04-07 14:15:00,0.35956558,12.0
2026-04-07 14:20:00,0.35937163,11.98
2026-04-07 14:25:00,0.35956558,11.9
2026-04-07 14:30:00,0.35964316,11.88
2026-04-07 14:35:00,0.35968195,11.8
2026-04-07 14:40:00,0.35964316,11.8
2026-04-07 14:45:00,0.35960437,11.7
2026-04-07 14:50:00,0.35944921,11.7
2026-04-07 14:55:00,0.35995348,11.62
2026-04-07 15:00:00,0.35968195,11.6
2026-04-07 15:05:00,0.35983711,11.52
2026-04-07 15:10:00,0.35972074,11.5
2026-04-07 15:15:00,0.35991469,11.44
2026-04-07 15:20:00,0.35999227,11.4
2026-04-07 15:25:00,0.35995348,11.36
2026-04-07 15:30:00,0.36006985,11.3
2026-04-07 15:35:00,0.36014743,11.28
2026-04-07 15:40:00,0.36010864,11.2
2026-04-07 15:45:00,0.36010864,11.2
2026-04-07 15:50:00,0.3602638,11.1
2026-04-07 15:55:00,0.36014743,11.1
2026-04-07 16:00:00,0.36010864,11.04
2026-04-07 16:05:00,0.36018622,11.0
2026-04-07 16:10:00,0.3602638,10.98
2026-04-07 16:15:00,0.36034138,10.9
2026-04-07 16:20:00,0.36030259,10.9
2026-04-07 16:25:00,0.36034138,10.82
2026-04-07 16:30:00,0.36049654,10.8
2026-04-07 16:35:00,0.36038017,10.78
2026-04-07 16:40:00,0.36038017,10.7
2026-04-07 16:45:00,0.36061291,10.7
2026-04-07 16:50:00,0.36061291,10.62
2026-04-07 16:55:00,0.36057412,10.6
2026-04-07 17:00:00,0.36072928,10.56
2026-04-07 17:05:00,0.3606517,10.5
2026-04-07 17:10:00,0.36069049,10.5
2026-04-07 17:15:00,0.36084565,10.44
2026-04-07 17:20:00,0.36069049,10.4
2026-04-07 17:25:00,0.36072928,10.4
2026-04-07 17:30:00,0.36088444,10.3
2026-04-07 17:35:00,0.36088444,10.3
2026-04-07 17:40:00,0.36100081,10.28
2026-04-07 17:45:00,0.36100081,10.2
2026-04-07 17:50:00,0.36092323,10.2
2026-04-07 17:55:00,0.36092323,10.16
2026-04-07 18:00:00,0.36084565,10.1
2026-04-07 18:05:00,0.36092323,10.1
2026-04-07 18:10:00,0.36100081,10.06
2026-04-07 18:15:00,0.36107839,10.0
2026-04-07 18:20:00,0.36111718,10.0
2026-04-07 18:25:00,0.36119476,9.96
2026-04-07 18:30:00,0.36127234,9.9
2026-04-07 18:35:00,0.36115597,9.9
2026-04-07 18:40:00,0.36127234,9.84
2026-04-07 18:45:00,0.3610396,9.8
2026-04-07 18:50:00,0.36111718,9.8
2026-04-07 18:55:00,0.36123355,9.72
2026-04-07 19:00:00,0.36123355,9.7
2026-04-07 19:05:00,0.36134992,9.7
2026-04-07 19:10:00,0.36154387,9.64
2026-04-07 19:15:00,0.36134992,9.6
2026-04-07 19:20:00,0.3614275,9.6
2026-04-07 19:25:00,0.36166024,9.54
2026-04-07 19:30:00,0.36154387,9.5
2026-04-07 19:35:00,0.36154387,9.5
2026-04-07 19:40:00,0.36150508,9.46
2026-04-07 19:45:00,0.36158266,9.4
2026-04-07 19:50:00,0.36169903,9.4
2026-04-07 19:55:00,0.3618154,9.4
2026-04-07 20:00:00,0.36169903,9.3
2026-04-07 20:05:00,0.36173782,9.3
2026-04-07 20:10:00,0.36169903,9.3
2026-04-07 20:15:00,0.36177661,9.22
2026-04-07 20:20:00,0.36189298,9.2
2026-04-07 20:25:00,0.36200935,9.2
2026-04-07 20:30:00,0.36197056,9.14
2026-04-07 20:35:00,0.36189298,9.1
2026-04-07 20:40:00,0.36197056,9.1
2026-04-07 20:45:00,0.36193177,9.08
2026-04-07 20:50:00,0.36197056,9.0
2026-04-07 20:55:00,0.36197056,9.0
2026-04-07 21:00:00,0.36216451,9.0
2026-04-07 21:05:00,0.36200935,8.92
2026-04-07 21:10:00,0.36193177,8.9
2026-04-07 21:15:00,0.3622033,8.9
2026-04-07 21:20:00,0.36212572,8.88
2026-04-07 21:25:00,0.36216451,8.8
2026-04-07 21:30:00,0.36231967,8.8
2026-04-07 21:35:00,0.36193177,8.8
2026-04-07 21:40:00,0.36224209,8.74
2026-04-07 21:45:00,0.36212572,8.7
2026-04-07 21:50:00,0.36247483,8.7
2026-04-07 21:55:00,0.36255241,8.7
2026-04-07 22:00:00,0.36216451,8.64
2026-04-07 22:05:00,0.3622033,8.6
2026-04-07 22:10:00,0.36235846,8.6
2026-04-07 22:15:00,0.36255241,8.6
2026-04-07 22:20:00,0.36235846,8.54
2026-04-07 22:25:00,0.36235846,8.5
2026-04-07 22:30:00,0.36266878,8.5
2026-04-07 22:35:00,0.36243604,8.5
2026-04-07 22:40:00,0.36235846,8.42
2026-04-07 22:45:00,0.3625912,8.4
2026-04-07 22:50:00,0.36231967,8.4
2026-04-07 22:55:00,0.36239725,8.4
2026-04-07 23:00:00,0.36255241,8.36
2026-04-07 23:05:00,0.36266878,8.3
2026-04-07 23:10:00,0.36262999,8.3
2026-04-07 23:15:00,0.3625912,8.3
2026-04-07 23:20:00,0.36282394,8.3
2026-04-07 23:25:00,0.36235846,8.22
2026-04-07 23:30:00,0.3625912,8.2
2026-04-07 23:35:00,0.36243604,8.2
2026-04-07 23:40:00,0.36266878,8.2
2026-04-07 23:45:00,0.3625912,8.2
2026-04-07 23:50:00,0.3625912,8.16
2026-04-07 23:55:00,0.36247483,8.1
2026-04-08 00:00:00,0.36247483,8.1
2026-04-08 00:05:00,0.36262999,8.1
2026-04-08 00:10:00,0.3625912,8.1
2026-04-08 00:15:00,0.36266878,8.1
2026-04-08 00:20:00,0.36286273,8.08
2026-04-08 00:25:00,0.36286273,8.0
2026-04-08 00:30:00,0.36262999,8.0
2026-04-08 00:35:00,0.36286273,8.0
2026-04-08 00:40:00,0.36262999,8.0
2026-04-08 00:45:00,0.36274636,8.0
2026-04-08 00:50:00,0.36290152,8.0
2026-04-08 00:55:00,0.36266878,8.0
2026-04-08 01:00:00,0.36286273,8.0
2026-04-08 01:05:00,0.36282394,8.0
2026-04-08 01:10:00,0.36282394,8.0
2026-04-08 01:15:00,0.36294031,8.0
2026-04-08 01:20:00,0.36266878,8.0
2026-04-08 01:25:00,0.36251362,8.0
2026-04-08 01:30:00,0.36266878,8.0
2026-04-08 01:35:00,0.36239725,8.0
2026-04-08 01:40:00,0.36235846,8.0
2026-04-08 01:45:00,0.36239725,8.0
2026-04-08 01:50:00,0.36224209,8.0
2026-04-08 01:55:00,0.3622033,8.08
2026-04-08 02:00:00,0.36193177,8.1
2026-04-08 02:05:00,0.36189298,8.1
2026-04-08 02:10:00,0.36185419,8.18
2026-04-08 02:15:00,0.3614275,8.2
2026-04-08 02:20:00,0.36131113,8.24
2026-04-08 02:25:00,0.36115597,8.3
2026-04-08 02:30:00,0.36119476,8.36
2026-04-08 02:35:00,0.36107839,8.4
2026-04-08 02:40:00,0.36100081,8.48
2026-04-08 02:45:00,0.36080686,8.5
2026-04-08 02:50:00,0.3610396,8.6
2026-04-08 02:55:00,0.3606517,8.66
2026-04-08 03:00:00,0.36041896,8.7
2026-04-08 03:05:00,0.36049654,8.76
2026-04-08 03:10:00,0.36022501,8.82
2026-04-08 03:15:00,0.35995348,8.9
2026-04-08 03:20:00,0.35995348,8.96
2026-04-08 03:25:00,0.35979832,9.02
2026-04-08 03:30:00,0.35960437,9.1
2026-04-08 03:35:00,0.35944921,9.16
2026-04-08 03:40:00,0.35933284,9.22
2026-04-08 03:45:00,0.35917768,9.3
2026-04-08 03:50:00,0.35886736,9.38
2026-04-08 03:55:00,0.35886736,9.44
2026-04-08 04:00:00,0.35855704,9.5
2026-04-08 04:05:00,0.35840188,9.6
2026-04-08 04:10:00,0.35828551,9.66
2026-04-08 04:15:00,0.35785882,9.72
2026-04-08 04:20:00,0.35762608,9.8
2026-04-08 04:25:00,0.35739334,9.9
2026-04-08 04:30:00,0.3571606,9.96
2026-04-08 04:35:00,0.35688907,10.04
2026-04-08 04:40:00,0.35665633,10.1
2026-04-08 04:45:00,0.35673391,10.2
2026-04-08 04:50:00,0.35611327,10.28
2026-04-08 04:55:00,0.35603569,10.36
2026-04-08 05:00:00,0.35572537,10.44
2026-04-08 05:05:00,0.35529868,10.54
2026-04-08 05:10:00,0.35498836,10.64
2026-04-08 05:15:00,0.35494957,10.74
2026-04-08 05:20:00,0.35471683,10.86
2026-04-08 05:25:00,0.35440651,10.96
2026-04-08 05:30:00,0.3540574,11.06
2026-04-08 05:35:00,0.35386345,11.18
2026-04-08 05:40:00,0.35351434,11.3
2026-04-08 05:45:00,0.35320402,11.42
2026-04-08 05:50:00,0.35281612,11.54
2026-04-08 05:55:00,0.35269975,11.66
2026-04-08 06:00:00,0.35262217,11.78
2026-04-08 06:05:00,0.35219548,11.92
2026-04-08 06:10:00,0.35215669,12.02
2026-04-08 06:15:00,0.35173,12.12
2026-04-08 06:20:00,0.35180758,12.24
2026-04-08 06:25:00,0.35141968,12.36
2026-04-08 06:30:00,0.35126452,12.48
2026-04-08 06:35:00,0.3509542,12.6
2026-04-08 06:40:00,0.3509542,12.7
2026-04-08 06:45:00,0.35064388,12.82
2026-04-08 06:50:00,0.35044993,12.92
2026-04-08 06:55:00,0.35025598,13.02
2026-04-08 07:00:00,0.35002324,13.12
2026-04-08 07:05:00,0.34982929,13.2
2026-04-08 07:10:00,0.34955776,13.3
2026-04-08 07:15:00,0.34959655,13.4
2026-04-08 07:20:00,0.34932502,13.5
2026-04-08 07:25:00,0.34928623,13.58
2026-04-08 07:30:00,0.34905349,13.66
2026-04-08 07:35:00,0.34885954,13.72
2026-04-08 07:40:00,0.34878196,13.8
2026-04-08 07:45:00,0.34874317,13.88
2026-04-08 07:50:00,0.34858801,13.92
2026-04-08 07:55:00,0.34847164,14.0
2026-04-08 08:00:00,0.34835527,14.06
2026-04-08 08:05:00,0.34827769,14.1
2026-04-08 08:10:00,0.34820011,14.18
2026-04-08 08:15:00,0.34820011,14.2
2026-04-08 08:20:00,0.34808374,14.26
2026-04-08 08:25:00,0.34792858,14.3
2026-04-08 08:30:00,0.34781221,14.3
2026-04-08 08:35:00,0.34773463,14.36
2026-04-08 08:40:00,0.34773463,14.4
2026-04-08 08:45:00,0.34773463,14.4
2026-04-08 08:50:00,0.34769584,14.4
2026-04-08 08:55:00,0.34761826,14.4
2026-04-08 09:00:00,0.34754068,14.46
2026-04-08 09:05:00,0.34765705,14.5
2026-04-08 09:10:00,0.34757947,14.5
2026-04-08 09:15:00,0.34754068,14.5
2026-04-08 09:20:00,0.34765705,14.5
2026-04-08 09:25:00,0.34761826,14.48
2026-04-08 09:30:00,0.34765705,14.4
2026-04-08 09:35:00,0.34761826,14.4
2026-04-08 09:40:00,0.34765705,14.4
2026-04-08 09:45:00,0.34773463,14.4
2026-04-08 09:50:00,0.34769584,14.4
2026-04-08 09:55:00,0.34773463,14.4
2026-04-08 10:00:00,0.347851,14.34
2026-04-08 10:05:00,0.34781221,14.3
2026-04-08 10:10:00,0.34769584,14.3
2026-04-08 10:15:00,0.34788979,14.3
2026-04-08 10:20:00,0.34792858,14.24
2026-04-08 10:25:00,0.34792858,14.2
2026-04-08 10:30:00,0.34796737,14.2
2026-04-08 10:35:00,0.34804495,14.16
2026-04-08 10:40:00,0.34788979,14.1
2026-04-08 10:45:00,0.34808374,14.1
2026-04-08 10:50:00,0.34808374,14.06
2026-04-08 10:55:00,0.34820011,14.0
2026-04-08 11:00:00,0.34816132,14.0
2026-04-08 11:05:00,0.3482389,13.92
2026-04-08 11:10:00,0.3482389,13.9
2026-04-08 11:15:00,0.34835527,13.88
2026-04-08 11:20:00,0.34839406,13.8
2026-04-08 11:25:00,0.34839406,13.8
2026-04-08 11:30:00,0.34851043,13.72
2026-04-08 11:35:00,0.34843285,13.7
2026-04-08 11:40:00,0.34851043,13.66
2026-04-08 11:45:00,0.34847164,13.6
2026-04-08 11:50:00,0.3486268,13.58
2026-04-08 11:55:00,0.34843285,13.5
2026-04-08 12:00:00,0.34874317,13.5
2026-04-08 12:05:00,0.34866559,13.42
2026-04-08 12:10:00,0.34874317,13.4
2026-04-08 12:15:00,0.34878196,13.36
2026-04-08 12:20:00,0.34878196,13.3
2026-04-08 12:25:00,0.34897591,13.28
2026-04-08 12:30:00,0.3490147,13.2
2026-04-08 12:35:00,0.34882075,13.2
2026-04-08 12:40:00,0.34905349,13.12
2026-04-08 12:45:00,0.34889833,13.1
2026-04-08 12:50:00,0.34913107,13.06
2026-04-08 12:55:00,0.3490147,13.0
2026-04-08 13:00:00,0.34913107,13.0
2026-04-08 13:05:00,0.34920865,12.9
2026-04-08 13:10:00,0.34928623,12.9
2026-04-08 13:15:00,0.34932502,12.86
2026-04-08 13:20:00,0.34920865,12.8
2026-04-08 13:25:00,0.34928623,12.8
2026-04-08 13:30:00,0.34944139,12.72
2026-04-08 13:35:00,0.34944139,12.7
2026-04-08 13:40:00,0.34948018,12.7
2026-04-08 13:45:00,0.34944139,12.6
2026-04-08 13:50:00,0.34951897,12.6
2026-04-08 13:55:00,0.34948018,12.58
2026-04-08 14:00:00,0.34975171,12.5
2026-04-08 14:05:00,0.34982929,12.5
2026-04-08 14:10:00,0.34982929,12.46
2026-04-08 14:15:00,0.34986808,12.4
2026-04-08 14:20:00,0.34986808,12.4
2026-04-08 14:25:00,0.34994566,12.38
2026-04-08 14:30:00,0.34975171,12.3
2026-04-08 14:35:00,0.3497905,12.3
2026-04-08 14:40:00,0.34986808,12.28
2026-04-08 14:45:00,0.34982929,12.2
2026-04-08 14:50:00,0.35010082,12.2
2026-04-08 14:55:00,0.35021719,12.2
2026-04-08 15:00:00,0.34998445,12.1
2026-04-08 15:05:00,0.35002324,12.1
2026-04-08 15:10:00,0.35013961,12.1
2026-04-08 15:15:00,0.35021719,12.06
2026-04-08 15:20:00,0.35013961,12.0
2026-04-08 15:25:00,0.35025598,12.0
2026-04-08 15:30:00,0.35021719,12.0
2026-04-08 15:35:00,0.35025598,12.0
2026-04-08 15:40:00,0.34994566,11.9
2026-04-08 15:45:00,0.35021719,11.9
2026-04-08 15:50:00,0.35025598,11.9
2026-04-08 15:55:00,0.3501784,11.9
2026-04-08 16:00:00,0.35025598,11.84
2026-04-08 16:05:00,0.35033356,11.8
2026-04-08 16:10:00,0.35010082,11.8
2026-04-08 16:15:00,0.35033356,11.8
2026-04-08 16:20:00,0.35006203,11.8
2026-04-08 16:25:00,0.35021719,11.74
2026-04-08 16:30:00,0.35025598,11.7
2026-04-08 16:35:00,0.35010082,11.7
2026-04-08 16:40:00,0.35025598,11.7
2026-04-08 16:45:00,0.35029477,11.7
2026-04-08 16:50:00,0.35041114,11.68
2026-04-08 16:55:00,0.35037235,11.6
2026-04-08 17:00:00,0.35037235,11.6
2026-04-08 17:05:00,0.35048872,11.6
2026-04-08 17:10:00,0.35033356,11.6
2026-04-08 17:15:00,0.35041114,11.6
2026-04-08 17:20:00,0.35044993,11.6
2026-04-08 17:25:00,0.35037235,11.56
2026-04-08 17:30:00,0.35041114,11.5
2026-04-08 17:35:00,0.35044993,11.5
2026-04-08 17:40:00,0.35044993,11.5
2026-04-08 17:45:00,0.3505663,11.5
2026-04-08 17:50:00,0.35037235,11.5
2026-04-08 17:55:00,0.3505663,11.5
2026-04-08 18:00:00,0.35072146,11.5
2026-04-08 18:05:00,0.35052751,11.4
2026-04-08 18:10:00,0.3505663,11.4
2026-04-08 18:15:00,0.35044993,11.4
2026-04-08 18:20:00,0.35068267,11.4
2026-04-08 18:25:00,0.35064388,11.4
2026-04-08 18:30:00,0.35048872,11.4
2026-04-08 18:35:00,0.35068267,11.4
2026-04-08 18:40:00,0.35060509,11.4
2026-04-08 18:45:00,0.35060509,11.4
2026-04-08 18:50:00,0.35072146,11.34
2026-04-08 18:55:00,0.35060509,11.3
2026-04-08 19:00:00,0.35076025,11.3
2026-04-08 19:05:00,0.35076025,11.3
2026-04-08 19:10:00,0.35060509,11.3
2026-04-08 19:15:00,0.35076025,11.3
2026-04-08 19:20:00,0.35083783,11.3
2026-04-08 19:25:00,0.3509542,11.3
2026-04-08 19:30:00,0.3509542,11.3
2026-04-08 19:35:00,0.35068267,11.3
2026-04-08 19:40:00,0.35091541,11.3
2026-04-08 19:45:00,0.35110936,11.26
2026-04-08 19:50:00,0.35099299,11.2
2026-04-08 19:55:00,0.35126452,11.2
2026-04-08 20:00:00,0.35083783,11.2
2026-04-08 20:05:00,0.35103178,11.2
2026-04-08 20:10:00,0.35091541,11.2
2026-04-08 20:15:00,0.35107057,11.2
2026-04-08 20:20:00,0.35099299,11.2
2026-04-08 20:25:00,0.35114815,11.2
2026-04-08 20:30:00,0.35103178,11.2
2026-04-08 20:35:00,0.35107057,11.2
2026-04-08 20:40:00,0.35118694,11.2
2026-04-08 20:45:00,0.35114815,11.2
2026-04-08 20:50:00,0.35114815,11.18
2026-04-08 20:55:00,0.35130331,11.12
2026-04-08 21:00:00,0.35122573,11.1
2026-04-08 21:05:00,0.35118694,11.1
2026-04-08 21:10:00,0.35110936,11.1
2026-04-08 21:15:00,0.35122573,11.1
2026-04-08 21:20:00,0.35118694,11.1
2026-04-08 21:25:00,0.35118694,11.1
2026-04-08 21:30:00,0.35110936,11.1
2026-04-08 21:35:00,0.35114815,11.1
2026-04-08 21:40:00,0.35118694,11.1
2026-04-08 21:45:00,0.35126452,11.1
2026-04-08 21:50:00,0.35130331,11.1
2026-04-08 21:55:00,0.35130331,11.1
2026-04-08 22:00:00,0.35118694,11.1
2026-04-08 22:05:00,0.35118694,11.1
2026-04-08 22:10:00,0.35114815,11.1
2026-04-08 22:15:00,0.35110936,11.1
2026-04-08 22:20:00,0.35122573,11.1
2026-04-08 22:25:00,0.35122573,11.1
2026-04-08 22:30:00,0.35126452,11.1
2026-04-08 22:35:00,0.3513421,11.1
2026-04-08 22:40:00,0.35126452,11.1
2026-04-08 22:45:00,0.35138089,11.1
2026-04-08 22:50:00,0.35122573,11.1
2026-04-08 22:55:00,0.3513421,11.1
2026-04-08 23:00:00,0.35122573,11.1
2026-04-08 23:05:00,0.35126452,11.1
2026-04-08 23:10:00,0.35145847,11.1
2026-04-08 23:15:00,0.35149726,11.1
2026-04-08 23:20:00,0.35141968,11.1
2026-04-08 23:25:00,0.35138089,11.1
2026-04-08 23:30:00,0.35157484,11.1
2026-04-08 23:35:00,0.35153605,11.1
2026-04-08 23:40:00,0.35169121,11.1
2026-04-08 23:45:00,0.35141968,11.1
2026-04-08 23:50:00,0.35153605,11.1
2026-04-08 23:55:00,0.35165242,11.1
2026-04-09 00:00:00,0.35153605,11.1
2026-04-09 00:05:00,0.35138089,11.1
2026-04-09 00:10:00,0.35165242,11.1
2026-04-09 00:15:00,0.35153605,11.1
2026-04-09 00:20:00,0.35145847,11.1
2026-04-09 00:25:00,0.35153605,11.1
2026-04-09 00:30:00,0.35157484,11.1
2026-04-09 00:35:00,0.35141968,11.18
2026-04-09 00:40:00,0.35145847,11.2
2026-04-09 00:45:00,0.35153605,11.2
2026-04-09 00:50:00,0.35153605,11.2
2026-04-09 00:55:00,0.3513421,11.2
2026-04-09 01:00:00,0.35145847,11.2
2026-04-09 01:05:00,0.35196274,11.2
2026-04-09 01:10:00,0.35238943,11.2
2026-04-09 01:15:00,0.35238943,11.22
2026-04-09 01:20:00,0.35324281,11.3
2026-04-09 01:25:00,0.3536695,11.3
2026-04-09 01:30:00,0.35413498,11.3
2026-04-09 01:35:00,0.3548332,11.3
2026-04-09 01:40:00,0.35510473,11.3
2026-04-09 01:45:00,0.35525989,11.3
2026-04-09 01:50:00,0.355609,11.38
2026-04-09 01:55:00,0.35588053,11.4
2026-04-09 02:00:00,0.35595811,11.4
2026-04-09 02:05:00,0.35622964,11.4
2026-04-09 02:10:00,0.35634601,11.4
2026-04-09 02:15:00,0.3563848,11.42
2026-04-09 02:20:00,0.35653996,11.5
2026-04-09 02:25:00,0.35657875,11.5
2026-04-09 02:30:00,0.35673391,11.5
2026-04-09 02:35:00,0.35692786,11.5
2026-04-09 02:40:00,0.35731576,11.54
2026-04-09 02:45:00,0.35739334,11.6
2026-04-09 02:50:00,0.35743213,11.6
2026-04-09 02:55:00,0.35789761,11.6
2026-04-09 03:00:00,0.3579364,11.6
2026-04-09 03:05:00,0.3583243,11.68
2026-04-09 03:10:00,0.35902252,11.7
2026-04-09 03:15:00,0.35960437,11.7
2026-04-09 03:20:00,0.36041896,11.7
2026-04-09 03:25:00,0.36131113,11.76
2026-04-09 03:30:00,0.36251362,11.8
2026-04-09 03:35:00,0.36340579,11.8
2026-04-09 03:40:00,0.36464707,11.8
2026-04-09 03:45:00,0.36573319,11.88
2026-04-09 03:50:00,0.36681931,11.9
2026-04-09 03:55:00,0.36755632,11.9
2026-04-09 04:00:00,0.36844849,11.9
2026-04-09 04:05:00,0.36906913,12.0
2026-04-09 04:10:00,0.36934066,12.0
2026-04-09 04:15:00,0.36968977,12.0
2026-04-09 04:20:00,0.37011646,12.0
2026-04-09 04:25:00,0.37077589,12.04
2026-04-09 04:30:00,0.37089226,12.1
2026-04-09 04:35:00,0.37135774,12.1
2026-04-09 04:40:00,0.37221112,12.1
2026-04-09 04:45:00,0.37298692,12.1
2026-04-09 04:50:00,0.37418941,12.2
2026-04-09 04:55:00,0.37546948,12.2
2026-04-09 05:00:00,0.37647802,12.2
2026-04-09 05:05:00,0.37725382,12.2
2026-04-09 05:10:00,0.37799083,12.28
2026-04-09 05:15:00,0.37865026,12.3
2026-04-09 05:20:00,0.378883,12.3
2026-04-09 05:25:00,0.37981396,12.3
2026-04-09 05:30:00,0.38039581,12.38
2026-04-09 05:35:00,0.38097766,12.4
2026-04-09 05:40:00,0.38148193,12.4
2026-04-09 05:45:00,0.38163709,12.4
2026-04-09 05:50:00,0.38183104,12.46
2026-04-09 05:55:00,0.38229652,12.5
2026-04-09 06:00:00,0.38241289,12.5
2026-04-09 06:05:00,0.38264563,12.5
2026-04-09 06:10:00,0.38283958,12.5
2026-04-09 06:15:00,0.38291716,12.6
2026-04-09 06:20:00,0.38326627,12.6
2026-04-09 06:25:00,0.38377054,12.6
2026-04-09 06:30:00,0.38404207,12.6
2026-04-09 06:35:00,0.38450755,12.6
2026-04-09 06:40:00,0.38493424,12.7
2026-04-09 06:45:00,0.38520577,12.7
2026-04-09 06:50:00,0.38528335,12.7
2026-04-09 06:55:00,0.38555488,12.7
2026-04-09 07:00:00,0.38679616,12.7
2026-04-09 07:05:00,0.38877445,12.78
2026-04-09 07:10:00,0.39083032,12.8
2026-04-09 07:15:00,0.39288619,12.8
2026-04-09 07:20:00,0.39486448,12.88
2026-04-09 07:25:00,0.3975022,12.9
2026-04-09 07:30:00,0.39979081,12.98
2026-04-09 07:35:00,0.40114846,13.06
2026-04-09 07:40:00,0.40196305,13.1
2026-04-09 07:45:00,0.40308796,13.2
2026-04-09 07:50:00,0.40421287,13.26
2026-04-09 07:55:00,0.40518262,13.34
2026-04-09 08:00:00,0.4056481,13.4
2026-04-09 08:05:00,0.40626874,13.48
2026-04-09 08:10:00,0.40894525,13.6
2026-04-09 08:15:00,0.40933315,13.72
2026-04-09 08:20:00,0.40929436,13.8
2026-04-09 08:25:00,0.40871251,13.86
2026-04-09 08:30:00,0.40782034,13.9
2026-04-09 08:35:00,0.40673422,13.9
2026-04-09 08:40:00,0.40580326,13.9
2026-04-09 08:45:00,0.40502746,13.9
2026-04-09 08:50:00,0.40444561,13.9
2026-04-09 08:55:00,0.40394134,13.9
2026-04-09 09:00:00,0.40328191,13.9
2026-04-09 09:05:00,0.40258369,13.9
2026-04-09 09:10:00,0.40207942,13.9
2026-04-09 09:15:00,0.40161394,13.9
2026-04-09 09:20:00,0.40110967,13.9
2026-04-09 09:25:00,0.40072177,13.9
2026-04-09 09:30:00,0.40029508,13.9
2026-04-09 09:35:00,0.40013992,13.9
2026-04-09 09:40:00,0.3998296,13.9
2026-04-09 09:45:00,0.3994417,13.9
2026-04-09 09:50:00,0.3990538,13.9
2026-04-09 09:55:00,0.39893743,13.9
2026-04-09 10:00:00,0.39870469,13.9
2026-04-09 10:05:00,0.39843316,13.9
2026-04-09 10:10:00,0.39808405,13.9
2026-04-09 10:15:00,0.39777373,13.9
2026-04-09 10:20:00,0.39746341,13.9
2026-04-09 10:25:00,0.39730825,13.9
2026-04-09 10:30:00,0.39695914,13.9
2026-04-09 10:35:00,0.39684277,13.9
2026-04-09 10:40:00,0.39664882,13.8
2026-04-09 10:45:00,0.39661003,13.8
2026-04-09 10:50:00,0.39641608,13.8
2026-04-09 10:55:00,0.39618334,13.8
2026-04-09 11:00:00,0.39610576,13.8
2026-04-09 11:05:00,0.3959506,13.8
2026-04-09 11:10:00,0.39591181,13.8
2026-04-09 11:15:00,0.39571786,13.8
2026-04-09 11:20:00,0.39571786,13.8
2026-04-09 11:25:00,0.39552391,13.8
2026-04-09 11:30:00,0.39540754,13.8
2026-04-09 11:35:00,0.39544633,13.8
2026-04-09 11:40:00,0.39525238,13.8
2026-04-09 11:45:00,0.39521359,13.8
2026-04-09 11:50:00,0.39498085,13.8
2026-04-09 11:55:00,0.39490327,13.8
2026-04-09 12:00:00,0.39486448,13.8
2026-04-09 12:05:00,0.3947869,13.8
2026-04-09 12:10:00,0.3947869,13.8
2026-04-09 12:15:00,0.39482569,13.78
2026-04-09 12:20:00,0.39467053,13.7
2026-04-09 12:25:00,0.39455416,13.7
2026-04-09 12:30:00,0.39428263,13.7
2026-04-09 12:35:00,0.39424384,13.7
2026-04-09 12:40:00,0.394399,13.7
2026-04-09 12:45:00,0.3940111,13.7
2026-04-09 12:50:00,0.39393352,13.7
2026-04-09 12:55:00,0.39393352,13.7
2026-04-09 13:00:00,0.39393352,13.7
2026-04-09 13:05:00,0.39366199,13.7
2026-04-09 13:10:00,0.39354562,13.7
2026-04-09 13:15:00,0.3936232,13.7
2026-04-09 13:20:00,0.39346804,13.7
2026-04-09 13:25:00,0.39346804,13.7
2026-04-09 13:30:00,0.39339046,13.7
2026-04-09 13:35:00,0.39331288,13.7
2026-04-09 13:40:00,0.39327409,13.7
2026-04-09 13:45:00,0.39315772,13.7
2026-04-09 13:50:00,0.39319651,13.7
2026-04-09 13:55:00,0.39311893,13.7
2026-04-09 14:00:00,0.39296377,13.7
2026-04-09 14:05:00,0.39292498,13.7
2026-04-09 14:10:00,0.39269224,13.7
2026-04-09 14:15:00,0.39265345,13.7
2026-04-09 14:20:00,0.39269224,13.68
2026-04-09 14:25:00,0.39249829,13.62
2026-04-09 14:30:00,0.39249829,13.6
2026-04-09 14:35:00,0.39249829,13.6
2026-04-09 14:40:00,0.39261466,13.6
2026-04-09 14:45:00,0.3924595,13.6
2026-04-09 14:50:00,0.39222676,13.6
2026-04-09 14:55:00,0.39195523,13.6
2026-04-09 15:00:00,0.39222676,13.6
2026-04-09 15:05:00,0.3920716,13.6
2026-04-09 15:10:00,0.39180007,13.6
2026-04-09 15:15:00,0.39218797,13.6
2026-04-09 15:20:00,0.39191644,13.6
2026-04-09 15:25:00,0.3916837,13.6
2026-04-09 15:30:00,0.39160612,13.6
2026-04-09 15:35:00,0.39164491,13.6
2026-04-09 15:40:00,0.39172249,13.6
2026-04-09 15:45:00,0.39164491,13.6
2026-04-09 15:50:00,0.39141217,13.6
2026-04-09 15:55:00,0.39141217,13.6
2026-04-09 16:00:00,0.39156733,13.6
2026-04-09 16:05:00,0.39141217,13.6
2026-04-09 16:10:00,0.39145096,13.6
2026-04-09 16:15:00,0.39172249,13.6
2026-04-09 16:20:00,0.39211039,13.6
2026-04-09 16:25:00,0.39261466,13.6
2026-04-09 16:30:00,0.39292498,13.6
2026-04-09 16:35:00,0.39304135,13.6
2026-04-09 16:40:00,0.39331288,13.6
2026-04-09 16:45:00,0.39358441,13.6
2026-04-09 16:50:00,0.39366199,13.6
2026-04-09 16:55:00,0.39373957,13.6
2026-04-09 17:00:00,0.3940111,13.6
2026-04-09 17:05:00,0.39393352,13.6
2026-04-09 17:10:00,0.39408868,13.6
2026-04-09 17:15:00,0.39389473,13.6
2026-04-09 17:20:00,0.39404989,13.6
2026-04-09 17:25:00,0.39420505,13.6
2026-04-09 17:30:00,0.39420505,13.6
2026-04-09 17:35:00,0.39408868,13.6
2026-04-09 17:40:00,0.39408868,13.6
2026-04-09 17:45:00,0.39412747,13.6
2026-04-09 17:50:00,0.39424384,13.6
2026-04-09 17:55:00,0.39416626,13.6
2026-04-09 18:00:00,0.39404989,13.6
2026-04-09 18:05:00,0.39408868,13.6
2026-04-09 18:10:00,0.39404989,13.6
2026-04-09 18:15:00,0.39404989,13.6
2026-04-09 18:20:00,0.39412747,13.5
2026-04-09 18:25:00,0.39397231,13.5
2026-04-09 18:30:00,0.39381715,13.5
2026-04-09 18:35:00,0.39381715,13.5
2026-04-09 18:40:00,0.39393352,13.5
2026-04-09 18:45:00,0.39381715,13.5
2026-04-09 18:50:00,0.39373957,13.5
2026-04-09 18:55:00,0.39370078,13.5
2026-04-09 19:00:00,0.39373957,13.5
2026-04-09 19:05:00,0.39373957,13.5
2026-04-09 19:10:00,0.39350683,13.5
2026-04-09 19:15:00,0.39373957,13.5
2026-04-09 19:20:00,0.39358441,13.5
2026-04-09 19:25:00,0.39350683,13.5
2026-04-09 19:30:00,0.39342925,13.5
2026-04-09 19:35:00,0.39319651,13.5
2026-04-09 19:40:00,0.39339046,13.5
2026-04-09 19:45:00,0.39331288,13.5
2026-04-09 19:50:00,0.39308014,13.5
2026-04-09 19:55:00,0.39315772,13.44
2026-04-09 20:00:00,0.39311893,13.4
2026-04-09 20:05:00,0.39308014,13.4
2026-04-09 20:10:00,0.39296377,13.4
2026-04-09 20:15:00,0.39311893,13.4
2026-04-09 20:20:00,0.39304135,13.4
2026-04-09 20:25:00,0.39308014,13.4
2026-04-09 20:30:00,0.39304135,13.4
2026-04-09 20:35:00,0.39304135,13.4
2026-04-09 20:40:00,0.39280861,13.4
2026-04-09 20:45:00,0.39261466,13.4
2026-04-09 20:50:00,0.39280861,13.4
2026-04-09 20:55:00,0.39276982,13.34
2026-04-09 21:00:00,0.39265345,13.3
2026-04-09 21:05:00,0.39257587,13.3
2026-04-09 21:10:00,0.39261466,13.3
2026-04-09 21:15:00,0.39234313,13.3
2026-04-09 21:20:00,0.39253708,13.3
2026-04-09 21:25:00,0.39242071,13.3
2026-04-09 21:30:00,0.39222676,13.3
2026-04-09 21:35:00,0.39234313,13.3
2026-04-09 21:40:00,0.39230434,13.22
2026-04-09 21:45:00,0.39238192,13.2
2026-04-09 21:50:00,0.39199402,13.2
2026-04-09 21:55:00,0.39222676,13.2
2026-04-09 22:00:00,0.39211039,13.2
2026-04-09 22:05:00,0.39211039,13.2
2026-04-09 22:10:00,0.39195523,13.2
2026-04-09 22:15:00,0.39187765,13.2
2026-04-09 22:20:00,0.39187765,13.2
2026-04-09 22:25:00,0.39172249,13.16
2026-04-09 22:30:00,0.39176128,13.1
2026-04-09 22:35:00,0.39191644,13.1
2026-04-09 22:40:00,0.39176128,13.1
2026-04-09 22:45:00,0.39172249,13.1
2026-04-09 22:50:00,0.39156733,13.1
2026-04-09 22:55:00,0.39148975,13.1
2026-04-09 23:00:00,0.39148975,13.1
2026-04-09 23:05:00,0.39148975,13.1
2026-04-09 23:10:00,0.39156733,13.1
2026-04-09 23:15:00,0.39156733,13.06
2026-04-09 23:20:00,0.39137338,13.0
2026-04-09 23:25:00,0.3912958,13.0
2026-04-09 23:30:00,0.3912958,13.0
2026-04-09 23:35:00,0.39148975,13.0
2026-04-09 23:40:00,0.39110185,13.0
2026-04-09 23:45:00,0.39125701,13.0
2026-04-09 23:50:00,0.39125701,13.0
2026-04-09 23:55:00,0.39114064,13.0
2026-04-10 00:00:00,0.39117943,13.0
2026-04-10 00:05:00,0.39086911,13.0
2026-04-10 00:10:00,0.39102427,13.0
2026-04-10 00:15:00,0.39110185,13.0
2026-04-10 00:20:00,0.39098548,13.0
2026-04-10 00:25:00,0.39075274,13.0
2026-04-10 00:30:00,0.39079153,13.0
2026-04-10 00:35:00,0.39079153,13.0
2026-04-10 00:40:00,0.39071395,13.0
2026-04-10 00:45:00,0.39079153,13.0
2026-04-10 00:50:00,0.39079153,13.0
2026-04-10 00:55:00,0.39055879,13.0
2026-04-10 01:00:00,0.39075274,13.0
2026-04-10 01:05:00,0.39052,13.0
2026-04-10 01:10:00,0.39063637,13.0
2026-04-10 01:15:00,0.39044242,13.0
2026-04-10 01:20:00,0.39028726,13.0
2026-04-10 01:25:00,0.39063637,13.0
2026-04-10 01:30:00,0.39028726,13.0
2026-04-10 01:35:00,0.39028726,13.0
2026-04-10 01:40:00,0.39052,13.0
2026-04-10 01:45:00,0.39048121,13.0
2026-04-10 01:50:00,0.39028726,13.0
2026-04-10 01:55:00,0.39036484,13.0
2026-04-10 02:00:00,0.39028726,13.0
2026-04-10 02:05:00,0.39017089,13.0
2026-04-10 02:10:00,0.39020968,13.0
2026-04-10 02:15:00,0.39024847,13.0
2026-04-10 02:20:00,0.38989936,13.0
2026-04-10 02:25:00,0.39020968,13.0
2026-04-10 02:30:00,0.39001573,13.0
2026-04-10 02:35:00,0.39009331,13.0
2026-04-10 02:40:00,0.38997694,13.0
2026-04-10 02:45:00,0.38993815,13.0
2026-04-10 02:50:00,0.38986057,13.0
2026-04-10 02:55:00,0.38997694,13.0
2026-04-10 03:00:00,0.38989936,13.0
2026-04-10 03:05:00,0.38982178,13.1
2026-04-10 03:10:00,0.38970541,13.1
2026-04-10 03:15:00,0.38978299,13.1
2026-04-10 03:20:00,0.38970541,13.1
2026-04-10 03:25:00,0.38970541,13.1
2026-04-10 03:30:00,0.38958904,13.1
2026-04-10 03:35:00,0.38958904,13.1
2026-04-10 03:40:00,0.38943388,13.1
2026-04-10 03:45:00,0.38947267,13.1
2026-04-10 03:50:00,0.38955025,13.1
2026-04-10 03:55:00,0.38939509,13.2
2026-04-10 04:00:00,0.38923993,13.2
2026-04-10 04:05:00,0.38927872,13.2
2026-04-10 04:10:00,0.38916235,13.2
2026-04-10 04:15:00,0.38916235,13.2
2026-04-10 04:20:00,0.38912356,13.2
2026-04-10 04:25:00,0.38904598,13.24
2026-04-10 04:30:00,0.38900719,13.3
2026-04-10 04:35:00,0.38885203,13.3
2026-04-10 04:40:00,0.38904598,13.3
2026-04-10 04:45:00,0.38889082,13.3
2026-04-10 04:50:00,0.3889684,13.32
2026-04-10 04:55:00,0.3885805,13.4
2026-04-10 05:00:00,0.38881324,13.4
2026-04-10 05:05:00,0.38885203,13.4
2026-04-10 05:10:00,0.38861929,13.4
2026-04-10 05:15:00,0.38834776,13.4
2026-04-10 05:20:00,0.38834776,13.48
2026-04-10 05:25:00,0.38823139,13.5
2026-04-10 05:30:00,0.38834776,13.5
2026-04-10 05:35:00,0.38823139,13.5
2026-04-10 05:40:00,0.38815381,13.5
2026-04-10 05:45:00,0.38807623,13.5
2026-04-10 05:50:00,0.38807623,13.5
2026-04-10 05:55:00,0.38788228,13.6
2026-04-10 06:00:00,0.38792107,13.6
2026-04-10 06:05:00,0.38788228,13.6
2026-04-10 06:10:00,0.38792107,13.6
2026-04-10 06:15:00,0.38784349,13.6
2026-04-10 06:20:00,0.3878047,13.6
2026-04-10 06:25:00,0.38776591,13.6
2026-04-10 06:30:00,0.38768833,13.6
2026-04-10 06:35:00,0.3874168,13.66
2026-04-10 06:40:00,0.38761075,13.7
2026-04-10 06:45:00,0.38753317,13.7
2026-04-10 06:50:00,0.38753317,13.7
2026-04-10 06:55:00,0.38722285,13.7
2026-04-10 07:00:00,0.38730043,13.7
2026-04-10 07:05:00,0.38737801,13.7
2026-04-10 07:10:00,0.38722285,13.7
2026-04-10 07:15:00,0.38710648,13.7
2026-04-10 07:20:00,0.38714527,13.7
2026-04-10 07:25:00,0.38726164,13.7
2026-04-10 07:30:00,0.38706769,13.7
2026-04-10 07:35:00,0.38706769,13.7
2026-04-10 07:40:00,0.3870289,13.7
2026-04-10 07:45:00,0.38710648,13.7
2026-04-10 07:50:00,0.38699011,13.7
2026-04-10 07:55:00,0.38699011,13.7
2026-04-10 08:00:00,0.38679616,13.7
2026-04-10 08:05:00,0.38691253,13.7
2026-04-10 08:10:00,0.38691253,13.7
2026-04-10 08:15:00,0.38679616,13.7
2026-04-10 08:20:00,0.386641,13.7
2026-04-10 08:25:00,0.38667979,13.7
2026-04-10 08:30:00,0.38671858,13.7
2026-04-10 08:35:00,0.386641,13.7
2026-04-10 08:40:00,0.38656342,13.7
2026-04-10 08:45:00,0.38652463,13.7
2026-04-10 08:50:00,0.38660221,13.7
2026-04-10 08:55:00,0.38644705,13.7
2026-04-10 09:00:00,0.38648584,13.7
2026-04-10 09:05:00,0.38652463,13.7
2026-04-10 09:10:00,0.38636947,13.7
2026-04-10 09:15:00,0.38633068,13.7
2026-04-10 09:20:00,0.38629189,13.7
2026-04-10 09:25:00,0.38617552,13.7
2026-04-10 09:30:00,0.38613673,13.7
2026-04-10 09:35:00,0.38621431,13.7
2026-04-10 09:40:00,0.38613673,13.7
2026-04-10 09:45:00,0.38613673,13.7
2026-04-10 09:50:00,0.38605915,13.62
2026-04-10 09:55:00,0.38613673,13.6
2026-04-10 10:00:00,0.38602036,13.6
2026-04-10 10:05:00,0.38582641,13.6
2026-04-10 10:10:00,0.38598157,13.6
2026-04-10 10:15:00,0.38602036,13.6
2026-04-10 10:20:00,0.38602036,13.6
2026-04-10 10:25:00,0.3858652,13.6
2026-04-10 10:30:00,0.38594278,13.6
2026-04-10 10:35:00,0.38574883,13.54
2026-04-10 10:40:00,0.3858652,13.5
2026-04-10 10:45:00,0.38590399,13.5
2026-04-10 10:50:00,0.38574883,13.5
2026-04-10 10:55:00,0.38578762,13.5
2026-04-10 11:00:00,0.38582641,13.5
2026-04-10 11:05:00,0.38563246,13.5
2026-04-10 11:10:00,0.38574883,13.48
2026-04-10 11:15:00,0.38571004,13.4
2026-04-10 11:20:00,0.38563246,13.4
2026-04-10 11:25:00,0.38567125,13.4
2026-04-10 11:30:00,0.38582641,13.4
2026-04-10 11:35:00,0.38563246,13.4
2026-04-10 11:40:00,0.38551609,13.4
2026-04-10 11:45:00,0.38559367,13.32
2026-04-10 11:50:00,0.3854773,13.3
2026-04-10 11:55:00,0.38559367,13.3
2026-04-10 12:00:00,0.38563246,13.3
2026-04-10 12:05:00,0.38543851,13.3
2026-04-10 12:10:00,0.38543851,13.3
2026-04-10 12:15:00,0.38543851,13.22
2026-04-10 12:20:00,0.3854773,13.2
2026-04-10 12:25:00,0.38543851,13.2
2026-04-10 12:30:00,0.38524456,13.2
2026-04-10 12:35:00,0.38536093,13.2
2026-04-10 12:40:00,0.38528335,13.2
2026-04-10 12:45:00,0.38524456,13.18
2026-04-10 12:50:00,0.38539972,13.1
2026-04-10 12:55:00,0.3850894,13.1
2026-04-10 13:00:00,0.38505061,13.1
2026-04-10 13:05:00,0.38520577,13.1
2026-04-10 13:10:00,0.3850894,13.1
2026-04-10 13:15:00,0.3850894,13.1
2026-04-10 13:20:00,0.38524456,13.06
2026-04-10 13:25:00,0.3850894,13.0
2026-04-10 13:30:00,0.38516698,13.0
2026-04-10 13:35:00,0.38543851,13.0
2026-04-10 13:40:00,0.38512819,13.0
2026-04-10 13:45:00,0.38516698,13.0
2026-04-10 13:50:00,0.38505061,13.0
2026-04-10 13:55:00,0.38512819,13.0
2026-04-10 14:00:00,0.3850894,12.9
2026-04-10 14:05:00,0.3850894,12.9
2026-04-10 14:10:00,0.38516698,12.9
2026-04-10 14:15:00,0.3850894,12.9
2026-04-10 14:20:00,0.3850894,12.9
2026-04-10 14:25:00,0.38493424,12.9
2026-04-10 14:30:00,0.3850894,12.9
2026-04-10 14:35:00,0.38501182,12.86
2026-04-10 14:40:00,0.38512819,12.8
2026-04-10 14:45:00,0.38497303,12.8
2026-04-10 14:50:00,0.38505061,12.8
2026-04-10 14:55:00,0.38501182,12.8
2026-04-10 15:00:00,0.38512819,12.8
2026-04-10 15:05:00,0.38477908,12.8
2026-04-10 15:10:00,0.3847015,12.8
2026-04-10 15:15:00,0.38493424,12.72
2026-04-10 15:20:00,0.38489545,12.7
2026-04-10 15:25:00,0.38477908,12.7
2026-04-10 15:30:00,0.38493424,12.7
2026-04-10 15:35:00,0.38493424,12.7
2026-04-10 15:40:00,0.38501182,12.7
2026-04-10 15:45:00,0.38481787,12.7
2026-04-10 15:50:00,0.38497303,12.7
2026-04-10 15:55:00,0.3847015,12.68
2026-04-10 16:00:00,0.38481787,12.6
2026-04-10 16:05:00,0.38446876,12.6
2026-04-10 16:10:00,0.38466271,12.6
2026-04-10 16:15:00,0.38474029,12.6
2026-04-10 16:20:00,0.38466271,12.6
2026-04-10 16:25:00,0.38477908,12.6
2026-04-10 16:30:00,0.38481787,12.6
2026-04-10 16:35:00,0.38462392,12.6
2026-04-10 16:40:00,0.38446876,12.6
2026-04-10 16:45:00,0.38466271,12.52
2026-04-10 16:50:00,0.38454634,12.5
2026-04-10 16:55:00,0.38474029,12.5
2026-04-10 17:00:00,0.3847015,12.5
2026-04-10 17:05:00,0.38439118,12.5
2026-04-10 17:10:00,0.38466271,12.5
2026-04-10 17:15:00,0.38458513,12.5
2026-04-10 17:20:00,0.38450755,12.5
2026-04-10 17:25:00,0.38454634,12.5
2026-04-10 17:30:00,0.38442997,12.5
2026-04-10 17:35:00,0.38458513,12.48
2026-04-10 17:40:00,0.38462392,12.4
2026-04-10 17:45:00,0.38439118,12.4
2026-04-10 17:50:00,0.38458513,12.4
2026-04-10 17:55:00,0.38442997,12.4
2026-04-10 18:00:00,0.38442997,12.4
2026-04-10 18:05:00,0.38423602,12.4
2026-04-10 18:10:00,0.38450755,12.4
2026-04-10 18:15:00,0.38423602,12.4
2026-04-10 18:20:00,0.38439118,12.4
2026-04-10 18:25:00,0.38450755,12.4
2026-04-10 18:30:00,0.38439118,12.4
2026-04-10 18:35:00,0.38435239,12.34
2026-04-10 18:40:00,0.38442997,12.3
2026-04-10 18:45:00,0.38439118,12.3
2026-04-10 18:50:00,0.38446876,12.3
2026-04-10 18:55:00,0.38458513,12.3
2026-04-10 19:00:00,0.38446876,12.3
2026-04-10 19:05:00,0.38446876,12.3
2026-04-10 19:10:00,0.38442997,12.3
2026-04-10 19:15:00,0.38427481,12.3
2026-04-10 19:20:00,0.38427481,12.3
2026-04-10 19:25:00,0.3843136,12.3
2026-04-10 19:30:00,0.38427481,12.28
2026-04-10 19:35:00,0.38446876,12.2
2026-04-10 19:40:00,0.38423602,12.2
2026-04-10 19:45:00,0.38427481,12.2
2026-04-10 19:50:00,0.38423602,12.2
2026-04-10 19:55:00,0.38415844,12.2
2026-04-10 20:00:00,0.38427481,12.2
2026-04-10 20:05:00,0.38427481,12.2
2026-04-10 20:10:00,0.38435239,12.2
2026-04-10 20:15:00,0.38404207,12.2
2026-04-10 20:20:00,0.38408086,12.2
2026-04-10 20:25:00,0.38423602,12.2
2026-04-10 20:30:00,0.38404207,12.2
2026-04-10 20:35:00,0.38423602,12.2
2026-04-10 20:40:00,0.38396449,12.18
2026-04-10 20:45:00,0.38411965,12.1
2026-04-10 20:50:00,0.38408086,12.1
2026-04-10 20:55:00,0.38396449,12.1
2026-04-10 21:00:00,0.38400328,12.1
2026-04-10 21:05:00,0.38396449,12.1
2026-04-10 21:10:00,0.38400328,12.1
2026-04-10 21:15:00,0.38388691,12.1
2026-04-10 21:20:00,0.38419723,12.1
2026-04-10 21:25:00,0.38396449,12.1
2026-04-10 21:30:00,0.3839257,12.1
2026-04-10 21:35:00,0.38396449,12.1
2026-04-10 21:40:00,0.38408086,12.1
2026-04-10 21:45:00,0.38411965,12.1
2026-04-10 21:50:00,0.38419723,12.1
2026-04-10 21:55:00,0.3839257,12.1
2026-04-10 22:00:00,0.38388691,12.02
2026-04-10 22:05:00,0.38396449,12.0
2026-04-10 22:10:00,0.38365417,12.0
2026-04-10 22:15:00,0.38373175,12.0
2026-04-10 22:20:00,0.38365417,12.0
2026-04-10 22:25:00,0.38400328,12.0
2026-04-10 22:30:00,0.38388691,12.0
2026-04-10 22:35:00,0.38388691,12.0
2026-04-10 22:40:00,0.38377054,12.0
2026-04-10 22:45:00,0.38400328,12.0
2026-04-10 22:50:00,0.38365417,12.0
2026-04-10 22:55:00,0.3835378,12.0
2026-04-10 23:00:00,0.38369296,12.0
2026-04-10 23:05:00,0.38361538,12.0
2026-04-10 23:10:00,0.38396449,12.0
2026-04-10 23:15:00,0.38373175,12.0
2026-04-10 23:20:00,0.38361538,12.0
2026-04-10 23:25:00,0.38334385,12.0
2026-04-10 23:30:00,0.38357659,12.0
2026-04-10 23:35:00,0.38365417,12.0
2026-04-10 23:40:00,0.38349901,12.0
2026-04-10 23:45:00,0.38369296,12.0
2026-04-10 23:50:00,0.38361538,12.0
2026-04-10 23:55:00,0.38342143,12.0
2026-04-11 00:00:00,0.38349901,12.0
2026-04-11 00:05:00,0.3835378,12.0
2026-04-11 00:10:00,0.38326627,12.02
2026-04-11 00:15:00,0.38330506,12.1
2026-04-11 00:20:00,0.38349901,12.1
2026-04-11 00:25:00,0.38322748,12.1
2026-04-11 00:30:00,0.38322748,12.1
2026-04-11 00:35:00,0.38322748,12.1
2026-04-11 00:40:00,0.38303353,12.1
2026-04-11 00:45:00,0.38318869,12.1
2026-04-11 00:50:00,0.38280079,12.12
2026-04-11 00:55:00,0.38295595,12.2
2026-04-11 01:00:00,0.38295595,12.2
2026-04-11 01:05:00,0.38260684,12.2
2026-04-11 01:10:00,0.38272321,12.2
2026-04-11 01:15:00,0.38252926,12.22
2026-04-11 01:20:00,0.38218015,12.3
2026-04-11 01:25:00,0.38245168,12.3
2026-04-11 01:30:00,0.38210257,12.3
2026-04-11 01:35:00,0.38214136,12.34
2026-04-11 01:40:00,0.3819862,12.4
2026-04-11 01:45:00,0.38206378,12.4
2026-04-11 01:50:00,0.38183104,12.42
2026-04-11 01:55:00,0.38171467,12.5
2026-04-11 02:00:00,0.38152072,12.5
2026-04-11 02:05:00,0.38152072,12.54
2026-04-11 02:10:00,0.38128798,12.6
2026-04-11 02:15:00,0.38109403,12.6
2026-04-11 02:20:00,0.38093887,12.7
2026-04-11 02:25:00,0.38078371,12.7
2026-04-11 02:30:00,0.38070613,12.8
2026-04-11 02:35:00,0.38051218,12.8
2026-04-11 02:40:00,0.38031823,12.9
2026-04-11 02:45:00,0.38039581,12.9
2026-04-11 02:50:00,0.38012428,13.0
2026-04-11 02:55:00,0.37993033,13.02
2026-04-11 03:00:00,0.37977517,13.1
2026-04-11 03:05:00,0.3796588,13.14
2026-04-11 03:10:00,0.37954243,13.2
2026-04-11 03:15:00,0.37934848,13.26
2026-04-11 03:20:00,0.37915453,13.3
2026-04-11 03:25:00,0.37903816,13.4
2026-04-11 03:30:00,0.37884421,13.44
2026-04-11 03:35:00,0.37857268,13.5
2026-04-11 03:40:00,0.37845631,13.56
2026-04-11 03:45:00,0.37837873,13.6
2026-04-11 03:50:00,0.37826236,13.7
2026-04-11 03:55:00,0.37791325,13.72
2026-04-11 04:00:00,0.37795204,13.8
2026-04-11 04:05:00,0.37783567,13.86
2026-04-11 04:10:00,0.37744777,13.9
2026-04-11 04:15:00,0.37729261,13.98
2026-04-11 04:20:00,0.37709866,14.04
2026-04-11 04:25:00,0.37678834,14.1
2026-04-11 04:30:00,0.37674955,14.16
2026-04-11 04:35:00,0.37643923,14.2
2026-04-11 04:40:00,0.37612891,14.3
2026-04-11 04:45:00,0.37601254,14.34
2026-04-11 04:50:00,0.37566343,14.4
2026-04-11 04:55:00,0.37543069,14.5
2026-04-11 05:00:00,0.37519795,14.56
2026-04-11 05:05:00,0.37484884,14.62
2026-04-11 05:10:00,0.37473247,14.7
2026-04-11 05:15:00,0.37442215,14.78
2026-04-11 05:20:00,0.3742282,14.84
2026-04-11 05:25:00,0.37391788,14.92
2026-04-11 05:30:00,0.37372393,15.0
2026-04-11 05:35:00,0.37380151,15.08
2026-04-11 05:40:00,0.37329724,15.14
2026-04-11 05:45:00,0.37298692,15.22
2026-04-11 05:50:00,0.37290934,15.3
2026-04-11 05:55:00,0.37290934,15.36
2026-04-11 06:00:00,0.37248265,15.44
2026-04-11 06:05:00,0.37244386,15.5
2026-04-11 06:10:00,0.37240507,15.6
2026-04-11 06:15:00,0.37197838,15.66
2026-04-11 06:20:00,0.3719008,15.7
2026-04-11 06:25:00,0.37159048,15.8
2026-04-11 06:30:00,0.37159048,15.86
2026-04-11 06:35:00,0.3715129,15.9
2026-04-11 06:40:00,0.37124137,16.0
2026-04-11 06:45:00,0.37100863,16.04
2026-04-11 06:50:00,0.37077589,16.1
2026-04-11 06:55:00,0.37062073,16.18
2026-04-11 07:00:00,0.37065952,16.2
2026-04-11 07:05:00,0.37058194,16.28
2026-04-11 07:10:00,0.37042678,16.3
2026-04-11 07:15:00,0.37038799,16.38
2026-04-11 07:20:00,0.37038799,16.4
2026-04-11 07:25:00,0.37007767,16.46
2026-04-11 07:30:00,0.37015525,16.5
2026-04-11 07:35:00,0.37011646,16.5
2026-04-11 07:40:00,0.36972856,16.6
2026-04-11 07:45:00,0.36965098,16.6
2026-04-11 07:50:00,0.36972856,16.6
2026-04-11 07:55:00,0.36945703,16.7
2026-04-11 08:00:00,0.3695734,16.7
2026-04-11 08:05:00,0.36949582,16.7
2026-04-11 08:10:00,0.36934066,16.7
2026-04-11 08:15:00,0.36930187,16.8
2026-04-11 08:20:00,0.36926308,16.8
2026-04-11 08:25:00,0.36926308,16.8
2026-04-11 08:30:00,0.36941824,16.8
2026-04-11 08:35:00,0.36922429,16.8
2026-04-11 08:40:00,0.36910792,16.8
2026-04-11 08:45:00,0.36922429,16.8
2026-04-11 08:50:00,0.36926308,16.82
2026-04-11 08:55:00,0.36910792,16.9
2026-04-11 09:00:00,0.36914671,16.9
2026-04-11 09:05:00,0.3691855,16.9
2026-04-11 09:10:00,0.3691855,16.9
2026-04-11 09:15:00,0.36922429,16.9
2026-04-11 09:20:00,0.36914671,16.9
2026-04-11 09:25:00,0.36906913,16.84
2026-04-11 09:30:00,0.36922429,16.8
2026-04-11 09:35:00,0.36914671,16.8
2026-04-11 09:40:00,0.36926308,16.8
2026-04-11 09:45:00,0.36910792,16.8
2026-04-11 09:50:00,0.36910792,16.8
2026-04-11 09:55:00,0.36930187,16.8
2026-04-11 10:00:00,0.36941824,16.8
2026-04-11 10:05:00,0.36937945,16.78
2026-04-11 10:10:00,0.36903034,16.7
2026-04-11 10:15:00,0.36937945,16.7
2026-04-11 10:20:00,0.36910792,16.7
2026-04-11 10:25:00,0.36941824,16.7
2026-04-11 10:30:00,0.36914671,16.66
2026-04-11 10:35:00,0.36953461,16.6
2026-04-11 10:40:00,0.36941824,16.6
2026-04-11 10:45:00,0.36930187,16.6
2026-04-11 10:50:00,0.36941824,16.56
2026-04-11 10:55:00,0.36949582,16.5
2026-04-11 11:00:00,0.36945703,16.5
2026-04-11 11:05:00,0.36930187,16.5
2026-04-11 11:10:00,0.36922429,16.42
2026-04-11 11:15:00,0.36961219,16.4
2026-04-11 11:20:00,0.36961219,16.4
2026-04-11 11:25:00,0.36937945,16.34
2026-04-11 11:30:00,0.36941824,16.3
2026-04-11 11:35:00,0.36961219,16.3
2026-04-11 11:40:00,0.36949582,16.26
2026-04-11 11:45:00,0.36953461,16.2
2026-04-11 11:50:00,0.36937945,16.2
2026-04-11 11:55:00,0.36949582,16.16
2026-04-11 12:00:00,0.36949582,16.1
2026-04-11 12:05:00,0.36965098,16.1
2026-04-11 12:10:00,0.36972856,16.04
2026-04-11 12:15:00,0.3695734,16.0
2026-04-11 12:20:00,0.36965098,16.0
2026-04-11 12:25:00,0.36976735,15.94
2026-04-11 12:30:00,0.36968977,15.9
2026-04-11 12:35:00,0.36968977,15.9
2026-04-11 12:40:00,0.3695734,15.82
2026-04-11 12:45:00,0.36976735,15.8
2026-04-11 12:50:00,0.36980614,15.8
2026-04-11 12:55:00,0.36968977,15.72
2026-04-11 13:00:00,0.36984493,15.7
2026-04-11 13:05:00,0.36984493,15.7
2026-04-11 13:10:00,0.36980614,15.6
2026-04-11 13:15:00,0.36976735,15.6
2026-04-11 13:20:00,0.36961219,15.6
2026-04-11 13:25:00,0.36961219,15.5
2026-04-11 13:30:00,0.36972856,15.5
2026-04-11 13:35:00,0.37000009,15.48
2026-04-11 13:40:00,0.37007767,15.4
2026-04-11 13:45:00,0.3699613,15.4
2026-04-11 13:50:00,0.37000009,15.38
2026-04-11 13:55:00,0.3699613,15.3
2026-04-11 14:00:00,0.3699613,15.3
2026-04-11 14:05:00,0.37019404,15.3
2026-04-11 14:10:00,0.37023283,15.22
2026-04-11 14:15:00,0.37019404,15.2
2026-04-11 14:20:00,0.37000009,15.2
2026-04-11 14:25:00,0.3699613,15.14
2026-04-11 14:30:00,0.37038799,15.1
2026-04-11 14:35:00,0.37023283,15.1
2026-04-11 14:40:00,0.37019404,15.08
2026-04-11 14:45:00,0.37023283,15.0
2026-04-11 14:50:00,0.37023283,15.0
2026-04-11 14:55:00,0.37023283,15.0
2026-04-11 15:00:00,0.37038799,14.94
2026-04-11 15:05:00,0.37050436,14.9
2026-04-11 15:10:00,0.37050436,14.9
2026-04-11 15:15:00,0.37046557,14.88
2026-04-11 15:20:00,0.37046557,14.8
2026-04-11 15:25:00,0.37042678,14.8
2026-04-11 15:30:00,0.3703492,14.8
2026-04-11 15:35:00,0.37046557,14.74
2026-04-11 15:40:00,0.37058194,14.7
2026-04-11 15:45:00,0.37058194,14.7
2026-04-11 15:50:00,0.37050436,14.7
2026-04-11 15:55:00,0.37058194,14.62
2026-04-11 16:00:00,0.37046557,14.6
2026-04-11 16:05:00,0.37069831,14.6
2026-04-11 16:10:00,0.37065952,14.6
2026-04-11 16:15:00,0.37069831,14.52
2026-04-11 16:20:00,0.37062073,14.5
2026-04-11 16:25:00,0.37054315,14.5
2026-04-11 16:30:00,0.37054315,14.5
2026-04-11 16:35:00,0.37062073,14.5
2026-04-11 16:40:00,0.37058194,14.4
2026-04-11 16:45:00,0.37046557,14.4
2026-04-11 16:50:00,0.37058194,14.4
2026-04-11 16:55:00,0.37065952,14.4
2026-04-11 17:00:00,0.37062073,14.4
2026-04-11 17:05:00,0.37081468,14.3
2026-04-11 17:10:00,0.3707371,14.3
2026-04-11 17:15:00,0.37058194,14.3
2026-04-11 17:20:00,0.3707371,14.3
2026-04-11 17:25:00,0.3707371,14.3
2026-04-11 17:30:00,0.37077589,14.3
2026-04-11 17:35:00,0.37081468,14.28
2026-04-11 17:40:00,0.37065952,14.2
2026-04-11 17:45:00,0.37069831,14.2
2026-04-11 17:50:00,0.37081468,14.2
2026-04-11 17:55:00,0.37077589,14.2
2026-04-11 18:00:00,0.3707371,14.2
2026-04-11 18:05:00,0.37077589,14.2
2026-04-11 18:10:00,0.37081468,14.2
2026-04-11 18:15:00,0.37089226,14.16
2026-04-11 18:20:00,0.37081468,14.1
2026-04-11 18:25:00,0.37077589,14.1
2026-04-11 18:30:00,0.37062073,14.1
2026-04-11 18:35:00,0.37077589,14.1
2026-04-11 18:40:00,0.37062073,14.1
2026-04-11 18:45:00,0.3707371,14.1
2026-04-11 18:50:00,0.37069831,14.1
2026-04-11 18:55:00,0.37077589,14.1
2026-04-11 19:00:00,0.37077589,14.0
2026-04-11 19:05:00,0.37065952,14.0
2026-04-11 19:10:00,0.37077589,14.0
2026-04-11 19:15:00,0.37065952,14.0
2026-04-11 19:20:00,0.37085347,14.0
2026-04-11 19:25:00,0.37065952,14.0
2026-04-11 19:30:00,0.37069831,14.0
2026-04-11 19:35:00,0.37054315,14.0
2026-04-11 19:40:00,0.37050436,13.94
2026-04-11 19:45:00,0.37065952,13.9
2026-04-11 19:50:00,0.37081468,13.9
2026-04-11 19:55:00,0.37065952,13.9
2026-04-11 20:00:00,0.37085347,13.9
2026-04-11 20:05:00,0.37081468,13.9
2026-04-11 20:10:00,0.37077589,13.9
2026-04-11 20:15:00,0.37062073,13.9
2026-04-11 20:20:00,0.37054315,13.9
2026-04-11 20:25:00,0.37077589,13.8
2026-04-11 20:30:00,0.37077589,13.8
2026-04-11 20:35:00,0.37077589,13.8
2026-04-11 20:40:00,0.37062073,13.8
2026-04-11 20:45:00,0.3707371,13.8
2026-04-11 20:50:00,0.37062073,13.8
2026-04-11 20:55:00,0.37085347,13.8
2026-04-11 21:00:00,0.37062073,13.8
2026-04-11 21:05:00,0.37054315,13.74
2026-04-11 21:10:00,0.3707371,13.7
2026-04-11 21:15:00,0.3707371,13.7
2026-04-11 21:20:00,0.37058194,13.7
2026-04-11 21:25:00,0.37065952,13.7
2026-04-11 21:30:00,0.37058194,13.7
2026-04-11 21:35:00,0.37069831,13.7
2026-04-11 21:40:00,0.37069831,13.7
2026-04-11 21:45:00,0.37050436,13.7
2026-04-11 21:50:00,0.37065952,13.6
2026-04-11 21:55:00,0.37042678,13.6
2026-04-11 22:00:00,0.37050436,13.6
2026-04-11 22:05:00,0.37058194,13.6
2026-04-11 22:10:00,0.37077589,13.6
2026-04-11 22:15:00,0.37065952,13.6
2026-04-11 22:20:00,0.37058194,13.6
2026-04-11 22:25:00,0.37062073,13.6
2026-04-11 22:30:00,0.37062073,13.6
2026-04-11 22:35:00,0.37046557,13.54
2026-04-11 22:40:00,0.37062073,13.5
2026-04-11 22:45:00,0.37069831,13.5
2026-04-11 22:50:00,0.37058194,13.5
2026-04-11 22:55:00,0.37069831,13.5
2026-04-11 23:00:00,0.37058194,13.5
2026-04-11 23:05:00,0.37062073,13.5
2026-04-11 23:10:00,0.37062073,13.5
2026-04-11 23:15:00,0.37058194,13.5
2026-04-11 23:20:00,0.37065952,13.5
2026-04-11 23:25:00,0.37050436,13.5
2026-04-11 23:30:00,0.37062073,13.5
2026-04-11 23:35:00,0.37054315,13.5
2026-04-11 23:40:00,0.37054315,13.5
2026-04-11 23:45:00,0.37058194,13.5
2026-04-11 23:50:00,0.37054315,13.5
2026-04-11 23:55:00,0.37054315,13.5
2026-04-12 00:00:00,0.37062073,13.5
2026-04-12 00:05:00,0.37058194,13.5
2026-04-12 00:10:00,0.37031041,13.5
2026-04-12 00:15:00,0.37058194,13.5
2026-04-12 00:20:00,0.37058194,13.5
2026-04-12 00:25:00,0.37050436,13.5
2026-04-12 00:30:00,0.37031041,13.5
2026-04-12 00:35:00,0.37042678,13.5
2026-04-12 00:40:00,0.37027162,13.5
2026-04-12 00:45:00,0.37019404,13.5
2026-04-12 00:50:00,0.37023283,13.5
2026-04-12 00:55:00,0.37031041,13.5
2026-04-12 01:00:00,0.37015525,13.5
2026-04-12 01:05:00,0.37000009,13.5
2026-04-12 01:10:00,0.37000009,13.5
2026-04-12 01:15:00,0.37003888,13.54
2026-04-12 01:20:00,0.36988372,13.6
2026-04-12 01:25:00,0.36976735,13.6
2026-04-12 01:30:00,0.36972856,13.6
2026-04-12 01:35:00,0.36965098,13.6
2026-04-12 01:40:00,0.36953461,13.6
2026-04-12 01:45:00,0.36965098,13.68
2026-04-12 01:50:00,0.36949582,13.7
2026-04-12 01:55:00,0.36941824,13.7
2026-04-12 02:00:00,0.36895276,13.7
2026-04-12 02:05:00,0.36926308,13.8
2026-04-12 02:10:00,0.36914671,13.8
2026-04-12 02:15:00,0.36906913,13.8
2026-04-12 02:20:00,0.36887518,13.86
2026-04-12 02:25:00,0.36875881,13.9
2026-04-12 02:30:00,0.36864244,13.9
2026-04-12 02:35:00,0.36848728,13.96
2026-04-12 02:40:00,0.36844849,14.0
2026-04-12 02:45:00,0.36817696,14.0
2026-04-12 02:50:00,0.36817696,14.1
2026-04-12 02:55:00,0.36790543,14.1
2026-04-12 03:00:00,0.36794422,14.12
2026-04-12 03:05:00,0.36782785,14.2
2026-04-12 03:10:00,0.36767269,14.2
2026-04-12 03:15:00,0.36755632,14.26
2026-04-12 03:20:00,0.36740116,14.3
2026-04-12 03:25:00,0.367246,14.32
2026-04-12 03:30:00,0.36709084,14.4
2026-04-12 03:35:00,0.36697447,14.4
2026-04-12 03:40:00,0.36678052,14.48
2026-04-12 03:45:00,0.36681931,14.5
2026-04-12 03:50:00,0.36650899,14.54
2026-04-12 03:55:00,0.3664702,14.6
2026-04-12 04:00:00,0.36627625,14.6
2026-04-12 04:05:00,0.36612109,14.7
2026-04-12 04:10:00,0.3660823,14.7
2026-04-12 04:15:00,0.36581077,14.76
2026-04-12 04:20:00,0.36557803,14.8
2026-04-12 04:25:00,0.36561682,14.84
2026-04-12 04:30:00,0.36526771,14.9
2026-04-12 04:35:00,0.36503497,14.9
2026-04-12 04:40:00,0.36503497,15.0
2026-04-12 04:45:00,0.36472465,15.0
2026-04-12 04:50:00,0.36456949,15.06
2026-04-12 04:55:00,0.36418159,15.1
2026-04-12 05:00:00,0.36394885,15.14
2026-04-12 05:05:00,0.36391006,15.2
2026-04-12 05:10:00,0.3637549,15.22
2026-04-12 05:15:00,0.36348337,15.3
2026-04-12 05:20:00,0.36328942,15.3
2026-04-12 05:25:00,0.36325063,15.38
2026-04-12 05:30:00,0.36290152,15.4
2026-04-12 05:35:00,0.36282394,15.46
2026-04-12 05:40:00,0.36294031,15.5
2026-04-12 05:45:00,0.36286273,15.56
2026-04-12 05:50:00,0.36243604,15.6
2026-04-12 05:55:00,0.36228088,15.64
2026-04-12 06:00:00,0.36204814,15.7
2026-04-12 06:05:00,0.36200935,15.72
2026-04-12 06:10:00,0.36169903,15.8
2026-04-12 06:15:00,0.36173782,15.8
2026-04-12 06:20:00,0.36169903,15.88
2026-04-12 06:25:00,0.36134992,15.9
2026-04-12 06:30:00,0.36127234,15.96
2026-04-12 06:35:00,0.36134992,16.0
2026-04-12 06:40:00,0.36115597,16.02
2026-04-12 06:45:00,0.36084565,16.1
2026-04-12 06:50:00,0.36084565,16.1
2026-04-12 06:55:00,0.36084565,16.16
2026-04-12 07:00:00,0.36045775,16.2
2026-04-12 07:05:00,0.36041896,16.2
2026-04-12 07:10:00,0.36030259,16.26
2026-04-12 07:15:00,0.35995348,16.3
2026-04-12 07:20:00,0.36018622,16.3
2026-04-12 07:25:00,0.36006985,16.34
2026-04-12 07:30:00,0.35991469,16.4
2026-04-12 07:35:00,0.35995348,16.4
2026-04-12 07:40:00,0.35964316,16.4
2026-04-12 07:45:00,0.35968195,16.48
2026-04-12 07:50:00,0.35968195,16.5
2026-04-12 07:55:00,0.35972074,16.5
2026-04-12 08:00:00,0.35960437,16.5
2026-04-12 08:05:00,0.35964316,16.5
2026-04-12 08:10:00,0.35956558,16.58
2026-04-12 08:15:00,0.35952679,16.6
2026-04-12 08:20:00,0.35944921,16.6
2026-04-12 08:25:00,0.359488,16.6
2026-04-12 08:30:00,0.35941042,16.6
2026-04-12 08:35:00,0.35944921,16.6
2026-04-12 08:40:00,0.35952679,16.6
2026-04-12 08:45:00,0.35937163,16.6
2026-04-12 08:50:00,0.35941042,16.6
2026-04-12 08:55:00,0.35941042,16.6
2026-04-12 09:00:00,0.35925526,16.6
2026-04-12 09:05:00,0.35952679,16.6
2026-04-12 09:10:00,0.35952679,16.6
2026-04-12 09:15:00,0.35933284,16.6
2026-04-12 09:20:00,0.359488,16.6
2026-04-12 09:25:00,0.359488,16.6
2026-04-12 09:30:00,0.35944921,16.6
2026-04-12 09:35:00,0.35937163,16.6
2026-04-12 09:40:00,0.35960437,16.6
2026-04-12 09:45:00,0.35944921,16.6
2026-04-12 09:50:00,0.35956558,16.6
2026-04-12 09:55:00,0.35956558,16.6
2026-04-12 10:00:00,0.35944921,16.6
2026-04-12 10:05:00,0.35960437,16.56
2026-04-12 10:10:00,0.3598759,16.5
2026-04-12 10:15:00,0.35964316,16.5
2026-04-12 10:20:00,0.35964316,16.5
2026-04-12 10:25:00,0.3598759,16.5
2026-04-12 10:30:00,0.35983711,16.5
2026-04-12 10:35:00,0.35968195,16.5
2026-04-12 10:40:00,0.3598759,16.42
2026-04-12 10:45:00,0.35975953,16.4
2026-04-12 10:50:00,0.35956558,16.4
2026-04-12 10:55:00,0.35968195,16.4
2026-04-12 11:00:00,0.35979832,16.4
2026-04-12 11:05:00,0.35975953,16.34
2026-04-12 11:10:00,0.35991469,16.3
2026-04-12 11:15:00,0.35995348,16.3
2026-04-12 11:20:00,0.35991469,16.3
2026-04-12 11:25:00,0.35975953,16.3
2026-04-12 11:30:00,0.35995348,16.22
2026-04-12 11:35:00,0.36010864,16.2
2026-04-12 11:40:00,0.36003106,16.2
2026-04-12 11:45:00,0.36010864,16.2
2026-04-12 11:50:00,0.35991469,16.16
2026-04-12 11:55:00,0.36018622,16.1
2026-04-12 12:00:00,0.3598759,16.1
2026-04-12 12:05:00,0.36014743,16.1
2026-04-12 12:10:00,0.36018622,16.08
2026-04-12 12:15:00,0.36034138,16.0
2026-04-12 12:20:00,0.3598759,16.0
2026-04-12 12:25:00,0.36006985,16.0
2026-04-12 12:30:00,0.36014743,15.98
2026-04-12 12:35:00,0.35995348,15.9
2026-04-12 12:40:00,0.35983711,15.9
2026-04-12 12:45:00,0.36014743,15.9
2026-04-12 12:50:00,0.36030259,15.9
2026-04-12 12:55:00,0.35999227,15.8
2026-04-12 13:00:00,0.36010864,15.8
2026-04-12 13:05:00,0.36006985,15.8
2026-04-12 13:10:00,0.36030259,15.8
2026-04-12 13:15:00,0.36006985,15.74
2026-04-12 13:20:00,0.36041896,15.7
2026-04-12 13:25:00,0.36022501,15.7
2026-04-12 13:30:00,0.36030259,15.7
2026-04-12 13:35:00,0.36018622,15.7
2026-04-12 13:40:00,0.3602638,15.6
2026-04-12 13:45:00,0.36038017,15.6
2026-04-12 13:50:00,0.36057412,15.6
2026-04-12 13:55:00,0.36049654,15.6
2026-04-12 14:00:00,0.36049654,15.54
2026-04-12 14:05:00,0.36057412,15.5
2026-04-12 14:10:00,0.36041896,15.5
2026-04-12 14:15:00,0.36057412,15.5
2026-04-12 14:20:00,0.36049654,15.5
2026-04-12 14:25:00,0.36045775,15.42
2026-04-12 14:30:00,0.36053533,15.4
2026-04-12 14:35:00,0.36049654,15.4
2026-04-12 14:40:00,0.3606517,15.4
2026-04-12 14:45:00,0.36061291,15.4
2026-04-12 14:50:00,0.36069049,15.34
2026-04-12 14:55:00,0.3606517,15.3
2026-04-12 15:00:00,0.36084565,15.3
2026-04-12 15:05:00,0.3606517,15.3
2026-04-12 15:10:00,0.36080686,15.3
2026-04-12 15:15:00,0.36084565,15.28
2026-04-12 15:20:00,0.36076807,15.2
2026-04-12 15:25:00,0.36088444,15.2
2026-04-12 15:30:00,0.36072928,15.2
2026-04-12 15:35:00,0.36076807,15.2
2026-04-12 15:40:00,0.36080686,15.2
2026-04-12 15:45:00,0.36076807,15.12
2026-04-12 15:50:00,0.3606517,15.1
2026-04-12 15:55:00,0.36072928,15.1
2026-04-12 16:00:00,0.36088444,15.1
2026-04-12 16:05:00,0.36084565,15.1
2026-04-12 16:10:00,0.36096202,15.08
2026-04-12 16:15:00,0.3610396,15.0
2026-04-12 16:20:00,0.36080686,15.0
2026-04-12 16:25:00,0.36111718,15.0
2026-04-12 16:30:00,0.36123355,15.0
2026-04-12 16:35:00,0.36080686,15.0
2026-04-12 16:40:00,0.36115597,14.94
2026-04-12 16:45:00,0.3610396,14.9
2026-04-12 16:50:00,0.36100081,14.9
2026-04-12 16:55:00,0.3610396,14.9
2026-04-12 17:00:00,0.36115597,14.9
2026-04-12 17:05:00,0.36115597,14.9
2026-04-12 17:10:00,0.3610396,14.82
2026-04-12 17:15:00,0.36119476,14.8
2026-04-12 17:20:00,0.36119476,14.8
2026-04-12 17:25:00,0.36134992,14.8
2026-04-12 17:30:00,0.36134992,14.8
2026-04-12 17:35:00,0.36123355,14.8
2026-04-12 17:40:00,0.36134992,14.7
2026-04-12 17:45:00,0.36127234,14.7
2026-04-12 17:50:00,0.36119476,14.7
2026-04-12 17:55:00,0.36131113,14.7
2026-04-12 18:00:00,0.36127234,14.7
2026-04-12 18:05:00,0.36127234,14.7
2026-04-12 18:10:00,0.36146629,14.64
2026-04-12 18:15:00,0.36127234,14.6
2026-04-12 18:20:00,0.36127234,14.6
2026-04-12 18:25:00,0.36134992,14.6
2026-04-12 18:30:00,0.36154387,14.6
2026-04-12 18:35:00,0.3614275,14.6
2026-04-12 18:40:00,0.36134992,14.52
2026-04-12 18:45:00,0.36150508,14.5
2026-04-12 18:50:00,0.36138871,14.5
2026-04-12 18:55:00,0.36150508,14.5
2026-04-12 19:00:00,0.36150508,14.5
2026-04-12 19:05:00,0.36134992,14.5
2026-04-12 19:10:00,0.36154387,14.4
2026-04-12 19:15:00,0.36146629,14.4
2026-04-12 19:20:00,0.36146629,14.4
2026-04-12 19:25:00,0.36150508,14.4
2026-04-12 19:30:00,0.3614275,14.4
2026-04-12 19:35:00,0.36154387,14.4
2026-04-12 19:40:00,0.36138871,14.34
2026-04-12 19:45:00,0.36146629,14.3
2026-04-12 19:50:00,0.36150508,14.3
2026-04-12 19:55:00,0.3614275,14.3
2026-04-12 20:00:00,0.36166024,14.3
2026-04-12 20:05:00,0.36162145,14.3
2026-04-12 20:10:00,0.36154387,14.3
2026-04-12 20:15:00,0.36162145,14.24
2026-04-12 20:20:00,0.36162145,14.2
2026-04-12 20:25:00,0.36150508,14.2
2026-04-12 20:30:00,0.36154387,14.2
2026-04-12 20:35:00,0.36154387,14.2
2026-04-12 20:40:00,0.3618154,14.2
2026-04-12 20:45:00,0.36166024,14.2
2026-04-12 20:50:00,0.36169903,14.12
2026-04-12 20:55:00,0.36158266,14.1
2026-04-12 21:00:00,0.36173782,14.1
2026-04-12 21:05:00,0.36173782,14.1
2026-04-12 21:10:00,0.36173782,14.1
2026-04-12 21:15:00,0.36173782,14.1
2026-04-12 21:20:00,0.3618154,14.04
2026-04-12 21:25:00,0.36166024,14.0
2026-04-12 21:30:00,0.36162145,14.0
2026-04-12 21:35:00,0.36169903,14.0
2026-04-12 21:40:00,0.36166024,14.0
2026-04-12 21:45:00,0.36177661,14.0
2026-04-12 21:50:00,0.36185419,13.9
2026-04-12 21:55:00,0.36185419,13.9
2026-04-12 22:00:00,0.36173782,13.9
2026-04-12 22:05:00,0.3618154,13.9
2026-04-12 22:10:00,0.36177661,13.9
2026-04-12 22:15:00,0.36185419,13.84
2026-04-12 22:20:00,0.36185419,13.8
2026-04-12 22:25:00,0.36177661,13.8
2026-04-12 22:30:00,0.36193177,13.8
2026-04-12 22:35:00,0.36193177,13.8
2026-04-12 22:40:00,0.36185419,13.78
2026-04-12 22:45:00,0.36189298,13.7
2026-04-12 22:50:00,0.36189298,13.7
2026-04-12 22:55:00,0.3618154,13.7
2026-04-12 23:00:00,0.36189298,13.7
2026-04-12 23:05:00,0.36185419,13.7
2026-04-12 23:10:00,0.36189298,13.64
2026-04-12 23:15:00,0.36193177,13.6
2026-04-12 23:20:00,0.36189298,13.6
2026-04-12 23:25:00,0.36212572,13.6
2026-04-12 23:30:00,0.36185419,13.6
2026-04-12 23:35:00,0.36189298,13.6
2026-04-12 23:40:00,0.36185419,13.52
2026-04-12 23:45:00,0.36185419,13.5
2026-04-12 23:50:00,0.36197056,13.5
2026-04-12 23:55:00,0.3618154,13.5
2026-04-13 00:00:00,0.3618154,13.5
2026-04-13 00:05:00,0.36197056,13.5
2026-04-13 00:10:00,0.36177661,13.5
2026-04-13 00:15:00,0.36166024,13.5
2026-04-13 00:20:00,0.36158266,13.5
2026-04-13 00:25:00,0.3618154,13.42
2026-04-13 00:30:00,0.36158266,13.4
2026-04-13 00:35:00,0.36162145,13.4
2026-04-13 00:40:00,0.36158266,13.4
2026-04-13 00:45:00,0.36146629,13.4
2026-04-13 00:50:00,0.36154387,13.4
2026-04-13 00:55:00,0.36134992,13.4
2026-04-13 01:00:00,0.36131113,13.4
2026-04-13 01:05:00,0.36123355,13.4
2026-04-13 01:10:00,0.36096202,13.4
2026-04-13 01:15:00,0.36080686,13.4
2026-04-13 01:20:00,0.36072928,13.4
2026-04-13 01:25:00,0.36053533,13.4
2026-04-13 01:30:00,0.36053533,13.4
2026-04-13 01:35:00,0.36041896,13.4
2026-04-13 01:40:00,0.36014743,13.4
2026-04-13 01:45:00,0.35999227,13.48
2026-04-13 01:50:00,0.36006985,13.5
2026-04-13 01:55:00,0.35968195,13.5
2026-04-13 02:00:00,0.35968195,13.5
2026-04-13 02:05:00,0.35944921,13.58
2026-04-13 02:10:00,0.35913889,13.6
2026-04-13 02:15:00,0.35917768,13.62
2026-04-13 02:20:00,0.35906131,13.7
2026-04-13 02:25:00,0.35878978,13.7
2026-04-13 02:30:00,0.3587122,13.78
2026-04-13 02:35:00,0.35855704,13.8
2026-04-13 02:40:00,0.35828551,13.86
2026-04-13 02:45:00,0.35820793,13.9
2026-04-13 02:50:00,0.35785882,13.96
2026-04-13 02:55:00,0.35774245,14.0
2026-04-13 03:00:00,0.35762608,14.06
2026-04-13 03:05:00,0.35739334,14.1
2026-04-13 03:10:00,0.3571606,14.18
2026-04-13 03:15:00,0.35696665,14.2
2026-04-13 03:20:00,0.35696665,14.3
2026-04-13 03:25:00,0.35665633,14.3
2026-04-13 03:30:00,0.35646238,14.4
2026-04-13 03:35:00,0.35622964,14.44
2026-04-13 03:40:00,0.35588053,14.5
2026-04-13 03:45:00,0.35584174,14.56
2026-04-13 03:50:00,0.35537626,14.6
2026-04-13 03:55:00,0.3552211,14.7
2026-04-13 04:00:00,0.35502715,14.72
2026-04-13 04:05:00,0.35463925,14.8
2026-04-13 04:10:00,0.35456167,14.84
2026-04-13 04:15:00,0.35425135,14.9
2026-04-13 04:20:00,0.35394103,14.96
2026-04-13 04:25:00,0.35374708,15.0
2026-04-13 04:30:00,0.3536695,15.08
2026-04-13 04:35:00,0.35320402,15.1
2026-04-13 04:40:00,0.35312644,15.2
2026-04-13 04:45:00,0.35301007,15.22
2026-04-13 04:50:00,0.35262217,15.3
2026-04-13 04:55:00,0.35262217,15.34
2026-04-13 05:00:00,0.35219548,15.4
2026-04-13 05:05:00,0.35180758,15.46
2026-04-13 05:10:00,0.35188516,15.5
2026-04-13 05:15:00,0.35149726,15.58
2026-04-13 05:20:00,0.35149726,15.6
2026-04-13 05:25:00,0.35107057,15.7
2026-04-13 05:30:00,0.35091541,15.72
2026-04-13 05:35:00,0.35064388,15.8
2026-04-13 05:40:00,0.35060509,15.84
2026-04-13 05:45:00,0.35044993,15.9
2026-04-13 05:50:00,0.35006203,15.94
2026-04-13 05:55:00,0.34998445,16.0
2026-04-13 06:00:00,0.34994566,16.06
2026-04-13 06:05:00,0.3497905,16.1
2026-04-13 06:10:00,0.34967413,16.16
2026-04-13 06:15:00,0.34963534,16.2
2026-04-13 06:20:00,0.34928623,16.26
2026-04-13 06:25:00,0.34916986,16.3
2026-04-13 06:30:00,0.34885954,16.34
2026-04-13 06:35:00,0.3490147,16.4
2026-04-13 06:40:00,0.34878196,16.42
2026-04-13 06:45:00,0.3486268,16.5
2026-04-13 06:50:00,0.34858801,16.5
2026-04-13 06:55:00,0.34843285,16.56
2026-04-13 07:00:00,0.34843285,16.6
2026-04-13 07:05:00,0.34858801,16.6
2026-04-13 07:10:00,0.34835527,16.68
2026-04-13 07:15:00,0.34831648,16.7
2026-04-13 07:20:00,0.3482389,16.7
2026-04-13 07:25:00,0.34827769,16.72
2026-04-13 07:30:00,0.34796737,16.8
2026-04-13 07:35:00,0.34792858,16.8
2026-04-13 07:40:00,0.34796737,16.8
2026-04-13 07:45:00,0.347851,16.8
2026-04-13 07:50:00,0.34792858,16.88
2026-04-13 07:55:00,0.347851,16.9
2026-04-13 08:00:00,0.34769584,16.9
2026-04-13 08:05:00,0.34777342,16.9
2026-04-13 08:10:00,0.34754068,16.9
2026-04-13 08:15:00,0.34738552,16.9
2026-04-13 08:20:00,0.34754068,16.9
2026-04-13 08:25:00,0.34742431,16.96
2026-04-13 08:30:00,0.34757947,17.0
2026-04-13 08:35:00,0.34757947,17.0
2026-04-13 08:40:00,0.34757947,17.0
2026-04-13 08:45:00,0.34742431,17.0
2026-04-13 08:50:00,0.34750189,17.0
2026-04-13 08:55:00,0.34754068,17.0
2026-04-13 09:00:00,0.34750189,17.0
2026-04-13 09:05:00,0.34750189,17.0
2026-04-13 09:10:00,0.34769584,17.0
2026-04-13 09:15:00,0.3474631,17.0
2026-04-13 09:20:00,0.34734673,17.0
2026-04-13 09:25:00,0.34754068,17.0
2026-04-13 09:30:00,0.34769584,17.0
2026-04-13 09:35:00,0.34765705,17.0
2026-04-13 09:40:00,0.34738552,17.0
2026-04-13 09:45:00,0.34761826,16.98
2026-04-13 09:50:00,0.34750189,16.9
2026-04-13 09:55:00,0.34761826,16.9
2026-04-13 10:00:00,0.34781221,16.9
2026-04-13 10:05:00,0.34754068,16.9
2026-04-13 10:10:00,0.34765705,16.9
2026-04-13 10:15:00,0.34769584,16.9
2026-04-13 10:20:00,0.34773463,16.9
2026-04-13 10:25:00,0.34777342,16.88
2026-04-13 10:30:00,0.34773463,16.8
2026-04-13 10:35:00,0.34792858,16.8
2026-04-13 10:40:00,0.34777342,16.8
2026-04-13 10:45:00,0.347851,16.8
2026-04-13 10:50:00,0.34792858,16.8
2026-04-13 10:55:00,0.34792858,16.72
2026-04-13 11:00:00,0.34820011,16.7
2026-04-13 11:05:00,0.34792858,16.7
2026-04-13 11:10:00,0.34792858,16.7
2026-04-13 11:15:00,0.34812253,16.68
2026-04-13 11:20:00,0.34781221,16.6
2026-04-13 11:25:00,0.34800616,16.6
2026-04-13 11:30:00,0.34820011,16.6
2026-04-13 11:35:00,0.34812253,16.6
2026-04-13 11:40:00,0.34796737,16.52
2026-04-13 11:45:00,0.34843285,16.5
2026-04-13 11:50:00,0.34816132,16.5
2026-04-13 11:55:00,0.34804495,16.5
2026-04-13 12:00:00,0.34827769,16.44
2026-04-13 12:05:00,0.34820011,16.4
2026-04-13 12:10:00,0.34831648,16.4
2026-04-13 12:15:00,0.34831648,16.4
2026-04-13 12:20:00,0.34835527,16.32
2026-04-13 12:25:00,0.34847164,16.3
2026-04-13 12:30:00,0.34839406,16.3
2026-04-13 12:35:00,0.34839406,16.3
2026-04-13 12:40:00,0.34843285,16.24
2026-04-13 12:45:00,0.34851043,16.2
2026-04-13 12:50:00,0.3486268,16.2
2026-04-13 12:55:00,0.34885954,16.2
2026-04-13 13:00:00,0.34854922,16.12
2026-04-13 13:05:00,0.34866559,16.1
2026-04-13 13:10:00,0.34874317,16.1
2026-04-13 13:15:00,0.34878196,16.08
2026-04-13 13:20:00,0.3486268,16.0
2026-04-13 13:25:00,0.34885954,16.0
2026-04-13 13:30:00,0.34897591,16.0
2026-04-13 13:35:00,0.34885954,15.94
2026-04-13 13:40:00,0.34893712,15.9
2026-04-13 13:45:00,0.34893712,15.9
2026-04-13 13:50:00,0.34885954,15.88
2026-04-13 13:55:00,0.34905349,15.8
2026-04-13 14:00:00,0.34909228,15.8
2026-04-13 14:05:00,0.34897591,15.8
2026-04-13 14:10:00,0.3490147,15.76
2026-04-13 14:15:00,0.34913107,15.7
2026-04-13 14:20:00,0.34893712,15.7
2026-04-13 14:25:00,0.34913107,15.7
2026-04-13 14:30:00,0.34916986,15.68
2026-04-13 14:35:00,0.34920865,15.6
2026-04-13 14:40:00,0.34905349,15.6
2026-04-13 14:45:00,0.34936381,15.6
2026-04-13 14:50:00,0.34924744,15.6
2026-04-13 14:55:00,0.34924744,15.54
2026-04-13 15:00:00,0.34924744,15.5
2026-04-13 15:05:00,0.34913107,15.5
2026-04-13 15:10:00,0.34932502,15.5
2026-04-13 15:15:00,0.34932502,15.5
2026-04-13 15:20:00,0.3494026,15.44
2026-04-13 15:25:00,0.34928623,15.4
2026-04-13 15:30:00,0.34951897,15.4
2026-04-13 15:35:00,0.34936381,15.4
2026-04-13 15:40:00,0.34944139,15.4
2026-04-13 15:45:00,0.34951897,15.38
2026-04-13 15:50:00,0.34948018,15.3
2026-04-13 15:55:00,0.34971292,15.3
2026-04-13 16:00:00,0.34948018,15.3
2026-04-13 16:05:00,0.34948018,15.3
2026-04-13 16:10:00,0.34955776,15.3
2026-04-13 16:15:00,0.34971292,15.3
2026-04-13 16:20:00,0.34959655,15.22
2026-04-13 16:25:00,0.34963534,15.2
2026-04-13 16:30:00,0.34971292,15.2
2026-04-13 16:35:00,0.34959655,15.2
2026-04-13 16:40:00,0.34959655,15.2
2026-04-13 16:45:00,0.34955776,15.2
2026-04-13 16:50:00,0.34967413,15.18
2026-04-13 16:55:00,0.34986808,15.1
2026-04-13 17:00:00,0.3497905,15.1
2026-04-13 17:05:00,0.3497905,15.1
2026-04-13 17:10:00,0.34990687,15.1
2026-04-13 17:15:00,0.3497905,15.1
2026-04-13 17:20:00,0.34982929,15.1
2026-04-13 17:25:00,0.34990687,15.06
2026-04-13 17:30:00,0.34975171,15.0
2026-04-13 17:35:00,0.34986808,15.0
2026-04-13 17:40:00,0.34986808,15.0
2026-04-13 17:45:00,0.34982929,15.0
2026-04-13 17:50:00,0.34986808,15.0
2026-04-13 17:55:00,0.34990687,15.0
2026-04-13 18:00:00,0.34998445,14.98
2026-04-13 18:05:00,0.34990687,14.9
2026-04-13 18:10:00,0.35002324,14.9
2026-04-13 18:15:00,0.35013961,14.9
2026-04-13 18:20:00,0.34982929,14.9
2026-04-13 18:25:00,0.34998445,14.9
2026-04-13 18:30:00,0.34998445,14.9
2026-04-13 18:35:00,0.35002324,14.9
2026-04-13 18:40:00,0.35033356,14.8
2026-04-13 18:45:00,0.3501784,14.8
2026-04-13 18:50:00,0.35013961,14.8
2026-04-13 18:55:00,0.35013961,14.8
2026-04-13 19:00:00,0.35010082,14.8
2026-04-13 19:05:00,0.35006203,14.8
2026-04-13 19:10:00,0.35021719,14.8
2026-04-13 19:15:00,0.35010082,14.76
2026-04-13 19:20:00,0.35025598,14.7
2026-04-13 19:25:00,0.35033356,14.7
2026-04-13 19:30:00,0.35037235,14.7
2026-04-13 19:35:00,0.35033356,14.7
2026-04-13 19:40:00,0.35033356,14.7
2026-04-13 19:45:00,0.35029477,14.7
2026-04-13 19:50:00,0.35025598,14.7
2026-04-13 19:55:00,0.35033356,14.68
2026-04-13 20:00:00,0.35037235,14.6
2026-04-13 20:05:00,0.35025598,14.6
2026-04-13 20:10:00,0.35029477,14.6
2026-04-13 20:15:00,0.35025598,14.6
2026-04-13 20:20:00,0.3505663,14.6
2026-04-13 20:25:00,0.35037235,14.6
2026-04-13 20:30:00,0.35037235,14.6
2026-04-13 20:35:00,0.35041114,14.6
2026-04-13 20:40:00,0.35044993,14.54
2026-04-13 20:45:00,0.35044993,14.5
2026-04-13 20:50:00,0.35044993,14.5
2026-04-13 20:55:00,0.35044993,14.5
2026-04-13 21:00:00,0.35052751,14.5
2026-04-13 21:05:00,0.35041114,14.5
2026-04-13 21:10:00,0.35048872,14.5
2026-04-13 21:15:00,0.35048872,14.5
2026-04-13 21:20:00,0.3505663,14.5
2026-04-13 21:25:00,0.35048872,14.42
2026-04-13 21:30:00,0.3505663,14.4
2026-04-13 21:35:00,0.35068267,14.4
2026-04-13 21:40:00,0.35052751,14.4
2026-04-13 21:45:00,0.35048872,14.4
2026-04-13 21:50:00,0.35060509,14.4
2026-04-13 21:55:00,0.35060509,14.4
2026-04-13 22:00:00,0.35052751,14.4
2026-04-13 22:05:00,0.35048872,14.38
2026-04-13 22:10:00,0.35060509,14.3
2026-04-13 22:15:00,0.35052751,14.3
2026-04-13 22:20:00,0.35052751,14.3
2026-04-13 22:25:00,0.35060509,14.3
2026-04-13 22:30:00,0.3505663,14.3
2026-04-13 22:35:00,0.35068267,14.3
2026-04-13 22:40:00,0.35052751,14.3
2026-04-13 22:45:00,0.35052751,14.3
2026-04-13 22:50:00,0.35044993,14.3
2026-04-13 22:55:00,0.3505663,14.3
2026-04-13 23:00:00,0.35060509,14.3
2026-04-13 23:05:00,0.35064388,14.3
2026-04-13 23:10:00,0.35052751,14.3
2026-04-13 23:15:00,0.3505663,14.3
2026-04-13 23:20:00,0.3505663,14.3
2026-04-13 23:25:00,0.35052751,14.3
2026-04-13 23:30:00,0.35052751,14.3
2026-04-13 23:35:00,0.3505663,14.3
2026-04-13 23:40:00,0.35060509,14.3
2026-04-13 23:45:00,0.35048872,14.3
2026-04-13 23:50:00,0.35052751,14.3
2026-04-13 23:55:00,0.35052751,14.3
2026-04-14 00:00:00,0.35052751,14.3
2026-04-14 00:05:00,0.35037235,14.3
2026-04-14 00:10:00,0.35048872,14.3
2026-04-14 00:15:00,0.35037235,14.3
2026-04-14 00:20:00,0.35037235,14.3
2026-04-14 00:25:00,0.35041114,14.3
2026-04-14 00:30:00,0.35029477,14.3
2026-04-14 00:35:00,0.35041114,14.3
2026-04-14 00:40:00,0.35029477,14.3
2026-04-14 00:45:00,0.3501784,14.4
2026-04-14 00:50:00,0.35029477,14.4
2026-04-14 00:55:00,0.35037235,14.4
2026-04-14 01:00:00,0.35010082,14.4
2026-04-14 01:05:00,0.35013961,14.4
2026-04-14 01:10:00,0.34994566,14.4
2026-04-14 01:15:00,0.34994566,14.4
2026-04-14 01:20:00,0.35002324,14.4
2026-04-14 01:25:00,0.34990687,14.4
2026-04-14 01:30:00,0.3497905,14.48
2026-04-14 01:35:00,0.34986808,14.5
2026-04-14 01:40:00,0.34975171,14.5
2026-04-14 01:45:00,0.34982929,14.5
2026-04-14 01:50:00,0.34971292,14.5
2026-04-14 01:55:00,0.34963534,14.5
2026-04-14 02:00:00,0.34959655,14.6
2026-04-14 02:05:00,0.34944139,14.6
2026-04-14 02:10:00,0.34936381,14.6
2026-04-14 02:15:00,0.34936381,14.6
2026-04-14 02:20:00,0.34932502,14.6
2026-04-14 02:25:00,0.34920865,14.7
2026-04-14 02:30:00,0.3490147,14.7
2026-04-14 02:35:00,0.34913107,14.7
2026-04-14 02:40:00,0.34882075,14.7
2026-04-14 02:45:00,0.34889833,14.76
2026-04-14 02:50:00,0.34882075,14.8
2026-04-14 02:55:00,0.34878196,14.8
2026-04-14 03:00:00,0.34866559,14.8
2026-04-14 03:05:00,0.34870438,14.84
2026-04-14 03:10:00,0.34839406,14.9
2026-04-14 03:15:00,0.34839406,14.9
2026-04-14 03:20:00,0.34835527,14.9
2026-04-14 03:25:00,0.3482389,14.92
2026-04-14 03:30:00,0.34820011,15.0
2026-04-14 03:35:00,0.3482389,15.0
2026-04-14 03:40:00,0.3482389,15.0
2026-04-14 03:45:00,0.34792858,15.0
2026-04-14 03:50:00,0.34796737,15.1
2026-04-14 03:55:00,0.34788979,15.1
2026-04-14 04:00:00,0.34808374,15.1
2026-04-14 04:05:00,0.34777342,15.1
2026-04-14 04:10:00,0.34765705,15.12
2026-04-14 04:15:00,0.34781221,15.2
2026-04-14 04:20:00,0.34754068,15.2
2026-04-14 04:25:00,0.34773463,15.2
2026-04-14 04:30:00,0.34761826,15.2
2026-04-14 04:35:00,0.34730794,15.26
2026-04-14 04:40:00,0.34742431,15.3
2026-04-14 04:45:00,0.34730794,15.3
2026-04-14 04:50:00,0.34711399,15.3
2026-04-14 04:55:00,0.34723036,15.3
2026-04-14 05:00:00,0.34723036,15.34
2026-04-14 05:05:00,0.34719157,15.4
2026-04-14 05:10:00,0.34703641,15.4
2026-04-14 05:15:00,0.34695883,15.4
2026-04-14 05:20:00,0.34715278,15.4
2026-04-14 05:25:00,0.34692004,15.5
2026-04-14 05:30:00,0.34688125,15.5
2026-04-14 05:35:00,0.34692004,15.5
2026-04-14 05:40:00,0.34703641,15.5
2026-04-14 05:45:00,0.3470752,15.5
2026-04-14 05:50:00,0.3466873,15.58
2026-04-14 05:55:00,0.34692004,15.6
2026-04-14 06:00:00,0.34672609,15.6
2026-04-14 06:05:00,0.34660972,15.6
2026-04-14 06:10:00,0.34680367,15.6
2026-04-14 06:15:00,0.34660972,15.6
2026-04-14 06:20:00,0.34664851,15.68
2026-04-14 06:25:00,0.34660972,15.7
2026-04-14 06:30:00,0.34653214,15.7
2026-04-14 06:35:00,0.34653214,15.7
2026-04-14 06:40:00,0.34649335,15.7
2026-04-14 06:45:00,0.34649335,15.7
2026-04-14 06:50:00,0.34622182,15.7
2026-04-14 06:55:00,0.34626061,15.72
2026-04-14 07:00:00,0.34602787,15.8
2026-04-14 07:05:00,0.34633819,15.8
2026-04-14 07:10:00,0.34610545,15.8
2026-04-14 07:15:00,0.3462994,15.8
2026-04-14 07:20:00,0.34598908,15.8
2026-04-14 07:25:00,0.34602787,15.8
2026-04-14 07:30:00,0.3459115,15.8
2026-04-14 07:35:00,0.34587271,15.8
2026-04-14 07:40:00,0.3459115,15.82
2026-04-14 07:45:00,0.34583392,15.9
2026-04-14 07:50:00,0.34567876,15.9
2026-04-14 07:55:00,0.34544602,15.9
2026-04-14 08:00:00,0.34536844,15.9
2026-04-14 08:05:00,0.34544602,15.9
2026-04-14 08:10:00,0.34548481,15.9
2026-04-14 08:15:00,0.34544602,15.9
2026-04-14 08:20:00,0.34532965,15.9
2026-04-14 08:25:00,0.34517449,15.9
2026-04-14 08:30:00,0.34556239,15.9
2026-04-14 08:35:00,0.34525207,15.92
2026-04-14 08:40:00,0.34544602,16.0
2026-04-14 08:45:00,0.34536844,16.0
2026-04-14 08:50:00,0.34525207,16.0
2026-04-14 08:55:00,0.34536844,16.0
2026-04-14 09:00:00,0.34521328,16.0
2026-04-14 09:05:00,0.34517449,16.0
2026-04-14 09:10:00,0.34482538,16.0
2026-04-14 09:15:00,0.34498054,16.0
2026-04-14 09:20:00,0.34478659,16.0
2026-04-14 09:25:00,0.34494175,16.0
2026-04-14 09:30:00,0.34490296,16.0
2026-04-14 09:35:00,0.34490296,16.0
2026-04-14 09:40:00,0.34501933,16.0
2026-04-14 09:45:00,0.34486417,16.0
2026-04-14 09:50:00,0.34494175,16.06
2026-04-14 09:55:00,0.34486417,16.1
2026-04-14 10:00:00,0.34490296,16.1
2026-04-14 10:05:00,0.34509691,16.1
2026-04-14 10:10:00,0.34490296,16.1
2026-04-14 10:15:00,0.34501933,16.1
2026-04-14 10:20:00,0.34505812,16.1
2026-04-14 10:25:00,0.34490296,16.1
2026-04-14 10:30:00,0.34494175,16.06
2026-04-14 10:35:00,0.34494175,16.04
2026-04-14 10:40:00,0.34529086,16.0
2026-04-14 10:45:00,0.34505812,16.0
2026-04-14 10:50:00,0.34501933,16.0
2026-04-14 10:55:00,0.34498054,16.0
2026-04-14 11:00:00,0.34517449,16.0
2026-04-14 11:05:00,0.3451357,16.0
2026-04-14 11:10:00,0.34521328,16.0
2026-04-14 11:15:00,0.3451357,16.0
2026-04-14 11:20:00,0.34505812,16.0
2026-04-14 11:25:00,0.3451357,16.0
2026-04-14 11:30:00,0.34517449,15.92
2026-04-14 11:35:00,0.34532965,15.9
2026-04-14 11:40:00,0.34532965,15.9
2026-04-14 11:45:00,0.3451357,15.9
2026-04-14 11:50:00,0.34532965,15.9
2026-04-14 11:55:00,0.34521328,15.9
2026-04-14 12:00:00,0.34536844,15.9
2026-04-14 12:05:00,0.3455236,15.86
2026-04-14 12:10:00,0.34536844,15.8
2026-04-14 12:15:00,0.34532965,15.8
2026-04-14 12:20:00,0.34540723,15.8
2026-04-14 12:25:00,0.34536844,15.8
2026-04-14 12:30:00,0.34540723,15.8
2026-04-14 12:35:00,0.34571755,15.8
2026-04-14 12:40:00,0.34571755,15.72
2026-04-14 12:45:00,0.34579513,15.7
2026-04-14 12:50:00,0.34583392,15.7
2026-04-14 12:55:00,0.34567876,15.7
2026-04-14 13:00:00,0.34556239,15.7
2026-04-14 13:05:00,0.34556239,15.7
2026-04-14 13:10:00,0.34571755,15.62
2026-04-14 13:15:00,0.34563997,15.6
2026-04-14 13:20:00,0.34563997,15.6
2026-04-14 13:25:00,0.34571755,15.6
2026-04-14 13:30:00,0.34567876,15.6
2026-04-14 13:35:00,0.3459115,15.52
2026-04-14 13:40:00,0.34575634,15.5
2026-04-14 13:45:00,0.34571755,15.5
2026-04-14 13:50:00,0.34571755,15.5
2026-04-14 13:55:00,0.34587271,15.46
2026-04-14 14:00:00,0.34610545,15.4
2026-04-14 14:05:00,0.34587271,15.4
2026-04-14 14:10:00,0.34606666,15.4
2026-04-14 14:15:00,0.3459115,15.36
2026-04-14 14:20:00,0.34618303,15.3
2026-04-14 14:25:00,0.34595029,15.3
2026-04-14 14:30:00,0.34614424,15.3
2026-04-14 14:35:00,0.34598908,15.3
2026-04-14 14:40:00,0.34626061,15.22
2026-04-14 14:45:00,0.34618303,15.2
2026-04-14 14:50:00,0.34614424,15.2
2026-04-14 14:55:00,0.34626061,15.2
2026-04-14 15:00:00,0.34626061,15.1
2026-04-14 15:05:00,0.3462994,15.1
2026-04-14 15:10:00,0.34637698,15.1
2026-04-14 15:15:00,0.34633819,15.08
2026-04-14 15:20:00,0.34633819,15.0
2026-04-14 15:25:00,0.34660972,15.0
2026-04-14 15:30:00,0.34637698,15.0
2026-04-14 15:35:00,0.34649335,14.96
2026-04-14 15:40:00,0.34645456,14.9
2026-04-14 15:45:00,0.34660972,14.9
2026-04-14 15:50:00,0.34672609,14.9
2026-04-14 15:55:00,0.34657093,14.84
2026-04-14 16:00:00,0.3466873,14.8
2026-04-14 16:05:00,0.34676488,14.8
2026-04-14 16:10:00,0.34676488,14.8
2026-04-14 16:15:00,0.34676488,14.7
2026-04-14 16:20:00,0.34692004,14.7
2026-04-14 16:25:00,0.34684246,14.7
2026-04-14 16:30:00,0.3470752,14.68
2026-04-14 16:35:00,0.34684246,14.6
2026-04-14 16:40:00,0.34688125,14.6
2026-04-14 16:45:00,0.34692004,14.6
2026-04-14 16:50:00,0.34703641,14.54
2026-04-14 16:55:00,0.34719157,14.5
2026-04-14 17:00:00,0.34715278,14.5
2026-04-14 17:05:00,0.34723036,14.5
2026-04-14 17:10:00,0.34715278,14.4
2026-04-14 17:15:00,0.34723036,14.4
2026-04-14 17:20:00,0.34723036,14.4
2026-04-14 17:25:00,0.34730794,14.36
2026-04-14 17:30:00,0.34730794,14.3
2026-04-14 17:35:00,0.34730794,14.3
2026-04-14 17:40:00,0.34719157,14.3
2026-04-14 17:45:00,0.34726915,14.26
2026-04-14 17:50:00,0.34738552,14.2
2026-04-14 17:55:00,0.34726915,14.2
2026-04-14 18:00:00,0.34734673,14.2
2026-04-14 18:05:00,0.34730794,14.12
2026-04-14 18:10:00,0.34742431,14.1
2026-04-14 18:15:00,0.3474631,14.1
2026-04-14 18:20:00,0.34750189,14.1
2026-04-14 18:25:00,0.34750189,14.0
2026-04-14 18:30:00,0.34742431,14.0
2026-04-14 18:35:00,0.34750189,14.0
2026-04-14 18:40:00,0.34769584,14.0
2026-04-14 18:45:00,0.34761826,13.9
2026-04-14 18:50:00,0.34765705,13.9
2026-04-14 18:55:00,0.34769584,13.9
2026-04-14 19:00:00,0.34777342,13.9
2026-04-14 19:05:00,0.34757947,13.8
2026-04-14 19:10:00,0.34777342,13.8
2026-04-14 19:15:00,0.34769584,13.8
2026-04-14 19:20:00,0.34788979,13.8
2026-04-14 19:25:00,0.34761826,13.7
2026-04-14 19:30:00,0.34792858,13.7
2026-04-14 19:35:00,0.34777342,13.7
2026-04-14 19:40:00,0.34792858,13.7
2026-04-14 19:45:00,0.347851,13.62
2026-04-14 19:50:00,0.34796737,13.6
2026-04-14 19:55:00,0.34773463,13.6
2026-04-14 20:00:00,0.347851,13.6
2026-04-14 20:05:00,0.34788979,13.52
2026-04-14 20:10:00,0.34800616,13.5
2026-04-14 20:15:00,0.34792858,13.5
2026-04-14 20:20:00,0.34804495,13.5
2026-04-14 20:25:00,0.34804495,13.46
2026-04-14 20:30:00,0.34788979,13.4
2026-04-14 20:35:00,0.34804495,13.4
2026-04-14 20:40:00,0.34827769,13.4
2026-04-14 20:45:00,0.3482389,13.4
2026-04-14 20:50:00,0.34816132,13.34
2026-04-14 20:55:00,0.34804495,13.3
2026-04-14 21:00:00,0.34804495,13.3
2026-04-14 21:05:00,0.34820011,13.3
2026-04-14 21:10:00,0.34812253,13.3
2026-04-14 21:15:00,0.34827769,13.2
2026-04-14 21:20:00,0.3482389,13.2
2026-04-14 21:25:00,0.34827769,13.2
2026-04-14 21:30:00,0.3482389,13.2
2026-04-14 21:35:00,0.34847164,13.2
2026-04-14 21:40:00,0.34827769,13.16
2026-04-14 21:45:00,0.34831648,13.1
2026-04-14 21:50:00,0.34835527,13.1
2026-04-14 21:55:00,0.34839406,13.1
2026-04-14 22:00:00,0.34827769,13.1
2026-04-14 22:05:00,0.34835527,13.1
2026-04-14 22:10:00,0.34843285,13.06
2026-04-14 22:15:00,0.34843285,13.0
2026-04-14 22:20:00,0.34835527,13.0
2026-04-14 22:25:00,0.34851043,13.0
2026-04-14 22:30:00,0.34831648,13.0
2026-04-14 22:35:00,0.34851043,13.0
2026-04-14 22:40:00,0.34843285,13.0
2026-04-14 22:45:00,0.3486268,12.94
2026-04-14 22:50:00,0.34854922,12.9
2026-04-14 22:55:00,0.34843285,12.9
2026-04-14 23:00:00,0.34851043,12.9
2026-04-14 23:05:00,0.34854922,12.9
2026-04-14 23:10:00,0.34839406,12.9
2026-04-14 23:15:00,0.34843285,12.9
2026-04-14 23:20:00,0.34858801,12.9
2026-04-14 23:25:00,0.34854922,12.9
2026-04-14 23:30:00,0.34854922,12.9
2026-04-14 23:35:00,0.34874317,12.86
2026-04-14 23:40:00,0.34854922,12.8
2026-04-14 23:45:00,0.34839406,12.8
2026-04-14 23:50:00,0.34866559,12.8
2026-04-14 23:55:00,0.34858801,12.8
2026-04-15 00:00:00,0.34854922,12.8
2026-04-15 00:05:00,0.34858801,12.8
2026-04-15 00:10:00,0.3486268,12.8
2026-04-15 00:15:00,0.3486268,12.8
2026-04-15 00:20:00,0.34847164,12.8
2026-04-15 00:25:00,0.34847164,12.8
2026-04-15 00:30:00,0.34843285,12.8
2026-04-15 00:35:00,0.34854922,12.8
2026-04-15 00:40:00,0.34851043,12.8
2026-04-15 00:45:00,0.34870438,12.8
2026-04-15 00:50:00,0.34831648,12.8
2026-04-15 00:55:00,0.34827769,12.8
2026-04-15 01:00:00,0.34827769,12.8
2026-04-15 01:05:00,0.34816132,12.8
2026-04-15 01:10:00,0.34812253,12.9
2026-04-15 01:15:00,0.347851,12.9
2026-04-15 01:20:00,0.34777342,12.9
2026-04-15 01:25:00,0.34765705,12.9
2026-04-15 01:30:00,0.3474631,12.9
2026-04-15 01:35:00,0.34742431,12.9
2026-04-15 01:40:00,0.34692004,12.9
2026-04-15 01:45:00,0.34715278,13.0
2026-04-15 01:50:00,0.34680367,13.0
2026-04-15 01:55:00,0.3466873,13.0
2026-04-15 02:00:00,0.3462994,13.04
2026-04-15 02:05:00,0.34637698,13.1
2026-04-15 02:10:00,0.34614424,13.1
2026-04-15 02:15:00,0.34598908,13.18
2026-04-15 02:20:00,0.34583392,13.2
2026-04-15 02:25:00,0.34560118,13.26
2026-04-15 02:30:00,0.34544602,13.3
2026-04-15 02:35:00,0.34525207,13.38
2026-04-15 02:40:00,0.34486417,13.4
2026-04-15 02:45:00,0.34490296,13.5
2026-04-15 02:50:00,0.34467022,13.5
2026-04-15 02:55:00,0.34447627,13.6
2026-04-15 03:00:00,0.34432111,13.64
2026-04-15 03:05:00,0.34401079,13.7
2026-04-15 03:10:00,0.34385563,13.76
2026-04-15 03:15:00,0.34370047,13.8
2026-04-15 03:20:00,0.34346773,13.9
2026-04-15 03:25:00,0.34342894,13.92
2026-04-15 03:30:00,0.3431962,14.0
2026-04-15 03:35:00,0.34304104,14.06
2026-04-15 03:40:00,0.34284709,14.1
2026-04-15 03:45:00,0.34273072,14.18
2026-04-15 03:50:00,0.34238161,14.2
2026-04-15 03:55:00,0.34238161,14.3
2026-04-15 04:00:00,0.34207129,14.34
2026-04-15 04:05:00,0.34179976,14.4
2026-04-15 04:10:00,0.34145065,14.48
2026-04-15 04:15:00,0.34129549,14.52
2026-04-15 04:20:00,0.34098517,14.6
2026-04-15 04:25:00,0.34063606,14.66
2026-04-15 04:30:00,0.34044211,14.7
2026-04-15 04:35:00,0.33989905,14.8
2026-04-15 04:40:00,0.33982147,14.86
2026-04-15 04:45:00,0.33939478,14.9
2026-04-15 04:50:00,0.33939478,15.0
2026-04-15 04:55:00,0.33885172,15.06
2026-04-15 05:00:00,0.33842503,15.12
2026-04-15 05:05:00,0.33838624,15.2
2026-04-15 05:10:00,0.33799834,15.28
2026-04-15 05:15:00,0.33772681,15.34
2026-04-15 05:20:00,0.33745528,15.4
2026-04-15 05:25:00,0.33714496,15.5
2026-04-15 05:30:00,0.33683464,15.56
2026-04-15 05:35:00,0.3366019,15.64
2026-04-15 05:40:00,0.33629158,15.7
2026-04-15 05:45:00,0.33586489,15.8
2026-04-15 05:50:00,0.33555457,15.88
2026-04-15 05:55:00,0.33539941,15.94
2026-04-15 06:00:00,0.33512788,16.02
2026-04-15 06:05:00,0.3350503,16.1
2026-04-15 06:10:00,0.33473998,16.18
2026-04-15 06:15:00,0.33419692,16.24
2026-04-15 06:20:00,0.33392539,16.3
2026-04-15 06:25:00,0.33384781,16.38
2026-04-15 06:30:00,0.3334987,16.44
2026-04-15 06:35:00,0.33353749,16.5
2026-04-15 06:40:00,0.33342112,16.56
2026-04-15 06:45:00,0.33291685,16.6
2026-04-15 06:50:00,0.33283927,16.68
2026-04-15 06:55:00,0.33252895,16.7
2026-04-15 07:00:00,0.33241258,16.78
2026-04-15 07:05:00,0.33221863,16.8
2026-04-15 07:10:00,0.33202468,16.86
2026-04-15 07:15:00,0.33198589,16.9
2026-04-15 07:20:00,0.33175315,16.9
2026-04-15 07:25:00,0.33159799,16.98
2026-04-15 07:30:00,0.33163678,17.0
2026-04-15 07:35:00,0.33144283,17.0
2026-04-15 07:40:00,0.33124888,17.08
2026-04-15 07:45:00,0.3311713,17.1
2026-04-15 07:50:00,0.33089977,17.1
2026-04-15 07:55:00,0.3307834,17.1
2026-04-15 08:00:00,0.33074461,17.18
2026-04-15 08:05:00,0.33062824,17.2
2026-04-15 08:10:00,0.3307834,17.2
2026-04-15 08:15:00,0.33066703,17.2
2026-04-15 08:20:00,0.33047308,17.2
2026-04-15 08:25:00,0.3303955,17.2
2026-04-15 08:30:00,0.33043429,17.2
2026-04-15 08:35:00,0.33043429,17.24
2026-04-15 08:40:00,0.33024034,17.3
2026-04-15 08:45:00,0.3303955,17.3
2026-04-15 08:50:00,0.33043429,17.3
2026-04-15 08:55:00,0.33024034,17.3
2026-04-15 09:00:00,0.33004639,17.3
2026-04-15 09:05:00,0.33012397,17.3
2026-04-15 09:10:00,0.33027913,17.3
2026-04-15 09:15:00,0.33004639,17.3
2026-04-15 09:20:00,0.33027913,17.24
2026-04-15 09:25:00,0.33020155,17.2
2026-04-15 09:30:00,0.33027913,17.2
2026-04-15 09:35:00,0.33031792,17.2
2026-04-15 09:40:00,0.33043429,17.2
2026-04-15 09:45:00,0.33035671,17.2
2026-04-15 09:50:00,0.33020155,17.2
2026-04-15 09:55:00,0.33027913,17.2
2026-04-15 10:00:00,0.33031792,17.12
2026-04-15 10:05:00,0.33055066,17.1
2026-04-15 10:10:00,0.33043429,17.1
2026-04-15 10:15:00,0.33055066,17.1
2026-04-15 10:20:00,0.33074461,17.1
2026-04-15 10:25:00,0.33055066,17.02
2026-04-15 10:30:00,0.33051187,17.0
2026-04-15 10:35:00,0.33089977,17.0
2026-04-15 10:40:00,0.33070582,17.0
2026-04-15 10:45:00,0.33074461,16.9
2026-04-15 10:50:00,0.3307834,16.9
2026-04-15 10:55:00,0.33089977,16.9
2026-04-15 11:00:00,0.33089977,16.82
2026-04-15 11:05:00,0.33113251,16.8
2026-04-15 11:10:00,0.33113251,16.8
2026-04-15 11:15:00,0.33105493,16.72
2026-04-15 11:20:00,0.33121009,16.7
2026-04-15 11:25:00,0.33124888,16.7
2026-04-15 11:30:00,0.33136525,16.6
2026-04-15 11:35:00,0.33132646,16.6
2026-04-15 11:40:00,0.3311713,16.56
2026-04-15 11:45:00,0.33159799,16.5
2026-04-15 11:50:00,0.33144283,16.5
2026-04-15 11:55:00,0.33148162,16.44
2026-04-15 12:00:00,0.33167557,16.4
2026-04-15 12:05:00,0.33163678,16.38
2026-04-15 12:10:00,0.33159799,16.3
2026-04-15 12:15:00,0.33175315,16.3
2026-04-15 12:20:00,0.33179194,16.24
2026-04-15 12:25:00,0.33214105,16.2
2026-04-15 12:30:00,0.3319471,16.18
2026-04-15 12:35:00,0.33175315,16.1
2026-04-15 12:40:00,0.33221863,16.1
2026-04-15 12:45:00,0.33217984,16.02
2026-04-15 12:50:00,0.33202468,16.0
2026-04-15 12:55:00,0.33225742,15.96
2026-04-15 13:00:00,0.33221863,15.9
2026-04-15 13:05:00,0.33214105,15.9
2026-04-15 13:10:00,0.33225742,15.8
2026-04-15 13:15:00,0.33252895,15.8
2026-04-15 13:20:00,0.33217984,15.76
2026-04-15 13:25:00,0.33245137,15.7
2026-04-15 13:30:00,0.33225742,15.7
2026-04-15 13:35:00,0.33264532,15.6
2026-04-15 13:40:00,0.33245137,15.6
2026-04-15 13:45:00,0.3327229,15.58
2026-04-15 13:50:00,0.33264532,15.5
2026-04-15 13:55:00,0.33260653,15.5
2026-04-15 14:00:00,0.3327229,15.44
2026-04-15 14:05:00,0.33283927,15.4
2026-04-15 14:10:00,0.33287806,15.4
2026-04-15 14:15:00,0.33264532,15.3
2026-04-15 14:20:00,0.33287806,15.3
2026-04-15 14:25:00,0.33280048,15.3
2026-04-15 14:30:00,0.33287806,15.22
2026-04-15 14:35:00,0.33322717,15.2
2026-04-15 14:40:00,0.3331108,15.2
2026-04-15 14:45:00,0.33330475,15.1
2026-04-15 14:50:00,0.33299443,15.1
2026-04-15 14:55:00,0.33314959,15.1
