time,sm_field_10cm,temp_field_10cm
2026-02-25 01:25:00,0.412,4.9
2026-02-25 01:30:00,0.412,4.5
2026-02-25 01:35:00,0.413,4.3
2026-02-25 01:40:00,0.413,4.2
2026-02-25 01:45:00,0.413,4.2
2026-02-25 01:50:00,0.413,4.2
2026-02-25 01:55:00,0.413,4.2
2026-02-25 02:00:00,0.413,4.2
2026-02-25 02:05:00,0.413,4.3
2026-02-25 02:10:00,0.413,4.4
2026-02-25 02:15:00,0.413,4.5
2026-02-25 02:20:00,0.413,4.6
2026-02-25 02:25:00,0.413,4.7
2026-02-25 02:30:00,0.413,4.7
2026-02-25 02:35:00,0.413,4.8
2026-02-25 02:40:00,0.413,4.9
2026-02-25 02:45:00,0.413,5.0
2026-02-25 02:50:00,0.413,5.1
2026-02-25 02:55:00,0.413,5.2
2026-02-25 03:00:00,0.413,5.3
2026-02-25 03:05:00,0.413,5.4
2026-02-25 03:10:00,0.413,5.5
2026-02-25 03:15:00,0.413,5.6
2026-02-25 03:20:00,0.412,5.8
2026-02-25 03:25:00,0.412,6.0
2026-02-25 03:30:00,0.412,6.1
2026-02-25 03:35:00,0.412,6.3
2026-02-25 03:40:00,0.412,6.5
2026-02-25 03:45:00,0.412,6.6
2026-02-25 03:50:00,0.412,6.8
2026-02-25 03:55:00,0.412,7.0
2026-02-25 04:00:00,0.412,7.2
2026-02-25 04:05:00,0.412,7.3
2026-02-25 04:10:00,0.412,7.5
2026-02-25 04:15:00,0.412,7.7
2026-02-25 04:20:00,0.411,7.9
2026-02-25 04:25:00,0.412,8.1
2026-02-25 04:30:00,0.412,8.3
2026-02-25 04:35:00,0.411,8.5
2026-02-25 04:40:00,0.412,8.7
2026-02-25 04:45:00,0.411,8.9
2026-02-25 04:50:00,0.411,9.1
2026-02-25 04:55:00,0.411,9.3
2026-02-25 05:00:00,0.411,9.5
2026-02-25 05:05:00,0.411,9.7
2026-02-25 05:10:00,0.411,9.8
2026-02-25 05:15:00,0.411,10.0
2026-02-25 05:20:00,0.411,10.1
2026-02-25 05:25:00,0.411,10.2
2026-02-25 05:30:00,0.411,10.4
2026-02-25 05:35:00,0.411,10.4
2026-02-25 05:40:00,0.411,10.5
2026-02-25 05:45:00,0.411,10.6
2026-02-25 05:50:00,0.411,10.6
2026-02-25 05:55:00,0.411,10.6
2026-02-25 06:00:00,0.411,10.6
2026-02-25 06:05:00,0.411,10.6
2026-02-25 06:10:00,0.411,10.6
2026-02-25 06:15:00,0.411,10.6
2026-02-25 06:20:00,0.411,10.6
2026-02-25 06:25:00,0.411,10.6
2026-02-25 06:30:00,0.411,10.6
2026-02-25 06:35:00,0.411,10.6
2026-02-25 06:40:00,0.411,10.6
2026-02-25 06:45:00,0.411,10.6
2026-02-25 06:50:00,0.412,10.7
2026-02-25 06:55:00,0.411,10.7
2026-02-25 07:00:00,0.411,10.7
2026-02-25 07:05:00,0.411,10.7
2026-02-25 07:10:00,0.411,10.7
2026-02-25 07:15:00,0.411,10.7
2026-02-25 07:20:00,0.411,10.7
2026-02-25 07:25:00,0.411,10.7
2026-02-25 07:30:00,0.411,10.7
2026-02-25 07:35:00,0.411,10.7
2026-02-25 07:40:00,0.412,10.6
2026-02-25 07:45:00,0.412,10.6
2026-02-25 07:50:00,0.411,10.6
2026-02-25 07:55:00,0.411,10.5
2026-02-25 08:00:00,0.411,10.4
2026-02-25 08:05:00,0.412,10.4
2026-02-25 08:10:00,0.412,10.3
2026-02-25 08:15:00,0.412,10.2
2026-02-25 08:20:00,0.412,10.2
2026-02-25 08:25:00,0.412,10.1
2026-02-25 08:30:00,0.412,10.0
2026-02-25 08:35:00,0.412,10.0
2026-02-25 08:40:00,0.412,9.9
2026-02-25 08:45:00,0.412,9.8
2026-02-25 08:50:00,0.412,9.7
2026-02-25 08:55:00,0.412,9.7
2026-02-25 09:00:00,0.412,9.6
2026-02-25 09:05:00,0.412,9.5
2026-02-25 09:10:00,0.412,9.4
2026-02-25 09:15:00,0.412,9.4
2026-02-25 09:20:00,0.412,9.3
2026-02-25 09:25:00,0.412,9.2
2026-02-25 09:30:00,0.412,9.1
2026-02-25 09:35:00,0.412,9.1
2026-02-25 09:40:00,0.412,9.0
2026-02-25 09:45:00,0.412,8.9
2026-02-25 09:50:00,0.412,8.8
2026-02-25 09:55:00,0.412,8.7
2026-02-25 10:00:00,0.413,8.7
2026-02-25 10:05:00,0.412,8.6
2026-02-25 10:10:00,0.413,8.5
2026-02-25 10:15:00,0.412,8.4
2026-02-25 10:20:00,0.413,8.3
2026-02-25 10:25:00,0.413,8.3
2026-02-25 10:30:00,0.413,8.2
2026-02-25 10:35:00,0.413,8.1
2026-02-25 10:40:00,0.413,8.0
2026-02-25 10:45:00,0.413,7.9
2026-02-25 10:50:00,0.413,7.9
2026-02-25 10:55:00,0.413,7.8
2026-02-25 11:00:00,0.413,7.7
2026-02-25 11:05:00,0.413,7.6
2026-02-25 11:10:00,0.413,7.5
2026-02-25 11:15:00,0.413,7.5
2026-02-25 11:20:00,0.413,7.4
2026-02-25 11:25:00,0.413,7.3
2026-02-25 11:30:00,0.413,7.2
2026-02-25 11:35:00,0.413,7.2
2026-02-25 11:40:00,0.413,7.1
2026-02-25 11:45:00,0.413,7.0
2026-02-25 11:50:00,0.413,7.0
2026-02-25 11:55:00,0.413,6.9
2026-02-25 12:00:00,0.414,6.8
2026-02-25 12:05:00,0.414,6.8
2026-02-25 12:10:00,0.414,6.7
2026-02-25 12:15:00,0.413,6.6
2026-02-25 12:20:00,0.414,6.6
2026-02-25 12:25:00,0.414,6.5
2026-02-25 12:30:00,0.414,6.4
2026-02-25 12:35:00,0.414,6.4
2026-02-25 12:40:00,0.414,6.3
2026-02-25 12:45:00,0.414,6.3
2026-02-25 12:50:00,0.414,6.2
2026-02-25 12:55:00,0.414,6.1
2026-02-25 13:00:00,0.414,6.1
2026-02-25 13:05:00,0.414,6.0
2026-02-25 13:10:00,0.414,6.0
2026-02-25 13:15:00,0.414,5.9
2026-02-25 13:20:00,0.414,5.9
2026-02-25 13:25:00,0.414,5.8
2026-02-25 13:30:00,0.415,5.8
2026-02-25 13:35:00,0.414,5.7
2026-02-25 13:40:00,0.414,5.7
2026-02-25 13:45:00,0.415,5.6
2026-02-25 13:50:00,0.415,5.6
2026-02-25 13:55:00,0.414,5.5
2026-02-25 14:00:00,0.414,5.4
2026-02-25 14:05:00,0.415,5.4
2026-02-25 14:10:00,0.415,5.3
2026-02-25 14:15:00,0.414,5.3
2026-02-25 14:20:00,0.415,5.3
2026-02-25 14:25:00,0.415,5.2
2026-02-25 14:30:00,0.414,5.2
2026-02-25 14:35:00,0.415,5.1
2026-02-25 14:40:00,0.415,5.1
2026-02-25 14:45:00,0.415,5.0
2026-02-25 14:50:00,0.415,5.0
2026-02-25 14:55:00,0.415,4.9
2026-02-25 15:00:00,0.41499649,4.9
2026-02-25 15:05:00,0.41499649,4.88
2026-02-25 15:10:00,0.41491891,4.8
2026-02-25 15:15:00,0.41511286,4.78
2026-02-25 15:20:00,0.4149577,4.7
2026-02-25 15:25:00,0.41530681,4.7
2026-02-25 15:30:00,0.41530681,4.64
2026-02-25 15:35:00,0.4149577,4.6
2026-02-25 15:40:00,0.41519044,4.58
2026-02-25 15:45:00,0.41499649,4.5
2026-02-25 15:50:00,0.41546197,4.5
2026-02-25 15:55:00,0.41530681,4.44
2026-02-25 16:00:00,0.41546197,4.4
2026-02-25 16:05:00,0.4153456,4.36
2026-02-25 16:10:00,0.41515165,4.3
2026-02-25 16:15:00,0.41526802,4.3
2026-02-25 16:20:00,0.41511286,4.24
2026-02-25 16:25:00,0.41553955,4.2
2026-02-25 16:30:00,0.41530681,4.2
2026-02-25 16:35:00,0.41561713,4.12
2026-02-25 16:40:00,0.4157335,4.1
2026-02-25 16:45:00,0.41569471,4.1
2026-02-25 16:50:00,0.41561713,4.0
2026-02-25 16:55:00,0.4157335,4.0
2026-02-25 17:00:00,0.41557834,4.0
2026-02-25 17:05:00,0.41557834,3.92
2026-02-25 17:10:00,0.41581108,3.9
2026-02-25 17:15:00,0.41561713,3.9
2026-02-25 17:20:00,0.41584987,3.86
2026-02-25 17:25:00,0.41577229,3.8
2026-02-25 17:30:00,0.41584987,3.8
2026-02-25 17:35:00,0.41581108,3.8
2026-02-25 17:40:00,0.41581108,3.76
2026-02-25 17:45:00,0.41581108,3.7
2026-02-25 17:50:00,0.41588866,3.7
2026-02-25 17:55:00,0.41588866,3.7
2026-02-25 18:00:00,0.41584987,3.7
2026-02-25 18:05:00,0.41588866,3.7
2026-02-25 18:10:00,0.41592745,3.6
2026-02-25 18:15:00,0.41588866,3.6
2026-02-25 18:20:00,0.41592745,3.6
2026-02-25 18:25:00,0.41592745,3.6
2026-02-25 18:30:00,0.41584987,3.6
2026-02-25 18:35:00,0.41604382,3.5
2026-02-25 18:40:00,0.41604382,3.5
2026-02-25 18:45:00,0.41596624,3.5
2026-02-25 18:50:00,0.41596624,3.5
2026-02-25 18:55:00,0.41616019,3.44
2026-02-25 19:00:00,0.41604382,3.4
2026-02-25 19:05:00,0.4161214,3.4
2026-02-25 19:10:00,0.41600503,3.4
2026-02-25 19:15:00,0.41608261,3.4
2026-02-25 19:20:00,0.41604382,3.36
2026-02-25 19:25:00,0.41608261,3.3
2026-02-25 19:30:00,0.4161214,3.3
2026-02-25 19:35:00,0.41623777,3.3
2026-02-25 19:40:00,0.4161214,3.3
2026-02-25 19:45:00,0.41616019,3.2
2026-02-25 19:50:00,0.41623777,3.2
2026-02-25 19:55:00,0.41623777,3.2
2026-02-25 20:00:00,0.41627656,3.2
2026-02-25 20:05:00,0.41619898,3.1
2026-02-25 20:10:00,0.41631535,3.1
2026-02-25 20:15:00,0.41639293,3.1
2026-02-25 20:20:00,0.41635414,3.1
2026-02-25 20:25:00,0.41627656,3.1
2026-02-25 20:30:00,0.41627656,3.02
2026-02-25 20:35:00,0.41631535,3.0
2026-02-25 20:40:00,0.41627656,3.0
2026-02-25 20:45:00,0.41627656,3.0
2026-02-25 20:50:00,0.41635414,3.0
2026-02-25 20:55:00,0.41623777,2.96
2026-02-25 21:00:00,0.41627656,2.9
2026-02-25 21:05:00,0.41635414,2.9
2026-02-25 21:10:00,0.41631535,2.9
2026-02-25 21:15:00,0.41635414,2.9
2026-02-25 21:20:00,0.41631535,2.9
2026-02-25 21:25:00,0.41639293,2.9
2026-02-25 21:30:00,0.41635414,2.84
2026-02-25 21:35:00,0.41639293,2.8
2026-02-25 21:40:00,0.41639293,2.8
2026-02-25 21:45:00,0.41635414,2.8
2026-02-25 21:50:00,0.41643172,2.8
2026-02-25 21:55:00,0.41631535,2.8
2026-02-25 22:00:00,0.41643172,2.8
2026-02-25 22:05:00,0.41635414,2.8
2026-02-25 22:10:00,0.41635414,2.72
2026-02-25 22:15:00,0.4165093,2.7
2026-02-25 22:20:00,0.41643172,2.7
2026-02-25 22:25:00,0.41635414,2.7
2026-02-25 22:30:00,0.41643172,2.7
2026-02-25 22:35:00,0.41631535,2.7
2026-02-25 22:40:00,0.41643172,2.7
2026-02-25 22:45:00,0.41639293,2.66
2026-02-25 22:50:00,0.41647051,2.6
2026-02-25 22:55:00,0.41643172,2.6
2026-02-25 23:00:00,0.41654809,2.6
2026-02-25 23:05:00,0.41654809,2.6
2026-02-25 23:10:00,0.41639293,2.6
2026-02-25 23:15:00,0.41643172,2.6
2026-02-25 23:20:00,0.41647051,2.6
2026-02-25 23:25:00,0.41647051,2.6
2026-02-25 23:30:00,0.41643172,2.6
2026-02-25 23:35:00,0.41643172,2.6
2026-02-25 23:40:00,0.41643172,2.54
2026-02-25 23:45:00,0.41647051,2.5
2026-02-25 23:50:00,0.41643172,2.5
2026-02-25 23:55:00,0.41647051,2.5
2026-02-26 00:00:00,0.41654809,2.5
2026-02-26 00:05:00,0.4165093,2.5
2026-02-26 00:10:00,0.41654809,2.5
2026-02-26 00:15:00,0.41666446,2.5
2026-02-26 00:20:00,0.41658688,2.5
2026-02-26 00:25:00,0.41662567,2.5
2026-02-26 00:30:00,0.41666446,2.5
2026-02-26 00:35:00,0.41654809,2.5
2026-02-26 00:40:00,0.41647051,2.56
2026-02-26 00:45:00,0.41639293,2.6
2026-02-26 00:50:00,0.41658688,2.6
2026-02-26 00:55:00,0.41643172,2.7
2026-02-26 01:00:00,0.41631535,2.74
2026-02-26 01:05:00,0.41627656,2.8
2026-02-26 01:10:00,0.41635414,2.9
2026-02-26 01:15:00,0.41616019,2.98
2026-02-26 01:20:00,0.41619898,3.1
2026-02-26 01:25:00,0.41596624,3.24
2026-02-26 01:30:00,0.41604382,3.36
2026-02-26 01:35:00,0.41592745,3.5
2026-02-26 01:40:00,0.41584987,3.64
2026-02-26 01:45:00,0.41565592,3.8
2026-02-26 01:50:00,0.41550076,3.96
2026-02-26 01:55:00,0.41553955,4.14
2026-02-26 02:00:00,0.41550076,4.28
2026-02-26 02:05:00,0.41511286,4.46
2026-02-26 02:10:00,0.41530681,4.64
2026-02-26 02:15:00,0.41472496,4.8
2026-02-26 02:20:00,0.41472496,4.96
2026-02-26 02:25:00,0.41468617,5.14
2026-02-26 02:30:00,0.41441464,5.26
2026-02-26 02:35:00,0.41437585,5.44
2026-02-26 02:40:00,0.41472496,5.6
2026-02-26 02:45:00,0.41422069,5.74
2026-02-26 02:50:00,0.41425948,5.9
2026-02-26 02:55:00,0.41383279,6.06
2026-02-26 03:00:00,0.41402674,6.24
2026-02-26 03:05:00,0.41414311,6.4
2026-02-26 03:10:00,0.41363884,6.54
2026-02-26 03:15:00,0.41367763,6.7
2026-02-26 03:20:00,0.41360005,6.86
2026-02-26 03:25:00,0.41383279,7.04
2026-02-26 03:30:00,0.41367763,7.2
2026-02-26 03:35:00,0.41356126,7.34
2026-02-26 03:40:00,0.41325094,7.46
2026-02-26 03:45:00,0.41305699,7.62
2026-02-26 03:50:00,0.41297941,7.74
2026-02-26 03:55:00,0.41325094,7.86
2026-02-26 04:00:00,0.41344489,7.98
2026-02-26 04:05:00,0.41313457,8.08
2026-02-26 04:10:00,0.41325094,8.2
2026-02-26 04:15:00,0.41294062,8.32
2026-02-26 04:20:00,0.41325094,8.4
2026-02-26 04:25:00,0.4130182,8.5
2026-02-26 04:30:00,0.41294062,8.6
2026-02-26 04:35:00,0.4126303,8.68
2026-02-26 04:40:00,0.41274667,8.76
2026-02-26 04:45:00,0.41259151,8.82
2026-02-26 04:50:00,0.4126303,8.9
2026-02-26 04:55:00,0.41235877,8.98
2026-02-26 05:00:00,0.41255272,9.02
2026-02-26 05:05:00,0.41239756,9.1
2026-02-26 05:10:00,0.41255272,9.16
2026-02-26 05:15:00,0.41255272,9.2
2026-02-26 05:20:00,0.41231998,9.3
2026-02-26 05:25:00,0.4126303,9.32
2026-02-26 05:30:00,0.41208724,9.4
2026-02-26 05:35:00,0.41208724,9.44
2026-02-26 05:40:00,0.41243635,9.5
2026-02-26 05:45:00,0.41266909,9.54
2026-02-26 05:50:00,0.41286304,9.6
2026-02-26 05:55:00,0.41243635,9.64
2026-02-26 06:00:00,0.41239756,9.7
2026-02-26 06:05:00,0.41235877,9.7
2026-02-26 06:10:00,0.41247514,9.8
2026-02-26 06:15:00,0.41247514,9.8
2026-02-26 06:20:00,0.41243635,9.84
2026-02-26 06:25:00,0.4122424,9.9
2026-02-26 06:30:00,0.41278546,9.9
2026-02-26 06:35:00,0.41278546,9.9
2026-02-26 06:40:00,0.41220361,10.0
2026-02-26 06:45:00,0.41243635,10.0
2026-02-26 06:50:00,0.41220361,10.0
2026-02-26 06:55:00,0.41204845,10.0
2026-02-26 07:00:00,0.41239756,10.0
2026-02-26 07:05:00,0.41231998,10.0
2026-02-26 07:10:00,0.41212603,10.0
2026-02-26 07:15:00,0.41231998,10.0
2026-02-26 07:20:00,0.41235877,10.0
2026-02-26 07:25:00,0.41255272,10.0
2026-02-26 07:30:00,0.4122424,10.0
2026-02-26 07:35:00,0.41255272,9.94
2026-02-26 07:40:00,0.41251393,9.9
2026-02-26 07:45:00,0.41259151,9.9
2026-02-26 07:50:00,0.41208724,9.9
2026-02-26 07:55:00,0.41197087,9.9
2026-02-26 08:00:00,0.41220361,9.84
2026-02-26 08:05:00,0.4122424,9.8
2026-02-26 08:10:00,0.41243635,9.8
2026-02-26 08:15:00,0.41208724,9.78
2026-02-26 08:20:00,0.41239756,9.7
2026-02-26 08:25:00,0.41270788,9.7
2026-02-26 08:30:00,0.41309578,9.7
2026-02-26 08:35:00,0.41282425,9.6
2026-02-26 08:40:00,0.41255272,9.6
2026-02-26 08:45:00,0.41290183,9.6
2026-02-26 08:50:00,0.41235877,9.52
2026-02-26 08:55:00,0.41266909,9.5
2026-02-26 09:00:00,0.41290183,9.5
2026-02-26 09:05:00,0.41270788,9.44
2026-02-26 09:10:00,0.4126303,9.4
2026-02-26 09:15:00,0.41247514,9.4
2026-02-26 09:20:00,0.41251393,9.34
2026-02-26 09:25:00,0.41266909,9.3
2026-02-26 09:30:00,0.4126303,9.3
2026-02-26 09:35:00,0.41266909,9.2
2026-02-26 09:40:00,0.41255272,9.2
2026-02-26 09:45:00,0.41294062,9.14
2026-02-26 09:50:00,0.41313457,9.1
2026-02-26 09:55:00,0.41266909,9.08
2026-02-26 10:00:00,0.41255272,9.0
2026-02-26 10:05:00,0.41247514,9.0
2026-02-26 10:10:00,0.41243635,8.94
2026-02-26 10:15:00,0.41294062,8.9
2026-02-26 10:20:00,0.4126303,8.9
2026-02-26 10:25:00,0.41259151,8.8
2026-02-26 10:30:00,0.41313457,8.8
2026-02-26 10:35:00,0.41297941,8.8
2026-02-26 10:40:00,0.41297941,8.7
2026-02-26 10:45:00,0.41286304,8.7
2026-02-26 10:50:00,0.41328973,8.7
2026-02-26 10:55:00,0.4126303,8.62
2026-02-26 11:00:00,0.41294062,8.6
2026-02-26 11:05:00,0.41325094,8.6
2026-02-26 11:10:00,0.41317336,8.56
2026-02-26 11:15:00,0.41290183,8.5
2026-02-26 11:20:00,0.41313457,8.5
2026-02-26 11:25:00,0.41317336,8.5
2026-02-26 11:30:00,0.41309578,8.42
2026-02-26 11:35:00,0.4134061,8.4
2026-02-26 11:40:00,0.41325094,8.4
2026-02-26 11:45:00,0.41325094,8.4
2026-02-26 11:50:00,0.41352247,8.3
2026-02-26 11:55:00,0.41328973,8.3
2026-02-26 12:00:00,0.41328973,8.3
2026-02-26 12:05:00,0.41348368,8.3
2026-02-26 12:10:00,0.41328973,8.2
2026-02-26 12:15:00,0.41348368,8.2
2026-02-26 12:20:00,0.41313457,8.2
2026-02-26 12:25:00,0.41317336,8.2
2026-02-26 12:30:00,0.41332852,8.14
2026-02-26 12:35:00,0.41321215,8.1
2026-02-26 12:40:00,0.41317336,8.1
2026-02-26 12:45:00,0.41321215,8.1
2026-02-26 12:50:00,0.41336731,8.06
2026-02-26 12:55:00,0.41348368,8.0
2026-02-26 13:00:00,0.41313457,8.0
2026-02-26 13:05:00,0.41325094,8.0
2026-02-26 13:10:00,0.41356126,8.0
2026-02-26 13:15:00,0.41332852,7.92
2026-02-26 13:20:00,0.41356126,7.9
2026-02-26 13:25:00,0.41325094,7.9
2026-02-26 13:30:00,0.41356126,7.9
2026-02-26 13:35:00,0.41328973,7.9
2026-02-26 13:40:00,0.41363884,7.84
2026-02-26 13:45:00,0.41352247,7.8
2026-02-26 13:50:00,0.41297941,7.8
2026-02-26 13:55:00,0.41321215,7.8
2026-02-26 14:00:00,0.41325094,7.8
2026-02-26 14:05:00,0.41321215,7.8
2026-02-26 14:10:00,0.41348368,7.72
2026-02-26 14:15:00,0.41332852,7.7
2026-02-26 14:20:00,0.41336731,7.7
2026-02-26 14:25:00,0.41313457,7.7
2026-02-26 14:30:00,0.41344489,7.7
2026-02-26 14:35:00,0.41336731,7.7
2026-02-26 14:40:00,0.41328973,7.7
2026-02-26 14:45:00,0.41352247,7.66
2026-02-26 14:50:00,0.41344489,7.6
2026-02-26 14:55:00,0.41367763,7.6
2026-02-26 15:00:00,0.41325094,7.6
2026-02-26 15:05:00,0.41344489,7.6
2026-02-26 15:10:00,0.41356126,7.6
2026-02-26 15:15:00,0.41352247,7.6
2026-02-26 15:20:00,0.41360005,7.56
2026-02-26 15:25:00,0.41336731,7.5
2026-02-26 15:30:00,0.41352247,7.5
2026-02-26 15:35:00,0.41367763,7.5
2026-02-26 15:40:00,0.41348368,7.5
2026-02-26 15:45:00,0.413794,7.5
2026-02-26 15:50:00,0.41332852,7.5
2026-02-26 15:55:00,0.4134061,7.5
2026-02-26 16:00:00,0.4134061,7.42
2026-02-26 16:05:00,0.41375521,7.4
2026-02-26 16:10:00,0.41352247,7.4
2026-02-26 16:15:00,0.41336731,7.4
2026-02-26 16:20:00,0.41360005,7.4
2026-02-26 16:25:00,0.41383279,7.4
2026-02-26 16:30:00,0.41332852,7.4
2026-02-26 16:35:00,0.41344489,7.4
2026-02-26 16:40:00,0.41387158,7.36
2026-02-26 16:45:00,0.41328973,7.3
2026-02-26 16:50:00,0.41375521,7.3
2026-02-26 16:55:00,0.41391037,7.3
2026-02-26 17:00:00,0.41352247,7.3
2026-02-26 17:05:00,0.41352247,7.3
2026-02-26 17:10:00,0.413794,7.3
2026-02-26 17:15:00,0.413794,7.3
2026-02-26 17:20:00,0.41387158,7.3
2026-02-26 17:25:00,0.41398795,7.24
2026-02-26 17:30:00,0.41425948,7.2
2026-02-26 17:35:00,0.41468617,7.2
2026-02-26 17:40:00,0.41550076,7.2
2026-02-26 17:45:00,0.41581108,7.2
2026-02-26 17:50:00,0.4165093,7.2
2026-02-26 17:55:00,0.41720752,7.2
2026-02-26 18:00:00,0.41763421,7.2
2026-02-26 18:05:00,0.41736268,7.2
2026-02-26 18:10:00,0.41809969,7.2
2026-02-26 18:15:00,0.41798332,7.18
2026-02-26 18:20:00,0.41875912,7.1
2026-02-26 18:25:00,0.41852638,7.1
2026-02-26 18:30:00,0.4192246,7.1
2026-02-26 18:35:00,0.41926339,7.1
2026-02-26 18:40:00,0.41937976,7.1
2026-02-26 18:45:00,0.4200004,7.1
2026-02-26 18:50:00,0.41984524,7.1
2026-02-26 18:55:00,0.42034951,7.1
2026-02-26 19:00:00,0.42046588,7.1
2026-02-26 19:05:00,0.42023314,7.08
2026-02-26 19:10:00,0.42023314,7.04
2026-02-26 19:15:00,0.42054346,7.0
2026-02-26 19:20:00,0.42062104,7.0
2026-02-26 19:25:00,0.42073741,7.0
2026-02-26 19:30:00,0.42062104,7.0
2026-02-26 19:35:00,0.42093136,7.0
2026-02-26 19:40:00,0.42093136,7.0
2026-02-26 19:45:00,0.42097015,7.0
2026-02-26 19:50:00,0.42093136,7.0
2026-02-26 19:55:00,0.4211641,7.0
2026-02-26 20:00:00,0.42139684,7.0
2026-02-26 20:05:00,0.42147442,7.0
2026-02-26 20:10:00,0.42159079,7.0
2026-02-26 20:15:00,0.42182353,6.94
2026-02-26 20:20:00,0.42170716,6.9
2026-02-26 20:25:00,0.4219399,6.9
2026-02-26 20:30:00,0.42174595,6.9
2026-02-26 20:35:00,0.42182353,6.9
2026-02-26 20:40:00,0.42182353,6.9
2026-02-26 20:45:00,0.42190111,6.9
2026-02-26 20:50:00,0.42228901,6.9
2026-02-26 20:55:00,0.42236659,6.9
2026-02-26 21:00:00,0.42225022,6.9
2026-02-26 21:05:00,0.42263812,6.9
2026-02-26 21:10:00,0.42236659,6.9
2026-02-26 21:15:00,0.42244417,6.9
2026-02-26 21:20:00,0.42256054,6.9
2026-02-26 21:25:00,0.42236659,6.9
2026-02-26 21:30:00,0.42252175,6.9
2026-02-26 21:35:00,0.42267691,6.9
2026-02-26 21:40:00,0.42275449,6.9
2026-02-26 21:45:00,0.42259933,6.9
2026-02-26 21:50:00,0.42259933,6.9
2026-02-26 21:55:00,0.42294844,6.9
2026-02-26 22:00:00,0.42294844,6.9
2026-02-26 22:05:00,0.42314239,6.9
2026-02-26 22:10:00,0.42263812,6.9
2026-02-26 22:15:00,0.42290965,6.9
2026-02-26 22:20:00,0.42275449,6.88
2026-02-26 22:25:00,0.42298723,6.84
2026-02-26 22:30:00,0.42279328,6.8
2026-02-26 22:35:00,0.42287086,6.8
2026-02-26 22:40:00,0.42325876,6.8
2026-02-26 22:45:00,0.42356908,6.8
2026-02-26 22:50:00,0.42337513,6.8
2026-02-26 22:55:00,0.42364666,6.8
2026-02-26 23:00:00,0.4231036,6.8
2026-02-26 23:05:00,0.42325876,6.8
2026-02-26 23:10:00,0.42380182,6.8
2026-02-26 23:15:00,0.42356908,6.8
2026-02-26 23:20:00,0.42415093,6.8
2026-02-26 23:25:00,0.42368545,6.8
2026-02-26 23:30:00,0.42403456,6.9
2026-02-26 23:35:00,0.42403456,6.9
2026-02-26 23:40:00,0.42434488,6.9
2026-02-26 23:45:00,0.42376303,6.9
2026-02-26 23:50:00,0.42442246,6.9
2026-02-26 23:55:00,0.42415093,6.9
2026-02-27 00:00:00,0.42446125,6.9
2026-02-27 00:05:00,0.42430609,6.9
2026-02-27 00:10:00,0.42442246,6.9
2026-02-27 00:15:00,0.42430609,6.9
2026-02-27 00:20:00,0.42430609,6.9
2026-02-27 00:25:00,0.42461641,6.9
2026-02-27 00:30:00,0.42481036,6.92
2026-02-27 00:35:00,0.42434488,6.98
2026-02-27 00:40:00,0.42450004,7.0
2026-02-27 00:45:00,0.42446125,7.0
2026-02-27 00:50:00,0.42469399,7.0
2026-02-27 00:55:00,0.42442246,7.06
2026-02-27 01:00:00,0.42442246,7.1
2026-02-27 01:05:00,0.42461641,7.12
2026-02-27 01:10:00,0.42508189,7.2
2026-02-27 01:15:00,0.42481036,7.22
2026-02-27 01:20:00,0.42469399,7.3
2026-02-27 01:25:00,0.42453883,7.34
2026-02-27 01:30:00,0.42500431,7.4
2026-02-27 01:35:00,0.42469399,7.48
2026-02-27 01:40:00,0.42492673,7.52
2026-02-27 01:45:00,0.42488794,7.6
2026-02-27 01:50:00,0.42492673,7.68
2026-02-27 01:55:00,0.42512068,7.7
2026-02-27 02:00:00,0.42515947,7.8
2026-02-27 02:05:00,0.42500431,7.86
2026-02-27 02:10:00,0.42546979,7.9
2026-02-27 02:15:00,0.42508189,8.0
2026-02-27 02:20:00,0.42531463,8.06
2026-02-27 02:25:00,0.42515947,8.12
2026-02-27 02:30:00,0.42535342,8.2
2026-02-27 02:35:00,0.42554737,8.28
2026-02-27 02:40:00,0.42566374,8.32
2026-02-27 02:45:00,0.42578011,8.4
2026-02-27 02:50:00,0.42570253,8.48
2026-02-27 02:55:00,0.42554737,8.52
2026-02-27 03:00:00,0.42562495,8.6
2026-02-27 03:05:00,0.42562495,8.68
2026-02-27 03:10:00,0.42574132,8.72
2026-02-27 03:15:00,0.42519826,8.8
2026-02-27 03:20:00,0.42546979,8.88
2026-02-27 03:25:00,0.4250431,8.94
2026-02-27 03:30:00,0.42512068,9.0
2026-02-27 03:35:00,0.42488794,9.1
2026-02-27 03:40:00,0.42473278,9.16
2026-02-27 03:45:00,0.42488794,9.24
2026-02-27 03:50:00,0.4250431,9.3
2026-02-27 03:55:00,0.42488794,9.4
2026-02-27 04:00:00,0.42481036,9.46
2026-02-27 04:05:00,0.42535342,9.5
2026-02-27 04:10:00,0.4250431,9.6
2026-02-27 04:15:00,0.42531463,9.66
2026-02-27 04:20:00,0.4250431,9.7
2026-02-27 04:25:00,0.42488794,9.8
2026-02-27 04:30:00,0.42492673,9.84
2026-02-27 04:35:00,0.42527584,9.9
2026-02-27 04:40:00,0.4250431,9.94
2026-02-27 04:45:00,0.42512068,10.0
2026-02-27 04:50:00,0.42558616,10.0
2026-02-27 04:55:00,0.42535342,10.06
2026-02-27 05:00:00,0.42539221,10.1
2026-02-27 05:05:00,0.42531463,10.1
2026-02-27 05:10:00,0.42523705,10.12
2026-02-27 05:15:00,0.42500431,10.2
2026-02-27 05:20:00,0.42554737,10.2
2026-02-27 05:25:00,0.42508189,10.2
2026-02-27 05:30:00,0.42508189,10.2
2026-02-27 05:35:00,0.42531463,10.2
2026-02-27 05:40:00,0.42546979,10.2
2026-02-27 05:45:00,0.42554737,10.2
2026-02-27 05:50:00,0.42539221,10.2
2026-02-27 05:55:00,0.42554737,10.2
2026-02-27 06:00:00,0.42570253,10.2
2026-02-27 06:05:00,0.42539221,10.2
2026-02-27 06:10:00,0.42550858,10.2
2026-02-27 06:15:00,0.42515947,10.2
2026-02-27 06:20:00,0.42523705,10.2
2026-02-27 06:25:00,0.42531463,10.2
2026-02-27 06:30:00,0.42531463,10.2
2026-02-27 06:35:00,0.42539221,10.2
2026-02-27 06:40:00,0.42527584,10.2
2026-02-27 06:45:00,0.42519826,10.2
2026-02-27 06:50:00,0.42554737,10.2
2026-02-27 06:55:00,0.42562495,10.2
2026-02-27 07:00:00,0.42574132,10.24
2026-02-27 07:05:00,0.42546979,10.3
2026-02-27 07:10:00,0.4250431,10.3
2026-02-27 07:15:00,0.42589648,10.3
2026-02-27 07:20:00,0.42585769,10.34
2026-02-27 07:25:00,0.4258189,10.4
2026-02-27 07:30:00,0.4262068,10.4
2026-02-27 07:35:00,0.42578011,10.4
2026-02-27 07:40:00,0.42597406,10.4
2026-02-27 07:45:00,0.42597406,10.46
2026-02-27 07:50:00,0.42624559,10.5
2026-02-27 07:55:00,0.42601285,10.5
2026-02-27 08:00:00,0.42609043,10.5
2026-02-27 08:05:00,0.4262068,10.5
2026-02-27 08:10:00,0.42616801,10.5
2026-02-27 08:15:00,0.42640075,10.5
2026-02-27 08:20:00,0.4265947,10.5
2026-02-27 08:25:00,0.42632317,10.5
2026-02-27 08:30:00,0.42667228,10.5
2026-02-27 08:35:00,0.42628438,10.5
2026-02-27 08:40:00,0.42663349,10.5
2026-02-27 08:45:00,0.42643954,10.5
2026-02-27 08:50:00,0.42632317,10.4
2026-02-27 08:55:00,0.42678865,10.4
2026-02-27 09:00:00,0.42682744,10.4
2026-02-27 09:05:00,0.4265947,10.4
2026-02-27 09:10:00,0.4265947,10.4
2026-02-27 09:15:00,0.42651712,10.32
2026-02-27 09:20:00,0.42663349,10.3
2026-02-27 09:25:00,0.4265947,10.28
2026-02-27 09:30:00,0.42686623,10.2
2026-02-27 09:35:00,0.42678865,10.2
2026-02-27 09:40:00,0.42717655,10.12
2026-02-27 09:45:00,0.42702139,10.1
2026-02-27 09:50:00,0.42721534,10.0
2026-02-27 09:55:00,0.42702139,9.98
2026-02-27 10:00:00,0.42721534,9.9
2026-02-27 10:05:00,0.42713776,9.82
2026-02-27 10:10:00,0.42709897,9.76
2026-02-27 10:15:00,0.42760324,9.7
2026-02-27 10:20:00,0.42748687,9.62
2026-02-27 10:25:00,0.42740929,9.58
2026-02-27 10:30:00,0.42787477,9.5
2026-02-27 10:35:00,0.4273705,9.42
2026-02-27 10:40:00,0.42713776,9.38
2026-02-27 10:45:00,0.42725413,9.3
2026-02-27 10:50:00,0.42744808,9.22
2026-02-27 10:55:00,0.42713776,9.18
2026-02-27 11:00:00,0.42694381,9.1
2026-02-27 11:05:00,0.42706018,9.02
2026-02-27 11:10:00,0.42717655,8.98
2026-02-27 11:15:00,0.42702139,8.9
2026-02-27 11:20:00,0.42740929,8.84
2026-02-27 11:25:00,0.42756445,8.8
2026-02-27 11:30:00,0.42787477,8.7
2026-02-27 11:35:00,0.42806872,8.66
2026-02-27 11:40:00,0.42806872,8.6
2026-02-27 11:45:00,0.42802993,8.52
2026-02-27 11:50:00,0.42834025,8.5
2026-02-27 11:55:00,0.42818509,8.4
2026-02-27 12:00:00,0.42837904,8.36
2026-02-27 12:05:00,0.42818509,8.3
2026-02-27 12:10:00,0.4281463,8.24
2026-02-27 12:15:00,0.42834025,8.2
2026-02-27 12:20:00,0.42830146,8.14
2026-02-27 12:25:00,0.42861178,8.1
2026-02-27 12:30:00,0.42834025,8.0
2026-02-27 12:35:00,0.42830146,8.0
2026-02-27 12:40:00,0.4285342,7.9
2026-02-27 12:45:00,0.42868936,7.88
2026-02-27 12:50:00,0.42868936,7.8
2026-02-27 12:55:00,0.42876694,7.78
2026-02-27 13:00:00,0.42872815,7.7
2026-02-27 13:05:00,0.42880573,7.68
2026-02-27 13:10:00,0.42841783,7.6
2026-02-27 13:15:00,0.42834025,7.58
2026-02-27 13:20:00,0.42888331,7.5
2026-02-27 13:25:00,0.42865057,7.48
2026-02-27 13:30:00,0.42907726,7.4
2026-02-27 13:35:00,0.42837904,7.38
2026-02-27 13:40:00,0.42818509,7.3
2026-02-27 13:45:00,0.42849541,7.3
2026-02-27 13:50:00,0.4289221,7.2
2026-02-27 13:55:00,0.42876694,7.2
2026-02-27 14:00:00,0.42845662,7.1
2026-02-27 14:05:00,0.42810751,7.1
2026-02-27 14:10:00,0.4281463,7.0
2026-02-27 14:15:00,0.42802993,7.0
2026-02-27 14:20:00,0.4281463,6.92
2026-02-27 14:25:00,0.42837904,6.9
2026-02-27 14:30:00,0.4281463,6.84
2026-02-27 14:35:00,0.42826267,6.8
2026-02-27 14:40:00,0.42802993,6.76
2026-02-27 14:45:00,0.4281463,6.7
2026-02-27 14:50:00,0.42822388,6.66
2026-02-27 14:55:00,0.42802993,6.6
2026-02-27 15:00:00,0.42818509,6.58
2026-02-27 15:05:00,0.42822388,6.5
2026-02-27 15:10:00,0.42876694,6.5
2026-02-27 15:15:00,0.42818509,6.4
2026-02-27 15:20:00,0.42884452,6.4
2026-02-27 15:25:00,0.42845662,6.34
2026-02-27 15:30:00,0.42830146,6.3
2026-02-27 15:35:00,0.42826267,6.26
2026-02-27 15:40:00,0.42822388,6.2
2026-02-27 15:45:00,0.42795235,6.2
2026-02-27 15:50:00,0.42752566,6.1
2026-02-27 15:55:00,0.4273705,6.1
2026-02-27 16:00:00,0.42709897,6.02
2026-02-27 16:05:00,0.42756445,6.0
2026-02-27 16:10:00,0.42752566,5.98
2026-02-27 16:15:00,0.42748687,5.9
2026-02-27 16:20:00,0.42764203,5.9
2026-02-27 16:25:00,0.42729292,5.84
2026-02-27 16:30:00,0.42740929,5.8
2026-02-27 16:35:00,0.42725413,5.76
2026-02-27 16:40:00,0.42713776,5.7
2026-02-27 16:45:00,0.42744808,5.7
2026-02-27 16:50:00,0.42706018,5.64
2026-02-27 16:55:00,0.42713776,5.6
2026-02-27 17:00:00,0.42706018,5.6
2026-02-27 17:05:00,0.42768082,5.5
2026-02-27 17:10:00,0.42671107,5.5
2026-02-27 17:15:00,0.42706018,5.46
2026-02-27 17:20:00,0.42733171,5.4
2026-02-27 17:25:00,0.4273705,5.4
2026-02-27 17:30:00,0.4273705,5.34
2026-02-27 17:35:00,0.42760324,5.3
2026-02-27 17:40:00,0.42729292,5.3
2026-02-27 17:45:00,0.42721534,5.22
2026-02-27 17:50:00,0.42756445,5.2
2026-02-27 17:55:00,0.42717655,5.2
2026-02-27 18:00:00,0.42760324,5.16
2026-02-27 18:05:00,0.42764203,5.1
2026-02-27 18:10:00,0.42752566,5.1
2026-02-27 18:15:00,0.42771961,5.04
2026-02-27 18:20:00,0.42779719,5.0
2026-02-27 18:25:00,0.42771961,5.0
2026-02-27 18:30:00,0.42795235,4.94
2026-02-27 18:35:00,0.42795235,4.9
2026-02-27 18:40:00,0.42764203,4.9
2026-02-27 18:45:00,0.42752566,4.86
2026-02-27 18:50:00,0.42791356,4.8
2026-02-27 18:55:00,0.42768082,4.8
2026-02-27 19:00:00,0.42768082,4.76
2026-02-27 19:05:00,0.42791356,4.7
2026-02-27 19:10:00,0.42779719,4.7
2026-02-27 19:15:00,0.42791356,4.7
2026-02-27 19:20:00,0.42810751,4.6
2026-02-27 19:25:00,0.42810751,4.6
2026-02-27 19:30:00,0.42802993,4.6
2026-02-27 19:35:00,0.42802993,4.54
2026-02-27 19:40:00,0.42834025,4.5
2026-02-27 19:45:00,0.42822388,4.5
2026-02-27 19:50:00,0.42802993,4.5
2026-02-27 19:55:00,0.42818509,4.42
2026-02-27 20:00:00,0.42830146,4.4
2026-02-27 20:05:00,0.42806872,4.4
2026-02-27 20:10:00,0.42822388,4.32
2026-02-27 20:15:00,0.42810751,4.3
2026-02-27 20:20:00,0.42822388,4.3
2026-02-27 20:25:00,0.42826267,4.3
2026-02-27 20:30:00,0.42826267,4.22
2026-02-27 20:35:00,0.42787477,4.2
2026-02-27 20:40:00,0.42830146,4.2
2026-02-27 20:45:00,0.4281463,4.2
2026-02-27 20:50:00,0.42822388,4.12
2026-02-27 20:55:00,0.42802993,4.1
2026-02-27 21:00:00,0.4281463,4.1
2026-02-27 21:05:00,0.42830146,4.08
2026-02-27 21:10:00,0.42830146,4.0
2026-02-27 21:15:00,0.42826267,4.0
2026-02-27 21:20:00,0.42826267,4.0
2026-02-27 21:25:00,0.42818509,4.0
2026-02-27 21:30:00,0.4281463,3.92
2026-02-27 21:35:00,0.42822388,3.9
2026-02-27 21:40:00,0.42818509,3.9
2026-02-27 21:45:00,0.42810751,3.9
2026-02-27 21:50:00,0.4281463,3.88
2026-02-27 21:55:00,0.42822388,3.8
2026-02-27 22:00:00,0.42822388,3.8
2026-02-27 22:05:00,0.42818509,3.8
2026-02-27 22:10:00,0.42810751,3.8
2026-02-27 22:15:00,0.42810751,3.8
2026-02-27 22:20:00,0.42810751,3.74
2026-02-27 22:25:00,0.4281463,3.7
2026-02-27 22:30:00,0.42806872,3.7
2026-02-27 22:35:00,0.42818509,3.7
2026-02-27 22:40:00,0.42818509,3.7
2026-02-27 22:45:00,0.42818509,3.7
2026-02-27 22:50:00,0.42806872,3.66
2026-02-27 22:55:00,0.42810751,3.6
2026-02-27 23:00:00,0.42810751,3.6
2026-02-27 23:05:00,0.42818509,3.6
2026-02-27 23:10:00,0.42826267,3.6
2026-02-27 23:15:00,0.4281463,3.6
2026-02-27 23:20:00,0.42810751,3.6
2026-02-27 23:25:00,0.42802993,3.6
2026-02-27 23:30:00,0.42799114,3.6
2026-02-27 23:35:00,0.42806872,3.6
2026-02-27 23:40:00,0.42806872,3.6
2026-02-27 23:45:00,0.42802993,3.6
2026-02-27 23:50:00,0.42802993,3.6
2026-02-27 23:55:00,0.42799114,3.7
2026-02-28 00:00:00,0.42795235,3.7
2026-02-28 00:05:00,0.42799114,3.7
2026-02-28 00:10:00,0.42802993,3.7
2026-02-28 00:15:00,0.42799114,3.76
2026-02-28 00:20:00,0.42806872,3.8
2026-02-28 00:25:00,0.42795235,3.8
2026-02-28 00:30:00,0.42799114,3.9
2026-02-28 00:35:00,0.42834025,3.9
2026-02-28 00:40:00,0.42845662,3.98
2026-02-28 00:45:00,0.42845662,4.02
2026-02-28 00:50:00,0.42896089,4.1
2026-02-28 00:55:00,0.4289221,4.2
2026-02-28 01:00:00,0.42857299,4.28
2026-02-28 01:05:00,0.42857299,4.38
2026-02-28 01:10:00,0.42861178,4.48
2026-02-28 01:15:00,0.42826267,4.6
2026-02-28 01:20:00,0.42818509,4.72
2026-02-28 01:25:00,0.42802993,4.86
2026-02-28 01:30:00,0.42795235,4.98
2026-02-28 01:35:00,0.42768082,5.14
2026-02-28 01:40:00,0.42760324,5.26
2026-02-28 01:45:00,0.42674986,5.44
2026-02-28 01:50:00,0.42690502,5.6
2026-02-28 01:55:00,0.42640075,5.74
2026-02-28 02:00:00,0.42671107,5.94
2026-02-28 02:05:00,0.42628438,6.1
2026-02-28 02:10:00,0.42647833,6.28
2026-02-28 02:15:00,0.42562495,6.46
2026-02-28 02:20:00,0.425431,6.64
2026-02-28 02:25:00,0.42601285,6.84
2026-02-28 02:30:00,0.42554737,7.0
2026-02-28 02:35:00,0.42527584,7.2
2026-02-28 02:40:00,0.42515947,7.38
2026-02-28 02:45:00,0.42539221,7.58
2026-02-28 02:50:00,0.425431,7.76
2026-02-28 02:55:00,0.42500431,7.94
2026-02-28 03:00:00,0.425431,8.14
2026-02-28 03:05:00,0.42570253,8.32
2026-02-28 03:10:00,0.42624559,8.5
2026-02-28 03:15:00,0.42632317,8.66
2026-02-28 03:20:00,0.42612922,8.84
2026-02-28 03:25:00,0.42601285,9.04
2026-02-28 03:30:00,0.42593527,9.2
2026-02-28 03:35:00,0.42566374,9.4
2026-02-28 03:40:00,0.42597406,9.56
2026-02-28 03:45:00,0.42597406,9.74
2026-02-28 03:50:00,0.42593527,9.9
2026-02-28 03:55:00,0.42589648,10.06
2026-02-28 04:00:00,0.42500431,10.24
2026-02-28 04:05:00,0.42325876,10.4
2026-02-28 04:10:00,0.42384061,10.58
2026-02-28 04:15:00,0.42411214,10.74
2026-02-28 04:20:00,0.42508189,10.9
2026-02-28 04:25:00,0.42601285,11.06
2026-02-28 04:30:00,0.42678865,11.24
2026-02-28 04:35:00,0.42609043,11.36
2026-02-28 04:40:00,0.42601285,11.54
2026-02-28 04:45:00,0.42488794,11.66
2026-02-28 04:50:00,0.42252175,11.78
2026-02-28 04:55:00,0.42228901,11.92
2026-02-28 05:00:00,0.42225022,12.0
2026-02-28 05:05:00,0.42225022,12.1
2026-02-28 05:10:00,0.42228901,12.2
2026-02-28 05:15:00,0.42205627,12.28
2026-02-28 05:20:00,0.42186232,12.36
2026-02-28 05:25:00,0.42228901,12.4
2026-02-28 05:30:00,0.42240538,12.48
2026-02-28 05:35:00,0.42259933,12.5
2026-02-28 05:40:00,0.42236659,12.5
2026-02-28 05:45:00,0.42248296,12.56
2026-02-28 05:50:00,0.42240538,12.6
2026-02-28 05:55:00,0.42240538,12.6
2026-02-28 06:00:00,0.42213385,12.6
2026-02-28 06:05:00,0.42248296,12.6
2026-02-28 06:10:00,0.42209506,12.6
2026-02-28 06:15:00,0.42217264,12.6
2026-02-28 06:20:00,0.42225022,12.6
2026-02-28 06:25:00,0.42236659,12.64
2026-02-28 06:30:00,0.42217264,12.7
2026-02-28 06:35:00,0.42190111,12.7
2026-02-28 06:40:00,0.42225022,12.7
2026-02-28 06:45:00,0.42197869,12.7
2026-02-28 06:50:00,0.42209506,12.7
2026-02-28 06:55:00,0.42178474,12.66
2026-02-28 07:00:00,0.4219399,12.6
2026-02-28 07:05:00,0.42205627,12.6
2026-02-28 07:10:00,0.42170716,12.58
2026-02-28 07:15:00,0.42159079,12.5
2026-02-28 07:20:00,0.42201748,12.5
2026-02-28 07:25:00,0.42139684,12.4
2026-02-28 07:30:00,0.42159079,12.4
2026-02-28 07:35:00,0.42147442,12.3
2026-02-28 07:40:00,0.42124168,12.26
2026-02-28 07:45:00,0.42128047,12.2
2026-02-28 07:50:00,0.42159079,12.14
2026-02-28 07:55:00,0.42128047,12.1
2026-02-28 08:00:00,0.42135805,12.0
2026-02-28 08:05:00,0.42124168,12.0
2026-02-28 08:10:00,0.42139684,11.9
2026-02-28 08:15:00,0.42139684,11.86
2026-02-28 08:20:00,0.42143563,11.8
2026-02-28 08:25:00,0.42159079,11.72
2026-02-28 08:30:00,0.42151321,11.68
2026-02-28 08:35:00,0.42182353,11.6
2026-02-28 08:40:00,0.42170716,11.54
2026-02-28 08:45:00,0.42162958,11.48
2026-02-28 08:50:00,0.42159079,11.4
2026-02-28 08:55:00,0.42166837,11.32
2026-02-28 09:00:00,0.42139684,11.26
2026-02-28 09:05:00,0.42186232,11.2
2026-02-28 09:10:00,0.4219399,11.1
2026-02-28 09:15:00,0.4223278,11.04
2026-02-28 09:20:00,0.42209506,10.98
2026-02-28 09:25:00,0.42213385,10.9
2026-02-28 09:30:00,0.42209506,10.82
2026-02-28 09:35:00,0.42213385,10.76
2026-02-28 09:40:00,0.42209506,10.7
2026-02-28 09:45:00,0.42221143,10.6
2026-02-28 09:50:00,0.42205627,10.52
2026-02-28 09:55:00,0.42225022,10.46
2026-02-28 10:00:00,0.42197869,10.38
2026-02-28 10:05:00,0.42228901,10.3
2026-02-28 10:10:00,0.42236659,10.22
2026-02-28 10:15:00,0.42248296,10.16
2026-02-28 10:20:00,0.42248296,10.1
2026-02-28 10:25:00,0.42225022,10.02
2026-02-28 10:30:00,0.42240538,9.96
2026-02-28 10:35:00,0.42205627,9.9
2026-02-28 10:40:00,0.42263812,9.8
2026-02-28 10:45:00,0.42240538,9.76
2026-02-28 10:50:00,0.42205627,9.7
2026-02-28 10:55:00,0.42252175,9.64
2026-02-28 11:00:00,0.42225022,9.6
2026-02-28 11:05:00,0.42221143,9.52
2026-02-28 11:10:00,0.42186232,9.5
2026-02-28 11:15:00,0.42248296,9.42
2026-02-28 11:20:00,0.42186232,9.4
2026-02-28 11:25:00,0.42228901,9.34
2026-02-28 11:30:00,0.42186232,9.3
2026-02-28 11:35:00,0.42190111,9.3
2026-02-28 11:40:00,0.4219399,9.2
2026-02-28 11:45:00,0.42225022,9.2
2026-02-28 11:50:00,0.42228901,9.18
2026-02-28 11:55:00,0.42221143,9.1
2026-02-28 12:00:00,0.42213385,9.1
2026-02-28 12:05:00,0.42248296,9.08
2026-02-28 12:10:00,0.42209506,9.0
2026-02-28 12:15:00,0.4223278,9.0
2026-02-28 12:20:00,0.42256054,8.96
2026-02-28 12:25:00,0.42244417,8.9
2026-02-28 12:30:00,0.42236659,8.88
2026-02-28 12:35:00,0.42228901,8.8
2026-02-28 12:40:00,0.42259933,8.78
2026-02-28 12:45:00,0.42256054,8.7
2026-02-28 12:50:00,0.42259933,8.68
2026-02-28 12:55:00,0.42240538,8.6
2026-02-28 13:00:00,0.42244417,8.58
2026-02-28 13:05:00,0.42294844,8.5
2026-02-28 13:10:00,0.42287086,8.5
2026-02-28 13:15:00,0.42294844,8.42
2026-02-28 13:20:00,0.42248296,8.4
2026-02-28 13:25:00,0.42221143,8.38
2026-02-28 13:30:00,0.42213385,8.3
2026-02-28 13:35:00,0.42279328,8.3
2026-02-28 13:40:00,0.42290965,8.2
2026-02-28 13:45:00,0.42294844,8.2
2026-02-28 13:50:00,0.42217264,8.12
2026-02-28 13:55:00,0.4231036,8.1
2026-02-28 14:00:00,0.42298723,8.02
2026-02-28 14:05:00,0.42275449,8.0
2026-02-28 14:10:00,0.42259933,7.92
2026-02-28 14:15:00,0.42256054,7.9
2026-02-28 14:20:00,0.42236659,7.82
2026-02-28 14:25:00,0.42244417,7.8
2026-02-28 14:30:00,0.42263812,7.72
2026-02-28 14:35:00,0.42256054,7.7
2026-02-28 14:40:00,0.42244417,7.6
2026-02-28 14:45:00,0.42298723,7.58
2026-02-28 14:50:00,0.4227157,7.5
2026-02-28 14:55:00,0.42240538,7.48
2026-02-28 15:00:00,0.42256054,7.4
2026-02-28 15:05:00,0.42283207,7.38
2026-02-28 15:10:00,0.42298723,7.3
2026-02-28 15:15:00,0.42267691,7.3
2026-02-28 15:20:00,0.42259933,7.2
2026-02-28 15:25:00,0.42298723,7.2
2026-02-28 15:30:00,0.42256054,7.12
2026-02-28 15:35:00,0.4227157,7.1
2026-02-28 15:40:00,0.42287086,7.04
2026-02-28 15:45:00,0.42318118,7.0
2026-02-28 15:50:00,0.42287086,7.0
2026-02-28 15:55:00,0.42275449,6.9
2026-02-28 16:00:00,0.42279328,6.9
2026-02-28 16:05:00,0.42279328,6.86
2026-02-28 16:10:00,0.42263812,6.8
2026-02-28 16:15:00,0.4231036,6.8
2026-02-28 16:20:00,0.42318118,6.74
2026-02-28 16:25:00,0.42283207,6.7
2026-02-28 16:30:00,0.42302602,6.7
2026-02-28 16:35:00,0.42287086,6.6
2026-02-28 16:40:00,0.42306481,6.6
2026-02-28 16:45:00,0.42329755,6.58
2026-02-28 16:50:00,0.42294844,6.5
2026-02-28 16:55:00,0.42279328,6.5
2026-02-28 17:00:00,0.42283207,6.48
2026-02-28 17:05:00,0.4227157,6.4
2026-02-28 17:10:00,0.42294844,6.4
2026-02-28 17:15:00,0.42337513,6.4
2026-02-28 17:20:00,0.42306481,6.32
2026-02-28 17:25:00,0.4231036,6.3
2026-02-28 17:30:00,0.42290965,6.3
2026-02-28 17:35:00,0.42275449,6.28
2026-02-28 17:40:00,0.42294844,6.2
2026-02-28 17:45:00,0.42314239,6.2
2026-02-28 17:50:00,0.42341392,6.2
2026-02-28 17:55:00,0.42333634,6.16
2026-02-28 18:00:00,0.42345271,6.1
2026-02-28 18:05:00,0.42314239,6.1
2026-02-28 18:10:00,0.42341392,6.08
2026-02-28 18:15:00,0.42329755,6.0
2026-02-28 18:20:00,0.42353029,6.0
2026-02-28 18:25:00,0.4234915,6.0
2026-02-28 18:30:00,0.42353029,5.96
2026-02-28 18:35:00,0.42353029,5.9
2026-02-28 18:40:00,0.42360787,5.9
2026-02-28 18:45:00,0.42306481,5.88
2026-02-28 18:50:00,0.42341392,5.8
2026-02-28 18:55:00,0.42302602,5.8
2026-02-28 19:00:00,0.42345271,5.8
2026-02-28 19:05:00,0.42302602,5.7
2026-02-28 19:10:00,0.42356908,5.7
2026-02-28 19:15:00,0.42341392,5.7
2026-02-28 19:20:00,0.42353029,5.7
2026-02-28 19:25:00,0.42341392,5.7
2026-02-28 19:30:00,0.42337513,5.7
2026-02-28 19:35:00,0.42283207,5.66
2026-02-28 19:40:00,0.42318118,5.6
2026-02-28 19:45:00,0.42345271,5.6
2026-02-28 19:50:00,0.42314239,5.6
2026-02-28 19:55:00,0.42318118,5.6
2026-02-28 20:00:00,0.42298723,5.6
2026-02-28 20:05:00,0.42356908,5.6
2026-02-28 20:10:00,0.42302602,5.6
2026-02-28 20:15:00,0.42325876,5.6
2026-02-28 20:20:00,0.42290965,5.6
2026-02-28 20:25:00,0.42314239,5.6
2026-02-28 20:30:00,0.4231036,5.6
2026-02-28 20:35:00,0.42333634,5.6
2026-02-28 20:40:00,0.42341392,5.56
2026-02-28 20:45:00,0.42325876,5.5
2026-02-28 20:50:00,0.42283207,5.5
2026-02-28 20:55:00,0.42337513,5.5
2026-02-28 21:00:00,0.42329755,5.5
2026-02-28 21:05:00,0.42318118,5.46
2026-02-28 21:10:00,0.42294844,5.4
2026-02-28 21:15:00,0.42345271,5.4
2026-02-28 21:20:00,0.42329755,5.4
2026-02-28 21:25:00,0.42314239,5.4
2026-02-28 21:30:00,0.42341392,5.3
2026-02-28 21:35:00,0.42314239,5.3
2026-02-28 21:40:00,0.42368545,5.3
2026-02-28 21:45:00,0.42345271,5.3
2026-02-28 21:50:00,0.4234915,5.24
2026-02-28 21:55:00,0.42329755,5.2
2026-02-28 22:00:00,0.42353029,5.2
2026-02-28 22:05:00,0.42333634,5.2
2026-02-28 22:10:00,0.42337513,5.14
2026-02-28 22:15:00,0.42341392,5.1
2026-02-28 22:20:00,0.42353029,5.1
2026-02-28 22:25:00,0.42364666,5.04
2026-02-28 22:30:00,0.42325876,5.0
2026-02-28 22:35:00,0.42318118,5.0
2026-02-28 22:40:00,0.42321997,4.98
2026-02-28 22:45:00,0.42368545,4.9
2026-02-28 22:50:00,0.42325876,4.9
2026-02-28 22:55:00,0.42368545,4.9
2026-02-28 23:00:00,0.42345271,4.86
2026-02-28 23:05:00,0.42356908,4.8
2026-02-28 23:10:00,0.42380182,4.8
2026-02-28 23:15:00,0.42384061,4.8
2026-02-28 23:20:00,0.42360787,4.8
2026-02-28 23:25:00,0.42333634,4.8
2026-02-28 23:30:00,0.42368545,4.72
2026-02-28 23:35:00,0.42353029,4.7
2026-02-28 23:40:00,0.42360787,4.7
2026-02-28 23:45:00,0.42356908,4.7
2026-02-28 23:50:00,0.4234915,4.72
2026-02-28 23:55:00,0.42372424,4.8
2026-03-01 00:00:00,0.42368545,4.8
2026-03-01 00:05:00,0.42329755,4.8
2026-03-01 00:10:00,0.42306481,4.82
2026-03-01 00:15:00,0.42302602,4.9
2026-03-01 00:20:00,0.42345271,4.9
2026-03-01 00:25:00,0.42341392,4.96
2026-03-01 00:30:00,0.42337513,5.0
2026-03-01 00:35:00,0.4234915,5.08
2026-03-01 00:40:00,0.42302602,5.16
2026-03-01 00:45:00,0.42287086,5.2
2026-03-01 00:50:00,0.42298723,5.3
2026-03-01 00:55:00,0.42333634,5.38
2026-03-01 01:00:00,0.42290965,5.48
2026-03-01 01:05:00,0.42256054,5.6
2026-03-01 01:10:00,0.42279328,5.72
2026-03-01 01:15:00,0.4227157,5.84
2026-03-01 01:20:00,0.42283207,5.96
2026-03-01 01:25:00,0.42263812,6.08
2026-03-01 01:30:00,0.42259933,6.22
2026-03-01 01:35:00,0.42205627,6.34
2026-03-01 01:40:00,0.4223278,6.46
2026-03-01 01:45:00,0.42228901,6.58
2026-03-01 01:50:00,0.42213385,6.72
2026-03-01 01:55:00,0.42259933,6.84
2026-03-01 02:00:00,0.42205627,6.96
2026-03-01 02:05:00,0.42186232,7.08
2026-03-01 02:10:00,0.4219399,7.22
2026-03-01 02:15:00,0.42213385,7.34
2026-03-01 02:20:00,0.42174595,7.44
2026-03-01 02:25:00,0.42135805,7.56
2026-03-01 02:30:00,0.42143563,7.72
2026-03-01 02:35:00,0.42131926,7.84
2026-03-01 02:40:00,0.42182353,7.98
2026-03-01 02:45:00,0.42159079,8.14
2026-03-01 02:50:00,0.42151321,8.26
2026-03-01 02:55:00,0.42120289,8.38
2026-03-01 03:00:00,0.42174595,8.52
2026-03-01 03:05:00,0.42151321,8.62
2026-03-01 03:10:00,0.42143563,8.74
2026-03-01 03:15:00,0.42159079,8.84
2026-03-01 03:20:00,0.42131926,8.96
2026-03-01 03:25:00,0.42085378,9.06
2026-03-01 03:30:00,0.42093136,9.18
2026-03-01 03:35:00,0.42050467,9.3
2026-03-01 03:40:00,0.42065983,9.4
2026-03-01 03:45:00,0.42054346,9.5
2026-03-01 03:50:00,0.42089257,9.6
2026-03-01 03:55:00,0.42085378,9.68
2026-03-01 04:00:00,0.42081499,9.76
2026-03-01 04:05:00,0.42104773,9.84
2026-03-01 04:10:00,0.42046588,9.9
2026-03-01 04:15:00,0.42089257,10.0
2026-03-01 04:20:00,0.42062104,10.06
2026-03-01 04:25:00,0.42031072,10.12
2026-03-01 04:30:00,0.42042709,10.2
2026-03-01 04:35:00,0.42034951,10.26
2026-03-01 04:40:00,0.4203883,10.34
2026-03-01 04:45:00,0.42003919,10.4
2026-03-01 04:50:00,0.42050467,10.5
2026-03-01 04:55:00,0.42023314,10.56
2026-03-01 05:00:00,0.42011677,10.66
2026-03-01 05:05:00,0.42015556,10.74
2026-03-01 05:10:00,0.4200004,10.82
2026-03-01 05:15:00,0.42027193,10.9
2026-03-01 05:20:00,0.4200004,10.98
2026-03-01 05:25:00,0.4200004,11.04
2026-03-01 05:30:00,0.42007798,11.1
2026-03-01 05:35:00,0.41957371,11.2
2026-03-01 05:40:00,0.4200004,11.24
2026-03-01 05:45:00,0.41926339,11.3
2026-03-01 05:50:00,0.41926339,11.38
2026-03-01 05:55:00,0.41957371,11.4
2026-03-01 06:00:00,0.41969008,11.48
2026-03-01 06:05:00,0.41949613,11.5
2026-03-01 06:10:00,0.41910823,11.5
2026-03-01 06:15:00,0.41949613,11.56
2026-03-01 06:20:00,0.41934097,11.6
2026-03-01 06:25:00,0.41918581,11.6
2026-03-01 06:30:00,0.41910823,11.6
2026-03-01 06:35:00,0.4192246,11.6
2026-03-01 06:40:00,0.41895307,11.6
2026-03-01 06:45:00,0.4188367,11.6
2026-03-01 06:50:00,0.41926339,11.6
2026-03-01 06:55:00,0.41899186,11.6
2026-03-01 07:00:00,0.41926339,11.6
2026-03-01 07:05:00,0.41891428,11.6
2026-03-01 07:10:00,0.41926339,11.6
2026-03-01 07:15:00,0.41906944,11.6
2026-03-01 07:20:00,0.41914702,11.6
2026-03-01 07:25:00,0.41906944,11.6
2026-03-01 07:30:00,0.41926339,11.6
2026-03-01 07:35:00,0.4188367,11.6
2026-03-01 07:40:00,0.41910823,11.58
2026-03-01 07:45:00,0.41914702,11.5
2026-03-01 07:50:00,0.41879791,11.5
2026-03-01 07:55:00,0.41899186,11.5
2026-03-01 08:00:00,0.41906944,11.5
2026-03-01 08:05:00,0.41910823,11.44
2026-03-01 08:10:00,0.41895307,11.4
2026-03-01 08:15:00,0.4188367,11.4
2026-03-01 08:20:00,0.41934097,11.32
2026-03-01 08:25:00,0.41899186,11.3
2026-03-01 08:30:00,0.41899186,11.28
2026-03-01 08:35:00,0.4192246,11.2
2026-03-01 08:40:00,0.41899186,11.2
2026-03-01 08:45:00,0.41903065,11.12
2026-03-01 08:50:00,0.41914702,11.1
2026-03-01 08:55:00,0.41930218,11.04
2026-03-01 09:00:00,0.41879791,11.0
2026-03-01 09:05:00,0.41914702,10.98
2026-03-01 09:10:00,0.41895307,10.9
2026-03-01 09:15:00,0.41957371,10.9
2026-03-01 09:20:00,0.41930218,10.82
2026-03-01 09:25:00,0.41945734,10.8
2026-03-01 09:30:00,0.4192246,10.74
2026-03-01 09:35:00,0.41910823,10.7
2026-03-01 09:40:00,0.41906944,10.66
2026-03-01 09:45:00,0.41945734,10.6
2026-03-01 09:50:00,0.41930218,10.54
2026-03-01 09:55:00,0.41941855,10.5
2026-03-01 10:00:00,0.41914702,10.46
2026-03-01 10:05:00,0.41918581,10.4
2026-03-01 10:10:00,0.41934097,10.38
2026-03-01 10:15:00,0.4188367,10.3
2026-03-01 10:20:00,0.41906944,10.28
2026-03-01 10:25:00,0.4188367,10.2
2026-03-01 10:30:00,0.41903065,10.2
2026-03-01 10:35:00,0.41899186,10.14
2026-03-01 10:40:00,0.41903065,10.1
2026-03-01 10:45:00,0.41918581,10.1
2026-03-01 10:50:00,0.41926339,10.0
2026-03-01 10:55:00,0.41953492,10.0
2026-03-01 11:00:00,0.41957371,9.98
2026-03-01 11:05:00,0.41903065,9.9
2026-03-01 11:10:00,0.41930218,9.9
2026-03-01 11:15:00,0.41934097,9.88
2026-03-01 11:20:00,0.41934097,9.8
2026-03-01 11:25:00,0.41910823,9.8
2026-03-01 11:30:00,0.41934097,9.78
2026-03-01 11:35:00,0.41899186,9.7
2026-03-01 11:40:00,0.41949613,9.7
2026-03-01 11:45:00,0.41918581,9.7
2026-03-01 11:50:00,0.41914702,9.64
2026-03-01 11:55:00,0.41910823,9.6
2026-03-01 12:00:00,0.41899186,9.6
2026-03-01 12:05:00,0.41945734,9.6
2026-03-01 12:10:00,0.41910823,9.54
2026-03-01 12:15:00,0.41930218,9.5
2026-03-01 12:20:00,0.41914702,9.5
2026-03-01 12:25:00,0.41899186,9.5
2026-03-01 12:30:00,0.41930218,9.5
2026-03-01 12:35:00,0.41910823,9.4
2026-03-01 12:40:00,0.41918581,9.4
2026-03-01 12:45:00,0.41906944,9.4
2026-03-01 12:50:00,0.41910823,9.4
2026-03-01 12:55:00,0.41903065,9.4
2026-03-01 13:00:00,0.41856517,9.34
2026-03-01 13:05:00,0.4188367,9.3
2026-03-01 13:10:00,0.41903065,9.3
2026-03-01 13:15:00,0.41887549,9.3
2026-03-01 13:20:00,0.41864275,9.3
2026-03-01 13:25:00,0.41891428,9.3
2026-03-01 13:30:00,0.41887549,9.22
2026-03-01 13:35:00,0.41864275,9.2
2026-03-01 13:40:00,0.41879791,9.2
2026-03-01 13:45:00,0.4188367,9.2
2026-03-01 13:50:00,0.41934097,9.2
2026-03-01 13:55:00,0.41872033,9.2
2026-03-01 14:00:00,0.41903065,9.1
2026-03-01 14:05:00,0.41887549,9.1
2026-03-01 14:10:00,0.4188367,9.1
2026-03-01 14:15:00,0.4188367,9.1
2026-03-01 14:20:00,0.41906944,9.1
2026-03-01 14:25:00,0.41887549,9.1
2026-03-01 14:30:00,0.41887549,9.0
2026-03-01 14:35:00,0.41934097,9.0
2026-03-01 14:40:00,0.41910823,9.0
2026-03-01 14:45:00,0.41887549,9.0
2026-03-01 14:50:00,0.41887549,9.0
2026-03-01 14:55:00,0.41903065,9.0
2026-03-01 15:00:00,0.41930218,8.9
2026-03-01 15:05:00,0.41941855,8.9
2026-03-01 15:10:00,0.41949613,8.9
2026-03-01 15:15:00,0.41934097,8.9
2026-03-01 15:20:00,0.41903065,8.9
2026-03-01 15:25:00,0.41980645,8.9
2026-03-01 15:30:00,0.41980645,8.84
2026-03-01 15:35:00,0.41969008,8.8
2026-03-01 15:40:00,0.41984524,8.8
2026-03-01 15:45:00,0.41972887,8.8
2026-03-01 15:50:00,0.42015556,8.8
2026-03-01 15:55:00,0.42007798,8.8
2026-03-01 16:00:00,0.4203883,8.7
2026-03-01 16:05:00,0.42108652,8.7
2026-03-01 16:10:00,0.42139684,8.7
2026-03-01 16:15:00,0.42159079,8.7
2026-03-01 16:20:00,0.42182353,8.7
2026-03-01 16:25:00,0.42162958,8.64
2026-03-01 16:30:00,0.42209506,8.6
2026-03-01 16:35:00,0.4223278,8.6
2026-03-01 16:40:00,0.42263812,8.6
2026-03-01 16:45:00,0.42302602,8.6
2026-03-01 16:50:00,0.42275449,8.54
2026-03-01 16:55:00,0.42333634,8.5
2026-03-01 17:00:00,0.4238794,8.5
2026-03-01 17:05:00,0.42314239,8.5
2026-03-01 17:10:00,0.42399577,8.46
2026-03-01 17:15:00,0.42422851,8.4
2026-03-01 17:20:00,0.42515947,8.4
2026-03-01 17:25:00,0.42531463,8.4
2026-03-01 17:30:00,0.42578011,8.4
2026-03-01 17:35:00,0.42632317,8.3
2026-03-01 17:40:00,0.42636196,8.3
2026-03-01 17:45:00,0.42729292,8.3
2026-03-01 17:50:00,0.42771961,8.3
2026-03-01 17:55:00,0.42884452,8.24
2026-03-01 18:00:00,0.42907726,8.2
2026-03-01 18:05:00,0.43020217,8.2
2026-03-01 18:10:00,0.43097797,8.2
2026-03-01 18:15:00,0.43260715,8.2
2026-03-01 18:20:00,0.43140466,8.14
2026-03-01 18:25:00,0.43128829,8.1
2026-03-01 18:30:00,0.44145127,8.1
2026-03-01 18:35:00,0.44308045,8.1
2026-03-01 18:40:00,0.44323561,8.1
2026-03-01 18:45:00,0.44381746,8.04
2026-03-01 18:50:00,0.44339077,8.0
2026-03-01 18:55:00,0.44385625,8.0
2026-03-01 19:00:00,0.44412778,8.0
2026-03-01 19:05:00,0.44432173,8.0
2026-03-01 19:10:00,0.44436052,7.9
2026-03-01 19:15:00,0.44432173,7.9
2026-03-01 19:20:00,0.44459326,7.9
2026-03-01 19:25:00,0.44470963,7.9
2026-03-01 19:30:00,0.44486479,7.9
2026-03-01 19:35:00,0.44451568,7.82
2026-03-01 19:40:00,0.44501995,7.8
2026-03-01 19:45:00,0.44501995,7.8
2026-03-01 19:50:00,0.44478721,7.8
2026-03-01 19:55:00,0.44470963,7.8
2026-03-01 20:00:00,0.44490358,7.8
2026-03-01 20:05:00,0.44540785,7.7
2026-03-01 20:10:00,0.44505874,7.7
2026-03-01 20:15:00,0.44513632,7.7
2026-03-01 20:20:00,0.44529148,7.7
2026-03-01 20:25:00,0.44529148,7.7
2026-03-01 20:30:00,0.44490358,7.7
2026-03-01 20:35:00,0.44490358,7.7
2026-03-01 20:40:00,0.44513632,7.6
2026-03-01 20:45:00,0.44505874,7.6
2026-03-01 20:50:00,0.44591212,7.6
2026-03-01 20:55:00,0.44579575,7.6
2026-03-01 21:00:00,0.44544664,7.6
2026-03-01 21:05:00,0.4456018,7.6
2026-03-01 21:10:00,0.44583454,7.6
2026-03-01 21:15:00,0.44540785,7.56
2026-03-01 21:20:00,0.44548543,7.5
2026-03-01 21:25:00,0.44548543,7.5
2026-03-01 21:30:00,0.44579575,7.5
2026-03-01 21:35:00,0.44587333,7.5
2026-03-01 21:40:00,0.44583454,7.5
2026-03-01 21:45:00,0.44552422,7.5
2026-03-01 21:50:00,0.44571817,7.5
2026-03-01 21:55:00,0.44579575,7.5
2026-03-01 22:00:00,0.44556301,7.5
2026-03-01 22:05:00,0.44536906,7.4
2026-03-01 22:10:00,0.44552422,7.4
2026-03-01 22:15:00,0.44575696,7.4
2026-03-01 22:20:00,0.44556301,7.4
2026-03-01 22:25:00,0.44533027,7.4
2026-03-01 22:30:00,0.44579575,7.4
2026-03-01 22:35:00,0.4459897,7.4
2026-03-01 22:40:00,0.44602849,7.4
2026-03-01 22:45:00,0.44548543,7.4
2026-03-01 22:50:00,0.4456018,7.4
2026-03-01 22:55:00,0.44571817,7.4
2026-03-01 23:00:00,0.44567938,7.4
2026-03-01 23:05:00,0.44579575,7.4
2026-03-01 23:10:00,0.44595091,7.4
2026-03-01 23:15:00,0.44595091,7.4
2026-03-01 23:20:00,0.44606728,7.4
2026-03-01 23:25:00,0.44595091,7.4
2026-03-01 23:30:00,0.44602849,7.4
2026-03-01 23:35:00,0.44556301,7.4
2026-03-01 23:40:00,0.44583454,7.4
2026-03-01 23:45:00,0.44564059,7.4
2026-03-01 23:50:00,0.44602849,7.4
2026-03-01 23:55:00,0.44552422,7.4
2026-03-02 00:00:00,0.44614486,7.4
2026-03-02 00:05:00,0.44548543,7.4
2026-03-02 00:10:00,0.44552422,7.4
2026-03-02 00:15:00,0.44583454,7.4
2026-03-02 00:20:00,0.44595091,7.44
2026-03-02 00:25:00,0.44552422,7.5
2026-03-02 00:30:00,0.44583454,7.5
2026-03-02 00:35:00,0.44556301,7.5
2026-03-02 00:40:00,0.44595091,7.5
2026-03-02 00:45:00,0.44564059,7.5
2026-03-02 00:50:00,0.44567938,7.5
2026-03-02 00:55:00,0.44587333,7.5
2026-03-02 01:00:00,0.44564059,7.5
2026-03-02 01:05:00,0.44571817,7.56
2026-03-02 01:10:00,0.44540785,7.6
2026-03-02 01:15:00,0.44533027,7.6
2026-03-02 01:20:00,0.4459897,7.6
2026-03-02 01:25:00,0.44529148,7.7
2026-03-02 01:30:00,0.44552422,7.7
2026-03-02 01:35:00,0.44455447,7.7
2026-03-02 01:40:00,0.44470963,7.8
2026-03-02 01:45:00,0.44501995,7.8
2026-03-02 01:50:00,0.44432173,7.84
2026-03-02 01:55:00,0.44408899,7.9
2026-03-02 02:00:00,0.44432173,7.9
2026-03-02 02:05:00,0.44408899,7.9
2026-03-02 02:10:00,0.4440502,8.0
2026-03-02 02:15:00,0.44432173,8.0
2026-03-02 02:20:00,0.44412778,8.0
2026-03-02 02:25:00,0.44439931,8.06
2026-03-02 02:30:00,0.44459326,8.1
2026-03-02 02:35:00,0.44470963,8.1
2026-03-02 02:40:00,0.44447689,8.18
2026-03-02 02:45:00,0.44436052,8.2
2026-03-02 02:50:00,0.44436052,8.2
2026-03-02 02:55:00,0.4440502,8.24
2026-03-02 03:00:00,0.44416657,8.3
2026-03-02 03:05:00,0.44439931,8.3
2026-03-02 03:10:00,0.44459326,8.3
2026-03-02 03:15:00,0.44459326,8.36
2026-03-02 03:20:00,0.44428294,8.4
2026-03-02 03:25:00,0.44463205,8.4
2026-03-02 03:30:00,0.44463205,8.46
2026-03-02 03:35:00,0.44517511,8.5
2026-03-02 03:40:00,0.44494237,8.5
2026-03-02 03:45:00,0.44490358,8.58
2026-03-02 03:50:00,0.44548543,8.6
2026-03-02 03:55:00,0.44517511,8.6
2026-03-02 04:00:00,0.44513632,8.66
2026-03-02 04:05:00,0.444826,8.7
2026-03-02 04:10:00,0.44509753,8.7
2026-03-02 04:15:00,0.44486479,8.7
2026-03-02 04:20:00,0.4452139,8.74
2026-03-02 04:25:00,0.4452139,8.8
2026-03-02 04:30:00,0.44564059,8.8
2026-03-02 04:35:00,0.44525269,8.8
2026-03-02 04:40:00,0.44533027,8.82
2026-03-02 04:45:00,0.44548543,8.9
2026-03-02 04:50:00,0.44544664,8.9
2026-03-02 04:55:00,0.44567938,8.9
2026-03-02 05:00:00,0.44579575,8.9
2026-03-02 05:05:00,0.44587333,8.96
2026-03-02 05:10:00,0.44571817,9.0
2026-03-02 05:15:00,0.44595091,9.0
2026-03-02 05:20:00,0.44564059,9.0
2026-03-02 05:25:00,0.44567938,9.0
2026-03-02 05:30:00,0.44533027,9.0
2026-03-02 05:35:00,0.44587333,9.1
2026-03-02 05:40:00,0.44591212,9.1
2026-03-02 05:45:00,0.44571817,9.1
2026-03-02 05:50:00,0.44587333,9.1
2026-03-02 05:55:00,0.4459897,9.1
2026-03-02 06:00:00,0.44595091,9.1
2026-03-02 06:05:00,0.44567938,9.1
2026-03-02 06:10:00,0.44567938,9.1
2026-03-02 06:15:00,0.44622244,9.1
2026-03-02 06:20:00,0.44579575,9.1
2026-03-02 06:25:00,0.44602849,9.1
2026-03-02 06:30:00,0.4459897,9.1
2026-03-02 06:35:00,0.44633881,9.1
2026-03-02 06:40:00,0.44688187,9.1
2026-03-02 06:45:00,0.44726977,9.1
2026-03-02 06:50:00,0.44734735,9.1
2026-03-02 06:55:00,0.44738614,9.1
2026-03-02 07:00:00,0.4471534,9.1
2026-03-02 07:05:00,0.44734735,9.1
2026-03-02 07:10:00,0.4475413,9.1
2026-03-02 07:15:00,0.44730856,9.1
2026-03-02 07:20:00,0.44742493,9.1
2026-03-02 07:25:00,0.44723098,9.1
2026-03-02 07:30:00,0.44738614,9.1
2026-03-02 07:35:00,0.44742493,9.1
2026-03-02 07:40:00,0.44750251,9.04
2026-03-02 07:45:00,0.44773525,9.0
2026-03-02 07:50:00,0.44781283,9.0
2026-03-02 07:55:00,0.44738614,9.0
2026-03-02 08:00:00,0.44746372,9.0
2026-03-02 08:05:00,0.44738614,9.0
2026-03-02 08:10:00,0.4475413,9.0
2026-03-02 08:15:00,0.44750251,9.0
2026-03-02 08:20:00,0.44742493,9.0
2026-03-02 08:25:00,0.44765767,8.96
2026-03-02 08:30:00,0.44785162,8.9
2026-03-02 08:35:00,0.44839468,8.9
2026-03-02 08:40:00,0.44812315,8.9
2026-03-02 08:45:00,0.44789041,8.9
2026-03-02 08:50:00,0.44823952,8.86
2026-03-02 08:55:00,0.44843347,8.8
2026-03-02 09:00:00,0.44812315,8.8
2026-03-02 09:05:00,0.44827831,8.8
2026-03-02 09:10:00,0.44862742,8.76
2026-03-02 09:15:00,0.44758009,8.7
2026-03-02 09:20:00,0.44847226,8.7
2026-03-02 09:25:00,0.44851105,8.7
2026-03-02 09:30:00,0.44882137,8.64
2026-03-02 09:35:00,0.44843347,8.6
2026-03-02 09:40:00,0.44835589,8.6
2026-03-02 09:45:00,0.44823952,8.6
2026-03-02 09:50:00,0.44847226,8.52
2026-03-02 09:55:00,0.44812315,8.5
2026-03-02 10:00:00,0.4483171,8.5
2026-03-02 10:05:00,0.44843347,8.5
2026-03-02 10:10:00,0.44854984,8.4
2026-03-02 10:15:00,0.44866621,8.4
2026-03-02 10:20:00,0.448705,8.4
2026-03-02 10:25:00,0.448705,8.4
2026-03-02 10:30:00,0.44897653,8.32
2026-03-02 10:35:00,0.448705,8.3
2026-03-02 10:40:00,0.44866621,8.3
2026-03-02 10:45:00,0.44882137,8.3
2026-03-02 10:50:00,0.44862742,8.28
2026-03-02 10:55:00,0.44886016,8.2
2026-03-02 11:00:00,0.44905411,8.2
2026-03-02 11:05:00,0.44889895,8.2
2026-03-02 11:10:00,0.44866621,8.2
2026-03-02 11:15:00,0.44874379,8.16
2026-03-02 11:20:00,0.44901532,8.1
2026-03-02 11:25:00,0.44901532,8.1
2026-03-02 11:30:00,0.44851105,8.1
2026-03-02 11:35:00,0.44889895,8.1
2026-03-02 11:40:00,0.44893774,8.06
2026-03-02 11:45:00,0.44858863,8.0
2026-03-02 11:50:00,0.44905411,8.0
2026-03-02 11:55:00,0.44893774,8.0
2026-03-02 12:00:00,0.44913169,8.0
2026-03-02 12:05:00,0.44920927,8.0
2026-03-02 12:10:00,0.44882137,7.9
2026-03-02 12:15:00,0.44862742,7.9
2026-03-02 12:20:00,0.44924806,7.9
2026-03-02 12:25:00,0.44920927,7.9
2026-03-02 12:30:00,0.44866621,7.9
2026-03-02 12:35:00,0.44862742,7.9
2026-03-02 12:40:00,0.44928685,7.84
2026-03-02 12:45:00,0.44878258,7.8
2026-03-02 12:50:00,0.44886016,7.8
2026-03-02 12:55:00,0.44901532,7.8
2026-03-02 13:00:00,0.44889895,7.8
2026-03-02 13:05:00,0.44917048,7.8
2026-03-02 13:10:00,0.44889895,7.8
2026-03-02 13:15:00,0.44886016,7.8
2026-03-02 13:20:00,0.44917048,7.72
2026-03-02 13:25:00,0.44878258,7.7
2026-03-02 13:30:00,0.44886016,7.7
2026-03-02 13:35:00,0.44886016,7.7
2026-03-02 13:40:00,0.44901532,7.7
2026-03-02 13:45:00,0.44905411,7.7
2026-03-02 13:50:00,0.44882137,7.7
2026-03-02 13:55:00,0.44862742,7.7
2026-03-02 14:00:00,0.44889895,7.7
2026-03-02 14:05:00,0.44886016,7.7
2026-03-02 14:10:00,0.44936443,7.7
2026-03-02 14:15:00,0.44913169,7.7
2026-03-02 14:20:00,0.44882137,7.7
2026-03-02 14:25:00,0.44905411,7.64
2026-03-02 14:30:00,0.44913169,7.6
2026-03-02 14:35:00,0.44886016,7.6
2026-03-02 14:40:00,0.44882137,7.6
2026-03-02 14:45:00,0.44920927,7.6
2026-03-02 14:50:00,0.44889895,7.6
2026-03-02 14:55:00,0.44936443,7.6
2026-03-02 15:00:00,0.44886016,7.6
2026-03-02 15:05:00,0.44905411,7.6
2026-03-02 15:10:00,0.44886016,7.6
2026-03-02 15:15:00,0.44932564,7.6
2026-03-02 15:20:00,0.44920927,7.6
2026-03-02 15:25:00,0.4494808,7.6
2026-03-02 15:30:00,0.4490929,7.6
2026-03-02 15:35:00,0.44886016,7.6
2026-03-02 15:40:00,0.44901532,7.6
2026-03-02 15:45:00,0.44874379,7.5
2026-03-02 15:50:00,0.44866621,7.5
2026-03-02 15:55:00,0.44897653,7.5
2026-03-02 16:00:00,0.448705,7.5
2026-03-02 16:05:00,0.44874379,7.5
2026-03-02 16:10:00,0.448705,7.5
2026-03-02 16:15:00,0.44932564,7.5
2026-03-02 16:20:00,0.44893774,7.5
2026-03-02 16:25:00,0.44878258,7.5
2026-03-02 16:30:00,0.448705,7.5
2026-03-02 16:35:00,0.44886016,7.5
2026-03-02 16:40:00,0.44862742,7.5
2026-03-02 16:45:00,0.44889895,7.5
2026-03-02 16:50:00,0.44905411,7.5
2026-03-02 16:55:00,0.44920927,7.5
2026-03-02 17:00:00,0.44959717,7.5
2026-03-02 17:05:00,0.44917048,7.44
2026-03-02 17:10:00,0.4490929,7.4
2026-03-02 17:15:00,0.44893774,7.4
2026-03-02 17:20:00,0.44854984,7.4
2026-03-02 17:25:00,0.44901532,7.4
2026-03-02 17:30:00,0.44905411,7.4
2026-03-02 17:35:00,0.44944201,7.4
2026-03-02 17:40:00,0.44889895,7.4
2026-03-02 17:45:00,0.44905411,7.4
2026-03-02 17:50:00,0.44889895,7.4
2026-03-02 17:55:00,0.44936443,7.4
2026-03-02 18:00:00,0.4490929,7.4
2026-03-02 18:05:00,0.44886016,7.4
2026-03-02 18:10:00,0.44920927,7.4
2026-03-02 18:15:00,0.44905411,7.34
2026-03-02 18:20:00,0.44924806,7.3
2026-03-02 18:25:00,0.44913169,7.3
2026-03-02 18:30:00,0.44913169,7.3
2026-03-02 18:35:00,0.44951959,7.3
2026-03-02 18:40:00,0.44955838,7.3
2026-03-02 18:45:00,0.4490929,7.28
2026-03-02 18:50:00,0.44917048,7.2
2026-03-02 18:55:00,0.44936443,7.2
2026-03-02 19:00:00,0.44917048,7.2
2026-03-02 19:05:00,0.44913169,7.2
2026-03-02 19:10:00,0.44940322,7.2
2026-03-02 19:15:00,0.44917048,7.2
2026-03-02 19:20:00,0.44944201,7.2
2026-03-02 19:25:00,0.44932564,7.2
2026-03-02 19:30:00,0.44936443,7.2
2026-03-02 19:35:00,0.44897653,7.2
2026-03-02 19:40:00,0.44905411,7.2
2026-03-02 19:45:00,0.44944201,7.2
2026-03-02 19:50:00,0.44901532,7.2
2026-03-02 19:55:00,0.44913169,7.2
2026-03-02 20:00:00,0.4494808,7.2
2026-03-02 20:05:00,0.44928685,7.2
2026-03-02 20:10:00,0.44924806,7.12
2026-03-02 20:15:00,0.44940322,7.1
2026-03-02 20:20:00,0.4490929,7.1
2026-03-02 20:25:00,0.44897653,7.1
2026-03-02 20:30:00,0.44955838,7.1
2026-03-02 20:35:00,0.44928685,7.1
2026-03-02 20:40:00,0.44951959,7.1
2026-03-02 20:45:00,0.4494808,7.1
2026-03-02 20:50:00,0.44928685,7.1
2026-03-02 20:55:00,0.44901532,7.1
2026-03-02 21:00:00,0.44928685,7.1
2026-03-02 21:05:00,0.44928685,7.1
2026-03-02 21:10:00,0.44924806,7.1
2026-03-02 21:15:00,0.44917048,7.1
2026-03-02 21:20:00,0.44940322,7.1
2026-03-02 21:25:00,0.44944201,7.1
2026-03-02 21:30:00,0.44924806,7.1
2026-03-02 21:35:00,0.44944201,7.1
2026-03-02 21:40:00,0.44951959,7.1
2026-03-02 21:45:00,0.4490929,7.1
2026-03-02 21:50:00,0.44928685,7.1
2026-03-02 21:55:00,0.44932564,7.1
2026-03-02 22:00:00,0.44920927,7.1
2026-03-02 22:05:00,0.44920927,7.1
2026-03-02 22:10:00,0.4490929,7.1
2026-03-02 22:15:00,0.44944201,7.1
2026-03-02 22:20:00,0.44963596,7.1
2026-03-02 22:25:00,0.44963596,7.1
2026-03-02 22:30:00,0.44928685,7.1
2026-03-02 22:35:00,0.4494808,7.1
2026-03-02 22:40:00,0.44932564,7.1
2026-03-02 22:45:00,0.44917048,7.1
2026-03-02 22:50:00,0.44959717,7.1
2026-03-02 22:55:00,0.44940322,7.1
2026-03-02 23:00:00,0.44913169,7.06
2026-03-02 23:05:00,0.44951959,7.0
2026-03-02 23:10:00,0.44936443,7.0
2026-03-02 23:15:00,0.44913169,7.0
2026-03-02 23:20:00,0.44913169,7.0
2026-03-02 23:25:00,0.44940322,7.0
2026-03-02 23:30:00,0.44920927,7.0
2026-03-02 23:35:00,0.44951959,7.0
2026-03-02 23:40:00,0.44971354,7.0
2026-03-02 23:45:00,0.44936443,7.0
2026-03-02 23:50:00,0.44975233,7.0
2026-03-02 23:55:00,0.44932564,7.0
2026-03-03 00:00:00,0.44955838,6.98
2026-03-03 00:05:00,0.44936443,6.9
2026-03-03 00:10:00,0.44920927,6.92
2026-03-03 00:15:00,0.44951959,6.98
2026-03-03 00:20:00,0.44905411,7.0
2026-03-03 00:25:00,0.4490929,7.0
2026-03-03 00:30:00,0.44936443,7.0
2026-03-03 00:35:00,0.44936443,7.06
2026-03-03 00:40:00,0.44944201,7.1
2026-03-03 00:45:00,0.44951959,7.18
2026-03-03 00:50:00,0.44897653,7.24
2026-03-03 00:55:00,0.4490929,7.3
2026-03-03 01:00:00,0.44979112,7.4
2026-03-03 01:05:00,0.448705,7.48
2026-03-03 01:10:00,0.4490929,7.58
2026-03-03 01:15:00,0.44932564,7.68
2026-03-03 01:20:00,0.44878258,7.78
2026-03-03 01:25:00,0.4490929,7.9
2026-03-03 01:30:00,0.44940322,8.02
2026-03-03 01:35:00,0.44917048,8.14
2026-03-03 01:40:00,0.44878258,8.26
2026-03-03 01:45:00,0.44889895,8.4
2026-03-03 01:50:00,0.44827831,8.54
2026-03-03 01:55:00,0.44847226,8.66
2026-03-03 02:00:00,0.44913169,8.8
2026-03-03 02:05:00,0.44893774,8.96
2026-03-03 02:10:00,0.44866621,9.08
2026-03-03 02:15:00,0.44839468,9.24
2026-03-03 02:20:00,0.44816194,9.4
2026-03-03 02:25:00,0.44854984,9.56
2026-03-03 02:30:00,0.44866621,9.7
2026-03-03 02:35:00,0.44827831,9.86
2026-03-03 02:40:00,0.44816194,10.02
2026-03-03 02:45:00,0.4483171,10.16
2026-03-03 02:50:00,0.44816194,10.3
2026-03-03 02:55:00,0.44777404,10.44
2026-03-03 03:00:00,0.44750251,10.56
2026-03-03 03:05:00,0.4479292,10.68
2026-03-03 03:10:00,0.44738614,10.78
2026-03-03 03:15:00,0.44796799,10.86
2026-03-03 03:20:00,0.44773525,10.9
2026-03-03 03:25:00,0.4475413,11.0
2026-03-03 03:30:00,0.4479292,11.04
2026-03-03 03:35:00,0.44804557,11.1
2026-03-03 03:40:00,0.44773525,11.18
2026-03-03 03:45:00,0.44711461,11.24
2026-03-03 03:50:00,0.44773525,11.3
2026-03-03 03:55:00,0.44699824,11.36
2026-03-03 04:00:00,0.4471534,11.42
2026-03-03 04:05:00,0.44750251,11.5
2026-03-03 04:10:00,0.44703703,11.56
2026-03-03 04:15:00,0.44719219,11.62
2026-03-03 04:20:00,0.44726977,11.7
2026-03-03 04:25:00,0.44699824,11.78
2026-03-03 04:30:00,0.44707582,11.86
2026-03-03 04:35:00,0.44703703,11.9
2026-03-03 04:40:00,0.44653276,12.0
2026-03-03 04:45:00,0.44692066,12.02
2026-03-03 04:50:00,0.44695945,12.1
2026-03-03 04:55:00,0.44664913,12.14
2026-03-03 05:00:00,0.44661034,12.2
2026-03-03 05:05:00,0.44684308,12.24
2026-03-03 05:10:00,0.44649397,12.3
2026-03-03 05:15:00,0.44641639,12.3
2026-03-03 05:20:00,0.44657155,12.38
2026-03-03 05:25:00,0.44641639,12.4
2026-03-03 05:30:00,0.4467655,12.4
2026-03-03 05:35:00,0.44664913,12.42
2026-03-03 05:40:00,0.44653276,12.5
2026-03-03 05:45:00,0.44661034,12.5
2026-03-03 05:50:00,0.44695945,12.58
2026-03-03 05:55:00,0.44688187,12.6
2026-03-03 06:00:00,0.44695945,12.62
2026-03-03 06:05:00,0.44653276,12.7
2026-03-03 06:10:00,0.44661034,12.7
2026-03-03 06:15:00,0.44684308,12.78
2026-03-03 06:20:00,0.44626123,12.8
2026-03-03 06:25:00,0.44633881,12.84
2026-03-03 06:30:00,0.4459897,12.9
2026-03-03 06:35:00,0.44595091,12.9
2026-03-03 06:40:00,0.44630002,12.9
2026-03-03 06:45:00,0.44610607,12.94
2026-03-03 06:50:00,0.44618365,13.0
2026-03-03 06:55:00,0.44595091,13.0
2026-03-03 07:00:00,0.44630002,13.0
2026-03-03 07:05:00,0.44571817,13.0
2026-03-03 07:10:00,0.44602849,13.0
2026-03-03 07:15:00,0.4463776,13.0
2026-03-03 07:20:00,0.4459897,13.0
2026-03-03 07:25:00,0.44622244,13.0
2026-03-03 07:30:00,0.44618365,12.98
2026-03-03 07:35:00,0.44645518,12.9
2026-03-03 07:40:00,0.44618365,12.9
2026-03-03 07:45:00,0.44641639,12.9
2026-03-03 07:50:00,0.44602849,12.84
2026-03-03 07:55:00,0.44630002,12.8
2026-03-03 08:00:00,0.44626123,12.8
2026-03-03 08:05:00,0.44630002,12.74
2026-03-03 08:10:00,0.44645518,12.7
2026-03-03 08:15:00,0.44622244,12.7
2026-03-03 08:20:00,0.44649397,12.6
2026-03-03 08:25:00,0.44591212,12.6
2026-03-03 08:30:00,0.4463776,12.54
2026-03-03 08:35:00,0.44641639,12.5
2026-03-03 08:40:00,0.44633881,12.48
2026-03-03 08:45:00,0.44633881,12.4
2026-03-03 08:50:00,0.44583454,12.38
2026-03-03 08:55:00,0.44571817,12.3
2026-03-03 09:00:00,0.44614486,12.26
2026-03-03 09:05:00,0.44602849,12.2
2026-03-03 09:10:00,0.44579575,12.14
2026-03-03 09:15:00,0.44567938,12.1
2026-03-03 09:20:00,0.44610607,12.0
2026-03-03 09:25:00,0.44618365,11.96
2026-03-03 09:30:00,0.44533027,11.9
2026-03-03 09:35:00,0.44498116,11.82
2026-03-03 09:40:00,0.44490358,11.78
2026-03-03 09:45:00,0.44501995,11.7
2026-03-03 09:50:00,0.44486479,11.62
2026-03-03 09:55:00,0.44490358,11.56
2026-03-03 10:00:00,0.44486479,11.5
2026-03-03 10:05:00,0.44490358,11.4
2026-03-03 10:10:00,0.44509753,11.32
2026-03-03 10:15:00,0.44533027,11.26
2026-03-03 10:20:00,0.44567938,11.2
2026-03-03 10:25:00,0.44595091,11.1
2026-03-03 10:30:00,0.4459897,11.02
2026-03-03 10:35:00,0.44575696,10.96
2026-03-03 10:40:00,0.44591212,10.9
2026-03-03 10:45:00,0.44595091,10.8
2026-03-03 10:50:00,0.44591212,10.76
2026-03-03 10:55:00,0.44579575,10.7
2026-03-03 11:00:00,0.44583454,10.62
2026-03-03 11:05:00,0.44602849,10.58
2026-03-03 11:10:00,0.44587333,10.5
2026-03-03 11:15:00,0.44556301,10.46
2026-03-03 11:20:00,0.44626123,10.4
2026-03-03 11:25:00,0.44583454,10.34
2026-03-03 11:30:00,0.44602849,10.3
2026-03-03 11:35:00,0.44595091,10.22
2026-03-03 11:40:00,0.44606728,10.18
2026-03-03 11:45:00,0.44610607,10.1
2026-03-03 11:50:00,0.44626123,10.06
2026-03-03 11:55:00,0.44633881,10.0
2026-03-03 12:00:00,0.44571817,9.94
2026-03-03 12:05:00,0.44606728,9.9
2026-03-03 12:10:00,0.44657155,9.82
2026-03-03 12:15:00,0.44641639,9.8
2026-03-03 12:20:00,0.44649397,9.74
2026-03-03 12:25:00,0.44626123,9.7
2026-03-03 12:30:00,0.44645518,9.68
2026-03-03 12:35:00,0.44587333,9.6
2026-03-03 12:40:00,0.44602849,9.6
2026-03-03 12:45:00,0.44664913,9.54
2026-03-03 12:50:00,0.44587333,9.5
2026-03-03 12:55:00,0.44641639,9.5
2026-03-03 13:00:00,0.44614486,9.42
2026-03-03 13:05:00,0.44591212,9.4
2026-03-03 13:10:00,0.44622244,9.4
2026-03-03 13:15:00,0.44602849,9.32
2026-03-03 13:20:00,0.44622244,9.3
2026-03-03 13:25:00,0.44630002,9.3
2026-03-03 13:30:00,0.4459897,9.26
2026-03-03 13:35:00,0.44564059,9.2
2026-03-03 13:40:00,0.44567938,9.2
2026-03-03 13:45:00,0.44610607,9.18
2026-03-03 13:50:00,0.44587333,9.1
2026-03-03 13:55:00,0.4459897,9.1
2026-03-03 14:00:00,0.44587333,9.1
2026-03-03 14:05:00,0.44571817,9.04
2026-03-03 14:10:00,0.44587333,9.0
2026-03-03 14:15:00,0.44614486,9.0
2026-03-03 14:20:00,0.44595091,8.94
2026-03-03 14:25:00,0.4459897,8.9
2026-03-03 14:30:00,0.44664913,8.9
2026-03-03 14:35:00,0.44587333,8.8
2026-03-03 14:40:00,0.44645518,8.8
2026-03-03 14:45:00,0.44633881,8.76
2026-03-03 14:50:00,0.44653276,8.7
2026-03-03 14:55:00,0.44622244,8.7
2026-03-03 15:00:00,0.44614486,8.6
2026-03-03 15:05:00,0.44633881,8.6
2026-03-03 15:10:00,0.44618365,8.52
2026-03-03 15:15:00,0.44633881,8.5
2026-03-03 15:20:00,0.4463776,8.44
2026-03-03 15:25:00,0.44633881,8.4
2026-03-03 15:30:00,0.44630002,8.38
2026-03-03 15:35:00,0.44622244,8.3
2026-03-03 15:40:00,0.44653276,8.3
2026-03-03 15:45:00,0.44657155,8.22
2026-03-03 15:50:00,0.44622244,8.2
2026-03-03 15:55:00,0.44653276,8.16
2026-03-03 16:00:00,0.44657155,8.1
2026-03-03 16:05:00,0.4467655,8.06
2026-03-03 16:10:00,0.44664913,8.0
2026-03-03 16:15:00,0.44680429,8.0
2026-03-03 16:20:00,0.44661034,7.9
2026-03-03 16:25:00,0.44672671,7.9
2026-03-03 16:30:00,0.4467655,7.82
2026-03-03 16:35:00,0.44664913,7.8
2026-03-03 16:40:00,0.44692066,7.74
2026-03-03 16:45:00,0.44657155,7.7
2026-03-03 16:50:00,0.44699824,7.68
2026-03-03 16:55:00,0.44668792,7.6
2026-03-03 17:00:00,0.4467655,7.6
2026-03-03 17:05:00,0.44668792,7.5
2026-03-03 17:10:00,0.44703703,7.5
2026-03-03 17:15:00,0.44692066,7.46
2026-03-03 17:20:00,0.44692066,7.4
2026-03-03 17:25:00,0.44699824,7.4
2026-03-03 17:30:00,0.44726977,7.3
2026-03-03 17:35:00,0.44668792,7.3
2026-03-03 17:40:00,0.4467655,7.24
2026-03-03 17:45:00,0.4471534,7.2
2026-03-03 17:50:00,0.44711461,7.2
2026-03-03 17:55:00,0.44719219,7.1
2026-03-03 18:00:00,0.4475413,7.1
2026-03-03 18:05:00,0.44781283,7.02
2026-03-03 18:10:00,0.44750251,7.0
2026-03-03 18:15:00,0.44777404,6.96
2026-03-03 18:20:00,0.44789041,6.9
2026-03-03 18:25:00,0.44750251,6.9
2026-03-03 18:30:00,0.44750251,6.8
2026-03-03 18:35:00,0.44730856,6.8
2026-03-03 18:40:00,0.44750251,6.76
2026-03-03 18:45:00,0.44750251,6.7
2026-03-03 18:50:00,0.44765767,6.68
2026-03-03 18:55:00,0.44773525,6.6
2026-03-03 19:00:00,0.44804557,6.6
2026-03-03 19:05:00,0.4475413,6.54
2026-03-03 19:10:00,0.44750251,6.5
2026-03-03 19:15:00,0.44785162,6.5
2026-03-03 19:20:00,0.44746372,6.4
2026-03-03 19:25:00,0.44765767,6.4
2026-03-03 19:30:00,0.44730856,6.36
2026-03-03 19:35:00,0.44750251,6.3
2026-03-03 19:40:00,0.44742493,6.3
2026-03-03 19:45:00,0.4475413,6.2
2026-03-03 19:50:00,0.44746372,6.2
2026-03-03 19:55:00,0.44800678,6.2
2026-03-03 20:00:00,0.44777404,6.1
2026-03-03 20:05:00,0.44800678,6.1
2026-03-03 20:10:00,0.44773525,6.1
2026-03-03 20:15:00,0.44789041,6.0
2026-03-03 20:20:00,0.44769646,6.0
2026-03-03 20:25:00,0.44808436,6.0
2026-03-03 20:30:00,0.44773525,5.94
2026-03-03 20:35:00,0.44816194,5.9
2026-03-03 20:40:00,0.44804557,5.9
2026-03-03 20:45:00,0.44812315,5.82
2026-03-03 20:50:00,0.44781283,5.8
2026-03-03 20:55:00,0.44789041,5.8
2026-03-03 21:00:00,0.44785162,5.7
2026-03-03 21:05:00,0.44765767,5.7
2026-03-03 21:10:00,0.44796799,5.7
2026-03-03 21:15:00,0.44761888,5.64
2026-03-03 21:20:00,0.44781283,5.6
2026-03-03 21:25:00,0.44761888,5.6
2026-03-03 21:30:00,0.44773525,5.58
2026-03-03 21:35:00,0.44761888,5.5
2026-03-03 21:40:00,0.44758009,5.5
2026-03-03 21:45:00,0.44777404,5.5
2026-03-03 21:50:00,0.44761888,5.4
2026-03-03 21:55:00,0.44734735,5.4
2026-03-03 22:00:00,0.44773525,5.4
2026-03-03 22:05:00,0.4479292,5.36
2026-03-03 22:10:00,0.4479292,5.3
2026-03-03 22:15:00,0.44773525,5.3
2026-03-03 22:20:00,0.44781283,5.3
2026-03-03 22:25:00,0.44785162,5.24
2026-03-03 22:30:00,0.44789041,5.2
2026-03-03 22:35:00,0.44777404,5.2
2026-03-03 22:40:00,0.4475413,5.2
2026-03-03 22:45:00,0.44746372,5.2
2026-03-03 22:50:00,0.44781283,5.12
2026-03-03 22:55:00,0.4475413,5.1
2026-03-03 23:00:00,0.44734735,5.1
2026-03-03 23:05:00,0.44800678,5.1
2026-03-03 23:10:00,0.44808436,5.1
2026-03-03 23:15:00,0.44808436,5.06
2026-03-03 23:20:00,0.44808436,5.0
2026-03-03 23:25:00,0.44816194,5.0
2026-03-03 23:30:00,0.44800678,5.0
2026-03-03 23:35:00,0.44769646,5.0
2026-03-03 23:40:00,0.4479292,5.0
2026-03-03 23:45:00,0.44777404,5.0
2026-03-03 23:50:00,0.44804557,5.0
2026-03-03 23:55:00,0.44785162,5.0
2026-03-04 00:00:00,0.44777404,5.0
2026-03-04 00:05:00,0.44800678,5.02
2026-03-04 00:10:00,0.44804557,5.1
2026-03-04 00:15:00,0.4463776,5.1
2026-03-04 00:20:00,0.44614486,5.1
2026-03-04 00:25:00,0.44583454,5.14
2026-03-04 00:30:00,0.4459897,5.2
2026-03-04 00:35:00,0.44622244,5.2
2026-03-04 00:40:00,0.4459897,5.24
2026-03-04 00:45:00,0.44567938,5.3
2026-03-04 00:50:00,0.44591212,5.36
2026-03-04 00:55:00,0.44575696,5.4
2026-03-04 01:00:00,0.44556301,5.5
2026-03-04 01:05:00,0.44525269,5.56
2026-03-04 01:10:00,0.44544664,5.64
2026-03-04 01:15:00,0.44548543,5.72
2026-03-04 01:20:00,0.44548543,5.82
2026-03-04 01:25:00,0.44564059,5.92
2026-03-04 01:30:00,0.44536906,6.02
2026-03-04 01:35:00,0.44467084,6.14
2026-03-04 01:40:00,0.44377867,6.26
2026-03-04 01:45:00,0.44373988,6.38
2026-03-04 01:50:00,0.44346835,6.52
2026-03-04 01:55:00,0.44339077,6.64
2026-03-04 02:00:00,0.4432744,6.78
2026-03-04 02:05:00,0.44319682,6.94
2026-03-04 02:10:00,0.44245981,7.06
2026-03-04 02:15:00,0.44222707,7.24
2026-03-04 02:20:00,0.44242102,7.36
2026-03-04 02:25:00,0.44265376,7.54
2026-03-04 02:30:00,0.44222707,7.68
2026-03-04 02:35:00,0.44222707,7.84
2026-03-04 02:40:00,0.44187796,8.0
2026-03-04 02:45:00,0.44176159,8.16
2026-03-04 02:50:00,0.44149006,8.34
2026-03-04 02:55:00,0.4413349,8.48
2026-03-04 03:00:00,0.44083063,8.64
2026-03-04 03:05:00,0.44071426,8.8
2026-03-04 03:10:00,0.44090821,8.94
2026-03-04 03:15:00,0.44009362,9.1
2026-03-04 03:20:00,0.4401712,9.26
2026-03-04 03:25:00,0.4401712,9.4
2026-03-04 03:30:00,0.44009362,9.56
2026-03-04 03:35:00,0.44024878,9.7
2026-03-04 03:40:00,0.43986088,9.86
2026-03-04 03:45:00,0.4401712,10.02
2026-03-04 03:50:00,0.43951177,10.14
2026-03-04 03:55:00,0.4393954,10.26
2026-03-04 04:00:00,0.43955056,10.44
2026-03-04 04:05:00,0.43958935,10.6
2026-03-04 04:10:00,0.43935661,10.74
2026-03-04 04:15:00,0.43908508,10.88
2026-03-04 04:20:00,0.43858081,11.02
2026-03-04 04:25:00,0.43896871,11.16
2026-03-04 04:30:00,0.43858081,11.28
2026-03-04 04:35:00,0.43811533,11.44
2026-03-04 04:40:00,0.43830928,11.54
2026-03-04 04:45:00,0.43691284,11.66
2026-03-04 04:50:00,0.43702921,11.76
2026-03-04 04:55:00,0.43718437,11.86
2026-03-04 05:00:00,0.43664131,11.96
2026-03-04 05:05:00,0.43656373,12.02
2026-03-04 05:10:00,0.43664131,12.1
2026-03-04 05:15:00,0.43636978,12.16
2026-03-04 05:20:00,0.43578793,12.2
2026-03-04 05:25:00,0.43640857,12.28
2026-03-04 05:30:00,0.43644736,12.3
2026-03-04 05:35:00,0.43598188,12.3
2026-03-04 05:40:00,0.43621462,12.3
2026-03-04 05:45:00,0.43633099,12.3
2026-03-04 05:50:00,0.43598188,12.3
2026-03-04 05:55:00,0.43571035,12.3
2026-03-04 06:00:00,0.43555519,12.3
2026-03-04 06:05:00,0.43571035,12.3
2026-03-04 06:10:00,0.4355164,12.3
2026-03-04 06:15:00,0.43563277,12.3
2026-03-04 06:20:00,0.43567156,12.3
2026-03-04 06:25:00,0.43555519,12.3
2026-03-04 06:30:00,0.43547761,12.3
2026-03-04 06:35:00,0.43524487,12.3
2026-03-04 06:40:00,0.43543882,12.3
2026-03-04 06:45:00,0.43520608,12.3
2026-03-04 06:50:00,0.43524487,12.3
2026-03-04 06:55:00,0.43501213,12.3
2026-03-04 07:00:00,0.43497334,12.24
2026-03-04 07:05:00,0.43493455,12.2
2026-03-04 07:10:00,0.43485697,12.2
2026-03-04 07:15:00,0.43497334,12.1
2026-03-04 07:20:00,0.4347406,12.1
2026-03-04 07:25:00,0.43466302,12.0
2026-03-04 07:30:00,0.43508971,12.0
2026-03-04 07:35:00,0.43497334,11.9
2026-03-04 07:40:00,0.43508971,11.88
2026-03-04 07:45:00,0.43497334,11.8
2026-03-04 07:50:00,0.43516729,11.78
2026-03-04 07:55:00,0.43489576,11.7
2026-03-04 08:00:00,0.43493455,11.66
2026-03-04 08:05:00,0.43493455,11.6
2026-03-04 08:10:00,0.43528366,11.54
2026-03-04 08:15:00,0.43543882,11.5
2026-03-04 08:20:00,0.43520608,11.44
2026-03-04 08:25:00,0.43501213,11.4
2026-03-04 08:30:00,0.43524487,11.32
2026-03-04 08:35:00,0.43485697,11.3
2026-03-04 08:40:00,0.43540003,11.2
2026-03-04 08:45:00,0.43563277,11.2
2026-03-04 08:50:00,0.43567156,11.14
2026-03-04 08:55:00,0.43586551,11.1
2026-03-04 09:00:00,0.43594309,11.02
2026-03-04 09:05:00,0.43602067,11.0
2026-03-04 09:10:00,0.43598188,10.9
2026-03-04 09:15:00,0.43598188,10.88
2026-03-04 09:20:00,0.43578793,10.8
2026-03-04 09:25:00,0.43586551,10.74
2026-03-04 09:30:00,0.43598188,10.7
2026-03-04 09:35:00,0.43605946,10.6
2026-03-04 09:40:00,0.43582672,10.54
2026-03-04 09:45:00,0.4362922,10.5
2026-03-04 09:50:00,0.43613704,10.4
2026-03-04 09:55:00,0.43633099,10.36
2026-03-04 10:00:00,0.4359043,10.3
2026-03-04 10:05:00,0.4359043,10.2
2026-03-04 10:10:00,0.43617583,10.16
2026-03-04 10:15:00,0.43633099,10.1
2026-03-04 10:20:00,0.43660252,10.0
2026-03-04 10:25:00,0.43644736,9.96
2026-03-04 10:30:00,0.43648615,9.9
2026-03-04 10:35:00,0.43660252,9.8
2026-03-04 10:40:00,0.43675768,9.76
2026-03-04 10:45:00,0.43699042,9.7
2026-03-04 10:50:00,0.43695163,9.62
2026-03-04 10:55:00,0.43718437,9.58
2026-03-04 11:00:00,0.43675768,9.5
2026-03-04 11:05:00,0.43718437,9.42
2026-03-04 11:10:00,0.437068,9.4
2026-03-04 11:15:00,0.43699042,9.3
2026-03-04 11:20:00,0.43702921,9.26
2026-03-04 11:25:00,0.43726195,9.2
2026-03-04 11:30:00,0.43730074,9.1
2026-03-04 11:35:00,0.43722316,9.08
2026-03-04 11:40:00,0.43772743,9.0
2026-03-04 11:45:00,0.43764985,8.94
2026-03-04 11:50:00,0.43749469,8.9
2026-03-04 11:55:00,0.43815412,8.8
2026-03-04 12:00:00,0.43776622,8.78
2026-03-04 12:05:00,0.43811533,8.7
2026-03-04 12:10:00,0.43807654,8.66
2026-03-04 12:15:00,0.4382317,8.6
2026-03-04 12:20:00,0.43796017,8.54
2026-03-04 12:25:00,0.43815412,8.5
2026-03-04 12:30:00,0.43838686,8.42
2026-03-04 12:35:00,0.43838686,8.4
2026-03-04 12:40:00,0.43846444,8.3
2026-03-04 12:45:00,0.43850323,8.3
2026-03-04 12:50:00,0.43854202,8.2
2026-03-04 12:55:00,0.43850323,8.2
2026-03-04 13:00:00,0.43850323,8.1
2026-03-04 13:05:00,0.43846444,8.08
2026-03-04 13:10:00,0.43850323,8.0
2026-03-04 13:15:00,0.43838686,7.96
2026-03-04 13:20:00,0.43846444,7.9
2026-03-04 13:25:00,0.43854202,7.88
2026-03-04 13:30:00,0.43850323,7.8
2026-03-04 13:35:00,0.43850323,7.76
2026-03-04 13:40:00,0.43819291,7.7
2026-03-04 13:45:00,0.43799896,7.66
2026-03-04 13:50:00,0.43792138,7.6
2026-03-04 13:55:00,0.43819291,7.56
2026-03-04 14:00:00,0.43799896,7.5
2026-03-04 14:05:00,0.43803775,7.46
2026-03-04 14:10:00,0.43811533,7.4
2026-03-04 14:15:00,0.43819291,7.38
2026-03-04 14:20:00,0.43803775,7.3
2026-03-04 14:25:00,0.43807654,7.3
2026-03-04 14:30:00,0.43772743,7.2
2026-03-04 14:35:00,0.43819291,7.2
2026-03-04 14:40:00,0.43799896,7.12
2026-03-04 14:45:00,0.43827049,7.1
2026-03-04 14:50:00,0.43807654,7.04
2026-03-04 14:55:00,0.43838686,7.0
2026-03-04 15:00:00,0.43838686,6.98
2026-03-04 15:05:00,0.43811533,6.9
2026-03-04 15:10:00,0.43792138,6.9
2026-03-04 15:15:00,0.43830928,6.82
2026-03-04 15:20:00,0.43830928,6.8
2026-03-04 15:25:00,0.43803775,6.78
2026-03-04 15:30:00,0.43838686,6.7
2026-03-04 15:35:00,0.43869718,6.7
2026-03-04 15:40:00,0.43858081,6.6
2026-03-04 15:45:00,0.43834807,6.6
2026-03-04 15:50:00,0.43842565,6.58
2026-03-04 15:55:00,0.43889113,6.5
2026-03-04 16:00:00,0.43850323,6.5
2026-03-04 16:05:00,0.43850323,6.44
2026-03-04 16:10:00,0.43838686,6.4
2026-03-04 16:15:00,0.43885234,6.4
2026-03-04 16:20:00,0.43885234,6.32
2026-03-04 16:25:00,0.43830928,6.3
2026-03-04 16:30:00,0.43881355,6.3
2026-03-04 16:35:00,0.43877476,6.2
2026-03-04 16:40:00,0.43881355,6.2
2026-03-04 16:45:00,0.43873597,6.16
2026-03-04 16:50:00,0.43885234,6.1
2026-03-04 16:55:00,0.43846444,6.1
2026-03-04 17:00:00,0.43873597,6.04
2026-03-04 17:05:00,0.43885234,6.0
2026-03-04 17:10:00,0.43869718,6.0
2026-03-04 17:15:00,0.43854202,5.94
2026-03-04 17:20:00,0.43838686,5.9
2026-03-04 17:25:00,0.43827049,5.9
2026-03-04 17:30:00,0.43830928,5.82
2026-03-04 17:35:00,0.43869718,5.8
2026-03-04 17:40:00,0.43834807,5.8
2026-03-04 17:45:00,0.43819291,5.7
2026-03-04 17:50:00,0.43803775,5.7
2026-03-04 17:55:00,0.43858081,5.7
2026-03-04 18:00:00,0.43865839,5.6
2026-03-04 18:05:00,0.43834807,5.6
2026-03-04 18:10:00,0.43854202,5.6
2026-03-04 18:15:00,0.43838686,5.5
2026-03-04 18:20:00,0.43819291,5.5
2026-03-04 18:25:00,0.43854202,5.5
2026-03-04 18:30:00,0.43854202,5.4
2026-03-04 18:35:00,0.43830928,5.4
2026-03-04 18:40:00,0.43846444,5.4
2026-03-04 18:45:00,0.43842565,5.32
2026-03-04 18:50:00,0.43838686,5.3
2026-03-04 18:55:00,0.43807654,5.3
2026-03-04 19:00:00,0.43858081,5.28
2026-03-04 19:05:00,0.43850323,5.2
2026-03-04 19:10:00,0.43815412,5.2
2026-03-04 19:15:00,0.43850323,5.2
2026-03-04 19:20:00,0.4386196,5.18
2026-03-04 19:25:00,0.43846444,5.1
2026-03-04 19:30:00,0.43830928,5.1
2026-03-04 19:35:00,0.43807654,5.1
2026-03-04 19:40:00,0.43803775,5.0
2026-03-04 19:45:00,0.43834807,5.0
2026-03-04 19:50:00,0.4382317,5.0
2026-03-04 19:55:00,0.43807654,4.96
2026-03-04 20:00:00,0.43830928,4.9
2026-03-04 20:05:00,0.43799896,4.9
2026-03-04 20:10:00,0.43815412,4.9
2026-03-04 20:15:00,0.43815412,4.86
2026-03-04 20:20:00,0.43803775,4.8
2026-03-04 20:25:00,0.43807654,4.8
2026-03-04 20:30:00,0.43792138,4.8
2026-03-04 20:35:00,0.43807654,4.72
2026-03-04 20:40:00,0.43807654,4.7
2026-03-04 20:45:00,0.43799896,4.7
2026-03-04 20:50:00,0.43780501,4.7
2026-03-04 20:55:00,0.43792138,4.64
2026-03-04 21:00:00,0.43776622,4.6
2026-03-04 21:05:00,0.43788259,4.6
2026-03-04 21:10:00,0.43796017,4.6
2026-03-04 21:15:00,0.43776622,4.56
2026-03-04 21:20:00,0.43796017,4.5
2026-03-04 21:25:00,0.43796017,4.5
2026-03-04 21:30:00,0.43796017,4.5
2026-03-04 21:35:00,0.43788259,4.5
2026-03-04 21:40:00,0.4378438,4.42
2026-03-04 21:45:00,0.43792138,4.4
2026-03-04 21:50:00,0.43788259,4.4
2026-03-04 21:55:00,0.43780501,4.4
2026-03-04 22:00:00,0.43788259,4.32
2026-03-04 22:05:00,0.43780501,4.3
2026-03-04 22:10:00,0.43796017,4.3
2026-03-04 22:15:00,0.43796017,4.3
2026-03-04 22:20:00,0.43788259,4.3
2026-03-04 22:25:00,0.43788259,4.24
2026-03-04 22:30:00,0.43788259,4.2
2026-03-04 22:35:00,0.43799896,4.2
2026-03-04 22:40:00,0.43792138,4.2
2026-03-04 22:45:00,0.43799896,4.2
2026-03-04 22:50:00,0.43799896,4.2
2026-03-04 22:55:00,0.43796017,4.2
2026-03-04 23:00:00,0.43792138,4.2
2026-03-04 23:05:00,0.43807654,4.1
2026-03-04 23:10:00,0.43796017,4.1
2026-03-04 23:15:00,0.43788259,4.12
2026-03-04 23:20:00,0.43788259,4.18
2026-03-04 23:25:00,0.43796017,4.2
2026-03-04 23:30:00,0.43780501,4.2
2026-03-04 23:35:00,0.43792138,4.2
2026-03-04 23:40:00,0.43799896,4.2
2026-03-04 23:45:00,0.43792138,4.2
2026-03-04 23:50:00,0.43792138,4.2
2026-03-04 23:55:00,0.4378438,4.28
2026-03-05 00:00:00,0.43788259,4.3
2026-03-05 00:05:00,0.43788259,4.3
2026-03-05 00:10:00,0.43780501,4.32
2026-03-05 00:15:00,0.4378438,4.4
2026-03-05 00:20:00,0.43768864,4.44
2026-03-05 00:25:00,0.43772743,4.5
2026-03-05 00:30:00,0.43761106,4.56
2026-03-05 00:35:00,0.43761106,4.6
2026-03-05 00:40:00,0.43749469,4.7
2026-03-05 00:45:00,0.43753348,4.76
2026-03-05 00:50:00,0.43757227,4.84
2026-03-05 00:55:00,0.43741711,4.92
2026-03-05 01:00:00,0.43733953,5.02
2026-03-05 01:05:00,0.43726195,5.14
2026-03-05 01:10:00,0.43733953,5.22
2026-03-05 01:15:00,0.43718437,5.34
2026-03-05 01:20:00,0.43687405,5.46
2026-03-05 01:25:00,0.43679647,5.58
2026-03-05 01:30:00,0.43664131,5.74
2026-03-05 01:35:00,0.43671889,5.86
2026-03-05 01:40:00,0.43648615,6.04
2026-03-05 01:45:00,0.43664131,6.16
2026-03-05 01:50:00,0.43671889,6.34
2026-03-05 01:55:00,0.43644736,6.5
2026-03-05 02:00:00,0.43571035,6.66
2026-03-05 02:05:00,0.43543882,6.84
2026-03-05 02:10:00,0.43605946,7.0
2026-03-05 02:15:00,0.43605946,7.16
2026-03-05 02:20:00,0.43594309,7.36
2026-03-05 02:25:00,0.43586551,7.54
2026-03-05 02:30:00,0.4355164,7.7
2026-03-05 02:35:00,0.43543882,7.9
2026-03-05 02:40:00,0.43540003,8.06
2026-03-05 02:45:00,0.43543882,8.24
2026-03-05 02:50:00,0.43532245,8.38
2026-03-05 02:55:00,0.43532245,8.54
2026-03-05 03:00:00,0.43489576,8.7
2026-03-05 03:05:00,0.43485697,8.86
2026-03-05 03:10:00,0.4347406,9.04
2026-03-05 03:15:00,0.43462423,9.2
2026-03-05 03:20:00,0.43454665,9.36
2026-03-05 03:25:00,0.43458544,9.52
2026-03-05 03:30:00,0.43427512,9.66
2026-03-05 03:35:00,0.43431391,9.82
2026-03-05 03:40:00,0.43380964,9.94
2026-03-05 03:45:00,0.43419754,10.06
2026-03-05 03:50:00,0.43446907,10.16
2026-03-05 03:55:00,0.43431391,10.26
2026-03-05 04:00:00,0.43400359,10.36
2026-03-05 04:05:00,0.43392601,10.44
2026-03-05 04:10:00,0.43377085,10.5
2026-03-05 04:15:00,0.43346053,10.6
2026-03-05 04:20:00,0.43380964,10.68
2026-03-05 04:25:00,0.43353811,10.74
2026-03-05 04:30:00,0.43342174,10.82
2026-03-05 04:35:00,0.433189,10.9
2026-03-05 04:40:00,0.43365448,10.96
2026-03-05 04:45:00,0.43361569,11.0
2026-03-05 04:50:00,0.43303384,11.1
2026-03-05 04:55:00,0.43342174,11.1
2026-03-05 05:00:00,0.43311142,11.18
2026-03-05 05:05:00,0.43322779,11.2
2026-03-05 05:10:00,0.43322779,11.2
2026-03-05 05:15:00,0.43303384,11.3
2026-03-05 05:20:00,0.43260715,11.3
2026-03-05 05:25:00,0.43260715,11.3
2026-03-05 05:30:00,0.43245199,11.3
2026-03-05 05:35:00,0.43233562,11.3
2026-03-05 05:40:00,0.433189,11.36
2026-03-05 05:45:00,0.43268473,11.4
2026-03-05 05:50:00,0.43299505,11.4
2026-03-05 05:55:00,0.43283989,11.4
2026-03-05 06:00:00,0.43245199,11.4
2026-03-05 06:05:00,0.43249078,11.4
2026-03-05 06:10:00,0.4328011,11.4
2026-03-05 06:15:00,0.43272352,11.4
2026-03-05 06:20:00,0.43221925,11.4
2026-03-05 06:25:00,0.43287868,11.4
2026-03-05 06:30:00,0.43252957,11.4
2026-03-05 06:35:00,0.43268473,11.4
2026-03-05 06:40:00,0.43221925,11.4
2026-03-05 06:45:00,0.4328011,11.4
2026-03-05 06:50:00,0.43272352,11.4
2026-03-05 06:55:00,0.43221925,11.4
2026-03-05 07:00:00,0.43245199,11.4
2026-03-05 07:05:00,0.43210288,11.4
2026-03-05 07:10:00,0.43245199,11.4
2026-03-05 07:15:00,0.43237441,11.4
2026-03-05 07:20:00,0.43214167,11.4
2026-03-05 07:25:00,0.43221925,11.4
2026-03-05 07:30:00,0.4324132,11.4
2026-03-05 07:35:00,0.43221925,11.4
2026-03-05 07:40:00,0.43198651,11.4
2026-03-05 07:45:00,0.43218046,11.4
2026-03-05 07:50:00,0.43210288,11.36
2026-03-05 07:55:00,0.43194772,11.3
2026-03-05 08:00:00,0.43245199,11.3
2026-03-05 08:05:00,0.43210288,11.3
2026-03-05 08:10:00,0.43206409,11.24
2026-03-05 08:15:00,0.43221925,11.2
2026-03-05 08:20:00,0.43245199,11.2
2026-03-05 08:25:00,0.43233562,11.14
2026-03-05 08:30:00,0.43252957,11.1
2026-03-05 08:35:00,0.43233562,11.1
2026-03-05 08:40:00,0.4320253,11.02
2026-03-05 08:45:00,0.43264594,11.0
2026-03-05 08:50:00,0.43225804,10.98
2026-03-05 08:55:00,0.4324132,10.9
2026-03-05 09:00:00,0.43268473,10.9
2026-03-05 09:05:00,0.43225804,10.84
2026-03-05 09:10:00,0.43229683,10.8
2026-03-05 09:15:00,0.43256836,10.8
2026-03-05 09:20:00,0.43260715,10.7
2026-03-05 09:25:00,0.43249078,10.7
2026-03-05 09:30:00,0.43260715,10.66
2026-03-05 09:35:00,0.43268473,10.6
2026-03-05 09:40:00,0.43268473,10.6
2026-03-05 09:45:00,0.43252957,10.5
2026-03-05 09:50:00,0.43229683,10.5
2026-03-05 09:55:00,0.43210288,10.48
2026-03-05 10:00:00,0.4328011,10.4
2026-03-05 10:05:00,0.43233562,10.4
2026-03-05 10:10:00,0.43264594,10.36
2026-03-05 10:15:00,0.43287868,10.3
2026-03-05 10:20:00,0.43303384,10.3
2026-03-05 10:25:00,0.43276231,10.22
2026-03-05 10:30:00,0.43291747,10.2
2026-03-05 10:35:00,0.43268473,10.2
2026-03-05 10:40:00,0.43264594,10.14
2026-03-05 10:45:00,0.4328011,10.1
2026-03-05 10:50:00,0.43311142,10.1
2026-03-05 10:55:00,0.43283989,10.04
2026-03-05 11:00:00,0.43287868,10.0
2026-03-05 11:05:00,0.43299505,10.0
2026-03-05 11:10:00,0.43276231,9.94
2026-03-05 11:15:00,0.43287868,9.9
2026-03-05 11:20:00,0.43315021,9.9
2026-03-05 11:25:00,0.43311142,9.84
2026-03-05 11:30:00,0.43283989,9.8
2026-03-05 11:35:00,0.43276231,9.8
2026-03-05 11:40:00,0.43287868,9.74
2026-03-05 11:45:00,0.43295626,9.7
2026-03-05 11:50:00,0.43276231,9.7
2026-03-05 11:55:00,0.43287868,9.68
2026-03-05 12:00:00,0.43276231,9.6
2026-03-05 12:05:00,0.43330537,9.6
2026-03-05 12:10:00,0.43283989,9.6
2026-03-05 12:15:00,0.43330537,9.56
2026-03-05 12:20:00,0.43287868,9.5
2026-03-05 12:25:00,0.43330537,9.5
2026-03-05 12:30:00,0.43311142,9.5
2026-03-05 12:35:00,0.43330537,9.44
2026-03-05 12:40:00,0.43349932,9.4
2026-03-05 12:45:00,0.43373206,9.4
2026-03-05 12:50:00,0.4335769,9.4
2026-03-05 12:55:00,0.43346053,9.36
2026-03-05 13:00:00,0.43377085,9.3
2026-03-05 13:05:00,0.43377085,9.3
2026-03-05 13:10:00,0.43380964,9.3
2026-03-05 13:15:00,0.43404238,9.28
2026-03-05 13:20:00,0.4339648,9.2
2026-03-05 13:25:00,0.43419754,9.2
2026-03-05 13:30:00,0.43419754,9.2
2026-03-05 13:35:00,0.43431391,9.2
2026-03-05 13:40:00,0.4343527,9.1
2026-03-05 13:45:00,0.43415875,9.1
2026-03-05 13:50:00,0.43458544,9.1
2026-03-05 13:55:00,0.43454665,9.1
2026-03-05 14:00:00,0.43489576,9.06
2026-03-05 14:05:00,0.43470181,9.0
2026-03-05 14:10:00,0.43477939,9.0
2026-03-05 14:15:00,0.43508971,9.0
2026-03-05 14:20:00,0.43516729,8.98
2026-03-05 14:25:00,0.43563277,8.9
2026-03-05 14:30:00,0.43563277,8.9
2026-03-05 14:35:00,0.43598188,8.9
2026-03-05 14:40:00,0.4362922,8.9
2026-03-05 14:45:00,0.43644736,8.8
2026-03-05 14:50:00,0.43695163,8.8
2026-03-05 14:55:00,0.43722316,8.8
2026-03-05 15:00:00,0.43741711,8.8
2026-03-05 15:05:00,0.43776622,8.7
2026-03-05 15:10:00,0.4378438,8.7
2026-03-05 15:15:00,0.43854202,8.7
2026-03-05 15:20:00,0.43920145,8.66
2026-03-05 15:25:00,0.43982209,8.6
2026-03-05 15:30:00,0.4405591,8.6
2026-03-05 15:35:00,0.44152885,8.6
2026-03-05 15:40:00,0.44098579,8.52
2026-03-05 15:45:00,0.43974451,8.5
2026-03-05 15:50:00,0.44117974,8.5
2026-03-05 15:55:00,0.44439931,8.5
2026-03-05 16:00:00,0.44765767,8.46
2026-03-05 16:05:00,0.44785162,8.4
2026-03-05 16:10:00,0.44808436,8.4
2026-03-05 16:15:00,0.44835589,8.36
2026-03-05 16:20:00,0.44812315,8.3
2026-03-05 16:25:00,0.44789041,8.3
2026-03-05 16:30:00,0.44800678,8.28
2026-03-05 16:35:00,0.44816194,8.2
2026-03-05 16:40:00,0.4483171,8.2
2026-03-05 16:45:00,0.44816194,8.2
2026-03-05 16:50:00,0.44804557,8.12
2026-03-05 16:55:00,0.44789041,8.1
2026-03-05 17:00:00,0.44773525,8.1
2026-03-05 17:05:00,0.44804557,8.06
2026-03-05 17:10:00,0.44827831,8.0
2026-03-05 17:15:00,0.44804557,8.0
2026-03-05 17:20:00,0.44847226,8.0
2026-03-05 17:25:00,0.44812315,7.9
2026-03-05 17:30:00,0.4483171,7.9
2026-03-05 17:35:00,0.44796799,7.9
2026-03-05 17:40:00,0.44789041,7.88
2026-03-05 17:45:00,0.4479292,7.8
2026-03-05 17:50:00,0.44804557,7.8
2026-03-05 17:55:00,0.44800678,7.8
2026-03-05 18:00:00,0.44820073,7.8
2026-03-05 18:05:00,0.44796799,7.7
2026-03-05 18:10:00,0.44816194,7.7
2026-03-05 18:15:00,0.4479292,7.7
2026-03-05 18:20:00,0.44769646,7.7
2026-03-05 18:25:00,0.4475413,7.68
2026-03-05 18:30:00,0.44730856,7.6
2026-03-05 18:35:00,0.44746372,7.6
2026-03-05 18:40:00,0.44742493,7.6
2026-03-05 18:45:00,0.44761888,7.6
2026-03-05 18:50:00,0.44711461,7.54
2026-03-05 18:55:00,0.44726977,7.5
2026-03-05 19:00:00,0.44742493,7.5
2026-03-05 19:05:00,0.44730856,7.5
2026-03-05 19:10:00,0.44738614,7.5
2026-03-05 19:15:00,0.4467655,7.5
2026-03-05 19:20:00,0.4467655,7.44
2026-03-05 19:25:00,0.44633881,7.4
2026-03-05 19:30:00,0.4467655,7.4
2026-03-05 19:35:00,0.44692066,7.4
2026-03-05 19:40:00,0.44626123,7.36
2026-03-05 19:45:00,0.4463776,7.3
2026-03-05 19:50:00,0.44614486,7.3
2026-03-05 19:55:00,0.44622244,7.28
2026-03-05 20:00:00,0.4463776,7.2
2026-03-05 20:05:00,0.44587333,7.2
2026-03-05 20:10:00,0.44517511,7.2
2026-03-05 20:15:00,0.44505874,7.1
2026-03-05 20:20:00,0.444826,7.1
2026-03-05 20:25:00,0.44498116,7.08
2026-03-05 20:30:00,0.44498116,7.0
2026-03-05 20:35:00,0.44486479,7.0
2026-03-05 20:40:00,0.44459326,6.96
2026-03-05 20:45:00,0.4440502,6.9
2026-03-05 20:50:00,0.44420536,6.9
2026-03-05 20:55:00,0.44420536,6.82
2026-03-05 21:00:00,0.44370109,6.8
2026-03-05 21:05:00,0.4428865,6.8
2026-03-05 21:10:00,0.44311924,6.7
2026-03-05 21:15:00,0.44315803,6.7
2026-03-05 21:20:00,0.44273134,6.68
2026-03-05 21:25:00,0.44284771,6.6
2026-03-05 21:30:00,0.44300287,6.6
2026-03-05 21:35:00,0.44222707,6.56
2026-03-05 21:40:00,0.44257618,6.5
2026-03-05 21:45:00,0.44242102,6.5
2026-03-05 21:50:00,0.44238223,6.46
2026-03-05 21:55:00,0.44226586,6.4
2026-03-05 22:00:00,0.44230465,6.4
2026-03-05 22:05:00,0.44121853,6.36
2026-03-05 22:10:00,0.44075305,6.3
2026-03-05 22:15:00,0.440947,6.3
2026-03-05 22:20:00,0.44114095,6.3
2026-03-05 22:25:00,0.44102458,6.2
2026-03-05 22:30:00,0.44090821,6.2
2026-03-05 22:35:00,0.44048152,6.2
2026-03-05 22:40:00,0.44052031,6.18
2026-03-05 22:45:00,0.44028757,6.1
2026-03-05 22:50:00,0.43993846,6.1
2026-03-05 22:55:00,0.43989967,6.1
2026-03-05 23:00:00,0.44005483,6.1
2026-03-05 23:05:00,0.43997725,6.1
2026-03-05 23:10:00,0.43997725,6.1
2026-03-05 23:15:00,0.43982209,6.04
2026-03-05 23:20:00,0.43958935,6.0
2026-03-05 23:25:00,0.43970572,6.0
2026-03-05 23:30:00,0.43896871,6.0
2026-03-05 23:35:00,0.43912387,6.0
2026-03-05 23:40:00,0.43908508,6.0
2026-03-05 23:45:00,0.43916266,6.0
2026-03-05 23:50:00,0.43877476,6.04
2026-03-05 23:55:00,0.43904629,6.1
2026-03-06 00:00:00,0.43865839,6.1
2026-03-06 00:05:00,0.43877476,6.1
2026-03-06 00:10:00,0.43904629,6.1
2026-03-06 00:15:00,0.43842565,6.1
2026-03-06 00:20:00,0.43854202,6.2
2026-03-06 00:25:00,0.43830928,6.2
2026-03-06 00:30:00,0.43838686,6.2
2026-03-06 00:35:00,0.43885234,6.3
2026-03-06 00:40:00,0.43885234,6.3
2026-03-06 00:45:00,0.43869718,6.34
2026-03-06 00:50:00,0.43846444,6.4
2026-03-06 00:55:00,0.43877476,6.42
2026-03-06 01:00:00,0.4386196,6.5
2026-03-06 01:05:00,0.43846444,6.52
2026-03-06 01:10:00,0.43842565,6.6
2026-03-06 01:15:00,0.43846444,6.64
2026-03-06 01:20:00,0.43834807,6.7
2026-03-06 01:25:00,0.43842565,6.76
2026-03-06 01:30:00,0.43858081,6.8
2026-03-06 01:35:00,0.43842565,6.9
2026-03-06 01:40:00,0.43819291,6.94
2026-03-06 01:45:00,0.43827049,7.0
2026-03-06 01:50:00,0.43838686,7.1
2026-03-06 01:55:00,0.43834807,7.18
2026-03-06 02:00:00,0.4382317,7.26
2026-03-06 02:05:00,0.43838686,7.34
2026-03-06 02:10:00,0.43830928,7.42
2026-03-06 02:15:00,0.43815412,7.52
2026-03-06 02:20:00,0.43827049,7.62
2026-03-06 02:25:00,0.43799896,7.7
2026-03-06 02:30:00,0.43776622,7.8
2026-03-06 02:35:00,0.43799896,7.9
2026-03-06 02:40:00,0.43815412,7.98
2026-03-06 02:45:00,0.43807654,8.06
2026-03-06 02:50:00,0.43830928,8.12
2026-03-06 02:55:00,0.43807654,8.2
2026-03-06 03:00:00,0.43807654,8.26
2026-03-06 03:05:00,0.43803775,8.3
2026-03-06 03:10:00,0.43819291,8.36
2026-03-06 03:15:00,0.43803775,8.4
2026-03-06 03:20:00,0.43803775,8.4
2026-03-06 03:25:00,0.43807654,8.48
2026-03-06 03:30:00,0.43811533,8.5
2026-03-06 03:35:00,0.43780501,8.5
2026-03-06 03:40:00,0.43827049,8.6
2026-03-06 03:45:00,0.43807654,8.6
2026-03-06 03:50:00,0.43819291,8.64
2026-03-06 03:55:00,0.43815412,8.7
2026-03-06 04:00:00,0.43768864,8.7
2026-03-06 04:05:00,0.43799896,8.74
2026-03-06 04:10:00,0.43788259,8.8
2026-03-06 04:15:00,0.4382317,8.8
2026-03-06 04:20:00,0.43792138,8.88
2026-03-06 04:25:00,0.43807654,8.9
2026-03-06 04:30:00,0.43768864,8.98
2026-03-06 04:35:00,0.43799896,9.0
2026-03-06 04:40:00,0.43776622,9.08
2026-03-06 04:45:00,0.43780501,9.1
2026-03-06 04:50:00,0.43749469,9.2
2026-03-06 04:55:00,0.43780501,9.24
2026-03-06 05:00:00,0.43780501,9.3
2026-03-06 05:05:00,0.43788259,9.36
2026-03-06 05:10:00,0.43764985,9.4
2026-03-06 05:15:00,0.43807654,9.5
2026-03-06 05:20:00,0.43764985,9.58
2026-03-06 05:25:00,0.43780501,9.66
2026-03-06 05:30:00,0.43749469,9.74
2026-03-06 05:35:00,0.43757227,9.8
2026-03-06 05:40:00,0.43761106,9.9
2026-03-06 05:45:00,0.43753348,9.94
2026-03-06 05:50:00,0.43733953,10.0
2026-03-06 05:55:00,0.43710679,10.0
2026-03-06 06:00:00,0.43699042,10.08
2026-03-06 06:05:00,0.43710679,10.1
2026-03-06 06:10:00,0.43695163,10.1
2026-03-06 06:15:00,0.43714558,10.14
2026-03-06 06:20:00,0.43687405,10.2
2026-03-06 06:25:00,0.43695163,10.2
2026-03-06 06:30:00,0.43671889,10.24
2026-03-06 06:35:00,0.43679647,10.3
2026-03-06 06:40:00,0.4366801,10.3
2026-03-06 06:45:00,0.43699042,10.32
2026-03-06 06:50:00,0.43699042,10.4
2026-03-06 06:55:00,0.43644736,10.4
2026-03-06 07:00:00,0.43644736,10.4
2026-03-06 07:05:00,0.43625341,10.4
2026-03-06 07:10:00,0.4366801,10.4
2026-03-06 07:15:00,0.43617583,10.4
2026-03-06 07:20:00,0.43664131,10.4
2026-03-06 07:25:00,0.43664131,10.34
2026-03-06 07:30:00,0.43652494,10.3
2026-03-06 07:35:00,0.43675768,10.3
2026-03-06 07:40:00,0.43660252,10.24
2026-03-06 07:45:00,0.43660252,10.2
2026-03-06 07:50:00,0.43679647,10.2
2026-03-06 07:55:00,0.43675768,10.1
2026-03-06 08:00:00,0.43644736,10.1
2026-03-06 08:05:00,0.43640857,10.04
2026-03-06 08:10:00,0.43636978,10.0
2026-03-06 08:15:00,0.43640857,9.94
2026-03-06 08:20:00,0.43640857,9.9
2026-03-06 08:25:00,0.43656373,9.82
2026-03-06 08:30:00,0.43671889,9.8
2026-03-06 08:35:00,0.43636978,9.7
2026-03-06 08:40:00,0.43640857,9.68
2026-03-06 08:45:00,0.43613704,9.6
2026-03-06 08:50:00,0.4362922,9.56
2026-03-06 08:55:00,0.4362922,9.5
2026-03-06 09:00:00,0.43656373,9.42
2026-03-06 09:05:00,0.43621462,9.4
2026-03-06 09:10:00,0.43613704,9.3
2026-03-06 09:15:00,0.43602067,9.28
2026-03-06 09:20:00,0.43605946,9.2
2026-03-06 09:25:00,0.43594309,9.14
2026-03-06 09:30:00,0.43605946,9.1
2026-03-06 09:35:00,0.43625341,9.02
2026-03-06 09:40:00,0.43617583,9.0
2026-03-06 09:45:00,0.43602067,8.9
2026-03-06 09:50:00,0.4362922,8.86
2026-03-06 09:55:00,0.43625341,8.8
2026-03-06 10:00:00,0.43640857,8.72
2026-03-06 10:05:00,0.43625341,8.7
2026-03-06 10:10:00,0.43613704,8.6
2026-03-06 10:15:00,0.43617583,8.56
2026-03-06 10:20:00,0.43633099,8.5
2026-03-06 10:25:00,0.43636978,8.44
2026-03-06 10:30:00,0.43613704,8.4
2026-03-06 10:35:00,0.43613704,8.32
2026-03-06 10:40:00,0.43648615,8.3
2026-03-06 10:45:00,0.4359043,8.2
2026-03-06 10:50:00,0.43613704,8.18
2026-03-06 10:55:00,0.43605946,8.1
2026-03-06 11:00:00,0.43602067,8.06
2026-03-06 11:05:00,0.43625341,8.0
2026-03-06 11:10:00,0.43621462,7.96
2026-03-06 11:15:00,0.43586551,7.9
2026-03-06 11:20:00,0.43602067,7.9
2026-03-06 11:25:00,0.43574914,7.8
2026-03-06 11:30:00,0.43617583,7.8
2026-03-06 11:35:00,0.43594309,7.7
2026-03-06 11:40:00,0.43563277,7.7
2026-03-06 11:45:00,0.43594309,7.66
2026-03-06 11:50:00,0.43567156,7.6
2026-03-06 11:55:00,0.43582672,7.58
2026-03-06 12:00:00,0.43574914,7.5
2026-03-06 12:05:00,0.43582672,7.5
2026-03-06 12:10:00,0.43532245,7.42
2026-03-06 12:15:00,0.43563277,7.4
2026-03-06 12:20:00,0.43528366,7.4
2026-03-06 12:25:00,0.43574914,7.3
2026-03-06 12:30:00,0.43532245,7.3
2026-03-06 12:35:00,0.43536124,7.28
2026-03-06 12:40:00,0.43574914,7.2
2026-03-06 12:45:00,0.43574914,7.2
2026-03-06 12:50:00,0.43524487,7.18
2026-03-06 12:55:00,0.43574914,7.1
2026-03-06 13:00:00,0.43574914,7.1
2026-03-06 13:05:00,0.43555519,7.08
2026-03-06 13:10:00,0.43578793,7.0
2026-03-06 13:15:00,0.43574914,7.0
2026-03-06 13:20:00,0.43555519,7.0
2026-03-06 13:25:00,0.43524487,6.9
2026-03-06 13:30:00,0.4355164,6.9
2026-03-06 13:35:00,0.43559398,6.9
2026-03-06 13:40:00,0.4355164,6.82
2026-03-06 13:45:00,0.43563277,6.8
2026-03-06 13:50:00,0.43555519,6.8
2026-03-06 13:55:00,0.43571035,6.76
2026-03-06 14:00:00,0.43582672,6.7
2026-03-06 14:05:00,0.43555519,6.7
2026-03-06 14:10:00,0.4355164,6.66
2026-03-06 14:15:00,0.43555519,6.6
2026-03-06 14:20:00,0.43540003,6.6
2026-03-06 14:25:00,0.43543882,6.6
2026-03-06 14:30:00,0.43532245,6.52
2026-03-06 14:35:00,0.43582672,6.5
2026-03-06 14:40:00,0.43543882,6.5
2026-03-06 14:45:00,0.43586551,6.5
2026-03-06 14:50:00,0.43543882,6.4
2026-03-06 14:55:00,0.43571035,6.4
2026-03-06 15:00:00,0.43563277,6.4
2026-03-06 15:05:00,0.43559398,6.4
2026-03-06 15:10:00,0.43555519,6.32
2026-03-06 15:15:00,0.43598188,6.3
2026-03-06 15:20:00,0.43586551,6.3
2026-03-06 15:25:00,0.43567156,6.3
2026-03-06 15:30:00,0.43602067,6.22
2026-03-06 15:35:00,0.4355164,6.2
2026-03-06 15:40:00,0.4359043,6.2
2026-03-06 15:45:00,0.4355164,6.2
2026-03-06 15:50:00,0.4359043,6.14
2026-03-06 15:55:00,0.43605946,6.1
2026-03-06 16:00:00,0.43571035,6.1
2026-03-06 16:05:00,0.43582672,6.1
2026-03-06 16:10:00,0.43567156,6.06
2026-03-06 16:15:00,0.43586551,6.0
2026-03-06 16:20:00,0.43613704,6.0
2026-03-06 16:25:00,0.43598188,6.0
2026-03-06 16:30:00,0.43617583,6.0
2026-03-06 16:35:00,0.4362922,5.92
2026-03-06 16:40:00,0.43563277,5.9
2026-03-06 16:45:00,0.43582672,5.9
2026-03-06 16:50:00,0.43609825,5.9
2026-03-06 16:55:00,0.43605946,5.86
2026-03-06 17:00:00,0.43578793,5.8
2026-03-06 17:05:00,0.43582672,5.8
2026-03-06 17:10:00,0.43563277,5.8
2026-03-06 17:15:00,0.43602067,5.8
2026-03-06 17:20:00,0.43567156,5.7
2026-03-06 17:25:00,0.43605946,5.7
2026-03-06 17:30:00,0.43602067,5.7
2026-03-06 17:35:00,0.43598188,5.7
2026-03-06 17:40:00,0.4359043,5.68
2026-03-06 17:45:00,0.43567156,5.6
2026-03-06 17:50:00,0.43563277,5.6
2026-03-06 17:55:00,0.43594309,5.6
2026-03-06 18:00:00,0.43613704,5.6
2026-03-06 18:05:00,0.43594309,5.56
2026-03-06 18:10:00,0.43582672,5.5
2026-03-06 18:15:00,0.43574914,5.5
2026-03-06 18:20:00,0.43602067,5.5
2026-03-06 18:25:00,0.43586551,5.5
2026-03-06 18:30:00,0.43594309,5.48
2026-03-06 18:35:00,0.43571035,5.4
2026-03-06 18:40:00,0.43586551,5.4
2026-03-06 18:45:00,0.43586551,5.4
2026-03-06 18:50:00,0.43602067,5.4
2026-03-06 18:55:00,0.43543882,5.36
2026-03-06 19:00:00,0.43574914,5.3
2026-03-06 19:05:00,0.43574914,5.3
2026-03-06 19:10:00,0.43605946,5.3
2026-03-06 19:15:00,0.43528366,5.3
2026-03-06 19:20:00,0.43574914,5.22
2026-03-06 19:25:00,0.43605946,5.2
2026-03-06 19:30:00,0.43578793,5.2
2026-03-06 19:35:00,0.43574914,5.2
2026-03-06 19:40:00,0.43559398,5.14
2026-03-06 19:45:00,0.43578793,5.1
2026-03-06 19:50:00,0.4359043,5.1
2026-03-06 19:55:00,0.43563277,5.04
2026-03-06 20:00:00,0.43598188,5.0
2026-03-06 20:05:00,0.43586551,5.0
2026-03-06 20:10:00,0.43574914,4.94
2026-03-06 20:15:00,0.43594309,4.9
2026-03-06 20:20:00,0.43582672,4.9
2026-03-06 20:25:00,0.43582672,4.82
2026-03-06 20:30:00,0.43594309,4.8
2026-03-06 20:35:00,0.43571035,4.78
2026-03-06 20:40:00,0.43598188,4.7
2026-03-06 20:45:00,0.43582672,4.7
2026-03-06 20:50:00,0.4359043,4.68
2026-03-06 20:55:00,0.43567156,4.6
2026-03-06 21:00:00,0.43586551,4.6
2026-03-06 21:05:00,0.43594309,4.58
2026-03-06 21:10:00,0.43582672,4.5
2026-03-06 21:15:00,0.43582672,4.5
2026-03-06 21:20:00,0.43594309,4.5
2026-03-06 21:25:00,0.43598188,4.4
2026-03-06 21:30:00,0.43582672,4.4
2026-03-06 21:35:00,0.43578793,4.4
2026-03-06 21:40:00,0.43586551,4.34
2026-03-06 21:45:00,0.43571035,4.3
2026-03-06 21:50:00,0.43586551,4.3
2026-03-06 21:55:00,0.43574914,4.3
2026-03-06 22:00:00,0.43582672,4.3
2026-03-06 22:05:00,0.43571035,4.2
2026-03-06 22:10:00,0.43574914,4.2
2026-03-06 22:15:00,0.43582672,4.2
2026-03-06 22:20:00,0.4359043,4.2
2026-03-06 22:25:00,0.43571035,4.2
2026-03-06 22:30:00,0.43567156,4.14
2026-03-06 22:35:00,0.43559398,4.1
2026-03-06 22:40:00,0.43574914,4.1
2026-03-06 22:45:00,0.43563277,4.1
2026-03-06 22:50:00,0.43567156,4.1
2026-03-06 22:55:00,0.43563277,4.1
2026-03-06 23:00:00,0.43559398,4.1
2026-03-06 23:05:00,0.43559398,4.1
2026-03-06 23:10:00,0.43567156,4.1
2026-03-06 23:15:00,0.43559398,4.1
2026-03-06 23:20:00,0.43559398,4.1
2026-03-06 23:25:00,0.43555519,4.1
2026-03-06 23:30:00,0.43547761,4.1
2026-03-06 23:35:00,0.4355164,4.18
2026-03-06 23:40:00,0.43547761,4.2
2026-03-06 23:45:00,0.43547761,4.2
2026-03-06 23:50:00,0.43547761,4.2
2026-03-06 23:55:00,0.43528366,4.3
2026-03-07 00:00:00,0.43536124,4.3
2026-03-07 00:05:00,0.43524487,4.34
2026-03-07 00:10:00,0.43516729,4.4
2026-03-07 00:15:00,0.43528366,4.44
2026-03-07 00:20:00,0.43516729,4.5
2026-03-07 00:25:00,0.43516729,4.5
2026-03-07 00:30:00,0.43508971,4.6
2026-03-07 00:35:00,0.43501213,4.6
2026-03-07 00:40:00,0.43508971,4.6
2026-03-07 00:45:00,0.43508971,4.7
2026-03-07 00:50:00,0.43497334,4.7
2026-03-07 00:55:00,0.43493455,4.7
2026-03-07 01:00:00,0.43485697,4.8
2026-03-07 01:05:00,0.43477939,4.8
2026-03-07 01:10:00,0.4347406,4.84
2026-03-07 01:15:00,0.43470181,4.9
2026-03-07 01:20:00,0.43458544,4.94
2026-03-07 01:25:00,0.43458544,5.0
2026-03-07 01:30:00,0.43450786,5.08
2026-03-07 01:35:00,0.43450786,5.16
2026-03-07 01:40:00,0.43439149,5.24
2026-03-07 01:45:00,0.43404238,5.34
2026-03-07 01:50:00,0.43439149,5.42
2026-03-07 01:55:00,0.43392601,5.54
2026-03-07 02:00:00,0.43411996,5.64
2026-03-07 02:05:00,0.43388722,5.76
2026-03-07 02:10:00,0.4339648,5.88
2026-03-07 02:15:00,0.43392601,6.02
2026-03-07 02:20:00,0.43330537,6.14
2026-03-07 02:25:00,0.43334416,6.28
2026-03-07 02:30:00,0.43315021,6.44
2026-03-07 02:35:00,0.43326658,6.56
2026-03-07 02:40:00,0.43291747,6.74
2026-03-07 02:45:00,0.43256836,6.86
2026-03-07 02:50:00,0.43256836,7.02
2026-03-07 02:55:00,0.43276231,7.16
2026-03-07 03:00:00,0.43268473,7.32
2026-03-07 03:05:00,0.43291747,7.46
2026-03-07 03:10:00,0.43249078,7.6
2026-03-07 03:15:00,0.4324132,7.74
2026-03-07 03:20:00,0.43264594,7.88
2026-03-07 03:25:00,0.43221925,8.02
2026-03-07 03:30:00,0.43256836,8.16
2026-03-07 03:35:00,0.43194772,8.3
2026-03-07 03:40:00,0.43237441,8.44
2026-03-07 03:45:00,0.43237441,8.56
2026-03-07 03:50:00,0.43221925,8.7
2026-03-07 03:55:00,0.43179256,8.84
2026-03-07 04:00:00,0.43198651,8.96
2026-03-07 04:05:00,0.43187014,9.08
2026-03-07 04:10:00,0.43159861,9.22
2026-03-07 04:15:00,0.43148224,9.32
2026-03-07 04:20:00,0.43159861,9.44
2026-03-07 04:25:00,0.43155982,9.56
2026-03-07 04:30:00,0.43159861,9.66
2026-03-07 04:35:00,0.43132708,9.78
2026-03-07 04:40:00,0.43152103,9.88
2026-03-07 04:45:00,0.4312495,10.0
2026-03-07 04:50:00,0.4316374,10.1
2026-03-07 04:55:00,0.43117192,10.2
2026-03-07 05:00:00,0.43109434,10.28
2026-03-07 05:05:00,0.43121071,10.34
2026-03-07 05:10:00,0.4312495,10.4
2026-03-07 05:15:00,0.43105555,10.48
2026-03-07 05:20:00,0.43109434,10.5
2026-03-07 05:25:00,0.43101676,10.5
2026-03-07 05:30:00,0.4308616,10.52
2026-03-07 05:35:00,0.43093918,10.52
2026-03-07 05:40:00,0.43082281,10.5
2026-03-07 05:45:00,0.43090039,10.5
2026-03-07 05:50:00,0.43113313,10.5
2026-03-07 05:55:00,0.43062886,10.4
2026-03-07 06:00:00,0.43093918,10.4
2026-03-07 06:05:00,0.43059007,10.4
2026-03-07 06:10:00,0.43078402,10.4
2026-03-07 06:15:00,0.43078402,10.34
2026-03-07 06:20:00,0.43055128,10.3
2026-03-07 06:25:00,0.43059007,10.3
2026-03-07 06:30:00,0.43035733,10.4
2026-03-07 06:35:00,0.4304737,10.4
2026-03-07 06:40:00,0.43090039,10.38
2026-03-07 06:45:00,0.43035733,10.3
2026-03-07 06:50:00,0.4304737,10.3
2026-03-07 06:55:00,0.43035733,10.28
2026-03-07 07:00:00,0.43043491,10.2
2026-03-07 07:05:00,0.43070644,10.16
2026-03-07 07:10:00,0.43055128,10.1
2026-03-07 07:15:00,0.43093918,10.0
2026-03-07 07:20:00,0.43074523,9.94
2026-03-07 07:25:00,0.43066765,9.86
2026-03-07 07:30:00,0.43039612,9.76
2026-03-07 07:35:00,0.43051249,9.66
2026-03-07 07:40:00,0.4304737,9.56
2026-03-07 07:45:00,0.43062886,9.46
2026-03-07 07:50:00,0.43055128,9.36
2026-03-07 07:55:00,0.43039612,9.26
2026-03-07 08:00:00,0.43051249,9.14
2026-03-07 08:05:00,0.43062886,9.04
2026-03-07 08:10:00,0.43066765,8.94
2026-03-07 08:15:00,0.43097797,8.82
2026-03-07 08:20:00,0.43066765,8.72
2026-03-07 08:25:00,0.43101676,8.62
2026-03-07 08:30:00,0.43070644,8.52
2026-03-07 08:35:00,0.43066765,8.42
2026-03-07 08:40:00,0.43109434,8.32
2026-03-07 08:45:00,0.43074523,8.22
2026-03-07 08:50:00,0.43097797,8.12
2026-03-07 08:55:00,0.43121071,8.02
2026-03-07 09:00:00,0.43059007,7.92
2026-03-07 09:05:00,0.43105555,7.84
2026-03-07 09:10:00,0.43082281,7.74
2026-03-07 09:15:00,0.43105555,7.66
2026-03-07 09:20:00,0.43121071,7.56
2026-03-07 09:25:00,0.43082281,7.48
2026-03-07 09:30:00,0.43082281,7.4
2026-03-07 09:35:00,0.43152103,7.32
2026-03-07 09:40:00,0.43078402,7.24
2026-03-07 09:45:00,0.43097797,7.18
2026-03-07 09:50:00,0.43082281,7.1
2026-03-07 09:55:00,0.43097797,7.0
2026-03-07 10:00:00,0.43132708,6.92
2026-03-07 10:05:00,0.43155982,6.86
2026-03-07 10:10:00,0.4312495,6.8
2026-03-07 10:15:00,0.43090039,6.7
2026-03-07 10:20:00,0.43128829,6.62
2026-03-07 10:25:00,0.43136587,6.56
2026-03-07 10:30:00,0.43132708,6.5
2026-03-07 10:35:00,0.43136587,6.4
2026-03-07 10:40:00,0.43128829,6.34
2026-03-07 10:45:00,0.43117192,6.3
2026-03-07 10:50:00,0.43132708,6.2
2026-03-07 10:55:00,0.43144345,6.14
2026-03-07 11:00:00,0.43140466,6.1
2026-03-07 11:05:00,0.43148224,6.0
2026-03-07 11:10:00,0.43152103,5.96
2026-03-07 11:15:00,0.43167619,5.9
2026-03-07 11:20:00,0.43148224,5.84
2026-03-07 11:25:00,0.43183135,5.78
2026-03-07 11:30:00,0.43144345,5.7
2026-03-07 11:35:00,0.43152103,5.66
2026-03-07 11:40:00,0.43144345,5.6
2026-03-07 11:45:00,0.43155982,5.54
2026-03-07 11:50:00,0.43128829,5.5
2026-03-07 11:55:00,0.43128829,5.42
2026-03-07 12:00:00,0.43167619,5.4
2026-03-07 12:05:00,0.43152103,5.32
2026-03-07 12:10:00,0.43179256,5.3
2026-03-07 12:15:00,0.43175377,5.22
2026-03-07 12:20:00,0.4316374,5.2
2026-03-07 12:25:00,0.4316374,5.16
2026-03-07 12:30:00,0.43167619,5.1
2026-03-07 12:35:00,0.43187014,5.04
2026-03-07 12:40:00,0.43167619,5.0
2026-03-07 12:45:00,0.43175377,4.94
2026-03-07 12:50:00,0.43183135,4.9
2026-03-07 12:55:00,0.43183135,4.86
2026-03-07 13:00:00,0.43194772,4.8
2026-03-07 13:05:00,0.43190893,4.78
2026-03-07 13:10:00,0.43194772,4.7
2026-03-07 13:15:00,0.43187014,4.7
2026-03-07 13:20:00,0.43187014,4.62
2026-03-07 13:25:00,0.43183135,4.6
2026-03-07 13:30:00,0.43187014,4.56
2026-03-07 13:35:00,0.43187014,4.5
2026-03-07 13:40:00,0.43190893,4.5
2026-03-07 13:45:00,0.43194772,4.44
2026-03-07 13:50:00,0.43187014,4.4
2026-03-07 13:55:00,0.43183135,4.38
2026-03-07 14:00:00,0.43179256,4.3
2026-03-07 14:05:00,0.43183135,4.3
2026-03-07 14:10:00,0.43187014,4.3
2026-03-07 14:15:00,0.43187014,4.2
2026-03-07 14:20:00,0.43190893,4.2
2026-03-07 14:25:00,0.43190893,4.2
2026-03-07 14:30:00,0.43190893,4.12
2026-03-07 14:35:00,0.43175377,4.1
2026-03-07 14:40:00,0.43187014,4.1
2026-03-07 14:45:00,0.43190893,4.06
2026-03-07 14:50:00,0.43187014,4.0
2026-03-07 14:55:00,0.43183135,4.0
2026-03-07 15:00:00,0.43183135,4.0
2026-03-07 15:05:00,0.43187014,3.96
2026-03-07 15:10:00,0.43171498,3.9
2026-03-07 15:15:00,0.43183135,3.9
2026-03-07 15:20:00,0.43175377,3.9
2026-03-07 15:25:00,0.43171498,3.88
2026-03-07 15:30:00,0.43171498,3.8
2026-03-07 15:35:00,0.43179256,3.8
2026-03-07 15:40:00,0.43175377,3.8
2026-03-07 15:45:00,0.43171498,3.78
2026-03-07 15:50:00,0.43171498,3.7
2026-03-07 15:55:00,0.43167619,3.7
2026-03-07 16:00:00,0.43171498,3.7
2026-03-07 16:05:00,0.43159861,3.7
2026-03-07 16:10:00,0.43159861,3.68
2026-03-07 16:15:00,0.43159861,3.6
2026-03-07 16:20:00,0.43171498,3.6
2026-03-07 16:25:00,0.43155982,3.6
2026-03-07 16:30:00,0.43155982,3.6
2026-03-07 16:35:00,0.43159861,3.58
2026-03-07 16:40:00,0.43148224,3.5
2026-03-07 16:45:00,0.43144345,3.5
2026-03-07 16:50:00,0.43155982,3.5
2026-03-07 16:55:00,0.43136587,3.5
2026-03-07 17:00:00,0.43144345,3.46
2026-03-07 17:05:00,0.43148224,3.4
2026-03-07 17:10:00,0.43132708,3.4
2026-03-07 17:15:00,0.43136587,3.4
2026-03-07 17:20:00,0.43144345,3.4
2026-03-07 17:25:00,0.43136587,3.4
2026-03-07 17:30:00,0.43136587,3.38
2026-03-07 17:35:00,0.43132708,3.3
2026-03-07 17:40:00,0.43136587,3.3
2026-03-07 17:45:00,0.43113313,3.3
2026-03-07 17:50:00,0.43128829,3.3
2026-03-07 17:55:00,0.43121071,3.3
2026-03-07 18:00:00,0.43121071,3.28
2026-03-07 18:05:00,0.43128829,3.2
2026-03-07 18:10:00,0.43121071,3.2
2026-03-07 18:15:00,0.43117192,3.2
2026-03-07 18:20:00,0.43113313,3.2
2026-03-07 18:25:00,0.43109434,3.2
2026-03-07 18:30:00,0.43109434,3.18
2026-03-07 18:35:00,0.43105555,3.1
2026-03-07 18:40:00,0.43101676,3.1
2026-03-07 18:45:00,0.43109434,3.1
2026-03-07 18:50:00,0.43101676,3.1
2026-03-07 18:55:00,0.43101676,3.1
2026-03-07 19:00:00,0.43105555,3.1
2026-03-07 19:05:00,0.43093918,3.1
2026-03-07 19:10:00,0.43093918,3.0
2026-03-07 19:15:00,0.4308616,3.0
2026-03-07 19:20:00,0.4308616,3.0
2026-03-07 19:25:00,0.43097797,3.0
2026-03-07 19:30:00,0.43082281,3.0
2026-03-07 19:35:00,0.43070644,3.0
2026-03-07 19:40:00,0.43078402,2.98
2026-03-07 19:45:00,0.43062886,2.9
2026-03-07 19:50:00,0.43066765,2.9
2026-03-07 19:55:00,0.43062886,2.9
2026-03-07 20:00:00,0.43059007,2.9
2026-03-07 20:05:00,0.43051249,2.9
2026-03-07 20:10:00,0.43055128,2.9
2026-03-07 20:15:00,0.43059007,2.9
2026-03-07 20:20:00,0.43051249,2.9
2026-03-07 20:25:00,0.43039612,2.8
2026-03-07 20:30:00,0.43051249,2.8
2026-03-07 20:35:00,0.4304737,2.8
2026-03-07 20:40:00,0.43027975,2.8
2026-03-07 20:45:00,0.43035733,2.8
2026-03-07 20:50:00,0.43024096,2.8
2026-03-07 20:55:00,0.43020217,2.8
2026-03-07 21:00:00,0.43016338,2.8
2026-03-07 21:05:00,0.43012459,2.8
2026-03-07 21:10:00,0.43012459,2.7
2026-03-07 21:15:00,0.43012459,2.7
2026-03-07 21:20:00,0.43000822,2.7
2026-03-07 21:25:00,0.42993064,2.7
2026-03-07 21:30:00,0.42977548,2.7
2026-03-07 21:35:00,0.42981427,2.7
2026-03-07 21:40:00,0.42977548,2.7
2026-03-07 21:45:00,0.42965911,2.7
2026-03-07 21:50:00,0.42965911,2.6
2026-03-07 21:55:00,0.42977548,2.6
2026-03-07 22:00:00,0.42958153,2.6
2026-03-07 22:05:00,0.42965911,2.6
2026-03-07 22:10:00,0.42954274,2.6
2026-03-07 22:15:00,0.42954274,2.6
2026-03-07 22:20:00,0.42942637,2.6
2026-03-07 22:25:00,0.42950395,2.6
2026-03-07 22:30:00,0.42946516,2.6
2026-03-07 22:35:00,0.42934879,2.6
2026-03-07 22:40:00,0.42927121,2.5
2026-03-07 22:45:00,0.42927121,2.5
2026-03-07 22:50:00,0.42927121,2.5
2026-03-07 22:55:00,0.42915484,2.5
2026-03-07 23:00:00,0.42919363,2.5
2026-03-07 23:05:00,0.42911605,2.5
2026-03-07 23:10:00,0.42907726,2.5
2026-03-07 23:15:00,0.42907726,2.5
2026-03-07 23:20:00,0.42899968,2.5
2026-03-07 23:25:00,0.42899968,2.5
2026-03-07 23:30:00,0.4289221,2.5
2026-03-07 23:35:00,0.4289221,2.5
2026-03-07 23:40:00,0.42896089,2.5
2026-03-07 23:45:00,0.42896089,2.42
2026-03-07 23:50:00,0.42896089,2.4
2026-03-07 23:55:00,0.42884452,2.4
2026-03-08 00:00:00,0.42884452,2.4
2026-03-08 00:05:00,0.42888331,2.4
2026-03-08 00:10:00,0.42888331,2.4
2026-03-08 00:15:00,0.42876694,2.4
2026-03-08 00:20:00,0.42888331,2.4
2026-03-08 00:25:00,0.42872815,2.4
2026-03-08 00:30:00,0.42876694,2.4
2026-03-08 00:35:00,0.42872815,2.4
2026-03-08 00:40:00,0.42872815,2.4
2026-03-08 00:45:00,0.42876694,2.4
2026-03-08 00:50:00,0.42872815,2.4
2026-03-08 00:55:00,0.42888331,2.4
2026-03-08 01:00:00,0.4289221,2.4
2026-03-08 01:05:00,0.42884452,2.4
2026-03-08 01:10:00,0.42896089,2.4
2026-03-08 01:15:00,0.4289221,2.4
2026-03-08 01:20:00,0.4289221,2.4
2026-03-08 01:25:00,0.42884452,2.4
2026-03-08 01:30:00,0.4289221,2.4
2026-03-08 01:35:00,0.42896089,2.4
2026-03-08 01:40:00,0.4289221,2.4
2026-03-08 01:45:00,0.42884452,2.4
2026-03-08 01:50:00,0.42880573,2.42
2026-03-08 01:55:00,0.42884452,2.5
2026-03-08 02:00:00,0.42880573,2.5
2026-03-08 02:05:00,0.42884452,2.58
2026-03-08 02:10:00,0.42884452,2.64
2026-03-08 02:15:00,0.42868936,2.74
2026-03-08 02:20:00,0.4289221,2.86
2026-03-08 02:25:00,0.42896089,3.0
2026-03-08 02:30:00,0.42903847,3.14
2026-03-08 02:35:00,0.42915484,3.34
2026-03-08 02:40:00,0.42915484,3.52
2026-03-08 02:45:00,0.42911605,3.7
2026-03-08 02:50:00,0.42907726,3.9
2026-03-08 02:55:00,0.42899968,4.1
2026-03-08 03:00:00,0.42899968,4.3
2026-03-08 03:05:00,0.42888331,4.52
2026-03-08 03:10:00,0.42880573,4.72
2026-03-08 03:15:00,0.42880573,4.94
2026-03-08 03:20:00,0.42865057,5.14
2026-03-08 03:25:00,0.42868936,5.32
2026-03-08 03:30:00,0.42841783,5.52
2026-03-08 03:35:00,0.42822388,5.72
2026-03-08 03:40:00,0.42822388,5.92
2026-03-08 03:45:00,0.42826267,6.1
2026-03-08 03:50:00,0.42818509,6.28
2026-03-08 03:55:00,0.42806872,6.46
2026-03-08 04:00:00,0.42768082,6.64
2026-03-08 04:05:00,0.42764203,6.82
2026-03-08 04:10:00,0.42702139,7.0
2026-03-08 04:15:00,0.42729292,7.2
2026-03-08 04:20:00,0.42686623,7.38
2026-03-08 04:25:00,0.42725413,7.56
2026-03-08 04:30:00,0.42721534,7.76
2026-03-08 04:35:00,0.42717655,7.94
2026-03-08 04:40:00,0.42671107,8.14
2026-03-08 04:45:00,0.42706018,8.34
2026-03-08 04:50:00,0.42682744,8.5
2026-03-08 04:55:00,0.42686623,8.66
2026-03-08 05:00:00,0.42655591,8.84
2026-03-08 05:05:00,0.42647833,9.0
2026-03-08 05:10:00,0.42597406,9.14
2026-03-08 05:15:00,0.42612922,9.28
2026-03-08 05:20:00,0.4265947,9.38
2026-03-08 05:25:00,0.42616801,9.48
2026-03-08 05:30:00,0.42663349,9.56
2026-03-08 05:35:00,0.42628438,9.6
2026-03-08 05:40:00,0.4262068,9.66
2026-03-08 05:45:00,0.42624559,9.7
2026-03-08 05:50:00,0.42628438,9.7
2026-03-08 05:55:00,0.42605164,9.7
2026-03-08 06:00:00,0.42628438,9.8
2026-03-08 06:05:00,0.4258189,9.8
2026-03-08 06:10:00,0.42585769,9.8
2026-03-08 06:15:00,0.42597406,9.8
2026-03-08 06:20:00,0.42616801,9.88
2026-03-08 06:25:00,0.42585769,9.9
2026-03-08 06:30:00,0.42585769,9.9
2026-03-08 06:35:00,0.42612922,10.0
2026-03-08 06:40:00,0.42593527,10.0
2026-03-08 06:45:00,0.42601285,10.0
2026-03-08 06:50:00,0.42609043,10.0
2026-03-08 06:55:00,0.4258189,10.0
2026-03-08 07:00:00,0.42605164,9.92
2026-03-08 07:05:00,0.42628438,9.9
2026-03-08 07:10:00,0.42585769,9.9
2026-03-08 07:15:00,0.4258189,9.82
2026-03-08 07:20:00,0.42624559,9.8
2026-03-08 07:25:00,0.42609043,9.76
2026-03-08 07:30:00,0.4258189,9.7
2026-03-08 07:35:00,0.42578011,9.66
2026-03-08 07:40:00,0.4258189,9.6
2026-03-08 07:45:00,0.42616801,9.54
2026-03-08 07:50:00,0.42597406,9.5
2026-03-08 07:55:00,0.42585769,9.42
2026-03-08 08:00:00,0.42628438,9.4
2026-03-08 08:05:00,0.42601285,9.32
2026-03-08 08:10:00,0.42578011,9.3
2026-03-08 08:15:00,0.42593527,9.24
2026-03-08 08:20:00,0.42585769,9.2
2026-03-08 08:25:00,0.42624559,9.12
2026-03-08 08:30:00,0.42601285,9.1
2026-03-08 08:35:00,0.42593527,9.0
2026-03-08 08:40:00,0.42632317,8.96
2026-03-08 08:45:00,0.42605164,8.9
2026-03-08 08:50:00,0.42601285,8.82
2026-03-08 08:55:00,0.42628438,8.76
2026-03-08 09:00:00,0.42647833,8.7
2026-03-08 09:05:00,0.42643954,8.62
2026-03-08 09:10:00,0.42597406,8.56
2026-03-08 09:15:00,0.42647833,8.5
2026-03-08 09:20:00,0.4262068,8.42
2026-03-08 09:25:00,0.42632317,8.36
2026-03-08 09:30:00,0.42628438,8.3
2026-03-08 09:35:00,0.42612922,8.22
2026-03-08 09:40:00,0.42671107,8.16
2026-03-08 09:45:00,0.42636196,8.08
2026-03-08 09:50:00,0.42616801,8.0
2026-03-08 09:55:00,0.42643954,7.92
2026-03-08 10:00:00,0.42632317,7.84
2026-03-08 10:05:00,0.42663349,7.78
2026-03-08 10:10:00,0.42616801,7.7
2026-03-08 10:15:00,0.42667228,7.6
2026-03-08 10:20:00,0.42663349,7.52
2026-03-08 10:25:00,0.4262068,7.44
2026-03-08 10:30:00,0.42647833,7.38
2026-03-08 10:35:00,0.42640075,7.3
2026-03-08 10:40:00,0.42651712,7.22
2026-03-08 10:45:00,0.42667228,7.14
2026-03-08 10:50:00,0.42671107,7.06
2026-03-08 10:55:00,0.42655591,7.0
2026-03-08 11:00:00,0.42667228,6.9
2026-03-08 11:05:00,0.42667228,6.84
2026-03-08 11:10:00,0.42636196,6.78
2026-03-08 11:15:00,0.42686623,6.7
2026-03-08 11:20:00,0.42690502,6.6
2026-03-08 11:25:00,0.42655591,6.54
2026-03-08 11:30:00,0.42713776,6.5
2026-03-08 11:35:00,0.42678865,6.4
2026-03-08 11:40:00,0.42651712,6.34
2026-03-08 11:45:00,0.42721534,6.3
2026-03-08 11:50:00,0.42729292,6.2
2026-03-08 11:55:00,0.42740929,6.14
2026-03-08 12:00:00,0.42725413,6.08
2026-03-08 12:05:00,0.42713776,6.0
2026-03-08 12:10:00,0.42740929,5.96
2026-03-08 12:15:00,0.42752566,5.9
2026-03-08 12:20:00,0.42748687,5.82
2026-03-08 12:25:00,0.42717655,5.76
2026-03-08 12:30:00,0.42744808,5.7
2026-03-08 12:35:00,0.42744808,5.64
2026-03-08 12:40:00,0.42721534,5.6
2026-03-08 12:45:00,0.42744808,5.52
2026-03-08 12:50:00,0.42733171,5.48
2026-03-08 12:55:00,0.42744808,5.4
2026-03-08 13:00:00,0.42768082,5.38
2026-03-08 13:05:00,0.42756445,5.3
2026-03-08 13:10:00,0.42740929,5.26
2026-03-08 13:15:00,0.42752566,5.2
2026-03-08 13:20:00,0.42752566,5.18
2026-03-08 13:25:00,0.42748687,5.1
2026-03-08 13:30:00,0.4277584,5.06
2026-03-08 13:35:00,0.42756445,5.0
2026-03-08 13:40:00,0.42760324,4.96
2026-03-08 13:45:00,0.42779719,4.9
2026-03-08 13:50:00,0.42764203,4.88
2026-03-08 13:55:00,0.42787477,4.8
2026-03-08 14:00:00,0.42795235,4.78
2026-03-08 14:05:00,0.42799114,4.7
2026-03-08 14:10:00,0.42783598,4.7
2026-03-08 14:15:00,0.42799114,4.6
2026-03-08 14:20:00,0.42802993,4.6
2026-03-08 14:25:00,0.42802993,4.56
2026-03-08 14:30:00,0.42791356,4.5
2026-03-08 14:35:00,0.42799114,4.5
2026-03-08 14:40:00,0.42795235,4.42
2026-03-08 14:45:00,0.4281463,4.4
2026-03-08 14:50:00,0.4281463,4.34
2026-03-08 14:55:00,0.4281463,4.3
2026-03-08 15:00:00,0.42802993,4.3
2026-03-08 15:05:00,0.4281463,4.22
2026-03-08 15:10:00,0.4281463,4.2
2026-03-08 15:15:00,0.4281463,4.2
2026-03-08 15:20:00,0.42806872,4.14
2026-03-08 15:25:00,0.42818509,4.1
2026-03-08 15:30:00,0.42810751,4.1
2026-03-08 15:35:00,0.4281463,4.04
2026-03-08 15:40:00,0.42810751,4.0
2026-03-08 15:45:00,0.4281463,4.0
2026-03-08 15:50:00,0.42818509,4.0
2026-03-08 15:55:00,0.42810751,3.9
2026-03-08 16:00:00,0.42830146,3.9
2026-03-08 16:05:00,0.42806872,3.9
2026-03-08 16:10:00,0.42818509,3.9
2026-03-08 16:15:00,0.42822388,3.8
2026-03-08 16:20:00,0.4281463,3.8
2026-03-08 16:25:00,0.42834025,3.8
2026-03-08 16:30:00,0.42826267,3.78
2026-03-08 16:35:00,0.42826267,3.7
2026-03-08 16:40:00,0.42830146,3.7
2026-03-08 16:45:00,0.42818509,3.7
2026-03-08 16:50:00,0.4281463,3.7
2026-03-08 16:55:00,0.42830146,3.66
2026-03-08 17:00:00,0.42830146,3.6
2026-03-08 17:05:00,0.42818509,3.6
2026-03-08 17:10:00,0.42837904,3.6
2026-03-08 17:15:00,0.42830146,3.6
2026-03-08 17:20:00,0.42830146,3.56
2026-03-08 17:25:00,0.42822388,3.5
2026-03-08 17:30:00,0.42830146,3.5
2026-03-08 17:35:00,0.42822388,3.5
2026-03-08 17:40:00,0.42822388,3.5
2026-03-08 17:45:00,0.42822388,3.44
2026-03-08 17:50:00,0.42822388,3.4
2026-03-08 17:55:00,0.42826267,3.4
2026-03-08 18:00:00,0.42822388,3.4
2026-03-08 18:05:00,0.42826267,3.4
2026-03-08 18:10:00,0.42830146,3.4
2026-03-08 18:15:00,0.42834025,3.38
2026-03-08 18:20:00,0.42834025,3.3
2026-03-08 18:25:00,0.42822388,3.3
2026-03-08 18:30:00,0.42826267,3.3
2026-03-08 18:35:00,0.42826267,3.3
2026-03-08 18:40:00,0.42826267,3.3
2026-03-08 18:45:00,0.42826267,3.3
2026-03-08 18:50:00,0.42822388,3.22
2026-03-08 18:55:00,0.42822388,3.2
2026-03-08 19:00:00,0.42822388,3.2
2026-03-08 19:05:00,0.42826267,3.2
2026-03-08 19:10:00,0.42822388,3.2
2026-03-08 19:15:00,0.42830146,3.2
2026-03-08 19:20:00,0.42826267,3.16
2026-03-08 19:25:00,0.4281463,3.1
2026-03-08 19:30:00,0.42810751,3.1
2026-03-08 19:35:00,0.42806872,3.1
2026-03-08 19:40:00,0.42822388,3.1
2026-03-08 19:45:00,0.42818509,3.1
2026-03-08 19:50:00,0.42810751,3.1
2026-03-08 19:55:00,0.42818509,3.1
2026-03-08 20:00:00,0.4281463,3.04
2026-03-08 20:05:00,0.42822388,3.0
2026-03-08 20:10:00,0.4281463,3.0
2026-03-08 20:15:00,0.4281463,3.0
2026-03-08 20:20:00,0.42818509,3.0
2026-03-08 20:25:00,0.42806872,3.0
2026-03-08 20:30:00,0.42810751,3.0
2026-03-08 20:35:00,0.42822388,3.0
2026-03-08 20:40:00,0.42806872,2.9
2026-03-08 20:45:00,0.42802993,2.9
2026-03-08 20:50:00,0.42810751,2.9
2026-03-08 20:55:00,0.42806872,2.9
2026-03-08 21:00:00,0.42810751,2.9
2026-03-08 21:05:00,0.4281463,2.9
2026-03-08 21:10:00,0.42802993,2.9
2026-03-08 21:15:00,0.42802993,2.9
2026-03-08 21:20:00,0.42802993,2.9
2026-03-08 21:25:00,0.42799114,2.82
2026-03-08 21:30:00,0.42799114,2.8
2026-03-08 21:35:00,0.42791356,2.8
2026-03-08 21:40:00,0.42799114,2.8
2026-03-08 21:45:00,0.42802993,2.8
2026-03-08 21:50:00,0.42791356,2.8
2026-03-08 21:55:00,0.42802993,2.8
2026-03-08 22:00:00,0.42806872,2.8
2026-03-08 22:05:00,0.42795235,2.8
2026-03-08 22:10:00,0.42787477,2.8
2026-03-08 22:15:00,0.42791356,2.8
2026-03-08 22:20:00,0.42791356,2.76
2026-03-08 22:25:00,0.42799114,2.7
2026-03-08 22:30:00,0.42787477,2.7
2026-03-08 22:35:00,0.42795235,2.7
2026-03-08 22:40:00,0.42799114,2.7
2026-03-08 22:45:00,0.42791356,2.7
2026-03-08 22:50:00,0.42799114,2.7
2026-03-08 22:55:00,0.42799114,2.7
2026-03-08 23:00:00,0.42791356,2.7
2026-03-08 23:05:00,0.42791356,2.7
2026-03-08 23:10:00,0.42795235,2.7
2026-03-08 23:15:00,0.42791356,2.7
2026-03-08 23:20:00,0.42787477,2.7
2026-03-08 23:25:00,0.42791356,2.7
2026-03-08 23:30:00,0.42795235,2.7
2026-03-08 23:35:00,0.42795235,2.7
2026-03-08 23:40:00,0.42787477,2.7
2026-03-08 23:45:00,0.42787477,2.68
2026-03-08 23:50:00,0.42795235,2.6
2026-03-08 23:55:00,0.42787477,2.6
2026-03-09 00:00:00,0.42802993,2.6
2026-03-09 00:05:00,0.42795235,2.6
2026-03-09 00:10:00,0.4277584,2.6
2026-03-09 00:15:00,0.42799114,2.6
2026-03-09 00:20:00,0.42795235,2.6
2026-03-09 00:25:00,0.42791356,2.6
2026-03-09 00:30:00,0.42799114,2.6
2026-03-09 00:35:00,0.42795235,2.6
2026-03-09 00:40:00,0.42791356,2.6
2026-03-09 00:45:00,0.42791356,2.6
2026-03-09 00:50:00,0.42791356,2.6
2026-03-09 00:55:00,0.42787477,2.6
2026-03-09 01:00:00,0.42799114,2.6
2026-03-09 01:05:00,0.42802993,2.6
2026-03-09 01:10:00,0.42791356,2.6
2026-03-09 01:15:00,0.42802993,2.6
2026-03-09 01:20:00,0.42806872,2.6
2026-03-09 01:25:00,0.42802993,2.64
2026-03-09 01:30:00,0.42799114,2.7
2026-03-09 01:35:00,0.4281463,2.7
2026-03-09 01:40:00,0.42802993,2.7
2026-03-09 01:45:00,0.42799114,2.76
2026-03-09 01:50:00,0.42802993,2.8
2026-03-09 01:55:00,0.42799114,2.84
2026-03-09 02:00:00,0.42802993,2.9
2026-03-09 02:05:00,0.42783598,2.92
2026-03-09 02:10:00,0.42791356,3.0
2026-03-09 02:15:00,0.42791356,3.04
2026-03-09 02:20:00,0.42783598,3.1
2026-03-09 02:25:00,0.42771961,3.18
2026-03-09 02:30:00,0.42764203,3.24
2026-03-09 02:35:00,0.42768082,3.3
2026-03-09 02:40:00,0.42764203,3.4
2026-03-09 02:45:00,0.42756445,3.48
2026-03-09 02:50:00,0.42764203,3.56
2026-03-09 02:55:00,0.42752566,3.64
2026-03-09 03:00:00,0.42744808,3.74
2026-03-09 03:05:00,0.42733171,3.84
2026-03-09 03:10:00,0.4273705,3.96
2026-03-09 03:15:00,0.42725413,4.1
2026-03-09 03:20:00,0.42717655,4.24
2026-03-09 03:25:00,0.42717655,4.4
2026-03-09 03:30:00,0.42702139,4.56
2026-03-09 03:35:00,0.4269826,4.68
2026-03-09 03:40:00,0.4269826,4.82
2026-03-09 03:45:00,0.42694381,4.94
2026-03-09 03:50:00,0.42674986,5.06
2026-03-09 03:55:00,0.42667228,5.18
2026-03-09 04:00:00,0.42655591,5.28
2026-03-09 04:05:00,0.42643954,5.42
2026-03-09 04:10:00,0.42636196,5.56
2026-03-09 04:15:00,0.42643954,5.68
2026-03-09 04:20:00,0.4262068,5.82
2026-03-09 04:25:00,0.42609043,5.94
2026-03-09 04:30:00,0.42651712,6.04
2026-03-09 04:35:00,0.4258189,6.18
2026-03-09 04:40:00,0.42593527,6.32
2026-03-09 04:45:00,0.42597406,6.44
2026-03-09 04:50:00,0.42562495,6.56
2026-03-09 04:55:00,0.42612922,6.66
2026-03-09 05:00:00,0.42578011,6.78
2026-03-09 05:05:00,0.42589648,6.86
2026-03-09 05:10:00,0.42585769,6.94
2026-03-09 05:15:00,0.42574132,7.0
2026-03-09 05:20:00,0.4258189,7.1
2026-03-09 05:25:00,0.42535342,7.14
2026-03-09 05:30:00,0.425431,7.2
2026-03-09 05:35:00,0.42558616,7.26
2026-03-09 05:40:00,0.42535342,7.3
2026-03-09 05:45:00,0.42539221,7.34
2026-03-09 05:50:00,0.42574132,7.4
2026-03-09 05:55:00,0.42531463,7.4
2026-03-09 06:00:00,0.42558616,7.4
2026-03-09 06:05:00,0.42527584,7.5
2026-03-09 06:10:00,0.42550858,7.5
2026-03-09 06:15:00,0.42546979,7.5
2026-03-09 06:20:00,0.42481036,7.5
2026-03-09 06:25:00,0.42546979,7.6
2026-03-09 06:30:00,0.42535342,7.6
2026-03-09 06:35:00,0.42554737,7.6
2026-03-09 06:40:00,0.42523705,7.6
2026-03-09 06:45:00,0.42550858,7.6
2026-03-09 06:50:00,0.42515947,7.6
2026-03-09 06:55:00,0.42554737,7.66
2026-03-09 07:00:00,0.42554737,7.7
2026-03-09 07:05:00,0.42574132,7.7
2026-03-09 07:10:00,0.42550858,7.66
2026-03-09 07:15:00,0.42566374,7.6
2026-03-09 07:20:00,0.42535342,7.6
2026-03-09 07:25:00,0.42512068,7.6
2026-03-09 07:30:00,0.42512068,7.52
2026-03-09 07:35:00,0.42558616,7.5
2026-03-09 07:40:00,0.42546979,7.5
2026-03-09 07:45:00,0.425431,7.4
2026-03-09 07:50:00,0.42519826,7.4
2026-03-09 07:55:00,0.42535342,7.32
2026-03-09 08:00:00,0.42512068,7.3
2026-03-09 08:05:00,0.42554737,7.2
2026-03-09 08:10:00,0.42550858,7.16
2026-03-09 08:15:00,0.42535342,7.1
2026-03-09 08:20:00,0.42574132,7.02
2026-03-09 08:25:00,0.42562495,6.98
2026-03-09 08:30:00,0.42535342,6.9
2026-03-09 08:35:00,0.42539221,6.84
2026-03-09 08:40:00,0.42515947,6.8
2026-03-09 08:45:00,0.42531463,6.72
2026-03-09 08:50:00,0.42566374,6.66
2026-03-09 08:55:00,0.42558616,6.6
2026-03-09 09:00:00,0.42535342,6.52
2026-03-09 09:05:00,0.42570253,6.48
2026-03-09 09:10:00,0.42597406,6.4
2026-03-09 09:15:00,0.42578011,6.36
2026-03-09 09:20:00,0.42578011,6.3
2026-03-09 09:25:00,0.42601285,6.22
2026-03-09 09:30:00,0.4262068,6.18
2026-03-09 09:35:00,0.42589648,6.1
2026-03-09 09:40:00,0.42609043,6.04
2026-03-09 09:45:00,0.42609043,6.0
2026-03-09 09:50:00,0.42636196,5.92
2026-03-09 09:55:00,0.4262068,5.9
2026-03-09 10:00:00,0.42628438,5.8
2026-03-09 10:05:00,0.42628438,5.76
2026-03-09 10:10:00,0.4262068,5.7
2026-03-09 10:15:00,0.42601285,5.64
2026-03-09 10:20:00,0.42593527,5.6
2026-03-09 10:25:00,0.42628438,5.52
2026-03-09 10:30:00,0.42636196,5.48
2026-03-09 10:35:00,0.42624559,5.4
2026-03-09 10:40:00,0.42655591,5.36
2026-03-09 10:45:00,0.42628438,5.3
2026-03-09 10:50:00,0.42609043,5.26
2026-03-09 10:55:00,0.42663349,5.2
2026-03-09 11:00:00,0.42636196,5.18
2026-03-09 11:05:00,0.42663349,5.1
2026-03-09 11:10:00,0.42663349,5.06
2026-03-09 11:15:00,0.42663349,5.0
2026-03-09 11:20:00,0.42663349,4.96
2026-03-09 11:25:00,0.42663349,4.9
2026-03-09 11:30:00,0.42643954,4.88
2026-03-09 11:35:00,0.42667228,4.8
2026-03-09 11:40:00,0.42671107,4.76
2026-03-09 11:45:00,0.42671107,4.7
2026-03-09 11:50:00,0.42671107,4.68
2026-03-09 11:55:00,0.42686623,4.6
2026-03-09 12:00:00,0.42682744,4.6
2026-03-09 12:05:00,0.42682744,4.52
2026-03-09 12:10:00,0.42682744,4.5
2026-03-09 12:15:00,0.42674986,4.44
2026-03-09 12:20:00,0.42674986,4.4
2026-03-09 12:25:00,0.42682744,4.36
2026-03-09 12:30:00,0.42690502,4.3
2026-03-09 12:35:00,0.4269826,4.3
2026-03-09 12:40:00,0.42690502,4.2
2026-03-09 12:45:00,0.42690502,4.2
2026-03-09 12:50:00,0.4269826,4.18
2026-03-09 12:55:00,0.42702139,4.1
2026-03-09 13:00:00,0.42690502,4.1
2026-03-09 13:05:00,0.42686623,4.02
2026-03-09 13:10:00,0.42694381,4.0
2026-03-09 13:15:00,0.4269826,4.0
2026-03-09 13:20:00,0.42702139,3.92
2026-03-09 13:25:00,0.4269826,3.9
2026-03-09 13:30:00,0.4269826,3.9
2026-03-09 13:35:00,0.42713776,3.82
2026-03-09 13:40:00,0.42702139,3.8
2026-03-09 13:45:00,0.42702139,3.8
2026-03-09 13:50:00,0.42709897,3.72
2026-03-09 13:55:00,0.42694381,3.7
2026-03-09 14:00:00,0.42706018,3.7
2026-03-09 14:05:00,0.42713776,3.68
2026-03-09 14:10:00,0.42721534,3.6
2026-03-09 14:15:00,0.42729292,3.6
2026-03-09 14:20:00,0.42713776,3.6
2026-03-09 14:25:00,0.4269826,3.56
2026-03-09 14:30:00,0.42713776,3.5
2026-03-09 14:35:00,0.42713776,3.5
2026-03-09 14:40:00,0.42717655,3.5
2026-03-09 14:45:00,0.42709897,3.42
2026-03-09 14:50:00,0.42709897,3.4
2026-03-09 14:55:00,0.42713776,3.4
2026-03-09 15:00:00,0.42709897,3.4
2026-03-09 15:05:00,0.42709897,3.4
2026-03-09 15:10:00,0.42709897,3.3
2026-03-09 15:15:00,0.42709897,3.3
2026-03-09 15:20:00,0.42721534,3.3
2026-03-09 15:25:00,0.42729292,3.3
2026-03-09 15:30:00,0.42706018,3.3
2026-03-09 15:35:00,0.42709897,3.22
2026-03-09 15:40:00,0.42713776,3.2
2026-03-09 15:45:00,0.42725413,3.2
2026-03-09 15:50:00,0.42706018,3.2
2026-03-09 15:55:00,0.42706018,3.2
2026-03-09 16:00:00,0.42713776,3.12
2026-03-09 16:05:00,0.42717655,3.1
2026-03-09 16:10:00,0.42717655,3.1
2026-03-09 16:15:00,0.42702139,3.1
2026-03-09 16:20:00,0.42706018,3.1
2026-03-09 16:25:00,0.42717655,3.1
2026-03-09 16:30:00,0.42713776,3.04
2026-03-09 16:35:00,0.42713776,3.0
2026-03-09 16:40:00,0.42725413,3.0
2026-03-09 16:45:00,0.42713776,3.0
2026-03-09 16:50:00,0.42702139,3.0
2026-03-09 16:55:00,0.42709897,3.0
2026-03-09 17:00:00,0.42706018,2.94
2026-03-09 17:05:00,0.42706018,2.9
2026-03-09 17:10:00,0.42706018,2.9
2026-03-09 17:15:00,0.42702139,2.9
2026-03-09 17:20:00,0.42706018,2.9
2026-03-09 17:25:00,0.42713776,2.9
2026-03-09 17:30:00,0.4269826,2.9
2026-03-09 17:35:00,0.42709897,2.84
2026-03-09 17:40:00,0.42706018,2.8
2026-03-09 17:45:00,0.4269826,2.8
2026-03-09 17:50:00,0.4269826,2.8
2026-03-09 17:55:00,0.42694381,2.8
2026-03-09 18:00:00,0.4269826,2.8
2026-03-09 18:05:00,0.42686623,2.8
2026-03-09 18:10:00,0.42702139,2.8
2026-03-09 18:15:00,0.4269826,2.72
2026-03-09 18:20:00,0.42690502,2.7
2026-03-09 18:25:00,0.42690502,2.7
2026-03-09 18:30:00,0.42682744,2.7
2026-03-09 18:35:00,0.42678865,2.7
2026-03-09 18:40:00,0.42674986,2.7
2026-03-09 18:45:00,0.42690502,2.7
2026-03-09 18:50:00,0.42682744,2.64
2026-03-09 18:55:00,0.42682744,2.6
2026-03-09 19:00:00,0.42671107,2.6
2026-03-09 19:05:00,0.42682744,2.6
2026-03-09 19:10:00,0.42674986,2.6
2026-03-09 19:15:00,0.42667228,2.6
2026-03-09 19:20:00,0.42671107,2.6
2026-03-09 19:25:00,0.42678865,2.6
2026-03-09 19:30:00,0.42667228,2.6
2026-03-09 19:35:00,0.42674986,2.5
2026-03-09 19:40:00,0.42663349,2.5
2026-03-09 19:45:00,0.42655591,2.5
2026-03-09 19:50:00,0.42651712,2.5
2026-03-09 19:55:00,0.42663349,2.5
2026-03-09 20:00:00,0.42655591,2.5
2026-03-09 20:05:00,0.42655591,2.5
2026-03-09 20:10:00,0.42651712,2.5
2026-03-09 20:15:00,0.42647833,2.48
2026-03-09 20:20:00,0.42643954,2.4
2026-03-09 20:25:00,0.42640075,2.4
2026-03-09 20:30:00,0.42640075,2.4
2026-03-09 20:35:00,0.42628438,2.4
2026-03-09 20:40:00,0.42636196,2.4
2026-03-09 20:45:00,0.42624559,2.4
2026-03-09 20:50:00,0.42612922,2.4
2026-03-09 20:55:00,0.42612922,2.4
2026-03-09 21:00:00,0.42609043,2.4
2026-03-09 21:05:00,0.42597406,2.36
2026-03-09 21:10:00,0.42601285,2.3
2026-03-09 21:15:00,0.42593527,2.3
2026-03-09 21:20:00,0.4258189,2.3
2026-03-09 21:25:00,0.4258189,2.3
2026-03-09 21:30:00,0.42578011,2.3
2026-03-09 21:35:00,0.42574132,2.3
2026-03-09 21:40:00,0.42578011,2.3
2026-03-09 21:45:00,0.42570253,2.3
2026-03-09 21:50:00,0.42570253,2.3
2026-03-09 21:55:00,0.42566374,2.3
2026-03-09 22:00:00,0.42558616,2.24
2026-03-09 22:05:00,0.42562495,2.2
2026-03-09 22:10:00,0.42562495,2.2
2026-03-09 22:15:00,0.42550858,2.2
2026-03-09 22:20:00,0.42546979,2.2
2026-03-09 22:25:00,0.42539221,2.2
2026-03-09 22:30:00,0.42531463,2.2
2026-03-09 22:35:00,0.42535342,2.2
2026-03-09 22:40:00,0.42527584,2.2
2026-03-09 22:45:00,0.42535342,2.2
2026-03-09 22:50:00,0.42531463,2.2
2026-03-09 22:55:00,0.42512068,2.1
2026-03-09 23:00:00,0.42523705,2.1
2026-03-09 23:05:00,0.42508189,2.1
2026-03-09 23:10:00,0.42508189,2.1
2026-03-09 23:15:00,0.42496552,2.1
2026-03-09 23:20:00,0.42500431,2.1
2026-03-09 23:25:00,0.42496552,2.1
2026-03-09 23:30:00,0.4250431,2.1
2026-03-09 23:35:00,0.42496552,2.1
2026-03-09 23:40:00,0.42496552,2.1
2026-03-09 23:45:00,0.42500431,2.1
2026-03-09 23:50:00,0.42484915,2.1
2026-03-09 23:55:00,0.42492673,2.1
2026-03-10 00:00:00,0.42500431,2.1
2026-03-10 00:05:00,0.42481036,2.1
2026-03-10 00:10:00,0.42500431,2.1
2026-03-10 00:15:00,0.42488794,2.1
2026-03-10 00:20:00,0.42492673,2.1
2026-03-10 00:25:00,0.42496552,2.1
2026-03-10 00:30:00,0.4250431,2.1
2026-03-10 00:35:00,0.42496552,2.1
2026-03-10 00:40:00,0.42484915,2.1
2026-03-10 00:45:00,0.42488794,2.1
2026-03-10 00:50:00,0.42496552,2.1
2026-03-10 00:55:00,0.42492673,2.1
2026-03-10 01:00:00,0.42500431,2.1
2026-03-10 01:05:00,0.4250431,2.1
2026-03-10 01:10:00,0.42500431,2.1
2026-03-10 01:15:00,0.42512068,2.1
2026-03-10 01:20:00,0.42515947,2.1
2026-03-10 01:25:00,0.42515947,2.1
2026-03-10 01:30:00,0.4250431,2.1
2026-03-10 01:35:00,0.42515947,2.1
2026-03-10 01:40:00,0.42512068,2.18
2026-03-10 01:45:00,0.42519826,2.22
2026-03-10 01:50:00,0.42519826,2.3
2026-03-10 01:55:00,0.4250431,2.38
2026-03-10 02:00:00,0.42500431,2.48
2026-03-10 02:05:00,0.42488794,2.62
2026-03-10 02:10:00,0.42473278,2.76
2026-03-10 02:15:00,0.4246552,2.94
2026-03-10 02:20:00,0.42457762,3.14
2026-03-10 02:25:00,0.42450004,3.32
2026-03-10 02:30:00,0.42438367,3.52
2026-03-10 02:35:00,0.42422851,3.74
2026-03-10 02:40:00,0.42403456,3.98
2026-03-10 02:45:00,0.42399577,4.2
2026-03-10 02:50:00,0.4238794,4.42
2026-03-10 02:55:00,0.42376303,4.68
2026-03-10 03:00:00,0.42376303,4.9
2026-03-10 03:05:00,0.42360787,5.12
2026-03-10 03:10:00,0.42329755,5.34
2026-03-10 03:15:00,0.42325876,5.58
2026-03-10 03:20:00,0.42325876,5.82
2026-03-10 03:25:00,0.42306481,6.04
2026-03-10 03:30:00,0.42279328,6.28
2026-03-10 03:35:00,0.42290965,6.52
2026-03-10 03:40:00,0.42256054,6.72
2026-03-10 03:45:00,0.42240538,6.96
2026-03-10 03:50:00,0.42205627,7.18
2026-03-10 03:55:00,0.42182353,7.4
2026-03-10 04:00:00,0.42221143,7.62
2026-03-10 04:05:00,0.42190111,7.82
2026-03-10 04:10:00,0.42170716,8.02
2026-03-10 04:15:00,0.42197869,8.24
2026-03-10 04:20:00,0.42178474,8.42
2026-03-10 04:25:00,0.42170716,8.62
2026-03-10 04:30:00,0.42143563,8.82
2026-03-10 04:35:00,0.42120289,9.0
2026-03-10 04:40:00,0.42131926,9.18
2026-03-10 04:45:00,0.42120289,9.36
2026-03-10 04:50:00,0.42120289,9.54
2026-03-10 04:55:00,0.42131926,9.7
2026-03-10 05:00:00,0.42065983,9.86
2026-03-10 05:05:00,0.42073741,10.02
2026-03-10 05:10:00,0.42050467,10.16
2026-03-10 05:15:00,0.4207762,10.26
2026-03-10 05:20:00,0.42093136,10.38
2026-03-10 05:25:00,0.42081499,10.46
2026-03-10 05:30:00,0.42108652,10.5
2026-03-10 05:35:00,0.42054346,10.58
2026-03-10 05:40:00,0.42081499,10.6
2026-03-10 05:45:00,0.42062104,10.6
2026-03-10 05:50:00,0.42097015,10.6
2026-03-10 05:55:00,0.42085378,10.6
2026-03-10 06:00:00,0.42073741,10.6
2026-03-10 06:05:00,0.42046588,10.7
2026-03-10 06:10:00,0.42097015,10.7
2026-03-10 06:15:00,0.42058225,10.7
2026-03-10 06:20:00,0.42085378,10.72
2026-03-10 06:25:00,0.42050467,10.8
2026-03-10 06:30:00,0.42081499,10.8
2026-03-10 06:35:00,0.42069862,10.8
2026-03-10 06:40:00,0.42062104,10.9
2026-03-10 06:45:00,0.42062104,10.9
2026-03-10 06:50:00,0.42081499,10.84
2026-03-10 06:55:00,0.42081499,10.8
2026-03-10 07:00:00,0.42085378,10.8
2026-03-10 07:05:00,0.42046588,10.7
2026-03-10 07:10:00,0.42050467,10.66
2026-03-10 07:15:00,0.42069862,10.6
2026-03-10 07:20:00,0.42058225,10.5
2026-03-10 07:25:00,0.42062104,10.42
2026-03-10 07:30:00,0.42081499,10.34
2026-03-10 07:35:00,0.42065983,10.24
2026-03-10 07:40:00,0.42073741,10.16
2026-03-10 07:45:00,0.4207762,10.06
2026-03-10 07:50:00,0.42073741,9.96
2026-03-10 07:55:00,0.42058225,9.86
2026-03-10 08:00:00,0.42097015,9.76
2026-03-10 08:05:00,0.42112531,9.66
2026-03-10 08:10:00,0.4207762,9.56
2026-03-10 08:15:00,0.42089257,9.46
2026-03-10 08:20:00,0.42104773,9.38
2026-03-10 08:25:00,0.42100894,9.28
2026-03-10 08:30:00,0.42081499,9.18
2026-03-10 08:35:00,0.42081499,9.08
2026-03-10 08:40:00,0.42112531,9.0
2026-03-10 08:45:00,0.42131926,8.9
2026-03-10 08:50:00,0.4211641,8.8
2026-03-10 08:55:00,0.42085378,8.72
2026-03-10 09:00:00,0.42104773,8.64
2026-03-10 09:05:00,0.42162958,8.56
2026-03-10 09:10:00,0.42143563,8.48
2026-03-10 09:15:00,0.42147442,8.4
2026-03-10 09:20:00,0.421552,8.3
2026-03-10 09:25:00,0.421552,8.22
2026-03-10 09:30:00,0.421552,8.14
2026-03-10 09:35:00,0.42162958,8.08
2026-03-10 09:40:00,0.42166837,8.0
2026-03-10 09:45:00,0.42128047,7.9
2026-03-10 09:50:00,0.42166837,7.82
2026-03-10 09:55:00,0.42120289,7.76
2026-03-10 10:00:00,0.42128047,7.68
2026-03-10 10:05:00,0.42186232,7.6
2026-03-10 10:10:00,0.42166837,7.5
2026-03-10 10:15:00,0.42166837,7.44
2026-03-10 10:20:00,0.4219399,7.36
2026-03-10 10:25:00,0.42139684,7.3
2026-03-10 10:30:00,0.42147442,7.2
2026-03-10 10:35:00,0.42190111,7.14
2026-03-10 10:40:00,0.42151321,7.06
2026-03-10 10:45:00,0.42201748,7.0
2026-03-10 10:50:00,0.42166837,6.9
2026-03-10 10:55:00,0.42186232,6.84
2026-03-10 11:00:00,0.42139684,6.78
2026-03-10 11:05:00,0.421552,6.7
2026-03-10 11:10:00,0.42217264,6.6
2026-03-10 11:15:00,0.42205627,6.56
2026-03-10 11:20:00,0.42197869,6.5
2026-03-10 11:25:00,0.42209506,6.4
2026-03-10 11:30:00,0.42225022,6.36
2026-03-10 11:35:00,0.4223278,6.3
2026-03-10 11:40:00,0.42174595,6.2
2026-03-10 11:45:00,0.42217264,6.14
2026-03-10 11:50:00,0.4223278,6.1
2026-03-10 11:55:00,0.42256054,6.0
2026-03-10 12:00:00,0.42244417,5.96
2026-03-10 12:05:00,0.42259933,5.9
2026-03-10 12:10:00,0.42259933,5.8
2026-03-10 12:15:00,0.42240538,5.76
2026-03-10 12:20:00,0.42240538,5.7
2026-03-10 12:25:00,0.42252175,5.62
2026-03-10 12:30:00,0.42259933,5.6
2026-03-10 12:35:00,0.42259933,5.5
2026-03-10 12:40:00,0.42221143,5.46
2026-03-10 12:45:00,0.42244417,5.4
2026-03-10 12:50:00,0.42259933,5.32
2026-03-10 12:55:00,0.42263812,5.3
2026-03-10 13:00:00,0.4227157,5.22
2026-03-10 13:05:00,0.42279328,5.2
2026-03-10 13:10:00,0.42267691,5.12
2026-03-10 13:15:00,0.4227157,5.1
2026-03-10 13:20:00,0.42287086,5.0
2026-03-10 13:25:00,0.42298723,4.98
2026-03-10 13:30:00,0.42294844,4.9
2026-03-10 13:35:00,0.42294844,4.88
2026-03-10 13:40:00,0.42290965,4.8
2026-03-10 13:45:00,0.42294844,4.78
2026-03-10 13:50:00,0.42298723,4.7
2026-03-10 13:55:00,0.42294844,4.68
2026-03-10 14:00:00,0.42275449,4.6
2026-03-10 14:05:00,0.42290965,4.6
2026-03-10 14:10:00,0.42290965,4.52
2026-03-10 14:15:00,0.42306481,4.5
2026-03-10 14:20:00,0.42302602,4.44
2026-03-10 14:25:00,0.42306481,4.4
2026-03-10 14:30:00,0.42314239,4.36
2026-03-10 14:35:00,0.42306481,4.3
2026-03-10 14:40:00,0.42318118,4.3
2026-03-10 14:45:00,0.4231036,4.24
2026-03-10 14:50:00,0.42306481,4.2
2026-03-10 14:55:00,0.42318118,4.2
2026-03-10 15:00:00,0.42294844,4.1
2026-03-10 15:05:00,0.42314239,4.1
2026-03-10 15:10:00,0.42314239,4.1
2026-03-10 15:15:00,0.42314239,4.0
2026-03-10 15:20:00,0.4231036,4.0
2026-03-10 15:25:00,0.42318118,4.0
2026-03-10 15:30:00,0.42325876,3.92
2026-03-10 15:35:00,0.42321997,3.9
2026-03-10 15:40:00,0.42314239,3.9
2026-03-10 15:45:00,0.42318118,3.88
2026-03-10 15:50:00,0.4231036,3.8
2026-03-10 15:55:00,0.42318118,3.8
2026-03-10 16:00:00,0.42318118,3.8
2026-03-10 16:05:00,0.42321997,3.7
2026-03-10 16:10:00,0.42314239,3.7
2026-03-10 16:15:00,0.42321997,3.7
2026-03-10 16:20:00,0.42314239,3.7
2026-03-10 16:25:00,0.4231036,3.62
2026-03-10 16:30:00,0.42329755,3.6
2026-03-10 16:35:00,0.42318118,3.6
2026-03-10 16:40:00,0.42321997,3.6
2026-03-10 16:45:00,0.42318118,3.54
2026-03-10 16:50:00,0.42325876,3.5
2026-03-10 16:55:00,0.42314239,3.5
2026-03-10 17:00:00,0.42329755,3.5
2026-03-10 17:05:00,0.42318118,3.46
2026-03-10 17:10:00,0.4231036,3.4
2026-03-10 17:15:00,0.42325876,3.4
2026-03-10 17:20:00,0.42314239,3.4
2026-03-10 17:25:00,0.42321997,3.4
2026-03-10 17:30:00,0.42321997,3.36
2026-03-10 17:35:00,0.42325876,3.3
2026-03-10 17:40:00,0.42325876,3.3
2026-03-10 17:45:00,0.42314239,3.3
2026-03-10 17:50:00,0.42325876,3.3
2026-03-10 17:55:00,0.42321997,3.3
2026-03-10 18:00:00,0.42325876,3.22
2026-03-10 18:05:00,0.42314239,3.2
2026-03-10 18:10:00,0.42318118,3.2
2026-03-10 18:15:00,0.42318118,3.2
2026-03-10 18:20:00,0.42314239,3.2
2026-03-10 18:25:00,0.42318118,3.12
2026-03-10 18:30:00,0.42314239,3.1
2026-03-10 18:35:00,0.42318118,3.1
2026-03-10 18:40:00,0.42318118,3.1
2026-03-10 18:45:00,0.42318118,3.1
2026-03-10 18:50:00,0.42314239,3.1
2026-03-10 18:55:00,0.42321997,3.06
2026-03-10 19:00:00,0.4231036,3.0
2026-03-10 19:05:00,0.42306481,3.0
2026-03-10 19:10:00,0.4231036,3.0
2026-03-10 19:15:00,0.4231036,3.0
2026-03-10 19:20:00,0.42306481,3.0
2026-03-10 19:25:00,0.42314239,2.96
2026-03-10 19:30:00,0.42306481,2.9
2026-03-10 19:35:00,0.42302602,2.9
2026-03-10 19:40:00,0.42302602,2.9
2026-03-10 19:45:00,0.42298723,2.9
2026-03-10 19:50:00,0.42298723,2.9
2026-03-10 19:55:00,0.42294844,2.9
2026-03-10 20:00:00,0.4231036,2.88
2026-03-10 20:05:00,0.42298723,2.8
2026-03-10 20:10:00,0.42298723,2.8
2026-03-10 20:15:00,0.42294844,2.8
2026-03-10 20:20:00,0.42298723,2.8
2026-03-10 20:25:00,0.42294844,2.8
2026-03-10 20:30:00,0.42290965,2.8
2026-03-10 20:35:00,0.42290965,2.8
2026-03-10 20:40:00,0.42287086,2.74
2026-03-10 20:45:00,0.42290965,2.7
2026-03-10 20:50:00,0.42287086,2.7
2026-03-10 20:55:00,0.42279328,2.7
2026-03-10 21:00:00,0.42290965,2.7
2026-03-10 21:05:00,0.42287086,2.7
2026-03-10 21:10:00,0.42279328,2.7
2026-03-10 21:15:00,0.42267691,2.66
2026-03-10 21:20:00,0.42279328,2.6
2026-03-10 21:25:00,0.42279328,2.6
2026-03-10 21:30:00,0.42279328,2.6
2026-03-10 21:35:00,0.42263812,2.6
2026-03-10 21:40:00,0.42263812,2.6
2026-03-10 21:45:00,0.42259933,2.6
2026-03-10 21:50:00,0.42259933,2.6
2026-03-10 21:55:00,0.42252175,2.56
2026-03-10 22:00:00,0.42252175,2.5
2026-03-10 22:05:00,0.42252175,2.5
2026-03-10 22:10:00,0.42256054,2.5
2026-03-10 22:15:00,0.42244417,2.5
2026-03-10 22:20:00,0.42248296,2.5
2026-03-10 22:25:00,0.42248296,2.5
2026-03-10 22:30:00,0.42236659,2.5
2026-03-10 22:35:00,0.42248296,2.5
2026-03-10 22:40:00,0.42248296,2.44
2026-03-10 22:45:00,0.42244417,2.4
2026-03-10 22:50:00,0.4223278,2.4
2026-03-10 22:55:00,0.42240538,2.4
2026-03-10 23:00:00,0.42228901,2.4
2026-03-10 23:05:00,0.42228901,2.4
2026-03-10 23:10:00,0.42225022,2.4
2026-03-10 23:15:00,0.42225022,2.4
2026-03-10 23:20:00,0.42225022,2.4
2026-03-10 23:25:00,0.42228901,2.4
2026-03-10 23:30:00,0.42236659,2.4
2026-03-10 23:35:00,0.42228901,2.4
2026-03-10 23:40:00,0.42225022,2.4
2026-03-10 23:45:00,0.42225022,2.32
2026-03-10 23:50:00,0.42225022,2.3
2026-03-10 23:55:00,0.4223278,2.3
2026-03-11 00:00:00,0.42221143,2.3
2026-03-11 00:05:00,0.42225022,2.3
2026-03-11 00:10:00,0.42228901,2.3
2026-03-11 00:15:00,0.42225022,2.3
2026-03-11 00:20:00,0.42228901,2.3
2026-03-11 00:25:00,0.42225022,2.3
2026-03-11 00:30:00,0.4223278,2.3
2026-03-11 00:35:00,0.4223278,2.3
2026-03-11 00:40:00,0.42236659,2.3
2026-03-11 00:45:00,0.42228901,2.3
2026-03-11 00:50:00,0.42248296,2.3
2026-03-11 00:55:00,0.42252175,2.3
2026-03-11 01:00:00,0.42240538,2.3
2026-03-11 01:05:00,0.42236659,2.3
2026-03-11 01:10:00,0.42236659,2.3
2026-03-11 01:15:00,0.42240538,2.36
2026-03-11 01:20:00,0.4223278,2.4
2026-03-11 01:25:00,0.42236659,2.4
2026-03-11 01:30:00,0.42225022,2.5
2026-03-11 01:35:00,0.42221143,2.54
2026-03-11 01:40:00,0.42209506,2.64
2026-03-11 01:45:00,0.42201748,2.76
2026-03-11 01:50:00,0.42190111,2.88
2026-03-11 01:55:00,0.42182353,3.04
2026-03-11 02:00:00,0.42174595,3.2
2026-03-11 02:05:00,0.421552,3.36
2026-03-11 02:10:00,0.42147442,3.56
2026-03-11 02:15:00,0.42135805,3.74
2026-03-11 02:20:00,0.42128047,3.96
2026-03-11 02:25:00,0.42112531,4.16
2026-03-11 02:30:00,0.42112531,4.38
2026-03-11 02:35:00,0.42093136,4.58
2026-03-11 02:40:00,0.42104773,4.8
2026-03-11 02:45:00,0.42073741,5.0
2026-03-11 02:50:00,0.42073741,5.22
2026-03-11 02:55:00,0.42046588,5.42
2026-03-11 03:00:00,0.42054346,5.64
2026-03-11 03:05:00,0.42027193,5.86
2026-03-11 03:10:00,0.42034951,6.08
2026-03-11 03:15:00,0.42023314,6.3
2026-03-11 03:20:00,0.42003919,6.5
2026-03-11 03:25:00,0.41969008,6.72
2026-03-11 03:30:00,0.41969008,6.92
2026-03-11 03:35:00,0.41934097,7.14
2026-03-11 03:40:00,0.41926339,7.34
2026-03-11 03:45:00,0.41910823,7.54
2026-03-11 03:50:00,0.41926339,7.74
2026-03-11 03:55:00,0.41899186,7.94
2026-03-11 04:00:00,0.4192246,8.12
2026-03-11 04:05:00,0.41926339,8.3
2026-03-11 04:10:00,0.4188367,8.48
2026-03-11 04:15:00,0.41868154,8.66
2026-03-11 04:20:00,0.41864275,8.84
2026-03-11 04:25:00,0.41852638,9.0
2026-03-11 04:30:00,0.41856517,9.18
2026-03-11 04:35:00,0.41813848,9.36
2026-03-11 04:40:00,0.4184488,9.54
2026-03-11 04:45:00,0.41833243,9.66
2026-03-11 04:50:00,0.41825485,9.84
2026-03-11 04:55:00,0.41825485,9.98
2026-03-11 05:00:00,0.41802211,10.12
2026-03-11 05:05:00,0.41771179,10.24
2026-03-11 05:10:00,0.41790574,10.36
2026-03-11 05:15:00,0.41775058,10.48
2026-03-11 05:20:00,0.41790574,10.56
2026-03-11 05:25:00,0.41790574,10.64
2026-03-11 05:30:00,0.41763421,10.7
2026-03-11 05:35:00,0.41775058,10.7
2026-03-11 05:40:00,0.41798332,10.8
2026-03-11 05:45:00,0.41802211,10.8
2026-03-11 05:50:00,0.41798332,10.8
2026-03-11 05:55:00,0.41759542,10.8
2026-03-11 06:00:00,0.41794453,10.8
2026-03-11 06:05:00,0.41782816,10.8
2026-03-11 06:10:00,0.41751784,10.8
2026-03-11 06:15:00,0.41755663,10.9
2026-03-11 06:20:00,0.417673,10.9
2026-03-11 06:25:00,0.41759542,10.9
2026-03-11 06:30:00,0.41778937,10.9
2026-03-11 06:35:00,0.41740147,10.9
2026-03-11 06:40:00,0.41755663,10.9
2026-03-11 06:45:00,0.41744026,10.9
2026-03-11 06:50:00,0.41771179,10.9
2026-03-11 06:55:00,0.41763421,10.9
2026-03-11 07:00:00,0.41763421,10.9
2026-03-11 07:05:00,0.41747905,10.84
2026-03-11 07:10:00,0.41782816,10.8
2026-03-11 07:15:00,0.41763421,10.8
2026-03-11 07:20:00,0.41759542,10.7
2026-03-11 07:25:00,0.41740147,10.7
2026-03-11 07:30:00,0.41755663,10.6
2026-03-11 07:35:00,0.41782816,10.58
2026-03-11 07:40:00,0.41778937,10.5
2026-03-11 07:45:00,0.41755663,10.44
2026-03-11 07:50:00,0.41771179,10.4
2026-03-11 07:55:00,0.41744026,10.32
2026-03-11 08:00:00,0.41763421,10.28
2026-03-11 08:05:00,0.41778937,10.2
2026-03-11 08:10:00,0.41763421,10.14
2026-03-11 08:15:00,0.41732389,10.1
2026-03-11 08:20:00,0.417673,10.0
2026-03-11 08:25:00,0.41778937,9.94
2026-03-11 08:30:00,0.41755663,9.88
2026-03-11 08:35:00,0.41751784,9.8
2026-03-11 08:40:00,0.41794453,9.74
2026-03-11 08:45:00,0.41809969,9.7
2026-03-11 08:50:00,0.41798332,9.6
2026-03-11 08:55:00,0.41775058,9.54
2026-03-11 09:00:00,0.41809969,9.5
2026-03-11 09:05:00,0.41794453,9.4
2026-03-11 09:10:00,0.41782816,9.34
2026-03-11 09:15:00,0.41755663,9.28
2026-03-11 09:20:00,0.41740147,9.2
2026-03-11 09:25:00,0.41759542,9.12
2026-03-11 09:30:00,0.41709115,9.06
2026-03-11 09:35:00,0.41740147,9.0
2026-03-11 09:40:00,0.41747905,8.9
2026-03-11 09:45:00,0.41732389,8.82
2026-03-11 09:50:00,0.41732389,8.76
2026-03-11 09:55:00,0.41724631,8.7
2026-03-11 10:00:00,0.41732389,8.6
2026-03-11 10:05:00,0.41732389,8.52
2026-03-11 10:10:00,0.41736268,8.46
2026-03-11 10:15:00,0.41736268,8.4
2026-03-11 10:20:00,0.41681962,8.3
2026-03-11 10:25:00,0.41732389,8.22
2026-03-11 10:30:00,0.41747905,8.16
2026-03-11 10:35:00,0.41744026,8.08
2026-03-11 10:40:00,0.41751784,8.0
2026-03-11 10:45:00,0.4172851,7.92
2026-03-11 10:50:00,0.41744026,7.86
2026-03-11 10:55:00,0.41716873,7.8
2026-03-11 11:00:00,0.41755663,7.7
2026-03-11 11:05:00,0.417673,7.64
2026-03-11 11:10:00,0.41720752,7.58
2026-03-11 11:15:00,0.41685841,7.5
2026-03-11 11:20:00,0.4168972,7.42
2026-03-11 11:25:00,0.41693599,7.38
2026-03-11 11:30:00,0.41616019,7.3
2026-03-11 11:35:00,0.41619898,7.24
2026-03-11 11:40:00,0.41658688,7.2
2026-03-11 11:45:00,0.4165093,7.1
2026-03-11 11:50:00,0.41658688,7.04
2026-03-11 11:55:00,0.4165093,7.0
2026-03-11 12:00:00,0.41639293,6.92
2026-03-11 12:05:00,0.41647051,6.88
2026-03-11 12:10:00,0.41639293,6.8
2026-03-11 12:15:00,0.41623777,6.76
2026-03-11 12:20:00,0.41654809,6.7
2026-03-11 12:25:00,0.41666446,6.64
2026-03-11 12:30:00,0.41662567,6.6
2026-03-11 12:35:00,0.4165093,6.52
2026-03-11 12:40:00,0.41670325,6.5
2026-03-11 12:45:00,0.41709115,6.4
2026-03-11 12:50:00,0.41720752,6.4
2026-03-11 12:55:00,0.41701357,6.3
2026-03-11 13:00:00,0.41681962,6.28
2026-03-11 13:05:00,0.41732389,6.2
2026-03-11 13:10:00,0.41678083,6.18
2026-03-11 13:15:00,0.41716873,6.1
2026-03-11 13:20:00,0.41693599,6.06
2026-03-11 13:25:00,0.4168972,6.0
2026-03-11 13:30:00,0.41662567,5.98
2026-03-11 13:35:00,0.41701357,5.9
2026-03-11 13:40:00,0.41716873,5.88
2026-03-11 13:45:00,0.41712994,5.8
2026-03-11 13:50:00,0.41701357,5.78
2026-03-11 13:55:00,0.41654809,5.7
2026-03-11 14:00:00,0.41693599,5.7
2026-03-11 14:05:00,0.41685841,5.62
2026-03-11 14:10:00,0.41631535,5.6
2026-03-11 14:15:00,0.41666446,5.54
2026-03-11 14:20:00,0.41635414,5.5
2026-03-11 14:25:00,0.41631535,5.46
2026-03-11 14:30:00,0.41639293,5.4
2026-03-11 14:35:00,0.41627656,5.4
2026-03-11 14:40:00,0.4161214,5.3
2026-03-11 14:45:00,0.41616019,5.3
2026-03-11 14:50:00,0.41581108,5.24
2026-03-11 14:55:00,0.41588866,5.2
2026-03-11 15:00:00,0.41565592,5.2
2026-03-11 15:05:00,0.41561713,5.14
2026-03-11 15:10:00,0.41553955,5.1
2026-03-11 15:15:00,0.41542318,5.08
2026-03-11 15:20:00,0.41561713,5.0
2026-03-11 15:25:00,0.41569471,5.0
2026-03-11 15:30:00,0.41557834,4.94
2026-03-11 15:35:00,0.41557834,4.9
2026-03-11 15:40:00,0.41557834,4.9
2026-03-11 15:45:00,0.41561713,4.82
2026-03-11 15:50:00,0.41565592,4.8
2026-03-11 15:55:00,0.41565592,4.78
2026-03-11 16:00:00,0.41565592,4.7
2026-03-11 16:05:00,0.41569471,4.7
2026-03-11 16:10:00,0.41565592,4.7
2026-03-11 16:15:00,0.41565592,4.6
2026-03-11 16:20:00,0.41557834,4.6
2026-03-11 16:25:00,0.41565592,4.6
2026-03-11 16:30:00,0.41561713,4.5
2026-03-11 16:35:00,0.4157335,4.5
2026-03-11 16:40:00,0.41565592,4.5
2026-03-11 16:45:00,0.41577229,4.42
2026-03-11 16:50:00,0.41581108,4.4
2026-03-11 16:55:00,0.41565592,4.4
2026-03-11 17:00:00,0.41569471,4.32
2026-03-11 17:05:00,0.41569471,4.3
2026-03-11 17:10:00,0.41581108,4.3
2026-03-11 17:15:00,0.4157335,4.26
2026-03-11 17:20:00,0.41565592,4.2
2026-03-11 17:25:00,0.41577229,4.2
2026-03-11 17:30:00,0.41581108,4.2
2026-03-11 17:35:00,0.41584987,4.12
2026-03-11 17:40:00,0.41584987,4.1
2026-03-11 17:45:00,0.41584987,4.1
2026-03-11 17:50:00,0.4157335,4.08
2026-03-11 17:55:00,0.41581108,4.0
2026-03-11 18:00:00,0.41577229,4.0
2026-03-11 18:05:00,0.41584987,4.0
2026-03-11 18:10:00,0.41581108,4.0
2026-03-11 18:15:00,0.41577229,3.9
2026-03-11 18:20:00,0.41588866,3.9
2026-03-11 18:25:00,0.41581108,3.9
2026-03-11 18:30:00,0.41588866,3.9
2026-03-11 18:35:00,0.41584987,3.84
2026-03-11 18:40:00,0.41588866,3.8
2026-03-11 18:45:00,0.41581108,3.8
2026-03-11 18:50:00,0.41588866,3.8
2026-03-11 18:55:00,0.41588866,3.74
2026-03-11 19:00:00,0.41588866,3.7
2026-03-11 19:05:00,0.41592745,3.7
2026-03-11 19:10:00,0.41588866,3.7
2026-03-11 19:15:00,0.41596624,3.7
2026-03-11 19:20:00,0.41584987,3.64
2026-03-11 19:25:00,0.41596624,3.6
2026-03-11 19:30:00,0.41581108,3.6
2026-03-11 19:35:00,0.41592745,3.6
2026-03-11 19:40:00,0.41592745,3.6
2026-03-11 19:45:00,0.41588866,3.56
2026-03-11 19:50:00,0.41600503,3.5
2026-03-11 19:55:00,0.41592745,3.5
2026-03-11 20:00:00,0.41592745,3.5
2026-03-11 20:05:00,0.41592745,3.5
2026-03-11 20:10:00,0.41584987,3.48
2026-03-11 20:15:00,0.41588866,3.4
2026-03-11 20:20:00,0.41588866,3.4
2026-03-11 20:25:00,0.41584987,3.4
2026-03-11 20:30:00,0.41596624,3.4
2026-03-11 20:35:00,0.41588866,3.4
2026-03-11 20:40:00,0.41581108,3.4
2026-03-11 20:45:00,0.41588866,3.32
2026-03-11 20:50:00,0.41600503,3.3
2026-03-11 20:55:00,0.41588866,3.3
2026-03-11 21:00:00,0.41581108,3.3
2026-03-11 21:05:00,0.41592745,3.3
2026-03-11 21:10:00,0.41592745,3.3
2026-03-11 21:15:00,0.41592745,3.28
2026-03-11 21:20:00,0.41596624,3.2
2026-03-11 21:25:00,0.41588866,3.2
2026-03-11 21:30:00,0.41592745,3.2
2026-03-11 21:35:00,0.41584987,3.2
2026-03-11 21:40:00,0.41584987,3.2
2026-03-11 21:45:00,0.41588866,3.2
2026-03-11 21:50:00,0.41596624,3.12
2026-03-11 21:55:00,0.41584987,3.1
2026-03-11 22:00:00,0.41592745,3.1
2026-03-11 22:05:00,0.41596624,3.1
2026-03-11 22:10:00,0.41592745,3.1
2026-03-11 22:15:00,0.41588866,3.1
2026-03-11 22:20:00,0.41584987,3.1
2026-03-11 22:25:00,0.41588866,3.1
2026-03-11 22:30:00,0.41577229,3.0
2026-03-11 22:35:00,0.41588866,3.0
2026-03-11 22:40:00,0.41577229,3.0
2026-03-11 22:45:00,0.41581108,3.0
2026-03-11 22:50:00,0.41584987,3.0
2026-03-11 22:55:00,0.41584987,3.0
2026-03-11 23:00:00,0.41600503,3.0
2026-03-11 23:05:00,0.41581108,3.0
2026-03-11 23:10:00,0.41577229,2.96
2026-03-11 23:15:00,0.41581108,2.9
2026-03-11 23:20:00,0.41588866,2.9
2026-03-11 23:25:00,0.41596624,2.9
2026-03-11 23:30:00,0.41596624,2.9
2026-03-11 23:35:00,0.41581108,2.9
2026-03-11 23:40:00,0.41584987,2.9
2026-03-11 23:45:00,0.41581108,2.9
2026-03-11 23:50:00,0.41592745,2.9
2026-03-11 23:55:00,0.41581108,2.9
2026-03-12 00:00:00,0.41588866,2.9
2026-03-12 00:05:00,0.41596624,2.9
2026-03-12 00:10:00,0.41596624,2.9
2026-03-12 00:15:00,0.41600503,2.98
2026-03-12 00:20:00,0.41600503,3.0
2026-03-12 00:25:00,0.41588866,3.0
2026-03-12 00:30:00,0.41581108,3.06
2026-03-12 00:35:00,0.4157335,3.1
2026-03-12 00:40:00,0.41577229,3.18
2026-03-12 00:45:00,0.41584987,3.26
2026-03-12 00:50:00,0.41557834,3.34
2026-03-12 00:55:00,0.41561713,3.42
2026-03-12 01:00:00,0.41553955,3.54
2026-03-12 01:05:00,0.41542318,3.64
2026-03-12 01:10:00,0.4153456,3.76
2026-03-12 01:15:00,0.4153456,3.9
2026-03-12 01:20:00,0.41522923,4.04
2026-03-12 01:25:00,0.41522923,4.18
2026-03-12 01:30:00,0.41507407,4.34
2026-03-12 01:35:00,0.41499649,4.5
2026-03-12 01:40:00,0.41491891,4.66
2026-03-12 01:45:00,0.41484133,4.84
2026-03-12 01:50:00,0.41464738,5.0
2026-03-12 01:55:00,0.41464738,5.16
2026-03-12 02:00:00,0.41445343,5.34
2026-03-12 02:05:00,0.41422069,5.5
2026-03-12 02:10:00,0.41437585,5.7
2026-03-12 02:15:00,0.41441464,5.88
2026-03-12 02:20:00,0.41425948,6.06
2026-03-12 02:25:00,0.41398795,6.26
2026-03-12 02:30:00,0.41352247,6.44
2026-03-12 02:35:00,0.41352247,6.64
2026-03-12 02:40:00,0.41360005,6.84
2026-03-12 02:45:00,0.41336731,7.02
2026-03-12 02:50:00,0.41328973,7.22
2026-03-12 02:55:00,0.41332852,7.4
2026-03-12 03:00:00,0.41325094,7.6
2026-03-12 03:05:00,0.41321215,7.78
2026-03-12 03:10:00,0.41282425,7.96
2026-03-12 03:15:00,0.41290183,8.16
2026-03-12 03:20:00,0.41286304,8.34
2026-03-12 03:25:00,0.41278546,8.52
2026-03-12 03:30:00,0.41235877,8.7
2026-03-12 03:35:00,0.41228119,8.86
2026-03-12 03:40:00,0.41247514,9.04
2026-03-12 03:45:00,0.4122424,9.22
2026-03-12 03:50:00,0.41231998,9.4
2026-03-12 03:55:00,0.41220361,9.56
2026-03-12 04:00:00,0.41189329,9.74
2026-03-12 04:05:00,0.41204845,9.9
2026-03-12 04:10:00,0.41169934,10.06
2026-03-12 04:15:00,0.41204845,10.22
2026-03-12 04:20:00,0.41150539,10.36
2026-03-12 04:25:00,0.41150539,10.5
2026-03-12 04:30:00,0.41127265,10.64
2026-03-12 04:35:00,0.41154418,10.78
2026-03-12 04:40:00,0.4114666,10.92
2026-03-12 04:45:00,0.41119507,11.04
2026-03-12 04:50:00,0.41119507,11.16
2026-03-12 04:55:00,0.4110787,11.28
2026-03-12 05:00:00,0.41096233,11.38
2026-03-12 05:05:00,0.41115628,11.5
2026-03-12 05:10:00,0.4106908,11.6
2026-03-12 05:15:00,0.41065201,11.7
2026-03-12 05:20:00,0.4103029,11.74
2026-03-12 05:25:00,0.4103029,11.8
2026-03-12 05:30:00,0.41053564,11.8
2026-03-12 05:35:00,0.4103029,11.88
2026-03-12 05:40:00,0.41034169,11.9
2026-03-12 05:45:00,0.41038048,11.9
2026-03-12 05:50:00,0.41018653,11.9
2026-03-12 05:55:00,0.41003137,11.9
2026-03-12 06:00:00,0.41003137,11.9
2026-03-12 06:05:00,0.40995379,11.9
2026-03-12 06:10:00,0.41026411,11.9
2026-03-12 06:15:00,0.40995379,11.9
2026-03-12 06:20:00,0.40995379,11.9
2026-03-12 06:25:00,0.40987621,11.98
2026-03-12 06:30:00,0.41007016,12.0
2026-03-12 06:35:00,0.41003137,12.0
2026-03-12 06:40:00,0.40987621,12.0
2026-03-12 06:45:00,0.41018653,11.98
2026-03-12 06:50:00,0.40999258,11.9
2026-03-12 06:55:00,0.40983742,11.9
2026-03-12 07:00:00,0.409915,11.9
2026-03-12 07:05:00,0.40975984,11.8
2026-03-12 07:10:00,0.40999258,11.8
2026-03-12 07:15:00,0.40979863,11.7
2026-03-12 07:20:00,0.40987621,11.68
2026-03-12 07:25:00,0.41026411,11.6
2026-03-12 07:30:00,0.40979863,11.54
2026-03-12 07:35:00,0.40987621,11.5
2026-03-12 07:40:00,0.40995379,11.4
2026-03-12 07:45:00,0.41014774,11.34
2026-03-12 07:50:00,0.41010895,11.28
2026-03-12 07:55:00,0.41045806,11.2
2026-03-12 08:00:00,0.41018653,11.12
2026-03-12 08:05:00,0.40999258,11.06
2026-03-12 08:10:00,0.409915,11.0
2026-03-12 08:15:00,0.41010895,10.92
2026-03-12 08:20:00,0.41034169,10.86
2026-03-12 08:25:00,0.41034169,10.8
2026-03-12 08:30:00,0.41038048,10.7
2026-03-12 08:35:00,0.41014774,10.66
2026-03-12 08:40:00,0.41034169,10.6
2026-03-12 08:45:00,0.41038048,10.5
2026-03-12 08:50:00,0.41038048,10.44
2026-03-12 08:55:00,0.41026411,10.38
2026-03-12 09:00:00,0.40979863,10.3
2026-03-12 09:05:00,0.41038048,10.22
2026-03-12 09:10:00,0.41061322,10.16
2026-03-12 09:15:00,0.41041927,10.1
2026-03-12 09:20:00,0.41041927,10.0
2026-03-12 09:25:00,0.41045806,9.94
2026-03-12 09:30:00,0.4103029,9.86
2026-03-12 09:35:00,0.41057443,9.8
2026-03-12 09:40:00,0.409915,9.7
2026-03-12 09:45:00,0.41034169,9.64
2026-03-12 09:50:00,0.4103029,9.58
2026-03-12 09:55:00,0.4106908,9.5
2026-03-12 10:00:00,0.41053564,9.4
2026-03-12 10:05:00,0.41045806,9.34
2026-03-12 10:10:00,0.41038048,9.28
2026-03-12 10:15:00,0.41022532,9.2
2026-03-12 10:20:00,0.41041927,9.1
2026-03-12 10:25:00,0.41049685,9.04
2026-03-12 10:30:00,0.41092354,8.96
2026-03-12 10:35:00,0.41072959,8.9
2026-03-12 10:40:00,0.41049685,8.8
2026-03-12 10:45:00,0.4103029,8.74
2026-03-12 10:50:00,0.41072959,8.7
2026-03-12 10:55:00,0.41038048,8.6
2026-03-12 11:00:00,0.41014774,8.54
2026-03-12 11:05:00,0.40941073,8.48
2026-03-12 11:10:00,0.40968226,8.4
2026-03-12 11:15:00,0.40937194,8.32
2026-03-12 11:20:00,0.40975984,8.28
2026-03-12 11:25:00,0.40975984,8.2
2026-03-12 11:30:00,0.40960468,8.14
2026-03-12 11:35:00,0.40960468,8.08
2026-03-12 11:40:00,0.40944952,8.0
2026-03-12 11:45:00,0.40979863,7.94
2026-03-12 11:50:00,0.40941073,7.9
2026-03-12 11:55:00,0.40972105,7.8
2026-03-12 12:00:00,0.40979863,7.76
2026-03-12 12:05:00,0.40941073,7.7
2026-03-12 12:10:00,0.40964347,7.64
2026-03-12 12:15:00,0.40979863,7.6
2026-03-12 12:20:00,0.41010895,7.5
2026-03-12 12:25:00,0.40987621,7.48
2026-03-12 12:30:00,0.40999258,7.4
2026-03-12 12:35:00,0.40983742,7.36
2026-03-12 12:40:00,0.40944952,7.3
2026-03-12 12:45:00,0.40983742,7.24
2026-03-12 12:50:00,0.40968226,7.2
2026-03-12 12:55:00,0.40937194,7.14
2026-03-12 13:00:00,0.40968226,7.1
2026-03-12 13:05:00,0.41007016,7.0
2026-03-12 13:10:00,0.409915,7.0
2026-03-12 13:15:00,0.40983742,6.9
2026-03-12 13:20:00,0.40968226,6.9
2026-03-12 13:25:00,0.40960468,6.8
2026-03-12 13:30:00,0.40972105,6.8
2026-03-12 13:35:00,0.41010895,6.7
2026-03-12 13:40:00,0.40975984,6.68
2026-03-12 13:45:00,0.40999258,6.6
2026-03-12 13:50:00,0.40995379,6.58
2026-03-12 13:55:00,0.40983742,6.5
2026-03-12 14:00:00,0.41022532,6.5
2026-03-12 14:05:00,0.41038048,6.4
2026-03-12 14:10:00,0.41003137,6.4
2026-03-12 14:15:00,0.41007016,6.32
2026-03-12 14:20:00,0.41003137,6.3
2026-03-12 14:25:00,0.41034169,6.22
2026-03-12 14:30:00,0.41003137,6.2
2026-03-12 14:35:00,0.41003137,6.14
2026-03-12 14:40:00,0.41026411,6.1
2026-03-12 14:45:00,0.4103029,6.04
2026-03-12 14:50:00,0.4103029,6.0
2026-03-12 14:55:00,0.41026411,5.98
2026-03-12 15:00:00,0.41045806,5.9
2026-03-12 15:05:00,0.41018653,5.9
2026-03-12 15:10:00,0.41038048,5.82
2026-03-12 15:15:00,0.41049685,5.8
2026-03-12 15:20:00,0.41045806,5.74
2026-03-12 15:25:00,0.41018653,5.7
2026-03-12 15:30:00,0.41026411,5.68
2026-03-12 15:35:00,0.4106908,5.6
2026-03-12 15:40:00,0.41045806,5.6
2026-03-12 15:45:00,0.4103029,5.54
2026-03-12 15:50:00,0.41053564,5.5
2026-03-12 15:55:00,0.41049685,5.5
2026-03-12 16:00:00,0.41045806,5.4
2026-03-12 16:05:00,0.41045806,5.4
2026-03-12 16:10:00,0.41053564,5.36
2026-03-12 16:15:00,0.4103029,5.3
2026-03-12 16:20:00,0.41057443,5.3
2026-03-12 16:25:00,0.41076838,5.24
2026-03-12 16:30:00,0.41076838,5.2
2026-03-12 16:35:00,0.41065201,5.2
2026-03-12 16:40:00,0.41034169,5.16
2026-03-12 16:45:00,0.41049685,5.1
2026-03-12 16:50:00,0.41088475,5.1
2026-03-12 16:55:00,0.41061322,5.02
2026-03-12 17:00:00,0.41072959,5.0
2026-03-12 17:05:00,0.41072959,5.0
2026-03-12 17:10:00,0.41076838,4.92
2026-03-12 17:15:00,0.41080717,4.9
2026-03-12 17:20:00,0.41065201,4.9
2026-03-12 17:25:00,0.41080717,4.82
2026-03-12 17:30:00,0.41080717,4.8
2026-03-12 17:35:00,0.41092354,4.8
2026-03-12 17:40:00,0.41076838,4.7
2026-03-12 17:45:00,0.41080717,4.7
2026-03-12 17:50:00,0.41092354,4.7
2026-03-12 17:55:00,0.41088475,4.6
2026-03-12 18:00:00,0.41080717,4.6
2026-03-12 18:05:00,0.41096233,4.6
2026-03-12 18:10:00,0.41092354,4.54
2026-03-12 18:15:00,0.41076838,4.5
2026-03-12 18:20:00,0.41088475,4.5
2026-03-12 18:25:00,0.41096233,4.48
2026-03-12 18:30:00,0.41092354,4.4
2026-03-12 18:35:00,0.41100112,4.4
2026-03-12 18:40:00,0.41111749,4.36
2026-03-12 18:45:00,0.41103991,4.3
2026-03-12 18:50:00,0.41096233,4.3
2026-03-12 18:55:00,0.41100112,4.3
2026-03-12 19:00:00,0.41092354,4.24
2026-03-12 19:05:00,0.41100112,4.2
2026-03-12 19:10:00,0.41092354,4.2
2026-03-12 19:15:00,0.41092354,4.2
2026-03-12 19:20:00,0.41096233,4.12
2026-03-12 19:25:00,0.41100112,4.1
2026-03-12 19:30:00,0.41100112,4.1
2026-03-12 19:35:00,0.41100112,4.1
2026-03-12 19:40:00,0.41096233,4.0
2026-03-12 19:45:00,0.41103991,4.0
2026-03-12 19:50:00,0.4110787,4.0
2026-03-12 19:55:00,0.41100112,4.0
2026-03-12 20:00:00,0.41100112,3.94
2026-03-12 20:05:00,0.41103991,3.9
2026-03-12 20:10:00,0.41100112,3.9
2026-03-12 20:15:00,0.41103991,3.9
2026-03-12 20:20:00,0.4110787,3.88
2026-03-12 20:25:00,0.41096233,3.8
2026-03-12 20:30:00,0.4110787,3.8
2026-03-12 20:35:00,0.4110787,3.8
2026-03-12 20:40:00,0.4110787,3.8
2026-03-12 20:45:00,0.4110787,3.72
2026-03-12 20:50:00,0.41103991,3.7
2026-03-12 20:55:00,0.41103991,3.7
2026-03-12 21:00:00,0.4110787,3.7
2026-03-12 21:05:00,0.4110787,3.7
2026-03-12 21:10:00,0.41100112,3.64
2026-03-12 21:15:00,0.41103991,3.6
2026-03-12 21:20:00,0.41100112,3.6
2026-03-12 21:25:00,0.4110787,3.6
2026-03-12 21:30:00,0.41092354,3.6
2026-03-12 21:35:00,0.4110787,3.54
2026-03-12 21:40:00,0.41103991,3.5
2026-03-12 21:45:00,0.41096233,3.5
2026-03-12 21:50:00,0.41100112,3.5
2026-03-12 21:55:00,0.41092354,3.5
2026-03-12 22:00:00,0.41092354,3.44
2026-03-12 22:05:00,0.41100112,3.4
2026-03-12 22:10:00,0.41103991,3.4
2026-03-12 22:15:00,0.4110787,3.4
2026-03-12 22:20:00,0.41100112,3.4
2026-03-12 22:25:00,0.41096233,3.4
2026-03-12 22:30:00,0.41092354,3.36
2026-03-12 22:35:00,0.41092354,3.3
2026-03-12 22:40:00,0.41096233,3.3
2026-03-12 22:45:00,0.41100112,3.3
2026-03-12 22:50:00,0.41088475,3.3
2026-03-12 22:55:00,0.41100112,3.3
2026-03-12 23:00:00,0.41092354,3.3
2026-03-12 23:05:00,0.41080717,3.3
2026-03-12 23:10:00,0.41088475,3.26
2026-03-12 23:15:00,0.41092354,3.2
2026-03-12 23:20:00,0.41088475,3.2
2026-03-12 23:25:00,0.41100112,3.2
2026-03-12 23:30:00,0.41088475,3.2
2026-03-12 23:35:00,0.41088475,3.2
2026-03-12 23:40:00,0.41100112,3.2
2026-03-12 23:45:00,0.41096233,3.2
2026-03-12 23:50:00,0.41092354,3.2
2026-03-12 23:55:00,0.41092354,3.2
2026-03-13 00:00:00,0.41092354,3.2
2026-03-13 00:05:00,0.41088475,3.2
2026-03-13 00:10:00,0.41096233,3.22
2026-03-13 00:15:00,0.41084596,3.3
2026-03-13 00:20:00,0.41096233,3.3
2026-03-13 00:25:00,0.41076838,3.36
2026-03-13 00:30:00,0.41084596,3.4
2026-03-13 00:35:00,0.41076838,3.48
2026-03-13 00:40:00,0.41072959,3.56
2026-03-13 00:45:00,0.41057443,3.64
2026-03-13 00:50:00,0.41061322,3.74
2026-03-13 00:55:00,0.41053564,3.86
2026-03-13 01:00:00,0.41045806,3.98
2026-03-13 01:05:00,0.41038048,4.12
2026-03-13 01:10:00,0.4103029,4.24
2026-03-13 01:15:00,0.41026411,4.4
2026-03-13 01:20:00,0.41022532,4.54
2026-03-13 01:25:00,0.41010895,4.7
2026-03-13 01:30:00,0.40979863,4.86
2026-03-13 01:35:00,0.409915,5.04
2026-03-13 01:40:00,0.40983742,5.18
2026-03-13 01:45:00,0.40968226,5.36
2026-03-13 01:50:00,0.40960468,5.54
2026-03-13 01:55:00,0.40941073,5.7
2026-03-13 02:00:00,0.40933315,5.9
2026-03-13 02:05:00,0.40902283,6.08
2026-03-13 02:10:00,0.40910041,6.26
2026-03-13 02:15:00,0.40902283,6.46
2026-03-13 02:20:00,0.40886767,6.66
2026-03-13 02:25:00,0.40859614,6.84
2026-03-13 02:30:00,0.40855735,7.04
2026-03-13 02:35:00,0.40867372,7.24
2026-03-13 02:40:00,0.40801429,7.44
2026-03-13 02:45:00,0.40801429,7.62
2026-03-13 02:50:00,0.40824703,7.82
2026-03-13 02:55:00,0.40813066,8.02
2026-03-13 03:00:00,0.40824703,8.2
2026-03-13 03:05:00,0.4075876,8.4
2026-03-13 03:10:00,0.40778155,8.56
2026-03-13 03:15:00,0.40774276,8.76
2026-03-13 03:20:00,0.40754881,8.94
2026-03-13 03:25:00,0.40731607,9.1
2026-03-13 03:30:00,0.40751002,9.3
2026-03-13 03:35:00,0.40735486,9.46
2026-03-13 03:40:00,0.40696696,9.64
2026-03-13 03:45:00,0.4068118,9.8
2026-03-13 03:50:00,0.40692817,9.96
2026-03-13 03:55:00,0.40665664,10.14
2026-03-13 04:00:00,0.40685059,10.26
2026-03-13 04:05:00,0.40630753,10.44
2026-03-13 04:10:00,0.4064239,10.6
2026-03-13 04:15:00,0.40634632,10.74
2026-03-13 04:20:00,0.40661785,10.88
2026-03-13 04:25:00,0.40626874,11.02
2026-03-13 04:30:00,0.40576447,11.16
2026-03-13 04:35:00,0.4056481,11.28
2026-03-13 04:40:00,0.40553173,11.42
2026-03-13 04:45:00,0.40557052,11.54
2026-03-13 04:50:00,0.40537657,11.66
2026-03-13 04:55:00,0.40522141,11.76
2026-03-13 05:00:00,0.40510504,11.88
2026-03-13 05:05:00,0.4052602,11.98
2026-03-13 05:10:00,0.40506625,12.06
2026-03-13 05:15:00,0.40483351,12.14
2026-03-13 05:20:00,0.4048723,12.2
2026-03-13 05:25:00,0.40510504,12.26
2026-03-13 05:30:00,0.40502746,12.3
2026-03-13 05:35:00,0.40514383,12.3
2026-03-13 05:40:00,0.40537657,12.3
2026-03-13 05:45:00,0.40514383,12.3
2026-03-13 05:50:00,0.40444561,12.3
2026-03-13 05:55:00,0.40483351,12.3
2026-03-13 06:00:00,0.40491109,12.3
2026-03-13 06:05:00,0.40452319,12.3
2026-03-13 06:10:00,0.40456198,12.36
2026-03-13 06:15:00,0.40483351,12.4
2026-03-13 06:20:00,0.40456198,12.4
2026-03-13 06:25:00,0.40452319,12.4
2026-03-13 06:30:00,0.40452319,12.4
2026-03-13 06:35:00,0.40463956,12.4
2026-03-13 06:40:00,0.40475593,12.4
2026-03-13 06:45:00,0.40444561,12.4
2026-03-13 06:50:00,0.40429045,12.4
2026-03-13 06:55:00,0.40460077,12.4
2026-03-13 07:00:00,0.40436803,12.36
2026-03-13 07:05:00,0.40429045,12.3
2026-03-13 07:10:00,0.40432924,12.24
2026-03-13 07:15:00,0.40417408,12.2
2026-03-13 07:20:00,0.4040965,12.1
2026-03-13 07:25:00,0.40440682,12.04
2026-03-13 07:30:00,0.40394134,12.0
2026-03-13 07:35:00,0.40390255,11.9
2026-03-13 07:40:00,0.40405771,11.82
2026-03-13 07:45:00,0.40401892,11.74
2026-03-13 07:50:00,0.40394134,11.68
2026-03-13 07:55:00,0.40429045,11.6
2026-03-13 08:00:00,0.40436803,11.5
2026-03-13 08:05:00,0.40417408,11.42
2026-03-13 08:10:00,0.40405771,11.34
2026-03-13 08:15:00,0.40444561,11.26
2026-03-13 08:20:00,0.40417408,11.2
2026-03-13 08:25:00,0.40444561,11.1
2026-03-13 08:30:00,0.40456198,11.02
2026-03-13 08:35:00,0.40456198,10.96
2026-03-13 08:40:00,0.40436803,10.9
2026-03-13 08:45:00,0.40467835,10.8
2026-03-13 08:50:00,0.40452319,10.72
2026-03-13 08:55:00,0.40460077,10.66
2026-03-13 09:00:00,0.4044844,10.6
2026-03-13 09:05:00,0.40463956,10.5
2026-03-13 09:10:00,0.40463956,10.42
2026-03-13 09:15:00,0.40456198,10.36
2026-03-13 09:20:00,0.40436803,10.3
2026-03-13 09:25:00,0.40421287,10.2
2026-03-13 09:30:00,0.40436803,10.14
2026-03-13 09:35:00,0.40436803,10.08
2026-03-13 09:40:00,0.4044844,10.0
2026-03-13 09:45:00,0.4040965,9.92
2026-03-13 09:50:00,0.40440682,9.84
2026-03-13 09:55:00,0.40440682,9.78
2026-03-13 10:00:00,0.4044844,9.7
2026-03-13 10:05:00,0.40456198,9.6
2026-03-13 10:10:00,0.40452319,9.54
2026-03-13 10:15:00,0.40471714,9.46
2026-03-13 10:20:00,0.40456198,9.4
2026-03-13 10:25:00,0.40440682,9.3
2026-03-13 10:30:00,0.40467835,9.24
2026-03-13 10:35:00,0.40456198,9.16
2026-03-13 10:40:00,0.40436803,9.1
2026-03-13 10:45:00,0.40479472,9.0
2026-03-13 10:50:00,0.40444561,8.94
2026-03-13 10:55:00,0.40452319,8.88
2026-03-13 11:00:00,0.40456198,8.8
2026-03-13 11:05:00,0.40491109,8.72
2026-03-13 11:10:00,0.40471714,8.68
2026-03-13 11:15:00,0.40471714,8.6
2026-03-13 11:20:00,0.40463956,8.54
2026-03-13 11:25:00,0.40475593,8.48
2026-03-13 11:30:00,0.4048723,8.4
2026-03-13 11:35:00,0.40483351,8.34
2026-03-13 11:40:00,0.40463956,8.3
2026-03-13 11:45:00,0.40491109,8.2
2026-03-13 11:50:00,0.40479472,8.16
2026-03-13 11:55:00,0.40460077,8.1
2026-03-13 12:00:00,0.40471714,8.0
2026-03-13 12:05:00,0.40510504,7.96
2026-03-13 12:10:00,0.40498867,7.9
2026-03-13 12:15:00,0.40494988,7.82
2026-03-13 12:20:00,0.40498867,7.78
2026-03-13 12:25:00,0.4048723,7.7
2026-03-13 12:30:00,0.40467835,7.64
2026-03-13 12:35:00,0.40475593,7.6
2026-03-13 12:40:00,0.40494988,7.5
2026-03-13 12:45:00,0.40452319,7.46
2026-03-13 12:50:00,0.40452319,7.4
2026-03-13 12:55:00,0.40494988,7.34
2026-03-13 13:00:00,0.40467835,7.3
2026-03-13 13:05:00,0.40518262,7.22
2026-03-13 13:10:00,0.40514383,7.2
2026-03-13 13:15:00,0.40467835,7.12
2026-03-13 13:20:00,0.40475593,7.08
2026-03-13 13:25:00,0.40498867,7.0
2026-03-13 13:30:00,0.40514383,6.98
2026-03-13 13:35:00,0.40475593,6.9
2026-03-13 13:40:00,0.40506625,6.86
2026-03-13 13:45:00,0.40471714,6.8
2026-03-13 13:50:00,0.40498867,6.78
2026-03-13 13:55:00,0.40491109,6.7
2026-03-13 14:00:00,0.40522141,6.66
2026-03-13 14:05:00,0.40514383,6.6
2026-03-13 14:10:00,0.4048723,6.58
2026-03-13 14:15:00,0.40514383,6.5
2026-03-13 14:20:00,0.40518262,6.48
2026-03-13 14:25:00,0.40502746,6.4
2026-03-13 14:30:00,0.4052602,6.4
2026-03-13 14:35:00,0.40541536,6.3
2026-03-13 14:40:00,0.40514383,6.3
2026-03-13 14:45:00,0.40506625,6.22
2026-03-13 14:50:00,0.40510504,6.2
2026-03-13 14:55:00,0.40545415,6.14
2026-03-13 15:00:00,0.40549294,6.1
2026-03-13 15:05:00,0.40541536,6.08
2026-03-13 15:10:00,0.40537657,6.0
2026-03-13 15:15:00,0.40529899,6.0
2026-03-13 15:20:00,0.40549294,5.92
2026-03-13 15:25:00,0.40549294,5.9
2026-03-13 15:30:00,0.40522141,5.84
2026-03-13 15:35:00,0.4056481,5.8
2026-03-13 15:40:00,0.40553173,5.78
2026-03-13 15:45:00,0.40553173,5.7
2026-03-13 15:50:00,0.40557052,5.7
2026-03-13 15:55:00,0.40537657,5.64
2026-03-13 16:00:00,0.40560931,5.6
2026-03-13 16:05:00,0.40549294,5.6
2026-03-13 16:10:00,0.40568689,5.5
2026-03-13 16:15:00,0.40549294,5.5
2026-03-13 16:20:00,0.40553173,5.46
2026-03-13 16:25:00,0.4056481,5.4
2026-03-13 16:30:00,0.40557052,5.4
2026-03-13 16:35:00,0.40537657,5.34
2026-03-13 16:40:00,0.40549294,5.3
2026-03-13 16:45:00,0.40557052,5.3
2026-03-13 16:50:00,0.40572568,5.22
2026-03-13 16:55:00,0.40549294,5.2
2026-03-13 17:00:00,0.4056481,5.2
2026-03-13 17:05:00,0.40545415,5.16
2026-03-13 17:10:00,0.40572568,5.1
2026-03-13 17:15:00,0.40568689,5.1
2026-03-13 17:20:00,0.40572568,5.02
2026-03-13 17:25:00,0.40572568,5.0
2026-03-13 17:30:00,0.40576447,5.0
2026-03-13 17:35:00,0.40568689,4.92
2026-03-13 17:40:00,0.40568689,4.9
2026-03-13 17:45:00,0.40580326,4.9
2026-03-13 17:50:00,0.40584205,4.84
2026-03-13 17:55:00,0.40568689,4.8
2026-03-13 18:00:00,0.40572568,4.8
2026-03-13 18:05:00,0.40588084,4.72
2026-03-13 18:10:00,0.40576447,4.7
2026-03-13 18:15:00,0.40572568,4.7
2026-03-13 18:20:00,0.40584205,4.66
2026-03-13 18:25:00,0.40584205,4.6
2026-03-13 18:30:00,0.40588084,4.6
2026-03-13 18:35:00,0.40584205,4.6
2026-03-13 18:40:00,0.40584205,4.52
2026-03-13 18:45:00,0.40591963,4.5
2026-03-13 18:50:00,0.40584205,4.5
2026-03-13 18:55:00,0.40588084,4.48
2026-03-13 19:00:00,0.40591963,4.4
2026-03-13 19:05:00,0.40591963,4.4
2026-03-13 19:10:00,0.40580326,4.4
2026-03-13 19:15:00,0.40595842,4.32
2026-03-13 19:20:00,0.40588084,4.3
2026-03-13 19:25:00,0.40595842,4.3
2026-03-13 19:30:00,0.40591963,4.3
2026-03-13 19:35:00,0.40591963,4.2
2026-03-13 19:40:00,0.40584205,4.2
2026-03-13 19:45:00,0.40599721,4.2
2026-03-13 19:50:00,0.40588084,4.2
2026-03-13 19:55:00,0.406036,4.14
2026-03-13 20:00:00,0.40584205,4.1
2026-03-13 20:05:00,0.40595842,4.1
2026-03-13 20:10:00,0.40588084,4.1
2026-03-13 20:15:00,0.40607479,4.04
2026-03-13 20:20:00,0.40591963,4.0
2026-03-13 20:25:00,0.40607479,4.0
2026-03-13 20:30:00,0.40595842,4.0
2026-03-13 20:35:00,0.406036,4.0
2026-03-13 20:40:00,0.40588084,3.9
2026-03-13 20:45:00,0.40588084,3.9
2026-03-13 20:50:00,0.40595842,3.9
2026-03-13 20:55:00,0.40588084,3.9
2026-03-13 21:00:00,0.40591963,3.9
2026-03-13 21:05:00,0.40595842,3.8
2026-03-13 21:10:00,0.40595842,3.8
2026-03-13 21:15:00,0.40599721,3.8
2026-03-13 21:20:00,0.40595842,3.8
2026-03-13 21:25:00,0.40595842,3.76
2026-03-13 21:30:00,0.40595842,3.7
2026-03-13 21:35:00,0.40599721,3.7
2026-03-13 21:40:00,0.40591963,3.7
2026-03-13 21:45:00,0.40591963,3.7
2026-03-13 21:50:00,0.40584205,3.7
2026-03-13 21:55:00,0.40591963,3.6
2026-03-13 22:00:00,0.40584205,3.6
2026-03-13 22:05:00,0.40595842,3.6
2026-03-13 22:10:00,0.40580326,3.6
2026-03-13 22:15:00,0.40599721,3.6
2026-03-13 22:20:00,0.40588084,3.56
2026-03-13 22:25:00,0.40595842,3.5
2026-03-13 22:30:00,0.40591963,3.5
2026-03-13 22:35:00,0.406036,3.5
2026-03-13 22:40:00,0.40588084,3.5
2026-03-13 22:45:00,0.40595842,3.5
2026-03-13 22:50:00,0.40595842,3.5
2026-03-13 22:55:00,0.40588084,3.46
2026-03-13 23:00:00,0.40591963,3.4
2026-03-13 23:05:00,0.40591963,3.4
2026-03-13 23:10:00,0.40588084,3.4
2026-03-13 23:15:00,0.40591963,3.4
2026-03-13 23:20:00,0.40591963,3.4
2026-03-13 23:25:00,0.40584205,3.4
2026-03-13 23:30:00,0.40584205,3.4
2026-03-13 23:35:00,0.40584205,3.4
2026-03-13 23:40:00,0.40584205,3.4
2026-03-13 23:45:00,0.40576447,3.42
2026-03-13 23:50:00,0.40584205,3.5
2026-03-13 23:55:00,0.40588084,3.5
2026-03-14 00:00:00,0.40584205,3.5
2026-03-14 00:05:00,0.40572568,3.6
2026-03-14 00:10:00,0.40560931,3.6
2026-03-14 00:15:00,0.40568689,3.66
2026-03-14 00:20:00,0.4056481,3.7
2026-03-14 00:25:00,0.40557052,3.78
2026-03-14 00:30:00,0.40549294,3.86
2026-03-14 00:35:00,0.40549294,3.94
2026-03-14 00:40:00,0.40549294,4.02
2026-03-14 00:45:00,0.40545415,4.12
2026-03-14 00:50:00,0.40529899,4.24
2026-03-14 00:55:00,0.4052602,4.34
2026-03-14 01:00:00,0.40522141,4.46
2026-03-14 01:05:00,0.40510504,4.58
2026-03-14 01:10:00,0.40494988,4.72
2026-03-14 01:15:00,0.40498867,4.86
2026-03-14 01:20:00,0.40494988,5.0
2026-03-14 01:25:00,0.4048723,5.14
2026-03-14 01:30:00,0.40471714,5.26
2026-03-14 01:35:00,0.40440682,5.44
2026-03-14 01:40:00,0.40436803,5.58
2026-03-14 01:45:00,0.40425166,5.74
2026-03-14 01:50:00,0.40429045,5.9
2026-03-14 01:55:00,0.40398013,6.06
2026-03-14 02:00:00,0.40417408,6.24
2026-03-14 02:05:00,0.40394134,6.4
2026-03-14 02:10:00,0.40378618,6.56
2026-03-14 02:15:00,0.40355344,6.76
2026-03-14 02:20:00,0.40347586,6.94
2026-03-14 02:25:00,0.40324312,7.14
2026-03-14 02:30:00,0.40320433,7.32
2026-03-14 02:35:00,0.40304917,7.5
2026-03-14 02:40:00,0.40289401,7.7
2026-03-14 02:45:00,0.40308796,7.88
2026-03-14 02:50:00,0.40238974,8.06
2026-03-14 02:55:00,0.4025449,8.26
2026-03-14 03:00:00,0.40242853,8.44
2026-03-14 03:05:00,0.40246732,8.62
2026-03-14 03:10:00,0.40238974,8.8
2026-03-14 03:15:00,0.40211821,9.0
2026-03-14 03:20:00,0.40204063,9.18
2026-03-14 03:25:00,0.40207942,9.36
2026-03-14 03:30:00,0.40196305,9.54
2026-03-14 03:35:00,0.40207942,9.74
2026-03-14 03:40:00,0.40165273,9.9
2026-03-14 03:45:00,0.40145878,10.1
2026-03-14 03:50:00,0.40145878,10.26
2026-03-14 03:55:00,0.40130362,10.44
2026-03-14 04:00:00,0.40122604,10.6
2026-03-14 04:05:00,0.40141999,10.8
2026-03-14 04:10:00,0.40114846,10.96
2026-03-14 04:15:00,0.40068298,11.14
2026-03-14 04:20:00,0.40068298,11.3
2026-03-14 04:25:00,0.4002175,11.46
2026-03-14 04:30:00,0.4002175,11.64
2026-03-14 04:35:00,0.40013992,11.76
2026-03-14 04:40:00,0.40025629,11.94
2026-03-14 04:45:00,0.39994597,12.06
2026-03-14 04:50:00,0.39979081,12.2
2026-03-14 04:55:00,0.39955807,12.34
2026-03-14 05:00:00,0.39986839,12.46
2026-03-14 05:05:00,0.39967444,12.58
2026-03-14 05:10:00,0.39975202,12.7
2026-03-14 05:15:00,0.3998296,12.78
2026-03-14 05:20:00,0.39932533,12.84
2026-03-14 05:25:00,0.39955807,12.9
2026-03-14 05:30:00,0.39959686,12.9
2026-03-14 05:35:00,0.39940291,12.98
2026-03-14 05:40:00,0.39924775,13.0
2026-03-14 05:45:00,0.39920896,13.0
2026-03-14 05:50:00,0.39897622,13.0
2026-03-14 05:55:00,0.39940291,12.94
2026-03-14 06:00:00,0.39932533,12.9
2026-03-14 06:05:00,0.39897622,12.9
2026-03-14 06:10:00,0.39889864,12.9
2026-03-14 06:15:00,0.39913138,12.92
2026-03-14 06:20:00,0.39885985,13.0
2026-03-14 06:25:00,0.3990538,13.0
2026-03-14 06:30:00,0.39854953,13.0
2026-03-14 06:35:00,0.39885985,13.0
2026-03-14 06:40:00,0.39885985,13.0
2026-03-14 06:45:00,0.39885985,13.0
2026-03-14 06:50:00,0.39843316,12.9
2026-03-14 06:55:00,0.39839437,12.9
2026-03-14 07:00:00,0.39874348,12.82
2026-03-14 07:05:00,0.39878227,12.78
2026-03-14 07:10:00,0.39862711,12.7
2026-03-14 07:15:00,0.39878227,12.6
2026-03-14 07:20:00,0.39851074,12.54
2026-03-14 07:25:00,0.39874348,12.46
2026-03-14 07:30:00,0.39816163,12.38
2026-03-14 07:35:00,0.39804526,12.28
2026-03-14 07:40:00,0.39800647,12.2
2026-03-14 07:45:00,0.398278,12.1
2026-03-14 07:50:00,0.39835558,12.02
2026-03-14 07:55:00,0.39835558,11.98
2026-03-14 08:00:00,0.39792889,11.9
2026-03-14 08:05:00,0.39808405,11.8
2026-03-14 08:10:00,0.398278,11.74
2026-03-14 08:15:00,0.39804526,11.68
2026-03-14 08:20:00,0.39847195,11.6
2026-03-14 08:25:00,0.39812284,11.5
2026-03-14 08:30:00,0.39839437,11.44
2026-03-14 08:35:00,0.39812284,11.34
2026-03-14 08:40:00,0.39835558,11.26
2026-03-14 08:45:00,0.39831679,11.18
2026-03-14 08:50:00,0.39870469,11.1
2026-03-14 08:55:00,0.3986659,11.0
2026-03-14 09:00:00,0.39854953,10.92
2026-03-14 09:05:00,0.39858832,10.84
2026-03-14 09:10:00,0.39835558,10.76
2026-03-14 09:15:00,0.3986659,10.68
2026-03-14 09:20:00,0.39843316,10.6
2026-03-14 09:25:00,0.39847195,10.5
2026-03-14 09:30:00,0.39843316,10.42
2026-03-14 09:35:00,0.39851074,10.34
2026-03-14 09:40:00,0.39851074,10.26
2026-03-14 09:45:00,0.39862711,10.2
2026-03-14 09:50:00,0.39858832,10.1
2026-03-14 09:55:00,0.3986659,10.02
2026-03-14 10:00:00,0.39823921,9.94
2026-03-14 10:05:00,0.3986659,9.86
2026-03-14 10:10:00,0.39862711,9.78
2026-03-14 10:15:00,0.39858832,9.7
2026-03-14 10:20:00,0.39854953,9.6
2026-03-14 10:25:00,0.39847195,9.52
2026-03-14 10:30:00,0.39862711,9.44
2026-03-14 10:35:00,0.39870469,9.38
2026-03-14 10:40:00,0.39839437,9.3
2026-03-14 10:45:00,0.39858832,9.2
2026-03-14 10:50:00,0.39862711,9.12
2026-03-14 10:55:00,0.39878227,9.06
2026-03-14 11:00:00,0.39862711,8.98
2026-03-14 11:05:00,0.39858832,8.9
2026-03-14 11:10:00,0.39893743,8.82
2026-03-14 11:15:00,0.39847195,8.76
2026-03-14 11:20:00,0.39870469,8.7
2026-03-14 11:25:00,0.39885985,8.6
2026-03-14 11:30:00,0.39882106,8.54
2026-03-14 11:35:00,0.39839437,8.48
2026-03-14 11:40:00,0.39843316,8.4
2026-03-14 11:45:00,0.39858832,8.34
2026-03-14 11:50:00,0.39889864,8.3
2026-03-14 11:55:00,0.39823921,8.2
2026-03-14 12:00:00,0.39862711,8.16
2026-03-14 12:05:00,0.39831679,8.1
2026-03-14 12:10:00,0.39816163,8.02
2026-03-14 12:15:00,0.3986659,8.0
2026-03-14 12:20:00,0.3986659,7.9
2026-03-14 12:25:00,0.3986659,7.88
2026-03-14 12:30:00,0.39862711,7.8
2026-03-14 12:35:00,0.39882106,7.74
2026-03-14 12:40:00,0.39893743,7.7
2026-03-14 12:45:00,0.39858832,7.62
2026-03-14 12:50:00,0.39851074,7.56
2026-03-14 12:55:00,0.39816163,7.5
2026-03-14 13:00:00,0.39851074,7.44
2026-03-14 13:05:00,0.39870469,7.4
2026-03-14 13:10:00,0.39851074,7.3
2026-03-14 13:15:00,0.39843316,7.28
2026-03-14 13:20:00,0.39858832,7.2
2026-03-14 13:25:00,0.39831679,7.16
2026-03-14 13:30:00,0.39878227,7.1
2026-03-14 13:35:00,0.39823921,7.04
2026-03-14 13:40:00,0.39851074,7.0
2026-03-14 13:45:00,0.39835558,6.92
2026-03-14 13:50:00,0.3986659,6.9
2026-03-14 13:55:00,0.39847195,6.8
2026-03-14 14:00:00,0.39897622,6.8
2026-03-14 14:05:00,0.39862711,6.7
2026-03-14 14:10:00,0.39847195,6.68
2026-03-14 14:15:00,0.3986659,6.6
2026-03-14 14:20:00,0.39909259,6.58
2026-03-14 14:25:00,0.39897622,6.5
2026-03-14 14:30:00,0.39870469,6.48
2026-03-14 14:35:00,0.39893743,6.4
2026-03-14 14:40:00,0.39897622,6.4
2026-03-14 14:45:00,0.39897622,6.3
2026-03-14 14:50:00,0.39882106,6.3
2026-03-14 14:55:00,0.39909259,6.22
2026-03-14 15:00:00,0.39885985,6.2
2026-03-14 15:05:00,0.39893743,6.14
2026-03-14 15:10:00,0.39897622,6.1
2026-03-14 15:15:00,0.39889864,6.08
2026-03-14 15:20:00,0.39882106,6.0
2026-03-14 15:25:00,0.39917017,6.0
2026-03-14 15:30:00,0.39885985,5.96
2026-03-14 15:35:00,0.39917017,5.9
2026-03-14 15:40:00,0.39882106,5.9
2026-03-14 15:45:00,0.39913138,5.84
2026-03-14 15:50:00,0.39924775,5.8
2026-03-14 15:55:00,0.39913138,5.8
2026-03-14 16:00:00,0.39917017,5.72
2026-03-14 16:05:00,0.39897622,5.7
2026-03-14 16:10:00,0.39924775,5.7
2026-03-14 16:15:00,0.39897622,5.62
2026-03-14 16:20:00,0.39897622,5.6
2026-03-14 16:25:00,0.39897622,5.6
2026-03-14 16:30:00,0.39897622,5.56
2026-03-14 16:35:00,0.3990538,5.5
2026-03-14 16:40:00,0.39920896,5.5
2026-03-14 16:45:00,0.39917017,5.5
2026-03-14 16:50:00,0.39924775,5.46
2026-03-14 16:55:00,0.39893743,5.4
2026-03-14 17:00:00,0.39928654,5.4
2026-03-14 17:05:00,0.39901501,5.4
2026-03-14 17:10:00,0.39909259,5.4
2026-03-14 17:15:00,0.39924775,5.4
2026-03-14 17:20:00,0.39913138,5.3
2026-03-14 17:25:00,0.39920896,5.3
2026-03-14 17:30:00,0.39901501,5.3
2026-03-14 17:35:00,0.39909259,5.3
2026-03-14 17:40:00,0.39913138,5.3
2026-03-14 17:45:00,0.39928654,5.3
2026-03-14 17:50:00,0.39913138,5.3
2026-03-14 17:55:00,0.39917017,5.3
2026-03-14 18:00:00,0.39901501,5.3
2026-03-14 18:05:00,0.39913138,5.2
2026-03-14 18:10:00,0.3990538,5.2
2026-03-14 18:15:00,0.3990538,5.2
2026-03-14 18:20:00,0.39917017,5.2
2026-03-14 18:25:00,0.39897622,5.2
2026-03-14 18:30:00,0.39917017,5.2
2026-03-14 18:35:00,0.39893743,5.2
2026-03-14 18:40:00,0.39920896,5.2
2026-03-14 18:45:00,0.39920896,5.2
2026-03-14 18:50:00,0.39917017,5.2
2026-03-14 18:55:00,0.39909259,5.2
2026-03-14 19:00:00,0.39920896,5.2
2026-03-14 19:05:00,0.39924775,5.2
2026-03-14 19:10:00,0.39901501,5.2
2026-03-14 19:15:00,0.39897622,5.2
2026-03-14 19:20:00,0.39920896,5.2
2026-03-14 19:25:00,0.39920896,5.2
2026-03-14 19:30:00,0.39909259,5.2
2026-03-14 19:35:00,0.39917017,5.1
2026-03-14 19:40:00,0.39889864,5.1
2026-03-14 19:45:00,0.39913138,5.1
2026-03-14 19:50:00,0.3990538,5.1
2026-03-14 19:55:00,0.3990538,5.1
2026-03-14 20:00:00,0.39901501,5.1
2026-03-14 20:05:00,0.39897622,5.1
2026-03-14 20:10:00,0.39909259,5.1
2026-03-14 20:15:00,0.3990538,5.1
2026-03-14 20:20:00,0.39909259,5.1
2026-03-14 20:25:00,0.3990538,5.1
2026-03-14 20:30:00,0.39909259,5.1
2026-03-14 20:35:00,0.39917017,5.1
2026-03-14 20:40:00,0.39889864,5.1
2026-03-14 20:45:00,0.3990538,5.1
2026-03-14 20:50:00,0.39897622,5.1
2026-03-14 20:55:00,0.39897622,5.1
2026-03-14 21:00:00,0.39913138,5.1
2026-03-14 21:05:00,0.3990538,5.1
2026-03-14 21:10:00,0.39889864,5.1
2026-03-14 21:15:00,0.3990538,5.1
2026-03-14 21:20:00,0.39909259,5.1
2026-03-14 21:25:00,0.39909259,5.1
2026-03-14 21:30:00,0.39882106,5.1
2026-03-14 21:35:00,0.39901501,5.1
2026-03-14 21:40:00,0.39870469,5.1
2026-03-14 21:45:00,0.39885985,5.1
2026-03-14 21:50:00,0.39893743,5.1
2026-03-14 21:55:00,0.39889864,5.1
2026-03-14 22:00:00,0.39901501,5.1
2026-03-14 22:05:00,0.39885985,5.1
2026-03-14 22:10:00,0.39897622,5.1
2026-03-14 22:15:00,0.39897622,5.12
2026-03-14 22:20:00,0.39897622,5.2
2026-03-14 22:25:00,0.39882106,5.2
2026-03-14 22:30:00,0.39901501,5.2
2026-03-14 22:35:00,0.3990538,5.2
2026-03-14 22:40:00,0.39897622,5.2
2026-03-14 22:45:00,0.39897622,5.2
2026-03-14 22:50:00,0.39901501,5.2
2026-03-14 22:55:00,0.39889864,5.2
2026-03-14 23:00:00,0.39893743,5.2
2026-03-14 23:05:00,0.39885985,5.2
2026-03-14 23:10:00,0.39874348,5.2
2026-03-14 23:15:00,0.39885985,5.2
2026-03-14 23:20:00,0.39885985,5.2
2026-03-14 23:25:00,0.39882106,5.2
2026-03-14 23:30:00,0.39889864,5.3
2026-03-14 23:35:00,0.39874348,5.3
2026-03-14 23:40:00,0.39885985,5.3
2026-03-14 23:45:00,0.39874348,5.3
2026-03-14 23:50:00,0.39874348,5.34
2026-03-14 23:55:00,0.39874348,5.4
2026-03-15 00:00:00,0.39882106,5.4
2026-03-15 00:05:00,0.3986659,5.42
2026-03-15 00:10:00,0.39862711,5.5
2026-03-15 00:15:00,0.39839437,5.5
2026-03-15 00:20:00,0.39839437,5.52
2026-03-15 00:25:00,0.39851074,5.6
2026-03-15 00:30:00,0.39847195,5.6
2026-03-15 00:35:00,0.398278,5.6
2026-03-15 00:40:00,0.39847195,5.7
2026-03-15 00:45:00,0.39858832,5.7
2026-03-15 00:50:00,0.39843316,5.7
2026-03-15 00:55:00,0.39843316,5.76
2026-03-15 01:00:00,0.39835558,5.8
2026-03-15 01:05:00,0.39843316,5.8
2026-03-15 01:10:00,0.39835558,5.86
2026-03-15 01:15:00,0.39816163,5.9
2026-03-15 01:20:00,0.39835558,5.9
2026-03-15 01:25:00,0.39839437,5.96
2026-03-15 01:30:00,0.39804526,6.0
2026-03-15 01:35:00,0.39808405,6.0
2026-03-15 01:40:00,0.39816163,6.1
2026-03-15 01:45:00,0.39823921,6.1
2026-03-15 01:50:00,0.39796768,6.16
2026-03-15 01:55:00,0.39831679,6.2
2026-03-15 02:00:00,0.39820042,6.22
2026-03-15 02:05:00,0.39812284,6.3
2026-03-15 02:10:00,0.39820042,6.32
2026-03-15 02:15:00,0.3978901,6.4
2026-03-15 02:20:00,0.39781252,6.4
2026-03-15 02:25:00,0.39781252,6.5
2026-03-15 02:30:00,0.39785131,6.5
2026-03-15 02:35:00,0.39757978,6.6
2026-03-15 02:40:00,0.39757978,6.64
2026-03-15 02:45:00,0.3975022,6.72
2026-03-15 02:50:00,0.39761857,6.8
2026-03-15 02:55:00,0.39746341,6.9
2026-03-15 03:00:00,0.39723067,7.0
2026-03-15 03:05:00,0.3971143,7.12
2026-03-15 03:10:00,0.3975022,7.22
2026-03-15 03:15:00,0.3971143,7.34
2026-03-15 03:20:00,0.39703672,7.44
2026-03-15 03:25:00,0.39726946,7.56
2026-03-15 03:30:00,0.39703672,7.68
2026-03-15 03:35:00,0.39664882,7.84
2026-03-15 03:40:00,0.39688156,7.96
2026-03-15 03:45:00,0.39649366,8.1
2026-03-15 03:50:00,0.39688156,8.26
2026-03-15 03:55:00,0.39664882,8.38
2026-03-15 04:00:00,0.39645487,8.54
2026-03-15 04:05:00,0.39641608,8.66
2026-03-15 04:10:00,0.39602818,8.8
2026-03-15 04:15:00,0.39622213,8.94
2026-03-15 04:20:00,0.39575665,9.06
2026-03-15 04:25:00,0.39591181,9.18
2026-03-15 04:30:00,0.39567907,9.32
2026-03-15 04:35:00,0.39560149,9.44
2026-03-15 04:40:00,0.3955627,9.54
2026-03-15 04:45:00,0.3955627,9.64
2026-03-15 04:50:00,0.39560149,9.74
2026-03-15 04:55:00,0.39564028,9.84
2026-03-15 05:00:00,0.39560149,9.96
2026-03-15 05:05:00,0.39521359,10.04
2026-03-15 05:10:00,0.39544633,10.14
2026-03-15 05:15:00,0.3951748,10.22
2026-03-15 05:20:00,0.39544633,10.3
2026-03-15 05:25:00,0.39509722,10.38
2026-03-15 05:30:00,0.39505843,10.42
2026-03-15 05:35:00,0.39509722,10.5
2026-03-15 05:40:00,0.39513601,10.52
2026-03-15 05:45:00,0.39501964,10.6
2026-03-15 05:50:00,0.39509722,10.6
2026-03-15 05:55:00,0.39486448,10.68
2026-03-15 06:00:00,0.39490327,10.7
2026-03-15 06:05:00,0.39470932,10.74
2026-03-15 06:10:00,0.39467053,10.8
2026-03-15 06:15:00,0.3947869,10.8
2026-03-15 06:20:00,0.39451537,10.9
2026-03-15 06:25:00,0.39455416,10.9
2026-03-15 06:30:00,0.39451537,10.98
2026-03-15 06:35:00,0.39443779,11.0
2026-03-15 06:40:00,0.39428263,11.0
2026-03-15 06:45:00,0.39416626,11.1
2026-03-15 06:50:00,0.39432142,11.1
2026-03-15 06:55:00,0.39377836,11.1
2026-03-15 07:00:00,0.39408868,11.1
2026-03-15 07:05:00,0.39393352,11.1
2026-03-15 07:10:00,0.39377836,11.1
2026-03-15 07:15:00,0.39373957,11.1
2026-03-15 07:20:00,0.39381715,11.1
2026-03-15 07:25:00,0.39385594,11.1
2026-03-15 07:30:00,0.39389473,11.1
2026-03-15 07:35:00,0.3936232,11.1
2026-03-15 07:40:00,0.39370078,11.1
2026-03-15 07:45:00,0.39381715,11.02
2026-03-15 07:50:00,0.3936232,11.0
2026-03-15 07:55:00,0.39366199,11.0
2026-03-15 08:00:00,0.39358441,11.0
2026-03-15 08:05:00,0.39377836,10.9
2026-03-15 08:10:00,0.39408868,10.9
2026-03-15 08:15:00,0.39381715,10.9
2026-03-15 08:20:00,0.39370078,10.82
2026-03-15 08:25:00,0.39389473,10.8
2026-03-15 08:30:00,0.3940111,10.76
2026-03-15 08:35:00,0.3936232,10.7
2026-03-15 08:40:00,0.39389473,10.68
2026-03-15 08:45:00,0.39385594,10.6
2026-03-15 08:50:00,0.39389473,10.58
2026-03-15 08:55:00,0.39327409,10.5
2026-03-15 09:00:00,0.39377836,10.46
2026-03-15 09:05:00,0.39393352,10.4
2026-03-15 09:10:00,0.39354562,10.34
2026-03-15 09:15:00,0.39366199,10.3
2026-03-15 09:20:00,0.39354562,10.24
2026-03-15 09:25:00,0.39366199,10.2
2026-03-15 09:30:00,0.39350683,10.12
2026-03-15 09:35:00,0.39389473,10.1
2026-03-15 09:40:00,0.39370078,10.02
2026-03-15 09:45:00,0.39339046,10.0
2026-03-15 09:50:00,0.39389473,9.92
2026-03-15 09:55:00,0.39377836,9.9
2026-03-15 10:00:00,0.39339046,9.8
2026-03-15 10:05:00,0.39354562,9.8
2026-03-15 10:10:00,0.39366199,9.7
2026-03-15 10:15:00,0.3936232,9.7
2026-03-15 10:20:00,0.39370078,9.6
2026-03-15 10:25:00,0.39366199,9.6
2026-03-15 10:30:00,0.39354562,9.52
2026-03-15 10:35:00,0.39370078,9.5
2026-03-15 10:40:00,0.39354562,9.42
2026-03-15 10:45:00,0.3940111,9.4
2026-03-15 10:50:00,0.39393352,9.36
2026-03-15 10:55:00,0.39358441,9.3
2026-03-15 11:00:00,0.3936232,9.3
2026-03-15 11:05:00,0.39377836,9.2
2026-03-15 11:10:00,0.39350683,9.2
2026-03-15 11:15:00,0.39370078,9.12
2026-03-15 11:20:00,0.39366199,9.1
2026-03-15 11:25:00,0.39381715,9.02
2026-03-15 11:30:00,0.39366199,9.0
2026-03-15 11:35:00,0.39377836,8.92
2026-03-15 11:40:00,0.3936232,8.88
2026-03-15 11:45:00,0.39385594,8.8
2026-03-15 11:50:00,0.39370078,8.76
2026-03-15 11:55:00,0.39366199,8.7
2026-03-15 12:00:00,0.39366199,8.64
2026-03-15 12:05:00,0.39366199,8.6
2026-03-15 12:10:00,0.39381715,8.5
2026-03-15 12:15:00,0.39366199,8.48
2026-03-15 12:20:00,0.39385594,8.4
2026-03-15 12:25:00,0.39370078,8.36
2026-03-15 12:30:00,0.3940111,8.3
2026-03-15 12:35:00,0.39381715,8.22
2026-03-15 12:40:00,0.39377836,8.2
2026-03-15 12:45:00,0.39389473,8.1
2026-03-15 12:50:00,0.39404989,8.06
2026-03-15 12:55:00,0.39385594,8.0
2026-03-15 13:00:00,0.39412747,7.94
2026-03-15 13:05:00,0.39389473,7.9
2026-03-15 13:10:00,0.3940111,7.8
2026-03-15 13:15:00,0.3940111,7.78
2026-03-15 13:20:00,0.39408868,7.7
2026-03-15 13:25:00,0.39397231,7.66
2026-03-15 13:30:00,0.39424384,7.6
2026-03-15 13:35:00,0.39358441,7.52
2026-03-15 13:40:00,0.39393352,7.5
2026-03-15 13:45:00,0.39377836,7.4
2026-03-15 13:50:00,0.39385594,7.4
2026-03-15 13:55:00,0.39416626,7.3
2026-03-15 14:00:00,0.3940111,7.3
2026-03-15 14:05:00,0.39420505,7.2
2026-03-15 14:10:00,0.39385594,7.2
2026-03-15 14:15:00,0.39397231,7.1
2026-03-15 14:20:00,0.39416626,7.08
2026-03-15 14:25:00,0.39408868,7.0
2026-03-15 14:30:00,0.39393352,7.0
2026-03-15 14:35:00,0.39393352,6.9
2026-03-15 14:40:00,0.39381715,6.9
2026-03-15 14:45:00,0.39420505,6.8
2026-03-15 14:50:00,0.39397231,6.8
2026-03-15 14:55:00,0.39404989,6.74
2026-03-15 15:00:00,0.39428263,6.7
2026-03-15 15:05:00,0.39408868,6.66
2026-03-15 15:10:00,0.39393352,6.6
2026-03-15 15:15:00,0.39424384,6.58
2026-03-15 15:20:00,0.39404989,6.5
2026-03-15 15:25:00,0.39443779,6.5
2026-03-15 15:30:00,0.39389473,6.42
2026-03-15 15:35:00,0.394399,6.4
2026-03-15 15:40:00,0.39455416,6.36
2026-03-15 15:45:00,0.39443779,6.3
2026-03-15 15:50:00,0.39463174,6.3
2026-03-15 15:55:00,0.39432142,6.2
2026-03-15 16:00:00,0.39443779,6.2
2026-03-15 16:05:00,0.39424384,6.14
2026-03-15 16:10:00,0.39443779,6.1
2026-03-15 16:15:00,0.39451537,6.1
2026-03-15 16:20:00,0.39447658,6.0
2026-03-15 16:25:00,0.39432142,6.0
2026-03-15 16:30:00,0.39463174,5.98
2026-03-15 16:35:00,0.39463174,5.9
2026-03-15 16:40:00,0.39459295,5.9
2026-03-15 16:45:00,0.39455416,5.86
2026-03-15 16:50:00,0.39436021,5.8
2026-03-15 16:55:00,0.39459295,5.8
2026-03-15 17:00:00,0.39451537,5.8
2026-03-15 17:05:00,0.39470932,5.7
2026-03-15 17:10:00,0.39463174,5.7
2026-03-15 17:15:00,0.39455416,5.7
2026-03-15 17:20:00,0.39455416,5.7
2026-03-15 17:25:00,0.39443779,5.66
2026-03-15 17:30:00,0.39455416,5.6
2026-03-15 17:35:00,0.39424384,5.6
2026-03-15 17:40:00,0.39459295,5.6
2026-03-15 17:45:00,0.39467053,5.6
2026-03-15 17:50:00,0.39432142,5.52
2026-03-15 17:55:00,0.39470932,5.5
2026-03-15 18:00:00,0.39459295,5.5
2026-03-15 18:05:00,0.39459295,5.5
2026-03-15 18:10:00,0.39451537,5.42
2026-03-15 18:15:00,0.39474811,5.4
2026-03-15 18:20:00,0.39470932,5.4
2026-03-15 18:25:00,0.39455416,5.38
2026-03-15 18:30:00,0.39474811,5.3
2026-03-15 18:35:00,0.39467053,5.3
2026-03-15 18:40:00,0.3947869,5.3
2026-03-15 18:45:00,0.39447658,5.28
2026-03-15 18:50:00,0.39482569,5.2
2026-03-15 18:55:00,0.3947869,5.2
2026-03-15 19:00:00,0.39455416,5.2
2026-03-15 19:05:00,0.39482569,5.16
2026-03-15 19:10:00,0.39486448,5.1
2026-03-15 19:15:00,0.39490327,5.1
2026-03-15 19:20:00,0.39486448,5.06
2026-03-15 19:25:00,0.3947869,5.0
2026-03-15 19:30:00,0.39490327,5.0
2026-03-15 19:35:00,0.39486448,5.0
2026-03-15 19:40:00,0.39482569,4.9
2026-03-15 19:45:00,0.39486448,4.9
2026-03-15 19:50:00,0.39486448,4.9
2026-03-15 19:55:00,0.39486448,4.82
2026-03-15 20:00:00,0.39505843,4.8
2026-03-15 20:05:00,0.39490327,4.8
2026-03-15 20:10:00,0.39501964,4.72
2026-03-15 20:15:00,0.39494206,4.7
2026-03-15 20:20:00,0.39505843,4.7
2026-03-15 20:25:00,0.39509722,4.64
2026-03-15 20:30:00,0.39501964,4.6
2026-03-15 20:35:00,0.39501964,4.6
2026-03-15 20:40:00,0.39509722,4.58
2026-03-15 20:45:00,0.39498085,4.5
2026-03-15 20:50:00,0.39513601,4.5
2026-03-15 20:55:00,0.3951748,4.5
2026-03-15 21:00:00,0.39513601,4.42
2026-03-15 21:05:00,0.39501964,4.4
2026-03-15 21:10:00,0.39509722,4.4
2026-03-15 21:15:00,0.39505843,4.34
2026-03-15 21:20:00,0.39505843,4.3
2026-03-15 21:25:00,0.39509722,4.3
2026-03-15 21:30:00,0.39501964,4.3
2026-03-15 21:35:00,0.3951748,4.24
2026-03-15 21:40:00,0.39505843,4.2
2026-03-15 21:45:00,0.39521359,4.2
2026-03-15 21:50:00,0.39513601,4.2
2026-03-15 21:55:00,0.3951748,4.16
2026-03-15 22:00:00,0.39505843,4.1
2026-03-15 22:05:00,0.3951748,4.1
2026-03-15 22:10:00,0.3951748,4.1
2026-03-15 22:15:00,0.39525238,4.1
2026-03-15 22:20:00,0.3951748,4.0
2026-03-15 22:25:00,0.39525238,4.0
2026-03-15 22:30:00,0.39513601,4.0
2026-03-15 22:35:00,0.39521359,4.0
2026-03-15 22:40:00,0.3951748,4.0
2026-03-15 22:45:00,0.39513601,4.0
2026-03-15 22:50:00,0.39513601,4.0
2026-03-15 22:55:00,0.39529117,3.94
2026-03-15 23:00:00,0.39521359,3.9
2026-03-15 23:05:00,0.3951748,3.9
2026-03-15 23:10:00,0.39521359,3.9
2026-03-15 23:15:00,0.39509722,3.9
2026-03-15 23:20:00,0.3951748,3.9
2026-03-15 23:25:00,0.39513601,3.98
2026-03-15 23:30:00,0.39513601,4.0
2026-03-15 23:35:00,0.39513601,4.0
2026-03-15 23:40:00,0.39498085,4.0
2026-03-15 23:45:00,0.39509722,4.0
2026-03-15 23:50:00,0.39509722,4.06
2026-03-15 23:55:00,0.39505843,4.1
2026-03-16 00:00:00,0.39498085,4.14
2026-03-16 00:05:00,0.39498085,4.2
2026-03-16 00:10:00,0.39498085,4.26
2026-03-16 00:15:00,0.39490327,4.3
2026-03-16 00:20:00,0.39490327,4.4
2026-03-16 00:25:00,0.39482569,4.46
2026-03-16 00:30:00,0.39467053,4.52
2026-03-16 00:35:00,0.39470932,4.6
2026-03-16 00:40:00,0.39470932,4.7
2026-03-16 00:45:00,0.39451537,4.76
2026-03-16 00:50:00,0.39463174,4.84
2026-03-16 00:55:00,0.39459295,4.92
2026-03-16 01:00:00,0.39451537,5.0
2026-03-16 01:05:00,0.39455416,5.06
2026-03-16 01:10:00,0.39443779,5.14
2026-03-16 01:15:00,0.39447658,5.22
2026-03-16 01:20:00,0.39424384,5.3
2026-03-16 01:25:00,0.39424384,5.42
2026-03-16 01:30:00,0.39416626,5.54
2026-03-16 01:35:00,0.39397231,5.66
2026-03-16 01:40:00,0.39366199,5.76
2026-03-16 01:45:00,0.39381715,5.92
2026-03-16 01:50:00,0.39358441,6.04
2026-03-16 01:55:00,0.3936232,6.18
2026-03-16 02:00:00,0.39370078,6.34
2026-03-16 02:05:00,0.39342925,6.46
2026-03-16 02:10:00,0.39342925,6.6
2026-03-16 02:15:00,0.39339046,6.76
2026-03-16 02:20:00,0.39311893,6.9
2026-03-16 02:25:00,0.39292498,7.06
2026-03-16 02:30:00,0.39265345,7.24
2026-03-16 02:35:00,0.39288619,7.38
2026-03-16 02:40:00,0.39300256,7.54
2026-03-16 02:45:00,0.39265345,7.7
2026-03-16 02:50:00,0.39253708,7.86
2026-03-16 02:55:00,0.39249829,8.0
2026-03-16 03:00:00,0.39265345,8.16
2026-03-16 03:05:00,0.39234313,8.28
2026-03-16 03:10:00,0.39183886,8.42
2026-03-16 03:15:00,0.3920716,8.54
2026-03-16 03:20:00,0.39203281,8.66
2026-03-16 03:25:00,0.39183886,8.82
2026-03-16 03:30:00,0.39172249,8.94
2026-03-16 03:35:00,0.39195523,9.06
2026-03-16 03:40:00,0.39164491,9.22
2026-03-16 03:45:00,0.39164491,9.34
2026-03-16 03:50:00,0.39152854,9.46
2026-03-16 03:55:00,0.39106306,9.58
2026-03-16 04:00:00,0.39156733,9.7
2026-03-16 04:05:00,0.3912958,9.82
2026-03-16 04:10:00,0.3909079,9.96
2026-03-16 04:15:00,0.39079153,10.08
2026-03-16 04:20:00,0.39067516,10.22
2026-03-16 04:25:00,0.39083032,10.34
2026-03-16 04:30:00,0.39079153,10.46
2026-03-16 04:35:00,0.39063637,10.6
2026-03-16 04:40:00,0.39048121,10.74
2026-03-16 04:45:00,0.39036484,10.86
2026-03-16 04:50:00,0.39024847,10.98
2026-03-16 04:55:00,0.39001573,11.1
2026-03-16 05:00:00,0.38970541,11.22
2026-03-16 05:05:00,0.38951146,11.32
2026-03-16 05:10:00,0.38970541,11.42
2026-03-16 05:15:00,0.38958904,11.52
2026-03-16 05:20:00,0.38947267,11.6
2026-03-16 05:25:00,0.38931751,11.68
2026-03-16 05:30:00,0.38920114,11.72
2026-03-16 05:35:00,0.38943388,11.8
2026-03-16 05:40:00,0.38889082,11.8
2026-03-16 05:45:00,0.3889684,11.86
2026-03-16 05:50:00,0.38923993,11.9
2026-03-16 05:55:00,0.38892961,11.9
2026-03-16 06:00:00,0.38877445,11.92
2026-03-16 06:05:00,0.38877445,12.0
2026-03-16 06:10:00,0.38881324,12.0
2026-03-16 06:15:00,0.3885805,12.0
2026-03-16 06:20:00,0.38873566,12.0
2026-03-16 06:25:00,0.38873566,12.02
2026-03-16 06:30:00,0.38869687,12.1
2026-03-16 06:35:00,0.38854171,12.08
2026-03-16 06:40:00,0.38834776,12.0
2026-03-16 06:45:00,0.38881324,12.0
2026-03-16 06:50:00,0.38854171,12.0
2026-03-16 06:55:00,0.38842534,12.0
2026-03-16 07:00:00,0.38850292,11.92
2026-03-16 07:05:00,0.38842534,11.9
2026-03-16 07:10:00,0.3885805,11.88
2026-03-16 07:15:00,0.38842534,11.8
2026-03-16 07:20:00,0.38854171,11.8
2026-03-16 07:25:00,0.38854171,11.78
2026-03-16 07:30:00,0.38838655,11.7
2026-03-16 07:35:00,0.38834776,11.7
2026-03-16 07:40:00,0.3885805,11.7
2026-03-16 07:45:00,0.38850292,11.7
2026-03-16 07:50:00,0.38823139,11.6
2026-03-16 07:55:00,0.38873566,11.6
2026-03-16 08:00:00,0.3881926,11.6
2026-03-16 08:05:00,0.38842534,11.56
2026-03-16 08:10:00,0.38823139,11.5
2026-03-16 08:15:00,0.38830897,11.5
2026-03-16 08:20:00,0.38807623,11.48
2026-03-16 08:25:00,0.38807623,11.4
2026-03-16 08:30:00,0.38842534,11.4
2026-03-16 08:35:00,0.38811502,11.36
2026-03-16 08:40:00,0.38811502,11.3
2026-03-16 08:45:00,0.38815381,11.3
2026-03-16 08:50:00,0.38854171,11.22
2026-03-16 08:55:00,0.38838655,11.2
2026-03-16 09:00:00,0.38834776,11.16
2026-03-16 09:05:00,0.38830897,11.1
2026-03-16 09:10:00,0.38815381,11.08
2026-03-16 09:15:00,0.38834776,11.0
2026-03-16 09:20:00,0.38830897,11.0
2026-03-16 09:25:00,0.38842534,10.9
2026-03-16 09:30:00,0.38869687,10.9
2026-03-16 09:35:00,0.3885805,10.8
2026-03-16 09:40:00,0.38846413,10.8
2026-03-16 09:45:00,0.38846413,10.7
2026-03-16 09:50:00,0.38811502,10.68
2026-03-16 09:55:00,0.38823139,10.6
2026-03-16 10:00:00,0.38865808,10.54
2026-03-16 10:05:00,0.38861929,10.5
2026-03-16 10:10:00,0.38861929,10.42
2026-03-16 10:15:00,0.38850292,10.4
2026-03-16 10:20:00,0.38842534,10.3
2026-03-16 10:25:00,0.3885805,10.26
2026-03-16 10:30:00,0.38850292,10.2
2026-03-16 10:35:00,0.38869687,10.1
2026-03-16 10:40:00,0.38830897,10.04
2026-03-16 10:45:00,0.38815381,9.98
2026-03-16 10:50:00,0.38869687,9.9
2026-03-16 10:55:00,0.38869687,9.8
2026-03-16 11:00:00,0.38865808,9.74
2026-03-16 11:05:00,0.38873566,9.66
2026-03-16 11:10:00,0.38873566,9.6
2026-03-16 11:15:00,0.38861929,9.5
2026-03-16 11:20:00,0.38873566,9.42
2026-03-16 11:25:00,0.38865808,9.36
2026-03-16 11:30:00,0.38873566,9.3
2026-03-16 11:35:00,0.38881324,9.2
2026-03-16 11:40:00,0.38881324,9.12
2026-03-16 11:45:00,0.38869687,9.06
2026-03-16 11:50:00,0.3889684,9.0
2026-03-16 11:55:00,0.38869687,8.9
2026-03-16 12:00:00,0.38889082,8.86
2026-03-16 12:05:00,0.38877445,8.8
2026-03-16 12:10:00,0.38881324,8.7
2026-03-16 12:15:00,0.38869687,8.66
2026-03-16 12:20:00,0.38916235,8.6
2026-03-16 12:25:00,0.38877445,8.54
2026-03-16 12:30:00,0.38892961,8.5
2026-03-16 12:35:00,0.38881324,8.4
2026-03-16 12:40:00,0.38916235,8.38
2026-03-16 12:45:00,0.38904598,8.3
2026-03-16 12:50:00,0.38908477,8.28
2026-03-16 12:55:00,0.38900719,8.2
2026-03-16 13:00:00,0.38916235,8.18
2026-03-16 13:05:00,0.38927872,8.1
2026-03-16 13:10:00,0.38916235,8.06
2026-03-16 13:15:00,0.38916235,8.0
2026-03-16 13:20:00,0.38931751,7.96
2026-03-16 13:25:00,0.38900719,7.9
2026-03-16 13:30:00,0.38943388,7.86
2026-03-16 13:35:00,0.38943388,7.8
2026-03-16 13:40:00,0.38920114,7.78
2026-03-16 13:45:00,0.3889684,7.7
2026-03-16 13:50:00,0.38920114,7.7
2026-03-16 13:55:00,0.38931751,7.6
2026-03-16 14:00:00,0.38912356,7.6
2026-03-16 14:05:00,0.38920114,7.5
2026-03-16 14:10:00,0.38904598,7.5
2026-03-16 14:15:00,0.38916235,7.42
2026-03-16 14:20:00,0.38916235,7.4
2026-03-16 14:25:00,0.38900719,7.36
2026-03-16 14:30:00,0.38904598,7.3
2026-03-16 14:35:00,0.38939509,7.3
2026-03-16 14:40:00,0.38916235,7.22
2026-03-16 14:45:00,0.38923993,7.2
2026-03-16 14:50:00,0.3893563,7.16
2026-03-16 14:55:00,0.38881324,7.1
2026-03-16 15:00:00,0.38927872,7.1
2026-03-16 15:05:00,0.38904598,7.0
2026-03-16 15:10:00,0.38912356,7.0
2026-03-16 15:15:00,0.38892961,6.94
2026-03-16 15:20:00,0.38958904,6.9
2026-03-16 15:25:00,0.38927872,6.9
2026-03-16 15:30:00,0.38943388,6.82
2026-03-16 15:35:00,0.38908477,6.8
2026-03-16 15:40:00,0.38931751,6.8
2026-03-16 15:45:00,0.38939509,6.7
2026-03-16 15:50:00,0.38955025,6.7
2026-03-16 15:55:00,0.38939509,6.66
2026-03-16 16:00:00,0.38955025,6.6
2026-03-16 16:05:00,0.38943388,6.6
2026-03-16 16:10:00,0.38962783,6.56
2026-03-16 16:15:00,0.38939509,6.5
2026-03-16 16:20:00,0.38978299,6.5
2026-03-16 16:25:00,0.38982178,6.48
2026-03-16 16:30:00,0.38970541,6.4
2026-03-16 16:35:00,0.38986057,6.4
2026-03-16 16:40:00,0.3897442,6.4
2026-03-16 16:45:00,0.38958904,6.3
2026-03-16 16:50:00,0.38970541,6.3
2026-03-16 16:55:00,0.38966662,6.3
2026-03-16 17:00:00,0.38982178,6.22
2026-03-16 17:05:00,0.38947267,6.2
2026-03-16 17:10:00,0.38978299,6.2
2026-03-16 17:15:00,0.38966662,6.14
2026-03-16 17:20:00,0.38978299,6.1
2026-03-16 17:25:00,0.38970541,6.1
2026-03-16 17:30:00,0.38978299,6.08
2026-03-16 17:35:00,0.38951146,6.0
2026-03-16 17:40:00,0.38958904,6.0
2026-03-16 17:45:00,0.38989936,6.0
2026-03-16 17:50:00,0.38986057,5.96
2026-03-16 17:55:00,0.38955025,5.9
2026-03-16 18:00:00,0.38978299,5.9
2026-03-16 18:05:00,0.38989936,5.9
2026-03-16 18:10:00,0.38982178,5.86
2026-03-16 18:15:00,0.38986057,5.8
2026-03-16 18:20:00,0.38997694,5.8
2026-03-16 18:25:00,0.38982178,5.8
2026-03-16 18:30:00,0.38989936,5.74
2026-03-16 18:35:00,0.38989936,5.7
2026-03-16 18:40:00,0.38986057,5.7
2026-03-16 18:45:00,0.38997694,5.7
2026-03-16 18:50:00,0.39005452,5.66
2026-03-16 18:55:00,0.38997694,5.6
2026-03-16 19:00:00,0.3897442,5.6
2026-03-16 19:05:00,0.3897442,5.6
2026-03-16 19:10:00,0.38989936,5.58
2026-03-16 19:15:00,0.38997694,5.5
2026-03-16 19:20:00,0.38986057,5.5
2026-03-16 19:25:00,0.39009331,5.5
2026-03-16 19:30:00,0.39001573,5.46
2026-03-16 19:35:00,0.38997694,5.4
2026-03-16 19:40:00,0.39001573,5.4
2026-03-16 19:45:00,0.38978299,5.4
2026-03-16 19:50:00,0.38986057,5.34
2026-03-16 19:55:00,0.39017089,5.3
2026-03-16 20:00:00,0.38989936,5.3
2026-03-16 20:05:00,0.3901321,5.3
2026-03-16 20:10:00,0.39017089,5.24
2026-03-16 20:15:00,0.3901321,5.2
2026-03-16 20:20:00,0.39009331,5.2
2026-03-16 20:25:00,0.39017089,5.2
2026-03-16 20:30:00,0.39017089,5.16
2026-03-16 20:35:00,0.3901321,5.1
2026-03-16 20:40:00,0.39020968,5.1
2026-03-16 20:45:00,0.39024847,5.1
2026-03-16 20:50:00,0.39024847,5.02
2026-03-16 20:55:00,0.39028726,5.0
2026-03-16 21:00:00,0.39028726,5.0
2026-03-16 21:05:00,0.39020968,5.0
2026-03-16 21:10:00,0.39020968,4.92
2026-03-16 21:15:00,0.39028726,4.9
2026-03-16 21:20:00,0.39024847,4.9
2026-03-16 21:25:00,0.39024847,4.9
2026-03-16 21:30:00,0.39036484,4.8
2026-03-16 21:35:00,0.39028726,4.8
2026-03-16 21:40:00,0.39040363,4.8
2026-03-16 21:45:00,0.39028726,4.76
2026-03-16 21:50:00,0.39032605,4.7
2026-03-16 21:55:00,0.39040363,4.7
2026-03-16 22:00:00,0.39044242,4.7
2026-03-16 22:05:00,0.39040363,4.66
2026-03-16 22:10:00,0.39048121,4.6
2026-03-16 22:15:00,0.39044242,4.6
2026-03-16 22:20:00,0.39048121,4.6
2026-03-16 22:25:00,0.39044242,4.6
2026-03-16 22:30:00,0.39048121,4.5
2026-03-16 22:35:00,0.39048121,4.5
2026-03-16 22:40:00,0.39040363,4.5
2026-03-16 22:45:00,0.39044242,4.5
2026-03-16 22:50:00,0.39040363,4.5
2026-03-16 22:55:00,0.39044242,4.5
2026-03-16 23:00:00,0.39048121,4.48
2026-03-16 23:05:00,0.39052,4.4
2026-03-16 23:10:00,0.39044242,4.4
2026-03-16 23:15:00,0.39052,4.4
2026-03-16 23:20:00,0.39040363,4.4
2026-03-16 23:25:00,0.39048121,4.4
2026-03-16 23:30:00,0.39044242,4.46
2026-03-16 23:35:00,0.39044242,4.5
2026-03-16 23:40:00,0.39048121,4.5
2026-03-16 23:45:00,0.39044242,4.5
2026-03-16 23:50:00,0.39036484,4.5
2026-03-16 23:55:00,0.39036484,4.56
2026-03-17 00:00:00,0.39040363,4.6
2026-03-17 00:05:00,0.39028726,4.6
2026-03-17 00:10:00,0.39036484,4.68
2026-03-17 00:15:00,0.39036484,4.7
2026-03-17 00:20:00,0.39024847,4.8
2026-03-17 00:25:00,0.39020968,4.84
2026-03-17 00:30:00,0.3901321,4.9
2026-03-17 00:35:00,0.39005452,5.0
2026-03-17 00:40:00,0.39009331,5.08
2026-03-17 00:45:00,0.38989936,5.16
2026-03-17 00:50:00,0.39001573,5.24
2026-03-17 00:55:00,0.38978299,5.34
2026-03-17 01:00:00,0.38986057,5.44
2026-03-17 01:05:00,0.38955025,5.56
2026-03-17 01:10:00,0.38966662,5.68
2026-03-17 01:15:00,0.38958904,5.82
2026-03-17 01:20:00,0.38943388,5.96
2026-03-17 01:25:00,0.38927872,6.1
2026-03-17 01:30:00,0.38908477,6.24
2026-03-17 01:35:00,0.38920114,6.4
2026-03-17 01:40:00,0.38865808,6.56
2026-03-17 01:45:00,0.38881324,6.72
2026-03-17 01:50:00,0.38850292,6.88
2026-03-17 01:55:00,0.38850292,7.06
2026-03-17 02:00:00,0.3881926,7.24
2026-03-17 02:05:00,0.38838655,7.4
2026-03-17 02:10:00,0.38811502,7.58
2026-03-17 02:15:00,0.38827018,7.76
2026-03-17 02:20:00,0.38795986,7.94
2026-03-17 02:25:00,0.38795986,8.14
2026-03-17 02:30:00,0.38776591,8.34
2026-03-17 02:35:00,0.38753317,8.5
2026-03-17 02:40:00,0.38761075,8.7
2026-03-17 02:45:00,0.38730043,8.88
2026-03-17 02:50:00,0.38749438,9.08
2026-03-17 02:55:00,0.3870289,9.26
2026-03-17 03:00:00,0.38718406,9.46
2026-03-17 03:05:00,0.386641,9.66
2026-03-17 03:10:00,0.38679616,9.86
2026-03-17 03:15:00,0.38648584,10.06
2026-03-17 03:20:00,0.3862531,10.24
2026-03-17 03:25:00,0.38629189,10.44
2026-03-17 03:30:00,0.38617552,10.62
2026-03-17 03:35:00,0.38598157,10.8
2026-03-17 03:40:00,0.38602036,11.0
2026-03-17 03:45:00,0.38543851,11.16
2026-03-17 03:50:00,0.38528335,11.34
2026-03-17 03:55:00,0.38524456,11.54
2026-03-17 04:00:00,0.38477908,11.7
2026-03-17 04:05:00,0.38474029,11.9
2026-03-17 04:10:00,0.38458513,12.04
2026-03-17 04:15:00,0.38474029,12.24
2026-03-17 04:20:00,0.38466271,12.4
2026-03-17 04:25:00,0.38427481,12.56
2026-03-17 04:30:00,0.3843136,12.74
2026-03-17 04:35:00,0.38442997,12.9
2026-03-17 04:40:00,0.38415844,13.06
2026-03-17 04:45:00,0.38415844,13.24
2026-03-17 04:50:00,0.38404207,13.38
2026-03-17 04:55:00,0.38384812,13.54
2026-03-17 05:00:00,0.38377054,13.68
2026-03-17 05:05:00,0.38357659,13.82
2026-03-17 05:10:00,0.38342143,13.92
2026-03-17 05:15:00,0.38346022,14.02
2026-03-17 05:20:00,0.38330506,14.1
2026-03-17 05:25:00,0.38330506,14.2
2026-03-17 05:30:00,0.3831499,14.2
2026-03-17 05:35:00,0.38307232,14.3
2026-03-17 05:40:00,0.38303353,14.3
2026-03-17 05:45:00,0.38295595,14.3
2026-03-17 05:50:00,0.38299474,14.3
2026-03-17 05:55:00,0.382762,14.3
2026-03-17 06:00:00,0.38283958,14.3
2026-03-17 06:05:00,0.382762,14.36
2026-03-17 06:10:00,0.38268442,14.4
2026-03-17 06:15:00,0.38256805,14.4
2026-03-17 06:20:00,0.38249047,14.44
2026-03-17 06:25:00,0.38256805,14.5
2026-03-17 06:30:00,0.38245168,14.5
2026-03-17 06:35:00,0.3823741,14.52
2026-03-17 06:40:00,0.38229652,14.6
2026-03-17 06:45:00,0.38225773,14.6
2026-03-17 06:50:00,0.38221894,14.52
2026-03-17 06:55:00,0.38214136,14.5
2026-03-17 07:00:00,0.38221894,14.5
2026-03-17 07:05:00,0.38214136,14.44
2026-03-17 07:10:00,0.38214136,14.4
2026-03-17 07:15:00,0.38210257,14.32
2026-03-17 07:20:00,0.38210257,14.3
2026-03-17 07:25:00,0.38218015,14.2
2026-03-17 07:30:00,0.38221894,14.16
2026-03-17 07:35:00,0.38221894,14.1
2026-03-17 07:40:00,0.38202499,14.0
2026-03-17 07:45:00,0.38202499,13.94
2026-03-17 07:50:00,0.38214136,13.88
2026-03-17 07:55:00,0.38206378,13.8
2026-03-17 08:00:00,0.38210257,13.7
2026-03-17 08:05:00,0.38206378,13.64
2026-03-17 08:10:00,0.38210257,13.56
2026-03-17 08:15:00,0.38210257,13.5
2026-03-17 08:20:00,0.38214136,13.4
2026-03-17 08:25:00,0.38214136,13.34
2026-03-17 08:30:00,0.38210257,13.28
2026-03-17 08:35:00,0.38202499,13.2
2026-03-17 08:40:00,0.38175346,13.12
2026-03-17 08:45:00,0.38214136,13.06
2026-03-17 08:50:00,0.3819862,13.0
2026-03-17 08:55:00,0.38194741,12.9
2026-03-17 09:00:00,0.38221894,12.84
2026-03-17 09:05:00,0.38214136,12.76
2026-03-17 09:10:00,0.38190862,12.7
2026-03-17 09:15:00,0.38225773,12.6
2026-03-17 09:20:00,0.38218015,12.52
2026-03-17 09:25:00,0.38218015,12.46
2026-03-17 09:30:00,0.38179225,12.38
2026-03-17 09:35:00,0.38186983,12.3
2026-03-17 09:40:00,0.38190862,12.22
2026-03-17 09:45:00,0.38186983,12.14
2026-03-17 09:50:00,0.38171467,12.06
2026-03-17 09:55:00,0.38186983,12.0
2026-03-17 10:00:00,0.38206378,11.9
2026-03-17 10:05:00,0.3819862,11.82
2026-03-17 10:10:00,0.38175346,11.74
2026-03-17 10:15:00,0.38175346,11.66
2026-03-17 10:20:00,0.38206378,11.58
2026-03-17 10:25:00,0.38190862,11.5
2026-03-17 10:30:00,0.38194741,11.4
2026-03-17 10:35:00,0.38183104,11.32
2026-03-17 10:40:00,0.38214136,11.24
2026-03-17 10:45:00,0.38210257,11.16
2026-03-17 10:50:00,0.38241289,11.08
2026-03-17 10:55:00,0.38186983,11.0
2026-03-17 11:00:00,0.38241289,10.9
2026-03-17 11:05:00,0.38229652,10.84
2026-03-17 11:10:00,0.38245168,10.76
2026-03-17 11:15:00,0.38241289,10.7
2026-03-17 11:20:00,0.3823741,10.6
2026-03-17 11:25:00,0.38252926,10.52
2026-03-17 11:30:00,0.38252926,10.46
2026-03-17 11:35:00,0.38264563,10.4
2026-03-17 11:40:00,0.38249047,10.3
2026-03-17 11:45:00,0.38225773,10.22
2026-03-17 11:50:00,0.38291716,10.18
2026-03-17 11:55:00,0.38256805,10.1
2026-03-17 12:00:00,0.3823741,10.02
2026-03-17 12:05:00,0.38241289,9.98
2026-03-17 12:10:00,0.382762,9.9
2026-03-17 12:15:00,0.38272321,9.82
2026-03-17 12:20:00,0.38283958,9.78
2026-03-17 12:25:00,0.38245168,9.7
2026-03-17 12:30:00,0.38287837,9.64
2026-03-17 12:35:00,0.38264563,9.6
2026-03-17 12:40:00,0.38280079,9.52
2026-03-17 12:45:00,0.38287837,9.48
2026-03-17 12:50:00,0.38299474,9.4
2026-03-17 12:55:00,0.38311111,9.36
2026-03-17 13:00:00,0.38280079,9.3
2026-03-17 13:05:00,0.382762,9.26
2026-03-17 13:10:00,0.38272321,9.2
2026-03-17 13:15:00,0.382762,9.14
2026-03-17 13:20:00,0.38299474,9.1
2026-03-17 13:25:00,0.38303353,9.06
2026-03-17 13:30:00,0.38287837,9.0
2026-03-17 13:35:00,0.38287837,9.0
2026-03-17 13:40:00,0.38299474,8.92
2026-03-17 13:45:00,0.38299474,8.9
2026-03-17 13:50:00,0.38280079,8.88
2026-03-17 13:55:00,0.3831499,8.8
2026-03-17 14:00:00,0.38287837,8.8
2026-03-17 14:05:00,0.38311111,8.76
2026-03-17 14:10:00,0.38311111,8.7
2026-03-17 14:15:00,0.38287837,8.7
2026-03-17 14:20:00,0.38307232,8.68
2026-03-17 14:25:00,0.38299474,8.6
2026-03-17 14:30:00,0.3831499,8.6
2026-03-17 14:35:00,0.38295595,8.6
2026-03-17 14:40:00,0.38303353,8.54
2026-03-17 14:45:00,0.38330506,8.5
2026-03-17 14:50:00,0.3831499,8.5
2026-03-17 14:55:00,0.38299474,8.5
2026-03-17 15:00:00,0.38280079,8.46
2026-03-17 15:05:00,0.38330506,8.4
2026-03-17 15:10:00,0.3831499,8.4
2026-03-17 15:15:00,0.38287837,8.4
2026-03-17 15:20:00,0.38303353,8.4
2026-03-17 15:25:00,0.38283958,8.4
2026-03-17 15:30:00,0.382762,8.4
2026-03-17 15:35:00,0.38303353,8.4
2026-03-17 15:40:00,0.38303353,8.36
2026-03-17 15:45:00,0.38295595,8.3
2026-03-17 15:50:00,0.38307232,8.3
2026-03-17 15:55:00,0.38334385,8.3
2026-03-17 16:00:00,0.38338264,8.3
2026-03-17 16:05:00,0.38334385,8.3
2026-03-17 16:10:00,0.38318869,8.3
2026-03-17 16:15:00,0.38307232,8.3
2026-03-17 16:20:00,0.38342143,8.3
2026-03-17 16:25:00,0.38342143,8.3
2026-03-17 16:30:00,0.38342143,8.3
2026-03-17 16:35:00,0.38342143,8.3
2026-03-17 16:40:00,0.3835378,8.3
2026-03-17 16:45:00,0.38373175,8.3
2026-03-17 16:50:00,0.38357659,8.3
2026-03-17 16:55:00,0.38380933,8.3
2026-03-17 17:00:00,0.38380933,8.3
2026-03-17 17:05:00,0.3839257,8.3
2026-03-17 17:10:00,0.38384812,8.3
2026-03-17 17:15:00,0.38400328,8.3
2026-03-17 17:20:00,0.38388691,8.3
2026-03-17 17:25:00,0.3835378,8.3
2026-03-17 17:30:00,0.38330506,8.3
2026-03-17 17:35:00,0.38326627,8.3
2026-03-17 17:40:00,0.38311111,8.3
2026-03-17 17:45:00,0.38369296,8.3
2026-03-17 17:50:00,0.38439118,8.3
2026-03-17 17:55:00,0.38524456,8.3
2026-03-17 18:00:00,0.38617552,8.3
2026-03-17 18:05:00,0.38718406,8.3
2026-03-17 18:10:00,0.38850292,8.3
2026-03-17 18:15:00,0.38993815,8.3
2026-03-17 18:20:00,0.39191644,8.3
2026-03-17 18:25:00,0.39327409,8.3
2026-03-17 18:30:00,0.39463174,8.3
2026-03-17 18:35:00,0.39579544,8.3
2026-03-17 18:40:00,0.39726946,8.3
2026-03-17 18:45:00,0.39831679,8.3
2026-03-17 18:50:00,0.39940291,8.3
2026-03-17 18:55:00,0.39990718,8.3
2026-03-17 19:00:00,0.4006054,8.3
2026-03-17 19:05:00,0.40095451,8.3
2026-03-17 19:10:00,0.40107088,8.38
2026-03-17 19:15:00,0.40161394,8.4
2026-03-17 19:20:00,0.40242853,8.4
2026-03-17 19:25:00,0.40250611,8.4
2026-03-17 19:30:00,0.40304917,8.4
2026-03-17 19:35:00,0.40363102,8.4
2026-03-17 19:40:00,0.4040965,8.4
2026-03-17 19:45:00,0.40467835,8.4
2026-03-17 19:50:00,0.40440682,8.4
2026-03-17 19:55:00,0.4048723,8.4
2026-03-17 20:00:00,0.40549294,8.4
2026-03-17 20:05:00,0.40572568,8.4
2026-03-17 20:10:00,0.40588084,8.4
2026-03-17 20:15:00,0.40657906,8.4
2026-03-17 20:20:00,0.40665664,8.44
2026-03-17 20:25:00,0.40685059,8.5
2026-03-17 20:30:00,0.40700575,8.5
2026-03-17 20:35:00,0.40708333,8.5
2026-03-17 20:40:00,0.40716091,8.5
2026-03-17 20:45:00,0.40731607,8.5
2026-03-17 20:50:00,0.40716091,8.5
2026-03-17 20:55:00,0.40751002,8.5
2026-03-17 21:00:00,0.40778155,8.5
2026-03-17 21:05:00,0.40774276,8.5
2026-03-17 21:10:00,0.40805308,8.5
2026-03-17 21:15:00,0.40762639,8.5
2026-03-17 21:20:00,0.40793671,8.5
2026-03-17 21:25:00,0.40816945,8.5
2026-03-17 21:30:00,0.40847977,8.52
2026-03-17 21:35:00,0.40863493,8.58
2026-03-17 21:40:00,0.40882888,8.6
2026-03-17 21:45:00,0.40882888,8.6
2026-03-17 21:50:00,0.40894525,8.6
2026-03-17 21:55:00,0.4091392,8.6
2026-03-17 22:00:00,0.40941073,8.6
2026-03-17 22:05:00,0.40925557,8.6
2026-03-17 22:10:00,0.40972105,8.6
2026-03-17 22:15:00,0.40979863,8.6
2026-03-17 22:20:00,0.40995379,8.6
2026-03-17 22:25:00,0.41041927,8.6
2026-03-17 22:30:00,0.41061322,8.6
2026-03-17 22:35:00,0.41053564,8.6
2026-03-17 22:40:00,0.41111749,8.6
2026-03-17 22:45:00,0.41193208,8.6
2026-03-17 22:50:00,0.4126303,8.6
2026-03-17 22:55:00,0.41208724,8.6
2026-03-17 23:00:00,0.40948831,8.6
2026-03-17 23:05:00,0.41181571,8.6
2026-03-17 23:10:00,0.42682744,8.6
2026-03-17 23:15:00,0.42919363,8.6
2026-03-17 23:20:00,0.42989185,8.62
2026-03-17 23:25:00,0.43035733,8.7
2026-03-17 23:30:00,0.4308616,8.7
2026-03-17 23:35:00,0.43078402,8.7
2026-03-17 23:40:00,0.4312495,8.7
2026-03-17 23:45:00,0.43136587,8.7
2026-03-17 23:50:00,0.43121071,8.7
2026-03-17 23:55:00,0.43132708,8.7
2026-03-18 00:00:00,0.43159861,8.7
2026-03-18 00:05:00,0.43190893,8.7
2026-03-18 00:10:00,0.43198651,8.8
2026-03-18 00:15:00,0.43190893,8.8
2026-03-18 00:20:00,0.43237441,8.8
2026-03-18 00:25:00,0.43233562,8.8
2026-03-18 00:30:00,0.4320253,8.8
2026-03-18 00:35:00,0.43225804,8.82
2026-03-18 00:40:00,0.43206409,8.9
2026-03-18 00:45:00,0.4324132,8.9
2026-03-18 00:50:00,0.43272352,8.9
2026-03-18 00:55:00,0.43252957,8.9
2026-03-18 01:00:00,0.43245199,8.92
2026-03-18 01:05:00,0.43260715,9.0
2026-03-18 01:10:00,0.43218046,9.0
2026-03-18 01:15:00,0.43194772,9.0
2026-03-18 01:20:00,0.43214167,9.0
2026-03-18 01:25:00,0.43245199,9.04
2026-03-18 01:30:00,0.43249078,9.1
2026-03-18 01:35:00,0.43256836,9.1
2026-03-18 01:40:00,0.43256836,9.1
2026-03-18 01:45:00,0.4324132,9.1
2026-03-18 01:50:00,0.4328011,9.14
2026-03-18 01:55:00,0.4324132,9.2
2026-03-18 02:00:00,0.43307263,9.2
2026-03-18 02:05:00,0.43283989,9.2
2026-03-18 02:10:00,0.43299505,9.24
2026-03-18 02:15:00,0.43283989,9.3
2026-03-18 02:20:00,0.43303384,9.3
2026-03-18 02:25:00,0.43303384,9.3
2026-03-18 02:30:00,0.43287868,9.3
2026-03-18 02:35:00,0.43283989,9.36
2026-03-18 02:40:00,0.43276231,9.4
2026-03-18 02:45:00,0.43287868,9.4
2026-03-18 02:50:00,0.43268473,9.4
2026-03-18 02:55:00,0.43299505,9.4
2026-03-18 03:00:00,0.43276231,9.42
2026-03-18 03:05:00,0.43252957,9.5
2026-03-18 03:10:00,0.43283989,9.5
2026-03-18 03:15:00,0.43322779,9.5
2026-03-18 03:20:00,0.43283989,9.5
2026-03-18 03:25:00,0.43295626,9.5
2026-03-18 03:30:00,0.43303384,9.58
2026-03-18 03:35:00,0.43338295,9.6
2026-03-18 03:40:00,0.43334416,9.6
2026-03-18 03:45:00,0.43334416,9.6
2026-03-18 03:50:00,0.43346053,9.6
2026-03-18 03:55:00,0.43346053,9.6
2026-03-18 04:00:00,0.43299505,9.6
2026-03-18 04:05:00,0.43283989,9.6
2026-03-18 04:10:00,0.43276231,9.6
2026-03-18 04:15:00,0.4328011,9.6
2026-03-18 04:20:00,0.43264594,9.6
2026-03-18 04:25:00,0.43291747,9.6
2026-03-18 04:30:00,0.43315021,9.6
2026-03-18 04:35:00,0.43256836,9.6
2026-03-18 04:40:00,0.43260715,9.6
2026-03-18 04:45:00,0.43187014,9.6
2026-03-18 04:50:00,0.43210288,9.6
2026-03-18 04:55:00,0.4316374,9.6
2026-03-18 05:00:00,0.43183135,9.6
2026-03-18 05:05:00,0.43171498,9.6
2026-03-18 05:10:00,0.43190893,9.6
2026-03-18 05:15:00,0.43159861,9.6
2026-03-18 05:20:00,0.42989185,9.6
2026-03-18 05:25:00,0.42942637,9.6
2026-03-18 05:30:00,0.42981427,9.6
2026-03-18 05:35:00,0.42911605,9.6
2026-03-18 05:40:00,0.42903847,9.6
2026-03-18 05:45:00,0.42764203,9.66
2026-03-18 05:50:00,0.42752566,9.64
2026-03-18 05:55:00,0.4273705,9.7
2026-03-18 06:00:00,0.42686623,9.7
2026-03-18 06:05:00,0.42709897,9.7
2026-03-18 06:10:00,0.42593527,9.64
2026-03-18 06:15:00,0.4246552,9.6
2026-03-18 06:20:00,0.4242673,9.6
2026-03-18 06:25:00,0.42399577,9.6
2026-03-18 06:30:00,0.42384061,9.6
2026-03-18 06:35:00,0.42341392,9.6
2026-03-18 06:40:00,0.42384061,9.6
2026-03-18 06:45:00,0.42337513,9.6
2026-03-18 06:50:00,0.42345271,9.6
2026-03-18 06:55:00,0.42325876,9.6
2026-03-18 07:00:00,0.42329755,9.6
2026-03-18 07:05:00,0.42333634,9.6
2026-03-18 07:10:00,0.4231036,9.6
2026-03-18 07:15:00,0.42294844,9.6
2026-03-18 07:20:00,0.42275449,9.6
2026-03-18 07:25:00,0.42290965,9.6
2026-03-18 07:30:00,0.42298723,9.6
2026-03-18 07:35:00,0.4231036,9.6
2026-03-18 07:40:00,0.42209506,9.6
2026-03-18 07:45:00,0.42248296,9.6
2026-03-18 07:50:00,0.42263812,9.52
2026-03-18 07:55:00,0.42263812,9.5
2026-03-18 08:00:00,0.42318118,9.5
2026-03-18 08:05:00,0.42325876,9.5
2026-03-18 08:10:00,0.42415093,9.5
2026-03-18 08:15:00,0.4238794,9.5
2026-03-18 08:20:00,0.42356908,9.5
2026-03-18 08:25:00,0.42384061,9.5
2026-03-18 08:30:00,0.4238794,9.5
2026-03-18 08:35:00,0.42372424,9.5
2026-03-18 08:40:00,0.42391819,9.5
2026-03-18 08:45:00,0.42360787,9.5
2026-03-18 08:50:00,0.42372424,9.5
2026-03-18 08:55:00,0.42384061,9.5
2026-03-18 09:00:00,0.42372424,9.5
2026-03-18 09:05:00,0.42422851,9.44
2026-03-18 09:10:00,0.42403456,9.4
2026-03-18 09:15:00,0.42391819,9.4
2026-03-18 09:20:00,0.4234915,9.4
2026-03-18 09:25:00,0.42302602,9.4
2026-03-18 09:30:00,0.42294844,9.4
2026-03-18 09:35:00,0.42345271,9.4
2026-03-18 09:40:00,0.42341392,9.36
2026-03-18 09:45:00,0.4234915,9.3
2026-03-18 09:50:00,0.42333634,9.3
2026-03-18 09:55:00,0.42364666,9.3
2026-03-18 10:00:00,0.42360787,9.3
2026-03-18 10:05:00,0.42353029,9.24
2026-03-18 10:10:00,0.42356908,9.2
2026-03-18 10:15:00,0.42384061,9.2
2026-03-18 10:20:00,0.42353029,9.2
2026-03-18 10:25:00,0.4234915,9.14
2026-03-18 10:30:00,0.42399577,9.1
2026-03-18 10:35:00,0.42399577,9.1
2026-03-18 10:40:00,0.4238794,9.1
2026-03-18 10:45:00,0.42407335,9.04
2026-03-18 10:50:00,0.42446125,9.0
2026-03-18 10:55:00,0.42399577,9.0
2026-03-18 11:00:00,0.42411214,9.0
2026-03-18 11:05:00,0.42434488,8.94
2026-03-18 11:10:00,0.42376303,8.9
2026-03-18 11:15:00,0.42391819,8.9
2026-03-18 11:20:00,0.4242673,8.9
2026-03-18 11:25:00,0.42407335,8.84
2026-03-18 11:30:00,0.42407335,8.8
2026-03-18 11:35:00,0.42403456,8.8
2026-03-18 11:40:00,0.42415093,8.8
2026-03-18 11:45:00,0.42415093,8.78
2026-03-18 11:50:00,0.42380182,8.7
2026-03-18 11:55:00,0.42422851,8.7
2026-03-18 12:00:00,0.42407335,8.7
2026-03-18 12:05:00,0.42403456,8.7
2026-03-18 12:10:00,0.4242673,8.62
2026-03-18 12:15:00,0.42418972,8.6
2026-03-18 12:20:00,0.42384061,8.6
2026-03-18 12:25:00,0.42368545,8.6
2026-03-18 12:30:00,0.42422851,8.52
2026-03-18 12:35:00,0.42384061,8.5
2026-03-18 12:40:00,0.4238794,8.5
2026-03-18 12:45:00,0.42395698,8.5
2026-03-18 12:50:00,0.4238794,8.4
2026-03-18 12:55:00,0.4234915,8.4
2026-03-18 13:00:00,0.42337513,8.4
2026-03-18 13:05:00,0.42353029,8.38
2026-03-18 13:10:00,0.42376303,8.3
2026-03-18 13:15:00,0.42341392,8.3
2026-03-18 13:20:00,0.42364666,8.3
2026-03-18 13:25:00,0.42333634,8.26
2026-03-18 13:30:00,0.42294844,8.2
2026-03-18 13:35:00,0.42314239,8.2
2026-03-18 13:40:00,0.42321997,8.2
2026-03-18 13:45:00,0.42302602,8.1
2026-03-18 13:50:00,0.42287086,8.1
2026-03-18 13:55:00,0.42279328,8.1
2026-03-18 14:00:00,0.42283207,8.0
2026-03-18 14:05:00,0.42321997,8.0
2026-03-18 14:10:00,0.42298723,7.98
2026-03-18 14:15:00,0.42267691,7.9
2026-03-18 14:20:00,0.42302602,7.9
2026-03-18 14:25:00,0.42306481,7.84
2026-03-18 14:30:00,0.42275449,7.8
2026-03-18 14:35:00,0.42294844,7.78
2026-03-18 14:40:00,0.42283207,7.7
2026-03-18 14:45:00,0.42306481,7.7
2026-03-18 14:50:00,0.42244417,7.64
2026-03-18 14:55:00,0.42252175,7.6
2026-03-18 15:00:00,0.42267691,7.56
2026-03-18 15:05:00,0.42287086,7.5
2026-03-18 15:10:00,0.42298723,7.5
2026-03-18 15:15:00,0.42306481,7.4
2026-03-18 15:20:00,0.42287086,7.4
2026-03-18 15:25:00,0.4227157,7.34
2026-03-18 15:30:00,0.42302602,7.3
2026-03-18 15:35:00,0.4223278,7.3
2026-03-18 15:40:00,0.42302602,7.2
2026-03-18 15:45:00,0.42279328,7.2
2026-03-18 15:50:00,0.42290965,7.16
2026-03-18 15:55:00,0.42283207,7.1
2026-03-18 16:00:00,0.42302602,7.1
2026-03-18 16:05:00,0.42259933,7.0
2026-03-18 16:10:00,0.42279328,7.0
2026-03-18 16:15:00,0.42318118,6.96
2026-03-18 16:20:00,0.42325876,6.9
2026-03-18 16:25:00,0.42294844,6.9
2026-03-18 16:30:00,0.42298723,6.84
2026-03-18 16:35:00,0.42287086,6.8
2026-03-18 16:40:00,0.42290965,6.8
2026-03-18 16:45:00,0.42298723,6.74
2026-03-18 16:50:00,0.42294844,6.7
2026-03-18 16:55:00,0.42345271,6.7
2026-03-18 17:00:00,0.42318118,6.62
2026-03-18 17:05:00,0.42341392,6.6
2026-03-18 17:10:00,0.42306481,6.6
2026-03-18 17:15:00,0.42325876,6.56
2026-03-18 17:20:00,0.4231036,6.5
2026-03-18 17:25:00,0.42298723,6.5
2026-03-18 17:30:00,0.42333634,6.48
2026-03-18 17:35:00,0.42333634,6.4
2026-03-18 17:40:00,0.42356908,6.4
2026-03-18 17:45:00,0.42353029,6.4
2026-03-18 17:50:00,0.42337513,6.34
2026-03-18 17:55:00,0.42341392,6.3
2026-03-18 18:00:00,0.42318118,6.3
2026-03-18 18:05:00,0.42287086,6.3
2026-03-18 18:10:00,0.42356908,6.22
2026-03-18 18:15:00,0.4234915,6.2
2026-03-18 18:20:00,0.42341392,6.2
2026-03-18 18:25:00,0.42341392,6.2
2026-03-18 18:30:00,0.42356908,6.12
2026-03-18 18:35:00,0.42341392,6.1
2026-03-18 18:40:00,0.42364666,6.1
2026-03-18 18:45:00,0.42372424,6.1
2026-03-18 18:50:00,0.42364666,6.0
2026-03-18 18:55:00,0.42380182,6.0
2026-03-18 19:00:00,0.42333634,6.0
2026-03-18 19:05:00,0.42356908,5.98
2026-03-18 19:10:00,0.42384061,5.9
2026-03-18 19:15:00,0.42360787,5.9
2026-03-18 19:20:00,0.42376303,5.9
2026-03-18 19:25:00,0.42341392,5.84
2026-03-18 19:30:00,0.42380182,5.8
2026-03-18 19:35:00,0.42380182,5.8
2026-03-18 19:40:00,0.42333634,5.76
2026-03-18 19:45:00,0.42368545,5.7
2026-03-18 19:50:00,0.42368545,5.7
2026-03-18 19:55:00,0.42380182,5.7
2026-03-18 20:00:00,0.42364666,5.64
2026-03-18 20:05:00,0.42372424,5.6
2026-03-18 20:10:00,0.42368545,5.6
2026-03-18 20:15:00,0.42376303,5.6
2026-03-18 20:20:00,0.42364666,5.5
2026-03-18 20:25:00,0.42376303,5.5
2026-03-18 20:30:00,0.42403456,5.5
2026-03-18 20:35:00,0.42395698,5.48
2026-03-18 20:40:00,0.42380182,5.4
2026-03-18 20:45:00,0.4238794,5.4
2026-03-18 20:50:00,0.42391819,5.4
2026-03-18 20:55:00,0.42380182,5.38
2026-03-18 21:00:00,0.42391819,5.3
2026-03-18 21:05:00,0.4238794,5.3
2026-03-18 21:10:00,0.42403456,5.3
2026-03-18 21:15:00,0.42384061,5.3
2026-03-18 21:20:00,0.42407335,5.2
2026-03-18 21:25:00,0.42395698,5.2
2026-03-18 21:30:00,0.42399577,5.2
2026-03-18 21:35:00,0.42403456,5.2
2026-03-18 21:40:00,0.42403456,5.18
2026-03-18 21:45:00,0.42407335,5.1
2026-03-18 21:50:00,0.42411214,5.1
2026-03-18 21:55:00,0.42407335,5.1
2026-03-18 22:00:00,0.42418972,5.02
2026-03-18 22:05:00,0.42411214,5.0
2026-03-18 22:10:00,0.42407335,5.0
2026-03-18 22:15:00,0.42411214,5.0
2026-03-18 22:20:00,0.42415093,4.94
2026-03-18 22:25:00,0.42418972,4.9
2026-03-18 22:30:00,0.42418972,4.9
2026-03-18 22:35:00,0.42422851,4.9
2026-03-18 22:40:00,0.42418972,4.9
2026-03-18 22:45:00,0.42411214,4.86
2026-03-18 22:50:00,0.4242673,4.8
2026-03-18 22:55:00,0.42418972,4.8
2026-03-18 23:00:00,0.4242673,4.8
2026-03-18 23:05:00,0.42418972,4.8
2026-03-18 23:10:00,0.42418972,4.8
2026-03-18 23:15:00,0.4242673,4.8
2026-03-18 23:20:00,0.42418972,4.8
2026-03-18 23:25:00,0.42415093,4.8
2026-03-18 23:30:00,0.42422851,4.8
2026-03-18 23:35:00,0.42422851,4.8
2026-03-18 23:40:00,0.42415093,4.8
2026-03-18 23:45:00,0.42418972,4.84
2026-03-18 23:50:00,0.42411214,4.9
2026-03-18 23:55:00,0.42411214,4.9
2026-03-19 00:00:00,0.42399577,4.9
2026-03-19 00:05:00,0.42399577,4.94
2026-03-19 00:10:00,0.42403456,5.0
2026-03-19 00:15:00,0.42407335,5.0
2026-03-19 00:20:00,0.42399577,5.1
2026-03-19 00:25:00,0.42411214,5.14
2026-03-19 00:30:00,0.42391819,5.2
2026-03-19 00:35:00,0.42380182,5.26
2026-03-19 00:40:00,0.42356908,5.32
2026-03-19 00:45:00,0.42368545,5.4
2026-03-19 00:50:00,0.42353029,5.5
2026-03-19 00:55:00,0.42345271,5.6
2026-03-19 01:00:00,0.42364666,5.7
2026-03-19 01:05:00,0.42360787,5.82
2026-03-19 01:10:00,0.42341392,5.94
2026-03-19 01:15:00,0.42306481,6.04
2026-03-19 01:20:00,0.42314239,6.18
2026-03-19 01:25:00,0.4231036,6.32
2026-03-19 01:30:00,0.42290965,6.46
2026-03-19 01:35:00,0.42294844,6.6
2026-03-19 01:40:00,0.42287086,6.76
2026-03-19 01:45:00,0.42240538,6.9
2026-03-19 01:50:00,0.42267691,7.06
2026-03-19 01:55:00,0.42197869,7.24
2026-03-19 02:00:00,0.42217264,7.4
2026-03-19 02:05:00,0.42213385,7.56
2026-03-19 02:10:00,0.42213385,7.74
2026-03-19 02:15:00,0.42205627,7.94
2026-03-19 02:20:00,0.42186232,8.1
2026-03-19 02:25:00,0.42166837,8.3
2026-03-19 02:30:00,0.42186232,8.46
2026-03-19 02:35:00,0.42147442,8.66
2026-03-19 02:40:00,0.42097015,8.84
2026-03-19 02:45:00,0.42108652,9.04
2026-03-19 02:50:00,0.42112531,9.22
2026-03-19 02:55:00,0.42093136,9.4
2026-03-19 03:00:00,0.42065983,9.6
2026-03-19 03:05:00,0.4207762,9.8
2026-03-19 03:10:00,0.42031072,10.0
2026-03-19 03:15:00,0.41996161,10.18
2026-03-19 03:20:00,0.42031072,10.38
2026-03-19 03:25:00,0.42007798,10.56
2026-03-19 03:30:00,0.42007798,10.76
2026-03-19 03:35:00,0.41984524,10.94
2026-03-19 03:40:00,0.4196125,11.12
2026-03-19 03:45:00,0.4192246,11.3
2026-03-19 03:50:00,0.41918581,11.5
2026-03-19 03:55:00,0.41891428,11.68
2026-03-19 04:00:00,0.4184488,11.86
2026-03-19 04:05:00,0.41848759,12.04
2026-03-19 04:10:00,0.41817727,12.22
2026-03-19 04:15:00,0.41841001,12.4
2026-03-19 04:20:00,0.41825485,12.56
2026-03-19 04:25:00,0.41829364,12.74
2026-03-19 04:30:00,0.41841001,12.9
2026-03-19 04:35:00,0.41821606,13.06
2026-03-19 04:40:00,0.41798332,13.22
2026-03-19 04:45:00,0.4180609,13.38
2026-03-19 04:50:00,0.41790574,13.54
2026-03-19 04:55:00,0.41790574,13.68
2026-03-19 05:00:00,0.417673,13.82
2026-03-19 05:05:00,0.41744026,13.94
2026-03-19 05:10:00,0.41755663,14.06
2026-03-19 05:15:00,0.41744026,14.14
2026-03-19 05:20:00,0.41736268,14.2
2026-03-19 05:25:00,0.41732389,14.26
2026-03-19 05:30:00,0.4172851,14.3
2026-03-19 05:35:00,0.41720752,14.3
2026-03-19 05:40:00,0.41724631,14.3
2026-03-19 05:45:00,0.41709115,14.22
2026-03-19 05:50:00,0.41716873,14.2
2026-03-19 05:55:00,0.41712994,14.2
2026-03-19 06:00:00,0.41712994,14.2
2026-03-19 06:05:00,0.41716873,14.2
2026-03-19 06:10:00,0.41712994,14.2
2026-03-19 06:15:00,0.41712994,14.2
2026-03-19 06:20:00,0.41705236,14.2
2026-03-19 06:25:00,0.41701357,14.26
2026-03-19 06:30:00,0.41705236,14.3
2026-03-19 06:35:00,0.41697478,14.3
2026-03-19 06:40:00,0.41697478,14.3
2026-03-19 06:45:00,0.41693599,14.3
2026-03-19 06:50:00,0.41693599,14.3
2026-03-19 06:55:00,0.41697478,14.26
2026-03-19 07:00:00,0.41678083,14.2
2026-03-19 07:05:00,0.41693599,14.14
2026-03-19 07:10:00,0.41693599,14.08
2026-03-19 07:15:00,0.41685841,14.0
2026-03-19 07:20:00,0.41693599,13.9
2026-03-19 07:25:00,0.41697478,13.82
2026-03-19 07:30:00,0.41697478,13.74
2026-03-19 07:35:00,0.41697478,13.64
2026-03-19 07:40:00,0.41709115,13.54
2026-03-19 07:45:00,0.41709115,13.44
2026-03-19 07:50:00,0.41712994,13.32
2026-03-19 07:55:00,0.41716873,13.22
2026-03-19 08:00:00,0.41701357,13.12
2026-03-19 08:05:00,0.41709115,13.02
2026-03-19 08:10:00,0.41724631,12.92
2026-03-19 08:15:00,0.41716873,12.82
2026-03-19 08:20:00,0.4172851,12.7
2026-03-19 08:25:00,0.41705236,12.62
2026-03-19 08:30:00,0.41720752,12.52
2026-03-19 08:35:00,0.41724631,12.42
2026-03-19 08:40:00,0.41724631,12.32
2026-03-19 08:45:00,0.41712994,12.22
2026-03-19 08:50:00,0.41685841,12.12
2026-03-19 08:55:00,0.4168972,12.04
2026-03-19 09:00:00,0.41724631,11.96
2026-03-19 09:05:00,0.41712994,11.88
2026-03-19 09:10:00,0.41693599,11.8
2026-03-19 09:15:00,0.41709115,11.7
2026-03-19 09:20:00,0.41744026,11.6
2026-03-19 09:25:00,0.41693599,11.52
2026-03-19 09:30:00,0.41744026,11.42
2026-03-19 09:35:00,0.41720752,11.34
2026-03-19 09:40:00,0.41751784,11.24
2026-03-19 09:45:00,0.4172851,11.16
2026-03-19 09:50:00,0.41778937,11.08
2026-03-19 09:55:00,0.41794453,11.0
2026-03-19 10:00:00,0.41790574,10.9
2026-03-19 10:05:00,0.41798332,10.82
2026-03-19 10:10:00,0.41775058,10.74
2026-03-19 10:15:00,0.41778937,10.66
2026-03-19 10:20:00,0.41782816,10.56
2026-03-19 10:25:00,0.41790574,10.5
2026-03-19 10:30:00,0.41759542,10.4
2026-03-19 10:35:00,0.41763421,10.32
2026-03-19 10:40:00,0.41825485,10.24
2026-03-19 10:45:00,0.41778937,10.16
2026-03-19 10:50:00,0.41740147,10.1
2026-03-19 10:55:00,0.41775058,10.0
2026-03-19 11:00:00,0.41821606,9.92
2026-03-19 11:05:00,0.41790574,9.84
2026-03-19 11:10:00,0.41821606,9.76
2026-03-19 11:15:00,0.41794453,9.7
2026-03-19 11:20:00,0.41825485,9.6
2026-03-19 11:25:00,0.4180609,9.54
2026-03-19 11:30:00,0.4184488,9.46
2026-03-19 11:35:00,0.41852638,9.4
2026-03-19 11:40:00,0.41860396,9.3
2026-03-19 11:45:00,0.4184488,9.24
2026-03-19 11:50:00,0.4184488,9.18
2026-03-19 11:55:00,0.41825485,9.1
2026-03-19 12:00:00,0.41841001,9.02
2026-03-19 12:05:00,0.41821606,8.98
2026-03-19 12:10:00,0.41848759,8.9
2026-03-19 12:15:00,0.41856517,8.82
2026-03-19 12:20:00,0.41852638,8.78
2026-03-19 12:25:00,0.41841001,8.7
2026-03-19 12:30:00,0.41872033,8.64
2026-03-19 12:35:00,0.41825485,8.6
2026-03-19 12:40:00,0.41872033,8.52
2026-03-19 12:45:00,0.41848759,8.48
2026-03-19 12:50:00,0.41848759,8.4
2026-03-19 12:55:00,0.41848759,8.36
2026-03-19 13:00:00,0.41841001,8.3
2026-03-19 13:05:00,0.41879791,8.24
2026-03-19 13:10:00,0.41860396,8.2
2026-03-19 13:15:00,0.41879791,8.14
2026-03-19 13:20:00,0.41868154,8.1
2026-03-19 13:25:00,0.41887549,8.0
2026-03-19 13:30:00,0.41868154,8.0
2026-03-19 13:35:00,0.41868154,7.9
2026-03-19 13:40:00,0.41891428,7.9
2026-03-19 13:45:00,0.41891428,7.82
2026-03-19 13:50:00,0.41864275,7.8
2026-03-19 13:55:00,0.41879791,7.72
2026-03-19 14:00:00,0.41848759,7.7
2026-03-19 14:05:00,0.4184488,7.62
2026-03-19 14:10:00,0.41852638,7.6
2026-03-19 14:15:00,0.41875912,7.52
2026-03-19 14:20:00,0.41879791,7.5
2026-03-19 14:25:00,0.41864275,7.42
2026-03-19 14:30:00,0.41906944,7.4
2026-03-19 14:35:00,0.41868154,7.34
2026-03-19 14:40:00,0.41910823,7.3
2026-03-19 14:45:00,0.41903065,7.24
2026-03-19 14:50:00,0.41891428,7.2
2026-03-19 14:55:00,0.41868154,7.18
2026-03-19 15:00:00,0.41868154,7.1
2026-03-19 15:05:00,0.41895307,7.1
2026-03-19 15:10:00,0.41910823,7.0
2026-03-19 15:15:00,0.4188367,7.0
2026-03-19 15:20:00,0.41875912,6.94
2026-03-19 15:25:00,0.41906944,6.9
2026-03-19 15:30:00,0.41914702,6.9
2026-03-19 15:35:00,0.4192246,6.8
2026-03-19 15:40:00,0.41926339,6.8
2026-03-19 15:45:00,0.41926339,6.8
2026-03-19 15:50:00,0.41918581,6.7
2026-03-19 15:55:00,0.41903065,6.7
2026-03-19 16:00:00,0.41949613,6.68
2026-03-19 16:05:00,0.41926339,6.6
2026-03-19 16:10:00,0.4192246,6.6
2026-03-19 16:15:00,0.41930218,6.6
2026-03-19 16:20:00,0.41926339,6.54
2026-03-19 16:25:00,0.41930218,6.5
2026-03-19 16:30:00,0.41903065,6.5
2026-03-19 16:35:00,0.41937976,6.48
2026-03-19 16:40:00,0.41953492,6.4
2026-03-19 16:45:00,0.41918581,6.4
2026-03-19 16:50:00,0.41937976,6.4
2026-03-19 16:55:00,0.41934097,6.3
2026-03-19 17:00:00,0.4192246,6.3
2026-03-19 17:05:00,0.41957371,6.3
2026-03-19 17:10:00,0.4192246,6.22
2026-03-19 17:15:00,0.41918581,6.2
2026-03-19 17:20:00,0.41934097,6.2
2026-03-19 17:25:00,0.4196125,6.14
2026-03-19 17:30:00,0.41949613,6.1
2026-03-19 17:35:00,0.41953492,6.1
2026-03-19 17:40:00,0.41937976,6.08
2026-03-19 17:45:00,0.41953492,6.0
2026-03-19 17:50:00,0.4196125,6.0
2026-03-19 17:55:00,0.41941855,6.0
2026-03-19 18:00:00,0.41937976,5.92
2026-03-19 18:05:00,0.4196125,5.9
2026-03-19 18:10:00,0.41953492,5.9
2026-03-19 18:15:00,0.41945734,5.88
2026-03-19 18:20:00,0.41965129,5.8
2026-03-19 18:25:00,0.41965129,5.8
2026-03-19 18:30:00,0.41972887,5.8
2026-03-19 18:35:00,0.4196125,5.7
2026-03-19 18:40:00,0.41965129,5.7
2026-03-19 18:45:00,0.41969008,5.7
2026-03-19 18:50:00,0.41953492,5.7
2026-03-19 18:55:00,0.41965129,5.62
2026-03-19 19:00:00,0.41953492,5.6
2026-03-19 19:05:00,0.41972887,5.6
2026-03-19 19:10:00,0.41949613,5.6
2026-03-19 19:15:00,0.41972887,5.58
2026-03-19 19:20:00,0.41969008,5.5
2026-03-19 19:25:00,0.41957371,5.5
2026-03-19 19:30:00,0.41972887,5.5
2026-03-19 19:35:00,0.41949613,5.5
2026-03-19 19:40:00,0.41969008,5.48
2026-03-19 19:45:00,0.41965129,5.4
2026-03-19 19:50:00,0.41984524,5.4
2026-03-19 19:55:00,0.41980645,5.4
2026-03-19 20:00:00,0.41980645,5.4
2026-03-19 20:05:00,0.41941855,5.4
2026-03-19 20:10:00,0.41976766,5.3
2026-03-19 20:15:00,0.41984524,5.3
2026-03-19 20:20:00,0.41992282,5.3
2026-03-19 20:25:00,0.41988403,5.3
2026-03-19 20:30:00,0.41984524,5.3
2026-03-19 20:35:00,0.41957371,5.28
2026-03-19 20:40:00,0.41992282,5.2
2026-03-19 20:45:00,0.41988403,5.2
2026-03-19 20:50:00,0.41976766,5.2
2026-03-19 20:55:00,0.41984524,5.2
2026-03-19 21:00:00,0.41976766,5.2
2026-03-19 21:05:00,0.41984524,5.2
2026-03-19 21:10:00,0.41988403,5.2
2026-03-19 21:15:00,0.41992282,5.1
2026-03-19 21:20:00,0.41984524,5.1
2026-03-19 21:25:00,0.41992282,5.1
2026-03-19 21:30:00,0.41992282,5.1
2026-03-19 21:35:00,0.41996161,5.06
2026-03-19 21:40:00,0.41992282,5.0
2026-03-19 21:45:00,0.41988403,5.0
2026-03-19 21:50:00,0.41992282,5.0
2026-03-19 21:55:00,0.41992282,5.0
2026-03-19 22:00:00,0.41988403,5.0
2026-03-19 22:05:00,0.41988403,4.9
2026-03-19 22:10:00,0.41996161,4.9
2026-03-19 22:15:00,0.42003919,4.9
2026-03-19 22:20:00,0.41996161,4.9
2026-03-19 22:25:00,0.4200004,4.9
2026-03-19 22:30:00,0.41996161,4.9
2026-03-19 22:35:00,0.4200004,4.86
2026-03-19 22:40:00,0.41988403,4.8
2026-03-19 22:45:00,0.41992282,4.8
2026-03-19 22:50:00,0.41992282,4.8
2026-03-19 22:55:00,0.41992282,4.8
2026-03-19 23:00:00,0.4200004,4.8
2026-03-19 23:05:00,0.4200004,4.8
2026-03-19 23:10:00,0.4200004,4.8
2026-03-19 23:15:00,0.41996161,4.8
2026-03-19 23:20:00,0.41996161,4.8
2026-03-19 23:25:00,0.41996161,4.82
2026-03-19 23:30:00,0.41996161,4.9
2026-03-19 23:35:00,0.41996161,4.9
2026-03-19 23:40:00,0.41984524,4.9
2026-03-19 23:45:00,0.41996161,4.9
2026-03-19 23:50:00,0.41988403,4.9
2026-03-19 23:55:00,0.41976766,5.0
2026-03-20 00:00:00,0.41980645,5.0
2026-03-20 00:05:00,0.41976766,5.0
2026-03-20 00:10:00,0.41972887,5.06
2026-03-20 00:15:00,0.41969008,5.1
2026-03-20 00:20:00,0.41972887,5.16
2026-03-20 00:25:00,0.41969008,5.2
2026-03-20 00:30:00,0.41957371,5.24
2026-03-20 00:35:00,0.41949613,5.3
2026-03-20 00:40:00,0.41941855,5.38
2026-03-20 00:45:00,0.41937976,5.46
2026-03-20 00:50:00,0.41937976,5.56
2026-03-20 00:55:00,0.41934097,5.64
2026-03-20 01:00:00,0.41918581,5.74
2026-03-20 01:05:00,0.41895307,5.86
2026-03-20 01:10:00,0.41891428,5.98
2026-03-20 01:15:00,0.41899186,6.12
2026-03-20 01:20:00,0.41875912,6.26
2026-03-20 01:25:00,0.41887549,6.4
2026-03-20 01:30:00,0.41879791,6.54
2026-03-20 01:35:00,0.41856517,6.7
2026-03-20 01:40:00,0.41848759,6.86
2026-03-20 01:45:00,0.41837122,7.04
2026-03-20 01:50:00,0.41775058,7.2
2026-03-20 01:55:00,0.41786695,7.36
2026-03-20 02:00:00,0.41817727,7.56
2026-03-20 02:05:00,0.41759542,7.76
2026-03-20 02:10:00,0.41782816,7.94
2026-03-20 02:15:00,0.41747905,8.14
2026-03-20 02:20:00,0.41720752,8.34
2026-03-20 02:25:00,0.41755663,8.54
2026-03-20 02:30:00,0.41732389,8.74
2026-03-20 02:35:00,0.41720752,8.94
2026-03-20 02:40:00,0.41678083,9.14
2026-03-20 02:45:00,0.41705236,9.36
2026-03-20 02:50:00,0.41662567,9.56
2026-03-20 02:55:00,0.41619898,9.78
2026-03-20 03:00:00,0.41623777,9.98
2026-03-20 03:05:00,0.41627656,10.2
2026-03-20 03:10:00,0.41631535,10.4
2026-03-20 03:15:00,0.41627656,10.62
2026-03-20 03:20:00,0.41604382,10.82
2026-03-20 03:25:00,0.41581108,11.02
2026-03-20 03:30:00,0.4157335,11.22
2026-03-20 03:35:00,0.41519044,11.42
2026-03-20 03:40:00,0.41530681,11.6
2026-03-20 03:45:00,0.41484133,11.76
2026-03-20 03:50:00,0.41484133,11.94
2026-03-20 03:55:00,0.41460859,12.1
2026-03-20 04:00:00,0.41538439,12.26
2026-03-20 04:05:00,0.41515165,12.44
2026-03-20 04:10:00,0.41515165,12.6
2026-03-20 04:15:00,0.41468617,12.76
2026-03-20 04:20:00,0.41484133,12.94
2026-03-20 04:25:00,0.41468617,13.08
2026-03-20 04:30:00,0.41468617,13.24
2026-03-20 04:35:00,0.4145698,13.4
2026-03-20 04:40:00,0.41453101,13.54
2026-03-20 04:45:00,0.41422069,13.66
2026-03-20 04:50:00,0.41437585,13.76
2026-03-20 04:55:00,0.41414311,13.88
2026-03-20 05:00:00,0.4141819,13.96
2026-03-20 05:05:00,0.41410432,14.06
2026-03-20 05:10:00,0.41402674,14.14
2026-03-20 05:15:00,0.41391037,14.2
2026-03-20 05:20:00,0.41398795,14.22
2026-03-20 05:25:00,0.41383279,14.3
2026-03-20 05:30:00,0.41391037,14.3
2026-03-20 05:35:00,0.41394916,14.3
2026-03-20 05:40:00,0.41375521,14.2
2026-03-20 05:45:00,0.41375521,14.2
2026-03-20 05:50:00,0.41371642,14.2
2026-03-20 05:55:00,0.41387158,14.2
2026-03-20 06:00:00,0.41371642,14.2
2026-03-20 06:05:00,0.41367763,14.2
2026-03-20 06:10:00,0.41371642,14.2
2026-03-20 06:15:00,0.41367763,14.2
2026-03-20 06:20:00,0.41371642,14.28
2026-03-20 06:25:00,0.41360005,14.3
2026-03-20 06:30:00,0.41348368,14.36
2026-03-20 06:35:00,0.41356126,14.4
2026-03-20 06:40:00,0.41360005,14.4
2026-03-20 06:45:00,0.41344489,14.4
2026-03-20 06:50:00,0.41352247,14.4
2026-03-20 06:55:00,0.41344489,14.4
2026-03-20 07:00:00,0.41348368,14.32
2026-03-20 07:05:00,0.41344489,14.3
2026-03-20 07:10:00,0.41348368,14.2
2026-03-20 07:15:00,0.41352247,14.14
2026-03-20 07:20:00,0.41360005,14.08
2026-03-20 07:25:00,0.41352247,13.98
2026-03-20 07:30:00,0.41360005,13.9
2026-03-20 07:35:00,0.41356126,13.8
2026-03-20 07:40:00,0.41375521,13.72
2026-03-20 07:45:00,0.41360005,13.62
2026-03-20 07:50:00,0.41360005,13.52
2026-03-20 07:55:00,0.41360005,13.42
2026-03-20 08:00:00,0.41360005,13.32
2026-03-20 08:05:00,0.41356126,13.22
2026-03-20 08:10:00,0.41363884,13.14
2026-03-20 08:15:00,0.41352247,13.04
2026-03-20 08:20:00,0.41336731,12.94
2026-03-20 08:25:00,0.41360005,12.86
2026-03-20 08:30:00,0.41356126,12.76
2026-03-20 08:35:00,0.41383279,12.68
2026-03-20 08:40:00,0.41356126,12.6
2026-03-20 08:45:00,0.41356126,12.5
2026-03-20 08:50:00,0.41348368,12.42
2026-03-20 08:55:00,0.413794,12.36
2026-03-20 09:00:00,0.41352247,12.28
2026-03-20 09:05:00,0.41336731,12.2
2026-03-20 09:10:00,0.41328973,12.1
2026-03-20 09:15:00,0.41367763,12.04
2026-03-20 09:20:00,0.41344489,12.0
2026-03-20 09:25:00,0.41394916,11.9
2026-03-20 09:30:00,0.41367763,11.84
2026-03-20 09:35:00,0.41348368,11.78
2026-03-20 09:40:00,0.41332852,11.7
2026-03-20 09:45:00,0.41383279,11.62
2026-03-20 09:50:00,0.41371642,11.56
2026-03-20 09:55:00,0.413794,11.5
2026-03-20 10:00:00,0.41387158,11.4
2026-03-20 10:05:00,0.41363884,11.32
2026-03-20 10:10:00,0.41383279,11.26
2026-03-20 10:15:00,0.41410432,11.18
2026-03-20 10:20:00,0.41371642,11.1
2026-03-20 10:25:00,0.41445343,11.0
2026-03-20 10:30:00,0.41445343,10.94
2026-03-20 10:35:00,0.41429827,10.86
2026-03-20 10:40:00,0.41441464,10.8
2026-03-20 10:45:00,0.41425948,10.7
2026-03-20 10:50:00,0.41410432,10.64
2026-03-20 10:55:00,0.41422069,10.56
2026-03-20 11:00:00,0.41453101,10.5
2026-03-20 11:05:00,0.41476375,10.4
2026-03-20 11:10:00,0.41468617,10.34
2026-03-20 11:15:00,0.41445343,10.26
2026-03-20 11:20:00,0.41441464,10.2
2026-03-20 11:25:00,0.41433706,10.12
2026-03-20 11:30:00,0.41476375,10.06
2026-03-20 11:35:00,0.4145698,10.0
2026-03-20 11:40:00,0.4145698,9.92
2026-03-20 11:45:00,0.41445343,9.86
2026-03-20 11:50:00,0.41464738,9.8
2026-03-20 11:55:00,0.41460859,9.72
2026-03-20 12:00:00,0.41441464,9.68
2026-03-20 12:05:00,0.41484133,9.6
2026-03-20 12:10:00,0.41468617,9.54
2026-03-20 12:15:00,0.41445343,9.5
2026-03-20 12:20:00,0.41484133,9.4
2026-03-20 12:25:00,0.41511286,9.36
2026-03-20 12:30:00,0.41437585,9.3
2026-03-20 12:35:00,0.41488012,9.22
2026-03-20 12:40:00,0.41488012,9.18
2026-03-20 12:45:00,0.41515165,9.1
2026-03-20 12:50:00,0.41503528,9.06
2026-03-20 12:55:00,0.41507407,9.0
2026-03-20 13:00:00,0.41488012,8.94
2026-03-20 13:05:00,0.41476375,8.9
2026-03-20 13:10:00,0.41499649,8.8
2026-03-20 13:15:00,0.41472496,8.78
2026-03-20 13:20:00,0.41515165,8.7
2026-03-20 13:25:00,0.41484133,8.68
2026-03-20 13:30:00,0.41491891,8.6
2026-03-20 13:35:00,0.41522923,8.56
2026-03-20 13:40:00,0.41491891,8.5
2026-03-20 13:45:00,0.41480254,8.46
2026-03-20 13:50:00,0.41464738,8.4
2026-03-20 13:55:00,0.4149577,8.34
2026-03-20 14:00:00,0.41488012,8.3
2026-03-20 14:05:00,0.41515165,8.24
2026-03-20 14:10:00,0.41519044,8.2
2026-03-20 14:15:00,0.41538439,8.14
2026-03-20 14:20:00,0.41515165,8.1
2026-03-20 14:25:00,0.41519044,8.04
2026-03-20 14:30:00,0.41503528,8.0
2026-03-20 14:35:00,0.41522923,7.94
2026-03-20 14:40:00,0.41526802,7.9
2026-03-20 14:45:00,0.41550076,7.86
2026-03-20 14:50:00,0.41507407,7.8
2026-03-20 14:55:00,0.41503528,7.78
2026-03-20 15:00:00,0.41530681,7.7
2026-03-20 15:05:00,0.41488012,7.7
2026-03-20 15:10:00,0.41530681,7.6
2026-03-20 15:15:00,0.41530681,7.58
2026-03-20 15:20:00,0.41507407,7.5
2026-03-20 15:25:00,0.41542318,7.5
2026-03-20 15:30:00,0.41522923,7.42
2026-03-20 15:35:00,0.41519044,7.4
2026-03-20 15:40:00,0.4153456,7.36
2026-03-20 15:45:00,0.4153456,7.3
2026-03-20 15:50:00,0.41538439,7.3
2026-03-20 15:55:00,0.41507407,7.2
2026-03-20 16:00:00,0.41530681,7.2
2026-03-20 16:05:00,0.41503528,7.16
2026-03-20 16:10:00,0.41526802,7.1
2026-03-20 16:15:00,0.41550076,7.1
2026-03-20 16:20:00,0.41550076,7.0
2026-03-20 16:25:00,0.41511286,7.0
2026-03-20 16:30:00,0.41546197,6.96
2026-03-20 16:35:00,0.41546197,6.9
2026-03-20 16:40:00,0.41569471,6.9
2026-03-20 16:45:00,0.41546197,6.82
2026-03-20 16:50:00,0.41550076,6.8
2026-03-20 16:55:00,0.41565592,6.8
2026-03-20 17:00:00,0.41561713,6.72
2026-03-20 17:05:00,0.4157335,6.7
2026-03-20 17:10:00,0.41557834,6.68
2026-03-20 17:15:00,0.41542318,6.6
2026-03-20 17:20:00,0.41584987,6.6
2026-03-20 17:25:00,0.41588866,6.6
2026-03-20 17:30:00,0.41577229,6.5
2026-03-20 17:35:00,0.41592745,6.5
2026-03-20 17:40:00,0.41588866,6.5
2026-03-20 17:45:00,0.41569471,6.48
2026-03-20 17:50:00,0.41600503,6.4
2026-03-20 17:55:00,0.41553955,6.4
2026-03-20 18:00:00,0.41584987,6.4
2026-03-20 18:05:00,0.41577229,6.4
2026-03-20 18:10:00,0.41596624,6.34
2026-03-20 18:15:00,0.4157335,6.3
2026-03-20 18:20:00,0.41596624,6.3
2026-03-20 18:25:00,0.41557834,6.3
2026-03-20 18:30:00,0.41553955,6.24
2026-03-20 18:35:00,0.41592745,6.2
2026-03-20 18:40:00,0.41581108,6.2
2026-03-20 18:45:00,0.41592745,6.2
2026-03-20 18:50:00,0.41596624,6.14
2026-03-20 18:55:00,0.41592745,6.1
2026-03-20 19:00:00,0.41592745,6.1
2026-03-20 19:05:00,0.41592745,6.1
2026-03-20 19:10:00,0.41616019,6.04
2026-03-20 19:15:00,0.41608261,6.0
2026-03-20 19:20:00,0.41619898,6.0
2026-03-20 19:25:00,0.41623777,6.0
2026-03-20 19:30:00,0.41604382,6.0
2026-03-20 19:35:00,0.41608261,6.0
2026-03-20 19:40:00,0.41596624,5.94
2026-03-20 19:45:00,0.41627656,5.9
2026-03-20 19:50:00,0.41600503,5.9
2026-03-20 19:55:00,0.41592745,5.9
2026-03-20 20:00:00,0.41623777,5.9
2026-03-20 20:05:00,0.41596624,5.9
2026-03-20 20:10:00,0.41623777,5.86
2026-03-20 20:15:00,0.41616019,5.8
2026-03-20 20:20:00,0.41616019,5.8
2026-03-20 20:25:00,0.41608261,5.8
2026-03-20 20:30:00,0.41619898,5.8
2026-03-20 20:35:00,0.41627656,5.8
2026-03-20 20:40:00,0.41616019,5.7
2026-03-20 20:45:00,0.41631535,5.7
2026-03-20 20:50:00,0.41627656,5.7
2026-03-20 20:55:00,0.41619898,5.7
2026-03-20 21:00:00,0.41604382,5.7
2026-03-20 21:05:00,0.41631535,5.7
2026-03-20 21:10:00,0.41623777,5.64
2026-03-20 21:15:00,0.41635414,5.6
2026-03-20 21:20:00,0.41623777,5.6
2026-03-20 21:25:00,0.41600503,5.6
2026-03-20 21:30:00,0.41627656,5.6
2026-03-20 21:35:00,0.4161214,5.6
2026-03-20 21:40:00,0.41619898,5.6
2026-03-20 21:45:00,0.41608261,5.6
2026-03-20 21:50:00,0.4161214,5.58
2026-03-20 21:55:00,0.41631535,5.5
2026-03-20 22:00:00,0.41627656,5.5
2026-03-20 22:05:00,0.41604382,5.5
2026-03-20 22:10:00,0.41596624,5.5
2026-03-20 22:15:00,0.41616019,5.5
2026-03-20 22:20:00,0.41619898,5.5
2026-03-20 22:25:00,0.41619898,5.5
2026-03-20 22:30:00,0.41627656,5.5
2026-03-20 22:35:00,0.41619898,5.5
2026-03-20 22:40:00,0.41616019,5.5
2026-03-20 22:45:00,0.41619898,5.5
2026-03-20 22:50:00,0.4161214,5.5
2026-03-20 22:55:00,0.41623777,5.5
2026-03-20 23:00:00,0.41616019,5.5
2026-03-20 23:05:00,0.41616019,5.5
2026-03-20 23:10:00,0.4161214,5.5
2026-03-20 23:15:00,0.41588866,5.56
2026-03-20 23:20:00,0.41604382,5.6
2026-03-20 23:25:00,0.41616019,5.6
2026-03-20 23:30:00,0.41608261,5.6
2026-03-20 23:35:00,0.41608261,5.6
2026-03-20 23:40:00,0.41619898,5.7
2026-03-20 23:45:00,0.41604382,5.7
2026-03-20 23:50:00,0.41600503,5.7
2026-03-20 23:55:00,0.41596624,5.78
2026-03-21 00:00:00,0.41565592,5.8
2026-03-21 00:05:00,0.41596624,5.88
2026-03-21 00:10:00,0.41588866,5.9
2026-03-21 00:15:00,0.41592745,5.98
2026-03-21 00:20:00,0.4157335,6.0
2026-03-21 00:25:00,0.41557834,6.1
2026-03-21 00:30:00,0.41557834,6.14
2026-03-21 00:35:00,0.41561713,6.2
2026-03-21 00:40:00,0.41557834,6.3
2026-03-21 00:45:00,0.41561713,6.36
2026-03-21 00:50:00,0.41538439,6.44
2026-03-21 00:55:00,0.4153456,6.52
2026-03-21 01:00:00,0.41553955,6.62
2026-03-21 01:05:00,0.41553955,6.72
2026-03-21 01:10:00,0.41480254,6.82
2026-03-21 01:15:00,0.4149577,6.92
2026-03-21 01:20:00,0.41530681,7.04
2026-03-21 01:25:00,0.41526802,7.18
2026-03-21 01:30:00,0.41491891,7.32
2026-03-21 01:35:00,0.41441464,7.44
2026-03-21 01:40:00,0.41499649,7.58
2026-03-21 01:45:00,0.41453101,7.74
2026-03-21 01:50:00,0.4145698,7.9
2026-03-21 01:55:00,0.41476375,8.06
2026-03-21 02:00:00,0.4145698,8.24
2026-03-21 02:05:00,0.41383279,8.4
2026-03-21 02:10:00,0.41437585,8.58
2026-03-21 02:15:00,0.41429827,8.76
2026-03-21 02:20:00,0.41410432,8.96
2026-03-21 02:25:00,0.41425948,9.14
2026-03-21 02:30:00,0.41375521,9.34
2026-03-21 02:35:00,0.41387158,9.54
2026-03-21 02:40:00,0.41325094,9.74
2026-03-21 02:45:00,0.41356126,9.96
2026-03-21 02:50:00,0.41321215,10.16
2026-03-21 02:55:00,0.41325094,10.36
2026-03-21 03:00:00,0.41328973,10.58
2026-03-21 03:05:00,0.41317336,10.78
2026-03-21 03:10:00,0.41290183,10.98
2026-03-21 03:15:00,0.41266909,11.18
2026-03-21 03:20:00,0.41216482,11.38
2026-03-21 03:25:00,0.41216482,11.6
2026-03-21 03:30:00,0.4118545,11.8
2026-03-21 03:35:00,0.41204845,12.0
2026-03-21 03:40:00,0.41154418,12.18
2026-03-21 03:45:00,0.41189329,12.4
2026-03-21 03:50:00,0.41204845,12.58
2026-03-21 03:55:00,0.41193208,12.78
2026-03-21 04:00:00,0.41142781,12.96
2026-03-21 04:05:00,0.41158297,13.16
2026-03-21 04:10:00,0.41115628,13.34
2026-03-21 04:15:00,0.41119507,13.54
2026-03-21 04:20:00,0.41084596,13.7
2026-03-21 04:25:00,0.41092354,13.86
2026-03-21 04:30:00,0.41080717,14.04
2026-03-21 04:35:00,0.41065201,14.2
2026-03-21 04:40:00,0.41053564,14.36
2026-03-21 04:45:00,0.41034169,14.5
2026-03-21 04:50:00,0.41034169,14.66
2026-03-21 04:55:00,0.41022532,14.8
2026-03-21 05:00:00,0.41014774,14.94
2026-03-21 05:05:00,0.41003137,15.04
2026-03-21 05:10:00,0.40999258,15.14
2026-03-21 05:15:00,0.40987621,15.2
2026-03-21 05:20:00,0.40987621,15.2
2026-03-21 05:25:00,0.40975984,15.26
2026-03-21 05:30:00,0.40972105,15.24
2026-03-21 05:35:00,0.40972105,15.2
2026-03-21 05:40:00,0.40968226,15.2
2026-03-21 05:45:00,0.40975984,15.18
2026-03-21 05:50:00,0.40964347,15.1
2026-03-21 05:55:00,0.40960468,15.1
2026-03-21 06:00:00,0.40960468,15.1
2026-03-21 06:05:00,0.40956589,15.1
2026-03-21 06:10:00,0.4095271,15.1
2026-03-21 06:15:00,0.40948831,15.1
2026-03-21 06:20:00,0.40937194,15.1
2026-03-21 06:25:00,0.40933315,15.18
2026-03-21 06:30:00,0.40933315,15.2
2026-03-21 06:35:00,0.40921678,15.2
2026-03-21 06:40:00,0.40921678,15.2
2026-03-21 06:45:00,0.4091392,15.2
2026-03-21 06:50:00,0.40925557,15.2
2026-03-21 06:55:00,0.4091392,15.18
2026-03-21 07:00:00,0.40917799,15.1
2026-03-21 07:05:00,0.40906162,15.02
2026-03-21 07:10:00,0.4091392,14.94
2026-03-21 07:15:00,0.40910041,14.86
2026-03-21 07:20:00,0.40910041,14.76
2026-03-21 07:25:00,0.40921678,14.64
2026-03-21 07:30:00,0.40917799,14.54
2026-03-21 07:35:00,0.4091392,14.42
2026-03-21 07:40:00,0.40921678,14.3
2026-03-21 07:45:00,0.40917799,14.18
2026-03-21 07:50:00,0.40902283,14.08
2026-03-21 07:55:00,0.40921678,13.96
2026-03-21 08:00:00,0.40925557,13.84
2026-03-21 08:05:00,0.40929436,13.74
2026-03-21 08:10:00,0.40929436,13.62
2026-03-21 08:15:00,0.40933315,13.5
2026-03-21 08:20:00,0.40925557,13.38
2026-03-21 08:25:00,0.40906162,13.28
2026-03-21 08:30:00,0.4091392,13.16
2026-03-21 08:35:00,0.40902283,13.06
2026-03-21 08:40:00,0.40910041,12.96
2026-03-21 08:45:00,0.40921678,12.86
2026-03-21 08:50:00,0.40921678,12.76
2026-03-21 08:55:00,0.40937194,12.66
2026-03-21 09:00:00,0.40941073,12.58
2026-03-21 09:05:00,0.40902283,12.48
2026-03-21 09:10:00,0.40917799,12.38
2026-03-21 09:15:00,0.40917799,12.28
2026-03-21 09:20:00,0.40894525,12.2
2026-03-21 09:25:00,0.40917799,12.1
2026-03-21 09:30:00,0.40906162,12.0
2026-03-21 09:35:00,0.40910041,11.92
2026-03-21 09:40:00,0.40925557,11.84
2026-03-21 09:45:00,0.40921678,11.76
2026-03-21 09:50:00,0.4087513,11.68
2026-03-21 09:55:00,0.40910041,11.6
2026-03-21 10:00:00,0.40882888,11.5
2026-03-21 10:05:00,0.40882888,11.4
2026-03-21 10:10:00,0.40910041,11.32
2026-03-21 10:15:00,0.40917799,11.22
2026-03-21 10:20:00,0.40941073,11.14
2026-03-21 10:25:00,0.4095271,11.06
2026-03-21 10:30:00,0.40937194,10.96
2026-03-21 10:35:00,0.40975984,10.88
2026-03-21 10:40:00,0.40964347,10.8
2026-03-21 10:45:00,0.40941073,10.7
2026-03-21 10:50:00,0.40902283,10.62
2026-03-21 10:55:00,0.40925557,10.52
2026-03-21 11:00:00,0.40894525,10.44
2026-03-21 11:05:00,0.40855735,10.36
2026-03-21 11:10:00,0.40882888,10.28
2026-03-21 11:15:00,0.40847977,10.2
2026-03-21 11:20:00,0.40816945,10.1
2026-03-21 11:25:00,0.40793671,10.02
2026-03-21 11:30:00,0.40828582,9.94
2026-03-21 11:35:00,0.40828582,9.86
2026-03-21 11:40:00,0.4083634,9.78
2026-03-21 11:45:00,0.40847977,9.7
2026-03-21 11:50:00,0.40851856,9.62
2026-03-21 11:55:00,0.40816945,9.56
2026-03-21 12:00:00,0.40828582,9.48
2026-03-21 12:05:00,0.40859614,9.4
2026-03-21 12:10:00,0.40847977,9.32
2026-03-21 12:15:00,0.40820824,9.26
2026-03-21 12:20:00,0.40847977,9.2
2026-03-21 12:25:00,0.40816945,9.1
2026-03-21 12:30:00,0.40820824,9.04
2026-03-21 12:35:00,0.40816945,9.0
2026-03-21 12:40:00,0.40813066,8.9
2026-03-21 12:45:00,0.40859614,8.84
2026-03-21 12:50:00,0.40816945,8.8
2026-03-21 12:55:00,0.40805308,8.7
2026-03-21 13:00:00,0.40832461,8.66
2026-03-21 13:05:00,0.40859614,8.6
2026-03-21 13:10:00,0.40844098,8.52
2026-03-21 13:15:00,0.4083634,8.48
2026-03-21 13:20:00,0.40824703,8.4
2026-03-21 13:25:00,0.40824703,8.36
2026-03-21 13:30:00,0.40832461,8.3
2026-03-21 13:35:00,0.40867372,8.22
2026-03-21 13:40:00,0.40847977,8.2
2026-03-21 13:45:00,0.40828582,8.1
2026-03-21 13:50:00,0.40867372,8.06
2026-03-21 13:55:00,0.4083634,8.0
2026-03-21 14:00:00,0.40879009,7.94
2026-03-21 14:05:00,0.40863493,7.9
2026-03-21 14:10:00,0.40879009,7.84
2026-03-21 14:15:00,0.40813066,7.8
2026-03-21 14:20:00,0.40832461,7.72
2026-03-21 14:25:00,0.40859614,7.7
2026-03-21 14:30:00,0.4083634,7.62
2026-03-21 14:35:00,0.40851856,7.6
2026-03-21 14:40:00,0.40855735,7.5
2026-03-21 14:45:00,0.40813066,7.5
2026-03-21 14:50:00,0.40809187,7.42
2026-03-21 14:55:00,0.40828582,7.4
2026-03-21 15:00:00,0.40863493,7.36
2026-03-21 15:05:00,0.4087513,7.3
2026-03-21 15:10:00,0.40867372,7.3
2026-03-21 15:15:00,0.4083634,7.22
2026-03-21 15:20:00,0.40828582,7.2
2026-03-21 15:25:00,0.4083634,7.2
2026-03-21 15:30:00,0.40844098,7.12
2026-03-21 15:35:00,0.40847977,7.1
2026-03-21 15:40:00,0.4083634,7.1
2026-03-21 15:45:00,0.4083634,7.02
2026-03-21 15:50:00,0.40847977,7.0
2026-03-21 15:55:00,0.40820824,7.0
2026-03-21 16:00:00,0.40859614,6.96
2026-03-21 16:05:00,0.40840219,6.9
2026-03-21 16:10:00,0.40855735,6.9
2026-03-21 16:15:00,0.40851856,6.9
2026-03-21 16:20:00,0.40863493,6.8
2026-03-21 16:25:00,0.40855735,6.8
2026-03-21 16:30:00,0.40859614,6.8
2026-03-21 16:35:00,0.40844098,6.78
2026-03-21 16:40:00,0.40828582,6.7
2026-03-21 16:45:00,0.40859614,6.7
2026-03-21 16:50:00,0.40851856,6.7
2026-03-21 16:55:00,0.4083634,6.68
2026-03-21 17:00:00,0.40840219,6.6
2026-03-21 17:05:00,0.40855735,6.6
2026-03-21 17:10:00,0.40863493,6.6
2026-03-21 17:15:00,0.40871251,6.6
2026-03-21 17:20:00,0.40867372,6.6
2026-03-21 17:25:00,0.40879009,6.5
2026-03-21 17:30:00,0.40855735,6.5
2026-03-21 17:35:00,0.40859614,6.5
2026-03-21 17:40:00,0.40847977,6.5
2026-03-21 17:45:00,0.40813066,6.5
2026-03-21 17:50:00,0.40847977,6.46
2026-03-21 17:55:00,0.40859614,6.4
2026-03-21 18:00:00,0.40879009,6.4
2026-03-21 18:05:00,0.40855735,6.4
2026-03-21 18:10:00,0.40855735,6.4
2026-03-21 18:15:00,0.40859614,6.4
2026-03-21 18:20:00,0.40855735,6.3
2026-03-21 18:25:00,0.40859614,6.3
2026-03-21 18:30:00,0.40851856,6.3
2026-03-21 18:35:00,0.40855735,6.3
2026-03-21 18:40:00,0.40863493,6.3
2026-03-21 18:45:00,0.40855735,6.3
2026-03-21 18:50:00,0.40855735,6.3
2026-03-21 18:55:00,0.40859614,6.24
2026-03-21 19:00:00,0.40871251,6.2
2026-03-21 19:05:00,0.40851856,6.2
2026-03-21 19:10:00,0.40851856,6.2
2026-03-21 19:15:00,0.40813066,6.2
2026-03-21 19:20:00,0.4083634,6.2
2026-03-21 19:25:00,0.40855735,6.2
2026-03-21 19:30:00,0.40847977,6.2
2026-03-21 19:35:00,0.40879009,6.2
2026-03-21 19:40:00,0.40859614,6.16
2026-03-21 19:45:00,0.40867372,6.1
2026-03-21 19:50:00,0.40859614,6.1
2026-03-21 19:55:00,0.40847977,6.1
2026-03-21 20:00:00,0.40832461,6.1
2026-03-21 20:05:00,0.40855735,6.1
2026-03-21 20:10:00,0.40851856,6.1
2026-03-21 20:15:00,0.40847977,6.06
2026-03-21 20:20:00,0.40840219,6.0
2026-03-21 20:25:00,0.40847977,6.0
2026-03-21 20:30:00,0.4087513,6.0
2026-03-21 20:35:00,0.40851856,6.0
2026-03-21 20:40:00,0.40816945,6.0
2026-03-21 20:45:00,0.40847977,6.0
2026-03-21 20:50:00,0.40855735,6.0
2026-03-21 20:55:00,0.40847977,5.96
2026-03-21 21:00:00,0.40847977,5.9
2026-03-21 21:05:00,0.40824703,5.9
2026-03-21 21:10:00,0.40851856,5.9
2026-03-21 21:15:00,0.40859614,5.9
2026-03-21 21:20:00,0.40824703,5.9
2026-03-21 21:25:00,0.40828582,5.88
2026-03-21 21:30:00,0.40859614,5.8
2026-03-21 21:35:00,0.40832461,5.8
2026-03-21 21:40:00,0.40828582,5.8
2026-03-21 21:45:00,0.40867372,5.8
2026-03-21 21:50:00,0.40867372,5.8
2026-03-21 21:55:00,0.40863493,5.78
2026-03-21 22:00:00,0.40867372,5.7
2026-03-21 22:05:00,0.40855735,5.7
2026-03-21 22:10:00,0.40855735,5.7
2026-03-21 22:15:00,0.40828582,5.7
2026-03-21 22:20:00,0.40847977,5.7
2026-03-21 22:25:00,0.40847977,5.7
2026-03-21 22:30:00,0.40844098,5.7
2026-03-21 22:35:00,0.40855735,5.7
2026-03-21 22:40:00,0.40863493,5.7
2026-03-21 22:45:00,0.40847977,5.7
2026-03-21 22:50:00,0.40851856,5.7
2026-03-21 22:55:00,0.40840219,5.7
2026-03-21 23:00:00,0.40859614,5.7
2026-03-21 23:05:00,0.40855735,5.7
2026-03-21 23:10:00,0.40855735,5.7
2026-03-21 23:15:00,0.40859614,5.7
2026-03-21 23:20:00,0.40816945,5.74
2026-03-21 23:25:00,0.40840219,5.8
2026-03-21 23:30:00,0.40844098,5.8
2026-03-21 23:35:00,0.40820824,5.82
2026-03-21 23:40:00,0.4083634,5.9
2026-03-21 23:45:00,0.4083634,5.9
2026-03-21 23:50:00,0.40844098,5.98
2026-03-21 23:55:00,0.40809187,6.0
2026-03-22 00:00:00,0.40832461,6.04
2026-03-22 00:05:00,0.40809187,6.1
2026-03-22 00:10:00,0.40824703,6.12
2026-03-22 00:15:00,0.40793671,6.2
2026-03-22 00:20:00,0.40793671,6.22
2026-03-22 00:25:00,0.40820824,6.3
2026-03-22 00:30:00,0.40793671,6.34
2026-03-22 00:35:00,0.40809187,6.4
2026-03-22 00:40:00,0.40766518,6.48
2026-03-22 00:45:00,0.40774276,6.54
2026-03-22 00:50:00,0.40785913,6.6
2026-03-22 00:55:00,0.4079755,6.7
2026-03-22 01:00:00,0.40778155,6.8
2026-03-22 01:05:00,0.40766518,6.88
2026-03-22 01:10:00,0.40739365,6.96
2026-03-22 01:15:00,0.40716091,7.06
2026-03-22 01:20:00,0.40747123,7.18
2026-03-22 01:25:00,0.40727728,7.26
2026-03-22 01:30:00,0.40731607,7.34
2026-03-22 01:35:00,0.40696696,7.42
2026-03-22 01:40:00,0.40677301,7.52
2026-03-22 01:45:00,0.40739365,7.6
2026-03-22 01:50:00,0.40704454,7.7
2026-03-22 01:55:00,0.40716091,7.76
2026-03-22 02:00:00,0.40727728,7.84
2026-03-22 02:05:00,0.40704454,7.9
2026-03-22 02:10:00,0.4068118,8.0
2026-03-22 02:15:00,0.40669543,8.06
2026-03-22 02:20:00,0.40685059,8.14
2026-03-22 02:25:00,0.40661785,8.2
2026-03-22 02:30:00,0.40673422,8.3
2026-03-22 02:35:00,0.40650148,8.38
2026-03-22 02:40:00,0.40615237,8.44
2026-03-22 02:45:00,0.40665664,8.52
2026-03-22 02:50:00,0.40611358,8.6
2026-03-22 02:55:00,0.40630753,8.7
2026-03-22 03:00:00,0.40630753,8.8
2026-03-22 03:05:00,0.40634632,8.94
2026-03-22 03:10:00,0.40630753,9.08
2026-03-22 03:15:00,0.40615237,9.24
2026-03-22 03:20:00,0.40595842,9.44
2026-03-22 03:25:00,0.40572568,9.62
2026-03-22 03:30:00,0.40541536,9.82
2026-03-22 03:35:00,0.40522141,10.02
2026-03-22 03:40:00,0.40518262,10.24
2026-03-22 03:45:00,0.40467835,10.44
2026-03-22 03:50:00,0.40498867,10.66
2026-03-22 03:55:00,0.40471714,10.86
2026-03-22 04:00:00,0.40467835,11.06
2026-03-22 04:05:00,0.40421287,11.24
2026-03-22 04:10:00,0.40429045,11.4
2026-03-22 04:15:00,0.40394134,11.56
2026-03-22 04:20:00,0.40421287,11.74
2026-03-22 04:25:00,0.40366981,11.92
2026-03-22 04:30:00,0.40363102,12.08
2026-03-22 04:35:00,0.40363102,12.26
2026-03-22 04:40:00,0.40363102,12.44
2026-03-22 04:45:00,0.40366981,12.62
2026-03-22 04:50:00,0.40339828,12.8
2026-03-22 04:55:00,0.40308796,12.94
2026-03-22 05:00:00,0.40351465,13.1
2026-03-22 05:05:00,0.40328191,13.24
2026-03-22 05:10:00,0.40320433,13.36
2026-03-22 05:15:00,0.40312675,13.46
2026-03-22 05:20:00,0.40304917,13.52
2026-03-22 05:25:00,0.40297159,13.6
2026-03-22 05:30:00,0.40273885,13.62
2026-03-22 05:35:00,0.4029328,13.7
2026-03-22 05:40:00,0.40281643,13.7
2026-03-22 05:45:00,0.4025449,13.7
2026-03-22 05:50:00,0.40258369,13.7
2026-03-22 05:55:00,0.40246732,13.74
2026-03-22 06:00:00,0.40262248,13.8
2026-03-22 06:05:00,0.4025449,13.8
2026-03-22 06:10:00,0.40242853,13.86
2026-03-22 06:15:00,0.40235095,13.9
2026-03-22 06:20:00,0.40231216,13.98
2026-03-22 06:25:00,0.40227337,14.0
2026-03-22 06:30:00,0.402157,14.1
2026-03-22 06:35:00,0.40204063,14.12
2026-03-22 06:40:00,0.40192426,14.2
2026-03-22 06:45:00,0.40200184,14.2
2026-03-22 06:50:00,0.40204063,14.2
2026-03-22 06:55:00,0.40188547,14.2
2026-03-22 07:00:00,0.40188547,14.2
2026-03-22 07:05:00,0.4017691,14.2
2026-03-22 07:10:00,0.40173031,14.1
2026-03-22 07:15:00,0.40161394,14.1
2026-03-22 07:20:00,0.4017691,14.02
2026-03-22 07:25:00,0.40145878,13.98
2026-03-22 07:30:00,0.40173031,13.9
2026-03-22 07:35:00,0.40153636,13.82
2026-03-22 07:40:00,0.40161394,13.74
2026-03-22 07:45:00,0.40157515,13.66
2026-03-22 07:50:00,0.40165273,13.58
2026-03-22 07:55:00,0.40169152,13.48
2026-03-22 08:00:00,0.40165273,13.38
2026-03-22 08:05:00,0.40157515,13.28
2026-03-22 08:10:00,0.40153636,13.18
2026-03-22 08:15:00,0.40149757,13.1
2026-03-22 08:20:00,0.40153636,13.0
2026-03-22 08:25:00,0.40161394,12.9
2026-03-22 08:30:00,0.40161394,12.8
2026-03-22 08:35:00,0.40169152,12.72
2026-03-22 08:40:00,0.40145878,12.62
2026-03-22 08:45:00,0.40161394,12.54
2026-03-22 08:50:00,0.40165273,12.44
2026-03-22 08:55:00,0.40157515,12.36
2026-03-22 09:00:00,0.40114846,12.28
2026-03-22 09:05:00,0.40130362,12.2
2026-03-22 09:10:00,0.40118725,12.1
2026-03-22 09:15:00,0.4013812,12.02
2026-03-22 09:20:00,0.40122604,11.96
2026-03-22 09:25:00,0.40110967,11.88
2026-03-22 09:30:00,0.40149757,11.8
2026-03-22 09:35:00,0.40110967,11.72
2026-03-22 09:40:00,0.40110967,11.64
2026-03-22 09:45:00,0.40095451,11.58
2026-03-22 09:50:00,0.40141999,11.5
2026-03-22 09:55:00,0.40134241,11.4
2026-03-22 10:00:00,0.40145878,11.32
2026-03-22 10:05:00,0.40103209,11.24
2026-03-22 10:10:00,0.4009933,11.18
2026-03-22 10:15:00,0.40145878,11.1
2026-03-22 10:20:00,0.40141999,11.0
2026-03-22 10:25:00,0.40149757,10.92
2026-03-22 10:30:00,0.40165273,10.86
2026-03-22 10:35:00,0.40169152,10.78
2026-03-22 10:40:00,0.40165273,10.7
2026-03-22 10:45:00,0.40165273,10.62
2026-03-22 10:50:00,0.40165273,10.54
2026-03-22 10:55:00,0.40153636,10.48
2026-03-22 11:00:00,0.40169152,10.4
2026-03-22 11:05:00,0.40161394,10.32
2026-03-22 11:10:00,0.40180789,10.24
2026-03-22 11:15:00,0.40134241,10.18
2026-03-22 11:20:00,0.40149757,10.1
2026-03-22 11:25:00,0.40114846,10.02
2026-03-22 11:30:00,0.4013812,9.96
2026-03-22 11:35:00,0.40161394,9.9
2026-03-22 11:40:00,0.40200184,9.8
2026-03-22 11:45:00,0.4017691,9.74
2026-03-22 11:50:00,0.40157515,9.7
2026-03-22 11:55:00,0.40165273,9.6
2026-03-22 12:00:00,0.40196305,9.54
2026-03-22 12:05:00,0.40188547,9.48
2026-03-22 12:10:00,0.40173031,9.4
2026-03-22 12:15:00,0.40153636,9.34
2026-03-22 12:20:00,0.40180789,9.28
2026-03-22 12:25:00,0.40204063,9.2
2026-03-22 12:30:00,0.40184668,9.14
2026-03-22 12:35:00,0.40180789,9.1
2026-03-22 12:40:00,0.40192426,9.0
2026-03-22 12:45:00,0.40173031,8.96
2026-03-22 12:50:00,0.40188547,8.9
2026-03-22 12:55:00,0.40141999,8.84
2026-03-22 13:00:00,0.40196305,8.8
2026-03-22 13:05:00,0.40184668,8.7
2026-03-22 13:10:00,0.40192426,8.68
2026-03-22 13:15:00,0.40180789,8.6
2026-03-22 13:20:00,0.4017691,8.56
2026-03-22 13:25:00,0.40207942,8.5
2026-03-22 13:30:00,0.40169152,8.44
2026-03-22 13:35:00,0.40188547,8.4
2026-03-22 13:40:00,0.40165273,8.32
2026-03-22 13:45:00,0.40188547,8.3
2026-03-22 13:50:00,0.40196305,8.2
2026-03-22 13:55:00,0.40184668,8.2
2026-03-22 14:00:00,0.40219579,8.1
2026-03-22 14:05:00,0.40188547,8.08
2026-03-22 14:10:00,0.402157,8.0
2026-03-22 14:15:00,0.40192426,7.98
2026-03-22 14:20:00,0.40227337,7.9
2026-03-22 14:25:00,0.402157,7.88
2026-03-22 14:30:00,0.40192426,7.8
2026-03-22 14:35:00,0.40219579,7.8
2026-03-22 14:40:00,0.40207942,7.7
2026-03-22 14:45:00,0.40235095,7.7
2026-03-22 14:50:00,0.40200184,7.62
2026-03-22 14:55:00,0.40188547,7.6
2026-03-22 15:00:00,0.40235095,7.56
2026-03-22 15:05:00,0.40204063,7.5
2026-03-22 15:10:00,0.402157,7.5
2026-03-22 15:15:00,0.40207942,7.4
2026-03-22 15:20:00,0.402157,7.4
2026-03-22 15:25:00,0.40204063,7.38
2026-03-22 15:30:00,0.40192426,7.3
2026-03-22 15:35:00,0.40207942,7.3
2026-03-22 15:40:00,0.40204063,7.26
2026-03-22 15:45:00,0.40223458,7.2
2026-03-22 15:50:00,0.40184668,7.2
2026-03-22 15:55:00,0.40231216,7.12
2026-03-22 16:00:00,0.40235095,7.1
2026-03-22 16:05:00,0.40211821,7.06
2026-03-22 16:10:00,0.40211821,7.0
2026-03-22 16:15:00,0.40231216,7.0
2026-03-22 16:20:00,0.40235095,6.92
2026-03-22 16:25:00,0.40204063,6.9
2026-03-22 16:30:00,0.402157,6.88
2026-03-22 16:35:00,0.40207942,6.8
2026-03-22 16:40:00,0.402157,6.8
2026-03-22 16:45:00,0.40246732,6.74
2026-03-22 16:50:00,0.40250611,6.7
2026-03-22 16:55:00,0.40200184,6.7
2026-03-22 17:00:00,0.40238974,6.6
2026-03-22 17:05:00,0.402157,6.6
2026-03-22 17:10:00,0.40238974,6.56
2026-03-22 17:15:00,0.40258369,6.5
2026-03-22 17:20:00,0.40223458,6.5
2026-03-22 17:25:00,0.40238974,6.42
2026-03-22 17:30:00,0.40223458,6.4
2026-03-22 17:35:00,0.40223458,6.4
2026-03-22 17:40:00,0.40219579,6.3
2026-03-22 17:45:00,0.40227337,6.3
2026-03-22 17:50:00,0.40262248,6.28
2026-03-22 17:55:00,0.40258369,6.2
2026-03-22 18:00:00,0.40223458,6.2
2026-03-22 18:05:00,0.40246732,6.14
2026-03-22 18:10:00,0.40258369,6.1
2026-03-22 18:15:00,0.40266127,6.1
2026-03-22 18:20:00,0.40246732,6.02
2026-03-22 18:25:00,0.40250611,6.0
2026-03-22 18:30:00,0.40250611,6.0
2026-03-22 18:35:00,0.40250611,5.94
2026-03-22 18:40:00,0.40270006,5.9
2026-03-22 18:45:00,0.40250611,5.9
2026-03-22 18:50:00,0.40238974,5.86
2026-03-22 18:55:00,0.40246732,5.8
2026-03-22 19:00:00,0.4025449,5.8
2026-03-22 19:05:00,0.40270006,5.76
2026-03-22 19:10:00,0.40281643,5.7
2026-03-22 19:15:00,0.40258369,5.7
2026-03-22 19:20:00,0.40266127,5.7
2026-03-22 19:25:00,0.40273885,5.62
2026-03-22 19:30:00,0.40258369,5.6
2026-03-22 19:35:00,0.40262248,5.6
2026-03-22 19:40:00,0.40277764,5.6
2026-03-22 19:45:00,0.40266127,5.5
2026-03-22 19:50:00,0.40266127,5.5
2026-03-22 19:55:00,0.40289401,5.5
2026-03-22 20:00:00,0.40277764,5.48
2026-03-22 20:05:00,0.40277764,5.4
2026-03-22 20:10:00,0.40281643,5.4
2026-03-22 20:15:00,0.40285522,5.4
2026-03-22 20:20:00,0.40285522,5.36
2026-03-22 20:25:00,0.40277764,5.3
2026-03-22 20:30:00,0.40277764,5.3
2026-03-22 20:35:00,0.40285522,5.3
2026-03-22 20:40:00,0.40266127,5.28
2026-03-22 20:45:00,0.40281643,5.2
2026-03-22 20:50:00,0.40277764,5.2
2026-03-22 20:55:00,0.40289401,5.2
2026-03-22 21:00:00,0.40273885,5.2
2026-03-22 21:05:00,0.40273885,5.14
2026-03-22 21:10:00,0.40277764,5.1
2026-03-22 21:15:00,0.40277764,5.1
2026-03-22 21:20:00,0.4029328,5.1
2026-03-22 21:25:00,0.40285522,5.0
2026-03-22 21:30:00,0.40277764,5.0
2026-03-22 21:35:00,0.40289401,5.0
2026-03-22 21:40:00,0.40281643,5.0
2026-03-22 21:45:00,0.40281643,4.9
2026-03-22 21:50:00,0.4029328,4.9
2026-03-22 21:55:00,0.4029328,4.9
2026-03-22 22:00:00,0.40285522,4.9
2026-03-22 22:05:00,0.40285522,4.84
2026-03-22 22:10:00,0.40285522,4.8
2026-03-22 22:15:00,0.40289401,4.8
2026-03-22 22:20:00,0.4029328,4.8
2026-03-22 22:25:00,0.4029328,4.8
2026-03-22 22:30:00,0.4029328,4.8
2026-03-22 22:35:00,0.4029328,4.72
2026-03-22 22:40:00,0.40289401,4.7
2026-03-22 22:45:00,0.4029328,4.7
2026-03-22 22:50:00,0.40289401,4.7
2026-03-22 22:55:00,0.40297159,4.7
2026-03-22 23:00:00,0.40297159,4.7
2026-03-22 23:05:00,0.40281643,4.7
2026-03-22 23:10:00,0.40289401,4.78
2026-03-22 23:15:00,0.40297159,4.8
2026-03-22 23:20:00,0.40273885,4.8
2026-03-22 23:25:00,0.40281643,4.8
2026-03-22 23:30:00,0.40285522,4.8
2026-03-22 23:35:00,0.40277764,4.86
2026-03-22 23:40:00,0.4029328,4.9
2026-03-22 23:45:00,0.40270006,4.9
2026-03-22 23:50:00,0.40266127,4.94
2026-03-22 23:55:00,0.40270006,5.0
2026-03-23 00:00:00,0.40258369,5.02
2026-03-23 00:05:00,0.40242853,5.1
2026-03-23 00:10:00,0.40250611,5.14
2026-03-23 00:15:00,0.40250611,5.2
2026-03-23 00:20:00,0.40238974,5.26
2026-03-23 00:25:00,0.40207942,5.32
2026-03-23 00:30:00,0.40227337,5.4
2026-03-23 00:35:00,0.40235095,5.5
2026-03-23 00:40:00,0.40219579,5.6
2026-03-23 00:45:00,0.40223458,5.68
2026-03-23 00:50:00,0.40188547,5.8
2026-03-23 00:55:00,0.40188547,5.92
2026-03-23 01:00:00,0.4017691,6.04
2026-03-23 01:05:00,0.40161394,6.16
2026-03-23 01:10:00,0.40134241,6.32
2026-03-23 01:15:00,0.40130362,6.46
2026-03-23 01:20:00,0.40130362,6.6
2026-03-23 01:25:00,0.4009933,6.76
2026-03-23 01:30:00,0.40103209,6.94
2026-03-23 01:35:00,0.40110967,7.1
2026-03-23 01:40:00,0.4006054,7.3
2026-03-23 01:45:00,0.40072177,7.46
2026-03-23 01:50:00,0.4002175,7.66
2026-03-23 01:55:00,0.4002175,7.86
2026-03-23 02:00:00,0.40052782,8.06
2026-03-23 02:05:00,0.39979081,8.26
2026-03-23 02:10:00,0.3998296,8.46
2026-03-23 02:15:00,0.39986839,8.66
2026-03-23 02:20:00,0.39920896,8.88
2026-03-23 02:25:00,0.39951928,9.08
2026-03-23 02:30:00,0.39936412,9.3
2026-03-23 02:35:00,0.39920896,9.52
2026-03-23 02:40:00,0.39885985,9.74
2026-03-23 02:45:00,0.39862711,9.98
2026-03-23 02:50:00,0.39874348,10.18
2026-03-23 02:55:00,0.3986659,10.42
2026-03-23 03:00:00,0.39847195,10.64
2026-03-23 03:05:00,0.39816163,10.88
2026-03-23 03:10:00,0.39812284,11.08
2026-03-23 03:15:00,0.39742462,11.32
2026-03-23 03:20:00,0.39734704,11.54
2026-03-23 03:25:00,0.39726946,11.76
2026-03-23 03:30:00,0.39695914,11.96
2026-03-23 03:35:00,0.39684277,12.18
2026-03-23 03:40:00,0.39676519,12.4
2026-03-23 03:45:00,0.39703672,12.6
2026-03-23 03:50:00,0.39688156,12.8
2026-03-23 03:55:00,0.39618334,13.0
2026-03-23 04:00:00,0.39645487,13.18
2026-03-23 04:05:00,0.39641608,13.4
2026-03-23 04:10:00,0.39622213,13.58
2026-03-23 04:15:00,0.39610576,13.76
2026-03-23 04:20:00,0.39575665,13.9
2026-03-23 04:25:00,0.39575665,14.06
2026-03-23 04:30:00,0.3955627,14.2
2026-03-23 04:35:00,0.39548512,14.34
2026-03-23 04:40:00,0.39536875,14.5
2026-03-23 04:45:00,0.3951748,14.66
2026-03-23 04:50:00,0.39513601,14.8
2026-03-23 04:55:00,0.39494206,14.94
2026-03-23 05:00:00,0.39494206,15.06
2026-03-23 05:05:00,0.39470932,15.16
2026-03-23 05:10:00,0.39455416,15.2
2026-03-23 05:15:00,0.39436021,15.3
2026-03-23 05:20:00,0.39443779,15.3
2026-03-23 05:25:00,0.39428263,15.3
2026-03-23 05:30:00,0.39420505,15.3
2026-03-23 05:35:00,0.39428263,15.3
2026-03-23 05:40:00,0.39408868,15.28
2026-03-23 05:45:00,0.3940111,15.2
2026-03-23 05:50:00,0.39385594,15.2
2026-03-23 05:55:00,0.39370078,15.2
2026-03-23 06:00:00,0.3936232,15.2
2026-03-23 06:05:00,0.39366199,15.2
2026-03-23 06:10:00,0.39354562,15.2
2026-03-23 06:15:00,0.39342925,15.2
2026-03-23 06:20:00,0.39335167,15.24
2026-03-23 06:25:00,0.39331288,15.3
2026-03-23 06:30:00,0.39319651,15.3
2026-03-23 06:35:00,0.39319651,15.36
2026-03-23 06:40:00,0.39304135,15.4
2026-03-23 06:45:00,0.39304135,15.4
2026-03-23 06:50:00,0.39296377,15.4
2026-03-23 06:55:00,0.39296377,15.4
2026-03-23 07:00:00,0.39276982,15.3
2026-03-23 07:05:00,0.39280861,15.3
2026-03-23 07:10:00,0.39276982,15.24
2026-03-23 07:15:00,0.39273103,15.2
2026-03-23 07:20:00,0.39269224,15.14
2026-03-23 07:25:00,0.39265345,15.08
2026-03-23 07:30:00,0.39269224,15.0
2026-03-23 07:35:00,0.39269224,14.92
2026-03-23 07:40:00,0.39253708,14.84
2026-03-23 07:45:00,0.39257587,14.76
2026-03-23 07:50:00,0.39261466,14.68
2026-03-23 07:55:00,0.39249829,14.6
2026-03-23 08:00:00,0.39257587,14.5
2026-03-23 08:05:00,0.39261466,14.4
2026-03-23 08:10:00,0.39253708,14.32
2026-03-23 08:15:00,0.39249829,14.22
2026-03-23 08:20:00,0.3924595,14.14
2026-03-23 08:25:00,0.39253708,14.06
2026-03-23 08:30:00,0.39257587,13.98
2026-03-23 08:35:00,0.39253708,13.9
2026-03-23 08:40:00,0.39238192,13.8
2026-03-23 08:45:00,0.39253708,13.72
2026-03-23 08:50:00,0.39249829,13.64
2026-03-23 08:55:00,0.39253708,13.56
2026-03-23 09:00:00,0.39249829,13.5
2026-03-23 09:05:00,0.39249829,13.4
2026-03-23 09:10:00,0.39249829,13.32
2026-03-23 09:15:00,0.3924595,13.22
2026-03-23 09:20:00,0.39234313,13.16
2026-03-23 09:25:00,0.3924595,13.08
2026-03-23 09:30:00,0.39238192,13.0
2026-03-23 09:35:00,0.39238192,12.9
2026-03-23 09:40:00,0.39249829,12.84
2026-03-23 09:45:00,0.3924595,12.76
2026-03-23 09:50:00,0.39238192,12.68
2026-03-23 09:55:00,0.39242071,12.6
2026-03-23 10:00:00,0.3924595,12.5
2026-03-23 10:05:00,0.3920716,12.42
2026-03-23 10:10:00,0.39222676,12.34
2026-03-23 10:15:00,0.39187765,12.26
2026-03-23 10:20:00,0.39234313,12.18
2026-03-23 10:25:00,0.39180007,12.1
2026-03-23 10:30:00,0.39273103,12.0
2026-03-23 10:35:00,0.39234313,11.92
2026-03-23 10:40:00,0.3920716,11.84
2026-03-23 10:45:00,0.3920716,11.76
2026-03-23 10:50:00,0.39222676,11.68
2026-03-23 10:55:00,0.39222676,11.6
2026-03-23 11:00:00,0.39226555,11.52
2026-03-23 11:05:00,0.39234313,11.44
2026-03-23 11:10:00,0.39203281,11.36
2026-03-23 11:15:00,0.39253708,11.28
2026-03-23 11:20:00,0.39238192,11.2
2026-03-23 11:25:00,0.3924595,11.12
2026-03-23 11:30:00,0.39253708,11.04
2026-03-23 11:35:00,0.39257587,10.98
2026-03-23 11:40:00,0.39257587,10.9
2026-03-23 11:45:00,0.39253708,10.82
2026-03-23 11:50:00,0.39253708,10.76
2026-03-23 11:55:00,0.39242071,10.7
2026-03-23 12:00:00,0.39253708,10.6
2026-03-23 12:05:00,0.39265345,10.54
2026-03-23 12:10:00,0.39222676,10.5
2026-03-23 12:15:00,0.39253708,10.4
2026-03-23 12:20:00,0.39269224,10.34
2026-03-23 12:25:00,0.39249829,10.3
2026-03-23 12:30:00,0.39292498,10.2
2026-03-23 12:35:00,0.39257587,10.16
2026-03-23 12:40:00,0.39288619,10.1
2026-03-23 12:45:00,0.39249829,10.02
2026-03-23 12:50:00,0.39296377,9.98
2026-03-23 12:55:00,0.39273103,9.9
2026-03-23 13:00:00,0.39273103,9.84
2026-03-23 13:05:00,0.39265345,9.8
2026-03-23 13:10:00,0.39280861,9.7
2026-03-23 13:15:00,0.39261466,9.66
2026-03-23 13:20:00,0.39253708,9.6
2026-03-23 13:25:00,0.39261466,9.56
2026-03-23 13:30:00,0.39269224,9.5
2026-03-23 13:35:00,0.39300256,9.42
2026-03-23 13:40:00,0.39261466,9.4
2026-03-23 13:45:00,0.39280861,9.32
2026-03-23 13:50:00,0.39261466,9.3
2026-03-23 13:55:00,0.39261466,9.2
2026-03-23 14:00:00,0.3928474,9.18
2026-03-23 14:05:00,0.39300256,9.1
2026-03-23 14:10:00,0.39257587,9.08
2026-03-23 14:15:00,0.39269224,9.0
2026-03-23 14:20:00,0.39249829,8.98
2026-03-23 14:25:00,0.39280861,8.9
2026-03-23 14:30:00,0.39300256,8.9
2026-03-23 14:35:00,0.39288619,8.8
2026-03-23 14:40:00,0.39276982,8.8
2026-03-23 14:45:00,0.39296377,8.7
2026-03-23 14:50:00,0.39311893,8.7
2026-03-23 14:55:00,0.39296377,8.62
2026-03-23 15:00:00,0.39304135,8.6
2026-03-23 15:05:00,0.39273103,8.56
2026-03-23 15:10:00,0.3932353,8.5
2026-03-23 15:15:00,0.39269224,8.48
2026-03-23 15:20:00,0.39280861,8.4
2026-03-23 15:25:00,0.39288619,8.4
2026-03-23 15:30:00,0.39304135,8.32
2026-03-23 15:35:00,0.39319651,8.3
2026-03-23 15:40:00,0.39300256,8.26
2026-03-23 15:45:00,0.39319651,8.2
2026-03-23 15:50:00,0.3928474,8.2
2026-03-23 15:55:00,0.39304135,8.12
2026-03-23 16:00:00,0.39269224,8.1
2026-03-23 16:05:00,0.39304135,8.04
2026-03-23 16:10:00,0.3932353,8.0
2026-03-23 16:15:00,0.3928474,8.0
2026-03-23 16:20:00,0.39257587,7.9
2026-03-23 16:25:00,0.39311893,7.9
2026-03-23 16:30:00,0.39288619,7.88
2026-03-23 16:35:00,0.39300256,7.8
2026-03-23 16:40:00,0.39308014,7.8
2026-03-23 16:45:00,0.39315772,7.74
2026-03-23 16:50:00,0.39315772,7.7
2026-03-23 16:55:00,0.39311893,7.7
2026-03-23 17:00:00,0.39280861,7.62
2026-03-23 17:05:00,0.39319651,7.6
2026-03-23 17:10:00,0.3932353,7.58
2026-03-23 17:15:00,0.39300256,7.5
2026-03-23 17:20:00,0.39319651,7.5
2026-03-23 17:25:00,0.39288619,7.48
2026-03-23 17:30:00,0.39331288,7.4
2026-03-23 17:35:00,0.39346804,7.4
2026-03-23 17:40:00,0.39327409,7.38
2026-03-23 17:45:00,0.39280861,7.3
2026-03-23 17:50:00,0.39331288,7.3
2026-03-23 17:55:00,0.39319651,7.28
2026-03-23 18:00:00,0.39311893,7.2
2026-03-23 18:05:00,0.39315772,7.2
2026-03-23 18:10:00,0.39292498,7.2
2026-03-23 18:15:00,0.39311893,7.12
2026-03-23 18:20:00,0.39308014,7.1
2026-03-23 18:25:00,0.39292498,7.1
2026-03-23 18:30:00,0.39296377,7.02
2026-03-23 18:35:00,0.39342925,7.0
2026-03-23 18:40:00,0.39319651,7.0
2026-03-23 18:45:00,0.39335167,6.96
2026-03-23 18:50:00,0.39331288,6.9
2026-03-23 18:55:00,0.39339046,6.9
2026-03-23 19:00:00,0.39350683,6.9
2026-03-23 19:05:00,0.39339046,6.84
2026-03-23 19:10:00,0.39319651,6.8
2026-03-23 19:15:00,0.3932353,6.8
2026-03-23 19:20:00,0.39354562,6.8
2026-03-23 19:25:00,0.39346804,6.7
2026-03-23 19:30:00,0.39335167,6.7
2026-03-23 19:35:00,0.39358441,6.7
2026-03-23 19:40:00,0.39335167,6.64
2026-03-23 19:45:00,0.39346804,6.6
2026-03-23 19:50:00,0.39354562,6.6
2026-03-23 19:55:00,0.39315772,6.58
2026-03-23 20:00:00,0.39335167,6.5
2026-03-23 20:05:00,0.39331288,6.5
2026-03-23 20:10:00,0.39331288,6.5
2026-03-23 20:15:00,0.39354562,6.5
2026-03-23 20:20:00,0.3936232,6.4
2026-03-23 20:25:00,0.39292498,6.4
2026-03-23 20:30:00,0.39308014,6.4
2026-03-23 20:35:00,0.3936232,6.4
2026-03-23 20:40:00,0.39342925,6.32
2026-03-23 20:45:00,0.39366199,6.3
2026-03-23 20:50:00,0.39346804,6.3
2026-03-23 20:55:00,0.3936232,6.3
2026-03-23 21:00:00,0.39311893,6.3
2026-03-23 21:05:00,0.39327409,6.28
2026-03-23 21:10:00,0.39358441,6.2
2026-03-23 21:15:00,0.39327409,6.2
2026-03-23 21:20:00,0.39370078,6.2
2026-03-23 21:25:00,0.39346804,6.2
2026-03-23 21:30:00,0.39354562,6.2
2026-03-23 21:35:00,0.39339046,6.2
2026-03-23 21:40:00,0.39358441,6.2
2026-03-23 21:45:00,0.39342925,6.2
2026-03-23 21:50:00,0.39350683,6.2
2026-03-23 21:55:00,0.39346804,6.2
2026-03-23 22:00:00,0.39350683,6.2
2026-03-23 22:05:00,0.39346804,6.12
2026-03-23 22:10:00,0.39319651,6.1
2026-03-23 22:15:00,0.39327409,6.1
2026-03-23 22:20:00,0.39339046,6.1
2026-03-23 22:25:00,0.39358441,6.1
2026-03-23 22:30:00,0.39358441,6.1
2026-03-23 22:35:00,0.39354562,6.1
2026-03-23 22:40:00,0.39350683,6.1
2026-03-23 22:45:00,0.39339046,6.1
2026-03-23 22:50:00,0.39354562,6.1
2026-03-23 22:55:00,0.39354562,6.1
2026-03-23 23:00:00,0.39342925,6.1
2026-03-23 23:05:00,0.39342925,6.1
2026-03-23 23:10:00,0.39304135,6.1
2026-03-23 23:15:00,0.39346804,6.14
2026-03-23 23:20:00,0.39358441,6.2
2026-03-23 23:25:00,0.39319651,6.2
2026-03-23 23:30:00,0.39350683,6.24
2026-03-23 23:35:00,0.39315772,6.3
2026-03-23 23:40:00,0.39327409,6.32
2026-03-23 23:45:00,0.39308014,6.4
2026-03-23 23:50:00,0.3932353,6.44
2026-03-23 23:55:00,0.39296377,6.5
2026-03-24 00:00:00,0.3932353,6.6
2026-03-24 00:05:00,0.39304135,6.66
2026-03-24 00:10:00,0.39265345,6.74
2026-03-24 00:15:00,0.39292498,6.82
2026-03-24 00:20:00,0.39280861,6.9
2026-03-24 00:25:00,0.39242071,7.0
2026-03-24 00:30:00,0.39257587,7.1
2026-03-24 00:35:00,0.39265345,7.2
2026-03-24 00:40:00,0.39249829,7.32
2026-03-24 00:45:00,0.39257587,7.42
2026-03-24 00:50:00,0.39222676,7.52
2026-03-24 00:55:00,0.39249829,7.64
2026-03-24 01:00:00,0.39226555,7.76
2026-03-24 01:05:00,0.39211039,7.88
2026-03-24 01:10:00,0.39214918,8.02
2026-03-24 01:15:00,0.39211039,8.16
2026-03-24 01:20:00,0.3920716,8.28
2026-03-24 01:25:00,0.3920716,8.42
2026-03-24 01:30:00,0.39172249,8.56
2026-03-24 01:35:00,0.39164491,8.7
2026-03-24 01:40:00,0.39137338,8.84
2026-03-24 01:45:00,0.39141217,9.0
2026-03-24 01:50:00,0.39125701,9.16
2026-03-24 01:55:00,0.39086911,9.34
2026-03-24 02:00:00,0.39102427,9.5
2026-03-24 02:05:00,0.39106306,9.66
2026-03-24 02:10:00,0.39067516,9.84
2026-03-24 02:15:00,0.39055879,10.04
2026-03-24 02:20:00,0.39071395,10.2
2026-03-24 02:25:00,0.39020968,10.36
2026-03-24 02:30:00,0.3897442,10.56
2026-03-24 02:35:00,0.38997694,10.74
2026-03-24 02:40:00,0.38993815,10.9
2026-03-24 02:45:00,0.3897442,11.08
2026-03-24 02:50:00,0.38962783,11.26
2026-03-24 02:55:00,0.3889684,11.44
2026-03-24 03:00:00,0.38904598,11.64
2026-03-24 03:05:00,0.38885203,11.82
2026-03-24 03:10:00,0.38854171,12.0
2026-03-24 03:15:00,0.38830897,12.18
2026-03-24 03:20:00,0.38854171,12.36
2026-03-24 03:25:00,0.38861929,12.56
2026-03-24 03:30:00,0.3885805,12.74
2026-03-24 03:35:00,0.38827018,12.86
2026-03-24 03:40:00,0.38830897,13.02
2026-03-24 03:45:00,0.38788228,13.16
2026-03-24 03:50:00,0.38799865,13.28
2026-03-24 03:55:00,0.38784349,13.42
2026-03-24 04:00:00,0.38768833,13.54
2026-03-24 04:05:00,0.38733922,13.68
2026-03-24 04:10:00,0.38733922,13.82
2026-03-24 04:15:00,0.38737801,13.92
2026-03-24 04:20:00,0.38726164,14.02
2026-03-24 04:25:00,0.38710648,14.1
2026-03-24 04:30:00,0.38710648,14.2
2026-03-24 04:35:00,0.38691253,14.26
2026-03-24 04:40:00,0.38687374,14.32
2026-03-24 04:45:00,0.38667979,14.4
2026-03-24 04:50:00,0.38660221,14.48
2026-03-24 04:55:00,0.38652463,14.52
2026-03-24 05:00:00,0.38644705,14.6
2026-03-24 05:05:00,0.38629189,14.6
2026-03-24 05:10:00,0.38621431,14.68
2026-03-24 05:15:00,0.38617552,14.7
2026-03-24 05:20:00,0.38609794,14.7
2026-03-24 05:25:00,0.38602036,14.7
2026-03-24 05:30:00,0.38590399,14.74
2026-03-24 05:35:00,0.38582641,14.8
2026-03-24 05:40:00,0.38567125,14.8
2026-03-24 05:45:00,0.38559367,14.8
2026-03-24 05:50:00,0.3854773,14.8
2026-03-24 05:55:00,0.3854773,14.8
2026-03-24 06:00:00,0.38539972,14.8
2026-03-24 06:05:00,0.38539972,14.82
2026-03-24 06:10:00,0.38532214,14.9
2026-03-24 06:15:00,0.38528335,14.9
2026-03-24 06:20:00,0.3850894,14.9
2026-03-24 06:25:00,0.38501182,14.9
2026-03-24 06:30:00,0.38493424,14.9
2026-03-24 06:35:00,0.38485666,14.9
2026-03-24 06:40:00,0.38497303,15.0
2026-03-24 06:45:00,0.38474029,15.0
2026-03-24 06:50:00,0.38466271,15.0
2026-03-24 06:55:00,0.38466271,15.0
2026-03-24 07:00:00,0.38450755,15.0
2026-03-24 07:05:00,0.38450755,15.0
2026-03-24 07:10:00,0.38442997,14.98
2026-03-24 07:15:00,0.38442997,14.9
2026-03-24 07:20:00,0.38442997,14.9
2026-03-24 07:25:00,0.38423602,14.9
2026-03-24 07:30:00,0.38423602,14.9
2026-03-24 07:35:00,0.38439118,14.8
2026-03-24 07:40:00,0.38427481,14.8
2026-03-24 07:45:00,0.38415844,14.78
2026-03-24 07:50:00,0.38419723,14.7
2026-03-24 07:55:00,0.38419723,14.7
2026-03-24 08:00:00,0.38408086,14.62
2026-03-24 08:05:00,0.38415844,14.6
2026-03-24 08:10:00,0.38411965,14.58
2026-03-24 08:15:00,0.38408086,14.5
2026-03-24 08:20:00,0.38400328,14.5
2026-03-24 08:25:00,0.38404207,14.42
2026-03-24 08:30:00,0.38400328,14.4
2026-03-24 08:35:00,0.38408086,14.36
2026-03-24 08:40:00,0.38408086,14.3
2026-03-24 08:45:00,0.38384812,14.28
2026-03-24 08:50:00,0.38396449,14.2
2026-03-24 08:55:00,0.38388691,14.2
2026-03-24 09:00:00,0.38400328,14.1
2026-03-24 09:05:00,0.38396449,14.1
2026-03-24 09:10:00,0.38384812,14.0
2026-03-24 09:15:00,0.38388691,13.98
2026-03-24 09:20:00,0.38396449,13.9
2026-03-24 09:25:00,0.38373175,13.88
2026-03-24 09:30:00,0.38388691,13.8
2026-03-24 09:35:00,0.3839257,13.76
2026-03-24 09:40:00,0.38384812,13.7
2026-03-24 09:45:00,0.38373175,13.64
2026-03-24 09:50:00,0.38384812,13.6
2026-03-24 09:55:00,0.38388691,13.52
2026-03-24 10:00:00,0.38384812,13.5
2026-03-24 10:05:00,0.3839257,13.42
2026-03-24 10:10:00,0.3839257,13.4
2026-03-24 10:15:00,0.3839257,13.3
2026-03-24 10:20:00,0.38400328,13.26
2026-03-24 10:25:00,0.38377054,13.2
2026-03-24 10:30:00,0.38377054,13.16
2026-03-24 10:35:00,0.38365417,13.1
2026-03-24 10:40:00,0.38388691,13.04
2026-03-24 10:45:00,0.38388691,13.0
2026-03-24 10:50:00,0.38380933,12.92
2026-03-24 10:55:00,0.38384812,12.9
2026-03-24 11:00:00,0.38396449,12.8
2026-03-24 11:05:00,0.38384812,12.78
2026-03-24 11:10:00,0.3839257,12.7
2026-03-24 11:15:00,0.38380933,12.68
2026-03-24 11:20:00,0.38384812,12.6
2026-03-24 11:25:00,0.38384812,12.6
2026-03-24 11:30:00,0.38369296,12.5
2026-03-24 11:35:00,0.38380933,12.5
2026-03-24 11:40:00,0.38384812,12.42
2026-03-24 11:45:00,0.38361538,12.4
2026-03-24 11:50:00,0.38361538,12.34
2026-03-24 11:55:00,0.38380933,12.3
2026-03-24 12:00:00,0.38396449,12.28
2026-03-24 12:05:00,0.38365417,12.2
2026-03-24 12:10:00,0.38349901,12.2
2026-03-24 12:15:00,0.38349901,12.12
2026-03-24 12:20:00,0.38346022,12.1
2026-03-24 12:25:00,0.38377054,12.08
2026-03-24 12:30:00,0.38334385,12.0
2026-03-24 12:35:00,0.38361538,12.0
2026-03-24 12:40:00,0.38357659,12.0
2026-03-24 12:45:00,0.3835378,11.9
2026-03-24 12:50:00,0.38361538,11.9
2026-03-24 12:55:00,0.3835378,11.88
2026-03-24 13:00:00,0.38377054,11.8
2026-03-24 13:05:00,0.38388691,11.8
2026-03-24 13:10:00,0.3835378,11.8
2026-03-24 13:15:00,0.38357659,11.72
2026-03-24 13:20:00,0.38357659,11.7
2026-03-24 13:25:00,0.38369296,11.7
2026-03-24 13:30:00,0.38357659,11.64
2026-03-24 13:35:00,0.38357659,11.6
2026-03-24 13:40:00,0.38384812,11.6
2026-03-24 13:45:00,0.38357659,11.6
2026-03-24 13:50:00,0.38388691,11.5
2026-03-24 13:55:00,0.3839257,11.5
2026-03-24 14:00:00,0.38361538,11.5
2026-03-24 14:05:00,0.38388691,11.48
2026-03-24 14:10:00,0.38365417,11.4
2026-03-24 14:15:00,0.38404207,11.4
2026-03-24 14:20:00,0.38408086,11.4
2026-03-24 14:25:00,0.3839257,11.34
2026-03-24 14:30:00,0.38377054,11.3
2026-03-24 14:35:00,0.3839257,11.3
2026-03-24 14:40:00,0.38384812,11.3
2026-03-24 14:45:00,0.38369296,11.24
2026-03-24 14:50:00,0.38384812,11.2
2026-03-24 14:55:00,0.38400328,11.2
2026-03-24 15:00:00,0.38380933,11.2
2026-03-24 15:05:00,0.3839257,11.18
2026-03-24 15:10:00,0.38396449,11.1
2026-03-24 15:15:00,0.38411965,11.1
2026-03-24 15:20:00,0.38404207,11.1
2026-03-24 15:25:00,0.38408086,11.1
2026-03-24 15:30:00,0.38419723,11.06
2026-03-24 15:35:00,0.38404207,11.0
2026-03-24 15:40:00,0.38404207,11.0
2026-03-24 15:45:00,0.3843136,11.0
2026-03-24 15:50:00,0.38423602,11.0
2026-03-24 15:55:00,0.38408086,10.96
2026-03-24 16:00:00,0.38404207,10.9
2026-03-24 16:05:00,0.38400328,10.9
2026-03-24 16:10:00,0.38435239,10.9
2026-03-24 16:15:00,0.38427481,10.9
2026-03-24 16:20:00,0.38439118,10.9
2026-03-24 16:25:00,0.38400328,10.84
2026-03-24 16:30:00,0.38435239,10.8
2026-03-24 16:35:00,0.38423602,10.8
2026-03-24 16:40:00,0.38411965,10.8
2026-03-24 16:45:00,0.38408086,10.8
2026-03-24 16:50:00,0.38423602,10.8
2026-03-24 16:55:00,0.38427481,10.74
2026-03-24 17:00:00,0.38442997,10.7
2026-03-24 17:05:00,0.38408086,10.7
2026-03-24 17:10:00,0.38404207,10.7
2026-03-24 17:15:00,0.38423602,10.7
2026-03-24 17:20:00,0.38415844,10.7
2026-03-24 17:25:00,0.3843136,10.7
2026-03-24 17:30:00,0.38404207,10.62
2026-03-24 17:35:00,0.38442997,10.6
2026-03-24 17:40:00,0.38423602,10.6
2026-03-24 17:45:00,0.38427481,10.6
2026-03-24 17:50:00,0.3839257,10.6
2026-03-24 17:55:00,0.38419723,10.6
2026-03-24 18:00:00,0.38439118,10.6
2026-03-24 18:05:00,0.38450755,10.56
2026-03-24 18:10:00,0.38442997,10.5
2026-03-24 18:15:00,0.38442997,10.5
2026-03-24 18:20:00,0.38439118,10.5
2026-03-24 18:25:00,0.38427481,10.5
2026-03-24 18:30:00,0.38450755,10.5
2026-03-24 18:35:00,0.38423602,10.5
2026-03-24 18:40:00,0.38423602,10.5
2026-03-24 18:45:00,0.38411965,10.48
2026-03-24 18:50:00,0.38439118,10.4
2026-03-24 18:55:00,0.38458513,10.4
2026-03-24 19:00:00,0.38435239,10.4
2026-03-24 19:05:00,0.38423602,10.4
2026-03-24 19:10:00,0.38458513,10.4
2026-03-24 19:15:00,0.3847015,10.4
2026-03-24 19:20:00,0.38466271,10.4
2026-03-24 19:25:00,0.38439118,10.4
2026-03-24 19:30:00,0.38446876,10.32
2026-03-24 19:35:00,0.3847015,10.3
2026-03-24 19:40:00,0.38489545,10.3
2026-03-24 19:45:00,0.38485666,10.3
2026-03-24 19:50:00,0.38435239,10.3
2026-03-24 19:55:00,0.38454634,10.3
2026-03-24 20:00:00,0.3847015,10.3
2026-03-24 20:05:00,0.38462392,10.3
2026-03-24 20:10:00,0.38450755,10.2
2026-03-24 20:15:00,0.38442997,10.2
2026-03-24 20:20:00,0.38466271,10.2
2026-03-24 20:25:00,0.38462392,10.2
2026-03-24 20:30:00,0.38481787,10.2
2026-03-24 20:35:00,0.38454634,10.2
2026-03-24 20:40:00,0.38477908,10.2
2026-03-24 20:45:00,0.38505061,10.2
2026-03-24 20:50:00,0.38474029,10.1
2026-03-24 20:55:00,0.38489545,10.1
2026-03-24 21:00:00,0.38439118,10.1
2026-03-24 21:05:00,0.38474029,10.1
2026-03-24 21:10:00,0.38466271,10.1
2026-03-24 21:15:00,0.38481787,10.1
2026-03-24 21:20:00,0.38489545,10.1
2026-03-24 21:25:00,0.38485666,10.1
2026-03-24 21:30:00,0.38489545,10.04
2026-03-24 21:35:00,0.38493424,10.0
2026-03-24 21:40:00,0.38474029,10.0
2026-03-24 21:45:00,0.38501182,10.0
2026-03-24 21:50:00,0.38485666,10.0
2026-03-24 21:55:00,0.38450755,10.0
2026-03-24 22:00:00,0.38466271,10.0
2026-03-24 22:05:00,0.38477908,10.0
2026-03-24 22:10:00,0.38497303,10.0
2026-03-24 22:15:00,0.38481787,9.96
2026-03-24 22:20:00,0.38481787,9.9
2026-03-24 22:25:00,0.38450755,9.9
2026-03-24 22:30:00,0.38493424,9.9
2026-03-24 22:35:00,0.38454634,9.9
2026-03-24 22:40:00,0.38505061,9.9
2026-03-24 22:45:00,0.38493424,9.9
2026-03-24 22:50:00,0.38501182,9.9
2026-03-24 22:55:00,0.38501182,9.9
2026-03-24 23:00:00,0.38485666,9.9
2026-03-24 23:05:00,0.38474029,9.94
2026-03-24 23:10:00,0.38485666,10.0
2026-03-24 23:15:00,0.38493424,10.0
2026-03-24 23:20:00,0.38481787,10.0
2026-03-24 23:25:00,0.38462392,10.0
2026-03-24 23:30:00,0.38501182,10.0
2026-03-24 23:35:00,0.38485666,10.0
2026-03-24 23:40:00,0.38489545,10.1
2026-03-24 23:45:00,0.38477908,10.1
2026-03-24 23:50:00,0.38501182,10.1
2026-03-24 23:55:00,0.3847015,10.1
2026-03-25 00:00:00,0.38497303,10.14
2026-03-25 00:05:00,0.38462392,10.2
2026-03-25 00:10:00,0.38477908,10.2
2026-03-25 00:15:00,0.38497303,10.2
2026-03-25 00:20:00,0.3850894,10.2
2026-03-25 00:25:00,0.38485666,10.3
2026-03-25 00:30:00,0.3847015,10.3
2026-03-25 00:35:00,0.38481787,10.3
2026-03-25 00:40:00,0.38497303,10.32
2026-03-25 00:45:00,0.3850894,10.4
2026-03-25 00:50:00,0.3847015,10.4
2026-03-25 00:55:00,0.38477908,10.4
2026-03-25 01:00:00,0.38474029,10.5
2026-03-25 01:05:00,0.38446876,10.5
2026-03-25 01:10:00,0.38446876,10.52
2026-03-25 01:15:00,0.38454634,10.6
2026-03-25 01:20:00,0.38446876,10.6
2026-03-25 01:25:00,0.38466271,10.66
2026-03-25 01:30:00,0.38458513,10.7
2026-03-25 01:35:00,0.3847015,10.7
2026-03-25 01:40:00,0.38474029,10.8
2026-03-25 01:45:00,0.38462392,10.8
2026-03-25 01:50:00,0.38462392,10.86
2026-03-25 01:55:00,0.38481787,10.9
2026-03-25 02:00:00,0.38485666,10.96
2026-03-25 02:05:00,0.3847015,11.0
2026-03-25 02:10:00,0.38446876,11.04
2026-03-25 02:15:00,0.3847015,11.1
2026-03-25 02:20:00,0.38446876,11.1
2026-03-25 02:25:00,0.38454634,11.2
2026-03-25 02:30:00,0.38462392,11.2
2026-03-25 02:35:00,0.38423602,11.26
2026-03-25 02:40:00,0.38423602,11.3
2026-03-25 02:45:00,0.38435239,11.36
2026-03-25 02:50:00,0.38396449,11.4
2026-03-25 02:55:00,0.38377054,11.5
2026-03-25 03:00:00,0.3839257,11.56
2026-03-25 03:05:00,0.38388691,11.62
2026-03-25 03:10:00,0.3839257,11.7
2026-03-25 03:15:00,0.38380933,11.8
2026-03-25 03:20:00,0.38369296,11.86
2026-03-25 03:25:00,0.38380933,11.96
2026-03-25 03:30:00,0.38388691,12.04
2026-03-25 03:35:00,0.38357659,12.16
2026-03-25 03:40:00,0.38380933,12.28
2026-03-25 03:45:00,0.3839257,12.44
2026-03-25 03:50:00,0.38361538,12.6
2026-03-25 03:55:00,0.38377054,12.78
2026-03-25 04:00:00,0.3835378,12.98
2026-03-25 04:05:00,0.3831499,13.18
2026-03-25 04:10:00,0.38330506,13.38
2026-03-25 04:15:00,0.3831499,13.62
2026-03-25 04:20:00,0.38303353,13.82
2026-03-25 04:25:00,0.38280079,14.04
2026-03-25 04:30:00,0.38268442,14.24
2026-03-25 04:35:00,0.38256805,14.46
2026-03-25 04:40:00,0.38241289,14.68
2026-03-25 04:45:00,0.3823741,14.86
2026-03-25 04:50:00,0.38225773,15.06
2026-03-25 04:55:00,0.38210257,15.24
2026-03-25 05:00:00,0.38214136,15.38
2026-03-25 05:05:00,0.38202499,15.52
2026-03-25 05:10:00,0.38183104,15.64
2026-03-25 05:15:00,0.38186983,15.72
2026-03-25 05:20:00,0.38175346,15.8
2026-03-25 05:25:00,0.38179225,15.86
2026-03-25 05:30:00,0.38163709,15.9
2026-03-25 05:35:00,0.38167588,15.9
2026-03-25 05:40:00,0.38163709,15.9
2026-03-25 05:45:00,0.3815983,15.9
2026-03-25 05:50:00,0.3815983,16.0
2026-03-25 05:55:00,0.38148193,16.0
2026-03-25 06:00:00,0.38140435,16.0
2026-03-25 06:05:00,0.38144314,16.06
2026-03-25 06:10:00,0.38124919,16.1
2026-03-25 06:15:00,0.38124919,16.18
2026-03-25 06:20:00,0.3812104,16.22
2026-03-25 06:25:00,0.38117161,16.3
2026-03-25 06:30:00,0.38109403,16.34
2026-03-25 06:35:00,0.38113282,16.4
2026-03-25 06:40:00,0.38093887,16.4
2026-03-25 06:45:00,0.38105524,16.48
2026-03-25 06:50:00,0.38097766,16.5
2026-03-25 06:55:00,0.38101645,16.46
2026-03-25 07:00:00,0.38101645,16.4
2026-03-25 07:05:00,0.38086129,16.4
2026-03-25 07:10:00,0.38090008,16.32
2026-03-25 07:15:00,0.38101645,16.3
2026-03-25 07:20:00,0.38097766,16.22
2026-03-25 07:25:00,0.38090008,16.16
2026-03-25 07:30:00,0.38086129,16.08
2026-03-25 07:35:00,0.38086129,16.0
2026-03-25 07:40:00,0.38101645,15.92
2026-03-25 07:45:00,0.38093887,15.84
2026-03-25 07:50:00,0.38090008,15.76
2026-03-25 07:55:00,0.38097766,15.68
2026-03-25 08:00:00,0.38090008,15.6
2026-03-25 08:05:00,0.38093887,15.5
2026-03-25 08:10:00,0.38090008,15.42
2026-03-25 08:15:00,0.38086129,15.34
2026-03-25 08:20:00,0.38101645,15.28
2026-03-25 08:25:00,0.38090008,15.2
2026-03-25 08:30:00,0.38097766,15.12
2026-03-25 08:35:00,0.38101645,15.04
2026-03-25 08:40:00,0.38093887,14.98
2026-03-25 08:45:00,0.38090008,14.9
2026-03-25 08:50:00,0.38097766,14.82
2026-03-25 08:55:00,0.38101645,14.74
2026-03-25 09:00:00,0.38101645,14.68
2026-03-25 09:05:00,0.38109403,14.6
2026-03-25 09:10:00,0.38109403,14.52
2026-03-25 09:15:00,0.38101645,14.44
2026-03-25 09:20:00,0.38105524,14.38
2026-03-25 09:25:00,0.38117161,14.3
2026-03-25 09:30:00,0.38109403,14.2
2026-03-25 09:35:00,0.38117161,14.14
2026-03-25 09:40:00,0.38113282,14.08
2026-03-25 09:45:00,0.38109403,14.0
2026-03-25 09:50:00,0.38117161,13.92
2026-03-25 09:55:00,0.38097766,13.86
2026-03-25 10:00:00,0.38124919,13.8
2026-03-25 10:05:00,0.38128798,13.7
2026-03-25 10:10:00,0.38128798,13.62
2026-03-25 10:15:00,0.38124919,13.54
2026-03-25 10:20:00,0.38136556,13.48
2026-03-25 10:25:00,0.38124919,13.4
2026-03-25 10:30:00,0.38132677,13.32
2026-03-25 10:35:00,0.3812104,13.24
2026-03-25 10:40:00,0.38124919,13.16
2026-03-25 10:45:00,0.38140435,13.1
2026-03-25 10:50:00,0.38113282,13.0
2026-03-25 10:55:00,0.38152072,12.94
2026-03-25 11:00:00,0.38148193,12.9
2026-03-25 11:05:00,0.38124919,12.8
2026-03-25 11:10:00,0.38128798,12.74
2026-03-25 11:15:00,0.38144314,12.68
2026-03-25 11:20:00,0.38124919,12.6
2026-03-25 11:25:00,0.38144314,12.54
2026-03-25 11:30:00,0.38152072,12.5
2026-03-25 11:35:00,0.38117161,12.4
2026-03-25 11:40:00,0.3812104,12.36
2026-03-25 11:45:00,0.38124919,12.3
2026-03-25 11:50:00,0.38097766,12.2
2026-03-25 11:55:00,0.38117161,12.16
2026-03-25 12:00:00,0.38144314,12.1
2026-03-25 12:05:00,0.38132677,12.04
2026-03-25 12:10:00,0.38109403,12.0
2026-03-25 12:15:00,0.38163709,11.94
2026-03-25 12:20:00,0.38140435,11.9
2026-03-25 12:25:00,0.38124919,11.82
2026-03-25 12:30:00,0.3812104,11.8
2026-03-25 12:35:00,0.38128798,11.7
2026-03-25 12:40:00,0.38140435,11.7
2026-03-25 12:45:00,0.38128798,11.6
2026-03-25 12:50:00,0.38152072,11.58
2026-03-25 12:55:00,0.38136556,11.5
2026-03-25 13:00:00,0.38167588,11.48
2026-03-25 13:05:00,0.38155951,11.4
2026-03-25 13:10:00,0.38128798,11.36
2026-03-25 13:15:00,0.38155951,11.3
2026-03-25 13:20:00,0.38155951,11.26
2026-03-25 13:25:00,0.38179225,11.2
2026-03-25 13:30:00,0.38163709,11.16
2026-03-25 13:35:00,0.38175346,11.1
2026-03-25 13:40:00,0.38171467,11.06
2026-03-25 13:45:00,0.38210257,11.0
2026-03-25 13:50:00,0.38171467,10.96
2026-03-25 13:55:00,0.38190862,10.9
2026-03-25 14:00:00,0.3819862,10.88
2026-03-25 14:05:00,0.38186983,10.8
2026-03-25 14:10:00,0.3819862,10.78
2026-03-25 14:15:00,0.38179225,10.7
2026-03-25 14:20:00,0.38163709,10.7
2026-03-25 14:25:00,0.38210257,10.6
2026-03-25 14:30:00,0.38179225,10.6
2026-03-25 14:35:00,0.38171467,10.52
2026-03-25 14:40:00,0.38202499,10.5
2026-03-25 14:45:00,0.3819862,10.42
2026-03-25 14:50:00,0.38241289,10.4
2026-03-25 14:55:00,0.38225773,10.34
2026-03-25 15:00:00,0.3823741,10.3
2026-03-25 15:05:00,0.38245168,10.24
2026-03-25 15:10:00,0.38245168,10.2
2026-03-25 15:15:00,0.38221894,10.18
2026-03-25 15:20:00,0.38233531,10.1
2026-03-25 15:25:00,0.38194741,10.1
2026-03-25 15:30:00,0.38252926,10.02
2026-03-25 15:35:00,0.38225773,10.0
2026-03-25 15:40:00,0.38190862,9.94
2026-03-25 15:45:00,0.3823741,9.9
2026-03-25 15:50:00,0.38225773,9.86
2026-03-25 15:55:00,0.38221894,9.8
2026-03-25 16:00:00,0.38241289,9.8
2026-03-25 16:05:00,0.38218015,9.72
2026-03-25 16:10:00,0.38218015,9.7
2026-03-25 16:15:00,0.3823741,9.66
2026-03-25 16:20:00,0.38225773,9.6
2026-03-25 16:25:00,0.38268442,9.6
2026-03-25 16:30:00,0.38245168,9.52
2026-03-25 16:35:00,0.38260684,9.5
2026-03-25 16:40:00,0.38260684,9.48
2026-03-25 16:45:00,0.38260684,9.4
2026-03-25 16:50:00,0.38241289,9.4
2026-03-25 16:55:00,0.38260684,9.36
2026-03-25 17:00:00,0.38280079,9.3
2026-03-25 17:05:00,0.38272321,9.3
2026-03-25 17:10:00,0.38264563,9.22
2026-03-25 17:15:00,0.38272321,9.2
2026-03-25 17:20:00,0.38280079,9.18
2026-03-25 17:25:00,0.38268442,9.1
2026-03-25 17:30:00,0.38272321,9.1
2026-03-25 17:35:00,0.38280079,9.08
2026-03-25 17:40:00,0.38264563,9.0
2026-03-25 17:45:00,0.38287837,9.0
2026-03-25 17:50:00,0.38264563,8.98
2026-03-25 17:55:00,0.382762,8.9
2026-03-25 18:00:00,0.38241289,8.9
2026-03-25 18:05:00,0.38249047,8.88
2026-03-25 18:10:00,0.38256805,8.8
2026-03-25 18:15:00,0.38280079,8.8
2026-03-25 18:20:00,0.38280079,8.8
2026-03-25 18:25:00,0.38249047,8.7
2026-03-25 18:30:00,0.38307232,8.7
2026-03-25 18:35:00,0.38280079,8.7
2026-03-25 18:40:00,0.38280079,8.64
2026-03-25 18:45:00,0.38299474,8.6
2026-03-25 18:50:00,0.38295595,8.6
2026-03-25 18:55:00,0.38303353,8.58
2026-03-25 19:00:00,0.38303353,8.5
2026-03-25 19:05:00,0.38318869,8.5
2026-03-25 19:10:00,0.38291716,8.5
2026-03-25 19:15:00,0.38318869,8.48
2026-03-25 19:20:00,0.38287837,8.4
2026-03-25 19:25:00,0.38291716,8.4
2026-03-25 19:30:00,0.38291716,8.4
2026-03-25 19:35:00,0.38303353,8.4
2026-03-25 19:40:00,0.38311111,8.4
2026-03-25 19:45:00,0.38287837,8.4
2026-03-25 19:50:00,0.38280079,8.32
2026-03-25 19:55:00,0.38322748,8.3
2026-03-25 20:00:00,0.38295595,8.3
2026-03-25 20:05:00,0.38291716,8.3
2026-03-25 20:10:00,0.38291716,8.3
2026-03-25 20:15:00,0.38295595,8.3
2026-03-25 20:20:00,0.38322748,8.3
2026-03-25 20:25:00,0.38299474,8.3
2026-03-25 20:30:00,0.38287837,8.34
2026-03-25 20:35:00,0.38287837,8.4
2026-03-25 20:40:00,0.38287837,8.4
2026-03-25 20:45:00,0.38287837,8.4
2026-03-25 20:50:00,0.382762,8.4
2026-03-25 20:55:00,0.38307232,8.4
2026-03-25 21:00:00,0.38299474,8.4
2026-03-25 21:05:00,0.38291716,8.4
2026-03-25 21:10:00,0.382762,8.4
2026-03-25 21:15:00,0.38272321,8.4
2026-03-25 21:20:00,0.38318869,8.4
2026-03-25 21:25:00,0.38287837,8.4
2026-03-25 21:30:00,0.38291716,8.4
2026-03-25 21:35:00,0.38318869,8.4
2026-03-25 21:40:00,0.38283958,8.4
2026-03-25 21:45:00,0.38303353,8.4
2026-03-25 21:50:00,0.38283958,8.4
2026-03-25 21:55:00,0.38322748,8.4
2026-03-25 22:00:00,0.38311111,8.4
2026-03-25 22:05:00,0.38318869,8.3
2026-03-25 22:10:00,0.38307232,8.3
2026-03-25 22:15:00,0.38307232,8.3
2026-03-25 22:20:00,0.38303353,8.3
2026-03-25 22:25:00,0.38311111,8.3
2026-03-25 22:30:00,0.38330506,8.22
2026-03-25 22:35:00,0.38322748,8.2
2026-03-25 22:40:00,0.38311111,8.2
2026-03-25 22:45:00,0.38299474,8.2
2026-03-25 22:50:00,0.38326627,8.2
2026-03-25 22:55:00,0.38303353,8.2
2026-03-25 23:00:00,0.38338264,8.2
2026-03-25 23:05:00,0.38307232,8.2
2026-03-25 23:10:00,0.38299474,8.2
2026-03-25 23:15:00,0.38334385,8.2
2026-03-25 23:20:00,0.38338264,8.2
2026-03-25 23:25:00,0.38322748,8.22
2026-03-25 23:30:00,0.38303353,8.3
2026-03-25 23:35:00,0.38318869,8.3
2026-03-25 23:40:00,0.38311111,8.3
2026-03-25 23:45:00,0.38311111,8.36
2026-03-25 23:50:00,0.38295595,8.4
2026-03-25 23:55:00,0.38307232,8.42
2026-03-26 00:00:00,0.38322748,8.5
2026-03-26 00:05:00,0.38291716,8.52
2026-03-26 00:10:00,0.38252926,8.6
2026-03-26 00:15:00,0.38303353,8.64
2026-03-26 00:20:00,0.38283958,8.7
2026-03-26 00:25:00,0.38287837,8.78
2026-03-26 00:30:00,0.38256805,8.84
2026-03-26 00:35:00,0.38295595,8.92
2026-03-26 00:40:00,0.38295595,9.0
2026-03-26 00:45:00,0.38272321,9.1
2026-03-26 00:50:00,0.38245168,9.18
2026-03-26 00:55:00,0.38249047,9.28
2026-03-26 01:00:00,0.382762,9.4
2026-03-26 01:05:00,0.38256805,9.52
2026-03-26 01:10:00,0.38218015,9.62
2026-03-26 01:15:00,0.38214136,9.74
2026-03-26 01:20:00,0.38233531,9.88
2026-03-26 01:25:00,0.38218015,10.02
2026-03-26 01:30:00,0.3819862,10.16
2026-03-26 01:35:00,0.38190862,10.3
2026-03-26 01:40:00,0.38163709,10.46
2026-03-26 01:45:00,0.38171467,10.6
2026-03-26 01:50:00,0.38202499,10.76
2026-03-26 01:55:00,0.38171467,10.94
2026-03-26 02:00:00,0.38155951,11.1
2026-03-26 02:05:00,0.38128798,11.28
2026-03-26 02:10:00,0.38097766,11.46
2026-03-26 02:15:00,0.38074492,11.64
2026-03-26 02:20:00,0.38058976,11.8
2026-03-26 02:25:00,0.38066734,12.0
2026-03-26 02:30:00,0.38055097,12.16
2026-03-26 02:35:00,0.38062855,12.34
2026-03-26 02:40:00,0.38066734,12.54
2026-03-26 02:45:00,0.38039581,12.72
2026-03-26 02:50:00,0.38051218,12.9
2026-03-26 02:55:00,0.38031823,13.1
2026-03-26 03:00:00,0.38035702,13.28
2026-03-26 03:05:00,0.38020186,13.46
2026-03-26 03:10:00,0.38000791,13.66
2026-03-26 03:15:00,0.37996912,13.84
2026-03-26 03:20:00,0.37977517,14.04
2026-03-26 03:25:00,0.37969759,14.22
2026-03-26 03:30:00,0.37950364,14.4
2026-03-26 03:35:00,0.37934848,14.58
2026-03-26 03:40:00,0.3792709,14.76
2026-03-26 03:45:00,0.37907695,14.94
2026-03-26 03:50:00,0.37899937,15.1
2026-03-26 03:55:00,0.37903816,15.26
2026-03-26 04:00:00,0.37892179,15.44
2026-03-26 04:05:00,0.37868905,15.58
2026-03-26 04:10:00,0.37857268,15.74
2026-03-26 04:15:00,0.37853389,15.9
2026-03-26 04:20:00,0.37830115,16.04
2026-03-26 04:25:00,0.37830115,16.2
2026-03-26 04:30:00,0.37814599,16.34
2026-03-26 04:35:00,0.37802962,16.46
2026-03-26 04:40:00,0.37783567,16.58
2026-03-26 04:45:00,0.37768051,16.7
2026-03-26 04:50:00,0.37756414,16.82
2026-03-26 04:55:00,0.37756414,16.9
2026-03-26 05:00:00,0.37744777,17.0
2026-03-26 05:05:00,0.37729261,17.08
2026-03-26 05:10:00,0.37729261,17.1
2026-03-26 05:15:00,0.37713745,17.2
2026-03-26 05:20:00,0.37721503,17.2
2026-03-26 05:25:00,0.37713745,17.2
2026-03-26 05:30:00,0.37713745,17.2
2026-03-26 05:35:00,0.37705987,17.2
2026-03-26 05:40:00,0.37698229,17.2
2026-03-26 05:45:00,0.37690471,17.2
2026-03-26 05:50:00,0.37678834,17.2
2026-03-26 05:55:00,0.37682713,17.2
2026-03-26 06:00:00,0.37686592,17.2
2026-03-26 06:05:00,0.37663318,17.2
2026-03-26 06:10:00,0.37671076,17.2
2026-03-26 06:15:00,0.3765556,17.2
2026-03-26 06:20:00,0.37647802,17.3
2026-03-26 06:25:00,0.37640044,17.3
2026-03-26 06:30:00,0.37636165,17.3
2026-03-26 06:35:00,0.37628407,17.34
2026-03-26 06:40:00,0.37620649,17.4
2026-03-26 06:45:00,0.37620649,17.4
2026-03-26 06:50:00,0.3761677,17.34
2026-03-26 06:55:00,0.37624528,17.3
2026-03-26 07:00:00,0.37612891,17.3
2026-03-26 07:05:00,0.37612891,17.24
2026-03-26 07:10:00,0.3761677,17.2
2026-03-26 07:15:00,0.37609012,17.14
2026-03-26 07:20:00,0.37612891,17.1
2026-03-26 07:25:00,0.37597375,17.0
2026-03-26 07:30:00,0.37597375,16.94
2026-03-26 07:35:00,0.37601254,16.88
2026-03-26 07:40:00,0.37597375,16.8
2026-03-26 07:45:00,0.37609012,16.72
2026-03-26 07:50:00,0.37605133,16.64
2026-03-26 07:55:00,0.37597375,16.58
2026-03-26 08:00:00,0.37605133,16.5
2026-03-26 08:05:00,0.37601254,16.4
2026-03-26 08:10:00,0.37601254,16.32
2026-03-26 08:15:00,0.37601254,16.22
2026-03-26 08:20:00,0.37609012,16.14
2026-03-26 08:25:00,0.37609012,16.04
2026-03-26 08:30:00,0.37605133,15.94
2026-03-26 08:35:00,0.37601254,15.84
2026-03-26 08:40:00,0.37601254,15.76
2026-03-26 08:45:00,0.37597375,15.66
2026-03-26 08:50:00,0.37609012,15.58
2026-03-26 08:55:00,0.37612891,15.48
2026-03-26 09:00:00,0.37601254,15.4
2026-03-26 09:05:00,0.3761677,15.3
2026-03-26 09:10:00,0.3761677,15.22
2026-03-26 09:15:00,0.37605133,15.14
2026-03-26 09:20:00,0.37612891,15.04
2026-03-26 09:25:00,0.37612891,14.96
2026-03-26 09:30:00,0.37612891,14.86
2026-03-26 09:35:00,0.3761677,14.78
2026-03-26 09:40:00,0.37624528,14.68
2026-03-26 09:45:00,0.37628407,14.58
2026-03-26 09:50:00,0.37636165,14.48
2026-03-26 09:55:00,0.37628407,14.38
2026-03-26 10:00:00,0.37628407,14.3
2026-03-26 10:05:00,0.37643923,14.2
2026-03-26 10:10:00,0.37636165,14.1
2026-03-26 10:15:00,0.37640044,14.0
2026-03-26 10:20:00,0.37640044,13.92
2026-03-26 10:25:00,0.37647802,13.82
2026-03-26 10:30:00,0.37636165,13.74
2026-03-26 10:35:00,0.37647802,13.64
2026-03-26 10:40:00,0.37651681,13.56
2026-03-26 10:45:00,0.37651681,13.48
2026-03-26 10:50:00,0.37643923,13.38
2026-03-26 10:55:00,0.37651681,13.3
2026-03-26 11:00:00,0.37647802,13.2
2026-03-26 11:05:00,0.37663318,13.12
2026-03-26 11:10:00,0.37659439,13.04
2026-03-26 11:15:00,0.37667197,12.96
2026-03-26 11:20:00,0.37663318,12.9
2026-03-26 11:25:00,0.37667197,12.8
2026-03-26 11:30:00,0.37651681,12.72
2026-03-26 11:35:00,0.37674955,12.66
2026-03-26 11:40:00,0.37636165,12.6
2026-03-26 11:45:00,0.37667197,12.5
2026-03-26 11:50:00,0.37674955,12.44
2026-03-26 11:55:00,0.37663318,12.4
2026-03-26 12:00:00,0.37647802,12.3
2026-03-26 12:05:00,0.37624528,12.24
2026-03-26 12:10:00,0.37628407,12.2
2026-03-26 12:15:00,0.3765556,12.1
2026-03-26 12:20:00,0.37632286,12.06
2026-03-26 12:25:00,0.37651681,12.0
2026-03-26 12:30:00,0.37667197,11.94
2026-03-26 12:35:00,0.37647802,11.9
2026-03-26 12:40:00,0.37659439,11.8
2026-03-26 12:45:00,0.37678834,11.76
2026-03-26 12:50:00,0.37682713,11.7
2026-03-26 12:55:00,0.37686592,11.64
2026-03-26 13:00:00,0.37659439,11.6
2026-03-26 13:05:00,0.3769435,11.54
2026-03-26 13:10:00,0.3769435,11.5
2026-03-26 13:15:00,0.3769435,11.42
2026-03-26 13:20:00,0.37686592,11.4
2026-03-26 13:25:00,0.37647802,11.3
2026-03-26 13:30:00,0.37671076,11.3
2026-03-26 13:35:00,0.37709866,11.22
2026-03-26 13:40:00,0.37678834,11.2
2026-03-26 13:45:00,0.37698229,11.14
2026-03-26 13:50:00,0.3769435,11.1
2026-03-26 13:55:00,0.37729261,11.08
2026-03-26 14:00:00,0.37690471,11.0
2026-03-26 14:05:00,0.3773314,11.0
2026-03-26 14:10:00,0.37698229,10.94
2026-03-26 14:15:00,0.37717624,10.9
2026-03-26 14:20:00,0.37713745,10.88
2026-03-26 14:25:00,0.37709866,10.8
2026-03-26 14:30:00,0.37721503,10.8
2026-03-26 14:35:00,0.37725382,10.7
2026-03-26 14:40:00,0.37702108,10.7
2026-03-26 14:45:00,0.37702108,10.64
2026-03-26 14:50:00,0.37709866,10.6
2026-03-26 14:55:00,0.3769435,10.56
2026-03-26 15:00:00,0.37721503,10.5
2026-03-26 15:05:00,0.37737019,10.48
2026-03-26 15:10:00,0.37729261,10.4
2026-03-26 15:15:00,0.37725382,10.4
2026-03-26 15:20:00,0.37717624,10.32
2026-03-26 15:25:00,0.37702108,10.3
2026-03-26 15:30:00,0.37744777,10.24
2026-03-26 15:35:00,0.37756414,10.2
2026-03-26 15:40:00,0.37752535,10.2
2026-03-26 15:45:00,0.37740898,10.1
2026-03-26 15:50:00,0.37744777,10.1
2026-03-26 15:55:00,0.37740898,10.04
2026-03-26 16:00:00,0.37737019,10.0
2026-03-26 16:05:00,0.37756414,9.96
2026-03-26 16:10:00,0.37744777,9.9
2026-03-26 16:15:00,0.37752535,9.88
2026-03-26 16:20:00,0.37729261,9.8
2026-03-26 16:25:00,0.37748656,9.8
2026-03-26 16:30:00,0.37760293,9.72
2026-03-26 16:35:00,0.37787446,9.7
2026-03-26 16:40:00,0.37760293,9.68
2026-03-26 16:45:00,0.3777193,9.6
2026-03-26 16:50:00,0.37764172,9.6
2026-03-26 16:55:00,0.37740898,9.52
2026-03-26 17:00:00,0.37768051,9.5
2026-03-26 17:05:00,0.37779688,9.46
2026-03-26 17:10:00,0.37764172,9.4
2026-03-26 17:15:00,0.37791325,9.4
2026-03-26 17:20:00,0.37795204,9.3
2026-03-26 17:25:00,0.37795204,9.3
2026-03-26 17:30:00,0.37783567,9.26
2026-03-26 17:35:00,0.37787446,9.2
2026-03-26 17:40:00,0.37787446,9.2
2026-03-26 17:45:00,0.37787446,9.1
2026-03-26 17:50:00,0.37779688,9.1
2026-03-26 17:55:00,0.37802962,9.06
2026-03-26 18:00:00,0.37791325,9.0
2026-03-26 18:05:00,0.37814599,9.0
2026-03-26 18:10:00,0.37818478,8.94
2026-03-26 18:15:00,0.37799083,8.9
2026-03-26 18:20:00,0.3781072,8.9
2026-03-26 18:25:00,0.37791325,8.84
2026-03-26 18:30:00,0.37799083,8.8
2026-03-26 18:35:00,0.37818478,8.8
2026-03-26 18:40:00,0.37791325,8.8
2026-03-26 18:45:00,0.37822357,8.74
2026-03-26 18:50:00,0.37802962,8.7
2026-03-26 18:55:00,0.37830115,8.7
2026-03-26 19:00:00,0.37802962,8.7
2026-03-26 19:05:00,0.3781072,8.7
2026-03-26 19:10:00,0.37795204,8.68
2026-03-26 19:15:00,0.37826236,8.6
2026-03-26 19:20:00,0.3781072,8.6
2026-03-26 19:25:00,0.37822357,8.6
2026-03-26 19:30:00,0.37814599,8.6
2026-03-26 19:35:00,0.37806841,8.6
2026-03-26 19:40:00,0.37814599,8.54
2026-03-26 19:45:00,0.3781072,8.5
2026-03-26 19:50:00,0.3781072,8.5
2026-03-26 19:55:00,0.37841752,8.5
2026-03-26 20:00:00,0.37818478,8.44
2026-03-26 20:05:00,0.37818478,8.4
2026-03-26 20:10:00,0.37822357,8.4
2026-03-26 20:15:00,0.37818478,8.36
2026-03-26 20:20:00,0.37830115,8.3
2026-03-26 20:25:00,0.37833994,8.3
2026-03-26 20:30:00,0.37841752,8.28
2026-03-26 20:35:00,0.37830115,8.2
2026-03-26 20:40:00,0.37857268,8.2
2026-03-26 20:45:00,0.37857268,8.2
2026-03-26 20:50:00,0.37837873,8.1
2026-03-26 20:55:00,0.37861147,8.1
2026-03-26 21:00:00,0.37837873,8.1
2026-03-26 21:05:00,0.37857268,8.0
2026-03-26 21:10:00,0.37853389,8.0
2026-03-26 21:15:00,0.37868905,8.0
2026-03-26 21:20:00,0.37830115,7.94
2026-03-26 21:25:00,0.3784951,7.9
2026-03-26 21:30:00,0.37880542,7.9
2026-03-26 21:35:00,0.37868905,7.9
2026-03-26 21:40:00,0.3784951,7.8
2026-03-26 21:45:00,0.37861147,7.8
2026-03-26 21:50:00,0.37884421,7.8
2026-03-26 21:55:00,0.37876663,7.76
2026-03-26 22:00:00,0.37861147,7.7
2026-03-26 22:05:00,0.37868905,7.7
2026-03-26 22:10:00,0.37872784,7.7
2026-03-26 22:15:00,0.37872784,7.7
2026-03-26 22:20:00,0.37861147,7.62
2026-03-26 22:25:00,0.37880542,7.6
2026-03-26 22:30:00,0.37868905,7.6
2026-03-26 22:35:00,0.37880542,7.6
2026-03-26 22:40:00,0.37868905,7.6
2026-03-26 22:45:00,0.37841752,7.6
2026-03-26 22:50:00,0.37899937,7.6
2026-03-26 22:55:00,0.37880542,7.6
2026-03-26 23:00:00,0.378883,7.62
2026-03-26 23:05:00,0.37876663,7.7
2026-03-26 23:10:00,0.378883,7.7
2026-03-26 23:15:00,0.37880542,7.7
2026-03-26 23:20:00,0.37841752,7.76
2026-03-26 23:25:00,0.37857268,7.8
2026-03-26 23:30:00,0.37865026,7.8
2026-03-26 23:35:00,0.37865026,7.88
2026-03-26 23:40:00,0.37868905,7.9
2026-03-26 23:45:00,0.37857268,7.94
2026-03-26 23:50:00,0.3784951,8.0
2026-03-26 23:55:00,0.3784951,8.04
2026-03-27 00:00:00,0.37872784,8.1
2026-03-27 00:05:00,0.37857268,8.16
2026-03-27 00:10:00,0.37861147,8.2
2026-03-27 00:15:00,0.37841752,8.3
2026-03-27 00:20:00,0.37822357,8.34
2026-03-27 00:25:00,0.37822357,8.4
2026-03-27 00:30:00,0.37830115,8.5
2026-03-27 00:35:00,0.3781072,8.58
2026-03-27 00:40:00,0.37802962,8.66
2026-03-27 00:45:00,0.37818478,8.74
2026-03-27 00:50:00,0.37806841,8.84
2026-03-27 00:55:00,0.37799083,8.94
2026-03-27 01:00:00,0.37787446,9.06
2026-03-27 01:05:00,0.37795204,9.16
2026-03-27 01:10:00,0.37779688,9.28
2026-03-27 01:15:00,0.37764172,9.42
2026-03-27 01:20:00,0.37752535,9.56
2026-03-27 01:25:00,0.37756414,9.68
2026-03-27 01:30:00,0.37764172,9.84
2026-03-27 01:35:00,0.37702108,9.98
2026-03-27 01:40:00,0.37705987,10.14
2026-03-27 01:45:00,0.3769435,10.28
2026-03-27 01:50:00,0.3769435,10.44
2026-03-27 01:55:00,0.37686592,10.62
2026-03-27 02:00:00,0.37686592,10.8
2026-03-27 02:05:00,0.37671076,10.96
2026-03-27 02:10:00,0.3765556,11.14
2026-03-27 02:15:00,0.37636165,11.34
2026-03-27 02:20:00,0.3761677,11.52
2026-03-27 02:25:00,0.37628407,11.7
2026-03-27 02:30:00,0.3757798,11.86
2026-03-27 02:35:00,0.37558585,12.04
2026-03-27 02:40:00,0.37562464,12.2
2026-03-27 02:45:00,0.37570222,12.4
2026-03-27 02:50:00,0.37585738,12.56
2026-03-27 02:55:00,0.37562464,12.74
2026-03-27 03:00:00,0.37558585,12.92
2026-03-27 03:05:00,0.37535311,13.1
2026-03-27 03:10:00,0.37535311,13.26
2026-03-27 03:15:00,0.37512037,13.44
2026-03-27 03:20:00,0.37512037,13.64
2026-03-27 03:25:00,0.37488763,13.8
2026-03-27 03:30:00,0.37496521,13.96
2026-03-27 03:35:00,0.37473247,14.14
2026-03-27 03:40:00,0.37465489,14.3
2026-03-27 03:45:00,0.37449973,14.5
2026-03-27 03:50:00,0.37446094,14.66
2026-03-27 03:55:00,0.3742282,14.84
2026-03-27 04:00:00,0.37407304,15.0
2026-03-27 04:05:00,0.37415062,15.16
2026-03-27 04:10:00,0.37399546,15.3
2026-03-27 04:15:00,0.37380151,15.46
2026-03-27 04:20:00,0.37360756,15.64
2026-03-27 04:25:00,0.37356877,15.8
2026-03-27 04:30:00,0.37341361,15.96
2026-03-27 04:35:00,0.37329724,16.1
2026-03-27 04:40:00,0.37310329,16.26
2026-03-27 04:45:00,0.37310329,16.4
2026-03-27 04:50:00,0.37290934,16.54
2026-03-27 04:55:00,0.37290934,16.66
2026-03-27 05:00:00,0.37275418,16.74
2026-03-27 05:05:00,0.3726766,16.82
2026-03-27 05:10:00,0.3726766,16.9
2026-03-27 05:15:00,0.37248265,16.9
2026-03-27 05:20:00,0.37244386,17.0
2026-03-27 05:25:00,0.37248265,17.0
2026-03-27 05:30:00,0.37236628,17.0
2026-03-27 05:35:00,0.3722887,17.0
2026-03-27 05:40:00,0.37232749,17.0
2026-03-27 05:45:00,0.37224991,17.0
2026-03-27 05:50:00,0.37217233,17.0
2026-03-27 05:55:00,0.37217233,17.0
2026-03-27 06:00:00,0.37201717,17.0
2026-03-27 06:05:00,0.37193959,17.08
2026-03-27 06:10:00,0.3719008,17.1
2026-03-27 06:15:00,0.37205596,17.1
2026-03-27 06:20:00,0.37178443,17.12
2026-03-27 06:25:00,0.37178443,17.2
2026-03-27 06:30:00,0.37182322,17.2
2026-03-27 06:35:00,0.37162927,17.2
2026-03-27 06:40:00,0.37162927,17.22
2026-03-27 06:45:00,0.37147411,17.26
2026-03-27 06:50:00,0.37155169,17.2
2026-03-27 06:55:00,0.37155169,17.2
2026-03-27 07:00:00,0.3715129,17.2
2026-03-27 07:05:00,0.37147411,17.1
2026-03-27 07:10:00,0.37147411,17.08
2026-03-27 07:15:00,0.37139653,17.0
2026-03-27 07:20:00,0.3715129,16.94
2026-03-27 07:25:00,0.37139653,16.88
2026-03-27 07:30:00,0.37147411,16.8
2026-03-27 07:35:00,0.37139653,16.72
2026-03-27 07:40:00,0.37139653,16.66
2026-03-27 07:45:00,0.37143532,16.58
2026-03-27 07:50:00,0.37147411,16.5
2026-03-27 07:55:00,0.3715129,16.4
2026-03-27 08:00:00,0.37147411,16.34
2026-03-27 08:05:00,0.37135774,16.26
2026-03-27 08:10:00,0.37147411,16.18
2026-03-27 08:15:00,0.37147411,16.1
2026-03-27 08:20:00,0.37147411,16.0
2026-03-27 08:25:00,0.37143532,15.9
2026-03-27 08:30:00,0.37147411,15.82
2026-03-27 08:35:00,0.37155169,15.74
2026-03-27 08:40:00,0.37135774,15.66
2026-03-27 08:45:00,0.37147411,15.58
2026-03-27 08:50:00,0.37159048,15.5
2026-03-27 08:55:00,0.37147411,15.4
2026-03-27 09:00:00,0.37155169,15.32
2026-03-27 09:05:00,0.3715129,15.24
2026-03-27 09:10:00,0.37159048,15.18
2026-03-27 09:15:00,0.3715129,15.1
2026-03-27 09:20:00,0.37143532,15.0
2026-03-27 09:25:00,0.37159048,14.94
2026-03-27 09:30:00,0.37162927,14.86
2026-03-27 09:35:00,0.37155169,14.78
2026-03-27 09:40:00,0.37143532,14.7
2026-03-27 09:45:00,0.37159048,14.62
2026-03-27 09:50:00,0.37159048,14.54
2026-03-27 09:55:00,0.37155169,14.46
2026-03-27 10:00:00,0.37159048,14.36
2026-03-27 10:05:00,0.37155169,14.3
2026-03-27 10:10:00,0.37162927,14.2
2026-03-27 10:15:00,0.37162927,14.12
2026-03-27 10:20:00,0.37166806,14.02
2026-03-27 10:25:00,0.37147411,13.94
2026-03-27 10:30:00,0.37178443,13.88
2026-03-27 10:35:00,0.37178443,13.8
2026-03-27 10:40:00,0.37182322,13.7
2026-03-27 10:45:00,0.37186201,13.62
2026-03-27 10:50:00,0.37182322,13.54
2026-03-27 10:55:00,0.37182322,13.48
2026-03-27 11:00:00,0.37178443,13.4
2026-03-27 11:05:00,0.37186201,13.32
2026-03-27 11:10:00,0.37166806,13.24
2026-03-27 11:15:00,0.37182322,13.18
2026-03-27 11:20:00,0.37186201,13.1
2026-03-27 11:25:00,0.37201717,13.04
2026-03-27 11:30:00,0.37170685,12.98
2026-03-27 11:35:00,0.3719008,12.9
2026-03-27 11:40:00,0.37182322,12.84
2026-03-27 11:45:00,0.37186201,12.78
2026-03-27 11:50:00,0.3719008,12.7
2026-03-27 11:55:00,0.37186201,12.64
2026-03-27 12:00:00,0.37201717,12.6
2026-03-27 12:05:00,0.37193959,12.52
2026-03-27 12:10:00,0.37197838,12.5
2026-03-27 12:15:00,0.37182322,12.4
2026-03-27 12:20:00,0.37186201,12.38
2026-03-27 12:25:00,0.37182322,12.3
2026-03-27 12:30:00,0.37186201,12.26
2026-03-27 12:35:00,0.37166806,12.2
2026-03-27 12:40:00,0.37186201,12.16
2026-03-27 12:45:00,0.37178443,12.1
2026-03-27 12:50:00,0.37182322,12.06
2026-03-27 12:55:00,0.37197838,12.0
2026-03-27 13:00:00,0.37162927,12.0
2026-03-27 13:05:00,0.37186201,11.9
2026-03-27 13:10:00,0.37178443,11.9
2026-03-27 13:15:00,0.37182322,11.82
2026-03-27 13:20:00,0.3719008,11.8
2026-03-27 13:25:00,0.37170685,11.74
2026-03-27 13:30:00,0.37174564,11.7
2026-03-27 13:35:00,0.3719008,11.66
2026-03-27 13:40:00,0.37224991,11.6
2026-03-27 13:45:00,0.37221112,11.58
2026-03-27 13:50:00,0.37201717,11.5
2026-03-27 13:55:00,0.37201717,11.5
2026-03-27 14:00:00,0.37217233,11.42
2026-03-27 14:05:00,0.37193959,11.4
2026-03-27 14:10:00,0.3719008,11.34
2026-03-27 14:15:00,0.37232749,11.3
2026-03-27 14:20:00,0.3722887,11.26
2026-03-27 14:25:00,0.37193959,11.2
2026-03-27 14:30:00,0.37217233,11.2
2026-03-27 14:35:00,0.37217233,11.1
2026-03-27 14:40:00,0.37232749,11.1
2026-03-27 14:45:00,0.37236628,11.04
2026-03-27 14:50:00,0.37256023,11.0
2026-03-27 14:55:00,0.37263781,11.0
2026-03-27 15:00:00,0.37259902,10.9
2026-03-27 15:05:00,0.37259902,10.9
2026-03-27 15:10:00,0.37256023,10.88
2026-03-27 15:15:00,0.37256023,10.8
2026-03-27 15:20:00,0.37263781,10.8
2026-03-27 15:25:00,0.37232749,10.76
2026-03-27 15:30:00,0.37259902,10.7
2026-03-27 15:35:00,0.3722887,10.7
2026-03-27 15:40:00,0.37263781,10.7
2026-03-27 15:45:00,0.37240507,10.7
2026-03-27 15:50:00,0.37252144,10.6
2026-03-27 15:55:00,0.37240507,10.6
2026-03-27 16:00:00,0.37259902,10.6
2026-03-27 16:05:00,0.37240507,10.6
2026-03-27 16:10:00,0.37224991,10.6
2026-03-27 16:15:00,0.37236628,10.6
2026-03-27 16:20:00,0.37236628,10.6
2026-03-27 16:25:00,0.37259902,10.6
2026-03-27 16:30:00,0.37259902,10.6
2026-03-27 16:35:00,0.3722887,10.6
2026-03-27 16:40:00,0.37232749,10.6
2026-03-27 16:45:00,0.37236628,10.6
2026-03-27 16:50:00,0.37240507,10.6
2026-03-27 16:55:00,0.37240507,10.6
2026-03-27 17:00:00,0.3722887,10.6
2026-03-27 17:05:00,0.37252144,10.68
2026-03-27 17:10:00,0.3726766,10.7
2026-03-27 17:15:00,0.37224991,10.7
2026-03-27 17:20:00,0.37236628,10.7
2026-03-27 17:25:00,0.37232749,10.7
2026-03-27 17:30:00,0.37236628,10.7
2026-03-27 17:35:00,0.3722887,10.7
2026-03-27 17:40:00,0.37244386,10.7
2026-03-27 17:45:00,0.37256023,10.7
2026-03-27 17:50:00,0.37232749,10.7
2026-03-27 17:55:00,0.37240507,10.7
2026-03-27 18:00:00,0.37244386,10.7
2026-03-27 18:05:00,0.3722887,10.7
2026-03-27 18:10:00,0.37236628,10.7
2026-03-27 18:15:00,0.37252144,10.7
2026-03-27 18:20:00,0.37232749,10.7
2026-03-27 18:25:00,0.37248265,10.7
2026-03-27 18:30:00,0.37244386,10.7
2026-03-27 18:35:00,0.37248265,10.7
2026-03-27 18:40:00,0.37248265,10.7
2026-03-27 18:45:00,0.37256023,10.7
2026-03-27 18:50:00,0.37224991,10.7
2026-03-27 18:55:00,0.37232749,10.7
2026-03-27 19:00:00,0.37240507,10.7
2026-03-27 19:05:00,0.37240507,10.7
2026-03-27 19:10:00,0.37263781,10.7
2026-03-27 19:15:00,0.3726766,10.7
2026-03-27 19:20:00,0.37240507,10.7
2026-03-27 19:25:00,0.37248265,10.7
2026-03-27 19:30:00,0.3726766,10.7
2026-03-27 19:35:00,0.37236628,10.7
2026-03-27 19:40:00,0.37232749,10.7
2026-03-27 19:45:00,0.37232749,10.7
2026-03-27 19:50:00,0.37240507,10.7
2026-03-27 19:55:00,0.37240507,10.7
2026-03-27 20:00:00,0.37256023,10.7
2026-03-27 20:05:00,0.37256023,10.62
2026-03-27 20:10:00,0.37221112,10.6
2026-03-27 20:15:00,0.37240507,10.6
2026-03-27 20:20:00,0.37259902,10.6
2026-03-27 20:25:00,0.37248265,10.6
2026-03-27 20:30:00,0.37263781,10.54
2026-03-27 20:35:00,0.37236628,10.5
2026-03-27 20:40:00,0.37240507,10.5
2026-03-27 20:45:00,0.37248265,10.48
2026-03-27 20:50:00,0.37287055,10.4
2026-03-27 20:55:00,0.37263781,10.4
2026-03-27 21:00:00,0.37256023,10.36
2026-03-27 21:05:00,0.3726766,10.3
2026-03-27 21:10:00,0.3726766,10.28
2026-03-27 21:15:00,0.37263781,10.2
2026-03-27 21:20:00,0.3726766,10.2
2026-03-27 21:25:00,0.37244386,10.12
2026-03-27 21:30:00,0.37263781,10.1
2026-03-27 21:35:00,0.37252144,10.06
2026-03-27 21:40:00,0.37271539,10.0
2026-03-27 21:45:00,0.37294813,10.0
2026-03-27 21:50:00,0.37290934,9.9
2026-03-27 21:55:00,0.37294813,9.9
2026-03-27 22:00:00,0.37294813,9.82
2026-03-27 22:05:00,0.37283176,9.8
2026-03-27 22:10:00,0.37287055,9.74
2026-03-27 22:15:00,0.37298692,9.7
2026-03-27 22:20:00,0.37290934,9.68
2026-03-27 22:25:00,0.37337482,9.6
2026-03-27 22:30:00,0.37314208,9.6
2026-03-27 22:35:00,0.3730645,9.56
2026-03-27 22:40:00,0.37314208,9.5
2026-03-27 22:45:00,0.37333603,9.5
2026-03-27 22:50:00,0.37314208,9.5
2026-03-27 22:55:00,0.37314208,9.5
2026-03-27 23:00:00,0.37310329,9.5
2026-03-27 23:05:00,0.37318087,9.5
2026-03-27 23:10:00,0.37302571,9.5
2026-03-27 23:15:00,0.37283176,9.5
2026-03-27 23:20:00,0.37302571,9.5
2026-03-27 23:25:00,0.37321966,9.5
2026-03-27 23:30:00,0.37314208,9.5
2026-03-27 23:35:00,0.3734524,9.52
2026-03-27 23:40:00,0.3730645,9.6
2026-03-27 23:45:00,0.37321966,9.6
2026-03-27 23:50:00,0.37325845,9.6
2026-03-27 23:55:00,0.37310329,9.7
2026-03-28 00:00:00,0.37294813,9.7
2026-03-28 00:05:00,0.37298692,9.74
2026-03-28 00:10:00,0.37298692,9.8
2026-03-28 00:15:00,0.37302571,9.82
2026-03-28 00:20:00,0.37283176,9.9
2026-03-28 00:25:00,0.37302571,9.96
2026-03-28 00:30:00,0.37302571,10.0
2026-03-28 00:35:00,0.37279297,10.1
2026-03-28 00:40:00,0.3726766,10.16
2026-03-28 00:45:00,0.3726766,10.22
2026-03-28 00:50:00,0.37271539,10.32
2026-03-28 00:55:00,0.37271539,10.4
2026-03-28 01:00:00,0.3726766,10.52
2026-03-28 01:05:00,0.37224991,10.62
2026-03-28 01:10:00,0.3722887,10.74
2026-03-28 01:15:00,0.37256023,10.86
2026-03-28 01:20:00,0.37232749,10.98
2026-03-28 01:25:00,0.37213354,11.14
2026-03-28 01:30:00,0.37205596,11.26
2026-03-28 01:35:00,0.37205596,11.44
2026-03-28 01:40:00,0.37178443,11.56
2026-03-28 01:45:00,0.37162927,11.74
2026-03-28 01:50:00,0.37162927,11.9
2026-03-28 01:55:00,0.37155169,12.04
2026-03-28 02:00:00,0.37131895,12.22
2026-03-28 02:05:00,0.37143532,12.4
2026-03-28 02:10:00,0.37147411,12.56
2026-03-28 02:15:00,0.37143532,12.76
2026-03-28 02:20:00,0.37116379,12.94
2026-03-28 02:25:00,0.37096984,13.12
2026-03-28 02:30:00,0.37089226,13.32
2026-03-28 02:35:00,0.37096984,13.5
2026-03-28 02:40:00,0.37077589,13.7
2026-03-28 02:45:00,0.37062073,13.9
2026-03-28 02:50:00,0.37038799,14.08
2026-03-28 02:55:00,0.37050436,14.26
2026-03-28 03:00:00,0.37023283,14.46
2026-03-28 03:05:00,0.37023283,14.66
2026-03-28 03:10:00,0.37000009,14.86
2026-03-28 03:15:00,0.37003888,15.04
2026-03-28 03:20:00,0.36984493,15.24
2026-03-28 03:25:00,0.36980614,15.4
2026-03-28 03:30:00,0.36961219,15.6
2026-03-28 03:35:00,0.36945703,15.8
2026-03-28 03:40:00,0.36930187,16.0
2026-03-28 03:45:00,0.3691855,16.18
2026-03-28 03:50:00,0.36910792,16.36
2026-03-28 03:55:00,0.36887518,16.54
2026-03-28 04:00:00,0.36875881,16.74
2026-03-28 04:05:00,0.36872002,16.9
2026-03-28 04:10:00,0.36848728,17.06
2026-03-28 04:15:00,0.3684097,17.24
2026-03-28 04:20:00,0.36837091,17.4
2026-03-28 04:25:00,0.36825454,17.56
2026-03-28 04:30:00,0.3680218,17.72
2026-03-28 04:35:00,0.36782785,17.86
2026-03-28 04:40:00,0.36786664,18.02
2026-03-28 04:45:00,0.36767269,18.14
2026-03-28 04:50:00,0.36771148,18.26
2026-03-28 04:55:00,0.36759511,18.38
2026-03-28 05:00:00,0.36740116,18.5
2026-03-28 05:05:00,0.36689689,18.56
2026-03-28 05:10:00,0.36666415,18.6
2026-03-28 05:15:00,0.36666415,18.6
2026-03-28 05:20:00,0.36670294,18.6
2026-03-28 05:25:00,0.36666415,18.6
2026-03-28 05:30:00,0.36658657,18.6
2026-03-28 05:35:00,0.36674173,18.5
2026-03-28 05:40:00,0.36681931,18.5
2026-03-28 05:45:00,0.36716842,18.4
2026-03-28 05:50:00,0.36693568,18.4
2026-03-28 05:55:00,0.36697447,18.3
2026-03-28 06:00:00,0.36689689,18.3
2026-03-28 06:05:00,0.3668581,18.3
2026-03-28 06:10:00,0.36681931,18.3
2026-03-28 06:15:00,0.36662536,18.3
2026-03-28 06:20:00,0.36654778,18.3
2026-03-28 06:25:00,0.36658657,18.3
2026-03-28 06:30:00,0.36662536,18.3
2026-03-28 06:35:00,0.36643141,18.3
2026-03-28 06:40:00,0.36650899,18.3
2026-03-28 06:45:00,0.36635383,18.3
2026-03-28 06:50:00,0.36650899,18.3
2026-03-28 06:55:00,0.36639262,18.24
2026-03-28 07:00:00,0.36639262,18.2
2026-03-28 07:05:00,0.36635383,18.1
2026-03-28 07:10:00,0.36643141,18.04
2026-03-28 07:15:00,0.36643141,17.96
2026-03-28 07:20:00,0.36635383,17.86
2026-03-28 07:25:00,0.36631504,17.78
2026-03-28 07:30:00,0.36635383,17.68
2026-03-28 07:35:00,0.36635383,17.58
2026-03-28 07:40:00,0.36635383,17.48
2026-03-28 07:45:00,0.36643141,17.38
2026-03-28 07:50:00,0.36639262,17.26
2026-03-28 07:55:00,0.3664702,17.16
2026-03-28 08:00:00,0.36639262,17.06
2026-03-28 08:05:00,0.36635383,16.96
2026-03-28 08:10:00,0.36639262,16.86
2026-03-28 08:15:00,0.3664702,16.76
2026-03-28 08:20:00,0.36639262,16.64
2026-03-28 08:25:00,0.3664702,16.54
2026-03-28 08:30:00,0.3664702,16.44
2026-03-28 08:35:00,0.36654778,16.34
2026-03-28 08:40:00,0.36650899,16.26
2026-03-28 08:45:00,0.36650899,16.16
2026-03-28 08:50:00,0.36666415,16.06
2026-03-28 08:55:00,0.3664702,15.96
2026-03-28 09:00:00,0.36662536,15.86
2026-03-28 09:05:00,0.36666415,15.76
2026-03-28 09:10:00,0.36666415,15.66
2026-03-28 09:15:00,0.36658657,15.58
2026-03-28 09:20:00,0.36674173,15.48
2026-03-28 09:25:00,0.36674173,15.4
2026-03-28 09:30:00,0.36678052,15.3
2026-03-28 09:35:00,0.36666415,15.2
2026-03-28 09:40:00,0.36662536,15.12
2026-03-28 09:45:00,0.36678052,15.04
2026-03-28 09:50:00,0.36674173,14.94
2026-03-28 09:55:00,0.36678052,14.86
2026-03-28 10:00:00,0.36670294,14.76
2026-03-28 10:05:00,0.36678052,14.68
2026-03-28 10:10:00,0.36689689,14.58
2026-03-28 10:15:00,0.36681931,14.5
2026-03-28 10:20:00,0.3668581,14.4
2026-03-28 10:25:00,0.36689689,14.3
2026-03-28 10:30:00,0.36693568,14.2
2026-03-28 10:35:00,0.36689689,14.12
2026-03-28 10:40:00,0.36693568,14.02
2026-03-28 10:45:00,0.36689689,13.94
2026-03-28 10:50:00,0.36681931,13.84
2026-03-28 10:55:00,0.36681931,13.76
2026-03-28 11:00:00,0.36712963,13.66
2026-03-28 11:05:00,0.36709084,13.58
2026-03-28 11:10:00,0.36705205,13.48
2026-03-28 11:15:00,0.36712963,13.4
2026-03-28 11:20:00,0.36705205,13.3
2026-03-28 11:25:00,0.36681931,13.2
2026-03-28 11:30:00,0.36728479,13.12
2026-03-28 11:35:00,0.367246,13.04
2026-03-28 11:40:00,0.36720721,12.96
2026-03-28 11:45:00,0.36712963,12.9
2026-03-28 11:50:00,0.36736237,12.8
2026-03-28 11:55:00,0.36720721,12.72
2026-03-28 12:00:00,0.36728479,12.64
2026-03-28 12:05:00,0.36740116,12.58
2026-03-28 12:10:00,0.36732358,12.5
2026-03-28 12:15:00,0.36716842,12.42
2026-03-28 12:20:00,0.36720721,12.36
2026-03-28 12:25:00,0.36728479,12.3
2026-03-28 12:30:00,0.36693568,12.2
2026-03-28 12:35:00,0.36712963,12.16
2026-03-28 12:40:00,0.36697447,12.1
2026-03-28 12:45:00,0.36740116,12.0
2026-03-28 12:50:00,0.36740116,11.98
2026-03-28 12:55:00,0.36720721,11.9
2026-03-28 13:00:00,0.36732358,11.84
2026-03-28 13:05:00,0.36736237,11.8
2026-03-28 13:10:00,0.36720721,11.7
2026-03-28 13:15:00,0.36747874,11.64
2026-03-28 13:20:00,0.36755632,11.6
2026-03-28 13:25:00,0.36755632,11.52
2026-03-28 13:30:00,0.36755632,11.48
2026-03-28 13:35:00,0.36736237,11.4
2026-03-28 13:40:00,0.36736237,11.32
2026-03-28 13:45:00,0.36759511,11.28
2026-03-28 13:50:00,0.36778906,11.2
2026-03-28 13:55:00,0.36782785,11.14
2026-03-28 14:00:00,0.36782785,11.1
2026-03-28 14:05:00,0.36771148,11.0
2026-03-28 14:10:00,0.3680218,10.96
2026-03-28 14:15:00,0.36806059,10.9
2026-03-28 14:20:00,0.36778906,10.84
2026-03-28 14:25:00,0.3680218,10.8
2026-03-28 14:30:00,0.36786664,10.72
2026-03-28 14:35:00,0.36813817,10.7
2026-03-28 14:40:00,0.36794422,10.6
2026-03-28 14:45:00,0.36790543,10.56
2026-03-28 14:50:00,0.36771148,10.5
2026-03-28 14:55:00,0.36794422,10.44
2026-03-28 15:00:00,0.36790543,10.4
2026-03-28 15:05:00,0.36790543,10.32
2026-03-28 15:10:00,0.36813817,10.3
2026-03-28 15:15:00,0.36817696,10.2
2026-03-28 15:20:00,0.36813817,10.2
2026-03-28 15:25:00,0.36798301,10.12
2026-03-28 15:30:00,0.3684097,10.1
2026-03-28 15:35:00,0.36829333,10.02
2026-03-28 15:40:00,0.36829333,10.0
2026-03-28 15:45:00,0.36837091,9.94
2026-03-28 15:50:00,0.36837091,9.9
2026-03-28 15:55:00,0.36833212,9.84
2026-03-28 16:00:00,0.36825454,9.8
2026-03-28 16:05:00,0.3684097,9.78
2026-03-28 16:10:00,0.36833212,9.7
2026-03-28 16:15:00,0.36806059,9.7
2026-03-28 16:20:00,0.36825454,9.62
2026-03-28 16:25:00,0.36844849,9.6
2026-03-28 16:30:00,0.36856486,9.6
2026-03-28 16:35:00,0.36833212,9.5
2026-03-28 16:40:00,0.36860365,9.5
2026-03-28 16:45:00,0.36860365,9.5
2026-03-28 16:50:00,0.36817696,9.4
2026-03-28 16:55:00,0.36852607,9.4
2026-03-28 17:00:00,0.36852607,9.4
2026-03-28 17:05:00,0.36872002,9.34
2026-03-28 17:10:00,0.36848728,9.3
2026-03-28 17:15:00,0.36868123,9.3
2026-03-28 17:20:00,0.36887518,9.3
2026-03-28 17:25:00,0.36872002,9.2
2026-03-28 17:30:00,0.36883639,9.2
2026-03-28 17:35:00,0.36860365,9.2
2026-03-28 17:40:00,0.36872002,9.18
2026-03-28 17:45:00,0.36883639,9.1
2026-03-28 17:50:00,0.36872002,9.1
2026-03-28 17:55:00,0.36864244,9.1
2026-03-28 18:00:00,0.3687976,9.1
2026-03-28 18:05:00,0.36856486,9.0
2026-03-28 18:10:00,0.36848728,9.0
2026-03-28 18:15:00,0.36887518,9.0
2026-03-28 18:20:00,0.36864244,9.0
2026-03-28 18:25:00,0.36875881,8.98
2026-03-28 18:30:00,0.36872002,8.9
2026-03-28 18:35:00,0.36864244,8.9
2026-03-28 18:40:00,0.36887518,8.9
2026-03-28 18:45:00,0.3687976,8.9
2026-03-28 18:50:00,0.36903034,8.82
2026-03-28 18:55:00,0.36872002,8.8
2026-03-28 19:00:00,0.36875881,8.8
2026-03-28 19:05:00,0.36868123,8.8
2026-03-28 19:10:00,0.36895276,8.8
2026-03-28 19:15:00,0.36872002,8.7
2026-03-28 19:20:00,0.36899155,8.7
2026-03-28 19:25:00,0.36895276,8.7
2026-03-28 19:30:00,0.36872002,8.7
2026-03-28 19:35:00,0.3687976,8.62
2026-03-28 19:40:00,0.36895276,8.6
2026-03-28 19:45:00,0.36883639,8.6
2026-03-28 19:50:00,0.36895276,8.6
2026-03-28 19:55:00,0.36922429,8.54
2026-03-28 20:00:00,0.36875881,8.5
2026-03-28 20:05:00,0.36926308,8.5
2026-03-28 20:10:00,0.36910792,8.5
2026-03-28 20:15:00,0.36910792,8.5
2026-03-28 20:20:00,0.36903034,8.42
2026-03-28 20:25:00,0.36910792,8.4
2026-03-28 20:30:00,0.36899155,8.4
2026-03-28 20:35:00,0.36903034,8.4
2026-03-28 20:40:00,0.36926308,8.36
2026-03-28 20:45:00,0.36941824,8.3
2026-03-28 20:50:00,0.36930187,8.3
2026-03-28 20:55:00,0.36903034,8.3
2026-03-28 21:00:00,0.36926308,8.28
2026-03-28 21:05:00,0.36941824,8.2
2026-03-28 21:10:00,0.36926308,8.2
2026-03-28 21:15:00,0.36937945,8.2
2026-03-28 21:20:00,0.36945703,8.16
2026-03-28 21:25:00,0.36941824,8.1
2026-03-28 21:30:00,0.36934066,8.1
2026-03-28 21:35:00,0.36914671,8.1
2026-03-28 21:40:00,0.36953461,8.04
2026-03-28 21:45:00,0.36941824,8.0
2026-03-28 21:50:00,0.36922429,8.0
2026-03-28 21:55:00,0.36941824,8.0
2026-03-28 22:00:00,0.3691855,8.0
2026-03-28 22:05:00,0.36965098,7.98
2026-03-28 22:10:00,0.36945703,7.9
2026-03-28 22:15:00,0.36953461,7.9
2026-03-28 22:20:00,0.36953461,7.9
2026-03-28 22:25:00,0.36965098,7.9
2026-03-28 22:30:00,0.36930187,7.9
2026-03-28 22:35:00,0.36953461,7.9
2026-03-28 22:40:00,0.36965098,7.9
2026-03-28 22:45:00,0.36937945,7.9
2026-03-28 22:50:00,0.36941824,7.9
2026-03-28 22:55:00,0.36926308,7.9
2026-03-28 23:00:00,0.36941824,7.96
2026-03-28 23:05:00,0.36953461,8.0
2026-03-28 23:10:00,0.3695734,8.0
2026-03-28 23:15:00,0.36949582,8.0
2026-03-28 23:20:00,0.36945703,8.0
2026-03-28 23:25:00,0.36937945,8.02
2026-03-28 23:30:00,0.36953461,8.1
2026-03-28 23:35:00,0.36930187,8.1
2026-03-28 23:40:00,0.3691855,8.14
2026-03-28 23:45:00,0.36953461,8.2
2026-03-28 23:50:00,0.36930187,8.2
2026-03-28 23:55:00,0.36922429,8.3
2026-03-29 00:00:00,0.36937945,8.3
2026-03-29 00:05:00,0.36934066,8.4
2026-03-29 00:10:00,0.3691855,8.44
2026-03-29 00:15:00,0.36906913,8.5
2026-03-29 00:20:00,0.36903034,8.58
2026-03-29 00:25:00,0.3691855,8.64
2026-03-29 00:30:00,0.36899155,8.72
2026-03-29 00:35:00,0.36895276,8.82
2026-03-29 00:40:00,0.36899155,8.92
2026-03-29 00:45:00,0.3687976,9.02
2026-03-29 00:50:00,0.36872002,9.14
2026-03-29 00:55:00,0.36868123,9.26
2026-03-29 01:00:00,0.36856486,9.38
2026-03-29 01:05:00,0.36852607,9.54
2026-03-29 01:10:00,0.36848728,9.66
2026-03-29 01:15:00,0.36817696,9.84
2026-03-29 01:20:00,0.36829333,10.0
2026-03-29 01:25:00,0.36786664,10.16
2026-03-29 01:30:00,0.36790543,10.34
2026-03-29 01:35:00,0.3676339,10.5
2026-03-29 01:40:00,0.3676339,10.68
2026-03-29 01:45:00,0.36775027,10.86
2026-03-29 01:50:00,0.36740116,11.04
2026-03-29 01:55:00,0.36751753,11.24
2026-03-29 02:00:00,0.36716842,11.44
2026-03-29 02:05:00,0.36678052,11.62
2026-03-29 02:10:00,0.36705205,11.82
2026-03-29 02:15:00,0.36662536,12.0
2026-03-29 02:20:00,0.36639262,12.18
2026-03-29 02:25:00,0.36666415,12.38
2026-03-29 02:30:00,0.36662536,12.58
2026-03-29 02:35:00,0.36658657,12.78
2026-03-29 02:40:00,0.36623746,12.98
2026-03-29 02:45:00,0.36619867,13.16
2026-03-29 02:50:00,0.36604351,13.36
2026-03-29 02:55:00,0.3660823,13.56
2026-03-29 03:00:00,0.36596593,13.74
2026-03-29 03:05:00,0.36584956,13.9
2026-03-29 03:10:00,0.36581077,14.06
2026-03-29 03:15:00,0.3656944,14.22
2026-03-29 03:20:00,0.36557803,14.36
2026-03-29 03:25:00,0.36546166,14.54
2026-03-29 03:30:00,0.3653065,14.7
2026-03-29 03:35:00,0.36522892,14.86
2026-03-29 03:40:00,0.36515134,15.04
2026-03-29 03:45:00,0.36499618,15.2
2026-03-29 03:50:00,0.36499618,15.34
2026-03-29 03:55:00,0.36480223,15.5
2026-03-29 04:00:00,0.36468586,15.66
2026-03-29 04:05:00,0.36460828,15.84
2026-03-29 04:10:00,0.3645307,16.0
2026-03-29 04:15:00,0.36429796,16.14
2026-03-29 04:20:00,0.36418159,16.28
2026-03-29 04:25:00,0.36422038,16.42
2026-03-29 04:30:00,0.36418159,16.54
2026-03-29 04:35:00,0.36394885,16.68
2026-03-29 04:40:00,0.36387127,16.84
2026-03-29 04:45:00,0.36379369,16.96
2026-03-29 04:50:00,0.36371611,17.1
2026-03-29 04:55:00,0.36359974,17.24
2026-03-29 05:00:00,0.36348337,17.36
2026-03-29 05:05:00,0.36340579,17.46
2026-03-29 05:10:00,0.363367,17.56
2026-03-29 05:15:00,0.36325063,17.6
2026-03-29 05:20:00,0.36317305,17.7
2026-03-29 05:25:00,0.36313426,17.7
2026-03-29 05:30:00,0.36309547,17.7
2026-03-29 05:35:00,0.36305668,17.8
2026-03-29 05:40:00,0.36305668,17.8
2026-03-29 05:45:00,0.36309547,17.8
2026-03-29 05:50:00,0.36294031,17.8
2026-03-29 05:55:00,0.36278515,17.8
2026-03-29 06:00:00,0.36282394,17.86
2026-03-29 06:05:00,0.36274636,17.9
2026-03-29 06:10:00,0.36270757,17.9
2026-03-29 06:15:00,0.36270757,17.9
2026-03-29 06:20:00,0.36262999,17.96
2026-03-29 06:25:00,0.36262999,18.0
2026-03-29 06:30:00,0.36247483,18.0
2026-03-29 06:35:00,0.36239725,18.0
2026-03-29 06:40:00,0.36239725,18.0
2026-03-29 06:45:00,0.36239725,18.0
2026-03-29 06:50:00,0.36231967,18.0
2026-03-29 06:55:00,0.36224209,17.98
2026-03-29 07:00:00,0.36224209,17.9
2026-03-29 07:05:00,0.36231967,17.9
2026-03-29 07:10:00,0.36235846,17.9
2026-03-29 07:15:00,0.36231967,17.86
2026-03-29 07:20:00,0.36224209,17.8
2026-03-29 07:25:00,0.36216451,17.8
2026-03-29 07:30:00,0.3622033,17.8
2026-03-29 07:35:00,0.36216451,17.72
2026-03-29 07:40:00,0.36208693,17.7
2026-03-29 07:45:00,0.36200935,17.7
2026-03-29 07:50:00,0.36212572,17.6
2026-03-29 07:55:00,0.36212572,17.6
2026-03-29 08:00:00,0.36204814,17.58
2026-03-29 08:05:00,0.36212572,17.5
2026-03-29 08:10:00,0.36204814,17.5
2026-03-29 08:15:00,0.36208693,17.42
2026-03-29 08:20:00,0.36204814,17.4
2026-03-29 08:25:00,0.36200935,17.32
2026-03-29 08:30:00,0.36208693,17.3
2026-03-29 08:35:00,0.36193177,17.24
2026-03-29 08:40:00,0.36200935,17.2
2026-03-29 08:45:00,0.36197056,17.12
2026-03-29 08:50:00,0.36208693,17.1
2026-03-29 08:55:00,0.36204814,17.02
2026-03-29 09:00:00,0.36204814,17.0
2026-03-29 09:05:00,0.36208693,16.9
2026-03-29 09:10:00,0.36197056,16.88
2026-03-29 09:15:00,0.36204814,16.8
2026-03-29 09:20:00,0.36200935,16.76
2026-03-29 09:25:00,0.36193177,16.7
2026-03-29 09:30:00,0.36204814,16.64
2026-03-29 09:35:00,0.36204814,16.6
2026-03-29 09:40:00,0.36216451,16.52
2026-03-29 09:45:00,0.36200935,16.48
2026-03-29 09:50:00,0.36212572,16.4
2026-03-29 09:55:00,0.36200935,16.34
2026-03-29 10:00:00,0.36208693,16.28
2026-03-29 10:05:00,0.36204814,16.2
2026-03-29 10:10:00,0.36212572,16.14
2026-03-29 10:15:00,0.36224209,16.06
2026-03-29 10:20:00,0.3622033,16.0
2026-03-29 10:25:00,0.36228088,15.9
2026-03-29 10:30:00,0.36228088,15.84
2026-03-29 10:35:00,0.36224209,15.76
2026-03-29 10:40:00,0.36231967,15.7
2026-03-29 10:45:00,0.36224209,15.6
2026-03-29 10:50:00,0.36231967,15.54
2026-03-29 10:55:00,0.36235846,15.48
2026-03-29 11:00:00,0.36235846,15.4
2026-03-29 11:05:00,0.36243604,15.34
2026-03-29 11:10:00,0.36243604,15.28
2026-03-29 11:15:00,0.36239725,15.2
2026-03-29 11:20:00,0.36243604,15.16
2026-03-29 11:25:00,0.36243604,15.1
2026-03-29 11:30:00,0.36247483,15.02
2026-03-29 11:35:00,0.36247483,14.96
2026-03-29 11:40:00,0.36243604,14.9
2026-03-29 11:45:00,0.36255241,14.8
2026-03-29 11:50:00,0.36255241,14.74
2026-03-29 11:55:00,0.3625912,14.68
2026-03-29 12:00:00,0.36266878,14.6
2026-03-29 12:05:00,0.36266878,14.52
2026-03-29 12:10:00,0.36262999,14.46
2026-03-29 12:15:00,0.3625912,14.38
2026-03-29 12:20:00,0.36270757,14.3
2026-03-29 12:25:00,0.36274636,14.24
2026-03-29 12:30:00,0.36274636,14.18
2026-03-29 12:35:00,0.36286273,14.1
2026-03-29 12:40:00,0.36286273,14.02
2026-03-29 12:45:00,0.3625912,13.98
2026-03-29 12:50:00,0.36294031,13.9
2026-03-29 12:55:00,0.36286273,13.84
2026-03-29 13:00:00,0.36301789,13.8
2026-03-29 13:05:00,0.3629791,13.7
2026-03-29 13:10:00,0.3629791,13.66
2026-03-29 13:15:00,0.36305668,13.6
2026-03-29 13:20:00,0.36294031,13.5
2026-03-29 13:25:00,0.36305668,13.46
2026-03-29 13:30:00,0.36301789,13.4
2026-03-29 13:35:00,0.3629791,13.32
2026-03-29 13:40:00,0.36309547,13.28
2026-03-29 13:45:00,0.36301789,13.2
2026-03-29 13:50:00,0.36332821,13.16
2026-03-29 13:55:00,0.36313426,13.1
2026-03-29 14:00:00,0.36313426,13.04
2026-03-29 14:05:00,0.36321184,13.0
2026-03-29 14:10:00,0.36317305,12.92
2026-03-29 14:15:00,0.36313426,12.9
2026-03-29 14:20:00,0.36328942,12.82
2026-03-29 14:25:00,0.36321184,12.8
2026-03-29 14:30:00,0.36325063,12.72
2026-03-29 14:35:00,0.36321184,12.7
2026-03-29 14:40:00,0.363367,12.62
2026-03-29 14:45:00,0.36344458,12.6
2026-03-29 14:50:00,0.363367,12.52
2026-03-29 14:55:00,0.36332821,12.5
2026-03-29 15:00:00,0.36328942,12.44
2026-03-29 15:05:00,0.363367,12.4
2026-03-29 15:10:00,0.36340579,12.36
2026-03-29 15:15:00,0.36317305,12.3
2026-03-29 15:20:00,0.36321184,12.28
2026-03-29 15:25:00,0.36309547,12.2
2026-03-29 15:30:00,0.36317305,12.2
2026-03-29 15:35:00,0.36317305,12.12
2026-03-29 15:40:00,0.36317305,12.1
2026-03-29 15:45:00,0.36328942,12.06
2026-03-29 15:50:00,0.36325063,12.0
2026-03-29 15:55:00,0.363367,12.0
2026-03-29 16:00:00,0.363367,11.94
2026-03-29 16:05:00,0.36340579,11.9
2026-03-29 16:10:00,0.363367,11.9
2026-03-29 16:15:00,0.36359974,11.8
2026-03-29 16:20:00,0.36348337,11.8
2026-03-29 16:25:00,0.36363853,11.78
2026-03-29 16:30:00,0.36356095,11.7
2026-03-29 16:35:00,0.36344458,11.7
2026-03-29 16:40:00,0.36328942,11.68
2026-03-29 16:45:00,0.3637549,11.6
2026-03-29 16:50:00,0.36359974,11.6
2026-03-29 16:55:00,0.36359974,11.6
2026-03-29 17:00:00,0.36371611,11.54
2026-03-29 17:05:00,0.36348337,11.5
2026-03-29 17:10:00,0.36379369,11.5
2026-03-29 17:15:00,0.36383248,11.5
2026-03-29 17:20:00,0.36394885,11.46
2026-03-29 17:25:00,0.36391006,11.4
2026-03-29 17:30:00,0.36394885,11.4
2026-03-29 17:35:00,0.36367732,11.4
2026-03-29 17:40:00,0.36391006,11.4
2026-03-29 17:45:00,0.36379369,11.34
2026-03-29 17:50:00,0.36402643,11.3
2026-03-29 17:55:00,0.36379369,11.3
2026-03-29 18:00:00,0.36383248,11.3
2026-03-29 18:05:00,0.36398764,11.3
2026-03-29 18:10:00,0.36391006,11.26
2026-03-29 18:15:00,0.36387127,11.2
2026-03-29 18:20:00,0.36398764,11.2
2026-03-29 18:25:00,0.36410401,11.2
2026-03-29 18:30:00,0.3637549,11.2
2026-03-29 18:35:00,0.36371611,11.2
2026-03-29 18:40:00,0.36402643,11.12
2026-03-29 18:45:00,0.3641428,11.1
2026-03-29 18:50:00,0.36406522,11.1
2026-03-29 18:55:00,0.36433675,11.1
2026-03-29 19:00:00,0.36422038,11.1
2026-03-29 19:05:00,0.36398764,11.1
2026-03-29 19:10:00,0.36425917,11.06
2026-03-29 19:15:00,0.3641428,11.0
2026-03-29 19:20:00,0.36429796,11.0
2026-03-29 19:25:00,0.3641428,11.0
2026-03-29 19:30:00,0.36394885,11.0
2026-03-29 19:35:00,0.36441433,11.0
2026-03-29 19:40:00,0.36437554,11.0
2026-03-29 19:45:00,0.36422038,10.94
2026-03-29 19:50:00,0.36433675,10.9
2026-03-29 19:55:00,0.36441433,10.9
2026-03-29 20:00:00,0.36429796,10.9
2026-03-29 20:05:00,0.36445312,10.9
2026-03-29 20:10:00,0.36422038,10.9
2026-03-29 20:15:00,0.3641428,10.9
2026-03-29 20:20:00,0.36441433,10.82
2026-03-29 20:25:00,0.3641428,10.8
2026-03-29 20:30:00,0.36433675,10.8
2026-03-29 20:35:00,0.36422038,10.8
2026-03-29 20:40:00,0.36445312,10.8
2026-03-29 20:45:00,0.36429796,10.8
2026-03-29 20:50:00,0.36433675,10.78
2026-03-29 20:55:00,0.36429796,10.7
2026-03-29 21:00:00,0.3645307,10.7
2026-03-29 21:05:00,0.36449191,10.7
2026-03-29 21:10:00,0.36449191,10.7
2026-03-29 21:15:00,0.36433675,10.7
2026-03-29 21:20:00,0.36460828,10.7
2026-03-29 21:25:00,0.36429796,10.7
2026-03-29 21:30:00,0.36410401,10.7
2026-03-29 21:35:00,0.36445312,10.6
2026-03-29 21:40:00,0.36437554,10.6
2026-03-29 21:45:00,0.36460828,10.6
2026-03-29 21:50:00,0.36429796,10.6
2026-03-29 21:55:00,0.36422038,10.6
2026-03-29 22:00:00,0.36422038,10.6
2026-03-29 22:05:00,0.36425917,10.6
2026-03-29 22:10:00,0.36437554,10.6
2026-03-29 22:15:00,0.36449191,10.6
2026-03-29 22:20:00,0.3645307,10.6
2026-03-29 22:25:00,0.36441433,10.6
2026-03-29 22:30:00,0.36441433,10.6
2026-03-29 22:35:00,0.36410401,10.6
2026-03-29 22:40:00,0.36433675,10.6
2026-03-29 22:45:00,0.36441433,10.6
2026-03-29 22:50:00,0.36433675,10.6
2026-03-29 22:55:00,0.3645307,10.6
2026-03-29 23:00:00,0.36441433,10.6
2026-03-29 23:05:00,0.36425917,10.66
2026-03-29 23:10:00,0.36433675,10.7
2026-03-29 23:15:00,0.36468586,10.7
2026-03-29 23:20:00,0.36441433,10.7
2026-03-29 23:25:00,0.36445312,10.7
2026-03-29 23:30:00,0.36441433,10.76
2026-03-29 23:35:00,0.36449191,10.8
2026-03-29 23:40:00,0.36429796,10.8
2026-03-29 23:45:00,0.36429796,10.88
2026-03-29 23:50:00,0.36437554,10.9
2026-03-29 23:55:00,0.36433675,10.96
2026-03-30 00:00:00,0.36418159,11.0
2026-03-30 00:05:00,0.36441433,11.04
2026-03-30 00:10:00,0.36402643,11.1
2026-03-30 00:15:00,0.36402643,11.12
2026-03-30 00:20:00,0.36394885,11.2
2026-03-30 00:25:00,0.3641428,11.22
2026-03-30 00:30:00,0.36394885,11.3
2026-03-30 00:35:00,0.36441433,11.36
2026-03-30 00:40:00,0.36402643,11.4
2026-03-30 00:45:00,0.36398764,11.5
2026-03-30 00:50:00,0.36391006,11.56
2026-03-30 00:55:00,0.36371611,11.62
2026-03-30 01:00:00,0.3637549,11.7
2026-03-30 01:05:00,0.36383248,11.78
2026-03-30 01:10:00,0.36367732,11.86
2026-03-30 01:15:00,0.36367732,11.94
2026-03-30 01:20:00,0.36352216,12.0
2026-03-30 01:25:00,0.363367,12.1
2026-03-30 01:30:00,0.36340579,12.18
2026-03-30 01:35:00,0.36359974,12.24
2026-03-30 01:40:00,0.36352216,12.32
2026-03-30 01:45:00,0.36348337,12.4
2026-03-30 01:50:00,0.36356095,12.48
2026-03-30 01:55:00,0.36344458,12.54
2026-03-30 02:00:00,0.36363853,12.62
2026-03-30 02:05:00,0.36348337,12.7
2026-03-30 02:10:00,0.36328942,12.78
2026-03-30 02:15:00,0.36321184,12.88
2026-03-30 02:20:00,0.36325063,12.94
2026-03-30 02:25:00,0.36328942,13.02
2026-03-30 02:30:00,0.36325063,13.1
2026-03-30 02:35:00,0.36305668,13.16
2026-03-30 02:40:00,0.36325063,13.2
2026-03-30 02:45:00,0.36305668,13.28
2026-03-30 02:50:00,0.36321184,13.3
2026-03-30 02:55:00,0.36305668,13.34
2026-03-30 03:00:00,0.36305668,13.4
2026-03-30 03:05:00,0.36305668,13.4
2026-03-30 03:10:00,0.36309547,13.5
2026-03-30 03:15:00,0.36301789,13.5
2026-03-30 03:20:00,0.36301789,13.52
2026-03-30 03:25:00,0.36301789,13.6
2026-03-30 03:30:00,0.36290152,13.6
2026-03-30 03:35:00,0.3629791,13.6
2026-03-30 03:40:00,0.3629791,13.6
2026-03-30 03:45:00,0.36301789,13.6
2026-03-30 03:50:00,0.36290152,13.7
2026-03-30 03:55:00,0.36282394,13.7
2026-03-30 04:00:00,0.36286273,13.7
2026-03-30 04:05:00,0.36290152,13.7
2026-03-30 04:10:00,0.36290152,13.7
2026-03-30 04:15:00,0.36286273,13.78
2026-03-30 04:20:00,0.36286273,13.8
2026-03-30 04:25:00,0.36282394,13.8
2026-03-30 04:30:00,0.36282394,13.8
2026-03-30 04:35:00,0.36286273,13.8
2026-03-30 04:40:00,0.36282394,13.8
2026-03-30 04:45:00,0.36278515,13.8
2026-03-30 04:50:00,0.36278515,13.8
2026-03-30 04:55:00,0.36290152,13.8
2026-03-30 05:00:00,0.36274636,13.8
2026-03-30 05:05:00,0.36278515,13.8
2026-03-30 05:10:00,0.36282394,13.8
2026-03-30 05:15:00,0.3625912,13.8
2026-03-30 05:20:00,0.36274636,13.8
2026-03-30 05:25:00,0.36278515,13.8
2026-03-30 05:30:00,0.36278515,13.8
2026-03-30 05:35:00,0.36290152,13.9
2026-03-30 05:40:00,0.36286273,13.9
2026-03-30 05:45:00,0.36294031,13.9
2026-03-30 05:50:00,0.36290152,13.9
2026-03-30 05:55:00,0.36294031,13.9
2026-03-30 06:00:00,0.3629791,13.9
2026-03-30 06:05:00,0.36290152,13.9
2026-03-30 06:10:00,0.36294031,13.9
2026-03-30 06:15:00,0.36290152,13.9
2026-03-30 06:20:00,0.36301789,13.9
2026-03-30 06:25:00,0.36309547,13.9
2026-03-30 06:30:00,0.3629791,13.9
2026-03-30 06:35:00,0.36282394,13.9
2026-03-30 06:40:00,0.36305668,13.9
2026-03-30 06:45:00,0.36309547,13.9
2026-03-30 06:50:00,0.36332821,13.9
2026-03-30 06:55:00,0.36325063,13.9
2026-03-30 07:00:00,0.36344458,13.9
2026-03-30 07:05:00,0.36371611,13.9
2026-03-30 07:10:00,0.36367732,13.9
2026-03-30 07:15:00,0.36352216,13.9
2026-03-30 07:20:00,0.3637549,13.9
2026-03-30 07:25:00,0.36371611,13.9
2026-03-30 07:30:00,0.36379369,13.9
2026-03-30 07:35:00,0.3637549,13.9
2026-03-30 07:40:00,0.36410401,13.9
2026-03-30 07:45:00,0.36391006,13.9
2026-03-30 07:50:00,0.36402643,13.9
2026-03-30 07:55:00,0.36391006,13.9
2026-03-30 08:00:00,0.3637549,13.9
2026-03-30 08:05:00,0.36383248,13.9
2026-03-30 08:10:00,0.36433675,13.82
2026-03-30 08:15:00,0.36484102,13.8
2026-03-30 08:20:00,0.36592714,13.8
2026-03-30 08:25:00,0.36709084,13.8
2026-03-30 08:30:00,0.36926308,13.8
2026-03-30 08:35:00,0.37182322,13.8
2026-03-30 08:40:00,0.37407304,13.8
2026-03-30 08:45:00,0.37624528,13.8
2026-03-30 08:50:00,0.38031823,13.8
2026-03-30 08:55:00,0.38287837,13.8
2026-03-30 09:00:00,0.3854773,13.8
2026-03-30 09:05:00,0.38710648,13.78
2026-03-30 09:10:00,0.3878047,13.7
2026-03-30 09:15:00,0.38838655,13.7
2026-03-30 09:20:00,0.38900719,13.7
2026-03-30 09:25:00,0.38966662,13.7
2026-03-30 09:30:00,0.39036484,13.64
2026-03-30 09:35:00,0.39063637,13.6
2026-03-30 09:40:00,0.3912958,13.6
2026-03-30 09:45:00,0.3920716,13.6
2026-03-30 09:50:00,0.3924595,13.56
2026-03-30 09:55:00,0.39276982,13.5
2026-03-30 10:00:00,0.39311893,13.5
2026-03-30 10:05:00,0.39346804,13.5
2026-03-30 10:10:00,0.39366199,13.5
2026-03-30 10:15:00,0.39358441,13.42
2026-03-30 10:20:00,0.39311893,13.4
2026-03-30 10:25:00,0.39265345,13.4
2026-03-30 10:30:00,0.39222676,13.4
2026-03-30 10:35:00,0.39183886,13.4
2026-03-30 10:40:00,0.39121822,13.3
2026-03-30 10:45:00,0.39028726,13.3
2026-03-30 10:50:00,0.39005452,13.3
2026-03-30 10:55:00,0.39063637,13.3
2026-03-30 11:00:00,0.39125701,13.22
2026-03-30 11:05:00,0.39187765,13.2
2026-03-30 11:10:00,0.39257587,13.2
2026-03-30 11:15:00,0.39292498,13.2
2026-03-30 11:20:00,0.39339046,13.2
2026-03-30 11:25:00,0.3963385,13.2
2026-03-30 11:30:00,0.4095271,13.2
2026-03-30 11:35:00,0.4172851,13.12
2026-03-30 11:40:00,0.42046588,13.1
2026-03-30 11:45:00,0.421552,13.1
2026-03-30 11:50:00,0.42244417,13.1
2026-03-30 11:55:00,0.42337513,13.1
2026-03-30 12:00:00,0.42364666,13.1
2026-03-30 12:05:00,0.4238794,13.1
2026-03-30 12:10:00,0.42314239,13.1
2026-03-30 12:15:00,0.42341392,13.02
2026-03-30 12:20:00,0.42287086,13.0
2026-03-30 12:25:00,0.42298723,13.0
2026-03-30 12:30:00,0.42341392,13.0
2026-03-30 12:35:00,0.42403456,13.0
2026-03-30 12:40:00,0.42473278,13.0
2026-03-30 12:45:00,0.42535342,13.0
2026-03-30 12:50:00,0.42605164,12.98
2026-03-30 12:55:00,0.42694381,12.9
2026-03-30 13:00:00,0.4281463,12.9
2026-03-30 13:05:00,0.42868936,12.9
2026-03-30 13:10:00,0.4289221,12.9
2026-03-30 13:15:00,0.42899968,12.82
2026-03-30 13:20:00,0.42931,12.8
2026-03-30 13:25:00,0.4296979,12.8
2026-03-30 13:30:00,0.42965911,12.8
2026-03-30 13:35:00,0.43012459,12.7
2026-03-30 13:40:00,0.42993064,12.7
2026-03-30 13:45:00,0.43043491,12.7
2026-03-30 13:50:00,0.43051249,12.7
2026-03-30 13:55:00,0.43090039,12.64
2026-03-30 14:00:00,0.43097797,12.6
2026-03-30 14:05:00,0.43152103,12.6
2026-03-30 14:10:00,0.43183135,12.6
2026-03-30 14:15:00,0.4324132,12.6
2026-03-30 14:20:00,0.43249078,12.54
2026-03-30 14:25:00,0.43295626,12.5
2026-03-30 14:30:00,0.43322779,12.46
2026-03-30 14:35:00,0.43315021,12.4
2026-03-30 14:40:00,0.43353811,12.36
2026-03-30 14:45:00,0.43380964,12.3
2026-03-30 14:50:00,0.43384843,12.3
2026-03-30 14:55:00,0.43392601,12.2
2026-03-30 15:00:00,0.43369327,12.2
2026-03-30 15:05:00,0.43411996,12.16
2026-03-30 15:10:00,0.43384843,12.1
2026-03-30 15:15:00,0.43419754,12.1
2026-03-30 15:20:00,0.43408117,12.1
2026-03-30 15:25:00,0.4343527,12.04
2026-03-30 15:30:00,0.4343527,12.0
2026-03-30 15:35:00,0.43450786,12.0
2026-03-30 15:40:00,0.43439149,12.0
2026-03-30 15:45:00,0.43450786,12.0
2026-03-30 15:50:00,0.43485697,12.0
2026-03-30 15:55:00,0.43497334,11.9
2026-03-30 16:00:00,0.43481818,11.9
2026-03-30 16:05:00,0.4347406,11.9
2026-03-30 16:10:00,0.43481818,11.9
2026-03-30 16:15:00,0.43497334,11.9
2026-03-30 16:20:00,0.43489576,11.9
2026-03-30 16:25:00,0.43477939,11.88
2026-03-30 16:30:00,0.43493455,11.8
2026-03-30 16:35:00,0.43497334,11.8
2026-03-30 16:40:00,0.43520608,11.8
2026-03-30 16:45:00,0.43520608,11.8
2026-03-30 16:50:00,0.43501213,11.8
2026-03-30 16:55:00,0.43458544,11.8
2026-03-30 17:00:00,0.43466302,11.82
2026-03-30 17:05:00,0.43481818,11.8
2026-03-30 17:10:00,0.43477939,11.8
2026-03-30 17:15:00,0.43493455,11.8
2026-03-30 17:20:00,0.4347406,11.84
2026-03-30 17:25:00,0.43454665,11.86
2026-03-30 17:30:00,0.4347406,11.9
2026-03-30 17:35:00,0.43481818,11.82
2026-03-30 17:40:00,0.43458544,11.8
2026-03-30 17:45:00,0.43446907,11.8
2026-03-30 17:50:00,0.43481818,11.8
2026-03-30 17:55:00,0.43477939,11.8
2026-03-30 18:00:00,0.43470181,11.8
2026-03-30 18:05:00,0.43489576,11.8
2026-03-30 18:10:00,0.43505092,11.8
2026-03-30 18:15:00,0.43481818,11.8
2026-03-30 18:20:00,0.43508971,11.8
2026-03-30 18:25:00,0.43508971,11.8
2026-03-30 18:30:00,0.43489576,11.8
2026-03-30 18:35:00,0.43505092,11.8
2026-03-30 18:40:00,0.4351285,11.8
2026-03-30 18:45:00,0.43501213,11.8
2026-03-30 18:50:00,0.4347406,11.8
2026-03-30 18:55:00,0.43516729,11.8
2026-03-30 19:00:00,0.43489576,11.8
2026-03-30 19:05:00,0.43524487,11.8
2026-03-30 19:10:00,0.43493455,11.8
2026-03-30 19:15:00,0.43493455,11.8
2026-03-30 19:20:00,0.43489576,11.8
2026-03-30 19:25:00,0.43493455,11.8
2026-03-30 19:30:00,0.4347406,11.8
2026-03-30 19:35:00,0.43524487,11.8
2026-03-30 19:40:00,0.43524487,11.74
2026-03-30 19:45:00,0.43489576,11.7
2026-03-30 19:50:00,0.43493455,11.7
2026-03-30 19:55:00,0.43505092,11.7
2026-03-30 20:00:00,0.43497334,11.7
2026-03-30 20:05:00,0.43470181,11.7
2026-03-30 20:10:00,0.43497334,11.7
2026-03-30 20:15:00,0.43501213,11.7
2026-03-30 20:20:00,0.43520608,11.7
2026-03-30 20:25:00,0.43481818,11.7
2026-03-30 20:30:00,0.43520608,11.7
2026-03-30 20:35:00,0.43497334,11.7
2026-03-30 20:40:00,0.43528366,11.7
2026-03-30 20:45:00,0.43528366,11.7
2026-03-30 20:50:00,0.43505092,11.7
2026-03-30 20:55:00,0.43516729,11.7
2026-03-30 21:00:00,0.43505092,11.64
2026-03-30 21:05:00,0.43528366,11.6
2026-03-30 21:10:00,0.43508971,11.6
2026-03-30 21:15:00,0.43571035,11.6
2026-03-30 21:20:00,0.43520608,11.6
2026-03-30 21:25:00,0.43555519,11.6
2026-03-30 21:30:00,0.43540003,11.6
2026-03-30 21:35:00,0.43532245,11.5
2026-03-30 21:40:00,0.43555519,11.5
2026-03-30 21:45:00,0.43547761,11.5
2026-03-30 21:50:00,0.43516729,11.5
2026-03-30 21:55:00,0.43574914,11.5
2026-03-30 22:00:00,0.43501213,11.5
2026-03-30 22:05:00,0.43547761,11.5
2026-03-30 22:10:00,0.43540003,11.5
2026-03-30 22:15:00,0.4355164,11.4
2026-03-30 22:20:00,0.43543882,11.4
2026-03-30 22:25:00,0.43567156,11.4
2026-03-30 22:30:00,0.43555519,11.4
2026-03-30 22:35:00,0.4355164,11.4
2026-03-30 22:40:00,0.43505092,11.4
2026-03-30 22:45:00,0.43536124,11.4
2026-03-30 22:50:00,0.4351285,11.4
2026-03-30 22:55:00,0.43493455,11.42
2026-03-30 23:00:00,0.43528366,11.48
2026-03-30 23:05:00,0.43524487,11.5
2026-03-30 23:10:00,0.43547761,11.5
2026-03-30 23:15:00,0.43516729,11.5
2026-03-30 23:20:00,0.43505092,11.5
2026-03-30 23:25:00,0.43508971,11.5
2026-03-30 23:30:00,0.43505092,11.52
2026-03-30 23:35:00,0.43524487,11.6
2026-03-30 23:40:00,0.43520608,11.6
2026-03-30 23:45:00,0.43520608,11.6
2026-03-30 23:50:00,0.43528366,11.7
2026-03-30 23:55:00,0.43516729,11.7
2026-03-31 00:00:00,0.4347406,11.76
2026-03-31 00:05:00,0.43524487,11.8
2026-03-31 00:10:00,0.43489576,11.84
2026-03-31 00:15:00,0.43481818,11.9
2026-03-31 00:20:00,0.43470181,11.94
2026-03-31 00:25:00,0.43501213,12.0
2026-03-31 00:30:00,0.43462423,12.04
2026-03-31 00:35:00,0.43485697,12.1
2026-03-31 00:40:00,0.43481818,12.16
2026-03-31 00:45:00,0.43477939,12.2
2026-03-31 00:50:00,0.43477939,12.3
2026-03-31 00:55:00,0.43477939,12.34
2026-03-31 01:00:00,0.43508971,12.4
2026-03-31 01:05:00,0.43489576,12.5
2026-03-31 01:10:00,0.4347406,12.52
2026-03-31 01:15:00,0.43489576,12.6
2026-03-31 01:20:00,0.43485697,12.64
2026-03-31 01:25:00,0.43481818,12.7
2026-03-31 01:30:00,0.43446907,12.76
2026-03-31 01:35:00,0.43446907,12.84
2026-03-31 01:40:00,0.43450786,12.92
2026-03-31 01:45:00,0.43450786,13.02
2026-03-31 01:50:00,0.4343527,13.14
2026-03-31 01:55:00,0.43431391,13.26
2026-03-31 02:00:00,0.43400359,13.38
2026-03-31 02:05:00,0.43423633,13.52
2026-03-31 02:10:00,0.43264594,13.66
2026-03-31 02:15:00,0.43218046,13.8
2026-03-31 02:20:00,0.43225804,13.94
2026-03-31 02:25:00,0.43206409,14.06
2026-03-31 02:30:00,0.43198651,14.22
2026-03-31 02:35:00,0.43183135,14.34
2026-03-31 02:40:00,0.43187014,14.48
2026-03-31 02:45:00,0.43179256,14.62
2026-03-31 02:50:00,0.43171498,14.72
2026-03-31 02:55:00,0.4316374,14.82
2026-03-31 03:00:00,0.43167619,14.92
2026-03-31 03:05:00,0.43152103,15.04
2026-03-31 03:10:00,0.43144345,15.16
2026-03-31 03:15:00,0.43132708,15.3
2026-03-31 03:20:00,0.4312495,15.46
2026-03-31 03:25:00,0.43105555,15.6
2026-03-31 03:30:00,0.43090039,15.76
2026-03-31 03:35:00,0.43078402,15.92
2026-03-31 03:40:00,0.43082281,16.06
2026-03-31 03:45:00,0.43070644,16.24
2026-03-31 03:50:00,0.43062886,16.36
2026-03-31 03:55:00,0.43059007,16.52
2026-03-31 04:00:00,0.4304737,16.66
2026-03-31 04:05:00,0.43024096,16.84
2026-03-31 04:10:00,0.43016338,17.0
2026-03-31 04:15:00,0.42993064,17.16
2026-03-31 04:20:00,0.42996943,17.34
2026-03-31 04:25:00,0.42996943,17.5
2026-03-31 04:30:00,0.43000822,17.66
2026-03-31 04:35:00,0.42985306,17.82
2026-03-31 04:40:00,0.42958153,17.94
2026-03-31 04:45:00,0.42927121,18.06
2026-03-31 04:50:00,0.42931,18.18
2026-03-31 04:55:00,0.42903847,18.28
2026-03-31 05:00:00,0.42849541,18.38
2026-03-31 05:05:00,0.42841783,18.48
2026-03-31 05:10:00,0.42834025,18.52
2026-03-31 05:15:00,0.42826267,18.6
2026-03-31 05:20:00,0.4281463,18.66
2026-03-31 05:25:00,0.42822388,18.7
2026-03-31 05:30:00,0.42810751,18.7
2026-03-31 05:35:00,0.42806872,18.8
2026-03-31 05:40:00,0.4281463,18.8
2026-03-31 05:45:00,0.42806872,18.8
2026-03-31 05:50:00,0.42795235,18.8
2026-03-31 05:55:00,0.42806872,18.84
2026-03-31 06:00:00,0.42806872,18.9
2026-03-31 06:05:00,0.42783598,18.9
2026-03-31 06:10:00,0.42795235,18.9
2026-03-31 06:15:00,0.42787477,18.9
2026-03-31 06:20:00,0.42791356,18.9
2026-03-31 06:25:00,0.42791356,18.9
2026-03-31 06:30:00,0.42787477,18.9
2026-03-31 06:35:00,0.42802993,18.9
2026-03-31 06:40:00,0.42787477,18.9
2026-03-31 06:45:00,0.42795235,18.9
2026-03-31 06:50:00,0.42791356,18.86
2026-03-31 06:55:00,0.42783598,18.8
2026-03-31 07:00:00,0.42779719,18.8
2026-03-31 07:05:00,0.42609043,18.8
2026-03-31 07:10:00,0.42473278,18.76
2026-03-31 07:15:00,0.42469399,18.7
2026-03-31 07:20:00,0.42477157,18.7
2026-03-31 07:25:00,0.42481036,18.66
2026-03-31 07:30:00,0.42484915,18.6
2026-03-31 07:35:00,0.42477157,18.6
2026-03-31 07:40:00,0.42481036,18.56
2026-03-31 07:45:00,0.42496552,18.5
2026-03-31 07:50:00,0.42496552,18.5
2026-03-31 07:55:00,0.42539221,18.46
2026-03-31 08:00:00,0.42539221,18.4
2026-03-31 08:05:00,0.42527584,18.4
2026-03-31 08:10:00,0.42585769,18.3
2026-03-31 08:15:00,0.4258189,18.3
2026-03-31 08:20:00,0.42585769,18.2
2026-03-31 08:25:00,0.42578011,18.2
2026-03-31 08:30:00,0.42578011,18.1
2026-03-31 08:35:00,0.42589648,18.1
2026-03-31 08:40:00,0.42593527,18.0
2026-03-31 08:45:00,0.42609043,17.98
2026-03-31 08:50:00,0.42605164,17.9
2026-03-31 08:55:00,0.42570253,17.86
2026-03-31 09:00:00,0.42585769,17.8
2026-03-31 09:05:00,0.42597406,17.74
2026-03-31 09:10:00,0.42589648,17.7
2026-03-31 09:15:00,0.42574132,17.6
2026-03-31 09:20:00,0.42585769,17.56
2026-03-31 09:25:00,0.42593527,17.5
2026-03-31 09:30:00,0.42605164,17.4
2026-03-31 09:35:00,0.42589648,17.36
2026-03-31 09:40:00,0.42601285,17.3
2026-03-31 09:45:00,0.42597406,17.2
2026-03-31 09:50:00,0.42605164,17.14
2026-03-31 09:55:00,0.42597406,17.08
2026-03-31 10:00:00,0.42609043,17.0
2026-03-31 10:05:00,0.42636196,16.92
2026-03-31 10:10:00,0.42632317,16.86
2026-03-31 10:15:00,0.42636196,16.8
2026-03-31 10:20:00,0.42647833,16.7
2026-03-31 10:25:00,0.42640075,16.64
2026-03-31 10:30:00,0.42647833,16.58
2026-03-31 10:35:00,0.42663349,16.5
2026-03-31 10:40:00,0.42667228,16.42
2026-03-31 10:45:00,0.42671107,16.38
2026-03-31 10:50:00,0.42640075,16.3
2026-03-31 10:55:00,0.42628438,16.24
2026-03-31 11:00:00,0.42636196,16.2
2026-03-31 11:05:00,0.42636196,16.12
2026-03-31 11:10:00,0.42624559,16.1
2026-03-31 11:15:00,0.42636196,16.0
2026-03-31 11:20:00,0.42632317,15.96
2026-03-31 11:25:00,0.42643954,15.9
2026-03-31 11:30:00,0.42651712,15.84
2026-03-31 11:35:00,0.4265947,15.8
2026-03-31 11:40:00,0.42647833,15.74
2026-03-31 11:45:00,0.4265947,15.7
2026-03-31 11:50:00,0.42667228,15.64
2026-03-31 11:55:00,0.42663349,15.6
2026-03-31 12:00:00,0.42667228,15.56
2026-03-31 12:05:00,0.42674986,15.5
2026-03-31 12:10:00,0.42678865,15.48
2026-03-31 12:15:00,0.42678865,15.4
2026-03-31 12:20:00,0.42686623,15.4
2026-03-31 12:25:00,0.42686623,15.32
2026-03-31 12:30:00,0.42682744,15.3
2026-03-31 12:35:00,0.42686623,15.3
2026-03-31 12:40:00,0.42682744,15.2
2026-03-31 12:45:00,0.42682744,15.2
2026-03-31 12:50:00,0.42682744,15.18
2026-03-31 12:55:00,0.42682744,15.1
2026-03-31 13:00:00,0.42682744,15.1
2026-03-31 13:05:00,0.42671107,15.02
2026-03-31 13:10:00,0.42674986,15.0
2026-03-31 13:15:00,0.42671107,14.96
2026-03-31 13:20:00,0.42682744,14.9
2026-03-31 13:25:00,0.42678865,14.88
2026-03-31 13:30:00,0.42690502,14.8
2026-03-31 13:35:00,0.4269826,14.8
2026-03-31 13:40:00,0.42694381,14.72
2026-03-31 13:45:00,0.42702139,14.7
2026-03-31 13:50:00,0.42702139,14.64
2026-03-31 13:55:00,0.42709897,14.6
2026-03-31 14:00:00,0.42725413,14.56
2026-03-31 14:05:00,0.42721534,14.5
2026-03-31 14:10:00,0.42733171,14.5
2026-03-31 14:15:00,0.42740929,14.4
2026-03-31 14:20:00,0.42748687,14.4
2026-03-31 14:25:00,0.42752566,14.32
2026-03-31 14:30:00,0.42744808,14.3
2026-03-31 14:35:00,0.42760324,14.28
2026-03-31 14:40:00,0.42760324,14.2
2026-03-31 14:45:00,0.42764203,14.2
2026-03-31 14:50:00,0.42771961,14.14
2026-03-31 14:55:00,0.42764203,14.1
2026-03-31 15:00:00,0.42764203,14.08
2026-03-31 15:05:00,0.42764203,14.0
2026-03-31 15:10:00,0.42764203,14.0
2026-03-31 15:15:00,0.42779719,13.94
2026-03-31 15:20:00,0.42771961,13.9
2026-03-31 15:25:00,0.42764203,13.9
2026-03-31 15:30:00,0.4277584,13.82
2026-03-31 15:35:00,0.42787477,13.8
2026-03-31 15:40:00,0.42756445,13.8
2026-03-31 15:45:00,0.42783598,13.7
2026-03-31 15:50:00,0.42771961,13.7
2026-03-31 15:55:00,0.42806872,13.68
2026-03-31 16:00:00,0.42799114,13.6
2026-03-31 16:05:00,0.42810751,13.6
2026-03-31 16:10:00,0.42818509,13.56
2026-03-31 16:15:00,0.42826267,13.5
2026-03-31 16:20:00,0.42818509,13.5
2026-03-31 16:25:00,0.42818509,13.46
2026-03-31 16:30:00,0.42830146,13.4
2026-03-31 16:35:00,0.42834025,13.4
2026-03-31 16:40:00,0.42826267,13.38
2026-03-31 16:45:00,0.42810751,13.3
2026-03-31 16:50:00,0.4281463,13.3
2026-03-31 16:55:00,0.42834025,13.3
2026-03-31 17:00:00,0.42837904,13.2
2026-03-31 17:05:00,0.42810751,13.2
2026-03-31 17:10:00,0.42837904,13.2
2026-03-31 17:15:00,0.42834025,13.16
2026-03-31 17:20:00,0.42834025,13.1
2026-03-31 17:25:00,0.42834025,13.1
2026-03-31 17:30:00,0.42830146,13.1
2026-03-31 17:35:00,0.42834025,13.08
2026-03-31 17:40:00,0.42837904,13.0
2026-03-31 17:45:00,0.42830146,13.0
2026-03-31 17:50:00,0.42802993,13.0
2026-03-31 17:55:00,0.42830146,13.0
2026-03-31 18:00:00,0.42841783,13.0
2026-03-31 18:05:00,0.42818509,12.96
2026-03-31 18:10:00,0.42841783,12.9
2026-03-31 18:15:00,0.42837904,12.9
2026-03-31 18:20:00,0.42826267,12.9
2026-03-31 18:25:00,0.42818509,12.9
2026-03-31 18:30:00,0.42834025,12.9
2026-03-31 18:35:00,0.42810751,12.9
2026-03-31 18:40:00,0.42837904,12.88
2026-03-31 18:45:00,0.42841783,12.8
2026-03-31 18:50:00,0.42806872,12.8
2026-03-31 18:55:00,0.42830146,12.8
2026-03-31 19:00:00,0.42837904,12.8
2026-03-31 19:05:00,0.42849541,12.8
2026-03-31 19:10:00,0.42830146,12.8
2026-03-31 19:15:00,0.42818509,12.78
2026-03-31 19:20:00,0.42806872,12.7
2026-03-31 19:25:00,0.42810751,12.7
2026-03-31 19:30:00,0.42834025,12.7
2026-03-31 19:35:00,0.42810751,12.7
2026-03-31 19:40:00,0.42841783,12.64
2026-03-31 19:45:00,0.42822388,12.6
2026-03-31 19:50:00,0.42830146,12.6
2026-03-31 19:55:00,0.42810751,12.6
2026-03-31 20:00:00,0.42845662,12.6
2026-03-31 20:05:00,0.4281463,12.52
2026-03-31 20:10:00,0.42795235,12.5
2026-03-31 20:15:00,0.42783598,12.5
2026-03-31 20:20:00,0.42837904,12.5
2026-03-31 20:25:00,0.42822388,12.5
2026-03-31 20:30:00,0.4281463,12.44
2026-03-31 20:35:00,0.42822388,12.4
2026-03-31 20:40:00,0.42771961,12.4
2026-03-31 20:45:00,0.42768082,12.4
2026-03-31 20:50:00,0.42783598,12.4
2026-03-31 20:55:00,0.4281463,12.3
2026-03-31 21:00:00,0.42802993,12.3
2026-03-31 21:05:00,0.42837904,12.3
2026-03-31 21:10:00,0.42834025,12.3
2026-03-31 21:15:00,0.42760324,12.3
2026-03-31 21:20:00,0.42768082,12.24
2026-03-31 21:25:00,0.42806872,12.2
2026-03-31 21:30:00,0.42787477,12.2
2026-03-31 21:35:00,0.42760324,12.2
2026-03-31 21:40:00,0.42818509,12.2
2026-03-31 21:45:00,0.42779719,12.2
2026-03-31 21:50:00,0.42764203,12.2
2026-03-31 21:55:00,0.42806872,12.2
2026-03-31 22:00:00,0.42779719,12.2
2026-03-31 22:05:00,0.42795235,12.2
2026-03-31 22:10:00,0.42802993,12.2
2026-03-31 22:15:00,0.42802993,12.16
2026-03-31 22:20:00,0.42822388,12.1
2026-03-31 22:25:00,0.42822388,12.1
2026-03-31 22:30:00,0.42826267,12.1
2026-03-31 22:35:00,0.42822388,12.1
2026-03-31 22:40:00,0.42783598,12.1
2026-03-31 22:45:00,0.42771961,12.1
2026-03-31 22:50:00,0.42779719,12.1
2026-03-31 22:55:00,0.42791356,12.1
2026-03-31 23:00:00,0.42806872,12.1
2026-03-31 23:05:00,0.42795235,12.1
2026-03-31 23:10:00,0.42795235,12.14
2026-03-31 23:15:00,0.42783598,12.2
2026-03-31 23:20:00,0.42818509,12.2
2026-03-31 23:25:00,0.4277584,12.2
2026-03-31 23:30:00,0.42806872,12.2
2026-03-31 23:35:00,0.42795235,12.2
2026-03-31 23:40:00,0.42810751,12.28
2026-03-31 23:45:00,0.42791356,12.3
2026-03-31 23:50:00,0.42787477,12.3
2026-03-31 23:55:00,0.42779719,12.34
2026-04-01 00:00:00,0.42799114,12.4
2026-04-01 00:05:00,0.42783598,12.4
2026-04-01 00:10:00,0.42795235,12.44
2026-04-01 00:15:00,0.42818509,12.5
2026-04-01 00:20:00,0.42779719,12.5
2026-04-01 00:25:00,0.42686623,12.58
2026-04-01 00:30:00,0.42651712,12.6
2026-04-01 00:35:00,0.42663349,12.6
2026-04-01 00:40:00,0.42651712,12.66
2026-04-01 00:45:00,0.42651712,12.7
2026-04-01 00:50:00,0.42624559,12.7
2026-04-01 00:55:00,0.42593527,12.76
2026-04-01 01:00:00,0.4262068,12.8
2026-04-01 01:05:00,0.42597406,12.8
2026-04-01 01:10:00,0.42612922,12.9
2026-04-01 01:15:00,0.42574132,12.9
2026-04-01 01:20:00,0.42574132,12.98
2026-04-01 01:25:00,0.42578011,13.0
2026-04-01 01:30:00,0.42566374,13.08
2026-04-01 01:35:00,0.42562495,13.1
2026-04-01 01:40:00,0.42550858,13.16
2026-04-01 01:45:00,0.42531463,13.2
2026-04-01 01:50:00,0.42558616,13.22
2026-04-01 01:55:00,0.425431,13.3
2026-04-01 02:00:00,0.42481036,13.3
2026-04-01 02:05:00,0.42496552,13.4
2026-04-01 02:10:00,0.42481036,13.4
2026-04-01 02:15:00,0.42477157,13.44
2026-04-01 02:20:00,0.4246552,13.5
2026-04-01 02:25:00,0.4246552,13.52
2026-04-01 02:30:00,0.42461641,13.6
2026-04-01 02:35:00,0.42453883,13.64
2026-04-01 02:40:00,0.42453883,13.7
2026-04-01 02:45:00,0.42446125,13.78
2026-04-01 02:50:00,0.42450004,13.84
2026-04-01 02:55:00,0.42434488,13.9
2026-04-01 03:00:00,0.42418972,14.0
2026-04-01 03:05:00,0.42411214,14.08
2026-04-01 03:10:00,0.42403456,14.16
2026-04-01 03:15:00,0.42395698,14.24
2026-04-01 03:20:00,0.42403456,14.32
2026-04-01 03:25:00,0.42380182,14.4
2026-04-01 03:30:00,0.42380182,14.5
2026-04-01 03:35:00,0.42356908,14.58
2026-04-01 03:40:00,0.4234915,14.64
2026-04-01 03:45:00,0.4234915,14.7
2026-04-01 03:50:00,0.42333634,14.78
2026-04-01 03:55:00,0.42341392,14.8
2026-04-01 04:00:00,0.42329755,14.88
2026-04-01 04:05:00,0.42333634,14.9
2026-04-01 04:10:00,0.42329755,14.98
2026-04-01 04:15:00,0.42321997,15.0
2026-04-01 04:20:00,0.42314239,15.06
2026-04-01 04:25:00,0.4231036,15.1
2026-04-01 04:30:00,0.4231036,15.1
2026-04-01 04:35:00,0.42314239,15.14
2026-04-01 04:40:00,0.42302602,15.2
2026-04-01 04:45:00,0.42302602,15.2
2026-04-01 04:50:00,0.42290965,15.2
2026-04-01 04:55:00,0.42298723,15.2
2026-04-01 05:00:00,0.42294844,15.22
2026-04-01 05:05:00,0.42306481,15.3
2026-04-01 05:10:00,0.42290965,15.3
2026-04-01 05:15:00,0.42294844,15.3
2026-04-01 05:20:00,0.42283207,15.3
2026-04-01 05:25:00,0.42275449,15.3
2026-04-01 05:30:00,0.42256054,15.32
2026-04-01 05:35:00,0.42256054,15.4
2026-04-01 05:40:00,0.42248296,15.4
2026-04-01 05:45:00,0.42248296,15.4
2026-04-01 05:50:00,0.42228901,15.4
2026-04-01 05:55:00,0.4223278,15.46
2026-04-01 06:00:00,0.42221143,15.5
2026-04-01 06:05:00,0.42221143,15.5
2026-04-01 06:10:00,0.42205627,15.5
2026-04-01 06:15:00,0.42205627,15.54
2026-04-01 06:20:00,0.4219399,15.6
2026-04-01 06:25:00,0.42190111,15.6
2026-04-01 06:30:00,0.42186232,15.6
2026-04-01 06:35:00,0.4219399,15.6
2026-04-01 06:40:00,0.42190111,15.7
2026-04-01 06:45:00,0.42186232,15.7
2026-04-01 06:50:00,0.42182353,15.7
2026-04-01 06:55:00,0.42186232,15.7
2026-04-01 07:00:00,0.42178474,15.7
2026-04-01 07:05:00,0.42178474,15.7
2026-04-01 07:10:00,0.42170716,15.76
2026-04-01 07:15:00,0.42162958,15.8
2026-04-01 07:20:00,0.42159079,15.8
2026-04-01 07:25:00,0.42174595,15.8
2026-04-01 07:30:00,0.42166837,15.8
2026-04-01 07:35:00,0.4219399,15.8
2026-04-01 07:40:00,0.42256054,15.8
2026-04-01 07:45:00,0.42263812,15.8
2026-04-01 07:50:00,0.4227157,15.8
2026-04-01 07:55:00,0.42259933,15.8
2026-04-01 08:00:00,0.42279328,15.8
2026-04-01 08:05:00,0.42267691,15.8
2026-04-01 08:10:00,0.42263812,15.8
2026-04-01 08:15:00,0.42259933,15.7
2026-04-01 08:20:00,0.42259933,15.7
2026-04-01 08:25:00,0.42263812,15.7
2026-04-01 08:30:00,0.42259933,15.7
2026-04-01 08:35:00,0.42263812,15.66
2026-04-01 08:40:00,0.42259933,15.6
2026-04-01 08:45:00,0.42259933,15.6
2026-04-01 08:50:00,0.42267691,15.58
2026-04-01 08:55:00,0.42275449,15.5
2026-04-01 09:00:00,0.42279328,15.5
2026-04-01 09:05:00,0.42279328,15.46
2026-04-01 09:10:00,0.42275449,15.4
2026-04-01 09:15:00,0.42283207,15.4
2026-04-01 09:20:00,0.42290965,15.3
2026-04-01 09:25:00,0.42263812,15.3
2026-04-01 09:30:00,0.42275449,15.24
2026-04-01 09:35:00,0.4227157,15.2
2026-04-01 09:40:00,0.42263812,15.2
2026-04-01 09:45:00,0.4227157,15.1
2026-04-01 09:50:00,0.42267691,15.1
2026-04-01 09:55:00,0.42275449,15.02
2026-04-01 10:00:00,0.42287086,15.0
2026-04-01 10:05:00,0.42151321,14.92
2026-04-01 10:10:00,0.42100894,14.9
2026-04-01 10:15:00,0.42100894,14.8
2026-04-01 10:20:00,0.42108652,14.8
2026-04-01 10:25:00,0.42112531,14.7
2026-04-01 10:30:00,0.42112531,14.68
2026-04-01 10:35:00,0.42120289,14.6
2026-04-01 10:40:00,0.42131926,14.58
2026-04-01 10:45:00,0.42139684,14.5
2026-04-01 10:50:00,0.42135805,14.48
2026-04-01 10:55:00,0.42135805,14.4
2026-04-01 11:00:00,0.42139684,14.36
2026-04-01 11:05:00,0.42135805,14.3
2026-04-01 11:10:00,0.42112531,14.26
2026-04-01 11:15:00,0.42112531,14.2
2026-04-01 11:20:00,0.4211641,14.18
2026-04-01 11:25:00,0.4211641,14.1
2026-04-01 11:30:00,0.42128047,14.1
2026-04-01 11:35:00,0.42131926,14.0
2026-04-01 11:40:00,0.42131926,14.0
2026-04-01 11:45:00,0.42131926,13.9
2026-04-01 11:50:00,0.42143563,13.9
2026-04-01 11:55:00,0.42135805,13.82
2026-04-01 12:00:00,0.42147442,13.8
2026-04-01 12:05:00,0.42147442,13.72
2026-04-01 12:10:00,0.42131926,13.7
2026-04-01 12:15:00,0.42139684,13.62
2026-04-01 12:20:00,0.42159079,13.6
2026-04-01 12:25:00,0.42143563,13.52
2026-04-01 12:30:00,0.42139684,13.5
2026-04-01 12:35:00,0.421552,13.44
2026-04-01 12:40:00,0.42139684,13.4
2026-04-01 12:45:00,0.42139684,13.34
2026-04-01 12:50:00,0.42162958,13.3
2026-04-01 12:55:00,0.42143563,13.2
2026-04-01 13:00:00,0.42159079,13.2
2026-04-01 13:05:00,0.42178474,13.1
2026-04-01 13:10:00,0.42205627,13.08
2026-04-01 13:15:00,0.42174595,13.0
2026-04-01 13:20:00,0.42205627,12.96
2026-04-01 13:25:00,0.42205627,12.9
2026-04-01 13:30:00,0.4223278,12.86
2026-04-01 13:35:00,0.42225022,12.8
2026-04-01 13:40:00,0.42252175,12.74
2026-04-01 13:45:00,0.42244417,12.7
2026-04-01 13:50:00,0.42267691,12.66
2026-04-01 13:55:00,0.42252175,12.6
2026-04-01 14:00:00,0.4227157,12.56
2026-04-01 14:05:00,0.42283207,12.5
2026-04-01 14:10:00,0.4227157,12.48
2026-04-01 14:15:00,0.42244417,12.4
2026-04-01 14:20:00,0.42240538,12.38
2026-04-01 14:25:00,0.42240538,12.3
2026-04-01 14:30:00,0.42259933,12.28
2026-04-01 14:35:00,0.42225022,12.2
2026-04-01 14:40:00,0.42248296,12.18
2026-04-01 14:45:00,0.42287086,12.1
2026-04-01 14:50:00,0.42252175,12.08
2026-04-01 14:55:00,0.42236659,12.0
2026-04-01 15:00:00,0.4223278,12.0
2026-04-01 15:05:00,0.4223278,11.9
2026-04-01 15:10:00,0.42267691,11.9
2026-04-01 15:15:00,0.4227157,11.8
2026-04-01 15:20:00,0.42263812,11.8
2026-04-01 15:25:00,0.42244417,11.7
2026-04-01 15:30:00,0.42244417,11.7
2026-04-01 15:35:00,0.42275449,11.6
2026-04-01 15:40:00,0.42321997,11.6
2026-04-01 15:45:00,0.42275449,11.5
2026-04-01 15:50:00,0.4227157,11.5
2026-04-01 15:55:00,0.42290965,11.4
2026-04-01 16:00:00,0.42290965,11.38
2026-04-01 16:05:00,0.42306481,11.3
2026-04-01 16:10:00,0.42298723,11.28
2026-04-01 16:15:00,0.42318118,11.2
2026-04-01 16:20:00,0.42314239,11.2
2026-04-01 16:25:00,0.42329755,11.1
2026-04-01 16:30:00,0.42364666,11.1
2026-04-01 16:35:00,0.42318118,11.0
2026-04-01 16:40:00,0.42360787,11.0
2026-04-01 16:45:00,0.42337513,10.92
2026-04-01 16:50:00,0.42341392,10.9
2026-04-01 16:55:00,0.42302602,10.84
2026-04-01 17:00:00,0.42321997,10.8
2026-04-01 17:05:00,0.4231036,10.76
2026-04-01 17:10:00,0.42321997,10.7
2026-04-01 17:15:00,0.4227157,10.7
2026-04-01 17:20:00,0.42275449,10.6
2026-04-01 17:25:00,0.42283207,10.6
2026-04-01 17:30:00,0.42290965,10.52
2026-04-01 17:35:00,0.42275449,10.5
2026-04-01 17:40:00,0.42279328,10.44
2026-04-01 17:45:00,0.42259933,10.4
2026-04-01 17:50:00,0.42267691,10.4
2026-04-01 17:55:00,0.42306481,10.3
2026-04-01 18:00:00,0.42314239,10.3
2026-04-01 18:05:00,0.42275449,10.22
2026-04-01 18:10:00,0.42290965,10.2
2026-04-01 18:15:00,0.42298723,10.18
2026-04-01 18:20:00,0.42306481,10.1
2026-04-01 18:25:00,0.42321997,10.1
2026-04-01 18:30:00,0.4231036,10.04
2026-04-01 18:35:00,0.42325876,10.0
2026-04-01 18:40:00,0.42290965,10.0
2026-04-01 18:45:00,0.42314239,9.9
2026-04-01 18:50:00,0.42318118,9.9
2026-04-01 18:55:00,0.42306481,9.84
2026-04-01 19:00:00,0.4231036,9.8
2026-04-01 19:05:00,0.42287086,9.8
2026-04-01 19:10:00,0.42337513,9.7
2026-04-01 19:15:00,0.42283207,9.7
2026-04-01 19:20:00,0.4231036,9.68
2026-04-01 19:25:00,0.42314239,9.6
2026-04-01 19:30:00,0.42333634,9.6
2026-04-01 19:35:00,0.4231036,9.58
2026-04-01 19:40:00,0.42314239,9.5
2026-04-01 19:45:00,0.42325876,9.5
2026-04-01 19:50:00,0.42294844,9.46
2026-04-01 19:55:00,0.42321997,9.4
2026-04-01 20:00:00,0.42321997,9.4
2026-04-01 20:05:00,0.42364666,9.36
2026-04-01 20:10:00,0.42337513,9.3
2026-04-01 20:15:00,0.4231036,9.3
2026-04-01 20:20:00,0.42337513,9.28
2026-04-01 20:25:00,0.42353029,9.2
2026-04-01 20:30:00,0.42345271,9.2
2026-04-01 20:35:00,0.42337513,9.18
2026-04-01 20:40:00,0.42356908,9.1
2026-04-01 20:45:00,0.42333634,9.1
2026-04-01 20:50:00,0.42294844,9.1
2026-04-01 20:55:00,0.4231036,9.02
2026-04-01 21:00:00,0.42306481,9.0
2026-04-01 21:05:00,0.42325876,9.0
2026-04-01 21:10:00,0.42333634,8.94
2026-04-01 21:15:00,0.4231036,8.9
2026-04-01 21:20:00,0.42329755,8.9
2026-04-01 21:25:00,0.4231036,8.88
2026-04-01 21:30:00,0.42333634,8.8
2026-04-01 21:35:00,0.42341392,8.8
2026-04-01 21:40:00,0.42318118,8.8
2026-04-01 21:45:00,0.42306481,8.74
2026-04-01 21:50:00,0.42360787,8.7
2026-04-01 21:55:00,0.42325876,8.7
2026-04-01 22:00:00,0.42345271,8.7
2026-04-01 22:05:00,0.42345271,8.64
2026-04-01 22:10:00,0.42368545,8.6
2026-04-01 22:15:00,0.42356908,8.6
2026-04-01 22:20:00,0.4234915,8.6
2026-04-01 22:25:00,0.42314239,8.6
2026-04-01 22:30:00,0.42318118,8.58
2026-04-01 22:35:00,0.42356908,8.5
2026-04-01 22:40:00,0.42337513,8.5
2026-04-01 22:45:00,0.42318118,8.5
2026-04-01 22:50:00,0.42337513,8.5
2026-04-01 22:55:00,0.4234915,8.5
2026-04-01 23:00:00,0.42360787,8.5
2026-04-01 23:05:00,0.42372424,8.5
2026-04-01 23:10:00,0.42337513,8.56
2026-04-01 23:15:00,0.42337513,8.6
2026-04-01 23:20:00,0.4231036,8.6
2026-04-01 23:25:00,0.4234915,8.6
2026-04-01 23:30:00,0.42353029,8.6
2026-04-01 23:35:00,0.42290965,8.7
2026-04-01 23:40:00,0.42360787,8.7
2026-04-01 23:45:00,0.42302602,8.74
2026-04-01 23:50:00,0.4231036,8.8
2026-04-01 23:55:00,0.42318118,8.82
2026-04-02 00:00:00,0.42287086,8.9
2026-04-02 00:05:00,0.42298723,8.96
2026-04-02 00:10:00,0.42325876,9.0
2026-04-02 00:15:00,0.42318118,9.1
2026-04-02 00:20:00,0.42325876,9.16
2026-04-02 00:25:00,0.42337513,9.22
2026-04-02 00:30:00,0.42325876,9.3
2026-04-02 00:35:00,0.42314239,9.4
2026-04-02 00:40:00,0.4231036,9.5
2026-04-02 00:45:00,0.42256054,9.6
2026-04-02 00:50:00,0.42314239,9.7
2026-04-02 00:55:00,0.42267691,9.82
2026-04-02 01:00:00,0.42259933,9.94
2026-04-02 01:05:00,0.42248296,10.06
2026-04-02 01:10:00,0.42244417,10.18
2026-04-02 01:15:00,0.42197869,10.34
2026-04-02 01:20:00,0.42197869,10.46
2026-04-02 01:25:00,0.4219399,10.64
2026-04-02 01:30:00,0.42197869,10.78
2026-04-02 01:35:00,0.42201748,10.94
2026-04-02 01:40:00,0.42151321,11.1
2026-04-02 01:45:00,0.42147442,11.26
2026-04-02 01:50:00,0.42143563,11.46
2026-04-02 01:55:00,0.42093136,11.64
2026-04-02 02:00:00,0.4207762,11.8
2026-04-02 02:05:00,0.42081499,11.98
2026-04-02 02:10:00,0.42062104,12.16
2026-04-02 02:15:00,0.42104773,12.36
2026-04-02 02:20:00,0.42058225,12.54
2026-04-02 02:25:00,0.42073741,12.74
2026-04-02 02:30:00,0.42058225,12.94
2026-04-02 02:35:00,0.42050467,13.12
2026-04-02 02:40:00,0.42046588,13.32
2026-04-02 02:45:00,0.42023314,13.54
2026-04-02 02:50:00,0.42015556,13.74
2026-04-02 02:55:00,0.41996161,13.94
2026-04-02 03:00:00,0.41988403,14.12
2026-04-02 03:05:00,0.41972887,14.32
2026-04-02 03:10:00,0.41957371,14.52
2026-04-02 03:15:00,0.41945734,14.7
2026-04-02 03:20:00,0.41937976,14.9
2026-04-02 03:25:00,0.41895307,15.08
2026-04-02 03:30:00,0.41891428,15.26
2026-04-02 03:35:00,0.4188367,15.44
2026-04-02 03:40:00,0.41868154,15.6
2026-04-02 03:45:00,0.41856517,15.76
2026-04-02 03:50:00,0.41833243,15.94
2026-04-02 03:55:00,0.41821606,16.1
2026-04-02 04:00:00,0.41809969,16.26
2026-04-02 04:05:00,0.41782816,16.44
2026-04-02 04:10:00,0.41771179,16.6
2026-04-02 04:15:00,0.41771179,16.76
2026-04-02 04:20:00,0.41751784,16.9
2026-04-02 04:25:00,0.41740147,17.06
2026-04-02 04:30:00,0.41724631,17.2
2026-04-02 04:35:00,0.41693599,17.34
2026-04-02 04:40:00,0.41681962,17.5
2026-04-02 04:45:00,0.41631535,17.64
2026-04-02 04:50:00,0.41619898,17.76
2026-04-02 04:55:00,0.41600503,17.88
2026-04-02 05:00:00,0.41596624,17.98
2026-04-02 05:05:00,0.41588866,18.08
2026-04-02 05:10:00,0.4157335,18.12
2026-04-02 05:15:00,0.41565592,18.2
2026-04-02 05:20:00,0.41553955,18.2
2026-04-02 05:25:00,0.41542318,18.2
2026-04-02 05:30:00,0.41538439,18.24
2026-04-02 05:35:00,0.41526802,18.3
2026-04-02 05:40:00,0.41530681,18.3
2026-04-02 05:45:00,0.41515165,18.3
2026-04-02 05:50:00,0.41519044,18.3
2026-04-02 05:55:00,0.41507407,18.3
2026-04-02 06:00:00,0.41488012,18.3
2026-04-02 06:05:00,0.41484133,18.38
2026-04-02 06:10:00,0.41472496,18.4
2026-04-02 06:15:00,0.41480254,18.42
2026-04-02 06:20:00,0.41445343,18.5
2026-04-02 06:25:00,0.41433706,18.5
2026-04-02 06:30:00,0.41391037,18.58
2026-04-02 06:35:00,0.41375521,18.6
2026-04-02 06:40:00,0.41371642,18.6
2026-04-02 06:45:00,0.41371642,18.6
2026-04-02 06:50:00,0.41363884,18.6
2026-04-02 06:55:00,0.41383279,18.6
2026-04-02 07:00:00,0.41356126,18.58
2026-04-02 07:05:00,0.41375521,18.5
2026-04-02 07:10:00,0.41406553,18.5
2026-04-02 07:15:00,0.41433706,18.4
2026-04-02 07:20:00,0.41441464,18.36
2026-04-02 07:25:00,0.41433706,18.3
2026-04-02 07:30:00,0.41437585,18.2
2026-04-02 07:35:00,0.41441464,18.16
2026-04-02 07:40:00,0.41445343,18.1
2026-04-02 07:45:00,0.41445343,18.0
2026-04-02 07:50:00,0.41453101,17.94
2026-04-02 07:55:00,0.41449222,17.9
2026-04-02 08:00:00,0.41449222,17.8
2026-04-02 08:05:00,0.41445343,17.74
2026-04-02 08:10:00,0.41449222,17.7
2026-04-02 08:15:00,0.41453101,17.6
2026-04-02 08:20:00,0.41449222,17.54
2026-04-02 08:25:00,0.41449222,17.5
2026-04-02 08:30:00,0.41468617,17.4
2026-04-02 08:35:00,0.41464738,17.34
2026-04-02 08:40:00,0.41460859,17.28
2026-04-02 08:45:00,0.41460859,17.2
2026-04-02 08:50:00,0.41464738,17.12
2026-04-02 08:55:00,0.41460859,17.06
2026-04-02 09:00:00,0.41468617,17.0
2026-04-02 09:05:00,0.41460859,16.9
2026-04-02 09:10:00,0.41472496,16.84
2026-04-02 09:15:00,0.41464738,16.78
2026-04-02 09:20:00,0.41476375,16.7
2026-04-02 09:25:00,0.41476375,16.62
2026-04-02 09:30:00,0.41476375,16.56
2026-04-02 09:35:00,0.41484133,16.5
2026-04-02 09:40:00,0.41488012,16.4
2026-04-02 09:45:00,0.41484133,16.32
2026-04-02 09:50:00,0.41491891,16.26
2026-04-02 09:55:00,0.41491891,16.18
2026-04-02 10:00:00,0.4149577,16.1
2026-04-02 10:05:00,0.4149577,16.02
2026-04-02 10:10:00,0.4149577,15.94
2026-04-02 10:15:00,0.41507407,15.86
2026-04-02 10:20:00,0.41519044,15.78
2026-04-02 10:25:00,0.41519044,15.7
2026-04-02 10:30:00,0.41522923,15.6
2026-04-02 10:35:00,0.41519044,15.52
2026-04-02 10:40:00,0.41522923,15.44
2026-04-02 10:45:00,0.41530681,15.38
2026-04-02 10:50:00,0.41526802,15.3
2026-04-02 10:55:00,0.41542318,15.2
2026-04-02 11:00:00,0.41538439,15.14
2026-04-02 11:05:00,0.41546197,15.08
2026-04-02 11:10:00,0.41542318,15.0
2026-04-02 11:15:00,0.41542318,14.92
2026-04-02 11:20:00,0.41557834,14.86
2026-04-02 11:25:00,0.41550076,14.78
2026-04-02 11:30:00,0.41550076,14.7
2026-04-02 11:35:00,0.41553955,14.62
2026-04-02 11:40:00,0.41561713,14.56
2026-04-02 11:45:00,0.41565592,14.5
2026-04-02 11:50:00,0.41561713,14.42
2026-04-02 11:55:00,0.4157335,14.36
2026-04-02 12:00:00,0.41577229,14.3
2026-04-02 12:05:00,0.41577229,14.2
2026-04-02 12:10:00,0.41584987,14.16
2026-04-02 12:15:00,0.41581108,14.1
2026-04-02 12:20:00,0.4157335,14.02
2026-04-02 12:25:00,0.41588866,13.98
2026-04-02 12:30:00,0.41584987,13.9
2026-04-02 12:35:00,0.41592745,13.84
2026-04-02 12:40:00,0.41600503,13.8
2026-04-02 12:45:00,0.41584987,13.7
2026-04-02 12:50:00,0.41600503,13.68
2026-04-02 12:55:00,0.41608261,13.6
2026-04-02 13:00:00,0.41608261,13.54
2026-04-02 13:05:00,0.41604382,13.5
2026-04-02 13:10:00,0.41600503,13.42
2026-04-02 13:15:00,0.41616019,13.4
2026-04-02 13:20:00,0.41616019,13.3
2026-04-02 13:25:00,0.41616019,13.26
2026-04-02 13:30:00,0.41604382,13.2
2026-04-02 13:35:00,0.41627656,13.14
2026-04-02 13:40:00,0.41616019,13.1
2026-04-02 13:45:00,0.41635414,13.04
2026-04-02 13:50:00,0.41635414,13.0
2026-04-02 13:55:00,0.41635414,12.92
2026-04-02 14:00:00,0.41631535,12.9
2026-04-02 14:05:00,0.41631535,12.82
2026-04-02 14:10:00,0.41619898,12.8
2026-04-02 14:15:00,0.41627656,12.72
2026-04-02 14:20:00,0.41635414,12.7
2026-04-02 14:25:00,0.41639293,12.64
2026-04-02 14:30:00,0.41639293,12.6
2026-04-02 14:35:00,0.41631535,12.58
2026-04-02 14:40:00,0.41631535,12.5
2026-04-02 14:45:00,0.41635414,12.5
2026-04-02 14:50:00,0.41635414,12.5
2026-04-02 14:55:00,0.41616019,12.42
2026-04-02 15:00:00,0.41623777,12.4
2026-04-02 15:05:00,0.41627656,12.4
2026-04-02 15:10:00,0.4165093,12.4
2026-04-02 15:15:00,0.41619898,12.32
2026-04-02 15:20:00,0.41631535,12.3
2026-04-02 15:25:00,0.41639293,12.3
2026-04-02 15:30:00,0.41635414,12.3
2026-04-02 15:35:00,0.41623777,12.3
2026-04-02 15:40:00,0.41647051,12.24
2026-04-02 15:45:00,0.41616019,12.2
2026-04-02 15:50:00,0.41631535,12.2
2026-04-02 15:55:00,0.41588866,12.2
2026-04-02 16:00:00,0.41631535,12.2
2026-04-02 16:05:00,0.41584987,12.2
2026-04-02 16:10:00,0.41635414,12.2
2026-04-02 16:15:00,0.41631535,12.12
2026-04-02 16:20:00,0.41619898,12.1
2026-04-02 16:25:00,0.41627656,12.1
2026-04-02 16:30:00,0.41616019,12.1
2026-04-02 16:35:00,0.4165093,12.1
2026-04-02 16:40:00,0.41623777,12.1
2026-04-02 16:45:00,0.4161214,12.1
2026-04-02 16:50:00,0.41619898,12.1
2026-04-02 16:55:00,0.41616019,12.0
2026-04-02 17:00:00,0.41654809,12.0
2026-04-02 17:05:00,0.41623777,12.0
2026-04-02 17:10:00,0.41616019,12.0
2026-04-02 17:15:00,0.41639293,12.0
2026-04-02 17:20:00,0.41616019,12.0
2026-04-02 17:25:00,0.41608261,12.0
2026-04-02 17:30:00,0.41643172,12.0
2026-04-02 17:35:00,0.41623777,11.94
2026-04-02 17:40:00,0.41639293,11.9
2026-04-02 17:45:00,0.41627656,11.9
2026-04-02 17:50:00,0.41604382,11.9
2026-04-02 17:55:00,0.41600503,11.9
2026-04-02 18:00:00,0.41674204,11.9
2026-04-02 18:05:00,0.41619898,11.82
2026-04-02 18:10:00,0.41616019,11.8
2026-04-02 18:15:00,0.41639293,11.8
2026-04-02 18:20:00,0.41627656,11.8
2026-04-02 18:25:00,0.41619898,11.76
2026-04-02 18:30:00,0.41662567,11.7
2026-04-02 18:35:00,0.41623777,11.7
2026-04-02 18:40:00,0.41616019,11.7
2026-04-02 18:45:00,0.41619898,11.7
2026-04-02 18:50:00,0.41639293,11.62
2026-04-02 18:55:00,0.41623777,11.6
2026-04-02 19:00:00,0.41623777,11.6
2026-04-02 19:05:00,0.41639293,11.6
2026-04-02 19:10:00,0.4161214,11.6
2026-04-02 19:15:00,0.41600503,11.6
2026-04-02 19:20:00,0.41635414,11.5
2026-04-02 19:25:00,0.41654809,11.5
2026-04-02 19:30:00,0.41662567,11.5
2026-04-02 19:35:00,0.41647051,11.5
2026-04-02 19:40:00,0.41643172,11.5
2026-04-02 19:45:00,0.41654809,11.48
2026-04-02 19:50:00,0.41627656,11.4
2026-04-02 19:55:00,0.41670325,11.4
2026-04-02 20:00:00,0.41647051,11.4
2026-04-02 20:05:00,0.41666446,11.4
2026-04-02 20:10:00,0.41666446,11.4
2026-04-02 20:15:00,0.41658688,11.3
2026-04-02 20:20:00,0.41647051,11.3
2026-04-02 20:25:00,0.41631535,11.3
2026-04-02 20:30:00,0.41623777,11.3
2026-04-02 20:35:00,0.41631535,11.24
2026-04-02 20:40:00,0.41635414,11.2
2026-04-02 20:45:00,0.41662567,11.2
2026-04-02 20:50:00,0.4168972,11.2
2026-04-02 20:55:00,0.41662567,11.14
2026-04-02 21:00:00,0.41666446,11.1
2026-04-02 21:05:00,0.41685841,11.1
2026-04-02 21:10:00,0.41705236,11.1
2026-04-02 21:15:00,0.41639293,11.1
2026-04-02 21:20:00,0.41705236,11.0
2026-04-02 21:25:00,0.41709115,11.0
2026-04-02 21:30:00,0.41662567,11.0
2026-04-02 21:35:00,0.41685841,11.0
2026-04-02 21:40:00,0.41705236,11.0
2026-04-02 21:45:00,0.4165093,10.96
2026-04-02 21:50:00,0.41685841,10.9
2026-04-02 21:55:00,0.41709115,10.9
2026-04-02 22:00:00,0.41709115,10.9
2026-04-02 22:05:00,0.41693599,10.9
2026-04-02 22:10:00,0.41709115,10.9
2026-04-02 22:15:00,0.41681962,10.8
2026-04-02 22:20:00,0.41709115,10.8
2026-04-02 22:25:00,0.41670325,10.8
2026-04-02 22:30:00,0.41654809,10.8
2026-04-02 22:35:00,0.41693599,10.8
2026-04-02 22:40:00,0.41712994,10.8
2026-04-02 22:45:00,0.41720752,10.8
2026-04-02 22:50:00,0.41693599,10.8
2026-04-02 22:55:00,0.41693599,10.8
2026-04-02 23:00:00,0.41705236,10.8
2026-04-02 23:05:00,0.41685841,10.8
2026-04-02 23:10:00,0.41685841,10.8
2026-04-02 23:15:00,0.41697478,10.8
2026-04-02 23:20:00,0.41716873,10.8
2026-04-02 23:25:00,0.41693599,10.8
2026-04-02 23:30:00,0.41705236,10.82
2026-04-02 23:35:00,0.41693599,10.9
2026-04-02 23:40:00,0.41685841,10.9
2026-04-02 23:45:00,0.41705236,10.92
2026-04-02 23:50:00,0.41674204,11.0
2026-04-02 23:55:00,0.41705236,11.0
2026-04-03 00:00:00,0.41662567,11.1
2026-04-03 00:05:00,0.41627656,11.1
2026-04-03 00:10:00,0.41658688,11.2
2026-04-03 00:15:00,0.41643172,11.22
2026-04-03 00:20:00,0.41600503,11.3
2026-04-03 00:25:00,0.41616019,11.36
2026-04-03 00:30:00,0.41623777,11.42
2026-04-03 00:35:00,0.41631535,11.5
2026-04-03 00:40:00,0.41616019,11.58
2026-04-03 00:45:00,0.41619898,11.66
2026-04-03 00:50:00,0.4161214,11.74
2026-04-03 00:55:00,0.41600503,11.82
2026-04-03 01:00:00,0.41596624,11.92
2026-04-03 01:05:00,0.41592745,12.0
2026-04-03 01:10:00,0.4157335,12.12
2026-04-03 01:15:00,0.41561713,12.22
2026-04-03 01:20:00,0.41631535,12.34
2026-04-03 01:25:00,0.41600503,12.46
2026-04-03 01:30:00,0.41616019,12.58
2026-04-03 01:35:00,0.41604382,12.72
2026-04-03 01:40:00,0.41604382,12.84
2026-04-03 01:45:00,0.4157335,12.96
2026-04-03 01:50:00,0.41584987,13.1
2026-04-03 01:55:00,0.41577229,13.24
2026-04-03 02:00:00,0.41569471,13.38
2026-04-03 02:05:00,0.41561713,13.54
2026-04-03 02:10:00,0.41526802,13.68
2026-04-03 02:15:00,0.41538439,13.84
2026-04-03 02:20:00,0.41530681,14.0
2026-04-03 02:25:00,0.41526802,14.16
2026-04-03 02:30:00,0.41499649,14.34
2026-04-03 02:35:00,0.41499649,14.5
2026-04-03 02:40:00,0.41488012,14.66
2026-04-03 02:45:00,0.41480254,14.84
2026-04-03 02:50:00,0.41464738,15.0
2026-04-03 02:55:00,0.4145698,15.16
2026-04-03 03:00:00,0.41441464,15.34
2026-04-03 03:05:00,0.41429827,15.54
2026-04-03 03:10:00,0.41414311,15.7
2026-04-03 03:15:00,0.41410432,15.84
2026-04-03 03:20:00,0.41398795,15.98
2026-04-03 03:25:00,0.41394916,16.14
2026-04-03 03:30:00,0.41383279,16.24
2026-04-03 03:35:00,0.41383279,16.36
2026-04-03 03:40:00,0.41363884,16.46
2026-04-03 03:45:00,0.41363884,16.58
2026-04-03 03:50:00,0.41348368,16.68
2026-04-03 03:55:00,0.41344489,16.78
2026-04-03 04:00:00,0.41336731,16.88
2026-04-03 04:05:00,0.41336731,16.96
2026-04-03 04:10:00,0.41325094,17.04
2026-04-03 04:15:00,0.41317336,17.12
2026-04-03 04:20:00,0.4130182,17.2
2026-04-03 04:25:00,0.4130182,17.3
2026-04-03 04:30:00,0.4130182,17.36
2026-04-03 04:35:00,0.41290183,17.44
2026-04-03 04:40:00,0.41294062,17.5
2026-04-03 04:45:00,0.41278546,17.6
2026-04-03 04:50:00,0.41266909,17.68
2026-04-03 04:55:00,0.4126303,17.74
2026-04-03 05:00:00,0.41259151,17.8
2026-04-03 05:05:00,0.41247514,17.88
2026-04-03 05:10:00,0.41255272,17.92
2026-04-03 05:15:00,0.41247514,18.0
2026-04-03 05:20:00,0.41239756,18.02
2026-04-03 05:25:00,0.41228119,18.1
2026-04-03 05:30:00,0.41216482,18.12
2026-04-03 05:35:00,0.41220361,18.2
2026-04-03 05:40:00,0.41216482,18.2
2026-04-03 05:45:00,0.41208724,18.28
2026-04-03 05:50:00,0.41208724,18.3
2026-04-03 05:55:00,0.41189329,18.3
2026-04-03 06:00:00,0.41193208,18.4
2026-04-03 06:05:00,0.41197087,18.4
2026-04-03 06:10:00,0.41173813,18.4
2026-04-03 06:15:00,0.4118545,18.4
2026-04-03 06:20:00,0.41166055,18.4
2026-04-03 06:25:00,0.41162176,18.4
2026-04-03 06:30:00,0.41173813,18.4
2026-04-03 06:35:00,0.41166055,18.4
2026-04-03 06:40:00,0.41169934,18.36
2026-04-03 06:45:00,0.41177692,18.3
2026-04-03 06:50:00,0.41173813,18.3
2026-04-03 06:55:00,0.41166055,18.3
2026-04-03 07:00:00,0.41169934,18.24
2026-04-03 07:05:00,0.41173813,18.2
2026-04-03 07:10:00,0.41177692,18.2
2026-04-03 07:15:00,0.41169934,18.1
2026-04-03 07:20:00,0.41173813,18.1
2026-04-03 07:25:00,0.41162176,18.0
2026-04-03 07:30:00,0.41166055,17.98
2026-04-03 07:35:00,0.41177692,17.9
2026-04-03 07:40:00,0.41173813,17.84
2026-04-03 07:45:00,0.41169934,17.8
2026-04-03 07:50:00,0.4118545,17.7
2026-04-03 07:55:00,0.41177692,17.64
2026-04-03 08:00:00,0.41169934,17.6
2026-04-03 08:05:00,0.41173813,17.5
2026-04-03 08:10:00,0.41177692,17.46
2026-04-03 08:15:00,0.41181571,17.4
2026-04-03 08:20:00,0.41177692,17.3
2026-04-03 08:25:00,0.4118545,17.24
2026-04-03 08:30:00,0.41193208,17.18
2026-04-03 08:35:00,0.41181571,17.1
2026-04-03 08:40:00,0.41193208,17.02
2026-04-03 08:45:00,0.41197087,16.96
2026-04-03 08:50:00,0.4118545,16.88
2026-04-03 08:55:00,0.41197087,16.8
2026-04-03 09:00:00,0.41200966,16.72
2026-04-03 09:05:00,0.41204845,16.66
2026-04-03 09:10:00,0.41208724,16.6
2026-04-03 09:15:00,0.41200966,16.52
2026-04-03 09:20:00,0.41220361,16.48
2026-04-03 09:25:00,0.41216482,16.4
2026-04-03 09:30:00,0.4122424,16.34
2026-04-03 09:35:00,0.41220361,16.3
2026-04-03 09:40:00,0.41216482,16.2
2026-04-03 09:45:00,0.4122424,16.16
2026-04-03 09:50:00,0.41228119,16.1
2026-04-03 09:55:00,0.41231998,16.02
2026-04-03 10:00:00,0.41228119,16.0
2026-04-03 10:05:00,0.4122424,15.9
2026-04-03 10:10:00,0.41231998,15.86
2026-04-03 10:15:00,0.41231998,15.8
2026-04-03 10:20:00,0.41235877,15.74
2026-04-03 10:25:00,0.41243635,15.7
2026-04-03 10:30:00,0.41243635,15.64
2026-04-03 10:35:00,0.41247514,15.6
2026-04-03 10:40:00,0.41243635,15.54
2026-04-03 10:45:00,0.41239756,15.5
2026-04-03 10:50:00,0.41247514,15.46
2026-04-03 10:55:00,0.41251393,15.4
2026-04-03 11:00:00,0.41243635,15.38
2026-04-03 11:05:00,0.41251393,15.3
2026-04-03 11:10:00,0.4126303,15.3
2026-04-03 11:15:00,0.41259151,15.24
2026-04-03 11:20:00,0.4126303,15.2
2026-04-03 11:25:00,0.4126303,15.2
2026-04-03 11:30:00,0.41259151,15.18
2026-04-03 11:35:00,0.41266909,15.1
2026-04-03 11:40:00,0.41270788,15.1
2026-04-03 11:45:00,0.41270788,15.1
2026-04-03 11:50:00,0.41278546,15.0
2026-04-03 11:55:00,0.41270788,15.0
2026-04-03 12:00:00,0.41282425,15.0
2026-04-03 12:05:00,0.41278546,14.94
2026-04-03 12:10:00,0.41274667,14.9
2026-04-03 12:15:00,0.41290183,14.9
2026-04-03 12:20:00,0.41282425,14.9
2026-04-03 12:25:00,0.41286304,14.84
2026-04-03 12:30:00,0.41294062,14.8
2026-04-03 12:35:00,0.41294062,14.8
2026-04-03 12:40:00,0.41297941,14.8
2026-04-03 12:45:00,0.41294062,14.76
2026-04-03 12:50:00,0.41309578,14.7
2026-04-03 12:55:00,0.41321215,14.7
2026-04-03 13:00:00,0.41344489,14.7
2026-04-03 13:05:00,0.41360005,14.7
2026-04-03 13:10:00,0.41394916,14.64
2026-04-03 13:15:00,0.41433706,14.6
2026-04-03 13:20:00,0.41460859,14.6
2026-04-03 13:25:00,0.41499649,14.6
2026-04-03 13:30:00,0.41538439,14.6
2026-04-03 13:35:00,0.4157335,14.5
2026-04-03 13:40:00,0.41604382,14.5
2026-04-03 13:45:00,0.4165093,14.5
2026-04-03 13:50:00,0.41705236,14.5
2026-04-03 13:55:00,0.41736268,14.44
2026-04-03 14:00:00,0.41786695,14.4
2026-04-03 14:05:00,0.41837122,14.4
2026-04-03 14:10:00,0.41879791,14.4
2026-04-03 14:15:00,0.41926339,14.4
2026-04-03 14:20:00,0.41972887,14.32
2026-04-03 14:25:00,0.42019435,14.3
2026-04-03 14:30:00,0.4207762,14.3
2026-04-03 14:35:00,0.42128047,14.3
2026-04-03 14:40:00,0.42186232,14.3
2026-04-03 14:45:00,0.4227157,14.2
2026-04-03 14:50:00,0.42356908,14.2
2026-04-03 14:55:00,0.42384061,14.2
2026-04-03 15:00:00,0.42287086,14.2
2026-04-03 15:05:00,0.42240538,14.12
2026-04-03 15:10:00,0.42632317,14.1
2026-04-03 15:15:00,0.43571035,14.1
2026-04-03 15:20:00,0.4359043,14.1
2026-04-03 15:25:00,0.43617583,14.1
2026-04-03 15:30:00,0.4362922,14.04
2026-04-03 15:35:00,0.43648615,14.0
2026-04-03 15:40:00,0.43648615,14.0
2026-04-03 15:45:00,0.43656373,14.0
2026-04-03 15:50:00,0.43683526,13.9
2026-04-03 15:55:00,0.43687405,13.9
2026-04-03 16:00:00,0.4366801,13.9
2026-04-03 16:05:00,0.43679647,13.84
2026-04-03 16:10:00,0.43699042,13.8
2026-04-03 16:15:00,0.43687405,13.8
2026-04-03 16:20:00,0.43699042,13.8
2026-04-03 16:25:00,0.43699042,13.72
2026-04-03 16:30:00,0.43714558,13.7
2026-04-03 16:35:00,0.43718437,13.7
2026-04-03 16:40:00,0.43722316,13.7
2026-04-03 16:45:00,0.43730074,13.62
2026-04-03 16:50:00,0.43733953,13.6
2026-04-03 16:55:00,0.43710679,13.6
2026-04-03 17:00:00,0.43741711,13.6
2026-04-03 17:05:00,0.43737832,13.54
2026-04-03 17:10:00,0.43749469,13.5
2026-04-03 17:15:00,0.43733953,13.5
2026-04-03 17:20:00,0.43749469,13.5
2026-04-03 17:25:00,0.43741711,13.5
2026-04-03 17:30:00,0.43753348,13.42
2026-04-03 17:35:00,0.43753348,13.4
2026-04-03 17:40:00,0.43757227,13.4
2026-04-03 17:45:00,0.4374559,13.4
2026-04-03 17:50:00,0.43749469,13.4
2026-04-03 17:55:00,0.43749469,13.38
2026-04-03 18:00:00,0.43741711,13.3
2026-04-03 18:05:00,0.4378438,13.3
2026-04-03 18:10:00,0.43815412,13.3
2026-04-03 18:15:00,0.43838686,13.3
2026-04-03 18:20:00,0.43865839,13.28
2026-04-03 18:25:00,0.43889113,13.2
2026-04-03 18:30:00,0.4390075,13.2
2026-04-03 18:35:00,0.43931782,13.2
2026-04-03 18:40:00,0.43924024,13.2
2026-04-03 18:45:00,0.43935661,13.1
2026-04-03 18:50:00,0.43982209,13.1
2026-04-03 18:55:00,0.43986088,13.1
2026-04-03 19:00:00,0.43997725,13.1
2026-04-03 19:05:00,0.43966693,13.1
2026-04-03 19:10:00,0.43958935,13.0
2026-04-03 19:15:00,0.43993846,13.0
2026-04-03 19:20:00,0.44020999,13.0
2026-04-03 19:25:00,0.4401712,13.0
2026-04-03 19:30:00,0.44009362,13.0
2026-04-03 19:35:00,0.44028757,13.0
2026-04-03 19:40:00,0.44013241,12.92
2026-04-03 19:45:00,0.43997725,12.9
2026-04-03 19:50:00,0.44020999,12.9
2026-04-03 19:55:00,0.44024878,12.9
2026-04-03 20:00:00,0.44052031,12.8
2026-04-03 20:05:00,0.44032636,12.8
2026-04-03 20:10:00,0.44059789,12.8
2026-04-03 20:15:00,0.4405591,12.8
2026-04-03 20:20:00,0.44063668,12.76
2026-04-03 20:25:00,0.44063668,12.7
2026-04-03 20:30:00,0.44075305,12.7
2026-04-03 20:35:00,0.44052031,12.7
2026-04-03 20:40:00,0.44063668,12.7
2026-04-03 20:45:00,0.44052031,12.7
2026-04-03 20:50:00,0.44079184,12.68
2026-04-03 20:55:00,0.44032636,12.6
2026-04-03 21:00:00,0.44079184,12.6
2026-04-03 21:05:00,0.44079184,12.6
2026-04-03 21:10:00,0.44071426,12.6
2026-04-03 21:15:00,0.44083063,12.6
2026-04-03 21:20:00,0.44075305,12.6
2026-04-03 21:25:00,0.440947,12.5
2026-04-03 21:30:00,0.44079184,12.5
2026-04-03 21:35:00,0.44059789,12.5
2026-04-03 21:40:00,0.44090821,12.5
2026-04-03 21:45:00,0.44079184,12.5
2026-04-03 21:50:00,0.44079184,12.5
2026-04-03 21:55:00,0.44067547,12.5
2026-04-03 22:00:00,0.44086942,12.5
2026-04-03 22:05:00,0.44059789,12.42
2026-04-03 22:10:00,0.44086942,12.4
2026-04-03 22:15:00,0.44086942,12.4
2026-04-03 22:20:00,0.44075305,12.4
2026-04-03 22:25:00,0.44083063,12.4
2026-04-03 22:30:00,0.44090821,12.4
2026-04-03 22:35:00,0.44079184,12.4
2026-04-03 22:40:00,0.44071426,12.4
2026-04-03 22:45:00,0.44090821,12.4
2026-04-03 22:50:00,0.44032636,12.4
2026-04-03 22:55:00,0.44028757,12.4
2026-04-03 23:00:00,0.44059789,12.4
2026-04-03 23:05:00,0.44028757,12.4
2026-04-03 23:10:00,0.43986088,12.4
2026-04-03 23:15:00,0.44020999,12.4
2026-04-03 23:20:00,0.43986088,12.4
2026-04-03 23:25:00,0.43982209,12.5
2026-04-03 23:30:00,0.43986088,12.5
2026-04-03 23:35:00,0.43974451,12.5
2026-04-03 23:40:00,0.43970572,12.5
2026-04-03 23:45:00,0.4393954,12.5
2026-04-03 23:50:00,0.43982209,12.5
2026-04-03 23:55:00,0.43974451,12.58
2026-04-04 00:00:00,0.43927903,12.6
2026-04-04 00:05:00,0.43927903,12.6
2026-04-04 00:10:00,0.43951177,12.64
2026-04-04 00:15:00,0.43931782,12.7
2026-04-04 00:20:00,0.43912387,12.74
2026-04-04 00:25:00,0.43935661,12.8
2026-04-04 00:30:00,0.43927903,12.86
2026-04-04 00:35:00,0.43924024,12.9
2026-04-04 00:40:00,0.4390075,12.98
2026-04-04 00:45:00,0.43881355,13.02
2026-04-04 00:50:00,0.43912387,13.1
2026-04-04 00:55:00,0.43896871,13.16
2026-04-04 01:00:00,0.43912387,13.24
2026-04-04 01:05:00,0.43896871,13.34
2026-04-04 01:10:00,0.4390075,13.42
2026-04-04 01:15:00,0.43896871,13.52
2026-04-04 01:20:00,0.43889113,13.62
2026-04-04 01:25:00,0.43885234,13.72
2026-04-04 01:30:00,0.43881355,13.82
2026-04-04 01:35:00,0.43869718,13.94
2026-04-04 01:40:00,0.43858081,14.04
2026-04-04 01:45:00,0.43850323,14.16
2026-04-04 01:50:00,0.4386196,14.28
2026-04-04 01:55:00,0.43850323,14.4
2026-04-04 02:00:00,0.43830928,14.56
2026-04-04 02:05:00,0.43827049,14.74
2026-04-04 02:10:00,0.43803775,14.9
2026-04-04 02:15:00,0.43811533,15.04
2026-04-04 02:20:00,0.43819291,15.14
2026-04-04 02:25:00,0.43799896,15.24
2026-04-04 02:30:00,0.43796017,15.34
2026-04-04 02:35:00,0.43788259,15.46
2026-04-04 02:40:00,0.43772743,15.62
2026-04-04 02:45:00,0.43772743,15.72
2026-04-04 02:50:00,0.43757227,15.84
2026-04-04 02:55:00,0.43764985,15.94
2026-04-04 03:00:00,0.4374559,16.06
2026-04-04 03:05:00,0.43730074,16.18
2026-04-04 03:10:00,0.437068,16.28
2026-04-04 03:15:00,0.43683526,16.38
2026-04-04 03:20:00,0.43675768,16.44
2026-04-04 03:25:00,0.43664131,16.5
2026-04-04 03:30:00,0.43664131,16.6
2026-04-04 03:35:00,0.43644736,16.62
2026-04-04 03:40:00,0.43640857,16.7
2026-04-04 03:45:00,0.43625341,16.76
2026-04-04 03:50:00,0.43621462,16.84
2026-04-04 03:55:00,0.43609825,16.9
2026-04-04 04:00:00,0.43605946,17.0
2026-04-04 04:05:00,0.43613704,17.04
2026-04-04 04:10:00,0.43602067,17.1
2026-04-04 04:15:00,0.43586551,17.16
2026-04-04 04:20:00,0.4359043,17.2
2026-04-04 04:25:00,0.43609825,17.22
2026-04-04 04:30:00,0.4359043,17.3
2026-04-04 04:35:00,0.43594309,17.3
2026-04-04 04:40:00,0.43578793,17.3
2026-04-04 04:45:00,0.43582672,17.3
2026-04-04 04:50:00,0.4359043,17.3
2026-04-04 04:55:00,0.4359043,17.26
2026-04-04 05:00:00,0.43594309,17.2
2026-04-04 05:05:00,0.43574914,17.2
2026-04-04 05:10:00,0.4359043,17.2
2026-04-04 05:15:00,0.43594309,17.2
2026-04-04 05:20:00,0.43586551,17.18
2026-04-04 05:25:00,0.4359043,17.1
2026-04-04 05:30:00,0.43586551,17.1
2026-04-04 05:35:00,0.4359043,17.1
2026-04-04 05:40:00,0.43598188,17.1
2026-04-04 05:45:00,0.43602067,17.1
2026-04-04 05:50:00,0.43578793,17.12
2026-04-04 05:55:00,0.43582672,17.2
2026-04-04 06:00:00,0.43586551,17.2
2026-04-04 06:05:00,0.43578793,17.2
2026-04-04 06:10:00,0.43574914,17.2
2026-04-04 06:15:00,0.43571035,17.22
2026-04-04 06:20:00,0.43563277,17.3
2026-04-04 06:25:00,0.43567156,17.3
2026-04-04 06:30:00,0.43559398,17.38
2026-04-04 06:35:00,0.43563277,17.4
2026-04-04 06:40:00,0.43470181,17.4
2026-04-04 06:45:00,0.43377085,17.4
2026-04-04 06:50:00,0.43361569,17.4
2026-04-04 06:55:00,0.43361569,17.4
2026-04-04 07:00:00,0.4335769,17.4
2026-04-04 07:05:00,0.43361569,17.36
2026-04-04 07:10:00,0.43346053,17.3
2026-04-04 07:15:00,0.43353811,17.3
2026-04-04 07:20:00,0.4335769,17.22
2026-04-04 07:25:00,0.43373206,17.2
2026-04-04 07:30:00,0.4335769,17.12
2026-04-04 07:35:00,0.43365448,17.1
2026-04-04 07:40:00,0.43377085,17.0
2026-04-04 07:45:00,0.43384843,16.98
2026-04-04 07:50:00,0.43384843,16.9
2026-04-04 07:55:00,0.43392601,16.86
2026-04-04 08:00:00,0.43384843,16.8
2026-04-04 08:05:00,0.43392601,16.72
2026-04-04 08:10:00,0.43392601,16.68
2026-04-04 08:15:00,0.43388722,16.6
2026-04-04 08:20:00,0.43404238,16.56
2026-04-04 08:25:00,0.43497334,16.5
2026-04-04 08:30:00,0.43559398,16.42
2026-04-04 08:35:00,0.43532245,16.4
2026-04-04 08:40:00,0.43477939,16.3
2026-04-04 08:45:00,0.43477939,16.26
2026-04-04 08:50:00,0.43477939,16.2
2026-04-04 08:55:00,0.4347406,16.14
2026-04-04 09:00:00,0.43454665,16.1
2026-04-04 09:05:00,0.43427512,16.02
2026-04-04 09:10:00,0.43423633,16.0
2026-04-04 09:15:00,0.43342174,15.9
2026-04-04 09:20:00,0.43295626,15.88
2026-04-04 09:25:00,0.43295626,15.8
2026-04-04 09:30:00,0.43291747,15.76
2026-04-04 09:35:00,0.43291747,15.7
2026-04-04 09:40:00,0.43276231,15.66
2026-04-04 09:45:00,0.43249078,15.6
2026-04-04 09:50:00,0.43221925,15.56
2026-04-04 09:55:00,0.43210288,15.5
2026-04-04 10:00:00,0.43210288,15.46
2026-04-04 10:05:00,0.43225804,15.4
2026-04-04 10:10:00,0.43218046,15.36
2026-04-04 10:15:00,0.43221925,15.3
2026-04-04 10:20:00,0.43214167,15.26
2026-04-04 10:25:00,0.43221925,15.2
2026-04-04 10:30:00,0.43210288,15.2
2026-04-04 10:35:00,0.43225804,15.1
2026-04-04 10:40:00,0.43206409,15.1
2026-04-04 10:45:00,0.43210288,15.02
2026-04-04 10:50:00,0.43214167,15.0
2026-04-04 10:55:00,0.43214167,14.96
2026-04-04 11:00:00,0.43218046,14.9
2026-04-04 11:05:00,0.43229683,14.9
2026-04-04 11:10:00,0.4324132,14.8
2026-04-04 11:15:00,0.43249078,14.8
2026-04-04 11:20:00,0.43256836,14.76
2026-04-04 11:25:00,0.43260715,14.7
2026-04-04 11:30:00,0.43268473,14.7
2026-04-04 11:35:00,0.43268473,14.62
2026-04-04 11:40:00,0.43272352,14.6
2026-04-04 11:45:00,0.4328011,14.58
2026-04-04 11:50:00,0.43283989,14.5
2026-04-04 11:55:00,0.43276231,14.5
2026-04-04 12:00:00,0.43283989,14.44
2026-04-04 12:05:00,0.43276231,14.4
2026-04-04 12:10:00,0.43276231,14.4
2026-04-04 12:15:00,0.4328011,14.3
2026-04-04 12:20:00,0.43283989,14.3
2026-04-04 12:25:00,0.43276231,14.28
2026-04-04 12:30:00,0.43283989,14.2
2026-04-04 12:35:00,0.43268473,14.2
2026-04-04 12:40:00,0.43276231,14.2
2026-04-04 12:45:00,0.43283989,14.1
2026-04-04 12:50:00,0.4328011,14.1
2026-04-04 12:55:00,0.4328011,14.1
2026-04-04 13:00:00,0.43276231,14.0
2026-04-04 13:05:00,0.43287868,14.0
2026-04-04 13:10:00,0.43264594,14.0
2026-04-04 13:15:00,0.43256836,13.94
2026-04-04 13:20:00,0.43229683,13.9
2026-04-04 13:25:00,0.43225804,13.9
2026-04-04 13:30:00,0.43198651,13.86
2026-04-04 13:35:00,0.43159861,13.8
2026-04-04 13:40:00,0.43159861,13.8
2026-04-04 13:45:00,0.43155982,13.8
2026-04-04 13:50:00,0.43132708,13.72
2026-04-04 13:55:00,0.43144345,13.7
2026-04-04 14:00:00,0.43152103,13.7
2026-04-04 14:05:00,0.43152103,13.68
2026-04-04 14:10:00,0.43171498,13.6
2026-04-04 14:15:00,0.43171498,13.6
2026-04-04 14:20:00,0.43175377,13.6
2026-04-04 14:25:00,0.43179256,13.54
2026-04-04 14:30:00,0.43179256,13.5
2026-04-04 14:35:00,0.43179256,13.5
2026-04-04 14:40:00,0.4316374,13.5
2026-04-04 14:45:00,0.43175377,13.4
2026-04-04 14:50:00,0.43187014,13.4
2026-04-04 14:55:00,0.43179256,13.4
2026-04-04 15:00:00,0.43190893,13.36
2026-04-04 15:05:00,0.43175377,13.3
2026-04-04 15:10:00,0.43183135,13.3
2026-04-04 15:15:00,0.43198651,13.3
2026-04-04 15:20:00,0.4316374,13.22
2026-04-04 15:25:00,0.43183135,13.2
2026-04-04 15:30:00,0.4320253,13.2
2026-04-04 15:35:00,0.43194772,13.16
2026-04-04 15:40:00,0.4320253,13.1
2026-04-04 15:45:00,0.4320253,13.1
2026-04-04 15:50:00,0.4320253,13.1
2026-04-04 15:55:00,0.43194772,13.04
2026-04-04 16:00:00,0.43198651,13.0
2026-04-04 16:05:00,0.4320253,13.0
2026-04-04 16:10:00,0.43221925,13.0
2026-04-04 16:15:00,0.43159861,12.9
2026-04-04 16:20:00,0.4320253,12.9
2026-04-04 16:25:00,0.4320253,12.9
2026-04-04 16:30:00,0.43206409,12.88
2026-04-04 16:35:00,0.43218046,12.8
2026-04-04 16:40:00,0.43206409,12.8
2026-04-04 16:45:00,0.43218046,12.8
2026-04-04 16:50:00,0.4320253,12.78
2026-04-04 16:55:00,0.43221925,12.7
2026-04-04 17:00:00,0.43190893,12.7
2026-04-04 17:05:00,0.43183135,12.7
2026-04-04 17:10:00,0.43214167,12.7
2026-04-04 17:15:00,0.43218046,12.6
2026-04-04 17:20:00,0.43221925,12.6
2026-04-04 17:25:00,0.43233562,12.6
2026-04-04 17:30:00,0.43206409,12.6
2026-04-04 17:35:00,0.43206409,12.52
2026-04-04 17:40:00,0.43252957,12.5
2026-04-04 17:45:00,0.43252957,12.5
2026-04-04 17:50:00,0.43252957,12.5
2026-04-04 17:55:00,0.43252957,12.48
2026-04-04 18:00:00,0.43225804,12.4
2026-04-04 18:05:00,0.4320253,12.4
2026-04-04 18:10:00,0.4320253,12.4
2026-04-04 18:15:00,0.43206409,12.4
2026-04-04 18:20:00,0.43179256,12.3
2026-04-04 18:25:00,0.43171498,12.3
2026-04-04 18:30:00,0.43198651,12.3
2026-04-04 18:35:00,0.43187014,12.3
2026-04-04 18:40:00,0.4320253,12.22
2026-04-04 18:45:00,0.43179256,12.2
2026-04-04 18:50:00,0.43194772,12.2
2026-04-04 18:55:00,0.43183135,12.2
2026-04-04 19:00:00,0.43183135,12.12
2026-04-04 19:05:00,0.43218046,12.1
2026-04-04 19:10:00,0.43198651,12.1
2026-04-04 19:15:00,0.43179256,12.1
2026-04-04 19:20:00,0.43214167,12.04
2026-04-04 19:25:00,0.43167619,12.0
2026-04-04 19:30:00,0.4320253,12.0
2026-04-04 19:35:00,0.43194772,12.0
2026-04-04 19:40:00,0.43190893,12.0
2026-04-04 19:45:00,0.4316374,11.96
2026-04-04 19:50:00,0.43210288,11.9
2026-04-04 19:55:00,0.43175377,11.9
2026-04-04 20:00:00,0.43136587,11.9
2026-04-04 20:05:00,0.43148224,11.9
2026-04-04 20:10:00,0.43159861,11.84
2026-04-04 20:15:00,0.43183135,11.8
2026-04-04 20:20:00,0.43159861,11.8
2026-04-04 20:25:00,0.43206409,11.8
2026-04-04 20:30:00,0.43179256,11.8
2026-04-04 20:35:00,0.43159861,11.76
2026-04-04 20:40:00,0.43179256,11.7
2026-04-04 20:45:00,0.43128829,11.7
2026-04-04 20:50:00,0.43117192,11.7
2026-04-04 20:55:00,0.43055128,11.7
2026-04-04 21:00:00,0.43082281,11.68
2026-04-04 21:05:00,0.43090039,11.6
2026-04-04 21:10:00,0.4308616,11.6
2026-04-04 21:15:00,0.43140466,11.6
2026-04-04 21:20:00,0.4308616,11.6
2026-04-04 21:25:00,0.43152103,11.6
2026-04-04 21:30:00,0.43097797,11.54
2026-04-04 21:35:00,0.43105555,11.5
2026-04-04 21:40:00,0.4312495,11.5
2026-04-04 21:45:00,0.43105555,11.5
2026-04-04 21:50:00,0.43155982,11.5
2026-04-04 21:55:00,0.43121071,11.46
2026-04-04 22:00:00,0.43051249,11.4
2026-04-04 22:05:00,0.43051249,11.4
2026-04-04 22:10:00,0.43070644,11.4
2026-04-04 22:15:00,0.43066765,11.4
2026-04-04 22:20:00,0.43062886,11.4
2026-04-04 22:25:00,0.43074523,11.38
2026-04-04 22:30:00,0.43059007,11.3
2026-04-04 22:35:00,0.43101676,11.3
2026-04-04 22:40:00,0.43097797,11.3
2026-04-04 22:45:00,0.4308616,11.3
2026-04-04 22:50:00,0.43082281,11.3
2026-04-04 22:55:00,0.43101676,11.3
2026-04-04 23:00:00,0.43078402,11.3
2026-04-04 23:05:00,0.43105555,11.3
2026-04-04 23:10:00,0.43101676,11.3
2026-04-04 23:15:00,0.43101676,11.3
2026-04-04 23:20:00,0.43121071,11.3
2026-04-04 23:25:00,0.43093918,11.3
2026-04-04 23:30:00,0.43097797,11.36
2026-04-04 23:35:00,0.43059007,11.4
2026-04-04 23:40:00,0.43070644,11.4
2026-04-04 23:45:00,0.43043491,11.4
2026-04-04 23:50:00,0.43082281,11.4
2026-04-04 23:55:00,0.43078402,11.44
2026-04-05 00:00:00,0.43055128,11.5
2026-04-05 00:05:00,0.43066765,11.5
2026-04-05 00:10:00,0.43051249,11.5
2026-04-05 00:15:00,0.4304737,11.6
2026-04-05 00:20:00,0.43059007,11.6
2026-04-05 00:25:00,0.43082281,11.64
2026-04-05 00:30:00,0.43027975,11.7
2026-04-05 00:35:00,0.43082281,11.7
2026-04-05 00:40:00,0.4304737,11.8
2026-04-05 00:45:00,0.43039612,11.8
2026-04-05 00:50:00,0.43004701,11.88
2026-04-05 00:55:00,0.43016338,11.9
2026-04-05 01:00:00,0.42985306,12.0
2026-04-05 01:05:00,0.42985306,12.04
2026-04-05 01:10:00,0.43012459,12.12
2026-04-05 01:15:00,0.42973669,12.2
2026-04-05 01:20:00,0.43051249,12.3
2026-04-05 01:25:00,0.43031854,12.38
2026-04-05 01:30:00,0.43027975,12.48
2026-04-05 01:35:00,0.43024096,12.6
2026-04-05 01:40:00,0.42989185,12.72
2026-04-05 01:45:00,0.43004701,12.84
2026-04-05 01:50:00,0.42946516,12.96
2026-04-05 01:55:00,0.42954274,13.1
2026-04-05 02:00:00,0.42938758,13.24
2026-04-05 02:05:00,0.42934879,13.4
2026-04-05 02:10:00,0.42911605,13.56
2026-04-05 02:15:00,0.42899968,13.72
2026-04-05 02:20:00,0.42903847,13.86
2026-04-05 02:25:00,0.4289221,14.04
2026-04-05 02:30:00,0.42880573,14.2
2026-04-05 02:35:00,0.42872815,14.36
2026-04-05 02:40:00,0.42857299,14.54
2026-04-05 02:45:00,0.42830146,14.7
2026-04-05 02:50:00,0.42830146,14.86
2026-04-05 02:55:00,0.42802993,15.02
2026-04-05 03:00:00,0.42779719,15.16
2026-04-05 03:05:00,0.42729292,15.34
2026-04-05 03:10:00,0.42717655,15.5
2026-04-05 03:15:00,0.4269826,15.66
2026-04-05 03:20:00,0.42686623,15.84
2026-04-05 03:25:00,0.4265947,16.0
2026-04-05 03:30:00,0.42667228,16.16
2026-04-05 03:35:00,0.42643954,16.3
2026-04-05 03:40:00,0.42636196,16.46
2026-04-05 03:45:00,0.42632317,16.6
2026-04-05 03:50:00,0.42601285,16.74
2026-04-05 03:55:00,0.42597406,16.88
2026-04-05 04:00:00,0.42574132,17.04
2026-04-05 04:05:00,0.42562495,17.16
2026-04-05 04:10:00,0.42554737,17.3
2026-04-05 04:15:00,0.42558616,17.44
2026-04-05 04:20:00,0.425431,17.58
2026-04-05 04:25:00,0.42527584,17.74
2026-04-05 04:30:00,0.42523705,17.86
2026-04-05 04:35:00,0.42508189,18.02
2026-04-05 04:40:00,0.42488794,18.14
2026-04-05 04:45:00,0.42453883,18.28
2026-04-05 04:50:00,0.42422851,18.42
2026-04-05 04:55:00,0.42399577,18.52
2026-04-05 05:00:00,0.4238794,18.6
2026-04-05 05:05:00,0.42384061,18.7
2026-04-05 05:10:00,0.42376303,18.76
2026-04-05 05:15:00,0.42380182,18.8
2026-04-05 05:20:00,0.42372424,18.8
2026-04-05 05:25:00,0.42356908,18.9
2026-04-05 05:30:00,0.42364666,18.9
2026-04-05 05:35:00,0.42353029,18.9
2026-04-05 05:40:00,0.42353029,18.9
2026-04-05 05:45:00,0.42337513,18.9
2026-04-05 05:50:00,0.42341392,18.9
2026-04-05 05:55:00,0.42333634,18.96
2026-04-05 06:00:00,0.42321997,19.0
2026-04-05 06:05:00,0.42314239,19.04
2026-04-05 06:10:00,0.42318118,19.1
2026-04-05 06:15:00,0.42314239,19.16
2026-04-05 06:20:00,0.4231036,19.2
2026-04-05 06:25:00,0.4231036,19.3
2026-04-05 06:30:00,0.42302602,19.32
2026-04-05 06:35:00,0.42306481,19.4
2026-04-05 06:40:00,0.42318118,19.4
2026-04-05 06:45:00,0.42302602,19.4
2026-04-05 06:50:00,0.4231036,19.4
2026-04-05 06:55:00,0.42314239,19.34
2026-04-05 07:00:00,0.42318118,19.3
2026-04-05 07:05:00,0.4231036,19.22
2026-04-05 07:10:00,0.42321997,19.16
2026-04-05 07:15:00,0.42325876,19.1
2026-04-05 07:20:00,0.42333634,19.0
2026-04-05 07:25:00,0.42341392,18.92
2026-04-05 07:30:00,0.42353029,18.84
2026-04-05 07:35:00,0.42364666,18.74
2026-04-05 07:40:00,0.42372424,18.66
2026-04-05 07:45:00,0.42376303,18.58
2026-04-05 07:50:00,0.42391819,18.5
2026-04-05 07:55:00,0.4246552,18.4
2026-04-05 08:00:00,0.42469399,18.32
2026-04-05 08:05:00,0.42484915,18.24
2026-04-05 08:10:00,0.42488794,18.16
2026-04-05 08:15:00,0.42484915,18.08
2026-04-05 08:20:00,0.42492673,18.0
2026-04-05 08:25:00,0.42512068,17.9
2026-04-05 08:30:00,0.4250431,17.84
2026-04-05 08:35:00,0.42512068,17.76
2026-04-05 08:40:00,0.4250431,17.68
2026-04-05 08:45:00,0.42519826,17.6
2026-04-05 08:50:00,0.42531463,17.52
2026-04-05 08:55:00,0.42535342,17.46
2026-04-05 09:00:00,0.42539221,17.38
2026-04-05 09:05:00,0.42539221,17.3
2026-04-05 09:10:00,0.42539221,17.22
2026-04-05 09:15:00,0.42550858,17.16
2026-04-05 09:20:00,0.42550858,17.1
2026-04-05 09:25:00,0.42546979,17.0
2026-04-05 09:30:00,0.42566374,16.94
2026-04-05 09:35:00,0.42554737,16.88
2026-04-05 09:40:00,0.42562495,16.8
2026-04-05 09:45:00,0.42566374,16.72
2026-04-05 09:50:00,0.42566374,16.66
2026-04-05 09:55:00,0.42570253,16.6
2026-04-05 10:00:00,0.42570253,16.5
2026-04-05 10:05:00,0.42562495,16.44
2026-04-05 10:10:00,0.42558616,16.38
2026-04-05 10:15:00,0.42574132,16.3
2026-04-05 10:20:00,0.42574132,16.24
2026-04-05 10:25:00,0.4258189,16.18
2026-04-05 10:30:00,0.42574132,16.1
2026-04-05 10:35:00,0.42593527,16.02
2026-04-05 10:40:00,0.42578011,15.96
2026-04-05 10:45:00,0.42585769,15.9
2026-04-05 10:50:00,0.42593527,15.8
2026-04-05 10:55:00,0.42597406,15.74
2026-04-05 11:00:00,0.42597406,15.68
2026-04-05 11:05:00,0.42601285,15.6
2026-04-05 11:10:00,0.42601285,15.54
2026-04-05 11:15:00,0.42605164,15.5
2026-04-05 11:20:00,0.42624559,15.4
2026-04-05 11:25:00,0.42605164,15.36
2026-04-05 11:30:00,0.42624559,15.3
2026-04-05 11:35:00,0.42616801,15.22
2026-04-05 11:40:00,0.42632317,15.2
2026-04-05 11:45:00,0.42624559,15.1
2026-04-05 11:50:00,0.42628438,15.08
2026-04-05 11:55:00,0.42636196,15.0
2026-04-05 12:00:00,0.42643954,14.96
2026-04-05 12:05:00,0.42636196,14.9
2026-04-05 12:10:00,0.42640075,14.84
2026-04-05 12:15:00,0.42643954,14.8
2026-04-05 12:20:00,0.42643954,14.72
2026-04-05 12:25:00,0.42640075,14.7
2026-04-05 12:30:00,0.42643954,14.62
2026-04-05 12:35:00,0.42651712,14.6
2026-04-05 12:40:00,0.42655591,14.52
2026-04-05 12:45:00,0.42655591,14.5
2026-04-05 12:50:00,0.4265947,14.44
2026-04-05 12:55:00,0.4265947,14.4
2026-04-05 13:00:00,0.42674986,14.36
2026-04-05 13:05:00,0.42671107,14.3
2026-04-05 13:10:00,0.42667228,14.3
2026-04-05 13:15:00,0.42671107,14.2
2026-04-05 13:20:00,0.42671107,14.2
2026-04-05 13:25:00,0.42671107,14.18
2026-04-05 13:30:00,0.42651712,14.1
2026-04-05 13:35:00,0.42671107,14.1
2026-04-05 13:40:00,0.42667228,14.1
2026-04-05 13:45:00,0.42671107,14.08
2026-04-05 13:50:00,0.42663349,14.0
2026-04-05 13:55:00,0.42667228,14.0
2026-04-05 14:00:00,0.42667228,14.0
2026-04-05 14:05:00,0.42647833,14.0
2026-04-05 14:10:00,0.42674986,14.0
2026-04-05 14:15:00,0.42663349,13.92
2026-04-05 14:20:00,0.42636196,13.9
2026-04-05 14:25:00,0.42643954,13.9
2026-04-05 14:30:00,0.42655591,13.9
2026-04-05 14:35:00,0.42628438,13.9
2026-04-05 14:40:00,0.42636196,13.9
2026-04-05 14:45:00,0.42643954,13.86
2026-04-05 14:50:00,0.42609043,13.8
2026-04-05 14:55:00,0.42562495,13.8
2026-04-05 15:00:00,0.42546979,13.8
2026-04-05 15:05:00,0.42554737,13.8
2026-04-05 15:10:00,0.42554737,13.8
2026-04-05 15:15:00,0.42554737,13.8
2026-04-05 15:20:00,0.42550858,13.8
2026-04-05 15:25:00,0.42550858,13.72
2026-04-05 15:30:00,0.42546979,13.7
2026-04-05 15:35:00,0.42539221,13.7
2026-04-05 15:40:00,0.42539221,13.7
2026-04-05 15:45:00,0.42523705,13.7
2026-04-05 15:50:00,0.42539221,13.7
2026-04-05 15:55:00,0.42531463,13.7
2026-04-05 16:00:00,0.42539221,13.7
2026-04-05 16:05:00,0.42539221,13.7
2026-04-05 16:10:00,0.42539221,13.7
2026-04-05 16:15:00,0.42612922,13.6
2026-04-05 16:20:00,0.4262068,13.6
2026-04-05 16:25:00,0.42624559,13.6
2026-04-05 16:30:00,0.42616801,13.6
2026-04-05 16:35:00,0.42624559,13.6
2026-04-05 16:40:00,0.42632317,13.6
2026-04-05 16:45:00,0.4262068,13.54
2026-04-05 16:50:00,0.42624559,13.5
2026-04-05 16:55:00,0.42628438,13.5
2026-04-05 17:00:00,0.42632317,13.5
2026-04-05 17:05:00,0.42628438,13.5
2026-04-05 17:10:00,0.4262068,13.5
2026-04-05 17:15:00,0.42612922,13.5
2026-04-05 17:20:00,0.42612922,13.42
2026-04-05 17:25:00,0.42628438,13.4
2026-04-05 17:30:00,0.42624559,13.4
2026-04-05 17:35:00,0.4262068,13.4
2026-04-05 17:40:00,0.4262068,13.4
2026-04-05 17:45:00,0.4262068,13.4
2026-04-05 17:50:00,0.42624559,13.4
2026-04-05 17:55:00,0.42597406,13.38
2026-04-05 18:00:00,0.42605164,13.32
2026-04-05 18:05:00,0.42605164,13.3
2026-04-05 18:10:00,0.42616801,13.3
2026-04-05 18:15:00,0.42612922,13.3
2026-04-05 18:20:00,0.42597406,13.3
2026-04-05 18:25:00,0.42589648,13.3
2026-04-05 18:30:00,0.42593527,13.3
2026-04-05 18:35:00,0.4262068,13.3
2026-04-05 18:40:00,0.42643954,13.3
2026-04-05 18:45:00,0.4265947,13.3
2026-04-05 18:50:00,0.42671107,13.3
2026-04-05 18:55:00,0.42725413,13.3
2026-04-05 19:00:00,0.42771961,13.3
2026-04-05 19:05:00,0.4277584,13.3
2026-04-05 19:10:00,0.4277584,13.3
2026-04-05 19:15:00,0.42748687,13.3
2026-04-05 19:20:00,0.42756445,13.3
2026-04-05 19:25:00,0.42717655,13.3
2026-04-05 19:30:00,0.42721534,13.3
2026-04-05 19:35:00,0.42713776,13.3
2026-04-05 19:40:00,0.42682744,13.28
2026-04-05 19:45:00,0.42713776,13.2
2026-04-05 19:50:00,0.42744808,13.2
2026-04-05 19:55:00,0.42748687,13.2
2026-04-05 20:00:00,0.4273705,13.2
2026-04-05 20:05:00,0.42729292,13.2
2026-04-05 20:10:00,0.42725413,13.2
2026-04-05 20:15:00,0.42709897,13.2
2026-04-05 20:20:00,0.42713776,13.2
2026-04-05 20:25:00,0.4269826,13.2
2026-04-05 20:30:00,0.42612922,13.2
2026-04-05 20:35:00,0.42612922,13.2
2026-04-05 20:40:00,0.42624559,13.2
2026-04-05 20:45:00,0.42601285,13.2
2026-04-05 20:50:00,0.42578011,13.2
2026-04-05 20:55:00,0.42597406,13.2
2026-04-05 21:00:00,0.42566374,13.1
2026-04-05 21:05:00,0.42554737,13.1
2026-04-05 21:10:00,0.42562495,13.1
2026-04-05 21:15:00,0.42566374,13.1
2026-04-05 21:20:00,0.42640075,13.1
2026-04-05 21:25:00,0.42609043,13.1
2026-04-05 21:30:00,0.42651712,13.04
2026-04-05 21:35:00,0.42655591,13.0
2026-04-05 21:40:00,0.42632317,13.0
2026-04-05 21:45:00,0.42609043,13.0
2026-04-05 21:50:00,0.42640075,13.0
2026-04-05 21:55:00,0.42643954,13.0
2026-04-05 22:00:00,0.42601285,13.0
2026-04-05 22:05:00,0.4262068,13.0
2026-04-05 22:10:00,0.42612922,13.0
2026-04-05 22:15:00,0.42647833,13.0
2026-04-05 22:20:00,0.42740929,13.0
2026-04-05 22:25:00,0.4273705,13.0
2026-04-05 22:30:00,0.42771961,13.0
2026-04-05 22:35:00,0.42826267,13.0
2026-04-05 22:40:00,0.42826267,13.0
2026-04-05 22:45:00,0.42865057,13.0
2026-04-05 22:50:00,0.42845662,13.0
2026-04-05 22:55:00,0.42799114,13.0
2026-04-05 23:00:00,0.42771961,13.0
2026-04-05 23:05:00,0.42799114,13.0
2026-04-05 23:10:00,0.42783598,13.0
2026-04-05 23:15:00,0.42771961,13.08
2026-04-05 23:20:00,0.42725413,13.1
2026-04-05 23:25:00,0.42709897,13.1
2026-04-05 23:30:00,0.42709897,13.1
2026-04-05 23:35:00,0.42643954,13.2
2026-04-05 23:40:00,0.42632317,13.2
2026-04-05 23:45:00,0.42647833,13.2
2026-04-05 23:50:00,0.4262068,13.3
2026-04-05 23:55:00,0.42605164,13.3
2026-04-06 00:00:00,0.42605164,13.38
2026-04-06 00:05:00,0.42601285,13.4
2026-04-06 00:10:00,0.42574132,13.46
2026-04-06 00:15:00,0.42570253,13.5
2026-04-06 00:20:00,0.42554737,13.56
2026-04-06 00:25:00,0.42546979,13.6
2026-04-06 00:30:00,0.42546979,13.7
2026-04-06 00:35:00,0.42597406,13.76
2026-04-06 00:40:00,0.42585769,13.84
2026-04-06 00:45:00,0.4258189,13.9
2026-04-06 00:50:00,0.42601285,14.0
2026-04-06 00:55:00,0.42597406,14.04
2026-04-06 01:00:00,0.42585769,14.1
2026-04-06 01:05:00,0.42570253,14.14
2026-04-06 01:10:00,0.42566374,14.2
2026-04-06 01:15:00,0.42558616,14.2
2026-04-06 01:20:00,0.42566374,14.3
2026-04-06 01:25:00,0.42554737,14.3
2026-04-06 01:30:00,0.42535342,14.36
2026-04-06 01:35:00,0.42519826,14.4
2026-04-06 01:40:00,0.42515947,14.46
2026-04-06 01:45:00,0.42527584,14.5
2026-04-06 01:50:00,0.42523705,14.58
2026-04-06 01:55:00,0.42519826,14.6
2026-04-06 02:00:00,0.42523705,14.68
2026-04-06 02:05:00,0.42519826,14.7
2026-04-06 02:10:00,0.42535342,14.74
2026-04-06 02:15:00,0.42539221,14.8
2026-04-06 02:20:00,0.425431,14.8
2026-04-06 02:25:00,0.42550858,14.88
2026-04-06 02:30:00,0.42554737,14.9
2026-04-06 02:35:00,0.42546979,14.9
2026-04-06 02:40:00,0.42558616,14.9
2026-04-06 02:45:00,0.42558616,14.96
2026-04-06 02:50:00,0.42558616,15.0
2026-04-06 02:55:00,0.42562495,15.0
2026-04-06 03:00:00,0.42558616,15.0
2026-04-06 03:05:00,0.425431,15.0
2026-04-06 03:10:00,0.42535342,15.0
2026-04-06 03:15:00,0.42508189,15.0
2026-04-06 03:20:00,0.42508189,15.06
2026-04-06 03:25:00,0.42492673,15.1
2026-04-06 03:30:00,0.42484915,15.1
2026-04-06 03:35:00,0.42484915,15.1
2026-04-06 03:40:00,0.42477157,15.1
2026-04-06 03:45:00,0.4246552,15.1
2026-04-06 03:50:00,0.42457762,15.2
2026-04-06 03:55:00,0.42457762,15.2
2026-04-06 04:00:00,0.42450004,15.2
2026-04-06 04:05:00,0.42450004,15.2
2026-04-06 04:10:00,0.42453883,15.2
2026-04-06 04:15:00,0.42446125,15.3
2026-04-06 04:20:00,0.42442246,15.3
2026-04-06 04:25:00,0.42442246,15.3
2026-04-06 04:30:00,0.42438367,15.3
2026-04-06 04:35:00,0.42438367,15.36
2026-04-06 04:40:00,0.42438367,15.4
2026-04-06 04:45:00,0.42442246,15.4
2026-04-06 04:50:00,0.42446125,15.4
2026-04-06 04:55:00,0.42438367,15.4
2026-04-06 05:00:00,0.42446125,15.4
2026-04-06 05:05:00,0.42434488,15.4
2026-04-06 05:10:00,0.42461641,15.4
2026-04-06 05:15:00,0.42450004,15.4
2026-04-06 05:20:00,0.42453883,15.4
2026-04-06 05:25:00,0.42461641,15.4
2026-04-06 05:30:00,0.42453883,15.4
2026-04-06 05:35:00,0.42484915,15.4
2026-04-06 05:40:00,0.42515947,15.4
2026-04-06 05:45:00,0.42512068,15.4
2026-04-06 05:50:00,0.4250431,15.4
2026-04-06 05:55:00,0.42461641,15.3
2026-04-06 06:00:00,0.42461641,15.3
2026-04-06 06:05:00,0.42469399,15.3
2026-04-06 06:10:00,0.42473278,15.3
2026-04-06 06:15:00,0.42477157,15.3
2026-04-06 06:20:00,0.42477157,15.3
2026-04-06 06:25:00,0.4246552,15.3
2026-04-06 06:30:00,0.42457762,15.3
2026-04-06 06:35:00,0.42457762,15.3
2026-04-06 06:40:00,0.42453883,15.3
2026-04-06 06:45:00,0.42442246,15.3
2026-04-06 06:50:00,0.42450004,15.3
2026-04-06 06:55:00,0.42434488,15.3
2026-04-06 07:00:00,0.42418972,15.26
2026-04-06 07:05:00,0.4242673,15.2
2026-04-06 07:10:00,0.42418972,15.2
2026-04-06 07:15:00,0.42422851,15.2
2026-04-06 07:20:00,0.42399577,15.2
2026-04-06 07:25:00,0.42391819,15.2
2026-04-06 07:30:00,0.42430609,15.2
2026-04-06 07:35:00,0.42484915,15.2
2026-04-06 07:40:00,0.42473278,15.2
2026-04-06 07:45:00,0.42473278,15.14
2026-04-06 07:50:00,0.42473278,15.1
2026-04-06 07:55:00,0.42473278,15.1
2026-04-06 08:00:00,0.42469399,15.1
2026-04-06 08:05:00,0.42457762,15.1
2026-04-06 08:10:00,0.42457762,15.1
2026-04-06 08:15:00,0.42469399,15.04
2026-04-06 08:20:00,0.4246552,15.0
2026-04-06 08:25:00,0.42477157,15.0
2026-04-06 08:30:00,0.42469399,15.0
2026-04-06 08:35:00,0.42477157,15.0
2026-04-06 08:40:00,0.42500431,14.94
2026-04-06 08:45:00,0.4250431,14.9
2026-04-06 08:50:00,0.42535342,14.9
2026-04-06 08:55:00,0.42546979,14.9
2026-04-06 09:00:00,0.42562495,14.9
2026-04-06 09:05:00,0.42578011,14.8
2026-04-06 09:10:00,0.42585769,14.8
2026-04-06 09:15:00,0.42589648,14.8
2026-04-06 09:20:00,0.42593527,14.8
2026-04-06 09:25:00,0.42589648,14.8
2026-04-06 09:30:00,0.42597406,14.74
2026-04-06 09:35:00,0.42593527,14.7
2026-04-06 09:40:00,0.42585769,14.7
2026-04-06 09:45:00,0.42601285,14.7
2026-04-06 09:50:00,0.42578011,14.62
2026-04-06 09:55:00,0.42593527,14.6
2026-04-06 10:00:00,0.42601285,14.6
2026-04-06 10:05:00,0.42562495,14.5
2026-04-06 10:10:00,0.42574132,14.5
2026-04-06 10:15:00,0.42570253,14.42
2026-04-06 10:20:00,0.42566374,14.4
2026-04-06 10:25:00,0.42574132,14.32
2026-04-06 10:30:00,0.42578011,14.3
2026-04-06 10:35:00,0.42578011,14.22
2026-04-06 10:40:00,0.42585769,14.2
2026-04-06 10:45:00,0.42593527,14.1
2026-04-06 10:50:00,0.42562495,14.08
2026-04-06 10:55:00,0.42578011,14.0
2026-04-06 11:00:00,0.42578011,13.96
2026-04-06 11:05:00,0.4258189,13.9
2026-04-06 11:10:00,0.4258189,13.84
2026-04-06 11:15:00,0.4258189,13.8
2026-04-06 11:20:00,0.42578011,13.72
2026-04-06 11:25:00,0.42589648,13.7
2026-04-06 11:30:00,0.42589648,13.6
2026-04-06 11:35:00,0.4258189,13.56
2026-04-06 11:40:00,0.42589648,13.5
2026-04-06 11:45:00,0.4258189,13.44
2026-04-06 11:50:00,0.42578011,13.4
2026-04-06 11:55:00,0.42578011,13.34
2026-04-06 12:00:00,0.42570253,13.3
2026-04-06 12:05:00,0.42558616,13.22
2026-04-06 12:10:00,0.4258189,13.2
2026-04-06 12:15:00,0.42574132,13.1
2026-04-06 12:20:00,0.42546979,13.1
2026-04-06 12:25:00,0.42554737,13.0
2026-04-06 12:30:00,0.42562495,13.0
2026-04-06 12:35:00,0.42566374,12.9
2026-04-06 12:40:00,0.42550858,12.9
2026-04-06 12:45:00,0.42550858,12.82
2026-04-06 12:50:00,0.42558616,12.8
2026-04-06 12:55:00,0.42578011,12.7
2026-04-06 13:00:00,0.42550858,12.7
2026-04-06 13:05:00,0.42554737,12.62
2026-04-06 13:10:00,0.42535342,12.6
2026-04-06 13:15:00,0.42566374,12.54
2026-04-06 13:20:00,0.42531463,12.5
2026-04-06 13:25:00,0.42550858,12.46
2026-04-06 13:30:00,0.42562495,12.4
2026-04-06 13:35:00,0.42512068,12.38
2026-04-06 13:40:00,0.42515947,12.3
2026-04-06 13:45:00,0.42512068,12.3
2026-04-06 13:50:00,0.42539221,12.2
2026-04-06 13:55:00,0.42492673,12.2
2026-04-06 14:00:00,0.42546979,12.12
2026-04-06 14:05:00,0.42523705,12.1
2026-04-06 14:10:00,0.42523705,12.04
2026-04-06 14:15:00,0.42523705,12.0
2026-04-06 14:20:00,0.42535342,12.0
2026-04-06 14:25:00,0.42519826,11.9
2026-04-06 14:30:00,0.4250431,11.9
2026-04-06 14:35:00,0.42492673,11.82
2026-04-06 14:40:00,0.42535342,11.8
2026-04-06 14:45:00,0.42570253,11.74
2026-04-06 14:50:00,0.42531463,11.7
2026-04-06 14:55:00,0.42546979,11.66
2026-04-06 15:00:00,0.42562495,11.6
2026-04-06 15:05:00,0.42566374,11.58
2026-04-06 15:10:00,0.42554737,11.5
2026-04-06 15:15:00,0.42519826,11.5
2026-04-06 15:20:00,0.42562495,11.42
2026-04-06 15:25:00,0.42570253,11.4
2026-04-06 15:30:00,0.42589648,11.34
2026-04-06 15:35:00,0.42566374,11.3
2026-04-06 15:40:00,0.42523705,11.3
2026-04-06 15:45:00,0.42554737,11.2
2026-04-06 15:50:00,0.42535342,11.2
2026-04-06 15:55:00,0.42597406,11.14
2026-04-06 16:00:00,0.42574132,11.1
2026-04-06 16:05:00,0.42609043,11.08
2026-04-06 16:10:00,0.42605164,11.0
2026-04-06 16:15:00,0.42589648,11.0
2026-04-06 16:20:00,0.42585769,10.94
2026-04-06 16:25:00,0.42562495,10.9
2026-04-06 16:30:00,0.42605164,10.88
2026-04-06 16:35:00,0.42612922,10.8
2026-04-06 16:40:00,0.42616801,10.8
2026-04-06 16:45:00,0.42609043,10.72
2026-04-06 16:50:00,0.42605164,10.7
2026-04-06 16:55:00,0.42578011,10.66
2026-04-06 17:00:00,0.42597406,10.6
2026-04-06 17:05:00,0.42609043,10.56
2026-04-06 17:10:00,0.42589648,10.5
2026-04-06 17:15:00,0.42558616,10.5
2026-04-06 17:20:00,0.42562495,10.4
2026-04-06 17:25:00,0.4258189,10.4
2026-04-06 17:30:00,0.42570253,10.34
2026-04-06 17:35:00,0.42597406,10.3
2026-04-06 17:40:00,0.42574132,10.26
2026-04-06 17:45:00,0.42574132,10.2
2026-04-06 17:50:00,0.42593527,10.2
2026-04-06 17:55:00,0.4262068,10.1
2026-04-06 18:00:00,0.42609043,10.1
2026-04-06 18:05:00,0.42624559,10.06
2026-04-06 18:10:00,0.42605164,10.0
2026-04-06 18:15:00,0.42624559,10.0
2026-04-06 18:20:00,0.42624559,9.92
2026-04-06 18:25:00,0.42612922,9.9
2026-04-06 18:30:00,0.42624559,9.88
2026-04-06 18:35:00,0.42612922,9.8
2026-04-06 18:40:00,0.42624559,9.8
2026-04-06 18:45:00,0.42612922,9.72
2026-04-06 18:50:00,0.42647833,9.7
2026-04-06 18:55:00,0.42628438,9.7
2026-04-06 19:00:00,0.42612922,9.6
2026-04-06 19:05:00,0.42616801,9.6
2026-04-06 19:10:00,0.42605164,9.56
2026-04-06 19:15:00,0.42616801,9.5
2026-04-06 19:20:00,0.42647833,9.5
2026-04-06 19:25:00,0.42643954,9.44
2026-04-06 19:30:00,0.42647833,9.4
2026-04-06 19:35:00,0.42663349,9.4
2026-04-06 19:40:00,0.42643954,9.32
2026-04-06 19:45:00,0.42671107,9.3
2026-04-06 19:50:00,0.42651712,9.3
2026-04-06 19:55:00,0.42632317,9.22
2026-04-06 20:00:00,0.42667228,9.2
2026-04-06 20:05:00,0.42663349,9.2
2026-04-06 20:10:00,0.4265947,9.1
2026-04-06 20:15:00,0.42636196,9.1
2026-04-06 20:20:00,0.4265947,9.1
2026-04-06 20:25:00,0.42651712,9.0
2026-04-06 20:30:00,0.42647833,9.0
2026-04-06 20:35:00,0.42663349,9.0
2026-04-06 20:40:00,0.4265947,8.9
2026-04-06 20:45:00,0.42628438,8.9
2026-04-06 20:50:00,0.42640075,8.9
2026-04-06 20:55:00,0.42667228,8.8
2026-04-06 21:00:00,0.42667228,8.8
2026-04-06 21:05:00,0.42632317,8.78
2026-04-06 21:10:00,0.42678865,8.7
2026-04-06 21:15:00,0.42640075,8.7
2026-04-06 21:20:00,0.42636196,8.7
2026-04-06 21:25:00,0.42671107,8.6
2026-04-06 21:30:00,0.42655591,8.6
2026-04-06 21:35:00,0.42651712,8.6
2026-04-06 21:40:00,0.42651712,8.5
2026-04-06 21:45:00,0.4269826,8.5
2026-04-06 21:50:00,0.42667228,8.5
2026-04-06 21:55:00,0.42643954,8.42
2026-04-06 22:00:00,0.42663349,8.4
2026-04-06 22:05:00,0.42674986,8.4
2026-04-06 22:10:00,0.42690502,8.4
2026-04-06 22:15:00,0.42682744,8.3
2026-04-06 22:20:00,0.42663349,8.3
2026-04-06 22:25:00,0.42682744,8.3
2026-04-06 22:30:00,0.42667228,8.3
2026-04-06 22:35:00,0.42682744,8.3
2026-04-06 22:40:00,0.42674986,8.3
2026-04-06 22:45:00,0.42690502,8.3
2026-04-06 22:50:00,0.42686623,8.3
2026-04-06 22:55:00,0.4265947,8.3
2026-04-06 23:00:00,0.42628438,8.3
2026-04-06 23:05:00,0.42694381,8.3
2026-04-06 23:10:00,0.42694381,8.3
2026-04-06 23:15:00,0.42686623,8.3
2026-04-06 23:20:00,0.42686623,8.3
2026-04-06 23:25:00,0.42686623,8.3
2026-04-06 23:30:00,0.42682744,8.34
2026-04-06 23:35:00,0.42674986,8.4
2026-04-06 23:40:00,0.42674986,8.4
2026-04-06 23:45:00,0.42609043,8.44
2026-04-06 23:50:00,0.42671107,8.5
2026-04-06 23:55:00,0.42632317,8.52
2026-04-07 00:00:00,0.4265947,8.6
2026-04-07 00:05:00,0.42643954,8.64
2026-04-07 00:10:00,0.42636196,8.7
2026-04-07 00:15:00,0.42651712,8.78
2026-04-07 00:20:00,0.42612922,8.84
2026-04-07 00:25:00,0.42585769,8.92
2026-04-07 00:30:00,0.42636196,9.0
2026-04-07 00:35:00,0.42605164,9.1
2026-04-07 00:40:00,0.42624559,9.2
2026-04-07 00:45:00,0.42612922,9.3
2026-04-07 00:50:00,0.42601285,9.42
2026-04-07 00:55:00,0.42601285,9.54
2026-04-07 01:00:00,0.42593527,9.66
2026-04-07 01:05:00,0.42558616,9.76
2026-04-07 01:10:00,0.42531463,9.92
2026-04-07 01:15:00,0.42527584,10.06
2026-04-07 01:20:00,0.42523705,10.18
2026-04-07 01:25:00,0.42515947,10.34
2026-04-07 01:30:00,0.4246552,10.48
2026-04-07 01:35:00,0.42442246,10.64
2026-04-07 01:40:00,0.42515947,10.8
2026-04-07 01:45:00,0.42488794,10.96
2026-04-07 01:50:00,0.42442246,11.1
2026-04-07 01:55:00,0.42434488,11.3
2026-04-07 02:00:00,0.42430609,11.46
2026-04-07 02:05:00,0.4238794,11.64
2026-04-07 02:10:00,0.42353029,11.8
2026-04-07 02:15:00,0.42341392,11.96
2026-04-07 02:20:00,0.42356908,12.14
2026-04-07 02:25:00,0.42318118,12.3
2026-04-07 02:30:00,0.42360787,12.46
2026-04-07 02:35:00,0.42356908,12.64
2026-04-07 02:40:00,0.42368545,12.8
2026-04-07 02:45:00,0.42360787,12.96
2026-04-07 02:50:00,0.42341392,13.14
2026-04-07 02:55:00,0.42306481,13.3
2026-04-07 03:00:00,0.4231036,13.46
2026-04-07 03:05:00,0.42298723,13.64
2026-04-07 03:10:00,0.42283207,13.8
2026-04-07 03:15:00,0.42259933,13.96
2026-04-07 03:20:00,0.42256054,14.12
2026-04-07 03:25:00,0.42240538,14.26
2026-04-07 03:30:00,0.42244417,14.44
2026-04-07 03:35:00,0.42213385,14.58
2026-04-07 03:40:00,0.42221143,14.74
2026-04-07 03:45:00,0.42201748,14.86
2026-04-07 03:50:00,0.42201748,15.02
2026-04-07 03:55:00,0.42186232,15.14
2026-04-07 04:00:00,0.42166837,15.26
2026-04-07 04:05:00,0.42159079,15.42
2026-04-07 04:10:00,0.42147442,15.54
2026-04-07 04:15:00,0.42131926,15.68
2026-04-07 04:20:00,0.42131926,15.84
2026-04-07 04:25:00,0.42120289,15.96
2026-04-07 04:30:00,0.42093136,16.12
2026-04-07 04:35:00,0.42097015,16.26
2026-04-07 04:40:00,0.42081499,16.36
2026-04-07 04:45:00,0.42069862,16.48
2026-04-07 04:50:00,0.42069862,16.56
2026-04-07 04:55:00,0.42054346,16.6
2026-04-07 05:00:00,0.42046588,16.7
2026-04-07 05:05:00,0.42050467,16.7
2026-04-07 05:10:00,0.42046588,16.7
2026-04-07 05:15:00,0.42027193,16.7
2026-04-07 05:20:00,0.42031072,16.7
2026-04-07 05:25:00,0.42034951,16.68
2026-04-07 05:30:00,0.42019435,16.6
2026-04-07 05:35:00,0.42015556,16.6
2026-04-07 05:40:00,0.42007798,16.6
2026-04-07 05:45:00,0.4200004,16.6
2026-04-07 05:50:00,0.42003919,16.6
2026-04-07 05:55:00,0.41996161,16.6
2026-04-07 06:00:00,0.41976766,16.6
2026-04-07 06:05:00,0.41984524,16.6
2026-04-07 06:10:00,0.41969008,16.68
2026-04-07 06:15:00,0.41965129,16.7
2026-04-07 06:20:00,0.41972887,16.78
2026-04-07 06:25:00,0.41969008,16.8
2026-04-07 06:30:00,0.41965129,16.8
2026-04-07 06:35:00,0.4196125,16.8
2026-04-07 06:40:00,0.41957371,16.8
2026-04-07 06:45:00,0.41953492,16.74
2026-04-07 06:50:00,0.41957371,16.68
2026-04-07 06:55:00,0.41972887,16.6
2026-04-07 07:00:00,0.41969008,16.5
2026-04-07 07:05:00,0.41957371,16.38
2026-04-07 07:10:00,0.41965129,16.26
2026-04-07 07:15:00,0.41980645,16.14
2026-04-07 07:20:00,0.41984524,16.02
2026-04-07 07:25:00,0.41980645,15.88
2026-04-07 07:30:00,0.41984524,15.76
2026-04-07 07:35:00,0.41992282,15.62
2026-04-07 07:40:00,0.41992282,15.48
2026-04-07 07:45:00,0.41988403,15.36
2026-04-07 07:50:00,0.41992282,15.24
2026-04-07 07:55:00,0.42007798,15.14
2026-04-07 08:00:00,0.42003919,15.02
2026-04-07 08:05:00,0.42015556,14.88
2026-04-07 08:10:00,0.42015556,14.78
2026-04-07 08:15:00,0.42023314,14.66
2026-04-07 08:20:00,0.42027193,14.56
2026-04-07 08:25:00,0.42027193,14.44
2026-04-07 08:30:00,0.42023314,14.32
2026-04-07 08:35:00,0.42031072,14.22
2026-04-07 08:40:00,0.42034951,14.12
2026-04-07 08:45:00,0.42027193,14.02
2026-04-07 08:50:00,0.42023314,13.94
2026-04-07 08:55:00,0.42046588,13.84
2026-04-07 09:00:00,0.42046588,13.76
2026-04-07 09:05:00,0.42054346,13.68
2026-04-07 09:10:00,0.42058225,13.58
2026-04-07 09:15:00,0.42054346,13.5
2026-04-07 09:20:00,0.42069862,13.4
2026-04-07 09:25:00,0.42058225,13.32
2026-04-07 09:30:00,0.42050467,13.24
2026-04-07 09:35:00,0.4207762,13.14
2026-04-07 09:40:00,0.42069862,13.06
2026-04-07 09:45:00,0.42034951,13.0
2026-04-07 09:50:00,0.42050467,12.9
2026-04-07 09:55:00,0.42073741,12.82
2026-04-07 10:00:00,0.42081499,12.74
2026-04-07 10:05:00,0.42081499,12.66
2026-04-07 10:10:00,0.42089257,12.6
2026-04-07 10:15:00,0.4207762,12.5
2026-04-07 10:20:00,0.42062104,12.42
2026-04-07 10:25:00,0.42062104,12.36
2026-04-07 10:30:00,0.42100894,12.3
2026-04-07 10:35:00,0.42046588,12.2
2026-04-07 10:40:00,0.42031072,12.14
2026-04-07 10:45:00,0.42054346,12.08
2026-04-07 10:50:00,0.42042709,12.0
2026-04-07 10:55:00,0.42042709,11.94
2026-04-07 11:00:00,0.42058225,11.88
2026-04-07 11:05:00,0.42062104,11.8
2026-04-07 11:10:00,0.4203883,11.74
2026-04-07 11:15:00,0.42065983,11.68
2026-04-07 11:20:00,0.42089257,11.6
2026-04-07 11:25:00,0.42065983,11.54
2026-04-07 11:30:00,0.42073741,11.48
2026-04-07 11:35:00,0.42089257,11.4
2026-04-07 11:40:00,0.4211641,11.34
2026-04-07 11:45:00,0.42093136,11.3
2026-04-07 11:50:00,0.42093136,11.2
2026-04-07 11:55:00,0.42124168,11.16
2026-04-07 12:00:00,0.42104773,11.1
2026-04-07 12:05:00,0.42097015,11.02
2026-04-07 12:10:00,0.42139684,10.98
2026-04-07 12:15:00,0.42089257,10.9
2026-04-07 12:20:00,0.42131926,10.84
2026-04-07 12:25:00,0.42143563,10.8
2026-04-07 12:30:00,0.42143563,10.72
2026-04-07 12:35:00,0.42100894,10.68
2026-04-07 12:40:00,0.42104773,10.6
2026-04-07 12:45:00,0.42112531,10.56
2026-04-07 12:50:00,0.42124168,10.5
2026-04-07 12:55:00,0.42085378,10.42
2026-04-07 13:00:00,0.42073741,10.4
2026-04-07 13:05:00,0.4211641,10.3
2026-04-07 13:10:00,0.42108652,10.28
2026-04-07 13:15:00,0.42128047,10.2
2026-04-07 13:20:00,0.42120289,10.16
2026-04-07 13:25:00,0.42170716,10.1
2026-04-07 13:30:00,0.42178474,10.04
2026-04-07 13:35:00,0.42159079,10.0
2026-04-07 13:40:00,0.42178474,9.94
2026-04-07 13:45:00,0.42166837,9.9
2026-04-07 13:50:00,0.421552,9.82
2026-04-07 13:55:00,0.42162958,9.8
2026-04-07 14:00:00,0.42170716,9.7
2026-04-07 14:05:00,0.42135805,9.7
2026-04-07 14:10:00,0.421552,9.6
2026-04-07 14:15:00,0.42174595,9.6
2026-04-07 14:20:00,0.42197869,9.5
2026-04-07 14:25:00,0.42174595,9.5
2026-04-07 14:30:00,0.42166837,9.4
2026-04-07 14:35:00,0.4219399,9.4
2026-04-07 14:40:00,0.42190111,9.3
2026-04-07 14:45:00,0.4219399,9.3
2026-04-07 14:50:00,0.4219399,9.22
2026-04-07 14:55:00,0.42205627,9.2
2026-04-07 15:00:00,0.42209506,9.12
2026-04-07 15:05:00,0.42221143,9.1
2026-04-07 15:10:00,0.42190111,9.04
2026-04-07 15:15:00,0.42197869,9.0
2026-04-07 15:20:00,0.42201748,8.98
2026-04-07 15:25:00,0.42217264,8.9
2026-04-07 15:30:00,0.4219399,8.9
2026-04-07 15:35:00,0.42209506,8.8
2026-04-07 15:40:00,0.42190111,8.8
2026-04-07 15:45:00,0.42190111,8.74
2026-04-07 15:50:00,0.4219399,8.7
2026-04-07 15:55:00,0.42205627,8.7
2026-04-07 16:00:00,0.42209506,8.6
2026-04-07 16:05:00,0.42213385,8.6
2026-04-07 16:10:00,0.42209506,8.56
2026-04-07 16:15:00,0.42190111,8.5
2026-04-07 16:20:00,0.42205627,8.5
2026-04-07 16:25:00,0.42197869,8.42
2026-04-07 16:30:00,0.4223278,8.4
2026-04-07 16:35:00,0.42221143,8.38
2026-04-07 16:40:00,0.42221143,8.3
2026-04-07 16:45:00,0.42240538,8.3
2026-04-07 16:50:00,0.42236659,8.26
2026-04-07 16:55:00,0.42236659,8.2
2026-04-07 17:00:00,0.42221143,8.2
2026-04-07 17:05:00,0.42236659,8.16
2026-04-07 17:10:00,0.42201748,8.1
2026-04-07 17:15:00,0.42225022,8.1
2026-04-07 17:20:00,0.42240538,8.02
2026-04-07 17:25:00,0.4223278,8.0
2026-04-07 17:30:00,0.42248296,8.0
2026-04-07 17:35:00,0.42252175,7.9
2026-04-07 17:40:00,0.42263812,7.9
2026-04-07 17:45:00,0.42225022,7.9
2026-04-07 17:50:00,0.42248296,7.8
2026-04-07 17:55:00,0.42228901,7.8
2026-04-07 18:00:00,0.42263812,7.78
2026-04-07 18:05:00,0.42252175,7.7
2026-04-07 18:10:00,0.42240538,7.7
2026-04-07 18:15:00,0.42256054,7.7
2026-04-07 18:20:00,0.42236659,7.6
2026-04-07 18:25:00,0.42263812,7.6
2026-04-07 18:30:00,0.4227157,7.58
2026-04-07 18:35:00,0.42259933,7.5
2026-04-07 18:40:00,0.42256054,7.5
2026-04-07 18:45:00,0.42252175,7.5
2026-04-07 18:50:00,0.4227157,7.4
2026-04-07 18:55:00,0.42275449,7.4
2026-04-07 19:00:00,0.42267691,7.4
2026-04-07 19:05:00,0.42275449,7.32
2026-04-07 19:10:00,0.42236659,7.3
2026-04-07 19:15:00,0.42244417,7.3
2026-04-07 19:20:00,0.42279328,7.24
2026-04-07 19:25:00,0.42259933,7.2
2026-04-07 19:30:00,0.42298723,7.2
2026-04-07 19:35:00,0.42287086,7.18
2026-04-07 19:40:00,0.42275449,7.1
2026-04-07 19:45:00,0.4227157,7.1
2026-04-07 19:50:00,0.4227157,7.1
2026-04-07 19:55:00,0.42290965,7.0
2026-04-07 20:00:00,0.42318118,7.0
2026-04-07 20:05:00,0.42252175,7.0
2026-04-07 20:10:00,0.42318118,6.94
2026-04-07 20:15:00,0.42298723,6.9
2026-04-07 20:20:00,0.42294844,6.9
2026-04-07 20:25:00,0.4231036,6.88
2026-04-07 20:30:00,0.42290965,6.8
2026-04-07 20:35:00,0.42325876,6.8
2026-04-07 20:40:00,0.42318118,6.8
2026-04-07 20:45:00,0.42267691,6.76
2026-04-07 20:50:00,0.42325876,6.7
2026-04-07 20:55:00,0.42287086,6.7
2026-04-07 21:00:00,0.42314239,6.68
2026-04-07 21:05:00,0.42329755,6.6
2026-04-07 21:10:00,0.42333634,6.6
2026-04-07 21:15:00,0.42321997,6.6
2026-04-07 21:20:00,0.42333634,6.54
2026-04-07 21:25:00,0.42294844,6.5
2026-04-07 21:30:00,0.42325876,6.5
2026-04-07 21:35:00,0.42341392,6.5
2026-04-07 21:40:00,0.42298723,6.44
2026-04-07 21:45:00,0.42318118,6.4
2026-04-07 21:50:00,0.42325876,6.4
2026-04-07 21:55:00,0.42333634,6.4
2026-04-07 22:00:00,0.4231036,6.4
2026-04-07 22:05:00,0.42306481,6.32
2026-04-07 22:10:00,0.42314239,6.3
2026-04-07 22:15:00,0.42294844,6.3
2026-04-07 22:20:00,0.42321997,6.3
2026-04-07 22:25:00,0.42321997,6.3
2026-04-07 22:30:00,0.42341392,6.3
2026-04-07 22:35:00,0.42329755,6.3
2026-04-07 22:40:00,0.4231036,6.3
2026-04-07 22:45:00,0.42321997,6.3
2026-04-07 22:50:00,0.4234915,6.3
2026-04-07 22:55:00,0.42345271,6.3
2026-04-07 23:00:00,0.42287086,6.3
2026-04-07 23:05:00,0.42302602,6.3
2026-04-07 23:10:00,0.42314239,6.36
2026-04-07 23:15:00,0.42298723,6.4
2026-04-07 23:20:00,0.42302602,6.4
2026-04-07 23:25:00,0.42318118,6.4
2026-04-07 23:30:00,0.42318118,6.48
2026-04-07 23:35:00,0.42302602,6.5
2026-04-07 23:40:00,0.42306481,6.52
2026-04-07 23:45:00,0.42306481,6.6
2026-04-07 23:50:00,0.42306481,6.64
2026-04-07 23:55:00,0.42275449,6.7
2026-04-08 00:00:00,0.42298723,6.78
2026-04-08 00:05:00,0.42306481,6.84
2026-04-08 00:10:00,0.42275449,6.92
2026-04-08 00:15:00,0.42302602,7.0
2026-04-08 00:20:00,0.42283207,7.1
2026-04-08 00:25:00,0.42290965,7.2
2026-04-08 00:30:00,0.42279328,7.32
2026-04-08 00:35:00,0.42259933,7.42
2026-04-08 00:40:00,0.42275449,7.54
2026-04-08 00:45:00,0.42263812,7.68
2026-04-08 00:50:00,0.42256054,7.84
2026-04-08 00:55:00,0.4223278,7.98
2026-04-08 01:00:00,0.42217264,8.14
2026-04-08 01:05:00,0.42221143,8.3
2026-04-08 01:10:00,0.42217264,8.5
2026-04-08 01:15:00,0.42162958,8.66
2026-04-08 01:20:00,0.42186232,8.84
2026-04-08 01:25:00,0.42197869,9.04
2026-04-08 01:30:00,0.42186232,9.22
2026-04-08 01:35:00,0.42182353,9.44
2026-04-08 01:40:00,0.42151321,9.64
2026-04-08 01:45:00,0.42085378,9.84
2026-04-08 01:50:00,0.4211641,10.08
2026-04-08 01:55:00,0.42085378,10.28
2026-04-08 02:00:00,0.42046588,10.5
2026-04-08 02:05:00,0.42073741,10.72
2026-04-08 02:10:00,0.42065983,10.94
2026-04-08 02:15:00,0.42023314,11.18
2026-04-08 02:20:00,0.42027193,11.38
2026-04-08 02:25:00,0.42007798,11.62
2026-04-08 02:30:00,0.42046588,11.86
2026-04-08 02:35:00,0.41969008,12.08
2026-04-08 02:40:00,0.42011677,12.3
2026-04-08 02:45:00,0.42007798,12.52
2026-04-08 02:50:00,0.41969008,12.74
2026-04-08 02:55:00,0.41976766,12.98
2026-04-08 03:00:00,0.41980645,13.2
2026-04-08 03:05:00,0.41980645,13.42
2026-04-08 03:10:00,0.41957371,13.66
2026-04-08 03:15:00,0.41941855,13.88
2026-04-08 03:20:00,0.4192246,14.08
2026-04-08 03:25:00,0.41914702,14.3
2026-04-08 03:30:00,0.41895307,14.52
2026-04-08 03:35:00,0.4188367,14.72
2026-04-08 03:40:00,0.41879791,14.94
2026-04-08 03:45:00,0.41872033,15.14
2026-04-08 03:50:00,0.41848759,15.34
2026-04-08 03:55:00,0.41829364,15.54
2026-04-08 04:00:00,0.41821606,15.74
2026-04-08 04:05:00,0.41817727,15.92
2026-04-08 04:10:00,0.41817727,16.12
2026-04-08 04:15:00,0.41809969,16.3
2026-04-08 04:20:00,0.41790574,16.46
2026-04-08 04:25:00,0.41775058,16.64
2026-04-08 04:30:00,0.41755663,16.8
2026-04-08 04:35:00,0.41740147,16.96
2026-04-08 04:40:00,0.41736268,17.14
2026-04-08 04:45:00,0.41709115,17.3
2026-04-08 04:50:00,0.41709115,17.44
2026-04-08 04:55:00,0.41701357,17.56
2026-04-08 05:00:00,0.41697478,17.66
2026-04-08 05:05:00,0.41678083,17.72
2026-04-08 05:10:00,0.41674204,17.8
2026-04-08 05:15:00,0.41681962,17.8
2026-04-08 05:20:00,0.41662567,17.8
2026-04-08 05:25:00,0.41658688,17.8
2026-04-08 05:30:00,0.41658688,17.9
2026-04-08 05:35:00,0.41643172,17.9
2026-04-08 05:40:00,0.41654809,17.9
2026-04-08 05:45:00,0.41631535,17.9
2026-04-08 05:50:00,0.41627656,17.92
2026-04-08 05:55:00,0.41627656,18.0
2026-04-08 06:00:00,0.41623777,18.04
2026-04-08 06:05:00,0.41608261,18.1
2026-04-08 06:10:00,0.4161214,18.18
2026-04-08 06:15:00,0.41619898,18.24
2026-04-08 06:20:00,0.41600503,18.3
2026-04-08 06:25:00,0.41592745,18.38
2026-04-08 06:30:00,0.41600503,18.4
2026-04-08 06:35:00,0.41569471,18.4
2026-04-08 06:40:00,0.41561713,18.4
2026-04-08 06:45:00,0.41577229,18.4
2026-04-08 06:50:00,0.41561713,18.34
2026-04-08 06:55:00,0.41588866,18.3
2026-04-08 07:00:00,0.41588866,18.2
2026-04-08 07:05:00,0.41581108,18.12
2026-04-08 07:10:00,0.41584987,18.04
2026-04-08 07:15:00,0.41588866,17.94
2026-04-08 07:20:00,0.41588866,17.84
2026-04-08 07:25:00,0.41600503,17.74
2026-04-08 07:30:00,0.41592745,17.64
2026-04-08 07:35:00,0.41604382,17.52
2026-04-08 07:40:00,0.41616019,17.42
2026-04-08 07:45:00,0.41600503,17.32
2026-04-08 07:50:00,0.41608261,17.2
2026-04-08 07:55:00,0.41616019,17.1
2026-04-08 08:00:00,0.41623777,16.98
2026-04-08 08:05:00,0.4161214,16.88
2026-04-08 08:10:00,0.41616019,16.78
2026-04-08 08:15:00,0.41616019,16.68
2026-04-08 08:20:00,0.41623777,16.58
2026-04-08 08:25:00,0.41627656,16.48
2026-04-08 08:30:00,0.41631535,16.38
2026-04-08 08:35:00,0.41627656,16.3
2026-04-08 08:40:00,0.41635414,16.2
2026-04-08 08:45:00,0.41643172,16.1
2026-04-08 08:50:00,0.41647051,16.02
2026-04-08 08:55:00,0.4165093,15.92
2026-04-08 09:00:00,0.41654809,15.84
2026-04-08 09:05:00,0.41654809,15.76
2026-04-08 09:10:00,0.41658688,15.7
2026-04-08 09:15:00,0.41654809,15.6
2026-04-08 09:20:00,0.41658688,15.52
2026-04-08 09:25:00,0.41670325,15.46
2026-04-08 09:30:00,0.41670325,15.4
2026-04-08 09:35:00,0.41666446,15.3
2026-04-08 09:40:00,0.41666446,15.24
2026-04-08 09:45:00,0.41674204,15.2
2026-04-08 09:50:00,0.41674204,15.1
2026-04-08 09:55:00,0.41678083,15.02
2026-04-08 10:00:00,0.41678083,14.96
2026-04-08 10:05:00,0.41681962,14.88
2026-04-08 10:10:00,0.4168972,14.8
2026-04-08 10:15:00,0.4168972,14.7
2026-04-08 10:20:00,0.4168972,14.64
2026-04-08 10:25:00,0.41693599,14.56
2026-04-08 10:30:00,0.41701357,14.46
2026-04-08 10:35:00,0.41705236,14.38
2026-04-08 10:40:00,0.41712994,14.3
2026-04-08 10:45:00,0.41705236,14.2
2026-04-08 10:50:00,0.41712994,14.12
2026-04-08 10:55:00,0.41712994,14.06
2026-04-08 11:00:00,0.41724631,13.98
2026-04-08 11:05:00,0.41709115,13.9
2026-04-08 11:10:00,0.41716873,13.8
2026-04-08 11:15:00,0.41693599,13.74
2026-04-08 11:20:00,0.41720752,13.68
2026-04-08 11:25:00,0.41724631,13.6
2026-04-08 11:30:00,0.4172851,13.5
2026-04-08 11:35:00,0.41736268,13.44
2026-04-08 11:40:00,0.4172851,13.38
2026-04-08 11:45:00,0.41732389,13.3
2026-04-08 11:50:00,0.41740147,13.22
2026-04-08 11:55:00,0.41732389,13.18
2026-04-08 12:00:00,0.41720752,13.1
2026-04-08 12:05:00,0.41720752,13.04
2026-04-08 12:10:00,0.41697478,13.0
2026-04-08 12:15:00,0.41720752,12.9
2026-04-08 12:20:00,0.41744026,12.86
2026-04-08 12:25:00,0.41744026,12.8
2026-04-08 12:30:00,0.41740147,12.74
2026-04-08 12:35:00,0.41736268,12.7
2026-04-08 12:40:00,0.41724631,12.6
2026-04-08 12:45:00,0.41720752,12.6
2026-04-08 12:50:00,0.41701357,12.5
2026-04-08 12:55:00,0.41732389,12.48
2026-04-08 13:00:00,0.41755663,12.4
2026-04-08 13:05:00,0.41716873,12.38
2026-04-08 13:10:00,0.41720752,12.3
2026-04-08 13:15:00,0.41701357,12.28
2026-04-08 13:20:00,0.41736268,12.2
2026-04-08 13:25:00,0.41701357,12.2
2026-04-08 13:30:00,0.41685841,12.12
2026-04-08 13:35:00,0.41716873,12.1
2026-04-08 13:40:00,0.41747905,12.04
2026-04-08 13:45:00,0.41709115,12.0
2026-04-08 13:50:00,0.41701357,12.0
2026-04-08 13:55:00,0.41740147,11.92
2026-04-08 14:00:00,0.41740147,11.9
2026-04-08 14:05:00,0.41693599,11.9
2026-04-08 14:10:00,0.41697478,11.8
2026-04-08 14:15:00,0.41705236,11.8
2026-04-08 14:20:00,0.41701357,11.8
2026-04-08 14:25:00,0.41693599,11.7
2026-04-08 14:30:00,0.41697478,11.7
2026-04-08 14:35:00,0.41712994,11.7
2026-04-08 14:40:00,0.41685841,11.62
2026-04-08 14:45:00,0.41771179,11.6
2026-04-08 14:50:00,0.4172851,11.6
2026-04-08 14:55:00,0.41744026,11.58
2026-04-08 15:00:00,0.4172851,11.5
2026-04-08 15:05:00,0.41755663,11.5
2026-04-08 15:10:00,0.41732389,11.5
2026-04-08 15:15:00,0.41712994,11.48
2026-04-08 15:20:00,0.41736268,11.4
2026-04-08 15:25:00,0.417673,11.4
2026-04-08 15:30:00,0.41724631,11.4
2026-04-08 15:35:00,0.41724631,11.4
2026-04-08 15:40:00,0.41736268,11.38
2026-04-08 15:45:00,0.41763421,11.3
2026-04-08 15:50:00,0.41709115,11.3
2026-04-08 15:55:00,0.41724631,11.3
2026-04-08 16:00:00,0.41759542,11.3
2026-04-08 16:05:00,0.41790574,11.3
2026-04-08 16:10:00,0.41712994,11.3
2026-04-08 16:15:00,0.41705236,11.28
2026-04-08 16:20:00,0.41771179,11.2
2026-04-08 16:25:00,0.41732389,11.2
2026-04-08 16:30:00,0.41744026,11.2
2026-04-08 16:35:00,0.41740147,11.2
2026-04-08 16:40:00,0.41759542,11.2
2026-04-08 16:45:00,0.41747905,11.2
2026-04-08 16:50:00,0.41712994,11.2
2026-04-08 16:55:00,0.41778937,11.2
2026-04-08 17:00:00,0.41720752,11.2
2026-04-08 17:05:00,0.41755663,11.1
2026-04-08 17:10:00,0.41732389,11.1
2026-04-08 17:15:00,0.41763421,11.1
2026-04-08 17:20:00,0.41744026,11.1
2026-04-08 17:25:00,0.41732389,11.1
2026-04-08 17:30:00,0.417673,11.1
2026-04-08 17:35:00,0.41736268,11.1
2026-04-08 17:40:00,0.41744026,11.1
2026-04-08 17:45:00,0.41763421,11.1
2026-04-08 17:50:00,0.41744026,11.1
2026-04-08 17:55:00,0.41736268,11.1
2026-04-08 18:00:00,0.41778937,11.1
2026-04-08 18:05:00,0.41771179,11.1
2026-04-08 18:10:00,0.41782816,11.1
2026-04-08 18:15:00,0.41740147,11.1
2026-04-08 18:20:00,0.41755663,11.1
2026-04-08 18:25:00,0.417673,11.1
2026-04-08 18:30:00,0.417673,11.1
2026-04-08 18:35:00,0.41771179,11.04
2026-04-08 18:40:00,0.41763421,11.0
2026-04-08 18:45:00,0.41759542,11.0
2026-04-08 18:50:00,0.41782816,11.0
2026-04-08 18:55:00,0.41782816,11.0
2026-04-08 19:00:00,0.4180609,11.0
2026-04-08 19:05:00,0.41802211,11.0
2026-04-08 19:10:00,0.41798332,11.0
2026-04-08 19:15:00,0.4180609,11.0
2026-04-08 19:20:00,0.4180609,11.0
2026-04-08 19:25:00,0.41775058,11.0
2026-04-08 19:30:00,0.41790574,11.0
2026-04-08 19:35:00,0.41802211,11.0
2026-04-08 19:40:00,0.41802211,11.0
2026-04-08 19:45:00,0.41794453,11.0
2026-04-08 19:50:00,0.41798332,11.0
2026-04-08 19:55:00,0.41802211,11.0
2026-04-08 20:00:00,0.41798332,11.0
2026-04-08 20:05:00,0.41821606,11.0
2026-04-08 20:10:00,0.41790574,11.0
2026-04-08 20:15:00,0.41786695,11.0
2026-04-08 20:20:00,0.41790574,11.0
2026-04-08 20:25:00,0.41817727,11.0
2026-04-08 20:30:00,0.41841001,11.0
2026-04-08 20:35:00,0.41786695,11.0
2026-04-08 20:40:00,0.41833243,10.98
2026-04-08 20:45:00,0.41809969,10.9
2026-04-08 20:50:00,0.41759542,10.92
2026-04-08 20:55:00,0.41790574,10.9
2026-04-08 21:00:00,0.41852638,10.9
2026-04-08 21:05:00,0.41829364,10.9
2026-04-08 21:10:00,0.41829364,10.9
2026-04-08 21:15:00,0.41809969,10.96
2026-04-08 21:20:00,0.41813848,10.98
2026-04-08 21:25:00,0.41825485,11.0
2026-04-08 21:30:00,0.41782816,11.0
2026-04-08 21:35:00,0.41813848,11.0
2026-04-08 21:40:00,0.41841001,11.0
2026-04-08 21:45:00,0.41852638,11.0
2026-04-08 21:50:00,0.41813848,11.0
2026-04-08 21:55:00,0.41813848,11.0
2026-04-08 22:00:00,0.4180609,11.0
2026-04-08 22:05:00,0.41813848,11.0
2026-04-08 22:10:00,0.41825485,11.0
2026-04-08 22:15:00,0.41825485,11.0
2026-04-08 22:20:00,0.41833243,11.0
2026-04-08 22:25:00,0.41825485,11.0
2026-04-08 22:30:00,0.41848759,11.0
2026-04-08 22:35:00,0.41852638,11.0
2026-04-08 22:40:00,0.41848759,11.0
2026-04-08 22:45:00,0.41848759,11.0
2026-04-08 22:50:00,0.41833243,11.0
2026-04-08 22:55:00,0.41860396,11.0
2026-04-08 23:00:00,0.4184488,11.0
2026-04-08 23:05:00,0.41860396,11.02
2026-04-08 23:10:00,0.41852638,11.1
2026-04-08 23:15:00,0.41864275,11.1
2026-04-08 23:20:00,0.41837122,11.1
2026-04-08 23:25:00,0.4184488,11.1
2026-04-08 23:30:00,0.4184488,11.1
2026-04-08 23:35:00,0.41825485,11.1
2026-04-08 23:40:00,0.41872033,11.1
2026-04-08 23:45:00,0.41872033,11.2
2026-04-08 23:50:00,0.41848759,11.2
2026-04-08 23:55:00,0.41856517,11.2
2026-04-09 00:00:00,0.41872033,11.2
2026-04-09 00:05:00,0.41887549,11.26
2026-04-09 00:10:00,0.41895307,11.3
2026-04-09 00:15:00,0.4188367,11.3
2026-04-09 00:20:00,0.41910823,11.3
2026-04-09 00:25:00,0.41872033,11.4
2026-04-09 00:30:00,0.41910823,11.4
2026-04-09 00:35:00,0.41914702,11.4
2026-04-09 00:40:00,0.41926339,11.42
2026-04-09 00:45:00,0.41926339,11.5
2026-04-09 00:50:00,0.41918581,11.5
2026-04-09 00:55:00,0.41941855,11.5
2026-04-09 01:00:00,0.41953492,11.5
2026-04-09 01:05:00,0.42003919,11.5
2026-04-09 01:10:00,0.41984524,11.58
2026-04-09 01:15:00,0.42073741,11.6
2026-04-09 01:20:00,0.42159079,11.6
2026-04-09 01:25:00,0.42275449,11.6
2026-04-09 01:30:00,0.4234915,11.6
2026-04-09 01:35:00,0.42418972,11.64
2026-04-09 01:40:00,0.4250431,11.7
2026-04-09 01:45:00,0.42558616,11.7
2026-04-09 01:50:00,0.42609043,11.7
2026-04-09 01:55:00,0.42636196,11.8
2026-04-09 02:00:00,0.42647833,11.8
2026-04-09 02:05:00,0.42674986,11.88
2026-04-09 02:10:00,0.42636196,11.92
2026-04-09 02:15:00,0.42655591,12.0
2026-04-09 02:20:00,0.42686623,12.02
2026-04-09 02:25:00,0.42694381,12.1
2026-04-09 02:30:00,0.4273705,12.12
2026-04-09 02:35:00,0.42810751,12.2
2026-04-09 02:40:00,0.42868936,12.2
2026-04-09 02:45:00,0.42942637,12.28
2026-04-09 02:50:00,0.42989185,12.3
2026-04-09 02:55:00,0.43059007,12.3
2026-04-09 03:00:00,0.4312495,12.4
2026-04-09 03:05:00,0.43082281,12.4
2026-04-09 03:10:00,0.4304737,12.4
2026-04-09 03:15:00,0.433189,12.4
2026-04-09 03:20:00,0.4393954,12.4
2026-04-09 03:25:00,0.44121853,12.44
2026-04-09 03:30:00,0.44125732,12.5
2026-04-09 03:35:00,0.44145127,12.52
2026-04-09 03:40:00,0.44137369,12.6
2026-04-09 03:45:00,0.44141248,12.6
2026-04-09 03:50:00,0.4413349,12.66
2026-04-09 03:55:00,0.44141248,12.7
2026-04-09 04:00:00,0.44098579,12.7
2026-04-09 04:05:00,0.44129611,12.74
2026-04-09 04:10:00,0.44114095,12.8
2026-04-09 04:15:00,0.44114095,12.8
2026-04-09 04:20:00,0.44090821,12.8
2026-04-09 04:25:00,0.440947,12.8
2026-04-09 04:30:00,0.44075305,12.9
2026-04-09 04:35:00,0.44125732,12.9
2026-04-09 04:40:00,0.44141248,12.9
2026-04-09 04:45:00,0.44156764,12.96
2026-04-09 04:50:00,0.44156764,13.0
2026-04-09 04:55:00,0.44152885,13.0
2026-04-09 05:00:00,0.44145127,13.06
2026-04-09 05:05:00,0.44160643,13.1
2026-04-09 05:10:00,0.4417228,13.1
2026-04-09 05:15:00,0.44164522,13.14
2026-04-09 05:20:00,0.44183917,13.2
2026-04-09 05:25:00,0.44180038,13.2
2026-04-09 05:30:00,0.44160643,13.22
2026-04-09 05:35:00,0.44176159,13.3
2026-04-09 05:40:00,0.44168401,13.3
2026-04-09 05:45:00,0.44156764,13.32
2026-04-09 05:50:00,0.44149006,13.4
2026-04-09 05:55:00,0.44152885,13.4
2026-04-09 06:00:00,0.44149006,13.4
2026-04-09 06:05:00,0.44145127,13.4
2026-04-09 06:10:00,0.44149006,13.5
2026-04-09 06:15:00,0.44160643,13.5
2026-04-09 06:20:00,0.44160643,13.5
2026-04-09 06:25:00,0.44145127,13.5
2026-04-09 06:30:00,0.44168401,13.54
2026-04-09 06:35:00,0.44168401,13.6
2026-04-09 06:40:00,0.44145127,13.6
2026-04-09 06:45:00,0.44160643,13.6
2026-04-09 06:50:00,0.44156764,13.66
2026-04-09 06:55:00,0.44164522,13.7
2026-04-09 07:00:00,0.44180038,13.7
2026-04-09 07:05:00,0.4421107,13.74
2026-04-09 07:10:00,0.44222707,13.8
2026-04-09 07:15:00,0.44234344,13.8
2026-04-09 07:20:00,0.44234344,13.86
2026-04-09 07:25:00,0.44261497,13.9
2026-04-09 07:30:00,0.44292529,13.9
2026-04-09 07:35:00,0.4436623,13.92
2026-04-09 07:40:00,0.44358472,14.0
2026-04-09 07:45:00,0.4436623,14.04
2026-04-09 07:50:00,0.44385625,14.1
2026-04-09 07:55:00,0.44385625,14.1
2026-04-09 08:00:00,0.44377867,14.12
2026-04-09 08:05:00,0.44401141,14.2
2026-04-09 08:10:00,0.44424415,14.2
2026-04-09 08:15:00,0.44416657,14.2
2026-04-09 08:20:00,0.44424415,14.2
2026-04-09 08:25:00,0.44436052,14.2
2026-04-09 08:30:00,0.44428294,14.2
2026-04-09 08:35:00,0.44432173,14.2
2026-04-09 08:40:00,0.44439931,14.2
2026-04-09 08:45:00,0.44439931,14.16
2026-04-09 08:50:00,0.4444381,14.1
2026-04-09 08:55:00,0.44439931,14.1
2026-04-09 09:00:00,0.44439931,14.02
2026-04-09 09:05:00,0.44436052,14.0
2026-04-09 09:10:00,0.4444381,13.94
2026-04-09 09:15:00,0.44439931,13.9
2026-04-09 09:20:00,0.4444381,13.9
2026-04-09 09:25:00,0.4444381,13.88
2026-04-09 09:30:00,0.44424415,13.8
2026-04-09 09:35:00,0.44401141,13.8
2026-04-09 09:40:00,0.44370109,13.8
2026-04-09 09:45:00,0.44358472,13.74
2026-04-09 09:50:00,0.44370109,13.7
2026-04-09 09:55:00,0.44362351,13.7
2026-04-09 10:00:00,0.44362351,13.7
2026-04-09 10:05:00,0.44362351,13.7
2026-04-09 10:10:00,0.44350714,13.7
2026-04-09 10:15:00,0.44335198,13.7
2026-04-09 10:20:00,0.44331319,13.7
2026-04-09 10:25:00,0.44319682,13.7
2026-04-09 10:30:00,0.44331319,13.6
2026-04-09 10:35:00,0.44323561,13.6
2026-04-09 10:40:00,0.44296408,13.6
2026-04-09 10:45:00,0.44304166,13.7
2026-04-09 10:50:00,0.44335198,13.7
2026-04-09 10:55:00,0.44311924,13.7
2026-04-09 11:00:00,0.4432744,13.7
2026-04-09 11:05:00,0.44331319,13.7
2026-04-09 11:10:00,0.44339077,13.7
2026-04-09 11:15:00,0.44339077,13.7
2026-04-09 11:20:00,0.44319682,13.7
2026-04-09 11:25:00,0.44323561,13.7
2026-04-09 11:30:00,0.4436623,13.7
2026-04-09 11:35:00,0.44346835,13.68
2026-04-09 11:40:00,0.44323561,13.7
2026-04-09 11:45:00,0.44308045,13.7
2026-04-09 11:50:00,0.44323561,13.7
2026-04-09 11:55:00,0.44323561,13.7
2026-04-09 12:00:00,0.44331319,13.7
2026-04-09 12:05:00,0.44323561,13.7
2026-04-09 12:10:00,0.44308045,13.7
2026-04-09 12:15:00,0.44304166,13.7
2026-04-09 12:20:00,0.44339077,13.7
2026-04-09 12:25:00,0.44319682,13.7
2026-04-09 12:30:00,0.44319682,13.62
2026-04-09 12:35:00,0.44335198,13.6
2026-04-09 12:40:00,0.44331319,13.6
2026-04-09 12:45:00,0.44335198,13.6
2026-04-09 12:50:00,0.4432744,13.6
2026-04-09 12:55:00,0.44308045,13.6
2026-04-09 13:00:00,0.44311924,13.6
2026-04-09 13:05:00,0.44296408,13.6
2026-04-09 13:10:00,0.44319682,13.6
2026-04-09 13:15:00,0.44315803,13.6
2026-04-09 13:20:00,0.44315803,13.6
2026-04-09 13:25:00,0.44315803,13.6
2026-04-09 13:30:00,0.44311924,13.6
2026-04-09 13:35:00,0.44304166,13.6
2026-04-09 13:40:00,0.44308045,13.6
2026-04-09 13:45:00,0.44308045,13.6
2026-04-09 13:50:00,0.44300287,13.6
2026-04-09 13:55:00,0.44300287,13.6
2026-04-09 14:00:00,0.44292529,13.6
2026-04-09 14:05:00,0.44300287,13.6
2026-04-09 14:10:00,0.44296408,13.6
2026-04-09 14:15:00,0.44304166,13.6
2026-04-09 14:20:00,0.4428865,13.6
2026-04-09 14:25:00,0.44292529,13.6
2026-04-09 14:30:00,0.44284771,13.6
2026-04-09 14:35:00,0.44292529,13.6
2026-04-09 14:40:00,0.4428865,13.6
2026-04-09 14:45:00,0.44273134,13.6
2026-04-09 14:50:00,0.44265376,13.6
2026-04-09 14:55:00,0.44261497,13.6
2026-04-09 15:00:00,0.44273134,13.6
2026-04-09 15:05:00,0.44222707,13.6
2026-04-09 15:10:00,0.44199433,13.6
2026-04-09 15:15:00,0.44183917,13.6
2026-04-09 15:20:00,0.44168401,13.6
2026-04-09 15:25:00,0.44176159,13.6
2026-04-09 15:30:00,0.44141248,13.6
2026-04-09 15:35:00,0.44141248,13.6
2026-04-09 15:40:00,0.44141248,13.6
2026-04-09 15:45:00,0.44145127,13.6
2026-04-09 15:50:00,0.44137369,13.6
2026-04-09 15:55:00,0.44121853,13.6
2026-04-09 16:00:00,0.4413349,13.6
2026-04-09 16:05:00,0.44121853,13.6
2026-04-09 16:10:00,0.44152885,13.6
2026-04-09 16:15:00,0.44207191,13.6
2026-04-09 16:20:00,0.44226586,13.6
2026-04-09 16:25:00,0.44245981,13.6
2026-04-09 16:30:00,0.44234344,13.6
2026-04-09 16:35:00,0.44238223,13.6
2026-04-09 16:40:00,0.44238223,13.6
2026-04-09 16:45:00,0.44226586,13.6
2026-04-09 16:50:00,0.44230465,13.6
2026-04-09 16:55:00,0.44180038,13.6
2026-04-09 17:00:00,0.44168401,13.6
2026-04-09 17:05:00,0.44137369,13.6
2026-04-09 17:10:00,0.44137369,13.6
2026-04-09 17:15:00,0.44191675,13.6
2026-04-09 17:20:00,0.4424986,13.6
2026-04-09 17:25:00,0.44203312,13.6
2026-04-09 17:30:00,0.44230465,13.6
2026-04-09 17:35:00,0.44203312,13.6
2026-04-09 17:40:00,0.44129611,13.6
2026-04-09 17:45:00,0.44137369,13.6
2026-04-09 17:50:00,0.44137369,13.6
2026-04-09 17:55:00,0.4413349,13.52
2026-04-09 18:00:00,0.44117974,13.5
2026-04-09 18:05:00,0.44110216,13.5
2026-04-09 18:10:00,0.44114095,13.5
2026-04-09 18:15:00,0.44117974,13.5
2026-04-09 18:20:00,0.44110216,13.5
2026-04-09 18:25:00,0.44110216,13.5
2026-04-09 18:30:00,0.44117974,13.5
2026-04-09 18:35:00,0.44114095,13.5
2026-04-09 18:40:00,0.44114095,13.5
2026-04-09 18:45:00,0.44121853,13.5
2026-04-09 18:50:00,0.44106337,13.5
2026-04-09 18:55:00,0.44110216,13.5
2026-04-09 19:00:00,0.44110216,13.5
2026-04-09 19:05:00,0.44102458,13.42
2026-04-09 19:10:00,0.44114095,13.4
2026-04-09 19:15:00,0.44110216,13.4
2026-04-09 19:20:00,0.44114095,13.4
2026-04-09 19:25:00,0.44106337,13.4
2026-04-09 19:30:00,0.44098579,13.4
2026-04-09 19:35:00,0.44098579,13.4
2026-04-09 19:40:00,0.44098579,13.4
2026-04-09 19:45:00,0.44102458,13.4
2026-04-09 19:50:00,0.44114095,13.4
2026-04-09 19:55:00,0.44102458,13.32
2026-04-09 20:00:00,0.44110216,13.3
2026-04-09 20:05:00,0.44117974,13.3
2026-04-09 20:10:00,0.44110216,13.3
2026-04-09 20:15:00,0.44110216,13.3
2026-04-09 20:20:00,0.44098579,13.3
2026-04-09 20:25:00,0.44106337,13.26
2026-04-09 20:30:00,0.44117974,13.2
2026-04-09 20:35:00,0.44110216,13.2
2026-04-09 20:40:00,0.44110216,13.2
2026-04-09 20:45:00,0.44106337,13.2
2026-04-09 20:50:00,0.44106337,13.2
2026-04-09 20:55:00,0.44086942,13.14
2026-04-09 21:00:00,0.44075305,13.1
2026-04-09 21:05:00,0.44040394,13.1
2026-04-09 21:10:00,0.44059789,13.1
2026-04-09 21:15:00,0.44079184,13.1
2026-04-09 21:20:00,0.4405591,13.1
2026-04-09 21:25:00,0.44032636,13.08
2026-04-09 21:30:00,0.44044273,13.0
2026-04-09 21:35:00,0.44075305,13.0
2026-04-09 21:40:00,0.44067547,13.0
2026-04-09 21:45:00,0.44048152,13.0
2026-04-09 21:50:00,0.44090821,13.0
2026-04-09 21:55:00,0.44067547,13.0
2026-04-09 22:00:00,0.44075305,12.98
2026-04-09 22:05:00,0.44063668,12.9
2026-04-09 22:10:00,0.44086942,12.9
2026-04-09 22:15:00,0.44098579,12.9
2026-04-09 22:20:00,0.44075305,12.9
2026-04-09 22:25:00,0.44098579,12.9
2026-04-09 22:30:00,0.44090821,12.9
2026-04-09 22:35:00,0.44052031,12.9
2026-04-09 22:40:00,0.44083063,12.9
2026-04-09 22:45:00,0.44044273,12.9
2026-04-09 22:50:00,0.44063668,12.9
2026-04-09 22:55:00,0.44079184,12.84
2026-04-09 23:00:00,0.44067547,12.8
2026-04-09 23:05:00,0.44086942,12.8
2026-04-09 23:10:00,0.4405591,12.8
2026-04-09 23:15:00,0.44040394,12.8
2026-04-09 23:20:00,0.44052031,12.8
2026-04-09 23:25:00,0.44083063,12.8
2026-04-09 23:30:00,0.44059789,12.8
2026-04-09 23:35:00,0.44098579,12.8
2026-04-09 23:40:00,0.44098579,12.8
2026-04-09 23:45:00,0.44086942,12.8
2026-04-09 23:50:00,0.44083063,12.8
2026-04-09 23:55:00,0.44036515,12.8
2026-04-10 00:00:00,0.44059789,12.8
2026-04-10 00:05:00,0.44075305,12.8
2026-04-10 00:10:00,0.44090821,12.8
2026-04-10 00:15:00,0.44098579,12.8
2026-04-10 00:20:00,0.44083063,12.86
2026-04-10 00:25:00,0.44071426,12.9
2026-04-10 00:30:00,0.4405591,12.9
2026-04-10 00:35:00,0.44071426,12.9
2026-04-10 00:40:00,0.44071426,12.9
2026-04-10 00:45:00,0.44083063,12.9
2026-04-10 00:50:00,0.44083063,12.92
2026-04-10 00:55:00,0.44063668,13.0
2026-04-10 01:00:00,0.44063668,13.0
2026-04-10 01:05:00,0.44102458,13.0
2026-04-10 01:10:00,0.44067547,13.0
2026-04-10 01:15:00,0.44052031,13.0
2026-04-10 01:20:00,0.44079184,13.0
2026-04-10 01:25:00,0.44071426,13.0
2026-04-10 01:30:00,0.44044273,13.02
2026-04-10 01:35:00,0.44086942,13.1
2026-04-10 01:40:00,0.44075305,13.1
2026-04-10 01:45:00,0.44067547,13.1
2026-04-10 01:50:00,0.44040394,13.1
2026-04-10 01:55:00,0.44059789,13.1
2026-04-10 02:00:00,0.44067547,13.1
2026-04-10 02:05:00,0.44067547,13.1
2026-04-10 02:10:00,0.44067547,13.1
2026-04-10 02:15:00,0.44067547,13.1
2026-04-10 02:20:00,0.44083063,13.2
2026-04-10 02:25:00,0.44063668,13.2
2026-04-10 02:30:00,0.44079184,13.2
2026-04-10 02:35:00,0.44086942,13.2
2026-04-10 02:40:00,0.44071426,13.2
2026-04-10 02:45:00,0.44071426,13.2
2026-04-10 02:50:00,0.44071426,13.22
2026-04-10 02:55:00,0.44067547,13.3
2026-04-10 03:00:00,0.44067547,13.3
2026-04-10 03:05:00,0.44059789,13.3
2026-04-10 03:10:00,0.44067547,13.38
2026-04-10 03:15:00,0.44052031,13.4
2026-04-10 03:20:00,0.4405591,13.4
2026-04-10 03:25:00,0.4405591,13.48
2026-04-10 03:30:00,0.44048152,13.5
2026-04-10 03:35:00,0.44048152,13.5
2026-04-10 03:40:00,0.4405591,13.52
2026-04-10 03:45:00,0.4405591,13.6
2026-04-10 03:50:00,0.44052031,13.6
2026-04-10 03:55:00,0.44048152,13.6
2026-04-10 04:00:00,0.4405591,13.68
2026-04-10 04:05:00,0.44052031,13.7
2026-04-10 04:10:00,0.44052031,13.7
2026-04-10 04:15:00,0.44048152,13.76
2026-04-10 04:20:00,0.44048152,13.8
2026-04-10 04:25:00,0.44044273,13.8
2026-04-10 04:30:00,0.44024878,13.84
2026-04-10 04:35:00,0.44032636,13.9
2026-04-10 04:40:00,0.44032636,13.9
2026-04-10 04:45:00,0.44032636,13.9
2026-04-10 04:50:00,0.4401712,13.9
2026-04-10 04:55:00,0.44028757,13.96
2026-04-10 05:00:00,0.44028757,14.0
2026-04-10 05:05:00,0.43947298,14.0
2026-04-10 05:10:00,0.43931782,14.0
2026-04-10 05:15:00,0.43986088,14.0
2026-04-10 05:20:00,0.4401712,14.0
2026-04-10 05:25:00,0.43997725,14.04
2026-04-10 05:30:00,0.43974451,14.1
2026-04-10 05:35:00,0.4397833,14.1
2026-04-10 05:40:00,0.43974451,14.1
2026-04-10 05:45:00,0.43958935,14.1
2026-04-10 05:50:00,0.43920145,14.1
2026-04-10 05:55:00,0.43931782,14.1
2026-04-10 06:00:00,0.43927903,14.1
2026-04-10 06:05:00,0.43924024,14.1
2026-04-10 06:10:00,0.43927903,14.1
2026-04-10 06:15:00,0.43920145,14.1
2026-04-10 06:20:00,0.43927903,14.1
2026-04-10 06:25:00,0.43927903,14.1
2026-04-10 06:30:00,0.43908508,14.1
2026-04-10 06:35:00,0.43916266,14.1
2026-04-10 06:40:00,0.43912387,14.1
2026-04-10 06:45:00,0.43904629,14.1
2026-04-10 06:50:00,0.43904629,14.1
2026-04-10 06:55:00,0.43908508,14.1
2026-04-10 07:00:00,0.43908508,14.1
2026-04-10 07:05:00,0.43916266,14.1
2026-04-10 07:10:00,0.43916266,14.1
2026-04-10 07:15:00,0.43920145,14.1
2026-04-10 07:20:00,0.43924024,14.1
2026-04-10 07:25:00,0.43924024,14.1
2026-04-10 07:30:00,0.43927903,14.1
2026-04-10 07:35:00,0.43931782,14.1
2026-04-10 07:40:00,0.4393954,14.1
2026-04-10 07:45:00,0.43935661,14.08
2026-04-10 07:50:00,0.43927903,14.0
2026-04-10 07:55:00,0.43927903,14.0
2026-04-10 08:00:00,0.43912387,14.0
2026-04-10 08:05:00,0.43927903,14.0
2026-04-10 08:10:00,0.43924024,14.0
2026-04-10 08:15:00,0.43924024,14.0
2026-04-10 08:20:00,0.4390075,14.0
2026-04-10 08:25:00,0.43896871,13.96
2026-04-10 08:30:00,0.4390075,13.9
2026-04-10 08:35:00,0.43892992,13.9
2026-04-10 08:40:00,0.43865839,13.9
2026-04-10 08:45:00,0.43889113,13.9
2026-04-10 08:50:00,0.43896871,13.9
2026-04-10 08:55:00,0.43889113,13.9
2026-04-10 09:00:00,0.43892992,13.9
2026-04-10 09:05:00,0.43889113,13.84
2026-04-10 09:10:00,0.43889113,13.8
2026-04-10 09:15:00,0.43885234,13.8
2026-04-10 09:20:00,0.43889113,13.8
2026-04-10 09:25:00,0.43916266,13.8
2026-04-10 09:30:00,0.43889113,13.78
2026-04-10 09:35:00,0.43904629,13.7
2026-04-10 09:40:00,0.43892992,13.7
2026-04-10 09:45:00,0.43920145,13.7
2026-04-10 09:50:00,0.43912387,13.68
2026-04-10 09:55:00,0.43912387,13.6
2026-04-10 10:00:00,0.43920145,13.6
2026-04-10 10:05:00,0.43908508,13.6
2026-04-10 10:10:00,0.43912387,13.54
2026-04-10 10:15:00,0.43916266,13.5
2026-04-10 10:20:00,0.43916266,13.5
2026-04-10 10:25:00,0.43924024,13.5
2026-04-10 10:30:00,0.43916266,13.4
2026-04-10 10:35:00,0.4390075,13.4
2026-04-10 10:40:00,0.43920145,13.4
2026-04-10 10:45:00,0.43912387,13.36
2026-04-10 10:50:00,0.43916266,13.3
2026-04-10 10:55:00,0.43881355,13.3
2026-04-10 11:00:00,0.4390075,13.3
2026-04-10 11:05:00,0.43896871,13.2
2026-04-10 11:10:00,0.43924024,13.2
2026-04-10 11:15:00,0.43889113,13.2
2026-04-10 11:20:00,0.43927903,13.16
2026-04-10 11:25:00,0.43904629,13.1
2026-04-10 11:30:00,0.43889113,13.1
2026-04-10 11:35:00,0.43877476,13.1
2026-04-10 11:40:00,0.43924024,13.06
2026-04-10 11:45:00,0.43912387,13.0
2026-04-10 11:50:00,0.43889113,13.0
2026-04-10 11:55:00,0.43904629,13.0
2026-04-10 12:00:00,0.43892992,13.0
2026-04-10 12:05:00,0.43912387,12.9
2026-04-10 12:10:00,0.43885234,12.9
2026-04-10 12:15:00,0.43892992,12.9
2026-04-10 12:20:00,0.43811533,12.9
2026-04-10 12:25:00,0.43834807,12.88
2026-04-10 12:30:00,0.43827049,12.8
2026-04-10 12:35:00,0.43834807,12.8
2026-04-10 12:40:00,0.43799896,12.8
2026-04-10 12:45:00,0.43842565,12.8
2026-04-10 12:50:00,0.43819291,12.8
2026-04-10 12:55:00,0.43838686,12.7
2026-04-10 13:00:00,0.43842565,12.7
2026-04-10 13:05:00,0.43815412,12.7
2026-04-10 13:10:00,0.43803775,12.7
2026-04-10 13:15:00,0.43827049,12.7
2026-04-10 13:20:00,0.43838686,12.7
2026-04-10 13:25:00,0.43842565,12.6
2026-04-10 13:30:00,0.43838686,12.6
2026-04-10 13:35:00,0.43842565,12.6
2026-04-10 13:40:00,0.43842565,12.6
2026-04-10 13:45:00,0.43850323,12.6
2026-04-10 13:50:00,0.43842565,12.6
2026-04-10 13:55:00,0.43846444,12.56
2026-04-10 14:00:00,0.43858081,12.5
2026-04-10 14:05:00,0.43858081,12.5
2026-04-10 14:10:00,0.43842565,12.5
2026-04-10 14:15:00,0.43850323,12.5
2026-04-10 14:20:00,0.43858081,12.5
2026-04-10 14:25:00,0.43846444,12.5
2026-04-10 14:30:00,0.43846444,12.42
2026-04-10 14:35:00,0.43869718,12.4
2026-04-10 14:40:00,0.43885234,12.4
2026-04-10 14:45:00,0.43873597,12.4
2026-04-10 14:50:00,0.43850323,12.4
2026-04-10 14:55:00,0.43854202,12.4
2026-04-10 15:00:00,0.43881355,12.4
2026-04-10 15:05:00,0.43827049,12.36
2026-04-10 15:10:00,0.43846444,12.3
2026-04-10 15:15:00,0.43854202,12.3
2026-04-10 15:20:00,0.43858081,12.3
2026-04-10 15:25:00,0.43838686,12.3
2026-04-10 15:30:00,0.4382317,12.3
2026-04-10 15:35:00,0.43830928,12.3
2026-04-10 15:40:00,0.43865839,12.3
2026-04-10 15:45:00,0.43865839,12.28
2026-04-10 15:50:00,0.43846444,12.2
2026-04-10 15:55:00,0.43807654,12.2
2026-04-10 16:00:00,0.43850323,12.2
2026-04-10 16:05:00,0.43854202,12.2
2026-04-10 16:10:00,0.4386196,12.2
2026-04-10 16:15:00,0.43807654,12.2
2026-04-10 16:20:00,0.43858081,12.2
2026-04-10 16:25:00,0.43842565,12.2
2026-04-10 16:30:00,0.43846444,12.18
2026-04-10 16:35:00,0.43815412,12.1
2026-04-10 16:40:00,0.43865839,12.1
2026-04-10 16:45:00,0.43815412,12.1
2026-04-10 16:50:00,0.43811533,12.1
2026-04-10 16:55:00,0.43834807,12.1
2026-04-10 17:00:00,0.43819291,12.1
2026-04-10 17:05:00,0.43830928,12.1
2026-04-10 17:10:00,0.43807654,12.1
2026-04-10 17:15:00,0.43819291,12.1
2026-04-10 17:20:00,0.4382317,12.02
2026-04-10 17:25:00,0.4378438,12.0
2026-04-10 17:30:00,0.43730074,12.0
2026-04-10 17:35:00,0.43776622,12.0
2026-04-10 17:40:00,0.43753348,12.0
2026-04-10 17:45:00,0.43772743,12.0
2026-04-10 17:50:00,0.43803775,12.0
2026-04-10 17:55:00,0.43753348,12.0
2026-04-10 18:00:00,0.43749469,12.0
2026-04-10 18:05:00,0.43741711,12.0
2026-04-10 18:10:00,0.43737832,12.0
2026-04-10 18:15:00,0.4374559,12.0
2026-04-10 18:20:00,0.43741711,11.94
2026-04-10 18:25:00,0.43714558,11.9
2026-04-10 18:30:00,0.43699042,11.9
2026-04-10 18:35:00,0.43710679,11.9
2026-04-10 18:40:00,0.43722316,11.9
2026-04-10 18:45:00,0.43675768,11.9
2026-04-10 18:50:00,0.4366801,11.9
2026-04-10 18:55:00,0.43671889,11.9
2026-04-10 19:00:00,0.43675768,11.9
2026-04-10 19:05:00,0.43664131,11.9
2026-04-10 19:10:00,0.43695163,11.9
2026-04-10 19:15:00,0.43695163,11.9
2026-04-10 19:20:00,0.43664131,11.88
2026-04-10 19:25:00,0.43652494,11.8
2026-04-10 19:30:00,0.43656373,11.8
2026-04-10 19:35:00,0.43652494,11.8
2026-04-10 19:40:00,0.4366801,11.8
2026-04-10 19:45:00,0.43636978,11.8
2026-04-10 19:50:00,0.43664131,11.8
2026-04-10 19:55:00,0.43671889,11.8
2026-04-10 20:00:00,0.43660252,11.8
2026-04-10 20:05:00,0.43644736,11.8
2026-04-10 20:10:00,0.43660252,11.8
2026-04-10 20:15:00,0.43664131,11.8
2026-04-10 20:20:00,0.43633099,11.8
2026-04-10 20:25:00,0.43621462,11.8
2026-04-10 20:30:00,0.4355164,11.8
2026-04-10 20:35:00,0.43404238,11.76
2026-04-10 20:40:00,0.43392601,11.7
2026-04-10 20:45:00,0.43415875,11.7
2026-04-10 20:50:00,0.43361569,11.7
2026-04-10 20:55:00,0.43404238,11.7
2026-04-10 21:00:00,0.43411996,11.7
2026-04-10 21:05:00,0.43380964,11.7
2026-04-10 21:10:00,0.43392601,11.7
2026-04-10 21:15:00,0.43419754,11.7
2026-04-10 21:20:00,0.43380964,11.7
2026-04-10 21:25:00,0.43384843,11.7
2026-04-10 21:30:00,0.43404238,11.7
2026-04-10 21:35:00,0.43392601,11.7
2026-04-10 21:40:00,0.43400359,11.7
2026-04-10 21:45:00,0.43408117,11.7
2026-04-10 21:50:00,0.43411996,11.7
2026-04-10 21:55:00,0.43411996,11.7
2026-04-10 22:00:00,0.43408117,11.7
2026-04-10 22:05:00,0.43408117,11.68
2026-04-10 22:10:00,0.43439149,11.6
2026-04-10 22:15:00,0.43400359,11.6
2026-04-10 22:20:00,0.43431391,11.6
2026-04-10 22:25:00,0.4339648,11.6
2026-04-10 22:30:00,0.43439149,11.68
2026-04-10 22:35:00,0.43408117,11.7
2026-04-10 22:40:00,0.43411996,11.7
2026-04-10 22:45:00,0.43411996,11.7
2026-04-10 22:50:00,0.43419754,11.7
2026-04-10 22:55:00,0.43423633,11.7
2026-04-10 23:00:00,0.4339648,11.7
2026-04-10 23:05:00,0.43419754,11.7
2026-04-10 23:10:00,0.43427512,11.7
2026-04-10 23:15:00,0.43427512,11.72
2026-04-10 23:20:00,0.43377085,11.8
2026-04-10 23:25:00,0.43365448,11.8
2026-04-10 23:30:00,0.43342174,11.8
2026-04-10 23:35:00,0.43361569,11.8
2026-04-10 23:40:00,0.43338295,11.82
2026-04-10 23:45:00,0.43334416,11.9
2026-04-10 23:50:00,0.43346053,11.9
2026-04-10 23:55:00,0.43384843,11.92
2026-04-11 00:00:00,0.43369327,12.0
2026-04-11 00:05:00,0.43342174,12.0
2026-04-11 00:10:00,0.43342174,12.06
2026-04-11 00:15:00,0.43369327,12.1
2026-04-11 00:20:00,0.43334416,12.18
2026-04-11 00:25:00,0.43365448,12.22
2026-04-11 00:30:00,0.43377085,12.3
2026-04-11 00:35:00,0.43415875,12.38
2026-04-11 00:40:00,0.43404238,12.46
2026-04-11 00:45:00,0.43392601,12.52
2026-04-11 00:50:00,0.43365448,12.6
2026-04-11 00:55:00,0.43349932,12.7
2026-04-11 01:00:00,0.43338295,12.8
2026-04-11 01:05:00,0.43361569,12.92
2026-04-11 01:10:00,0.433189,13.02
2026-04-11 01:15:00,0.43342174,13.14
2026-04-11 01:20:00,0.43330537,13.24
2026-04-11 01:25:00,0.43338295,13.36
2026-04-11 01:30:00,0.43338295,13.52
2026-04-11 01:35:00,0.43326658,13.64
2026-04-11 01:40:00,0.433189,13.76
2026-04-11 01:45:00,0.43311142,13.92
2026-04-11 01:50:00,0.43295626,14.04
2026-04-11 01:55:00,0.43287868,14.18
2026-04-11 02:00:00,0.43276231,14.34
2026-04-11 02:05:00,0.43272352,14.5
2026-04-11 02:10:00,0.43260715,14.64
2026-04-11 02:15:00,0.43249078,14.8
2026-04-11 02:20:00,0.43237441,14.94
2026-04-11 02:25:00,0.43210288,15.1
2026-04-11 02:30:00,0.43210288,15.26
2026-04-11 02:35:00,0.43198651,15.4
2026-04-11 02:40:00,0.43187014,15.56
2026-04-11 02:45:00,0.43183135,15.74
2026-04-11 02:50:00,0.4316374,15.92
2026-04-11 02:55:00,0.43167619,16.1
2026-04-11 03:00:00,0.43136587,16.26
2026-04-11 03:05:00,0.4312495,16.44
2026-04-11 03:10:00,0.4312495,16.56
2026-04-11 03:15:00,0.43109434,16.74
2026-04-11 03:20:00,0.43093918,16.9
2026-04-11 03:25:00,0.43090039,17.04
2026-04-11 03:30:00,0.43078402,17.2
2026-04-11 03:35:00,0.43066765,17.36
2026-04-11 03:40:00,0.43055128,17.5
2026-04-11 03:45:00,0.43039612,17.66
2026-04-11 03:50:00,0.43031854,17.8
2026-04-11 03:55:00,0.43024096,17.94
2026-04-11 04:00:00,0.43012459,18.06
2026-04-11 04:05:00,0.42996943,18.22
2026-04-11 04:10:00,0.42942637,18.34
2026-04-11 04:15:00,0.42899968,18.44
2026-04-11 04:20:00,0.42903847,18.56
2026-04-11 04:25:00,0.42888331,18.66
2026-04-11 04:30:00,0.42868936,18.78
2026-04-11 04:35:00,0.42865057,18.9
2026-04-11 04:40:00,0.42857299,19.0
2026-04-11 04:45:00,0.42845662,19.1
2026-04-11 04:50:00,0.42830146,19.2
2026-04-11 04:55:00,0.42834025,19.28
2026-04-11 05:00:00,0.42810751,19.38
2026-04-11 05:05:00,0.42810751,19.44
2026-04-11 05:10:00,0.42818509,19.5
2026-04-11 05:15:00,0.42806872,19.56
2026-04-11 05:20:00,0.42799114,19.6
2026-04-11 05:25:00,0.42787477,19.64
2026-04-11 05:30:00,0.42783598,19.7
2026-04-11 05:35:00,0.42779719,19.7
2026-04-11 05:40:00,0.42787477,19.76
2026-04-11 05:45:00,0.42779719,19.8
2026-04-11 05:50:00,0.42764203,19.8
2026-04-11 05:55:00,0.42768082,19.82
2026-04-11 06:00:00,0.42771961,19.9
2026-04-11 06:05:00,0.42771961,19.9
2026-04-11 06:10:00,0.42744808,19.9
2026-04-11 06:15:00,0.42740929,20.0
2026-04-11 06:20:00,0.42744808,20.0
2026-04-11 06:25:00,0.42748687,20.0
2026-04-11 06:30:00,0.4273705,20.0
2026-04-11 06:35:00,0.42748687,20.0
2026-04-11 06:40:00,0.42740929,20.0
2026-04-11 06:45:00,0.42744808,20.0
2026-04-11 06:50:00,0.42744808,20.0
2026-04-11 06:55:00,0.42744808,20.0
2026-04-11 07:00:00,0.4273705,20.0
2026-04-11 07:05:00,0.42744808,20.0
2026-04-11 07:10:00,0.42740929,19.9
2026-04-11 07:15:00,0.4273705,19.9
2026-04-11 07:20:00,0.42740929,19.86
2026-04-11 07:25:00,0.42748687,19.8
2026-04-11 07:30:00,0.42740929,19.8
2026-04-11 07:35:00,0.4273705,19.74
2026-04-11 07:40:00,0.42748687,19.7
2026-04-11 07:45:00,0.42744808,19.68
2026-04-11 07:50:00,0.42752566,19.6
2026-04-11 07:55:00,0.42748687,19.6
2026-04-11 08:00:00,0.42740929,19.52
2026-04-11 08:05:00,0.42756445,19.5
2026-04-11 08:10:00,0.42760324,19.46
2026-04-11 08:15:00,0.42764203,19.4
2026-04-11 08:20:00,0.42756445,19.4
2026-04-11 08:25:00,0.42760324,19.32
2026-04-11 08:30:00,0.42756445,19.3
2026-04-11 08:35:00,0.42760324,19.24
2026-04-11 08:40:00,0.42756445,19.2
2026-04-11 08:45:00,0.42764203,19.14
2026-04-11 08:50:00,0.42768082,19.1
2026-04-11 08:55:00,0.42756445,19.04
2026-04-11 09:00:00,0.42760324,19.0
2026-04-11 09:05:00,0.42756445,18.92
2026-04-11 09:10:00,0.42771961,18.88
2026-04-11 09:15:00,0.42791356,18.8
2026-04-11 09:20:00,0.42857299,18.8
2026-04-11 09:25:00,0.42861178,18.7
2026-04-11 09:30:00,0.42868936,18.68
2026-04-11 09:35:00,0.42872815,18.6
2026-04-11 09:40:00,0.42903847,18.54
2026-04-11 09:45:00,0.42938758,18.5
2026-04-11 09:50:00,0.42923242,18.4
2026-04-11 09:55:00,0.42946516,18.34
2026-04-11 10:00:00,0.42962032,18.3
2026-04-11 10:05:00,0.42958153,18.2
2026-04-11 10:10:00,0.42954274,18.14
2026-04-11 10:15:00,0.42965911,18.08
2026-04-11 10:20:00,0.42977548,18.0
2026-04-11 10:25:00,0.42977548,17.92
2026-04-11 10:30:00,0.4296979,17.86
2026-04-11 10:35:00,0.42977548,17.8
2026-04-11 10:40:00,0.4296979,17.7
2026-04-11 10:45:00,0.42965911,17.64
2026-04-11 10:50:00,0.4296979,17.58
2026-04-11 10:55:00,0.42962032,17.5
2026-04-11 11:00:00,0.42954274,17.44
2026-04-11 11:05:00,0.42965911,17.36
2026-04-11 11:10:00,0.42962032,17.3
2026-04-11 11:15:00,0.42965911,17.22
2026-04-11 11:20:00,0.4296979,17.16
2026-04-11 11:25:00,0.4296979,17.1
2026-04-11 11:30:00,0.42977548,17.02
2026-04-11 11:35:00,0.42977548,16.96
2026-04-11 11:40:00,0.42993064,16.9
2026-04-11 11:45:00,0.42996943,16.82
2026-04-11 11:50:00,0.42989185,16.78
2026-04-11 11:55:00,0.42985306,16.7
2026-04-11 12:00:00,0.42977548,16.66
2026-04-11 12:05:00,0.42985306,16.6
2026-04-11 12:10:00,0.42977548,16.52
2026-04-11 12:15:00,0.42981427,16.5
2026-04-11 12:20:00,0.42977548,16.4
2026-04-11 12:25:00,0.42993064,16.38
2026-04-11 12:30:00,0.42985306,16.3
2026-04-11 12:35:00,0.42993064,16.26
2026-04-11 12:40:00,0.42993064,16.2
2026-04-11 12:45:00,0.42996943,16.14
2026-04-11 12:50:00,0.4300858,16.1
2026-04-11 12:55:00,0.43000822,16.02
2026-04-11 13:00:00,0.43004701,16.0
2026-04-11 13:05:00,0.43016338,15.9
2026-04-11 13:10:00,0.43027975,15.88
2026-04-11 13:15:00,0.43031854,15.8
2026-04-11 13:20:00,0.43031854,15.76
2026-04-11 13:25:00,0.43039612,15.7
2026-04-11 13:30:00,0.43055128,15.66
2026-04-11 13:35:00,0.43059007,15.6
2026-04-11 13:40:00,0.43074523,15.56
2026-04-11 13:45:00,0.43074523,15.5
2026-04-11 13:50:00,0.43070644,15.5
2026-04-11 13:55:00,0.43090039,15.4
2026-04-11 14:00:00,0.43097797,15.4
2026-04-11 14:05:00,0.43105555,15.36
2026-04-11 14:10:00,0.43097797,15.3
2026-04-11 14:15:00,0.43113313,15.3
2026-04-11 14:20:00,0.43109434,15.22
2026-04-11 14:25:00,0.43128829,15.2
2026-04-11 14:30:00,0.43136587,15.2
2026-04-11 14:35:00,0.43132708,15.1
2026-04-11 14:40:00,0.43136587,15.1
2026-04-11 14:45:00,0.4316374,15.04
2026-04-11 14:50:00,0.4316374,15.0
2026-04-11 14:55:00,0.43175377,14.98
2026-04-11 15:00:00,0.43187014,14.9
2026-04-11 15:05:00,0.43187014,14.9
2026-04-11 15:10:00,0.43187014,14.82
2026-04-11 15:15:00,0.4320253,14.8
2026-04-11 15:20:00,0.43210288,14.8
2026-04-11 15:25:00,0.43210288,14.7
2026-04-11 15:30:00,0.43214167,14.7
2026-04-11 15:35:00,0.43210288,14.7
2026-04-11 15:40:00,0.43225804,14.6
2026-04-11 15:45:00,0.43221925,14.6
2026-04-11 15:50:00,0.43233562,14.6
2026-04-11 15:55:00,0.43233562,14.6
2026-04-11 16:00:00,0.43245199,14.52
2026-04-11 16:05:00,0.43237441,14.5
2026-04-11 16:10:00,0.4324132,14.5
2026-04-11 16:15:00,0.43249078,14.5
2026-04-11 16:20:00,0.43245199,14.5
2026-04-11 16:25:00,0.43252957,14.46
2026-04-11 16:30:00,0.43256836,14.4
2026-04-11 16:35:00,0.43264594,14.4
2026-04-11 16:40:00,0.43260715,14.4
2026-04-11 16:45:00,0.43252957,14.4
2026-04-11 16:50:00,0.43299505,14.4
2026-04-11 16:55:00,0.43303384,14.4
2026-04-11 17:00:00,0.43303384,14.34
2026-04-11 17:05:00,0.43303384,14.3
2026-04-11 17:10:00,0.43299505,14.3
2026-04-11 17:15:00,0.43299505,14.3
2026-04-11 17:20:00,0.43303384,14.3
2026-04-11 17:25:00,0.43315021,14.3
2026-04-11 17:30:00,0.43311142,14.3
2026-04-11 17:35:00,0.43307263,14.3
2026-04-11 17:40:00,0.43322779,14.26
2026-04-11 17:45:00,0.433189,14.2
2026-04-11 17:50:00,0.43311142,14.2
2026-04-11 17:55:00,0.43311142,14.2
2026-04-11 18:00:00,0.43322779,14.2
2026-04-11 18:05:00,0.43315021,14.2
2026-04-11 18:10:00,0.43334416,14.2
2026-04-11 18:15:00,0.43311142,14.2
2026-04-11 18:20:00,0.43322779,14.12
2026-04-11 18:25:00,0.43311142,14.1
2026-04-11 18:30:00,0.43326658,14.1
2026-04-11 18:35:00,0.43326658,14.1
2026-04-11 18:40:00,0.43315021,14.1
2026-04-11 18:45:00,0.43326658,14.1
2026-04-11 18:50:00,0.43330537,14.04
2026-04-11 18:55:00,0.43334416,14.0
2026-04-11 19:00:00,0.43334416,14.0
2026-04-11 19:05:00,0.43349932,14.0
2026-04-11 19:10:00,0.43346053,14.0
2026-04-11 19:15:00,0.43342174,14.0
2026-04-11 19:20:00,0.43342174,13.94
2026-04-11 19:25:00,0.43353811,13.9
2026-04-11 19:30:00,0.43353811,13.9
2026-04-11 19:35:00,0.43346053,13.9
2026-04-11 19:40:00,0.43342174,13.9
2026-04-11 19:45:00,0.43334416,13.9
2026-04-11 19:50:00,0.43315021,13.8
2026-04-11 19:55:00,0.43342174,13.8
2026-04-11 20:00:00,0.43353811,13.8
2026-04-11 20:05:00,0.43342174,13.8
2026-04-11 20:10:00,0.43349932,13.8
2026-04-11 20:15:00,0.43349932,13.8
2026-04-11 20:20:00,0.43342174,13.72
2026-04-11 20:25:00,0.43349932,13.7
2026-04-11 20:30:00,0.43346053,13.7
2026-04-11 20:35:00,0.43353811,13.7
2026-04-11 20:40:00,0.43346053,13.7
2026-04-11 20:45:00,0.43342174,13.7
2026-04-11 20:50:00,0.43342174,13.62
2026-04-11 20:55:00,0.43338295,13.6
2026-04-11 21:00:00,0.43353811,13.6
2026-04-11 21:05:00,0.43346053,13.6
2026-04-11 21:10:00,0.43346053,13.6
2026-04-11 21:15:00,0.43346053,13.6
2026-04-11 21:20:00,0.43349932,13.56
2026-04-11 21:25:00,0.43342174,13.5
2026-04-11 21:30:00,0.43346053,13.5
2026-04-11 21:35:00,0.43342174,13.5
2026-04-11 21:40:00,0.43342174,13.5
2026-04-11 21:45:00,0.43346053,13.5
2026-04-11 21:50:00,0.43342174,13.5
2026-04-11 21:55:00,0.43338295,13.5
2026-04-11 22:00:00,0.43338295,13.48
2026-04-11 22:05:00,0.43330537,13.42
2026-04-11 22:10:00,0.43330537,13.4
2026-04-11 22:15:00,0.433189,13.4
2026-04-11 22:20:00,0.43338295,13.4
2026-04-11 22:25:00,0.43338295,13.4
2026-04-11 22:30:00,0.43330537,13.4
2026-04-11 22:35:00,0.43334416,13.4
2026-04-11 22:40:00,0.43330537,13.4
2026-04-11 22:45:00,0.43326658,13.4
2026-04-11 22:50:00,0.43330537,13.4
2026-04-11 22:55:00,0.43311142,13.4
2026-04-11 23:00:00,0.43315021,13.4
2026-04-11 23:05:00,0.433189,13.4
2026-04-11 23:10:00,0.43311142,13.4
2026-04-11 23:15:00,0.43311142,13.4
2026-04-11 23:20:00,0.43303384,13.4
2026-04-11 23:25:00,0.433189,13.5
2026-04-11 23:30:00,0.43307263,13.5
2026-04-11 23:35:00,0.43303384,13.5
2026-04-11 23:40:00,0.43307263,13.5
2026-04-11 23:45:00,0.43307263,13.5
2026-04-11 23:50:00,0.43307263,13.5
2026-04-11 23:55:00,0.43287868,13.52
2026-04-12 00:00:00,0.43287868,13.6
2026-04-12 00:05:00,0.43291747,13.6
2026-04-12 00:10:00,0.43303384,13.6
2026-04-12 00:15:00,0.43295626,13.66
2026-04-12 00:20:00,0.43272352,13.7
2026-04-12 00:25:00,0.43287868,13.74
2026-04-12 00:30:00,0.43287868,13.8
2026-04-12 00:35:00,0.43268473,13.86
2026-04-12 00:40:00,0.43276231,13.92
2026-04-12 00:45:00,0.43268473,14.0
2026-04-12 00:50:00,0.43256836,14.1
2026-04-12 00:55:00,0.43260715,14.18
2026-04-12 01:00:00,0.43252957,14.26
2026-04-12 01:05:00,0.43245199,14.34
2026-04-12 01:10:00,0.43229683,14.44
2026-04-12 01:15:00,0.43229683,14.56
2026-04-12 01:20:00,0.43221925,14.66
2026-04-12 01:25:00,0.43214167,14.76
2026-04-12 01:30:00,0.43210288,14.86
2026-04-12 01:35:00,0.43206409,14.96
2026-04-12 01:40:00,0.4320253,15.06
2026-04-12 01:45:00,0.43190893,15.16
2026-04-12 01:50:00,0.43190893,15.24
2026-04-12 01:55:00,0.43183135,15.32
2026-04-12 02:00:00,0.43175377,15.4
2026-04-12 02:05:00,0.43171498,15.5
2026-04-12 02:10:00,0.43167619,15.58
2026-04-12 02:15:00,0.43159861,15.66
2026-04-12 02:20:00,0.43148224,15.74
2026-04-12 02:25:00,0.43140466,15.82
2026-04-12 02:30:00,0.4312495,15.9
2026-04-12 02:35:00,0.43121071,16.0
2026-04-12 02:40:00,0.43121071,16.08
2026-04-12 02:45:00,0.43113313,16.16
2026-04-12 02:50:00,0.43117192,16.22
2026-04-12 02:55:00,0.43105555,16.3
2026-04-12 03:00:00,0.43101676,16.38
2026-04-12 03:05:00,0.43097797,16.44
2026-04-12 03:10:00,0.43082281,16.5
2026-04-12 03:15:00,0.43070644,16.6
2026-04-12 03:20:00,0.43070644,16.66
2026-04-12 03:25:00,0.43059007,16.72
2026-04-12 03:30:00,0.43051249,16.8
2026-04-12 03:35:00,0.43043491,16.88
2026-04-12 03:40:00,0.43043491,16.96
2026-04-12 03:45:00,0.43035733,17.02
2026-04-12 03:50:00,0.43024096,17.1
2026-04-12 03:55:00,0.43027975,17.2
2026-04-12 04:00:00,0.43016338,17.26
2026-04-12 04:05:00,0.43012459,17.32
2026-04-12 04:10:00,0.43012459,17.4
2026-04-12 04:15:00,0.43012459,17.48
2026-04-12 04:20:00,0.43000822,17.52
2026-04-12 04:25:00,0.42996943,17.6
2026-04-12 04:30:00,0.42993064,17.68
2026-04-12 04:35:00,0.42981427,17.74
2026-04-12 04:40:00,0.4296979,17.8
2026-04-12 04:45:00,0.42973669,17.9
2026-04-12 04:50:00,0.4296979,17.96
2026-04-12 04:55:00,0.42962032,18.04
2026-04-12 05:00:00,0.42958153,18.1
2026-04-12 05:05:00,0.42950395,18.2
2026-04-12 05:10:00,0.42950395,18.28
2026-04-12 05:15:00,0.42938758,18.34
2026-04-12 05:20:00,0.42899968,18.4
2026-04-12 05:25:00,0.42868936,18.5
2026-04-12 05:30:00,0.42865057,18.52
2026-04-12 05:35:00,0.42841783,18.6
2026-04-12 05:40:00,0.42837904,18.62
2026-04-12 05:45:00,0.42830146,18.7
2026-04-12 05:50:00,0.42841783,18.7
2026-04-12 05:55:00,0.42837904,18.76
2026-04-12 06:00:00,0.42830146,18.8
2026-04-12 06:05:00,0.42822388,18.8
2026-04-12 06:10:00,0.42822388,18.9
2026-04-12 06:15:00,0.42826267,18.9
2026-04-12 06:20:00,0.4281463,18.98
2026-04-12 06:25:00,0.42818509,19.0
2026-04-12 06:30:00,0.42806872,19.0
2026-04-12 06:35:00,0.42535342,19.08
2026-04-12 06:40:00,0.42508189,19.1
2026-04-12 06:45:00,0.42496552,19.1
2026-04-12 06:50:00,0.42484915,19.1
2026-04-12 06:55:00,0.42473278,19.1
2026-04-12 07:00:00,0.42469399,19.1
2026-04-12 07:05:00,0.42457762,19.1
2026-04-12 07:10:00,0.4246552,19.18
2026-04-12 07:15:00,0.42457762,19.2
2026-04-12 07:20:00,0.42450004,19.2
2026-04-12 07:25:00,0.42450004,19.2
2026-04-12 07:30:00,0.42442246,19.2
2026-04-12 07:35:00,0.42442246,19.2
2026-04-12 07:40:00,0.42438367,19.2
2026-04-12 07:45:00,0.42434488,19.12
2026-04-12 07:50:00,0.42430609,19.1
2026-04-12 07:55:00,0.42430609,19.1
2026-04-12 08:00:00,0.4242673,19.1
2026-04-12 08:05:00,0.42430609,19.1
2026-04-12 08:10:00,0.42430609,19.0
2026-04-12 08:15:00,0.4242673,19.0
2026-04-12 08:20:00,0.42430609,18.96
2026-04-12 08:25:00,0.42430609,18.9
2026-04-12 08:30:00,0.42430609,18.88
2026-04-12 08:35:00,0.42422851,18.8
2026-04-12 08:40:00,0.42430609,18.78
2026-04-12 08:45:00,0.42434488,18.7
2026-04-12 08:50:00,0.4242673,18.68
2026-04-12 08:55:00,0.4242673,18.6
2026-04-12 09:00:00,0.42434488,18.58
2026-04-12 09:05:00,0.4242673,18.5
2026-04-12 09:10:00,0.42453883,18.48
2026-04-12 09:15:00,0.42496552,18.4
2026-04-12 09:20:00,0.42500431,18.38
2026-04-12 09:25:00,0.42496552,18.3
2026-04-12 09:30:00,0.42500431,18.28
2026-04-12 09:35:00,0.42508189,18.2
2026-04-12 09:40:00,0.42496552,18.16
2026-04-12 09:45:00,0.42500431,18.1
2026-04-12 09:50:00,0.4250431,18.06
2026-04-12 09:55:00,0.42500431,18.0
2026-04-12 10:00:00,0.42492673,17.96
2026-04-12 10:05:00,0.4250431,17.9
2026-04-12 10:10:00,0.42496552,17.84
2026-04-12 10:15:00,0.42512068,17.8
2026-04-12 10:20:00,0.42508189,17.74
2026-04-12 10:25:00,0.42500431,17.7
2026-04-12 10:30:00,0.4250431,17.6
2026-04-12 10:35:00,0.4250431,17.58
2026-04-12 10:40:00,0.42519826,17.5
2026-04-12 10:45:00,0.42527584,17.46
2026-04-12 10:50:00,0.42527584,17.4
2026-04-12 10:55:00,0.42527584,17.34
2026-04-12 11:00:00,0.42535342,17.3
2026-04-12 11:05:00,0.42527584,17.2
2026-04-12 11:10:00,0.42535342,17.18
2026-04-12 11:15:00,0.42515947,17.1
2026-04-12 11:20:00,0.42531463,17.08
2026-04-12 11:25:00,0.42531463,17.0
2026-04-12 11:30:00,0.42527584,16.96
2026-04-12 11:35:00,0.42531463,16.9
2026-04-12 11:40:00,0.425431,16.86
2026-04-12 11:45:00,0.42539221,16.8
2026-04-12 11:50:00,0.42550858,16.76
2026-04-12 11:55:00,0.42539221,16.7
2026-04-12 12:00:00,0.425431,16.68
2026-04-12 12:05:00,0.42535342,16.6
2026-04-12 12:10:00,0.425431,16.6
2026-04-12 12:15:00,0.42558616,16.5
2026-04-12 12:20:00,0.42539221,16.5
2026-04-12 12:25:00,0.425431,16.44
2026-04-12 12:30:00,0.42550858,16.4
2026-04-12 12:35:00,0.42546979,16.38
2026-04-12 12:40:00,0.42550858,16.3
2026-04-12 12:45:00,0.42554737,16.3
2026-04-12 12:50:00,0.42558616,16.22
2026-04-12 12:55:00,0.42550858,16.2
2026-04-12 13:00:00,0.42562495,16.2
2026-04-12 13:05:00,0.42550858,16.1
2026-04-12 13:10:00,0.42558616,16.1
2026-04-12 13:15:00,0.42554737,16.04
2026-04-12 13:20:00,0.42554737,16.0
2026-04-12 13:25:00,0.42554737,16.0
2026-04-12 13:30:00,0.42558616,15.94
2026-04-12 13:35:00,0.42558616,15.9
2026-04-12 13:40:00,0.42558616,15.9
2026-04-12 13:45:00,0.42562495,15.82
2026-04-12 13:50:00,0.42566374,15.8
2026-04-12 13:55:00,0.42578011,15.8
2026-04-12 14:00:00,0.42562495,15.74
2026-04-12 14:05:00,0.42578011,15.7
2026-04-12 14:10:00,0.42574132,15.7
2026-04-12 14:15:00,0.42570253,15.66
2026-04-12 14:20:00,0.42574132,15.6
2026-04-12 14:25:00,0.4258189,15.6
2026-04-12 14:30:00,0.42578011,15.6
2026-04-12 14:35:00,0.42585769,15.5
2026-04-12 14:40:00,0.4258189,15.5
2026-04-12 14:45:00,0.4258189,15.5
2026-04-12 14:50:00,0.42574132,15.44
2026-04-12 14:55:00,0.4258189,15.4
2026-04-12 15:00:00,0.4258189,15.4
2026-04-12 15:05:00,0.42578011,15.4
2026-04-12 15:10:00,0.4258189,15.32
2026-04-12 15:15:00,0.42593527,15.3
2026-04-12 15:20:00,0.42585769,15.3
2026-04-12 15:25:00,0.42585769,15.3
2026-04-12 15:30:00,0.42585769,15.2
2026-04-12 15:35:00,0.4258189,15.2
2026-04-12 15:40:00,0.42585769,15.2
2026-04-12 15:45:00,0.42589648,15.2
2026-04-12 15:50:00,0.42589648,15.12
2026-04-12 15:55:00,0.4258189,15.1
2026-04-12 16:00:00,0.42593527,15.1
2026-04-12 16:05:00,0.42593527,15.1
2026-04-12 16:10:00,0.42597406,15.02
2026-04-12 16:15:00,0.42589648,15.0
2026-04-12 16:20:00,0.42601285,15.0
2026-04-12 16:25:00,0.42585769,15.0
2026-04-12 16:30:00,0.42597406,14.94
2026-04-12 16:35:00,0.42605164,14.9
2026-04-12 16:40:00,0.42589648,14.9
2026-04-12 16:45:00,0.42605164,14.9
2026-04-12 16:50:00,0.42605164,14.84
2026-04-12 16:55:00,0.42597406,14.8
2026-04-12 17:00:00,0.42605164,14.8
2026-04-12 17:05:00,0.42597406,14.8
2026-04-12 17:10:00,0.42605164,14.78
2026-04-12 17:15:00,0.42609043,14.7
2026-04-12 17:20:00,0.42597406,14.7
2026-04-12 17:25:00,0.42593527,14.7
2026-04-12 17:30:00,0.42601285,14.7
2026-04-12 17:35:00,0.42605164,14.64
2026-04-12 17:40:00,0.42605164,14.6
2026-04-12 17:45:00,0.42605164,14.6
2026-04-12 17:50:00,0.42605164,14.6
2026-04-12 17:55:00,0.42601285,14.58
2026-04-12 18:00:00,0.42609043,14.5
2026-04-12 18:05:00,0.42601285,14.5
2026-04-12 18:10:00,0.42612922,14.5
2026-04-12 18:15:00,0.42605164,14.44
2026-04-12 18:20:00,0.42601285,14.4
2026-04-12 18:25:00,0.42605164,14.4
2026-04-12 18:30:00,0.42605164,14.4
2026-04-12 18:35:00,0.42605164,14.34
2026-04-12 18:40:00,0.42609043,14.3
2026-04-12 18:45:00,0.42609043,14.3
2026-04-12 18:50:00,0.42605164,14.3
2026-04-12 18:55:00,0.42605164,14.3
2026-04-12 19:00:00,0.42601285,14.26
2026-04-12 19:05:00,0.42612922,14.2
2026-04-12 19:10:00,0.42612922,14.2
2026-04-12 19:15:00,0.42609043,14.2
2026-04-12 19:20:00,0.42605164,14.2
2026-04-12 19:25:00,0.42609043,14.2
2026-04-12 19:30:00,0.42612922,14.14
2026-04-12 19:35:00,0.42616801,14.1
2026-04-12 19:40:00,0.42609043,14.1
2026-04-12 19:45:00,0.4258189,14.1
2026-04-12 19:50:00,0.42605164,14.1
2026-04-12 19:55:00,0.42612922,14.1
2026-04-12 20:00:00,0.42612922,14.02
2026-04-12 20:05:00,0.42612922,14.0
2026-04-12 20:10:00,0.42612922,14.0
2026-04-12 20:15:00,0.42593527,14.0
2026-04-12 20:20:00,0.42570253,13.96
2026-04-12 20:25:00,0.42601285,13.9
2026-04-12 20:30:00,0.4262068,13.9
2026-04-12 20:35:00,0.42624559,13.9
2026-04-12 20:40:00,0.42616801,13.84
2026-04-12 20:45:00,0.42601285,13.8
2026-04-12 20:50:00,0.42605164,13.8
2026-04-12 20:55:00,0.42628438,13.74
2026-04-12 21:00:00,0.42616801,13.7
2026-04-12 21:05:00,0.4262068,13.7
2026-04-12 21:10:00,0.42632317,13.64
2026-04-12 21:15:00,0.42636196,13.6
2026-04-12 21:20:00,0.42624559,13.6
2026-04-12 21:25:00,0.42624559,13.52
2026-04-12 21:30:00,0.42636196,13.5
2026-04-12 21:35:00,0.42632317,13.5
2026-04-12 21:40:00,0.42632317,13.44
2026-04-12 21:45:00,0.42640075,13.4
2026-04-12 21:50:00,0.42632317,13.4
2026-04-12 21:55:00,0.42624559,13.38
2026-04-12 22:00:00,0.42628438,13.3
2026-04-12 22:05:00,0.4262068,13.3
2026-04-12 22:10:00,0.42628438,13.3
2026-04-12 22:15:00,0.42643954,13.28
2026-04-12 22:20:00,0.42647833,13.2
2026-04-12 22:25:00,0.4262068,13.2
2026-04-12 22:30:00,0.42612922,13.2
2026-04-12 22:35:00,0.42636196,13.2
2026-04-12 22:40:00,0.42593527,13.2
2026-04-12 22:45:00,0.42593527,13.2
2026-04-12 22:50:00,0.42593527,13.2
2026-04-12 22:55:00,0.42593527,13.2
2026-04-12 23:00:00,0.42632317,13.2
2026-04-12 23:05:00,0.42624559,13.2
2026-04-12 23:10:00,0.42593527,13.2
2026-04-12 23:15:00,0.42616801,13.2
2026-04-12 23:20:00,0.42612922,13.2
2026-04-12 23:25:00,0.4262068,13.26
2026-04-12 23:30:00,0.42585769,13.3
2026-04-12 23:35:00,0.42612922,13.3
2026-04-12 23:40:00,0.42605164,13.36
2026-04-12 23:45:00,0.42609043,13.4
2026-04-12 23:50:00,0.42593527,13.44
2026-04-12 23:55:00,0.42593527,13.5
2026-04-13 00:00:00,0.42597406,13.54
2026-04-13 00:05:00,0.42585769,13.6
2026-04-13 00:10:00,0.42597406,13.68
2026-04-13 00:15:00,0.42566374,13.74
2026-04-13 00:20:00,0.42570253,13.8
2026-04-13 00:25:00,0.42554737,13.9
2026-04-13 00:30:00,0.42562495,13.98
2026-04-13 00:35:00,0.42554737,14.06
2026-04-13 00:40:00,0.42554737,14.16
2026-04-13 00:45:00,0.425431,14.26
2026-04-13 00:50:00,0.425431,14.36
2026-04-13 00:55:00,0.42535342,14.48
2026-04-13 01:00:00,0.42531463,14.62
2026-04-13 01:05:00,0.42527584,14.74
2026-04-13 01:10:00,0.42515947,14.86
2026-04-13 01:15:00,0.4250431,15.02
2026-04-13 01:20:00,0.42500431,15.16
2026-04-13 01:25:00,0.42500431,15.3
2026-04-13 01:30:00,0.42484915,15.46
2026-04-13 01:35:00,0.42477157,15.6
2026-04-13 01:40:00,0.4246552,15.74
2026-04-13 01:45:00,0.4246552,15.88
2026-04-13 01:50:00,0.42457762,16.04
2026-04-13 01:55:00,0.42446125,16.16
2026-04-13 02:00:00,0.42430609,16.32
2026-04-13 02:05:00,0.42422851,16.44
2026-04-13 02:10:00,0.42422851,16.56
2026-04-13 02:15:00,0.42415093,16.68
2026-04-13 02:20:00,0.42407335,16.82
2026-04-13 02:25:00,0.42395698,16.94
2026-04-13 02:30:00,0.4238794,17.06
2026-04-13 02:35:00,0.42376303,17.24
2026-04-13 02:40:00,0.42372424,17.4
2026-04-13 02:45:00,0.42372424,17.56
2026-04-13 02:50:00,0.4234915,17.74
2026-04-13 02:55:00,0.42341392,17.94
2026-04-13 03:00:00,0.42333634,18.1
2026-04-13 03:05:00,0.42333634,18.26
2026-04-13 03:10:00,0.42290965,18.44
2026-04-13 03:15:00,0.42225022,18.56
2026-04-13 03:20:00,0.42217264,18.72
2026-04-13 03:25:00,0.42209506,18.84
2026-04-13 03:30:00,0.42205627,18.94
2026-04-13 03:35:00,0.42197869,19.04
2026-04-13 03:40:00,0.42197869,19.14
2026-04-13 03:45:00,0.42186232,19.22
2026-04-13 03:50:00,0.42186232,19.3
2026-04-13 03:55:00,0.42174595,19.4
2026-04-13 04:00:00,0.42170716,19.48
2026-04-13 04:05:00,0.42174595,19.56
2026-04-13 04:10:00,0.42162958,19.64
2026-04-13 04:15:00,0.421552,19.74
2026-04-13 04:20:00,0.42139684,19.82
2026-04-13 04:25:00,0.42143563,19.92
2026-04-13 04:30:00,0.42143563,20.02
2026-04-13 04:35:00,0.42124168,20.1
2026-04-13 04:40:00,0.42128047,20.2
2026-04-13 04:45:00,0.42124168,20.28
2026-04-13 04:50:00,0.42112531,20.36
2026-04-13 04:55:00,0.42112531,20.42
2026-04-13 05:00:00,0.42100894,20.5
2026-04-13 05:05:00,0.42100894,20.58
2026-04-13 05:10:00,0.42089257,20.6
2026-04-13 05:15:00,0.42108652,20.7
2026-04-13 05:20:00,0.42085378,20.72
2026-04-13 05:25:00,0.42089257,20.8
2026-04-13 05:30:00,0.4211641,20.8
2026-04-13 05:35:00,0.42081499,20.9
2026-04-13 05:40:00,0.42065983,20.9
2026-04-13 05:45:00,0.42120289,20.94
2026-04-13 05:50:00,0.42093136,21.0
2026-04-13 05:55:00,0.42131926,21.0
2026-04-13 06:00:00,0.42108652,21.06
2026-04-13 06:05:00,0.4211641,21.1
2026-04-13 06:10:00,0.42124168,21.1
2026-04-13 06:15:00,0.42124168,21.1
2026-04-13 06:20:00,0.42104773,21.1
2026-04-13 06:25:00,0.42085378,21.1
2026-04-13 06:30:00,0.42120289,21.1
2026-04-13 06:35:00,0.42104773,21.1
2026-04-13 06:40:00,0.42100894,21.1
2026-04-13 06:45:00,0.42081499,21.1
2026-04-13 06:50:00,0.42097015,21.1
2026-04-13 06:55:00,0.42085378,21.1
2026-04-13 07:00:00,0.42073741,21.06
2026-04-13 07:05:00,0.42031072,21.0
2026-04-13 07:10:00,0.42073741,21.0
2026-04-13 07:15:00,0.42081499,20.98
2026-04-13 07:20:00,0.42065983,20.9
2026-04-13 07:25:00,0.42054346,20.9
2026-04-13 07:30:00,0.42023314,20.86
2026-04-13 07:35:00,0.42031072,20.8
2026-04-13 07:40:00,0.42034951,20.8
2026-04-13 07:45:00,0.42019435,20.72
2026-04-13 07:50:00,0.42031072,20.7
2026-04-13 07:55:00,0.42027193,20.68
2026-04-13 08:00:00,0.42011677,20.6
2026-04-13 08:05:00,0.42011677,20.6
2026-04-13 08:10:00,0.42019435,20.5
2026-04-13 08:15:00,0.42015556,20.5
2026-04-13 08:20:00,0.42011677,20.42
2026-04-13 08:25:00,0.42007798,20.4
2026-04-13 08:30:00,0.42007798,20.32
2026-04-13 08:35:00,0.42019435,20.3
2026-04-13 08:40:00,0.42011677,20.2
2026-04-13 08:45:00,0.42007798,20.16
2026-04-13 08:50:00,0.42007798,20.1
2026-04-13 08:55:00,0.42003919,20.02
2026-04-13 09:00:00,0.42011677,19.98
2026-04-13 09:05:00,0.42007798,19.9
2026-04-13 09:10:00,0.42007798,19.86
2026-04-13 09:15:00,0.42015556,19.8
2026-04-13 09:20:00,0.42011677,19.72
2026-04-13 09:25:00,0.42011677,19.7
2026-04-13 09:30:00,0.4200004,19.6
2026-04-13 09:35:00,0.42011677,19.56
2026-04-13 09:40:00,0.42011677,19.5
2026-04-13 09:45:00,0.42011677,19.42
2026-04-13 09:50:00,0.42011677,19.38
2026-04-13 09:55:00,0.42007798,19.3
2026-04-13 10:00:00,0.42015556,19.24
2026-04-13 10:05:00,0.42019435,19.2
2026-04-13 10:10:00,0.42011677,19.1
2026-04-13 10:15:00,0.42019435,19.06
2026-04-13 10:20:00,0.42011677,19.0
2026-04-13 10:25:00,0.42019435,18.92
2026-04-13 10:30:00,0.42019435,18.88
2026-04-13 10:35:00,0.42019435,18.8
2026-04-13 10:40:00,0.42023314,18.72
2026-04-13 10:45:00,0.42019435,18.68
2026-04-13 10:50:00,0.42019435,18.6
2026-04-13 10:55:00,0.42034951,18.54
2026-04-13 11:00:00,0.42089257,18.5
2026-04-13 11:05:00,0.42104773,18.42
2026-04-13 11:10:00,0.42100894,18.38
2026-04-13 11:15:00,0.42104773,18.3
2026-04-13 11:20:00,0.42112531,18.24
2026-04-13 11:25:00,0.42104773,18.2
2026-04-13 11:30:00,0.42108652,18.12
2026-04-13 11:35:00,0.42104773,18.1
2026-04-13 11:40:00,0.42108652,18.0
2026-04-13 11:45:00,0.42108652,17.96
2026-04-13 11:50:00,0.4211641,17.9
2026-04-13 11:55:00,0.42124168,17.84
2026-04-13 12:00:00,0.4211641,17.8
2026-04-13 12:05:00,0.4211641,17.72
2026-04-13 12:10:00,0.42120289,17.7
2026-04-13 12:15:00,0.4211641,17.6
2026-04-13 12:20:00,0.42124168,17.58
2026-04-13 12:25:00,0.42128047,17.5
2026-04-13 12:30:00,0.42139684,17.44
2026-04-13 12:35:00,0.42128047,17.4
2026-04-13 12:40:00,0.42124168,17.32
2026-04-13 12:45:00,0.42131926,17.28
2026-04-13 12:50:00,0.42135805,17.2
2026-04-13 12:55:00,0.42139684,17.14
2026-04-13 13:00:00,0.42131926,17.1
2026-04-13 13:05:00,0.42139684,17.0
2026-04-13 13:10:00,0.42139684,16.96
2026-04-13 13:15:00,0.42143563,16.9
2026-04-13 13:20:00,0.42147442,16.84
2026-04-13 13:25:00,0.42151321,16.8
2026-04-13 13:30:00,0.42147442,16.74
2026-04-13 13:35:00,0.42151321,16.7
2026-04-13 13:40:00,0.42143563,16.66
2026-04-13 13:45:00,0.421552,16.6
2026-04-13 13:50:00,0.42143563,16.6
2026-04-13 13:55:00,0.42147442,16.5
2026-04-13 14:00:00,0.42151321,16.5
2026-04-13 14:05:00,0.421552,16.46
2026-04-13 14:10:00,0.42151321,16.4
2026-04-13 14:15:00,0.42147442,16.4
2026-04-13 14:20:00,0.42147442,16.36
2026-04-13 14:25:00,0.421552,16.3
2026-04-13 14:30:00,0.421552,16.3
2026-04-13 14:35:00,0.421552,16.28
2026-04-13 14:40:00,0.42151321,16.2
2026-04-13 14:45:00,0.42159079,16.2
2026-04-13 14:50:00,0.42151321,16.2
2026-04-13 14:55:00,0.42151321,16.12
2026-04-13 15:00:00,0.42147442,16.1
2026-04-13 15:05:00,0.421552,16.1
2026-04-13 15:10:00,0.42151321,16.08
2026-04-13 15:15:00,0.421552,16.0
2026-04-13 15:20:00,0.42166837,16.0
2026-04-13 15:25:00,0.42162958,16.0
2026-04-13 15:30:00,0.42162958,15.96
2026-04-13 15:35:00,0.42151321,15.9
2026-04-13 15:40:00,0.42159079,15.9
2026-04-13 15:45:00,0.42159079,15.9
2026-04-13 15:50:00,0.42162958,15.84
2026-04-13 15:55:00,0.42162958,15.8
2026-04-13 16:00:00,0.42166837,15.8
2026-04-13 16:05:00,0.42162958,15.8
2026-04-13 16:10:00,0.42159079,15.74
2026-04-13 16:15:00,0.42162958,15.7
2026-04-13 16:20:00,0.42166837,15.7
2026-04-13 16:25:00,0.42174595,15.7
2026-04-13 16:30:00,0.42162958,15.7
2026-04-13 16:35:00,0.42159079,15.6
2026-04-13 16:40:00,0.42174595,15.6
2026-04-13 16:45:00,0.42162958,15.6
2026-04-13 16:50:00,0.42166837,15.6
2026-04-13 16:55:00,0.42174595,15.58
2026-04-13 17:00:00,0.421552,15.5
2026-04-13 17:05:00,0.42166837,15.5
2026-04-13 17:10:00,0.42174595,15.5
2026-04-13 17:15:00,0.42166837,15.5
2026-04-13 17:20:00,0.42162958,15.46
2026-04-13 17:25:00,0.42174595,15.4
2026-04-13 17:30:00,0.42162958,15.4
2026-04-13 17:35:00,0.42162958,15.4
2026-04-13 17:40:00,0.42166837,15.4
2026-04-13 17:45:00,0.42162958,15.3
2026-04-13 17:50:00,0.421552,15.3
2026-04-13 17:55:00,0.42166837,15.3
2026-04-13 18:00:00,0.42166837,15.3
2026-04-13 18:05:00,0.42162958,15.26
2026-04-13 18:10:00,0.42159079,15.2
2026-04-13 18:15:00,0.421552,15.2
2026-04-13 18:20:00,0.42159079,15.2
2026-04-13 18:25:00,0.42170716,15.2
2026-04-13 18:30:00,0.42170716,15.2
2026-04-13 18:35:00,0.42170716,15.14
2026-04-13 18:40:00,0.42159079,15.1
2026-04-13 18:45:00,0.42166837,15.1
2026-04-13 18:50:00,0.42170716,15.1
2026-04-13 18:55:00,0.42166837,15.1
2026-04-13 19:00:00,0.42159079,15.1
2026-04-13 19:05:00,0.42166837,15.02
2026-04-13 19:10:00,0.42170716,15.0
2026-04-13 19:15:00,0.42162958,15.0
2026-04-13 19:20:00,0.42162958,15.0
2026-04-13 19:25:00,0.42166837,15.0
2026-04-13 19:30:00,0.42166837,15.0
2026-04-13 19:35:00,0.42174595,14.9
2026-04-13 19:40:00,0.42170716,14.9
2026-04-13 19:45:00,0.42159079,14.9
2026-04-13 19:50:00,0.42166837,14.9
2026-04-13 19:55:00,0.42166837,14.9
2026-04-13 20:00:00,0.42166837,14.9
2026-04-13 20:05:00,0.42166837,14.8
2026-04-13 20:10:00,0.42170716,14.8
2026-04-13 20:15:00,0.42170716,14.8
2026-04-13 20:20:00,0.42170716,14.8
2026-04-13 20:25:00,0.42170716,14.8
2026-04-13 20:30:00,0.42170716,14.76
2026-04-13 20:35:00,0.42166837,14.7
2026-04-13 20:40:00,0.42162958,14.7
2026-04-13 20:45:00,0.42170716,14.7
2026-04-13 20:50:00,0.42166837,14.7
2026-04-13 20:55:00,0.42166837,14.7
2026-04-13 21:00:00,0.42166837,14.68
2026-04-13 21:05:00,0.42166837,14.6
2026-04-13 21:10:00,0.42166837,14.6
2026-04-13 21:15:00,0.42170716,14.6
2026-04-13 21:20:00,0.42170716,14.6
2026-04-13 21:25:00,0.42162958,14.6
2026-04-13 21:30:00,0.42166837,14.6
2026-04-13 21:35:00,0.42166837,14.56
2026-04-13 21:40:00,0.42166837,14.5
2026-04-13 21:45:00,0.42166837,14.5
2026-04-13 21:50:00,0.42170716,14.5
2026-04-13 21:55:00,0.42166837,14.5
2026-04-13 22:00:00,0.42159079,14.5
2026-04-13 22:05:00,0.42162958,14.5
2026-04-13 22:10:00,0.42170716,14.5
2026-04-13 22:15:00,0.42162958,14.5
2026-04-13 22:20:00,0.42166837,14.5
2026-04-13 22:25:00,0.42162958,14.5
2026-04-13 22:30:00,0.42162958,14.5
2026-04-13 22:35:00,0.421552,14.5
2026-04-13 22:40:00,0.42159079,14.5
2026-04-13 22:45:00,0.42162958,14.52
2026-04-13 22:50:00,0.42162958,14.6
2026-04-13 22:55:00,0.42162958,14.6
2026-04-13 23:00:00,0.42162958,14.6
2026-04-13 23:05:00,0.42151321,14.6
2026-04-13 23:10:00,0.42151321,14.62
2026-04-13 23:15:00,0.42151321,14.7
2026-04-13 23:20:00,0.421552,14.7
2026-04-13 23:25:00,0.42147442,14.72
2026-04-13 23:30:00,0.42143563,14.8
2026-04-13 23:35:00,0.42139684,14.8
2026-04-13 23:40:00,0.42143563,14.8
2026-04-13 23:45:00,0.42135805,14.9
2026-04-13 23:50:00,0.42139684,14.9
2026-04-13 23:55:00,0.42147442,14.9
2026-04-14 00:00:00,0.42135805,14.9
2026-04-14 00:05:00,0.42139684,15.0
2026-04-14 00:10:00,0.42139684,15.0
2026-04-14 00:15:00,0.42139684,15.0
2026-04-14 00:20:00,0.42135805,15.0
2026-04-14 00:25:00,0.42135805,15.08
2026-04-14 00:30:00,0.42131926,15.1
2026-04-14 00:35:00,0.42135805,15.1
2026-04-14 00:40:00,0.42120289,15.14
2026-04-14 00:45:00,0.42124168,15.2
2026-04-14 00:50:00,0.4211641,15.2
2026-04-14 00:55:00,0.42112531,15.2
2026-04-14 01:00:00,0.42120289,15.3
2026-04-14 01:05:00,0.42112531,15.3
2026-04-14 01:10:00,0.42112531,15.36
2026-04-14 01:15:00,0.4211641,15.4
2026-04-14 01:20:00,0.42104773,15.46
2026-04-14 01:25:00,0.42108652,15.5
2026-04-14 01:30:00,0.42104773,15.56
2026-04-14 01:35:00,0.42104773,15.6
2026-04-14 01:40:00,0.42108652,15.64
2026-04-14 01:45:00,0.42097015,15.7
2026-04-14 01:50:00,0.42104773,15.72
2026-04-14 01:55:00,0.42081499,15.8
2026-04-14 02:00:00,0.42097015,15.82
2026-04-14 02:05:00,0.42085378,15.9
2026-04-14 02:10:00,0.42081499,15.94
2026-04-14 02:15:00,0.4207762,16.0
2026-04-14 02:20:00,0.42089257,16.08
2026-04-14 02:25:00,0.42065983,16.1
2026-04-14 02:30:00,0.42065983,16.2
2026-04-14 02:35:00,0.42058225,16.22
2026-04-14 02:40:00,0.42065983,16.3
2026-04-14 02:45:00,0.42058225,16.34
2026-04-14 02:50:00,0.42062104,16.4
2026-04-14 02:55:00,0.42054346,16.46
2026-04-14 03:00:00,0.42058225,16.5
2026-04-14 03:05:00,0.42050467,16.54
2026-04-14 03:10:00,0.42050467,16.6
2026-04-14 03:15:00,0.42046588,16.6
2026-04-14 03:20:00,0.42034951,16.68
2026-04-14 03:25:00,0.42042709,16.7
2026-04-14 03:30:00,0.4203883,16.7
2026-04-14 03:35:00,0.42046588,16.78
2026-04-14 03:40:00,0.42050467,16.8
2026-04-14 03:45:00,0.42034951,16.8
2026-04-14 03:50:00,0.42034951,16.86
2026-04-14 03:55:00,0.42034951,16.9
2026-04-14 04:00:00,0.42027193,16.9
2026-04-14 04:05:00,0.42034951,16.94
2026-04-14 04:10:00,0.42027193,17.0
2026-04-14 04:15:00,0.42027193,17.0
2026-04-14 04:20:00,0.42023314,17.08
2026-04-14 04:25:00,0.42019435,17.1
2026-04-14 04:30:00,0.42007798,17.14
2026-04-14 04:35:00,0.42007798,17.2
2026-04-14 04:40:00,0.42007798,17.26
2026-04-14 04:45:00,0.42003919,17.3
2026-04-14 04:50:00,0.41988403,17.34
2026-04-14 04:55:00,0.41988403,17.4
2026-04-14 05:00:00,0.41984524,17.42
2026-04-14 05:05:00,0.41980645,17.5
2026-04-14 05:10:00,0.41976766,17.5
2026-04-14 05:15:00,0.41980645,17.5
2026-04-14 05:20:00,0.41969008,17.5
2026-04-14 05:25:00,0.41972887,17.56
2026-04-14 05:30:00,0.41976766,17.6
2026-04-14 05:35:00,0.41972887,17.6
2026-04-14 05:40:00,0.41976766,17.6
2026-04-14 05:45:00,0.41969008,17.6
2026-04-14 05:50:00,0.4196125,17.6
2026-04-14 05:55:00,0.41957371,17.6
2026-04-14 06:00:00,0.41965129,17.6
2026-04-14 06:05:00,0.41969008,17.6
2026-04-14 06:10:00,0.41953492,17.6
2026-04-14 06:15:00,0.41949613,17.6
2026-04-14 06:20:00,0.4196125,17.62
2026-04-14 06:25:00,0.41957371,17.7
2026-04-14 06:30:00,0.41945734,17.7
2026-04-14 06:35:00,0.4196125,17.7
2026-04-14 06:40:00,0.41969008,17.7
2026-04-14 06:45:00,0.41945734,17.7
2026-04-14 06:50:00,0.41949613,17.7
2026-04-14 06:55:00,0.41953492,17.74
2026-04-14 07:00:00,0.41934097,17.8
2026-04-14 07:05:00,0.41949613,17.8
2026-04-14 07:10:00,0.41953492,17.8
2026-04-14 07:15:00,0.41941855,17.8
2026-04-14 07:20:00,0.41945734,17.8
2026-04-14 07:25:00,0.41930218,17.8
2026-04-14 07:30:00,0.41941855,17.8
2026-04-14 07:35:00,0.41934097,17.8
2026-04-14 07:40:00,0.41934097,17.8
2026-04-14 07:45:00,0.41926339,17.86
2026-04-14 07:50:00,0.41930218,17.9
2026-04-14 07:55:00,0.41930218,17.9
2026-04-14 08:00:00,0.41926339,17.9
2026-04-14 08:05:00,0.4192246,17.9
2026-04-14 08:10:00,0.41930218,17.9
2026-04-14 08:15:00,0.4192246,17.9
2026-04-14 08:20:00,0.41926339,17.9
2026-04-14 08:25:00,0.41934097,17.9
2026-04-14 08:30:00,0.41930218,18.0
2026-04-14 08:35:00,0.41906944,18.0
2026-04-14 08:40:00,0.41914702,18.0
2026-04-14 08:45:00,0.41914702,18.0
2026-04-14 08:50:00,0.41914702,18.0
2026-04-14 08:55:00,0.41899186,18.0
2026-04-14 09:00:00,0.41903065,18.0
2026-04-14 09:05:00,0.41906944,18.0
2026-04-14 09:10:00,0.41899186,18.0
2026-04-14 09:15:00,0.41903065,18.0
2026-04-14 09:20:00,0.41903065,18.0
2026-04-14 09:25:00,0.41903065,18.0
2026-04-14 09:30:00,0.41899186,17.92
2026-04-14 09:35:00,0.41891428,17.9
2026-04-14 09:40:00,0.41903065,17.9
2026-04-14 09:45:00,0.41906944,17.9
2026-04-14 09:50:00,0.41899186,17.86
2026-04-14 09:55:00,0.41903065,17.8
2026-04-14 10:00:00,0.41906944,17.8
2026-04-14 10:05:00,0.41918581,17.78
2026-04-14 10:10:00,0.41914702,17.7
2026-04-14 10:15:00,0.41910823,17.7
2026-04-14 10:20:00,0.41906944,17.66
2026-04-14 10:25:00,0.41906944,17.6
2026-04-14 10:30:00,0.4192246,17.6
2026-04-14 10:35:00,0.41914702,17.5
2026-04-14 10:40:00,0.41914702,17.5
2026-04-14 10:45:00,0.41910823,17.44
2026-04-14 10:50:00,0.41914702,17.4
2026-04-14 10:55:00,0.4192246,17.36
2026-04-14 11:00:00,0.41906944,17.3
2026-04-14 11:05:00,0.41930218,17.3
2026-04-14 11:10:00,0.41918581,17.2
2026-04-14 11:15:00,0.41914702,17.2
2026-04-14 11:20:00,0.4192246,17.16
2026-04-14 11:25:00,0.41914702,17.1
2026-04-14 11:30:00,0.4192246,17.1
2026-04-14 11:35:00,0.41930218,17.02
2026-04-14 11:40:00,0.41930218,17.0
2026-04-14 11:45:00,0.4192246,16.98
2026-04-14 11:50:00,0.41918581,16.9
2026-04-14 11:55:00,0.41934097,16.9
2026-04-14 12:00:00,0.41930218,16.82
2026-04-14 12:05:00,0.41930218,16.8
2026-04-14 12:10:00,0.41934097,16.76
2026-04-14 12:15:00,0.4192246,16.7
2026-04-14 12:20:00,0.41937976,16.7
2026-04-14 12:25:00,0.41937976,16.6
2026-04-14 12:30:00,0.41937976,16.6
2026-04-14 12:35:00,0.41941855,16.54
2026-04-14 12:40:00,0.41930218,16.5
2026-04-14 12:45:00,0.41937976,16.48
2026-04-14 12:50:00,0.41934097,16.4
2026-04-14 12:55:00,0.41953492,16.4
2026-04-14 13:00:00,0.41949613,16.3
2026-04-14 13:05:00,0.41941855,16.3
2026-04-14 13:10:00,0.41953492,16.24
2026-04-14 13:15:00,0.41953492,16.2
2026-04-14 13:20:00,0.41953492,16.14
2026-04-14 13:25:00,0.41957371,16.1
2026-04-14 13:30:00,0.41957371,16.04
2026-04-14 13:35:00,0.41945734,16.0
2026-04-14 13:40:00,0.41941855,15.9
2026-04-14 13:45:00,0.41965129,15.9
2026-04-14 13:50:00,0.4196125,15.8
2026-04-14 13:55:00,0.41965129,15.78
2026-04-14 14:00:00,0.41965129,15.7
2026-04-14 14:05:00,0.41953492,15.68
2026-04-14 14:10:00,0.41949613,15.6
2026-04-14 14:15:00,0.41969008,15.56
2026-04-14 14:20:00,0.4196125,15.5
2026-04-14 14:25:00,0.41965129,15.48
2026-04-14 14:30:00,0.41969008,15.4
2026-04-14 14:35:00,0.41972887,15.38
2026-04-14 14:40:00,0.41969008,15.3
2026-04-14 14:45:00,0.41980645,15.28
2026-04-14 14:50:00,0.41969008,15.2
2026-04-14 14:55:00,0.41969008,15.2
2026-04-14 15:00:00,0.41980645,15.1
2026-04-14 15:05:00,0.41980645,15.1
2026-04-14 15:10:00,0.41976766,15.02
2026-04-14 15:15:00,0.41980645,15.0
2026-04-14 15:20:00,0.41988403,14.92
2026-04-14 15:25:00,0.41976766,14.9
2026-04-14 15:30:00,0.41984524,14.82
2026-04-14 15:35:00,0.41988403,14.8
2026-04-14 15:40:00,0.41988403,14.74
2026-04-14 15:45:00,0.41984524,14.7
2026-04-14 15:50:00,0.41988403,14.66
2026-04-14 15:55:00,0.41992282,14.6
2026-04-14 16:00:00,0.41992282,14.56
2026-04-14 16:05:00,0.41980645,14.5
2026-04-14 16:10:00,0.41992282,14.48
2026-04-14 16:15:00,0.41984524,14.4
2026-04-14 16:20:00,0.42003919,14.4
2026-04-14 16:25:00,0.41996161,14.3
2026-04-14 16:30:00,0.4200004,14.3
2026-04-14 16:35:00,0.41988403,14.24
2026-04-14 16:40:00,0.42003919,14.2
2026-04-14 16:45:00,0.41980645,14.18
2026-04-14 16:50:00,0.4200004,14.1
2026-04-14 16:55:00,0.41996161,14.1
2026-04-14 17:00:00,0.41992282,14.02
2026-04-14 17:05:00,0.41992282,14.0
2026-04-14 17:10:00,0.41996161,13.96
2026-04-14 17:15:00,0.4200004,13.9
2026-04-14 17:20:00,0.42011677,13.88
2026-04-14 17:25:00,0.41992282,13.8
2026-04-14 17:30:00,0.42003919,13.8
2026-04-14 17:35:00,0.42003919,13.74
2026-04-14 17:40:00,0.41984524,13.7
2026-04-14 17:45:00,0.42007798,13.68
2026-04-14 17:50:00,0.42007798,13.6
2026-04-14 17:55:00,0.42003919,13.6
2026-04-14 18:00:00,0.42011677,13.54
2026-04-14 18:05:00,0.42015556,13.5
2026-04-14 18:10:00,0.42015556,13.48
2026-04-14 18:15:00,0.42011677,13.4
2026-04-14 18:20:00,0.41996161,13.4
2026-04-14 18:25:00,0.42011677,13.38
2026-04-14 18:30:00,0.42011677,13.3
2026-04-14 18:35:00,0.41980645,13.3
2026-04-14 18:40:00,0.41992282,13.24
2026-04-14 18:45:00,0.42011677,13.2
2026-04-14 18:50:00,0.42027193,13.2
2026-04-14 18:55:00,0.42023314,13.12
2026-04-14 19:00:00,0.42023314,13.1
2026-04-14 19:05:00,0.41984524,13.1
2026-04-14 19:10:00,0.41965129,13.0
2026-04-14 19:15:00,0.42015556,13.0
2026-04-14 19:20:00,0.42003919,12.98
2026-04-14 19:25:00,0.41984524,12.9
2026-04-14 19:30:00,0.42015556,12.9
2026-04-14 19:35:00,0.42003919,12.88
2026-04-14 19:40:00,0.42015556,12.8
2026-04-14 19:45:00,0.42007798,12.8
2026-04-14 19:50:00,0.42023314,12.78
2026-04-14 19:55:00,0.4200004,12.7
2026-04-14 20:00:00,0.42019435,12.7
2026-04-14 20:05:00,0.42027193,12.7
2026-04-14 20:10:00,0.42007798,12.66
2026-04-14 20:15:00,0.42019435,12.6
2026-04-14 20:20:00,0.42027193,12.6
2026-04-14 20:25:00,0.42007798,12.6
2026-04-14 20:30:00,0.42003919,12.6
2026-04-14 20:35:00,0.42003919,12.52
2026-04-14 20:40:00,0.42019435,12.5
2026-04-14 20:45:00,0.42034951,12.5
2026-04-14 20:50:00,0.42011677,12.5
2026-04-14 20:55:00,0.42019435,12.5
2026-04-14 21:00:00,0.41996161,12.5
2026-04-14 21:05:00,0.4200004,12.4
2026-04-14 21:10:00,0.41988403,12.4
2026-04-14 21:15:00,0.42011677,12.4
2026-04-14 21:20:00,0.41980645,12.4
2026-04-14 21:25:00,0.41969008,12.4
2026-04-14 21:30:00,0.41996161,12.4
2026-04-14 21:35:00,0.41980645,12.38
2026-04-14 21:40:00,0.41980645,12.3
2026-04-14 21:45:00,0.41980645,12.3
2026-04-14 21:50:00,0.41996161,12.3
2026-04-14 21:55:00,0.41980645,12.3
2026-04-14 22:00:00,0.41988403,12.3
2026-04-14 22:05:00,0.41992282,12.3
2026-04-14 22:10:00,0.4196125,12.3
2026-04-14 22:15:00,0.41996161,12.26
2026-04-14 22:20:00,0.41984524,12.2
2026-04-14 22:25:00,0.41988403,12.2
2026-04-14 22:30:00,0.41957371,12.2
2026-04-14 22:35:00,0.41949613,12.2
2026-04-14 22:40:00,0.41953492,12.2
2026-04-14 22:45:00,0.41976766,12.26
2026-04-14 22:50:00,0.41976766,12.3
2026-04-14 22:55:00,0.4196125,12.3
2026-04-14 23:00:00,0.42007798,12.3
2026-04-14 23:05:00,0.42003919,12.3
2026-04-14 23:10:00,0.41972887,12.3
2026-04-14 23:15:00,0.4196125,12.3
2026-04-14 23:20:00,0.4196125,12.34
2026-04-14 23:25:00,0.41980645,12.4
2026-04-14 23:30:00,0.42003919,12.4
2026-04-14 23:35:00,0.42019435,12.44
2026-04-14 23:40:00,0.41992282,12.5
2026-04-14 23:45:00,0.41980645,12.54
2026-04-14 23:50:00,0.42003919,12.6
2026-04-14 23:55:00,0.41976766,12.68
2026-04-15 00:00:00,0.41992282,12.76
2026-04-15 00:05:00,0.41976766,12.84
2026-04-15 00:10:00,0.41976766,12.94
2026-04-15 00:15:00,0.41965129,13.04
2026-04-15 00:20:00,0.41969008,13.14
2026-04-15 00:25:00,0.41969008,13.26
2026-04-15 00:30:00,0.41941855,13.38
2026-04-15 00:35:00,0.41976766,13.48
2026-04-15 00:40:00,0.41953492,13.62
2026-04-15 00:45:00,0.41957371,13.76
2026-04-15 00:50:00,0.41949613,13.88
2026-04-15 00:55:00,0.41934097,14.04
2026-04-15 01:00:00,0.41934097,14.18
2026-04-15 01:05:00,0.41918581,14.34
2026-04-15 01:10:00,0.4192246,14.5
2026-04-15 01:15:00,0.41903065,14.66
2026-04-15 01:20:00,0.41899186,14.84
2026-04-15 01:25:00,0.41903065,15.04
2026-04-15 01:30:00,0.4188367,15.2
2026-04-15 01:35:00,0.41872033,15.36
2026-04-15 01:40:00,0.41868154,15.54
2026-04-15 01:45:00,0.41864275,15.74
2026-04-15 01:50:00,0.41852638,15.92
2026-04-15 01:55:00,0.41841001,16.12
2026-04-15 02:00:00,0.41825485,16.32
2026-04-15 02:05:00,0.41825485,16.52
2026-04-15 02:10:00,0.41817727,16.72
2026-04-15 02:15:00,0.4180609,16.92
2026-04-15 02:20:00,0.41802211,17.12
2026-04-15 02:25:00,0.41786695,17.32
2026-04-15 02:30:00,0.41782816,17.52
2026-04-15 02:35:00,0.41775058,17.72
2026-04-15 02:40:00,0.41759542,17.94
2026-04-15 02:45:00,0.41751784,18.14
2026-04-15 02:50:00,0.41740147,18.34
2026-04-15 02:55:00,0.41716873,18.54
2026-04-15 03:00:00,0.41639293,18.74
2026-04-15 03:05:00,0.41635414,18.94
2026-04-15 03:10:00,0.41631535,19.14
2026-04-15 03:15:00,0.41616019,19.34
2026-04-15 03:20:00,0.41604382,19.54
2026-04-15 03:25:00,0.41592745,19.72
2026-04-15 03:30:00,0.41584987,19.9
2026-04-15 03:35:00,0.41577229,20.1
2026-04-15 03:40:00,0.41569471,20.3
2026-04-15 03:45:00,0.41569471,20.46
2026-04-15 03:50:00,0.41550076,20.64
2026-04-15 03:55:00,0.4157335,20.8
2026-04-15 04:00:00,0.41592745,20.96
2026-04-15 04:05:00,0.41600503,21.12
2026-04-15 04:10:00,0.41608261,21.26
2026-04-15 04:15:00,0.41588866,21.4
2026-04-15 04:20:00,0.41577229,21.54
2026-04-15 04:25:00,0.41569471,21.66
2026-04-15 04:30:00,0.41561713,21.76
2026-04-15 04:35:00,0.41565592,21.86
2026-04-15 04:40:00,0.41553955,21.96
2026-04-15 04:45:00,0.41538439,22.08
2026-04-15 04:50:00,0.41511286,22.16
2026-04-15 04:55:00,0.41515165,22.24
2026-04-15 05:00:00,0.41468617,22.3
2026-04-15 05:05:00,0.41453101,22.36
2026-04-15 05:10:00,0.41445343,22.4
2026-04-15 05:15:00,0.41437585,22.42
2026-04-15 05:20:00,0.41437585,22.5
2026-04-15 05:25:00,0.41425948,22.5
2026-04-15 05:30:00,0.41425948,22.5
2026-04-15 05:35:00,0.41422069,22.58
2026-04-15 05:40:00,0.41414311,22.6
2026-04-15 05:45:00,0.41414311,22.6
2026-04-15 05:50:00,0.41406553,22.62
2026-04-15 05:55:00,0.41394916,22.7
2026-04-15 06:00:00,0.41398795,22.7
2026-04-15 06:05:00,0.41394916,22.72
2026-04-15 06:10:00,0.41387158,22.8
2026-04-15 06:15:00,0.41391037,22.8
2026-04-15 06:20:00,0.41387158,22.84
2026-04-15 06:25:00,0.41375521,22.9
2026-04-15 06:30:00,0.41367763,22.9
2026-04-15 06:35:00,0.41363884,22.9
2026-04-15 06:40:00,0.41375521,22.82
2026-04-15 06:45:00,0.41383279,22.8
2026-04-15 06:50:00,0.41371642,22.72
2026-04-15 06:55:00,0.413794,22.64
2026-04-15 07:00:00,0.41371642,22.54
2026-04-15 07:05:00,0.41367763,22.46
2026-04-15 07:10:00,0.41383279,22.34
2026-04-15 07:15:00,0.41394916,22.24
2026-04-15 07:20:00,0.41453101,22.12
2026-04-15 07:25:00,0.41453101,22.0
2026-04-15 07:30:00,0.41445343,21.88
2026-04-15 07:35:00,0.4145698,21.78
2026-04-15 07:40:00,0.4145698,21.66
2026-04-15 07:45:00,0.41449222,21.56
2026-04-15 07:50:00,0.41449222,21.44
2026-04-15 07:55:00,0.41422069,21.34
2026-04-15 08:00:00,0.4145698,21.22
2026-04-15 08:05:00,0.41402674,21.12
2026-04-15 08:10:00,0.41422069,21.0
2026-04-15 08:15:00,0.41360005,20.9
2026-04-15 08:20:00,0.41363884,20.8
2026-04-15 08:25:00,0.41352247,20.7
2026-04-15 08:30:00,0.41352247,20.6
2026-04-15 08:35:00,0.41348368,20.5
2026-04-15 08:40:00,0.41348368,20.4
2026-04-15 08:45:00,0.41344489,20.3
2026-04-15 08:50:00,0.41344489,20.2
2026-04-15 08:55:00,0.4134061,20.1
2026-04-15 09:00:00,0.4134061,20.0
2026-04-15 09:05:00,0.41328973,19.9
2026-04-15 09:10:00,0.41325094,19.82
2026-04-15 09:15:00,0.41309578,19.72
2026-04-15 09:20:00,0.41321215,19.62
2026-04-15 09:25:00,0.41305699,19.54
2026-04-15 09:30:00,0.41305699,19.44
2026-04-15 09:35:00,0.41290183,19.34
2026-04-15 09:40:00,0.41278546,19.26
2026-04-15 09:45:00,0.41282425,19.16
2026-04-15 09:50:00,0.41282425,19.08
2026-04-15 09:55:00,0.41282425,18.98
2026-04-15 10:00:00,0.41274667,18.88
2026-04-15 10:05:00,0.41282425,18.78
2026-04-15 10:10:00,0.41278546,18.7
2026-04-15 10:15:00,0.4130182,18.6
2026-04-15 10:20:00,0.41309578,18.5
2026-04-15 10:25:00,0.41344489,18.42
2026-04-15 10:30:00,0.41367763,18.34
2026-04-15 10:35:00,0.41367763,18.26
2026-04-15 10:40:00,0.41363884,18.16
2026-04-15 10:45:00,0.41371642,18.08
2026-04-15 10:50:00,0.41375521,18.0
2026-04-15 10:55:00,0.413794,17.9
2026-04-15 11:00:00,0.41387158,17.82
2026-04-15 11:05:00,0.41371642,17.74
2026-04-15 11:10:00,0.41383279,17.64
2026-04-15 11:15:00,0.41383279,17.56
2026-04-15 11:20:00,0.413794,17.48
2026-04-15 11:25:00,0.41375521,17.4
2026-04-15 11:30:00,0.413794,17.32
2026-04-15 11:35:00,0.413794,17.24
2026-04-15 11:40:00,0.41387158,17.16
2026-04-15 11:45:00,0.41383279,17.1
2026-04-15 11:50:00,0.41391037,17.0
2026-04-15 11:55:00,0.41394916,16.92
2026-04-15 12:00:00,0.41394916,16.84
2026-04-15 12:05:00,0.41402674,16.78
2026-04-15 12:10:00,0.41398795,16.7
2026-04-15 12:15:00,0.41387158,16.62
2026-04-15 12:20:00,0.41394916,16.56
2026-04-15 12:25:00,0.41402674,16.5
2026-04-15 12:30:00,0.41402674,16.4
2026-04-15 12:35:00,0.41402674,16.32
2026-04-15 12:40:00,0.41410432,16.28
2026-04-15 12:45:00,0.4141819,16.2
2026-04-15 12:50:00,0.41410432,16.12
2026-04-15 12:55:00,0.4141819,16.06
2026-04-15 13:00:00,0.41414311,16.0
2026-04-15 13:05:00,0.41414311,15.9
2026-04-15 13:10:00,0.41422069,15.84
2026-04-15 13:15:00,0.4141819,15.8
2026-04-15 13:20:00,0.41425948,15.7
2026-04-15 13:25:00,0.41425948,15.66
2026-04-15 13:30:00,0.41425948,15.6
2026-04-15 13:35:00,0.41425948,15.52
2026-04-15 13:40:00,0.41433706,15.5
2026-04-15 13:45:00,0.41425948,15.4
2026-04-15 13:50:00,0.41429827,15.38
2026-04-15 13:55:00,0.41433706,15.3
2026-04-15 14:00:00,0.41433706,15.26
2026-04-15 14:05:00,0.41422069,15.2
2026-04-15 14:10:00,0.41425948,15.18
2026-04-15 14:15:00,0.41441464,15.1
2026-04-15 14:20:00,0.41429827,15.08
2026-04-15 14:25:00,0.41441464,15.0
2026-04-15 14:30:00,0.41437585,14.98
2026-04-15 14:35:00,0.41445343,14.9
2026-04-15 14:40:00,0.41433706,14.9
2026-04-15 14:45:00,0.41441464,14.8
2026-04-15 14:50:00,0.41441464,14.8
2026-04-15 14:55:00,0.41449222,14.72
