time,sm_bank_20cm,sm_irr_10cm,temp_bank_20cm,temp_irr_10cm
2026-02-25 02:30:00,0.313,0.419,8.7,6.8
2026-02-25 02:35:00,0.313,0.419,7.5,6.3
2026-02-25 02:40:00,0.312,0.419,6.8,6.0
2026-02-25 02:45:00,0.312,0.419,6.4,5.9
2026-02-25 02:50:00,0.312,0.419,6.0,5.8
2026-02-25 02:55:00,0.313,0.419,5.8,5.7
2026-02-25 03:00:00,0.313,0.419,5.7,5.7
2026-02-25 03:05:00,0.313,0.419,5.6,5.7
2026-02-25 03:10:00,0.314,0.419,5.6,5.7
2026-02-25 03:15:00,0.314,0.419,5.5,5.8
2026-02-25 03:20:00,0.314,0.419,5.6,5.9
2026-02-25 03:25:00,0.314,0.419,5.6,6.0
2026-02-25 03:30:00,0.314,0.418,5.6,6.1
2026-02-25 03:35:00,0.314,0.419,5.7,6.2
2026-02-25 03:40:00,0.314,0.419,5.7,6.4
2026-02-25 03:45:00,0.314,0.419,5.8,6.5
2026-02-25 03:50:00,0.314,0.418,5.9,6.7
2026-02-25 03:55:00,0.314,0.418,5.9,6.8
2026-02-25 04:00:00,0.314,0.418,6.0,7.0
2026-02-25 04:05:00,0.314,0.418,6.1,7.2
2026-02-25 04:10:00,0.315,0.418,6.2,7.3
2026-02-25 04:15:00,0.314,0.418,6.3,7.5
2026-02-25 04:20:00,0.314,0.418,6.4,7.7
2026-02-25 04:25:00,0.314,0.417,6.4,7.8
2026-02-25 04:30:00,0.314,0.417,6.5,8.0
2026-02-25 04:35:00,0.314,0.417,6.6,8.2
2026-02-25 04:40:00,0.314,0.417,6.7,8.3
2026-02-25 04:45:00,0.314,0.417,6.8,8.5
2026-02-25 04:50:00,0.314,0.417,6.9,8.7
2026-02-25 04:55:00,0.314,0.417,7.0,8.9
2026-02-25 05:00:00,0.314,0.417,7.1,9.0
2026-02-25 05:05:00,0.314,0.416,7.2,9.2
2026-02-25 05:10:00,0.314,0.417,7.3,9.4
2026-02-25 05:15:00,0.314,0.416,7.4,9.5
2026-02-25 05:20:00,0.314,0.417,7.5,9.7
2026-02-25 05:25:00,0.314,0.416,7.7,9.8
2026-02-25 05:30:00,0.314,0.416,7.8,10.0
2026-02-25 05:35:00,0.314,0.416,7.9,10.1
2026-02-25 05:40:00,0.314,0.415,8.0,10.2
2026-02-25 05:45:00,0.314,0.415,8.1,10.4
2026-02-25 05:50:00,0.314,0.416,8.3,10.5
2026-02-25 05:55:00,0.314,0.415,8.3,10.6
2026-02-25 06:00:00,0.314,0.415,8.4,10.6
2026-02-25 06:05:00,0.314,0.416,8.5,10.7
2026-02-25 06:10:00,0.314,0.415,8.6,10.8
2026-02-25 06:15:00,0.314,0.415,8.7,10.8
2026-02-25 06:20:00,0.314,0.415,8.8,10.9
2026-02-25 06:25:00,0.314,0.415,8.8,10.9
2026-02-25 06:30:00,0.314,0.415,8.9,11.0
2026-02-25 06:35:00,0.314,0.415,8.9,11.0
2026-02-25 06:40:00,0.314,0.415,9.0,11.0
2026-02-25 06:45:00,0.314,0.415,9.0,11.0
2026-02-25 06:50:00,0.314,0.415,9.1,11.0
2026-02-25 06:55:00,0.314,0.415,9.1,11.0
2026-02-25 07:00:00,0.314,0.415,9.1,11.0
2026-02-25 07:05:00,0.314,0.415,9.2,10.9
2026-02-25 07:10:00,0.314,0.415,9.2,10.9
2026-02-25 07:15:00,0.314,0.415,9.2,10.9
2026-02-25 07:20:00,0.314,0.415,9.2,10.9
2026-02-25 07:25:00,0.314,0.415,9.2,10.8
2026-02-25 07:30:00,0.314,0.415,9.2,10.8
2026-02-25 07:35:00,0.314,0.415,9.3,10.8
2026-02-25 07:40:00,0.314,0.415,9.3,10.7
2026-02-25 07:45:00,0.314,0.415,9.3,10.7
2026-02-25 07:50:00,0.314,0.415,9.3,10.7
2026-02-25 07:55:00,0.314,0.415,9.3,10.6
2026-02-25 08:00:00,0.314,0.415,9.3,10.6
2026-02-25 08:05:00,0.314,0.415,9.3,10.5
2026-02-25 08:10:00,0.314,0.415,9.3,10.5
2026-02-25 08:15:00,0.314,0.415,9.3,10.4
2026-02-25 08:20:00,0.314,0.415,9.3,10.4
2026-02-25 08:25:00,0.314,0.416,9.2,10.3
2026-02-25 08:30:00,0.314,0.415,9.2,10.3
2026-02-25 08:35:00,0.314,0.415,9.2,10.2
2026-02-25 08:40:00,0.314,0.416,9.2,10.2
2026-02-25 08:45:00,0.314,0.416,9.2,10.1
2026-02-25 08:50:00,0.314,0.415,9.2,10.1
2026-02-25 08:55:00,0.314,0.416,9.2,10.0
2026-02-25 09:00:00,0.314,0.416,9.1,9.9
2026-02-25 09:05:00,0.314,0.416,9.1,9.9
2026-02-25 09:10:00,0.314,0.416,9.1,9.8
2026-02-25 09:15:00,0.314,0.416,9.1,9.7
2026-02-25 09:20:00,0.314,0.416,9.0,9.7
2026-02-25 09:25:00,0.314,0.416,9.0,9.6
2026-02-25 09:30:00,0.314,0.416,8.9,9.5
2026-02-25 09:35:00,0.314,0.416,8.9,9.5
2026-02-25 09:40:00,0.314,0.416,8.9,9.4
2026-02-25 09:45:00,0.314,0.416,8.8,9.3
2026-02-25 09:50:00,0.314,0.417,8.8,9.3
2026-02-25 09:55:00,0.314,0.416,8.8,9.2
2026-02-25 10:00:00,0.314,0.417,8.7,9.1
2026-02-25 10:05:00,0.314,0.416,8.7,9.1
2026-02-25 10:10:00,0.314,0.416,8.6,9.0
2026-02-25 10:15:00,0.315,0.417,8.6,8.9
2026-02-25 10:20:00,0.315,0.417,8.6,8.9
2026-02-25 10:25:00,0.315,0.417,8.5,8.8
2026-02-25 10:30:00,0.315,0.417,8.5,8.7
2026-02-25 10:35:00,0.315,0.417,8.4,8.7
2026-02-25 10:40:00,0.315,0.417,8.4,8.6
2026-02-25 10:45:00,0.315,0.417,8.4,8.5
2026-02-25 10:50:00,0.315,0.417,8.3,8.5
2026-02-25 10:55:00,0.315,0.417,8.3,8.4
2026-02-25 11:00:00,0.315,0.417,8.2,8.4
2026-02-25 11:05:00,0.315,0.417,8.2,8.3
2026-02-25 11:10:00,0.315,0.417,8.1,8.2
2026-02-25 11:15:00,0.315,0.417,8.1,8.2
2026-02-25 11:20:00,0.315,0.417,8.0,8.1
2026-02-25 11:25:00,0.315,0.417,8.0,8.0
2026-02-25 11:30:00,0.315,0.417,8.0,8.0
2026-02-25 11:35:00,0.315,0.417,7.9,7.9
2026-02-25 11:40:00,0.315,0.417,7.9,7.9
2026-02-25 11:45:00,0.316,0.418,7.8,7.8
2026-02-25 11:50:00,0.315,0.418,7.8,7.8
2026-02-25 11:55:00,0.316,0.418,7.7,7.7
2026-02-25 12:00:00,0.316,0.418,7.7,7.6
2026-02-25 12:05:00,0.316,0.418,7.6,7.6
2026-02-25 12:10:00,0.316,0.418,7.6,7.5
2026-02-25 12:15:00,0.316,0.418,7.5,7.5
2026-02-25 12:20:00,0.316,0.418,7.5,7.4
2026-02-25 12:25:00,0.316,0.418,7.5,7.4
2026-02-25 12:30:00,0.316,0.418,7.4,7.3
2026-02-25 12:35:00,0.316,0.418,7.4,7.3
2026-02-25 12:40:00,0.316,0.418,7.3,7.2
2026-02-25 12:45:00,0.316,0.418,7.3,7.2
2026-02-25 12:50:00,0.316,0.418,7.3,7.1
2026-02-25 12:55:00,0.316,0.418,7.2,7.1
2026-02-25 13:00:00,0.317,0.418,7.2,7.0
2026-02-25 13:05:00,0.316,0.419,7.1,7.0
2026-02-25 13:10:00,0.316,0.418,7.1,6.9
2026-02-25 13:15:00,0.316,0.419,7.1,6.9
2026-02-25 13:20:00,0.317,0.419,7.0,6.8
2026-02-25 13:25:00,0.316,0.419,7.0,6.8
2026-02-25 13:30:00,0.316,0.419,6.9,6.7
2026-02-25 13:35:00,0.316,0.419,6.9,6.7
2026-02-25 13:40:00,0.317,0.419,6.9,6.6
2026-02-25 13:45:00,0.316,0.419,6.8,6.6
2026-02-25 13:50:00,0.317,0.419,6.8,6.6
2026-02-25 13:55:00,0.317,0.419,6.8,6.5
2026-02-25 14:00:00,0.317,0.419,6.7,6.5
2026-02-25 14:05:00,0.317,0.419,6.7,6.4
2026-02-25 14:10:00,0.317,0.419,6.6,6.4
2026-02-25 14:15:00,0.317,0.419,6.6,6.4
2026-02-25 14:20:00,0.317,0.419,6.6,6.3
2026-02-25 14:25:00,0.317,0.419,6.5,6.3
2026-02-25 14:30:00,0.317,0.42,6.5,6.2
2026-02-25 14:35:00,0.317,0.42,6.5,6.2
2026-02-25 14:40:00,0.317,0.42,6.4,6.1
2026-02-25 14:45:00,0.317,0.42,6.4,6.1
2026-02-25 14:50:00,0.317,0.419,6.4,6.1
2026-02-25 14:55:00,0.317,0.42,6.3,6.0
2026-02-25 15:00:00,0.31709053,0.4200004,6.3,6.0
2026-02-25 15:05:00,0.31701295,0.41972887,6.3,5.96
2026-02-25 15:10:00,0.31693537,0.41976766,6.2,5.9
2026-02-25 15:15:00,0.3172069,0.41996161,6.2,5.9
2026-02-25 15:20:00,0.31712932,0.42015556,6.18,5.82
2026-02-25 15:25:00,0.3172069,0.42011677,6.1,5.8
2026-02-25 15:30:00,0.31709053,0.42019435,6.1,5.76
2026-02-25 15:35:00,0.31724569,0.42031072,6.08,5.7
2026-02-25 15:40:00,0.31755601,0.42031072,6.0,5.7
2026-02-25 15:45:00,0.31732327,0.42027193,6.0,5.64
2026-02-25 15:50:00,0.31736206,0.4203883,6.0,5.6
2026-02-25 15:55:00,0.31747843,0.42034951,5.9,5.6
2026-02-25 16:00:00,0.31763359,0.42042709,5.9,5.52
2026-02-25 16:05:00,0.31767238,0.42054346,5.9,5.5
2026-02-25 16:10:00,0.31751722,0.4207762,5.82,5.48
2026-02-25 16:15:00,0.31786633,0.42065983,5.8,5.4
2026-02-25 16:20:00,0.31755601,0.42065983,5.8,5.4
2026-02-25 16:25:00,0.31767238,0.42081499,5.74,5.38
2026-02-25 16:30:00,0.3175948,0.42062104,5.7,5.3
2026-02-25 16:35:00,0.31794391,0.42058225,5.7,5.3
2026-02-25 16:40:00,0.31786633,0.42073741,5.68,5.3
2026-02-25 16:45:00,0.31813786,0.42042709,5.6,5.22
2026-02-25 16:50:00,0.31790512,0.42073741,5.6,5.2
2026-02-25 16:55:00,0.31802149,0.42073741,5.6,5.2
2026-02-25 17:00:00,0.31794391,0.42093136,5.56,5.16
2026-02-25 17:05:00,0.31813786,0.42108652,5.5,5.1
2026-02-25 17:10:00,0.31786633,0.42147442,5.5,5.1
2026-02-25 17:15:00,0.31809907,0.42093136,5.5,5.1
2026-02-25 17:20:00,0.31802149,0.42131926,5.46,5.04
2026-02-25 17:25:00,0.3179827,0.42085378,5.4,5.0
2026-02-25 17:30:00,0.31833181,0.42124168,5.4,5.0
2026-02-25 17:35:00,0.31790512,0.42139684,5.4,5.0
2026-02-25 17:40:00,0.31802149,0.42108652,5.4,5.0
2026-02-25 17:45:00,0.31844818,0.42112531,5.34,5.0
2026-02-25 17:50:00,0.31852576,0.42128047,5.3,4.92
2026-02-25 17:55:00,0.31817665,0.42097015,5.3,4.9
2026-02-25 18:00:00,0.31829302,0.42112531,5.3,4.9
2026-02-25 18:05:00,0.31817665,0.42128047,5.3,4.9
2026-02-25 18:10:00,0.31821544,0.42108652,5.3,4.9
2026-02-25 18:15:00,0.31844818,0.42112531,5.22,4.9
2026-02-25 18:20:00,0.31825423,0.42135805,5.2,4.84
2026-02-25 18:25:00,0.31856455,0.42135805,5.2,4.8
2026-02-25 18:30:00,0.3183706,0.42131926,5.2,4.8
2026-02-25 18:35:00,0.31852576,0.421552,5.2,4.8
2026-02-25 18:40:00,0.31829302,0.42143563,5.2,4.78
2026-02-25 18:45:00,0.31860334,0.42162958,5.2,4.7
2026-02-25 18:50:00,0.31833181,0.42143563,5.12,4.7
2026-02-25 18:55:00,0.31844818,0.42128047,5.1,4.7
2026-02-25 19:00:00,0.3183706,0.42131926,5.1,4.7
2026-02-25 19:05:00,0.31833181,0.42108652,5.1,4.7
2026-02-25 19:10:00,0.31860334,0.42120289,5.1,4.62
2026-02-25 19:15:00,0.31829302,0.42120289,5.04,4.6
2026-02-25 19:20:00,0.31852576,0.42147442,5.0,4.6
2026-02-25 19:25:00,0.31833181,0.42120289,5.0,4.6
2026-02-25 19:30:00,0.31848697,0.42162958,5.0,4.6
2026-02-25 19:35:00,0.31856455,0.42139684,5.0,4.5
2026-02-25 19:40:00,0.31879729,0.42147442,5.0,4.5
2026-02-25 19:45:00,0.31852576,0.42182353,4.92,4.5
2026-02-25 19:50:00,0.31868092,0.421552,4.9,4.5
2026-02-25 19:55:00,0.31883608,0.42174595,4.9,4.42
2026-02-25 20:00:00,0.31891366,0.42186232,4.9,4.4
2026-02-25 20:05:00,0.31879729,0.421552,4.9,4.4
2026-02-25 20:10:00,0.31883608,0.42174595,4.84,4.34
2026-02-25 20:15:00,0.31899124,0.42159079,4.8,4.3
2026-02-25 20:20:00,0.31871971,0.42159079,4.8,4.3
2026-02-25 20:25:00,0.31879729,0.42190111,4.8,4.3
2026-02-25 20:30:00,0.31910761,0.42178474,4.8,4.26
2026-02-25 20:35:00,0.31918519,0.42174595,4.7,4.2
2026-02-25 20:40:00,0.31895245,0.4219399,4.7,4.2
2026-02-25 20:45:00,0.31903003,0.42174595,4.7,4.2
2026-02-25 20:50:00,0.31899124,0.4219399,4.7,4.16
2026-02-25 20:55:00,0.31918519,0.42162958,4.7,4.1
2026-02-25 21:00:00,0.31879729,0.42186232,4.6,4.1
2026-02-25 21:05:00,0.3191464,0.42190111,4.6,4.1
2026-02-25 21:10:00,0.31906882,0.42182353,4.6,4.08
2026-02-25 21:15:00,0.31903003,0.42213385,4.6,4.0
2026-02-25 21:20:00,0.31922398,0.42190111,4.6,4.0
2026-02-25 21:25:00,0.31887487,0.42240538,4.56,4.0
2026-02-25 21:30:00,0.31961188,0.4219399,4.5,4.0
2026-02-25 21:35:00,0.31926277,0.42201748,4.5,3.94
2026-02-25 21:40:00,0.31945672,0.42190111,4.5,3.9
2026-02-25 21:45:00,0.31934035,0.4223278,4.5,3.9
2026-02-25 21:50:00,0.31949551,0.42213385,4.5,3.9
2026-02-25 21:55:00,0.31922398,0.42221143,4.42,3.9
2026-02-25 22:00:00,0.31918519,0.42201748,4.4,3.82
2026-02-25 22:05:00,0.31918519,0.42248296,4.4,3.8
2026-02-25 22:10:00,0.3191464,0.42228901,4.4,3.8
2026-02-25 22:15:00,0.31930156,0.42259933,4.4,3.8
2026-02-25 22:20:00,0.31945672,0.42256054,4.3,3.78
2026-02-25 22:25:00,0.31980583,0.42217264,4.3,3.7
2026-02-25 22:30:00,0.31957309,0.42225022,4.3,3.7
2026-02-25 22:35:00,0.31976704,0.4227157,4.3,3.7
2026-02-25 22:40:00,0.31972825,0.42217264,4.3,3.7
2026-02-25 22:45:00,0.31957309,0.42217264,4.3,3.7
2026-02-25 22:50:00,0.31957309,0.4223278,4.24,3.62
2026-02-25 22:55:00,0.31918519,0.42228901,4.2,3.6
2026-02-25 23:00:00,0.31984462,0.42225022,4.2,3.6
2026-02-25 23:05:00,0.31926277,0.42248296,4.2,3.6
2026-02-25 23:10:00,0.31961188,0.42225022,4.2,3.6
2026-02-25 23:15:00,0.31965067,0.42256054,4.2,3.6
2026-02-25 23:20:00,0.31972825,0.42228901,4.2,3.6
2026-02-25 23:25:00,0.31941793,0.42256054,4.2,3.58
2026-02-25 23:30:00,0.31961188,0.42228901,4.14,3.52
2026-02-25 23:35:00,0.31996099,0.42228901,4.1,3.5
2026-02-25 23:40:00,0.31965067,0.42228901,4.1,3.5
2026-02-25 23:45:00,0.31976704,0.42217264,4.1,3.54
2026-02-25 23:50:00,0.3199222,0.42248296,4.1,3.6
2026-02-25 23:55:00,0.31980583,0.42248296,4.1,3.6
2026-02-26 00:00:00,0.32003857,0.42248296,4.1,3.6
2026-02-26 00:05:00,0.31965067,0.42228901,4.1,3.62
2026-02-26 00:10:00,0.31968946,0.42209506,4.1,3.7
2026-02-26 00:15:00,0.31949551,0.42287086,4.1,3.7
2026-02-26 00:20:00,0.31976704,0.42213385,4.1,3.78
2026-02-26 00:25:00,0.31984462,0.42228901,4.16,3.84
2026-02-26 00:30:00,0.31941793,0.42252175,4.2,3.9
2026-02-26 00:35:00,0.31976704,0.42236659,4.2,3.98
2026-02-26 00:40:00,0.31996099,0.42201748,4.2,4.06
2026-02-26 00:45:00,0.31968946,0.42228901,4.28,4.14
2026-02-26 00:50:00,0.31968946,0.42225022,4.3,4.22
2026-02-26 00:55:00,0.31972825,0.42217264,4.34,4.32
2026-02-26 01:00:00,0.3195343,0.42197869,4.4,4.42
2026-02-26 01:05:00,0.31976704,0.42190111,4.46,4.52
2026-02-26 01:10:00,0.31968946,0.42190111,4.5,4.6
2026-02-26 01:15:00,0.31945672,0.42213385,4.58,4.72
2026-02-26 01:20:00,0.3195343,0.42205627,4.62,4.82
2026-02-26 01:25:00,0.31926277,0.42213385,4.7,4.94
2026-02-26 01:30:00,0.31910761,0.42159079,4.76,5.04
2026-02-26 01:35:00,0.31918519,0.42162958,4.84,5.18
2026-02-26 01:40:00,0.31891366,0.42147442,4.9,5.28
2026-02-26 01:45:00,0.31918519,0.42186232,5.0,5.42
2026-02-26 01:50:00,0.31945672,0.42139684,5.08,5.54
2026-02-26 01:55:00,0.31899124,0.42143563,5.16,5.66
2026-02-26 02:00:00,0.31895245,0.42159079,5.2,5.76
2026-02-26 02:05:00,0.31899124,0.42120289,5.3,5.9
2026-02-26 02:10:00,0.31891366,0.42124168,5.38,6.02
2026-02-26 02:15:00,0.31871971,0.42081499,5.48,6.14
2026-02-26 02:20:00,0.31852576,0.42054346,5.56,6.26
2026-02-26 02:25:00,0.31848697,0.42073741,5.64,6.38
2026-02-26 02:30:00,0.31871971,0.42062104,5.72,6.5
2026-02-26 02:35:00,0.31844818,0.4203883,5.82,6.62
2026-02-26 02:40:00,0.31860334,0.42058225,5.9,6.74
2026-02-26 02:45:00,0.31821544,0.42034951,6.0,6.84
2026-02-26 02:50:00,0.31821544,0.42011677,6.08,6.96
2026-02-26 02:55:00,0.31860334,0.42015556,6.18,7.06
2026-02-26 03:00:00,0.31829302,0.42007798,6.28,7.18
2026-02-26 03:05:00,0.3179827,0.41996161,6.36,7.3
2026-02-26 03:10:00,0.31821544,0.4200004,6.44,7.42
2026-02-26 03:15:00,0.31786633,0.41984524,6.54,7.52
2026-02-26 03:20:00,0.3179827,0.41996161,6.62,7.66
2026-02-26 03:25:00,0.3179827,0.41965129,6.7,7.76
2026-02-26 03:30:00,0.31786633,0.41918581,6.8,7.88
2026-02-26 03:35:00,0.31774996,0.41945734,6.9,7.98
2026-02-26 03:40:00,0.31763359,0.41949613,6.98,8.08
2026-02-26 03:45:00,0.3175948,0.41945734,7.06,8.18
2026-02-26 03:50:00,0.31732327,0.41910823,7.14,8.26
2026-02-26 03:55:00,0.31755601,0.41887549,7.22,8.34
2026-02-26 04:00:00,0.31736206,0.41860396,7.3,8.42
2026-02-26 04:05:00,0.31724569,0.41868154,7.38,8.5
2026-02-26 04:10:00,0.31716811,0.41872033,7.44,8.6
2026-02-26 04:15:00,0.31705174,0.41872033,7.5,8.68
2026-02-26 04:20:00,0.31697416,0.41841001,7.6,8.72
2026-02-26 04:25:00,0.31701295,0.41856517,7.66,8.8
2026-02-26 04:30:00,0.31693537,0.41868154,7.7,8.86
2026-02-26 04:35:00,0.31678021,0.41864275,7.8,8.9
2026-02-26 04:40:00,0.31678021,0.41821606,7.84,8.98
2026-02-26 04:45:00,0.31674142,0.41817727,7.9,9.0
2026-02-26 04:50:00,0.31658626,0.41825485,7.96,9.08
2026-02-26 04:55:00,0.31654747,0.41763421,8.0,9.1
2026-02-26 05:00:00,0.31662505,0.41794453,8.06,9.16
2026-02-26 05:05:00,0.3164311,0.41778937,8.1,9.2
2026-02-26 05:10:00,0.31639231,0.41751784,8.18,9.26
2026-02-26 05:15:00,0.31639231,0.41744026,8.2,9.3
2026-02-26 05:20:00,0.31639231,0.417673,8.26,9.34
2026-02-26 05:25:00,0.31612078,0.41786695,8.3,9.4
2026-02-26 05:30:00,0.31619836,0.41732389,8.34,9.4
2026-02-26 05:35:00,0.3160432,0.41771179,8.4,9.5
2026-02-26 05:40:00,0.31596562,0.41736268,8.4,9.5
2026-02-26 05:45:00,0.31596562,0.41763421,8.5,9.58
2026-02-26 05:50:00,0.31600441,0.41712994,8.5,9.6
2026-02-26 05:55:00,0.31588804,0.41744026,8.56,9.62
2026-02-26 06:00:00,0.31588804,0.41759542,8.6,9.7
2026-02-26 06:05:00,0.31569409,0.4168972,8.66,9.7
2026-02-26 06:10:00,0.3156553,0.41685841,8.7,9.72
2026-02-26 06:15:00,0.31569409,0.41724631,8.72,9.8
2026-02-26 06:20:00,0.31553893,0.41674204,8.8,9.8
2026-02-26 06:25:00,0.31553893,0.41705236,8.8,9.8
2026-02-26 06:30:00,0.31550014,0.41709115,8.8,9.8
2026-02-26 06:35:00,0.31538377,0.41693599,8.86,9.8
2026-02-26 06:40:00,0.31530619,0.41697478,8.9,9.8
2026-02-26 06:45:00,0.31530619,0.41705236,8.9,9.8
2026-02-26 06:50:00,0.31534498,0.41678083,8.9,9.8
2026-02-26 06:55:00,0.31538377,0.41670325,8.9,9.8
2026-02-26 07:00:00,0.31515103,0.41681962,8.9,9.8
2026-02-26 07:05:00,0.31518982,0.41658688,8.9,9.8
2026-02-26 07:10:00,0.31515103,0.41693599,8.9,9.8
2026-02-26 07:15:00,0.31518982,0.41685841,8.9,9.7
2026-02-26 07:20:00,0.3152674,0.41654809,8.9,9.7
2026-02-26 07:25:00,0.31511224,0.41658688,8.9,9.7
2026-02-26 07:30:00,0.31507345,0.41693599,8.9,9.7
2026-02-26 07:35:00,0.31511224,0.41678083,8.9,9.7
2026-02-26 07:40:00,0.31499587,0.41631535,8.9,9.6
2026-02-26 07:45:00,0.31503466,0.41666446,8.9,9.6
2026-02-26 07:50:00,0.31515103,0.41681962,8.9,9.6
2026-02-26 07:55:00,0.31503466,0.41685841,8.9,9.6
2026-02-26 08:00:00,0.31499587,0.41658688,8.9,9.54
2026-02-26 08:05:00,0.31518982,0.41654809,8.9,9.5
2026-02-26 08:10:00,0.31495708,0.41666446,8.9,9.5
2026-02-26 08:15:00,0.3148795,0.41674204,8.9,9.5
2026-02-26 08:20:00,0.31491829,0.41647051,8.9,9.44
2026-02-26 08:25:00,0.31511224,0.41674204,8.8,9.4
2026-02-26 08:30:00,0.31499587,0.4165093,8.8,9.4
2026-02-26 08:35:00,0.31491829,0.41678083,8.8,9.4
2026-02-26 08:40:00,0.31495708,0.41666446,8.8,9.34
2026-02-26 08:45:00,0.31499587,0.41658688,8.8,9.3
2026-02-26 08:50:00,0.31499587,0.41639293,8.8,9.3
2026-02-26 08:55:00,0.31495708,0.41670325,8.8,9.3
2026-02-26 09:00:00,0.31499587,0.41693599,8.8,9.24
2026-02-26 09:05:00,0.31499587,0.41654809,8.7,9.2
2026-02-26 09:10:00,0.31491829,0.41685841,8.7,9.2
2026-02-26 09:15:00,0.31484071,0.41643172,8.7,9.18
2026-02-26 09:20:00,0.31472434,0.41627656,8.7,9.1
2026-02-26 09:25:00,0.31468555,0.41670325,8.7,9.1
2026-02-26 09:30:00,0.3148795,0.41666446,8.7,9.1
2026-02-26 09:35:00,0.31480192,0.41635414,8.62,9.0
2026-02-26 09:40:00,0.31480192,0.41693599,8.6,9.0
2026-02-26 09:45:00,0.31472434,0.41647051,8.6,9.0
2026-02-26 09:50:00,0.31480192,0.41662567,8.6,8.94
2026-02-26 09:55:00,0.31480192,0.41662567,8.6,8.9
2026-02-26 10:00:00,0.31472434,0.41678083,8.56,8.9
2026-02-26 10:05:00,0.31480192,0.41662567,8.5,8.9
2026-02-26 10:10:00,0.31468555,0.41666446,8.5,8.8
2026-02-26 10:15:00,0.31480192,0.4165093,8.5,8.8
2026-02-26 10:20:00,0.31472434,0.41666446,8.5,8.8
2026-02-26 10:25:00,0.31476313,0.41693599,8.5,8.76
2026-02-26 10:30:00,0.31472434,0.4165093,8.4,8.7
2026-02-26 10:35:00,0.31472434,0.41678083,8.4,8.7
2026-02-26 10:40:00,0.31476313,0.41666446,8.4,8.7
2026-02-26 10:45:00,0.31453039,0.41697478,8.4,8.68
2026-02-26 10:50:00,0.31460797,0.41693599,8.4,8.6
2026-02-26 10:55:00,0.31456918,0.41674204,8.34,8.6
2026-02-26 11:00:00,0.31472434,0.41693599,8.3,8.6
2026-02-26 11:05:00,0.31476313,0.41705236,8.3,8.6
2026-02-26 11:10:00,0.31468555,0.41670325,8.3,8.5
2026-02-26 11:15:00,0.31468555,0.41681962,8.3,8.5
2026-02-26 11:20:00,0.31453039,0.41678083,8.3,8.5
2026-02-26 11:25:00,0.31468555,0.41670325,8.24,8.5
2026-02-26 11:30:00,0.31464676,0.41639293,8.2,8.48
2026-02-26 11:35:00,0.31464676,0.41631535,8.2,8.4
2026-02-26 11:40:00,0.31464676,0.41693599,8.2,8.4
2026-02-26 11:45:00,0.31468555,0.41670325,8.2,8.4
2026-02-26 11:50:00,0.31468555,0.41693599,8.2,8.4
2026-02-26 11:55:00,0.31499587,0.41674204,8.18,8.4
2026-02-26 12:00:00,0.31464676,0.41666446,8.1,8.3
2026-02-26 12:05:00,0.31476313,0.41697478,8.1,8.3
2026-02-26 12:10:00,0.31476313,0.41693599,8.1,8.3
2026-02-26 12:15:00,0.31464676,0.41685841,8.1,8.3
2026-02-26 12:20:00,0.31456918,0.41635414,8.1,8.3
2026-02-26 12:25:00,0.31472434,0.41697478,8.1,8.28
2026-02-26 12:30:00,0.3148795,0.41712994,8.02,8.2
2026-02-26 12:35:00,0.31491829,0.41670325,8.0,8.2
2026-02-26 12:40:00,0.31460797,0.41674204,8.0,8.2
2026-02-26 12:45:00,0.31472434,0.41693599,8.0,8.2
2026-02-26 12:50:00,0.31472434,0.41647051,8.0,8.2
2026-02-26 12:55:00,0.31468555,0.41681962,8.0,8.2
2026-02-26 13:00:00,0.31476313,0.41662567,8.0,8.12
2026-02-26 13:05:00,0.31464676,0.4165093,7.96,8.1
2026-02-26 13:10:00,0.31468555,0.41666446,7.9,8.1
2026-02-26 13:15:00,0.31468555,0.41685841,7.9,8.1
2026-02-26 13:20:00,0.31468555,0.4168972,7.9,8.1
2026-02-26 13:25:00,0.31468555,0.41666446,7.9,8.1
2026-02-26 13:30:00,0.31472434,0.4165093,7.9,8.02
2026-02-26 13:35:00,0.31464676,0.41701357,7.9,8.0
2026-02-26 13:40:00,0.31484071,0.41681962,7.9,8.0
2026-02-26 13:45:00,0.31472434,0.41716873,7.9,8.0
2026-02-26 13:50:00,0.31484071,0.41720752,7.82,8.0
2026-02-26 13:55:00,0.3148795,0.41674204,7.8,8.0
2026-02-26 14:00:00,0.3148795,0.41693599,7.8,8.0
2026-02-26 14:05:00,0.31491829,0.41693599,7.8,8.0
2026-02-26 14:10:00,0.31484071,0.41670325,7.8,7.92
2026-02-26 14:15:00,0.31472434,0.41685841,7.8,7.9
2026-02-26 14:20:00,0.31480192,0.41701357,7.8,7.9
2026-02-26 14:25:00,0.31476313,0.41674204,7.8,7.9
2026-02-26 14:30:00,0.31503466,0.41678083,7.8,7.9
2026-02-26 14:35:00,0.31480192,0.41716873,7.74,7.9
2026-02-26 14:40:00,0.31476313,0.41697478,7.7,7.9
2026-02-26 14:45:00,0.31495708,0.41681962,7.7,7.9
2026-02-26 14:50:00,0.3148795,0.41658688,7.7,7.9
2026-02-26 14:55:00,0.31480192,0.41709115,7.7,7.84
2026-02-26 15:00:00,0.31484071,0.41662567,7.7,7.8
2026-02-26 15:05:00,0.3148795,0.41705236,7.7,7.8
2026-02-26 15:10:00,0.31491829,0.41681962,7.7,7.8
2026-02-26 15:15:00,0.3148795,0.41674204,7.7,7.8
2026-02-26 15:20:00,0.31484071,0.41662567,7.7,7.8
2026-02-26 15:25:00,0.31480192,0.41647051,7.7,7.8
2026-02-26 15:30:00,0.3148795,0.41685841,7.68,7.8
2026-02-26 15:35:00,0.3152674,0.41720752,7.6,7.8
2026-02-26 15:40:00,0.31499587,0.4165093,7.6,7.78
2026-02-26 15:45:00,0.31491829,0.41674204,7.6,7.7
2026-02-26 15:50:00,0.3148795,0.41701357,7.6,7.7
2026-02-26 15:55:00,0.3148795,0.41697478,7.6,7.7
2026-02-26 16:00:00,0.31476313,0.41685841,7.6,7.7
2026-02-26 16:05:00,0.31511224,0.41705236,7.6,7.7
2026-02-26 16:10:00,0.31503466,0.41662567,7.6,7.7
2026-02-26 16:15:00,0.31518982,0.41658688,7.6,7.7
2026-02-26 16:20:00,0.31518982,0.41658688,7.6,7.7
2026-02-26 16:25:00,0.31499587,0.4168972,7.58,7.7
2026-02-26 16:30:00,0.31499587,0.41701357,7.5,7.7
2026-02-26 16:35:00,0.31507345,0.41724631,7.5,7.62
2026-02-26 16:40:00,0.31507345,0.41744026,7.5,7.6
2026-02-26 16:45:00,0.3152674,0.41709115,7.5,7.6
2026-02-26 16:50:00,0.31518982,0.4168972,7.5,7.6
2026-02-26 16:55:00,0.31522861,0.41705236,7.5,7.6
2026-02-26 17:00:00,0.31534498,0.41736268,7.5,7.6
2026-02-26 17:05:00,0.31530619,0.4168972,7.5,7.6
2026-02-26 17:10:00,0.3152674,0.4168972,7.5,7.6
2026-02-26 17:15:00,0.31557772,0.41705236,7.5,7.6
2026-02-26 17:20:00,0.31546135,0.41724631,7.5,7.58
2026-02-26 17:25:00,0.31557772,0.41778937,7.5,7.5
2026-02-26 17:30:00,0.31557772,0.41747905,7.44,7.5
2026-02-26 17:35:00,0.31592683,0.41782816,7.4,7.5
2026-02-26 17:40:00,0.31588804,0.41782816,7.4,7.5
2026-02-26 17:45:00,0.31631473,0.41825485,7.4,7.5
2026-02-26 17:50:00,0.31635352,0.41864275,7.4,7.5
2026-02-26 17:55:00,0.31670263,0.41918581,7.4,7.5
2026-02-26 18:00:00,0.31705174,0.4196125,7.4,7.5
2026-02-26 18:05:00,0.31736206,0.41992282,7.4,7.5
2026-02-26 18:10:00,0.3175948,0.41996161,7.4,7.5
2026-02-26 18:15:00,0.31802149,0.42054346,7.4,7.46
2026-02-26 18:20:00,0.31821544,0.42073741,7.4,7.4
2026-02-26 18:25:00,0.31899124,0.42228901,7.4,7.4
2026-02-26 18:30:00,0.31926277,0.42574132,7.4,7.4
2026-02-26 18:35:00,0.32034889,0.42515947,7.4,7.4
2026-02-26 18:40:00,0.32492611,0.42601285,7.38,7.4
2026-02-26 18:45:00,0.33365386,0.42768082,7.32,7.4
2026-02-26 18:50:00,0.35650117,0.42771961,7.3,7.4
2026-02-26 18:55:00,0.41084596,0.42806872,7.3,7.4
2026-02-26 19:00:00,0.41375521,0.42826267,7.3,7.4
2026-02-26 19:05:00,0.41313457,0.42837904,7.3,7.4
2026-02-26 19:10:00,0.41325094,0.42822388,7.3,7.4
2026-02-26 19:15:00,0.4134061,0.42868936,7.3,7.4
2026-02-26 19:20:00,0.41336731,0.42826267,7.3,7.4
2026-02-26 19:25:00,0.4134061,0.4285342,7.3,7.4
2026-02-26 19:30:00,0.41356126,0.42845662,7.3,7.32
2026-02-26 19:35:00,0.41383279,0.42849541,7.3,7.3
2026-02-26 19:40:00,0.41363884,0.42868936,7.3,7.3
2026-02-26 19:45:00,0.41348368,0.42849541,7.3,7.3
2026-02-26 19:50:00,0.41352247,0.42899968,7.3,7.3
2026-02-26 19:55:00,0.413794,0.42861178,7.3,7.3
2026-02-26 20:00:00,0.41375521,0.42915484,7.3,7.3
2026-02-26 20:05:00,0.41360005,0.42876694,7.3,7.3
2026-02-26 20:10:00,0.41375521,0.42884452,7.3,7.3
2026-02-26 20:15:00,0.41360005,0.42903847,7.3,7.3
2026-02-26 20:20:00,0.413794,0.42888331,7.3,7.3
2026-02-26 20:25:00,0.41371642,0.42934879,7.3,7.3
2026-02-26 20:30:00,0.41375521,0.42903847,7.3,7.3
2026-02-26 20:35:00,0.41394916,0.42931,7.3,7.3
2026-02-26 20:40:00,0.41383279,0.42907726,7.22,7.3
2026-02-26 20:45:00,0.41360005,0.42927121,7.2,7.26
2026-02-26 20:50:00,0.41394916,0.42931,7.2,7.2
2026-02-26 20:55:00,0.41375521,0.42923242,7.2,7.2
2026-02-26 21:00:00,0.413794,0.42911605,7.2,7.2
2026-02-26 21:05:00,0.41371642,0.42931,7.2,7.2
2026-02-26 21:10:00,0.41383279,0.42919363,7.2,7.2
2026-02-26 21:15:00,0.41371642,0.42954274,7.2,7.2
2026-02-26 21:20:00,0.41391037,0.42950395,7.2,7.2
2026-02-26 21:25:00,0.41356126,0.42962032,7.2,7.2
2026-02-26 21:30:00,0.41360005,0.42934879,7.2,7.2
2026-02-26 21:35:00,0.41371642,0.42927121,7.2,7.2
2026-02-26 21:40:00,0.41360005,0.42938758,7.2,7.2
2026-02-26 21:45:00,0.41356126,0.42938758,7.2,7.2
2026-02-26 21:50:00,0.41371642,0.42973669,7.2,7.2
2026-02-26 21:55:00,0.41367763,0.42962032,7.2,7.2
2026-02-26 22:00:00,0.41360005,0.42950395,7.2,7.2
2026-02-26 22:05:00,0.41348368,0.42954274,7.2,7.2
2026-02-26 22:10:00,0.41344489,0.43000822,7.2,7.2
2026-02-26 22:15:00,0.41282425,0.42993064,7.2,7.2
2026-02-26 22:20:00,0.4130182,0.42954274,7.2,7.2
2026-02-26 22:25:00,0.41286304,0.42973669,7.2,7.2
2026-02-26 22:30:00,0.41282425,0.42977548,7.2,7.2
2026-02-26 22:35:00,0.41286304,0.42977548,7.2,7.2
2026-02-26 22:40:00,0.41297941,0.42927121,7.2,7.2
2026-02-26 22:45:00,0.41282425,0.42950395,7.2,7.2
2026-02-26 22:50:00,0.41290183,0.42950395,7.2,7.2
2026-02-26 22:55:00,0.41286304,0.42973669,7.2,7.2
2026-02-26 23:00:00,0.41290183,0.43004701,7.2,7.2
2026-02-26 23:05:00,0.41278546,0.42989185,7.2,7.2
2026-02-26 23:10:00,0.41282425,0.42973669,7.2,7.2
2026-02-26 23:15:00,0.4130182,0.4300858,7.2,7.2
2026-02-26 23:20:00,0.41297941,0.42950395,7.2,7.2
2026-02-26 23:25:00,0.41286304,0.42950395,7.2,7.2
2026-02-26 23:30:00,0.41274667,0.4296979,7.2,7.2
2026-02-26 23:35:00,0.41274667,0.42973669,7.2,7.2
2026-02-26 23:40:00,0.41278546,0.42981427,7.2,7.2
2026-02-26 23:45:00,0.41317336,0.42954274,7.2,7.2
2026-02-26 23:50:00,0.41274667,0.42950395,7.2,7.2
2026-02-26 23:55:00,0.41321215,0.42989185,7.2,7.2
2026-02-27 00:00:00,0.4126303,0.43004701,7.2,7.2
2026-02-27 00:05:00,0.4130182,0.43016338,7.2,7.2
2026-02-27 00:10:00,0.41290183,0.42973669,7.2,7.2
2026-02-27 00:15:00,0.41278546,0.42973669,7.2,7.2
2026-02-27 00:20:00,0.41266909,0.42973669,7.2,7.2
2026-02-27 00:25:00,0.41270788,0.42962032,7.2,7.2
2026-02-27 00:30:00,0.4130182,0.42977548,7.2,7.2
2026-02-27 00:35:00,0.41274667,0.42993064,7.2,7.2
2026-02-27 00:40:00,0.41294062,0.42981427,7.2,7.2
2026-02-27 00:45:00,0.41266909,0.42985306,7.2,7.24
2026-02-27 00:50:00,0.41286304,0.42958153,7.2,7.3
2026-02-27 00:55:00,0.41282425,0.42973669,7.2,7.3
2026-02-27 01:00:00,0.41270788,0.42954274,7.2,7.3
2026-02-27 01:05:00,0.41297941,0.42931,7.2,7.3
2026-02-27 01:10:00,0.41266909,0.42977548,7.2,7.4
2026-02-27 01:15:00,0.41274667,0.42942637,7.22,7.4
2026-02-27 01:20:00,0.41278546,0.42954274,7.3,7.4
2026-02-27 01:25:00,0.41282425,0.42958153,7.3,7.5
2026-02-27 01:30:00,0.41270788,0.42962032,7.3,7.5
2026-02-27 01:35:00,0.4126303,0.42950395,7.3,7.56
2026-02-27 01:40:00,0.41270788,0.43000822,7.34,7.6
2026-02-27 01:45:00,0.41259151,0.42989185,7.4,7.66
2026-02-27 01:50:00,0.41286304,0.42954274,7.4,7.7
2026-02-27 01:55:00,0.41282425,0.4296979,7.4,7.72
2026-02-27 02:00:00,0.41270788,0.42942637,7.48,7.8
2026-02-27 02:05:00,0.41278546,0.42965911,7.5,7.82
2026-02-27 02:10:00,0.41278546,0.42915484,7.5,7.9
2026-02-27 02:15:00,0.41282425,0.42927121,7.56,7.9
2026-02-27 02:20:00,0.41294062,0.42911605,7.6,8.0
2026-02-27 02:25:00,0.41282425,0.42884452,7.6,8.0
2026-02-27 02:30:00,0.41290183,0.42903847,7.7,8.1
2026-02-27 02:35:00,0.41282425,0.42923242,7.7,8.12
2026-02-27 02:40:00,0.41286304,0.42903847,7.7,8.2
2026-02-27 02:45:00,0.41305699,0.42876694,7.8,8.22
2026-02-27 02:50:00,0.41294062,0.42896089,7.8,8.3
2026-02-27 02:55:00,0.4130182,0.42845662,7.86,8.32
2026-02-27 03:00:00,0.4130182,0.42876694,7.9,8.4
2026-02-27 03:05:00,0.41294062,0.42876694,7.9,8.42
2026-02-27 03:10:00,0.41286304,0.42876694,7.98,8.5
2026-02-27 03:15:00,0.41297941,0.42872815,8.0,8.52
2026-02-27 03:20:00,0.41290183,0.42845662,8.04,8.6
2026-02-27 03:25:00,0.4130182,0.42834025,8.1,8.64
2026-02-27 03:30:00,0.41294062,0.42845662,8.1,8.7
2026-02-27 03:35:00,0.41286304,0.4285342,8.2,8.74
2026-02-27 03:40:00,0.4130182,0.42837904,8.2,8.8
2026-02-27 03:45:00,0.4126303,0.42818509,8.24,8.84
2026-02-27 03:50:00,0.41251393,0.42795235,8.3,8.9
2026-02-27 03:55:00,0.41247514,0.42818509,8.3,8.94
2026-02-27 04:00:00,0.41243635,0.42791356,8.38,9.0
2026-02-27 04:05:00,0.41239756,0.42795235,8.4,9.02
2026-02-27 04:10:00,0.41251393,0.42771961,8.42,9.1
2026-02-27 04:15:00,0.41247514,0.42787477,8.5,9.1
2026-02-27 04:20:00,0.41247514,0.42799114,8.5,9.16
2026-02-27 04:25:00,0.41247514,0.42783598,8.54,9.2
2026-02-27 04:30:00,0.41247514,0.4277584,8.6,9.2
2026-02-27 04:35:00,0.41251393,0.42760324,8.6,9.3
2026-02-27 04:40:00,0.41255272,0.42764203,8.62,9.3
2026-02-27 04:45:00,0.41266909,0.42760324,8.7,9.3
2026-02-27 04:50:00,0.41259151,0.42756445,8.7,9.36
2026-02-27 04:55:00,0.41255272,0.42795235,8.7,9.4
2026-02-27 05:00:00,0.41255272,0.42725413,8.78,9.4
2026-02-27 05:05:00,0.41259151,0.42756445,8.8,9.4
2026-02-27 05:10:00,0.4126303,0.42740929,8.8,9.4
2026-02-27 05:15:00,0.41247514,0.4273705,8.8,9.48
2026-02-27 05:20:00,0.41259151,0.42760324,8.86,9.5
2026-02-27 05:25:00,0.41251393,0.42733171,8.9,9.5
2026-02-27 05:30:00,0.41251393,0.42740929,8.9,9.5
2026-02-27 05:35:00,0.41255272,0.42760324,8.9,9.5
2026-02-27 05:40:00,0.41255272,0.42756445,8.9,9.5
2026-02-27 05:45:00,0.41255272,0.42740929,8.9,9.5
2026-02-27 05:50:00,0.41251393,0.42702139,8.98,9.5
2026-02-27 05:55:00,0.41255272,0.42713776,9.0,9.5
2026-02-27 06:00:00,0.41251393,0.42752566,9.0,9.5
2026-02-27 06:05:00,0.41247514,0.42760324,9.0,9.5
2026-02-27 06:10:00,0.41255272,0.42721534,9.0,9.5
2026-02-27 06:15:00,0.41251393,0.42740929,9.0,9.5
2026-02-27 06:20:00,0.41259151,0.42752566,9.0,9.5
2026-02-27 06:25:00,0.41259151,0.42694381,9.0,9.5
2026-02-27 06:30:00,0.41259151,0.42713776,9.0,9.5
2026-02-27 06:35:00,0.4126303,0.42729292,9.0,9.5
2026-02-27 06:40:00,0.4126303,0.42744808,9.0,9.5
2026-02-27 06:45:00,0.41266909,0.4269826,9.0,9.5
2026-02-27 06:50:00,0.4126303,0.42709897,9.0,9.5
2026-02-27 06:55:00,0.41259151,0.42706018,9.0,9.5
2026-02-27 07:00:00,0.41266909,0.42744808,9.1,9.52
2026-02-27 07:05:00,0.41255272,0.42744808,9.1,9.6
2026-02-27 07:10:00,0.41274667,0.42706018,9.1,9.6
2026-02-27 07:15:00,0.4126303,0.42744808,9.1,9.6
2026-02-27 07:20:00,0.41251393,0.4273705,9.1,9.6
2026-02-27 07:25:00,0.41255272,0.42709897,9.1,9.7
2026-02-27 07:30:00,0.4126303,0.42717655,9.1,9.7
2026-02-27 07:35:00,0.41239756,0.42686623,9.1,9.7
2026-02-27 07:40:00,0.41239756,0.42709897,9.2,9.7
2026-02-27 07:45:00,0.41235877,0.42674986,9.2,9.8
2026-02-27 07:50:00,0.41243635,0.4269826,9.2,9.8
2026-02-27 07:55:00,0.41220361,0.42674986,9.2,9.8
2026-02-27 08:00:00,0.41220361,0.42651712,9.2,9.8
2026-02-27 08:05:00,0.41216482,0.42674986,9.26,9.8
2026-02-27 08:10:00,0.41220361,0.42674986,9.3,9.8
2026-02-27 08:15:00,0.41204845,0.42655591,9.3,9.8
2026-02-27 08:20:00,0.41220361,0.42674986,9.3,9.88
2026-02-27 08:25:00,0.41208724,0.42694381,9.3,9.9
2026-02-27 08:30:00,0.41216482,0.42682744,9.3,9.9
2026-02-27 08:35:00,0.41212603,0.42702139,9.3,9.9
2026-02-27 08:40:00,0.41193208,0.42667228,9.3,9.9
2026-02-27 08:45:00,0.41197087,0.42671107,9.3,9.9
2026-02-27 08:50:00,0.4118545,0.42686623,9.38,9.9
2026-02-27 08:55:00,0.41193208,0.42686623,9.4,9.9
2026-02-27 09:00:00,0.41181571,0.42674986,9.4,9.9
2026-02-27 09:05:00,0.4118545,0.42655591,9.4,9.9
2026-02-27 09:10:00,0.4118545,0.42647833,9.4,9.9
2026-02-27 09:15:00,0.4118545,0.42647833,9.4,9.8
2026-02-27 09:20:00,0.41173813,0.42655591,9.4,9.8
2026-02-27 09:25:00,0.41169934,0.42667228,9.4,9.8
2026-02-27 09:30:00,0.41177692,0.42655591,9.4,9.8
2026-02-27 09:35:00,0.41169934,0.42647833,9.4,9.8
2026-02-27 09:40:00,0.41181571,0.42643954,9.36,9.7
2026-02-27 09:45:00,0.41177692,0.42632317,9.3,9.7
2026-02-27 09:50:00,0.41169934,0.42612922,9.3,9.7
2026-02-27 09:55:00,0.41173813,0.42624559,9.3,9.62
2026-02-27 10:00:00,0.41166055,0.42624559,9.3,9.6
2026-02-27 10:05:00,0.41177692,0.42605164,9.3,9.58
2026-02-27 10:10:00,0.41181571,0.42636196,9.3,9.5
2026-02-27 10:15:00,0.4118545,0.42628438,9.22,9.5
2026-02-27 10:20:00,0.41181571,0.4262068,9.2,9.42
2026-02-27 10:25:00,0.41181571,0.42612922,9.2,9.4
2026-02-27 10:30:00,0.41181571,0.42624559,9.2,9.34
2026-02-27 10:35:00,0.41181571,0.42632317,9.14,9.3
2026-02-27 10:40:00,0.41181571,0.42605164,9.1,9.28
2026-02-27 10:45:00,0.41181571,0.42601285,9.1,9.2
2026-02-27 10:50:00,0.41181571,0.42605164,9.1,9.18
2026-02-27 10:55:00,0.41189329,0.42601285,9.0,9.1
2026-02-27 11:00:00,0.4118545,0.42636196,9.0,9.1
2026-02-27 11:05:00,0.41193208,0.42628438,9.0,9.02
2026-02-27 11:10:00,0.41189329,0.4262068,8.92,9.0
2026-02-27 11:15:00,0.41181571,0.42636196,8.9,8.94
2026-02-27 11:20:00,0.41181571,0.4262068,8.9,8.9
2026-02-27 11:25:00,0.41193208,0.42612922,8.84,8.88
2026-02-27 11:30:00,0.4118545,0.42609043,8.8,8.8
2026-02-27 11:35:00,0.41181571,0.42663349,8.8,8.8
2026-02-27 11:40:00,0.41177692,0.42663349,8.74,8.7
2026-02-27 11:45:00,0.41189329,0.42655591,8.7,8.7
2026-02-27 11:50:00,0.41177692,0.42636196,8.7,8.64
2026-02-27 11:55:00,0.41189329,0.42678865,8.64,8.6
2026-02-27 12:00:00,0.41181571,0.42655591,8.6,8.58
2026-02-27 12:05:00,0.41181571,0.4269826,8.6,8.5
2026-02-27 12:10:00,0.41181571,0.42663349,8.56,8.5
2026-02-27 12:15:00,0.41177692,0.42671107,8.5,8.4
2026-02-27 12:20:00,0.41189329,0.42663349,8.5,8.4
2026-02-27 12:25:00,0.41189329,0.42690502,8.44,8.34
2026-02-27 12:30:00,0.41173813,0.42640075,8.4,8.3
2026-02-27 12:35:00,0.41193208,0.42667228,8.4,8.3
2026-02-27 12:40:00,0.4118545,0.4269826,8.36,8.2
2026-02-27 12:45:00,0.41173813,0.42690502,8.3,8.2
2026-02-27 12:50:00,0.41173813,0.42706018,8.3,8.16
2026-02-27 12:55:00,0.41173813,0.42694381,8.26,8.1
2026-02-27 13:00:00,0.41177692,0.42709897,8.2,8.1
2026-02-27 13:05:00,0.41177692,0.42694381,8.2,8.02
2026-02-27 13:10:00,0.4118545,0.42694381,8.18,8.0
2026-02-27 13:15:00,0.4118545,0.42733171,8.1,7.96
2026-02-27 13:20:00,0.4118545,0.42686623,8.1,7.9
2026-02-27 13:25:00,0.41189329,0.42690502,8.06,7.9
2026-02-27 13:30:00,0.41189329,0.42690502,8.0,7.82
2026-02-27 13:35:00,0.41197087,0.42686623,8.0,7.8
2026-02-27 13:40:00,0.4118545,0.42729292,7.98,7.78
2026-02-27 13:45:00,0.41197087,0.42709897,7.9,7.7
2026-02-27 13:50:00,0.41189329,0.4269826,7.9,7.7
2026-02-27 13:55:00,0.41193208,0.42729292,7.9,7.64
2026-02-27 14:00:00,0.4118545,0.42682744,7.8,7.6
2026-02-27 14:05:00,0.4118545,0.42702139,7.8,7.58
2026-02-27 14:10:00,0.41193208,0.42690502,7.78,7.5
2026-02-27 14:15:00,0.41197087,0.42706018,7.7,7.5
2026-02-27 14:20:00,0.41193208,0.42702139,7.7,7.44
2026-02-27 14:25:00,0.41200966,0.42744808,7.7,7.4
2026-02-27 14:30:00,0.41200966,0.4269826,7.6,7.4
2026-02-27 14:35:00,0.41197087,0.42725413,7.6,7.3
2026-02-27 14:40:00,0.41204845,0.42709897,7.6,7.3
2026-02-27 14:45:00,0.41228119,0.42721534,7.5,7.28
2026-02-27 14:50:00,0.41200966,0.42733171,7.5,7.2
2026-02-27 14:55:00,0.41200966,0.42752566,7.5,7.2
2026-02-27 15:00:00,0.41200966,0.42740929,7.42,7.16
2026-02-27 15:05:00,0.41212603,0.42725413,7.4,7.1
2026-02-27 15:10:00,0.41212603,0.42744808,7.4,7.1
2026-02-27 15:15:00,0.41216482,0.42725413,7.34,7.02
2026-02-27 15:20:00,0.41212603,0.42709897,7.3,7.0
2026-02-27 15:25:00,0.41239756,0.42748687,7.3,7.0
2026-02-27 15:30:00,0.41231998,0.42740929,7.26,6.9
2026-02-27 15:35:00,0.41251393,0.42756445,7.2,6.9
2026-02-27 15:40:00,0.41220361,0.42756445,7.2,6.88
2026-02-27 15:45:00,0.4122424,0.4281463,7.2,6.8
2026-02-27 15:50:00,0.41235877,0.42740929,7.1,6.8
2026-02-27 15:55:00,0.41228119,0.42779719,7.1,6.78
2026-02-27 16:00:00,0.41247514,0.42799114,7.1,6.7
2026-02-27 16:05:00,0.41239756,0.42799114,7.0,6.7
2026-02-27 16:10:00,0.41251393,0.42771961,7.0,6.64
2026-02-27 16:15:00,0.41239756,0.42806872,7.0,6.6
2026-02-27 16:20:00,0.41251393,0.42771961,6.94,6.6
2026-02-27 16:25:00,0.41270788,0.42764203,6.9,6.56
2026-02-27 16:30:00,0.4126303,0.42779719,6.9,6.5
2026-02-27 16:35:00,0.41251393,0.42791356,6.86,6.5
2026-02-27 16:40:00,0.41274667,0.42802993,6.8,6.46
2026-02-27 16:45:00,0.41274667,0.42806872,6.8,6.4
2026-02-27 16:50:00,0.41282425,0.42806872,6.8,6.4
2026-02-27 16:55:00,0.41243635,0.4277584,6.72,6.4
2026-02-27 17:00:00,0.41290183,0.42822388,6.7,6.3
2026-02-27 17:05:00,0.4126303,0.42787477,6.7,6.3
2026-02-27 17:10:00,0.41278546,0.42802993,6.66,6.3
2026-02-27 17:15:00,0.41286304,0.42806872,6.6,6.22
2026-02-27 17:20:00,0.41282425,0.4281463,6.6,6.2
2026-02-27 17:25:00,0.41270788,0.42799114,6.6,6.2
2026-02-27 17:30:00,0.41309578,0.42826267,6.52,6.12
2026-02-27 17:35:00,0.41290183,0.42857299,6.5,6.1
2026-02-27 17:40:00,0.41328973,0.42818509,6.5,6.1
2026-02-27 17:45:00,0.41290183,0.42806872,6.48,6.04
2026-02-27 17:50:00,0.41309578,0.42799114,6.4,6.0
2026-02-27 17:55:00,0.41294062,0.42826267,6.4,6.0
2026-02-27 18:00:00,0.41290183,0.42857299,6.4,6.0
2026-02-27 18:05:00,0.41297941,0.4281463,6.38,5.9
2026-02-27 18:10:00,0.41328973,0.42857299,6.3,5.9
2026-02-27 18:15:00,0.41321215,0.42830146,6.3,5.9
2026-02-27 18:20:00,0.41290183,0.42841783,6.3,5.84
2026-02-27 18:25:00,0.41313457,0.42865057,6.24,5.8
2026-02-27 18:30:00,0.41313457,0.42857299,6.2,5.8
2026-02-27 18:35:00,0.41325094,0.42868936,6.2,5.76
2026-02-27 18:40:00,0.41328973,0.42868936,6.2,5.7
2026-02-27 18:45:00,0.41305699,0.42865057,6.12,5.7
2026-02-27 18:50:00,0.41317336,0.42857299,6.1,5.7
2026-02-27 18:55:00,0.41321215,0.42868936,6.1,5.64
2026-02-27 19:00:00,0.41313457,0.42907726,6.1,5.6
2026-02-27 19:05:00,0.41321215,0.42884452,6.0,5.6
2026-02-27 19:10:00,0.41344489,0.42880573,6.0,5.6
2026-02-27 19:15:00,0.41321215,0.42884452,6.0,5.52
2026-02-27 19:20:00,0.41336731,0.42865057,6.0,5.5
2026-02-27 19:25:00,0.41328973,0.42872815,5.94,5.5
2026-02-27 19:30:00,0.41348368,0.42903847,5.9,5.46
2026-02-27 19:35:00,0.41348368,0.42876694,5.9,5.4
2026-02-27 19:40:00,0.4134061,0.42872815,5.9,5.4
2026-02-27 19:45:00,0.41325094,0.42876694,5.86,5.4
2026-02-27 19:50:00,0.4134061,0.42896089,5.8,5.38
2026-02-27 19:55:00,0.41332852,0.42872815,5.8,5.3
2026-02-27 20:00:00,0.41332852,0.42896089,5.8,5.3
2026-02-27 20:05:00,0.41348368,0.42899968,5.76,5.3
2026-02-27 20:10:00,0.41344489,0.42861178,5.7,5.3
2026-02-27 20:15:00,0.4134061,0.42884452,5.7,5.28
2026-02-27 20:20:00,0.41363884,0.42896089,5.7,5.2
2026-02-27 20:25:00,0.41336731,0.42915484,5.7,5.2
2026-02-27 20:30:00,0.41352247,0.42927121,5.66,5.2
2026-02-27 20:35:00,0.41360005,0.42946516,5.6,5.2
2026-02-27 20:40:00,0.41336731,0.42919363,5.6,5.2
2026-02-27 20:45:00,0.41375521,0.42903847,5.6,5.18
2026-02-27 20:50:00,0.4134061,0.42911605,5.6,5.1
2026-02-27 20:55:00,0.41356126,0.4289221,5.6,5.1
2026-02-27 21:00:00,0.41348368,0.42934879,5.54,5.1
2026-02-27 21:05:00,0.41332852,0.42942637,5.5,5.1
2026-02-27 21:10:00,0.41328973,0.42942637,5.5,5.06
2026-02-27 21:15:00,0.41348368,0.42915484,5.5,5.0
2026-02-27 21:20:00,0.41336731,0.42931,5.5,5.0
2026-02-27 21:25:00,0.41352247,0.42938758,5.5,5.0
2026-02-27 21:30:00,0.41352247,0.42938758,5.4,5.0
2026-02-27 21:35:00,0.41367763,0.42946516,5.4,4.96
2026-02-27 21:40:00,0.41348368,0.42915484,5.4,4.9
2026-02-27 21:45:00,0.41360005,0.42950395,5.4,4.9
2026-02-27 21:50:00,0.413794,0.42962032,5.4,4.9
2026-02-27 21:55:00,0.41356126,0.42950395,5.38,4.9
2026-02-27 22:00:00,0.41352247,0.42962032,5.3,4.9
2026-02-27 22:05:00,0.41352247,0.42965911,5.3,4.82
2026-02-27 22:10:00,0.41394916,0.42907726,5.3,4.8
2026-02-27 22:15:00,0.41360005,0.42942637,5.3,4.8
2026-02-27 22:20:00,0.41352247,0.4296979,5.3,4.8
2026-02-27 22:25:00,0.41352247,0.42927121,5.3,4.8
2026-02-27 22:30:00,0.41375521,0.42950395,5.24,4.8
2026-02-27 22:35:00,0.41360005,0.4296979,5.2,4.74
2026-02-27 22:40:00,0.41356126,0.42927121,5.2,4.7
2026-02-27 22:45:00,0.41360005,0.42931,5.2,4.7
2026-02-27 22:50:00,0.41344489,0.42946516,5.2,4.7
2026-02-27 22:55:00,0.41383279,0.42934879,5.2,4.7
2026-02-27 23:00:00,0.41352247,0.42954274,5.2,4.7
2026-02-27 23:05:00,0.41360005,0.42958153,5.2,4.7
2026-02-27 23:10:00,0.41352247,0.42950395,5.2,4.7
2026-02-27 23:15:00,0.41356126,0.42927121,5.14,4.68
2026-02-27 23:20:00,0.41371642,0.42973669,5.1,4.6
2026-02-27 23:25:00,0.41356126,0.42934879,5.1,4.6
2026-02-27 23:30:00,0.41371642,0.42938758,5.1,4.6
2026-02-27 23:35:00,0.41363884,0.42993064,5.1,4.6
2026-02-27 23:40:00,0.41371642,0.42934879,5.1,4.6
2026-02-27 23:45:00,0.41360005,0.42962032,5.1,4.6
2026-02-27 23:50:00,0.413794,0.42958153,5.1,4.6
2026-02-27 23:55:00,0.41352247,0.42965911,5.1,4.62
2026-02-28 00:00:00,0.41367763,0.4296979,5.1,4.7
2026-02-28 00:05:00,0.41391037,0.4296979,5.1,4.7
2026-02-28 00:10:00,0.41394916,0.42938758,5.1,4.7
2026-02-28 00:15:00,0.41383279,0.42942637,5.1,4.7
2026-02-28 00:20:00,0.41367763,0.42938758,5.1,4.76
2026-02-28 00:25:00,0.41356126,0.42927121,5.1,4.8
2026-02-28 00:30:00,0.41356126,0.42907726,5.1,4.84
2026-02-28 00:35:00,0.41344489,0.42938758,5.1,4.9
2026-02-28 00:40:00,0.41363884,0.42942637,5.14,4.96
2026-02-28 00:45:00,0.41367763,0.4296979,5.2,5.0
2026-02-28 00:50:00,0.41348368,0.42931,5.2,5.1
2026-02-28 00:55:00,0.41332852,0.42896089,5.2,5.18
2026-02-28 01:00:00,0.4134061,0.4289221,5.24,5.26
2026-02-28 01:05:00,0.41336731,0.42899968,5.3,5.34
2026-02-28 01:10:00,0.41332852,0.42915484,5.32,5.44
2026-02-28 01:15:00,0.41313457,0.42931,5.4,5.54
2026-02-28 01:20:00,0.41313457,0.42884452,5.42,5.64
2026-02-28 01:25:00,0.41321215,0.42888331,5.5,5.74
2026-02-28 01:30:00,0.41317336,0.42865057,5.56,5.86
2026-02-28 01:35:00,0.41294062,0.42845662,5.6,5.98
2026-02-28 01:40:00,0.41313457,0.42806872,5.7,6.12
2026-02-28 01:45:00,0.41274667,0.42806872,5.76,6.24
2026-02-28 01:50:00,0.41278546,0.42810751,5.82,6.36
2026-02-28 01:55:00,0.41294062,0.42779719,5.9,6.48
2026-02-28 02:00:00,0.41274667,0.42834025,6.0,6.62
2026-02-28 02:05:00,0.41247514,0.42783598,6.08,6.74
2026-02-28 02:10:00,0.41266909,0.42733171,6.16,6.88
2026-02-28 02:15:00,0.41247514,0.4277584,6.24,7.02
2026-02-28 02:20:00,0.41228119,0.42740929,6.34,7.16
2026-02-28 02:25:00,0.41212603,0.4273705,6.42,7.28
2026-02-28 02:30:00,0.41189329,0.42721534,6.52,7.44
2026-02-28 02:35:00,0.41204845,0.42702139,6.6,7.56
2026-02-28 02:40:00,0.41197087,0.42694381,6.7,7.72
2026-02-28 02:45:00,0.41162176,0.42651712,6.8,7.86
2026-02-28 02:50:00,0.41154418,0.42694381,6.9,7.98
2026-02-28 02:55:00,0.41131144,0.42678865,7.0,8.14
2026-02-28 03:00:00,0.41111749,0.42674986,7.1,8.26
2026-02-28 03:05:00,0.41088475,0.42616801,7.2,8.4
2026-02-28 03:10:00,0.41080717,0.42655591,7.3,8.54
2026-02-28 03:15:00,0.41057443,0.42585769,7.4,8.66
2026-02-28 03:20:00,0.41045806,0.42605164,7.5,8.78
2026-02-28 03:25:00,0.41018653,0.42578011,7.6,8.92
2026-02-28 03:30:00,0.40995379,0.42539221,7.7,9.04
2026-02-28 03:35:00,0.40983742,0.42570253,7.8,9.18
2026-02-28 03:40:00,0.4095271,0.42546979,7.9,9.32
2026-02-28 03:45:00,0.40956589,0.42512068,8.0,9.44
2026-02-28 03:50:00,0.40933315,0.42519826,8.1,9.56
2026-02-28 03:55:00,0.40925557,0.42508189,8.2,9.68
2026-02-28 04:00:00,0.40890646,0.42488794,8.3,9.82
2026-02-28 04:05:00,0.40882888,0.42469399,8.38,9.94
2026-02-28 04:10:00,0.4087513,0.42481036,8.48,10.06
2026-02-28 04:15:00,0.40844098,0.42438367,8.58,10.18
2026-02-28 04:20:00,0.40840219,0.42446125,8.64,10.3
2026-02-28 04:25:00,0.40824703,0.42399577,8.72,10.42
2026-02-28 04:30:00,0.40809187,0.42391819,8.8,10.52
2026-02-28 04:35:00,0.40789792,0.42384061,8.9,10.64
2026-02-28 04:40:00,0.40782034,0.42337513,8.98,10.76
2026-02-28 04:45:00,0.40770397,0.42333634,9.04,10.86
2026-02-28 04:50:00,0.40770397,0.42341392,9.1,10.96
2026-02-28 04:55:00,0.4075876,0.42306481,9.2,11.06
2026-02-28 05:00:00,0.40751002,0.42294844,9.28,11.14
2026-02-28 05:05:00,0.40735486,0.42294844,9.34,11.24
2026-02-28 05:10:00,0.40723849,0.42283207,9.4,11.34
2026-02-28 05:15:00,0.40723849,0.42259933,9.5,11.42
2026-02-28 05:20:00,0.40708333,0.42256054,9.56,11.5
2026-02-28 05:25:00,0.40696696,0.42209506,9.6,11.6
2026-02-28 05:30:00,0.40688938,0.42205627,9.7,11.66
2026-02-28 05:35:00,0.40673422,0.4219399,9.74,11.7
2026-02-28 05:40:00,0.40677301,0.42209506,9.8,11.8
2026-02-28 05:45:00,0.40673422,0.42151321,9.88,11.84
2026-02-28 05:50:00,0.40665664,0.42159079,9.92,11.9
2026-02-28 05:55:00,0.40673422,0.42166837,10.0,11.96
2026-02-28 06:00:00,0.40665664,0.421552,10.06,12.0
2026-02-28 06:05:00,0.40661785,0.42124168,10.1,12.04
2026-02-28 06:10:00,0.40657906,0.42093136,10.16,12.1
2026-02-28 06:15:00,0.40654027,0.42104773,10.2,12.1
2026-02-28 06:20:00,0.40654027,0.42104773,10.26,12.2
2026-02-28 06:25:00,0.40646269,0.42089257,10.3,12.2
2026-02-28 06:30:00,0.40630753,0.42054346,10.34,12.2
2026-02-28 06:35:00,0.40622995,0.42046588,10.4,12.2
2026-02-28 06:40:00,0.40615237,0.42042709,10.4,12.3
2026-02-28 06:45:00,0.40615237,0.42027193,10.46,12.3
2026-02-28 06:50:00,0.40607479,0.42034951,10.5,12.3
2026-02-28 06:55:00,0.40611358,0.42023314,10.5,12.3
2026-02-28 07:00:00,0.40599721,0.42031072,10.52,12.3
2026-02-28 07:05:00,0.40595842,0.41996161,10.6,12.3
2026-02-28 07:10:00,0.40584205,0.42034951,10.6,12.3
2026-02-28 07:15:00,0.40576447,0.41992282,10.6,12.22
2026-02-28 07:20:00,0.40591963,0.42046588,10.6,12.2
2026-02-28 07:25:00,0.40595842,0.41992282,10.6,12.2
2026-02-28 07:30:00,0.40584205,0.42023314,10.64,12.2
2026-02-28 07:35:00,0.40576447,0.42011677,10.7,12.2
2026-02-28 07:40:00,0.40576447,0.41992282,10.7,12.1
2026-02-28 07:45:00,0.40568689,0.42003919,10.7,12.1
2026-02-28 07:50:00,0.4056481,0.42015556,10.7,12.1
2026-02-28 07:55:00,0.40541536,0.42003919,10.7,12.04
2026-02-28 08:00:00,0.40533778,0.42015556,10.7,12.0
2026-02-28 08:05:00,0.40533778,0.42007798,10.7,12.0
2026-02-28 08:10:00,0.4052602,0.41996161,10.62,11.9
2026-02-28 08:15:00,0.40522141,0.42031072,10.6,11.9
2026-02-28 08:20:00,0.40510504,0.41972887,10.6,11.86
2026-02-28 08:25:00,0.40537657,0.42011677,10.6,11.8
2026-02-28 08:30:00,0.40518262,0.41996161,10.6,11.78
2026-02-28 08:35:00,0.40514383,0.4200004,10.6,11.7
2026-02-28 08:40:00,0.40491109,0.42003919,10.6,11.68
2026-02-28 08:45:00,0.40471714,0.4200004,10.6,11.6
2026-02-28 08:50:00,0.40483351,0.42023314,10.5,11.58
2026-02-28 08:55:00,0.40444561,0.42011677,10.5,11.5
2026-02-28 09:00:00,0.40452319,0.42003919,10.5,11.46
2026-02-28 09:05:00,0.40432924,0.42027193,10.5,11.4
2026-02-28 09:10:00,0.40425166,0.42042709,10.46,11.34
2026-02-28 09:15:00,0.40401892,0.42007798,10.4,11.3
2026-02-28 09:20:00,0.40401892,0.41988403,10.4,11.2
2026-02-28 09:25:00,0.40401892,0.42046588,10.4,11.18
2026-02-28 09:30:00,0.40390255,0.42007798,10.34,11.1
2026-02-28 09:35:00,0.40374739,0.42046588,10.3,11.04
2026-02-28 09:40:00,0.4037086,0.42058225,10.3,11.0
2026-02-28 09:45:00,0.40351465,0.42073741,10.24,10.92
2026-02-28 09:50:00,0.40328191,0.42031072,10.2,10.88
2026-02-28 09:55:00,0.40297159,0.42046588,10.2,10.8
2026-02-28 10:00:00,0.40258369,0.42050467,10.16,10.76
2026-02-28 10:05:00,0.40250611,0.42050467,10.1,10.7
2026-02-28 10:10:00,0.40227337,0.42069862,10.1,10.64
2026-02-28 10:15:00,0.40231216,0.4207762,10.04,10.6
2026-02-28 10:20:00,0.40235095,0.42034951,10.0,10.5
2026-02-28 10:25:00,0.40219579,0.42069862,10.0,10.48
2026-02-28 10:30:00,0.402157,0.4207762,9.92,10.4
2026-02-28 10:35:00,0.40211821,0.42046588,9.9,10.4
2026-02-28 10:40:00,0.402157,0.42069862,9.9,10.3
2026-02-28 10:45:00,0.40211821,0.42065983,9.8,10.28
2026-02-28 10:50:00,0.40211821,0.42097015,9.8,10.2
2026-02-28 10:55:00,0.40211821,0.42062104,9.78,10.2
2026-02-28 11:00:00,0.40180789,0.42081499,9.7,10.12
2026-02-28 11:05:00,0.40188547,0.42100894,9.7,10.1
2026-02-28 11:10:00,0.4017691,0.42093136,9.68,10.06
2026-02-28 11:15:00,0.40173031,0.42069862,9.6,10.0
2026-02-28 11:20:00,0.40165273,0.42104773,9.6,10.0
2026-02-28 11:25:00,0.40161394,0.42073741,9.6,9.92
2026-02-28 11:30:00,0.40157515,0.42065983,9.52,9.9
2026-02-28 11:35:00,0.40157515,0.42093136,9.5,9.88
2026-02-28 11:40:00,0.40157515,0.4211641,9.5,9.8
2026-02-28 11:45:00,0.40134241,0.42120289,9.48,9.8
2026-02-28 11:50:00,0.40141999,0.42131926,9.4,9.8
2026-02-28 11:55:00,0.40145878,0.42124168,9.4,9.7
2026-02-28 12:00:00,0.4013812,0.42151321,9.4,9.7
2026-02-28 12:05:00,0.40130362,0.42124168,9.36,9.7
2026-02-28 12:10:00,0.40126483,0.42143563,9.3,9.64
2026-02-28 12:15:00,0.40122604,0.42151321,9.3,9.6
2026-02-28 12:20:00,0.40134241,0.42151321,9.3,9.6
2026-02-28 12:25:00,0.40130362,0.42128047,9.26,9.54
2026-02-28 12:30:00,0.40118725,0.421552,9.2,9.5
2026-02-28 12:35:00,0.40122604,0.42162958,9.2,9.48
2026-02-28 12:40:00,0.40114846,0.42143563,9.2,9.4
2026-02-28 12:45:00,0.40110967,0.42124168,9.12,9.4
2026-02-28 12:50:00,0.40107088,0.42162958,9.1,9.32
2026-02-28 12:55:00,0.40107088,0.42139684,9.1,9.3
2026-02-28 13:00:00,0.40110967,0.42131926,9.06,9.26
2026-02-28 13:05:00,0.40103209,0.42128047,9.0,9.2
2026-02-28 13:10:00,0.4009933,0.42139684,9.0,9.2
2026-02-28 13:15:00,0.40103209,0.42174595,9.0,9.1
2026-02-28 13:20:00,0.40083814,0.4211641,8.92,9.1
2026-02-28 13:25:00,0.40041145,0.42135805,8.9,9.08
2026-02-28 13:30:00,0.39951928,0.42143563,8.9,9.0
2026-02-28 13:35:00,0.39932533,0.42124168,8.88,9.0
2026-02-28 13:40:00,0.39924775,0.42143563,8.8,8.94
2026-02-28 13:45:00,0.39913138,0.42147442,8.8,8.9
2026-02-28 13:50:00,0.39897622,0.42162958,8.8,8.9
2026-02-28 13:55:00,0.39874348,0.42178474,8.72,8.8
2026-02-28 14:00:00,0.39862711,0.42166837,8.7,8.8
2026-02-28 14:05:00,0.39854953,0.4219399,8.7,8.76
2026-02-28 14:10:00,0.398278,0.42162958,8.66,8.7
2026-02-28 14:15:00,0.39792889,0.42201748,8.6,8.7
2026-02-28 14:20:00,0.39761857,0.42197869,8.6,8.6
2026-02-28 14:25:00,0.39676519,0.42170716,8.6,8.6
2026-02-28 14:30:00,0.39626092,0.42186232,8.5,8.52
2026-02-28 14:35:00,0.39571786,0.42205627,8.5,8.5
2026-02-28 14:40:00,0.39529117,0.42182353,8.5,8.44
2026-02-28 14:45:00,0.39505843,0.42197869,8.42,8.4
2026-02-28 14:50:00,0.39509722,0.42182353,8.4,8.38
2026-02-28 14:55:00,0.39474811,0.42197869,8.4,8.3
2026-02-28 15:00:00,0.39470932,0.42205627,8.34,8.3
2026-02-28 15:05:00,0.39447658,0.42201748,8.3,8.22
2026-02-28 15:10:00,0.394399,0.42182353,8.3,8.2
2026-02-28 15:15:00,0.394399,0.42186232,8.26,8.16
2026-02-28 15:20:00,0.39412747,0.4219399,8.2,8.1
2026-02-28 15:25:00,0.39377836,0.42201748,8.2,8.1
2026-02-28 15:30:00,0.39366199,0.4219399,8.18,8.02
2026-02-28 15:35:00,0.39350683,0.42248296,8.1,8.0
2026-02-28 15:40:00,0.39327409,0.42236659,8.1,7.98
2026-02-28 15:45:00,0.38923993,0.42221143,8.06,7.9
2026-02-28 15:50:00,0.3835378,0.42197869,8.0,7.9
2026-02-28 15:55:00,0.38334385,0.4219399,8.0,7.88
2026-02-28 16:00:00,0.38322748,0.42221143,8.0,7.8
2026-02-28 16:05:00,0.38307232,0.42248296,7.9,7.8
2026-02-28 16:10:00,0.38299474,0.42201748,7.9,7.76
2026-02-28 16:15:00,0.38283958,0.42221143,7.9,7.7
2026-02-28 16:20:00,0.38272321,0.42217264,7.88,7.7
2026-02-28 16:25:00,0.38256805,0.42225022,7.8,7.64
2026-02-28 16:30:00,0.3823741,0.42221143,7.8,7.6
2026-02-28 16:35:00,0.38245168,0.42228901,7.8,7.6
2026-02-28 16:40:00,0.38233531,0.42228901,7.7,7.5
2026-02-28 16:45:00,0.38225773,0.4223278,7.7,7.5
2026-02-28 16:50:00,0.38206378,0.42228901,7.7,7.48
2026-02-28 16:55:00,0.38190862,0.42236659,7.68,7.4
2026-02-28 17:00:00,0.38163709,0.42205627,7.6,7.4
2026-02-28 17:05:00,0.38175346,0.42252175,7.6,7.38
2026-02-28 17:10:00,0.38175346,0.42283207,7.58,7.3
2026-02-28 17:15:00,0.3815983,0.42240538,7.5,7.3
2026-02-28 17:20:00,0.38144314,0.4227157,7.5,7.28
2026-02-28 17:25:00,0.38140435,0.42259933,7.5,7.2
2026-02-28 17:30:00,0.38128798,0.42252175,7.44,7.2
2026-02-28 17:35:00,0.38117161,0.42228901,7.4,7.2
2026-02-28 17:40:00,0.38124919,0.42252175,7.4,7.1
2026-02-28 17:45:00,0.38109403,0.42283207,7.4,7.1
2026-02-28 17:50:00,0.38132677,0.42275449,7.32,7.1
2026-02-28 17:55:00,0.38163709,0.42240538,7.3,7.02
2026-02-28 18:00:00,0.3815983,0.42287086,7.3,7.0
2026-02-28 18:05:00,0.38194741,0.4231036,7.22,7.0
2026-02-28 18:10:00,0.38171467,0.42267691,7.2,6.96
2026-02-28 18:15:00,0.38167588,0.42283207,7.2,6.9
2026-02-28 18:20:00,0.38186983,0.42240538,7.18,6.9
2026-02-28 18:25:00,0.38175346,0.42252175,7.1,6.9
2026-02-28 18:30:00,0.38155951,0.42298723,7.1,6.84
2026-02-28 18:35:00,0.3819862,0.42263812,7.1,6.8
2026-02-28 18:40:00,0.38175346,0.42244417,7.06,6.8
2026-02-28 18:45:00,0.38163709,0.42318118,7.0,6.8
2026-02-28 18:50:00,0.38186983,0.42329755,7.0,6.72
2026-02-28 18:55:00,0.3815983,0.42259933,7.0,6.7
2026-02-28 19:00:00,0.38183104,0.42252175,6.96,6.7
2026-02-28 19:05:00,0.38171467,0.4227157,6.9,6.66
2026-02-28 19:10:00,0.38148193,0.42287086,6.9,6.6
2026-02-28 19:15:00,0.38101645,0.42294844,6.9,6.6
2026-02-28 19:20:00,0.38097766,0.42314239,6.9,6.6
2026-02-28 19:25:00,0.38093887,0.42302602,6.84,6.6
2026-02-28 19:30:00,0.38078371,0.42298723,6.8,6.6
2026-02-28 19:35:00,0.38070613,0.4227157,6.8,6.58
2026-02-28 19:40:00,0.38066734,0.42294844,6.8,6.5
2026-02-28 19:45:00,0.38058976,0.42306481,6.8,6.5
2026-02-28 19:50:00,0.38047339,0.4227157,6.8,6.5
2026-02-28 19:55:00,0.38051218,0.42290965,6.78,6.5
2026-02-28 20:00:00,0.38039581,0.42290965,6.7,6.5
2026-02-28 20:05:00,0.38000791,0.42267691,6.7,6.5
2026-02-28 20:10:00,0.3800467,0.42275449,6.7,6.5
2026-02-28 20:15:00,0.37996912,0.42287086,6.7,6.5
2026-02-28 20:20:00,0.37981396,0.42283207,6.7,6.5
2026-02-28 20:25:00,0.37981396,0.42248296,6.7,6.5
2026-02-28 20:30:00,0.37938727,0.42263812,6.7,6.42
2026-02-28 20:35:00,0.37934848,0.42290965,6.66,6.4
2026-02-28 20:40:00,0.3792709,0.4227157,6.6,6.4
2026-02-28 20:45:00,0.37934848,0.42302602,6.6,6.4
2026-02-28 20:50:00,0.37903816,0.42294844,6.6,6.4
2026-02-28 20:55:00,0.37868905,0.42279328,6.6,6.36
2026-02-28 21:00:00,0.37861147,0.42287086,6.6,6.3
2026-02-28 21:05:00,0.37841752,0.42294844,6.6,6.3
2026-02-28 21:10:00,0.37826236,0.42290965,6.54,6.3
2026-02-28 21:15:00,0.37818478,0.42275449,6.5,6.28
2026-02-28 21:20:00,0.37822357,0.42298723,6.5,6.2
2026-02-28 21:25:00,0.37806841,0.42287086,6.5,6.2
2026-02-28 21:30:00,0.37787446,0.42294844,6.5,6.2
2026-02-28 21:35:00,0.37795204,0.42279328,6.5,6.2
2026-02-28 21:40:00,0.37768051,0.42287086,6.42,6.1
2026-02-28 21:45:00,0.37744777,0.42314239,6.4,6.1
2026-02-28 21:50:00,0.37740898,0.42294844,6.4,6.1
2026-02-28 21:55:00,0.37686592,0.4227157,6.4,6.08
2026-02-28 22:00:00,0.3769435,0.42306481,6.4,6.0
2026-02-28 22:05:00,0.3769435,0.42306481,6.34,6.0
2026-02-28 22:10:00,0.37671076,0.4231036,6.3,6.0
2026-02-28 22:15:00,0.37698229,0.42256054,6.3,5.96
2026-02-28 22:20:00,0.37659439,0.42287086,6.3,5.9
2026-02-28 22:25:00,0.37640044,0.42325876,6.3,5.9
2026-02-28 22:30:00,0.3765556,0.42263812,6.2,5.9
2026-02-28 22:35:00,0.37632286,0.42318118,6.2,5.82
2026-02-28 22:40:00,0.37593496,0.42279328,6.2,5.8
2026-02-28 22:45:00,0.37643923,0.42294844,6.2,5.8
2026-02-28 22:50:00,0.37601254,0.42306481,6.14,5.78
2026-02-28 22:55:00,0.37566343,0.42302602,6.1,5.7
2026-02-28 23:00:00,0.37570222,0.42287086,6.1,5.7
2026-02-28 23:05:00,0.37581859,0.42294844,6.1,5.7
2026-02-28 23:10:00,0.37543069,0.42279328,6.1,5.7
2026-02-28 23:15:00,0.37550827,0.42279328,6.02,5.7
2026-02-28 23:20:00,0.37531432,0.42283207,6.0,5.6
2026-02-28 23:25:00,0.37496521,0.42283207,6.0,5.6
2026-02-28 23:30:00,0.37531432,0.42298723,6.0,5.6
2026-02-28 23:35:00,0.37477126,0.42294844,6.0,5.6
2026-02-28 23:40:00,0.37453852,0.42306481,6.0,5.6
2026-02-28 23:45:00,0.3746161,0.42275449,6.0,5.62
2026-02-28 23:50:00,0.37415062,0.42298723,6.0,5.7
2026-02-28 23:55:00,0.37395667,0.42318118,6.0,5.7
2026-03-01 00:00:00,0.37399546,0.42294844,6.0,5.7
2026-03-01 00:05:00,0.37403425,0.42275449,6.0,5.74
2026-03-01 00:10:00,0.37349119,0.42290965,6.0,5.8
2026-03-01 00:15:00,0.37352998,0.42290965,6.0,5.84
2026-03-01 00:20:00,0.37376272,0.42294844,6.0,5.9
2026-03-01 00:25:00,0.37333603,0.42298723,6.06,5.98
2026-03-01 00:30:00,0.37290934,0.42298723,6.1,6.02
2026-03-01 00:35:00,0.37298692,0.42236659,6.1,6.1
2026-03-01 00:40:00,0.37290934,0.42248296,6.16,6.2
2026-03-01 00:45:00,0.37221112,0.42263812,6.2,6.28
2026-03-01 00:50:00,0.37236628,0.42236659,6.24,6.36
2026-03-01 00:55:00,0.37197838,0.42275449,6.3,6.44
2026-03-01 01:00:00,0.37159048,0.42236659,6.34,6.54
2026-03-01 01:05:00,0.37155169,0.4223278,6.4,6.64
2026-03-01 01:10:00,0.37104742,0.42236659,6.46,6.76
2026-03-01 01:15:00,0.37100863,0.42228901,6.5,6.86
2026-03-01 01:20:00,0.37096984,0.42213385,6.6,6.98
2026-03-01 01:25:00,0.37050436,0.42182353,6.66,7.08
2026-03-01 01:30:00,0.37038799,0.42209506,6.74,7.2
2026-03-01 01:35:00,0.37042678,0.42182353,6.8,7.3
2026-03-01 01:40:00,0.3703492,0.42174595,6.88,7.4
2026-03-01 01:45:00,0.37011646,0.42143563,6.94,7.5
2026-03-01 01:50:00,0.36984493,0.42178474,7.02,7.58
2026-03-01 01:55:00,0.36972856,0.42170716,7.1,7.68
2026-03-01 02:00:00,0.3695734,0.42147442,7.18,7.78
2026-03-01 02:05:00,0.36941824,0.42135805,7.24,7.88
2026-03-01 02:10:00,0.36949582,0.42124168,7.3,7.96
2026-03-01 02:15:00,0.36953461,0.42124168,7.4,8.06
2026-03-01 02:20:00,0.36914671,0.42108652,7.46,8.16
2026-03-01 02:25:00,0.36906913,0.42085378,7.52,8.24
2026-03-01 02:30:00,0.36887518,0.42104773,7.62,8.34
2026-03-01 02:35:00,0.36883639,0.42085378,7.7,8.44
2026-03-01 02:40:00,0.36864244,0.42065983,7.76,8.54
2026-03-01 02:45:00,0.36852607,0.42062104,7.84,8.64
2026-03-01 02:50:00,0.36829333,0.42062104,7.9,8.74
2026-03-01 02:55:00,0.36813817,0.42034951,7.98,8.82
2026-03-01 03:00:00,0.3680218,0.42023314,8.04,8.9
2026-03-01 03:05:00,0.36786664,0.42007798,8.12,9.0
2026-03-01 03:10:00,0.36778906,0.42015556,8.2,9.08
2026-03-01 03:15:00,0.36759511,0.4196125,8.28,9.16
2026-03-01 03:20:00,0.36747874,0.41992282,8.34,9.26
2026-03-01 03:25:00,0.36732358,0.41953492,8.4,9.34
2026-03-01 03:30:00,0.36712963,0.41969008,8.48,9.44
2026-03-01 03:35:00,0.36697447,0.41934097,8.54,9.54
2026-03-01 03:40:00,0.36681931,0.41957371,8.6,9.62
2026-03-01 03:45:00,0.36666415,0.41957371,8.68,9.7
2026-03-01 03:50:00,0.36662536,0.41930218,8.72,9.78
2026-03-01 03:55:00,0.36666415,0.41868154,8.8,9.86
2026-03-01 04:00:00,0.36631504,0.41903065,8.86,9.92
2026-03-01 04:05:00,0.36615988,0.41918581,8.9,10.0
2026-03-01 04:10:00,0.3660823,0.41895307,9.0,10.06
2026-03-01 04:15:00,0.36584956,0.4184488,9.02,10.1
2026-03-01 04:20:00,0.36581077,0.41852638,9.1,10.18
2026-03-01 04:25:00,0.36557803,0.41875912,9.12,10.22
2026-03-01 04:30:00,0.36553924,0.4184488,9.2,10.3
2026-03-01 04:35:00,0.3653065,0.41848759,9.26,10.36
2026-03-01 04:40:00,0.36526771,0.41841001,9.3,10.42
2026-03-01 04:45:00,0.36515134,0.41809969,9.38,10.5
2026-03-01 04:50:00,0.36503497,0.41821606,9.4,10.56
2026-03-01 04:55:00,0.36487981,0.4180609,9.48,10.64
2026-03-01 05:00:00,0.36484102,0.41786695,9.5,10.7
2026-03-01 05:05:00,0.36480223,0.41809969,9.6,10.8
2026-03-01 05:10:00,0.36464707,0.41751784,9.62,10.86
2026-03-01 05:15:00,0.3645307,0.41771179,9.7,10.92
2026-03-01 05:20:00,0.3645307,0.41755663,9.76,11.0
2026-03-01 05:25:00,0.36425917,0.4172851,9.8,11.1
2026-03-01 05:30:00,0.36425917,0.41709115,9.9,11.16
2026-03-01 05:35:00,0.3641428,0.41716873,9.94,11.24
2026-03-01 05:40:00,0.36406522,0.41705236,10.0,11.32
2026-03-01 05:45:00,0.36391006,0.41709115,10.06,11.4
2026-03-01 05:50:00,0.36387127,0.41697478,10.1,11.48
2026-03-01 05:55:00,0.36363853,0.41666446,10.18,11.5
2026-03-01 06:00:00,0.36359974,0.41674204,10.2,11.6
2026-03-01 06:05:00,0.363367,0.41666446,10.28,11.6
2026-03-01 06:10:00,0.36340579,0.4165093,10.3,11.62
2026-03-01 06:15:00,0.363367,0.41643172,10.4,11.7
2026-03-01 06:20:00,0.36321184,0.41670325,10.4,11.7
2026-03-01 06:25:00,0.36313426,0.41619898,10.4,11.7
2026-03-01 06:30:00,0.36301789,0.41623777,10.46,11.7
2026-03-01 06:35:00,0.36290152,0.41623777,10.5,11.7
2026-03-01 06:40:00,0.36278515,0.41616019,10.5,11.7
2026-03-01 06:45:00,0.36270757,0.41631535,10.5,11.7
2026-03-01 06:50:00,0.36262999,0.41658688,10.5,11.7
2026-03-01 06:55:00,0.36247483,0.41647051,10.58,11.7
2026-03-01 07:00:00,0.36231967,0.41604382,10.6,11.7
2026-03-01 07:05:00,0.36235846,0.41623777,10.6,11.7
2026-03-01 07:10:00,0.36224209,0.4161214,10.6,11.7
2026-03-01 07:15:00,0.36200935,0.41623777,10.6,11.7
2026-03-01 07:20:00,0.36193177,0.41600503,10.62,11.7
2026-03-01 07:25:00,0.36169903,0.4161214,10.7,11.7
2026-03-01 07:30:00,0.36166024,0.4161214,10.7,11.66
2026-03-01 07:35:00,0.36146629,0.41623777,10.6,11.6
2026-03-01 07:40:00,0.36127234,0.4161214,10.6,11.6
2026-03-01 07:45:00,0.36096202,0.4161214,10.6,11.58
2026-03-01 07:50:00,0.36057412,0.4161214,10.6,11.5
2026-03-01 07:55:00,0.36018622,0.41588866,10.6,11.5
2026-03-01 08:00:00,0.36006985,0.41596624,10.6,11.46
2026-03-01 08:05:00,0.35991469,0.41588866,10.6,11.4
2026-03-01 08:10:00,0.3598759,0.41584987,10.6,11.4
2026-03-01 08:15:00,0.35979832,0.41616019,10.56,11.3
2026-03-01 08:20:00,0.35968195,0.41616019,10.5,11.3
2026-03-01 08:25:00,0.35964316,0.41588866,10.5,11.28
2026-03-01 08:30:00,0.359488,0.41647051,10.5,11.2
2026-03-01 08:35:00,0.35933284,0.41604382,10.5,11.2
2026-03-01 08:40:00,0.35933284,0.41631535,10.5,11.18
2026-03-01 08:45:00,0.35921647,0.41592745,10.44,11.1
2026-03-01 08:50:00,0.3591001,0.41619898,10.4,11.1
2026-03-01 08:55:00,0.35906131,0.41616019,10.4,11.08
2026-03-01 09:00:00,0.35875099,0.4161214,10.4,11.0
2026-03-01 09:05:00,0.35882857,0.41596624,10.4,11.0
2026-03-01 09:10:00,0.35875099,0.41643172,10.4,11.0
2026-03-01 09:15:00,0.35859583,0.41584987,10.32,10.9
2026-03-01 09:20:00,0.35851825,0.41600503,10.3,10.9
2026-03-01 09:25:00,0.35847946,0.41604382,10.3,10.9
2026-03-01 09:30:00,0.3583243,0.41588866,10.3,10.8
2026-03-01 09:35:00,0.35820793,0.41608261,10.28,10.8
2026-03-01 09:40:00,0.35785882,0.41608261,10.2,10.78
2026-03-01 09:45:00,0.35782003,0.41623777,10.2,10.7
2026-03-01 09:50:00,0.35774245,0.41627656,10.2,10.7
2026-03-01 09:55:00,0.35762608,0.41592745,10.2,10.64
2026-03-01 10:00:00,0.35762608,0.41596624,10.14,10.6
2026-03-01 10:05:00,0.35747092,0.41619898,10.1,10.6
2026-03-01 10:10:00,0.35743213,0.41631535,10.1,10.5
2026-03-01 10:15:00,0.35731576,0.41592745,10.1,10.5
2026-03-01 10:20:00,0.35735455,0.41592745,10.02,10.46
2026-03-01 10:25:00,0.35727697,0.4161214,10.0,10.4
2026-03-01 10:30:00,0.35712181,0.41654809,10.0,10.4
2026-03-01 10:35:00,0.35704423,0.41623777,10.0,10.36
2026-03-01 10:40:00,0.35681149,0.41631535,9.92,10.3
2026-03-01 10:45:00,0.35688907,0.41604382,9.9,10.3
2026-03-01 10:50:00,0.35669512,0.41639293,9.9,10.28
2026-03-01 10:55:00,0.35669512,0.41631535,9.9,10.2
2026-03-01 11:00:00,0.35657875,0.41627656,9.8,10.2
2026-03-01 11:05:00,0.35653996,0.41627656,9.8,10.2
2026-03-01 11:10:00,0.35653996,0.41654809,9.8,10.14
2026-03-01 11:15:00,0.35642359,0.41647051,9.8,10.1
2026-03-01 11:20:00,0.35634601,0.41647051,9.74,10.1
2026-03-01 11:25:00,0.35622964,0.41627656,9.7,10.1
2026-03-01 11:30:00,0.35630722,0.41608261,9.7,10.04
2026-03-01 11:35:00,0.35622964,0.41619898,9.7,10.0
2026-03-01 11:40:00,0.35630722,0.41616019,9.7,10.0
2026-03-01 11:45:00,0.35626843,0.41654809,9.64,10.0
2026-03-01 11:50:00,0.35615206,0.41616019,9.6,9.96
2026-03-01 11:55:00,0.35479441,0.41619898,9.6,9.9
2026-03-01 12:00:00,0.35335918,0.4161214,9.6,9.9
2026-03-01 12:05:00,0.35320402,0.41627656,9.6,9.9
2026-03-01 12:10:00,0.35308765,0.41658688,9.6,9.9
2026-03-01 12:15:00,0.35297128,0.41604382,9.5,9.8
2026-03-01 12:20:00,0.35285491,0.41639293,9.5,9.8
2026-03-01 12:25:00,0.35285491,0.41627656,9.5,9.8
2026-03-01 12:30:00,0.35277733,0.41619898,9.5,9.8
2026-03-01 12:35:00,0.35277733,0.41631535,9.5,9.8
2026-03-01 12:40:00,0.35262217,0.41619898,9.48,9.7
2026-03-01 12:45:00,0.35254459,0.41643172,9.4,9.7
2026-03-01 12:50:00,0.35246701,0.4161214,9.4,9.7
2026-03-01 12:55:00,0.3525058,0.41608261,9.4,9.7
2026-03-01 13:00:00,0.35231185,0.41600503,9.4,9.7
2026-03-01 13:05:00,0.35231185,0.41635414,9.4,9.68
2026-03-01 13:10:00,0.35227306,0.41639293,9.4,9.6
2026-03-01 13:15:00,0.35219548,0.41608261,9.36,9.6
2026-03-01 13:20:00,0.3521179,0.41635414,9.3,9.6
2026-03-01 13:25:00,0.35204032,0.41623777,9.3,9.6
2026-03-01 13:30:00,0.35204032,0.41616019,9.3,9.6
2026-03-01 13:35:00,0.35200153,0.41623777,9.3,9.58
2026-03-01 13:40:00,0.35204032,0.41604382,9.3,9.5
2026-03-01 13:45:00,0.35184637,0.41631535,9.3,9.5
2026-03-01 13:50:00,0.35180758,0.41635414,9.28,9.5
2026-03-01 13:55:00,0.35180758,0.41631535,9.2,9.5
2026-03-01 14:00:00,0.35169121,0.41623777,9.2,9.5
2026-03-01 14:05:00,0.35173,0.41608261,9.2,9.5
2026-03-01 14:10:00,0.35176879,0.4161214,9.2,9.42
2026-03-01 14:15:00,0.35165242,0.41658688,9.2,9.4
2026-03-01 14:20:00,0.35161363,0.41647051,9.2,9.4
2026-03-01 14:25:00,0.35153605,0.41643172,9.2,9.4
2026-03-01 14:30:00,0.35161363,0.41662567,9.12,9.4
2026-03-01 14:35:00,0.3513421,0.41662567,9.1,9.4
2026-03-01 14:40:00,0.35130331,0.41658688,9.1,9.38
2026-03-01 14:45:00,0.35110936,0.41654809,9.1,9.3
2026-03-01 14:50:00,0.35126452,0.41681962,9.1,9.3
2026-03-01 14:55:00,0.35118694,0.41639293,9.1,9.3
2026-03-01 15:00:00,0.35122573,0.41658688,9.1,9.3
2026-03-01 15:05:00,0.35118694,0.41635414,9.1,9.3
2026-03-01 15:10:00,0.35122573,0.41685841,9.08,9.3
2026-03-01 15:15:00,0.3513421,0.41662567,9.0,9.3
2026-03-01 15:20:00,0.35169121,0.41716873,9.0,9.2
2026-03-01 15:25:00,0.35188516,0.417673,9.0,9.2
2026-03-01 15:30:00,0.35235064,0.41899186,9.0,9.2
2026-03-01 15:35:00,0.35304886,0.41945734,9.0,9.2
2026-03-01 15:40:00,0.35409619,0.4200004,9.0,9.2
2026-03-01 15:45:00,0.35529868,0.4203883,9.0,9.2
2026-03-01 15:50:00,0.35747092,0.41988403,9.0,9.1
2026-03-01 15:55:00,0.36270757,0.42314239,8.96,9.1
2026-03-01 16:00:00,0.3680218,0.42422851,8.9,9.1
2026-03-01 16:05:00,0.3703492,0.42527584,8.9,9.1
2026-03-01 16:10:00,0.37252144,0.42570253,8.9,9.1
2026-03-01 16:15:00,0.37558585,0.42593527,8.9,9.08
2026-03-01 16:20:00,0.38295595,0.4262068,8.9,9.0
2026-03-01 16:25:00,0.38722285,0.4258189,8.9,9.0
2026-03-01 16:30:00,0.39040363,0.42632317,8.9,9.0
2026-03-01 16:35:00,0.39296377,0.42624559,8.82,9.0
2026-03-01 16:40:00,0.39618334,0.4265947,8.8,9.0
2026-03-01 16:45:00,0.39878227,0.42632317,8.8,8.9
2026-03-01 16:50:00,0.40095451,0.42647833,8.8,8.9
2026-03-01 16:55:00,0.40161394,0.42694381,8.8,8.9
2026-03-01 17:00:00,0.40440682,0.42690502,8.8,8.9
2026-03-01 17:05:00,0.40456198,0.42682744,8.72,8.84
2026-03-01 17:10:00,0.40436803,0.42702139,8.7,8.8
2026-03-01 17:15:00,0.40456198,0.4269826,8.7,8.8
2026-03-01 17:20:00,0.40463956,0.42725413,8.7,8.8
2026-03-01 17:25:00,0.40475593,0.42706018,8.7,8.72
2026-03-01 17:30:00,0.40483351,0.42740929,8.7,8.7
2026-03-01 17:35:00,0.40475593,0.42706018,8.66,8.7
2026-03-01 17:40:00,0.4048723,0.4273705,8.6,8.66
2026-03-01 17:45:00,0.40483351,0.42709897,8.6,8.6
2026-03-01 17:50:00,0.40475593,0.42744808,8.6,8.6
2026-03-01 17:55:00,0.40491109,0.42725413,8.6,8.58
2026-03-01 18:00:00,0.40479472,0.42748687,8.6,8.5
2026-03-01 18:05:00,0.40491109,0.42740929,8.6,8.5
2026-03-01 18:10:00,0.40494988,0.42764203,8.6,8.5
2026-03-01 18:15:00,0.40494988,0.42771961,8.56,8.46
2026-03-01 18:20:00,0.40498867,0.42740929,8.5,8.4
2026-03-01 18:25:00,0.40506625,0.42771961,8.5,8.4
2026-03-01 18:30:00,0.40514383,0.42818509,8.5,8.4
2026-03-01 18:35:00,0.40510504,0.42799114,8.5,8.4
2026-03-01 18:40:00,0.40518262,0.42791356,8.5,8.3
2026-03-01 18:45:00,0.40518262,0.4277584,8.5,8.3
2026-03-01 18:50:00,0.40518262,0.42771961,8.46,8.3
2026-03-01 18:55:00,0.40537657,0.42791356,8.4,8.3
2026-03-01 19:00:00,0.40529899,0.4277584,8.4,8.3
2026-03-01 19:05:00,0.4052602,0.42799114,8.4,8.24
2026-03-01 19:10:00,0.40529899,0.42799114,8.4,8.2
2026-03-01 19:15:00,0.40537657,0.42799114,8.4,8.2
2026-03-01 19:20:00,0.40537657,0.42841783,8.4,8.2
2026-03-01 19:25:00,0.40549294,0.42802993,8.4,8.2
2026-03-01 19:30:00,0.40549294,0.42849541,8.34,8.2
2026-03-01 19:35:00,0.40549294,0.4281463,8.3,8.2
2026-03-01 19:40:00,0.40557052,0.42818509,8.3,8.1
2026-03-01 19:45:00,0.4056481,0.42764203,8.3,8.1
2026-03-01 19:50:00,0.40560931,0.42818509,8.3,8.1
2026-03-01 19:55:00,0.40572568,0.42841783,8.3,8.1
2026-03-01 20:00:00,0.40568689,0.42791356,8.3,8.1
2026-03-01 20:05:00,0.40568689,0.42806872,8.3,8.1
2026-03-01 20:10:00,0.40572568,0.42826267,8.26,8.1
2026-03-01 20:15:00,0.40584205,0.4285342,8.2,8.02
2026-03-01 20:20:00,0.40576447,0.42841783,8.2,8.0
2026-03-01 20:25:00,0.40576447,0.4281463,8.2,8.0
2026-03-01 20:30:00,0.40580326,0.42799114,8.2,8.0
2026-03-01 20:35:00,0.40580326,0.42806872,8.2,8.0
2026-03-01 20:40:00,0.40588084,0.42822388,8.2,8.0
2026-03-01 20:45:00,0.40588084,0.42876694,8.2,8.0
2026-03-01 20:50:00,0.40595842,0.4285342,8.2,8.0
2026-03-01 20:55:00,0.40607479,0.42880573,8.16,8.0
2026-03-01 21:00:00,0.406036,0.4281463,8.1,7.92
2026-03-01 21:05:00,0.406036,0.42849541,8.1,7.9
2026-03-01 21:10:00,0.40607479,0.42841783,8.1,7.9
2026-03-01 21:15:00,0.40591963,0.42837904,8.1,7.9
2026-03-01 21:20:00,0.40615237,0.4285342,8.1,7.9
2026-03-01 21:25:00,0.406036,0.42810751,8.1,7.9
2026-03-01 21:30:00,0.40611358,0.42865057,8.1,7.9
2026-03-01 21:35:00,0.40611358,0.42834025,8.1,7.9
2026-03-01 21:40:00,0.40626874,0.42868936,8.04,7.9
2026-03-01 21:45:00,0.40607479,0.42857299,8.0,7.9
2026-03-01 21:50:00,0.40622995,0.42876694,8.0,7.9
2026-03-01 21:55:00,0.40619116,0.42861178,8.0,7.9
2026-03-01 22:00:00,0.40634632,0.42845662,8.0,7.9
2026-03-01 22:05:00,0.40634632,0.42857299,8.0,7.9
2026-03-01 22:10:00,0.40630753,0.42830146,8.0,7.9
2026-03-01 22:15:00,0.4064239,0.42868936,8.0,7.8
2026-03-01 22:20:00,0.4064239,0.42837904,8.0,7.8
2026-03-01 22:25:00,0.40638511,0.42896089,8.0,7.8
2026-03-01 22:30:00,0.4064239,0.42845662,8.0,7.8
2026-03-01 22:35:00,0.40646269,0.42857299,8.0,7.8
2026-03-01 22:40:00,0.40650148,0.42876694,8.0,7.8
2026-03-01 22:45:00,0.40650148,0.42841783,7.98,7.8
2026-03-01 22:50:00,0.40650148,0.42845662,7.9,7.8
2026-03-01 22:55:00,0.40657906,0.42841783,7.9,7.8
2026-03-01 23:00:00,0.40657906,0.42872815,7.9,7.8
2026-03-01 23:05:00,0.40654027,0.42911605,7.9,7.8
2026-03-01 23:10:00,0.40654027,0.42868936,7.9,7.8
2026-03-01 23:15:00,0.40657906,0.42857299,7.9,7.8
2026-03-01 23:20:00,0.40661785,0.42896089,7.9,7.8
2026-03-01 23:25:00,0.40661785,0.42915484,7.9,7.8
2026-03-01 23:30:00,0.40669543,0.42868936,7.9,7.8
2026-03-01 23:35:00,0.40665664,0.42868936,7.9,7.8
2026-03-01 23:40:00,0.40669543,0.42841783,7.9,7.8
2026-03-01 23:45:00,0.40657906,0.42899968,7.9,7.8
2026-03-01 23:50:00,0.40669543,0.42868936,7.9,7.8
2026-03-01 23:55:00,0.40665664,0.42872815,7.9,7.8
2026-03-02 00:00:00,0.40673422,0.42876694,7.9,7.8
2026-03-02 00:05:00,0.40673422,0.42841783,7.9,7.8
2026-03-02 00:10:00,0.40673422,0.42868936,7.9,7.8
2026-03-02 00:15:00,0.4068118,0.42884452,7.9,7.8
2026-03-02 00:20:00,0.40669543,0.42849541,7.9,7.8
2026-03-02 00:25:00,0.40685059,0.42865057,7.9,7.8
2026-03-02 00:30:00,0.40677301,0.4289221,7.9,7.8
2026-03-02 00:35:00,0.4068118,0.42865057,7.9,7.84
2026-03-02 00:40:00,0.40673422,0.42896089,7.9,7.9
2026-03-02 00:45:00,0.40673422,0.42872815,7.9,7.9
2026-03-02 00:50:00,0.40677301,0.42857299,7.9,7.9
2026-03-02 00:55:00,0.40677301,0.42861178,7.9,7.9
2026-03-02 01:00:00,0.40677301,0.42837904,7.9,7.9
2026-03-02 01:05:00,0.40677301,0.42865057,7.9,7.9
2026-03-02 01:10:00,0.40677301,0.42876694,7.9,7.9
2026-03-02 01:15:00,0.40673422,0.42880573,7.9,7.9
2026-03-02 01:20:00,0.40685059,0.4285342,7.9,7.9
2026-03-02 01:25:00,0.40673422,0.42907726,7.9,7.92
2026-03-02 01:30:00,0.40673422,0.42907726,7.9,8.0
2026-03-02 01:35:00,0.40685059,0.42872815,7.9,8.0
2026-03-02 01:40:00,0.4068118,0.42884452,8.0,8.0
2026-03-02 01:45:00,0.40677301,0.42845662,8.0,8.0
2026-03-02 01:50:00,0.40665664,0.42888331,8.0,8.1
2026-03-02 01:55:00,0.40677301,0.42884452,8.0,8.1
2026-03-02 02:00:00,0.40669543,0.42872815,8.0,8.1
2026-03-02 02:05:00,0.40665664,0.42837904,8.0,8.1
2026-03-02 02:10:00,0.40669543,0.42888331,8.0,8.18
2026-03-02 02:15:00,0.40673422,0.42876694,8.08,8.2
2026-03-02 02:20:00,0.40669543,0.42845662,8.1,8.2
2026-03-02 02:25:00,0.40665664,0.42865057,8.1,8.2
2026-03-02 02:30:00,0.40665664,0.4285342,8.1,8.2
2026-03-02 02:35:00,0.40665664,0.42888331,8.1,8.28
2026-03-02 02:40:00,0.40673422,0.42826267,8.1,8.3
2026-03-02 02:45:00,0.40665664,0.42830146,8.1,8.3
2026-03-02 02:50:00,0.40654027,0.4285342,8.18,8.3
2026-03-02 02:55:00,0.40657906,0.42802993,8.2,8.3
2026-03-02 03:00:00,0.40646269,0.42849541,8.2,8.38
2026-03-02 03:05:00,0.40646269,0.42834025,8.2,8.4
2026-03-02 03:10:00,0.40646269,0.42830146,8.2,8.4
2026-03-02 03:15:00,0.4064239,0.42837904,8.2,8.4
2026-03-02 03:20:00,0.40626874,0.42822388,8.2,8.4
2026-03-02 03:25:00,0.4064239,0.42834025,8.26,8.48
2026-03-02 03:30:00,0.40638511,0.42841783,8.3,8.5
2026-03-02 03:35:00,0.40634632,0.4281463,8.3,8.5
2026-03-02 03:40:00,0.40634632,0.42779719,8.3,8.5
2026-03-02 03:45:00,0.40622995,0.42799114,8.3,8.56
2026-03-02 03:50:00,0.40630753,0.42826267,8.3,8.6
2026-03-02 03:55:00,0.40626874,0.4277584,8.36,8.6
2026-03-02 04:00:00,0.40615237,0.42822388,8.4,8.6
2026-03-02 04:05:00,0.40615237,0.42822388,8.4,8.6
2026-03-02 04:10:00,0.40611358,0.42837904,8.4,8.68
2026-03-02 04:15:00,0.40611358,0.42799114,8.4,8.7
2026-03-02 04:20:00,0.40615237,0.42764203,8.4,8.7
2026-03-02 04:25:00,0.40619116,0.42787477,8.4,8.7
2026-03-02 04:30:00,0.40611358,0.42764203,8.5,8.7
2026-03-02 04:35:00,0.406036,0.42795235,8.5,8.7
2026-03-02 04:40:00,0.40599721,0.42779719,8.5,8.76
2026-03-02 04:45:00,0.40599721,0.42791356,8.5,8.8
2026-03-02 04:50:00,0.406036,0.42768082,8.5,8.8
2026-03-02 04:55:00,0.40595842,0.42787477,8.5,8.8
2026-03-02 05:00:00,0.40595842,0.42779719,8.5,8.8
2026-03-02 05:05:00,0.40595842,0.42756445,8.58,8.8
2026-03-02 05:10:00,0.40611358,0.42791356,8.6,8.8
2026-03-02 05:15:00,0.40595842,0.42799114,8.6,8.88
2026-03-02 05:20:00,0.40607479,0.42787477,8.6,8.9
2026-03-02 05:25:00,0.40611358,0.42783598,8.6,8.9
2026-03-02 05:30:00,0.40615237,0.42787477,8.6,8.9
2026-03-02 05:35:00,0.406036,0.42806872,8.6,8.9
2026-03-02 05:40:00,0.40611358,0.42760324,8.6,8.9
2026-03-02 05:45:00,0.40619116,0.42771961,8.64,8.9
2026-03-02 05:50:00,0.40626874,0.42764203,8.7,8.9
2026-03-02 05:55:00,0.40615237,0.4277584,8.7,8.9
2026-03-02 06:00:00,0.40622995,0.42768082,8.7,8.98
2026-03-02 06:05:00,0.40619116,0.4277584,8.7,9.0
2026-03-02 06:10:00,0.40622995,0.42783598,8.7,9.0
2026-03-02 06:15:00,0.40619116,0.42756445,8.7,9.0
2026-03-02 06:20:00,0.40626874,0.42748687,8.7,9.0
2026-03-02 06:25:00,0.40615237,0.42764203,8.7,9.0
2026-03-02 06:30:00,0.40619116,0.42744808,8.7,9.0
2026-03-02 06:35:00,0.40615237,0.42783598,8.7,9.0
2026-03-02 06:40:00,0.40626874,0.42768082,8.7,9.0
2026-03-02 06:45:00,0.40630753,0.42744808,8.7,9.0
2026-03-02 06:50:00,0.40622995,0.42771961,8.7,9.0
2026-03-02 06:55:00,0.40626874,0.42733171,8.7,9.0
2026-03-02 07:00:00,0.40622995,0.42756445,8.74,9.0
2026-03-02 07:05:00,0.40626874,0.42748687,8.8,9.0
2026-03-02 07:10:00,0.40630753,0.42725413,8.8,9.0
2026-03-02 07:15:00,0.40634632,0.42760324,8.8,9.0
2026-03-02 07:20:00,0.40638511,0.4277584,8.8,9.0
2026-03-02 07:25:00,0.40626874,0.42764203,8.8,9.0
2026-03-02 07:30:00,0.40630753,0.4273705,8.8,9.0
2026-03-02 07:35:00,0.40638511,0.4277584,8.8,9.0
2026-03-02 07:40:00,0.4064239,0.42725413,8.8,9.0
2026-03-02 07:45:00,0.40646269,0.42764203,8.8,9.0
2026-03-02 07:50:00,0.40634632,0.42764203,8.8,9.0
2026-03-02 07:55:00,0.4064239,0.42744808,8.8,9.0
2026-03-02 08:00:00,0.40634632,0.42756445,8.8,9.0
2026-03-02 08:05:00,0.40646269,0.42748687,8.8,9.0
2026-03-02 08:10:00,0.40657906,0.42713776,8.8,9.0
2026-03-02 08:15:00,0.40650148,0.42733171,8.8,9.0
2026-03-02 08:20:00,0.40654027,0.42729292,8.8,9.0
2026-03-02 08:25:00,0.40654027,0.42744808,8.8,9.0
2026-03-02 08:30:00,0.40657906,0.4273705,8.8,9.0
2026-03-02 08:35:00,0.40657906,0.42768082,8.8,9.0
2026-03-02 08:40:00,0.40661785,0.42748687,8.8,9.0
2026-03-02 08:45:00,0.40657906,0.42733171,8.8,8.96
2026-03-02 08:50:00,0.40654027,0.4277584,8.8,8.9
2026-03-02 08:55:00,0.40657906,0.42760324,8.8,8.9
2026-03-02 09:00:00,0.40665664,0.42760324,8.8,8.9
2026-03-02 09:05:00,0.40665664,0.42748687,8.8,8.9
2026-03-02 09:10:00,0.40669543,0.42760324,8.8,8.9
2026-03-02 09:15:00,0.40673422,0.42779719,8.8,8.9
2026-03-02 09:20:00,0.40669543,0.42771961,8.8,8.9
2026-03-02 09:25:00,0.40673422,0.42779719,8.72,8.9
2026-03-02 09:30:00,0.40669543,0.42783598,8.7,8.86
2026-03-02 09:35:00,0.40677301,0.42768082,8.7,8.8
2026-03-02 09:40:00,0.40692817,0.42783598,8.7,8.8
2026-03-02 09:45:00,0.40685059,0.4277584,8.7,8.8
2026-03-02 09:50:00,0.40696696,0.42760324,8.7,8.8
2026-03-02 09:55:00,0.40696696,0.42756445,8.7,8.8
2026-03-02 10:00:00,0.40696696,0.42768082,8.7,8.8
2026-03-02 10:05:00,0.40692817,0.42779719,8.7,8.78
2026-03-02 10:10:00,0.40700575,0.42802993,8.7,8.7
2026-03-02 10:15:00,0.40696696,0.42768082,8.7,8.7
2026-03-02 10:20:00,0.40708333,0.42787477,8.7,8.7
2026-03-02 10:25:00,0.40704454,0.42779719,8.64,8.7
2026-03-02 10:30:00,0.40704454,0.42791356,8.6,8.7
2026-03-02 10:35:00,0.40704454,0.42799114,8.6,8.7
2026-03-02 10:40:00,0.4071997,0.42768082,8.6,8.7
2026-03-02 10:45:00,0.40708333,0.42810751,8.6,8.64
2026-03-02 10:50:00,0.40704454,0.42760324,8.6,8.6
2026-03-02 10:55:00,0.40712212,0.4277584,8.6,8.6
2026-03-02 11:00:00,0.40708333,0.42806872,8.6,8.6
2026-03-02 11:05:00,0.4071997,0.42795235,8.6,8.6
2026-03-02 11:10:00,0.40727728,0.42802993,8.6,8.6
2026-03-02 11:15:00,0.40723849,0.42830146,8.6,8.6
2026-03-02 11:20:00,0.40727728,0.42802993,8.54,8.58
2026-03-02 11:25:00,0.40731607,0.42771961,8.5,8.5
2026-03-02 11:30:00,0.40727728,0.42822388,8.5,8.5
2026-03-02 11:35:00,0.40727728,0.42837904,8.5,8.5
2026-03-02 11:40:00,0.40727728,0.42822388,8.5,8.5
2026-03-02 11:45:00,0.40735486,0.42802993,8.5,8.5
2026-03-02 11:50:00,0.40735486,0.42834025,8.5,8.5
2026-03-02 11:55:00,0.40743244,0.42830146,8.5,8.5
2026-03-02 12:00:00,0.40743244,0.42810751,8.5,8.44
2026-03-02 12:05:00,0.40743244,0.42834025,8.5,8.4
2026-03-02 12:10:00,0.40747123,0.42849541,8.4,8.4
2026-03-02 12:15:00,0.40754881,0.42837904,8.4,8.4
2026-03-02 12:20:00,0.40747123,0.42826267,8.4,8.4
2026-03-02 12:25:00,0.40754881,0.42822388,8.4,8.4
2026-03-02 12:30:00,0.40766518,0.42845662,8.4,8.4
2026-03-02 12:35:00,0.4075876,0.42849541,8.4,8.4
2026-03-02 12:40:00,0.40766518,0.42841783,8.4,8.34
2026-03-02 12:45:00,0.4075876,0.42822388,8.4,8.3
2026-03-02 12:50:00,0.40774276,0.42810751,8.4,8.3
2026-03-02 12:55:00,0.40770397,0.42849541,8.38,8.3
2026-03-02 13:00:00,0.40762639,0.4285342,8.3,8.3
2026-03-02 13:05:00,0.40774276,0.42845662,8.3,8.3
2026-03-02 13:10:00,0.40778155,0.42837904,8.3,8.3
2026-03-02 13:15:00,0.40774276,0.42837904,8.3,8.3
2026-03-02 13:20:00,0.40778155,0.42841783,8.3,8.3
2026-03-02 13:25:00,0.40774276,0.42861178,8.3,8.3
2026-03-02 13:30:00,0.40782034,0.42865057,8.3,8.22
2026-03-02 13:35:00,0.40789792,0.4285342,8.3,8.2
2026-03-02 13:40:00,0.40782034,0.42896089,8.3,8.2
2026-03-02 13:45:00,0.40793671,0.4285342,8.3,8.2
2026-03-02 13:50:00,0.40789792,0.42834025,8.3,8.2
2026-03-02 13:55:00,0.40793671,0.42872815,8.22,8.2
2026-03-02 14:00:00,0.40793671,0.42865057,8.2,8.2
2026-03-02 14:05:00,0.40785913,0.42830146,8.2,8.2
2026-03-02 14:10:00,0.40793671,0.42834025,8.2,8.2
2026-03-02 14:15:00,0.40793671,0.42880573,8.2,8.2
2026-03-02 14:20:00,0.40809187,0.42849541,8.2,8.2
2026-03-02 14:25:00,0.40793671,0.42872815,8.2,8.2
2026-03-02 14:30:00,0.4079755,0.42868936,8.2,8.16
2026-03-02 14:35:00,0.40801429,0.42857299,8.2,8.1
2026-03-02 14:40:00,0.40816945,0.4285342,8.2,8.1
2026-03-02 14:45:00,0.40805308,0.42907726,8.2,8.1
2026-03-02 14:50:00,0.40816945,0.42903847,8.2,8.1
2026-03-02 14:55:00,0.40809187,0.42868936,8.2,8.1
2026-03-02 15:00:00,0.40809187,0.42896089,8.2,8.1
2026-03-02 15:05:00,0.40805308,0.42857299,8.2,8.1
2026-03-02 15:10:00,0.40809187,0.42880573,8.2,8.1
2026-03-02 15:15:00,0.40805308,0.42907726,8.14,8.1
2026-03-02 15:20:00,0.40801429,0.42896089,8.1,8.1
2026-03-02 15:25:00,0.40801429,0.42915484,8.1,8.1
2026-03-02 15:30:00,0.40809187,0.42903847,8.1,8.1
2026-03-02 15:35:00,0.40801429,0.42845662,8.1,8.1
2026-03-02 15:40:00,0.40809187,0.42841783,8.1,8.1
2026-03-02 15:45:00,0.40801429,0.42899968,8.1,8.1
2026-03-02 15:50:00,0.40816945,0.4289221,8.1,8.08
2026-03-02 15:55:00,0.40809187,0.42899968,8.1,8.02
2026-03-02 16:00:00,0.40816945,0.42884452,8.1,8.0
2026-03-02 16:05:00,0.40805308,0.42868936,8.1,8.0
2026-03-02 16:10:00,0.40813066,0.42872815,8.1,8.0
2026-03-02 16:15:00,0.40805308,0.42880573,8.1,8.0
2026-03-02 16:20:00,0.40816945,0.42880573,8.1,8.0
2026-03-02 16:25:00,0.40816945,0.42861178,8.1,8.0
2026-03-02 16:30:00,0.40816945,0.42876694,8.1,8.0
2026-03-02 16:35:00,0.40820824,0.42868936,8.1,8.0
2026-03-02 16:40:00,0.40813066,0.42907726,8.1,8.0
2026-03-02 16:45:00,0.40824703,0.42880573,8.04,8.0
2026-03-02 16:50:00,0.40824703,0.42915484,8.0,8.0
2026-03-02 16:55:00,0.40824703,0.42915484,8.0,8.0
2026-03-02 17:00:00,0.40824703,0.42931,8.0,8.0
2026-03-02 17:05:00,0.40820824,0.42857299,8.0,8.0
2026-03-02 17:10:00,0.40828582,0.42911605,8.0,8.0
2026-03-02 17:15:00,0.40832461,0.42880573,8.0,7.98
2026-03-02 17:20:00,0.40824703,0.42880573,8.0,7.9
2026-03-02 17:25:00,0.40828582,0.42876694,8.0,7.9
2026-03-02 17:30:00,0.40832461,0.42903847,8.0,7.9
2026-03-02 17:35:00,0.40824703,0.42861178,8.0,7.9
2026-03-02 17:40:00,0.40832461,0.42876694,8.0,7.9
2026-03-02 17:45:00,0.40840219,0.4289221,8.0,7.9
2026-03-02 17:50:00,0.40832461,0.42899968,8.0,7.9
2026-03-02 17:55:00,0.40832461,0.42868936,8.0,7.9
2026-03-02 18:00:00,0.40840219,0.42927121,8.0,7.9
2026-03-02 18:05:00,0.4083634,0.4289221,8.0,7.9
2026-03-02 18:10:00,0.40832461,0.42923242,8.0,7.9
2026-03-02 18:15:00,0.40851856,0.42915484,7.9,7.9
2026-03-02 18:20:00,0.40847977,0.42899968,7.9,7.9
2026-03-02 18:25:00,0.40855735,0.42911605,7.9,7.8
2026-03-02 18:30:00,0.40844098,0.42915484,7.9,7.8
2026-03-02 18:35:00,0.40844098,0.42868936,7.9,7.8
2026-03-02 18:40:00,0.40855735,0.42907726,7.9,7.8
2026-03-02 18:45:00,0.40855735,0.42903847,7.9,7.8
2026-03-02 18:50:00,0.40847977,0.42911605,7.9,7.8
2026-03-02 18:55:00,0.40847977,0.42931,7.9,7.8
2026-03-02 19:00:00,0.40855735,0.42911605,7.9,7.8
2026-03-02 19:05:00,0.40859614,0.42915484,7.9,7.8
2026-03-02 19:10:00,0.40863493,0.42911605,7.9,7.74
2026-03-02 19:15:00,0.40863493,0.42884452,7.88,7.7
2026-03-02 19:20:00,0.40855735,0.42931,7.8,7.7
2026-03-02 19:25:00,0.40863493,0.42915484,7.8,7.7
2026-03-02 19:30:00,0.40855735,0.42915484,7.8,7.7
2026-03-02 19:35:00,0.40867372,0.42915484,7.8,7.7
2026-03-02 19:40:00,0.40859614,0.42899968,7.8,7.7
2026-03-02 19:45:00,0.40867372,0.42907726,7.8,7.7
2026-03-02 19:50:00,0.40859614,0.42899968,7.8,7.7
2026-03-02 19:55:00,0.40867372,0.42907726,7.8,7.7
2026-03-02 20:00:00,0.40871251,0.42919363,7.8,7.7
2026-03-02 20:05:00,0.40867372,0.42927121,7.8,7.7
2026-03-02 20:10:00,0.40871251,0.42934879,7.8,7.7
2026-03-02 20:15:00,0.40879009,0.42907726,7.8,7.7
2026-03-02 20:20:00,0.40879009,0.42915484,7.8,7.7
2026-03-02 20:25:00,0.4087513,0.42923242,7.8,7.7
2026-03-02 20:30:00,0.40882888,0.42888331,7.8,7.7
2026-03-02 20:35:00,0.4087513,0.42962032,7.8,7.7
2026-03-02 20:40:00,0.40879009,0.42927121,7.76,7.7
2026-03-02 20:45:00,0.40882888,0.42946516,7.7,7.7
2026-03-02 20:50:00,0.40879009,0.42911605,7.7,7.64
2026-03-02 20:55:00,0.40871251,0.42919363,7.7,7.6
2026-03-02 21:00:00,0.40882888,0.42927121,7.7,7.6
2026-03-02 21:05:00,0.40882888,0.42903847,7.7,7.6
2026-03-02 21:10:00,0.40879009,0.42934879,7.7,7.6
2026-03-02 21:15:00,0.40890646,0.42907726,7.7,7.6
2026-03-02 21:20:00,0.40890646,0.42919363,7.7,7.6
2026-03-02 21:25:00,0.40882888,0.42942637,7.7,7.6
2026-03-02 21:30:00,0.40890646,0.42934879,7.7,7.6
2026-03-02 21:35:00,0.40890646,0.42903847,7.7,7.6
2026-03-02 21:40:00,0.40886767,0.42931,7.7,7.6
2026-03-02 21:45:00,0.40890646,0.42934879,7.7,7.6
2026-03-02 21:50:00,0.40894525,0.42896089,7.7,7.6
2026-03-02 21:55:00,0.40902283,0.42923242,7.7,7.6
2026-03-02 22:00:00,0.40898404,0.42927121,7.7,7.6
2026-03-02 22:05:00,0.40898404,0.42896089,7.7,7.6
2026-03-02 22:10:00,0.40902283,0.42942637,7.7,7.6
2026-03-02 22:15:00,0.40890646,0.42942637,7.7,7.6
2026-03-02 22:20:00,0.40902283,0.42888331,7.7,7.6
2026-03-02 22:25:00,0.40902283,0.42919363,7.7,7.6
2026-03-02 22:30:00,0.4091392,0.42923242,7.7,7.54
2026-03-02 22:35:00,0.40906162,0.42899968,7.7,7.5
2026-03-02 22:40:00,0.40902283,0.42946516,7.7,7.5
2026-03-02 22:45:00,0.40906162,0.42931,7.7,7.5
2026-03-02 22:50:00,0.40910041,0.42950395,7.68,7.5
2026-03-02 22:55:00,0.40910041,0.42923242,7.6,7.5
2026-03-02 23:00:00,0.40902283,0.42903847,7.6,7.5
2026-03-02 23:05:00,0.40910041,0.42911605,7.6,7.5
2026-03-02 23:10:00,0.40906162,0.42919363,7.6,7.5
2026-03-02 23:15:00,0.4091392,0.42923242,7.6,7.5
2026-03-02 23:20:00,0.40906162,0.42942637,7.6,7.5
2026-03-02 23:25:00,0.40917799,0.42911605,7.6,7.5
2026-03-02 23:30:00,0.40925557,0.4289221,7.6,7.5
2026-03-02 23:35:00,0.40917799,0.42942637,7.6,7.5
2026-03-02 23:40:00,0.40917799,0.42927121,7.6,7.5
2026-03-02 23:45:00,0.40917799,0.42927121,7.6,7.5
2026-03-02 23:50:00,0.40910041,0.42927121,7.6,7.5
2026-03-02 23:55:00,0.40917799,0.42923242,7.6,7.5
2026-03-03 00:00:00,0.4091392,0.42888331,7.6,7.5
2026-03-03 00:05:00,0.40921678,0.42938758,7.6,7.5
2026-03-03 00:10:00,0.40906162,0.42919363,7.6,7.5
2026-03-03 00:15:00,0.40925557,0.42927121,7.6,7.5
2026-03-03 00:20:00,0.40925557,0.42927121,7.6,7.5
2026-03-03 00:25:00,0.40921678,0.42911605,7.6,7.54
2026-03-03 00:30:00,0.40925557,0.42962032,7.6,7.6
2026-03-03 00:35:00,0.4091392,0.42934879,7.6,7.6
2026-03-03 00:40:00,0.40917799,0.42903847,7.6,7.62
2026-03-03 00:45:00,0.40917799,0.42903847,7.6,7.7
2026-03-03 00:50:00,0.40910041,0.42946516,7.64,7.7
2026-03-03 00:55:00,0.40910041,0.42923242,7.7,7.78
2026-03-03 01:00:00,0.40906162,0.42938758,7.7,7.82
2026-03-03 01:05:00,0.40910041,0.42911605,7.7,7.9
2026-03-03 01:10:00,0.40902283,0.42923242,7.72,7.96
2026-03-03 01:15:00,0.40890646,0.42880573,7.8,8.04
2026-03-03 01:20:00,0.40882888,0.42861178,7.8,8.14
2026-03-03 01:25:00,0.40882888,0.42903847,7.86,8.22
2026-03-03 01:30:00,0.40879009,0.42861178,7.9,8.32
2026-03-03 01:35:00,0.40867372,0.42837904,7.96,8.42
2026-03-03 01:40:00,0.40871251,0.42830146,8.0,8.52
2026-03-03 01:45:00,0.40859614,0.42810751,8.08,8.62
2026-03-03 01:50:00,0.40859614,0.4281463,8.12,8.72
2026-03-03 01:55:00,0.40844098,0.42865057,8.2,8.82
2026-03-03 02:00:00,0.40844098,0.42787477,8.26,8.92
2026-03-03 02:05:00,0.40840219,0.42787477,8.3,9.04
2026-03-03 02:10:00,0.40832461,0.42818509,8.4,9.14
2026-03-03 02:15:00,0.40824703,0.42810751,8.46,9.26
2026-03-03 02:20:00,0.40813066,0.42795235,8.52,9.38
2026-03-03 02:25:00,0.40801429,0.42748687,8.6,9.5
2026-03-03 02:30:00,0.4079755,0.42748687,8.68,9.62
2026-03-03 02:35:00,0.4079755,0.4273705,8.76,9.74
2026-03-03 02:40:00,0.40789792,0.42760324,8.84,9.86
2026-03-03 02:45:00,0.40770397,0.42706018,8.9,9.98
2026-03-03 02:50:00,0.4075876,0.42709897,9.0,10.08
2026-03-03 02:55:00,0.4075876,0.42674986,9.08,10.16
2026-03-03 03:00:00,0.40747123,0.42628438,9.16,10.24
2026-03-03 03:05:00,0.40743244,0.42678865,9.24,10.34
2026-03-03 03:10:00,0.40735486,0.42667228,9.3,10.42
2026-03-03 03:15:00,0.40731607,0.42647833,9.4,10.5
2026-03-03 03:20:00,0.4071997,0.42624559,9.46,10.6
2026-03-03 03:25:00,0.40723849,0.42636196,9.52,10.68
2026-03-03 03:30:00,0.40716091,0.42574132,9.6,10.72
2026-03-03 03:35:00,0.4071997,0.42566374,9.68,10.8
2026-03-03 03:40:00,0.40712212,0.42574132,9.74,10.88
2026-03-03 03:45:00,0.40712212,0.42562495,9.8,10.96
2026-03-03 03:50:00,0.40708333,0.42546979,9.88,11.04
2026-03-03 03:55:00,0.40708333,0.42570253,9.94,11.14
2026-03-03 04:00:00,0.40708333,0.42566374,10.0,11.24
2026-03-03 04:05:00,0.40700575,0.4250431,10.1,11.36
2026-03-03 04:10:00,0.40700575,0.42477157,10.16,11.48
2026-03-03 04:15:00,0.40700575,0.42488794,10.22,11.58
2026-03-03 04:20:00,0.40700575,0.42469399,10.3,11.7
2026-03-03 04:25:00,0.40685059,0.42438367,10.4,11.8
2026-03-03 04:30:00,0.40700575,0.42434488,10.46,11.9
2026-03-03 04:35:00,0.40688938,0.4242673,10.52,11.98
2026-03-03 04:40:00,0.40692817,0.42395698,10.6,12.04
2026-03-03 04:45:00,0.40700575,0.42418972,10.68,12.1
2026-03-03 04:50:00,0.40704454,0.42415093,10.7,12.12
2026-03-03 04:55:00,0.40704454,0.42384061,10.8,12.2
2026-03-03 05:00:00,0.40704454,0.42415093,10.82,12.2
2026-03-03 05:05:00,0.40704454,0.42395698,10.9,12.2
2026-03-03 05:10:00,0.40708333,0.42376303,10.9,12.2
2026-03-03 05:15:00,0.40700575,0.4238794,10.96,12.2
2026-03-03 05:20:00,0.40723849,0.42368545,11.0,12.2
2026-03-03 05:25:00,0.4071997,0.42372424,11.0,12.2
2026-03-03 05:30:00,0.4071997,0.42391819,11.0,12.2
2026-03-03 05:35:00,0.4071997,0.42360787,11.08,12.2
2026-03-03 05:40:00,0.4071997,0.42376303,11.1,12.2
2026-03-03 05:45:00,0.40716091,0.42368545,11.1,12.2
2026-03-03 05:50:00,0.40716091,0.42399577,11.1,12.2
2026-03-03 05:55:00,0.40727728,0.42353029,11.1,12.2
2026-03-03 06:00:00,0.40731607,0.4238794,11.12,12.2
2026-03-03 06:05:00,0.40731607,0.42364666,11.2,12.26
2026-03-03 06:10:00,0.40735486,0.42353029,11.2,12.3
2026-03-03 06:15:00,0.40743244,0.42364666,11.2,12.3
2026-03-03 06:20:00,0.40747123,0.42376303,11.2,12.3
2026-03-03 06:25:00,0.40754881,0.42341392,11.2,12.3
2026-03-03 06:30:00,0.40762639,0.42341392,11.28,12.38
2026-03-03 06:35:00,0.4075876,0.42333634,11.3,12.4
2026-03-03 06:40:00,0.4075876,0.42341392,11.3,12.4
2026-03-03 06:45:00,0.4075876,0.42356908,11.3,12.4
2026-03-03 06:50:00,0.40754881,0.42314239,11.3,12.4
2026-03-03 06:55:00,0.40751002,0.42325876,11.34,12.4
2026-03-03 07:00:00,0.40754881,0.42333634,11.4,12.4
2026-03-03 07:05:00,0.40747123,0.42329755,11.4,12.4
2026-03-03 07:10:00,0.40751002,0.42364666,11.4,12.4
2026-03-03 07:15:00,0.40739365,0.42314239,11.4,12.4
2026-03-03 07:20:00,0.40747123,0.42314239,11.4,12.4
2026-03-03 07:25:00,0.40731607,0.42329755,11.4,12.36
2026-03-03 07:30:00,0.40735486,0.42325876,11.4,12.3
2026-03-03 07:35:00,0.40739365,0.4231036,11.4,12.3
2026-03-03 07:40:00,0.40731607,0.42318118,11.4,12.28
2026-03-03 07:45:00,0.40727728,0.42321997,11.4,12.2
2026-03-03 07:50:00,0.40727728,0.4234915,11.4,12.2
2026-03-03 07:55:00,0.40727728,0.42353029,11.4,12.18
2026-03-03 08:00:00,0.40727728,0.42333634,11.4,12.1
2026-03-03 08:05:00,0.40731607,0.42329755,11.4,12.1
2026-03-03 08:10:00,0.40735486,0.42356908,11.36,12.04
2026-03-03 08:15:00,0.40727728,0.42360787,11.3,12.0
2026-03-03 08:20:00,0.40723849,0.42337513,11.3,12.0
2026-03-03 08:25:00,0.40712212,0.42345271,11.3,11.92
2026-03-03 08:30:00,0.40712212,0.42345271,11.3,11.9
2026-03-03 08:35:00,0.40712212,0.42329755,11.28,11.86
2026-03-03 08:40:00,0.40712212,0.42360787,11.2,11.8
2026-03-03 08:45:00,0.40712212,0.42353029,11.2,11.8
2026-03-03 08:50:00,0.40716091,0.42376303,11.2,11.7
2026-03-03 08:55:00,0.40704454,0.42356908,11.2,11.7
2026-03-03 09:00:00,0.40712212,0.4238794,11.1,11.62
2026-03-03 09:05:00,0.40692817,0.42345271,11.1,11.6
2026-03-03 09:10:00,0.40704454,0.42372424,11.1,11.52
2026-03-03 09:15:00,0.40700575,0.42384061,11.06,11.5
2026-03-03 09:20:00,0.40700575,0.42384061,11.0,11.4
2026-03-03 09:25:00,0.40685059,0.42353029,11.0,11.36
2026-03-03 09:30:00,0.40677301,0.42368545,10.96,11.3
2026-03-03 09:35:00,0.40685059,0.42380182,10.9,11.24
2026-03-03 09:40:00,0.40673422,0.4238794,10.9,11.2
2026-03-03 09:45:00,0.40673422,0.42384061,10.84,11.12
2026-03-03 09:50:00,0.40677301,0.42418972,10.8,11.1
2026-03-03 09:55:00,0.40669543,0.4242673,10.8,11.0
2026-03-03 10:00:00,0.40700575,0.42403456,10.7,10.98
2026-03-03 10:05:00,0.40700575,0.42442246,10.7,10.9
2026-03-03 10:10:00,0.40700575,0.42415093,10.66,10.86
2026-03-03 10:15:00,0.40692817,0.42434488,10.6,10.8
2026-03-03 10:20:00,0.40692817,0.42477157,10.58,10.74
2026-03-03 10:25:00,0.4068118,0.42450004,10.5,10.7
2026-03-03 10:30:00,0.40685059,0.42469399,10.5,10.62
2026-03-03 10:35:00,0.40673422,0.42450004,10.42,10.6
2026-03-03 10:40:00,0.40677301,0.4246552,10.4,10.5
2026-03-03 10:45:00,0.40677301,0.42488794,10.36,10.5
2026-03-03 10:50:00,0.40669543,0.42453883,10.3,10.42
2026-03-03 10:55:00,0.40677301,0.42477157,10.3,10.4
2026-03-03 11:00:00,0.40692817,0.42469399,10.2,10.34
2026-03-03 11:05:00,0.40665664,0.42469399,10.2,10.3
2026-03-03 11:10:00,0.40669543,0.42496552,10.18,10.26
2026-03-03 11:15:00,0.40669543,0.42492673,10.1,10.2
2026-03-03 11:20:00,0.40677301,0.42500431,10.1,10.2
2026-03-03 11:25:00,0.40665664,0.42535342,10.06,10.1
2026-03-03 11:30:00,0.40677301,0.42492673,10.0,10.1
2026-03-03 11:35:00,0.40669543,0.4246552,10.0,10.02
2026-03-03 11:40:00,0.40677301,0.42481036,9.94,10.0
2026-03-03 11:45:00,0.40677301,0.42523705,9.9,9.94
2026-03-03 11:50:00,0.40677301,0.42515947,9.88,9.9
2026-03-03 11:55:00,0.40677301,0.42488794,9.8,9.86
2026-03-03 12:00:00,0.40673422,0.425431,9.8,9.8
2026-03-03 12:05:00,0.40685059,0.425431,9.76,9.8
2026-03-03 12:10:00,0.40688938,0.42554737,9.7,9.7
2026-03-03 12:15:00,0.40685059,0.42562495,9.7,9.7
2026-03-03 12:20:00,0.40685059,0.42574132,9.66,9.68
2026-03-03 12:25:00,0.40692817,0.42546979,9.6,9.6
2026-03-03 12:30:00,0.40696696,0.42562495,9.6,9.6
2026-03-03 12:35:00,0.40685059,0.42578011,9.58,9.58
2026-03-03 12:40:00,0.40696696,0.42593527,9.5,9.5
2026-03-03 12:45:00,0.40696696,0.42589648,9.5,9.5
2026-03-03 12:50:00,0.40688938,0.42597406,9.5,9.5
2026-03-03 12:55:00,0.40688938,0.42585769,9.4,9.4
2026-03-03 13:00:00,0.40700575,0.42597406,9.4,9.4
2026-03-03 13:05:00,0.40704454,0.42597406,9.4,9.4
2026-03-03 13:10:00,0.40700575,0.42628438,9.38,9.34
2026-03-03 13:15:00,0.40708333,0.4262068,9.3,9.3
2026-03-03 13:20:00,0.40700575,0.42605164,9.3,9.3
2026-03-03 13:25:00,0.40704454,0.42605164,9.3,9.3
2026-03-03 13:30:00,0.40712212,0.4262068,9.28,9.2
2026-03-03 13:35:00,0.40712212,0.42609043,9.2,9.2
2026-03-03 13:40:00,0.40712212,0.42636196,9.2,9.2
2026-03-03 13:45:00,0.40704454,0.42636196,9.2,9.18
2026-03-03 13:50:00,0.40700575,0.4262068,9.18,9.1
2026-03-03 13:55:00,0.40700575,0.42624559,9.1,9.1
2026-03-03 14:00:00,0.40700575,0.42643954,9.1,9.1
2026-03-03 14:05:00,0.40704454,0.42616801,9.1,9.06
2026-03-03 14:10:00,0.40712212,0.42667228,9.1,9.0
2026-03-03 14:15:00,0.40696696,0.42663349,9.0,9.0
2026-03-03 14:20:00,0.40712212,0.42686623,9.0,9.0
2026-03-03 14:25:00,0.40716091,0.42674986,9.0,8.94
2026-03-03 14:30:00,0.40708333,0.42686623,9.0,8.9
2026-03-03 14:35:00,0.4071997,0.42651712,8.96,8.9
2026-03-03 14:40:00,0.40708333,0.42686623,8.9,8.88
2026-03-03 14:45:00,0.40723849,0.42651712,8.9,8.8
2026-03-03 14:50:00,0.40712212,0.4269826,8.9,8.8
2026-03-03 14:55:00,0.4071997,0.42667228,8.88,8.8
2026-03-03 15:00:00,0.4071997,0.42706018,8.8,8.7
2026-03-03 15:05:00,0.4071997,0.42717655,8.8,8.7
2026-03-03 15:10:00,0.40723849,0.42713776,8.8,8.7
2026-03-03 15:15:00,0.40731607,0.4273705,8.76,8.62
2026-03-03 15:20:00,0.40727728,0.42709897,8.7,8.6
2026-03-03 15:25:00,0.40731607,0.42752566,8.7,8.58
2026-03-03 15:30:00,0.40739365,0.42729292,8.7,8.5
2026-03-03 15:35:00,0.40727728,0.42729292,8.62,8.5
2026-03-03 15:40:00,0.4071997,0.4273705,8.6,8.46
2026-03-03 15:45:00,0.40735486,0.42725413,8.6,8.4
2026-03-03 15:50:00,0.40739365,0.42764203,8.6,8.4
2026-03-03 15:55:00,0.40739365,0.42768082,8.5,8.34
2026-03-03 16:00:00,0.40731607,0.42787477,8.5,8.3
2026-03-03 16:05:00,0.40739365,0.42760324,8.5,8.3
2026-03-03 16:10:00,0.40743244,0.4277584,8.44,8.22
2026-03-03 16:15:00,0.40735486,0.42791356,8.4,8.2
2026-03-03 16:20:00,0.40739365,0.42802993,8.4,8.2
2026-03-03 16:25:00,0.40747123,0.42806872,8.38,8.1
2026-03-03 16:30:00,0.40735486,0.42787477,8.3,8.1
2026-03-03 16:35:00,0.40743244,0.4281463,8.3,8.06
2026-03-03 16:40:00,0.40739365,0.42779719,8.3,8.0
2026-03-03 16:45:00,0.40739365,0.42806872,8.24,8.0
2026-03-03 16:50:00,0.40754881,0.42802993,8.2,7.92
2026-03-03 16:55:00,0.40747123,0.4281463,8.2,7.9
2026-03-03 17:00:00,0.40751002,0.42795235,8.16,7.9
2026-03-03 17:05:00,0.40743244,0.42802993,8.1,7.82
2026-03-03 17:10:00,0.40751002,0.42806872,8.1,7.8
2026-03-03 17:15:00,0.40751002,0.42837904,8.08,7.78
2026-03-03 17:20:00,0.4075876,0.42818509,8.0,7.7
2026-03-03 17:25:00,0.4075876,0.42849541,8.0,7.7
2026-03-03 17:30:00,0.4075876,0.42834025,8.0,7.68
2026-03-03 17:35:00,0.40754881,0.42799114,7.92,7.6
2026-03-03 17:40:00,0.40747123,0.42826267,7.9,7.6
2026-03-03 17:45:00,0.40774276,0.42872815,7.9,7.52
2026-03-03 17:50:00,0.40778155,0.42845662,7.86,7.5
2026-03-03 17:55:00,0.40782034,0.42849541,7.8,7.5
2026-03-03 18:00:00,0.40778155,0.42643954,7.8,7.4
2026-03-03 18:05:00,0.40789792,0.42667228,7.8,7.4
2026-03-03 18:10:00,0.40782034,0.42663349,7.7,7.38
2026-03-03 18:15:00,0.40782034,0.42655591,7.7,7.3
2026-03-03 18:20:00,0.40770397,0.42674986,7.7,7.3
2026-03-03 18:25:00,0.40778155,0.42694381,7.64,7.3
2026-03-03 18:30:00,0.40789792,0.42651712,7.6,7.2
2026-03-03 18:35:00,0.40785913,0.42674986,7.6,7.2
2026-03-03 18:40:00,0.40782034,0.42721534,7.56,7.2
2026-03-03 18:45:00,0.40778155,0.42690502,7.5,7.12
2026-03-03 18:50:00,0.40778155,0.42702139,7.5,7.1
2026-03-03 18:55:00,0.40782034,0.42671107,7.5,7.1
2026-03-03 19:00:00,0.40789792,0.4269826,7.4,7.02
2026-03-03 19:05:00,0.40782034,0.42682744,7.4,7.0
2026-03-03 19:10:00,0.40778155,0.42663349,7.4,7.0
2026-03-03 19:15:00,0.40793671,0.4269826,7.36,6.92
2026-03-03 19:20:00,0.40789792,0.42706018,7.3,6.9
2026-03-03 19:25:00,0.40785913,0.42678865,7.3,6.9
2026-03-03 19:30:00,0.40782034,0.42721534,7.3,6.84
2026-03-03 19:35:00,0.4079755,0.42706018,7.22,6.8
2026-03-03 19:40:00,0.4079755,0.42678865,7.2,6.8
2026-03-03 19:45:00,0.4079755,0.42686623,7.2,6.78
2026-03-03 19:50:00,0.4079755,0.42686623,7.2,6.7
2026-03-03 19:55:00,0.40793671,0.42682744,7.1,6.7
2026-03-03 20:00:00,0.40793671,0.42671107,7.1,6.68
2026-03-03 20:05:00,0.40801429,0.42729292,7.1,6.6
2026-03-03 20:10:00,0.40801429,0.42709897,7.04,6.6
2026-03-03 20:15:00,0.40801429,0.42733171,7.0,6.6
2026-03-03 20:20:00,0.40809187,0.42690502,7.0,6.5
2026-03-03 20:25:00,0.40805308,0.42713776,7.0,6.5
2026-03-03 20:30:00,0.40805308,0.42740929,6.92,6.5
2026-03-03 20:35:00,0.40805308,0.42709897,6.9,6.44
2026-03-03 20:40:00,0.40809187,0.42744808,6.9,6.4
2026-03-03 20:45:00,0.40805308,0.42702139,6.9,6.4
2026-03-03 20:50:00,0.4079755,0.42694381,6.8,6.4
2026-03-03 20:55:00,0.40801429,0.4269826,6.8,6.3
2026-03-03 21:00:00,0.40801429,0.42663349,6.8,6.3
2026-03-03 21:05:00,0.40813066,0.42729292,6.8,6.3
2026-03-03 21:10:00,0.40813066,0.42682744,6.7,6.24
2026-03-03 21:15:00,0.40785913,0.42709897,6.7,6.2
2026-03-03 21:20:00,0.40766518,0.42721534,6.7,6.2
2026-03-03 21:25:00,0.40754881,0.42721534,6.68,6.2
2026-03-03 21:30:00,0.40743244,0.4269826,6.6,6.1
2026-03-03 21:35:00,0.40747123,0.42690502,6.6,6.1
2026-03-03 21:40:00,0.40743244,0.42725413,6.6,6.1
2026-03-03 21:45:00,0.40739365,0.42686623,6.58,6.04
2026-03-03 21:50:00,0.40766518,0.42694381,6.5,6.0
2026-03-03 21:55:00,0.40743244,0.42694381,6.5,6.0
2026-03-03 22:00:00,0.40723849,0.42717655,6.5,6.0
2026-03-03 22:05:00,0.40743244,0.42706018,6.5,5.92
2026-03-03 22:10:00,0.40731607,0.4269826,6.4,5.9
2026-03-03 22:15:00,0.40723849,0.42713776,6.4,5.9
2026-03-03 22:20:00,0.40735486,0.42713776,6.4,5.9
2026-03-03 22:25:00,0.40704454,0.4273705,6.4,5.82
2026-03-03 22:30:00,0.40688938,0.42709897,6.36,5.8
2026-03-03 22:35:00,0.40688938,0.42721534,6.3,5.8
2026-03-03 22:40:00,0.40677301,0.42717655,6.3,5.8
2026-03-03 22:45:00,0.40673422,0.42740929,6.3,5.7
2026-03-03 22:50:00,0.40677301,0.4273705,6.3,5.7
2026-03-03 22:55:00,0.40692817,0.42709897,6.2,5.7
2026-03-03 23:00:00,0.40677301,0.42682744,6.2,5.7
2026-03-03 23:05:00,0.4068118,0.42717655,6.2,5.7
2026-03-03 23:10:00,0.40688938,0.42721534,6.2,5.68
2026-03-03 23:15:00,0.40731607,0.42748687,6.2,5.6
2026-03-03 23:20:00,0.40685059,0.42709897,6.12,5.6
2026-03-03 23:25:00,0.4068118,0.42768082,6.1,5.6
2026-03-03 23:30:00,0.40673422,0.42694381,6.1,5.6
2026-03-03 23:35:00,0.40669543,0.42706018,6.1,5.6
2026-03-03 23:40:00,0.40665664,0.42690502,6.1,5.6
2026-03-03 23:45:00,0.40673422,0.42713776,6.1,5.6
2026-03-03 23:50:00,0.4068118,0.42706018,6.1,5.66
2026-03-03 23:55:00,0.40665664,0.42709897,6.1,5.7
2026-03-04 00:00:00,0.40650148,0.42686623,6.1,5.7
2026-03-04 00:05:00,0.40646269,0.42733171,6.1,5.7
2026-03-04 00:10:00,0.40661785,0.4269826,6.1,5.78
2026-03-04 00:15:00,0.40650148,0.42682744,6.1,5.8
2026-03-04 00:20:00,0.40665664,0.42655591,6.1,5.88
2026-03-04 00:25:00,0.40650148,0.42678865,6.18,5.9
2026-03-04 00:30:00,0.40634632,0.42674986,6.2,5.98
2026-03-04 00:35:00,0.40638511,0.42632317,6.2,6.02
2026-03-04 00:40:00,0.40615237,0.42682744,6.22,6.1
2026-03-04 00:45:00,0.40630753,0.42640075,6.3,6.18
2026-03-04 00:50:00,0.40619116,0.42671107,6.3,6.24
2026-03-04 00:55:00,0.406036,0.42674986,6.36,6.32
2026-03-04 01:00:00,0.40599721,0.42636196,6.4,6.4
2026-03-04 01:05:00,0.40584205,0.42636196,6.44,6.5
2026-03-04 01:10:00,0.40611358,0.42628438,6.5,6.6
2026-03-04 01:15:00,0.40576447,0.42597406,6.54,6.68
2026-03-04 01:20:00,0.40572568,0.42628438,6.6,6.78
2026-03-04 01:25:00,0.40588084,0.42570253,6.66,6.88
2026-03-04 01:30:00,0.4056481,0.42558616,6.7,6.98
2026-03-04 01:35:00,0.40549294,0.42566374,6.8,7.1
2026-03-04 01:40:00,0.40553173,0.42593527,6.84,7.2
2026-03-04 01:45:00,0.40533778,0.42535342,6.9,7.32
2026-03-04 01:50:00,0.40541536,0.42566374,7.0,7.42
2026-03-04 01:55:00,0.40518262,0.42527584,7.06,7.54
2026-03-04 02:00:00,0.40506625,0.42496552,7.12,7.66
2026-03-04 02:05:00,0.40498867,0.42496552,7.2,7.76
2026-03-04 02:10:00,0.40491109,0.42515947,7.3,7.88
2026-03-04 02:15:00,0.40479472,0.42519826,7.36,8.0
2026-03-04 02:20:00,0.40479472,0.42461641,7.42,8.12
2026-03-04 02:25:00,0.40467835,0.42450004,7.5,8.24
2026-03-04 02:30:00,0.40467835,0.42446125,7.6,8.36
2026-03-04 02:35:00,0.40483351,0.42418972,7.7,8.48
2026-03-04 02:40:00,0.40475593,0.42411214,7.76,8.62
2026-03-04 02:45:00,0.40471714,0.42391819,7.86,8.72
2026-03-04 02:50:00,0.40456198,0.42384061,7.94,8.84
2026-03-04 02:55:00,0.40440682,0.42372424,8.02,8.96
2026-03-04 03:00:00,0.40436803,0.42376303,8.1,9.06
2026-03-04 03:05:00,0.40425166,0.42395698,8.2,9.18
2026-03-04 03:10:00,0.4040965,0.42341392,8.28,9.3
2026-03-04 03:15:00,0.4040965,0.42321997,8.36,9.4
2026-03-04 03:20:00,0.40398013,0.42314239,8.44,9.52
2026-03-04 03:25:00,0.40386376,0.42314239,8.5,9.62
2026-03-04 03:30:00,0.40374739,0.42294844,8.6,9.72
2026-03-04 03:35:00,0.40355344,0.4231036,8.68,9.84
2026-03-04 03:40:00,0.40347586,0.42259933,8.76,9.96
2026-03-04 03:45:00,0.40328191,0.4223278,8.82,10.06
2026-03-04 03:50:00,0.40324312,0.42236659,8.9,10.16
2026-03-04 03:55:00,0.40312675,0.4223278,9.0,10.26
2026-03-04 04:00:00,0.40320433,0.42225022,9.06,10.36
2026-03-04 04:05:00,0.40312675,0.42201748,9.12,10.44
2026-03-04 04:10:00,0.40297159,0.42174595,9.2,10.52
2026-03-04 04:15:00,0.40281643,0.42139684,9.3,10.62
2026-03-04 04:20:00,0.40273885,0.42151321,9.34,10.7
2026-03-04 04:25:00,0.40262248,0.42139684,9.4,10.78
2026-03-04 04:30:00,0.40262248,0.42104773,9.46,10.84
2026-03-04 04:35:00,0.40235095,0.42124168,9.5,10.92
2026-03-04 04:40:00,0.40227337,0.42085378,9.58,11.0
2026-03-04 04:45:00,0.40207942,0.42081499,9.6,11.08
2026-03-04 04:50:00,0.40204063,0.42120289,9.7,11.16
2026-03-04 04:55:00,0.40180789,0.4207762,9.72,11.22
2026-03-04 05:00:00,0.40184668,0.42058225,9.8,11.3
2026-03-04 05:05:00,0.40173031,0.42031072,9.82,11.38
2026-03-04 05:10:00,0.40157515,0.4203883,9.9,11.46
2026-03-04 05:15:00,0.40149757,0.4203883,9.94,11.52
2026-03-04 05:20:00,0.40145878,0.41988403,10.0,11.6
2026-03-04 05:25:00,0.40126483,0.41972887,10.06,11.68
2026-03-04 05:30:00,0.40103209,0.41965129,10.1,11.72
2026-03-04 05:35:00,0.40087693,0.41965129,10.16,11.8
2026-03-04 05:40:00,0.40076056,0.41976766,10.2,11.86
2026-03-04 05:45:00,0.40068298,0.41957371,10.26,11.9
2026-03-04 05:50:00,0.4006054,0.41918581,10.3,12.0
2026-03-04 05:55:00,0.40041145,0.4192246,10.36,12.02
2026-03-04 06:00:00,0.40029508,0.41906944,10.4,12.1
2026-03-04 06:05:00,0.40013992,0.41910823,10.46,12.12
2026-03-04 06:10:00,0.40002355,0.41918581,10.5,12.2
2026-03-04 06:15:00,0.39994597,0.41891428,10.54,12.22
2026-03-04 06:20:00,0.39967444,0.4188367,10.6,12.3
2026-03-04 06:25:00,0.39948049,0.41875912,10.62,12.3
2026-03-04 06:30:00,0.39940291,0.41868154,10.7,12.38
2026-03-04 06:35:00,0.39909259,0.41856517,10.7,12.4
2026-03-04 06:40:00,0.39889864,0.41856517,10.76,12.4
2026-03-04 06:45:00,0.39858832,0.41860396,10.8,12.44
2026-03-04 06:50:00,0.398278,0.41852638,10.8,12.5
2026-03-04 06:55:00,0.39781252,0.41852638,10.82,12.5
2026-03-04 07:00:00,0.39765736,0.4184488,10.9,12.5
2026-03-04 07:05:00,0.39746341,0.41860396,10.9,12.5
2026-03-04 07:10:00,0.39742462,0.41864275,10.9,12.5
2026-03-04 07:15:00,0.3971143,0.41852638,10.9,12.5
2026-03-04 07:20:00,0.39692035,0.41860396,10.96,12.5
2026-03-04 07:25:00,0.39680398,0.41852638,11.0,12.5
2026-03-04 07:30:00,0.39668761,0.41856517,11.0,12.5
2026-03-04 07:35:00,0.39637729,0.41856517,11.0,12.5
2026-03-04 07:40:00,0.39629971,0.41879791,11.0,12.44
2026-03-04 07:45:00,0.39626092,0.41872033,11.0,12.4
2026-03-04 07:50:00,0.3959506,0.4184488,11.0,12.4
2026-03-04 07:55:00,0.39579544,0.41837122,11.0,12.34
2026-03-04 08:00:00,0.39575665,0.41837122,11.0,12.3
2026-03-04 08:05:00,0.39583423,0.4184488,11.0,12.28
2026-03-04 08:10:00,0.39583423,0.41848759,11.0,12.2
2026-03-04 08:15:00,0.39564028,0.41852638,11.0,12.16
2026-03-04 08:20:00,0.39567907,0.41868154,11.0,12.1
2026-03-04 08:25:00,0.39552391,0.41860396,10.9,12.06
2026-03-04 08:30:00,0.39544633,0.41856517,10.9,12.0
2026-03-04 08:35:00,0.39544633,0.41864275,10.9,11.96
2026-03-04 08:40:00,0.39529117,0.41848759,10.9,11.9
2026-03-04 08:45:00,0.39521359,0.41856517,10.9,11.82
2026-03-04 08:50:00,0.39509722,0.41872033,10.82,11.78
2026-03-04 08:55:00,0.3951748,0.41852638,10.8,11.7
2026-03-04 09:00:00,0.39521359,0.41887549,10.8,11.66
2026-03-04 09:05:00,0.3951748,0.41875912,10.8,11.6
2026-03-04 09:10:00,0.39509722,0.41895307,10.7,11.5
2026-03-04 09:15:00,0.39494206,0.41868154,10.7,11.46
2026-03-04 09:20:00,0.39474811,0.41891428,10.7,11.38
2026-03-04 09:25:00,0.39470932,0.41868154,10.62,11.3
2026-03-04 09:30:00,0.39451537,0.41906944,10.6,11.24
2026-03-04 09:35:00,0.394399,0.41872033,10.6,11.18
2026-03-04 09:40:00,0.39420505,0.41887549,10.5,11.1
2026-03-04 09:45:00,0.3936232,0.41895307,10.5,11.02
2026-03-04 09:50:00,0.39315772,0.41891428,10.46,10.98
2026-03-04 09:55:00,0.39273103,0.41914702,10.4,10.9
2026-03-04 10:00:00,0.39242071,0.41895307,10.4,10.82
2026-03-04 10:05:00,0.39191644,0.41934097,10.32,10.78
2026-03-04 10:10:00,0.39176128,0.4196125,10.3,10.7
2026-03-04 10:15:00,0.39148975,0.41941855,10.26,10.62
2026-03-04 10:20:00,0.39094669,0.41918581,10.2,10.56
2026-03-04 10:25:00,0.39005452,0.41937976,10.2,10.5
2026-03-04 10:30:00,0.3893563,0.41914702,10.12,10.42
2026-03-04 10:35:00,0.38869687,0.41926339,10.1,10.38
2026-03-04 10:40:00,0.3881926,0.41969008,10.06,10.3
2026-03-04 10:45:00,0.38757196,0.41984524,10.0,10.24
2026-03-04 10:50:00,0.38706769,0.41930218,10.0,10.2
2026-03-04 10:55:00,0.38644705,0.41965129,9.9,10.1
2026-03-04 11:00:00,0.38458513,0.41969008,9.9,10.08
2026-03-04 11:05:00,0.38167588,0.41969008,9.82,10.0
2026-03-04 11:10:00,0.38090008,0.41980645,9.8,9.94
2026-03-04 11:15:00,0.38066734,0.4200004,9.74,9.9
2026-03-04 11:20:00,0.38047339,0.4200004,9.7,9.8
2026-03-04 11:25:00,0.38024065,0.42007798,9.68,9.78
2026-03-04 11:30:00,0.38000791,0.41984524,9.6,9.7
2026-03-04 11:35:00,0.37985275,0.41996161,9.6,9.66
2026-03-04 11:40:00,0.37962001,0.42003919,9.52,9.6
2026-03-04 11:45:00,0.37950364,0.42019435,9.5,9.54
2026-03-04 11:50:00,0.37930969,0.42015556,9.46,9.5
2026-03-04 11:55:00,0.37903816,0.42023314,9.4,9.42
2026-03-04 12:00:00,0.37907695,0.42003919,9.4,9.4
2026-03-04 12:05:00,0.37896058,0.42015556,9.32,9.32
2026-03-04 12:10:00,0.37884421,0.41988403,9.3,9.3
2026-03-04 12:15:00,0.37876663,0.42011677,9.26,9.2
2026-03-04 12:20:00,0.37833994,0.42027193,9.2,9.2
2026-03-04 12:25:00,0.37806841,0.42027193,9.2,9.1
2026-03-04 12:30:00,0.3781072,0.42023314,9.1,9.1
2026-03-04 12:35:00,0.37806841,0.42007798,9.1,9.0
2026-03-04 12:40:00,0.37779688,0.42011677,9.06,9.0
2026-03-04 12:45:00,0.37775809,0.42046588,9.0,8.9
2026-03-04 12:50:00,0.37764172,0.42058225,9.0,8.9
2026-03-04 12:55:00,0.37752535,0.42027193,8.92,8.8
2026-03-04 13:00:00,0.37748656,0.4203883,8.9,8.8
2026-03-04 13:05:00,0.3773314,0.42011677,8.9,8.72
2026-03-04 13:10:00,0.37725382,0.42023314,8.8,8.7
2026-03-04 13:15:00,0.37748656,0.42027193,8.8,8.64
2026-03-04 13:20:00,0.37744777,0.42031072,8.7,8.6
2026-03-04 13:25:00,0.37737019,0.4203883,8.7,8.54
2026-03-04 13:30:00,0.37729261,0.4203883,8.64,8.5
2026-03-04 13:35:00,0.3773314,0.4207762,8.6,8.46
2026-03-04 13:40:00,0.3773314,0.42062104,8.6,8.4
2026-03-04 13:45:00,0.37721503,0.42069862,8.5,8.38
2026-03-04 13:50:00,0.3773314,0.42058225,8.5,8.3
2026-03-04 13:55:00,0.37713745,0.4207762,8.46,8.3
2026-03-04 14:00:00,0.37709866,0.42089257,8.4,8.22
2026-03-04 14:05:00,0.37702108,0.42065983,8.4,8.2
2026-03-04 14:10:00,0.37702108,0.42073741,8.34,8.16
2026-03-04 14:15:00,0.37713745,0.42058225,8.3,8.1
2026-03-04 14:20:00,0.3769435,0.42093136,8.3,8.06
2026-03-04 14:25:00,0.37674955,0.4207762,8.22,8.0
2026-03-04 14:30:00,0.37674955,0.42085378,8.2,8.0
2026-03-04 14:35:00,0.37643923,0.42108652,8.2,7.9
2026-03-04 14:40:00,0.37628407,0.42104773,8.1,7.9
2026-03-04 14:45:00,0.37667197,0.42112531,8.1,7.86
2026-03-04 14:50:00,0.37686592,0.42093136,8.08,7.8
2026-03-04 14:55:00,0.37663318,0.42108652,8.0,7.8
2026-03-04 15:00:00,0.37636165,0.42108652,8.0,7.7
2026-03-04 15:05:00,0.37636165,0.42100894,7.96,7.7
2026-03-04 15:10:00,0.37605133,0.42104773,7.9,7.68
2026-03-04 15:15:00,0.3757798,0.42108652,7.9,7.6
2026-03-04 15:20:00,0.37554706,0.42128047,7.88,7.6
2026-03-04 15:25:00,0.37550827,0.42097015,7.8,7.52
2026-03-04 15:30:00,0.37523674,0.4211641,7.8,7.5
2026-03-04 15:35:00,0.37496521,0.42139684,7.78,7.48
2026-03-04 15:40:00,0.37477126,0.42143563,7.7,7.4
2026-03-04 15:45:00,0.37453852,0.4211641,7.7,7.4
2026-03-04 15:50:00,0.37442215,0.42131926,7.68,7.38
2026-03-04 15:55:00,0.37418941,0.42104773,7.6,7.3
2026-03-04 16:00:00,0.37407304,0.42147442,7.6,7.3
2026-03-04 16:05:00,0.37395667,0.42143563,7.58,7.26
2026-03-04 16:10:00,0.37372393,0.42108652,7.5,7.2
2026-03-04 16:15:00,0.37352998,0.42139684,7.5,7.2
2026-03-04 16:20:00,0.37337482,0.42135805,7.5,7.16
2026-03-04 16:25:00,0.37318087,0.4211641,7.4,7.1
2026-03-04 16:30:00,0.37298692,0.421552,7.4,7.1
2026-03-04 16:35:00,0.37298692,0.42131926,7.4,7.02
2026-03-04 16:40:00,0.37294813,0.42143563,7.34,7.0
2026-03-04 16:45:00,0.37240507,0.42139684,7.3,7.0
2026-03-04 16:50:00,0.3722887,0.42139684,7.3,6.92
2026-03-04 16:55:00,0.37213354,0.42147442,7.3,6.9
2026-03-04 17:00:00,0.37186201,0.42151321,7.2,6.9
2026-03-04 17:05:00,0.37174564,0.42147442,7.2,6.82
2026-03-04 17:10:00,0.37162927,0.42139684,7.2,6.8
2026-03-04 17:15:00,0.37135774,0.421552,7.16,6.8
2026-03-04 17:20:00,0.37120258,0.421552,7.1,6.72
2026-03-04 17:25:00,0.37116379,0.42128047,7.1,6.7
2026-03-04 17:30:00,0.37089226,0.42166837,7.08,6.7
2026-03-04 17:35:00,0.3707371,0.42162958,7.0,6.62
2026-03-04 17:40:00,0.37062073,0.42159079,7.0,6.6
2026-03-04 17:45:00,0.37062073,0.42178474,7.0,6.6
2026-03-04 17:50:00,0.37062073,0.42162958,6.92,6.52
2026-03-04 17:55:00,0.3703492,0.42190111,6.9,6.5
2026-03-04 18:00:00,0.37019404,0.42186232,6.9,6.5
2026-03-04 18:05:00,0.37003888,0.42190111,6.9,6.46
2026-03-04 18:10:00,0.37000009,0.42197869,6.8,6.4
2026-03-04 18:15:00,0.36992251,0.42190111,6.8,6.4
2026-03-04 18:20:00,0.36992251,0.42217264,6.8,6.4
2026-03-04 18:25:00,0.36968977,0.42186232,6.78,6.3
2026-03-04 18:30:00,0.36941824,0.42197869,6.7,6.3
2026-03-04 18:35:00,0.36930187,0.42178474,6.7,6.3
2026-03-04 18:40:00,0.36937945,0.42213385,6.7,6.2
2026-03-04 18:45:00,0.36934066,0.42174595,6.64,6.2
2026-03-04 18:50:00,0.36906913,0.42225022,6.6,6.2
2026-03-04 18:55:00,0.36895276,0.42217264,6.6,6.12
2026-03-04 19:00:00,0.36891397,0.42178474,6.6,6.1
2026-03-04 19:05:00,0.36872002,0.42213385,6.52,6.1
2026-03-04 19:10:00,0.36868123,0.42217264,6.5,6.06
2026-03-04 19:15:00,0.36852607,0.4219399,6.5,6.0
2026-03-04 19:20:00,0.36848728,0.4219399,6.5,6.0
2026-03-04 19:25:00,0.36860365,0.42197869,6.42,6.0
2026-03-04 19:30:00,0.36833212,0.42248296,6.4,5.92
2026-03-04 19:35:00,0.3684097,0.42174595,6.4,5.9
2026-03-04 19:40:00,0.36837091,0.42225022,6.4,5.9
2026-03-04 19:45:00,0.3684097,0.42201748,6.34,5.86
2026-03-04 19:50:00,0.36798301,0.42240538,6.3,5.8
2026-03-04 19:55:00,0.36821575,0.42213385,6.3,5.8
2026-03-04 20:00:00,0.36825454,0.42205627,6.3,5.8
2026-03-04 20:05:00,0.36813817,0.42213385,6.26,5.7
2026-03-04 20:10:00,0.36829333,0.42240538,6.2,5.7
2026-03-04 20:15:00,0.36798301,0.42201748,6.2,5.7
2026-03-04 20:20:00,0.3680218,0.42217264,6.2,5.7
2026-03-04 20:25:00,0.3680218,0.42209506,6.18,5.6
2026-03-04 20:30:00,0.36806059,0.42213385,6.1,5.6
2026-03-04 20:35:00,0.36817696,0.4219399,6.1,5.6
2026-03-04 20:40:00,0.36833212,0.42213385,6.1,5.6
2026-03-04 20:45:00,0.36798301,0.42209506,6.1,5.52
2026-03-04 20:50:00,0.36817696,0.42221143,6.0,5.5
2026-03-04 20:55:00,0.36798301,0.42248296,6.0,5.5
2026-03-04 21:00:00,0.36782785,0.42201748,6.0,5.5
2026-03-04 21:05:00,0.36775027,0.4223278,6.0,5.42
2026-03-04 21:10:00,0.36786664,0.42221143,6.0,5.4
2026-03-04 21:15:00,0.36790543,0.42209506,5.9,5.4
2026-03-04 21:20:00,0.36778906,0.42225022,5.9,5.4
2026-03-04 21:25:00,0.3676339,0.42221143,5.9,5.34
2026-03-04 21:30:00,0.36740116,0.42252175,5.9,5.3
2026-03-04 21:35:00,0.36786664,0.42217264,5.86,5.3
2026-03-04 21:40:00,0.36728479,0.42213385,5.8,5.3
2026-03-04 21:45:00,0.36747874,0.42221143,5.8,5.3
2026-03-04 21:50:00,0.36736237,0.42252175,5.8,5.2
2026-03-04 21:55:00,0.36716842,0.42221143,5.8,5.2
2026-03-04 22:00:00,0.36705205,0.42256054,5.74,5.2
2026-03-04 22:05:00,0.36701326,0.42225022,5.7,5.2
2026-03-04 22:10:00,0.367246,0.42244417,5.7,5.2
2026-03-04 22:15:00,0.367246,0.42201748,5.7,5.12
2026-03-04 22:20:00,0.36681931,0.42228901,5.7,5.1
2026-03-04 22:25:00,0.36709084,0.42240538,5.7,5.1
2026-03-04 22:30:00,0.36639262,0.42240538,5.6,5.1
2026-03-04 22:35:00,0.36666415,0.42244417,5.6,5.1
2026-03-04 22:40:00,0.36615988,0.42209506,5.6,5.04
2026-03-04 22:45:00,0.36627625,0.42244417,5.6,5.0
2026-03-04 22:50:00,0.36604351,0.42228901,5.6,5.0
2026-03-04 22:55:00,0.36631504,0.42263812,5.6,5.0
2026-03-04 23:00:00,0.36596593,0.42240538,5.52,5.0
2026-03-04 23:05:00,0.36584956,0.42275449,5.5,5.0
2026-03-04 23:10:00,0.36600472,0.42225022,5.5,5.0
2026-03-04 23:15:00,0.36588835,0.42225022,5.5,5.0
2026-03-04 23:20:00,0.36557803,0.42252175,5.5,5.0
2026-03-04 23:25:00,0.36550045,0.42225022,5.5,5.0
2026-03-04 23:30:00,0.36588835,0.42240538,5.5,5.0
2026-03-04 23:35:00,0.3656944,0.42217264,5.5,5.0
2026-03-04 23:40:00,0.36565561,0.4223278,5.5,5.0
2026-03-04 23:45:00,0.36557803,0.42209506,5.5,5.04
2026-03-04 23:50:00,0.36550045,0.42225022,5.5,5.1
2026-03-04 23:55:00,0.36522892,0.42205627,5.5,5.1
2026-03-05 00:00:00,0.36538408,0.42244417,5.5,5.1
2026-03-05 00:05:00,0.36534529,0.42225022,5.5,5.18
2026-03-05 00:10:00,0.3653065,0.42236659,5.56,5.2
2026-03-05 00:15:00,0.36550045,0.4223278,5.6,5.26
2026-03-05 00:20:00,0.36534529,0.42205627,5.6,5.3
2026-03-05 00:25:00,0.36507376,0.42217264,5.6,5.36
2026-03-05 00:30:00,0.36519013,0.42209506,5.66,5.4
2026-03-05 00:35:00,0.36522892,0.42236659,5.7,5.5
2026-03-05 00:40:00,0.36511255,0.42197869,5.7,5.58
2026-03-05 00:45:00,0.36495739,0.42209506,5.8,5.64
2026-03-05 00:50:00,0.36487981,0.42201748,5.8,5.72
2026-03-05 00:55:00,0.36476344,0.42201748,5.9,5.82
2026-03-05 01:00:00,0.36464707,0.421552,5.92,5.92
2026-03-05 01:05:00,0.36445312,0.42166837,6.0,6.02
2026-03-05 01:10:00,0.36476344,0.42178474,6.06,6.14
2026-03-05 01:15:00,0.3645307,0.42151321,6.12,6.26
2026-03-05 01:20:00,0.36429796,0.42139684,6.2,6.36
2026-03-05 01:25:00,0.36422038,0.42143563,6.28,6.48
2026-03-05 01:30:00,0.36437554,0.42139684,6.36,6.62
2026-03-05 01:35:00,0.36418159,0.42120289,6.44,6.74
2026-03-05 01:40:00,0.36398764,0.42081499,6.52,6.86
2026-03-05 01:45:00,0.36379369,0.42097015,6.6,6.98
2026-03-05 01:50:00,0.36379369,0.42097015,6.7,7.14
2026-03-05 01:55:00,0.36387127,0.42085378,6.8,7.26
2026-03-05 02:00:00,0.36359974,0.42081499,6.88,7.38
2026-03-05 02:05:00,0.36352216,0.42065983,6.98,7.54
2026-03-05 02:10:00,0.363367,0.42069862,7.08,7.68
2026-03-05 02:15:00,0.36328942,0.42007798,7.18,7.84
2026-03-05 02:20:00,0.36313426,0.42023314,7.28,7.96
2026-03-05 02:25:00,0.36305668,0.41984524,7.38,8.12
2026-03-05 02:30:00,0.36286273,0.41957371,7.48,8.26
2026-03-05 02:35:00,0.36278515,0.41969008,7.58,8.4
2026-03-05 02:40:00,0.3625912,0.41930218,7.7,8.56
2026-03-05 02:45:00,0.36251362,0.41949613,7.8,8.7
2026-03-05 02:50:00,0.36251362,0.41930218,7.9,8.84
2026-03-05 02:55:00,0.36235846,0.41926339,8.0,8.98
2026-03-05 03:00:00,0.3622033,0.41903065,8.12,9.12
2026-03-05 03:05:00,0.36212572,0.41926339,8.22,9.26
2026-03-05 03:10:00,0.36197056,0.41895307,8.32,9.38
2026-03-05 03:15:00,0.36177661,0.41879791,8.42,9.54
2026-03-05 03:20:00,0.36169903,0.41860396,8.52,9.66
2026-03-05 03:25:00,0.36158266,0.41879791,8.6,9.78
2026-03-05 03:30:00,0.3614275,0.41860396,8.7,9.92
2026-03-05 03:35:00,0.36134992,0.4184488,8.8,10.04
2026-03-05 03:40:00,0.36111718,0.41802211,8.9,10.14
2026-03-05 03:45:00,0.36115597,0.41771179,9.0,10.22
2026-03-05 03:50:00,0.36100081,0.41790574,9.08,10.32
2026-03-05 03:55:00,0.36088444,0.41802211,9.16,10.4
2026-03-05 04:00:00,0.36072928,0.41790574,9.24,10.48
2026-03-05 04:05:00,0.36069049,0.41747905,9.32,10.54
2026-03-05 04:10:00,0.3606517,0.41732389,9.4,10.6
2026-03-05 04:15:00,0.36049654,0.41736268,9.48,10.68
2026-03-05 04:20:00,0.36045775,0.417673,9.52,10.7
2026-03-05 04:25:00,0.3602638,0.41701357,9.6,10.8
2026-03-05 04:30:00,0.36018622,0.41724631,9.66,10.82
2026-03-05 04:35:00,0.36006985,0.41701357,9.7,10.9
2026-03-05 04:40:00,0.36006985,0.41681962,9.78,10.9
2026-03-05 04:45:00,0.35995348,0.41678083,9.8,10.92
2026-03-05 04:50:00,0.35983711,0.41670325,9.88,11.0
2026-03-05 04:55:00,0.35979832,0.41639293,9.9,11.0
2026-03-05 05:00:00,0.35968195,0.41654809,9.94,11.0
2026-03-05 05:05:00,0.35964316,0.41678083,10.0,11.0
2026-03-05 05:10:00,0.35964316,0.41662567,10.0,11.0
2026-03-05 05:15:00,0.35941042,0.41647051,10.06,11.0
2026-03-05 05:20:00,0.359488,0.41662567,10.1,11.0
2026-03-05 05:25:00,0.35941042,0.41635414,10.1,11.0
2026-03-05 05:30:00,0.35941042,0.41647051,10.1,11.0
2026-03-05 05:35:00,0.35925526,0.41616019,10.16,11.0
2026-03-05 05:40:00,0.35913889,0.41639293,10.2,11.0
2026-03-05 05:45:00,0.35906131,0.4161214,10.2,11.0
2026-03-05 05:50:00,0.35906131,0.41627656,10.2,11.0
2026-03-05 05:55:00,0.35902252,0.41616019,10.2,11.0
2026-03-05 06:00:00,0.35851825,0.41619898,10.2,11.0
2026-03-05 06:05:00,0.3579364,0.41623777,10.2,11.0
2026-03-05 06:10:00,0.35785882,0.4161214,10.2,11.0
2026-03-05 06:15:00,0.35778124,0.41623777,10.3,11.0
2026-03-05 06:20:00,0.35762608,0.41600503,10.3,11.0
2026-03-05 06:25:00,0.35750971,0.41619898,10.3,11.0
2026-03-05 06:30:00,0.35739334,0.41600503,10.3,11.0
2026-03-05 06:35:00,0.35731576,0.41627656,10.3,11.0
2026-03-05 06:40:00,0.35723818,0.41581108,10.3,11.0
2026-03-05 06:45:00,0.35719939,0.41561713,10.3,11.0
2026-03-05 06:50:00,0.35712181,0.41581108,10.3,11.0
2026-03-05 06:55:00,0.35692786,0.41557834,10.34,11.06
2026-03-05 07:00:00,0.35681149,0.41569471,10.4,11.1
2026-03-05 07:05:00,0.35685028,0.41561713,10.4,11.1
2026-03-05 07:10:00,0.35669512,0.41546197,10.4,11.1
2026-03-05 07:15:00,0.35669512,0.4153456,10.4,11.1
2026-03-05 07:20:00,0.35661754,0.41561713,10.4,11.1
2026-03-05 07:25:00,0.35650117,0.41550076,10.4,11.1
2026-03-05 07:30:00,0.35642359,0.41581108,10.4,11.1
2026-03-05 07:35:00,0.35646238,0.41569471,10.5,11.1
2026-03-05 07:40:00,0.35630722,0.41542318,10.5,11.1
2026-03-05 07:45:00,0.35619085,0.41538439,10.5,11.1
2026-03-05 07:50:00,0.35619085,0.41546197,10.5,11.1
2026-03-05 07:55:00,0.35615206,0.41522923,10.5,11.1
2026-03-05 08:00:00,0.35615206,0.41553955,10.5,11.1
2026-03-05 08:05:00,0.35588053,0.41519044,10.5,11.1
2026-03-05 08:10:00,0.35591932,0.41515165,10.5,11.1
2026-03-05 08:15:00,0.35576416,0.41519044,10.5,11.0
2026-03-05 08:20:00,0.35576416,0.41538439,10.5,11.0
2026-03-05 08:25:00,0.35557021,0.4153456,10.5,11.0
2026-03-05 08:30:00,0.35568658,0.41530681,10.42,11.0
2026-03-05 08:35:00,0.35553142,0.41546197,10.4,10.94
2026-03-05 08:40:00,0.355609,0.41511286,10.4,10.9
2026-03-05 08:45:00,0.35549263,0.41530681,10.4,10.9
2026-03-05 08:50:00,0.35553142,0.41522923,10.4,10.9
2026-03-05 08:55:00,0.35545384,0.41515165,10.4,10.82
2026-03-05 09:00:00,0.35549263,0.41526802,10.4,10.8
2026-03-05 09:05:00,0.35533747,0.41557834,10.38,10.8
2026-03-05 09:10:00,0.35529868,0.4157335,10.3,10.76
2026-03-05 09:15:00,0.35525989,0.41526802,10.3,10.7
2026-03-05 09:20:00,0.35533747,0.41561713,10.3,10.7
2026-03-05 09:25:00,0.3552211,0.41546197,10.3,10.68
2026-03-05 09:30:00,0.35525989,0.41546197,10.3,10.6
2026-03-05 09:35:00,0.35529868,0.41542318,10.22,10.6
2026-03-05 09:40:00,0.3552211,0.4153456,10.2,10.6
2026-03-05 09:45:00,0.3552211,0.41569471,10.2,10.5
2026-03-05 09:50:00,0.35518231,0.41588866,10.2,10.5
2026-03-05 09:55:00,0.35525989,0.41546197,10.2,10.5
2026-03-05 10:00:00,0.35529868,0.4157335,10.14,10.42
2026-03-05 10:05:00,0.3552211,0.41592745,10.1,10.4
2026-03-05 10:10:00,0.35525989,0.41565592,10.1,10.4
2026-03-05 10:15:00,0.35537626,0.41561713,10.1,10.36
2026-03-05 10:20:00,0.35525989,0.41581108,10.1,10.3
2026-03-05 10:25:00,0.35525989,0.41592745,10.02,10.3
2026-03-05 10:30:00,0.35533747,0.4157335,10.0,10.3
2026-03-05 10:35:00,0.3552211,0.4161214,10.0,10.2
2026-03-05 10:40:00,0.35533747,0.41600503,10.0,10.2
2026-03-05 10:45:00,0.35529868,0.41616019,10.0,10.2
2026-03-05 10:50:00,0.35529868,0.41627656,9.9,10.16
2026-03-05 10:55:00,0.35537626,0.41658688,9.9,10.1
2026-03-05 11:00:00,0.35529868,0.41616019,9.9,10.1
2026-03-05 11:05:00,0.35545384,0.41654809,9.9,10.08
2026-03-05 11:10:00,0.35529868,0.41608261,9.82,10.0
2026-03-05 11:15:00,0.35537626,0.4165093,9.8,10.0
2026-03-05 11:20:00,0.35533747,0.41608261,9.8,10.0
2026-03-05 11:25:00,0.35549263,0.41627656,9.8,9.9
2026-03-05 11:30:00,0.35545384,0.41662567,9.72,9.9
2026-03-05 11:35:00,0.35553142,0.41631535,9.7,9.88
2026-03-05 11:40:00,0.35545384,0.41623777,9.7,9.8
2026-03-05 11:45:00,0.35553142,0.41674204,9.7,9.8
2026-03-05 11:50:00,0.355609,0.41658688,9.64,9.78
2026-03-05 11:55:00,0.355609,0.41654809,9.6,9.7
2026-03-05 12:00:00,0.35572537,0.4165093,9.6,9.7
2026-03-05 12:05:00,0.35572537,0.41674204,9.6,9.7
2026-03-05 12:10:00,0.35576416,0.41678083,9.58,9.62
2026-03-05 12:15:00,0.35584174,0.41678083,9.5,9.6
2026-03-05 12:20:00,0.35595811,0.41705236,9.5,9.6
2026-03-05 12:25:00,0.35603569,0.41693599,9.5,9.58
2026-03-05 12:30:00,0.35619085,0.41705236,9.5,9.5
2026-03-05 12:35:00,0.35630722,0.41744026,9.42,9.5
2026-03-05 12:40:00,0.35626843,0.4172851,9.4,9.5
2026-03-05 12:45:00,0.35626843,0.41759542,9.4,9.44
2026-03-05 12:50:00,0.35642359,0.41778937,9.4,9.4
2026-03-05 12:55:00,0.3563848,0.41782816,9.38,9.4
2026-03-05 13:00:00,0.35657875,0.41755663,9.3,9.4
2026-03-05 13:05:00,0.35673391,0.41782816,9.3,9.34
2026-03-05 13:10:00,0.35688907,0.41802211,9.3,9.3
2026-03-05 13:15:00,0.35719939,0.41798332,9.3,9.3
2026-03-05 13:20:00,0.35750971,0.41841001,9.3,9.3
2026-03-05 13:25:00,0.35770366,0.41891428,9.2,9.26
2026-03-05 13:30:00,0.3579364,0.4188367,9.2,9.2
2026-03-05 13:35:00,0.35809156,0.41930218,9.2,9.2
2026-03-05 13:40:00,0.35824672,0.41953492,9.2,9.2
2026-03-05 13:45:00,0.35844067,0.4196125,9.18,9.16
2026-03-05 13:50:00,0.35855704,0.41972887,9.1,9.1
2026-03-05 13:55:00,0.35875099,0.41957371,9.1,9.1
2026-03-05 14:00:00,0.35898373,0.41980645,9.1,9.1
2026-03-05 14:05:00,0.35933284,0.42007798,9.1,9.1
2026-03-05 14:10:00,0.35944921,0.42011677,9.1,9.0
2026-03-05 14:15:00,0.35979832,0.42003919,9.0,9.0
2026-03-05 14:20:00,0.36010864,0.42023314,9.0,9.0
2026-03-05 14:25:00,0.36072928,0.42069862,9.0,9.0
2026-03-05 14:30:00,0.3622033,0.42131926,9.0,8.92
2026-03-05 14:35:00,0.36922429,0.42081499,9.0,8.9
2026-03-05 14:40:00,0.37325845,0.42236659,8.94,8.9
2026-03-05 14:45:00,0.37387909,0.42457762,8.9,8.9
2026-03-05 14:50:00,0.37411183,0.42484915,8.9,8.86
2026-03-05 14:55:00,0.37550827,0.42616801,8.9,8.8
2026-03-05 15:00:00,0.3812104,0.42624559,8.9,8.8
2026-03-05 15:05:00,0.39075274,0.42647833,8.9,8.8
2026-03-05 15:10:00,0.39897622,0.42667228,8.8,8.8
2026-03-05 15:15:00,0.40704454,0.42694381,8.8,8.76
2026-03-05 15:20:00,0.40727728,0.42671107,8.72,8.7
2026-03-05 15:25:00,0.40735486,0.42706018,8.7,8.7
2026-03-05 15:30:00,0.40747123,0.42678865,8.6,8.7
2026-03-05 15:35:00,0.4075876,0.42702139,8.6,8.7
2026-03-05 15:40:00,0.4075876,0.42725413,8.6,8.62
2026-03-05 15:45:00,0.40762639,0.42729292,8.6,8.6
2026-03-05 15:50:00,0.40762639,0.42740929,8.6,8.6
2026-03-05 15:55:00,0.40766518,0.4273705,8.6,8.6
2026-03-05 16:00:00,0.40774276,0.42760324,8.6,8.52
2026-03-05 16:05:00,0.40782034,0.42717655,8.6,8.5
2026-03-05 16:10:00,0.40782034,0.42760324,8.5,8.5
2026-03-05 16:15:00,0.4079755,0.42764203,8.5,8.5
2026-03-05 16:20:00,0.40789792,0.42752566,8.5,8.46
2026-03-05 16:25:00,0.40793671,0.42756445,8.5,8.4
2026-03-05 16:30:00,0.40793671,0.42733171,8.5,8.4
2026-03-05 16:35:00,0.4079755,0.42810751,8.5,8.4
2026-03-05 16:40:00,0.4079755,0.4277584,8.42,8.4
2026-03-05 16:45:00,0.40801429,0.42740929,8.4,8.3
2026-03-05 16:50:00,0.40816945,0.42799114,8.4,8.3
2026-03-05 16:55:00,0.40813066,0.42787477,8.4,8.3
2026-03-05 17:00:00,0.40820824,0.42764203,8.36,8.3
2026-03-05 17:05:00,0.40813066,0.42783598,8.3,8.24
2026-03-05 17:10:00,0.40816945,0.42791356,8.3,8.2
2026-03-05 17:15:00,0.40828582,0.42826267,8.3,8.2
2026-03-05 17:20:00,0.40828582,0.42783598,8.3,8.2
2026-03-05 17:25:00,0.40832461,0.42806872,8.3,8.18
2026-03-05 17:30:00,0.40840219,0.42841783,8.3,8.1
2026-03-05 17:35:00,0.4083634,0.42818509,8.3,8.1
2026-03-05 17:40:00,0.4083634,0.42802993,8.3,8.1
2026-03-05 17:45:00,0.40840219,0.42868936,8.2,8.08
2026-03-05 17:50:00,0.40844098,0.42830146,8.2,8.0
2026-03-05 17:55:00,0.40855735,0.42810751,8.2,8.0
2026-03-05 18:00:00,0.40863493,0.42872815,8.2,8.0
2026-03-05 18:05:00,0.40859614,0.42841783,8.2,8.0
2026-03-05 18:10:00,0.40859614,0.42845662,8.2,7.92
2026-03-05 18:15:00,0.40844098,0.42888331,8.2,7.9
2026-03-05 18:20:00,0.40851856,0.42876694,8.2,7.9
2026-03-05 18:25:00,0.40859614,0.42880573,8.16,7.9
2026-03-05 18:30:00,0.40855735,0.4289221,8.1,7.9
2026-03-05 18:35:00,0.40847977,0.42841783,8.1,7.8
2026-03-05 18:40:00,0.40855735,0.42888331,8.1,7.8
2026-03-05 18:45:00,0.40859614,0.42857299,8.1,7.8
2026-03-05 18:50:00,0.40847977,0.42861178,8.1,7.8
2026-03-05 18:55:00,0.40859614,0.42865057,8.02,7.78
2026-03-05 19:00:00,0.40851856,0.42880573,8.0,7.7
2026-03-05 19:05:00,0.40855735,0.42880573,8.0,7.7
2026-03-05 19:10:00,0.40859614,0.42876694,8.0,7.7
2026-03-05 19:15:00,0.40851856,0.42896089,8.0,7.7
2026-03-05 19:20:00,0.40859614,0.42888331,7.96,7.7
2026-03-05 19:25:00,0.40867372,0.42899968,7.9,7.62
2026-03-05 19:30:00,0.40867372,0.42915484,7.9,7.6
2026-03-05 19:35:00,0.40855735,0.42903847,7.9,7.6
2026-03-05 19:40:00,0.40863493,0.42927121,7.9,7.6
2026-03-05 19:45:00,0.4087513,0.42907726,7.9,7.54
2026-03-05 19:50:00,0.4087513,0.4289221,7.82,7.5
2026-03-05 19:55:00,0.40879009,0.42903847,7.8,7.5
2026-03-05 20:00:00,0.40879009,0.42946516,7.8,7.5
2026-03-05 20:05:00,0.40882888,0.42907726,7.8,7.44
2026-03-05 20:10:00,0.40879009,0.42907726,7.8,7.4
2026-03-05 20:15:00,0.40882888,0.42934879,7.7,7.4
2026-03-05 20:20:00,0.40890646,0.42934879,7.7,7.4
2026-03-05 20:25:00,0.40894525,0.42938758,7.7,7.3
2026-03-05 20:30:00,0.40890646,0.42946516,7.7,7.3
2026-03-05 20:35:00,0.40890646,0.42942637,7.62,7.3
2026-03-05 20:40:00,0.40894525,0.42934879,7.6,7.26
2026-03-05 20:45:00,0.40894525,0.42985306,7.6,7.2
2026-03-05 20:50:00,0.40898404,0.4296979,7.58,7.2
2026-03-05 20:55:00,0.40925557,0.42962032,7.5,7.18
2026-03-05 21:00:00,0.40906162,0.42981427,7.5,7.1
2026-03-05 21:05:00,0.4091392,0.42977548,7.5,7.1
2026-03-05 21:10:00,0.40910041,0.42985306,7.46,7.06
2026-03-05 21:15:00,0.40917799,0.42934879,7.4,7.0
2026-03-05 21:20:00,0.40921678,0.42981427,7.4,7.0
2026-03-05 21:25:00,0.40929436,0.42946516,7.4,6.98
2026-03-05 21:30:00,0.40941073,0.42977548,7.34,6.9
2026-03-05 21:35:00,0.40941073,0.42993064,7.3,6.9
2026-03-05 21:40:00,0.40941073,0.4296979,7.3,6.9
2026-03-05 21:45:00,0.40941073,0.42973669,7.3,6.82
2026-03-05 21:50:00,0.4095271,0.42965911,7.22,6.8
2026-03-05 21:55:00,0.4095271,0.42981427,7.2,6.8
2026-03-05 22:00:00,0.40956589,0.42985306,7.2,6.74
2026-03-05 22:05:00,0.40968226,0.4300858,7.2,6.7
2026-03-05 22:10:00,0.40964347,0.42985306,7.12,6.7
2026-03-05 22:15:00,0.40956589,0.42985306,7.1,6.66
2026-03-05 22:20:00,0.40956589,0.42977548,7.1,6.6
2026-03-05 22:25:00,0.40972105,0.43035733,7.08,6.6
2026-03-05 22:30:00,0.40964347,0.42996943,7.0,6.6
2026-03-05 22:35:00,0.40972105,0.42989185,7.0,6.56
2026-03-05 22:40:00,0.40972105,0.43020217,7.0,6.5
2026-03-05 22:45:00,0.40987621,0.43024096,7.0,6.5
2026-03-05 22:50:00,0.40983742,0.42993064,6.9,6.5
2026-03-05 22:55:00,0.40979863,0.43024096,6.9,6.5
2026-03-05 23:00:00,0.409915,0.43043491,6.9,6.5
2026-03-05 23:05:00,0.409915,0.4300858,6.9,6.4
2026-03-05 23:10:00,0.40983742,0.43004701,6.9,6.4
2026-03-05 23:15:00,0.409915,0.42981427,6.84,6.4
2026-03-05 23:20:00,0.40995379,0.43074523,6.8,6.4
2026-03-05 23:25:00,0.409915,0.4304737,6.8,6.4
2026-03-05 23:30:00,0.40999258,0.43004701,6.8,6.4
2026-03-05 23:35:00,0.40995379,0.43039612,6.8,6.4
2026-03-05 23:40:00,0.41003137,0.43031854,6.8,6.4
2026-03-05 23:45:00,0.41007016,0.43016338,6.8,6.4
2026-03-05 23:50:00,0.41010895,0.42996943,6.8,6.4
2026-03-05 23:55:00,0.41010895,0.43027975,6.8,6.4
2026-03-06 00:00:00,0.41010895,0.43016338,6.8,6.4
2026-03-06 00:05:00,0.40995379,0.43039612,6.8,6.4
2026-03-06 00:10:00,0.40999258,0.43012459,6.8,6.46
2026-03-06 00:15:00,0.41010895,0.43043491,6.8,6.5
2026-03-06 00:20:00,0.41007016,0.43027975,6.8,6.5
2026-03-06 00:25:00,0.409915,0.43020217,6.8,6.5
2026-03-06 00:30:00,0.40995379,0.43004701,6.8,6.5
2026-03-06 00:35:00,0.40999258,0.43016338,6.8,6.6
2026-03-06 00:40:00,0.41007016,0.4300858,6.8,6.6
2026-03-06 00:45:00,0.409915,0.43020217,6.8,6.6
2026-03-06 00:50:00,0.40987621,0.43027975,6.8,6.68
2026-03-06 00:55:00,0.40995379,0.42965911,6.82,6.7
2026-03-06 01:00:00,0.40987621,0.42985306,6.9,6.74
2026-03-06 01:05:00,0.409915,0.42973669,6.9,6.8
2026-03-06 01:10:00,0.40987621,0.42985306,6.9,6.8
2026-03-06 01:15:00,0.40983742,0.4296979,6.9,6.86
2026-03-06 01:20:00,0.40972105,0.42993064,6.96,6.9
2026-03-06 01:25:00,0.40972105,0.43000822,7.0,6.92
2026-03-06 01:30:00,0.40968226,0.42962032,7.0,7.0
2026-03-06 01:35:00,0.40972105,0.42993064,7.0,7.02
2026-03-06 01:40:00,0.40964347,0.42958153,7.1,7.1
2026-03-06 01:45:00,0.40960468,0.42950395,7.1,7.14
2026-03-06 01:50:00,0.40956589,0.42954274,7.1,7.2
2026-03-06 01:55:00,0.40956589,0.42915484,7.2,7.28
2026-03-06 02:00:00,0.40948831,0.42911605,7.2,7.32
2026-03-06 02:05:00,0.4095271,0.42950395,7.24,7.4
2026-03-06 02:10:00,0.40944952,0.42934879,7.3,7.46
2026-03-06 02:15:00,0.40948831,0.42923242,7.3,7.52
2026-03-06 02:20:00,0.40941073,0.42927121,7.4,7.6
2026-03-06 02:25:00,0.40944952,0.42931,7.4,7.68
2026-03-06 02:30:00,0.40933315,0.42888331,7.48,7.74
2026-03-06 02:35:00,0.40941073,0.42880573,7.5,7.8
2026-03-06 02:40:00,0.40925557,0.42880573,7.58,7.9
2026-03-06 02:45:00,0.40925557,0.42849541,7.6,7.94
2026-03-06 02:50:00,0.40925557,0.42841783,7.7,8.0
2026-03-06 02:55:00,0.40917799,0.4285342,7.7,8.06
2026-03-06 03:00:00,0.40925557,0.42834025,7.78,8.1
2026-03-06 03:05:00,0.40921678,0.42857299,7.8,8.14
2026-03-06 03:10:00,0.40925557,0.42857299,7.86,8.2
2026-03-06 03:15:00,0.40921678,0.42849541,7.9,8.2
2026-03-06 03:20:00,0.40917799,0.4285342,7.9,8.2
2026-03-06 03:25:00,0.40917799,0.42830146,7.98,8.24
2026-03-06 03:30:00,0.4091392,0.42837904,8.0,8.3
2026-03-06 03:35:00,0.40917799,0.4285342,8.0,8.3
2026-03-06 03:40:00,0.40910041,0.42826267,8.06,8.3
2026-03-06 03:45:00,0.40917799,0.42799114,8.1,8.3
2026-03-06 03:50:00,0.40910041,0.42834025,8.1,8.4
2026-03-06 03:55:00,0.40906162,0.42799114,8.1,8.4
2026-03-06 04:00:00,0.40917799,0.42826267,8.18,8.4
2026-03-06 04:05:00,0.40917799,0.42791356,8.2,8.4
2026-03-06 04:10:00,0.40917799,0.42837904,8.2,8.5
2026-03-06 04:15:00,0.40910041,0.4281463,8.2,8.5
2026-03-06 04:20:00,0.4091392,0.42830146,8.26,8.5
2026-03-06 04:25:00,0.40933315,0.42791356,8.3,8.52
2026-03-06 04:30:00,0.40944952,0.42756445,8.3,8.6
2026-03-06 04:35:00,0.40937194,0.42748687,8.3,8.6
2026-03-06 04:40:00,0.40941073,0.42783598,8.36,8.6
2026-03-06 04:45:00,0.40937194,0.42779719,8.4,8.7
2026-03-06 04:50:00,0.40941073,0.42806872,8.4,8.7
2026-03-06 04:55:00,0.40944952,0.42783598,8.4,8.7
2026-03-06 05:00:00,0.4095271,0.42768082,8.46,8.8
2026-03-06 05:05:00,0.40937194,0.42771961,8.5,8.8
2026-03-06 05:10:00,0.40948831,0.42771961,8.5,8.84
2026-03-06 05:15:00,0.4095271,0.42783598,8.52,8.9
2026-03-06 05:20:00,0.40956589,0.42733171,8.6,8.96
2026-03-06 05:25:00,0.40948831,0.42752566,8.6,9.0
2026-03-06 05:30:00,0.40948831,0.42748687,8.62,9.1
2026-03-06 05:35:00,0.40948831,0.42752566,8.7,9.12
2026-03-06 05:40:00,0.40944952,0.42721534,8.7,9.2
2026-03-06 05:45:00,0.40933315,0.42733171,8.74,9.22
2026-03-06 05:50:00,0.40948831,0.42740929,8.8,9.3
2026-03-06 05:55:00,0.40948831,0.42709897,8.8,9.3
2026-03-06 06:00:00,0.40944952,0.42709897,8.84,9.38
2026-03-06 06:05:00,0.4095271,0.42682744,8.9,9.4
2026-03-06 06:10:00,0.4095271,0.42690502,8.9,9.42
2026-03-06 06:15:00,0.40956589,0.42671107,8.92,9.5
2026-03-06 06:20:00,0.40960468,0.42686623,9.0,9.5
2026-03-06 06:25:00,0.40975984,0.4269826,9.0,9.5
2026-03-06 06:30:00,0.40968226,0.42663349,9.0,9.6
2026-03-06 06:35:00,0.40972105,0.42678865,9.06,9.6
2026-03-06 06:40:00,0.40968226,0.4265947,9.1,9.6
2026-03-06 06:45:00,0.40972105,0.42674986,9.1,9.6
2026-03-06 06:50:00,0.40979863,0.42655591,9.1,9.68
2026-03-06 06:55:00,0.40975984,0.42686623,9.12,9.7
2026-03-06 07:00:00,0.40972105,0.42663349,9.2,9.7
2026-03-06 07:05:00,0.40972105,0.42667228,9.2,9.7
2026-03-06 07:10:00,0.40972105,0.42682744,9.2,9.7
2026-03-06 07:15:00,0.40968226,0.42647833,9.2,9.7
2026-03-06 07:20:00,0.40972105,0.42663349,9.2,9.7
2026-03-06 07:25:00,0.40968226,0.42636196,9.2,9.7
2026-03-06 07:30:00,0.40968226,0.42632317,9.28,9.7
2026-03-06 07:35:00,0.40972105,0.42632317,9.3,9.7
2026-03-06 07:40:00,0.40975984,0.42643954,9.3,9.64
2026-03-06 07:45:00,0.40964347,0.42640075,9.3,9.6
2026-03-06 07:50:00,0.40960468,0.42663349,9.28,9.6
2026-03-06 07:55:00,0.40968226,0.42643954,9.2,9.54
2026-03-06 08:00:00,0.40968226,0.42605164,9.2,9.5
2026-03-06 08:05:00,0.40960468,0.42624559,9.2,9.48
2026-03-06 08:10:00,0.40964347,0.42609043,9.2,9.4
2026-03-06 08:15:00,0.40964347,0.42616801,9.2,9.4
2026-03-06 08:20:00,0.40960468,0.42616801,9.2,9.3
2026-03-06 08:25:00,0.40964347,0.4262068,9.14,9.3
2026-03-06 08:30:00,0.40975984,0.42612922,9.1,9.22
2026-03-06 08:35:00,0.40975984,0.42624559,9.1,9.2
2026-03-06 08:40:00,0.40975984,0.4262068,9.1,9.12
2026-03-06 08:45:00,0.40972105,0.42616801,9.04,9.1
2026-03-06 08:50:00,0.40964347,0.42612922,9.0,9.04
2026-03-06 08:55:00,0.40972105,0.4262068,9.0,9.0
2026-03-06 09:00:00,0.40968226,0.42570253,9.0,8.94
2026-03-06 09:05:00,0.40968226,0.42636196,8.9,8.9
2026-03-06 09:10:00,0.40972105,0.42574132,8.9,8.86
2026-03-06 09:15:00,0.40972105,0.42601285,8.9,8.8
2026-03-06 09:20:00,0.40979863,0.42578011,8.84,8.76
2026-03-06 09:25:00,0.40975984,0.42593527,8.8,8.7
2026-03-06 09:30:00,0.40983742,0.42616801,8.8,8.68
2026-03-06 09:35:00,0.40975984,0.4262068,8.74,8.6
2026-03-06 09:40:00,0.40972105,0.42612922,8.7,8.58
2026-03-06 09:45:00,0.40979863,0.42601285,8.7,8.5
2026-03-06 09:50:00,0.40975984,0.42597406,8.64,8.48
2026-03-06 09:55:00,0.40964347,0.42632317,8.6,8.4
2026-03-06 10:00:00,0.40960468,0.42667228,8.6,8.38
2026-03-06 10:05:00,0.40968226,0.42624559,8.54,8.3
2026-03-06 10:10:00,0.40975984,0.42651712,8.5,8.3
2026-03-06 10:15:00,0.40972105,0.42655591,8.5,8.2
2026-03-06 10:20:00,0.40960468,0.42628438,8.42,8.2
2026-03-06 10:25:00,0.40960468,0.42678865,8.4,8.1
2026-03-06 10:30:00,0.40979863,0.42655591,8.38,8.1
2026-03-06 10:35:00,0.40979863,0.42678865,8.3,8.0
2026-03-06 10:40:00,0.40979863,0.42686623,8.3,8.0
2026-03-06 10:45:00,0.40979863,0.42647833,8.28,7.94
2026-03-06 10:50:00,0.40975984,0.42647833,8.2,7.9
2026-03-06 10:55:00,0.40968226,0.42686623,8.2,7.88
2026-03-06 11:00:00,0.40964347,0.42667228,8.16,7.8
2026-03-06 11:05:00,0.40968226,0.42674986,8.1,7.8
2026-03-06 11:10:00,0.40960468,0.42667228,8.1,7.72
2026-03-06 11:15:00,0.40960468,0.42663349,8.02,7.7
2026-03-06 11:20:00,0.4095271,0.42678865,8.0,7.68
2026-03-06 11:25:00,0.40960468,0.42690502,8.0,7.6
2026-03-06 11:30:00,0.40960468,0.42686623,7.92,7.6
2026-03-06 11:35:00,0.40956589,0.42682744,7.9,7.54
2026-03-06 11:40:00,0.40956589,0.42706018,7.9,7.5
2026-03-06 11:45:00,0.40948831,0.42682744,7.84,7.5
2026-03-06 11:50:00,0.40948831,0.42729292,7.8,7.44
2026-03-06 11:55:00,0.40941073,0.42717655,7.8,7.4
2026-03-06 12:00:00,0.40941073,0.42686623,7.76,7.4
2026-03-06 12:05:00,0.40933315,0.42674986,7.7,7.38
2026-03-06 12:10:00,0.40937194,0.42709897,7.7,7.3
2026-03-06 12:15:00,0.40937194,0.42690502,7.7,7.3
2026-03-06 12:20:00,0.40929436,0.42725413,7.62,7.3
2026-03-06 12:25:00,0.40937194,0.42713776,7.6,7.24
2026-03-06 12:30:00,0.40941073,0.42744808,7.6,7.2
2026-03-06 12:35:00,0.40933315,0.42721534,7.56,7.2
2026-03-06 12:40:00,0.40937194,0.42717655,7.5,7.18
2026-03-06 12:45:00,0.40941073,0.42744808,7.5,7.1
2026-03-06 12:50:00,0.40941073,0.42729292,7.5,7.1
2026-03-06 12:55:00,0.40941073,0.42717655,7.42,7.1
2026-03-06 13:00:00,0.40937194,0.42733171,7.4,7.02
2026-03-06 13:05:00,0.40941073,0.42682744,7.4,7.0
2026-03-06 13:10:00,0.40933315,0.42748687,7.4,7.0
2026-03-06 13:15:00,0.40929436,0.42756445,7.32,7.0
2026-03-06 13:20:00,0.40929436,0.42729292,7.3,6.92
2026-03-06 13:25:00,0.40944952,0.42729292,7.3,6.9
2026-03-06 13:30:00,0.40941073,0.4269826,7.3,6.9
2026-03-06 13:35:00,0.40929436,0.4273705,7.26,6.9
2026-03-06 13:40:00,0.40937194,0.42760324,7.2,6.8
2026-03-06 13:45:00,0.40933315,0.42725413,7.2,6.8
2026-03-06 13:50:00,0.40941073,0.42729292,7.2,6.8
2026-03-06 13:55:00,0.40937194,0.42756445,7.16,6.76
2026-03-06 14:00:00,0.40937194,0.42779719,7.1,6.7
2026-03-06 14:05:00,0.40941073,0.42721534,7.1,6.7
2026-03-06 14:10:00,0.40929436,0.42760324,7.1,6.68
2026-03-06 14:15:00,0.40933315,0.42783598,7.06,6.6
2026-03-06 14:20:00,0.40933315,0.42779719,7.0,6.6
2026-03-06 14:25:00,0.40929436,0.42799114,7.0,6.6
2026-03-06 14:30:00,0.40933315,0.42752566,7.0,6.52
2026-03-06 14:35:00,0.40937194,0.42756445,6.96,6.5
2026-03-06 14:40:00,0.40929436,0.42783598,6.9,6.5
2026-03-06 14:45:00,0.40925557,0.42760324,6.9,6.5
2026-03-06 14:50:00,0.40929436,0.42791356,6.9,6.4
2026-03-06 14:55:00,0.40937194,0.42802993,6.9,6.4
2026-03-06 15:00:00,0.40925557,0.42826267,6.8,6.4
2026-03-06 15:05:00,0.40941073,0.42799114,6.8,6.4
2026-03-06 15:10:00,0.40941073,0.42830146,6.8,6.36
2026-03-06 15:15:00,0.40960468,0.42818509,6.8,6.3
2026-03-06 15:20:00,0.40944952,0.42806872,6.76,6.3
2026-03-06 15:25:00,0.40933315,0.42845662,6.7,6.3
2026-03-06 15:30:00,0.40941073,0.42779719,6.7,6.28
2026-03-06 15:35:00,0.40956589,0.42826267,6.7,6.2
2026-03-06 15:40:00,0.40948831,0.42837904,6.7,6.2
2026-03-06 15:45:00,0.40948831,0.42806872,6.6,6.2
2026-03-06 15:50:00,0.40968226,0.42837904,6.6,6.2
2026-03-06 15:55:00,0.40956589,0.42752566,6.6,6.14
2026-03-06 16:00:00,0.40964347,0.42810751,6.6,6.1
2026-03-06 16:05:00,0.40964347,0.42830146,6.6,6.1
2026-03-06 16:10:00,0.40968226,0.42791356,6.5,6.1
2026-03-06 16:15:00,0.40948831,0.42799114,6.5,6.1
2026-03-06 16:20:00,0.40948831,0.42783598,6.5,6.02
2026-03-06 16:25:00,0.4095271,0.42818509,6.5,6.0
2026-03-06 16:30:00,0.40941073,0.42822388,6.5,6.0
2026-03-06 16:35:00,0.4095271,0.42810751,6.44,6.0
2026-03-06 16:40:00,0.40960468,0.42826267,6.4,6.0
2026-03-06 16:45:00,0.40956589,0.42834025,6.4,5.98
2026-03-06 16:50:00,0.40975984,0.42818509,6.4,5.9
2026-03-06 16:55:00,0.40948831,0.42802993,6.4,5.9
2026-03-06 17:00:00,0.40948831,0.42810751,6.4,5.9
2026-03-06 17:05:00,0.40964347,0.42845662,6.32,5.9
2026-03-06 17:10:00,0.40956589,0.42849541,6.3,5.9
2026-03-06 17:15:00,0.40944952,0.4285342,6.3,5.84
2026-03-06 17:20:00,0.40948831,0.42837904,6.3,5.8
2026-03-06 17:25:00,0.40979863,0.42802993,6.3,5.8
2026-03-06 17:30:00,0.40937194,0.42806872,6.3,5.8
2026-03-06 17:35:00,0.40956589,0.42826267,6.22,5.8
2026-03-06 17:40:00,0.409915,0.42830146,6.2,5.76
2026-03-06 17:45:00,0.4095271,0.42884452,6.2,5.7
2026-03-06 17:50:00,0.40933315,0.42841783,6.2,5.7
2026-03-06 17:55:00,0.40944952,0.42849541,6.2,5.7
2026-03-06 18:00:00,0.40956589,0.42837904,6.2,5.7
2026-03-06 18:05:00,0.40933315,0.42861178,6.12,5.7
2026-03-06 18:10:00,0.40948831,0.42841783,6.1,5.64
2026-03-06 18:15:00,0.40956589,0.42822388,6.1,5.6
2026-03-06 18:20:00,0.40983742,0.42845662,6.1,5.6
2026-03-06 18:25:00,0.40956589,0.42857299,6.1,5.6
2026-03-06 18:30:00,0.40933315,0.4285342,6.1,5.6
2026-03-06 18:35:00,0.40956589,0.42861178,6.04,5.6
2026-03-06 18:40:00,0.40956589,0.42849541,6.0,5.56
2026-03-06 18:45:00,0.40948831,0.4281463,6.0,5.5
2026-03-06 18:50:00,0.40941073,0.4281463,6.0,5.5
2026-03-06 18:55:00,0.40960468,0.42837904,6.0,5.5
2026-03-06 19:00:00,0.4095271,0.42834025,6.0,5.5
2026-03-06 19:05:00,0.40948831,0.4281463,6.0,5.5
2026-03-06 19:10:00,0.4091392,0.42826267,5.94,5.44
2026-03-06 19:15:00,0.40894525,0.42880573,5.9,5.4
2026-03-06 19:20:00,0.40898404,0.42865057,5.9,5.4
2026-03-06 19:25:00,0.40863493,0.42845662,5.9,5.4
2026-03-06 19:30:00,0.40867372,0.42834025,5.9,5.4
2026-03-06 19:35:00,0.40871251,0.42799114,5.9,5.32
2026-03-06 19:40:00,0.40879009,0.42826267,5.86,5.3
2026-03-06 19:45:00,0.40851856,0.42830146,5.8,5.3
2026-03-06 19:50:00,0.40871251,0.42837904,5.8,5.3
2026-03-06 19:55:00,0.40859614,0.42857299,5.8,5.24
2026-03-06 20:00:00,0.40840219,0.42822388,5.8,5.2
2026-03-06 20:05:00,0.40844098,0.42861178,5.74,5.2
2026-03-06 20:10:00,0.40855735,0.42837904,5.7,5.2
2026-03-06 20:15:00,0.40844098,0.42888331,5.7,5.12
2026-03-06 20:20:00,0.40824703,0.4285342,5.7,5.1
2026-03-06 20:25:00,0.40813066,0.42903847,5.7,5.1
2026-03-06 20:30:00,0.40824703,0.4289221,5.62,5.02
2026-03-06 20:35:00,0.40805308,0.42868936,5.6,5.0
2026-03-06 20:40:00,0.40793671,0.4285342,5.6,5.0
2026-03-06 20:45:00,0.40801429,0.42837904,5.6,4.98
2026-03-06 20:50:00,0.40778155,0.4285342,5.58,4.9
2026-03-06 20:55:00,0.40809187,0.42865057,5.5,4.9
2026-03-06 21:00:00,0.40816945,0.42896089,5.5,4.9
2026-03-06 21:05:00,0.40793671,0.42857299,5.5,4.88
2026-03-06 21:10:00,0.40801429,0.4289221,5.5,4.8
2026-03-06 21:15:00,0.40774276,0.42896089,5.4,4.8
2026-03-06 21:20:00,0.40774276,0.42868936,5.4,4.8
2026-03-06 21:25:00,0.40782034,0.42841783,5.4,4.76
2026-03-06 21:30:00,0.40785913,0.42876694,5.4,4.7
2026-03-06 21:35:00,0.4075876,0.42841783,5.4,4.7
2026-03-06 21:40:00,0.40774276,0.42861178,5.3,4.7
2026-03-06 21:45:00,0.40747123,0.42915484,5.3,4.7
2026-03-06 21:50:00,0.4075876,0.42849541,5.3,4.6
2026-03-06 21:55:00,0.40770397,0.42868936,5.3,4.6
2026-03-06 22:00:00,0.40747123,0.42872815,5.3,4.6
2026-03-06 22:05:00,0.4075876,0.42880573,5.26,4.6
2026-03-06 22:10:00,0.40754881,0.42907726,5.2,4.6
2026-03-06 22:15:00,0.40770397,0.42872815,5.2,4.54
2026-03-06 22:20:00,0.4075876,0.42907726,5.2,4.5
2026-03-06 22:25:00,0.40735486,0.42868936,5.2,4.5
2026-03-06 22:30:00,0.40766518,0.42865057,5.2,4.5
2026-03-06 22:35:00,0.40743244,0.42837904,5.2,4.5
2026-03-06 22:40:00,0.40754881,0.42872815,5.2,4.5
2026-03-06 22:45:00,0.40754881,0.42880573,5.14,4.5
2026-03-06 22:50:00,0.4075876,0.42868936,5.1,4.5
2026-03-06 22:55:00,0.40743244,0.4289221,5.1,4.46
2026-03-06 23:00:00,0.40762639,0.42888331,5.1,4.4
2026-03-06 23:05:00,0.40766518,0.42880573,5.1,4.4
2026-03-06 23:10:00,0.40766518,0.42896089,5.1,4.4
2026-03-06 23:15:00,0.40754881,0.42884452,5.1,4.4
2026-03-06 23:20:00,0.40770397,0.42911605,5.1,4.4
2026-03-06 23:25:00,0.40770397,0.42899968,5.1,4.4
2026-03-06 23:30:00,0.40747123,0.42865057,5.08,4.4
2026-03-06 23:35:00,0.40754881,0.42911605,5.0,4.46
2026-03-06 23:40:00,0.40735486,0.42876694,5.0,4.5
2026-03-06 23:45:00,0.40731607,0.42849541,5.0,4.5
2026-03-06 23:50:00,0.40751002,0.42888331,5.0,4.5
2026-03-06 23:55:00,0.40743244,0.42841783,5.0,4.5
2026-03-07 00:00:00,0.40751002,0.42868936,5.0,4.5
2026-03-07 00:05:00,0.40739365,0.42849541,5.04,4.54
2026-03-07 00:10:00,0.40735486,0.42826267,5.1,4.6
2026-03-07 00:15:00,0.40731607,0.42849541,5.1,4.6
2026-03-07 00:20:00,0.40708333,0.42826267,5.1,4.6
2026-03-07 00:25:00,0.40747123,0.4277584,5.1,4.6
2026-03-07 00:30:00,0.40770397,0.42826267,5.1,4.68
2026-03-07 00:35:00,0.40731607,0.42787477,5.1,4.7
2026-03-07 00:40:00,0.40723849,0.42806872,5.1,4.7
2026-03-07 00:45:00,0.40747123,0.42779719,5.1,4.7
2026-03-07 00:50:00,0.40700575,0.42791356,5.18,4.74
2026-03-07 00:55:00,0.40692817,0.42826267,5.2,4.8
2026-03-07 01:00:00,0.40716091,0.42791356,5.2,4.8
2026-03-07 01:05:00,0.40696696,0.42748687,5.2,4.88
2026-03-07 01:10:00,0.40708333,0.42810751,5.2,4.9
2026-03-07 01:15:00,0.40673422,0.42810751,5.2,4.96
2026-03-07 01:20:00,0.40673422,0.42802993,5.24,5.0
2026-03-07 01:25:00,0.40646269,0.42771961,5.3,5.08
2026-03-07 01:30:00,0.40657906,0.42799114,5.3,5.16
2026-03-07 01:35:00,0.40626874,0.42721534,5.32,5.22
2026-03-07 01:40:00,0.40634632,0.42783598,5.4,5.3
2026-03-07 01:45:00,0.40622995,0.42740929,5.4,5.38
2026-03-07 01:50:00,0.40588084,0.42717655,5.46,5.48
2026-03-07 01:55:00,0.40588084,0.42721534,5.5,5.56
2026-03-07 02:00:00,0.406036,0.42764203,5.56,5.64
2026-03-07 02:05:00,0.40584205,0.4265947,5.6,5.72
2026-03-07 02:10:00,0.40557052,0.4269826,5.66,5.82
2026-03-07 02:15:00,0.40518262,0.42678865,5.7,5.9
2026-03-07 02:20:00,0.40518262,0.42702139,5.76,6.0
2026-03-07 02:25:00,0.40510504,0.42678865,5.8,6.1
2026-03-07 02:30:00,0.40463956,0.42682744,5.9,6.2
2026-03-07 02:35:00,0.40421287,0.4262068,5.94,6.3
2026-03-07 02:40:00,0.40390255,0.42632317,6.0,6.4
2026-03-07 02:45:00,0.40347586,0.42616801,6.08,6.52
2026-03-07 02:50:00,0.40304917,0.4262068,6.12,6.62
2026-03-07 02:55:00,0.40281643,0.42574132,6.2,6.72
2026-03-07 03:00:00,0.40270006,0.42628438,6.28,6.82
2026-03-07 03:05:00,0.40242853,0.42601285,6.34,6.94
2026-03-07 03:10:00,0.40231216,0.4258189,6.4,7.02
2026-03-07 03:15:00,0.40200184,0.42589648,6.48,7.14
2026-03-07 03:20:00,0.40173031,0.42527584,6.52,7.22
2026-03-07 03:25:00,0.40145878,0.42523705,6.6,7.3
2026-03-07 03:30:00,0.40122604,0.42488794,6.68,7.4
2026-03-07 03:35:00,0.40118725,0.42488794,6.74,7.48
2026-03-07 03:40:00,0.4009933,0.42477157,6.8,7.58
2026-03-07 03:45:00,0.40076056,0.4246552,6.88,7.68
2026-03-07 03:50:00,0.40056661,0.4246552,6.92,7.76
2026-03-07 03:55:00,0.40045024,0.42438367,7.0,7.86
2026-03-07 04:00:00,0.4002175,0.42430609,7.08,7.96
2026-03-07 04:05:00,0.40013992,0.42415093,7.12,8.04
2026-03-07 04:10:00,0.39990718,0.42395698,7.2,8.14
2026-03-07 04:15:00,0.39990718,0.42411214,7.28,8.22
2026-03-07 04:20:00,0.39986839,0.42422851,7.3,8.3
2026-03-07 04:25:00,0.39971323,0.42360787,7.4,8.4
2026-03-07 04:30:00,0.3994417,0.42407335,7.4,8.48
2026-03-07 04:35:00,0.39951928,0.42372424,7.5,8.56
2026-03-07 04:40:00,0.39932533,0.42384061,7.52,8.64
2026-03-07 04:45:00,0.39909259,0.42395698,7.6,8.7
2026-03-07 04:50:00,0.39909259,0.42368545,7.62,8.8
2026-03-07 04:55:00,0.39893743,0.42345271,7.7,8.84
2026-03-07 05:00:00,0.39885985,0.42341392,7.7,8.9
2026-03-07 05:05:00,0.39882106,0.42364666,7.8,8.98
2026-03-07 05:10:00,0.39851074,0.42345271,7.8,9.0
2026-03-07 05:15:00,0.39847195,0.42333634,7.88,9.1
2026-03-07 05:20:00,0.39835558,0.42329755,7.9,9.1
2026-03-07 05:25:00,0.39812284,0.42345271,7.94,9.2
2026-03-07 05:30:00,0.39777373,0.4231036,8.0,9.2
2026-03-07 05:35:00,0.39765736,0.42294844,8.0,9.3
2026-03-07 05:40:00,0.39746341,0.42259933,8.1,9.3
2026-03-07 05:45:00,0.39688156,0.42294844,8.1,9.38
2026-03-07 05:50:00,0.39622213,0.42267691,8.14,9.4
2026-03-07 05:55:00,0.39583423,0.42236659,8.2,9.4
2026-03-07 06:00:00,0.39513601,0.42248296,8.2,9.46
2026-03-07 06:05:00,0.39494206,0.42244417,8.22,9.5
2026-03-07 06:10:00,0.39447658,0.42217264,8.3,9.5
2026-03-07 06:15:00,0.3940111,0.4219399,8.3,9.5
2026-03-07 06:20:00,0.39327409,0.42205627,8.3,9.5
2026-03-07 06:25:00,0.39211039,0.42213385,8.3,9.5
2026-03-07 06:30:00,0.3912958,0.42178474,8.38,9.5
2026-03-07 06:35:00,0.39055879,0.42174595,8.4,9.5
2026-03-07 06:40:00,0.39017089,0.42162958,8.4,9.5
2026-03-07 06:45:00,0.38931751,0.42190111,8.4,9.5
2026-03-07 06:50:00,0.3885805,0.4219399,8.4,9.5
2026-03-07 06:55:00,0.38559367,0.42190111,8.4,9.5
2026-03-07 07:00:00,0.38249047,0.42178474,8.4,9.5
2026-03-07 07:05:00,0.38210257,0.42135805,8.4,9.5
2026-03-07 07:10:00,0.38183104,0.42139684,8.42,9.5
2026-03-07 07:15:00,0.38136556,0.42143563,8.5,9.5
2026-03-07 07:20:00,0.38105524,0.42170716,8.5,9.5
2026-03-07 07:25:00,0.38070613,0.42139684,8.5,9.42
2026-03-07 07:30:00,0.38020186,0.42135805,8.5,9.4
2026-03-07 07:35:00,0.37977517,0.42143563,8.5,9.4
2026-03-07 07:40:00,0.37954243,0.42128047,8.5,9.4
2026-03-07 07:45:00,0.37919332,0.42151321,8.42,9.34
2026-03-07 07:50:00,0.37884421,0.4211641,8.4,9.3
2026-03-07 07:55:00,0.37845631,0.42147442,8.4,9.3
2026-03-07 08:00:00,0.37822357,0.42143563,8.4,9.22
2026-03-07 08:05:00,0.37802962,0.42135805,8.4,9.2
2026-03-07 08:10:00,0.37802962,0.42139684,8.4,9.14
2026-03-07 08:15:00,0.37795204,0.42124168,8.4,9.1
2026-03-07 08:20:00,0.3781072,0.421552,8.4,9.04
2026-03-07 08:25:00,0.37756414,0.42139684,8.3,9.0
2026-03-07 08:30:00,0.3773314,0.42143563,8.3,8.92
2026-03-07 08:35:00,0.3769435,0.42139684,8.3,8.86
2026-03-07 08:40:00,0.37632286,0.42135805,8.28,8.8
2026-03-07 08:45:00,0.3757798,0.42139684,8.2,8.7
2026-03-07 08:50:00,0.37570222,0.42112531,8.2,8.64
2026-03-07 08:55:00,0.37566343,0.42104773,8.2,8.56
2026-03-07 09:00:00,0.37570222,0.42147442,8.1,8.5
2026-03-07 09:05:00,0.37558585,0.42124168,8.1,8.4
2026-03-07 09:10:00,0.37558585,0.42151321,8.04,8.32
2026-03-07 09:15:00,0.37543069,0.42135805,8.0,8.26
2026-03-07 09:20:00,0.3761677,0.42124168,8.0,8.18
2026-03-07 09:25:00,0.37636165,0.42159079,7.9,8.1
2026-03-07 09:30:00,0.37632286,0.42135805,7.9,8.0
2026-03-07 09:35:00,0.37612891,0.42139684,7.82,7.94
2026-03-07 09:40:00,0.37593496,0.42174595,7.8,7.88
2026-03-07 09:45:00,0.3757798,0.42197869,7.74,7.8
2026-03-07 09:50:00,0.37570222,0.421552,7.7,7.72
2026-03-07 09:55:00,0.37554706,0.42170716,7.66,7.66
2026-03-07 10:00:00,0.3753919,0.42186232,7.6,7.6
2026-03-07 10:05:00,0.37523674,0.42170716,7.56,7.5
2026-03-07 10:10:00,0.37508158,0.42170716,7.5,7.44
2026-03-07 10:15:00,0.37492642,0.42209506,7.46,7.4
2026-03-07 10:20:00,0.37484884,0.42201748,7.4,7.3
2026-03-07 10:25:00,0.37465489,0.42166837,7.38,7.24
2026-03-07 10:30:00,0.37411183,0.42205627,7.3,7.18
2026-03-07 10:35:00,0.37387909,0.42178474,7.3,7.1
2026-03-07 10:40:00,0.37360756,0.42228901,7.2,7.04
2026-03-07 10:45:00,0.3734524,0.42221143,7.2,7.0
2026-03-07 10:50:00,0.37314208,0.42225022,7.1,6.9
2026-03-07 10:55:00,0.37279297,0.42182353,7.1,6.86
2026-03-07 11:00:00,0.37256023,0.42213385,7.0,6.8
2026-03-07 11:05:00,0.37240507,0.42221143,7.0,6.72
2026-03-07 11:10:00,0.37217233,0.42201748,6.92,6.68
2026-03-07 11:15:00,0.37193959,0.42228901,6.9,6.6
2026-03-07 11:20:00,0.37170685,0.42217264,6.84,6.56
2026-03-07 11:25:00,0.37162927,0.42252175,6.8,6.5
2026-03-07 11:30:00,0.37139653,0.42256054,6.76,6.44
2026-03-07 11:35:00,0.37104742,0.42267691,6.7,6.4
2026-03-07 11:40:00,0.37081468,0.4223278,6.66,6.34
2026-03-07 11:45:00,0.37058194,0.42275449,6.6,6.3
2026-03-07 11:50:00,0.3703492,0.42256054,6.6,6.22
2026-03-07 11:55:00,0.37027162,0.42287086,6.5,6.2
2026-03-07 12:00:00,0.37019404,0.42256054,6.5,6.12
2026-03-07 12:05:00,0.37003888,0.42248296,6.44,6.1
2026-03-07 12:10:00,0.36976735,0.42263812,6.4,6.0
2026-03-07 12:15:00,0.36937945,0.42302602,6.4,6.0
2026-03-07 12:20:00,0.36926308,0.42283207,6.3,5.92
2026-03-07 12:25:00,0.36906913,0.4227157,6.3,5.9
2026-03-07 12:30:00,0.36895276,0.42302602,6.24,5.8
2026-03-07 12:35:00,0.36895276,0.42302602,6.2,5.8
2026-03-07 12:40:00,0.3687976,0.42294844,6.2,5.72
2026-03-07 12:45:00,0.36903034,0.42287086,6.1,5.7
2026-03-07 12:50:00,0.3684097,0.42321997,6.1,5.64
2026-03-07 12:55:00,0.36825454,0.42290965,6.06,5.6
2026-03-07 13:00:00,0.36833212,0.42287086,6.0,5.56
2026-03-07 13:05:00,0.36821575,0.4231036,6.0,5.5
2026-03-07 13:10:00,0.36809938,0.4231036,5.94,5.48
2026-03-07 13:15:00,0.36817696,0.4234915,5.9,5.4
2026-03-07 13:20:00,0.36821575,0.42306481,5.9,5.4
2026-03-07 13:25:00,0.36786664,0.42302602,5.84,5.32
2026-03-07 13:30:00,0.3680218,0.42321997,5.8,5.3
2026-03-07 13:35:00,0.36790543,0.42325876,5.8,5.28
2026-03-07 13:40:00,0.36771148,0.4231036,5.72,5.2
2026-03-07 13:45:00,0.36778906,0.42325876,5.7,5.2
2026-03-07 13:50:00,0.36759511,0.42321997,5.7,5.16
2026-03-07 13:55:00,0.36759511,0.42302602,5.64,5.1
2026-03-07 14:00:00,0.36767269,0.42321997,5.6,5.1
2026-03-07 14:05:00,0.367246,0.42329755,5.6,5.0
2026-03-07 14:10:00,0.36709084,0.42314239,5.6,5.0
2026-03-07 14:15:00,0.36689689,0.42329755,5.5,4.98
2026-03-07 14:20:00,0.36701326,0.42318118,5.5,4.9
2026-03-07 14:25:00,0.36693568,0.42337513,5.5,4.9
2026-03-07 14:30:00,0.36658657,0.42353029,5.44,4.9
2026-03-07 14:35:00,0.36670294,0.42290965,5.4,4.8
2026-03-07 14:40:00,0.36643141,0.42368545,5.4,4.8
2026-03-07 14:45:00,0.36643141,0.42329755,5.4,4.78
2026-03-07 14:50:00,0.36619867,0.42325876,5.32,4.7
2026-03-07 14:55:00,0.36631504,0.42341392,5.3,4.7
2026-03-07 15:00:00,0.3660823,0.4234915,5.3,4.7
2026-03-07 15:05:00,0.36592714,0.42337513,5.3,4.62
2026-03-07 15:10:00,0.36600472,0.42356908,5.24,4.6
2026-03-07 15:15:00,0.36561682,0.42337513,5.2,4.6
2026-03-07 15:20:00,0.36542287,0.42368545,5.2,4.58
2026-03-07 15:25:00,0.36472465,0.42325876,5.2,4.5
2026-03-07 15:30:00,0.36402643,0.42337513,5.2,4.5
2026-03-07 15:35:00,0.36363853,0.42337513,5.16,4.5
2026-03-07 15:40:00,0.36371611,0.42341392,5.1,4.46
2026-03-07 15:45:00,0.36352216,0.42314239,5.1,4.4
2026-03-07 15:50:00,0.36363853,0.42353029,5.1,4.4
2026-03-07 15:55:00,0.36344458,0.42306481,5.1,4.38
2026-03-07 16:00:00,0.36344458,0.42321997,5.0,4.3
2026-03-07 16:05:00,0.36325063,0.42321997,5.0,4.3
2026-03-07 16:10:00,0.36305668,0.42321997,5.0,4.3
2026-03-07 16:15:00,0.36278515,0.42306481,5.0,4.3
2026-03-07 16:20:00,0.36262999,0.42329755,5.0,4.2
2026-03-07 16:25:00,0.36282394,0.42314239,4.9,4.2
2026-03-07 16:30:00,0.36255241,0.42318118,4.9,4.2
2026-03-07 16:35:00,0.36239725,0.4231036,4.9,4.2
2026-03-07 16:40:00,0.36247483,0.42318118,4.9,4.16
2026-03-07 16:45:00,0.36255241,0.42364666,4.9,4.1
2026-03-07 16:50:00,0.36193177,0.42314239,4.84,4.1
2026-03-07 16:55:00,0.36216451,0.42318118,4.8,4.1
2026-03-07 17:00:00,0.36193177,0.42306481,4.8,4.1
2026-03-07 17:05:00,0.36185419,0.42318118,4.8,4.0
2026-03-07 17:10:00,0.36173782,0.42325876,4.8,4.0
2026-03-07 17:15:00,0.36197056,0.42321997,4.74,4.0
2026-03-07 17:20:00,0.3618154,0.4231036,4.7,4.0
2026-03-07 17:25:00,0.36123355,0.42314239,4.7,4.0
2026-03-07 17:30:00,0.36146629,0.42290965,4.7,3.92
2026-03-07 17:35:00,0.36123355,0.42302602,4.7,3.9
2026-03-07 17:40:00,0.3614275,0.42306481,4.7,3.9
2026-03-07 17:45:00,0.36096202,0.42279328,4.66,3.9
2026-03-07 17:50:00,0.3610396,0.42283207,4.6,3.9
2026-03-07 17:55:00,0.36115597,0.42314239,4.6,3.86
2026-03-07 18:00:00,0.36092323,0.42287086,4.6,3.8
2026-03-07 18:05:00,0.36053533,0.42283207,4.6,3.8
2026-03-07 18:10:00,0.36084565,0.42279328,4.6,3.8
2026-03-07 18:15:00,0.36045775,0.42256054,4.6,3.8
2026-03-07 18:20:00,0.36045775,0.42306481,4.52,3.8
2026-03-07 18:25:00,0.36038017,0.42256054,4.5,3.7
2026-03-07 18:30:00,0.36038017,0.42240538,4.5,3.7
2026-03-07 18:35:00,0.36006985,0.42209506,4.5,3.7
2026-03-07 18:40:00,0.35995348,0.42248296,4.5,3.7
2026-03-07 18:45:00,0.36003106,0.42240538,4.5,3.7
2026-03-07 18:50:00,0.36045775,0.42225022,4.46,3.7
2026-03-07 18:55:00,0.36006985,0.42197869,4.4,3.62
2026-03-07 19:00:00,0.36010864,0.42228901,4.4,3.6
2026-03-07 19:05:00,0.35968195,0.42190111,4.4,3.6
2026-03-07 19:10:00,0.35995348,0.42225022,4.4,3.6
2026-03-07 19:15:00,0.35979832,0.42201748,4.4,3.6
2026-03-07 19:20:00,0.35960437,0.42182353,4.38,3.6
2026-03-07 19:25:00,0.35979832,0.42213385,4.3,3.6
2026-03-07 19:30:00,0.35937163,0.42178474,4.3,3.5
2026-03-07 19:35:00,0.35944921,0.42178474,4.3,3.5
2026-03-07 19:40:00,0.35937163,0.42197869,4.3,3.5
2026-03-07 19:45:00,0.35933284,0.42186232,4.3,3.5
2026-03-07 19:50:00,0.35917768,0.42170716,4.3,3.5
2026-03-07 19:55:00,0.35898373,0.42178474,4.3,3.5
2026-03-07 20:00:00,0.35894494,0.4219399,4.3,3.42
2026-03-07 20:05:00,0.35898373,0.421552,4.2,3.4
2026-03-07 20:10:00,0.3587122,0.421552,4.2,3.4
2026-03-07 20:15:00,0.35878978,0.42162958,4.2,3.4
2026-03-07 20:20:00,0.3587122,0.42170716,4.2,3.4
2026-03-07 20:25:00,0.35859583,0.421552,4.2,3.4
2026-03-07 20:30:00,0.35867341,0.42159079,4.2,3.4
2026-03-07 20:35:00,0.35847946,0.42162958,4.2,3.4
2026-03-07 20:40:00,0.35886736,0.42170716,4.2,3.32
2026-03-07 20:45:00,0.35886736,0.42174595,4.1,3.3
2026-03-07 20:50:00,0.35859583,0.42162958,4.1,3.3
2026-03-07 20:55:00,0.35816914,0.42178474,4.1,3.3
2026-03-07 21:00:00,0.35816914,0.42162958,4.1,3.3
2026-03-07 21:05:00,0.35809156,0.42135805,4.1,3.3
2026-03-07 21:10:00,0.35778124,0.42120289,4.1,3.3
2026-03-07 21:15:00,0.3579364,0.42104773,4.1,3.3
2026-03-07 21:20:00,0.35774245,0.42131926,4.1,3.24
2026-03-07 21:25:00,0.35766487,0.42108652,4.0,3.2
2026-03-07 21:30:00,0.35782003,0.42085378,4.0,3.2
2026-03-07 21:35:00,0.35747092,0.42120289,4.0,3.2
2026-03-07 21:40:00,0.3575485,0.42089257,4.0,3.2
2026-03-07 21:45:00,0.35762608,0.42112531,4.0,3.2
2026-03-07 21:50:00,0.35747092,0.42069862,4.0,3.2
2026-03-07 21:55:00,0.35747092,0.42089257,4.0,3.2
2026-03-07 22:00:00,0.35739334,0.42081499,4.0,3.16
2026-03-07 22:05:00,0.35712181,0.42062104,4.0,3.1
2026-03-07 22:10:00,0.35727697,0.42054346,3.9,3.1
2026-03-07 22:15:00,0.35723818,0.42050467,3.9,3.1
2026-03-07 22:20:00,0.35704423,0.42054346,3.9,3.1
2026-03-07 22:25:00,0.35700544,0.42089257,3.9,3.1
2026-03-07 22:30:00,0.35688907,0.42065983,3.9,3.1
2026-03-07 22:35:00,0.35700544,0.42062104,3.9,3.1
2026-03-07 22:40:00,0.35696665,0.42054346,3.9,3.1
2026-03-07 22:45:00,0.3567727,0.42042709,3.9,3.1
2026-03-07 22:50:00,0.35688907,0.42034951,3.9,3.08
2026-03-07 22:55:00,0.35688907,0.42034951,3.88,3.0
2026-03-07 23:00:00,0.35688907,0.42034951,3.8,3.0
2026-03-07 23:05:00,0.35681149,0.42034951,3.8,3.0
2026-03-07 23:10:00,0.35688907,0.42046588,3.8,3.0
2026-03-07 23:15:00,0.35661754,0.42046588,3.8,3.0
2026-03-07 23:20:00,0.35669512,0.42046588,3.8,3.0
2026-03-07 23:25:00,0.35665633,0.42011677,3.8,3.0
2026-03-07 23:30:00,0.35681149,0.42034951,3.8,3.0
2026-03-07 23:35:00,0.35646238,0.42011677,3.8,3.0
2026-03-07 23:40:00,0.35665633,0.42011677,3.8,3.0
2026-03-07 23:45:00,0.35646238,0.42003919,3.8,3.0
2026-03-07 23:50:00,0.35723818,0.42042709,3.76,2.96
2026-03-07 23:55:00,0.3563848,0.42011677,3.7,2.9
2026-03-08 00:00:00,0.35630722,0.42007798,3.7,2.9
2026-03-08 00:05:00,0.35646238,0.42023314,3.7,2.9
2026-03-08 00:10:00,0.35646238,0.42027193,3.7,2.9
2026-03-08 00:15:00,0.35661754,0.42027193,3.7,2.9
2026-03-08 00:20:00,0.35634601,0.42003919,3.7,2.9
2026-03-08 00:25:00,0.3563848,0.42031072,3.7,2.9
2026-03-08 00:30:00,0.35650117,0.42023314,3.7,2.9
2026-03-08 00:35:00,0.3563848,0.42027193,3.7,2.9
2026-03-08 00:40:00,0.35642359,0.42042709,3.7,2.9
2026-03-08 00:45:00,0.35657875,0.42031072,3.7,2.9
2026-03-08 00:50:00,0.35688907,0.42015556,3.7,2.9
2026-03-08 00:55:00,0.35673391,0.42027193,3.7,2.9
2026-03-08 01:00:00,0.35661754,0.42019435,3.7,2.9
2026-03-08 01:05:00,0.3567727,0.42011677,3.7,2.9
2026-03-08 01:10:00,0.35665633,0.4203883,3.7,2.98
2026-03-08 01:15:00,0.35723818,0.42015556,3.7,3.0
2026-03-08 01:20:00,0.35719939,0.42042709,3.7,3.02
2026-03-08 01:25:00,0.35688907,0.42034951,3.7,3.1
2026-03-08 01:30:00,0.3571606,0.4203883,3.7,3.16
2026-03-08 01:35:00,0.35712181,0.42023314,3.7,3.24
2026-03-08 01:40:00,0.35727697,0.42031072,3.7,3.34
2026-03-08 01:45:00,0.35708302,0.42062104,3.8,3.44
2026-03-08 01:50:00,0.35704423,0.42034951,3.8,3.56
2026-03-08 01:55:00,0.35723818,0.42031072,3.82,3.66
2026-03-08 02:00:00,0.35723818,0.42007798,3.9,3.8
2026-03-08 02:05:00,0.35747092,0.42046588,3.9,3.94
2026-03-08 02:10:00,0.35704423,0.42031072,4.0,4.08
2026-03-08 02:15:00,0.35712181,0.42023314,4.04,4.24
2026-03-08 02:20:00,0.35723818,0.4203883,4.1,4.36
2026-03-08 02:25:00,0.3567727,0.42011677,4.2,4.54
2026-03-08 02:30:00,0.35727697,0.42027193,4.28,4.68
2026-03-08 02:35:00,0.3567727,0.41992282,4.34,4.84
2026-03-08 02:40:00,0.3571606,0.41992282,4.46,4.98
2026-03-08 02:45:00,0.35704423,0.41996161,4.54,5.14
2026-03-08 02:50:00,0.35669512,0.41976766,4.64,5.26
2026-03-08 02:55:00,0.35665633,0.41969008,4.72,5.42
2026-03-08 03:00:00,0.35642359,0.41969008,4.82,5.54
2026-03-08 03:05:00,0.3563848,0.41937976,4.92,5.68
2026-03-08 03:10:00,0.35626843,0.41934097,5.02,5.82
2026-03-08 03:15:00,0.35630722,0.41914702,5.12,5.94
2026-03-08 03:20:00,0.35626843,0.41953492,5.2,6.06
2026-03-08 03:25:00,0.35630722,0.41934097,5.28,6.22
2026-03-08 03:30:00,0.35588053,0.41906944,5.38,6.34
2026-03-08 03:35:00,0.3559969,0.41895307,5.48,6.44
2026-03-08 03:40:00,0.35572537,0.41895307,5.58,6.56
2026-03-08 03:45:00,0.35568658,0.41895307,5.66,6.68
2026-03-08 03:50:00,0.35580295,0.41879791,5.76,6.78
2026-03-08 03:55:00,0.35568658,0.41875912,5.84,6.88
2026-03-08 04:00:00,0.35549263,0.41868154,5.94,7.0
2026-03-08 04:05:00,0.35533747,0.41848759,6.02,7.1
2026-03-08 04:10:00,0.35541505,0.41841001,6.1,7.2
2026-03-08 04:15:00,0.3552211,0.41821606,6.2,7.3
2026-03-08 04:20:00,0.35533747,0.41798332,6.28,7.4
2026-03-08 04:25:00,0.3552211,0.41771179,6.36,7.5
2026-03-08 04:30:00,0.35514352,0.41775058,6.42,7.62
2026-03-08 04:35:00,0.35502715,0.417673,6.5,7.72
2026-03-08 04:40:00,0.35498836,0.41825485,6.58,7.82
2026-03-08 04:45:00,0.35487199,0.41763421,6.66,7.94
2026-03-08 04:50:00,0.35491078,0.41755663,6.74,8.04
2026-03-08 04:55:00,0.35475562,0.41724631,6.82,8.16
2026-03-08 05:00:00,0.35467804,0.41712994,6.9,8.26
2026-03-08 05:05:00,0.35460046,0.41744026,6.98,8.38
2026-03-08 05:10:00,0.35460046,0.41705236,7.06,8.48
2026-03-08 05:15:00,0.35456167,0.41712994,7.14,8.58
2026-03-08 05:20:00,0.35436772,0.41701357,7.2,8.66
2026-03-08 05:25:00,0.35436772,0.41697478,7.3,8.72
2026-03-08 05:30:00,0.35429014,0.4168972,7.36,8.8
2026-03-08 05:35:00,0.35409619,0.41701357,7.42,8.88
2026-03-08 05:40:00,0.35409619,0.41712994,7.5,8.9
2026-03-08 05:45:00,0.35413498,0.41654809,7.58,9.0
2026-03-08 05:50:00,0.35397982,0.41681962,7.64,9.0
2026-03-08 05:55:00,0.35390224,0.41643172,7.7,9.1
2026-03-08 06:00:00,0.35390224,0.41678083,7.76,9.1
2026-03-08 06:05:00,0.35378587,0.41678083,7.8,9.14
2026-03-08 06:10:00,0.35374708,0.4165093,7.84,9.2
2026-03-08 06:15:00,0.35355313,0.41674204,7.9,9.2
2026-03-08 06:20:00,0.35363071,0.4165093,7.9,9.2
2026-03-08 06:25:00,0.35351434,0.41635414,7.98,9.22
2026-03-08 06:30:00,0.3532816,0.41635414,8.0,9.3
2026-03-08 06:35:00,0.35339797,0.41670325,8.0,9.3
2026-03-08 06:40:00,0.35324281,0.4165093,8.0,9.3
2026-03-08 06:45:00,0.35320402,0.41643172,8.08,9.3
2026-03-08 06:50:00,0.3532816,0.41658688,8.1,9.26
2026-03-08 06:55:00,0.35316523,0.41619898,8.1,9.2
2026-03-08 07:00:00,0.35316523,0.41623777,8.1,9.2
2026-03-08 07:05:00,0.35316523,0.41631535,8.1,9.2
2026-03-08 07:10:00,0.35301007,0.41604382,8.1,9.2
2026-03-08 07:15:00,0.35301007,0.41635414,8.1,9.16
2026-03-08 07:20:00,0.3528937,0.41619898,8.1,9.1
2026-03-08 07:25:00,0.35277733,0.41592745,8.1,9.1
2026-03-08 07:30:00,0.35277733,0.41643172,8.1,9.1
2026-03-08 07:35:00,0.35273854,0.41623777,8.1,9.1
2026-03-08 07:40:00,0.35266096,0.41623777,8.1,9.02
2026-03-08 07:45:00,0.35258338,0.41600503,8.1,9.0
2026-03-08 07:50:00,0.35258338,0.41639293,8.1,9.0
2026-03-08 07:55:00,0.35258338,0.41592745,8.1,8.9
2026-03-08 08:00:00,0.35246701,0.41584987,8.1,8.9
2026-03-08 08:05:00,0.35246701,0.41600503,8.1,8.84
2026-03-08 08:10:00,0.35246701,0.41608261,8.02,8.8
2026-03-08 08:15:00,0.35242822,0.41616019,8.0,8.76
2026-03-08 08:20:00,0.35238943,0.41577229,8.0,8.7
2026-03-08 08:25:00,0.35235064,0.41584987,8.0,8.68
2026-03-08 08:30:00,0.35242822,0.41627656,8.0,8.6
2026-03-08 08:35:00,0.35227306,0.41608261,7.9,8.58
2026-03-08 08:40:00,0.35231185,0.41561713,7.9,8.5
2026-03-08 08:45:00,0.35219548,0.4157335,7.9,8.44
2026-03-08 08:50:00,0.35231185,0.41592745,7.86,8.4
2026-03-08 08:55:00,0.3521179,0.41592745,7.8,8.32
2026-03-08 09:00:00,0.35215669,0.41608261,7.8,8.28
2026-03-08 09:05:00,0.35219548,0.41592745,7.78,8.2
2026-03-08 09:10:00,0.35215669,0.41569471,7.7,8.16
2026-03-08 09:15:00,0.35215669,0.41600503,7.7,8.1
2026-03-08 09:20:00,0.35219548,0.4161214,7.7,8.0
2026-03-08 09:25:00,0.35219548,0.41631535,7.6,7.96
2026-03-08 09:30:00,0.35207911,0.41592745,7.6,7.9
2026-03-08 09:35:00,0.35200153,0.4157335,7.54,7.82
2026-03-08 09:40:00,0.35204032,0.41619898,7.5,7.78
2026-03-08 09:45:00,0.35204032,0.41577229,7.5,7.7
2026-03-08 09:50:00,0.35196274,0.41588866,7.4,7.64
2026-03-08 09:55:00,0.3521179,0.41635414,7.4,7.58
2026-03-08 10:00:00,0.35200153,0.41616019,7.4,7.5
2026-03-08 10:05:00,0.35200153,0.41608261,7.3,7.44
2026-03-08 10:10:00,0.35200153,0.41643172,7.3,7.4
2026-03-08 10:15:00,0.35215669,0.41631535,7.3,7.3
2026-03-08 10:20:00,0.35204032,0.41635414,7.2,7.26
2026-03-08 10:25:00,0.35204032,0.4161214,7.2,7.2
2026-03-08 10:30:00,0.35207911,0.41654809,7.16,7.14
2026-03-08 10:35:00,0.35207911,0.41643172,7.1,7.1
2026-03-08 10:40:00,0.35215669,0.41666446,7.08,7.0
2026-03-08 10:45:00,0.35204032,0.41662567,7.0,6.96
2026-03-08 10:50:00,0.35219548,0.41658688,7.0,6.9
2026-03-08 10:55:00,0.3521179,0.41678083,6.92,6.84
2026-03-08 11:00:00,0.35219548,0.41685841,6.9,6.8
2026-03-08 11:05:00,0.3521179,0.41674204,6.86,6.72
2026-03-08 11:10:00,0.35223427,0.41670325,6.8,6.68
2026-03-08 11:15:00,0.35227306,0.41635414,6.8,6.6
2026-03-08 11:20:00,0.35223427,0.41670325,6.72,6.56
2026-03-08 11:25:00,0.3521179,0.41678083,6.7,6.5
2026-03-08 11:30:00,0.3521179,0.41654809,6.68,6.46
2026-03-08 11:35:00,0.35173,0.41678083,6.6,6.4
2026-03-08 11:40:00,0.35153605,0.41697478,6.6,6.36
2026-03-08 11:45:00,0.35130331,0.41658688,6.52,6.3
2026-03-08 11:50:00,0.35122573,0.41670325,6.5,6.24
2026-03-08 11:55:00,0.35091541,0.41705236,6.48,6.2
2026-03-08 12:00:00,0.35091541,0.41685841,6.4,6.14
2026-03-08 12:05:00,0.35044993,0.41693599,6.4,6.1
2026-03-08 12:10:00,0.35025598,0.41697478,6.34,6.04
2026-03-08 12:15:00,0.35025598,0.41674204,6.3,6.0
2026-03-08 12:20:00,0.35029477,0.41662567,6.3,5.96
2026-03-08 12:25:00,0.35021719,0.41678083,6.2,5.9
2026-03-08 12:30:00,0.3501784,0.41701357,6.2,5.88
2026-03-08 12:35:00,0.3501784,0.4168972,6.16,5.8
2026-03-08 12:40:00,0.35029477,0.41674204,6.1,5.78
2026-03-08 12:45:00,0.35021719,0.41716873,6.1,5.7
2026-03-08 12:50:00,0.35033356,0.41685841,6.04,5.7
2026-03-08 12:55:00,0.35041114,0.41709115,6.0,5.6
2026-03-08 13:00:00,0.35060509,0.41705236,6.0,5.6
2026-03-08 13:05:00,0.35025598,0.41720752,5.92,5.52
2026-03-08 13:10:00,0.35048872,0.41720752,5.9,5.5
2026-03-08 13:15:00,0.35033356,0.41724631,5.9,5.46
2026-03-08 13:20:00,0.35052751,0.41709115,5.8,5.4
2026-03-08 13:25:00,0.35037235,0.41720752,5.8,5.38
2026-03-08 13:30:00,0.35064388,0.41720752,5.78,5.3
2026-03-08 13:35:00,0.3505663,0.41701357,5.7,5.3
2026-03-08 13:40:00,0.35064388,0.41724631,5.7,5.26
2026-03-08 13:45:00,0.3505663,0.41697478,5.7,5.2
2026-03-08 13:50:00,0.35064388,0.4168972,5.6,5.2
2026-03-08 13:55:00,0.35068267,0.41720752,5.6,5.12
2026-03-08 14:00:00,0.35048872,0.41736268,5.6,5.1
2026-03-08 14:05:00,0.35029477,0.41712994,5.54,5.08
2026-03-08 14:10:00,0.35052751,0.41701357,5.5,5.0
2026-03-08 14:15:00,0.35052751,0.41693599,5.5,5.0
2026-03-08 14:20:00,0.35033356,0.4172851,5.46,4.98
2026-03-08 14:25:00,0.35037235,0.41744026,5.4,4.9
2026-03-08 14:30:00,0.35041114,0.4172851,5.4,4.9
2026-03-08 14:35:00,0.35025598,0.41724631,5.4,4.88
2026-03-08 14:40:00,0.35002324,0.41712994,5.34,4.8
2026-03-08 14:45:00,0.35021719,0.41751784,5.3,4.8
2026-03-08 14:50:00,0.35048872,0.41701357,5.3,4.78
2026-03-08 14:55:00,0.35006203,0.41740147,5.3,4.7
2026-03-08 15:00:00,0.35010082,0.41720752,5.24,4.7
2026-03-08 15:05:00,0.35002324,0.41744026,5.2,4.7
2026-03-08 15:10:00,0.35010082,0.41744026,5.2,4.62
2026-03-08 15:15:00,0.35041114,0.41716873,5.2,4.6
2026-03-08 15:20:00,0.34990687,0.41716873,5.2,4.6
2026-03-08 15:25:00,0.34998445,0.41740147,5.18,4.6
2026-03-08 15:30:00,0.35006203,0.41709115,5.1,4.5
2026-03-08 15:35:00,0.35010082,0.41709115,5.1,4.5
2026-03-08 15:40:00,0.34982929,0.41716873,5.1,4.5
2026-03-08 15:45:00,0.35002324,0.41755663,5.08,4.46
2026-03-08 15:50:00,0.34982929,0.41751784,5.0,4.4
2026-03-08 15:55:00,0.35010082,0.41705236,5.0,4.4
2026-03-08 16:00:00,0.34994566,0.41759542,5.0,4.4
2026-03-08 16:05:00,0.34971292,0.41782816,5.0,4.3
2026-03-08 16:10:00,0.34971292,0.41736268,4.98,4.3
2026-03-08 16:15:00,0.34963534,0.41709115,4.9,4.3
2026-03-08 16:20:00,0.34967413,0.4172851,4.9,4.3
2026-03-08 16:25:00,0.34959655,0.41736268,4.9,4.2
2026-03-08 16:30:00,0.34967413,0.41740147,4.9,4.2
2026-03-08 16:35:00,0.34959655,0.41755663,4.9,4.2
2026-03-08 16:40:00,0.3497905,0.41740147,4.8,4.2
2026-03-08 16:45:00,0.34955776,0.41740147,4.8,4.12
2026-03-08 16:50:00,0.34959655,0.41701357,4.8,4.1
2026-03-08 16:55:00,0.34951897,0.41736268,4.8,4.1
2026-03-08 17:00:00,0.34951897,0.4172851,4.8,4.1
2026-03-08 17:05:00,0.34982929,0.41751784,4.72,4.04
2026-03-08 17:10:00,0.34959655,0.41755663,4.7,4.0
2026-03-08 17:15:00,0.3497905,0.41712994,4.7,4.0
2026-03-08 17:20:00,0.3497905,0.41716873,4.7,4.0
2026-03-08 17:25:00,0.34971292,0.41732389,4.7,4.0
2026-03-08 17:30:00,0.34948018,0.41759542,4.7,3.92
2026-03-08 17:35:00,0.34948018,0.41740147,4.64,3.9
2026-03-08 17:40:00,0.3497905,0.41755663,4.6,3.9
2026-03-08 17:45:00,0.34920865,0.41701357,4.6,3.9
2026-03-08 17:50:00,0.34916986,0.41740147,4.6,3.9
2026-03-08 17:55:00,0.34955776,0.41724631,4.6,3.82
2026-03-08 18:00:00,0.34955776,0.41724631,4.6,3.8
2026-03-08 18:05:00,0.34932502,0.41712994,4.56,3.8
2026-03-08 18:10:00,0.34909228,0.41732389,4.5,3.8
2026-03-08 18:15:00,0.34924744,0.41716873,4.5,3.8
2026-03-08 18:20:00,0.34909228,0.41716873,4.5,3.7
2026-03-08 18:25:00,0.34920865,0.41759542,4.5,3.7
2026-03-08 18:30:00,0.34913107,0.41705236,4.5,3.7
2026-03-08 18:35:00,0.34932502,0.41681962,4.5,3.7
2026-03-08 18:40:00,0.34897591,0.41705236,4.44,3.7
2026-03-08 18:45:00,0.34909228,0.41701357,4.4,3.66
2026-03-08 18:50:00,0.34882075,0.41716873,4.4,3.6
2026-03-08 18:55:00,0.34924744,0.4168972,4.4,3.6
2026-03-08 19:00:00,0.34893712,0.41701357,4.4,3.6
2026-03-08 19:05:00,0.3490147,0.41666446,4.4,3.6
2026-03-08 19:10:00,0.34885954,0.41716873,4.4,3.6
2026-03-08 19:15:00,0.3486268,0.41705236,4.3,3.56
2026-03-08 19:20:00,0.3486268,0.4168972,4.3,3.5
2026-03-08 19:25:00,0.34854922,0.41670325,4.3,3.5
2026-03-08 19:30:00,0.34858801,0.41654809,4.3,3.5
2026-03-08 19:35:00,0.34854922,0.41709115,4.3,3.5
2026-03-08 19:40:00,0.34851043,0.41681962,4.3,3.5
2026-03-08 19:45:00,0.34874317,0.4165093,4.3,3.44
2026-03-08 19:50:00,0.34839406,0.41658688,4.28,3.4
2026-03-08 19:55:00,0.34874317,0.41693599,4.2,3.4
2026-03-08 20:00:00,0.34847164,0.41654809,4.2,3.4
2026-03-08 20:05:00,0.34835527,0.4168972,4.2,3.4
2026-03-08 20:10:00,0.34831648,0.41658688,4.2,3.4
2026-03-08 20:15:00,0.34816132,0.41662567,4.2,3.4
2026-03-08 20:20:00,0.34812253,0.41697478,4.2,3.36
2026-03-08 20:25:00,0.34835527,0.41681962,4.2,3.3
2026-03-08 20:30:00,0.34827769,0.4168972,4.14,3.3
2026-03-08 20:35:00,0.34812253,0.41678083,4.1,3.3
2026-03-08 20:40:00,0.34800616,0.41662567,4.1,3.3
2026-03-08 20:45:00,0.34854922,0.41647051,4.1,3.3
2026-03-08 20:50:00,0.34831648,0.41701357,4.1,3.3
2026-03-08 20:55:00,0.34788979,0.41693599,4.1,3.28
2026-03-08 21:00:00,0.34804495,0.41678083,4.1,3.2
2026-03-08 21:05:00,0.34773463,0.41685841,4.1,3.2
2026-03-08 21:10:00,0.34808374,0.4165093,4.1,3.2
2026-03-08 21:15:00,0.34777342,0.41674204,4.02,3.2
2026-03-08 21:20:00,0.34788979,0.41662567,4.0,3.2
2026-03-08 21:25:00,0.34812253,0.41658688,4.0,3.2
2026-03-08 21:30:00,0.34761826,0.41658688,4.0,3.2
2026-03-08 21:35:00,0.34800616,0.41647051,4.0,3.2
2026-03-08 21:40:00,0.347851,0.41654809,4.0,3.1
2026-03-08 21:45:00,0.34757947,0.41647051,4.0,3.1
2026-03-08 21:50:00,0.34773463,0.41647051,4.0,3.1
2026-03-08 21:55:00,0.34765705,0.41674204,4.0,3.1
2026-03-08 22:00:00,0.34754068,0.41662567,4.0,3.1
2026-03-08 22:05:00,0.34742431,0.41658688,3.92,3.1
2026-03-08 22:10:00,0.34750189,0.41619898,3.9,3.1
2026-03-08 22:15:00,0.3474631,0.41608261,3.9,3.1
2026-03-08 22:20:00,0.34738552,0.41608261,3.9,3.1
2026-03-08 22:25:00,0.34754068,0.41619898,3.9,3.1
2026-03-08 22:30:00,0.34738552,0.41643172,3.9,3.1
2026-03-08 22:35:00,0.34734673,0.41623777,3.9,3.1
2026-03-08 22:40:00,0.34773463,0.41635414,3.9,3.1
2026-03-08 22:45:00,0.3474631,0.41623777,3.9,3.1
2026-03-08 22:50:00,0.3474631,0.41604382,3.9,3.1
2026-03-08 22:55:00,0.34738552,0.41635414,3.9,3.08
2026-03-08 23:00:00,0.34757947,0.41627656,3.9,3.04
2026-03-08 23:05:00,0.3474631,0.41604382,3.88,3.02
2026-03-08 23:10:00,0.34734673,0.4161214,3.8,3.0
2026-03-08 23:15:00,0.34757947,0.41635414,3.8,3.0
2026-03-08 23:20:00,0.34765705,0.4165093,3.8,3.04
2026-03-08 23:25:00,0.34726915,0.41608261,3.8,3.06
2026-03-08 23:30:00,0.34738552,0.41631535,3.8,3.1
2026-03-08 23:35:00,0.34734673,0.4161214,3.8,3.1
2026-03-08 23:40:00,0.3474631,0.41635414,3.8,3.1
2026-03-08 23:45:00,0.34750189,0.4165093,3.8,3.1
2026-03-08 23:50:00,0.34750189,0.41631535,3.8,3.1
2026-03-08 23:55:00,0.34730794,0.41596624,3.8,3.1
2026-03-09 00:00:00,0.34761826,0.41627656,3.8,3.1
2026-03-09 00:05:00,0.34757947,0.41608261,3.8,3.1
2026-03-09 00:10:00,0.34757947,0.41623777,3.8,3.1
2026-03-09 00:15:00,0.34754068,0.41619898,3.8,3.1
2026-03-09 00:20:00,0.34781221,0.41596624,3.8,3.1
2026-03-09 00:25:00,0.34754068,0.41623777,3.8,3.16
2026-03-09 00:30:00,0.34804495,0.41600503,3.8,3.2
2026-03-09 00:35:00,0.34773463,0.41588866,3.8,3.2
2026-03-09 00:40:00,0.34769584,0.41604382,3.8,3.2
2026-03-09 00:45:00,0.34761826,0.41604382,3.8,3.2
2026-03-09 00:50:00,0.34792858,0.41604382,3.8,3.2
2026-03-09 00:55:00,0.347851,0.41619898,3.8,3.2
2026-03-09 01:00:00,0.34773463,0.41623777,3.8,3.26
2026-03-09 01:05:00,0.34773463,0.41604382,3.8,3.3
2026-03-09 01:10:00,0.34777342,0.41600503,3.8,3.3
2026-03-09 01:15:00,0.34769584,0.41581108,3.8,3.3
2026-03-09 01:20:00,0.347851,0.41616019,3.8,3.3
2026-03-09 01:25:00,0.34800616,0.4161214,3.8,3.3
2026-03-09 01:30:00,0.34804495,0.41588866,3.8,3.38
2026-03-09 01:35:00,0.34800616,0.4157335,3.8,3.4
2026-03-09 01:40:00,0.34796737,0.41596624,3.8,3.42
2026-03-09 01:45:00,0.34835527,0.41592745,3.8,3.5
2026-03-09 01:50:00,0.347851,0.41608261,3.82,3.56
2026-03-09 01:55:00,0.34800616,0.41569471,3.9,3.6
2026-03-09 02:00:00,0.34820011,0.4157335,3.9,3.68
2026-03-09 02:05:00,0.34804495,0.4157335,3.9,3.7
2026-03-09 02:10:00,0.347851,0.41600503,3.9,3.78
2026-03-09 02:15:00,0.347851,0.41596624,3.96,3.8
2026-03-09 02:20:00,0.34835527,0.41608261,4.0,3.9
2026-03-09 02:25:00,0.347851,0.41553955,4.0,3.9
2026-03-09 02:30:00,0.34804495,0.41565592,4.0,3.98
2026-03-09 02:35:00,0.34812253,0.41569471,4.1,4.0
2026-03-09 02:40:00,0.34820011,0.41592745,4.1,4.08
2026-03-09 02:45:00,0.34788979,0.41565592,4.12,4.12
2026-03-09 02:50:00,0.34843285,0.41584987,4.2,4.2
2026-03-09 02:55:00,0.34804495,0.4157335,4.2,4.26
2026-03-09 03:00:00,0.34777342,0.41569471,4.3,4.3
2026-03-09 03:05:00,0.34820011,0.41584987,4.3,4.4
2026-03-09 03:10:00,0.34796737,0.41511286,4.38,4.48
2026-03-09 03:15:00,0.34812253,0.41553955,4.42,4.58
2026-03-09 03:20:00,0.34788979,0.41553955,4.5,4.66
2026-03-09 03:25:00,0.34781221,0.41561713,4.56,4.76
2026-03-09 03:30:00,0.34788979,0.41530681,4.6,4.88
2026-03-09 03:35:00,0.34769584,0.41538439,4.7,4.98
2026-03-09 03:40:00,0.34750189,0.41522923,4.76,5.08
2026-03-09 03:45:00,0.34754068,0.41522923,4.84,5.18
2026-03-09 03:50:00,0.347851,0.41526802,4.9,5.26
2026-03-09 03:55:00,0.3474631,0.41484133,5.0,5.36
2026-03-09 04:00:00,0.3474631,0.41484133,5.04,5.44
2026-03-09 04:05:00,0.34773463,0.41499649,5.1,5.54
2026-03-09 04:10:00,0.34738552,0.41476375,5.18,5.64
2026-03-09 04:15:00,0.3474631,0.41468617,5.2,5.72
2026-03-09 04:20:00,0.34734673,0.41464738,5.28,5.8
2026-03-09 04:25:00,0.34723036,0.4145698,5.32,5.9
2026-03-09 04:30:00,0.34750189,0.41453101,5.4,5.98
2026-03-09 04:35:00,0.34723036,0.41468617,5.5,6.06
2026-03-09 04:40:00,0.34703641,0.41441464,5.58,6.16
2026-03-09 04:45:00,0.34715278,0.41445343,5.62,6.26
2026-03-09 04:50:00,0.34684246,0.41414311,5.7,6.36
2026-03-09 04:55:00,0.34688125,0.41398795,5.78,6.44
2026-03-09 05:00:00,0.34680367,0.41437585,5.84,6.54
2026-03-09 05:05:00,0.3466873,0.41394916,5.9,6.6
2026-03-09 05:10:00,0.34660972,0.41406553,5.98,6.7
2026-03-09 05:15:00,0.34653214,0.41367763,6.0,6.78
2026-03-09 05:20:00,0.34645456,0.41383279,6.1,6.86
2026-03-09 05:25:00,0.34633819,0.41406553,6.16,6.92
2026-03-09 05:30:00,0.3462994,0.41336731,6.2,7.0
2026-03-09 05:35:00,0.34626061,0.41360005,6.26,7.08
2026-03-09 05:40:00,0.34622182,0.41344489,6.3,7.16
2026-03-09 05:45:00,0.34606666,0.41356126,6.36,7.2
2026-03-09 05:50:00,0.34595029,0.41371642,6.4,7.28
2026-03-09 05:55:00,0.3459115,0.4134061,6.4,7.3
2026-03-09 06:00:00,0.34583392,0.4130182,6.44,7.36
2026-03-09 06:05:00,0.34579513,0.41309578,6.5,7.4
2026-03-09 06:10:00,0.34560118,0.41325094,6.5,7.4
2026-03-09 06:15:00,0.34563997,0.41294062,6.5,7.4
2026-03-09 06:20:00,0.34579513,0.41348368,6.6,7.46
2026-03-09 06:25:00,0.34548481,0.41290183,6.6,7.5
2026-03-09 06:30:00,0.34544602,0.41309578,6.6,7.5
2026-03-09 06:35:00,0.3455236,0.41317336,6.6,7.5
2026-03-09 06:40:00,0.34544602,0.41270788,6.6,7.5
2026-03-09 06:45:00,0.34529086,0.41313457,6.7,7.5
2026-03-09 06:50:00,0.34521328,0.41274667,6.7,7.5
2026-03-09 06:55:00,0.3451357,0.41247514,6.7,7.5
2026-03-09 07:00:00,0.3451357,0.41286304,6.7,7.5
2026-03-09 07:05:00,0.3451357,0.41286304,6.7,7.5
2026-03-09 07:10:00,0.34498054,0.41255272,6.72,7.5
2026-03-09 07:15:00,0.34498054,0.41247514,6.8,7.5
2026-03-09 07:20:00,0.34494175,0.41274667,6.8,7.5
2026-03-09 07:25:00,0.34490296,0.41255272,6.8,7.5
2026-03-09 07:30:00,0.34478659,0.41231998,6.8,7.5
2026-03-09 07:35:00,0.34478659,0.41231998,6.8,7.5
2026-03-09 07:40:00,0.34486417,0.41235877,6.8,7.5
2026-03-09 07:45:00,0.34467022,0.41216482,6.8,7.42
2026-03-09 07:50:00,0.34459264,0.41247514,6.8,7.4
2026-03-09 07:55:00,0.34455385,0.41231998,6.8,7.4
2026-03-09 08:00:00,0.34443748,0.41231998,6.8,7.4
2026-03-09 08:05:00,0.34451506,0.41189329,6.8,7.4
2026-03-09 08:10:00,0.34439869,0.41231998,6.8,7.4
2026-03-09 08:15:00,0.34443748,0.41204845,6.8,7.4
2026-03-09 08:20:00,0.34439869,0.41239756,6.8,7.32
2026-03-09 08:25:00,0.34428232,0.41204845,6.8,7.3
2026-03-09 08:30:00,0.34416595,0.41228119,6.72,7.3
2026-03-09 08:35:00,0.34424353,0.4122424,6.7,7.22
2026-03-09 08:40:00,0.34408837,0.41235877,6.7,7.2
2026-03-09 08:45:00,0.34412716,0.41228119,6.7,7.14
2026-03-09 08:50:00,0.34401079,0.41212603,6.62,7.1
2026-03-09 08:55:00,0.34404958,0.41193208,6.6,7.02
2026-03-09 09:00:00,0.34408837,0.41193208,6.6,7.0
2026-03-09 09:05:00,0.34393321,0.41181571,6.6,6.92
2026-03-09 09:10:00,0.343972,0.41189329,6.54,6.88
2026-03-09 09:15:00,0.34393321,0.41197087,6.5,6.8
2026-03-09 09:20:00,0.34389442,0.4118545,6.5,6.76
2026-03-09 09:25:00,0.34377805,0.41204845,6.48,6.7
2026-03-09 09:30:00,0.34385563,0.41220361,6.4,6.64
2026-03-09 09:35:00,0.34381684,0.41204845,6.4,6.6
2026-03-09 09:40:00,0.34381684,0.41247514,6.4,6.5
2026-03-09 09:45:00,0.34377805,0.41204845,6.36,6.5
2026-03-09 09:50:00,0.34377805,0.4122424,6.3,6.4
2026-03-09 09:55:00,0.34373926,0.4122424,6.3,6.38
2026-03-09 10:00:00,0.34377805,0.41189329,6.3,6.3
2026-03-09 10:05:00,0.34373926,0.41228119,6.22,6.26
2026-03-09 10:10:00,0.34385563,0.41208724,6.2,6.2
2026-03-09 10:15:00,0.34370047,0.41200966,6.2,6.14
2026-03-09 10:20:00,0.34377805,0.41228119,6.14,6.1
2026-03-09 10:25:00,0.34389442,0.41235877,6.1,6.02
2026-03-09 10:30:00,0.34366168,0.41216482,6.1,6.0
2026-03-09 10:35:00,0.34366168,0.41243635,6.04,5.94
2026-03-09 10:40:00,0.34370047,0.41204845,6.0,5.9
2026-03-09 10:45:00,0.34370047,0.41239756,6.0,5.84
2026-03-09 10:50:00,0.34377805,0.41235877,5.96,5.8
2026-03-09 10:55:00,0.34373926,0.41259151,5.9,5.74
2026-03-09 11:00:00,0.34377805,0.41220361,5.9,5.7
2026-03-09 11:05:00,0.34389442,0.41259151,5.86,5.66
2026-03-09 11:10:00,0.34370047,0.41274667,5.8,5.6
2026-03-09 11:15:00,0.34381684,0.41243635,5.8,5.58
2026-03-09 11:20:00,0.34412716,0.41220361,5.76,5.5
2026-03-09 11:25:00,0.34377805,0.41239756,5.7,5.5
2026-03-09 11:30:00,0.34366168,0.41216482,5.7,5.42
2026-03-09 11:35:00,0.34366168,0.41247514,5.66,5.4
2026-03-09 11:40:00,0.34381684,0.41255272,5.6,5.36
2026-03-09 11:45:00,0.34362289,0.41259151,5.6,5.3
2026-03-09 11:50:00,0.34401079,0.41235877,5.58,5.3
2026-03-09 11:55:00,0.34389442,0.41270788,5.5,5.2
2026-03-09 12:00:00,0.34366168,0.4122424,5.5,5.2
2026-03-09 12:05:00,0.34362289,0.4126303,5.5,5.18
2026-03-09 12:10:00,0.34389442,0.41231998,5.4,5.1
2026-03-09 12:15:00,0.34420474,0.41235877,5.4,5.1
2026-03-09 12:20:00,0.34420474,0.4126303,5.4,5.02
2026-03-09 12:25:00,0.34370047,0.41251393,5.32,5.0
2026-03-09 12:30:00,0.34381684,0.41255272,5.3,4.98
2026-03-09 12:35:00,0.34385563,0.41270788,5.3,4.9
2026-03-09 12:40:00,0.34389442,0.41235877,5.28,4.9
2026-03-09 12:45:00,0.34362289,0.41286304,5.2,4.86
2026-03-09 12:50:00,0.34389442,0.41251393,5.2,4.8
2026-03-09 12:55:00,0.34393321,0.4122424,5.2,4.8
2026-03-09 13:00:00,0.34373926,0.4126303,5.2,4.7
2026-03-09 13:05:00,0.34377805,0.41270788,5.1,4.7
2026-03-09 13:10:00,0.34385563,0.41243635,5.1,4.7
2026-03-09 13:15:00,0.34366168,0.41243635,5.1,4.6
2026-03-09 13:20:00,0.3435841,0.4126303,5.06,4.6
2026-03-09 13:25:00,0.34424353,0.41247514,5.0,4.58
2026-03-09 13:30:00,0.34362289,0.41270788,5.0,4.5
2026-03-09 13:35:00,0.34389442,0.41286304,5.0,4.5
2026-03-09 13:40:00,0.34377805,0.41270788,4.96,4.48
2026-03-09 13:45:00,0.34377805,0.41274667,4.9,4.4
2026-03-09 13:50:00,0.34373926,0.41255272,4.9,4.4
2026-03-09 13:55:00,0.34366168,0.41282425,4.9,4.36
2026-03-09 14:00:00,0.34370047,0.41259151,4.9,4.3
2026-03-09 14:05:00,0.34401079,0.41251393,4.8,4.3
2026-03-09 14:10:00,0.34385563,0.41259151,4.8,4.3
2026-03-09 14:15:00,0.34366168,0.41243635,4.8,4.22
2026-03-09 14:20:00,0.34370047,0.41259151,4.8,4.2
2026-03-09 14:25:00,0.34354531,0.41274667,4.72,4.2
2026-03-09 14:30:00,0.34370047,0.41266909,4.7,4.14
2026-03-09 14:35:00,0.34385563,0.41266909,4.7,4.1
2026-03-09 14:40:00,0.34354531,0.41274667,4.7,4.1
2026-03-09 14:45:00,0.34370047,0.41305699,4.7,4.08
2026-03-09 14:50:00,0.343972,0.41239756,4.6,4.0
2026-03-09 14:55:00,0.34381684,0.41243635,4.6,4.0
2026-03-09 15:00:00,0.34354531,0.41294062,4.6,4.0
2026-03-09 15:05:00,0.34401079,0.41270788,4.6,3.98
2026-03-09 15:10:00,0.34370047,0.41266909,4.58,3.9
2026-03-09 15:15:00,0.34362289,0.41282425,4.5,3.9
2026-03-09 15:20:00,0.34339015,0.41270788,4.5,3.9
2026-03-09 15:25:00,0.34350652,0.4130182,4.5,3.86
2026-03-09 15:30:00,0.34389442,0.41313457,4.5,3.8
2026-03-09 15:35:00,0.3435841,0.41274667,4.5,3.8
2026-03-09 15:40:00,0.34339015,0.41243635,4.42,3.8
2026-03-09 15:45:00,0.34339015,0.41247514,4.4,3.72
2026-03-09 15:50:00,0.34339015,0.41305699,4.4,3.7
2026-03-09 15:55:00,0.34335136,0.41266909,4.4,3.7
2026-03-09 16:00:00,0.34331257,0.4126303,4.4,3.7
2026-03-09 16:05:00,0.34331257,0.41251393,4.32,3.66
2026-03-09 16:10:00,0.34315741,0.41270788,4.3,3.6
2026-03-09 16:15:00,0.3435841,0.41231998,4.3,3.6
2026-03-09 16:20:00,0.34350652,0.41235877,4.3,3.6
2026-03-09 16:25:00,0.34327378,0.41282425,4.3,3.6
2026-03-09 16:30:00,0.34311862,0.41282425,4.3,3.54
2026-03-09 16:35:00,0.34311862,0.41282425,4.26,3.5
2026-03-09 16:40:00,0.34315741,0.41239756,4.2,3.5
2026-03-09 16:45:00,0.3431962,0.41309578,4.2,3.5
2026-03-09 16:50:00,0.34296346,0.41231998,4.2,3.46
2026-03-09 16:55:00,0.34307983,0.41270788,4.2,3.4
2026-03-09 17:00:00,0.34307983,0.41266909,4.2,3.4
2026-03-09 17:05:00,0.3431962,0.41286304,4.2,3.4
2026-03-09 17:10:00,0.34284709,0.41266909,4.1,3.4
2026-03-09 17:15:00,0.3428083,0.41243635,4.1,3.4
2026-03-09 17:20:00,0.34315741,0.41255272,4.1,3.3
2026-03-09 17:25:00,0.34327378,0.4126303,4.1,3.3
2026-03-09 17:30:00,0.34292467,0.41274667,4.1,3.3
2026-03-09 17:35:00,0.34269193,0.41231998,4.1,3.3
2026-03-09 17:40:00,0.34284709,0.41255272,4.1,3.3
2026-03-09 17:45:00,0.34284709,0.41290183,4.02,3.24
2026-03-09 17:50:00,0.34288588,0.41239756,4.0,3.2
2026-03-09 17:55:00,0.3428083,0.4126303,4.0,3.2
2026-03-09 18:00:00,0.34296346,0.4126303,4.0,3.2
2026-03-09 18:05:00,0.34296346,0.41255272,4.0,3.2
2026-03-09 18:10:00,0.34284709,0.4126303,4.0,3.2
2026-03-09 18:15:00,0.34253677,0.41239756,4.0,3.1
2026-03-09 18:20:00,0.34273072,0.4126303,3.96,3.1
2026-03-09 18:25:00,0.34288588,0.41243635,3.9,3.1
2026-03-09 18:30:00,0.34273072,0.41235877,3.9,3.1
2026-03-09 18:35:00,0.34230403,0.41266909,3.9,3.1
2026-03-09 18:40:00,0.34222645,0.41266909,3.9,3.1
2026-03-09 18:45:00,0.34257556,0.41259151,3.9,3.04
2026-03-09 18:50:00,0.34238161,0.41231998,3.9,3.0
2026-03-09 18:55:00,0.34257556,0.41231998,3.9,3.0
2026-03-09 19:00:00,0.34211008,0.41216482,3.88,3.0
2026-03-09 19:05:00,0.34207129,0.41231998,3.8,3.0
2026-03-09 19:10:00,0.34211008,0.41212603,3.8,3.0
2026-03-09 19:15:00,0.34222645,0.41208724,3.8,2.98
2026-03-09 19:20:00,0.34214887,0.41212603,3.8,2.9
2026-03-09 19:25:00,0.34214887,0.41243635,3.8,2.9
2026-03-09 19:30:00,0.34191613,0.41212603,3.8,2.9
2026-03-09 19:35:00,0.34211008,0.41220361,3.8,2.9
2026-03-09 19:40:00,0.34176097,0.41208724,3.78,2.9
2026-03-09 19:45:00,0.34183855,0.41243635,3.72,2.9
2026-03-09 19:50:00,0.34183855,0.41231998,3.7,2.9
2026-03-09 19:55:00,0.34176097,0.4122424,3.7,2.86
2026-03-09 20:00:00,0.34176097,0.41212603,3.7,2.8
2026-03-09 20:05:00,0.3416446,0.41220361,3.7,2.8
2026-03-09 20:10:00,0.34148944,0.41228119,3.7,2.8
2026-03-09 20:15:00,0.34160581,0.41243635,3.7,2.8
2026-03-09 20:20:00,0.34172218,0.41197087,3.7,2.8
2026-03-09 20:25:00,0.3416446,0.41200966,3.7,2.8
2026-03-09 20:30:00,0.34160581,0.41212603,3.64,2.8
2026-03-09 20:35:00,0.34121791,0.41204845,3.6,2.8
2026-03-09 20:40:00,0.34156702,0.41193208,3.6,2.72
2026-03-09 20:45:00,0.34152823,0.41193208,3.6,2.7
2026-03-09 20:50:00,0.34129549,0.41200966,3.6,2.7
2026-03-09 20:55:00,0.34141186,0.41228119,3.6,2.7
2026-03-09 21:00:00,0.34117912,0.41208724,3.6,2.7
2026-03-09 21:05:00,0.34094638,0.4118545,3.6,2.7
2026-03-09 21:10:00,0.34114033,0.41193208,3.6,2.7
2026-03-09 21:15:00,0.3408688,0.41208724,3.56,2.7
2026-03-09 21:20:00,0.34083001,0.41177692,3.5,2.68
2026-03-09 21:25:00,0.34110154,0.41181571,3.5,2.6
2026-03-09 21:30:00,0.34094638,0.41204845,3.5,2.6
2026-03-09 21:35:00,0.34094638,0.41177692,3.5,2.6
2026-03-09 21:40:00,0.34075243,0.41247514,3.5,2.6
2026-03-09 21:45:00,0.34079122,0.41204845,3.5,2.6
2026-03-09 21:50:00,0.34063606,0.41181571,3.5,2.6
2026-03-09 21:55:00,0.34055848,0.41208724,3.5,2.6
2026-03-09 22:00:00,0.34059727,0.41212603,3.5,2.6
2026-03-09 22:05:00,0.34071364,0.4118545,3.42,2.6
2026-03-09 22:10:00,0.34032574,0.41181571,3.4,2.6
2026-03-09 22:15:00,0.34017058,0.41162176,3.4,2.54
2026-03-09 22:20:00,0.34028695,0.41162176,3.4,2.5
2026-03-09 22:25:00,0.34020937,0.41177692,3.4,2.5
2026-03-09 22:30:00,0.3404809,0.41193208,3.4,2.5
2026-03-09 22:35:00,0.34044211,0.41169934,3.4,2.5
2026-03-09 22:40:00,0.34032574,0.41150539,3.4,2.5
2026-03-09 22:45:00,0.34036453,0.41173813,3.4,2.5
2026-03-09 22:50:00,0.34028695,0.41189329,3.4,2.5
2026-03-09 22:55:00,0.34028695,0.41169934,3.4,2.5
2026-03-09 23:00:00,0.34001542,0.4114666,3.3,2.5
2026-03-09 23:05:00,0.34013179,0.41142781,3.3,2.5
2026-03-09 23:10:00,0.34005421,0.41158297,3.3,2.5
2026-03-09 23:15:00,0.34001542,0.41154418,3.3,2.5
2026-03-09 23:20:00,0.34001542,0.41154418,3.3,2.46
2026-03-09 23:25:00,0.34036453,0.41162176,3.3,2.4
2026-03-09 23:30:00,0.33982147,0.41135023,3.3,2.4
2026-03-09 23:35:00,0.33997663,0.41154418,3.3,2.4
2026-03-09 23:40:00,0.33989905,0.41135023,3.3,2.4
2026-03-09 23:45:00,0.33978268,0.41150539,3.3,2.4
2026-03-09 23:50:00,0.34001542,0.4114666,3.3,2.4
2026-03-09 23:55:00,0.340093,0.41135023,3.3,2.4
2026-03-10 00:00:00,0.33958873,0.4114666,3.3,2.4
2026-03-10 00:05:00,0.33993784,0.41135023,3.3,2.4
2026-03-10 00:10:00,0.33997663,0.41127265,3.3,2.4
2026-03-10 00:15:00,0.34001542,0.41142781,3.3,2.4
2026-03-10 00:20:00,0.34001542,0.41123386,3.24,2.4
2026-03-10 00:25:00,0.33997663,0.41115628,3.24,2.46
2026-03-10 00:30:00,0.33978268,0.41138902,3.2,2.5
2026-03-10 00:35:00,0.33986026,0.41135023,3.2,2.5
2026-03-10 00:40:00,0.34001542,0.41131144,3.2,2.5
2026-03-10 00:45:00,0.34005421,0.41135023,3.2,2.52
2026-03-10 00:50:00,0.34020937,0.41123386,3.2,2.6
2026-03-10 00:55:00,0.34032574,0.41142781,3.2,2.6
2026-03-10 01:00:00,0.33993784,0.4118545,3.2,2.7
2026-03-10 01:05:00,0.34024816,0.41103991,3.3,2.74
2026-03-10 01:10:00,0.34028695,0.41123386,3.3,2.82
2026-03-10 01:15:00,0.34020937,0.41103991,3.3,2.9
2026-03-10 01:20:00,0.34020937,0.41131144,3.3,3.0
2026-03-10 01:25:00,0.34044211,0.41123386,3.3,3.1
2026-03-10 01:30:00,0.34040332,0.41123386,3.4,3.24
2026-03-10 01:35:00,0.34013179,0.41123386,3.4,3.36
2026-03-10 01:40:00,0.34051969,0.41154418,3.44,3.5
2026-03-10 01:45:00,0.34059727,0.41119507,3.5,3.64
2026-03-10 01:50:00,0.340093,0.41115628,3.6,3.8
2026-03-10 01:55:00,0.34013179,0.41072959,3.64,3.94
2026-03-10 02:00:00,0.34044211,0.41072959,3.72,4.1
2026-03-10 02:05:00,0.34024816,0.41092354,3.8,4.24
2026-03-10 02:10:00,0.34020937,0.41076838,3.9,4.4
2026-03-10 02:15:00,0.340093,0.41076838,3.98,4.56
2026-03-10 02:20:00,0.33997663,0.41041927,4.08,4.72
2026-03-10 02:25:00,0.33982147,0.41088475,4.18,4.86
2026-03-10 02:30:00,0.34013179,0.41038048,4.28,5.04
2026-03-10 02:35:00,0.33993784,0.41022532,4.36,5.18
2026-03-10 02:40:00,0.34001542,0.41034169,4.48,5.34
2026-03-10 02:45:00,0.33982147,0.41038048,4.58,5.48
2026-03-10 02:50:00,0.33982147,0.41041927,4.68,5.64
2026-03-10 02:55:00,0.33947236,0.41003137,4.8,5.8
2026-03-10 03:00:00,0.33954994,0.40987621,4.92,5.96
2026-03-10 03:05:00,0.33927841,0.40995379,5.02,6.1
2026-03-10 03:10:00,0.33939478,0.40960468,5.14,6.26
2026-03-10 03:15:00,0.33923962,0.40948831,5.24,6.42
2026-03-10 03:20:00,0.33916204,0.40968226,5.34,6.56
2026-03-10 03:25:00,0.33904567,0.40944952,5.46,6.7
2026-03-10 03:30:00,0.33916204,0.40944952,5.58,6.84
2026-03-10 03:35:00,0.33889051,0.40906162,5.7,6.96
2026-03-10 03:40:00,0.33885172,0.4087513,5.8,7.12
2026-03-10 03:45:00,0.33869656,0.40882888,5.9,7.24
2026-03-10 03:50:00,0.33873535,0.40863493,6.0,7.36
2026-03-10 03:55:00,0.33858019,0.40871251,6.08,7.48
2026-03-10 04:00:00,0.33838624,0.40890646,6.18,7.6
2026-03-10 04:05:00,0.33838624,0.40840219,6.28,7.72
2026-03-10 04:10:00,0.33834745,0.40844098,6.38,7.84
2026-03-10 04:15:00,0.33819229,0.40816945,6.48,7.96
2026-03-10 04:20:00,0.33811471,0.40820824,6.56,8.06
2026-03-10 04:25:00,0.33811471,0.40789792,6.64,8.18
2026-03-10 04:30:00,0.33803713,0.40820824,6.72,8.3
2026-03-10 04:35:00,0.33795955,0.40820824,6.82,8.42
2026-03-10 04:40:00,0.33772681,0.40816945,6.92,8.54
2026-03-10 04:45:00,0.3377656,0.40793671,7.0,8.64
2026-03-10 04:50:00,0.3377656,0.40778155,7.1,8.74
2026-03-10 04:55:00,0.33764923,0.40774276,7.18,8.84
2026-03-10 05:00:00,0.33757165,0.40801429,7.24,8.92
2026-03-10 05:05:00,0.33749407,0.40770397,7.3,9.02
2026-03-10 05:10:00,0.33741649,0.40739365,7.38,9.1
2026-03-10 05:15:00,0.33733891,0.40743244,7.44,9.2
2026-03-10 05:20:00,0.33730012,0.40716091,7.5,9.28
2026-03-10 05:25:00,0.33714496,0.40692817,7.6,9.34
2026-03-10 05:30:00,0.33714496,0.40727728,7.64,9.42
2026-03-10 05:35:00,0.33710617,0.40685059,7.7,9.5
2026-03-10 05:40:00,0.33691222,0.40700575,7.8,9.58
2026-03-10 05:45:00,0.33695101,0.40677301,7.84,9.62
2026-03-10 05:50:00,0.33683464,0.40712212,7.9,9.7
2026-03-10 05:55:00,0.33671827,0.40692817,8.0,9.76
2026-03-10 06:00:00,0.3366019,0.40654027,8.04,9.8
2026-03-10 06:05:00,0.33656311,0.40657906,8.1,9.88
2026-03-10 06:10:00,0.33648553,0.40654027,8.1,9.9
2026-03-10 06:15:00,0.33644674,0.40622995,8.2,9.98
2026-03-10 06:20:00,0.33636916,0.40622995,8.2,10.0
2026-03-10 06:25:00,0.33629158,0.40607479,8.3,10.0
2026-03-10 06:30:00,0.33613642,0.406036,8.3,10.08
2026-03-10 06:35:00,0.33613642,0.40611358,8.38,10.1
2026-03-10 06:40:00,0.33609763,0.40591963,8.4,10.1
2026-03-10 06:45:00,0.33605884,0.40595842,8.42,10.1
2026-03-10 06:50:00,0.33590368,0.40591963,8.5,10.1
2026-03-10 06:55:00,0.33590368,0.40599721,8.5,10.1
2026-03-10 07:00:00,0.33574852,0.40599721,8.5,10.1
2026-03-10 07:05:00,0.33563215,0.40568689,8.5,10.1
2026-03-10 07:10:00,0.33547699,0.40580326,8.5,10.1
2026-03-10 07:15:00,0.33528304,0.40591963,8.52,10.1
2026-03-10 07:20:00,0.33536062,0.406036,8.6,10.1
2026-03-10 07:25:00,0.33532183,0.40541536,8.58,10.1
2026-03-10 07:30:00,0.33524425,0.40568689,8.5,10.0
2026-03-10 07:35:00,0.33528304,0.40568689,8.5,10.0
2026-03-10 07:40:00,0.33508909,0.40576447,8.5,9.98
2026-03-10 07:45:00,0.33497272,0.40560931,8.5,9.9
2026-03-10 07:50:00,0.33493393,0.4056481,8.5,9.86
2026-03-10 07:55:00,0.33489514,0.40580326,8.5,9.8
2026-03-10 08:00:00,0.33485635,0.40549294,8.42,9.74
2026-03-10 08:05:00,0.33481756,0.40568689,8.4,9.7
2026-03-10 08:10:00,0.33470119,0.40560931,8.4,9.6
2026-03-10 08:15:00,0.3346624,0.4056481,8.36,9.56
2026-03-10 08:20:00,0.33454603,0.40576447,8.3,9.5
2026-03-10 08:25:00,0.33450724,0.40537657,8.3,9.4
2026-03-10 08:30:00,0.33446845,0.40557052,8.24,9.34
2026-03-10 08:35:00,0.33435208,0.40560931,8.2,9.28
2026-03-10 08:40:00,0.33435208,0.40545415,8.2,9.2
2026-03-10 08:45:00,0.33435208,0.40560931,8.12,9.1
2026-03-10 08:50:00,0.33415813,0.40553173,8.1,9.02
2026-03-10 08:55:00,0.3342745,0.40537657,8.02,8.96
2026-03-10 09:00:00,0.33415813,0.40545415,8.0,8.88
2026-03-10 09:05:00,0.33419692,0.40545415,7.96,8.8
2026-03-10 09:10:00,0.33404176,0.40580326,7.9,8.7
2026-03-10 09:15:00,0.33411934,0.40576447,7.9,8.64
2026-03-10 09:20:00,0.33408055,0.40553173,7.84,8.56
2026-03-10 09:25:00,0.33404176,0.40572568,7.8,8.48
2026-03-10 09:30:00,0.33404176,0.40553173,7.8,8.4
2026-03-10 09:35:00,0.33400297,0.40537657,7.7,8.32
2026-03-10 09:40:00,0.33396418,0.40553173,7.7,8.24
2026-03-10 09:45:00,0.33392539,0.40580326,7.68,8.18
2026-03-10 09:50:00,0.33400297,0.40518262,7.6,8.1
2026-03-10 09:55:00,0.33400297,0.40553173,7.6,8.0
2026-03-10 10:00:00,0.3338866,0.40557052,7.54,7.94
2026-03-10 10:05:00,0.33396418,0.40557052,7.5,7.9
2026-03-10 10:10:00,0.33400297,0.40572568,7.5,7.8
2026-03-10 10:15:00,0.33384781,0.40549294,7.4,7.74
2026-03-10 10:20:00,0.33392539,0.40560931,7.4,7.7
2026-03-10 10:25:00,0.33384781,0.40588084,7.36,7.6
2026-03-10 10:30:00,0.3338866,0.40576447,7.3,7.54
2026-03-10 10:35:00,0.3338866,0.4056481,7.3,7.5
2026-03-10 10:40:00,0.33396418,0.40580326,7.22,7.4
2026-03-10 10:45:00,0.33380902,0.40568689,7.2,7.36
2026-03-10 10:50:00,0.3338866,0.40568689,7.16,7.3
2026-03-10 10:55:00,0.33377023,0.40591963,7.1,7.22
2026-03-10 11:00:00,0.33392539,0.40568689,7.1,7.2
2026-03-10 11:05:00,0.33392539,0.40568689,7.0,7.1
2026-03-10 11:10:00,0.33380902,0.40584205,7.0,7.06
2026-03-10 11:15:00,0.33377023,0.40591963,6.94,7.0
2026-03-10 11:20:00,0.33384781,0.40560931,6.9,6.94
2026-03-10 11:25:00,0.33380902,0.40611358,6.88,6.9
2026-03-10 11:30:00,0.33384781,0.40584205,6.8,6.82
2026-03-10 11:35:00,0.33392539,0.40615237,6.8,6.8
2026-03-10 11:40:00,0.33392539,0.40595842,6.74,6.7
2026-03-10 11:45:00,0.33396418,0.40580326,6.7,6.66
2026-03-10 11:50:00,0.33400297,0.40576447,6.66,6.6
2026-03-10 11:55:00,0.33384781,0.40595842,6.6,6.54
2026-03-10 12:00:00,0.33400297,0.40599721,6.6,6.5
2026-03-10 12:05:00,0.33396418,0.40646269,6.52,6.44
2026-03-10 12:10:00,0.33392539,0.40595842,6.5,6.4
2026-03-10 12:15:00,0.33392539,0.40622995,6.46,6.32
2026-03-10 12:20:00,0.33396418,0.40611358,6.4,6.3
2026-03-10 12:25:00,0.33396418,0.40591963,6.4,6.2
2026-03-10 12:30:00,0.33400297,0.40646269,6.32,6.18
2026-03-10 12:35:00,0.33404176,0.40654027,6.3,6.1
2026-03-10 12:40:00,0.33396418,0.40634632,6.26,6.06
2026-03-10 12:45:00,0.33400297,0.40626874,6.2,6.0
2026-03-10 12:50:00,0.33408055,0.40622995,6.2,5.96
2026-03-10 12:55:00,0.33408055,0.40634632,6.1,5.9
2026-03-10 13:00:00,0.33415813,0.40638511,6.1,5.86
2026-03-10 13:05:00,0.33415813,0.40638511,6.06,5.8
2026-03-10 13:10:00,0.33419692,0.40657906,6.0,5.74
2026-03-10 13:15:00,0.33408055,0.40650148,6.0,5.7
2026-03-10 13:20:00,0.33415813,0.40669543,5.94,5.66
2026-03-10 13:25:00,0.33415813,0.4064239,5.9,5.6
2026-03-10 13:30:00,0.33408055,0.40638511,5.9,5.58
2026-03-10 13:35:00,0.33431329,0.40657906,5.82,5.5
2026-03-10 13:40:00,0.3342745,0.40646269,5.8,5.5
2026-03-10 13:45:00,0.33415813,0.40677301,5.78,5.4
2026-03-10 13:50:00,0.33419692,0.40685059,5.7,5.4
2026-03-10 13:55:00,0.33485635,0.4068118,5.7,5.32
2026-03-10 14:00:00,0.33435208,0.4064239,5.68,5.3
2026-03-10 14:05:00,0.3342745,0.40673422,5.6,5.28
2026-03-10 14:10:00,0.33419692,0.40669543,5.6,5.2
2026-03-10 14:15:00,0.33419692,0.40657906,5.6,5.2
2026-03-10 14:20:00,0.33423571,0.40669543,5.5,5.14
2026-03-10 14:25:00,0.33415813,0.40654027,5.5,5.1
2026-03-10 14:30:00,0.33419692,0.40661785,5.5,5.08
2026-03-10 14:35:00,0.33493393,0.40661785,5.4,5.0
2026-03-10 14:40:00,0.33431329,0.40661785,5.4,5.0
2026-03-10 14:45:00,0.33442966,0.40661785,5.4,4.94
2026-03-10 14:50:00,0.3342745,0.40673422,5.34,4.9
2026-03-10 14:55:00,0.33442966,0.40688938,5.3,4.9
2026-03-10 15:00:00,0.33454603,0.40669543,5.3,4.82
2026-03-10 15:05:00,0.33439087,0.40685059,5.3,4.8
2026-03-10 15:10:00,0.33446845,0.40654027,5.22,4.78
2026-03-10 15:15:00,0.33439087,0.40657906,5.2,4.7
2026-03-10 15:20:00,0.33435208,0.40661785,5.2,4.7
2026-03-10 15:25:00,0.33439087,0.40696696,5.2,4.68
2026-03-10 15:30:00,0.33458482,0.40665664,5.18,4.6
2026-03-10 15:35:00,0.33439087,0.40723849,5.1,4.6
2026-03-10 15:40:00,0.33435208,0.40712212,5.1,4.6
2026-03-10 15:45:00,0.33442966,0.40673422,5.1,4.5
2026-03-10 15:50:00,0.33419692,0.40731607,5.06,4.5
2026-03-10 15:55:00,0.33419692,0.40646269,5.0,4.5
2026-03-10 16:00:00,0.33431329,0.40646269,5.0,4.42
2026-03-10 16:05:00,0.3342745,0.40688938,5.0,4.4
2026-03-10 16:10:00,0.33435208,0.40708333,4.98,4.4
2026-03-10 16:15:00,0.33454603,0.40685059,4.9,4.3
2026-03-10 16:20:00,0.33411934,0.40700575,4.9,4.3
2026-03-10 16:25:00,0.33450724,0.40673422,4.9,4.3
2026-03-10 16:30:00,0.33411934,0.40688938,4.9,4.24
2026-03-10 16:35:00,0.33411934,0.40692817,4.84,4.2
2026-03-10 16:40:00,0.33450724,0.40712212,4.8,4.2
2026-03-10 16:45:00,0.3342745,0.40696696,4.8,4.2
2026-03-10 16:50:00,0.3342745,0.40696696,4.8,4.1
2026-03-10 16:55:00,0.33423571,0.4068118,4.8,4.1
2026-03-10 17:00:00,0.33419692,0.40751002,4.7,4.1
2026-03-10 17:05:00,0.33411934,0.40692817,4.7,4.04
2026-03-10 17:10:00,0.33419692,0.40712212,4.7,4.0
2026-03-10 17:15:00,0.3342745,0.40688938,4.7,4.0
2026-03-10 17:20:00,0.33415813,0.40692817,4.68,4.0
2026-03-10 17:25:00,0.33404176,0.4071997,4.6,3.96
2026-03-10 17:30:00,0.33392539,0.40731607,4.6,3.9
2026-03-10 17:35:00,0.33404176,0.40708333,4.6,3.9
2026-03-10 17:40:00,0.33408055,0.40700575,4.6,3.9
2026-03-10 17:45:00,0.33384781,0.40685059,4.6,3.9
2026-03-10 17:50:00,0.33396418,0.40708333,4.52,3.8
2026-03-10 17:55:00,0.33384781,0.40685059,4.5,3.8
2026-03-10 18:00:00,0.33408055,0.40700575,4.5,3.8
2026-03-10 18:05:00,0.33400297,0.4071997,4.5,3.8
2026-03-10 18:10:00,0.33373144,0.40723849,4.5,3.72
2026-03-10 18:15:00,0.33415813,0.40685059,4.5,3.7
2026-03-10 18:20:00,0.33396418,0.4071997,4.42,3.7
2026-03-10 18:25:00,0.33384781,0.40700575,4.4,3.7
2026-03-10 18:30:00,0.33392539,0.40723849,4.4,3.7
2026-03-10 18:35:00,0.3338866,0.40704454,4.4,3.62
2026-03-10 18:40:00,0.3338866,0.40700575,4.38,3.6
2026-03-10 18:45:00,0.33365386,0.40708333,4.3,3.6
2026-03-10 18:50:00,0.33377023,0.40723849,4.3,3.6
2026-03-10 18:55:00,0.33380902,0.40700575,4.3,3.6
2026-03-10 19:00:00,0.33357628,0.40739365,4.3,3.54
2026-03-10 19:05:00,0.33392539,0.40685059,4.3,3.5
2026-03-10 19:10:00,0.33373144,0.40638511,4.3,3.5
2026-03-10 19:15:00,0.3334987,0.40673422,4.3,3.5
2026-03-10 19:20:00,0.33365386,0.40634632,4.2,3.5
2026-03-10 19:25:00,0.33377023,0.40638511,4.2,3.44
2026-03-10 19:30:00,0.33408055,0.40646269,4.2,3.4
2026-03-10 19:35:00,0.33365386,0.40622995,4.2,3.4
2026-03-10 19:40:00,0.3334987,0.4068118,4.2,3.4
2026-03-10 19:45:00,0.33338233,0.40646269,4.2,3.4
2026-03-10 19:50:00,0.33353749,0.40619116,4.2,3.4
2026-03-10 19:55:00,0.33334354,0.4064239,4.1,3.34
2026-03-10 20:00:00,0.33342112,0.40630753,4.1,3.3
2026-03-10 20:05:00,0.33380902,0.40619116,4.1,3.3
2026-03-10 20:10:00,0.33342112,0.40607479,4.1,3.3
2026-03-10 20:15:00,0.33334354,0.40622995,4.1,3.3
2026-03-10 20:20:00,0.33345991,0.4064239,4.1,3.3
2026-03-10 20:25:00,0.33342112,0.40619116,4.06,3.24
2026-03-10 20:30:00,0.33342112,0.406036,4.0,3.2
2026-03-10 20:35:00,0.33334354,0.40626874,4.0,3.2
2026-03-10 20:40:00,0.33318838,0.40611358,4.0,3.2
2026-03-10 20:45:00,0.33345991,0.40591963,4.0,3.2
2026-03-10 20:50:00,0.3334987,0.40591963,4.0,3.2
2026-03-10 20:55:00,0.33380902,0.40595842,4.0,3.12
2026-03-10 21:00:00,0.33287806,0.40611358,4.0,3.1
2026-03-10 21:05:00,0.33330475,0.40646269,4.0,3.1
2026-03-10 21:10:00,0.33299443,0.40599721,3.9,3.1
2026-03-10 21:15:00,0.33303322,0.40650148,3.9,3.1
2026-03-10 21:20:00,0.33299443,0.4064239,3.9,3.1
2026-03-10 21:25:00,0.3327229,0.40615237,3.9,3.1
2026-03-10 21:30:00,0.33322717,0.40622995,3.9,3.02
2026-03-10 21:35:00,0.33280048,0.40607479,3.9,3.0
2026-03-10 21:40:00,0.33280048,0.40638511,3.9,3.0
2026-03-10 21:45:00,0.33283927,0.40607479,3.9,3.0
2026-03-10 21:50:00,0.33280048,0.40615237,3.82,3.0
2026-03-10 21:55:00,0.33280048,0.40588084,3.8,3.0
2026-03-10 22:00:00,0.33307201,0.40607479,3.8,2.98
2026-03-10 22:05:00,0.33264532,0.406036,3.8,2.9
2026-03-10 22:10:00,0.33264532,0.40611358,3.8,2.9
2026-03-10 22:15:00,0.33252895,0.40591963,3.8,2.9
2026-03-10 22:20:00,0.33245137,0.406036,3.8,2.9
2026-03-10 22:25:00,0.33241258,0.406036,3.74,2.9
2026-03-10 22:30:00,0.33264532,0.40591963,3.7,2.9
2026-03-10 22:35:00,0.33287806,0.40599721,3.7,2.9
2026-03-10 22:40:00,0.33252895,0.40599721,3.7,2.9
2026-03-10 22:45:00,0.33241258,0.40576447,3.7,2.84
2026-03-10 22:50:00,0.33225742,0.40595842,3.7,2.8
2026-03-10 22:55:00,0.33256774,0.40595842,3.7,2.8
2026-03-10 23:00:00,0.33256774,0.40599721,3.7,2.8
2026-03-10 23:05:00,0.33249016,0.40607479,3.7,2.8
2026-03-10 23:10:00,0.33241258,0.40568689,3.68,2.8
2026-03-10 23:15:00,0.33264532,0.40568689,3.6,2.8
2026-03-10 23:20:00,0.33229621,0.40572568,3.6,2.8
2026-03-10 23:25:00,0.33249016,0.40568689,3.6,2.8
2026-03-10 23:30:00,0.33249016,0.40576447,3.6,2.8
2026-03-10 23:35:00,0.33225742,0.40607479,3.6,2.8
2026-03-10 23:40:00,0.33241258,0.40599721,3.6,2.8
2026-03-10 23:45:00,0.33256774,0.4056481,3.6,2.8
2026-03-10 23:50:00,0.33264532,0.40591963,3.6,2.8
2026-03-10 23:55:00,0.33252895,0.40580326,3.6,2.8
2026-03-11 00:00:00,0.33237379,0.40576447,3.6,2.8
2026-03-11 00:05:00,0.33252895,0.40560931,3.6,2.8
2026-03-11 00:10:00,0.33260653,0.40588084,3.6,2.8
2026-03-11 00:15:00,0.33280048,0.40553173,3.6,2.8
2026-03-11 00:20:00,0.33237379,0.40568689,3.6,2.9
2026-03-11 00:25:00,0.33249016,0.40545415,3.6,2.9
2026-03-11 00:30:00,0.33245137,0.40568689,3.6,2.9
2026-03-11 00:35:00,0.3327229,0.40588084,3.6,2.96
2026-03-11 00:40:00,0.3327229,0.40607479,3.6,3.0
2026-03-11 00:45:00,0.33299443,0.40572568,3.6,3.06
2026-03-11 00:50:00,0.33268411,0.40584205,3.6,3.1
2026-03-11 00:55:00,0.33280048,0.40595842,3.6,3.2
2026-03-11 01:00:00,0.33280048,0.4056481,3.6,3.28
2026-03-11 01:05:00,0.33307201,0.40568689,3.6,3.34
2026-03-11 01:10:00,0.33299443,0.40557052,3.7,3.44
2026-03-11 01:15:00,0.33283927,0.40568689,3.7,3.56
2026-03-11 01:20:00,0.3331108,0.4056481,3.7,3.66
2026-03-11 01:25:00,0.33291685,0.40529899,3.8,3.76
2026-03-11 01:30:00,0.33307201,0.40549294,3.82,3.88
2026-03-11 01:35:00,0.3327229,0.40533778,3.9,4.02
2026-03-11 01:40:00,0.33264532,0.40541536,3.94,4.14
2026-03-11 01:45:00,0.33283927,0.40557052,4.0,4.26
2026-03-11 01:50:00,0.33299443,0.40568689,4.08,4.38
2026-03-11 01:55:00,0.3331108,0.40518262,4.16,4.54
2026-03-11 02:00:00,0.33280048,0.40529899,4.24,4.66
2026-03-11 02:05:00,0.33260653,0.40537657,4.32,4.8
2026-03-11 02:10:00,0.33260653,0.40506625,4.42,4.94
2026-03-11 02:15:00,0.3327229,0.40475593,4.5,5.06
2026-03-11 02:20:00,0.33249016,0.4048723,4.6,5.22
2026-03-11 02:25:00,0.33256774,0.40475593,4.7,5.36
2026-03-11 02:30:00,0.33252895,0.40471714,4.8,5.5
2026-03-11 02:35:00,0.33249016,0.40429045,4.9,5.64
2026-03-11 02:40:00,0.332335,0.4044844,5.0,5.76
2026-03-11 02:45:00,0.33241258,0.40429045,5.08,5.92
2026-03-11 02:50:00,0.33206347,0.40429045,5.2,6.04
2026-03-11 02:55:00,0.33221863,0.40398013,5.26,6.18
2026-03-11 03:00:00,0.33206347,0.40401892,5.36,6.32
2026-03-11 03:05:00,0.3319471,0.40405771,5.44,6.44
2026-03-11 03:10:00,0.33190831,0.40355344,5.54,6.56
2026-03-11 03:15:00,0.33202468,0.40390255,5.64,6.72
2026-03-11 03:20:00,0.33186952,0.40347586,5.76,6.84
2026-03-11 03:25:00,0.33163678,0.40347586,5.86,6.96
2026-03-11 03:30:00,0.33144283,0.40339828,5.96,7.08
2026-03-11 03:35:00,0.33140404,0.40320433,6.06,7.22
2026-03-11 03:40:00,0.33144283,0.40355344,6.16,7.32
2026-03-11 03:45:00,0.33144283,0.40335949,6.24,7.44
2026-03-11 03:50:00,0.33124888,0.40304917,6.34,7.54
2026-03-11 03:55:00,0.33121009,0.40289401,6.42,7.66
2026-03-11 04:00:00,0.33093856,0.4025449,6.52,7.76
2026-03-11 04:05:00,0.33093856,0.40285522,6.6,7.88
2026-03-11 04:10:00,0.33089977,0.40266127,6.7,7.98
2026-03-11 04:15:00,0.33082219,0.40235095,6.78,8.08
2026-03-11 04:20:00,0.33086098,0.4025449,6.86,8.18
2026-03-11 04:25:00,0.33058945,0.402157,6.94,8.26
2026-03-11 04:30:00,0.33058945,0.40227337,7.0,8.36
2026-03-11 04:35:00,0.33066703,0.40204063,7.08,8.46
2026-03-11 04:40:00,0.33055066,0.40188547,7.16,8.54
2026-03-11 04:45:00,0.33043429,0.40211821,7.22,8.64
2026-03-11 04:50:00,0.3303955,0.40231216,7.3,8.72
2026-03-11 04:55:00,0.33024034,0.4017691,7.38,8.8
2026-03-11 05:00:00,0.33016276,0.40219579,7.42,8.9
2026-03-11 05:05:00,0.33020155,0.40192426,7.5,8.98
2026-03-11 05:10:00,0.33004639,0.4017691,7.6,9.04
2026-03-11 05:15:00,0.32993002,0.40161394,7.66,9.1
2026-03-11 05:20:00,0.32977486,0.40157515,7.7,9.2
2026-03-11 05:25:00,0.32965849,0.40130362,7.8,9.24
2026-03-11 05:30:00,0.32977486,0.40114846,7.8,9.3
2026-03-11 05:35:00,0.32965849,0.4009933,7.9,9.36
2026-03-11 05:40:00,0.32954212,0.40134241,7.9,9.4
2026-03-11 05:45:00,0.32950333,0.40107088,7.98,9.4
2026-03-11 05:50:00,0.32942575,0.40095451,8.0,9.5
2026-03-11 05:55:00,0.32934817,0.40068298,8.04,9.5
2026-03-11 06:00:00,0.3292318,0.40045024,8.1,9.5
2026-03-11 06:05:00,0.32915422,0.40083814,8.1,9.54
2026-03-11 06:10:00,0.3292318,0.40107088,8.18,9.6
2026-03-11 06:15:00,0.32899906,0.40068298,8.2,9.6
2026-03-11 06:20:00,0.32896027,0.40072177,8.2,9.6
2026-03-11 06:25:00,0.32896027,0.40052782,8.24,9.6
2026-03-11 06:30:00,0.3288439,0.40064419,8.3,9.6
2026-03-11 06:35:00,0.32861116,0.40048903,8.3,9.6
2026-03-11 06:40:00,0.32857237,0.40083814,8.3,9.62
2026-03-11 06:45:00,0.32841721,0.40056661,8.3,9.6
2026-03-11 06:50:00,0.328456,0.40045024,8.3,9.6
2026-03-11 06:55:00,0.32837842,0.40029508,8.34,9.6
2026-03-11 07:00:00,0.32841721,0.40010113,8.4,9.6
2026-03-11 07:05:00,0.32826205,0.40041145,8.4,9.6
2026-03-11 07:10:00,0.32810689,0.39990718,8.4,9.6
2026-03-11 07:15:00,0.3280681,0.40045024,8.4,9.6
2026-03-11 07:20:00,0.32799052,0.40013992,8.4,9.6
2026-03-11 07:25:00,0.32795173,0.40041145,8.4,9.52
2026-03-11 07:30:00,0.32791294,0.40006234,8.4,9.5
2026-03-11 07:35:00,0.32791294,0.40025629,8.4,9.5
2026-03-11 07:40:00,0.32783536,0.40006234,8.4,9.5
2026-03-11 07:45:00,0.32775778,0.40010113,8.4,9.46
2026-03-11 07:50:00,0.32771899,0.3998296,8.32,9.4
2026-03-11 07:55:00,0.3276802,0.39990718,8.3,9.4
2026-03-11 08:00:00,0.32764141,0.39990718,8.3,9.4
2026-03-11 08:05:00,0.32760262,0.40006234,8.3,9.32
2026-03-11 08:10:00,0.32756383,0.39979081,8.3,9.3
2026-03-11 08:15:00,0.32744746,0.39975202,8.3,9.28
2026-03-11 08:20:00,0.32740867,0.40013992,8.3,9.2
2026-03-11 08:25:00,0.32736988,0.39994597,8.2,9.2
2026-03-11 08:35:00,0.17655436,0.21646927,7.91,9.19
2026-03-11 08:40:00,0.26643079,0.38241289,7.52,8.48
2026-03-11 08:45:00,0.2590219,0.38373175,7.24,7.94
2026-03-11 08:50:00,0.25948738,0.38408086,7.08,7.68
2026-03-11 08:55:00,0.25975891,0.38404207,7.0,7.54
2026-03-11 09:00:00,0.25995286,0.38423602,6.92,7.42
2026-03-11 09:05:00,0.26014681,0.38369296,6.9,7.4
2026-03-11 09:10:00,0.26030197,0.38400328,6.8,7.3
2026-03-11 09:15:00,0.26309485,0.38396449,6.78,7.3
2026-03-11 09:20:00,0.26394823,0.38369296,6.7,7.28
2026-03-11 09:25:00,0.26383186,0.3839257,6.66,7.2
2026-03-11 09:30:00,0.2640646,0.38400328,6.6,7.2
2026-03-11 09:35:00,0.2640646,0.38369296,6.52,7.2
2026-03-11 09:40:00,0.26418097,0.38388691,6.48,7.16
2026-03-11 09:45:00,0.26418097,0.38346022,6.4,7.1
2026-03-11 09:50:00,0.26425855,0.38377054,6.34,7.1
2026-03-11 09:55:00,0.26441371,0.38334385,6.3,7.08
2026-03-11 10:00:00,0.2644525,0.38357659,6.2,7.0
2026-03-11 10:05:00,0.26449129,0.38357659,6.14,7.0
2026-03-11 10:10:00,0.26464645,0.38377054,6.1,7.0
2026-03-11 10:15:00,0.26468524,0.38365417,6.0,6.92
2026-03-11 10:20:00,0.26503435,0.38357659,5.96,6.9
2026-03-11 10:25:00,0.26495677,0.38361538,5.9,6.9
2026-03-11 10:30:00,0.26491798,0.3839257,5.84,6.82
2026-03-11 10:35:00,0.2648404,0.38377054,5.8,6.8
2026-03-11 10:40:00,0.26499556,0.38377054,5.7,6.8
2026-03-11 10:45:00,0.26515072,0.38346022,5.68,6.74
2026-03-11 10:50:00,0.26518951,0.38326627,5.6,6.7
2026-03-11 10:55:00,0.2652283,0.38373175,5.58,6.7
2026-03-11 11:00:00,0.26526709,0.38322748,5.5,6.6
2026-03-11 11:05:00,0.26530588,0.38373175,5.46,6.6
2026-03-11 11:10:00,0.26549983,0.38318869,5.4,6.58
2026-03-11 11:15:00,0.26569378,0.38346022,5.36,6.5
2026-03-11 11:20:00,0.26546104,0.38326627,5.3,6.5
2026-03-11 11:25:00,0.26577136,0.38377054,5.26,6.48
2026-03-11 11:30:00,0.26565499,0.3835378,5.2,6.4
2026-03-11 11:35:00,0.26557741,0.38326627,5.2,6.4
2026-03-11 11:40:00,0.2656162,0.38322748,5.12,6.38
2026-03-11 11:45:00,0.26581015,0.38373175,5.1,6.3
2026-03-11 11:50:00,0.26592652,0.38361538,5.0,6.3
2026-03-11 11:55:00,0.26596531,0.38349901,5.0,6.26
2026-03-11 12:00:00,0.26604289,0.38349901,4.92,6.2
2026-03-11 12:05:00,0.26581015,0.38365417,4.9,6.2
2026-03-11 12:10:00,0.26592652,0.38373175,4.86,6.14
2026-03-11 12:15:00,0.2660041,0.38338264,4.8,6.1
2026-03-11 12:20:00,0.26615926,0.38384812,4.78,6.1
2026-03-11 12:25:00,0.26623684,0.38338264,4.7,6.04
2026-03-11 12:30:00,0.26604289,0.38400328,4.7,6.0
2026-03-11 12:35:00,0.266392,0.38373175,4.64,6.0
2026-03-11 12:40:00,0.26643079,0.3835378,4.6,5.94
2026-03-11 12:45:00,0.26623684,0.38369296,4.6,5.9
2026-03-11 12:50:00,0.26643079,0.38377054,4.54,5.9
2026-03-11 12:55:00,0.26643079,0.38373175,4.5,5.84
2026-03-11 13:00:00,0.26646958,0.38377054,4.5,5.8
2026-03-11 13:05:00,0.26662474,0.38384812,4.48,5.8
2026-03-11 13:10:00,0.26650837,0.38408086,4.4,5.74
2026-03-11 13:15:00,0.26643079,0.38388691,4.4,5.7
2026-03-11 13:20:00,0.26646958,0.3839257,4.4,5.7
2026-03-11 13:25:00,0.26666353,0.38400328,4.3,5.68
2026-03-11 13:30:00,0.26658595,0.38361538,4.3,5.6
2026-03-11 13:35:00,0.26670232,0.38380933,4.3,5.6
2026-03-11 13:40:00,0.26666353,0.38400328,4.28,5.6
2026-03-11 13:45:00,0.2667799,0.38384812,4.2,5.52
2026-03-11 13:50:00,0.26681869,0.38400328,4.2,5.5
2026-03-11 13:55:00,0.26685748,0.38365417,4.2,5.5
2026-03-11 14:00:00,0.26697385,0.38384812,4.16,5.44
2026-03-11 14:05:00,0.26705143,0.38423602,4.1,5.4
2026-03-11 14:10:00,0.26712901,0.38415844,4.1,5.4
2026-03-11 14:15:00,0.26701264,0.38404207,4.1,5.4
2026-03-11 14:20:00,0.26701264,0.38411965,4.04,5.3
2026-03-11 14:25:00,0.26701264,0.38377054,4.0,5.3
2026-03-11 14:30:00,0.26701264,0.38411965,4.0,5.3
2026-03-11 14:35:00,0.26712901,0.38404207,4.0,5.3
2026-03-11 14:40:00,0.26701264,0.38404207,3.98,5.22
2026-03-11 14:45:00,0.26705143,0.38400328,3.9,5.2
2026-03-11 14:50:00,0.26697385,0.3839257,3.9,5.2
2026-03-11 14:55:00,0.26751691,0.38404207,3.9,5.2
2026-03-11 15:00:00,0.26724538,0.38396449,3.9,5.1
2026-03-11 15:05:00,0.26705143,0.38400328,3.84,5.1
2026-03-11 15:10:00,0.26720659,0.38373175,3.8,5.1
2026-03-11 15:15:00,0.26724538,0.38380933,3.8,5.08
2026-03-11 15:20:00,0.26743933,0.38365417,3.8,5.0
2026-03-11 15:25:00,0.26728417,0.3839257,3.76,5.0
2026-03-11 15:30:00,0.26736175,0.38435239,3.7,5.0
2026-03-11 15:35:00,0.26740054,0.38408086,3.7,5.0
2026-03-11 15:40:00,0.26747812,0.38404207,3.7,4.92
2026-03-11 15:45:00,0.26751691,0.38408086,3.7,4.9
2026-03-11 15:50:00,0.26771086,0.38435239,3.64,4.9
2026-03-11 15:55:00,0.2675557,0.38419723,3.6,4.9
2026-03-11 16:00:00,0.26751691,0.38435239,3.6,4.88
2026-03-11 16:05:00,0.26732296,0.38369296,3.6,4.8
2026-03-11 16:10:00,0.26767207,0.38411965,3.6,4.8
2026-03-11 16:15:00,0.26747812,0.38415844,3.56,4.8
2026-03-11 16:20:00,0.26759449,0.38427481,3.5,4.8
2026-03-11 16:25:00,0.26778844,0.38408086,3.5,4.72
2026-03-11 16:30:00,0.26771086,0.38446876,3.5,4.7
2026-03-11 16:35:00,0.26802118,0.38408086,3.5,4.7
2026-03-11 16:40:00,0.26771086,0.38415844,3.48,4.7
2026-03-11 16:45:00,0.2679436,0.38415844,3.4,4.7
2026-03-11 16:50:00,0.26790481,0.38423602,3.4,4.64
2026-03-11 16:55:00,0.26782723,0.38427481,3.4,4.6
2026-03-11 17:00:00,0.26802118,0.38439118,3.4,4.6
2026-03-11 17:05:00,0.26778844,0.38388691,3.4,4.6
2026-03-11 17:10:00,0.26759449,0.38442997,3.4,4.6
2026-03-11 17:15:00,0.26763328,0.38439118,3.32,4.58
2026-03-11 17:20:00,0.2675557,0.38380933,3.3,4.5
2026-03-11 17:25:00,0.26774965,0.38427481,3.3,4.5
2026-03-11 17:30:00,0.26751691,0.38396449,3.3,4.5
2026-03-11 17:35:00,0.26774965,0.38415844,3.3,4.5
2026-03-11 17:40:00,0.26751691,0.38423602,3.3,4.5
2026-03-11 17:45:00,0.26771086,0.38427481,3.24,4.42
2026-03-11 17:50:00,0.26774965,0.38411965,3.2,4.4
2026-03-11 17:55:00,0.26763328,0.38435239,3.2,4.4
2026-03-11 18:00:00,0.26771086,0.38423602,3.2,4.4
2026-03-11 18:05:00,0.26751691,0.38446876,3.2,4.4
2026-03-11 18:10:00,0.26771086,0.38411965,3.2,4.32
2026-03-11 18:15:00,0.26767207,0.38458513,3.1,4.3
2026-03-11 18:20:00,0.26778844,0.38408086,3.1,4.3
2026-03-11 18:25:00,0.26763328,0.38411965,3.1,4.3
2026-03-11 18:30:00,0.26771086,0.38415844,3.1,4.3
2026-03-11 18:35:00,0.26767207,0.38442997,3.1,4.3
2026-03-11 18:40:00,0.26771086,0.38419723,3.1,4.24
2026-03-11 18:45:00,0.26809876,0.38458513,3.1,4.2
2026-03-11 18:50:00,0.26809876,0.38435239,3.02,4.2
2026-03-11 18:55:00,0.26837029,0.38404207,3.0,4.2
2026-03-11 19:00:00,0.26790481,0.38423602,3.0,4.2
2026-03-11 19:05:00,0.26813755,0.38466271,3.0,4.2
2026-03-11 19:10:00,0.26809876,0.38442997,3.0,4.18
2026-03-11 19:15:00,0.26790481,0.38423602,3.0,4.1
2026-03-11 19:20:00,0.26790481,0.38439118,3.0,4.1
2026-03-11 19:25:00,0.26798239,0.38450755,2.9,4.1
2026-03-11 19:30:00,0.26805997,0.38408086,2.9,4.1
2026-03-11 19:35:00,0.26805997,0.38411965,2.9,4.1
2026-03-11 19:40:00,0.26782723,0.38442997,2.9,4.1
2026-03-11 19:45:00,0.2679436,0.38458513,2.9,4.0
2026-03-11 19:50:00,0.26805997,0.38442997,2.9,4.0
2026-03-11 19:55:00,0.26805997,0.38466271,2.9,4.0
2026-03-11 20:00:00,0.26798239,0.38423602,2.88,4.0
2026-03-11 20:05:00,0.26782723,0.38442997,2.8,4.0
2026-03-11 20:10:00,0.26802118,0.38435239,2.8,4.0
2026-03-11 20:15:00,0.26821513,0.38450755,2.8,4.0
2026-03-11 20:20:00,0.26802118,0.38435239,2.8,3.96
2026-03-11 20:25:00,0.26809876,0.38411965,2.8,3.9
2026-03-11 20:30:00,0.2679436,0.38423602,2.8,3.9
2026-03-11 20:35:00,0.26802118,0.38474029,2.8,3.9
2026-03-11 20:40:00,0.26809876,0.38427481,2.8,3.9
2026-03-11 20:45:00,0.2679436,0.38458513,2.72,3.9
2026-03-11 20:50:00,0.26821513,0.38423602,2.7,3.9
2026-03-11 20:55:00,0.26809876,0.38423602,2.7,3.9
2026-03-11 21:00:00,0.26802118,0.38423602,2.7,3.8
2026-03-11 21:05:00,0.26805997,0.38442997,2.7,3.8
2026-03-11 21:10:00,0.26790481,0.38442997,2.7,3.8
2026-03-11 21:15:00,0.26805997,0.38442997,2.7,3.8
2026-03-11 21:20:00,0.26771086,0.38427481,2.64,3.8
2026-03-11 21:25:00,0.2679436,0.38408086,2.6,3.8
2026-03-11 21:30:00,0.26782723,0.38423602,2.6,3.8
2026-03-11 21:35:00,0.2679436,0.38423602,2.6,3.72
2026-03-11 21:40:00,0.26805997,0.38423602,2.6,3.7
2026-03-11 21:45:00,0.26821513,0.38439118,2.6,3.7
2026-03-11 21:50:00,0.26813755,0.38419723,2.6,3.7
2026-03-11 21:55:00,0.26821513,0.38404207,2.6,3.7
2026-03-11 22:00:00,0.26798239,0.3843136,2.6,3.7
2026-03-11 22:05:00,0.26802118,0.38442997,2.5,3.7
2026-03-11 22:10:00,0.26813755,0.38408086,2.5,3.7
2026-03-11 22:15:00,0.26817634,0.38439118,2.5,3.64
2026-03-11 22:20:00,0.26825392,0.38427481,2.5,3.6
2026-03-11 22:25:00,0.26805997,0.38427481,2.5,3.6
2026-03-11 22:30:00,0.26805997,0.38458513,2.5,3.6
2026-03-11 22:35:00,0.26821513,0.38427481,2.5,3.6
2026-03-11 22:40:00,0.2679436,0.38442997,2.5,3.6
2026-03-11 22:45:00,0.26802118,0.38384812,2.5,3.6
2026-03-11 22:50:00,0.26805997,0.38454634,2.5,3.6
2026-03-11 22:55:00,0.26798239,0.38419723,2.5,3.6
2026-03-11 23:00:00,0.26802118,0.38462392,2.5,3.52
2026-03-11 23:05:00,0.26778844,0.38388691,2.5,3.5
2026-03-11 23:10:00,0.26778844,0.38446876,2.5,3.5
2026-03-11 23:15:00,0.26844787,0.38427481,2.5,3.5
2026-03-11 23:20:00,0.26805997,0.3843136,2.5,3.5
2026-03-11 23:25:00,0.26821513,0.38423602,2.5,3.5
2026-03-11 23:30:00,0.26805997,0.38404207,2.5,3.5
2026-03-11 23:35:00,0.2679436,0.38450755,2.5,3.5
2026-03-11 23:40:00,0.2679436,0.38442997,2.5,3.5
2026-03-11 23:45:00,0.26774965,0.38423602,2.58,3.42
2026-03-11 23:50:00,0.26778844,0.38400328,2.6,3.4
2026-03-11 23:55:00,0.26763328,0.38427481,2.62,3.4
2026-03-12 00:00:00,0.26778844,0.38384812,2.7,3.4
2026-03-12 00:05:00,0.26778844,0.38427481,2.78,3.4
2026-03-12 00:10:00,0.26740054,0.38423602,2.88,3.4
2026-03-12 00:15:00,0.26728417,0.38411965,3.0,3.4
2026-03-12 00:20:00,0.26759449,0.38427481,3.14,3.4
2026-03-12 00:25:00,0.26705143,0.38419723,3.3,3.4
2026-03-12 00:30:00,0.2671678,0.38415844,3.48,3.4
2026-03-12 00:35:00,0.26728417,0.38408086,3.68,3.4
2026-03-12 00:40:00,0.26689627,0.38423602,3.88,3.4
2026-03-12 00:45:00,0.2667799,0.38384812,4.06,3.4
2026-03-12 00:50:00,0.26658595,0.38408086,4.26,3.4
2026-03-12 00:55:00,0.26631442,0.38408086,4.46,3.4
2026-03-12 01:00:00,0.26635321,0.38442997,4.64,3.48
2026-03-12 01:05:00,0.26615926,0.38404207,4.84,3.5
2026-03-12 01:10:00,0.2660041,0.38419723,5.04,3.5
2026-03-12 01:15:00,0.26588773,0.38423602,5.24,3.56
2026-03-12 01:20:00,0.26581015,0.38404207,5.4,3.6
2026-03-12 01:25:00,0.26565499,0.38419723,5.6,3.62
2026-03-12 01:30:00,0.26565499,0.38435239,5.78,3.7
2026-03-12 01:35:00,0.26542225,0.38361538,5.96,3.74
2026-03-12 01:40:00,0.26530588,0.38408086,6.14,3.8
2026-03-12 01:45:00,0.2652283,0.38380933,6.3,3.9
2026-03-12 01:50:00,0.26507314,0.38408086,6.46,3.96
2026-03-12 01:55:00,0.26515072,0.38361538,6.64,4.02
2026-03-12 02:00:00,0.26480161,0.38404207,6.78,4.1
2026-03-12 02:05:00,0.26480161,0.3839257,6.94,4.2
2026-03-12 02:10:00,0.26476282,0.38388691,7.08,4.28
2026-03-12 02:15:00,0.26472403,0.38365417,7.22,4.36
2026-03-12 02:20:00,0.26464645,0.38349901,7.34,4.46
2026-03-12 02:25:00,0.26449129,0.38330506,7.44,4.54
2026-03-12 02:30:00,0.26441371,0.38326627,7.52,4.64
2026-03-12 02:35:00,0.26437492,0.38357659,7.6,4.72
2026-03-12 02:40:00,0.26425855,0.38365417,7.7,4.82
2026-03-12 02:45:00,0.26437492,0.38346022,7.7,4.92
2026-03-12 02:50:00,0.26421976,0.38330506,7.74,5.02
2026-03-12 02:55:00,0.26441371,0.38338264,7.8,5.12
2026-03-12 03:00:00,0.26425855,0.38307232,7.8,5.2
2026-03-12 03:05:00,0.26414218,0.38307232,7.86,5.3
2026-03-12 03:10:00,0.26418097,0.38287837,7.9,5.38
2026-03-12 03:15:00,0.26414218,0.38283958,7.96,5.48
2026-03-12 03:20:00,0.26398702,0.38307232,8.0,5.58
2026-03-12 03:25:00,0.2640646,0.38299474,8.02,5.68
2026-03-12 03:30:00,0.26402581,0.38283958,8.1,5.76
2026-03-12 03:35:00,0.26390944,0.38229652,8.1,5.86
2026-03-12 03:40:00,0.26402581,0.38260684,8.1,5.96
2026-03-12 03:45:00,0.26418097,0.3823741,8.1,6.04
2026-03-12 03:50:00,0.26414218,0.38214136,8.1,6.12
2026-03-12 03:55:00,0.26398702,0.38252926,8.1,6.2
2026-03-12 04:00:00,0.26402581,0.38249047,8.16,6.3
2026-03-12 04:05:00,0.26394823,0.38225773,8.2,6.36
2026-03-12 04:10:00,0.26390944,0.38221894,8.28,6.4
2026-03-12 04:15:00,0.26394823,0.38218015,8.32,6.5
2026-03-12 04:20:00,0.26402581,0.38221894,8.4,6.52
2026-03-12 04:25:00,0.26390944,0.38194741,8.46,6.6
2026-03-12 04:30:00,0.26379307,0.38190862,8.5,6.64
2026-03-12 04:35:00,0.26383186,0.38225773,8.6,6.7
2026-03-12 04:40:00,0.26379307,0.38202499,8.62,6.78
2026-03-12 04:45:00,0.26375428,0.38194741,8.7,6.8
2026-03-12 04:50:00,0.26363791,0.38167588,8.72,6.9
2026-03-12 04:55:00,0.2636767,0.3819862,8.8,6.94
2026-03-12 05:00:00,0.26363791,0.38167588,8.8,7.0
2026-03-12 05:05:00,0.26363791,0.38183104,8.84,7.06
2026-03-12 05:10:00,0.26371549,0.38179225,8.9,7.12
2026-03-12 05:15:00,0.26359912,0.38202499,8.9,7.2
2026-03-12 05:20:00,0.2636767,0.38152072,8.9,7.24
2026-03-12 05:25:00,0.26375428,0.38144314,8.9,7.3
2026-03-12 05:30:00,0.26371549,0.38132677,9.0,7.38
2026-03-12 05:35:00,0.26371549,0.38140435,9.0,7.4
2026-03-12 05:40:00,0.26356033,0.38113282,9.0,7.5
2026-03-12 05:45:00,0.2636767,0.38136556,9.0,7.54
2026-03-12 05:50:00,0.26375428,0.38105524,9.0,7.6
2026-03-12 05:55:00,0.26375428,0.38124919,9.0,7.66
2026-03-12 06:00:00,0.26375428,0.3812104,8.98,7.7
2026-03-12 06:05:00,0.26371549,0.38062855,8.9,7.78
2026-03-12 06:10:00,0.26379307,0.38109403,8.9,7.8
2026-03-12 06:15:00,0.2636767,0.38128798,8.9,7.88
2026-03-12 06:20:00,0.2636767,0.38078371,8.9,7.9
2026-03-12 06:25:00,0.26379307,0.38058976,8.9,7.96
2026-03-12 06:30:00,0.2636767,0.38086129,8.8,8.0
2026-03-12 06:35:00,0.26379307,0.38090008,8.8,8.0
2026-03-12 06:40:00,0.26371549,0.38066734,8.78,8.1
2026-03-12 06:45:00,0.26387065,0.38105524,8.7,8.1
2026-03-12 06:50:00,0.26383186,0.38090008,8.7,8.1
2026-03-12 06:55:00,0.26387065,0.38062855,8.64,8.2
2026-03-12 07:00:00,0.26383186,0.38090008,8.6,8.2
2026-03-12 07:05:00,0.26402581,0.38058976,8.58,8.2
2026-03-12 07:10:00,0.26402581,0.38086129,8.5,8.2
2026-03-12 07:15:00,0.26390944,0.38039581,8.5,8.2
2026-03-12 07:20:00,0.26418097,0.38078371,8.4,8.3
2026-03-12 07:25:00,0.2640646,0.38047339,8.4,8.3
2026-03-12 07:30:00,0.2640646,0.38020186,8.34,8.3
2026-03-12 07:35:00,0.26402581,0.38035702,8.3,8.3
2026-03-12 07:40:00,0.26402581,0.38070613,8.28,8.3
2026-03-12 07:45:00,0.2640646,0.38039581,8.2,8.3
2026-03-12 07:50:00,0.26421976,0.38012428,8.2,8.3
2026-03-12 07:55:00,0.26421976,0.3804346,8.12,8.3
2026-03-12 08:00:00,0.26414218,0.38027944,8.1,8.3
2026-03-12 08:05:00,0.26414218,0.38047339,8.04,8.3
2026-03-12 08:10:00,0.26421976,0.38024065,8.0,8.3
2026-03-12 08:15:00,0.26433613,0.38020186,7.98,8.3
2026-03-12 08:20:00,0.26429734,0.38058976,7.9,8.3
2026-03-12 08:25:00,0.26437492,0.3800467,7.9,8.3
2026-03-12 08:30:00,0.26429734,0.3804346,7.82,8.3
2026-03-12 08:35:00,0.26441371,0.37985275,7.8,8.3
2026-03-12 08:40:00,0.26441371,0.38024065,7.74,8.3
2026-03-12 08:45:00,0.26441371,0.38031823,7.7,8.3
2026-03-12 08:50:00,0.26437492,0.38027944,7.66,8.3
2026-03-12 08:55:00,0.2644525,0.38039581,7.6,8.3
2026-03-12 09:00:00,0.2644525,0.37996912,7.54,8.3
2026-03-12 09:05:00,0.26433613,0.38016307,7.5,8.26
2026-03-12 09:10:00,0.26453008,0.38035702,7.44,8.2
2026-03-12 09:15:00,0.26437492,0.38012428,7.4,8.2
2026-03-12 09:20:00,0.26441371,0.38031823,7.34,8.2
2026-03-12 09:25:00,0.26453008,0.38008549,7.3,8.2
2026-03-12 09:30:00,0.26456887,0.38012428,7.22,8.16
2026-03-12 09:35:00,0.26456887,0.38024065,7.2,8.1
2026-03-12 09:40:00,0.26464645,0.38012428,7.1,8.1
2026-03-12 09:45:00,0.26456887,0.37989154,7.06,8.1
2026-03-12 09:50:00,0.26453008,0.37981396,7.0,8.0
2026-03-12 09:55:00,0.26464645,0.38012428,6.94,8.0
2026-03-12 10:00:00,0.26460766,0.38008549,6.9,8.0
2026-03-12 10:05:00,0.26468524,0.38000791,6.8,7.94
2026-03-12 10:10:00,0.26476282,0.38016307,6.8,7.9
2026-03-12 10:15:00,0.26480161,0.38020186,6.7,7.9
2026-03-12 10:20:00,0.26472403,0.37996912,6.66,7.86
2026-03-12 10:25:00,0.2648404,0.38027944,6.6,7.8
2026-03-12 10:30:00,0.26491798,0.38020186,6.52,7.8
2026-03-12 10:35:00,0.26507314,0.38012428,6.5,7.74
2026-03-12 10:40:00,0.26499556,0.38020186,6.4,7.7
2026-03-12 10:45:00,0.26495677,0.3800467,6.4,7.7
2026-03-12 10:50:00,0.26491798,0.37996912,6.3,7.64
2026-03-12 10:55:00,0.26495677,0.38070613,6.28,7.6
2026-03-12 11:00:00,0.26503435,0.3800467,6.2,7.58
2026-03-12 11:05:00,0.26518951,0.3804346,6.18,7.5
2026-03-12 11:10:00,0.26511193,0.37993033,6.1,7.5
2026-03-12 11:15:00,0.26515072,0.38012428,6.08,7.44
2026-03-12 11:20:00,0.26515072,0.38016307,6.0,7.4
2026-03-12 11:25:00,0.26511193,0.38031823,6.0,7.4
2026-03-12 11:30:00,0.26538346,0.38008549,5.92,7.34
2026-03-12 11:35:00,0.26530588,0.3804346,5.9,7.3
2026-03-12 11:40:00,0.26518951,0.38035702,5.84,7.3
2026-03-12 11:45:00,0.26549983,0.38070613,5.8,7.22
2026-03-12 11:50:00,0.26538346,0.38016307,5.78,7.2
2026-03-12 11:55:00,0.26546104,0.38020186,5.7,7.2
2026-03-12 12:00:00,0.26530588,0.38031823,5.7,7.12
2026-03-12 12:05:00,0.26538346,0.38047339,5.62,7.1
2026-03-12 12:10:00,0.26534467,0.38058976,5.6,7.08
2026-03-12 12:15:00,0.26569378,0.38039581,5.56,7.0
2026-03-12 12:20:00,0.26553862,0.38047339,5.5,7.0
2026-03-12 12:25:00,0.26549983,0.38051218,5.5,6.98
2026-03-12 12:30:00,0.26565499,0.38047339,5.4,6.9
2026-03-12 12:35:00,0.26557741,0.38074492,5.4,6.9
2026-03-12 12:40:00,0.26565499,0.38070613,5.32,6.86
2026-03-12 12:45:00,0.2656162,0.38031823,5.3,6.8
2026-03-12 12:50:00,0.26553862,0.38047339,5.26,6.8
2026-03-12 12:55:00,0.26569378,0.38070613,5.2,6.76
2026-03-12 13:00:00,0.26584894,0.38066734,5.2,6.7
2026-03-12 13:05:00,0.2656162,0.38055097,5.16,6.7
2026-03-12 13:10:00,0.2656162,0.38074492,5.1,6.64
2026-03-12 13:15:00,0.26592652,0.38055097,5.08,6.6
2026-03-12 13:20:00,0.26573257,0.38055097,5.0,6.6
2026-03-12 13:25:00,0.26577136,0.3804346,5.0,6.54
2026-03-12 13:30:00,0.26612047,0.38070613,4.96,6.5
2026-03-12 13:35:00,0.26577136,0.38031823,4.9,6.5
2026-03-12 13:40:00,0.26581015,0.38062855,4.9,6.44
2026-03-12 13:45:00,0.26581015,0.38047339,4.86,6.4
2026-03-12 13:50:00,0.26584894,0.38078371,4.8,6.4
2026-03-12 13:55:00,0.26604289,0.38058976,4.8,6.34
2026-03-12 14:00:00,0.26577136,0.38090008,4.72,6.3
2026-03-12 14:05:00,0.26596531,0.38113282,4.7,6.3
2026-03-12 14:10:00,0.26612047,0.3804346,4.7,6.24
2026-03-12 14:15:00,0.26608168,0.38035702,4.62,6.2
2026-03-12 14:20:00,0.26596531,0.38055097,4.6,6.2
2026-03-12 14:25:00,0.26627563,0.38105524,4.6,6.12
2026-03-12 14:30:00,0.26608168,0.38097766,4.56,6.1
2026-03-12 14:35:00,0.2660041,0.38070613,4.5,6.1
2026-03-12 14:40:00,0.266392,0.38066734,4.5,6.02
2026-03-12 14:45:00,0.26623684,0.38062855,4.5,6.0
2026-03-12 14:50:00,0.26619805,0.38051218,4.4,6.0
2026-03-12 14:55:00,0.26604289,0.3808225,4.4,5.94
2026-03-12 15:00:00,0.26604289,0.38051218,4.4,5.9
2026-03-12 15:05:00,0.26604289,0.38101645,4.3,5.9
2026-03-12 15:10:00,0.26615926,0.38078371,4.3,5.88
2026-03-12 15:15:00,0.26612047,0.38078371,4.3,5.8
2026-03-12 15:20:00,0.26643079,0.38070613,4.28,5.8
2026-03-12 15:25:00,0.26615926,0.38105524,4.2,5.8
2026-03-12 15:30:00,0.26619805,0.38074492,4.2,5.7
2026-03-12 15:35:00,0.26619805,0.3808225,4.2,5.7
2026-03-12 15:40:00,0.26650837,0.38105524,4.2,5.7
2026-03-12 15:45:00,0.266392,0.38117161,4.1,5.66
2026-03-12 15:50:00,0.26643079,0.38093887,4.1,5.6
2026-03-12 15:55:00,0.26619805,0.3808225,4.1,5.6
2026-03-12 16:00:00,0.26646958,0.38090008,4.08,5.6
2026-03-12 16:05:00,0.26635321,0.38117161,4.0,5.54
2026-03-12 16:10:00,0.26658595,0.38101645,4.0,5.5
2026-03-12 16:15:00,0.26635321,0.3808225,4.0,5.5
2026-03-12 16:20:00,0.26658595,0.38090008,4.0,5.5
2026-03-12 16:25:00,0.26646958,0.38097766,3.92,5.4
2026-03-12 16:30:00,0.26670232,0.38136556,3.9,5.4
2026-03-12 16:35:00,0.26643079,0.38086129,3.9,5.4
2026-03-12 16:40:00,0.26635321,0.3808225,3.9,5.4
2026-03-12 16:45:00,0.26650837,0.38086129,3.88,5.3
2026-03-12 16:50:00,0.26643079,0.38136556,3.8,5.3
2026-03-12 16:55:00,0.26658595,0.38066734,3.8,5.3
2026-03-12 17:00:00,0.2667799,0.38128798,3.8,5.3
2026-03-12 17:05:00,0.26674111,0.38105524,3.8,5.22
2026-03-12 17:10:00,0.26670232,0.38078371,3.72,5.2
2026-03-12 17:15:00,0.26681869,0.38109403,3.7,5.2
2026-03-12 17:20:00,0.2667799,0.38113282,3.7,5.2
2026-03-12 17:25:00,0.26666353,0.38113282,3.7,5.18
2026-03-12 17:30:00,0.26666353,0.38109403,3.7,5.1
2026-03-12 17:35:00,0.26654716,0.38113282,3.62,5.1
2026-03-12 17:40:00,0.26635321,0.38097766,3.6,5.1
2026-03-12 17:45:00,0.26627563,0.3808225,3.6,5.08
2026-03-12 17:50:00,0.26643079,0.38124919,3.6,5.0
2026-03-12 17:55:00,0.26623684,0.38109403,3.6,5.0
2026-03-12 18:00:00,0.266392,0.38144314,3.56,5.0
2026-03-12 18:05:00,0.26631442,0.3812104,3.5,5.0
2026-03-12 18:10:00,0.26631442,0.38124919,3.5,4.94
2026-03-12 18:15:00,0.26662474,0.38105524,3.5,4.9
2026-03-12 18:20:00,0.26627563,0.3812104,3.5,4.9
2026-03-12 18:25:00,0.26623684,0.38124919,3.42,4.9
2026-03-12 18:30:00,0.26631442,0.38109403,3.4,4.9
2026-03-12 18:35:00,0.266392,0.38105524,3.4,4.82
2026-03-12 18:40:00,0.26631442,0.38128798,3.4,4.8
2026-03-12 18:45:00,0.26654716,0.38093887,3.4,4.8
2026-03-12 18:50:00,0.26658595,0.38105524,3.4,4.8
2026-03-12 18:55:00,0.26623684,0.38105524,3.36,4.76
2026-03-12 19:00:00,0.26631442,0.3812104,3.3,4.7
2026-03-12 19:05:00,0.26619805,0.38117161,3.3,4.7
2026-03-12 19:10:00,0.26643079,0.38097766,3.3,4.7
2026-03-12 19:15:00,0.26627563,0.38117161,3.3,4.7
2026-03-12 19:20:00,0.26643079,0.38155951,3.3,4.68
2026-03-12 19:25:00,0.266392,0.38155951,3.3,4.6
2026-03-12 19:30:00,0.26646958,0.38117161,3.2,4.6
2026-03-12 19:35:00,0.2667799,0.38136556,3.2,4.6
2026-03-12 19:40:00,0.2667799,0.38140435,3.2,4.6
2026-03-12 19:45:00,0.266392,0.38113282,3.2,4.6
2026-03-12 19:50:00,0.26643079,0.38136556,3.2,4.5
2026-03-12 19:55:00,0.26658595,0.38128798,3.14,4.5
2026-03-12 20:00:00,0.26646958,0.38113282,3.1,4.5
2026-03-12 20:05:00,0.26646958,0.38101645,3.1,4.5
2026-03-12 20:10:00,0.26646958,0.38117161,3.1,4.5
2026-03-12 20:15:00,0.26646958,0.38148193,3.1,4.46
2026-03-12 20:20:00,0.26654716,0.38113282,3.1,4.4
2026-03-12 20:25:00,0.26627563,0.38140435,3.1,4.4
2026-03-12 20:30:00,0.26650837,0.38117161,3.04,4.4
2026-03-12 20:35:00,0.266392,0.38090008,3.0,4.4
2026-03-12 20:40:00,0.26658595,0.38155951,3.0,4.34
2026-03-12 20:45:00,0.26643079,0.38105524,3.0,4.3
2026-03-12 20:50:00,0.26650837,0.38090008,3.0,4.3
2026-03-12 20:55:00,0.26654716,0.38136556,3.0,4.3
2026-03-12 21:00:00,0.26689627,0.38109403,2.94,4.3
2026-03-12 21:05:00,0.26662474,0.38144314,2.9,4.3
2026-03-12 21:10:00,0.26685748,0.38074492,2.9,4.22
2026-03-12 21:15:00,0.26643079,0.38140435,2.9,4.2
2026-03-12 21:20:00,0.26662474,0.38128798,2.9,4.2
2026-03-12 21:25:00,0.26654716,0.38101645,2.9,4.2
2026-03-12 21:30:00,0.26693506,0.38109403,2.9,4.2
2026-03-12 21:35:00,0.26693506,0.3812104,2.86,4.2
2026-03-12 21:40:00,0.26658595,0.38109403,2.8,4.12
2026-03-12 21:45:00,0.26654716,0.38101645,2.8,4.1
2026-03-12 21:50:00,0.26654716,0.38086129,2.8,4.1
2026-03-12 21:55:00,0.26662474,0.38117161,2.8,4.1
2026-03-12 22:00:00,0.26662474,0.38090008,2.8,4.1
2026-03-12 22:05:00,0.26662474,0.38144314,2.8,4.08
2026-03-12 22:10:00,0.26685748,0.3812104,2.78,4.0
2026-03-12 22:15:00,0.26670232,0.38113282,2.7,4.0
2026-03-12 22:20:00,0.26681869,0.38140435,2.7,4.0
2026-03-12 22:25:00,0.26685748,0.38124919,2.7,4.0
2026-03-12 22:30:00,0.26646958,0.38093887,2.7,4.0
2026-03-12 22:35:00,0.26685748,0.38109403,2.7,4.0
2026-03-12 22:40:00,0.26666353,0.38097766,2.7,3.92
2026-03-12 22:45:00,0.26662474,0.38105524,2.7,3.9
2026-03-12 22:50:00,0.26646958,0.38140435,2.7,3.9
2026-03-12 22:55:00,0.26623684,0.38128798,2.7,3.9
2026-03-12 23:00:00,0.26643079,0.38132677,2.7,3.9
2026-03-12 23:05:00,0.26619805,0.38066734,2.7,3.9
2026-03-12 23:10:00,0.26670232,0.3812104,2.7,3.9
2026-03-12 23:15:00,0.26612047,0.3808225,2.74,3.8
2026-03-12 23:20:00,0.26619805,0.3808225,2.8,3.8
2026-03-12 23:25:00,0.26619805,0.38117161,2.82,3.8
2026-03-12 23:30:00,0.26615926,0.38140435,2.9,3.8
2026-03-12 23:35:00,0.26592652,0.38140435,2.98,3.8
2026-03-12 23:40:00,0.26581015,0.38132677,3.12,3.8
2026-03-12 23:45:00,0.26569378,0.38109403,3.26,3.8
2026-03-12 23:50:00,0.26596531,0.38086129,3.4,3.78
2026-03-12 23:55:00,0.26549983,0.38093887,3.56,3.7
2026-03-13 00:00:00,0.26546104,0.3812104,3.76,3.7
2026-03-13 00:05:00,0.26549983,0.38109403,3.94,3.7
2026-03-13 00:10:00,0.26526709,0.38101645,4.12,3.7
2026-03-13 00:15:00,0.26511193,0.38113282,4.3,3.7
2026-03-13 00:20:00,0.26487919,0.38128798,4.52,3.7
2026-03-13 00:25:00,0.26476282,0.38136556,4.7,3.7
2026-03-13 00:30:00,0.26472403,0.38109403,4.9,3.7
2026-03-13 00:35:00,0.26441371,0.38109403,5.08,3.78
2026-03-13 00:40:00,0.26429734,0.38101645,5.26,3.8
2026-03-13 00:45:00,0.26421976,0.38097766,5.44,3.8
2026-03-13 00:50:00,0.26402581,0.38086129,5.6,3.84
2026-03-13 00:55:00,0.26398702,0.38101645,5.76,3.9
2026-03-13 01:00:00,0.26394823,0.38101645,5.94,3.9
2026-03-13 01:05:00,0.26375428,0.38113282,6.1,4.0
2026-03-13 01:10:00,0.2636767,0.38105524,6.28,4.02
2026-03-13 01:15:00,0.26356033,0.38090008,6.46,4.1
2026-03-13 01:20:00,0.26336638,0.38101645,6.64,4.18
2026-03-13 01:25:00,0.26325001,0.38101645,6.8,4.22
2026-03-13 01:30:00,0.26325001,0.38055097,6.96,4.3
2026-03-13 01:35:00,0.26321122,0.3808225,7.14,4.4
2026-03-13 01:40:00,0.26301727,0.38074492,7.26,4.48
2026-03-13 01:45:00,0.26305606,0.38055097,7.42,4.56
2026-03-13 01:50:00,0.2629009,0.38058976,7.56,4.64
2026-03-13 01:55:00,0.26282332,0.38047339,7.72,4.72
2026-03-13 02:00:00,0.26266816,0.38008549,7.86,4.82
2026-03-13 02:05:00,0.26266816,0.3804346,8.02,4.9
2026-03-13 02:10:00,0.262513,0.38051218,8.16,5.0
2026-03-13 02:15:00,0.26247421,0.38008549,8.28,5.1
2026-03-13 02:20:00,0.26239663,0.38051218,8.38,5.2
2026-03-13 02:25:00,0.26243542,0.38000791,8.5,5.3
2026-03-13 02:30:00,0.26243542,0.38035702,8.6,5.38
2026-03-13 02:35:00,0.26228026,0.37977517,8.66,5.48
2026-03-13 02:40:00,0.26231905,0.37993033,8.7,5.58
2026-03-13 02:45:00,0.26231905,0.37985275,8.7,5.7
2026-03-13 02:50:00,0.26220268,0.37969759,8.7,5.78
2026-03-13 02:55:00,0.26231905,0.37981396,8.7,5.9
2026-03-13 03:00:00,0.2621251,0.37938727,8.7,6.0
2026-03-13 03:05:00,0.26220268,0.3796588,8.74,6.1
2026-03-13 03:10:00,0.26216389,0.37934848,8.8,6.22
2026-03-13 03:15:00,0.2621251,0.37954243,8.8,6.32
2026-03-13 03:20:00,0.26200873,0.37907695,8.86,6.42
2026-03-13 03:25:00,0.26193115,0.37915453,8.9,6.52
2026-03-13 03:30:00,0.26196994,0.37892179,8.9,6.62
2026-03-13 03:35:00,0.26204752,0.378883,8.9,6.72
2026-03-13 03:40:00,0.26200873,0.37872784,8.88,6.82
2026-03-13 03:45:00,0.2621251,0.37892179,8.8,6.92
2026-03-13 03:50:00,0.26200873,0.37861147,8.8,7.0
2026-03-13 03:55:00,0.26208631,0.378883,8.8,7.1
2026-03-13 04:00:00,0.26196994,0.37865026,8.8,7.18
2026-03-13 04:05:00,0.26216389,0.37837873,8.8,7.24
2026-03-13 04:10:00,0.26200873,0.378883,8.8,7.3
2026-03-13 04:15:00,0.26196994,0.37830115,8.88,7.38
2026-03-13 04:20:00,0.26204752,0.378883,8.92,7.4
2026-03-13 04:25:00,0.26193115,0.37822357,9.0,7.48
2026-03-13 04:30:00,0.26200873,0.3784951,9.0,7.5
2026-03-13 04:35:00,0.26200873,0.37795204,9.1,7.56
2026-03-13 04:40:00,0.26204752,0.37799083,9.1,7.6
2026-03-13 04:45:00,0.26193115,0.37799083,9.12,7.68
2026-03-13 04:50:00,0.26200873,0.37791325,9.2,7.7
2026-03-13 04:55:00,0.26181478,0.37826236,9.2,7.78
2026-03-13 05:00:00,0.26189236,0.37791325,9.24,7.8
2026-03-13 05:05:00,0.26200873,0.37779688,9.3,7.9
2026-03-13 05:10:00,0.26169841,0.37775809,9.32,7.92
2026-03-13 05:15:00,0.26177599,0.37787446,9.4,8.0
2026-03-13 05:20:00,0.26177599,0.37775809,9.4,8.04
2026-03-13 05:25:00,0.2617372,0.37822357,9.48,8.1
2026-03-13 05:30:00,0.26189236,0.3777193,9.5,8.18
2026-03-13 05:35:00,0.26158204,0.37779688,9.5,8.2
2026-03-13 05:40:00,0.26169841,0.37764172,9.58,8.3
2026-03-13 05:45:00,0.26169841,0.37740898,9.6,8.34
2026-03-13 05:50:00,0.2617372,0.37756414,9.6,8.4
2026-03-13 05:55:00,0.26169841,0.37740898,9.6,8.48
2026-03-13 06:00:00,0.2617372,0.3777193,9.6,8.52
2026-03-13 06:05:00,0.26165962,0.37725382,9.6,8.6
2026-03-13 06:10:00,0.26165962,0.37729261,9.6,8.66
2026-03-13 06:15:00,0.2617372,0.37740898,9.6,8.7
2026-03-13 06:20:00,0.2617372,0.37748656,9.5,8.76
2026-03-13 06:25:00,0.26169841,0.37725382,9.5,8.8
2026-03-13 06:30:00,0.26181478,0.37690471,9.5,8.88
2026-03-13 06:35:00,0.26181478,0.37729261,9.48,8.9
2026-03-13 06:40:00,0.26177599,0.37686592,9.4,8.94
2026-03-13 06:45:00,0.26169841,0.37674955,9.4,9.0
2026-03-13 06:50:00,0.26189236,0.37717624,9.32,9.0
2026-03-13 06:55:00,0.26181478,0.37698229,9.3,9.06
2026-03-13 07:00:00,0.26185357,0.37671076,9.22,9.1
2026-03-13 07:05:00,0.26185357,0.37647802,9.18,9.1
2026-03-13 07:10:00,0.26200873,0.37690471,9.1,9.1
2026-03-13 07:15:00,0.26189236,0.37663318,9.08,9.2
2026-03-13 07:20:00,0.26193115,0.37674955,9.0,9.2
2026-03-13 07:25:00,0.26196994,0.37690471,8.94,9.2
2026-03-13 07:30:00,0.26193115,0.37678834,8.9,9.2
2026-03-13 07:35:00,0.26200873,0.37678834,8.84,9.26
2026-03-13 07:40:00,0.26204752,0.37651681,8.8,9.3
2026-03-13 07:45:00,0.26200873,0.37643923,8.72,9.3
2026-03-13 07:50:00,0.26204752,0.37632286,8.7,9.3
2026-03-13 07:55:00,0.2621251,0.37678834,8.64,9.3
2026-03-13 08:00:00,0.2621251,0.37636165,8.6,9.3
2026-03-13 08:05:00,0.26224147,0.37674955,8.54,9.3
2026-03-13 08:10:00,0.26224147,0.37620649,8.5,9.3
2026-03-13 08:15:00,0.2621251,0.37632286,8.44,9.3
2026-03-13 08:20:00,0.26228026,0.37647802,8.4,9.3
2026-03-13 08:25:00,0.26235784,0.37647802,8.36,9.3
2026-03-13 08:30:00,0.26220268,0.37636165,8.3,9.3
2026-03-13 08:35:00,0.26228026,0.37609012,8.26,9.3
2026-03-13 08:40:00,0.26224147,0.37640044,8.2,9.3
2026-03-13 08:45:00,0.26243542,0.37643923,8.16,9.3
2026-03-13 08:50:00,0.26231905,0.37659439,8.1,9.3
2026-03-13 08:55:00,0.26239663,0.37640044,8.04,9.22
2026-03-13 09:00:00,0.26235784,0.37612891,8.0,9.2
2026-03-13 09:05:00,0.26243542,0.37624528,7.94,9.2
2026-03-13 09:10:00,0.26235784,0.37647802,7.9,9.2
2026-03-13 09:15:00,0.26228026,0.37659439,7.84,9.1
2026-03-13 09:20:00,0.26243542,0.37636165,7.8,9.1
2026-03-13 09:25:00,0.26239663,0.37640044,7.72,9.1
2026-03-13 09:30:00,0.26247421,0.37620649,7.7,9.02
2026-03-13 09:35:00,0.262513,0.37620649,7.6,9.0
2026-03-13 09:40:00,0.26247421,0.37624528,7.56,9.0
2026-03-13 09:45:00,0.26235784,0.37624528,7.5,8.94
2026-03-13 09:50:00,0.26262937,0.37640044,7.44,8.9
2026-03-13 09:55:00,0.26247421,0.37651681,7.4,8.9
2026-03-13 10:00:00,0.26259058,0.3765556,7.3,8.82
2026-03-13 10:05:00,0.262513,0.37643923,7.26,8.8
2026-03-13 10:10:00,0.26259058,0.37632286,7.2,8.78
2026-03-13 10:15:00,0.26262937,0.37647802,7.12,8.7
2026-03-13 10:20:00,0.26259058,0.37632286,7.06,8.7
2026-03-13 10:25:00,0.26255179,0.37620649,7.0,8.64
2026-03-13 10:30:00,0.26262937,0.3761677,6.92,8.6
2026-03-13 10:35:00,0.26270695,0.37632286,6.88,8.58
2026-03-13 10:40:00,0.26270695,0.37667197,6.8,8.5
2026-03-13 10:45:00,0.26278453,0.37628407,6.76,8.5
2026-03-13 10:50:00,0.26266816,0.37620649,6.7,8.42
2026-03-13 10:55:00,0.26270695,0.37651681,6.62,8.4
2026-03-13 11:00:00,0.26278453,0.37640044,6.58,8.34
2026-03-13 11:05:00,0.26282332,0.37651681,6.5,8.3
2026-03-13 11:10:00,0.26286211,0.37624528,6.46,8.28
2026-03-13 11:15:00,0.2629009,0.3765556,6.4,8.2
2026-03-13 11:20:00,0.2629009,0.3765556,6.36,8.2
2026-03-13 11:25:00,0.26293969,0.37659439,6.3,8.12
2026-03-13 11:30:00,0.26305606,0.37609012,6.24,8.1
2026-03-13 11:35:00,0.26297848,0.37643923,6.2,8.04
2026-03-13 11:40:00,0.26297848,0.37671076,6.12,8.0
2026-03-13 11:45:00,0.26305606,0.37620649,6.1,7.98
2026-03-13 11:50:00,0.26305606,0.37624528,6.0,7.9
2026-03-13 11:55:00,0.26305606,0.37647802,6.0,7.9
2026-03-13 12:00:00,0.26313364,0.37624528,5.9,7.8
2026-03-13 12:05:00,0.26305606,0.37640044,5.9,7.8
2026-03-13 12:10:00,0.26313364,0.37671076,5.82,7.72
2026-03-13 12:15:00,0.26317243,0.37632286,5.8,7.7
2026-03-13 12:20:00,0.2632888,0.3765556,5.7,7.68
2026-03-13 12:25:00,0.26317243,0.37647802,5.7,7.6
2026-03-13 12:30:00,0.26317243,0.37667197,5.64,7.6
2026-03-13 12:35:00,0.26321122,0.37620649,5.6,7.5
2026-03-13 12:40:00,0.26344396,0.37643923,5.58,7.5
2026-03-13 12:45:00,0.26340517,0.37647802,5.5,7.44
2026-03-13 12:50:00,0.26336638,0.3765556,5.5,7.4
2026-03-13 12:55:00,0.26344396,0.37690471,5.42,7.4
2026-03-13 13:00:00,0.2636767,0.3769435,5.4,7.3
2026-03-13 13:05:00,0.26363791,0.37663318,5.38,7.3
2026-03-13 13:10:00,0.26359912,0.3765556,5.3,7.24
2026-03-13 13:15:00,0.26394823,0.37647802,5.3,7.2
2026-03-13 13:20:00,0.26359912,0.37667197,5.24,7.2
2026-03-13 13:25:00,0.26371549,0.37698229,5.2,7.12
2026-03-13 13:30:00,0.26356033,0.37671076,5.2,7.1
2026-03-13 13:35:00,0.26356033,0.37702108,5.18,7.06
2026-03-13 13:40:00,0.26356033,0.37682713,5.1,7.0
2026-03-13 13:45:00,0.26352154,0.37698229,5.1,7.0
2026-03-13 13:50:00,0.26371549,0.3769435,5.04,6.92
2026-03-13 13:55:00,0.26363791,0.3769435,5.0,6.9
2026-03-13 14:00:00,0.26371549,0.37682713,5.0,6.9
2026-03-13 14:05:00,0.26356033,0.37678834,4.94,6.8
2026-03-13 14:10:00,0.26359912,0.37686592,4.9,6.8
2026-03-13 14:15:00,0.26356033,0.37709866,4.9,6.76
2026-03-13 14:20:00,0.26375428,0.37674955,4.84,6.7
2026-03-13 14:25:00,0.26390944,0.37713745,4.8,6.7
2026-03-13 14:30:00,0.26394823,0.37682713,4.8,6.64
2026-03-13 14:35:00,0.2636767,0.37678834,4.74,6.6
2026-03-13 14:40:00,0.26390944,0.37690471,4.7,6.6
2026-03-13 14:45:00,0.26375428,0.37671076,4.7,6.52
2026-03-13 14:50:00,0.26387065,0.37705987,4.66,6.5
2026-03-13 14:55:00,0.26390944,0.37686592,4.6,6.5
2026-03-13 15:00:00,0.26371549,0.37686592,4.6,6.42
2026-03-13 15:05:00,0.26371549,0.37725382,4.6,6.4
2026-03-13 15:10:00,0.26371549,0.37674955,4.5,6.4
2026-03-13 15:15:00,0.2640646,0.37709866,4.5,6.32
2026-03-13 15:20:00,0.2636767,0.37725382,4.5,6.3
2026-03-13 15:25:00,0.26390944,0.37674955,4.42,6.3
2026-03-13 15:30:00,0.26379307,0.37702108,4.4,6.24
2026-03-13 15:35:00,0.26390944,0.37702108,4.4,6.2
2026-03-13 15:40:00,0.26394823,0.37717624,4.32,6.2
2026-03-13 15:45:00,0.26410339,0.37721503,4.3,6.14
2026-03-13 15:50:00,0.26383186,0.37737019,4.3,6.1
2026-03-13 15:55:00,0.26363791,0.37678834,4.28,6.1
2026-03-13 16:00:00,0.26363791,0.37740898,4.2,6.06
2026-03-13 16:05:00,0.26371549,0.37702108,4.2,6.0
2026-03-13 16:10:00,0.26379307,0.37678834,4.2,6.0
2026-03-13 16:15:00,0.26394823,0.37721503,4.18,6.0
2026-03-13 16:20:00,0.26371549,0.37737019,4.1,5.9
2026-03-13 16:25:00,0.26371549,0.37721503,4.1,5.9
2026-03-13 16:30:00,0.26402581,0.3773314,4.1,5.9
2026-03-13 16:35:00,0.26375428,0.3773314,4.1,5.84
2026-03-13 16:40:00,0.2636767,0.37752535,4.0,5.8
2026-03-13 16:45:00,0.26418097,0.37744777,4.0,5.8
2026-03-13 16:50:00,0.26410339,0.37725382,4.0,5.76
2026-03-13 16:55:00,0.26383186,0.37740898,4.0,5.7
2026-03-13 17:00:00,0.26383186,0.3773314,3.92,5.7
2026-03-13 17:05:00,0.26394823,0.37760293,3.9,5.7
2026-03-13 17:10:00,0.26383186,0.37709866,3.9,5.64
2026-03-13 17:15:00,0.26398702,0.3773314,3.9,5.6
2026-03-13 17:20:00,0.26418097,0.37709866,3.86,5.6
2026-03-13 17:25:00,0.26394823,0.37744777,3.8,5.6
2026-03-13 17:30:00,0.26390944,0.37713745,3.8,5.52
2026-03-13 17:35:00,0.26390944,0.37752535,3.8,5.5
2026-03-13 17:40:00,0.26394823,0.37686592,3.76,5.5
2026-03-13 17:45:00,0.26418097,0.3773314,3.7,5.48
2026-03-13 17:50:00,0.26402581,0.37740898,3.7,5.4
2026-03-13 17:55:00,0.26387065,0.37705987,3.7,5.4
2026-03-13 18:00:00,0.26387065,0.37756414,3.7,5.4
2026-03-13 18:05:00,0.26394823,0.37737019,3.68,5.4
2026-03-13 18:10:00,0.26410339,0.37729261,3.6,5.3
2026-03-13 18:15:00,0.26414218,0.37717624,3.6,5.3
2026-03-13 18:20:00,0.26394823,0.37752535,3.6,5.3
2026-03-13 18:25:00,0.26398702,0.37717624,3.6,5.3
2026-03-13 18:30:00,0.26398702,0.37737019,3.6,5.24
2026-03-13 18:35:00,0.26398702,0.3773314,3.52,5.2
2026-03-13 18:40:00,0.26418097,0.37729261,3.5,5.2
2026-03-13 18:45:00,0.2640646,0.37717624,3.5,5.2
2026-03-13 18:50:00,0.26398702,0.37744777,3.5,5.18
2026-03-13 18:55:00,0.26414218,0.3773314,3.5,5.1
2026-03-13 19:00:00,0.26394823,0.37779688,3.44,5.1
2026-03-13 19:05:00,0.26398702,0.37768051,3.4,5.1
2026-03-13 19:10:00,0.26394823,0.37764172,3.4,5.1
2026-03-13 19:15:00,0.2640646,0.37752535,3.4,5.0
2026-03-13 19:20:00,0.26410339,0.37748656,3.4,5.0
2026-03-13 19:25:00,0.26394823,0.3773314,3.4,5.0
2026-03-13 19:30:00,0.2640646,0.37737019,3.38,5.0
2026-03-13 19:35:00,0.26421976,0.37729261,3.3,4.96
2026-03-13 19:40:00,0.26418097,0.37756414,3.3,4.9
2026-03-13 19:45:00,0.26433613,0.3773314,3.3,4.9
2026-03-13 19:50:00,0.2644525,0.37756414,3.3,4.9
2026-03-13 19:55:00,0.26414218,0.37756414,3.3,4.9
2026-03-13 20:00:00,0.26402581,0.37764172,3.3,4.86
2026-03-13 20:05:00,0.26425855,0.37764172,3.26,4.8
2026-03-13 20:10:00,0.26414218,0.37740898,3.2,4.8
2026-03-13 20:15:00,0.26402581,0.37756414,3.2,4.8
2026-03-13 20:20:00,0.26414218,0.37760293,3.2,4.8
2026-03-13 20:25:00,0.26418097,0.37740898,3.2,4.72
2026-03-13 20:30:00,0.26394823,0.37756414,3.2,4.7
2026-03-13 20:35:00,0.26437492,0.37744777,3.2,4.7
2026-03-13 20:40:00,0.2640646,0.37740898,3.14,4.7
2026-03-13 20:45:00,0.26418097,0.37764172,3.1,4.7
2026-03-13 20:50:00,0.26414218,0.37737019,3.1,4.66
2026-03-13 20:55:00,0.26387065,0.3773314,3.1,4.6
2026-03-13 21:00:00,0.26402581,0.37748656,3.1,4.6
2026-03-13 21:05:00,0.26421976,0.37756414,3.1,4.6
2026-03-13 21:10:00,0.26421976,0.37725382,3.1,4.6
2026-03-13 21:15:00,0.26402581,0.37721503,3.04,4.6
2026-03-13 21:20:00,0.26429734,0.37709866,3.0,4.52
2026-03-13 21:25:00,0.26425855,0.37717624,3.0,4.5
2026-03-13 21:30:00,0.26398702,0.37756414,3.0,4.5
2026-03-13 21:35:00,0.26425855,0.37729261,3.0,4.5
2026-03-13 21:40:00,0.26425855,0.37760293,3.0,4.5
2026-03-13 21:45:00,0.26379307,0.37787446,3.0,4.48
2026-03-13 21:50:00,0.26418097,0.3773314,2.9,4.4
2026-03-13 21:55:00,0.26398702,0.37787446,2.9,4.4
2026-03-13 22:00:00,0.26390944,0.37756414,2.9,4.4
2026-03-13 22:05:00,0.26398702,0.37709866,2.9,4.4
2026-03-13 22:10:00,0.26418097,0.37768051,2.9,4.38
2026-03-13 22:15:00,0.26418097,0.3777193,2.9,4.3
2026-03-13 22:20:00,0.2640646,0.37752535,2.9,4.3
2026-03-13 22:25:00,0.26414218,0.37768051,2.9,4.3
2026-03-13 22:30:00,0.26383186,0.37748656,2.9,4.3
2026-03-13 22:35:00,0.26414218,0.37795204,2.9,4.3
2026-03-13 22:40:00,0.26394823,0.37752535,2.9,4.3
2026-03-13 22:45:00,0.26394823,0.37756414,2.9,4.2
2026-03-13 22:50:00,0.26387065,0.37760293,2.9,4.2
2026-03-13 22:55:00,0.26410339,0.37748656,2.9,4.2
2026-03-13 23:00:00,0.26390944,0.37775809,2.9,4.2
2026-03-13 23:05:00,0.26414218,0.37760293,2.96,4.2
2026-03-13 23:10:00,0.26425855,0.37779688,3.0,4.2
2026-03-13 23:15:00,0.26387065,0.37737019,3.08,4.2
2026-03-13 23:20:00,0.26387065,0.37756414,3.16,4.1
2026-03-13 23:25:00,0.26363791,0.37760293,3.28,4.1
2026-03-13 23:30:00,0.26383186,0.37756414,3.42,4.1
2026-03-13 23:35:00,0.26383186,0.3777193,3.56,4.1
2026-03-13 23:40:00,0.26344396,0.37802962,3.66,4.1
2026-03-13 23:45:00,0.26325001,0.37779688,3.8,4.1
2026-03-13 23:50:00,0.26317243,0.37760293,3.96,4.1
2026-03-13 23:55:00,0.26301727,0.37760293,4.1,4.1
2026-03-14 00:00:00,0.26293969,0.37744777,4.26,4.1
2026-03-14 00:05:00,0.26278453,0.37748656,4.46,4.1
2026-03-14 00:10:00,0.26262937,0.37748656,4.64,4.1
2026-03-14 00:15:00,0.26262937,0.37787446,4.82,4.1
2026-03-14 00:20:00,0.26259058,0.37740898,5.0,4.1
2026-03-14 00:25:00,0.26216389,0.37748656,5.2,4.16
2026-03-14 00:30:00,0.26208631,0.37740898,5.36,4.2
2026-03-14 00:35:00,0.26193115,0.37752535,5.54,4.2
2026-03-14 00:40:00,0.26185357,0.37725382,5.7,4.26
2026-03-14 00:45:00,0.26181478,0.37737019,5.86,4.3
2026-03-14 00:50:00,0.26165962,0.3773314,6.0,4.34
2026-03-14 00:55:00,0.26146567,0.37690471,6.14,4.4
2026-03-14 01:00:00,0.26127172,0.37740898,6.28,4.48
2026-03-14 01:05:00,0.26138809,0.37737019,6.42,4.5
2026-03-14 01:10:00,0.26138809,0.37709866,6.54,4.6
2026-03-14 01:15:00,0.26131051,0.37725382,6.68,4.64
2026-03-14 01:20:00,0.26107777,0.37682713,6.82,4.7
2026-03-14 01:25:00,0.26107777,0.37713745,6.94,4.8
2026-03-14 01:30:00,0.26103898,0.37705987,7.06,4.86
2026-03-14 01:35:00,0.26084503,0.37686592,7.22,4.92
2026-03-14 01:40:00,0.26080624,0.37686592,7.34,5.0
2026-03-14 01:45:00,0.26068987,0.37705987,7.48,5.08
2026-03-14 01:50:00,0.26068987,0.37682713,7.64,5.16
2026-03-14 01:55:00,0.26061229,0.3769435,7.8,5.24
2026-03-14 02:00:00,0.26045713,0.37674955,7.96,5.3
2026-03-14 02:05:00,0.26030197,0.37705987,8.14,5.4
2026-03-14 02:10:00,0.26034076,0.37682713,8.3,5.48
2026-03-14 02:15:00,0.26022439,0.37663318,8.44,5.58
2026-03-14 02:20:00,0.26014681,0.37640044,8.58,5.66
2026-03-14 02:25:00,0.26010802,0.37682713,8.7,5.74
2026-03-14 02:30:00,0.26003044,0.37651681,8.8,5.84
2026-03-14 02:35:00,0.26010802,0.37628407,8.9,5.94
2026-03-14 02:40:00,0.26006923,0.37620649,8.9,6.04
2026-03-14 02:45:00,0.25999165,0.37612891,8.96,6.14
2026-03-14 02:50:00,0.25995286,0.37597375,9.0,6.24
2026-03-14 02:55:00,0.25987528,0.37585738,9.0,6.34
2026-03-14 03:00:00,0.25983649,0.37585738,9.0,6.44
2026-03-14 03:05:00,0.25972012,0.3757798,9.02,6.54
2026-03-14 03:10:00,0.25975891,0.3757798,9.1,6.64
2026-03-14 03:15:00,0.25975891,0.37566343,9.1,6.74
2026-03-14 03:20:00,0.25968133,0.37550827,9.1,6.84
2026-03-14 03:25:00,0.25960375,0.37570222,9.16,6.94
2026-03-14 03:30:00,0.25968133,0.37566343,9.2,7.04
2026-03-14 03:35:00,0.25964254,0.37527553,9.2,7.16
2026-03-14 03:40:00,0.25956496,0.37508158,9.2,7.26
2026-03-14 03:45:00,0.25968133,0.37492642,9.2,7.34
2026-03-14 03:50:00,0.25972012,0.37481005,9.12,7.44
2026-03-14 03:55:00,0.25964254,0.37481005,9.1,7.54
2026-03-14 04:00:00,0.25975891,0.37446094,9.16,7.64
2026-03-14 04:05:00,0.25964254,0.37449973,9.2,7.7
2026-03-14 04:10:00,0.25956496,0.37496521,9.3,7.8
2026-03-14 04:15:00,0.25956496,0.37488763,9.38,7.86
2026-03-14 04:20:00,0.25952617,0.37469368,9.48,7.9
2026-03-14 04:25:00,0.25956496,0.37438336,9.58,7.96
2026-03-14 04:30:00,0.2594098,0.37457731,9.66,8.0
2026-03-14 04:35:00,0.25948738,0.37477126,9.74,8.08
2026-03-14 04:40:00,0.2594098,0.37449973,9.82,8.1
2026-03-14 04:45:00,0.25929343,0.37418941,9.9,8.2
2026-03-14 04:50:00,0.25917706,0.37438336,9.98,8.22
2026-03-14 04:55:00,0.25906069,0.37438336,10.0,8.3
2026-03-14 05:00:00,0.25906069,0.37434457,10.1,8.36
2026-03-14 05:05:00,0.25913827,0.37415062,10.1,8.4
2026-03-14 05:10:00,0.25906069,0.37426699,10.2,8.5
2026-03-14 05:15:00,0.25913827,0.3742282,10.2,8.56
2026-03-14 05:20:00,0.25906069,0.37407304,10.2,8.62
2026-03-14 05:25:00,0.25909948,0.37430578,10.3,8.7
2026-03-14 05:30:00,0.25898311,0.37364635,10.3,8.76
2026-03-14 05:35:00,0.25913827,0.37391788,10.3,8.8
2026-03-14 05:40:00,0.2590219,0.37395667,10.3,8.9
2026-03-14 05:45:00,0.25906069,0.37356877,10.3,8.96
2026-03-14 05:50:00,0.25906069,0.37360756,10.3,9.0
2026-03-14 05:55:00,0.25906069,0.37372393,10.3,9.1
2026-03-14 06:00:00,0.25909948,0.3738403,10.3,9.14
2026-03-14 06:05:00,0.2590219,0.37372393,10.3,9.2
2026-03-14 06:10:00,0.25909948,0.37329724,10.3,9.28
2026-03-14 06:15:00,0.25894432,0.37337482,10.28,9.3
2026-03-14 06:20:00,0.25898311,0.37318087,10.2,9.4
2026-03-14 06:25:00,0.25913827,0.37333603,10.2,9.42
2026-03-14 06:30:00,0.25917706,0.37290934,10.1,9.5
2026-03-14 06:35:00,0.25909948,0.37341361,10.06,9.5
2026-03-14 06:40:00,0.25906069,0.37298692,10.0,9.6
2026-03-14 06:45:00,0.25906069,0.37318087,9.94,9.6
2026-03-14 06:50:00,0.25925464,0.37290934,9.88,9.62
2026-03-14 06:55:00,0.25909948,0.37294813,9.8,9.7
2026-03-14 07:00:00,0.25917706,0.37310329,9.72,9.7
2026-03-14 07:05:00,0.25913827,0.37263781,9.68,9.7
2026-03-14 07:10:00,0.25913827,0.37287055,9.6,9.74
2026-03-14 07:15:00,0.25933222,0.37283176,9.52,9.8
2026-03-14 07:20:00,0.25913827,0.37283176,9.48,9.8
2026-03-14 07:25:00,0.25929343,0.37294813,9.4,9.8
2026-03-14 07:30:00,0.25925464,0.37287055,9.36,9.8
2026-03-14 07:35:00,0.25921585,0.37244386,9.3,9.8
2026-03-14 07:40:00,0.25925464,0.37287055,9.3,9.8
2026-03-14 07:45:00,0.25929343,0.37256023,9.2,9.8
2026-03-14 07:50:00,0.25925464,0.37259902,9.2,9.8
2026-03-14 07:55:00,0.25921585,0.37252144,9.18,9.82
2026-03-14 08:00:00,0.25933222,0.37232749,9.1,9.88
2026-03-14 08:05:00,0.25921585,0.37252144,9.1,9.86
2026-03-14 08:10:00,0.25925464,0.37244386,9.04,9.86
2026-03-14 08:15:00,0.25925464,0.37224991,9.0,9.82
2026-03-14 08:20:00,0.25937101,0.37224991,8.94,9.8
2026-03-14 08:25:00,0.25933222,0.3722887,8.9,9.8
2026-03-14 08:30:00,0.25921585,0.37224991,8.82,9.8
2026-03-14 08:35:00,0.25933222,0.37236628,8.78,9.8
2026-03-14 08:40:00,0.25925464,0.37256023,8.7,9.8
2026-03-14 08:45:00,0.25929343,0.37256023,8.64,9.8
2026-03-14 08:50:00,0.25933222,0.37240507,8.6,9.76
2026-03-14 08:55:00,0.25948738,0.37224991,8.5,9.7
2026-03-14 09:00:00,0.25933222,0.37252144,8.46,9.7
2026-03-14 09:05:00,0.25937101,0.37217233,8.4,9.7
2026-03-14 09:10:00,0.25937101,0.37236628,8.34,9.64
2026-03-14 09:15:00,0.2594098,0.37224991,8.3,9.6
2026-03-14 09:20:00,0.25952617,0.37240507,8.2,9.6
2026-03-14 09:25:00,0.25944859,0.37263781,8.16,9.54
2026-03-14 09:30:00,0.25933222,0.37248265,8.1,9.5
2026-03-14 09:35:00,0.25944859,0.37236628,8.0,9.5
2026-03-14 09:40:00,0.25952617,0.37232749,7.94,9.4
2026-03-14 09:45:00,0.25948738,0.37236628,7.9,9.4
2026-03-14 09:50:00,0.25952617,0.37252144,7.8,9.36
2026-03-14 09:55:00,0.25968133,0.37232749,7.72,9.3
2026-03-14 10:00:00,0.25952617,0.37248265,7.66,9.3
2026-03-14 10:05:00,0.25960375,0.3726766,7.6,9.2
2026-03-14 10:10:00,0.25964254,0.3726766,7.5,9.2
2026-03-14 10:15:00,0.25956496,0.37279297,7.44,9.12
2026-03-14 10:20:00,0.25972012,0.37248265,7.38,9.1
2026-03-14 10:25:00,0.25960375,0.37256023,7.3,9.04
2026-03-14 10:30:00,0.25964254,0.37279297,7.24,9.0
2026-03-14 10:35:00,0.25972012,0.37248265,7.18,8.94
2026-03-14 10:40:00,0.25960375,0.37271539,7.1,8.9
2026-03-14 10:45:00,0.25975891,0.37259902,7.02,8.88
2026-03-14 10:50:00,0.2597977,0.37279297,6.98,8.8
2026-03-14 10:55:00,0.25975891,0.37271539,6.9,8.78
2026-03-14 11:00:00,0.25987528,0.37259902,6.84,8.7
2026-03-14 11:05:00,0.25991407,0.37240507,6.8,8.7
2026-03-14 11:10:00,0.25983649,0.37224991,6.72,8.6
2026-03-14 11:15:00,0.25987528,0.37248265,6.68,8.6
2026-03-14 11:20:00,0.25995286,0.37221112,6.6,8.5
2026-03-14 11:25:00,0.25995286,0.37252144,6.54,8.5
2026-03-14 11:30:00,0.26003044,0.37248265,6.5,8.42
2026-03-14 11:35:00,0.25999165,0.37236628,6.42,8.4
2026-03-14 11:40:00,0.26003044,0.37263781,6.4,8.32
2026-03-14 11:45:00,0.26010802,0.37263781,6.3,8.3
2026-03-14 11:50:00,0.26006923,0.37240507,6.3,8.24
2026-03-14 11:55:00,0.2601856,0.37271539,6.24,8.2
2026-03-14 12:00:00,0.26003044,0.37259902,6.2,8.16
2026-03-14 12:05:00,0.26022439,0.37232749,6.16,8.1
2026-03-14 12:10:00,0.26014681,0.37252144,6.1,8.08
2026-03-14 12:15:00,0.26014681,0.37271539,6.08,8.0
2026-03-14 12:20:00,0.26030197,0.37271539,6.0,8.0
2026-03-14 12:25:00,0.26014681,0.37236628,5.98,7.9
2026-03-14 12:30:00,0.2601856,0.37263781,5.9,7.9
2026-03-14 12:35:00,0.26041834,0.37256023,5.88,7.84
2026-03-14 12:40:00,0.26041834,0.37232749,5.8,7.8
2026-03-14 12:45:00,0.2601856,0.37275418,5.76,7.76
2026-03-14 12:50:00,0.26030197,0.37240507,5.7,7.7
2026-03-14 12:55:00,0.26061229,0.37248265,5.68,7.7
2026-03-14 13:00:00,0.2605735,0.37279297,5.6,7.62
2026-03-14 13:05:00,0.26053471,0.37263781,5.6,7.6
2026-03-14 13:10:00,0.26045713,0.37259902,5.52,7.52
2026-03-14 13:15:00,0.26041834,0.37252144,5.5,7.5
2026-03-14 13:20:00,0.26037955,0.37236628,5.44,7.46
2026-03-14 13:25:00,0.26049592,0.37271539,5.4,7.4
2026-03-14 13:30:00,0.26045713,0.37298692,5.38,7.4
2026-03-14 13:35:00,0.26061229,0.37275418,5.3,7.32
2026-03-14 13:40:00,0.26065108,0.37256023,5.3,7.3
2026-03-14 13:45:00,0.26049592,0.37287055,5.24,7.26
2026-03-14 13:50:00,0.26061229,0.37279297,5.2,7.2
2026-03-14 13:55:00,0.26049592,0.37240507,5.2,7.2
2026-03-14 14:00:00,0.26065108,0.37275418,5.14,7.12
2026-03-14 14:05:00,0.26053471,0.37294813,5.1,7.1
2026-03-14 14:10:00,0.26061229,0.37290934,5.1,7.06
2026-03-14 14:15:00,0.2605735,0.3730645,5.0,7.0
2026-03-14 14:20:00,0.2605735,0.37290934,5.0,7.0
2026-03-14 14:25:00,0.26072866,0.37294813,4.98,6.9
2026-03-14 14:30:00,0.26065108,0.37290934,4.9,6.9
2026-03-14 14:35:00,0.26076745,0.37290934,4.9,6.86
2026-03-14 14:40:00,0.26072866,0.37275418,4.9,6.8
2026-03-14 14:45:00,0.26072866,0.37287055,4.8,6.8
2026-03-14 14:50:00,0.26084503,0.37287055,4.8,6.74
2026-03-14 14:55:00,0.26092261,0.3726766,4.8,6.7
2026-03-14 15:00:00,0.26080624,0.37287055,4.72,6.7
2026-03-14 15:05:00,0.26061229,0.37283176,4.7,6.6
2026-03-14 15:10:00,0.26072866,0.37294813,4.7,6.6
2026-03-14 15:15:00,0.26092261,0.37298692,4.7,6.6
2026-03-14 15:20:00,0.26076745,0.37287055,4.64,6.5
2026-03-14 15:25:00,0.2605735,0.37310329,4.6,6.5
2026-03-14 15:30:00,0.26053471,0.37310329,4.6,6.5
2026-03-14 15:35:00,0.26061229,0.37318087,4.6,6.4
2026-03-14 15:40:00,0.26080624,0.37298692,4.6,6.4
2026-03-14 15:45:00,0.26072866,0.37325845,4.54,6.4
2026-03-14 15:50:00,0.26092261,0.37325845,4.5,6.32
2026-03-14 15:55:00,0.2605735,0.3730645,4.5,6.3
2026-03-14 16:00:00,0.26072866,0.37314208,4.5,6.3
2026-03-14 16:05:00,0.26092261,0.37310329,4.5,6.24
2026-03-14 16:10:00,0.26084503,0.37294813,4.44,6.2
2026-03-14 16:15:00,0.26068987,0.37294813,4.4,6.2
2026-03-14 16:20:00,0.26092261,0.37318087,4.4,6.2
2026-03-14 16:25:00,0.26072866,0.37310329,4.4,6.1
2026-03-14 16:30:00,0.26092261,0.37314208,4.4,6.1
2026-03-14 16:35:00,0.26068987,0.37329724,4.4,6.1
2026-03-14 16:40:00,0.26068987,0.37314208,4.4,6.04
2026-03-14 16:45:00,0.26072866,0.37329724,4.4,6.0
2026-03-14 16:50:00,0.2605735,0.37310329,4.4,6.0
2026-03-14 16:55:00,0.26076745,0.37279297,4.3,6.0
2026-03-14 17:00:00,0.26065108,0.37337482,4.3,5.96
2026-03-14 17:05:00,0.26068987,0.37294813,4.3,5.9
2026-03-14 17:10:00,0.26076745,0.37298692,4.3,5.9
2026-03-14 17:15:00,0.26084503,0.3730645,4.3,5.9
2026-03-14 17:20:00,0.2609614,0.37337482,4.3,5.9
2026-03-14 17:25:00,0.26053471,0.3734524,4.3,5.82
2026-03-14 17:30:00,0.26068987,0.37310329,4.3,5.8
2026-03-14 17:35:00,0.2605735,0.37329724,4.3,5.8
2026-03-14 17:40:00,0.26065108,0.37298692,4.3,5.8
2026-03-14 17:45:00,0.26076745,0.37287055,4.32,5.8
2026-03-14 17:50:00,0.2605735,0.37325845,4.4,5.76
2026-03-14 17:55:00,0.26053471,0.3730645,4.4,5.7
2026-03-14 18:00:00,0.2605735,0.37333603,4.4,5.7
2026-03-14 18:05:00,0.2605735,0.3730645,4.4,5.7
2026-03-14 18:10:00,0.26053471,0.37337482,4.4,5.7
2026-03-14 18:15:00,0.26065108,0.37349119,4.4,5.7
2026-03-14 18:20:00,0.2605735,0.37310329,4.4,5.7
2026-03-14 18:25:00,0.26061229,0.37318087,4.4,5.7
2026-03-14 18:30:00,0.26049592,0.37318087,4.4,5.6
2026-03-14 18:35:00,0.26088382,0.37314208,4.4,5.6
2026-03-14 18:40:00,0.26068987,0.37321966,4.4,5.6
2026-03-14 18:45:00,0.26068987,0.37298692,4.4,5.6
2026-03-14 18:50:00,0.26045713,0.37310329,4.4,5.6
2026-03-14 18:55:00,0.26041834,0.37314208,4.4,5.6
2026-03-14 19:00:00,0.26045713,0.37314208,4.4,5.6
2026-03-14 19:05:00,0.26068987,0.37298692,4.4,5.6
2026-03-14 19:10:00,0.26041834,0.37310329,4.4,5.6
2026-03-14 19:15:00,0.26041834,0.37329724,4.4,5.58
2026-03-14 19:20:00,0.26041834,0.37318087,4.4,5.5
2026-03-14 19:25:00,0.26037955,0.37321966,4.4,5.5
2026-03-14 19:30:00,0.26053471,0.37310329,4.4,5.5
2026-03-14 19:35:00,0.26065108,0.37294813,4.4,5.5
2026-03-14 19:40:00,0.26049592,0.37302571,4.4,5.5
2026-03-14 19:45:00,0.26049592,0.3734524,4.4,5.5
2026-03-14 19:50:00,0.26041834,0.37325845,4.4,5.5
2026-03-14 19:55:00,0.26045713,0.37298692,4.4,5.5
2026-03-14 20:00:00,0.26053471,0.37318087,4.4,5.5
2026-03-14 20:05:00,0.26026318,0.37310329,4.4,5.5
2026-03-14 20:10:00,0.26049592,0.37333603,4.4,5.5
2026-03-14 20:15:00,0.26022439,0.37325845,4.4,5.4
2026-03-14 20:20:00,0.26037955,0.37314208,4.4,5.4
2026-03-14 20:25:00,0.26026318,0.37302571,4.4,5.4
2026-03-14 20:30:00,0.26026318,0.37310329,4.46,5.4
2026-03-14 20:35:00,0.26049592,0.37325845,4.5,5.4
2026-03-14 20:40:00,0.26030197,0.37337482,4.5,5.4
2026-03-14 20:45:00,0.26022439,0.37290934,4.5,5.4
2026-03-14 20:50:00,0.26049592,0.37325845,4.5,5.4
2026-03-14 20:55:00,0.2605735,0.37333603,4.5,5.4
2026-03-14 21:00:00,0.26030197,0.3730645,4.5,5.4
2026-03-14 21:05:00,0.26037955,0.37318087,4.5,5.4
2026-03-14 21:10:00,0.26026318,0.37329724,4.5,5.4
2026-03-14 21:15:00,0.26045713,0.37333603,4.5,5.4
2026-03-14 21:20:00,0.26037955,0.37314208,4.5,5.4
2026-03-14 21:25:00,0.26041834,0.37337482,4.5,5.4
2026-03-14 21:30:00,0.2601856,0.37321966,4.5,5.4
2026-03-14 21:35:00,0.26026318,0.37329724,4.5,5.4
2026-03-14 21:40:00,0.26022439,0.3730645,4.5,5.4
2026-03-14 21:45:00,0.26010802,0.37321966,4.5,5.4
2026-03-14 21:50:00,0.26006923,0.37302571,4.5,5.4
2026-03-14 21:55:00,0.26003044,0.3730645,4.5,5.4
2026-03-14 22:00:00,0.26034076,0.37341361,4.5,5.34
2026-03-14 22:05:00,0.25999165,0.37337482,4.5,5.3
2026-03-14 22:10:00,0.26010802,0.3734524,4.5,5.3
2026-03-14 22:15:00,0.26026318,0.37325845,4.5,5.3
2026-03-14 22:20:00,0.26006923,0.37302571,4.56,5.3
2026-03-14 22:25:00,0.26022439,0.37360756,4.6,5.3
2026-03-14 22:30:00,0.26014681,0.37337482,4.6,5.3
2026-03-14 22:35:00,0.26026318,0.37337482,4.6,5.3
2026-03-14 22:40:00,0.26003044,0.37318087,4.6,5.3
2026-03-14 22:45:00,0.26003044,0.3730645,4.6,5.3
2026-03-14 22:50:00,0.25999165,0.37314208,4.6,5.3
2026-03-14 22:55:00,0.25995286,0.37314208,4.6,5.3
2026-03-14 23:00:00,0.25995286,0.3730645,4.66,5.3
2026-03-14 23:05:00,0.26030197,0.37302571,4.7,5.3
2026-03-14 23:10:00,0.2601856,0.37329724,4.7,5.3
2026-03-14 23:15:00,0.25987528,0.37318087,4.7,5.3
2026-03-14 23:20:00,0.25991407,0.3726766,4.76,5.3
2026-03-14 23:25:00,0.2601856,0.37298692,4.8,5.3
2026-03-14 23:30:00,0.25991407,0.37310329,4.8,5.3
2026-03-14 23:35:00,0.26014681,0.37337482,4.9,5.3
2026-03-14 23:40:00,0.25995286,0.37287055,4.9,5.3
2026-03-14 23:45:00,0.26006923,0.3730645,4.98,5.3
2026-03-14 23:50:00,0.25983649,0.37337482,5.02,5.34
2026-03-14 23:55:00,0.25991407,0.37294813,5.1,5.4
2026-03-15 00:00:00,0.25960375,0.37325845,5.12,5.4
2026-03-15 00:05:00,0.25991407,0.37325845,5.2,5.4
2026-03-15 00:10:00,0.25960375,0.37337482,5.2,5.4
2026-03-15 00:15:00,0.25968133,0.3730645,5.2,5.4
2026-03-15 00:20:00,0.25948738,0.37337482,5.26,5.4
2026-03-15 00:25:00,0.25956496,0.37290934,5.3,5.4
2026-03-15 00:30:00,0.25952617,0.3730645,5.3,5.4
2026-03-15 00:35:00,0.25952617,0.37310329,5.34,5.5
2026-03-15 00:40:00,0.25948738,0.37290934,5.4,5.5
2026-03-15 00:45:00,0.25952617,0.37287055,5.4,5.5
2026-03-15 00:50:00,0.25944859,0.37275418,5.4,5.5
2026-03-15 00:55:00,0.25921585,0.37318087,5.5,5.5
2026-03-15 01:00:00,0.2594098,0.37302571,5.5,5.5
2026-03-15 01:05:00,0.25933222,0.37310329,5.52,5.58
2026-03-15 01:10:00,0.25929343,0.37329724,5.6,5.6
2026-03-15 01:15:00,0.25929343,0.3730645,5.6,5.6
2026-03-15 01:20:00,0.25929343,0.37287055,5.66,5.6
2026-03-15 01:25:00,0.25925464,0.37310329,5.7,5.6
2026-03-15 01:30:00,0.25921585,0.37283176,5.74,5.6
2026-03-15 01:35:00,0.25909948,0.37275418,5.8,5.64
2026-03-15 01:40:00,0.25921585,0.37279297,5.84,5.7
2026-03-15 01:45:00,0.25917706,0.37256023,5.9,5.7
2026-03-15 01:50:00,0.25898311,0.3730645,5.94,5.7
2026-03-15 01:55:00,0.25894432,0.37294813,6.0,5.7
2026-03-15 02:00:00,0.2590219,0.37271539,6.06,5.72
2026-03-15 02:05:00,0.25898311,0.37263781,6.1,5.8
2026-03-15 02:10:00,0.25894432,0.37302571,6.18,5.8
2026-03-15 02:15:00,0.2590219,0.37302571,6.2,5.8
2026-03-15 02:20:00,0.25886674,0.37294813,6.26,5.8
2026-03-15 02:25:00,0.25882795,0.37275418,6.3,5.9
2026-03-15 02:30:00,0.25867279,0.37275418,6.4,5.9
2026-03-15 02:35:00,0.25875037,0.37244386,6.48,5.9
2026-03-15 02:40:00,0.25859521,0.3726766,6.6,5.92
2026-03-15 02:45:00,0.25859521,0.37290934,6.74,6.0
2026-03-15 02:50:00,0.25855642,0.3726766,6.88,6.0
2026-03-15 02:55:00,0.25836247,0.37287055,7.04,6.0
2026-03-15 03:00:00,0.25840126,0.3726766,7.16,6.08
2026-03-15 03:05:00,0.25836247,0.37240507,7.32,6.1
2026-03-15 03:10:00,0.25820731,0.37279297,7.44,6.14
2026-03-15 03:15:00,0.25809094,0.37240507,7.56,6.2
2026-03-15 03:20:00,0.25809094,0.37256023,7.68,6.24
2026-03-15 03:25:00,0.25797457,0.37252144,7.84,6.3
2026-03-15 03:30:00,0.25778062,0.37217233,7.96,6.36
2026-03-15 03:35:00,0.25770304,0.37221112,8.06,6.4
2026-03-15 03:40:00,0.25781941,0.37201717,8.16,6.48
2026-03-15 03:45:00,0.25778062,0.37252144,8.26,6.52
2026-03-15 03:50:00,0.25762546,0.37240507,8.36,6.6
2026-03-15 03:55:00,0.25758667,0.3719008,8.48,6.66
2026-03-15 04:00:00,0.2574703,0.3722887,8.58,6.72
2026-03-15 04:05:00,0.25739272,0.37248265,8.68,6.8
2026-03-15 04:10:00,0.25735393,0.37205596,8.8,6.88
2026-03-15 04:15:00,0.25731514,0.37201717,8.9,6.92
2026-03-15 04:20:00,0.25743151,0.37209475,9.0,7.0
2026-03-15 04:25:00,0.25715998,0.3719008,9.08,7.08
2026-03-15 04:30:00,0.25719877,0.37162927,9.16,7.14
2026-03-15 04:35:00,0.25712119,0.37166806,9.22,7.2
2026-03-15 04:40:00,0.2570824,0.37135774,9.3,7.3
2026-03-15 04:45:00,0.2570824,0.37166806,9.38,7.34
2026-03-15 04:50:00,0.25700482,0.3715129,9.42,7.4
2026-03-15 04:55:00,0.25704361,0.37128016,9.5,7.5
2026-03-15 05:00:00,0.25692724,0.37116379,9.5,7.54
2026-03-15 05:05:00,0.25681087,0.37120258,9.58,7.6
2026-03-15 05:10:00,0.25673329,0.37100863,9.6,7.7
2026-03-15 05:15:00,0.25677208,0.37093105,9.6,7.74
2026-03-15 05:20:00,0.25684966,0.37100863,9.66,7.8
2026-03-15 05:25:00,0.25673329,0.37108621,9.7,7.88
2026-03-15 05:30:00,0.2566945,0.37093105,9.7,7.9
2026-03-15 05:35:00,0.25665571,0.37100863,9.7,8.0
2026-03-15 05:40:00,0.25673329,0.37135774,9.7,8.02
2026-03-15 05:45:00,0.2566945,0.37054315,9.7,8.1
2026-03-15 05:50:00,0.25657813,0.37089226,9.72,8.12
2026-03-15 05:55:00,0.2566945,0.3707371,9.8,8.2
2026-03-15 06:00:00,0.25661692,0.37120258,9.8,8.2
2026-03-15 06:05:00,0.2566945,0.37081468,9.8,8.3
2026-03-15 06:10:00,0.25665571,0.37081468,9.8,8.3
2026-03-15 06:15:00,0.25661692,0.37054315,9.82,8.32
2026-03-15 06:20:00,0.25661692,0.37085347,9.9,8.4
2026-03-15 06:25:00,0.25653934,0.37100863,9.9,8.4
2026-03-15 06:30:00,0.25665571,0.3707371,9.9,8.46
2026-03-15 06:35:00,0.25657813,0.37054315,9.9,8.5
2026-03-15 06:40:00,0.25650055,0.3707371,10.0,8.5
2026-03-15 06:45:00,0.25642297,0.37050436,10.0,8.58
2026-03-15 06:50:00,0.25657813,0.3703492,10.0,8.6
2026-03-15 06:55:00,0.25650055,0.37027162,9.96,8.62
2026-03-15 07:00:00,0.25657813,0.3703492,9.9,8.7
2026-03-15 07:05:00,0.25646176,0.37054315,9.9,8.7
2026-03-15 07:10:00,0.25653934,0.37015525,9.88,8.7
2026-03-15 07:15:00,0.25650055,0.37027162,9.8,8.74
2026-03-15 07:20:00,0.25650055,0.37054315,9.8,8.8
2026-03-15 07:25:00,0.25650055,0.37038799,9.74,8.8
2026-03-15 07:30:00,0.25653934,0.37023283,9.7,8.8
2026-03-15 07:35:00,0.25653934,0.36980614,9.7,8.8
2026-03-15 07:40:00,0.25650055,0.37007767,9.62,8.8
2026-03-15 07:45:00,0.25661692,0.37007767,9.6,8.84
2026-03-15 07:50:00,0.25673329,0.37019404,9.56,8.9
2026-03-15 07:55:00,0.25665571,0.36992251,9.5,8.9
2026-03-15 08:00:00,0.25673329,0.36984493,9.48,8.9
2026-03-15 08:05:00,0.25653934,0.3699613,9.4,8.9
2026-03-15 08:10:00,0.25665571,0.37007767,9.38,8.9
2026-03-15 08:15:00,0.25653934,0.36972856,9.3,8.9
2026-03-15 08:20:00,0.25653934,0.37000009,9.26,8.9
2026-03-15 08:25:00,0.25657813,0.36972856,9.2,8.9
2026-03-15 08:30:00,0.25661692,0.36980614,9.14,8.9
2026-03-15 08:35:00,0.25661692,0.37019404,9.1,8.8
2026-03-15 08:40:00,0.2566945,0.37015525,9.04,8.8
2026-03-15 08:45:00,0.25657813,0.36968977,9.0,8.8
2026-03-15 08:50:00,0.2566945,0.37011646,8.94,8.8
2026-03-15 08:55:00,0.25665571,0.37015525,8.9,8.8
2026-03-15 09:00:00,0.25665571,0.36984493,8.86,8.8
2026-03-15 09:05:00,0.2566945,0.37000009,8.8,8.8
2026-03-15 09:10:00,0.25677208,0.36945703,8.78,8.8
2026-03-15 09:15:00,0.25665571,0.36953461,8.7,8.76
2026-03-15 09:20:00,0.2566945,0.36984493,8.7,8.7
2026-03-15 09:25:00,0.25677208,0.3699613,8.6,8.7
2026-03-15 09:30:00,0.25673329,0.36976735,8.6,8.7
2026-03-15 09:35:00,0.25681087,0.36984493,8.52,8.7
2026-03-15 09:40:00,0.25665571,0.36980614,8.5,8.7
2026-03-15 09:45:00,0.25684966,0.37000009,8.44,8.68
2026-03-15 09:50:00,0.25681087,0.36961219,8.4,8.6
2026-03-15 09:55:00,0.2566945,0.36976735,8.34,8.6
2026-03-15 10:00:00,0.25677208,0.36961219,8.3,8.6
2026-03-15 10:05:00,0.25673329,0.36968977,8.26,8.6
2026-03-15 10:10:00,0.25673329,0.36961219,8.2,8.56
2026-03-15 10:15:00,0.25677208,0.36976735,8.2,8.5
2026-03-15 10:20:00,0.25677208,0.36984493,8.1,8.5
2026-03-15 10:25:00,0.25688845,0.36961219,8.1,8.5
2026-03-15 10:30:00,0.25684966,0.37000009,8.02,8.5
2026-03-15 10:35:00,0.25681087,0.36988372,8.0,8.42
2026-03-15 10:40:00,0.25692724,0.37000009,7.98,8.4
2026-03-15 10:45:00,0.25688845,0.3699613,7.9,8.4
2026-03-15 10:50:00,0.25677208,0.36941824,7.9,8.4
2026-03-15 10:55:00,0.25696603,0.36976735,7.84,8.36
2026-03-15 11:00:00,0.25692724,0.36968977,7.8,8.3
2026-03-15 11:05:00,0.25692724,0.36965098,7.76,8.3
2026-03-15 11:10:00,0.25700482,0.3695734,7.7,8.3
2026-03-15 11:15:00,0.25692724,0.36949582,7.64,8.28
2026-03-15 11:20:00,0.25696603,0.36976735,7.6,8.2
2026-03-15 11:25:00,0.25704361,0.36945703,7.5,8.2
2026-03-15 11:30:00,0.25692724,0.36968977,7.48,8.2
2026-03-15 11:35:00,0.2570824,0.36965098,7.4,8.2
2026-03-15 11:40:00,0.25696603,0.36968977,7.36,8.1
2026-03-15 11:45:00,0.2570824,0.36941824,7.3,8.1
2026-03-15 11:50:00,0.25712119,0.36965098,7.24,8.1
2026-03-15 11:55:00,0.25715998,0.3699613,7.2,8.02
2026-03-15 12:00:00,0.2570824,0.3695734,7.12,8.0
2026-03-15 12:05:00,0.25712119,0.36941824,7.08,8.0
2026-03-15 12:10:00,0.25715998,0.36953461,7.0,7.94
2026-03-15 12:15:00,0.25712119,0.36941824,6.96,7.9
2026-03-15 12:20:00,0.25719877,0.36953461,6.9,7.9
2026-03-15 12:25:00,0.25727635,0.36976735,6.86,7.84
2026-03-15 12:30:00,0.25723756,0.3695734,6.8,7.8
2026-03-15 12:35:00,0.25731514,0.36945703,6.74,7.8
2026-03-15 12:40:00,0.25735393,0.36961219,6.7,7.74
2026-03-15 12:45:00,0.25735393,0.36930187,6.6,7.7
2026-03-15 12:50:00,0.25735393,0.36976735,6.58,7.7
2026-03-15 12:55:00,0.25739272,0.36937945,6.5,7.64
2026-03-15 13:00:00,0.25739272,0.3695734,6.48,7.6
2026-03-15 13:05:00,0.25750909,0.36968977,6.4,7.6
2026-03-15 13:10:00,0.25750909,0.36965098,6.38,7.5
2026-03-15 13:15:00,0.25750909,0.36934066,6.3,7.5
2026-03-15 13:20:00,0.25758667,0.36961219,6.28,7.48
2026-03-15 13:25:00,0.25758667,0.36953461,6.2,7.4
2026-03-15 13:30:00,0.25758667,0.37003888,6.18,7.4
2026-03-15 13:35:00,0.25766425,0.36968977,6.1,7.38
2026-03-15 13:40:00,0.25750909,0.36988372,6.06,7.3
2026-03-15 13:45:00,0.25770304,0.36980614,6.0,7.3
2026-03-15 13:50:00,0.25766425,0.36984493,6.0,7.26
2026-03-15 13:55:00,0.25766425,0.3699613,5.9,7.2
2026-03-15 14:00:00,0.25774183,0.36980614,5.9,7.2
2026-03-15 14:05:00,0.25774183,0.36972856,5.84,7.14
2026-03-15 14:10:00,0.25797457,0.36965098,5.8,7.1
2026-03-15 14:15:00,0.25789699,0.37011646,5.74,7.1
2026-03-15 14:20:00,0.25778062,0.36972856,5.7,7.0
2026-03-15 14:25:00,0.25789699,0.37011646,5.7,7.0
2026-03-15 14:30:00,0.25809094,0.3699613,5.6,7.0
2026-03-15 14:35:00,0.25801336,0.36988372,5.6,6.9
2026-03-15 14:40:00,0.2578582,0.36988372,5.56,6.9
2026-03-15 14:45:00,0.25801336,0.36980614,5.5,6.88
2026-03-15 14:50:00,0.25801336,0.36965098,5.5,6.8
2026-03-15 14:55:00,0.2582461,0.36972856,5.4,6.8
2026-03-15 15:00:00,0.25789699,0.37003888,5.4,6.78
2026-03-15 15:05:00,0.25801336,0.3699613,5.38,6.7
2026-03-15 15:10:00,0.25793578,0.36980614,5.3,6.7
2026-03-15 15:15:00,0.25812973,0.3699613,5.3,6.68
2026-03-15 15:20:00,0.25816852,0.3699613,5.3,6.6
2026-03-15 15:25:00,0.25812973,0.36992251,5.2,6.6
2026-03-15 15:30:00,0.25809094,0.37007767,5.2,6.58
2026-03-15 15:35:00,0.25832368,0.37027162,5.2,6.5
2026-03-15 15:40:00,0.25801336,0.3699613,5.18,6.5
2026-03-15 15:45:00,0.25832368,0.37015525,5.1,6.5
2026-03-15 15:50:00,0.25793578,0.37003888,5.1,6.4
2026-03-15 15:55:00,0.25812973,0.36968977,5.08,6.4
2026-03-15 16:00:00,0.25820731,0.37038799,5.0,6.4
2026-03-15 16:05:00,0.25820731,0.37019404,5.0,6.34
2026-03-15 16:10:00,0.25812973,0.37023283,5.0,6.3
2026-03-15 16:15:00,0.25820731,0.37015525,4.96,6.3
2026-03-15 16:20:00,0.25828489,0.37023283,4.9,6.24
2026-03-15 16:25:00,0.25828489,0.37000009,4.9,6.2
2026-03-15 16:30:00,0.25847884,0.37019404,4.9,6.2
2026-03-15 16:35:00,0.2582461,0.37007767,4.9,6.18
2026-03-15 16:40:00,0.25840126,0.37042678,4.84,6.1
2026-03-15 16:45:00,0.25840126,0.36992251,4.8,6.1
2026-03-15 16:50:00,0.25847884,0.3703492,4.8,6.1
2026-03-15 16:55:00,0.2582461,0.36992251,4.8,6.02
2026-03-15 17:00:00,0.25828489,0.37023283,4.8,6.0
2026-03-15 17:05:00,0.25820731,0.37000009,4.8,6.0
2026-03-15 17:10:00,0.25828489,0.37031041,4.8,6.0
2026-03-15 17:15:00,0.25816852,0.37007767,4.8,5.94
2026-03-15 17:20:00,0.258634,0.37042678,4.8,5.9
2026-03-15 17:25:00,0.25816852,0.37019404,4.8,5.9
2026-03-15 17:30:00,0.25840126,0.3699613,4.7,5.9
2026-03-15 17:35:00,0.25832368,0.3699613,4.7,5.9
2026-03-15 17:40:00,0.25820731,0.37023283,4.7,5.8
2026-03-15 17:45:00,0.2582461,0.36992251,4.7,5.8
2026-03-15 17:50:00,0.25812973,0.37015525,4.7,5.8
2026-03-15 17:55:00,0.25832368,0.37027162,4.64,5.8
2026-03-15 18:00:00,0.25851763,0.37019404,4.6,5.76
2026-03-15 18:05:00,0.25847884,0.3703492,4.6,5.7
2026-03-15 18:10:00,0.25828489,0.37038799,4.6,5.7
2026-03-15 18:15:00,0.25840126,0.3703492,4.58,5.7
2026-03-15 18:20:00,0.25828489,0.37031041,4.5,5.7
2026-03-15 18:25:00,0.25844005,0.37027162,4.5,5.68
2026-03-15 18:30:00,0.25828489,0.37062073,4.5,5.6
2026-03-15 18:35:00,0.25855642,0.3703492,4.5,5.6
2026-03-15 18:40:00,0.2582461,0.37031041,4.48,5.6
2026-03-15 18:45:00,0.2582461,0.37038799,4.4,5.6
2026-03-15 18:50:00,0.2582461,0.37054315,4.4,5.58
2026-03-15 18:55:00,0.25855642,0.37019404,4.4,5.5
2026-03-15 19:00:00,0.25840126,0.37011646,4.3,5.5
2026-03-15 19:05:00,0.25859521,0.3703492,4.3,5.5
2026-03-15 19:10:00,0.258634,0.37019404,4.3,5.5
2026-03-15 19:15:00,0.25836247,0.37069831,4.28,5.42
2026-03-15 19:20:00,0.25851763,0.37015525,4.2,5.4
2026-03-15 19:25:00,0.25867279,0.3703492,4.2,5.4
2026-03-15 19:30:00,0.25855642,0.37062073,4.2,5.4
2026-03-15 19:35:00,0.258634,0.37054315,4.12,5.38
2026-03-15 19:40:00,0.25859521,0.37003888,4.1,5.3
2026-03-15 19:45:00,0.25875037,0.37038799,4.1,5.3
2026-03-15 19:50:00,0.25855642,0.37023283,4.04,5.3
2026-03-15 19:55:00,0.25871158,0.37054315,4.0,5.3
2026-03-15 20:00:00,0.25847884,0.37058194,4.0,5.24
2026-03-15 20:05:00,0.25867279,0.37038799,4.0,5.2
2026-03-15 20:10:00,0.25886674,0.37042678,3.9,5.2
2026-03-15 20:15:00,0.25855642,0.37042678,3.9,5.2
2026-03-15 20:20:00,0.25851763,0.37042678,3.9,5.2
2026-03-15 20:25:00,0.25878916,0.37027162,3.86,5.1
2026-03-15 20:30:00,0.25867279,0.37050436,3.8,5.1
2026-03-15 20:35:00,0.25867279,0.37011646,3.8,5.1
2026-03-15 20:40:00,0.25855642,0.37046557,3.8,5.1
2026-03-15 20:45:00,0.25844005,0.37069831,3.78,5.0
2026-03-15 20:50:00,0.258634,0.37065952,3.7,5.0
2026-03-15 20:55:00,0.25882795,0.37065952,3.7,5.0
2026-03-15 21:00:00,0.25878916,0.37046557,3.7,5.0
2026-03-15 21:05:00,0.25882795,0.37089226,3.7,4.94
2026-03-15 21:10:00,0.25867279,0.37062073,3.7,4.9
2026-03-15 21:15:00,0.25882795,0.37046557,3.6,4.9
2026-03-15 21:20:00,0.258634,0.37062073,3.6,4.9
2026-03-15 21:25:00,0.25878916,0.37042678,3.6,4.9
2026-03-15 21:30:00,0.25859521,0.37050436,3.6,4.82
2026-03-15 21:35:00,0.25867279,0.37077589,3.6,4.8
2026-03-15 21:40:00,0.25875037,0.37065952,3.56,4.8
2026-03-15 21:45:00,0.25859521,0.37054315,3.5,4.8
2026-03-15 21:50:00,0.25867279,0.37058194,3.5,4.76
2026-03-15 21:55:00,0.25847884,0.37058194,3.5,4.7
2026-03-15 22:00:00,0.25890553,0.37058194,3.5,4.7
2026-03-15 22:05:00,0.25855642,0.37046557,3.5,4.7
2026-03-15 22:10:00,0.25871158,0.37042678,3.5,4.7
2026-03-15 22:15:00,0.25855642,0.37038799,3.5,4.66
2026-03-15 22:20:00,0.25851763,0.37046557,3.5,4.6
2026-03-15 22:25:00,0.25851763,0.37050436,3.5,4.6
2026-03-15 22:30:00,0.25844005,0.37046557,3.5,4.6
2026-03-15 22:35:00,0.25844005,0.37046557,3.5,4.6
2026-03-15 22:40:00,0.25859521,0.37058194,3.5,4.6
2026-03-15 22:45:00,0.25844005,0.37069831,3.5,4.54
2026-03-15 22:50:00,0.258634,0.37058194,3.5,4.5
2026-03-15 22:55:00,0.25840126,0.37038799,3.58,4.5
2026-03-15 23:00:00,0.25836247,0.37065952,3.6,4.5
2026-03-15 23:05:00,0.25828489,0.37046557,3.6,4.5
2026-03-15 23:10:00,0.25828489,0.37046557,3.68,4.5
2026-03-15 23:15:00,0.25820731,0.37042678,3.7,4.5
2026-03-15 23:20:00,0.25816852,0.37058194,3.78,4.48
2026-03-15 23:25:00,0.2582461,0.37054315,3.86,4.4
2026-03-15 23:30:00,0.25820731,0.37046557,3.94,4.4
2026-03-15 23:35:00,0.25816852,0.37062073,4.02,4.4
2026-03-15 23:40:00,0.25812973,0.37042678,4.1,4.4
2026-03-15 23:45:00,0.25797457,0.37065952,4.2,4.4
2026-03-15 23:50:00,0.25816852,0.37046557,4.3,4.4
2026-03-15 23:55:00,0.25805215,0.37062073,4.42,4.4
2026-03-16 00:00:00,0.25762546,0.37062073,4.54,4.4
2026-03-16 00:05:00,0.25789699,0.37054315,4.64,4.4
2026-03-16 00:10:00,0.25762546,0.37019404,4.76,4.46
2026-03-16 00:15:00,0.25762546,0.37069831,4.88,4.5
2026-03-16 00:20:00,0.2574703,0.37054315,4.98,4.5
2026-03-16 00:25:00,0.2574703,0.37038799,5.1,4.5
2026-03-16 00:30:00,0.25739272,0.37062073,5.2,4.52
2026-03-16 00:35:00,0.25735393,0.37085347,5.3,4.6
2026-03-16 00:40:00,0.25700482,0.37031041,5.4,4.6
2026-03-16 00:45:00,0.25700482,0.37058194,5.5,4.6
2026-03-16 00:50:00,0.25696603,0.37046557,5.56,4.7
2026-03-16 00:55:00,0.25696603,0.37058194,5.62,4.7
2026-03-16 01:00:00,0.25677208,0.37011646,5.72,4.74
2026-03-16 01:05:00,0.25688845,0.37000009,5.84,4.8
2026-03-16 01:10:00,0.25684966,0.37050436,6.0,4.8
2026-03-16 01:15:00,0.25657813,0.37023283,6.18,4.9
2026-03-16 01:20:00,0.25657813,0.37027162,6.36,4.9
2026-03-16 01:25:00,0.25638418,0.37011646,6.54,4.94
2026-03-16 01:30:00,0.25634539,0.37023283,6.72,5.0
2026-03-16 01:35:00,0.25626781,0.37007767,6.86,5.04
2026-03-16 01:40:00,0.25611265,0.37038799,7.04,5.1
2026-03-16 01:45:00,0.25607386,0.37046557,7.2,5.18
2026-03-16 01:50:00,0.25607386,0.37031041,7.34,5.2
2026-03-16 01:55:00,0.25587991,0.37003888,7.48,5.3
2026-03-16 02:00:00,0.25576354,0.37000009,7.64,5.34
2026-03-16 02:05:00,0.25580233,0.36988372,7.78,5.4
2026-03-16 02:10:00,0.25572475,0.36945703,7.94,5.5
2026-03-16 02:15:00,0.2555308,0.36972856,8.1,5.56
2026-03-16 02:20:00,0.25545322,0.36984493,8.26,5.64
2026-03-16 02:25:00,0.25529806,0.3699613,8.38,5.7
2026-03-16 02:30:00,0.25541443,0.36968977,8.52,5.8
2026-03-16 02:35:00,0.25522048,0.36984493,8.64,5.88
2026-03-16 02:40:00,0.25522048,0.36961219,8.76,5.96
2026-03-16 02:45:00,0.25498774,0.36945703,8.86,6.04
2026-03-16 02:50:00,0.25518169,0.3695734,8.98,6.12
2026-03-16 02:55:00,0.25502653,0.36922429,9.06,6.22
2026-03-16 03:00:00,0.25491016,0.3691855,9.16,6.3
2026-03-16 03:05:00,0.25506532,0.36945703,9.24,6.4
2026-03-16 03:10:00,0.25487137,0.36934066,9.32,6.48
2026-03-16 03:15:00,0.25483258,0.36903034,9.4,6.56
2026-03-16 03:20:00,0.254755,0.36903034,9.5,6.64
2026-03-16 03:25:00,0.25471621,0.36906913,9.6,6.74
2026-03-16 03:30:00,0.25471621,0.36903034,9.66,6.82
2026-03-16 03:35:00,0.25471621,0.36883639,9.7,6.9
2026-03-16 03:40:00,0.25463863,0.36875881,9.8,7.0
2026-03-16 03:45:00,0.25463863,0.36875881,9.8,7.08
2026-03-16 03:50:00,0.25463863,0.36868123,9.9,7.16
2026-03-16 03:55:00,0.25456105,0.36864244,9.94,7.24
2026-03-16 04:00:00,0.25432831,0.3684097,10.0,7.3
2026-03-16 04:05:00,0.25440589,0.36825454,10.1,7.4
2026-03-16 04:10:00,0.25448347,0.3680218,10.16,7.46
2026-03-16 04:15:00,0.25425073,0.36813817,10.24,7.54
2026-03-16 04:20:00,0.25432831,0.36798301,10.32,7.6
2026-03-16 04:25:00,0.25425073,0.36798301,10.4,7.7
2026-03-16 04:30:00,0.25421194,0.36794422,10.48,7.76
2026-03-16 04:35:00,0.25425073,0.36813817,10.5,7.82
2026-03-16 04:40:00,0.25417315,0.36778906,10.6,7.9
2026-03-16 04:45:00,0.25425073,0.36786664,10.6,7.98
2026-03-16 04:50:00,0.25421194,0.36794422,10.7,8.04
2026-03-16 04:55:00,0.25409557,0.36751753,10.7,8.12
2026-03-16 05:00:00,0.25417315,0.36778906,10.74,8.2
2026-03-16 05:05:00,0.25417315,0.36778906,10.8,8.28
2026-03-16 05:10:00,0.25409557,0.36755632,10.84,8.32
2026-03-16 05:15:00,0.25401799,0.36794422,10.9,8.4
2026-03-16 05:20:00,0.25405678,0.36782785,10.9,8.48
2026-03-16 05:25:00,0.25413436,0.36751753,10.9,8.54
2026-03-16 05:30:00,0.25409557,0.36736237,10.96,8.6
2026-03-16 05:35:00,0.25405678,0.36720721,11.0,8.7
2026-03-16 05:40:00,0.25421194,0.367246,11.0,8.74
2026-03-16 05:45:00,0.25409557,0.36759511,11.0,8.8
2026-03-16 05:50:00,0.25409557,0.36747874,11.0,8.9
2026-03-16 05:55:00,0.25405678,0.36720721,11.0,8.94
2026-03-16 06:00:00,0.25405678,0.367246,11.0,9.0
2026-03-16 06:05:00,0.25405678,0.36678052,10.98,9.08
2026-03-16 06:10:00,0.25405678,0.36701326,10.9,9.12
2026-03-16 06:15:00,0.25409557,0.36716842,10.9,9.2
2026-03-16 06:20:00,0.25413436,0.36678052,10.9,9.24
2026-03-16 06:25:00,0.25409557,0.36678052,10.9,9.3
2026-03-16 06:30:00,0.25413436,0.3668581,10.8,9.34
2026-03-16 06:35:00,0.2539792,0.36650899,10.8,9.4
2026-03-16 06:40:00,0.25417315,0.36635383,10.74,9.4
2026-03-16 06:45:00,0.25409557,0.36650899,10.7,9.48
2026-03-16 06:50:00,0.25405678,0.36666415,10.62,9.5
2026-03-16 06:55:00,0.25405678,0.36650899,10.6,9.5
2026-03-16 07:00:00,0.25405678,0.36619867,10.5,9.5
2026-03-16 07:05:00,0.25405678,0.36639262,10.5,9.58
2026-03-16 07:10:00,0.25413436,0.36627625,10.44,9.6
2026-03-16 07:15:00,0.25401799,0.36639262,10.4,9.6
2026-03-16 07:20:00,0.25409557,0.36592714,10.4,9.6
2026-03-16 07:25:00,0.25409557,0.36623746,10.36,9.6
2026-03-16 07:30:00,0.25405678,0.36600472,10.3,9.6
2026-03-16 07:35:00,0.25409557,0.36596593,10.3,9.6
2026-03-16 07:40:00,0.25401799,0.36592714,10.3,9.6
2026-03-16 07:45:00,0.25401799,0.36627625,10.2,9.6
2026-03-16 07:50:00,0.2539792,0.36588835,10.2,9.6
2026-03-16 07:55:00,0.25401799,0.36604351,10.18,9.6
2026-03-16 08:00:00,0.25421194,0.36592714,10.1,9.6
2026-03-16 08:05:00,0.2539792,0.36588835,10.1,9.6
2026-03-16 08:10:00,0.25417315,0.36600472,10.1,9.6
2026-03-16 08:15:00,0.25394041,0.36631504,10.0,9.6
2026-03-16 08:20:00,0.25401799,0.36588835,10.0,9.6
2026-03-16 08:25:00,0.25409557,0.36604351,9.98,9.6
2026-03-16 08:30:00,0.25417315,0.36592714,9.9,9.6
2026-03-16 08:35:00,0.25409557,0.36592714,9.9,9.6
2026-03-16 08:40:00,0.25401799,0.36615988,9.82,9.6
2026-03-16 08:45:00,0.25409557,0.36596593,9.8,9.6
2026-03-16 08:50:00,0.25413436,0.36565561,9.74,9.6
2026-03-16 08:55:00,0.25413436,0.36596593,9.7,9.6
2026-03-16 09:00:00,0.25409557,0.36581077,9.66,9.6
2026-03-16 09:05:00,0.25409557,0.36612109,9.6,9.58
2026-03-16 09:10:00,0.25413436,0.36581077,9.54,9.5
2026-03-16 09:15:00,0.25425073,0.36592714,9.5,9.5
2026-03-16 09:20:00,0.25409557,0.36600472,9.4,9.5
2026-03-16 09:25:00,0.25417315,0.36592714,9.38,9.5
2026-03-16 09:30:00,0.25409557,0.36600472,9.3,9.5
2026-03-16 09:35:00,0.25413436,0.3656944,9.24,9.46
2026-03-16 09:40:00,0.25417315,0.36561682,9.2,9.4
2026-03-16 09:45:00,0.25413436,0.3656944,9.1,9.4
2026-03-16 09:50:00,0.25417315,0.36592714,9.08,9.4
2026-03-16 09:55:00,0.25421194,0.36573319,9.0,9.4
2026-03-16 10:00:00,0.25432831,0.36604351,8.94,9.3
2026-03-16 10:05:00,0.25421194,0.36584956,8.9,9.3
2026-03-16 10:10:00,0.25417315,0.36592714,8.8,9.3
2026-03-16 10:15:00,0.25428952,0.36561682,8.74,9.26
2026-03-16 10:20:00,0.25425073,0.36600472,8.68,9.2
2026-03-16 10:25:00,0.25421194,0.36584956,8.6,9.2
2026-03-16 10:30:00,0.25428952,0.36561682,8.52,9.18
2026-03-16 10:35:00,0.25425073,0.36584956,8.44,9.1
2026-03-16 10:40:00,0.25428952,0.36584956,8.38,9.1
2026-03-16 10:45:00,0.25425073,0.36592714,8.3,9.1
2026-03-16 10:50:00,0.25432831,0.36584956,8.2,9.0
2026-03-16 10:55:00,0.25448347,0.36557803,8.14,9.0
2026-03-16 11:00:00,0.25448347,0.36600472,8.06,8.98
2026-03-16 11:05:00,0.2543671,0.36561682,8.0,8.9
2026-03-16 11:10:00,0.25452226,0.36557803,7.9,8.9
2026-03-16 11:15:00,0.25452226,0.36604351,7.84,8.84
2026-03-16 11:20:00,0.25459984,0.3660823,7.78,8.8
2026-03-16 11:25:00,0.25448347,0.36604351,7.7,8.8
2026-03-16 11:30:00,0.254755,0.36573319,7.64,8.7
2026-03-16 11:35:00,0.25459984,0.3660823,7.58,8.7
2026-03-16 11:40:00,0.25463863,0.36588835,7.5,8.64
2026-03-16 11:45:00,0.254755,0.36615988,7.44,8.6
2026-03-16 11:50:00,0.25479379,0.3656944,7.4,8.58
2026-03-16 11:55:00,0.25467742,0.36612109,7.32,8.5
2026-03-16 12:00:00,0.25463863,0.36565561,7.3,8.5
2026-03-16 12:05:00,0.25471621,0.36565561,7.2,8.42
2026-03-16 12:10:00,0.25467742,0.36592714,7.2,8.4
2026-03-16 12:15:00,0.25479379,0.36592714,7.1,8.36
2026-03-16 12:20:00,0.25494895,0.36592714,7.1,8.3
2026-03-16 12:25:00,0.25483258,0.36581077,7.02,8.3
2026-03-16 12:30:00,0.25487137,0.36588835,7.0,8.2
2026-03-16 12:35:00,0.25483258,0.36592714,6.96,8.2
2026-03-16 12:40:00,0.25479379,0.36573319,6.9,8.16
2026-03-16 12:45:00,0.25491016,0.36581077,6.9,8.1
2026-03-16 12:50:00,0.25491016,0.36588835,6.82,8.1
2026-03-16 12:55:00,0.25498774,0.36565561,6.8,8.0
2026-03-16 13:00:00,0.25487137,0.36592714,6.78,8.0
2026-03-16 13:05:00,0.25487137,0.36612109,6.7,7.96
2026-03-16 13:10:00,0.25494895,0.36565561,6.7,7.9
2026-03-16 13:15:00,0.25502653,0.36577198,6.62,7.9
2026-03-16 13:20:00,0.25494895,0.36600472,6.6,7.86
2026-03-16 13:25:00,0.25498774,0.36584956,6.58,7.8
2026-03-16 13:30:00,0.25506532,0.36584956,6.5,7.8
2026-03-16 13:35:00,0.25498774,0.36604351,6.5,7.72
2026-03-16 13:40:00,0.25518169,0.36581077,6.46,7.7
2026-03-16 13:45:00,0.25506532,0.36581077,6.4,7.7
2026-03-16 13:50:00,0.25502653,0.36635383,6.4,7.62
2026-03-16 13:55:00,0.25506532,0.36581077,6.36,7.6
2026-03-16 14:00:00,0.2551429,0.36588835,6.3,7.6
2026-03-16 14:05:00,0.2551429,0.36592714,6.3,7.5
2026-03-16 14:10:00,0.25522048,0.36592714,6.28,7.5
2026-03-16 14:15:00,0.25525927,0.36588835,6.2,7.5
2026-03-16 14:20:00,0.25529806,0.36612109,6.2,7.4
2026-03-16 14:25:00,0.25522048,0.3660823,6.18,7.4
2026-03-16 14:30:00,0.25529806,0.36596593,6.1,7.4
2026-03-16 14:35:00,0.2551429,0.36596593,6.1,7.32
2026-03-16 14:40:00,0.25522048,0.36612109,6.06,7.3
2026-03-16 14:45:00,0.25525927,0.36619867,6.0,7.3
2026-03-16 14:50:00,0.25525927,0.36573319,6.0,7.26
2026-03-16 14:55:00,0.25522048,0.36604351,6.0,7.2
2026-03-16 15:00:00,0.25522048,0.36584956,5.94,7.2
2026-03-16 15:05:00,0.25545322,0.36573319,5.9,7.2
2026-03-16 15:10:00,0.25541443,0.36584956,5.9,7.1
2026-03-16 15:15:00,0.25541443,0.36592714,5.86,7.1
2026-03-16 15:20:00,0.25529806,0.36581077,5.8,7.1
2026-03-16 15:25:00,0.25545322,0.36596593,5.8,7.02
2026-03-16 15:30:00,0.25537564,0.36596593,5.8,7.0
2026-03-16 15:35:00,0.25533685,0.36604351,5.7,7.0
2026-03-16 15:40:00,0.25545322,0.36604351,5.7,6.98
2026-03-16 15:45:00,0.25537564,0.3660823,5.7,6.9
2026-03-16 15:50:00,0.2555308,0.36584956,5.7,6.9
2026-03-16 15:55:00,0.2555308,0.36619867,5.62,6.9
2026-03-16 16:00:00,0.2555308,0.36584956,5.6,6.86
2026-03-16 16:05:00,0.25545322,0.36627625,5.6,6.8
2026-03-16 16:10:00,0.25549201,0.36600472,5.6,6.8
2026-03-16 16:15:00,0.25556959,0.36631504,5.54,6.8
2026-03-16 16:20:00,0.2555308,0.36604351,5.5,6.74
2026-03-16 16:25:00,0.25560838,0.36631504,5.5,6.7
2026-03-16 16:30:00,0.25568596,0.36604351,5.5,6.7
2026-03-16 16:35:00,0.2555308,0.36619867,5.42,6.7
2026-03-16 16:40:00,0.25572475,0.36619867,5.4,6.6
2026-03-16 16:45:00,0.25560838,0.36619867,5.4,6.6
2026-03-16 16:50:00,0.25560838,0.36631504,5.4,6.6
2026-03-16 16:55:00,0.25564717,0.36592714,5.34,6.6
2026-03-16 17:00:00,0.25545322,0.36612109,5.3,6.5
2026-03-16 17:05:00,0.25556959,0.36612109,5.3,6.5
2026-03-16 17:10:00,0.25576354,0.3660823,5.3,6.5
2026-03-16 17:15:00,0.25560838,0.36619867,5.26,6.5
2026-03-16 17:20:00,0.25549201,0.36619867,5.2,6.4
2026-03-16 17:25:00,0.25560838,0.36639262,5.2,6.4
2026-03-16 17:30:00,0.2555308,0.36592714,5.2,6.4
2026-03-16 17:35:00,0.25549201,0.36592714,5.2,6.4
2026-03-16 17:40:00,0.2559187,0.3664702,5.2,6.34
2026-03-16 17:45:00,0.25545322,0.36596593,5.18,6.3
2026-03-16 17:50:00,0.25549201,0.36635383,5.1,6.3
2026-03-16 17:55:00,0.25556959,0.36600472,5.1,6.3
2026-03-16 18:00:00,0.25564717,0.36635383,5.1,6.28
2026-03-16 18:05:00,0.25560838,0.36643141,5.1,6.2
2026-03-16 18:10:00,0.25556959,0.36639262,5.08,6.2
2026-03-16 18:15:00,0.25568596,0.36604351,5.0,6.2
2026-03-16 18:20:00,0.25568596,0.36619867,5.0,6.2
2026-03-16 18:25:00,0.25568596,0.36573319,5.0,6.12
2026-03-16 18:30:00,0.25599628,0.36627625,5.0,6.1
2026-03-16 18:35:00,0.25580233,0.36635383,5.0,6.1
2026-03-16 18:40:00,0.25568596,0.36631504,4.92,6.1
2026-03-16 18:45:00,0.25587991,0.36604351,4.9,6.06
2026-03-16 18:50:00,0.25560838,0.36615988,4.9,6.0
2026-03-16 18:55:00,0.2559187,0.36600472,4.9,6.0
2026-03-16 19:00:00,0.25580233,0.3660823,4.9,6.0
2026-03-16 19:05:00,0.25595749,0.36612109,4.82,6.0
2026-03-16 19:10:00,0.25572475,0.36581077,4.8,5.98
2026-03-16 19:15:00,0.25568596,0.3664702,4.8,5.9
2026-03-16 19:20:00,0.25556959,0.36619867,4.8,5.9
2026-03-16 19:25:00,0.25572475,0.36615988,4.72,5.9
2026-03-16 19:30:00,0.25568596,0.36627625,4.7,5.9
2026-03-16 19:35:00,0.25607386,0.36631504,4.7,5.86
2026-03-16 19:40:00,0.25572475,0.36612109,4.7,5.8
2026-03-16 19:45:00,0.25580233,0.36596593,4.62,5.8
2026-03-16 19:50:00,0.25599628,0.36615988,4.6,5.8
2026-03-16 19:55:00,0.25580233,0.36623746,4.6,5.8
2026-03-16 20:00:00,0.25576354,0.3660823,4.6,5.7
2026-03-16 20:05:00,0.25587991,0.36654778,4.58,5.7
2026-03-16 20:10:00,0.25603507,0.36654778,4.5,5.7
2026-03-16 20:15:00,0.25584112,0.36650899,4.5,5.7
2026-03-16 20:20:00,0.25580233,0.36619867,4.5,5.66
2026-03-16 20:25:00,0.2559187,0.36635383,4.5,5.6
2026-03-16 20:30:00,0.25607386,0.36650899,4.4,5.6
2026-03-16 20:35:00,0.25599628,0.36631504,4.4,5.6
2026-03-16 20:40:00,0.25634539,0.36650899,4.4,5.6
2026-03-16 20:45:00,0.25607386,0.3664702,4.4,5.54
2026-03-16 20:50:00,0.25626781,0.36650899,4.3,5.5
2026-03-16 20:55:00,0.25634539,0.36639262,4.3,5.5
2026-03-16 21:00:00,0.25615144,0.3664702,4.3,5.5
2026-03-16 21:05:00,0.25595749,0.36631504,4.3,5.5
2026-03-16 21:10:00,0.25599628,0.36643141,4.28,5.4
2026-03-16 21:15:00,0.25599628,0.36654778,4.2,5.4
2026-03-16 21:20:00,0.25611265,0.36643141,4.2,5.4
2026-03-16 21:25:00,0.25634539,0.36674173,4.2,5.4
2026-03-16 21:30:00,0.2559187,0.36596593,4.2,5.38
2026-03-16 21:35:00,0.25622902,0.36666415,4.12,5.3
2026-03-16 21:40:00,0.25634539,0.36631504,4.1,5.3
2026-03-16 21:45:00,0.25634539,0.36662536,4.1,5.3
2026-03-16 21:50:00,0.25607386,0.36631504,4.1,5.3
2026-03-16 21:55:00,0.25611265,0.36631504,4.1,5.28
2026-03-16 22:00:00,0.25615144,0.36639262,4.0,5.2
2026-03-16 22:05:00,0.25615144,0.36654778,4.0,5.2
2026-03-16 22:10:00,0.25650055,0.36600472,4.0,5.2
2026-03-16 22:15:00,0.25615144,0.36674173,4.0,5.2
2026-03-16 22:20:00,0.25603507,0.36666415,4.0,5.2
2026-03-16 22:25:00,0.25599628,0.36674173,4.0,5.1
2026-03-16 22:30:00,0.25607386,0.36631504,4.0,5.1
2026-03-16 22:35:00,0.25611265,0.36623746,4.0,5.1
2026-03-16 22:40:00,0.25615144,0.36662536,4.0,5.1
2026-03-16 22:45:00,0.25587991,0.36631504,4.0,5.06
2026-03-16 22:50:00,0.25580233,0.36635383,4.0,5.0
2026-03-16 22:55:00,0.25595749,0.36666415,4.06,5.0
2026-03-16 23:00:00,0.25587991,0.36662536,4.1,5.0
2026-03-16 23:05:00,0.25584112,0.36643141,4.18,5.0
2026-03-16 23:10:00,0.25580233,0.36654778,4.22,5.0
2026-03-16 23:15:00,0.25572475,0.3664702,4.3,5.0
2026-03-16 23:20:00,0.25556959,0.3664702,4.42,4.94
2026-03-16 23:25:00,0.25572475,0.36639262,4.52,4.9
2026-03-16 23:30:00,0.25522048,0.36689689,4.64,4.9
2026-03-16 23:35:00,0.2555308,0.36681931,4.76,4.9
2026-03-16 23:40:00,0.25518169,0.36627625,4.92,4.9
2026-03-16 23:45:00,0.25502653,0.36681931,5.06,4.9
2026-03-16 23:50:00,0.25491016,0.36674173,5.22,4.9
2026-03-16 23:55:00,0.25483258,0.36670294,5.36,4.9
2026-03-17 00:00:00,0.25471621,0.3664702,5.54,4.96
2026-03-17 00:05:00,0.25471621,0.36654778,5.7,5.0
2026-03-17 00:10:00,0.25459984,0.36654778,5.88,5.0
2026-03-17 00:15:00,0.25444468,0.36670294,6.06,5.0
2026-03-17 00:20:00,0.2543671,0.36658657,6.24,5.0
2026-03-17 00:25:00,0.25417315,0.36635383,6.42,5.1
2026-03-17 00:30:00,0.25405678,0.36666415,6.6,5.1
2026-03-17 00:35:00,0.2539792,0.3664702,6.76,5.14
2026-03-17 00:40:00,0.25401799,0.36658657,6.94,5.2
2026-03-17 00:45:00,0.25378525,0.36623746,7.12,5.2
2026-03-17 00:50:00,0.25374646,0.36619867,7.3,5.3
2026-03-17 00:55:00,0.2535913,0.36650899,7.46,5.3
2026-03-17 01:00:00,0.25339735,0.36631504,7.66,5.4
2026-03-17 01:05:00,0.25339735,0.36600472,7.84,5.42
2026-03-17 01:10:00,0.25335856,0.36604351,8.02,5.5
2026-03-17 01:15:00,0.2532034,0.36604351,8.2,5.58
2026-03-17 01:20:00,0.25308703,0.36639262,8.4,5.62
2026-03-17 01:25:00,0.25312582,0.36600472,8.56,5.7
2026-03-17 01:30:00,0.25289308,0.36600472,8.74,5.78
2026-03-17 01:35:00,0.25277671,0.36584956,8.94,5.86
2026-03-17 01:40:00,0.25277671,0.36557803,9.1,5.94
2026-03-17 01:45:00,0.25262155,0.36596593,9.26,6.0
2026-03-17 01:50:00,0.25250518,0.36561682,9.44,6.1
2026-03-17 01:55:00,0.2524276,0.36565561,9.6,6.2
2026-03-17 02:00:00,0.2524276,0.36561682,9.74,6.28
2026-03-17 02:05:00,0.25238881,0.36588835,9.9,6.38
2026-03-17 02:10:00,0.25219486,0.36553924,10.04,6.46
2026-03-17 02:15:00,0.25219486,0.36538408,10.16,6.56
2026-03-17 02:20:00,0.25223365,0.36534529,10.26,6.64
2026-03-17 02:25:00,0.25215607,0.36526771,10.34,6.76
2026-03-17 02:30:00,0.25207849,0.36526771,10.4,6.84
2026-03-17 02:35:00,0.2520397,0.36542287,10.48,6.94
2026-03-17 02:40:00,0.2520397,0.36476344,10.5,7.04
2026-03-17 02:45:00,0.2520397,0.3653065,10.5,7.16
2026-03-17 02:50:00,0.25192333,0.36511255,10.52,7.26
2026-03-17 02:55:00,0.25188454,0.3645307,10.6,7.36
2026-03-17 03:00:00,0.25188454,0.36499618,10.6,7.46
2026-03-17 03:05:00,0.25192333,0.36464707,10.6,7.56
2026-03-17 03:10:00,0.25192333,0.36441433,10.7,7.68
2026-03-17 03:15:00,0.25180696,0.36437554,10.7,7.78
2026-03-17 03:20:00,0.25176817,0.36445312,10.7,7.88
2026-03-17 03:25:00,0.25180696,0.36425917,10.78,7.98
2026-03-17 03:30:00,0.25180696,0.36441433,10.8,8.1
2026-03-17 03:35:00,0.25180696,0.36394885,10.8,8.2
2026-03-17 03:40:00,0.25169059,0.36425917,10.76,8.3
2026-03-17 03:45:00,0.2516518,0.36433675,10.7,8.4
2026-03-17 03:50:00,0.25169059,0.36425917,10.7,8.5
2026-03-17 03:55:00,0.25172938,0.36402643,10.7,8.58
2026-03-17 04:00:00,0.25169059,0.36391006,10.8,8.68
2026-03-17 04:05:00,0.25172938,0.36406522,10.86,8.74
2026-03-17 04:10:00,0.25169059,0.36344458,10.96,8.82
2026-03-17 04:15:00,0.25161301,0.36371611,11.06,8.9
2026-03-17 04:20:00,0.2516518,0.36359974,11.18,8.96
2026-03-17 04:25:00,0.2516518,0.36356095,11.28,9.02
2026-03-17 04:30:00,0.25169059,0.36321184,11.38,9.1
2026-03-17 04:35:00,0.25153543,0.36352216,11.48,9.16
2026-03-17 04:40:00,0.25145785,0.36356095,11.58,9.22
2026-03-17 04:45:00,0.25161301,0.36290152,11.68,9.3
2026-03-17 04:50:00,0.25141906,0.36325063,11.76,9.38
2026-03-17 04:55:00,0.25141906,0.36321184,11.82,9.44
2026-03-17 05:00:00,0.25145785,0.36301789,11.9,9.5
2026-03-17 05:05:00,0.25145785,0.36317305,11.96,9.6
2026-03-17 05:10:00,0.25138027,0.36305668,12.0,9.68
2026-03-17 05:15:00,0.25134148,0.36282394,12.06,9.74
2026-03-17 05:20:00,0.2512639,0.36251362,12.1,9.82
2026-03-17 05:25:00,0.25122511,0.36235846,12.2,9.92
2026-03-17 05:30:00,0.2512639,0.3622033,12.2,10.0
2026-03-17 05:35:00,0.2512639,0.36243604,12.22,10.1
2026-03-17 05:40:00,0.2512639,0.36247483,12.3,10.16
2026-03-17 05:45:00,0.25118632,0.36247483,12.3,10.24
2026-03-17 05:50:00,0.25114753,0.36193177,12.3,10.32
2026-03-17 05:55:00,0.25114753,0.36189298,12.3,10.4
2026-03-17 06:00:00,0.2512639,0.36216451,12.3,10.48
2026-03-17 06:05:00,0.25118632,0.36216451,12.3,10.56
2026-03-17 06:10:00,0.2512639,0.36177661,12.3,10.62
2026-03-17 06:15:00,0.25103116,0.36169903,12.3,10.7
2026-03-17 06:20:00,0.25110874,0.36146629,12.28,10.76
2026-03-17 06:25:00,0.25118632,0.3614275,12.2,10.82
2026-03-17 06:30:00,0.25110874,0.36146629,12.2,10.9
2026-03-17 06:35:00,0.25110874,0.36131113,12.14,10.96
2026-03-17 06:40:00,0.25114753,0.36134992,12.1,11.0
2026-03-17 06:45:00,0.25110874,0.36123355,12.06,11.08
2026-03-17 06:50:00,0.25103116,0.36134992,12.0,11.1
2026-03-17 06:55:00,0.25110874,0.3610396,12.0,11.18
2026-03-17 07:00:00,0.25114753,0.36100081,11.9,11.2
2026-03-17 07:05:00,0.25106995,0.36119476,11.9,11.24
2026-03-17 07:10:00,0.25110874,0.36076807,11.8,11.3
2026-03-17 07:15:00,0.25122511,0.36100081,11.8,11.3
2026-03-17 07:20:00,0.25106995,0.36076807,11.7,11.34
2026-03-17 07:25:00,0.25099237,0.36069049,11.66,11.4
2026-03-17 07:30:00,0.25095358,0.36084565,11.6,11.4
2026-03-17 07:35:00,0.25099237,0.36061291,11.54,11.4
2026-03-17 07:40:00,0.25103116,0.3606517,11.5,11.44
2026-03-17 07:45:00,0.25114753,0.36076807,11.42,11.5
2026-03-17 07:50:00,0.25099237,0.36045775,11.38,11.5
2026-03-17 07:55:00,0.25103116,0.36069049,11.3,11.5
2026-03-17 08:00:00,0.25103116,0.36045775,11.26,11.5
2026-03-17 08:05:00,0.25095358,0.36049654,11.2,11.5
2026-03-17 08:10:00,0.25095358,0.36045775,11.2,11.5
2026-03-17 08:15:00,0.25106995,0.36030259,11.1,11.5
2026-03-17 08:20:00,0.25079842,0.36022501,11.1,11.5
2026-03-17 08:25:00,0.250876,0.36022501,11.04,11.5
2026-03-17 08:30:00,0.25075963,0.36030259,11.0,11.5
2026-03-17 08:35:00,0.250876,0.36018622,10.9,11.5
2026-03-17 08:40:00,0.25079842,0.36038017,10.86,11.5
2026-03-17 08:45:00,0.25095358,0.36030259,10.8,11.4
2026-03-17 08:50:00,0.250876,0.3602638,10.7,11.4
2026-03-17 08:55:00,0.25079842,0.36006985,10.66,11.4
2026-03-17 09:00:00,0.25095358,0.36014743,10.6,11.4
2026-03-17 09:05:00,0.25099237,0.36022501,10.5,11.38
2026-03-17 09:10:00,0.25095358,0.36010864,10.44,11.3
2026-03-17 09:15:00,0.25095358,0.36003106,10.38,11.3
2026-03-17 09:20:00,0.25099237,0.36034138,10.3,11.3
2026-03-17 09:25:00,0.250876,0.36022501,10.22,11.22
2026-03-17 09:30:00,0.25099237,0.36022501,10.16,11.2
2026-03-17 09:35:00,0.25095358,0.36034138,10.1,11.2
2026-03-17 09:40:00,0.25091479,0.36038017,10.0,11.12
2026-03-17 09:45:00,0.25099237,0.36010864,9.94,11.1
2026-03-17 09:50:00,0.25083721,0.36003106,9.86,11.1
2026-03-17 09:55:00,0.25095358,0.36014743,9.78,11.0
2026-03-17 10:00:00,0.25099237,0.36030259,9.7,11.0
2026-03-17 10:05:00,0.25099237,0.36018622,9.6,10.94
2026-03-17 10:10:00,0.25103116,0.36006985,9.54,10.9
2026-03-17 10:15:00,0.25103116,0.36022501,9.46,10.9
2026-03-17 10:20:00,0.25114753,0.36038017,9.4,10.8
2026-03-17 10:25:00,0.25106995,0.36014743,9.3,10.8
2026-03-17 10:30:00,0.25114753,0.36006985,9.22,10.72
2026-03-17 10:35:00,0.25118632,0.36014743,9.16,10.7
2026-03-17 10:40:00,0.25118632,0.36045775,9.1,10.64
2026-03-17 10:45:00,0.25122511,0.36034138,9.0,10.6
2026-03-17 10:50:00,0.25118632,0.35995348,8.96,10.54
2026-03-17 10:55:00,0.2512639,0.36006985,8.9,10.5
2026-03-17 11:00:00,0.25130269,0.3602638,8.82,10.46
2026-03-17 11:05:00,0.25130269,0.36014743,8.78,10.4
2026-03-17 11:10:00,0.25130269,0.36006985,8.7,10.36
2026-03-17 11:15:00,0.25122511,0.36049654,8.64,10.3
2026-03-17 11:20:00,0.25134148,0.36034138,8.6,10.26
2026-03-17 11:25:00,0.25141906,0.36010864,8.52,10.2
2026-03-17 11:30:00,0.25138027,0.36034138,8.5,10.18
2026-03-17 11:35:00,0.2512639,0.36045775,8.4,10.1
2026-03-17 11:40:00,0.25130269,0.36022501,8.38,10.1
2026-03-17 11:45:00,0.2512639,0.36041896,8.3,10.0
2026-03-17 11:50:00,0.25145785,0.36045775,8.3,10.0
2026-03-17 11:55:00,0.25145785,0.36018622,8.2,9.9
2026-03-17 12:00:00,0.25145785,0.36049654,8.18,9.9
2026-03-17 12:05:00,0.25145785,0.36045775,8.1,9.8
2026-03-17 12:10:00,0.25149664,0.36038017,8.08,9.8
2026-03-17 12:15:00,0.25157422,0.36069049,8.0,9.72
2026-03-17 12:20:00,0.25169059,0.36018622,8.0,9.7
2026-03-17 12:25:00,0.25157422,0.36076807,7.92,9.64
2026-03-17 12:30:00,0.2516518,0.36061291,7.9,9.6
2026-03-17 12:35:00,0.25157422,0.36038017,7.86,9.58
2026-03-17 12:40:00,0.25157422,0.36030259,7.8,9.5
2026-03-17 12:45:00,0.25169059,0.36053533,7.8,9.5
2026-03-17 12:50:00,0.25172938,0.36041896,7.7,9.4
2026-03-17 12:55:00,0.2516518,0.3606517,7.7,9.4
2026-03-17 13:00:00,0.25169059,0.3606517,7.68,9.34
2026-03-17 13:05:00,0.25153543,0.36045775,7.6,9.3
2026-03-17 13:10:00,0.2516518,0.3606517,7.6,9.3
2026-03-17 13:15:00,0.2516518,0.36061291,7.6,9.2
2026-03-17 13:20:00,0.25180696,0.36076807,7.52,9.2
2026-03-17 13:25:00,0.2516518,0.36080686,7.5,9.14
2026-03-17 13:30:00,0.25161301,0.36069049,7.5,9.1
2026-03-17 13:35:00,0.25180696,0.36072928,7.5,9.1
2026-03-17 13:40:00,0.25180696,0.36096202,7.5,9.02
2026-03-17 13:45:00,0.25169059,0.36061291,7.4,9.0
2026-03-17 13:50:00,0.25180696,0.36088444,7.4,9.0
2026-03-17 13:55:00,0.25172938,0.36057412,7.4,8.9
2026-03-17 14:00:00,0.25180696,0.36088444,7.4,8.9
2026-03-17 14:05:00,0.25180696,0.3606517,7.4,8.9
2026-03-17 14:10:00,0.25176817,0.36045775,7.3,8.82
2026-03-17 14:15:00,0.25172938,0.36076807,7.3,8.8
2026-03-17 14:20:00,0.25184575,0.36072928,7.3,8.8
2026-03-17 14:25:00,0.25192333,0.36084565,7.3,8.76
2026-03-17 14:30:00,0.25176817,0.36057412,7.3,8.7
2026-03-17 14:35:00,0.25169059,0.36076807,7.3,8.7
2026-03-17 14:40:00,0.25180696,0.36084565,7.3,8.7
2026-03-17 14:45:00,0.25176817,0.36092323,7.22,8.64
2026-03-17 14:50:00,0.25188454,0.36061291,7.2,8.6
2026-03-17 14:55:00,0.25207849,0.3606517,7.2,8.6
2026-03-17 15:00:00,0.25184575,0.36072928,7.2,8.6
2026-03-17 15:05:00,0.25176817,0.36092323,7.2,8.52
2026-03-17 15:10:00,0.25188454,0.36076807,7.2,8.5
2026-03-17 15:15:00,0.25180696,0.36080686,7.2,8.5
2026-03-17 15:20:00,0.25176817,0.36111718,7.2,8.5
2026-03-17 15:25:00,0.25180696,0.36061291,7.22,8.48
2026-03-17 15:30:00,0.25169059,0.36057412,7.3,8.4
2026-03-17 15:35:00,0.25169059,0.36096202,7.3,8.4
2026-03-17 15:40:00,0.25169059,0.36045775,7.3,8.4
2026-03-17 15:45:00,0.25172938,0.36072928,7.3,8.4
2026-03-17 15:50:00,0.25172938,0.36072928,7.3,8.4
2026-03-17 15:55:00,0.2516518,0.36038017,7.3,8.34
2026-03-17 16:00:00,0.25172938,0.36080686,7.3,8.3
2026-03-17 16:05:00,0.25176817,0.36100081,7.3,8.3
2026-03-17 16:10:00,0.2516518,0.36076807,7.3,8.3
2026-03-17 16:15:00,0.25176817,0.36111718,7.3,8.3
2026-03-17 16:20:00,0.25169059,0.3610396,7.3,8.3
2026-03-17 16:25:00,0.25172938,0.36080686,7.3,8.3
2026-03-17 16:30:00,0.25180696,0.36080686,7.3,8.3
2026-03-17 16:35:00,0.25172938,0.3610396,7.3,8.3
2026-03-17 16:40:00,0.25188454,0.36100081,7.3,8.22
2026-03-17 16:45:00,0.25172938,0.36080686,7.3,8.2
2026-03-17 16:50:00,0.25188454,0.36100081,7.38,8.2
2026-03-17 16:55:00,0.25200091,0.36100081,7.4,8.2
2026-03-17 17:00:00,0.25200091,0.36127234,7.4,8.2
2026-03-17 17:05:00,0.25207849,0.36107839,7.4,8.2
2026-03-17 17:10:00,0.25215607,0.36092323,7.4,8.2
2026-03-17 17:15:00,0.25227244,0.3610396,7.4,8.2
2026-03-17 17:20:00,0.25246639,0.36080686,7.4,8.2
2026-03-17 17:25:00,0.25258276,0.36115597,7.4,8.2
2026-03-17 17:30:00,0.25300945,0.36134992,7.4,8.2
2026-03-17 17:35:00,0.25339735,0.3614275,7.4,8.2
2026-03-17 17:40:00,0.25405678,0.36154387,7.4,8.12
2026-03-17 17:45:00,0.25518169,0.36119476,7.4,8.1
2026-03-17 17:50:00,0.25684966,0.36150508,7.4,8.1
2026-03-17 17:55:00,0.25956496,0.36169903,7.4,8.1
2026-03-17 18:00:00,0.26472403,0.3622033,7.44,8.1
2026-03-17 18:05:00,0.27787384,0.36204814,7.5,8.1
2026-03-17 18:10:00,0.29381653,0.36266878,7.5,8.1
2026-03-17 18:15:00,0.30444499,0.36321184,7.5,8.1
2026-03-17 18:20:00,0.31224178,0.36387127,7.5,8.1
2026-03-17 18:25:00,0.31751722,0.36623746,7.5,8.1
2026-03-17 18:30:00,0.32050405,0.37822357,7.5,8.1
2026-03-17 18:35:00,0.32321935,0.39385594,7.5,8.1
2026-03-17 18:40:00,0.32519764,0.39831679,7.56,8.1
2026-03-17 18:45:00,0.32698198,0.39979081,7.6,8.1
2026-03-17 18:50:00,0.32888269,0.40192426,7.6,8.1
2026-03-17 18:55:00,0.33027913,0.40347586,7.6,8.1
2026-03-17 19:00:00,0.33144283,0.40650148,7.6,8.1
2026-03-17 19:05:00,0.33252895,0.40859614,7.6,8.1
2026-03-17 19:10:00,0.33322717,0.4095271,7.6,8.1
2026-03-17 19:15:00,0.33404176,0.4103029,7.64,8.1
2026-03-17 19:20:00,0.33435208,0.41014774,7.7,8.1
2026-03-17 19:25:00,0.33462361,0.41072959,7.7,8.1
2026-03-17 19:30:00,0.33520546,0.41127265,7.7,8.1
2026-03-17 19:35:00,0.33574852,0.41142781,7.7,8.1
2026-03-17 19:40:00,0.33613642,0.41123386,7.7,8.1
2026-03-17 19:45:00,0.33671827,0.41162176,7.7,8.1
2026-03-17 19:50:00,0.3369898,0.41181571,7.7,8.1
2026-03-17 19:55:00,0.33733891,0.41235877,7.8,8.1
2026-03-17 20:00:00,0.33764923,0.41243635,7.8,8.1
2026-03-17 20:05:00,0.33869656,0.41231998,7.8,8.1
2026-03-17 20:10:00,0.33947236,0.4118545,7.8,8.1
2026-03-17 20:15:00,0.33954994,0.41092354,7.8,8.1
2026-03-17 20:20:00,0.33900688,0.41053564,7.8,8.1
2026-03-17 20:25:00,0.33830866,0.4145698,7.8,8.1
2026-03-17 20:30:00,0.33764923,0.42042709,7.9,8.1
2026-03-17 20:35:00,0.33671827,0.42213385,7.9,8.1
2026-03-17 20:40:00,0.33567094,0.42298723,7.9,8.1
2026-03-17 20:45:00,0.3346624,0.42294844,7.9,8.1
2026-03-17 20:50:00,0.33361507,0.42325876,7.9,8.1
2026-03-17 20:55:00,0.33295564,0.42321997,7.9,8.1
2026-03-17 21:00:00,0.33268411,0.42329755,7.9,8.1
2026-03-17 21:05:00,0.33295564,0.42314239,7.9,8.1
2026-03-17 21:10:00,0.33307201,0.42318118,7.9,8.1
2026-03-17 21:15:00,0.33283927,0.42302602,7.92,8.1
2026-03-17 21:20:00,0.33237379,0.4231036,8.0,8.1
2026-03-17 21:25:00,0.33190831,0.42298723,8.0,8.1
2026-03-17 21:30:00,0.33159799,0.42306481,8.0,8.1
2026-03-17 21:35:00,0.33109372,0.42290965,8.0,8.1
2026-03-17 21:40:00,0.33074461,0.42290965,8.0,8.1
2026-03-17 21:45:00,0.33062824,0.42325876,8.0,8.1
2026-03-17 21:50:00,0.33089977,0.4231036,8.0,8.1
2026-03-17 21:55:00,0.33152041,0.4234915,8.0,8.1
2026-03-17 22:00:00,0.33241258,0.42314239,8.0,8.1
2026-03-17 22:05:00,0.33287806,0.42314239,8.0,8.1
2026-03-17 22:10:00,0.33334354,0.42314239,8.0,8.1
2026-03-17 22:15:00,0.33384781,0.42353029,8.0,8.1
2026-03-17 22:20:00,0.33439087,0.42345271,8.0,8.16
2026-03-17 22:25:00,0.33497272,0.42333634,8.0,8.2
2026-03-17 22:30:00,0.33586489,0.42411214,8.0,8.2
2026-03-17 22:35:00,0.3369898,0.4238794,8.0,8.2
2026-03-17 22:40:00,0.33823108,0.42453883,8.0,8.2
2026-03-17 22:45:00,0.34075243,0.42434488,8.0,8.2
2026-03-17 22:50:00,0.34257556,0.42418972,8.06,8.2
2026-03-17 22:55:00,0.3428083,0.42477157,8.1,8.2
2026-03-17 23:00:00,0.34211008,0.42535342,8.1,8.2
2026-03-17 23:05:00,0.34141186,0.4250431,8.1,8.2
2026-03-17 23:10:00,0.34110154,0.42481036,8.1,8.2
2026-03-17 23:15:00,0.34102396,0.42457762,8.1,8.2
2026-03-17 23:20:00,0.34079122,0.4246552,8.14,8.2
2026-03-17 23:25:00,0.34059727,0.42473278,8.2,8.2
2026-03-17 23:30:00,0.34028695,0.42446125,8.2,8.2
2026-03-17 23:35:00,0.340093,0.42453883,8.2,8.2
2026-03-17 23:40:00,0.33927841,0.4250431,8.2,8.22
2026-03-17 23:45:00,0.3385414,0.42484915,8.3,8.3
2026-03-17 23:50:00,0.33850261,0.42446125,8.3,8.3
2026-03-17 23:55:00,0.33865777,0.42461641,8.3,8.3
2026-03-18 00:00:00,0.33834745,0.42446125,8.3,8.3
2026-03-18 00:05:00,0.33823108,0.4250431,8.4,8.3
2026-03-18 00:10:00,0.33830866,0.42500431,8.4,8.3
2026-03-18 00:15:00,0.33803713,0.42484915,8.4,8.3
2026-03-18 00:20:00,0.33761044,0.42523705,8.4,8.3
2026-03-18 00:25:00,0.33749407,0.42492673,8.5,8.3
2026-03-18 00:30:00,0.33726133,0.42500431,8.5,8.38
2026-03-18 00:35:00,0.33675706,0.42527584,8.5,8.4
2026-03-18 00:40:00,0.33613642,0.42469399,8.58,8.4
2026-03-18 00:45:00,0.33528304,0.42473278,8.6,8.4
2026-03-18 00:50:00,0.33450724,0.42461641,8.6,8.4
2026-03-18 00:55:00,0.33369265,0.42496552,8.64,8.4
2026-03-18 01:00:00,0.33287806,0.42500431,8.7,8.4
2026-03-18 01:05:00,0.33245137,0.42488794,8.7,8.4
2026-03-18 01:10:00,0.33171436,0.4250431,8.7,8.4
2026-03-18 01:15:00,0.33152041,0.42484915,8.76,8.48
2026-03-18 01:20:00,0.33148162,0.42461641,8.8,8.5
2026-03-18 01:25:00,0.33179194,0.42473278,8.8,8.5
2026-03-18 01:30:00,0.33237379,0.42488794,8.8,8.5
2026-03-18 01:35:00,0.33318838,0.42512068,8.9,8.5
2026-03-18 01:40:00,0.3338866,0.42438367,8.9,8.52
2026-03-18 01:45:00,0.33411934,0.42481036,8.9,8.6
2026-03-18 01:50:00,0.33435208,0.42469399,8.98,8.6
2026-03-18 01:55:00,0.33439087,0.42473278,9.0,8.6
2026-03-18 02:00:00,0.33435208,0.42496552,9.0,8.6
2026-03-18 02:05:00,0.33431329,0.42457762,9.06,8.64
2026-03-18 02:10:00,0.33415813,0.42469399,9.1,8.7
2026-03-18 02:15:00,0.33408055,0.42434488,9.1,8.7
2026-03-18 02:20:00,0.33380902,0.42488794,9.14,8.7
2026-03-18 02:25:00,0.3334987,0.42477157,9.2,8.7
2026-03-18 02:30:00,0.33303322,0.42477157,9.2,8.7
2026-03-18 02:35:00,0.33249016,0.42473278,9.28,8.78
2026-03-18 02:40:00,0.33210226,0.42461641,9.3,8.8
2026-03-18 02:45:00,0.33183073,0.42473278,9.3,8.8
2026-03-18 02:50:00,0.33159799,0.42481036,9.38,8.8
2026-03-18 02:55:00,0.33163678,0.42446125,9.4,8.8
2026-03-18 03:00:00,0.33171436,0.4246552,9.4,8.8
2026-03-18 03:05:00,0.33190831,0.42496552,9.4,8.9
2026-03-18 03:10:00,0.33214105,0.4246552,9.4,8.9
2026-03-18 03:15:00,0.33241258,0.42461641,9.5,8.9
2026-03-18 03:20:00,0.33249016,0.4242673,9.5,8.9
2026-03-18 03:25:00,0.33241258,0.42453883,9.5,8.96
2026-03-18 03:30:00,0.33249016,0.42473278,9.5,9.0
2026-03-18 03:35:00,0.33249016,0.42477157,9.5,9.0
2026-03-18 03:40:00,0.3327229,0.42422851,9.44,9.0
2026-03-18 03:45:00,0.33280048,0.42430609,9.4,9.0
2026-03-18 03:50:00,0.33245137,0.42438367,9.4,9.0
2026-03-18 03:55:00,0.33198589,0.42473278,9.4,9.06
2026-03-18 04:00:00,0.33144283,0.42438367,9.4,9.1
2026-03-18 04:05:00,0.33082219,0.42457762,9.32,9.1
2026-03-18 04:10:00,0.33031792,0.42434488,9.3,9.08
2026-03-18 04:15:00,0.32989123,0.42438367,9.3,9.0
2026-03-18 04:20:00,0.32942575,0.42469399,9.3,9.0
2026-03-18 04:25:00,0.32880511,0.42418972,9.24,9.0
2026-03-18 04:30:00,0.32826205,0.42407335,9.2,9.0
2026-03-18 04:35:00,0.32775778,0.42430609,9.2,9.0
2026-03-18 04:40:00,0.32713714,0.42422851,9.2,9.0
2026-03-18 04:45:00,0.32674924,0.42403456,9.2,9.0
2026-03-18 04:50:00,0.32624497,0.42446125,9.24,9.0
2026-03-18 04:55:00,0.32570191,0.42418972,9.3,9.0
2026-03-18 05:00:00,0.32523643,0.42446125,9.3,9.0
2026-03-18 05:05:00,0.32473216,0.42438367,9.32,9.0
2026-03-18 05:10:00,0.32442184,0.42453883,9.4,9.0
2026-03-18 05:15:00,0.32383999,0.42442246,9.4,9.0
2026-03-18 05:20:00,0.32337451,0.4242673,9.4,9.0
2026-03-18 05:25:00,0.32290903,0.42430609,9.4,9.0
2026-03-18 05:30:00,0.32255992,0.42411214,9.4,9.0
2026-03-18 05:35:00,0.32228839,0.4242673,9.38,9.0
2026-03-18 05:40:00,0.32182291,0.42411214,9.3,9.0
2026-03-18 05:45:00,0.32155138,0.42411214,9.3,9.0
2026-03-18 05:50:00,0.3210859,0.42422851,9.3,9.0
2026-03-18 05:55:00,0.32093074,0.4238794,9.3,9.0
2026-03-18 06:00:00,0.320698,0.42399577,9.2,9.0
2026-03-18 06:05:00,0.32042647,0.4238794,9.2,9.0
2026-03-18 06:10:00,0.32019373,0.4238794,9.2,9.0
2026-03-18 06:15:00,0.31968946,0.42360787,9.2,9.0
2026-03-18 06:20:00,0.31957309,0.42341392,9.2,9.0
2026-03-18 06:25:00,0.31926277,0.42384061,9.1,9.0
2026-03-18 06:30:00,0.31910761,0.4234915,9.1,9.0
2026-03-18 06:35:00,0.31871971,0.4238794,9.1,9.0
2026-03-18 06:40:00,0.31860334,0.42341392,9.1,9.0
2026-03-18 06:45:00,0.31821544,0.42329755,9.1,8.94
2026-03-18 06:50:00,0.31806028,0.42345271,9.1,8.9
2026-03-18 06:55:00,0.31786633,0.4231036,9.1,8.9
2026-03-18 07:00:00,0.31751722,0.42306481,9.1,8.9
2026-03-18 07:05:00,0.31747843,0.42306481,9.1,8.9
2026-03-18 07:10:00,0.31716811,0.4231036,9.1,8.9
2026-03-18 07:15:00,0.31712932,0.42259933,9.0,8.9
2026-03-18 07:20:00,0.31689658,0.42321997,9.0,8.9
2026-03-18 07:25:00,0.31685779,0.42294844,9.0,8.9
2026-03-18 07:30:00,0.31650868,0.42306481,9.0,8.9
2026-03-18 07:35:00,0.31646989,0.42283207,8.98,8.9
2026-03-18 07:40:00,0.31577167,0.42318118,8.9,8.9
2026-03-18 07:45:00,0.31515103,0.42294844,8.9,8.9
2026-03-18 07:50:00,0.31499587,0.42283207,8.9,8.9
2026-03-18 07:55:00,0.31484071,0.42298723,8.9,8.9
2026-03-18 08:00:00,0.31476313,0.42294844,8.9,8.9
2026-03-18 08:05:00,0.31456918,0.42252175,8.8,8.9
2026-03-18 08:10:00,0.31460797,0.42236659,8.8,8.88
2026-03-18 08:15:00,0.31437523,0.42182353,8.8,8.8
2026-03-18 08:20:00,0.31429765,0.42197869,8.8,8.8
2026-03-18 08:25:00,0.3141037,0.421552,8.8,8.8
2026-03-18 08:30:00,0.31398733,0.42100894,8.8,8.8
2026-03-18 08:35:00,0.31390975,0.42058225,8.8,8.8
2026-03-18 08:40:00,0.31375459,0.42011677,8.8,8.8
2026-03-18 08:45:00,0.31352185,0.41972887,8.8,8.8
2026-03-18 08:50:00,0.31340548,0.41903065,8.8,8.8
2026-03-18 08:55:00,0.31325032,0.41910823,8.8,8.8
2026-03-18 09:00:00,0.31317274,0.41852638,8.8,8.8
2026-03-18 09:05:00,0.31297879,0.41879791,8.8,8.8
2026-03-18 09:10:00,0.31290121,0.41833243,8.76,8.8
2026-03-18 09:15:00,0.31278484,0.41817727,8.7,8.8
2026-03-18 09:20:00,0.31282363,0.41809969,8.7,8.8
2026-03-18 09:25:00,0.31270726,0.41829364,8.7,8.8
2026-03-18 09:30:00,0.31274605,0.41802211,8.68,8.74
2026-03-18 09:35:00,0.31262968,0.41829364,8.6,8.7
2026-03-18 09:40:00,0.31247452,0.41798332,8.6,8.7
2026-03-18 09:45:00,0.31228057,0.41798332,8.6,8.7
2026-03-18 09:50:00,0.31231936,0.41747905,8.5,8.7
2026-03-18 09:55:00,0.31228057,0.41763421,8.5,8.7
2026-03-18 10:00:00,0.31224178,0.41740147,8.5,8.7
2026-03-18 10:05:00,0.31208662,0.41720752,8.4,8.7
2026-03-18 10:10:00,0.31193146,0.41740147,8.4,8.7
2026-03-18 10:15:00,0.31197025,0.41732389,8.4,8.7
2026-03-18 10:20:00,0.31197025,0.41736268,8.3,8.68
2026-03-18 10:25:00,0.3117763,0.41747905,8.3,8.62
2026-03-18 10:30:00,0.3117763,0.4172851,8.3,8.6
2026-03-18 10:35:00,0.31181509,0.41681962,8.2,8.6
2026-03-18 10:40:00,0.31169872,0.41643172,8.2,8.6
2026-03-18 10:45:00,0.31162114,0.41604382,8.2,8.6
2026-03-18 10:50:00,0.31150477,0.4161214,8.12,8.6
2026-03-18 10:55:00,0.31142719,0.41581108,8.1,8.54
2026-03-18 11:00:00,0.31142719,0.41596624,8.1,8.5
2026-03-18 11:05:00,0.3113884,0.41546197,8.06,8.5
2026-03-18 11:10:00,0.31193146,0.41584987,8.0,8.5
2026-03-18 11:15:00,0.31165993,0.41546197,8.0,8.5
2026-03-18 11:20:00,0.31115566,0.41550076,8.0,8.5
2026-03-18 11:25:00,0.31111687,0.41569471,7.92,8.42
2026-03-18 11:30:00,0.31107808,0.41565592,7.9,8.4
2026-03-18 11:35:00,0.31103929,0.41608261,7.9,8.4
2026-03-18 11:40:00,0.31096171,0.41577229,7.9,8.4
2026-03-18 11:45:00,0.31092292,0.41553955,7.84,8.4
2026-03-18 11:50:00,0.31092292,0.41538439,7.8,8.4
2026-03-18 11:55:00,0.31092292,0.41553955,7.8,8.3
2026-03-18 12:00:00,0.31088413,0.41592745,7.8,8.3
2026-03-18 12:05:00,0.31088413,0.41546197,7.7,8.3
2026-03-18 12:10:00,0.31092292,0.41565592,7.7,8.3
2026-03-18 12:15:00,0.31072897,0.41542318,7.7,8.3
2026-03-18 12:20:00,0.31076776,0.41515165,7.66,8.24
2026-03-18 12:25:00,0.31076776,0.41515165,7.6,8.2
2026-03-18 12:30:00,0.31069018,0.41511286,7.6,8.2
2026-03-18 12:35:00,0.31069018,0.41522923,7.6,8.2
2026-03-18 12:40:00,0.31057381,0.41546197,7.5,8.2
2026-03-18 12:45:00,0.31057381,0.41511286,7.5,8.14
2026-03-18 12:50:00,0.31053502,0.41499649,7.5,8.1
2026-03-18 12:55:00,0.31057381,0.41542318,7.44,8.1
2026-03-18 13:00:00,0.31057381,0.41519044,7.4,8.1
2026-03-18 13:05:00,0.31045744,0.41522923,7.4,8.1
2026-03-18 13:10:00,0.31057381,0.4149577,7.4,8.02
2026-03-18 13:15:00,0.3110005,0.41515165,7.3,8.0
2026-03-18 13:20:00,0.31057381,0.41491891,7.3,8.0
2026-03-18 13:25:00,0.3106126,0.41530681,7.3,8.0
2026-03-18 13:30:00,0.31065139,0.41515165,7.24,8.0
2026-03-18 13:35:00,0.31057381,0.41515165,7.2,7.92
2026-03-18 13:40:00,0.31041865,0.41491891,7.2,7.9
2026-03-18 13:45:00,0.31041865,0.41503528,7.1,7.9
2026-03-18 13:50:00,0.31034107,0.41468617,7.1,7.9
2026-03-18 13:55:00,0.31030228,0.41460859,7.04,7.9
2026-03-18 14:00:00,0.31037986,0.41499649,7.0,7.8
2026-03-18 14:05:00,0.31030228,0.41468617,6.96,7.8
2026-03-18 14:10:00,0.31030228,0.41476375,6.9,7.8
2026-03-18 14:15:00,0.31018591,0.41507407,6.86,7.8
2026-03-18 14:20:00,0.31010833,0.41503528,6.8,7.72
2026-03-18 14:25:00,0.3102247,0.41503528,6.78,7.7
2026-03-18 14:30:00,0.31018591,0.41503528,6.7,7.7
2026-03-18 14:35:00,0.31010833,0.41449222,6.68,7.7
2026-03-18 14:40:00,0.31003075,0.41453101,6.6,7.62
2026-03-18 14:45:00,0.3102247,0.41422069,6.58,7.6
2026-03-18 14:50:00,0.31018591,0.41441464,6.5,7.6
2026-03-18 14:55:00,0.31010833,0.41468617,6.5,7.56
2026-03-18 15:00:00,0.31003075,0.41425948,6.4,7.5
2026-03-18 15:05:00,0.31006954,0.41375521,6.4,7.5
2026-03-18 15:10:00,0.30999196,0.41387158,6.32,7.48
2026-03-18 15:15:00,0.31006954,0.41394916,6.3,7.4
2026-03-18 15:20:00,0.31003075,0.41402674,6.26,7.4
2026-03-18 15:25:00,0.31018591,0.41371642,6.2,7.4
2026-03-18 15:30:00,0.31003075,0.41410432,6.2,7.34
2026-03-18 15:35:00,0.31003075,0.413794,6.1,7.3
2026-03-18 15:40:00,0.30999196,0.41348368,6.1,7.3
2026-03-18 15:45:00,0.31010833,0.413794,6.02,7.26
2026-03-18 15:50:00,0.31018591,0.41360005,6.0,7.2
2026-03-18 15:55:00,0.31006954,0.41352247,5.98,7.2
2026-03-18 16:00:00,0.31014712,0.41375521,5.9,7.2
2026-03-18 16:05:00,0.30995317,0.41360005,5.9,7.1
2026-03-18 16:10:00,0.3098368,0.41348368,5.84,7.1
2026-03-18 16:15:00,0.30991438,0.41398795,5.8,7.1
2026-03-18 16:20:00,0.30987559,0.41360005,5.8,7.0
2026-03-18 16:25:00,0.30987559,0.41356126,5.7,7.0
2026-03-18 16:30:00,0.30999196,0.41352247,5.7,7.0
2026-03-18 16:35:00,0.30987559,0.41328973,5.7,6.94
2026-03-18 16:40:00,0.30995317,0.41274667,5.62,6.9
2026-03-18 16:45:00,0.31014712,0.41294062,5.6,6.9
2026-03-18 16:50:00,0.30995317,0.41290183,5.6,6.86
2026-03-18 16:55:00,0.30975922,0.41317336,5.58,6.8
2026-03-18 17:00:00,0.31003075,0.41294062,5.5,6.8
2026-03-18 17:05:00,0.31006954,0.41290183,5.5,6.8
2026-03-18 17:10:00,0.3098368,0.41328973,5.5,6.72
2026-03-18 17:15:00,0.31014712,0.41294062,5.44,6.7
2026-03-18 17:20:00,0.3098368,0.41313457,5.4,6.7
2026-03-18 17:25:00,0.30987559,0.41278546,5.4,6.64
2026-03-18 17:30:00,0.30995317,0.4130182,5.4,6.6
2026-03-18 17:35:00,0.30987559,0.41278546,5.34,6.6
2026-03-18 17:40:00,0.3098368,0.41189329,5.3,6.6
2026-03-18 17:45:00,0.30987559,0.41111749,5.3,6.52
2026-03-18 17:50:00,0.30995317,0.41115628,5.3,6.5
2026-03-18 17:55:00,0.30999196,0.41092354,5.3,6.5
2026-03-18 18:00:00,0.31014712,0.41076838,5.26,6.5
2026-03-18 18:05:00,0.30975922,0.41034169,5.2,6.4
2026-03-18 18:10:00,0.30972043,0.4110787,5.2,6.4
2026-03-18 18:15:00,0.30972043,0.41061322,5.2,6.4
2026-03-18 18:20:00,0.30975922,0.41072959,5.2,6.4
2026-03-18 18:25:00,0.30979801,0.41065201,5.2,6.32
2026-03-18 18:30:00,0.30975922,0.41080717,5.2,6.3
2026-03-18 18:35:00,0.30975922,0.41053564,5.12,6.3
2026-03-18 18:40:00,0.30960406,0.41080717,5.1,6.3
2026-03-18 18:45:00,0.30979801,0.41065201,5.1,6.28
2026-03-18 18:50:00,0.30960406,0.41034169,5.1,6.2
2026-03-18 18:55:00,0.30979801,0.41065201,5.02,6.2
2026-03-18 19:00:00,0.30979801,0.41045806,5.0,6.2
2026-03-18 19:05:00,0.30960406,0.4103029,5.0,6.2
2026-03-18 19:10:00,0.30979801,0.41049685,5.0,6.1
2026-03-18 19:15:00,0.30964285,0.41065201,4.94,6.1
2026-03-18 19:20:00,0.3098368,0.41057443,4.9,6.1
2026-03-18 19:25:00,0.30972043,0.41007016,4.9,6.1
2026-03-18 19:30:00,0.30999196,0.41022532,4.9,6.02
2026-03-18 19:35:00,0.30960406,0.41072959,4.88,6.0
2026-03-18 19:40:00,0.30964285,0.41045806,4.8,6.0
2026-03-18 19:45:00,0.30972043,0.41007016,4.8,6.0
2026-03-18 19:50:00,0.30960406,0.41026411,4.8,5.96
2026-03-18 19:55:00,0.30968164,0.4106908,4.8,5.9
2026-03-18 20:00:00,0.30956527,0.41049685,4.72,5.9
2026-03-18 20:05:00,0.30956527,0.41034169,4.7,5.9
2026-03-18 20:10:00,0.30960406,0.41022532,4.7,5.88
2026-03-18 20:15:00,0.3098368,0.41003137,4.7,5.8
2026-03-18 20:20:00,0.3094489,0.41049685,4.68,5.8
2026-03-18 20:25:00,0.30952648,0.41003137,4.6,5.8
2026-03-18 20:30:00,0.30948769,0.41065201,4.6,5.8
2026-03-18 20:35:00,0.30952648,0.41026411,4.6,5.7
2026-03-18 20:40:00,0.30952648,0.41022532,4.6,5.7
2026-03-18 20:45:00,0.30964285,0.41018653,4.6,5.7
2026-03-18 20:50:00,0.3094489,0.4103029,4.52,5.7
2026-03-18 20:55:00,0.3094489,0.40999258,4.5,5.68
2026-03-18 21:00:00,0.30937132,0.41053564,4.5,5.6
2026-03-18 21:05:00,0.30952648,0.41003137,4.5,5.6
2026-03-18 21:10:00,0.30975922,0.4103029,4.5,5.6
2026-03-18 21:15:00,0.3094489,0.4103029,4.46,5.6
2026-03-18 21:20:00,0.30929374,0.41057443,4.4,5.58
2026-03-18 21:25:00,0.30929374,0.41014774,4.4,5.5
2026-03-18 21:30:00,0.30937132,0.41018653,4.4,5.5
2026-03-18 21:35:00,0.30933253,0.41057443,4.4,5.5
2026-03-18 21:40:00,0.30917737,0.41007016,4.34,5.5
2026-03-18 21:45:00,0.30913858,0.4103029,4.3,5.46
2026-03-18 21:50:00,0.30921616,0.41049685,4.3,5.4
2026-03-18 21:55:00,0.30933253,0.41026411,4.3,5.4
2026-03-18 22:00:00,0.30913858,0.41026411,4.3,5.4
2026-03-18 22:05:00,0.30933253,0.41010895,4.3,5.4
2026-03-18 22:10:00,0.30913858,0.41045806,4.28,5.38
2026-03-18 22:15:00,0.30913858,0.41076838,4.2,5.3
2026-03-18 22:20:00,0.30913858,0.409915,4.2,5.3
2026-03-18 22:25:00,0.30909979,0.41026411,4.2,5.3
2026-03-18 22:30:00,0.309061,0.41026411,4.2,5.3
2026-03-18 22:35:00,0.30909979,0.41014774,4.2,5.3
2026-03-18 22:40:00,0.309061,0.4103029,4.2,5.26
2026-03-18 22:45:00,0.30921616,0.41010895,4.2,5.2
2026-03-18 22:50:00,0.309061,0.41026411,4.2,5.2
2026-03-18 22:55:00,0.30929374,0.41053564,4.22,5.2
2026-03-18 23:00:00,0.30921616,0.41010895,4.3,5.2
2026-03-18 23:05:00,0.30917737,0.41034169,4.3,5.2
2026-03-18 23:10:00,0.30894463,0.41045806,4.4,5.2
2026-03-18 23:15:00,0.309061,0.41018653,4.52,5.12
2026-03-18 23:20:00,0.30898342,0.41022532,4.64,5.1
2026-03-18 23:25:00,0.30875068,0.41084596,4.8,5.1
2026-03-18 23:30:00,0.30871189,0.41045806,4.96,5.1
2026-03-18 23:35:00,0.30886705,0.41034169,5.16,5.1
2026-03-18 23:40:00,0.30855673,0.41049685,5.34,5.1
2026-03-18 23:45:00,0.30832399,0.41049685,5.56,5.1
2026-03-18 23:50:00,0.30820762,0.41096233,5.78,5.1
2026-03-18 23:55:00,0.30816883,0.41092354,5.98,5.1
2026-03-19 00:00:00,0.30785851,0.41092354,6.2,5.1
2026-03-19 00:05:00,0.30766456,0.41100112,6.42,5.1
2026-03-19 00:10:00,0.30754819,0.41065201,6.62,5.12
2026-03-19 00:15:00,0.30739303,0.41103991,6.84,5.2
2026-03-19 00:20:00,0.30719908,0.41111749,7.08,5.2
2026-03-19 00:25:00,0.30708271,0.41065201,7.28,5.2
2026-03-19 00:30:00,0.30688876,0.41072959,7.48,5.3
2026-03-19 00:35:00,0.30681118,0.4106908,7.7,5.3
2026-03-19 00:40:00,0.30653965,0.41065201,7.9,5.38
2026-03-19 00:45:00,0.30653965,0.41096233,8.1,5.4
2026-03-19 00:50:00,0.30630691,0.41053564,8.3,5.5
2026-03-19 00:55:00,0.30611296,0.41022532,8.48,5.56
2026-03-19 01:00:00,0.3059578,0.4106908,8.66,5.6
2026-03-19 01:05:00,0.30576385,0.41041927,8.84,5.7
2026-03-19 01:10:00,0.30564748,0.41053564,9.0,5.76
2026-03-19 01:15:00,0.30545353,0.41041927,9.18,5.84
2026-03-19 01:20:00,0.30525958,0.41026411,9.34,5.92
2026-03-19 01:25:00,0.305182,0.41026411,9.5,6.0
2026-03-19 01:30:00,0.30487168,0.4103029,9.66,6.1
2026-03-19 01:35:00,0.30471652,0.409915,9.84,6.18
2026-03-19 01:40:00,0.30444499,0.40995379,9.98,6.28
2026-03-19 01:45:00,0.30436741,0.40975984,10.14,6.38
2026-03-19 01:50:00,0.30425104,0.40925557,10.26,6.46
2026-03-19 01:55:00,0.30417346,0.40948831,10.42,6.56
2026-03-19 02:00:00,0.30394072,0.40906162,10.56,6.66
2026-03-19 02:05:00,0.30390193,0.40933315,10.68,6.76
2026-03-19 02:10:00,0.3036304,0.40948831,10.8,6.84
2026-03-19 02:15:00,0.30351403,0.40937194,10.9,6.94
2026-03-19 02:20:00,0.30343645,0.40925557,11.0,7.04
2026-03-19 02:25:00,0.3032425,0.40890646,11.06,7.14
2026-03-19 02:30:00,0.30316492,0.40847977,11.1,7.24
2026-03-19 02:35:00,0.30316492,0.40879009,11.1,7.34
2026-03-19 02:40:00,0.30312613,0.40859614,11.1,7.44
2026-03-19 02:45:00,0.30297097,0.40871251,11.06,7.54
2026-03-19 02:50:00,0.30297097,0.40867372,11.0,7.64
2026-03-19 02:55:00,0.30277702,0.40820824,11.0,7.74
2026-03-19 03:00:00,0.30273823,0.40813066,10.92,7.84
2026-03-19 03:05:00,0.30266065,0.40820824,10.9,7.94
2026-03-19 03:10:00,0.30262186,0.40828582,10.9,8.04
2026-03-19 03:15:00,0.3024667,0.40801429,10.9,8.14
2026-03-19 03:20:00,0.30238912,0.4083634,10.9,8.24
2026-03-19 03:25:00,0.30223396,0.40832461,10.82,8.34
2026-03-19 03:30:00,0.30223396,0.40805308,10.8,8.42
2026-03-19 03:35:00,0.30215638,0.40739365,10.72,8.52
2026-03-19 03:40:00,0.3020788,0.40762639,10.7,8.62
2026-03-19 03:45:00,0.30196243,0.40789792,10.66,8.7
2026-03-19 03:50:00,0.30192364,0.40723849,10.6,8.8
2026-03-19 03:55:00,0.30176848,0.40751002,10.64,8.88
2026-03-19 04:00:00,0.30180727,0.40723849,10.7,8.94
2026-03-19 04:05:00,0.30165211,0.40735486,10.76,9.0
2026-03-19 04:10:00,0.30161332,0.40696696,10.82,9.08
2026-03-19 04:15:00,0.30161332,0.40669543,10.9,9.1
2026-03-19 04:20:00,0.30138058,0.4071997,10.98,9.2
2026-03-19 04:25:00,0.30134179,0.40704454,11.08,9.2
2026-03-19 04:30:00,0.30110905,0.40712212,11.16,9.3
2026-03-19 04:35:00,0.30103147,0.40688938,11.22,9.32
2026-03-19 04:40:00,0.3009151,0.40688938,11.3,9.4
2026-03-19 04:45:00,0.30079873,0.40665664,11.4,9.44
2026-03-19 04:50:00,0.30068236,0.40665664,11.46,9.5
2026-03-19 04:55:00,0.30037204,0.40619116,11.5,9.58
2026-03-19 05:00:00,0.30037204,0.40646269,11.58,9.64
2026-03-19 05:05:00,0.30029446,0.40622995,11.6,9.7
2026-03-19 05:10:00,0.30010051,0.40611358,11.6,9.8
2026-03-19 05:15:00,0.30002293,0.40599721,11.68,9.86
2026-03-19 05:20:00,0.29994535,0.40588084,11.7,9.92
2026-03-19 05:25:00,0.29979019,0.40588084,11.7,10.0
2026-03-19 05:30:00,0.29971261,0.40549294,11.7,10.06
2026-03-19 05:35:00,0.29971261,0.40576447,11.7,10.1
2026-03-19 05:40:00,0.29955745,0.40572568,11.7,10.2
2026-03-19 05:45:00,0.29944108,0.40541536,11.7,10.22
2026-03-19 05:50:00,0.29928592,0.40541536,11.64,10.3
2026-03-19 05:55:00,0.29916955,0.4056481,11.6,10.34
2026-03-19 06:00:00,0.29913076,0.4056481,11.6,10.4
2026-03-19 06:05:00,0.29905318,0.40522141,11.6,10.44
2026-03-19 06:10:00,0.29893681,0.40568689,11.6,10.5
2026-03-19 06:15:00,0.29889802,0.40560931,11.5,10.54
2026-03-19 06:20:00,0.29882044,0.4048723,11.5,10.6
2026-03-19 06:25:00,0.29870407,0.40522141,11.44,10.62
2026-03-19 06:30:00,0.2985877,0.40541536,11.4,10.7
2026-03-19 06:35:00,0.29847133,0.40568689,11.32,10.7
2026-03-19 06:40:00,0.29854891,0.40522141,11.3,10.74
2026-03-19 06:45:00,0.29839375,0.40510504,11.2,10.8
2026-03-19 06:50:00,0.29847133,0.40518262,11.16,10.8
2026-03-19 06:55:00,0.29839375,0.40502746,11.1,10.8
2026-03-19 07:00:00,0.29835496,0.40491109,11.0,10.86
2026-03-19 07:05:00,0.29827738,0.40479472,10.94,10.9
2026-03-19 07:10:00,0.29823859,0.40471714,10.88,10.9
2026-03-19 07:15:00,0.29808343,0.40483351,10.8,10.9
2026-03-19 07:20:00,0.29788948,0.40502746,10.7,10.9
2026-03-19 07:25:00,0.29796706,0.40483351,10.64,10.9
2026-03-19 07:30:00,0.29808343,0.40467835,10.56,10.92
2026-03-19 07:35:00,0.29788948,0.40456198,10.48,11.0
2026-03-19 07:40:00,0.29788948,0.4044844,10.4,11.0
2026-03-19 07:45:00,0.29785069,0.4044844,10.32,11.0
2026-03-19 07:50:00,0.29788948,0.40475593,10.24,11.0
2026-03-19 07:55:00,0.29796706,0.4048723,10.18,11.0
2026-03-19 08:00:00,0.29777311,0.40440682,10.1,11.0
2026-03-19 08:05:00,0.29796706,0.40444561,10.02,11.0
2026-03-19 08:10:00,0.29792827,0.40483351,9.96,11.0
2026-03-19 08:15:00,0.29785069,0.4044844,9.88,11.0
2026-03-19 08:20:00,0.29773432,0.40460077,9.8,10.94
2026-03-19 08:25:00,0.29773432,0.40463956,9.72,10.9
2026-03-19 08:30:00,0.29777311,0.40444561,9.66,10.9
2026-03-19 08:35:00,0.29773432,0.40467835,9.6,10.9
2026-03-19 08:40:00,0.29769553,0.4044844,9.5,10.9
2026-03-19 08:45:00,0.29777311,0.40471714,9.46,10.88
2026-03-19 08:50:00,0.29773432,0.40491109,9.4,10.8
2026-03-19 08:55:00,0.29777311,0.40444561,9.3,10.8
2026-03-19 09:00:00,0.29769553,0.40444561,9.26,10.8
2026-03-19 09:05:00,0.29769553,0.40440682,9.18,10.7
2026-03-19 09:10:00,0.29765674,0.40467835,9.1,10.7
2026-03-19 09:15:00,0.29788948,0.40452319,9.04,10.68
2026-03-19 09:20:00,0.29765674,0.40436803,8.98,10.6
2026-03-19 09:25:00,0.29761795,0.40436803,8.9,10.6
2026-03-19 09:30:00,0.29765674,0.40471714,8.82,10.5
2026-03-19 09:35:00,0.29769553,0.40456198,8.76,10.5
2026-03-19 09:40:00,0.29765674,0.40432924,8.7,10.42
2026-03-19 09:45:00,0.29777311,0.4044844,8.6,10.4
2026-03-19 09:50:00,0.29773432,0.40429045,8.54,10.32
2026-03-19 09:55:00,0.29765674,0.40432924,8.48,10.3
2026-03-19 10:00:00,0.29769553,0.4044844,8.4,10.22
2026-03-19 10:05:00,0.29777311,0.40463956,8.3,10.2
2026-03-19 10:10:00,0.29773432,0.40452319,8.24,10.12
2026-03-19 10:15:00,0.29765674,0.40452319,8.18,10.1
2026-03-19 10:20:00,0.29785069,0.40440682,8.1,10.02
2026-03-19 10:25:00,0.29777311,0.40440682,8.0,10.0
2026-03-19 10:30:00,0.29773432,0.4037086,7.94,9.9
2026-03-19 10:35:00,0.29769553,0.40343707,7.9,9.88
2026-03-19 10:40:00,0.29773432,0.4029328,7.8,9.8
2026-03-19 10:45:00,0.29785069,0.3998296,7.74,9.76
2026-03-19 10:50:00,0.2978119,0.39820042,7.68,9.7
2026-03-19 10:55:00,0.29785069,0.39676519,7.6,9.64
2026-03-19 11:00:00,0.29765674,0.39598939,7.52,9.6
2026-03-19 11:05:00,0.29788948,0.39618334,7.48,9.54
2026-03-19 11:10:00,0.2978119,0.3959506,7.4,9.5
2026-03-19 11:15:00,0.29792827,0.39552391,7.32,9.42
2026-03-19 11:20:00,0.29788948,0.39552391,7.3,9.4
2026-03-19 11:25:00,0.29785069,0.39564028,7.2,9.3
2026-03-19 11:30:00,0.29796706,0.39598939,7.16,9.28
2026-03-19 11:35:00,0.29804464,0.39614455,7.1,9.2
2026-03-19 11:40:00,0.29792827,0.39598939,7.02,9.16
2026-03-19 11:45:00,0.29792827,0.39610576,6.98,9.1
2026-03-19 11:50:00,0.29804464,0.39571786,6.9,9.06
2026-03-19 11:55:00,0.29800585,0.3959506,6.86,9.0
2026-03-19 12:00:00,0.2981998,0.39571786,6.8,8.94
2026-03-19 12:05:00,0.29808343,0.39579544,6.74,8.9
2026-03-19 12:10:00,0.29816101,0.39579544,6.7,8.84
2026-03-19 12:15:00,0.2981998,0.39610576,6.62,8.8
2026-03-19 12:20:00,0.29812222,0.39552391,6.6,8.74
2026-03-19 12:25:00,0.29816101,0.39610576,6.52,8.7
2026-03-19 12:30:00,0.29823859,0.39587302,6.5,8.64
2026-03-19 12:35:00,0.2981998,0.39614455,6.42,8.6
2026-03-19 12:40:00,0.2981998,0.3959506,6.4,8.54
2026-03-19 12:45:00,0.29816101,0.39575665,6.34,8.5
2026-03-19 12:50:00,0.29816101,0.39571786,6.3,8.44
2026-03-19 12:55:00,0.2981998,0.39552391,6.26,8.4
2026-03-19 13:00:00,0.29827738,0.39571786,6.2,8.34
2026-03-19 13:05:00,0.29808343,0.39532996,6.18,8.3
2026-03-19 13:10:00,0.2981998,0.39583423,6.1,8.26
2026-03-19 13:15:00,0.29827738,0.39587302,6.1,8.2
2026-03-19 13:20:00,0.2981998,0.39575665,6.02,8.18
2026-03-19 13:25:00,0.2981998,0.39591181,6.0,8.1
2026-03-19 13:30:00,0.29816101,0.39587302,5.96,8.08
2026-03-19 13:35:00,0.29816101,0.39575665,5.9,8.0
2026-03-19 13:40:00,0.29804464,0.39540754,5.9,8.0
2026-03-19 13:45:00,0.29816101,0.39540754,5.8,7.92
2026-03-19 13:50:00,0.2981998,0.39552391,5.8,7.9
2026-03-19 13:55:00,0.29823859,0.39540754,5.7,7.86
2026-03-19 14:00:00,0.29827738,0.39544633,5.7,7.8
2026-03-19 14:05:00,0.29823859,0.39560149,5.64,7.78
2026-03-19 14:10:00,0.29827738,0.39560149,5.6,7.7
2026-03-19 14:15:00,0.29843254,0.3955627,5.6,7.7
2026-03-19 14:20:00,0.29831617,0.39552391,5.5,7.62
2026-03-19 14:25:00,0.29831617,0.39560149,5.5,7.6
2026-03-19 14:30:00,0.29847133,0.39529117,5.48,7.54
2026-03-19 14:35:00,0.29823859,0.39552391,5.4,7.5
2026-03-19 14:40:00,0.29831617,0.39532996,5.4,7.5
2026-03-19 14:45:00,0.29839375,0.39505843,5.4,7.4
2026-03-19 14:50:00,0.29831617,0.39560149,5.32,7.4
2026-03-19 14:55:00,0.29839375,0.39509722,5.3,7.36
2026-03-19 15:00:00,0.29835496,0.39544633,5.3,7.3
2026-03-19 15:05:00,0.29835496,0.39540754,5.3,7.3
2026-03-19 15:10:00,0.29835496,0.39567907,5.2,7.24
2026-03-19 15:15:00,0.29843254,0.39532996,5.2,7.2
2026-03-19 15:20:00,0.29831617,0.39509722,5.2,7.2
2026-03-19 15:25:00,0.29839375,0.39525238,5.2,7.12
2026-03-19 15:30:00,0.29827738,0.39521359,5.2,7.1
2026-03-19 15:35:00,0.29839375,0.39575665,5.12,7.1
2026-03-19 15:40:00,0.29843254,0.39552391,5.1,7.0
2026-03-19 15:45:00,0.29847133,0.39540754,5.1,7.0
2026-03-19 15:50:00,0.29851012,0.39544633,5.1,7.0
2026-03-19 15:55:00,0.29843254,0.39548512,5.1,6.9
2026-03-19 16:00:00,0.29816101,0.39532996,5.0,6.9
2026-03-19 16:05:00,0.29831617,0.39552391,5.0,6.9
2026-03-19 16:10:00,0.29835496,0.39525238,5.0,6.84
2026-03-19 16:15:00,0.29827738,0.39571786,5.0,6.8
2026-03-19 16:20:00,0.29839375,0.39536875,5.0,6.8
2026-03-19 16:25:00,0.29823859,0.3955627,4.9,6.8
2026-03-19 16:30:00,0.29823859,0.39521359,4.9,6.7
2026-03-19 16:35:00,0.2985877,0.39548512,4.9,6.7
2026-03-19 16:40:00,0.29839375,0.39564028,4.9,6.7
2026-03-19 16:45:00,0.2981998,0.39536875,4.84,6.62
2026-03-19 16:50:00,0.29839375,0.3951748,4.8,6.6
2026-03-19 16:55:00,0.29839375,0.39583423,4.8,6.6
2026-03-19 17:00:00,0.29835496,0.39560149,4.8,6.58
2026-03-19 17:05:00,0.29835496,0.39494206,4.78,6.5
2026-03-19 17:10:00,0.29854891,0.3951748,4.7,6.5
2026-03-19 17:15:00,0.29862649,0.39548512,4.7,6.5
2026-03-19 17:20:00,0.29831617,0.39575665,4.7,6.48
2026-03-19 17:25:00,0.29827738,0.39501964,4.7,6.4
2026-03-19 17:30:00,0.29839375,0.39536875,4.7,6.4
2026-03-19 17:35:00,0.29843254,0.39552391,4.62,6.4
2026-03-19 17:40:00,0.29839375,0.39540754,4.6,6.38
2026-03-19 17:45:00,0.29835496,0.39571786,4.6,6.3
2026-03-19 17:50:00,0.29839375,0.3955627,4.6,6.3
2026-03-19 17:55:00,0.29851012,0.39536875,4.6,6.3
2026-03-19 18:00:00,0.29866528,0.39529117,4.54,6.28
2026-03-19 18:05:00,0.29847133,0.39552391,4.5,6.2
2026-03-19 18:10:00,0.29835496,0.39536875,4.5,6.2
2026-03-19 18:15:00,0.29870407,0.39548512,4.5,6.2
2026-03-19 18:20:00,0.29847133,0.39525238,4.5,6.18
2026-03-19 18:25:00,0.29854891,0.39591181,4.5,6.1
2026-03-19 18:30:00,0.29854891,0.3951748,4.42,6.1
2026-03-19 18:35:00,0.29862649,0.39525238,4.4,6.1
2026-03-19 18:40:00,0.29843254,0.39560149,4.4,6.08
2026-03-19 18:45:00,0.29843254,0.39571786,4.4,6.0
2026-03-19 18:50:00,0.29854891,0.39548512,4.4,6.0
2026-03-19 18:55:00,0.29854891,0.3955627,4.4,6.0
2026-03-19 19:00:00,0.29851012,0.39575665,4.3,6.0
2026-03-19 19:05:00,0.29835496,0.39544633,4.3,5.96
2026-03-19 19:10:00,0.29866528,0.39552391,4.3,5.9
2026-03-19 19:15:00,0.29851012,0.39571786,4.3,5.9
2026-03-19 19:20:00,0.29839375,0.3955627,4.3,5.9
2026-03-19 19:25:00,0.29843254,0.39552391,4.3,5.9
2026-03-19 19:30:00,0.29843254,0.39548512,4.3,5.82
2026-03-19 19:35:00,0.29835496,0.39567907,4.3,5.8
2026-03-19 19:40:00,0.29854891,0.39583423,4.3,5.8
2026-03-19 19:45:00,0.29831617,0.39560149,4.2,5.8
2026-03-19 19:50:00,0.29827738,0.39532996,4.2,5.8
2026-03-19 19:55:00,0.29843254,0.39536875,4.2,5.7
2026-03-19 20:00:00,0.29835496,0.39529117,4.2,5.7
2026-03-19 20:05:00,0.29835496,0.39579544,4.2,5.7
2026-03-19 20:10:00,0.29839375,0.39544633,4.2,5.7
2026-03-19 20:15:00,0.29847133,0.39579544,4.2,5.7
2026-03-19 20:20:00,0.29851012,0.39540754,4.2,5.68
2026-03-19 20:25:00,0.29843254,0.39532996,4.2,5.6
2026-03-19 20:30:00,0.29854891,0.39509722,4.12,5.6
2026-03-19 20:35:00,0.29851012,0.39505843,4.1,5.6
2026-03-19 20:40:00,0.29843254,0.3951748,4.1,5.6
2026-03-19 20:45:00,0.29847133,0.3955627,4.1,5.6
2026-03-19 20:50:00,0.29839375,0.39525238,4.1,5.58
2026-03-19 20:55:00,0.29827738,0.39490327,4.1,5.5
2026-03-19 21:00:00,0.29831617,0.39540754,4.1,5.5
2026-03-19 21:05:00,0.29823859,0.39544633,4.1,5.5
2026-03-19 21:10:00,0.29839375,0.39529117,4.08,5.5
2026-03-19 21:15:00,0.29831617,0.39505843,4.0,5.5
2026-03-19 21:20:00,0.29843254,0.39505843,4.0,5.48
2026-03-19 21:25:00,0.29847133,0.3951748,4.0,5.4
2026-03-19 21:30:00,0.29843254,0.39513601,4.0,5.4
2026-03-19 21:35:00,0.29839375,0.39505843,4.0,5.4
2026-03-19 21:40:00,0.29827738,0.39529117,4.0,5.4
2026-03-19 21:45:00,0.29827738,0.39486448,4.0,5.4
2026-03-19 21:50:00,0.29839375,0.39536875,4.0,5.4
2026-03-19 21:55:00,0.29839375,0.3951748,3.96,5.32
2026-03-19 22:00:00,0.2981998,0.39505843,3.9,5.3
2026-03-19 22:05:00,0.29827738,0.39509722,3.9,5.3
2026-03-19 22:10:00,0.29835496,0.39505843,3.9,5.3
2026-03-19 22:15:00,0.29827738,0.39525238,3.9,5.3
2026-03-19 22:20:00,0.29835496,0.39513601,3.9,5.3
2026-03-19 22:25:00,0.29816101,0.39509722,3.9,5.28
2026-03-19 22:30:00,0.29812222,0.39532996,3.9,5.2
2026-03-19 22:35:00,0.29816101,0.3955627,3.9,5.2
2026-03-19 22:40:00,0.29827738,0.3955627,3.9,5.2
2026-03-19 22:45:00,0.29854891,0.3955627,3.9,5.2
2026-03-19 22:50:00,0.29831617,0.39529117,3.9,5.2
2026-03-19 22:55:00,0.29804464,0.39498085,3.9,5.2
2026-03-19 23:00:00,0.29816101,0.39509722,4.0,5.2
2026-03-19 23:05:00,0.29796706,0.39532996,4.04,5.16
2026-03-19 23:10:00,0.29804464,0.39564028,4.14,5.1
2026-03-19 23:15:00,0.29777311,0.39532996,4.24,5.1
2026-03-19 23:20:00,0.29769553,0.39525238,4.34,5.1
2026-03-19 23:25:00,0.29777311,0.39540754,4.46,5.1
2026-03-19 23:30:00,0.29777311,0.39498085,4.56,5.1
2026-03-19 23:35:00,0.29769553,0.39525238,4.68,5.1
2026-03-19 23:40:00,0.29734642,0.39564028,4.8,5.1
2026-03-19 23:45:00,0.29750158,0.39509722,4.94,5.1
2026-03-19 23:50:00,0.29711368,0.39544633,5.1,5.1
2026-03-19 23:55:00,0.29711368,0.3951748,5.26,5.1
2026-03-20 00:00:00,0.29684215,0.39536875,5.44,5.1
2026-03-20 00:05:00,0.29684215,0.39532996,5.64,5.1
2026-03-20 00:10:00,0.29668699,0.39552391,5.88,5.16
2026-03-20 00:15:00,0.29645425,0.39536875,6.08,5.2
2026-03-20 00:20:00,0.29637667,0.3951748,6.32,5.2
2026-03-20 00:25:00,0.29614393,0.39544633,6.52,5.2
2026-03-20 00:30:00,0.29610514,0.39490327,6.78,5.3
2026-03-20 00:35:00,0.2958724,0.39509722,6.98,5.3
2026-03-20 00:40:00,0.29563966,0.39536875,7.22,5.36
2026-03-20 00:45:00,0.29563966,0.39548512,7.44,5.4
2026-03-20 00:50:00,0.29536813,0.3955627,7.68,5.48
2026-03-20 00:55:00,0.29517418,0.39513601,7.9,5.52
2026-03-20 01:00:00,0.29505781,0.39544633,8.12,5.6
2026-03-20 01:05:00,0.29478628,0.39525238,8.34,5.68
2026-03-20 01:10:00,0.29459233,0.39513601,8.56,5.74
2026-03-20 01:15:00,0.29466991,0.39521359,8.76,5.82
2026-03-20 01:20:00,0.29435959,0.39540754,8.94,5.9
2026-03-20 01:25:00,0.2943208,0.39513601,9.14,6.0
2026-03-20 01:30:00,0.29408806,0.39505843,9.32,6.08
2026-03-20 01:35:00,0.29408806,0.39540754,9.52,6.18
2026-03-20 01:40:00,0.29397169,0.39529117,9.7,6.26
2026-03-20 01:45:00,0.29373895,0.39494206,9.88,6.36
2026-03-20 01:50:00,0.29377774,0.39505843,10.06,6.46
2026-03-20 01:55:00,0.29362258,0.39494206,10.2,6.54
2026-03-20 02:00:00,0.29346742,0.39467053,10.34,6.64
2026-03-20 02:05:00,0.29327347,0.39501964,10.46,6.76
2026-03-20 02:10:00,0.29319589,0.39513601,10.56,6.86
2026-03-20 02:15:00,0.29319589,0.39451537,10.68,6.96
2026-03-20 02:20:00,0.29327347,0.39474811,10.74,7.06
2026-03-20 02:25:00,0.2931571,0.39443779,10.8,7.16
2026-03-20 02:30:00,0.29307952,0.39474811,10.8,7.26
2026-03-20 02:35:00,0.29300194,0.39443779,10.8,7.36
2026-03-20 02:40:00,0.29296315,0.39447658,10.8,7.44
2026-03-20 02:45:00,0.29300194,0.39408868,10.7,7.54
2026-03-20 02:50:00,0.29288557,0.39416626,10.7,7.66
2026-03-20 02:55:00,0.29284678,0.39373957,10.62,7.74
2026-03-20 03:00:00,0.29273041,0.39373957,10.6,7.84
2026-03-20 03:05:00,0.29265283,0.39404989,10.6,7.92
2026-03-20 03:10:00,0.29269162,0.3940111,10.6,8.02
2026-03-20 03:15:00,0.29257525,0.39370078,10.6,8.1
2026-03-20 03:20:00,0.29245888,0.39366199,10.6,8.2
2026-03-20 03:25:00,0.29249767,0.39389473,10.6,8.3
2026-03-20 03:30:00,0.29249767,0.3936232,10.6,8.38
2026-03-20 03:35:00,0.29249767,0.39354562,10.56,8.46
2026-03-20 03:40:00,0.29245888,0.39319651,10.52,8.56
2026-03-20 03:45:00,0.29230372,0.39319651,10.6,8.64
2026-03-20 03:50:00,0.29218735,0.39331288,10.6,8.7
2026-03-20 03:55:00,0.29222614,0.39331288,10.64,8.8
2026-03-20 04:00:00,0.29214856,0.39339046,10.72,8.86
2026-03-20 04:05:00,0.29222614,0.39292498,10.8,8.92
2026-03-20 04:10:00,0.29210977,0.39273103,10.9,9.0
2026-03-20 04:15:00,0.29207098,0.39304135,11.0,9.04
2026-03-20 04:20:00,0.29195461,0.39234313,11.1,9.1
2026-03-20 04:25:00,0.29187703,0.3928474,11.18,9.16
2026-03-20 04:30:00,0.29164429,0.39280861,11.26,9.2
2026-03-20 04:35:00,0.29176066,0.39199402,11.3,9.28
2026-03-20 04:40:00,0.2916055,0.39238192,11.34,9.32
2026-03-20 04:45:00,0.29168308,0.39257587,11.4,9.4
2026-03-20 04:50:00,0.29152792,0.39218797,11.4,9.46
2026-03-20 04:55:00,0.29137276,0.39203281,11.44,9.5
2026-03-20 05:00:00,0.29137276,0.39183886,11.5,9.58
2026-03-20 05:05:00,0.29137276,0.39164491,11.5,9.62
2026-03-20 05:10:00,0.29125639,0.39183886,11.56,9.7
2026-03-20 05:15:00,0.2912176,0.39191644,11.6,9.76
2026-03-20 05:20:00,0.29114002,0.3916837,11.6,9.8
2026-03-20 05:25:00,0.29106244,0.39137338,11.6,9.88
2026-03-20 05:30:00,0.29102365,0.39125701,11.6,9.92
2026-03-20 05:35:00,0.29094607,0.39145096,11.6,10.0
2026-03-20 05:40:00,0.29106244,0.39156733,11.6,10.06
2026-03-20 05:45:00,0.29106244,0.39145096,11.6,10.1
2026-03-20 05:50:00,0.29086849,0.39102427,11.6,10.18
2026-03-20 05:55:00,0.29090728,0.39083032,11.6,10.2
2026-03-20 06:00:00,0.29086849,0.39079153,11.6,10.28
2026-03-20 06:05:00,0.29125639,0.39094669,11.54,10.3
2026-03-20 06:10:00,0.2908297,0.39086911,11.5,10.4
2026-03-20 06:15:00,0.29075212,0.39067516,11.5,10.4
2026-03-20 06:20:00,0.29090728,0.39059758,11.46,10.48
2026-03-20 06:25:00,0.2908297,0.39055879,11.4,10.5
2026-03-20 06:30:00,0.29075212,0.39052,11.38,10.54
2026-03-20 06:35:00,0.29079091,0.39063637,11.3,10.6
2026-03-20 06:40:00,0.29071333,0.39048121,11.28,10.6
2026-03-20 06:45:00,0.29079091,0.39017089,11.2,10.7
2026-03-20 06:50:00,0.29079091,0.39001573,11.16,10.7
2026-03-20 06:55:00,0.29079091,0.39028726,11.1,10.7
2026-03-20 07:00:00,0.29071333,0.39009331,11.02,10.8
2026-03-20 07:05:00,0.29055817,0.38989936,10.96,10.8
2026-03-20 07:10:00,0.29051938,0.38997694,10.9,10.8
2026-03-20 07:15:00,0.29036422,0.38993815,10.8,10.8
2026-03-20 07:20:00,0.2904418,0.38966662,10.74,10.88
2026-03-20 07:25:00,0.29036422,0.38978299,10.7,10.9
2026-03-20 07:30:00,0.29036422,0.38951146,10.6,10.9
2026-03-20 07:35:00,0.29048059,0.3897442,10.52,10.9
2026-03-20 07:40:00,0.29048059,0.38943388,10.48,10.9
2026-03-20 07:45:00,0.29055817,0.38939509,10.4,10.9
2026-03-20 07:50:00,0.29040301,0.38927872,10.32,10.9
2026-03-20 07:55:00,0.2904418,0.38947267,10.28,10.9
2026-03-20 08:00:00,0.29040301,0.38955025,10.2,10.9
2026-03-20 08:05:00,0.29036422,0.38923993,10.14,10.9
2026-03-20 08:10:00,0.2904418,0.38900719,10.1,10.9
2026-03-20 08:15:00,0.29051938,0.38916235,10.02,10.9
2026-03-20 08:20:00,0.2904418,0.38904598,10.0,10.9
2026-03-20 08:25:00,0.29040301,0.38912356,9.9,10.9
2026-03-20 08:30:00,0.29051938,0.38904598,9.88,10.9
2026-03-20 08:35:00,0.29059696,0.38881324,9.8,10.9
2026-03-20 08:40:00,0.29051938,0.3889684,9.76,10.9
2026-03-20 08:45:00,0.29055817,0.38881324,9.7,10.9
2026-03-20 08:50:00,0.29032543,0.38861929,9.64,10.82
2026-03-20 08:55:00,0.29059696,0.38861929,9.6,10.8
2026-03-20 09:00:00,0.2904418,0.38885203,9.56,10.8
2026-03-20 09:05:00,0.29040301,0.38869687,9.5,10.8
2026-03-20 09:10:00,0.29040301,0.38869687,9.46,10.74
2026-03-20 09:15:00,0.29048059,0.38865808,9.4,10.7
2026-03-20 09:20:00,0.29048059,0.38900719,9.36,10.7
2026-03-20 09:25:00,0.29051938,0.38869687,9.3,10.66
2026-03-20 09:30:00,0.2904418,0.3885805,9.22,10.6
2026-03-20 09:35:00,0.29051938,0.38838655,9.18,10.6
2026-03-20 09:40:00,0.2904418,0.38873566,9.1,10.54
2026-03-20 09:45:00,0.29040301,0.38885203,9.06,10.5
2026-03-20 09:50:00,0.29048059,0.38842534,9.0,10.5
2026-03-20 09:55:00,0.29051938,0.38877445,8.92,10.4
2026-03-20 10:00:00,0.29048059,0.38846413,8.86,10.4
2026-03-20 10:05:00,0.29055817,0.38854171,8.8,10.36
2026-03-20 10:10:00,0.2904418,0.38823139,8.72,10.3
2026-03-20 10:15:00,0.29051938,0.38823139,8.66,10.3
2026-03-20 10:20:00,0.29063575,0.38869687,8.6,10.2
2026-03-20 10:25:00,0.29059696,0.38842534,8.52,10.2
2026-03-20 10:30:00,0.29063575,0.38854171,8.46,10.14
2026-03-20 10:35:00,0.29063575,0.38900719,8.4,10.1
2026-03-20 10:40:00,0.29059696,0.38827018,8.32,10.06
2026-03-20 10:45:00,0.29067454,0.38827018,8.28,10.0
2026-03-20 10:50:00,0.29055817,0.38827018,8.2,9.98
2026-03-20 10:55:00,0.29075212,0.38823139,8.16,9.9
2026-03-20 11:00:00,0.29063575,0.38838655,8.1,9.88
2026-03-20 11:05:00,0.29075212,0.3885805,8.02,9.8
2026-03-20 11:10:00,0.29075212,0.38838655,8.0,9.8
2026-03-20 11:15:00,0.29075212,0.38827018,7.9,9.7
2026-03-20 11:20:00,0.2908297,0.38838655,7.88,9.7
2026-03-20 11:25:00,0.2908297,0.38854171,7.8,9.62
2026-03-20 11:30:00,0.29075212,0.38842534,7.76,9.6
2026-03-20 11:35:00,0.2908297,0.38834776,7.7,9.54
2026-03-20 11:40:00,0.29071333,0.38873566,7.64,9.5
2026-03-20 11:45:00,0.2908297,0.38823139,7.6,9.46
2026-03-20 11:50:00,0.2908297,0.38834776,7.5,9.4
2026-03-20 11:55:00,0.29094607,0.38834776,7.48,9.38
2026-03-20 12:00:00,0.29086849,0.38827018,7.4,9.3
2026-03-20 12:05:00,0.29086849,0.38838655,7.38,9.3
2026-03-20 12:10:00,0.29094607,0.38865808,7.3,9.22
2026-03-20 12:15:00,0.29094607,0.38869687,7.28,9.2
2026-03-20 12:20:00,0.29098486,0.38846413,7.2,9.12
2026-03-20 12:25:00,0.29102365,0.38881324,7.18,9.1
2026-03-20 12:30:00,0.29102365,0.38850292,7.1,9.06
2026-03-20 12:35:00,0.29102365,0.3885805,7.08,9.0
2026-03-20 12:40:00,0.29094607,0.38869687,7.0,8.98
2026-03-20 12:45:00,0.29098486,0.38877445,7.0,8.9
2026-03-20 12:50:00,0.29106244,0.38889082,6.9,8.9
2026-03-20 12:55:00,0.29086849,0.38827018,6.9,8.82
2026-03-20 13:00:00,0.29098486,0.38865808,6.82,8.8
2026-03-20 13:05:00,0.29102365,0.38881324,6.8,8.76
2026-03-20 13:10:00,0.29114002,0.38885203,6.74,8.7
2026-03-20 13:15:00,0.29102365,0.38892961,6.7,8.7
2026-03-20 13:20:00,0.29106244,0.38861929,6.64,8.6
2026-03-20 13:25:00,0.29098486,0.38830897,6.6,8.6
2026-03-20 13:30:00,0.29106244,0.38885203,6.56,8.54
2026-03-20 13:35:00,0.29114002,0.38850292,6.5,8.5
2026-03-20 13:40:00,0.2912176,0.38842534,6.5,8.48
2026-03-20 13:45:00,0.2912176,0.3885805,6.4,8.4
2026-03-20 13:50:00,0.2912176,0.38830897,6.4,8.4
2026-03-20 13:55:00,0.29117881,0.38854171,6.34,8.32
2026-03-20 14:00:00,0.29114002,0.38885203,6.3,8.3
2026-03-20 14:05:00,0.29125639,0.38861929,6.28,8.28
2026-03-20 14:10:00,0.29114002,0.38846413,6.2,8.2
2026-03-20 14:15:00,0.29117881,0.38838655,6.2,8.2
2026-03-20 14:20:00,0.2912176,0.38865808,6.14,8.14
2026-03-20 14:25:00,0.2912176,0.38846413,6.1,8.1
2026-03-20 14:30:00,0.29117881,0.38842534,6.08,8.08
2026-03-20 14:35:00,0.29117881,0.38846413,6.0,8.0
2026-03-20 14:40:00,0.29129518,0.38834776,6.0,8.0
2026-03-20 14:45:00,0.29114002,0.38834776,5.94,7.94
2026-03-20 14:50:00,0.29117881,0.38827018,5.9,7.9
2026-03-20 14:55:00,0.29125639,0.38834776,5.9,7.9
2026-03-20 15:00:00,0.29110123,0.38823139,5.82,7.8
2026-03-20 15:05:00,0.2912176,0.38827018,5.8,7.8
2026-03-20 15:10:00,0.29114002,0.38815381,5.78,7.76
2026-03-20 15:15:00,0.29117881,0.38830897,5.7,7.7
2026-03-20 15:20:00,0.29129518,0.38827018,5.7,7.7
2026-03-20 15:25:00,0.2912176,0.38838655,5.66,7.64
2026-03-20 15:30:00,0.29133397,0.3881926,5.6,7.6
2026-03-20 15:35:00,0.29133397,0.38850292,5.6,7.58
2026-03-20 15:40:00,0.29110123,0.38807623,5.56,7.5
2026-03-20 15:45:00,0.2912176,0.38803744,5.5,7.5
2026-03-20 15:50:00,0.29117881,0.38865808,5.5,7.46
2026-03-20 15:55:00,0.29129518,0.38823139,5.44,7.4
2026-03-20 16:00:00,0.2912176,0.3885805,5.4,7.4
2026-03-20 16:05:00,0.29110123,0.3881926,5.4,7.36
2026-03-20 16:10:00,0.29114002,0.38838655,5.36,7.3
2026-03-20 16:15:00,0.29141155,0.38881324,5.3,7.3
2026-03-20 16:20:00,0.29137276,0.3885805,5.3,7.24
2026-03-20 16:25:00,0.29137276,0.38830897,5.3,7.2
2026-03-20 16:30:00,0.29137276,0.38827018,5.22,7.2
2026-03-20 16:35:00,0.29148913,0.3885805,5.2,7.14
2026-03-20 16:40:00,0.29145034,0.38830897,5.2,7.1
2026-03-20 16:45:00,0.29141155,0.38881324,5.2,7.1
2026-03-20 16:50:00,0.29152792,0.38869687,5.2,7.04
2026-03-20 16:55:00,0.29137276,0.38834776,5.2,7.0
2026-03-20 17:00:00,0.29137276,0.3889684,5.16,7.0
2026-03-20 17:05:00,0.29133397,0.38877445,5.1,6.96
2026-03-20 17:10:00,0.29152792,0.38850292,5.1,6.9
2026-03-20 17:15:00,0.29156671,0.38861929,5.1,6.9
2026-03-20 17:20:00,0.29145034,0.38865808,5.1,6.88
2026-03-20 17:25:00,0.29156671,0.38869687,5.1,6.8
2026-03-20 17:30:00,0.29145034,0.38850292,5.1,6.8
2026-03-20 17:35:00,0.29145034,0.38846413,5.1,6.8
2026-03-20 17:40:00,0.29129518,0.38854171,5.1,6.76
2026-03-20 17:45:00,0.29125639,0.38834776,5.04,6.7
2026-03-20 17:50:00,0.29141155,0.38827018,5.0,6.7
2026-03-20 17:55:00,0.29145034,0.38861929,5.0,6.7
2026-03-20 18:00:00,0.29117881,0.38854171,5.0,6.64
2026-03-20 18:05:00,0.29129518,0.38877445,5.0,6.6
2026-03-20 18:10:00,0.29141155,0.38877445,4.96,6.6
2026-03-20 18:15:00,0.29137276,0.3885805,4.9,6.6
2026-03-20 18:20:00,0.29145034,0.38892961,4.9,6.56
2026-03-20 18:25:00,0.29133397,0.38850292,4.9,6.5
2026-03-20 18:30:00,0.29137276,0.3885805,4.9,6.5
2026-03-20 18:35:00,0.29164429,0.38850292,4.86,6.5
2026-03-20 18:40:00,0.29141155,0.38842534,4.8,6.5
2026-03-20 18:45:00,0.29117881,0.38881324,4.8,6.4
2026-03-20 18:50:00,0.29125639,0.38865808,4.8,6.4
2026-03-20 18:55:00,0.29129518,0.38850292,4.8,6.4
2026-03-20 19:00:00,0.29129518,0.38869687,4.74,6.4
2026-03-20 19:05:00,0.29152792,0.38873566,4.7,6.34
2026-03-20 19:10:00,0.29129518,0.38889082,4.7,6.3
2026-03-20 19:15:00,0.2912176,0.38865808,4.7,6.3
2026-03-20 19:20:00,0.29152792,0.38854171,4.7,6.3
2026-03-20 19:25:00,0.29164429,0.38861929,4.7,6.28
2026-03-20 19:30:00,0.29129518,0.38877445,4.7,6.2
2026-03-20 19:35:00,0.29148913,0.38889082,4.7,6.2
2026-03-20 19:40:00,0.29137276,0.38873566,4.7,6.2
2026-03-20 19:45:00,0.29129518,0.38873566,4.7,6.2
2026-03-20 19:50:00,0.29137276,0.38861929,4.7,6.18
2026-03-20 19:55:00,0.29179945,0.38850292,4.7,6.1
2026-03-20 20:00:00,0.2912176,0.38865808,4.7,6.1
2026-03-20 20:05:00,0.29137276,0.38873566,4.68,6.1
2026-03-20 20:10:00,0.29152792,0.38861929,4.6,6.1
2026-03-20 20:15:00,0.29168308,0.38912356,4.6,6.1
2026-03-20 20:20:00,0.29125639,0.38854171,4.6,6.0
2026-03-20 20:25:00,0.29125639,0.38885203,4.6,6.0
2026-03-20 20:30:00,0.29117881,0.38830897,4.6,6.0
2026-03-20 20:35:00,0.29114002,0.38889082,4.6,6.0
2026-03-20 20:40:00,0.29106244,0.3885805,4.6,6.0
2026-03-20 20:45:00,0.29110123,0.38892961,4.6,6.0
2026-03-20 20:50:00,0.29114002,0.38892961,4.6,5.92
2026-03-20 20:55:00,0.29129518,0.38869687,4.6,5.9
2026-03-20 21:00:00,0.29145034,0.3889684,4.6,5.9
2026-03-20 21:05:00,0.29114002,0.38865808,4.6,5.9
2026-03-20 21:10:00,0.29114002,0.38861929,4.6,5.9
2026-03-20 21:15:00,0.29110123,0.3889684,4.6,5.9
2026-03-20 21:20:00,0.29148913,0.38881324,4.6,5.86
2026-03-20 21:25:00,0.29133397,0.3885805,4.6,5.8
2026-03-20 21:30:00,0.29125639,0.38885203,4.6,5.8
2026-03-20 21:35:00,0.29110123,0.3889684,4.6,5.8
2026-03-20 21:40:00,0.29102365,0.38865808,4.6,5.8
2026-03-20 21:45:00,0.29106244,0.38865808,4.6,5.8
2026-03-20 21:50:00,0.2908297,0.38873566,4.6,5.8
2026-03-20 21:55:00,0.29079091,0.38873566,4.6,5.8
2026-03-20 22:00:00,0.29114002,0.38865808,4.6,5.74
2026-03-20 22:05:00,0.29098486,0.38865808,4.6,5.7
2026-03-20 22:10:00,0.29106244,0.38885203,4.6,5.7
2026-03-20 22:15:00,0.2908297,0.38877445,4.6,5.7
2026-03-20 22:20:00,0.29075212,0.38873566,4.6,5.7
2026-03-20 22:25:00,0.29086849,0.38889082,4.6,5.7
2026-03-20 22:30:00,0.29090728,0.38861929,4.6,5.7
2026-03-20 22:35:00,0.29090728,0.38904598,4.62,5.7
2026-03-20 22:40:00,0.29086849,0.38877445,4.7,5.7
2026-03-20 22:45:00,0.29079091,0.38885203,4.7,5.7
2026-03-20 22:50:00,0.29079091,0.38908477,4.7,5.7
2026-03-20 22:55:00,0.29079091,0.38912356,4.74,5.7
2026-03-20 23:00:00,0.29086849,0.38877445,4.8,5.62
2026-03-20 23:05:00,0.29063575,0.38877445,4.82,5.6
2026-03-20 23:10:00,0.29063575,0.38869687,4.9,5.6
2026-03-20 23:15:00,0.29063575,0.38869687,4.9,5.6
2026-03-20 23:20:00,0.29048059,0.38908477,5.0,5.6
2026-03-20 23:25:00,0.29063575,0.38873566,5.06,5.6
2026-03-20 23:30:00,0.29036422,0.38869687,5.12,5.6
2026-03-20 23:35:00,0.2904418,0.3885805,5.2,5.6
2026-03-20 23:40:00,0.29028664,0.38877445,5.24,5.68
2026-03-20 23:45:00,0.29028664,0.38873566,5.3,5.7
2026-03-20 23:50:00,0.29013148,0.38854171,5.38,5.7
2026-03-20 23:55:00,0.29013148,0.38873566,5.44,5.7
2026-03-21 00:00:00,0.29013148,0.38850292,5.52,5.7
2026-03-21 00:05:00,0.28993753,0.38850292,5.6,5.7
2026-03-21 00:10:00,0.28989874,0.38850292,5.66,5.7
2026-03-21 00:15:00,0.28993753,0.3885805,5.76,5.74
2026-03-21 00:20:00,0.28970479,0.38869687,5.86,5.8
2026-03-21 00:25:00,0.289666,0.38854171,5.96,5.8
2026-03-21 00:30:00,0.28954963,0.38881324,6.04,5.8
2026-03-21 00:35:00,0.28943326,0.38846413,6.12,5.86
2026-03-21 00:40:00,0.28931689,0.38850292,6.2,5.9
2026-03-21 00:45:00,0.28935568,0.38865808,6.32,5.9
2026-03-21 00:50:00,0.28920052,0.3885805,6.44,5.94
2026-03-21 00:55:00,0.28904536,0.38854171,6.56,6.0
2026-03-21 01:00:00,0.28892899,0.38846413,6.68,6.0
2026-03-21 01:05:00,0.28885141,0.38827018,6.84,6.06
2026-03-21 01:10:00,0.28865746,0.38865808,6.96,6.1
2026-03-21 01:15:00,0.28854109,0.38854171,7.16,6.12
2026-03-21 01:20:00,0.28842472,0.38842534,7.34,6.2
2026-03-21 01:25:00,0.28830835,0.38865808,7.56,6.2
2026-03-21 01:30:00,0.28819198,0.38823139,7.76,6.3
2026-03-21 01:35:00,0.28803682,0.38830897,7.96,6.34
2026-03-21 01:40:00,0.28780408,0.38823139,8.16,6.4
2026-03-21 01:45:00,0.28764892,0.38803744,8.36,6.46
2026-03-21 01:50:00,0.28749376,0.38792107,8.54,6.52
2026-03-21 01:55:00,0.28745497,0.38784349,8.74,6.6
2026-03-21 02:00:00,0.28737739,0.38768833,8.94,6.7
2026-03-21 02:05:00,0.28729981,0.38788228,9.14,6.78
2026-03-21 02:10:00,0.28718344,0.38788228,9.34,6.86
2026-03-21 02:15:00,0.28718344,0.38753317,9.54,6.94
2026-03-21 02:20:00,0.28706707,0.3878047,9.68,7.04
2026-03-21 02:25:00,0.28706707,0.3878047,9.8,7.14
2026-03-21 02:30:00,0.28691191,0.38737801,9.9,7.24
2026-03-21 02:35:00,0.2869507,0.38768833,9.98,7.34
2026-03-21 02:40:00,0.28679554,0.38761075,10.0,7.44
2026-03-21 02:45:00,0.28687312,0.38757196,10.0,7.54
2026-03-21 02:50:00,0.28691191,0.3870289,10.0,7.66
2026-03-21 02:55:00,0.28667917,0.38710648,10.0,7.76
2026-03-21 03:00:00,0.28664038,0.38714527,10.0,7.88
2026-03-21 03:05:00,0.28660159,0.38714527,10.08,7.98
2026-03-21 03:10:00,0.28644643,0.38695132,10.1,8.12
2026-03-21 03:15:00,0.28625248,0.38722285,10.2,8.22
2026-03-21 03:20:00,0.28644643,0.38718406,10.26,8.34
2026-03-21 03:25:00,0.28633006,0.38687374,10.3,8.46
2026-03-21 03:30:00,0.28625248,0.38691253,10.3,8.56
2026-03-21 03:35:00,0.28636885,0.38714527,10.3,8.68
2026-03-21 03:40:00,0.28633006,0.38714527,10.22,8.8
2026-03-21 03:45:00,0.28629127,0.38671858,10.3,8.92
2026-03-21 03:50:00,0.28621369,0.38636947,10.3,9.02
2026-03-21 03:55:00,0.28613611,0.38636947,10.38,9.12
2026-03-21 04:00:00,0.28605853,0.38633068,10.52,9.22
2026-03-21 04:05:00,0.28594216,0.38636947,10.66,9.3
2026-03-21 04:10:00,0.28601974,0.38598157,10.78,9.4
2026-03-21 04:15:00,0.285787,0.38602036,10.94,9.46
2026-03-21 04:20:00,0.28582579,0.38555488,11.06,9.54
2026-03-21 04:25:00,0.28563184,0.38598157,11.18,9.6
2026-03-21 04:30:00,0.28574821,0.38582641,11.32,9.7
2026-03-21 04:35:00,0.28559305,0.38559367,11.42,9.76
2026-03-21 04:40:00,0.28551547,0.3854773,11.52,9.84
2026-03-21 04:45:00,0.28547668,0.38590399,11.62,9.92
2026-03-21 04:50:00,0.28543789,0.38528335,11.7,10.0
2026-03-21 04:55:00,0.28536031,0.38520577,11.78,10.1
2026-03-21 05:00:00,0.28536031,0.38532214,11.8,10.18
2026-03-21 05:05:00,0.28536031,0.38505061,11.9,10.26
2026-03-21 05:10:00,0.28516636,0.38501182,11.9,10.34
2026-03-21 05:15:00,0.28512757,0.38481787,11.96,10.42
2026-03-21 05:20:00,0.28512757,0.38474029,12.0,10.5
2026-03-21 05:25:00,0.28508878,0.3847015,12.0,10.6
2026-03-21 05:30:00,0.28504999,0.38474029,12.0,10.66
2026-03-21 05:35:00,0.28504999,0.38450755,12.0,10.74
2026-03-21 05:40:00,0.28497241,0.38427481,12.0,10.8
2026-03-21 05:45:00,0.28497241,0.38446876,12.0,10.88
2026-03-21 05:50:00,0.28493362,0.38408086,12.0,10.94
2026-03-21 05:55:00,0.28489483,0.38404207,12.0,11.0
2026-03-21 06:00:00,0.28497241,0.38408086,12.0,11.08
2026-03-21 06:05:00,0.28489483,0.38384812,12.0,11.12
2026-03-21 06:10:00,0.28493362,0.38377054,11.94,11.2
2026-03-21 06:15:00,0.28485604,0.38380933,11.9,11.24
2026-03-21 06:20:00,0.28481725,0.38384812,11.82,11.3
2026-03-21 06:25:00,0.28493362,0.3835378,11.76,11.36
2026-03-21 06:30:00,0.28485604,0.38342143,11.66,11.4
2026-03-21 06:35:00,0.28489483,0.38357659,11.56,11.46
2026-03-21 06:40:00,0.28493362,0.38330506,11.46,11.5
2026-03-21 06:45:00,0.28497241,0.3831499,11.36,11.54
2026-03-21 06:50:00,0.28489483,0.3831499,11.26,11.6
2026-03-21 06:55:00,0.28504999,0.38307232,11.18,11.6
2026-03-21 07:00:00,0.28508878,0.38330506,11.08,11.66
2026-03-21 07:05:00,0.28504999,0.38287837,11.0,11.7
2026-03-21 07:10:00,0.28508878,0.38303353,10.9,11.7
2026-03-21 07:15:00,0.28524394,0.382762,10.8,11.7
2026-03-21 07:20:00,0.2850112,0.38283958,10.72,11.8
2026-03-21 07:25:00,0.28512757,0.38291716,10.64,11.8
2026-03-21 07:30:00,0.28508878,0.38272321,10.54,11.8
2026-03-21 07:35:00,0.28516636,0.38260684,10.46,11.8
2026-03-21 07:40:00,0.28520515,0.38283958,10.38,11.8
2026-03-21 07:45:00,0.28516636,0.38252926,10.3,11.8
2026-03-21 07:50:00,0.28520515,0.38256805,10.2,11.8
2026-03-21 07:55:00,0.28520515,0.38283958,10.12,11.8
2026-03-21 08:00:00,0.28524394,0.38256805,10.06,11.8
2026-03-21 08:05:00,0.28528273,0.38241289,10.0,11.8
2026-03-21 08:10:00,0.28520515,0.38264563,9.9,11.8
2026-03-21 08:15:00,0.28536031,0.38249047,9.82,11.8
2026-03-21 08:20:00,0.28536031,0.38221894,9.76,11.8
2026-03-21 08:25:00,0.2853991,0.38214136,9.7,11.78
2026-03-21 08:30:00,0.28532152,0.38210257,9.62,11.7
2026-03-21 08:35:00,0.28536031,0.38202499,9.58,11.7
2026-03-21 08:40:00,0.28536031,0.38225773,9.5,11.7
2026-03-21 08:45:00,0.28543789,0.38218015,9.42,11.7
2026-03-21 08:50:00,0.28547668,0.38190862,9.38,11.6
2026-03-21 08:55:00,0.2853991,0.38206378,9.3,11.6
2026-03-21 09:00:00,0.2853991,0.38186983,9.24,11.58
2026-03-21 09:05:00,0.2853991,0.38210257,9.2,11.5
2026-03-21 09:10:00,0.2853991,0.38186983,9.1,11.5
2026-03-21 09:15:00,0.28543789,0.3819862,9.06,11.44
2026-03-21 09:20:00,0.28559305,0.38171467,9.0,11.4
2026-03-21 09:25:00,0.28555426,0.38179225,8.92,11.34
2026-03-21 09:30:00,0.2853991,0.38179225,8.88,11.3
2026-03-21 09:35:00,0.28547668,0.38167588,8.8,11.24
2026-03-21 09:40:00,0.28543789,0.38167588,8.74,11.2
2026-03-21 09:45:00,0.28551547,0.38186983,8.68,11.12
2026-03-21 09:50:00,0.28547668,0.38194741,8.6,11.1
2026-03-21 09:55:00,0.28551547,0.38190862,8.54,11.0
2026-03-21 10:00:00,0.28551547,0.38194741,8.48,11.0
2026-03-21 10:05:00,0.28567063,0.38171467,8.4,10.9
2026-03-21 10:10:00,0.28567063,0.38190862,8.32,10.88
2026-03-21 10:15:00,0.285787,0.38167588,8.26,10.8
2026-03-21 10:20:00,0.28567063,0.38186983,8.2,10.76
2026-03-21 10:25:00,0.28574821,0.38183104,8.1,10.7
2026-03-21 10:30:00,0.28570942,0.38171467,8.02,10.64
2026-03-21 10:35:00,0.285787,0.38214136,7.96,10.6
2026-03-21 10:40:00,0.285787,0.3819862,7.9,10.5
2026-03-21 10:45:00,0.285787,0.38194741,7.8,10.48
2026-03-21 10:50:00,0.28582579,0.38194741,7.74,10.4
2026-03-21 10:55:00,0.285787,0.38194741,7.68,10.34
2026-03-21 11:00:00,0.28590337,0.38194741,7.6,10.3
2026-03-21 11:05:00,0.28594216,0.38190862,7.52,10.22
2026-03-21 11:10:00,0.285787,0.38171467,7.46,10.2
2026-03-21 11:15:00,0.28594216,0.38186983,7.4,10.1
2026-03-21 11:20:00,0.28605853,0.38194741,7.32,10.06
2026-03-21 11:25:00,0.28613611,0.38202499,7.28,10.0
2026-03-21 11:30:00,0.28609732,0.38183104,7.2,9.94
2026-03-21 11:35:00,0.28609732,0.38183104,7.14,9.9
2026-03-21 11:40:00,0.28621369,0.38186983,7.1,9.8
2026-03-21 11:45:00,0.28609732,0.38194741,7.0,9.76
2026-03-21 11:50:00,0.28613611,0.38179225,6.98,9.7
2026-03-21 11:55:00,0.28609732,0.38186983,6.9,9.64
2026-03-21 12:00:00,0.28621369,0.38190862,6.84,9.6
2026-03-21 12:05:00,0.28625248,0.38175346,6.8,9.52
2026-03-21 12:10:00,0.28621369,0.38179225,6.74,9.5
2026-03-21 12:15:00,0.28629127,0.38175346,6.7,9.4
2026-03-21 12:20:00,0.28636885,0.38183104,6.62,9.38
2026-03-21 12:25:00,0.28629127,0.38163709,6.6,9.3
2026-03-21 12:30:00,0.28636885,0.38171467,6.5,9.26
2026-03-21 12:35:00,0.28644643,0.38186983,6.5,9.2
2026-03-21 12:40:00,0.28629127,0.38194741,6.4,9.14
2026-03-21 12:45:00,0.28636885,0.38190862,6.4,9.1
2026-03-21 12:50:00,0.28640764,0.3819862,6.3,9.04
2026-03-21 12:55:00,0.28644643,0.38214136,6.3,9.0
2026-03-21 13:00:00,0.28640764,0.38210257,6.2,8.92
2026-03-21 13:05:00,0.28636885,0.3815983,6.2,8.9
2026-03-21 13:10:00,0.28633006,0.38155951,6.1,8.82
2026-03-21 13:15:00,0.28652401,0.38186983,6.1,8.8
2026-03-21 13:20:00,0.28636885,0.3819862,6.02,8.72
2026-03-21 13:25:00,0.28629127,0.38190862,6.0,8.7
2026-03-21 13:30:00,0.28640764,0.3815983,5.96,8.64
2026-03-21 13:35:00,0.28636885,0.38202499,5.9,8.6
2026-03-21 13:40:00,0.28640764,0.3819862,5.86,8.54
2026-03-21 13:45:00,0.28636885,0.38190862,5.8,8.5
2026-03-21 13:50:00,0.28644643,0.38179225,5.78,8.44
2026-03-21 13:55:00,0.28636885,0.38183104,5.7,8.4
2026-03-21 14:00:00,0.28648522,0.38202499,5.7,8.34
2026-03-21 14:05:00,0.2865628,0.38148193,5.64,8.3
2026-03-21 14:10:00,0.28640764,0.38186983,5.6,8.26
2026-03-21 14:15:00,0.28660159,0.38206378,5.6,8.2
2026-03-21 14:20:00,0.28644643,0.38167588,5.54,8.2
2026-03-21 14:25:00,0.28660159,0.38132677,5.5,8.1
2026-03-21 14:30:00,0.2865628,0.38190862,5.5,8.1
2026-03-21 14:35:00,0.28664038,0.38171467,5.46,8.0
2026-03-21 14:40:00,0.2865628,0.38155951,5.4,8.0
2026-03-21 14:45:00,0.28660159,0.38163709,5.4,7.92
2026-03-21 14:50:00,0.28648522,0.38179225,5.4,7.9
2026-03-21 14:55:00,0.28660159,0.38167588,5.3,7.88
2026-03-21 15:00:00,0.28664038,0.38152072,5.3,7.8
2026-03-21 15:05:00,0.28640764,0.38155951,5.3,7.8
2026-03-21 15:10:00,0.28648522,0.38144314,5.3,7.72
2026-03-21 15:15:00,0.28667917,0.38167588,5.3,7.7
2026-03-21 15:20:00,0.28648522,0.3815983,5.3,7.68
2026-03-21 15:25:00,0.28633006,0.38179225,5.3,7.6
2026-03-21 15:30:00,0.28660159,0.38148193,5.2,7.6
2026-03-21 15:35:00,0.28664038,0.38144314,5.2,7.54
2026-03-21 15:40:00,0.28660159,0.38144314,5.2,7.5
2026-03-21 15:45:00,0.28652401,0.38163709,5.2,7.5
2026-03-21 15:50:00,0.28648522,0.38163709,5.2,7.44
2026-03-21 15:55:00,0.28648522,0.38175346,5.2,7.4
2026-03-21 16:00:00,0.28664038,0.38144314,5.2,7.4
2026-03-21 16:05:00,0.28636885,0.38171467,5.2,7.36
2026-03-21 16:10:00,0.28660159,0.38148193,5.16,7.3
2026-03-21 16:15:00,0.28644643,0.38155951,5.1,7.3
2026-03-21 16:20:00,0.28652401,0.38179225,5.1,7.3
2026-03-21 16:25:00,0.28640764,0.38152072,5.1,7.22
2026-03-21 16:30:00,0.28640764,0.38167588,5.1,7.2
2026-03-21 16:35:00,0.28625248,0.38163709,5.1,7.2
2026-03-21 16:40:00,0.28640764,0.38183104,5.1,7.18
2026-03-21 16:45:00,0.2865628,0.38140435,5.06,7.1
2026-03-21 16:50:00,0.28633006,0.38152072,5.0,7.1
2026-03-21 16:55:00,0.28648522,0.38190862,5.0,7.1
2026-03-21 17:00:00,0.28633006,0.3819862,5.0,7.04
2026-03-21 17:05:00,0.28633006,0.38186983,5.0,7.0
2026-03-21 17:10:00,0.28636885,0.38148193,5.0,7.0
2026-03-21 17:15:00,0.28633006,0.38186983,5.0,7.0
2026-03-21 17:20:00,0.28621369,0.38155951,5.0,6.98
2026-03-21 17:25:00,0.28621369,0.38167588,5.0,6.9
2026-03-21 17:30:00,0.28648522,0.38124919,5.0,6.9
2026-03-21 17:35:00,0.28613611,0.38167588,5.0,6.9
2026-03-21 17:40:00,0.28629127,0.3815983,5.0,6.9
2026-03-21 17:45:00,0.2861749,0.38171467,5.0,6.86
2026-03-21 17:50:00,0.28621369,0.38179225,5.0,6.8
2026-03-21 17:55:00,0.28633006,0.38152072,4.96,6.8
2026-03-21 18:00:00,0.28625248,0.38117161,4.9,6.8
2026-03-21 18:05:00,0.28613611,0.38144314,4.9,6.8
2026-03-21 18:10:00,0.28613611,0.38144314,4.9,6.76
2026-03-21 18:15:00,0.28629127,0.38186983,4.9,6.7
2026-03-21 18:20:00,0.28601974,0.38136556,4.9,6.7
2026-03-21 18:25:00,0.28605853,0.38186983,4.9,6.7
2026-03-21 18:30:00,0.2861749,0.38183104,4.9,6.7
2026-03-21 18:35:00,0.28633006,0.38163709,4.9,6.66
2026-03-21 18:40:00,0.28633006,0.38171467,4.9,6.6
2026-03-21 18:45:00,0.28609732,0.38179225,4.9,6.6
2026-03-21 18:50:00,0.28586458,0.3815983,4.9,6.6
2026-03-21 18:55:00,0.28590337,0.38194741,4.9,6.6
2026-03-21 19:00:00,0.28582579,0.38124919,4.9,6.6
2026-03-21 19:05:00,0.28598095,0.3815983,4.9,6.58
2026-03-21 19:10:00,0.285787,0.38163709,4.9,6.5
2026-03-21 19:15:00,0.28582579,0.38179225,4.9,6.5
2026-03-21 19:20:00,0.28582579,0.38144314,4.9,6.5
2026-03-21 19:25:00,0.28567063,0.3812104,4.9,6.5
2026-03-21 19:30:00,0.285787,0.38128798,4.9,6.5
2026-03-21 19:35:00,0.28609732,0.38140435,4.9,6.5
2026-03-21 19:40:00,0.285787,0.38132677,4.9,6.5
2026-03-21 19:45:00,0.285787,0.38163709,4.9,6.4
2026-03-21 19:50:00,0.28582579,0.38171467,4.9,6.4
2026-03-21 19:55:00,0.28586458,0.38124919,4.86,6.4
2026-03-21 20:00:00,0.285787,0.38163709,4.8,6.4
2026-03-21 20:05:00,0.28586458,0.38194741,4.8,6.4
2026-03-21 20:10:00,0.28563184,0.38155951,4.8,6.4
2026-03-21 20:15:00,0.28598095,0.38152072,4.8,6.4
2026-03-21 20:20:00,0.28551547,0.38171467,4.8,6.34
2026-03-21 20:25:00,0.285787,0.38171467,4.8,6.3
2026-03-21 20:30:00,0.285787,0.38140435,4.8,6.3
2026-03-21 20:35:00,0.28547668,0.38163709,4.8,6.3
2026-03-21 20:40:00,0.28547668,0.38171467,4.8,6.3
2026-03-21 20:45:00,0.28559305,0.3815983,4.8,6.3
2026-03-21 20:50:00,0.28551547,0.38179225,4.76,6.3
2026-03-21 20:55:00,0.28547668,0.38155951,4.7,6.26
2026-03-21 21:00:00,0.28563184,0.38140435,4.7,6.2
2026-03-21 21:05:00,0.28543789,0.3815983,4.7,6.2
2026-03-21 21:10:00,0.28543789,0.38136556,4.7,6.2
2026-03-21 21:15:00,0.285787,0.38167588,4.7,6.2
2026-03-21 21:20:00,0.28582579,0.3815983,4.7,6.2
2026-03-21 21:25:00,0.28551547,0.3812104,4.7,6.2
2026-03-21 21:30:00,0.28551547,0.38117161,4.68,6.14
2026-03-21 21:35:00,0.28551547,0.38167588,4.6,6.1
2026-03-21 21:40:00,0.28567063,0.38152072,4.6,6.1
2026-03-21 21:45:00,0.28563184,0.3815983,4.6,6.1
2026-03-21 21:50:00,0.28551547,0.38171467,4.6,6.1
2026-03-21 21:55:00,0.28555426,0.38148193,4.6,6.1
2026-03-21 22:00:00,0.28536031,0.38128798,4.6,6.08
2026-03-21 22:05:00,0.28543789,0.38140435,4.6,6.0
2026-03-21 22:10:00,0.28528273,0.38167588,4.6,6.0
2026-03-21 22:15:00,0.28528273,0.38152072,4.6,6.0
2026-03-21 22:20:00,0.28543789,0.38117161,4.6,6.0
2026-03-21 22:25:00,0.28536031,0.38194741,4.6,6.0
2026-03-21 22:30:00,0.2853991,0.38148193,4.6,6.0
2026-03-21 22:35:00,0.28520515,0.38140435,4.6,6.0
2026-03-21 22:40:00,0.2853991,0.38175346,4.6,5.96
2026-03-21 22:45:00,0.28516636,0.38124919,4.64,5.9
2026-03-21 22:50:00,0.28516636,0.38093887,4.7,5.9
2026-03-21 22:55:00,0.28528273,0.38136556,4.7,5.9
2026-03-21 23:00:00,0.28508878,0.38124919,4.8,5.9
2026-03-21 23:05:00,0.28504999,0.3812104,4.84,5.9
2026-03-21 23:10:00,0.2850112,0.38136556,4.9,5.9
2026-03-21 23:15:00,0.28489483,0.38132677,5.0,5.9
2026-03-21 23:20:00,0.28485604,0.38155951,5.06,5.9
2026-03-21 23:25:00,0.28466209,0.38105524,5.1,5.9
2026-03-21 23:30:00,0.28477846,0.38152072,5.2,5.9
2026-03-21 23:35:00,0.28466209,0.38140435,5.22,5.9
2026-03-21 23:40:00,0.28466209,0.38109403,5.3,5.9
2026-03-21 23:45:00,0.28458451,0.38144314,5.38,5.9
2026-03-21 23:50:00,0.28458451,0.38163709,5.44,5.9
2026-03-21 23:55:00,0.28442935,0.38152072,5.5,5.96
2026-03-22 00:00:00,0.28435177,0.38124919,5.6,6.0
2026-03-22 00:05:00,0.28419661,0.38155951,5.62,6.0
2026-03-22 00:10:00,0.28415782,0.38155951,5.7,6.0
2026-03-22 00:15:00,0.28404145,0.38148193,5.76,6.0
2026-03-22 00:20:00,0.28396387,0.38113282,5.86,6.0
2026-03-22 00:25:00,0.28404145,0.38132677,5.98,6.1
2026-03-22 00:30:00,0.28376992,0.38093887,6.14,6.1
2026-03-22 00:35:00,0.28373113,0.38171467,6.26,6.1
2026-03-22 00:40:00,0.28373113,0.3812104,6.42,6.12
2026-03-22 00:45:00,0.28349839,0.38097766,6.54,6.2
2026-03-22 00:50:00,0.28342081,0.38093887,6.66,6.2
2026-03-22 00:55:00,0.28322686,0.38132677,6.82,6.24
2026-03-22 01:00:00,0.28311049,0.38105524,6.96,6.3
2026-03-22 01:05:00,0.28299412,0.38128798,7.14,6.3
2026-03-22 01:10:00,0.28272259,0.3812104,7.26,6.4
2026-03-22 01:15:00,0.28272259,0.38109403,7.36,6.4
2026-03-22 01:20:00,0.2826838,0.3808225,7.42,6.48
2026-03-22 01:25:00,0.28272259,0.38066734,7.5,6.5
2026-03-22 01:30:00,0.28264501,0.38031823,7.54,6.6
2026-03-22 01:35:00,0.28252864,0.38078371,7.6,6.62
2026-03-22 01:40:00,0.28237348,0.38070613,7.7,6.7
2026-03-22 01:45:00,0.28237348,0.38051218,7.74,6.74
2026-03-22 01:50:00,0.28225711,0.38086129,7.8,6.8
2026-03-22 01:55:00,0.28233469,0.38039581,7.86,6.84
2026-03-22 02:00:00,0.28221832,0.38027944,7.9,6.9
2026-03-22 02:05:00,0.28214074,0.38039581,7.98,6.94
2026-03-22 02:10:00,0.28206316,0.38051218,8.04,7.0
2026-03-22 02:15:00,0.28202437,0.38070613,8.12,7.04
2026-03-22 02:20:00,0.28202437,0.38066734,8.2,7.1
2026-03-22 02:25:00,0.28186921,0.38020186,8.26,7.14
2026-03-22 02:30:00,0.28194679,0.38000791,8.32,7.2
2026-03-22 02:35:00,0.28179163,0.3800467,8.4,7.24
2026-03-22 02:40:00,0.28179163,0.38016307,8.48,7.3
2026-03-22 02:45:00,0.28167526,0.38016307,8.56,7.34
2026-03-22 02:50:00,0.2815201,0.3800467,8.62,7.4
2026-03-22 02:55:00,0.28144252,0.37977517,8.7,7.44
2026-03-22 03:00:00,0.28148131,0.37993033,8.8,7.5
2026-03-22 03:05:00,0.28128736,0.37969759,8.92,7.54
2026-03-22 03:10:00,0.28128736,0.3796588,9.02,7.6
2026-03-22 03:15:00,0.28109341,0.37969759,9.14,7.68
2026-03-22 03:20:00,0.2811322,0.37950364,9.24,7.74
2026-03-22 03:25:00,0.28120978,0.37977517,9.34,7.8
2026-03-22 03:30:00,0.28101583,0.3796588,9.4,7.9
2026-03-22 03:35:00,0.28097704,0.37938727,9.5,7.98
2026-03-22 03:40:00,0.28093825,0.37981396,9.56,8.06
2026-03-22 03:45:00,0.28086067,0.37942606,9.66,8.16
2026-03-22 03:50:00,0.2807443,0.37973638,9.76,8.24
2026-03-22 03:55:00,0.28062793,0.37946485,9.86,8.34
2026-03-22 04:00:00,0.28066672,0.37942606,9.96,8.42
2026-03-22 04:05:00,0.28062793,0.37911574,10.08,8.52
2026-03-22 04:10:00,0.28047277,0.378883,10.22,8.62
2026-03-22 04:15:00,0.28047277,0.37915453,10.36,8.7
2026-03-22 04:20:00,0.2803564,0.3792709,10.54,8.8
2026-03-22 04:25:00,0.2803564,0.37880542,10.7,8.88
2026-03-22 04:30:00,0.28016245,0.37899937,10.86,8.96
2026-03-22 04:35:00,0.28000729,0.37872784,11.0,9.04
2026-03-22 04:40:00,0.28000729,0.37868905,11.12,9.14
2026-03-22 04:45:00,0.2799685,0.37837873,11.24,9.24
2026-03-22 04:50:00,0.27981334,0.37865026,11.34,9.34
2026-03-22 04:55:00,0.27977455,0.37826236,11.46,9.44
2026-03-22 05:00:00,0.27973576,0.37833994,11.52,9.54
2026-03-22 05:05:00,0.27973576,0.37822357,11.6,9.64
2026-03-22 05:10:00,0.27969697,0.37814599,11.64,9.74
2026-03-22 05:15:00,0.27961939,0.37830115,11.7,9.84
2026-03-22 05:20:00,0.27961939,0.37768051,11.74,9.94
2026-03-22 05:25:00,0.27950302,0.3777193,11.8,10.04
2026-03-22 05:30:00,0.27942544,0.37791325,11.8,10.12
2026-03-22 05:35:00,0.27946423,0.37756414,11.84,10.2
2026-03-22 05:40:00,0.27946423,0.37729261,11.9,10.3
2026-03-22 05:45:00,0.27942544,0.37740898,11.9,10.4
2026-03-22 05:50:00,0.27938665,0.37705987,11.9,10.48
2026-03-22 05:55:00,0.27934786,0.37698229,11.9,10.56
2026-03-22 06:00:00,0.27934786,0.37686592,11.9,10.66
2026-03-22 06:05:00,0.27923149,0.37729261,11.9,10.72
2026-03-22 06:10:00,0.27934786,0.37674955,11.86,10.8
2026-03-22 06:15:00,0.2791927,0.37671076,11.8,10.88
2026-03-22 06:20:00,0.2791927,0.37674955,11.8,10.92
2026-03-22 06:25:00,0.2791927,0.37667197,11.8,11.0
2026-03-22 06:30:00,0.27903754,0.37640044,11.8,11.06
2026-03-22 06:35:00,0.27903754,0.37636165,11.8,11.1
2026-03-22 06:40:00,0.27903754,0.37628407,11.76,11.2
2026-03-22 06:45:00,0.27892117,0.3761677,11.7,11.24
2026-03-22 06:50:00,0.27927028,0.37647802,11.7,11.3
2026-03-22 06:55:00,0.27895996,0.37601254,11.6,11.38
2026-03-22 07:00:00,0.27903754,0.37593496,11.58,11.4
2026-03-22 07:05:00,0.27895996,0.37624528,11.5,11.5
2026-03-22 07:10:00,0.27911512,0.37581859,11.44,11.5
2026-03-22 07:15:00,0.27907633,0.37574101,11.38,11.58
2026-03-22 07:20:00,0.27899875,0.37574101,11.3,11.6
2026-03-22 07:25:00,0.27899875,0.37570222,11.2,11.6
2026-03-22 07:30:00,0.27903754,0.37570222,11.14,11.7
2026-03-22 07:35:00,0.27899875,0.3757798,11.06,11.7
2026-03-22 07:40:00,0.27895996,0.37554706,10.98,11.7
2026-03-22 07:45:00,0.27903754,0.37550827,10.9,11.78
2026-03-22 07:50:00,0.27899875,0.37523674,10.8,11.8
2026-03-22 07:55:00,0.27892117,0.37562464,10.72,11.8
2026-03-22 08:00:00,0.27899875,0.37527553,10.66,11.8
2026-03-22 08:05:00,0.27907633,0.3753919,10.58,11.8
2026-03-22 08:10:00,0.27903754,0.37512037,10.5,11.8
2026-03-22 08:15:00,0.27899875,0.375004,10.42,11.8
2026-03-22 08:20:00,0.2791927,0.37504279,10.36,11.8
2026-03-22 08:25:00,0.27911512,0.37492642,10.3,11.8
2026-03-22 08:30:00,0.27903754,0.37519795,10.2,11.8
2026-03-22 08:35:00,0.27892117,0.37492642,10.16,11.8
2026-03-22 08:40:00,0.27907633,0.37481005,10.1,11.8
2026-03-22 08:45:00,0.27899875,0.37496521,10.0,11.8
2026-03-22 08:50:00,0.27903754,0.37481005,9.96,11.8
2026-03-22 08:55:00,0.27903754,0.37477126,9.9,11.7
2026-03-22 09:00:00,0.27911512,0.37473247,9.8,11.7
2026-03-22 09:05:00,0.27915391,0.37492642,9.74,11.7
2026-03-22 09:10:00,0.27907633,0.37484884,9.7,11.66
2026-03-22 09:15:00,0.27915391,0.37465489,9.6,11.6
2026-03-22 09:20:00,0.27915391,0.3746161,9.54,11.6
2026-03-22 09:25:00,0.27911512,0.37457731,9.48,11.54
2026-03-22 09:30:00,0.27911512,0.37457731,9.4,11.5
2026-03-22 09:35:00,0.27907633,0.37457731,9.34,11.48
2026-03-22 09:40:00,0.2791927,0.37453852,9.28,11.4
2026-03-22 09:45:00,0.27923149,0.37453852,9.2,11.38
2026-03-22 09:50:00,0.2791927,0.37453852,9.12,11.3
2026-03-22 09:55:00,0.2791927,0.37453852,9.06,11.28
2026-03-22 10:00:00,0.27923149,0.37457731,8.98,11.2
2026-03-22 10:05:00,0.2791927,0.37438336,8.9,11.18
2026-03-22 10:10:00,0.27915391,0.37453852,8.82,11.1
2026-03-22 10:15:00,0.27923149,0.3746161,8.74,11.06
2026-03-22 10:20:00,0.27930907,0.37453852,8.68,11.0
2026-03-22 10:25:00,0.27930907,0.37457731,8.6,10.96
2026-03-22 10:30:00,0.27927028,0.37430578,8.54,10.9
2026-03-22 10:35:00,0.27934786,0.37446094,8.48,10.84
2026-03-22 10:40:00,0.27934786,0.37430578,8.4,10.8
2026-03-22 10:45:00,0.27946423,0.37426699,8.32,10.72
2026-03-22 10:50:00,0.27938665,0.37442215,8.26,10.7
2026-03-22 10:55:00,0.27938665,0.37438336,8.2,10.6
2026-03-22 11:00:00,0.27950302,0.3742282,8.12,10.58
2026-03-22 11:05:00,0.27946423,0.37442215,8.04,10.5
2026-03-22 11:10:00,0.27954181,0.37426699,8.0,10.46
2026-03-22 11:15:00,0.27950302,0.3746161,7.92,10.4
2026-03-22 11:20:00,0.27954181,0.37418941,7.88,10.34
2026-03-22 11:25:00,0.27946423,0.37434457,7.8,10.3
2026-03-22 11:30:00,0.27950302,0.37434457,7.72,10.22
2026-03-22 11:35:00,0.27950302,0.37446094,7.7,10.2
2026-03-22 11:40:00,0.27961939,0.37449973,7.6,10.1
2026-03-22 11:45:00,0.2795806,0.37434457,7.54,10.08
2026-03-22 11:50:00,0.2795806,0.37446094,7.5,10.0
2026-03-22 11:55:00,0.27950302,0.37453852,7.42,9.98
2026-03-22 12:00:00,0.27950302,0.37453852,7.4,9.9
2026-03-22 12:05:00,0.27946423,0.37438336,7.32,9.86
2026-03-22 12:10:00,0.27950302,0.37473247,7.3,9.8
2026-03-22 12:15:00,0.27942544,0.37446094,7.2,9.72
2026-03-22 12:20:00,0.27969697,0.37446094,7.2,9.7
2026-03-22 12:25:00,0.27961939,0.37465489,7.1,9.62
2026-03-22 12:30:00,0.27965818,0.3746161,7.08,9.6
2026-03-22 12:35:00,0.2795806,0.3746161,7.0,9.52
2026-03-22 12:40:00,0.2795806,0.37446094,6.98,9.5
2026-03-22 12:45:00,0.27965818,0.37442215,6.9,9.4
2026-03-22 12:50:00,0.27954181,0.37426699,6.88,9.4
2026-03-22 12:55:00,0.27969697,0.37465489,6.8,9.3
2026-03-22 13:00:00,0.27954181,0.37438336,6.8,9.3
2026-03-22 13:05:00,0.27965818,0.3746161,6.7,9.22
2026-03-22 13:10:00,0.27961939,0.37465489,6.7,9.2
2026-03-22 13:15:00,0.27965818,0.37446094,6.6,9.1
2026-03-22 13:20:00,0.2795806,0.37442215,6.6,9.1
2026-03-22 13:25:00,0.27969697,0.37473247,6.54,9.02
2026-03-22 13:30:00,0.27965818,0.37484884,6.5,9.0
2026-03-22 13:35:00,0.2795806,0.37446094,6.48,8.92
2026-03-22 13:40:00,0.27965818,0.37434457,6.4,8.9
2026-03-22 13:45:00,0.27973576,0.37434457,6.4,8.84
2026-03-22 13:50:00,0.27977455,0.37492642,6.32,8.8
2026-03-22 13:55:00,0.27969697,0.37442215,6.3,8.76
2026-03-22 14:00:00,0.27973576,0.37469368,6.24,8.7
2026-03-22 14:05:00,0.2795806,0.37453852,6.2,8.7
2026-03-22 14:10:00,0.27965818,0.37473247,6.18,8.6
2026-03-22 14:15:00,0.27969697,0.37469368,6.1,8.6
2026-03-22 14:20:00,0.27969697,0.37457731,6.1,8.54
2026-03-22 14:25:00,0.2795806,0.37438336,6.04,8.5
2026-03-22 14:30:00,0.27965818,0.37469368,6.0,8.46
2026-03-22 14:35:00,0.27954181,0.37473247,6.0,8.4
2026-03-22 14:40:00,0.27950302,0.37442215,5.98,8.4
2026-03-22 14:45:00,0.27954181,0.37465489,5.9,8.3
2026-03-22 14:50:00,0.27950302,0.3746161,5.9,8.3
2026-03-22 14:55:00,0.27950302,0.3746161,5.9,8.24
2026-03-22 15:00:00,0.27961939,0.37418941,5.86,8.2
2026-03-22 15:05:00,0.27950302,0.37449973,5.8,8.2
2026-03-22 15:10:00,0.27961939,0.37442215,5.8,8.1
2026-03-22 15:15:00,0.27954181,0.37453852,5.78,8.1
2026-03-22 15:20:00,0.27946423,0.37407304,5.7,8.04
2026-03-22 15:25:00,0.27954181,0.37481005,5.7,8.0
2026-03-22 15:30:00,0.27946423,0.37418941,5.7,8.0
2026-03-22 15:35:00,0.27946423,0.37465489,5.68,7.94
2026-03-22 15:40:00,0.27954181,0.3746161,5.6,7.9
2026-03-22 15:45:00,0.2795806,0.37449973,5.6,7.9
2026-03-22 15:50:00,0.2795806,0.37407304,5.6,7.84
2026-03-22 15:55:00,0.27946423,0.37438336,5.5,7.8
2026-03-22 16:00:00,0.27961939,0.3742282,5.5,7.8
2026-03-22 16:05:00,0.27950302,0.37481005,5.5,7.7
2026-03-22 16:10:00,0.27950302,0.37434457,5.4,7.7
2026-03-22 16:15:00,0.27950302,0.37434457,5.4,7.7
2026-03-22 16:20:00,0.27946423,0.37446094,5.38,7.62
2026-03-22 16:25:00,0.27961939,0.37446094,5.3,7.6
2026-03-22 16:30:00,0.27946423,0.37453852,5.3,7.58
2026-03-22 16:35:00,0.2795806,0.37457731,5.3,7.5
2026-03-22 16:40:00,0.27969697,0.37426699,5.2,7.5
2026-03-22 16:45:00,0.27946423,0.37430578,5.2,7.48
2026-03-22 16:50:00,0.27954181,0.3746161,5.2,7.4
2026-03-22 16:55:00,0.27950302,0.37430578,5.18,7.4
2026-03-22 17:00:00,0.27950302,0.37449973,5.1,7.38
2026-03-22 17:05:00,0.27954181,0.37407304,5.1,7.3
2026-03-22 17:10:00,0.27969697,0.37465489,5.06,7.3
2026-03-22 17:15:00,0.27942544,0.37438336,5.0,7.28
2026-03-22 17:20:00,0.27938665,0.37469368,5.0,7.2
2026-03-22 17:25:00,0.27965818,0.37449973,5.0,7.2
2026-03-22 17:30:00,0.27942544,0.3746161,4.9,7.18
2026-03-22 17:35:00,0.27946423,0.37411183,4.9,7.1
2026-03-22 17:40:00,0.27950302,0.37473247,4.9,7.1
2026-03-22 17:45:00,0.27934786,0.37442215,4.84,7.06
2026-03-22 17:50:00,0.27950302,0.37508158,4.8,7.0
2026-03-22 17:55:00,0.27930907,0.37504279,4.8,7.0
2026-03-22 18:00:00,0.27954181,0.37446094,4.78,6.96
2026-03-22 18:05:00,0.27942544,0.37442215,4.7,6.9
2026-03-22 18:10:00,0.27934786,0.37473247,4.7,6.9
2026-03-22 18:15:00,0.27938665,0.37469368,4.7,6.88
2026-03-22 18:20:00,0.27930907,0.37438336,4.7,6.8
2026-03-22 18:25:00,0.27934786,0.3746161,4.6,6.8
2026-03-22 18:30:00,0.27930907,0.37469368,4.6,6.8
2026-03-22 18:35:00,0.27915391,0.37469368,4.6,6.7
2026-03-22 18:40:00,0.27930907,0.3746161,4.6,6.7
2026-03-22 18:45:00,0.27923149,0.37481005,4.52,6.7
2026-03-22 18:50:00,0.27930907,0.37449973,4.5,6.6
2026-03-22 18:55:00,0.27930907,0.37465489,4.5,6.6
2026-03-22 19:00:00,0.2791927,0.37488763,4.5,6.6
2026-03-22 19:05:00,0.27930907,0.37477126,4.48,6.54
2026-03-22 19:10:00,0.27934786,0.37477126,4.4,6.5
2026-03-22 19:15:00,0.27923149,0.37508158,4.4,6.5
2026-03-22 19:20:00,0.27923149,0.37415062,4.4,6.5
2026-03-22 19:25:00,0.2791927,0.37469368,4.4,6.4
2026-03-22 19:30:00,0.2791927,0.37453852,4.4,6.4
2026-03-22 19:35:00,0.27934786,0.37492642,4.3,6.4
2026-03-22 19:40:00,0.27938665,0.37426699,4.3,6.38
2026-03-22 19:45:00,0.27934786,0.3746161,4.3,6.3
2026-03-22 19:50:00,0.27923149,0.37481005,4.3,6.3
2026-03-22 19:55:00,0.27915391,0.37457731,4.3,6.3
2026-03-22 20:00:00,0.27930907,0.37465489,4.3,6.26
2026-03-22 20:05:00,0.27946423,0.37457731,4.22,6.2
2026-03-22 20:10:00,0.27907633,0.37449973,4.2,6.2
2026-03-22 20:15:00,0.27934786,0.37449973,4.2,6.2
2026-03-22 20:20:00,0.27903754,0.37492642,4.2,6.14
2026-03-22 20:25:00,0.27907633,0.37473247,4.2,6.1
2026-03-22 20:30:00,0.27903754,0.37430578,4.16,6.1
2026-03-22 20:35:00,0.27915391,0.37449973,4.1,6.1
2026-03-22 20:40:00,0.27903754,0.37515916,4.1,6.04
2026-03-22 20:45:00,0.27892117,0.37477126,4.1,6.0
2026-03-22 20:50:00,0.27923149,0.37465489,4.1,6.0
2026-03-22 20:55:00,0.27895996,0.37477126,4.06,6.0
2026-03-22 21:00:00,0.2791927,0.375004,4.0,5.98
2026-03-22 21:05:00,0.27884359,0.37481005,4.0,5.9
2026-03-22 21:10:00,0.27907633,0.37465489,4.0,5.9
2026-03-22 21:15:00,0.27884359,0.37484884,4.0,5.9
2026-03-22 21:20:00,0.27895996,0.37465489,4.0,5.9
2026-03-22 21:25:00,0.27884359,0.37488763,3.92,5.82
2026-03-22 21:30:00,0.2788048,0.3746161,3.9,5.8
2026-03-22 21:35:00,0.27884359,0.37438336,3.9,5.8
2026-03-22 21:40:00,0.27899875,0.375004,3.9,5.8
2026-03-22 21:45:00,0.27895996,0.37473247,3.9,5.7
2026-03-22 21:50:00,0.2788048,0.37449973,3.9,5.7
2026-03-22 21:55:00,0.27895996,0.37492642,3.9,5.7
2026-03-22 22:00:00,0.27892117,0.37465489,3.82,5.7
2026-03-22 22:05:00,0.27903754,0.37473247,3.8,5.7
2026-03-22 22:10:00,0.27892117,0.37465489,3.8,5.6
2026-03-22 22:15:00,0.27884359,0.37492642,3.8,5.6
2026-03-22 22:20:00,0.2788048,0.37481005,3.9,5.6
2026-03-22 22:25:00,0.27872722,0.37469368,3.9,5.6
2026-03-22 22:30:00,0.27876601,0.37496521,3.9,5.58
2026-03-22 22:35:00,0.27884359,0.37496521,3.96,5.5
2026-03-22 22:40:00,0.27857206,0.37492642,4.0,5.5
2026-03-22 22:45:00,0.27845569,0.37484884,4.1,5.5
2026-03-22 22:50:00,0.27849448,0.37484884,4.18,5.5
2026-03-22 22:55:00,0.27837811,0.37515916,4.26,5.5
2026-03-22 23:00:00,0.27822295,0.37512037,4.38,5.44
2026-03-22 23:05:00,0.27814537,0.37492642,4.5,5.4
2026-03-22 23:10:00,0.27818416,0.37484884,4.62,5.4
2026-03-22 23:15:00,0.27787384,0.37492642,4.76,5.4
2026-03-22 23:20:00,0.2776411,0.37473247,4.9,5.4
2026-03-22 23:25:00,0.27752473,0.37481005,5.04,5.4
2026-03-22 23:30:00,0.27752473,0.37473247,5.18,5.4
2026-03-22 23:35:00,0.27733078,0.37512037,5.34,5.4
2026-03-22 23:40:00,0.27713683,0.37481005,5.5,5.4
2026-03-22 23:45:00,0.27698167,0.375004,5.7,5.4
2026-03-22 23:50:00,0.2768653,0.37484884,5.9,5.46
2026-03-22 23:55:00,0.27678772,0.37481005,6.1,5.5
2026-03-23 00:00:00,0.27655498,0.37426699,6.32,5.5
2026-03-23 00:05:00,0.27636103,0.37496521,6.52,5.52
2026-03-23 00:10:00,0.27628345,0.37465489,6.74,5.6
2026-03-23 00:15:00,0.2760895,0.37481005,6.96,5.6
2026-03-23 00:20:00,0.27589555,0.37488763,7.18,5.66
2026-03-23 00:25:00,0.27577918,0.37473247,7.4,5.7
2026-03-23 00:30:00,0.27558523,0.3742282,7.62,5.76
2026-03-23 00:35:00,0.27527491,0.37469368,7.86,5.8
2026-03-23 00:40:00,0.27515854,0.3746161,8.08,5.9
2026-03-23 00:45:00,0.2749258,0.3746161,8.3,5.94
2026-03-23 00:50:00,0.27484822,0.37457731,8.52,6.0
2026-03-23 00:55:00,0.27465427,0.37411183,8.72,6.1
2026-03-23 01:00:00,0.27446032,0.37403425,8.94,6.16
2026-03-23 01:05:00,0.27422758,0.37426699,9.14,6.24
2026-03-23 01:10:00,0.27430516,0.3742282,9.36,6.32
2026-03-23 01:15:00,0.27395605,0.37415062,9.56,6.4
2026-03-23 01:20:00,0.27395605,0.37407304,9.76,6.5
2026-03-23 01:25:00,0.27380089,0.37391788,9.96,6.58
2026-03-23 01:30:00,0.27372331,0.37380151,10.16,6.68
2026-03-23 01:35:00,0.27349057,0.37364635,10.34,6.78
2026-03-23 01:40:00,0.27360694,0.37376272,10.54,6.86
2026-03-23 01:45:00,0.27325783,0.37333603,10.7,6.96
2026-03-23 01:50:00,0.27325783,0.37325845,10.86,7.06
2026-03-23 01:55:00,0.27329662,0.37376272,11.04,7.18
2026-03-23 02:00:00,0.27314146,0.3730645,11.2,7.28
2026-03-23 02:05:00,0.2729863,0.37298692,11.36,7.38
2026-03-23 02:10:00,0.27294751,0.37337482,11.52,7.48
2026-03-23 02:15:00,0.27286993,0.37279297,11.64,7.58
2026-03-23 02:20:00,0.27283114,0.37271539,11.74,7.7
2026-03-23 02:25:00,0.27290872,0.37287055,11.8,7.82
2026-03-23 02:30:00,0.27271477,0.37263781,11.88,7.92
2026-03-23 02:35:00,0.27283114,0.37275418,11.9,8.04
2026-03-23 02:40:00,0.27267598,0.37259902,11.9,8.14
2026-03-23 02:45:00,0.27271477,0.37244386,11.8,8.26
2026-03-23 02:50:00,0.27271477,0.37271539,11.8,8.38
2026-03-23 02:55:00,0.27255961,0.37217233,11.8,8.48
2026-03-23 03:00:00,0.27267598,0.37232749,11.76,8.62
2026-03-23 03:05:00,0.2725984,0.37213354,11.76,8.72
2026-03-23 03:10:00,0.27263719,0.37193959,11.8,8.84
2026-03-23 03:15:00,0.27236566,0.37186201,11.8,8.96
2026-03-23 03:20:00,0.27228808,0.37174564,11.88,9.06
2026-03-23 03:25:00,0.27232687,0.37143532,11.9,9.18
2026-03-23 03:30:00,0.27244324,0.37120258,11.82,9.3
2026-03-23 03:35:00,0.27224929,0.37159048,11.8,9.42
2026-03-23 03:40:00,0.27217171,0.37120258,11.8,9.52
2026-03-23 03:45:00,0.27224929,0.37100863,11.9,9.64
2026-03-23 03:50:00,0.2722105,0.371125,11.98,9.74
2026-03-23 03:55:00,0.27209413,0.37054315,12.06,9.84
2026-03-23 04:00:00,0.27209413,0.37077589,12.18,9.94
2026-03-23 04:05:00,0.27193897,0.37050436,12.3,10.04
2026-03-23 04:10:00,0.27193897,0.37031041,12.4,10.1
2026-03-23 04:15:00,0.2718226,0.37046557,12.44,10.2
2026-03-23 04:20:00,0.2718226,0.37038799,12.5,10.28
2026-03-23 04:25:00,0.27174502,0.37011646,12.6,10.34
2026-03-23 04:30:00,0.27151228,0.37007767,12.66,10.4
2026-03-23 04:35:00,0.27158986,0.3699613,12.74,10.5
2026-03-23 04:40:00,0.27147349,0.36976735,12.82,10.58
2026-03-23 04:45:00,0.27127954,0.36965098,12.9,10.64
2026-03-23 04:50:00,0.27127954,0.36965098,12.98,10.72
2026-03-23 04:55:00,0.27108559,0.36961219,13.0,10.8
2026-03-23 05:00:00,0.27116317,0.36949582,13.08,10.88
2026-03-23 05:05:00,0.27108559,0.36941824,13.1,10.96
2026-03-23 05:10:00,0.2710468,0.36922429,13.1,11.02
2026-03-23 05:15:00,0.27100801,0.36895276,13.2,11.1
2026-03-23 05:20:00,0.27085285,0.36891397,13.2,11.2
2026-03-23 05:25:00,0.27089164,0.36875881,13.2,11.28
2026-03-23 05:30:00,0.27085285,0.36864244,13.2,11.34
2026-03-23 05:35:00,0.27073648,0.36891397,13.2,11.4
2026-03-23 05:40:00,0.27058132,0.36852607,13.2,11.5
2026-03-23 05:45:00,0.27050374,0.36848728,13.2,11.58
2026-03-23 05:50:00,0.2706589,0.3684097,13.2,11.64
2026-03-23 05:55:00,0.27062011,0.36821575,13.2,11.7
2026-03-23 06:00:00,0.27062011,0.36813817,13.2,11.78
2026-03-23 06:05:00,0.27062011,0.36798301,13.16,11.82
2026-03-23 06:10:00,0.27058132,0.3680218,13.1,11.9
2026-03-23 06:15:00,0.27054253,0.36782785,13.1,11.94
2026-03-23 06:20:00,0.2706589,0.36786664,13.06,12.0
2026-03-23 06:25:00,0.27062011,0.36794422,13.0,12.06
2026-03-23 06:30:00,0.27050374,0.36755632,13.0,12.1
2026-03-23 06:35:00,0.27062011,0.36751753,12.92,12.16
2026-03-23 06:40:00,0.27069769,0.36728479,12.9,12.2
2026-03-23 06:45:00,0.27062011,0.367246,12.86,12.26
2026-03-23 06:50:00,0.27054253,0.36716842,12.8,12.3
2026-03-23 06:55:00,0.27062011,0.36709084,12.76,12.36
2026-03-23 07:00:00,0.27054253,0.36720721,12.7,12.4
2026-03-23 07:05:00,0.27046495,0.36701326,12.64,12.4
2026-03-23 07:10:00,0.27050374,0.36693568,12.6,12.42
2026-03-23 07:15:00,0.27054253,0.36678052,12.5,12.5
2026-03-23 07:20:00,0.27050374,0.36689689,12.44,12.5
2026-03-23 07:25:00,0.27042616,0.36693568,12.38,12.5
2026-03-23 07:30:00,0.27042616,0.36662536,12.3,12.5
2026-03-23 07:35:00,0.27046495,0.36643141,12.2,12.5
2026-03-23 07:40:00,0.27034858,0.36627625,12.14,12.5
2026-03-23 07:45:00,0.27042616,0.36643141,12.08,12.6
2026-03-23 07:50:00,0.27050374,0.36612109,12.0,12.6
2026-03-23 07:55:00,0.27038737,0.36619867,11.94,12.6
2026-03-23 08:00:00,0.27034858,0.3660823,11.9,12.6
2026-03-23 08:05:00,0.27034858,0.36604351,11.8,12.6
2026-03-23 08:10:00,0.27030979,0.3660823,11.74,12.6
2026-03-23 08:15:00,0.27023221,0.36600472,11.68,12.58
2026-03-23 08:20:00,0.27030979,0.36584956,11.6,12.5
2026-03-23 08:25:00,0.27038737,0.36584956,11.54,12.5
2026-03-23 08:30:00,0.27023221,0.36561682,11.5,12.5
2026-03-23 08:35:00,0.27015463,0.36565561,11.4,12.5
2026-03-23 08:40:00,0.27030979,0.36557803,11.34,12.5
2026-03-23 08:45:00,0.27023221,0.36565561,11.3,12.5
2026-03-23 08:50:00,0.27015463,0.3653065,11.2,12.46
2026-03-23 08:55:00,0.27019342,0.36561682,11.14,12.4
2026-03-23 09:00:00,0.27019342,0.36553924,11.1,12.4
2026-03-23 09:05:00,0.27007705,0.36553924,11.0,12.4
2026-03-23 09:10:00,0.27011584,0.36511255,10.94,12.34
2026-03-23 09:15:00,0.27011584,0.36542287,10.9,12.3
2026-03-23 09:20:00,0.27011584,0.3653065,10.8,12.3
2026-03-23 09:25:00,0.27015463,0.36495739,10.74,12.22
2026-03-23 09:30:00,0.27011584,0.36499618,10.7,12.2
2026-03-23 09:35:00,0.26999947,0.3649186,10.6,12.16
2026-03-23 09:40:00,0.27007705,0.36503497,10.52,12.1
2026-03-23 09:45:00,0.27007705,0.36507376,10.46,12.08
2026-03-23 09:50:00,0.26999947,0.36480223,10.4,12.0
2026-03-23 09:55:00,0.26992189,0.36499618,10.3,12.0
2026-03-23 10:00:00,0.26999947,0.36476344,10.24,11.92
2026-03-23 10:05:00,0.26996068,0.3649186,10.18,11.9
2026-03-23 10:10:00,0.27003826,0.36480223,10.1,11.82
2026-03-23 10:15:00,0.26999947,0.36472465,10.0,11.8
2026-03-23 10:20:00,0.26999947,0.36468586,9.94,11.72
2026-03-23 10:25:00,0.27007705,0.36487981,9.86,11.7
2026-03-23 10:30:00,0.26996068,0.36480223,9.78,11.62
2026-03-23 10:35:00,0.26999947,0.36456949,9.7,11.6
2026-03-23 10:40:00,0.27003826,0.36468586,9.62,11.5
2026-03-23 10:45:00,0.26984431,0.36460828,9.56,11.48
2026-03-23 10:50:00,0.26992189,0.36460828,9.5,11.4
2026-03-23 10:55:00,0.27007705,0.36484102,9.4,11.36
2026-03-23 11:00:00,0.26996068,0.36456949,9.34,11.3
2026-03-23 11:05:00,0.27003826,0.36468586,9.3,11.24
2026-03-23 11:10:00,0.26996068,0.36464707,9.2,11.2
2026-03-23 11:15:00,0.26999947,0.36449191,9.14,11.12
2026-03-23 11:20:00,0.26992189,0.36468586,9.1,11.1
2026-03-23 11:25:00,0.26999947,0.36460828,9.0,11.0
2026-03-23 11:30:00,0.26996068,0.3645307,8.96,11.0
2026-03-23 11:35:00,0.27003826,0.36472465,8.9,10.9
2026-03-23 11:40:00,0.26999947,0.36511255,8.82,10.88
2026-03-23 11:45:00,0.26999947,0.36456949,8.8,10.8
2026-03-23 11:50:00,0.26992189,0.36460828,8.7,10.78
2026-03-23 11:55:00,0.26999947,0.36464707,8.68,10.7
2026-03-23 12:00:00,0.26996068,0.36464707,8.6,10.68
2026-03-23 12:05:00,0.26992189,0.36472465,8.56,10.6
2026-03-23 12:10:00,0.26999947,0.3645307,8.5,10.56
2026-03-23 12:15:00,0.26992189,0.36487981,8.44,10.5
2026-03-23 12:20:00,0.26996068,0.3649186,8.4,10.44
2026-03-23 12:25:00,0.26999947,0.3645307,8.34,10.4
2026-03-23 12:30:00,0.26996068,0.36484102,8.3,10.34
2026-03-23 12:35:00,0.26984431,0.36480223,8.24,10.3
2026-03-23 12:40:00,0.26992189,0.36468586,8.2,10.24
2026-03-23 12:45:00,0.26992189,0.36449191,8.14,10.2
2026-03-23 12:50:00,0.2698831,0.36464707,8.1,10.14
2026-03-23 12:55:00,0.27007705,0.36503497,8.02,10.1
2026-03-23 13:00:00,0.26999947,0.36495739,8.0,10.06
2026-03-23 13:05:00,0.26999947,0.36480223,7.94,10.0
2026-03-23 13:10:00,0.2698831,0.36487981,7.9,9.98
2026-03-23 13:15:00,0.26992189,0.36487981,7.86,9.9
2026-03-23 13:20:00,0.26996068,0.36484102,7.8,9.88
2026-03-23 13:25:00,0.26992189,0.36526771,7.78,9.8
2026-03-23 13:30:00,0.2698831,0.3653065,7.7,9.78
2026-03-23 13:35:00,0.26984431,0.3649186,7.7,9.7
2026-03-23 13:40:00,0.26999947,0.36495739,7.62,9.7
2026-03-23 13:45:00,0.2698831,0.36487981,7.6,9.6
2026-03-23 13:50:00,0.2698831,0.36487981,7.56,9.6
2026-03-23 13:55:00,0.26996068,0.36507376,7.5,9.54
2026-03-23 14:00:00,0.27011584,0.36476344,7.5,9.5
2026-03-23 14:05:00,0.26996068,0.36487981,7.4,9.46
2026-03-23 14:10:00,0.26992189,0.36507376,7.4,9.4
2026-03-23 14:15:00,0.26984431,0.36526771,7.36,9.4
2026-03-23 14:20:00,0.26976673,0.36484102,7.3,9.3
2026-03-23 14:25:00,0.26996068,0.36468586,7.3,9.3
2026-03-23 14:30:00,0.26996068,0.36495739,7.24,9.22
2026-03-23 14:35:00,0.27007705,0.36495739,7.2,9.2
2026-03-23 14:40:00,0.26992189,0.36515134,7.2,9.16
2026-03-23 14:45:00,0.26992189,0.36503497,7.14,9.1
2026-03-23 14:50:00,0.27003826,0.36503497,7.1,9.1
2026-03-23 14:55:00,0.2698831,0.36487981,7.1,9.02
2026-03-23 15:00:00,0.26984431,0.36515134,7.0,9.0
2026-03-23 15:05:00,0.2698831,0.36487981,7.0,8.98
2026-03-23 15:10:00,0.26976673,0.36472465,6.98,8.9
2026-03-23 15:15:00,0.26980552,0.3653065,6.9,8.9
2026-03-23 15:20:00,0.26984431,0.3653065,6.9,8.84
2026-03-23 15:25:00,0.26980552,0.36534529,6.9,8.8
2026-03-23 15:30:00,0.26972794,0.36526771,6.8,8.8
2026-03-23 15:35:00,0.26976673,0.36534529,6.8,8.72
2026-03-23 15:40:00,0.2698831,0.36526771,6.8,8.7
2026-03-23 15:45:00,0.26976673,0.36515134,6.74,8.7
2026-03-23 15:50:00,0.26984431,0.36522892,6.7,8.6
2026-03-23 15:55:00,0.26968915,0.36503497,6.7,8.6
2026-03-23 16:00:00,0.26976673,0.36534529,6.66,8.58
2026-03-23 16:05:00,0.26968915,0.36550045,6.6,8.5
2026-03-23 16:10:00,0.26965036,0.36542287,6.6,8.5
2026-03-23 16:15:00,0.26968915,0.36538408,6.58,8.48
2026-03-23 16:20:00,0.26968915,0.36519013,6.5,8.4
2026-03-23 16:25:00,0.26968915,0.36534529,6.5,8.4
2026-03-23 16:30:00,0.26976673,0.36534529,6.5,8.38
2026-03-23 16:35:00,0.26961157,0.36522892,6.46,8.3
2026-03-23 16:40:00,0.26961157,0.36526771,6.4,8.3
2026-03-23 16:45:00,0.26980552,0.36538408,6.4,8.28
2026-03-23 16:50:00,0.26968915,0.36546166,6.4,8.2
2026-03-23 16:55:00,0.26968915,0.36557803,6.32,8.2
2026-03-23 17:00:00,0.26961157,0.36503497,6.3,8.2
2026-03-23 17:05:00,0.26961157,0.36538408,6.3,8.1
2026-03-23 17:10:00,0.26957278,0.36511255,6.28,8.1
2026-03-23 17:15:00,0.26972794,0.36538408,6.2,8.1
2026-03-23 17:20:00,0.26965036,0.3653065,6.2,8.0
2026-03-23 17:25:00,0.26972794,0.36526771,6.2,8.0
2026-03-23 17:30:00,0.26968915,0.36546166,6.16,8.0
2026-03-23 17:35:00,0.26961157,0.36534529,6.1,7.92
2026-03-23 17:40:00,0.26957278,0.36534529,6.1,7.9
2026-03-23 17:45:00,0.26957278,0.36561682,6.1,7.9
2026-03-23 17:50:00,0.26972794,0.36542287,6.04,7.86
2026-03-23 17:55:00,0.26968915,0.36519013,6.0,7.8
2026-03-23 18:00:00,0.26961157,0.36553924,6.0,7.8
2026-03-23 18:05:00,0.26957278,0.3653065,6.0,7.78
2026-03-23 18:10:00,0.26965036,0.36550045,5.94,7.7
2026-03-23 18:15:00,0.26961157,0.36546166,5.9,7.7
2026-03-23 18:20:00,0.26965036,0.36550045,5.9,7.7
2026-03-23 18:25:00,0.26976673,0.3653065,5.9,7.66
2026-03-23 18:30:00,0.26972794,0.36546166,5.9,7.6
2026-03-23 18:35:00,0.26968915,0.36534529,5.84,7.6
2026-03-23 18:40:00,0.26965036,0.3656944,5.8,7.58
2026-03-23 18:45:00,0.26984431,0.36557803,5.8,7.5
2026-03-23 18:50:00,0.26961157,0.36538408,5.8,7.5
2026-03-23 18:55:00,0.2694952,0.3653065,5.8,7.5
2026-03-23 19:00:00,0.26961157,0.36561682,5.7,7.44
2026-03-23 19:05:00,0.26957278,0.36557803,5.7,7.4
2026-03-23 19:10:00,0.26953399,0.36550045,5.7,7.4
2026-03-23 19:15:00,0.26957278,0.36565561,5.7,7.4
2026-03-23 19:20:00,0.26953399,0.36557803,5.7,7.32
2026-03-23 19:25:00,0.26953399,0.36561682,5.62,7.3
2026-03-23 19:30:00,0.26945641,0.36581077,5.6,7.3
2026-03-23 19:35:00,0.26957278,0.36553924,5.6,7.3
2026-03-23 19:40:00,0.26957278,0.36561682,5.6,7.24
2026-03-23 19:45:00,0.26957278,0.36600472,5.54,7.2
2026-03-23 19:50:00,0.26961157,0.36565561,5.5,7.2
2026-03-23 19:55:00,0.2694952,0.36557803,5.5,7.2
2026-03-23 20:00:00,0.26968915,0.36557803,5.5,7.14
2026-03-23 20:05:00,0.26953399,0.36596593,5.5,7.1
2026-03-23 20:10:00,0.2694952,0.3656944,5.4,7.1
2026-03-23 20:15:00,0.26937883,0.36581077,5.4,7.1
2026-03-23 20:20:00,0.26945641,0.36604351,5.4,7.0
2026-03-23 20:25:00,0.26941762,0.36573319,5.4,7.0
2026-03-23 20:30:00,0.26972794,0.36557803,5.4,7.0
2026-03-23 20:35:00,0.26945641,0.36557803,5.34,7.0
2026-03-23 20:40:00,0.2694952,0.36573319,5.3,6.9
2026-03-23 20:45:00,0.26945641,0.36577198,5.3,6.9
2026-03-23 20:50:00,0.26937883,0.36596593,5.3,6.9
2026-03-23 20:55:00,0.26937883,0.36588835,5.3,6.9
2026-03-23 21:00:00,0.26930125,0.36561682,5.3,6.86
2026-03-23 21:05:00,0.26941762,0.36592714,5.3,6.8
2026-03-23 21:10:00,0.26945641,0.36588835,5.3,6.8
2026-03-23 21:15:00,0.26930125,0.36596593,5.32,6.8
2026-03-23 21:20:00,0.26934004,0.36588835,5.4,6.8
2026-03-23 21:25:00,0.26930125,0.36592714,5.4,6.76
2026-03-23 21:30:00,0.26922367,0.36639262,5.4,6.7
2026-03-23 21:35:00,0.26922367,0.36592714,5.4,6.7
2026-03-23 21:40:00,0.26918488,0.36623746,5.4,6.7
2026-03-23 21:45:00,0.26914609,0.36592714,5.4,6.7
2026-03-23 21:50:00,0.26918488,0.36600472,5.4,6.7
2026-03-23 21:55:00,0.26930125,0.36627625,5.4,6.7
2026-03-23 22:00:00,0.26922367,0.3660823,5.4,6.64
2026-03-23 22:05:00,0.26926246,0.36604351,5.32,6.6
2026-03-23 22:10:00,0.26926246,0.36612109,5.3,6.6
2026-03-23 22:15:00,0.2691073,0.36615988,5.36,6.6
2026-03-23 22:20:00,0.26922367,0.36631504,5.4,6.6
2026-03-23 22:25:00,0.26918488,0.36596593,5.4,6.6
2026-03-23 22:30:00,0.2691073,0.36600472,5.4,6.6
2026-03-23 22:35:00,0.26902972,0.3660823,5.46,6.6
2026-03-23 22:40:00,0.26895214,0.36615988,5.5,6.54
2026-03-23 22:45:00,0.26902972,0.36631504,5.56,6.5
2026-03-23 22:50:00,0.26895214,0.3660823,5.64,6.5
2026-03-23 22:55:00,0.26895214,0.36631504,5.74,6.5
2026-03-23 23:00:00,0.26887456,0.36631504,5.86,6.5
2026-03-23 23:05:00,0.2687194,0.36639262,6.0,6.5
2026-03-23 23:10:00,0.26856424,0.36612109,6.14,6.5
2026-03-23 23:15:00,0.26856424,0.36623746,6.28,6.5
2026-03-23 23:20:00,0.2683315,0.36604351,6.44,6.5
2026-03-23 23:25:00,0.2683315,0.36615988,6.56,6.5
2026-03-23 23:30:00,0.26813755,0.36639262,6.74,6.5
2026-03-23 23:35:00,0.26802118,0.36631504,6.94,6.5
2026-03-23 23:40:00,0.26786602,0.36604351,7.12,6.6
2026-03-23 23:45:00,0.26759449,0.36623746,7.3,6.6
2026-03-23 23:50:00,0.26767207,0.36615988,7.5,6.6
2026-03-23 23:55:00,0.26759449,0.36600472,7.66,6.62
2026-03-24 00:00:00,0.26736175,0.36604351,7.8,6.7
2026-03-24 00:05:00,0.26720659,0.36615988,7.92,6.7
2026-03-24 00:10:00,0.26720659,0.3660823,8.04,6.78
2026-03-24 00:15:00,0.26712901,0.36584956,8.16,6.8
2026-03-24 00:20:00,0.26693506,0.36619867,8.26,6.86
2026-03-24 00:25:00,0.26693506,0.36592714,8.38,6.9
2026-03-24 00:30:00,0.26689627,0.36584956,8.52,6.96
2026-03-24 00:35:00,0.26670232,0.36577198,8.64,7.0
2026-03-24 00:40:00,0.26674111,0.36584956,8.76,7.08
2026-03-24 00:45:00,0.26670232,0.36584956,8.92,7.12
2026-03-24 00:50:00,0.26643079,0.36596593,9.06,7.2
2026-03-24 00:55:00,0.266392,0.36565561,9.24,7.24
2026-03-24 01:00:00,0.26635321,0.36546166,9.4,7.3
2026-03-24 01:05:00,0.26619805,0.36550045,9.56,7.38
2026-03-24 01:10:00,0.2660041,0.36546166,9.74,7.44
2026-03-24 01:15:00,0.2660041,0.3653065,9.9,7.5
2026-03-24 01:20:00,0.26588773,0.36511255,10.06,7.6
2026-03-24 01:25:00,0.26584894,0.36546166,10.24,7.68
2026-03-24 01:30:00,0.26569378,0.36511255,10.4,7.74
2026-03-24 01:35:00,0.26569378,0.36534529,10.56,7.82
2026-03-24 01:40:00,0.26565499,0.36519013,10.74,7.9
2026-03-24 01:45:00,0.26553862,0.36507376,10.9,8.0
2026-03-24 01:50:00,0.26530588,0.36499618,11.04,8.08
2026-03-24 01:55:00,0.26534467,0.36522892,11.2,8.18
2026-03-24 02:00:00,0.26526709,0.36503497,11.36,8.28
2026-03-24 02:05:00,0.26518951,0.36495739,11.54,8.36
2026-03-24 02:10:00,0.26507314,0.36495739,11.66,8.46
2026-03-24 02:15:00,0.26515072,0.36476344,11.82,8.56
2026-03-24 02:20:00,0.26499556,0.36464707,11.9,8.66
2026-03-24 02:25:00,0.26495677,0.3645307,12.0,8.76
2026-03-24 02:30:00,0.26499556,0.36422038,12.06,8.86
2026-03-24 02:35:00,0.26503435,0.36406522,12.1,8.96
2026-03-24 02:40:00,0.26487919,0.36433675,12.1,9.06
2026-03-24 02:45:00,0.26499556,0.3641428,12.1,9.16
2026-03-24 02:50:00,0.26487919,0.36387127,12.1,9.28
2026-03-24 02:55:00,0.26480161,0.36379369,12.1,9.38
2026-03-24 03:00:00,0.26468524,0.36402643,12.1,9.48
2026-03-24 03:05:00,0.26472403,0.36383248,12.2,9.6
2026-03-24 03:10:00,0.26456887,0.36379369,12.26,9.7
2026-03-24 03:15:00,0.26456887,0.36363853,12.34,9.8
2026-03-24 03:20:00,0.26441371,0.36356095,12.42,9.92
2026-03-24 03:25:00,0.26437492,0.36356095,12.5,10.04
2026-03-24 03:30:00,0.26429734,0.36313426,12.6,10.14
2026-03-24 03:35:00,0.26425855,0.36321184,12.68,10.24
2026-03-24 03:40:00,0.26410339,0.36290152,12.78,10.34
2026-03-24 03:45:00,0.26402581,0.3625912,12.88,10.46
2026-03-24 03:50:00,0.26387065,0.3629791,12.98,10.56
2026-03-24 03:55:00,0.26363791,0.36282394,13.1,10.66
2026-03-24 04:00:00,0.26363791,0.36235846,13.2,10.76
2026-03-24 04:05:00,0.26352154,0.36224209,13.3,10.84
2026-03-24 04:10:00,0.26340517,0.36212572,13.36,10.94
2026-03-24 04:15:00,0.26332759,0.36204814,13.4,11.02
2026-03-24 04:20:00,0.26332759,0.36204814,13.46,11.1
2026-03-24 04:25:00,0.26336638,0.3618154,13.5,11.2
2026-03-24 04:30:00,0.26325001,0.36166024,13.58,11.3
2026-03-24 04:35:00,0.26325001,0.36169903,13.64,11.38
2026-03-24 04:40:00,0.26305606,0.3618154,13.7,11.44
2026-03-24 04:45:00,0.26313364,0.36166024,13.8,11.52
2026-03-24 04:50:00,0.26301727,0.36131113,13.8,11.6
2026-03-24 04:55:00,0.26286211,0.36146629,13.88,11.68
2026-03-24 05:00:00,0.26286211,0.36134992,13.9,11.74
2026-03-24 05:05:00,0.26278453,0.36127234,13.9,11.8
2026-03-24 05:10:00,0.26282332,0.36115597,13.98,11.9
2026-03-24 05:15:00,0.26278453,0.36115597,14.0,11.94
2026-03-24 05:20:00,0.26266816,0.36092323,14.08,12.0
2026-03-24 05:25:00,0.26274574,0.36092323,14.1,12.08
2026-03-24 05:30:00,0.26259058,0.36084565,14.1,12.1
2026-03-24 05:35:00,0.262513,0.36100081,14.1,12.2
2026-03-24 05:40:00,0.26235784,0.36057412,14.2,12.24
2026-03-24 05:45:00,0.26243542,0.36057412,14.2,12.3
2026-03-24 05:50:00,0.26228026,0.36053533,14.2,12.36
2026-03-24 05:55:00,0.26231905,0.36069049,14.22,12.4
2026-03-24 06:00:00,0.26224147,0.36041896,14.3,12.48
2026-03-24 06:05:00,0.26208631,0.36030259,14.3,12.5
2026-03-24 06:10:00,0.26208631,0.36010864,14.3,12.58
2026-03-24 06:15:00,0.26208631,0.36018622,14.3,12.6
2026-03-24 06:20:00,0.26193115,0.35983711,14.3,12.64
2026-03-24 06:25:00,0.26200873,0.35983711,14.34,12.7
2026-03-24 06:30:00,0.26193115,0.35995348,14.4,12.7
2026-03-24 06:35:00,0.26196994,0.35975953,14.4,12.78
2026-03-24 06:40:00,0.26181478,0.35972074,14.38,12.8
2026-03-24 06:45:00,0.26177599,0.35979832,14.3,12.82
2026-03-24 06:50:00,0.26169841,0.35964316,14.3,12.9
2026-03-24 06:55:00,0.2617372,0.35972074,14.3,12.9
2026-03-24 07:00:00,0.26177599,0.35952679,14.3,12.9
2026-03-24 07:05:00,0.26158204,0.35913889,14.2,13.0
2026-03-24 07:10:00,0.26169841,0.35937163,14.2,13.0
2026-03-24 07:15:00,0.26162083,0.35925526,14.2,13.0
2026-03-24 07:20:00,0.26162083,0.35921647,14.1,13.0
2026-03-24 07:25:00,0.26158204,0.35913889,14.1,13.06
2026-03-24 07:30:00,0.26146567,0.3591001,14.0,13.1
2026-03-24 07:35:00,0.26150446,0.3591001,13.96,13.1
2026-03-24 07:40:00,0.26150446,0.35894494,13.9,13.1
2026-03-24 07:45:00,0.26150446,0.35902252,13.82,13.1
2026-03-24 07:50:00,0.26138809,0.35921647,13.8,13.1
2026-03-24 07:55:00,0.26142688,0.35886736,13.72,13.1
2026-03-24 08:00:00,0.26131051,0.35863462,13.7,13.1
2026-03-24 08:05:00,0.26150446,0.35902252,13.62,13.1
2026-03-24 08:10:00,0.26146567,0.35886736,13.6,13.1
2026-03-24 08:15:00,0.26138809,0.35906131,13.5,13.1
2026-03-24 08:20:00,0.26142688,0.35855704,13.5,13.1
2026-03-24 08:25:00,0.26138809,0.35844067,13.4,13.0
2026-03-24 08:30:00,0.26146567,0.35867341,13.36,13.0
2026-03-24 08:35:00,0.26142688,0.35847946,13.3,13.0
2026-03-24 08:40:00,0.26162083,0.35859583,13.2,13.0
2026-03-24 08:45:00,0.26162083,0.35847946,13.14,13.0
2026-03-24 08:50:00,0.26162083,0.35836309,13.08,13.0
2026-03-24 08:55:00,0.26154325,0.35851825,13.0,12.92
2026-03-24 09:00:00,0.26162083,0.35851825,12.92,12.9
2026-03-24 09:05:00,0.26158204,0.35844067,12.86,12.9
2026-03-24 09:10:00,0.26165962,0.35816914,12.8,12.9
2026-03-24 09:15:00,0.26165962,0.35840188,12.72,12.86
2026-03-24 09:20:00,0.26154325,0.35824672,12.66,12.8
2026-03-24 09:25:00,0.26158204,0.35820793,12.6,12.8
2026-03-24 09:30:00,0.26162083,0.35840188,12.52,12.8
2026-03-24 09:35:00,0.26150446,0.35840188,12.48,12.72
2026-03-24 09:40:00,0.26154325,0.35820793,12.4,12.7
2026-03-24 09:45:00,0.26154325,0.35844067,12.34,12.7
2026-03-24 09:50:00,0.26150446,0.35824672,12.3,12.64
2026-03-24 09:55:00,0.26150446,0.35828551,12.2,12.6
2026-03-24 10:00:00,0.26154325,0.3579364,12.18,12.6
2026-03-24 10:05:00,0.26150446,0.35813035,12.1,12.54
2026-03-24 10:10:00,0.26138809,0.35809156,12.04,12.5
2026-03-24 10:15:00,0.26146567,0.35797519,12.0,12.5
2026-03-24 10:20:00,0.26146567,0.35789761,11.96,12.46
2026-03-24 10:25:00,0.26150446,0.35782003,11.9,12.4
2026-03-24 10:30:00,0.26138809,0.35801398,11.84,12.4
2026-03-24 10:35:00,0.26142688,0.35813035,11.8,12.36
2026-03-24 10:40:00,0.26131051,0.3579364,11.72,12.3
2026-03-24 10:45:00,0.26146567,0.35801398,11.7,12.3
2026-03-24 10:50:00,0.26138809,0.3579364,11.6,12.22
2026-03-24 10:55:00,0.26127172,0.3579364,11.58,12.2
2026-03-24 11:00:00,0.26138809,0.35782003,11.5,12.2
2026-03-24 11:05:00,0.26138809,0.3579364,11.5,12.12
2026-03-24 11:10:00,0.26127172,0.35813035,11.42,12.1
2026-03-24 11:15:00,0.26123293,0.35782003,11.4,12.1
2026-03-24 11:20:00,0.26115535,0.35785882,11.34,12.02
2026-03-24 11:25:00,0.26123293,0.35820793,11.3,12.0
2026-03-24 11:30:00,0.26127172,0.3579364,11.3,12.0
2026-03-24 11:35:00,0.26123293,0.35816914,11.2,11.92
2026-03-24 11:40:00,0.26111656,0.35805277,11.2,11.9
2026-03-24 11:45:00,0.26123293,0.35785882,11.18,11.9
2026-03-24 11:50:00,0.26123293,0.3579364,11.1,11.86
2026-03-24 11:55:00,0.26119414,0.3579364,11.1,11.8
2026-03-24 12:00:00,0.26119414,0.35813035,11.06,11.8
2026-03-24 12:05:00,0.26131051,0.35797519,11.0,11.78
2026-03-24 12:10:00,0.26111656,0.35797519,11.0,11.7
2026-03-24 12:15:00,0.26115535,0.3579364,11.0,11.7
2026-03-24 12:20:00,0.26107777,0.35805277,10.9,11.7
2026-03-24 12:25:00,0.26123293,0.3579364,10.9,11.64
2026-03-24 12:30:00,0.26103898,0.35809156,10.9,11.6
2026-03-24 12:35:00,0.26111656,0.3579364,10.82,11.6
2026-03-24 12:40:00,0.26100019,0.35801398,10.8,11.6
2026-03-24 12:45:00,0.26100019,0.35801398,10.8,11.5
2026-03-24 12:50:00,0.26103898,0.35797519,10.8,11.5
2026-03-24 12:55:00,0.2609614,0.35813035,10.7,11.5
2026-03-24 13:00:00,0.26103898,0.35797519,10.7,11.48
2026-03-24 13:05:00,0.26092261,0.35816914,10.7,11.4
2026-03-24 13:10:00,0.26100019,0.35805277,10.7,11.4
2026-03-24 13:15:00,0.26100019,0.35805277,10.6,11.4
2026-03-24 13:20:00,0.26103898,0.35809156,10.6,11.36
2026-03-24 13:25:00,0.26103898,0.35805277,10.6,11.3
2026-03-24 13:30:00,0.26107777,0.35801398,10.58,11.3
2026-03-24 13:35:00,0.26100019,0.35820793,10.5,11.3
2026-03-24 13:40:00,0.2609614,0.35813035,10.5,11.26
2026-03-24 13:45:00,0.26100019,0.35816914,10.5,11.2
2026-03-24 13:50:00,0.2609614,0.35809156,10.5,11.2
2026-03-24 13:55:00,0.26092261,0.35816914,10.42,11.2
2026-03-24 14:00:00,0.26107777,0.35828551,10.4,11.2
2026-03-24 14:05:00,0.26107777,0.35809156,10.4,11.1
2026-03-24 14:10:00,0.26100019,0.35809156,10.4,11.1
2026-03-24 14:15:00,0.26100019,0.35851825,10.4,11.1
2026-03-24 14:20:00,0.2609614,0.35809156,10.32,11.1
2026-03-24 14:25:00,0.2609614,0.35809156,10.3,11.04
2026-03-24 14:30:00,0.26088382,0.35828551,10.3,11.0
2026-03-24 14:35:00,0.26088382,0.35813035,10.3,11.0
2026-03-24 14:40:00,0.26092261,0.35828551,10.3,11.0
2026-03-24 14:45:00,0.26088382,0.35816914,10.22,11.0
2026-03-24 14:50:00,0.26084503,0.35840188,10.2,10.94
2026-03-24 14:55:00,0.26092261,0.35820793,10.2,10.9
2026-03-24 15:00:00,0.26080624,0.35840188,10.2,10.9
2026-03-24 15:05:00,0.2609614,0.35851825,10.2,10.9
2026-03-24 15:10:00,0.26080624,0.35824672,10.2,10.9
2026-03-24 15:15:00,0.26080624,0.35840188,10.1,10.86
2026-03-24 15:20:00,0.26080624,0.35847946,10.1,10.8
2026-03-24 15:25:00,0.26080624,0.35828551,10.1,10.8
2026-03-24 15:30:00,0.26084503,0.35824672,10.1,10.8
2026-03-24 15:35:00,0.2609614,0.35847946,10.1,10.8
2026-03-24 15:40:00,0.26084503,0.35847946,10.1,10.8
2026-03-24 15:45:00,0.26084503,0.35863462,10.04,10.72
2026-03-24 15:50:00,0.26084503,0.35867341,10.0,10.7
2026-03-24 15:55:00,0.26076745,0.3587122,10.0,10.7
2026-03-24 16:00:00,0.26072866,0.35855704,10.0,10.7
2026-03-24 16:05:00,0.26080624,0.35836309,10.0,10.7
2026-03-24 16:10:00,0.26076745,0.35859583,10.0,10.7
2026-03-24 16:15:00,0.26072866,0.35851825,10.0,10.6
2026-03-24 16:20:00,0.26076745,0.3587122,9.94,10.6
2026-03-24 16:25:00,0.26080624,0.35863462,9.9,10.6
2026-03-24 16:30:00,0.26088382,0.3587122,9.9,10.6
2026-03-24 16:35:00,0.26076745,0.35855704,9.9,10.6
2026-03-24 16:40:00,0.26080624,0.35840188,9.9,10.56
2026-03-24 16:45:00,0.26084503,0.35875099,9.9,10.5
2026-03-24 16:50:00,0.26076745,0.35882857,9.9,10.5
2026-03-24 16:55:00,0.26076745,0.3587122,9.9,10.5
2026-03-24 17:00:00,0.26076745,0.35859583,9.88,10.5
2026-03-24 17:05:00,0.26068987,0.35863462,9.8,10.5
2026-03-24 17:10:00,0.26080624,0.35882857,9.8,10.5
2026-03-24 17:15:00,0.26076745,0.35898373,9.8,10.42
2026-03-24 17:20:00,0.26088382,0.35890615,9.8,10.4
2026-03-24 17:25:00,0.26076745,0.35875099,9.8,10.4
2026-03-24 17:30:00,0.26084503,0.3587122,9.8,10.4
2026-03-24 17:35:00,0.26080624,0.35898373,9.8,10.4
2026-03-24 17:40:00,0.26076745,0.3587122,9.8,10.4
2026-03-24 17:45:00,0.26080624,0.3587122,9.8,10.4
2026-03-24 17:50:00,0.26088382,0.35898373,9.8,10.38
2026-03-24 17:55:00,0.26084503,0.35890615,9.74,10.3
2026-03-24 18:00:00,0.26084503,0.35890615,9.7,10.3
2026-03-24 18:05:00,0.2609614,0.35875099,9.7,10.3
2026-03-24 18:10:00,0.26084503,0.35882857,9.7,10.3
2026-03-24 18:15:00,0.26072866,0.35913889,9.7,10.3
2026-03-24 18:20:00,0.26088382,0.359488,9.7,10.3
2026-03-24 18:25:00,0.2609614,0.35917768,9.7,10.3
2026-03-24 18:30:00,0.2609614,0.35906131,9.7,10.24
2026-03-24 18:35:00,0.26088382,0.35902252,9.7,10.2
2026-03-24 18:40:00,0.2609614,0.35913889,9.7,10.2
2026-03-24 18:45:00,0.26100019,0.35890615,9.7,10.2
2026-03-24 18:50:00,0.2609614,0.35921647,9.62,10.2
2026-03-24 18:55:00,0.26092261,0.35933284,9.6,10.2
2026-03-24 19:00:00,0.26092261,0.35929405,9.6,10.2
2026-03-24 19:05:00,0.26092261,0.35964316,9.6,10.2
2026-03-24 19:10:00,0.2609614,0.35937163,9.6,10.2
2026-03-24 19:15:00,0.26111656,0.35921647,9.6,10.14
2026-03-24 19:20:00,0.26092261,0.35921647,9.6,10.1
2026-03-24 19:25:00,0.26092261,0.35964316,9.6,10.1
2026-03-24 19:30:00,0.26107777,0.35917768,9.6,10.1
2026-03-24 19:35:00,0.26092261,0.35937163,9.56,10.1
2026-03-24 19:40:00,0.26111656,0.35975953,9.5,10.1
2026-03-24 19:45:00,0.26107777,0.35929405,9.5,10.1
2026-03-24 19:50:00,0.26119414,0.35968195,9.5,10.1
2026-03-24 19:55:00,0.26100019,0.35956558,9.5,10.1
2026-03-24 20:00:00,0.26103898,0.35956558,9.5,10.04
2026-03-24 20:05:00,0.26111656,0.35941042,9.5,10.0
2026-03-24 20:10:00,0.26111656,0.35944921,9.5,10.0
2026-03-24 20:15:00,0.26111656,0.359488,9.46,10.0
2026-03-24 20:20:00,0.26111656,0.35968195,9.4,10.0
2026-03-24 20:25:00,0.26111656,0.35956558,9.4,10.0
2026-03-24 20:30:00,0.26107777,0.35944921,9.4,10.0
2026-03-24 20:35:00,0.26119414,0.35944921,9.4,10.0
2026-03-24 20:40:00,0.26123293,0.35941042,9.4,10.0
2026-03-24 20:45:00,0.26115535,0.35968195,9.4,9.94
2026-03-24 20:50:00,0.26127172,0.359488,9.4,9.9
2026-03-24 20:55:00,0.26127172,0.35968195,9.4,9.9
2026-03-24 21:00:00,0.26123293,0.35991469,9.34,9.9
2026-03-24 21:05:00,0.26131051,0.35979832,9.3,9.9
2026-03-24 21:10:00,0.26123293,0.35975953,9.3,9.9
2026-03-24 21:15:00,0.2613493,0.35972074,9.3,9.9
2026-03-24 21:20:00,0.26138809,0.35999227,9.3,9.9
2026-03-24 21:25:00,0.26131051,0.36003106,9.3,9.86
2026-03-24 21:30:00,0.26131051,0.35968195,9.3,9.8
2026-03-24 21:35:00,0.26119414,0.35979832,9.3,9.8
2026-03-24 21:40:00,0.26138809,0.35995348,9.3,9.8
2026-03-24 21:45:00,0.26138809,0.35983711,9.3,9.8
2026-03-24 21:50:00,0.26142688,0.36014743,9.22,9.8
2026-03-24 21:55:00,0.26138809,0.35975953,9.2,9.8
2026-03-24 22:00:00,0.26138809,0.35991469,9.2,9.8
2026-03-24 22:05:00,0.26142688,0.35964316,9.2,9.8
2026-03-24 22:10:00,0.26138809,0.35964316,9.2,9.78
2026-03-24 22:15:00,0.26138809,0.35995348,9.2,9.7
2026-03-24 22:20:00,0.26138809,0.35968195,9.2,9.7
2026-03-24 22:25:00,0.26142688,0.35972074,9.2,9.7
2026-03-24 22:30:00,0.26142688,0.36003106,9.2,9.7
2026-03-24 22:35:00,0.26138809,0.36018622,9.3,9.7
2026-03-24 22:40:00,0.26142688,0.35991469,9.3,9.7
2026-03-24 22:45:00,0.26138809,0.36003106,9.3,9.7
2026-03-24 22:50:00,0.26142688,0.36006985,9.3,9.7
2026-03-24 22:55:00,0.26142688,0.36041896,9.3,9.7
2026-03-24 23:00:00,0.26131051,0.36018622,9.38,9.7
2026-03-24 23:05:00,0.26142688,0.35999227,9.4,9.7
2026-03-24 23:10:00,0.26146567,0.36010864,9.4,9.7
2026-03-24 23:15:00,0.26138809,0.35999227,9.48,9.7
2026-03-24 23:20:00,0.26142688,0.36006985,9.5,9.7
2026-03-24 23:25:00,0.26138809,0.36030259,9.52,9.7
2026-03-24 23:30:00,0.2613493,0.36003106,9.6,9.7
2026-03-24 23:35:00,0.26142688,0.36014743,9.6,9.7
2026-03-24 23:40:00,0.26131051,0.36034138,9.62,9.7
2026-03-24 23:45:00,0.26127172,0.36014743,9.7,9.7
2026-03-24 23:50:00,0.2613493,0.3602638,9.7,9.7
2026-03-24 23:55:00,0.26107777,0.36018622,9.74,9.7
2026-03-25 00:00:00,0.26131051,0.36010864,9.8,9.7
2026-03-25 00:05:00,0.26103898,0.36030259,9.8,9.7
2026-03-25 00:10:00,0.26127172,0.36053533,9.86,9.7
2026-03-25 00:15:00,0.26123293,0.3602638,9.9,9.7
2026-03-25 00:20:00,0.26119414,0.35983711,9.9,9.7
2026-03-25 00:25:00,0.26115535,0.36038017,9.98,9.72
2026-03-25 00:30:00,0.26115535,0.35991469,10.0,9.8
2026-03-25 00:35:00,0.26115535,0.36030259,10.0,9.8
2026-03-25 00:40:00,0.26111656,0.35991469,10.1,9.8
2026-03-25 00:45:00,0.26103898,0.36045775,10.1,9.8
2026-03-25 00:50:00,0.26107777,0.36018622,10.18,9.8
2026-03-25 00:55:00,0.26100019,0.36014743,10.22,9.8
2026-03-25 01:00:00,0.26103898,0.36022501,10.3,9.8
2026-03-25 01:05:00,0.26100019,0.36003106,10.3,9.88
2026-03-25 01:10:00,0.26092261,0.36018622,10.4,9.9
2026-03-25 01:15:00,0.2609614,0.36034138,10.4,9.9
2026-03-25 01:20:00,0.26103898,0.36010864,10.46,9.9
2026-03-25 01:25:00,0.26100019,0.36018622,10.5,9.9
2026-03-25 01:30:00,0.2609614,0.3598759,10.56,9.96
2026-03-25 01:35:00,0.26100019,0.35991469,10.6,10.0
2026-03-25 01:40:00,0.26092261,0.35999227,10.7,10.0
2026-03-25 01:45:00,0.26092261,0.35979832,10.78,10.0
2026-03-25 01:50:00,0.26076745,0.35983711,10.84,10.0
2026-03-25 01:55:00,0.2609614,0.36010864,10.9,10.06
2026-03-25 02:00:00,0.26092261,0.36010864,10.92,10.1
2026-03-25 02:05:00,0.26092261,0.35979832,11.0,10.1
2026-03-25 02:10:00,0.26076745,0.36034138,11.0,10.1
2026-03-25 02:15:00,0.26072866,0.3598759,11.02,10.16
2026-03-25 02:20:00,0.26072866,0.35983711,11.1,10.2
2026-03-25 02:25:00,0.26080624,0.3598759,11.1,10.2
2026-03-25 02:30:00,0.26076745,0.36006985,11.18,10.2
2026-03-25 02:35:00,0.26080624,0.3598759,11.2,10.24
2026-03-25 02:40:00,0.26088382,0.36010864,11.3,10.3
2026-03-25 02:45:00,0.26076745,0.36003106,11.36,10.3
2026-03-25 02:50:00,0.26061229,0.35968195,11.42,10.3
2026-03-25 02:55:00,0.26068987,0.35960437,11.5,10.38
2026-03-25 03:00:00,0.26068987,0.35975953,11.6,10.4
2026-03-25 03:05:00,0.26068987,0.36006985,11.68,10.4
2026-03-25 03:10:00,0.2605735,0.35991469,11.76,10.42
2026-03-25 03:15:00,0.2605735,0.35979832,11.86,10.5
2026-03-25 03:20:00,0.26061229,0.35999227,11.96,10.5
2026-03-25 03:25:00,0.26061229,0.35964316,12.06,10.54
2026-03-25 03:30:00,0.26049592,0.35972074,12.14,10.6
2026-03-25 03:35:00,0.2605735,0.35979832,12.24,10.6
2026-03-25 03:40:00,0.26049592,0.36003106,12.34,10.7
2026-03-25 03:45:00,0.26045713,0.35960437,12.46,10.7
2026-03-25 03:50:00,0.26049592,0.35960437,12.62,10.78
2026-03-25 03:55:00,0.2601856,0.35960437,12.76,10.8
2026-03-25 04:00:00,0.26006923,0.35964316,12.94,10.88
2026-03-25 04:05:00,0.25999165,0.35944921,13.08,10.9
2026-03-25 04:10:00,0.25987528,0.359488,13.24,11.0
2026-03-25 04:15:00,0.25972012,0.35972074,13.36,11.02
2026-03-25 04:20:00,0.25968133,0.35941042,13.52,11.1
2026-03-25 04:25:00,0.25964254,0.35913889,13.64,11.18
2026-03-25 04:30:00,0.25948738,0.35933284,13.76,11.24
2026-03-25 04:35:00,0.25952617,0.3591001,13.88,11.32
2026-03-25 04:40:00,0.25944859,0.35921647,13.98,11.42
2026-03-25 04:45:00,0.2594098,0.35917768,14.08,11.5
2026-03-25 04:50:00,0.25937101,0.35902252,14.16,11.6
2026-03-25 04:55:00,0.25933222,0.35913889,14.2,11.68
2026-03-25 05:00:00,0.25933222,0.35890615,14.3,11.78
2026-03-25 05:05:00,0.25937101,0.35882857,14.32,11.86
2026-03-25 05:10:00,0.25937101,0.35867341,14.4,11.94
2026-03-25 05:15:00,0.25921585,0.35867341,14.4,12.02
2026-03-25 05:20:00,0.25933222,0.35859583,14.48,12.12
2026-03-25 05:25:00,0.25929343,0.3587122,14.5,12.2
2026-03-25 05:30:00,0.2594098,0.35844067,14.5,12.3
2026-03-25 05:35:00,0.25937101,0.35851825,14.5,12.4
2026-03-25 05:40:00,0.25925464,0.35863462,14.5,12.48
2026-03-25 05:45:00,0.25929343,0.35828551,14.5,12.56
2026-03-25 05:50:00,0.25933222,0.35816914,14.5,12.64
2026-03-25 05:55:00,0.25937101,0.35836309,14.5,12.72
2026-03-25 06:00:00,0.25933222,0.35813035,14.5,12.8
2026-03-25 06:05:00,0.25929343,0.35805277,14.5,12.88
2026-03-25 06:10:00,0.25925464,0.35785882,14.5,12.94
2026-03-25 06:15:00,0.25933222,0.35774245,14.4,13.0
2026-03-25 06:20:00,0.25937101,0.35785882,14.4,13.08
2026-03-25 06:25:00,0.25944859,0.35782003,14.4,13.12
2026-03-25 06:30:00,0.25937101,0.35735455,14.34,13.2
2026-03-25 06:35:00,0.25933222,0.35735455,14.3,13.24
2026-03-25 06:40:00,0.25937101,0.35739334,14.3,13.3
2026-03-25 06:45:00,0.25944859,0.35727697,14.22,13.36
2026-03-25 06:50:00,0.2594098,0.35727697,14.2,13.4
2026-03-25 06:55:00,0.2594098,0.35704423,14.16,13.46
2026-03-25 07:00:00,0.25952617,0.35700544,14.1,13.5
2026-03-25 07:05:00,0.25948738,0.35700544,14.04,13.54
2026-03-25 07:10:00,0.25948738,0.35685028,14.0,13.6
2026-03-25 07:15:00,0.25948738,0.35688907,13.92,13.6
2026-03-25 07:20:00,0.25952617,0.35692786,13.88,13.64
2026-03-25 07:25:00,0.25956496,0.35661754,13.8,13.7
2026-03-25 07:30:00,0.25960375,0.35673391,13.74,13.7
2026-03-25 07:35:00,0.25975891,0.35661754,13.7,13.7
2026-03-25 07:40:00,0.25964254,0.35626843,13.6,13.7
2026-03-25 07:45:00,0.2597977,0.3563848,13.54,13.7
2026-03-25 07:50:00,0.25968133,0.35634601,13.5,13.78
2026-03-25 07:55:00,0.25964254,0.35630722,13.4,13.8
2026-03-25 08:00:00,0.25972012,0.35634601,13.36,13.8
2026-03-25 08:05:00,0.25987528,0.35630722,13.3,13.8
2026-03-25 08:10:00,0.25987528,0.35595811,13.22,13.8
2026-03-25 08:15:00,0.2597977,0.35595811,13.18,13.8
2026-03-25 08:20:00,0.25999165,0.35588053,13.1,13.8
2026-03-25 08:25:00,0.25991407,0.35603569,13.04,13.74
2026-03-25 08:30:00,0.26003044,0.35580295,13.0,13.7
2026-03-25 08:35:00,0.26006923,0.35580295,12.92,13.7
2026-03-25 08:40:00,0.25999165,0.35580295,12.9,13.7
2026-03-25 08:45:00,0.25995286,0.35572537,12.8,13.7
2026-03-25 08:50:00,0.26003044,0.35615206,12.76,13.7
2026-03-25 08:55:00,0.26006923,0.35591932,12.7,13.7
2026-03-25 09:00:00,0.26010802,0.35615206,12.64,13.62
2026-03-25 09:05:00,0.25999165,0.35576416,12.6,13.6
2026-03-25 09:10:00,0.26014681,0.35591932,12.52,13.6
2026-03-25 09:15:00,0.26010802,0.35572537,12.48,13.6
2026-03-25 09:20:00,0.25999165,0.35588053,12.4,13.5
2026-03-25 09:25:00,0.26010802,0.35576416,12.34,13.5
2026-03-25 09:30:00,0.2601856,0.35564779,12.3,13.5
2026-03-25 09:35:00,0.26010802,0.35584174,12.2,13.42
2026-03-25 09:40:00,0.2601856,0.35568658,12.14,13.4
2026-03-25 09:45:00,0.26010802,0.35584174,12.1,13.38
2026-03-25 09:50:00,0.26006923,0.355609,12.0,13.3
2026-03-25 09:55:00,0.26026318,0.35549263,11.98,13.3
2026-03-25 10:00:00,0.26014681,0.35572537,11.9,13.2
2026-03-25 10:05:00,0.26010802,0.35576416,11.82,13.2
2026-03-25 10:10:00,0.26022439,0.35553142,11.78,13.14
2026-03-25 10:15:00,0.26006923,0.355609,11.7,13.1
2026-03-25 10:20:00,0.26014681,0.35572537,11.64,13.06
2026-03-25 10:25:00,0.26014681,0.35557021,11.6,13.0
2026-03-25 10:30:00,0.26022439,0.35572537,11.5,12.96
2026-03-25 10:35:00,0.26022439,0.35564779,11.46,12.9
2026-03-25 10:40:00,0.2601856,0.355609,11.4,12.88
2026-03-25 10:45:00,0.2601856,0.35572537,11.32,12.8
2026-03-25 10:50:00,0.26026318,0.35557021,11.28,12.76
2026-03-25 10:55:00,0.2601856,0.35576416,11.2,12.7
2026-03-25 11:00:00,0.26026318,0.35572537,11.14,12.68
2026-03-25 11:05:00,0.26014681,0.35545384,11.1,12.6
2026-03-25 11:10:00,0.26030197,0.35595811,11.02,12.58
2026-03-25 11:15:00,0.26022439,0.35568658,11.0,12.5
2026-03-25 11:20:00,0.26026318,0.35549263,10.92,12.5
2026-03-25 11:25:00,0.26022439,0.355609,10.9,12.4
2026-03-25 11:30:00,0.26034076,0.35580295,10.8,12.4
2026-03-25 11:35:00,0.26037955,0.35553142,10.78,12.3
2026-03-25 11:40:00,0.26022439,0.35549263,10.7,12.3
2026-03-25 11:45:00,0.26034076,0.35568658,10.66,12.2
2026-03-25 11:50:00,0.26030197,0.35553142,10.6,12.2
2026-03-25 11:55:00,0.26041834,0.35568658,10.56,12.12
2026-03-25 12:00:00,0.26030197,0.35553142,10.5,12.1
2026-03-25 12:05:00,0.26037955,0.35549263,10.46,12.04
2026-03-25 12:10:00,0.26030197,0.35557021,10.4,12.0
2026-03-25 12:15:00,0.26034076,0.35564779,10.36,11.96
2026-03-25 12:20:00,0.26049592,0.355609,10.3,11.9
2026-03-25 12:25:00,0.26045713,0.35549263,10.26,11.88
2026-03-25 12:30:00,0.26037955,0.35572537,10.2,11.8
2026-03-25 12:35:00,0.26045713,0.35557021,10.18,11.8
2026-03-25 12:40:00,0.26041834,0.35576416,10.1,11.72
2026-03-25 12:45:00,0.26045713,0.35553142,10.1,11.7
2026-03-25 12:50:00,0.26041834,0.35564779,10.02,11.64
2026-03-25 12:55:00,0.26049592,0.35557021,10.0,11.6
2026-03-25 13:00:00,0.26045713,0.35557021,9.94,11.6
2026-03-25 13:05:00,0.2605735,0.35564779,9.9,11.5
2026-03-25 13:10:00,0.26053471,0.355609,9.84,11.5
2026-03-25 13:15:00,0.26045713,0.35568658,9.8,11.44
2026-03-25 13:20:00,0.26061229,0.35572537,9.76,11.4
2026-03-25 13:25:00,0.26053471,0.35572537,9.7,11.36
2026-03-25 13:30:00,0.26061229,0.35568658,9.7,11.3
2026-03-25 13:35:00,0.26061229,0.35564779,9.6,11.3
2026-03-25 13:40:00,0.26068987,0.35568658,9.6,11.2
2026-03-25 13:45:00,0.26061229,0.35564779,9.56,11.2
2026-03-25 13:50:00,0.26065108,0.35568658,9.5,11.14
2026-03-25 13:55:00,0.26065108,0.35564779,9.48,11.1
2026-03-25 14:00:00,0.26068987,0.35568658,9.4,11.1
2026-03-25 14:05:00,0.26061229,0.35584174,9.4,11.0
2026-03-25 14:10:00,0.26068987,0.35607448,9.32,11.0
2026-03-25 14:15:00,0.26072866,0.35584174,9.3,10.96
2026-03-25 14:20:00,0.26080624,0.35572537,9.22,10.9
2026-03-25 14:25:00,0.26076745,0.35588053,9.2,10.9
2026-03-25 14:30:00,0.26088382,0.35615206,9.14,10.84
2026-03-25 14:35:00,0.26084503,0.3559969,9.1,10.8
2026-03-25 14:40:00,0.26076745,0.35603569,9.08,10.78
2026-03-25 14:45:00,0.26088382,0.35603569,9.0,10.7
2026-03-25 14:50:00,0.26088382,0.35603569,9.0,10.7
2026-03-25 14:55:00,0.26088382,0.35657875,8.92,10.64
2026-03-25 15:00:00,0.2609614,0.35634601,8.9,10.6
2026-03-25 15:05:00,0.2609614,0.35595811,8.86,10.58
2026-03-25 15:10:00,0.2609614,0.35626843,8.8,10.5
2026-03-25 15:15:00,0.26107777,0.35615206,8.8,10.5
2026-03-25 15:20:00,0.26103898,0.35653996,8.7,10.44
2026-03-25 15:25:00,0.26107777,0.35619085,8.7,10.4
2026-03-25 15:30:00,0.26103898,0.35591932,8.66,10.4
2026-03-25 15:35:00,0.26107777,0.35650117,8.6,10.32
2026-03-25 15:40:00,0.26103898,0.35630722,8.6,10.3
2026-03-25 15:45:00,0.26123293,0.35661754,8.56,10.26
2026-03-25 15:50:00,0.26100019,0.3563848,8.5,10.2
2026-03-25 15:55:00,0.26100019,0.35642359,8.5,10.2
2026-03-25 16:00:00,0.26107777,0.35665633,8.46,10.14
2026-03-25 16:05:00,0.26107777,0.35622964,8.4,10.1
2026-03-25 16:10:00,0.26111656,0.35630722,8.4,10.1
2026-03-25 16:15:00,0.26107777,0.3563848,8.34,10.02
2026-03-25 16:20:00,0.26100019,0.35653996,8.3,10.0
2026-03-25 16:25:00,0.26103898,0.35630722,8.3,10.0
2026-03-25 16:30:00,0.2609614,0.35615206,8.26,9.92
2026-03-25 16:35:00,0.26103898,0.35653996,8.2,9.9
2026-03-25 16:40:00,0.26111656,0.35653996,8.2,9.86
2026-03-25 16:45:00,0.26115535,0.35634601,8.2,9.8
2026-03-25 16:50:00,0.26115535,0.3563848,8.1,9.8
2026-03-25 16:55:00,0.26123293,0.35653996,8.1,9.76
2026-03-25 17:00:00,0.26127172,0.35642359,8.1,9.7
2026-03-25 17:05:00,0.2613493,0.35642359,8.04,9.7
2026-03-25 17:10:00,0.26111656,0.3563848,8.0,9.66
2026-03-25 17:15:00,0.26127172,0.35661754,8.0,9.6
2026-03-25 17:20:00,0.26127172,0.35650117,8.0,9.6
2026-03-25 17:25:00,0.26127172,0.35657875,7.92,9.58
2026-03-25 17:30:00,0.26131051,0.35696665,7.9,9.5
2026-03-25 17:35:00,0.26119414,0.35665633,7.9,9.5
2026-03-25 17:40:00,0.26138809,0.35646238,7.9,9.5
2026-03-25 17:45:00,0.26131051,0.35688907,7.82,9.4
2026-03-25 17:50:00,0.26111656,0.35665633,7.8,9.4
2026-03-25 17:55:00,0.26142688,0.35688907,7.8,9.4
2026-03-25 18:00:00,0.26138809,0.35692786,7.78,9.32
2026-03-25 18:05:00,0.26131051,0.3567727,7.7,9.3
2026-03-25 18:10:00,0.26142688,0.35688907,7.7,9.3
2026-03-25 18:15:00,0.26131051,0.3567727,7.7,9.26
2026-03-25 18:20:00,0.26150446,0.35681149,7.68,9.2
2026-03-25 18:25:00,0.26142688,0.35681149,7.6,9.2
2026-03-25 18:30:00,0.26138809,0.35688907,7.6,9.18
2026-03-25 18:35:00,0.26127172,0.35704423,7.6,9.1
2026-03-25 18:40:00,0.26131051,0.35692786,7.56,9.1
2026-03-25 18:45:00,0.26138809,0.35688907,7.5,9.1
2026-03-25 18:50:00,0.26131051,0.35673391,7.5,9.02
2026-03-25 18:55:00,0.26138809,0.35669512,7.5,9.0
2026-03-25 19:00:00,0.26150446,0.35685028,7.5,9.0
2026-03-25 19:05:00,0.2613493,0.35685028,7.5,9.0
2026-03-25 19:10:00,0.26142688,0.35688907,7.5,8.9
2026-03-25 19:15:00,0.26138809,0.35692786,7.5,8.9
2026-03-25 19:20:00,0.26146567,0.35700544,7.5,8.9
2026-03-25 19:25:00,0.26131051,0.35692786,7.5,8.9
2026-03-25 19:30:00,0.26146567,0.35727697,7.5,8.8
2026-03-25 19:35:00,0.26138809,0.35712181,7.5,8.8
2026-03-25 19:40:00,0.2613493,0.35696665,7.5,8.8
2026-03-25 19:45:00,0.26131051,0.35688907,7.5,8.8
2026-03-25 19:50:00,0.26131051,0.35708302,7.5,8.78
2026-03-25 19:55:00,0.26123293,0.35750971,7.5,8.7
2026-03-25 20:00:00,0.26123293,0.35696665,7.5,8.7
2026-03-25 20:05:00,0.26127172,0.3571606,7.6,8.7
2026-03-25 20:10:00,0.26119414,0.35700544,7.6,8.7
2026-03-25 20:15:00,0.26127172,0.35700544,7.6,8.7
2026-03-25 20:20:00,0.26111656,0.35723818,7.6,8.7
2026-03-25 20:25:00,0.26115535,0.35727697,7.62,8.7
2026-03-25 20:30:00,0.26111656,0.35719939,7.7,8.64
2026-03-25 20:35:00,0.26100019,0.35747092,7.7,8.6
2026-03-25 20:40:00,0.26107777,0.35712181,7.7,8.6
2026-03-25 20:45:00,0.26111656,0.35719939,7.7,8.6
2026-03-25 20:50:00,0.26123293,0.35719939,7.76,8.6
2026-03-25 20:55:00,0.26100019,0.35731576,7.8,8.6
2026-03-25 21:00:00,0.26107777,0.35727697,7.8,8.6
2026-03-25 21:05:00,0.26100019,0.35727697,7.8,8.6
2026-03-25 21:10:00,0.26107777,0.35731576,7.8,8.6
2026-03-25 21:15:00,0.2609614,0.35747092,7.8,8.6
2026-03-25 21:20:00,0.26103898,0.35739334,7.8,8.6
2026-03-25 21:25:00,0.26100019,0.3571606,7.8,8.6
2026-03-25 21:30:00,0.26107777,0.35743213,7.8,8.6
2026-03-25 21:35:00,0.26100019,0.35735455,7.8,8.6
2026-03-25 21:40:00,0.2609614,0.35743213,7.74,8.6
2026-03-25 21:45:00,0.26111656,0.35739334,7.7,8.6
2026-03-25 21:50:00,0.26107777,0.35770366,7.7,8.6
2026-03-25 21:55:00,0.26103898,0.35743213,7.66,8.6
2026-03-25 22:00:00,0.26103898,0.35731576,7.6,8.6
2026-03-25 22:05:00,0.26107777,0.35739334,7.6,8.54
2026-03-25 22:10:00,0.26103898,0.35727697,7.6,8.5
2026-03-25 22:15:00,0.26107777,0.3575485,7.58,8.5
2026-03-25 22:20:00,0.26111656,0.35750971,7.5,8.5
2026-03-25 22:25:00,0.26107777,0.35739334,7.52,8.5
2026-03-25 22:30:00,0.26092261,0.35747092,7.6,8.5
2026-03-25 22:35:00,0.26092261,0.3575485,7.6,8.5
2026-03-25 22:40:00,0.26088382,0.35774245,7.6,8.5
2026-03-25 22:45:00,0.26103898,0.35727697,7.64,8.42
2026-03-25 22:50:00,0.26103898,0.35758729,7.7,8.4
2026-03-25 22:55:00,0.26088382,0.35762608,7.76,8.4
2026-03-25 23:00:00,0.26084503,0.35758729,7.82,8.4
2026-03-25 23:05:00,0.26076745,0.3575485,7.9,8.4
2026-03-25 23:10:00,0.26072866,0.3575485,8.0,8.4
2026-03-25 23:15:00,0.26072866,0.3575485,8.08,8.4
2026-03-25 23:20:00,0.26061229,0.35762608,8.22,8.4
2026-03-25 23:25:00,0.2605735,0.35766487,8.32,8.4
2026-03-25 23:30:00,0.26037955,0.3575485,8.44,8.4
2026-03-25 23:35:00,0.26037955,0.35758729,8.58,8.4
2026-03-25 23:40:00,0.26037955,0.35739334,8.72,8.4
2026-03-25 23:45:00,0.26022439,0.35770366,8.86,8.4
2026-03-25 23:50:00,0.26010802,0.35758729,9.0,8.4
2026-03-25 23:55:00,0.26006923,0.35735455,9.16,8.44
2026-03-26 00:00:00,0.25999165,0.35727697,9.34,8.5
2026-03-26 00:05:00,0.2597977,0.35770366,9.48,8.5
2026-03-26 00:10:00,0.25972012,0.35758729,9.66,8.5
2026-03-26 00:15:00,0.25964254,0.35762608,9.84,8.58
2026-03-26 00:20:00,0.25948738,0.35747092,10.0,8.6
2026-03-26 00:25:00,0.25933222,0.35774245,10.18,8.62
2026-03-26 00:30:00,0.25929343,0.35747092,10.36,8.7
2026-03-26 00:35:00,0.25925464,0.35750971,10.56,8.7
2026-03-26 00:40:00,0.25917706,0.35762608,10.74,8.78
2026-03-26 00:45:00,0.25909948,0.35750971,10.94,8.8
2026-03-26 00:50:00,0.25894432,0.35731576,11.1,8.88
2026-03-26 00:55:00,0.25886674,0.35727697,11.3,8.9
2026-03-26 01:00:00,0.25886674,0.3571606,11.5,9.0
2026-03-26 01:05:00,0.25878916,0.35712181,11.68,9.04
2026-03-26 01:10:00,0.258634,0.35723818,11.86,9.1
2026-03-26 01:15:00,0.25855642,0.3575485,12.04,9.2
2026-03-26 01:20:00,0.25836247,0.35692786,12.2,9.26
2026-03-26 01:25:00,0.25840126,0.35661754,12.4,9.32
2026-03-26 01:30:00,0.2582461,0.35719939,12.58,9.4
2026-03-26 01:35:00,0.25812973,0.35673391,12.76,9.5
2026-03-26 01:40:00,0.25793578,0.35696665,12.94,9.58
2026-03-26 01:45:00,0.25766425,0.35661754,13.1,9.66
2026-03-26 01:50:00,0.25758667,0.35673391,13.28,9.74
2026-03-26 01:55:00,0.25758667,0.35661754,13.44,9.84
2026-03-26 02:00:00,0.25743151,0.35665633,13.6,9.94
2026-03-26 02:05:00,0.25731514,0.35657875,13.76,10.02
2026-03-26 02:10:00,0.25727635,0.35653996,13.92,10.12
2026-03-26 02:15:00,0.25723756,0.35607448,14.04,10.22
2026-03-26 02:20:00,0.25719877,0.35607448,14.16,10.32
2026-03-26 02:25:00,0.25723756,0.3559969,14.24,10.42
2026-03-26 02:30:00,0.25723756,0.35572537,14.3,10.52
2026-03-26 02:35:00,0.25715998,0.35576416,14.3,10.62
2026-03-26 02:40:00,0.25723756,0.35576416,14.3,10.72
2026-03-26 02:45:00,0.25723756,0.35576416,14.3,10.82
2026-03-26 02:50:00,0.25719877,0.35533747,14.28,10.94
2026-03-26 02:55:00,0.25715998,0.3552211,14.2,11.04
2026-03-26 03:00:00,0.25712119,0.35514352,14.2,11.14
2026-03-26 03:05:00,0.25700482,0.35502715,14.22,11.24
2026-03-26 03:10:00,0.25700482,0.35506594,14.3,11.34
2026-03-26 03:15:00,0.25712119,0.35479441,14.3,11.46
2026-03-26 03:20:00,0.25688845,0.35471683,14.4,11.58
2026-03-26 03:25:00,0.25696603,0.35471683,14.4,11.68
2026-03-26 03:30:00,0.25696603,0.35452288,14.4,11.78
2026-03-26 03:35:00,0.2570824,0.35456167,14.42,11.88
2026-03-26 03:40:00,0.25704361,0.35440651,14.5,11.98
2026-03-26 03:45:00,0.25681087,0.35436772,14.58,12.08
2026-03-26 03:50:00,0.25684966,0.35429014,14.68,12.16
2026-03-26 03:55:00,0.25665571,0.3540574,14.78,12.26
2026-03-26 04:00:00,0.2566945,0.35417377,14.9,12.34
2026-03-26 04:05:00,0.25661692,0.35382466,15.0,12.42
2026-03-26 04:10:00,0.25642297,0.35378587,15.1,12.5
2026-03-26 04:15:00,0.25646176,0.35390224,15.2,12.58
2026-03-26 04:20:00,0.25642297,0.35355313,15.28,12.66
2026-03-26 04:25:00,0.25634539,0.35386345,15.36,12.72
2026-03-26 04:30:00,0.25626781,0.35363071,15.42,12.82
2026-03-26 04:35:00,0.25642297,0.35332039,15.5,12.9
2026-03-26 04:40:00,0.25619023,0.35378587,15.56,12.98
2026-03-26 04:45:00,0.25611265,0.35324281,15.6,13.06
2026-03-26 04:50:00,0.25622902,0.35332039,15.68,13.14
2026-03-26 04:55:00,0.25607386,0.35324281,15.7,13.22
2026-03-26 05:00:00,0.25615144,0.35312644,15.78,13.32
2026-03-26 05:05:00,0.25622902,0.35273854,15.8,13.4
2026-03-26 05:10:00,0.25599628,0.35277733,15.82,13.5
2026-03-26 05:15:00,0.25584112,0.35269975,15.9,13.56
2026-03-26 05:20:00,0.25603507,0.35269975,15.9,13.64
2026-03-26 05:25:00,0.25580233,0.35266096,15.9,13.72
2026-03-26 05:30:00,0.25580233,0.35227306,15.9,13.8
2026-03-26 05:35:00,0.2559187,0.35235064,15.9,13.88
2026-03-26 05:40:00,0.25587991,0.35219548,15.9,13.94
2026-03-26 05:45:00,0.25560838,0.35207911,15.9,14.0
2026-03-26 05:50:00,0.25564717,0.35200153,15.9,14.08
2026-03-26 05:55:00,0.25568596,0.35184637,15.84,14.14
2026-03-26 06:00:00,0.2555308,0.35180758,15.8,14.2
2026-03-26 06:05:00,0.25560838,0.35184637,15.8,14.26
2026-03-26 06:10:00,0.25568596,0.35157484,15.8,14.3
2026-03-26 06:15:00,0.25556959,0.35138089,15.8,14.38
2026-03-26 06:20:00,0.2555308,0.35141968,15.7,14.4
2026-03-26 06:25:00,0.25537564,0.35141968,15.7,14.5
2026-03-26 06:30:00,0.25529806,0.35122573,15.66,14.5
2026-03-26 06:35:00,0.25541443,0.35114815,15.6,14.58
2026-03-26 06:40:00,0.25533685,0.35118694,15.56,14.6
2026-03-26 06:45:00,0.25533685,0.35107057,15.5,14.62
2026-03-26 06:50:00,0.25522048,0.35099299,15.44,14.7
2026-03-26 06:55:00,0.25525927,0.35091541,15.4,14.7
2026-03-26 07:00:00,0.25529806,0.35076025,15.3,14.7
2026-03-26 07:05:00,0.25525927,0.35068267,15.28,14.78
2026-03-26 07:10:00,0.25518169,0.35072146,15.2,14.8
2026-03-26 07:15:00,0.25518169,0.35064388,15.16,14.8
2026-03-26 07:20:00,0.25529806,0.3505663,15.1,14.8
2026-03-26 07:25:00,0.25506532,0.35044993,15.0,14.8
2026-03-26 07:30:00,0.25522048,0.35033356,14.94,14.84
2026-03-26 07:35:00,0.2551429,0.35033356,14.88,14.9
2026-03-26 07:40:00,0.25506532,0.35021719,14.8,14.9
2026-03-26 07:45:00,0.25518169,0.35021719,14.72,14.9
2026-03-26 07:50:00,0.2551429,0.3501784,14.64,14.9
2026-03-26 07:55:00,0.25518169,0.35006203,14.56,14.9
2026-03-26 08:00:00,0.25506532,0.34994566,14.48,14.9
2026-03-26 08:05:00,0.25510411,0.35002324,14.38,14.9
2026-03-26 08:10:00,0.2551429,0.35006203,14.3,14.88
2026-03-26 08:15:00,0.2551429,0.34994566,14.22,14.8
2026-03-26 08:20:00,0.25502653,0.34990687,14.14,14.8
2026-03-26 08:25:00,0.25502653,0.34986808,14.06,14.8
2026-03-26 08:30:00,0.25506532,0.34975171,13.98,14.8
2026-03-26 08:35:00,0.25494895,0.3497905,13.88,14.8
2026-03-26 08:40:00,0.25502653,0.3497905,13.8,14.7
2026-03-26 08:45:00,0.25502653,0.34986808,13.7,14.7
2026-03-26 08:50:00,0.25502653,0.34967413,13.62,14.7
2026-03-26 08:55:00,0.2551429,0.34967413,13.54,14.64
2026-03-26 09:00:00,0.25510411,0.34944139,13.48,14.6
2026-03-26 09:05:00,0.25522048,0.34944139,13.38,14.6
2026-03-26 09:10:00,0.25518169,0.34936381,13.3,14.5
2026-03-26 09:15:00,0.25533685,0.34955776,13.2,14.5
2026-03-26 09:20:00,0.25529806,0.3494026,13.12,14.44
2026-03-26 09:25:00,0.25537564,0.34967413,13.04,14.4
2026-03-26 09:30:00,0.25537564,0.34920865,12.94,14.32
2026-03-26 09:35:00,0.25537564,0.3494026,12.86,14.3
2026-03-26 09:40:00,0.25537564,0.34932502,12.76,14.22
2026-03-26 09:45:00,0.25541443,0.34936381,12.68,14.2
2026-03-26 09:50:00,0.25545322,0.34932502,12.58,14.12
2026-03-26 09:55:00,0.25537564,0.34951897,12.5,14.1
2026-03-26 10:00:00,0.25533685,0.34963534,12.4,14.0
2026-03-26 10:05:00,0.25541443,0.34936381,12.3,13.96
2026-03-26 10:10:00,0.25549201,0.34951897,12.22,13.9
2026-03-26 10:15:00,0.25545322,0.34913107,12.12,13.82
2026-03-26 10:20:00,0.25545322,0.34928623,12.04,13.8
2026-03-26 10:25:00,0.25545322,0.34924744,11.98,13.7
2026-03-26 10:30:00,0.25541443,0.34916986,11.9,13.66
2026-03-26 10:35:00,0.25541443,0.34936381,11.82,13.6
2026-03-26 10:40:00,0.2555308,0.34924744,11.74,13.5
2026-03-26 10:45:00,0.25529806,0.34932502,11.68,13.46
2026-03-26 10:50:00,0.25549201,0.34924744,11.6,13.4
2026-03-26 10:55:00,0.25545322,0.34913107,11.52,13.32
2026-03-26 11:00:00,0.25541443,0.34948018,11.44,13.26
2026-03-26 11:05:00,0.25545322,0.34920865,11.38,13.2
2026-03-26 11:10:00,0.25556959,0.34948018,11.3,13.12
2026-03-26 11:15:00,0.25541443,0.34924744,11.24,13.08
2026-03-26 11:20:00,0.25545322,0.34916986,11.2,13.0
2026-03-26 11:25:00,0.25541443,0.34920865,11.1,12.96
2026-03-26 11:30:00,0.25545322,0.34909228,11.06,12.9
2026-03-26 11:35:00,0.25549201,0.34916986,11.0,12.82
2026-03-26 11:40:00,0.25533685,0.34913107,10.92,12.78
2026-03-26 11:45:00,0.25549201,0.34959655,10.9,12.7
2026-03-26 11:50:00,0.25541443,0.34932502,10.8,12.64
2026-03-26 11:55:00,0.2555308,0.34928623,10.8,12.6
2026-03-26 12:00:00,0.25549201,0.34909228,10.7,12.52
2026-03-26 12:05:00,0.25545322,0.34948018,10.68,12.5
2026-03-26 12:10:00,0.2555308,0.34913107,10.6,12.4
2026-03-26 12:15:00,0.25560838,0.34944139,10.56,12.38
2026-03-26 12:20:00,0.2555308,0.34905349,10.5,12.3
2026-03-26 12:25:00,0.2555308,0.34944139,10.46,12.26
2026-03-26 12:30:00,0.25545322,0.34932502,10.4,12.2
2026-03-26 12:35:00,0.2555308,0.34916986,10.38,12.14
2026-03-26 12:40:00,0.25556959,0.34913107,10.3,12.1
2026-03-26 12:45:00,0.2555308,0.34920865,10.3,12.04
2026-03-26 12:50:00,0.25564717,0.34913107,10.2,12.0
2026-03-26 12:55:00,0.25564717,0.34932502,10.2,11.96
2026-03-26 13:00:00,0.25560838,0.34916986,10.14,11.9
2026-03-26 13:05:00,0.25564717,0.34928623,10.1,11.86
2026-03-26 13:10:00,0.25560838,0.34920865,10.1,11.8
2026-03-26 13:15:00,0.25564717,0.34920865,10.02,11.78
2026-03-26 13:20:00,0.25564717,0.34936381,10.0,11.7
2026-03-26 13:25:00,0.25560838,0.34948018,10.0,11.7
2026-03-26 13:30:00,0.25560838,0.34932502,9.92,11.6
2026-03-26 13:35:00,0.25564717,0.34924744,9.9,11.6
2026-03-26 13:40:00,0.25556959,0.34916986,9.9,11.52
2026-03-26 13:45:00,0.25568596,0.34948018,9.84,11.5
2026-03-26 13:50:00,0.25568596,0.3494026,9.8,11.46
2026-03-26 13:55:00,0.25572475,0.34944139,9.8,11.4
2026-03-26 14:00:00,0.25560838,0.34920865,9.74,11.4
2026-03-26 14:05:00,0.25556959,0.34916986,9.7,11.3
2026-03-26 14:10:00,0.25568596,0.34932502,9.7,11.3
2026-03-26 14:15:00,0.25556959,0.34924744,9.62,11.26
2026-03-26 14:20:00,0.25568596,0.34932502,9.6,11.2
2026-03-26 14:25:00,0.25568596,0.34920865,9.58,11.2
2026-03-26 14:30:00,0.25587991,0.34944139,9.5,11.12
2026-03-26 14:35:00,0.25580233,0.34951897,9.5,11.1
2026-03-26 14:40:00,0.2559187,0.34951897,9.42,11.08
2026-03-26 14:45:00,0.25572475,0.34948018,9.4,11.0
2026-03-26 14:50:00,0.25564717,0.34948018,9.38,11.0
2026-03-26 14:55:00,0.25572475,0.34932502,9.3,10.94
2026-03-26 15:00:00,0.25568596,0.34932502,9.3,10.9
2026-03-26 15:05:00,0.25564717,0.34932502,9.26,10.9
2026-03-26 15:10:00,0.25556959,0.34959655,9.2,10.82
2026-03-26 15:15:00,0.25560838,0.34932502,9.2,10.8
2026-03-26 15:20:00,0.25560838,0.34951897,9.12,10.8
2026-03-26 15:25:00,0.25564717,0.34944139,9.1,10.7
2026-03-26 15:30:00,0.25580233,0.3494026,9.1,10.7
2026-03-26 15:35:00,0.25576354,0.34936381,9.0,10.68
2026-03-26 15:40:00,0.25568596,0.34944139,9.0,10.6
2026-03-26 15:45:00,0.25576354,0.34963534,8.94,10.6
2026-03-26 15:50:00,0.25580233,0.34936381,8.9,10.54
2026-03-26 15:55:00,0.25584112,0.34959655,8.9,10.5
2026-03-26 16:00:00,0.2559187,0.34971292,8.82,10.5
2026-03-26 16:05:00,0.25587991,0.34986808,8.8,10.4
2026-03-26 16:10:00,0.25587991,0.34971292,8.8,10.4
2026-03-26 16:15:00,0.25595749,0.34975171,8.72,10.4
2026-03-26 16:20:00,0.25599628,0.34955776,8.7,10.3
2026-03-26 16:25:00,0.2559187,0.34990687,8.68,10.3
2026-03-26 16:30:00,0.25584112,0.34986808,8.6,10.26
2026-03-26 16:35:00,0.25584112,0.3497905,8.6,10.2
2026-03-26 16:40:00,0.25580233,0.34986808,8.58,10.2
2026-03-26 16:45:00,0.2559187,0.34975171,8.5,10.16
2026-03-26 16:50:00,0.2559187,0.35013961,8.5,10.1
2026-03-26 16:55:00,0.25595749,0.34951897,8.46,10.1
2026-03-26 17:00:00,0.25599628,0.34982929,8.4,10.06
2026-03-26 17:05:00,0.25595749,0.34998445,8.4,10.0
2026-03-26 17:10:00,0.2559187,0.34963534,8.36,10.0
2026-03-26 17:15:00,0.25603507,0.34986808,8.3,9.94
2026-03-26 17:20:00,0.25603507,0.35006203,8.3,9.9
2026-03-26 17:25:00,0.25619023,0.34955776,8.26,9.9
2026-03-26 17:30:00,0.25611265,0.34975171,8.2,9.82
2026-03-26 17:35:00,0.25603507,0.34998445,8.2,9.8
2026-03-26 17:40:00,0.25607386,0.34998445,8.16,9.8
2026-03-26 17:45:00,0.25603507,0.35025598,8.1,9.7
2026-03-26 17:50:00,0.25595749,0.35021719,8.1,9.7
2026-03-26 17:55:00,0.2559187,0.35010082,8.1,9.7
2026-03-26 18:00:00,0.25599628,0.35006203,8.06,9.6
2026-03-26 18:05:00,0.25603507,0.35010082,8.0,9.6
2026-03-26 18:10:00,0.25607386,0.34990687,8.0,9.6
2026-03-26 18:15:00,0.25615144,0.35002324,8.0,9.52
2026-03-26 18:20:00,0.25611265,0.34986808,8.0,9.5
2026-03-26 18:25:00,0.25607386,0.35010082,8.0,9.5
2026-03-26 18:30:00,0.25599628,0.35002324,7.92,9.44
2026-03-26 18:35:00,0.25607386,0.35060509,7.9,9.4
2026-03-26 18:40:00,0.25599628,0.35006203,7.9,9.4
2026-03-26 18:45:00,0.25603507,0.34998445,7.9,9.4
2026-03-26 18:50:00,0.25599628,0.35006203,7.9,9.3
2026-03-26 18:55:00,0.25615144,0.35010082,7.9,9.3
2026-03-26 19:00:00,0.25603507,0.35021719,7.86,9.3
2026-03-26 19:05:00,0.25607386,0.35041114,7.8,9.28
2026-03-26 19:10:00,0.25603507,0.35052751,7.8,9.2
2026-03-26 19:15:00,0.25611265,0.35064388,7.8,9.2
2026-03-26 19:20:00,0.25619023,0.35044993,7.7,9.2
2026-03-26 19:25:00,0.25603507,0.35041114,7.7,9.16
2026-03-26 19:30:00,0.25619023,0.35044993,7.7,9.1
2026-03-26 19:35:00,0.25611265,0.35033356,7.62,9.1
2026-03-26 19:40:00,0.25615144,0.35037235,7.6,9.1
2026-03-26 19:45:00,0.25595749,0.35021719,7.6,9.06
2026-03-26 19:50:00,0.25611265,0.35041114,7.52,9.0
2026-03-26 19:55:00,0.25607386,0.3505663,7.5,9.0
2026-03-26 20:00:00,0.25603507,0.35033356,7.5,9.0
2026-03-26 20:05:00,0.25580233,0.35037235,7.44,8.92
2026-03-26 20:10:00,0.25595749,0.3501784,7.4,8.9
2026-03-26 20:15:00,0.25607386,0.35044993,7.4,8.9
2026-03-26 20:20:00,0.25611265,0.35041114,7.36,8.9
2026-03-26 20:25:00,0.25599628,0.35068267,7.3,8.8
2026-03-26 20:30:00,0.25603507,0.35076025,7.3,8.8
2026-03-26 20:35:00,0.25603507,0.35029477,7.3,8.8
2026-03-26 20:40:00,0.25595749,0.35044993,7.24,8.76
2026-03-26 20:45:00,0.25607386,0.35037235,7.2,8.7
2026-03-26 20:50:00,0.25611265,0.35041114,7.2,8.7
2026-03-26 20:55:00,0.25603507,0.35083783,7.2,8.7
2026-03-26 21:00:00,0.25611265,0.35076025,7.18,8.64
2026-03-26 21:05:00,0.25619023,0.35060509,7.1,8.6
2026-03-26 21:10:00,0.25615144,0.35083783,7.1,8.6
2026-03-26 21:15:00,0.25619023,0.35068267,7.1,8.6
2026-03-26 21:20:00,0.25619023,0.35060509,7.08,8.5
2026-03-26 21:25:00,0.25626781,0.3505663,7.0,8.5
2026-03-26 21:30:00,0.25634539,0.35110936,7.0,8.5
2026-03-26 21:35:00,0.25619023,0.35064388,7.0,8.48
2026-03-26 21:40:00,0.2563066,0.35076025,7.0,8.4
2026-03-26 21:45:00,0.25615144,0.35068267,7.0,8.4
2026-03-26 21:50:00,0.25622902,0.35087662,6.9,8.4
2026-03-26 21:55:00,0.25622902,0.35079904,6.9,8.36
2026-03-26 22:00:00,0.25619023,0.35068267,6.9,8.3
2026-03-26 22:05:00,0.25619023,0.35083783,6.9,8.3
2026-03-26 22:10:00,0.25615144,0.3509542,6.9,8.3
2026-03-26 22:15:00,0.2563066,0.35060509,6.9,8.3
2026-03-26 22:20:00,0.25619023,0.35107057,6.9,8.2
2026-03-26 22:25:00,0.25611265,0.35068267,6.98,8.2
2026-03-26 22:30:00,0.25607386,0.35118694,7.0,8.2
2026-03-26 22:35:00,0.2559187,0.35076025,7.02,8.2
2026-03-26 22:40:00,0.25603507,0.35076025,7.1,8.2
2026-03-26 22:45:00,0.25603507,0.35087662,7.18,8.12
2026-03-26 22:50:00,0.25587991,0.35087662,7.26,8.1
2026-03-26 22:55:00,0.25584112,0.35091541,7.36,8.1
2026-03-26 23:00:00,0.25568596,0.35103178,7.44,8.1
2026-03-26 23:05:00,0.25568596,0.35087662,7.54,8.1
2026-03-26 23:10:00,0.25576354,0.35064388,7.62,8.1
2026-03-26 23:15:00,0.25560838,0.35099299,7.7,8.1
2026-03-26 23:20:00,0.25556959,0.35118694,7.8,8.1
2026-03-26 23:25:00,0.2555308,0.3509542,7.9,8.1
2026-03-26 23:30:00,0.25549201,0.35099299,8.02,8.1
2026-03-26 23:35:00,0.25541443,0.35138089,8.14,8.1
2026-03-26 23:40:00,0.25525927,0.35110936,8.26,8.1
2026-03-26 23:45:00,0.25525927,0.35130331,8.44,8.16
2026-03-26 23:50:00,0.25522048,0.35122573,8.56,8.2
2026-03-26 23:55:00,0.2551429,0.35079904,8.74,8.2
2026-03-27 00:00:00,0.25502653,0.35118694,8.9,8.2
2026-03-27 00:05:00,0.25491016,0.35103178,9.06,8.22
2026-03-27 00:10:00,0.25483258,0.3509542,9.24,8.3
2026-03-27 00:15:00,0.25463863,0.35107057,9.4,8.3
2026-03-27 00:20:00,0.25463863,0.35091541,9.56,8.34
2026-03-27 00:25:00,0.25452226,0.35087662,9.74,8.4
2026-03-27 00:30:00,0.25452226,0.35083783,9.9,8.4
2026-03-27 00:35:00,0.25428952,0.35110936,10.1,8.5
2026-03-27 00:40:00,0.25432831,0.3509542,10.26,8.5
2026-03-27 00:45:00,0.25413436,0.35083783,10.46,8.6
2026-03-27 00:50:00,0.25405678,0.35064388,10.66,8.62
2026-03-27 00:55:00,0.25405678,0.35064388,10.84,8.7
2026-03-27 01:00:00,0.25390162,0.35064388,11.04,8.76
2026-03-27 01:05:00,0.25378525,0.35044993,11.22,8.8
2026-03-27 01:10:00,0.25386283,0.35087662,11.42,8.9
2026-03-27 01:15:00,0.25363009,0.35064388,11.6,8.96
2026-03-27 01:20:00,0.25355251,0.35048872,11.8,9.02
2026-03-27 01:25:00,0.25355251,0.3505663,11.96,9.1
2026-03-27 01:30:00,0.25347493,0.3505663,12.12,9.2
2026-03-27 01:35:00,0.25343614,0.3501784,12.3,9.28
2026-03-27 01:40:00,0.25316461,0.35033356,12.48,9.36
2026-03-27 01:45:00,0.25297066,0.35041114,12.68,9.44
2026-03-27 01:50:00,0.25258276,0.35025598,12.86,9.54
2026-03-27 01:55:00,0.25273792,0.34994566,13.06,9.62
2026-03-27 02:00:00,0.25250518,0.34971292,13.24,9.72
2026-03-27 02:05:00,0.25246639,0.34975171,13.44,9.82
2026-03-27 02:10:00,0.25246639,0.34967413,13.6,9.92
2026-03-27 02:15:00,0.25231123,0.34951897,13.74,10.02
2026-03-27 02:20:00,0.25219486,0.3494026,13.86,10.12
2026-03-27 02:25:00,0.25219486,0.34944139,13.96,10.22
2026-03-27 02:30:00,0.25215607,0.3494026,14.0,10.34
2026-03-27 02:35:00,0.25219486,0.34909228,14.1,10.44
2026-03-27 02:40:00,0.25196212,0.34924744,14.1,10.54
2026-03-27 02:45:00,0.25196212,0.34897591,14.1,10.66
2026-03-27 02:50:00,0.25211728,0.34897591,14.1,10.76
2026-03-27 02:55:00,0.25180696,0.34885954,14.1,10.86
2026-03-27 03:00:00,0.25200091,0.34858801,14.1,10.96
2026-03-27 03:05:00,0.25192333,0.34851043,14.18,11.08
2026-03-27 03:10:00,0.25188454,0.34831648,14.2,11.18
2026-03-27 03:15:00,0.25176817,0.34835527,14.28,11.28
2026-03-27 03:20:00,0.25149664,0.34820011,14.34,11.38
2026-03-27 03:25:00,0.25157422,0.34800616,14.4,11.5
2026-03-27 03:30:00,0.25145785,0.34812253,14.46,11.6
2026-03-27 03:35:00,0.25157422,0.34796737,14.5,11.7
2026-03-27 03:40:00,0.25149664,0.34781221,14.6,11.8
2026-03-27 03:45:00,0.25134148,0.34769584,14.68,11.92
2026-03-27 03:50:00,0.25130269,0.34761826,14.8,12.02
2026-03-27 03:55:00,0.25122511,0.34750189,14.9,12.12
2026-03-27 04:00:00,0.25106995,0.3474631,15.02,12.22
2026-03-27 04:05:00,0.25114753,0.34757947,15.12,12.32
2026-03-27 04:10:00,0.25106995,0.34715278,15.22,12.42
2026-03-27 04:15:00,0.25095358,0.34711399,15.3,12.52
2026-03-27 04:20:00,0.25095358,0.34695883,15.4,12.62
2026-03-27 04:25:00,0.25079842,0.34726915,15.48,12.72
2026-03-27 04:30:00,0.25095358,0.34680367,15.56,12.8
2026-03-27 04:35:00,0.25072084,0.34672609,15.6,12.9
2026-03-27 04:40:00,0.25064326,0.34645456,15.7,13.0
2026-03-27 04:45:00,0.25064326,0.34633819,15.7,13.1
2026-03-27 04:50:00,0.25052689,0.34633819,15.7,13.18
2026-03-27 04:55:00,0.25056568,0.3462994,15.7,13.26
2026-03-27 05:00:00,0.2504881,0.34618303,15.7,13.36
2026-03-27 05:05:00,0.25044931,0.34598908,15.72,13.44
2026-03-27 05:10:00,0.25041052,0.34583392,15.8,13.5
2026-03-27 05:15:00,0.2504881,0.34595029,15.8,13.6
2026-03-27 05:20:00,0.25029415,0.34579513,15.8,13.66
2026-03-27 05:25:00,0.25025536,0.34595029,15.8,13.72
2026-03-27 05:30:00,0.2501002,0.34560118,15.8,13.8
2026-03-27 05:35:00,0.25013899,0.3455236,15.8,13.86
2026-03-27 05:40:00,0.2501002,0.34529086,15.8,13.9
2026-03-27 05:45:00,0.25021657,0.34517449,15.8,14.0
2026-03-27 05:50:00,0.24982867,0.34540723,15.8,14.02
2026-03-27 05:55:00,0.2497123,0.34505812,15.8,14.1
2026-03-27 06:00:00,0.24986746,0.34501933,15.72,14.14
2026-03-27 06:05:00,0.24982867,0.34536844,15.7,14.2
2026-03-27 06:10:00,0.24975109,0.34505812,15.7,14.22
2026-03-27 06:15:00,0.2497123,0.34505812,15.7,14.3
2026-03-27 06:20:00,0.24959593,0.34467022,15.6,14.3
2026-03-27 06:25:00,0.24955714,0.34463143,15.6,14.4
2026-03-27 06:30:00,0.24963472,0.3447478,15.56,14.4
2026-03-27 06:35:00,0.24947956,0.34463143,15.5,14.42
2026-03-27 06:40:00,0.24951835,0.34443748,15.48,14.5
2026-03-27 06:45:00,0.2497123,0.34451506,15.4,14.5
2026-03-27 06:50:00,0.24951835,0.34424353,15.36,14.5
2026-03-27 06:55:00,0.24936319,0.3443599,15.3,14.58
2026-03-27 07:00:00,0.2493244,0.34412716,15.22,14.6
2026-03-27 07:05:00,0.24928561,0.34404958,15.2,14.6
2026-03-27 07:10:00,0.24924682,0.34404958,15.1,14.6
2026-03-27 07:15:00,0.2493244,0.34404958,15.06,14.6
2026-03-27 07:20:00,0.24936319,0.34389442,15.0,14.64
2026-03-27 07:25:00,0.2493244,0.34377805,14.9,14.7
2026-03-27 07:30:00,0.2493244,0.34381684,14.86,14.7
2026-03-27 07:35:00,0.24920803,0.34366168,14.8,14.7
2026-03-27 07:40:00,0.24924682,0.3435841,14.7,14.7
2026-03-27 07:45:00,0.24909166,0.34373926,14.64,14.7
2026-03-27 07:50:00,0.24913045,0.34381684,14.56,14.7
2026-03-27 07:55:00,0.24909166,0.34354531,14.5,14.7
2026-03-27 08:00:00,0.24901408,0.34354531,14.4,14.7
2026-03-27 08:05:00,0.24913045,0.34350652,14.34,14.7
2026-03-27 08:10:00,0.24916924,0.34350652,14.28,14.64
2026-03-27 08:15:00,0.24916924,0.34323499,14.2,14.6
2026-03-27 08:20:00,0.24916924,0.34339015,14.12,14.6
2026-03-27 08:25:00,0.24913045,0.34331257,14.06,14.6
2026-03-27 08:30:00,0.24905287,0.34331257,14.0,14.6
2026-03-27 08:35:00,0.24905287,0.34327378,13.9,14.6
2026-03-27 08:40:00,0.24916924,0.34307983,13.84,14.56
2026-03-27 08:45:00,0.24901408,0.3431962,13.78,14.5
2026-03-27 08:50:00,0.24905287,0.34296346,13.7,14.5
2026-03-27 08:55:00,0.2489365,0.34307983,13.62,14.5
2026-03-27 09:00:00,0.24913045,0.34323499,13.54,14.42
2026-03-27 09:05:00,0.24913045,0.34300225,13.5,14.4
2026-03-27 09:10:00,0.24909166,0.34288588,13.4,14.38
2026-03-27 09:15:00,0.24916924,0.34300225,13.32,14.3
2026-03-27 09:20:00,0.24924682,0.34300225,13.26,14.3
2026-03-27 09:25:00,0.24940198,0.3428083,13.2,14.26
2026-03-27 09:30:00,0.24920803,0.34276951,13.1,14.2
2026-03-27 09:35:00,0.24928561,0.34284709,13.02,14.2
2026-03-27 09:40:00,0.24936319,0.34276951,12.96,14.1
2026-03-27 09:45:00,0.24920803,0.34304104,12.88,14.1
2026-03-27 09:50:00,0.2493244,0.34269193,12.8,14.02
2026-03-27 09:55:00,0.24944077,0.3428083,12.7,14.0
2026-03-27 10:00:00,0.24928561,0.34273072,12.62,13.94
2026-03-27 10:05:00,0.24940198,0.34296346,12.54,13.9
2026-03-27 10:10:00,0.24936319,0.34265314,12.46,13.84
2026-03-27 10:15:00,0.24940198,0.34300225,12.38,13.8
2026-03-27 10:20:00,0.24936319,0.3428083,12.3,13.74
2026-03-27 10:25:00,0.2493244,0.34269193,12.22,13.7
2026-03-27 10:30:00,0.24947956,0.34284709,12.16,13.62
2026-03-27 10:35:00,0.24947956,0.34292467,12.1,13.6
2026-03-27 10:40:00,0.24936319,0.34273072,12.02,13.5
2026-03-27 10:45:00,0.2493244,0.34296346,12.0,13.5
2026-03-27 10:50:00,0.24936319,0.34300225,11.92,13.4
2026-03-27 10:55:00,0.24924682,0.34276951,11.88,13.36
2026-03-27 11:00:00,0.24936319,0.34300225,11.8,13.3
2026-03-27 11:05:00,0.24940198,0.34257556,11.76,13.24
2026-03-27 11:10:00,0.2493244,0.34284709,11.7,13.2
2026-03-27 11:15:00,0.24944077,0.34284709,11.64,13.14
2026-03-27 11:20:00,0.24951835,0.34273072,11.6,13.1
2026-03-27 11:25:00,0.24951835,0.34269193,11.52,13.02
2026-03-27 11:30:00,0.2493244,0.34276951,11.5,13.0
2026-03-27 11:35:00,0.24936319,0.34307983,11.44,12.92
2026-03-27 11:40:00,0.24944077,0.34311862,11.4,12.9
2026-03-27 11:45:00,0.24928561,0.34273072,11.34,12.82
2026-03-27 11:50:00,0.24920803,0.34269193,11.3,12.8
2026-03-27 11:55:00,0.24936319,0.34276951,11.24,12.72
2026-03-27 12:00:00,0.2493244,0.34292467,11.2,12.7
2026-03-27 12:05:00,0.24944077,0.34284709,11.14,12.64
2026-03-27 12:10:00,0.24936319,0.3428083,11.1,12.6
2026-03-27 12:15:00,0.24947956,0.34304104,11.06,12.56
2026-03-27 12:20:00,0.24944077,0.34307983,11.0,12.5
2026-03-27 12:25:00,0.24936319,0.3428083,11.0,12.48
2026-03-27 12:30:00,0.24944077,0.34269193,10.92,12.4
2026-03-27 12:35:00,0.24936319,0.34300225,10.9,12.4
2026-03-27 12:40:00,0.24940198,0.34269193,10.9,12.3
2026-03-27 12:45:00,0.24959593,0.34296346,10.8,12.3
2026-03-27 12:50:00,0.24955714,0.34273072,10.8,12.2
2026-03-27 12:55:00,0.24944077,0.34284709,10.76,12.2
2026-03-27 13:00:00,0.24951835,0.34273072,10.7,12.16
2026-03-27 13:05:00,0.24947956,0.34276951,10.7,12.1
2026-03-27 13:10:00,0.24944077,0.34269193,10.62,12.1
2026-03-27 13:15:00,0.24947956,0.3428083,10.6,12.0
2026-03-27 13:20:00,0.24947956,0.34276951,10.54,12.0
2026-03-27 13:25:00,0.24951835,0.34296346,10.5,11.96
2026-03-27 13:30:00,0.24951835,0.34284709,10.5,11.9
2026-03-27 13:35:00,0.24959593,0.3428083,10.4,11.9
2026-03-27 13:40:00,0.24947956,0.34288588,10.4,11.8
2026-03-27 13:45:00,0.24959593,0.34276951,10.38,11.8
2026-03-27 13:50:00,0.24967351,0.34284709,10.3,11.78
2026-03-27 13:55:00,0.24967351,0.3428083,10.3,11.7
2026-03-27 14:00:00,0.24967351,0.34296346,10.24,11.7
2026-03-27 14:05:00,0.24967351,0.34284709,10.2,11.62
2026-03-27 14:10:00,0.2497123,0.34307983,10.2,11.6
2026-03-27 14:15:00,0.24975109,0.34300225,10.14,11.6
2026-03-27 14:20:00,0.24986746,0.3428083,10.1,11.5
2026-03-27 14:25:00,0.2497123,0.34284709,10.1,11.5
2026-03-27 14:30:00,0.24975109,0.34288588,10.06,11.48
2026-03-27 14:35:00,0.2497123,0.34284709,10.0,11.4
2026-03-27 14:40:00,0.24978988,0.34296346,10.0,11.4
2026-03-27 14:45:00,0.24975109,0.34288588,9.96,11.34
2026-03-27 14:50:00,0.24990625,0.34284709,9.9,11.3
2026-03-27 14:55:00,0.24975109,0.34292467,9.9,11.3
2026-03-27 15:00:00,0.24990625,0.34304104,9.86,11.22
2026-03-27 15:05:00,0.24975109,0.34292467,9.8,11.2
2026-03-27 15:10:00,0.24982867,0.34296346,9.8,11.2
2026-03-27 15:15:00,0.24982867,0.34311862,9.8,11.1
2026-03-27 15:20:00,0.24990625,0.34300225,9.78,11.1
2026-03-27 15:25:00,0.24994504,0.34323499,9.7,11.1
2026-03-27 15:30:00,0.24986746,0.34315741,9.7,11.0
2026-03-27 15:35:00,0.2497123,0.34315741,9.76,11.0
2026-03-27 15:40:00,0.24975109,0.34304104,9.8,11.0
2026-03-27 15:45:00,0.24986746,0.34307983,9.8,10.94
2026-03-27 15:50:00,0.24990625,0.34339015,9.8,10.9
2026-03-27 15:55:00,0.24978988,0.34331257,9.8,10.9
2026-03-27 16:00:00,0.24978988,0.34335136,9.8,10.9
2026-03-27 16:05:00,0.24975109,0.34335136,9.8,10.82
2026-03-27 16:10:00,0.24986746,0.34327378,9.8,10.8
2026-03-27 16:15:00,0.24967351,0.34327378,9.9,10.8
2026-03-27 16:20:00,0.24990625,0.34331257,9.9,10.8
2026-03-27 16:25:00,0.24978988,0.3431962,9.9,10.8
2026-03-27 16:30:00,0.24982867,0.34331257,9.9,10.76
2026-03-27 16:35:00,0.24967351,0.34342894,9.9,10.7
2026-03-27 16:40:00,0.24986746,0.34331257,9.98,10.7
2026-03-27 16:45:00,0.24990625,0.34362289,10.0,10.7
2026-03-27 16:50:00,0.24994504,0.34339015,10.0,10.7
2026-03-27 16:55:00,0.24982867,0.3431962,10.0,10.7
2026-03-27 17:00:00,0.24959593,0.34331257,10.0,10.7
2026-03-27 17:05:00,0.24967351,0.34335136,10.0,10.7
2026-03-27 17:10:00,0.24978988,0.34335136,10.0,10.7
2026-03-27 17:15:00,0.24982867,0.34339015,10.0,10.7
2026-03-27 17:20:00,0.24982867,0.34342894,10.02,10.7
2026-03-27 17:25:00,0.2497123,0.34335136,10.1,10.6
2026-03-27 17:30:00,0.24967351,0.34354531,10.1,10.6
2026-03-27 17:35:00,0.24955714,0.34339015,10.1,10.6
2026-03-27 17:40:00,0.24967351,0.34331257,10.1,10.6
2026-03-27 17:45:00,0.24963472,0.34381684,10.1,10.6
2026-03-27 17:50:00,0.24947956,0.34339015,10.1,10.6
2026-03-27 17:55:00,0.24951835,0.34346773,10.1,10.6
2026-03-27 18:00:00,0.24955714,0.34323499,10.1,10.6
2026-03-27 18:05:00,0.24967351,0.34362289,10.1,10.6
2026-03-27 18:10:00,0.24959593,0.34373926,10.1,10.6
2026-03-27 18:15:00,0.24967351,0.34366168,10.1,10.6
2026-03-27 18:20:00,0.24963472,0.34342894,10.1,10.6
2026-03-27 18:25:00,0.24955714,0.34327378,10.1,10.6
2026-03-27 18:30:00,0.24955714,0.34342894,10.1,10.6
2026-03-27 18:35:00,0.24959593,0.34370047,10.1,10.6
2026-03-27 18:40:00,0.24955714,0.34362289,10.1,10.6
2026-03-27 18:45:00,0.24955714,0.34339015,10.1,10.6
2026-03-27 18:50:00,0.24963472,0.34350652,10.1,10.52
2026-03-27 18:55:00,0.24967351,0.34331257,10.1,10.5
2026-03-27 19:00:00,0.24967351,0.34354531,10.1,10.5
2026-03-27 19:05:00,0.24951835,0.34342894,10.1,10.5
2026-03-27 19:10:00,0.2497123,0.3435841,10.1,10.5
2026-03-27 19:15:00,0.24963472,0.34366168,10.1,10.5
2026-03-27 19:20:00,0.24959593,0.34350652,10.1,10.5
2026-03-27 19:25:00,0.24959593,0.34350652,10.1,10.5
2026-03-27 19:30:00,0.24951835,0.34335136,10.1,10.5
2026-03-27 19:35:00,0.24967351,0.34366168,10.04,10.5
2026-03-27 19:40:00,0.24963472,0.34377805,10.0,10.5
2026-03-27 19:45:00,0.24963472,0.34362289,10.0,10.5
2026-03-27 19:50:00,0.24959593,0.34342894,10.0,10.5
2026-03-27 19:55:00,0.24951835,0.34342894,10.0,10.5
2026-03-27 20:00:00,0.24955714,0.34350652,10.0,10.5
2026-03-27 20:05:00,0.24955714,0.34346773,9.98,10.5
2026-03-27 20:10:00,0.24967351,0.34342894,9.9,10.4
2026-03-27 20:15:00,0.24967351,0.34354531,9.9,10.4
2026-03-27 20:20:00,0.2497123,0.34366168,9.9,10.4
2026-03-27 20:25:00,0.2497123,0.34350652,9.8,10.4
2026-03-27 20:30:00,0.2497123,0.34377805,9.8,10.4
2026-03-27 20:35:00,0.24959593,0.3435841,9.76,10.4
2026-03-27 20:40:00,0.24959593,0.34366168,9.7,10.4
2026-03-27 20:45:00,0.24978988,0.34350652,9.7,10.4
2026-03-27 20:50:00,0.24975109,0.34362289,9.62,10.4
2026-03-27 20:55:00,0.24982867,0.34385563,9.6,10.3
2026-03-27 21:00:00,0.24975109,0.34381684,9.56,10.3
2026-03-27 21:05:00,0.24975109,0.34354531,9.5,10.3
2026-03-27 21:10:00,0.24975109,0.34401079,9.5,10.3
2026-03-27 21:15:00,0.24986746,0.34354531,9.4,10.3
2026-03-27 21:20:00,0.24982867,0.34373926,9.4,10.24
2026-03-27 21:25:00,0.24982867,0.34354531,9.4,10.2
2026-03-27 21:30:00,0.24986746,0.34385563,9.32,10.2
2026-03-27 21:35:00,0.24990625,0.34354531,9.3,10.2
2026-03-27 21:40:00,0.24994504,0.34377805,9.3,10.2
2026-03-27 21:45:00,0.24982867,0.34420474,9.24,10.14
2026-03-27 21:50:00,0.24986746,0.343972,9.2,10.1
2026-03-27 21:55:00,0.24998383,0.34373926,9.18,10.1
2026-03-27 22:00:00,0.24994504,0.34393321,9.1,10.1
2026-03-27 22:05:00,0.24998383,0.34393321,9.1,10.1
2026-03-27 22:10:00,0.24990625,0.343972,9.06,10.0
2026-03-27 22:15:00,0.25002262,0.34366168,9.0,10.0
2026-03-27 22:20:00,0.25006141,0.34385563,9.0,10.0
2026-03-27 22:25:00,0.25006141,0.343972,9.0,10.0
2026-03-27 22:30:00,0.25006141,0.34381684,9.0,9.92
2026-03-27 22:35:00,0.24998383,0.34420474,9.0,9.9
2026-03-27 22:40:00,0.24998383,0.34377805,9.0,9.9
2026-03-27 22:45:00,0.25013899,0.34393321,9.0,9.9
2026-03-27 22:50:00,0.25002262,0.34416595,9.06,9.8
2026-03-27 22:55:00,0.25002262,0.34408837,9.1,9.8
2026-03-27 23:00:00,0.2501002,0.34385563,9.16,9.8
2026-03-27 23:05:00,0.24994504,0.34393321,9.2,9.8
2026-03-27 23:10:00,0.24998383,0.34451506,9.28,9.8
2026-03-27 23:15:00,0.25002262,0.34393321,9.3,9.74
2026-03-27 23:20:00,0.24994504,0.34416595,9.4,9.7
2026-03-27 23:25:00,0.24994504,0.343972,9.44,9.7
2026-03-27 23:30:00,0.24990625,0.34424353,9.5,9.7
2026-03-27 23:35:00,0.24986746,0.34412716,9.6,9.7
2026-03-27 23:40:00,0.24982867,0.34443748,9.72,9.7
2026-03-27 23:45:00,0.2497123,0.34424353,9.84,9.7
2026-03-27 23:50:00,0.2497123,0.34424353,10.0,9.7
2026-03-27 23:55:00,0.24951835,0.34428232,10.18,9.7
2026-03-28 00:00:00,0.24951835,0.34420474,10.38,9.72
2026-03-28 00:05:00,0.24951835,0.34416595,10.58,9.8
2026-03-28 00:10:00,0.24936319,0.34404958,10.78,9.8
2026-03-28 00:15:00,0.24924682,0.34432111,10.98,9.8
2026-03-28 00:20:00,0.24909166,0.34447627,11.18,9.8
2026-03-28 00:25:00,0.24916924,0.34404958,11.38,9.88
2026-03-28 00:30:00,0.24909166,0.34420474,11.6,9.9
2026-03-28 00:35:00,0.24885892,0.34385563,11.82,9.92
2026-03-28 00:40:00,0.24874255,0.34404958,12.0,10.0
2026-03-28 00:45:00,0.24858739,0.34401079,12.22,10.0
2026-03-28 00:50:00,0.24858739,0.34404958,12.42,10.1
2026-03-28 00:55:00,0.24847102,0.34370047,12.62,10.12
2026-03-28 01:00:00,0.24831586,0.343972,12.82,10.2
2026-03-28 01:05:00,0.24792796,0.34381684,13.02,10.24
2026-03-28 01:10:00,0.2477728,0.34401079,13.22,10.3
2026-03-28 01:15:00,0.24773401,0.34354531,13.42,10.4
2026-03-28 01:20:00,0.24757885,0.34366168,13.62,10.44
2026-03-28 01:25:00,0.24765643,0.34366168,13.8,10.52
2026-03-28 01:30:00,0.24754006,0.34354531,14.0,10.6
2026-03-28 01:35:00,0.2473849,0.34346773,14.18,10.7
2026-03-28 01:40:00,0.24719095,0.34327378,14.36,10.76
2026-03-28 01:45:00,0.24722974,0.34339015,14.56,10.84
2026-03-28 01:50:00,0.24707458,0.34335136,14.74,10.92
2026-03-28 01:55:00,0.24707458,0.34307983,14.9,11.02
2026-03-28 02:00:00,0.24691942,0.34307983,15.08,11.1
2026-03-28 02:05:00,0.24680305,0.34296346,15.24,11.2
2026-03-28 02:10:00,0.24684184,0.34296346,15.4,11.3
2026-03-28 02:15:00,0.24684184,0.34284709,15.54,11.4
2026-03-28 02:20:00,0.24668668,0.34288588,15.66,11.5
2026-03-28 02:25:00,0.24657031,0.34273072,15.72,11.6
2026-03-28 02:30:00,0.24664789,0.34245919,15.8,11.7
2026-03-28 02:35:00,0.24676426,0.3424204,15.8,11.8
2026-03-28 02:40:00,0.24664789,0.34238161,15.74,11.9
2026-03-28 02:45:00,0.24653152,0.3424204,15.7,12.0
2026-03-28 02:50:00,0.24645394,0.34226524,15.62,12.1
2026-03-28 02:55:00,0.2466091,0.34214887,15.56,12.2
2026-03-28 03:00:00,0.24657031,0.34214887,15.5,12.32
2026-03-28 03:05:00,0.24641515,0.34172218,15.5,12.42
2026-03-28 03:10:00,0.24649273,0.34179976,15.5,12.54
2026-03-28 03:15:00,0.24633757,0.34160581,15.5,12.64
2026-03-28 03:20:00,0.24633757,0.34176097,15.5,12.74
2026-03-28 03:25:00,0.24625999,0.34152823,15.56,12.86
2026-03-28 03:30:00,0.2462212,0.34137307,15.6,12.98
2026-03-28 03:35:00,0.24606604,0.34114033,15.62,13.08
2026-03-28 03:40:00,0.24618241,0.34098517,15.72,13.18
2026-03-28 03:45:00,0.24625999,0.34110154,15.82,13.32
2026-03-28 03:50:00,0.24591088,0.34090759,15.96,13.42
2026-03-28 03:55:00,0.24614362,0.34063606,16.08,13.52
2026-03-28 04:00:00,0.24625999,0.34067485,16.22,13.64
2026-03-28 04:05:00,0.24633757,0.34044211,16.32,13.74
2026-03-28 04:10:00,0.2462212,0.34032574,16.42,13.84
2026-03-28 04:15:00,0.24614362,0.34028695,16.52,13.94
2026-03-28 04:20:00,0.24602725,0.34005421,16.6,14.02
2026-03-28 04:25:00,0.24591088,0.34024816,16.68,14.12
2026-03-28 04:30:00,0.24594967,0.34020937,16.74,14.2
2026-03-28 04:35:00,0.24575572,0.33978268,16.8,14.3
2026-03-28 04:40:00,0.24571693,0.33974389,16.84,14.38
2026-03-28 04:45:00,0.24567814,0.33962752,16.9,14.48
2026-03-28 04:50:00,0.24556177,0.33951115,16.9,14.56
2026-03-28 04:55:00,0.24563935,0.33951115,16.96,14.64
2026-03-28 05:00:00,0.24540661,0.33935599,17.0,14.72
2026-03-28 05:05:00,0.24548419,0.33916204,17.0,14.8
2026-03-28 05:10:00,0.24532903,0.33904567,17.0,14.9
2026-03-28 05:15:00,0.24536782,0.33900688,17.0,14.96
2026-03-28 05:20:00,0.24521266,0.33885172,17.0,15.02
2026-03-28 05:25:00,0.24509629,0.33889051,16.98,15.1
2026-03-28 05:30:00,0.2450575,0.33865777,16.9,15.16
2026-03-28 05:35:00,0.2450575,0.33861898,16.9,15.2
2026-03-28 05:40:00,0.2450575,0.33873535,16.84,15.28
2026-03-28 05:45:00,0.24494113,0.33838624,16.8,15.32
2026-03-28 05:50:00,0.24486355,0.33826987,16.72,15.4
2026-03-28 05:55:00,0.24490234,0.33819229,16.7,15.44
2026-03-28 06:00:00,0.24482476,0.33819229,16.6,15.5
2026-03-28 06:05:00,0.24482476,0.33807592,16.58,15.56
2026-03-28 06:10:00,0.24463081,0.33792076,16.5,15.6
2026-03-28 06:15:00,0.24459202,0.33788197,16.42,15.6
2026-03-28 06:20:00,0.24463081,0.33788197,16.38,15.7
2026-03-28 06:25:00,0.24474718,0.33764923,16.3,15.7
2026-03-28 06:30:00,0.24439807,0.33761044,16.22,15.7
2026-03-28 06:35:00,0.24447565,0.33741649,16.14,15.76
2026-03-28 06:40:00,0.24404896,0.33749407,16.06,15.8
2026-03-28 06:45:00,0.24412654,0.33733891,16.0,15.8
2026-03-28 06:50:00,0.24439807,0.33733891,15.9,15.8
2026-03-28 06:55:00,0.24420412,0.33718375,15.82,15.8
2026-03-28 07:00:00,0.24408775,0.33714496,15.72,15.8
2026-03-28 07:05:00,0.24401017,0.33714496,15.64,15.8
2026-03-28 07:10:00,0.24404896,0.33702859,15.56,15.8
2026-03-28 07:15:00,0.24393259,0.33695101,15.46,15.8
2026-03-28 07:20:00,0.24397138,0.3369898,15.36,15.8
2026-03-28 07:25:00,0.24393259,0.33687343,15.28,15.8
2026-03-28 07:30:00,0.24401017,0.33679585,15.2,15.8
2026-03-28 07:35:00,0.24393259,0.33679585,15.1,15.8
2026-03-28 07:40:00,0.24393259,0.33667948,15.02,15.74
2026-03-28 07:45:00,0.2438938,0.33664069,14.94,15.7
2026-03-28 07:50:00,0.2438938,0.33664069,14.86,15.7
2026-03-28 07:55:00,0.2438938,0.33652432,14.78,15.68
2026-03-28 08:00:00,0.24397138,0.33640795,14.7,15.6
2026-03-28 08:05:00,0.2438938,0.33656311,14.62,15.6
2026-03-28 08:10:00,0.24377743,0.33648553,14.54,15.58
2026-03-28 08:15:00,0.24377743,0.33636916,14.48,15.5
2026-03-28 08:20:00,0.24393259,0.33625279,14.4,15.5
2026-03-28 08:25:00,0.24377743,0.33636916,14.3,15.46
2026-03-28 08:30:00,0.24393259,0.33617521,14.24,15.4
2026-03-28 08:35:00,0.24385501,0.336214,14.18,15.4
2026-03-28 08:40:00,0.24385501,0.33617521,14.1,15.32
2026-03-28 08:45:00,0.24373864,0.33613642,14.02,15.3
2026-03-28 08:50:00,0.24381622,0.336214,13.96,15.28
2026-03-28 08:55:00,0.24369985,0.33602005,13.88,15.2
2026-03-28 09:00:00,0.24362227,0.33594247,13.8,15.2
2026-03-28 09:05:00,0.2438938,0.33617521,13.72,15.12
2026-03-28 09:10:00,0.2438938,0.33586489,13.64,15.1
2026-03-28 09:15:00,0.24393259,0.33605884,13.58,15.02
2026-03-28 09:20:00,0.24393259,0.33578731,13.5,15.0
2026-03-28 09:25:00,0.24397138,0.33590368,13.4,14.92
2026-03-28 09:30:00,0.24420412,0.33578731,13.3,14.9
2026-03-28 09:35:00,0.24408775,0.33574852,13.22,14.82
2026-03-28 09:40:00,0.24416533,0.33578731,13.14,14.8
2026-03-28 09:45:00,0.24424291,0.33574852,13.08,14.7
2026-03-28 09:50:00,0.24416533,0.33574852,13.0,14.66
2026-03-28 09:55:00,0.2442817,0.33567094,12.9,14.6
2026-03-28 10:00:00,0.24432049,0.3358261,12.82,14.54
2026-03-28 10:05:00,0.24435928,0.33563215,12.74,14.48
2026-03-28 10:10:00,0.2442817,0.33578731,12.68,14.4
2026-03-28 10:15:00,0.24424291,0.33598126,12.6,14.34
2026-03-28 10:20:00,0.24435928,0.33570973,12.5,14.3
2026-03-28 10:25:00,0.24439807,0.33570973,12.42,14.2
2026-03-28 10:30:00,0.24451444,0.33586489,12.34,14.18
2026-03-28 10:35:00,0.24451444,0.33567094,12.26,14.1
2026-03-28 10:40:00,0.24439807,0.33567094,12.18,14.04
2026-03-28 10:45:00,0.24432049,0.33555457,12.1,14.0
2026-03-28 10:50:00,0.24443686,0.33570973,12.0,13.9
2026-03-28 10:55:00,0.24455323,0.3358261,11.94,13.86
2026-03-28 11:00:00,0.24451444,0.33559336,11.86,13.8
2026-03-28 11:05:00,0.24447565,0.33555457,11.8,13.72
2026-03-28 11:10:00,0.24435928,0.33563215,11.7,13.68
2026-03-28 11:15:00,0.24451444,0.33605884,11.64,13.6
2026-03-28 11:20:00,0.24459202,0.33563215,11.58,13.52
2026-03-28 11:25:00,0.24470839,0.33547699,11.5,13.48
2026-03-28 11:30:00,0.24455323,0.33559336,11.4,13.4
2026-03-28 11:35:00,0.24455323,0.33570973,11.34,13.34
2026-03-28 11:40:00,0.2446696,0.33563215,11.3,13.3
2026-03-28 11:45:00,0.24463081,0.33551578,11.2,13.2
2026-03-28 11:50:00,0.2446696,0.33547699,11.18,13.16
2026-03-28 11:55:00,0.24470839,0.33559336,11.1,13.1
2026-03-28 12:00:00,0.24463081,0.33574852,11.04,13.02
2026-03-28 12:05:00,0.24482476,0.33563215,11.0,13.0
2026-03-28 12:10:00,0.24463081,0.33567094,10.92,12.9
2026-03-28 12:15:00,0.24482476,0.33551578,10.9,12.86
2026-03-28 12:20:00,0.24486355,0.33594247,10.8,12.8
2026-03-28 12:25:00,0.24486355,0.33586489,10.76,12.74
2026-03-28 12:30:00,0.24490234,0.3358261,10.7,12.7
2026-03-28 12:35:00,0.24494113,0.33563215,10.64,12.62
2026-03-28 12:40:00,0.24501871,0.33559336,10.6,12.6
2026-03-28 12:45:00,0.24490234,0.33551578,10.52,12.5
2026-03-28 12:50:00,0.24494113,0.33578731,10.48,12.48
2026-03-28 12:55:00,0.24490234,0.33567094,10.4,12.4
2026-03-28 13:00:00,0.24494113,0.33574852,10.38,12.36
2026-03-28 13:05:00,0.24501871,0.33551578,10.3,12.3
2026-03-28 13:10:00,0.2450575,0.33555457,10.24,12.24
2026-03-28 13:15:00,0.24494113,0.33555457,10.2,12.2
2026-03-28 13:20:00,0.24509629,0.33567094,10.14,12.12
2026-03-28 13:25:00,0.24509629,0.33567094,10.1,12.1
2026-03-28 13:30:00,0.24521266,0.3358261,10.02,12.02
2026-03-28 13:35:00,0.24509629,0.33567094,10.0,12.0
2026-03-28 13:40:00,0.2450575,0.33563215,9.92,11.92
2026-03-28 13:45:00,0.24513508,0.33586489,9.9,11.9
2026-03-28 13:50:00,0.24525145,0.33574852,9.82,11.82
2026-03-28 13:55:00,0.24525145,0.33586489,9.8,11.8
2026-03-28 14:00:00,0.24509629,0.33570973,9.7,11.72
2026-03-28 14:05:00,0.24517387,0.3358261,9.68,11.7
2026-03-28 14:10:00,0.24517387,0.33563215,9.6,11.62
2026-03-28 14:15:00,0.24509629,0.33567094,9.58,11.6
2026-03-28 14:20:00,0.24509629,0.33555457,9.5,11.52
2026-03-28 14:25:00,0.24517387,0.33574852,9.48,11.5
2026-03-28 14:30:00,0.24532903,0.33563215,9.4,11.42
2026-03-28 14:35:00,0.24525145,0.33570973,9.4,11.4
2026-03-28 14:40:00,0.24517387,0.33563215,9.3,11.32
2026-03-28 14:45:00,0.24529024,0.3358261,9.3,11.3
2026-03-28 14:50:00,0.24529024,0.33567094,9.2,11.22
2026-03-28 14:55:00,0.2454454,0.33586489,9.2,11.2
2026-03-28 15:00:00,0.24536782,0.33574852,9.12,11.12
2026-03-28 15:05:00,0.24532903,0.33570973,9.1,11.1
2026-03-28 15:10:00,0.24536782,0.33578731,9.06,11.04
2026-03-28 15:15:00,0.24532903,0.33598126,9.0,11.0
2026-03-28 15:20:00,0.24536782,0.33594247,9.0,10.96
2026-03-28 15:25:00,0.2454454,0.33590368,8.92,10.9
2026-03-28 15:30:00,0.24540661,0.33586489,8.9,10.88
2026-03-28 15:35:00,0.24540661,0.336214,8.9,10.8
2026-03-28 15:40:00,0.24529024,0.33594247,8.84,10.8
2026-03-28 15:45:00,0.24532903,0.33586489,8.8,10.7
2026-03-28 15:50:00,0.24529024,0.33617521,8.8,10.7
2026-03-28 15:55:00,0.2454454,0.33609763,8.76,10.64
2026-03-28 16:00:00,0.24548419,0.33586489,8.7,10.6
2026-03-28 16:05:00,0.24548419,0.33609763,8.7,10.58
2026-03-28 16:10:00,0.24556177,0.33609763,8.7,10.5
2026-03-28 16:15:00,0.2454454,0.33594247,8.62,10.5
2026-03-28 16:20:00,0.24567814,0.33605884,8.6,10.42
2026-03-28 16:25:00,0.24548419,0.33598126,8.6,10.4
2026-03-28 16:30:00,0.24540661,0.33617521,8.6,10.38
2026-03-28 16:35:00,0.24532903,0.33617521,8.6,10.3
2026-03-28 16:40:00,0.24536782,0.33605884,8.56,10.3
2026-03-28 16:45:00,0.24536782,0.33602005,8.5,10.24
2026-03-28 16:50:00,0.24536782,0.33609763,8.5,10.2
2026-03-28 16:55:00,0.24536782,0.33640795,8.5,10.2
2026-03-28 17:00:00,0.24548419,0.33602005,8.5,10.14
2026-03-28 17:05:00,0.24548419,0.33609763,8.5,10.1
2026-03-28 17:10:00,0.24536782,0.33625279,8.46,10.1
2026-03-28 17:15:00,0.24548419,0.33633037,8.4,10.08
2026-03-28 17:20:00,0.24540661,0.33629158,8.4,10.0
2026-03-28 17:25:00,0.2454454,0.33667948,8.4,10.0
2026-03-28 17:30:00,0.2454454,0.33652432,8.4,10.0
2026-03-28 17:35:00,0.24548419,0.33617521,8.4,9.92
2026-03-28 17:40:00,0.2454454,0.336214,8.4,9.9
2026-03-28 17:45:00,0.24540661,0.33652432,8.36,9.9
2026-03-28 17:50:00,0.24536782,0.33629158,8.3,9.82
2026-03-28 17:55:00,0.24540661,0.33636916,8.3,9.8
2026-03-28 18:00:00,0.24529024,0.33629158,8.3,9.8
2026-03-28 18:05:00,0.24532903,0.33629158,8.3,9.8
2026-03-28 18:10:00,0.24521266,0.33648553,8.3,9.7
2026-03-28 18:15:00,0.24532903,0.33636916,8.3,9.7
2026-03-28 18:20:00,0.24532903,0.33644674,8.24,9.7
2026-03-28 18:25:00,0.24536782,0.336214,8.2,9.7
2026-03-28 18:30:00,0.24525145,0.33648553,8.2,9.6
2026-03-28 18:35:00,0.24540661,0.33656311,8.2,9.6
2026-03-28 18:40:00,0.24536782,0.33644674,8.2,9.6
2026-03-28 18:45:00,0.2454454,0.33644674,8.2,9.6
2026-03-28 18:50:00,0.24540661,0.33644674,8.2,9.54
2026-03-28 18:55:00,0.24540661,0.33652432,8.16,9.5
2026-03-28 19:00:00,0.24548419,0.33667948,8.1,9.5
2026-03-28 19:05:00,0.24552298,0.33656311,8.1,9.5
2026-03-28 19:10:00,0.24552298,0.33640795,8.1,9.46
2026-03-28 19:15:00,0.24556177,0.33656311,8.1,9.4
2026-03-28 19:20:00,0.24552298,0.33675706,8.0,9.4
2026-03-28 19:25:00,0.24563935,0.33652432,8.0,9.4
2026-03-28 19:30:00,0.24552298,0.33667948,8.0,9.4
2026-03-28 19:35:00,0.24552298,0.33652432,8.0,9.32
2026-03-28 19:40:00,0.24556177,0.33691222,8.0,9.3
2026-03-28 19:45:00,0.24556177,0.33679585,7.98,9.3
2026-03-28 19:50:00,0.24560056,0.33629158,7.9,9.3
2026-03-28 19:55:00,0.24563935,0.33667948,7.9,9.26
2026-03-28 20:00:00,0.24560056,0.33640795,7.9,9.2
2026-03-28 20:05:00,0.24552298,0.33640795,7.9,9.2
2026-03-28 20:10:00,0.24548419,0.33667948,7.9,9.2
2026-03-28 20:15:00,0.24560056,0.33667948,7.88,9.18
2026-03-28 20:20:00,0.24563935,0.33679585,7.8,9.1
2026-03-28 20:25:00,0.24571693,0.33687343,7.8,9.1
2026-03-28 20:30:00,0.24556177,0.33664069,7.8,9.1
2026-03-28 20:35:00,0.24560056,0.33675706,7.8,9.1
2026-03-28 20:40:00,0.24556177,0.33718375,7.76,9.04
2026-03-28 20:45:00,0.24571693,0.33679585,7.7,9.0
2026-03-28 20:50:00,0.24575572,0.33664069,7.7,9.0
2026-03-28 20:55:00,0.24556177,0.3369898,7.7,9.0
2026-03-28 21:00:00,0.24560056,0.33656311,7.7,9.0
2026-03-28 21:05:00,0.24560056,0.33695101,7.62,8.9
2026-03-28 21:10:00,0.24556177,0.33706738,7.6,8.9
2026-03-28 21:15:00,0.24567814,0.33687343,7.6,8.9
2026-03-28 21:20:00,0.24560056,0.33679585,7.6,8.9
2026-03-28 21:25:00,0.24563935,0.33691222,7.52,8.88
2026-03-28 21:30:00,0.24560056,0.33702859,7.5,8.8
2026-03-28 21:35:00,0.24560056,0.3369898,7.5,8.8
2026-03-28 21:40:00,0.24552298,0.33691222,7.5,8.8
2026-03-28 21:45:00,0.24567814,0.33691222,7.5,8.8
2026-03-28 21:50:00,0.24563935,0.33667948,7.5,8.74
2026-03-28 21:55:00,0.24571693,0.33733891,7.5,8.7
2026-03-28 22:00:00,0.24556177,0.33671827,7.5,8.7
2026-03-28 22:05:00,0.24567814,0.33722254,7.5,8.7
2026-03-28 22:10:00,0.24571693,0.33706738,7.5,8.7
2026-03-28 22:15:00,0.24587209,0.33683464,7.5,8.6
2026-03-28 22:20:00,0.24575572,0.33714496,7.5,8.6
2026-03-28 22:25:00,0.24579451,0.33710617,7.5,8.6
2026-03-28 22:30:00,0.24571693,0.33718375,7.54,8.6
2026-03-28 22:35:00,0.24571693,0.33714496,7.6,8.6
2026-03-28 22:40:00,0.24567814,0.33726133,7.6,8.6
2026-03-28 22:45:00,0.24563935,0.33726133,7.7,8.5
2026-03-28 22:50:00,0.24571693,0.33730012,7.7,8.5
2026-03-28 22:55:00,0.24563935,0.33749407,7.78,8.5
2026-03-28 23:00:00,0.24556177,0.33722254,7.8,8.5
2026-03-28 23:05:00,0.24556177,0.33718375,7.9,8.5
2026-03-28 23:10:00,0.24563935,0.33714496,7.96,8.5
2026-03-28 23:15:00,0.24548419,0.33726133,8.06,8.5
2026-03-28 23:20:00,0.24548419,0.33718375,8.22,8.5
2026-03-28 23:25:00,0.24540661,0.33753286,8.36,8.5
2026-03-28 23:30:00,0.24536782,0.33757165,8.56,8.5
2026-03-28 23:35:00,0.24536782,0.33757165,8.74,8.5
2026-03-28 23:40:00,0.24532903,0.3373777,8.9,8.5
2026-03-28 23:45:00,0.24513508,0.33733891,9.08,8.5
2026-03-28 23:50:00,0.24497992,0.33741649,9.26,8.58
2026-03-28 23:55:00,0.24490234,0.33714496,9.44,8.6
2026-03-29 00:00:00,0.24482476,0.33730012,9.64,8.6
2026-03-29 00:05:00,0.24470839,0.33749407,9.8,8.6
2026-03-29 00:10:00,0.24459202,0.33695101,9.96,8.7
2026-03-29 00:15:00,0.24443686,0.33702859,10.16,8.7
2026-03-29 00:20:00,0.2442817,0.33741649,10.36,8.74
2026-03-29 00:25:00,0.24447565,0.33706738,10.56,8.8
2026-03-29 00:30:00,0.2442817,0.33706738,10.76,8.82
2026-03-29 00:35:00,0.24435928,0.33702859,10.94,8.9
2026-03-29 00:40:00,0.24408775,0.33718375,11.1,8.92
2026-03-29 00:45:00,0.24412654,0.33706738,11.26,9.0
2026-03-29 00:50:00,0.24401017,0.33714496,11.46,9.04
2026-03-29 00:55:00,0.24385501,0.33671827,11.64,9.1
2026-03-29 01:00:00,0.24381622,0.33691222,11.8,9.2
2026-03-29 01:05:00,0.24377743,0.33671827,11.96,9.26
2026-03-29 01:10:00,0.24373864,0.33679585,12.1,9.32
2026-03-29 01:15:00,0.24358348,0.33683464,12.28,9.4
2026-03-29 01:20:00,0.24346711,0.33667948,12.46,9.5
2026-03-29 01:25:00,0.24331195,0.33664069,12.6,9.58
2026-03-29 01:30:00,0.24327316,0.33652432,12.76,9.66
2026-03-29 01:35:00,0.24304042,0.33636916,12.92,9.74
2026-03-29 01:40:00,0.24288526,0.33644674,13.06,9.84
2026-03-29 01:45:00,0.24292405,0.33675706,13.22,9.94
2026-03-29 01:50:00,0.24269131,0.33636916,13.36,10.02
2026-03-29 01:55:00,0.24253615,0.33613642,13.5,10.12
2026-03-29 02:00:00,0.24257494,0.33605884,13.66,10.22
2026-03-29 02:05:00,0.24238099,0.33602005,13.82,10.32
2026-03-29 02:10:00,0.24238099,0.33574852,13.96,10.42
2026-03-29 02:15:00,0.24230341,0.33574852,14.14,10.52
2026-03-29 02:20:00,0.24222583,0.33551578,14.26,10.62
2026-03-29 02:25:00,0.24222583,0.33574852,14.38,10.72
2026-03-29 02:30:00,0.24207067,0.33536062,14.46,10.84
2026-03-29 02:35:00,0.24191551,0.33528304,14.5,10.94
2026-03-29 02:40:00,0.24191551,0.33528304,14.58,11.04
2026-03-29 02:45:00,0.24183793,0.33512788,14.6,11.16
2026-03-29 02:50:00,0.24191551,0.33508909,14.6,11.28
2026-03-29 02:55:00,0.24187672,0.33501151,14.6,11.38
2026-03-29 03:00:00,0.24183793,0.33477877,14.62,11.52
2026-03-29 03:05:00,0.24160519,0.33493393,14.7,11.62
2026-03-29 03:10:00,0.24168277,0.33497272,14.72,11.74
2026-03-29 03:15:00,0.24148882,0.33446845,14.8,11.84
2026-03-29 03:20:00,0.24152761,0.33450724,14.9,11.96
2026-03-29 03:25:00,0.24141124,0.33450724,14.98,12.06
2026-03-29 03:30:00,0.24137245,0.33423571,15.06,12.16
2026-03-29 03:35:00,0.24133366,0.33408055,15.16,12.28
2026-03-29 03:40:00,0.24121729,0.3342745,15.24,12.38
2026-03-29 03:45:00,0.24148882,0.33419692,15.36,12.48
2026-03-29 03:50:00,0.24110092,0.33411934,15.46,12.6
2026-03-29 03:55:00,0.24106213,0.33396418,15.58,12.7
2026-03-29 04:00:00,0.24098455,0.33392539,15.74,12.82
2026-03-29 04:05:00,0.24082939,0.33365386,15.86,12.92
2026-03-29 04:10:00,0.24094576,0.33334354,15.94,13.02
2026-03-29 04:15:00,0.24090697,0.33330475,16.04,13.12
2026-03-29 04:20:00,0.24086818,0.33326596,16.14,13.24
2026-03-29 04:25:00,0.24086818,0.33322717,16.26,13.34
2026-03-29 04:30:00,0.24113971,0.33299443,16.36,13.44
2026-03-29 04:35:00,0.24110092,0.33287806,16.46,13.54
2026-03-29 04:40:00,0.24090697,0.33280048,16.56,13.64
2026-03-29 04:45:00,0.24086818,0.33276169,16.64,13.74
2026-03-29 04:50:00,0.24071302,0.33256774,16.72,13.84
2026-03-29 04:55:00,0.24067423,0.332335,16.8,13.94
2026-03-29 05:00:00,0.24059665,0.33241258,16.88,14.06
2026-03-29 05:05:00,0.24055786,0.33276169,16.9,14.14
2026-03-29 05:10:00,0.2404027,0.33202468,16.94,14.24
2026-03-29 05:15:00,0.2404027,0.33245137,17.0,14.34
2026-03-29 05:20:00,0.24016996,0.33186952,17.0,14.44
2026-03-29 05:25:00,0.24020875,0.33186952,17.08,14.56
2026-03-29 05:30:00,0.24028633,0.33183073,17.1,14.64
2026-03-29 05:35:00,0.24013117,0.33159799,17.1,14.74
2026-03-29 05:40:00,0.24016996,0.3315592,17.1,14.82
2026-03-29 05:45:00,0.23997601,0.33132646,17.1,14.9
2026-03-29 05:50:00,0.23997601,0.33136525,17.06,15.0
2026-03-29 05:55:00,0.2400148,0.3311713,17.02,15.08
2026-03-29 06:00:00,0.23989843,0.3311713,17.0,15.16
2026-03-29 06:05:00,0.23985964,0.33101614,17.0,15.2
2026-03-29 06:10:00,0.23974327,0.33109372,17.0,15.28
2026-03-29 06:15:00,0.23970448,0.3307834,17.0,15.3
2026-03-29 06:20:00,0.23974327,0.3307834,17.0,15.38
2026-03-29 06:25:00,0.23958811,0.33074461,16.96,15.4
2026-03-29 06:30:00,0.23943295,0.33074461,16.9,15.48
2026-03-29 06:35:00,0.23951053,0.33058945,16.88,15.5
2026-03-29 06:40:00,0.23951053,0.33058945,16.8,15.5
2026-03-29 06:45:00,0.23943295,0.33047308,16.8,15.58
2026-03-29 06:50:00,0.23939416,0.3303955,16.74,15.6
2026-03-29 06:55:00,0.23939416,0.33027913,16.7,15.6
2026-03-29 07:00:00,0.23931658,0.33020155,16.66,15.6
2026-03-29 07:05:00,0.23931658,0.33020155,16.6,15.6
2026-03-29 07:10:00,0.23935537,0.33008518,16.56,15.6
2026-03-29 07:15:00,0.23908384,0.33012397,16.5,15.6
2026-03-29 07:20:00,0.23908384,0.33012397,16.5,15.6
2026-03-29 07:25:00,0.23916142,0.32996881,16.48,15.6
2026-03-29 07:30:00,0.23892868,0.32996881,16.4,15.6
2026-03-29 07:35:00,0.23912263,0.32993002,16.4,15.6
2026-03-29 07:40:00,0.23912263,0.32989123,16.32,15.6
2026-03-29 07:45:00,0.23881231,0.32977486,16.3,15.6
2026-03-29 07:50:00,0.23881231,0.32993002,16.3,15.6
2026-03-29 07:55:00,0.23892868,0.32973607,16.22,15.6
2026-03-29 08:00:00,0.23865715,0.32981365,16.2,15.6
2026-03-29 08:05:00,0.23865715,0.32965849,16.14,15.6
2026-03-29 08:10:00,0.23850199,0.3296197,16.1,15.6
2026-03-29 08:15:00,0.23854078,0.32958091,16.02,15.6
2026-03-29 08:20:00,0.23850199,0.32950333,16.0,15.6
2026-03-29 08:25:00,0.23873473,0.32954212,15.92,15.52
2026-03-29 08:30:00,0.2384632,0.32954212,15.9,15.5
2026-03-29 08:35:00,0.23842441,0.32942575,15.82,15.5
2026-03-29 08:40:00,0.23842441,0.32977486,15.8,15.5
2026-03-29 08:45:00,0.23834683,0.32946454,15.74,15.5
2026-03-29 08:50:00,0.23842441,0.32938696,15.7,15.5
2026-03-29 08:55:00,0.23838562,0.32927059,15.62,15.44
2026-03-29 09:00:00,0.23838562,0.32930938,15.6,15.4
2026-03-29 09:05:00,0.23850199,0.3292318,15.5,15.4
2026-03-29 09:10:00,0.23838562,0.32942575,15.48,15.4
2026-03-29 09:15:00,0.23869594,0.32919301,15.4,15.4
2026-03-29 09:20:00,0.23830804,0.3292318,15.36,15.32
2026-03-29 09:25:00,0.23838562,0.32915422,15.3,15.3
2026-03-29 09:30:00,0.23823046,0.32919301,15.2,15.3
2026-03-29 09:35:00,0.23850199,0.32911543,15.18,15.3
2026-03-29 09:40:00,0.23854078,0.32919301,15.1,15.24
2026-03-29 09:45:00,0.23838562,0.32911543,15.02,15.2
2026-03-29 09:50:00,0.23826925,0.32911543,14.94,15.2
2026-03-29 09:55:00,0.23834683,0.32903785,14.88,15.2
2026-03-29 10:00:00,0.23834683,0.32927059,14.8,15.1
2026-03-29 10:05:00,0.23842441,0.32903785,14.72,15.1
2026-03-29 10:10:00,0.23842441,0.32919301,14.64,15.1
2026-03-29 10:15:00,0.2384632,0.32915422,14.56,15.02
2026-03-29 10:20:00,0.23842441,0.32919301,14.5,15.0
2026-03-29 10:25:00,0.23842441,0.32915422,14.4,15.0
2026-03-29 10:30:00,0.23854078,0.32930938,14.32,14.9
2026-03-29 10:35:00,0.23834683,0.32911543,14.26,14.9
2026-03-29 10:40:00,0.23838562,0.3292318,14.2,14.86
2026-03-29 10:45:00,0.23854078,0.32896027,14.1,14.8
2026-03-29 10:50:00,0.23850199,0.32899906,14.06,14.8
2026-03-29 10:55:00,0.23854078,0.32892148,14.0,14.7
2026-03-29 11:00:00,0.2384632,0.32907664,13.96,14.7
2026-03-29 11:05:00,0.23850199,0.32899906,13.9,14.66
2026-03-29 11:10:00,0.2384632,0.32899906,13.82,14.6
2026-03-29 11:15:00,0.23854078,0.32954212,13.78,14.6
2026-03-29 11:20:00,0.23861836,0.32930938,13.7,14.5
2026-03-29 11:25:00,0.23865715,0.32903785,13.64,14.5
2026-03-29 11:30:00,0.23861836,0.32903785,13.56,14.44
2026-03-29 11:35:00,0.23881231,0.32919301,13.5,14.4
2026-03-29 11:40:00,0.2388511,0.32903785,13.4,14.36
2026-03-29 11:45:00,0.23888989,0.32938696,13.34,14.3
2026-03-29 11:50:00,0.23888989,0.32919301,13.28,14.3
2026-03-29 11:55:00,0.23896747,0.32907664,13.2,14.2
2026-03-29 12:00:00,0.23896747,0.32919301,13.12,14.2
2026-03-29 12:05:00,0.23912263,0.32903785,13.08,14.14
2026-03-29 12:10:00,0.23916142,0.32903785,13.0,14.1
2026-03-29 12:15:00,0.23904505,0.3292318,12.94,14.06
2026-03-29 12:20:00,0.239239,0.32954212,12.9,14.0
2026-03-29 12:25:00,0.23912263,0.32927059,12.8,13.98
2026-03-29 12:30:00,0.23931658,0.32919301,12.76,13.9
2026-03-29 12:35:00,0.239239,0.32903785,12.7,13.9
2026-03-29 12:40:00,0.23931658,0.32915422,12.64,13.8
2026-03-29 12:45:00,0.23927779,0.3292318,12.6,13.8
2026-03-29 12:50:00,0.23935537,0.32927059,12.52,13.72
2026-03-29 12:55:00,0.23935537,0.32907664,12.5,13.7
2026-03-29 13:00:00,0.23931658,0.32919301,12.42,13.66
2026-03-29 13:05:00,0.23931658,0.32919301,12.4,13.6
2026-03-29 13:10:00,0.23931658,0.32911543,12.32,13.56
2026-03-29 13:15:00,0.23939416,0.32938696,12.28,13.5
2026-03-29 13:20:00,0.23939416,0.32934817,12.2,13.5
2026-03-29 13:25:00,0.23947174,0.32942575,12.16,13.4
2026-03-29 13:30:00,0.23935537,0.32919301,12.1,13.4
2026-03-29 13:35:00,0.23947174,0.32965849,12.06,13.32
2026-03-29 13:40:00,0.23954932,0.32938696,12.0,13.3
2026-03-29 13:45:00,0.23958811,0.32919301,11.98,13.22
2026-03-29 13:50:00,0.23951053,0.3292318,11.9,13.2
2026-03-29 13:55:00,0.23954932,0.32930938,11.9,13.16
2026-03-29 14:00:00,0.23947174,0.32919301,11.82,13.1
2026-03-29 14:05:00,0.23958811,0.32942575,11.8,13.08
2026-03-29 14:10:00,0.23954932,0.32969728,11.78,13.0
2026-03-29 14:15:00,0.23954932,0.32950333,11.7,13.0
2026-03-29 14:20:00,0.23951053,0.32958091,11.7,12.92
2026-03-29 14:25:00,0.23970448,0.32981365,11.62,12.9
2026-03-29 14:30:00,0.23947174,0.32938696,11.6,12.86
2026-03-29 14:35:00,0.23954932,0.32965849,11.56,12.8
2026-03-29 14:40:00,0.23974327,0.32938696,11.5,12.8
2026-03-29 14:45:00,0.23954932,0.32958091,11.5,12.7
2026-03-29 14:50:00,0.23970448,0.32965849,11.4,12.7
2026-03-29 14:55:00,0.23974327,0.32996881,11.4,12.66
2026-03-29 15:00:00,0.23970448,0.32985244,11.4,12.6
2026-03-29 15:05:00,0.23966569,0.32946454,11.3,12.6
2026-03-29 15:10:00,0.23974327,0.32954212,11.3,12.54
2026-03-29 15:15:00,0.23958811,0.32993002,11.3,12.5
2026-03-29 15:20:00,0.23978206,0.32985244,11.22,12.5
2026-03-29 15:25:00,0.23978206,0.32950333,11.2,12.4
2026-03-29 15:30:00,0.23982085,0.32965849,11.2,12.4
2026-03-29 15:35:00,0.23978206,0.33004639,11.12,12.4
2026-03-29 15:40:00,0.23978206,0.3296197,11.1,12.3
2026-03-29 15:45:00,0.23978206,0.32981365,11.1,12.3
2026-03-29 15:50:00,0.23985964,0.32977486,11.0,12.26
2026-03-29 15:55:00,0.23989843,0.32993002,11.0,12.2
2026-03-29 16:00:00,0.23978206,0.32977486,11.0,12.2
2026-03-29 16:05:00,0.23982085,0.32969728,10.92,12.14
2026-03-29 16:10:00,0.24005359,0.32977486,10.9,12.1
2026-03-29 16:15:00,0.23993722,0.33004639,10.9,12.1
2026-03-29 16:20:00,0.23997601,0.32977486,10.9,12.06
2026-03-29 16:25:00,0.23993722,0.32965849,10.9,12.0
2026-03-29 16:30:00,0.23997601,0.32965849,10.82,12.0
2026-03-29 16:35:00,0.2400148,0.32969728,10.8,11.96
2026-03-29 16:40:00,0.24005359,0.32977486,10.8,11.9
2026-03-29 16:45:00,0.2400148,0.33008518,10.8,11.9
2026-03-29 16:50:00,0.24005359,0.32977486,10.8,11.9
2026-03-29 16:55:00,0.23993722,0.33016276,10.8,11.8
2026-03-29 17:00:00,0.24005359,0.32977486,10.7,11.8
2026-03-29 17:05:00,0.24009238,0.32981365,10.7,11.8
2026-03-29 17:10:00,0.24009238,0.33004639,10.7,11.76
2026-03-29 17:15:00,0.24009238,0.3300076,10.7,11.7
2026-03-29 17:20:00,0.23993722,0.3300076,10.7,11.7
2026-03-29 17:25:00,0.24009238,0.32993002,10.7,11.7
2026-03-29 17:30:00,0.24013117,0.32993002,10.7,11.68
2026-03-29 17:35:00,0.24013117,0.3300076,10.7,11.6
2026-03-29 17:40:00,0.24028633,0.32989123,10.7,11.6
2026-03-29 17:45:00,0.24009238,0.32985244,10.68,11.6
2026-03-29 17:50:00,0.24013117,0.32993002,10.6,11.6
2026-03-29 17:55:00,0.24009238,0.33008518,10.6,11.52
2026-03-29 18:00:00,0.24032512,0.33020155,10.6,11.5
2026-03-29 18:05:00,0.24020875,0.33012397,10.6,11.5
2026-03-29 18:10:00,0.24016996,0.33012397,10.6,11.5
2026-03-29 18:15:00,0.24020875,0.33004639,10.6,11.48
2026-03-29 18:20:00,0.24020875,0.33016276,10.54,11.4
2026-03-29 18:25:00,0.24020875,0.32996881,10.5,11.4
2026-03-29 18:30:00,0.24020875,0.3300076,10.5,11.4
2026-03-29 18:35:00,0.24028633,0.33008518,10.5,11.4
2026-03-29 18:40:00,0.24016996,0.33035671,10.5,11.36
2026-03-29 18:45:00,0.24005359,0.33012397,10.5,11.3
2026-03-29 18:50:00,0.24009238,0.33016276,10.5,11.3
2026-03-29 18:55:00,0.24013117,0.33031792,10.5,11.3
2026-03-29 19:00:00,0.24024754,0.33012397,10.44,11.3
2026-03-29 19:05:00,0.24016996,0.33012397,10.4,11.26
2026-03-29 19:10:00,0.24020875,0.33020155,10.4,11.2
2026-03-29 19:15:00,0.24005359,0.33012397,10.4,11.2
2026-03-29 19:20:00,0.24024754,0.33024034,10.4,11.2
2026-03-29 19:25:00,0.24013117,0.33016276,10.4,11.2
2026-03-29 19:30:00,0.24028633,0.33031792,10.4,11.2
2026-03-29 19:35:00,0.24020875,0.33024034,10.4,11.14
2026-03-29 19:40:00,0.24028633,0.33055066,10.4,11.1
2026-03-29 19:45:00,0.24024754,0.3303955,10.3,11.1
2026-03-29 19:50:00,0.24024754,0.33027913,10.3,11.1
2026-03-29 19:55:00,0.24016996,0.33047308,10.3,11.1
2026-03-29 20:00:00,0.24020875,0.33035671,10.3,11.1
2026-03-29 20:05:00,0.24024754,0.33031792,10.3,11.04
2026-03-29 20:10:00,0.24024754,0.33058945,10.3,11.0
2026-03-29 20:15:00,0.24024754,0.33027913,10.3,11.0
2026-03-29 20:20:00,0.24028633,0.33031792,10.28,11.0
2026-03-29 20:25:00,0.2404027,0.33043429,10.2,11.0
2026-03-29 20:30:00,0.24032512,0.33055066,10.2,11.0
2026-03-29 20:35:00,0.2404027,0.33051187,10.2,10.96
2026-03-29 20:40:00,0.24024754,0.33066703,10.2,10.9
2026-03-29 20:45:00,0.24036391,0.33058945,10.2,10.9
2026-03-29 20:50:00,0.24036391,0.33062824,10.2,10.9
2026-03-29 20:55:00,0.24036391,0.33047308,10.2,10.9
2026-03-29 21:00:00,0.2404027,0.33051187,10.2,10.9
2026-03-29 21:05:00,0.24032512,0.33055066,10.2,10.9
2026-03-29 21:10:00,0.2404027,0.33043429,10.12,10.84
2026-03-29 21:15:00,0.24032512,0.33051187,10.1,10.8
2026-03-29 21:20:00,0.2404027,0.33055066,10.1,10.8
2026-03-29 21:25:00,0.24048028,0.33055066,10.1,10.8
2026-03-29 21:30:00,0.24048028,0.33043429,10.1,10.8
2026-03-29 21:35:00,0.24032512,0.33066703,10.1,10.8
2026-03-29 21:40:00,0.24051907,0.33051187,10.1,10.8
2026-03-29 21:45:00,0.24044149,0.33066703,10.1,10.74
2026-03-29 21:50:00,0.24055786,0.33062824,10.1,10.7
2026-03-29 21:55:00,0.24067423,0.33109372,10.1,10.7
2026-03-29 22:00:00,0.24055786,0.33062824,10.1,10.7
2026-03-29 22:05:00,0.24059665,0.33101614,10.1,10.7
2026-03-29 22:10:00,0.24048028,0.33082219,10.1,10.7
2026-03-29 22:15:00,0.24048028,0.33089977,10.1,10.7
2026-03-29 22:20:00,0.2404027,0.33058945,10.12,10.7
2026-03-29 22:25:00,0.24048028,0.33070582,10.2,10.7
2026-03-29 22:30:00,0.24051907,0.33058945,10.2,10.6
2026-03-29 22:35:00,0.24059665,0.3307834,10.2,10.6
2026-03-29 22:40:00,0.24063544,0.3311713,10.24,10.6
2026-03-29 22:45:00,0.24071302,0.33066703,10.3,10.6
2026-03-29 22:50:00,0.24051907,0.33058945,10.3,10.6
2026-03-29 22:55:00,0.24055786,0.33093856,10.3,10.6
2026-03-29 23:00:00,0.24059665,0.33082219,10.36,10.6
2026-03-29 23:05:00,0.24048028,0.3307834,10.4,10.6
2026-03-29 23:10:00,0.24051907,0.33109372,10.4,10.6
2026-03-29 23:15:00,0.24051907,0.33109372,10.46,10.6
2026-03-29 23:20:00,0.2404027,0.33089977,10.5,10.6
2026-03-29 23:25:00,0.24048028,0.3307834,10.58,10.6
2026-03-29 23:30:00,0.24048028,0.33062824,10.64,10.6
2026-03-29 23:35:00,0.24051907,0.33105493,10.7,10.6
2026-03-29 23:40:00,0.2404027,0.33086098,10.8,10.6
2026-03-29 23:45:00,0.24028633,0.33101614,10.88,10.6
2026-03-29 23:50:00,0.24036391,0.33097735,10.94,10.66
2026-03-29 23:55:00,0.24032512,0.33093856,11.0,10.7
2026-03-30 00:00:00,0.24020875,0.33101614,11.1,10.7
2026-03-30 00:05:00,0.24036391,0.33074461,11.14,10.7
2026-03-30 00:10:00,0.24020875,0.33086098,11.2,10.7
2026-03-30 00:15:00,0.24024754,0.3307834,11.26,10.7
2026-03-30 00:20:00,0.24005359,0.33086098,11.32,10.78
2026-03-30 00:25:00,0.2400148,0.33086098,11.4,10.8
2026-03-30 00:30:00,0.24005359,0.33062824,11.5,10.8
2026-03-30 00:35:00,0.2400148,0.33074461,11.6,10.8
2026-03-30 00:40:00,0.23997601,0.33062824,11.68,10.84
2026-03-30 00:45:00,0.23985964,0.33066703,11.76,10.9
2026-03-30 00:50:00,0.23985964,0.33082219,11.84,10.9
2026-03-30 00:55:00,0.23978206,0.33058945,11.92,10.9
2026-03-30 01:00:00,0.23982085,0.33074461,12.0,11.0
2026-03-30 01:05:00,0.23982085,0.33058945,12.08,11.0
2026-03-30 01:10:00,0.23978206,0.33047308,12.18,11.02
2026-03-30 01:15:00,0.23974327,0.33047308,12.26,11.1
2026-03-30 01:20:00,0.23966569,0.33055066,12.34,11.1
2026-03-30 01:25:00,0.23970448,0.33047308,12.4,11.16
2026-03-30 01:30:00,0.23954932,0.33051187,12.48,11.2
2026-03-30 01:35:00,0.23954932,0.3303955,12.5,11.22
2026-03-30 01:40:00,0.23954932,0.3303955,12.58,11.3
2026-03-30 01:45:00,0.23939416,0.33031792,12.62,11.3
2026-03-30 01:50:00,0.23939416,0.33035671,12.7,11.4
2026-03-30 01:55:00,0.23931658,0.33043429,12.76,11.4
2026-03-30 02:00:00,0.239239,0.33024034,12.84,11.5
2026-03-30 02:05:00,0.23912263,0.33035671,12.92,11.5
2026-03-30 02:10:00,0.23912263,0.3303955,13.0,11.56
2026-03-30 02:15:00,0.23908384,0.3303955,13.1,11.6
2026-03-30 02:20:00,0.23888989,0.33020155,13.1,11.64
2026-03-30 02:25:00,0.23904505,0.33016276,13.2,11.7
2026-03-30 02:30:00,0.23896747,0.33008518,13.2,11.74
2026-03-30 02:35:00,0.2388511,0.33004639,13.2,11.8
2026-03-30 02:40:00,0.2388511,0.32996881,13.2,11.82
2026-03-30 02:45:00,0.23892868,0.33027913,13.22,11.9
2026-03-30 02:50:00,0.23888989,0.33004639,13.3,11.9
2026-03-30 02:55:00,0.23888989,0.32985244,13.3,11.98
2026-03-30 03:00:00,0.23873473,0.33004639,13.3,12.0
2026-03-30 03:05:00,0.23881231,0.32993002,13.36,12.02
2026-03-30 03:10:00,0.23865715,0.32996881,13.4,12.1
2026-03-30 03:15:00,0.23877352,0.32985244,13.4,12.1
2026-03-30 03:20:00,0.23865715,0.32973607,13.4,12.16
2026-03-30 03:25:00,0.23861836,0.3296197,13.4,12.2
2026-03-30 03:30:00,0.23857957,0.32985244,13.4,12.2
2026-03-30 03:35:00,0.23850199,0.32985244,13.4,12.24
2026-03-30 03:40:00,0.23865715,0.32993002,13.4,12.3
2026-03-30 03:45:00,0.23861836,0.32977486,13.4,12.3
2026-03-30 03:50:00,0.23857957,0.32985244,13.4,12.3
2026-03-30 03:55:00,0.23842441,0.32985244,13.44,12.4
2026-03-30 04:00:00,0.2384632,0.32985244,13.5,12.4
2026-03-30 04:05:00,0.2384632,0.32958091,13.5,12.4
2026-03-30 04:10:00,0.2384632,0.32981365,13.5,12.4
2026-03-30 04:15:00,0.23838562,0.32934817,13.5,12.5
2026-03-30 04:20:00,0.2384632,0.32965849,13.5,12.5
2026-03-30 04:25:00,0.23834683,0.32977486,13.5,12.5
2026-03-30 04:30:00,0.23842441,0.32969728,13.42,12.5
2026-03-30 04:35:00,0.23834683,0.32934817,13.4,12.54
2026-03-30 04:40:00,0.23834683,0.32942575,13.4,12.6
2026-03-30 04:45:00,0.23830804,0.32919301,13.4,12.6
2026-03-30 04:50:00,0.23838562,0.32950333,13.4,12.6
2026-03-30 04:55:00,0.23826925,0.32934817,13.4,12.6
2026-03-30 05:00:00,0.23834683,0.32927059,13.4,12.6
2026-03-30 05:05:00,0.23826925,0.32938696,13.4,12.64
2026-03-30 05:10:00,0.23826925,0.32927059,13.4,12.7
2026-03-30 05:15:00,0.23830804,0.32930938,13.4,12.7
2026-03-30 05:20:00,0.23823046,0.32927059,13.4,12.7
2026-03-30 05:25:00,0.23834683,0.32903785,13.4,12.7
2026-03-30 05:30:00,0.23823046,0.32927059,13.4,12.7
2026-03-30 05:35:00,0.23815288,0.32942575,13.4,12.7
2026-03-30 05:40:00,0.23826925,0.32911543,13.4,12.7
2026-03-30 05:45:00,0.23819167,0.32930938,13.4,12.7
2026-03-30 05:50:00,0.23823046,0.32973607,13.4,12.7
2026-03-30 05:55:00,0.23826925,0.32938696,13.4,12.7
2026-03-30 06:00:00,0.23823046,0.32930938,13.4,12.74
2026-03-30 06:05:00,0.23819167,0.32958091,13.4,12.8
2026-03-30 06:10:00,0.23834683,0.32907664,13.4,12.8
2026-03-30 06:15:00,0.23830804,0.32958091,13.4,12.8
2026-03-30 06:20:00,0.23830804,0.32919301,13.4,12.8
2026-03-30 06:25:00,0.23823046,0.32950333,13.4,12.8
2026-03-30 06:30:00,0.23830804,0.32954212,13.4,12.8
2026-03-30 06:35:00,0.23838562,0.3292318,13.4,12.8
2026-03-30 06:40:00,0.23834683,0.32954212,13.4,12.8
2026-03-30 06:45:00,0.23826925,0.32969728,13.4,12.8
2026-03-30 06:50:00,0.23842441,0.32954212,13.4,12.8
2026-03-30 06:55:00,0.23854078,0.32934817,13.4,12.8
2026-03-30 07:00:00,0.23861836,0.3296197,13.4,12.8
2026-03-30 07:05:00,0.23873473,0.32946454,13.4,12.8
2026-03-30 07:10:00,0.23869594,0.32981365,13.4,12.8
2026-03-30 07:15:00,0.23896747,0.32954212,13.4,12.8
2026-03-30 07:20:00,0.23908384,0.32950333,13.34,12.8
2026-03-30 07:25:00,0.239239,0.32973607,13.3,12.8
2026-03-30 07:30:00,0.2396269,0.32981365,13.3,12.8
2026-03-30 07:35:00,0.2400148,0.32965849,13.3,12.8
2026-03-30 07:40:00,0.24098455,0.32965849,13.3,12.8
2026-03-30 07:45:00,0.24307921,0.32965849,13.3,12.8
2026-03-30 07:50:00,0.24637636,0.32989123,13.3,12.8
2026-03-30 07:55:00,0.25122511,0.32981365,13.3,12.8
2026-03-30 08:00:00,0.25948738,0.32977486,13.28,12.8
2026-03-30 08:05:00,0.27124075,0.32993002,13.2,12.8
2026-03-30 08:10:00,0.28679554,0.33031792,13.2,12.8
2026-03-30 08:15:00,0.29563966,0.33035671,13.2,12.8
2026-03-30 08:20:00,0.30056599,0.33066703,13.2,12.8
2026-03-30 08:25:00,0.30382435,0.33136525,13.2,12.8
2026-03-30 08:30:00,0.3078973,0.34470901,13.2,12.8
2026-03-30 08:35:00,0.31197025,0.36107839,13.2,12.8
2026-03-30 08:40:00,0.31561651,0.36961219,13.2,12.8
2026-03-30 08:45:00,0.32135743,0.37740898,13.2,12.8
2026-03-30 08:50:00,0.32981365,0.38726164,13.18,12.84
2026-03-30 08:55:00,0.33679585,0.39339046,13.1,12.9
2026-03-30 09:00:00,0.34234282,0.40076056,13.1,12.9
2026-03-30 09:05:00,0.34265314,0.40537657,13.1,12.9
2026-03-30 09:10:00,0.34148944,0.40704454,13.1,12.9
2026-03-30 09:15:00,0.33869656,0.40735486,13.1,13.0
2026-03-30 09:20:00,0.33644674,0.40789792,13.1,13.0
2026-03-30 09:25:00,0.33539941,0.40774276,13.1,13.0
2026-03-30 09:30:00,0.33431329,0.40778155,13.1,13.0
2026-03-30 09:35:00,0.33353749,0.40770397,13.06,12.98
2026-03-30 09:40:00,0.33186952,0.40754881,13.0,12.9
2026-03-30 09:45:00,0.33031792,0.40700575,13.0,12.9
2026-03-30 09:50:00,0.32907664,0.40665664,13.0,12.9
2026-03-30 09:55:00,0.32833963,0.4056481,13.0,12.9
2026-03-30 10:00:00,0.32775778,0.4040965,12.96,12.9
2026-03-30 10:05:00,0.32725351,0.40304917,12.9,12.9
2026-03-30 10:10:00,0.32752504,0.40335949,12.9,12.9
2026-03-30 10:15:00,0.32764141,0.40425166,12.9,12.82
2026-03-30 10:20:00,0.32713714,0.40440682,12.9,12.8
2026-03-30 10:25:00,0.32705956,0.40366981,12.86,12.8
2026-03-30 10:30:00,0.32760262,0.40394134,12.8,12.8
2026-03-30 10:35:00,0.32888269,0.40432924,12.8,12.8
2026-03-30 10:40:00,0.32934817,0.40413529,12.8,12.8
2026-03-30 10:45:00,0.32899906,0.40359223,12.8,12.72
2026-03-30 10:50:00,0.32868874,0.40351465,12.8,12.7
2026-03-30 10:55:00,0.32907664,0.40436803,12.8,12.7
2026-03-30 11:00:00,0.32880511,0.40560931,12.72,12.7
2026-03-30 11:05:00,0.32814568,0.4068118,12.7,12.7
2026-03-30 11:10:00,0.32740867,0.40902283,12.7,12.7
2026-03-30 11:15:00,0.32674924,0.41123386,12.7,12.7
2026-03-30 11:20:00,0.32915422,0.41491891,12.7,12.66
2026-03-30 11:25:00,0.33613642,0.41720752,12.7,12.6
2026-03-30 11:30:00,0.34459264,0.41926339,12.7,12.6
2026-03-30 11:35:00,0.34835527,0.42186232,12.7,12.6
2026-03-30 11:40:00,0.35048872,0.42275449,12.7,12.6
2026-03-30 11:45:00,0.35087662,0.42360787,12.7,12.6
2026-03-30 11:50:00,0.3505663,0.42368545,12.7,12.52
2026-03-30 11:55:00,0.34932502,0.42376303,12.64,12.5
2026-03-30 12:00:00,0.34645456,0.42391819,12.6,12.5
2026-03-30 12:05:00,0.34350652,0.42411214,12.6,12.5
2026-03-30 12:10:00,0.33989905,0.42415093,12.6,12.5
2026-03-30 12:15:00,0.33749407,0.42411214,12.6,12.5
2026-03-30 12:20:00,0.33714496,0.42395698,12.6,12.5
2026-03-30 12:25:00,0.3373777,0.42415093,12.6,12.5
2026-03-30 12:30:00,0.33636916,0.42430609,12.6,12.5
2026-03-30 12:35:00,0.33640795,0.4242673,12.6,12.5
2026-03-30 12:40:00,0.33780439,0.42418972,12.6,12.5
2026-03-30 12:45:00,0.34335136,0.4242673,12.56,12.5
2026-03-30 12:50:00,0.34893712,0.42430609,12.5,12.5
2026-03-30 12:55:00,0.35847946,0.42461641,12.5,12.5
2026-03-30 13:00:00,0.36127234,0.42481036,12.5,12.42
2026-03-30 13:05:00,0.35789761,0.42523705,12.5,12.4
2026-03-30 13:10:00,0.35227306,0.42508189,12.5,12.4
2026-03-30 13:15:00,0.35002324,0.42512068,12.5,12.4
2026-03-30 13:20:00,0.34633819,0.42492673,12.5,12.4
2026-03-30 13:25:00,0.34730794,0.42508189,12.4,12.4
2026-03-30 13:30:00,0.34982929,0.42527584,12.4,12.38
2026-03-30 13:35:00,0.34595029,0.42512068,12.4,12.3
2026-03-30 13:40:00,0.34401079,0.42519826,12.4,12.3
2026-03-30 13:45:00,0.34432111,0.42531463,12.4,12.3
2026-03-30 13:50:00,0.34536844,0.42539221,12.4,12.3
2026-03-30 13:55:00,0.34672609,0.42558616,12.4,12.3
2026-03-30 14:00:00,0.35068267,0.42546979,12.4,12.3
2026-03-30 14:05:00,0.35010082,0.42578011,12.4,12.3
2026-03-30 14:10:00,0.34808374,0.42554737,12.3,12.3
2026-03-30 14:15:00,0.34626061,0.42554737,12.3,12.3
2026-03-30 14:20:00,0.3435841,0.42562495,12.3,12.3
2026-03-30 14:25:00,0.34079122,0.42562495,12.3,12.3
2026-03-30 14:30:00,0.33908446,0.42585769,12.3,12.3
2026-03-30 14:35:00,0.33772681,0.42574132,12.3,12.3
2026-03-30 14:40:00,0.33671827,0.42578011,12.3,12.3
2026-03-30 14:45:00,0.33570973,0.42593527,12.3,12.3
2026-03-30 14:50:00,0.33730012,0.42562495,12.3,12.3
2026-03-30 14:55:00,0.33943357,0.42585769,12.3,12.3
2026-03-30 15:00:00,0.34381684,0.42585769,12.3,12.22
2026-03-30 15:05:00,0.34563997,0.42578011,12.26,12.2
2026-03-30 15:10:00,0.343972,0.42612922,12.2,12.2
2026-03-30 15:15:00,0.34156702,0.42609043,12.2,12.2
2026-03-30 15:20:00,0.34013179,0.42589648,12.2,12.2
2026-03-30 15:25:00,0.3428083,0.42612922,12.2,12.2
2026-03-30 15:30:00,0.34304104,0.42628438,12.2,12.2
2026-03-30 15:35:00,0.34098517,0.42636196,12.2,12.2
2026-03-30 15:40:00,0.33819229,0.42612922,12.2,12.2
2026-03-30 15:45:00,0.33578731,0.42597406,12.2,12.16
2026-03-30 15:50:00,0.33442966,0.42628438,12.2,12.1
2026-03-30 15:55:00,0.33314959,0.42609043,12.2,12.1
2026-03-30 16:00:00,0.3319471,0.42612922,12.2,12.1
2026-03-30 16:05:00,0.33101614,0.42616801,12.2,12.1
2026-03-30 16:10:00,0.33140404,0.42624559,12.2,12.04
2026-03-30 16:15:00,0.33268411,0.42655591,12.12,12.0
2026-03-30 16:20:00,0.33342112,0.42667228,12.1,12.0
2026-03-30 16:25:00,0.33291685,0.42655591,12.1,12.0
2026-03-30 16:30:00,0.33206347,0.42667228,12.1,12.0
2026-03-30 16:35:00,0.33097735,0.42632317,12.1,12.0
2026-03-30 16:40:00,0.33020155,0.42682744,12.1,12.0
2026-03-30 16:45:00,0.32927059,0.42643954,12.1,12.0
2026-03-30 16:50:00,0.32830084,0.42643954,12.1,12.0
2026-03-30 16:55:00,0.32733109,0.42647833,12.1,12.0
2026-03-30 17:00:00,0.32667166,0.4265947,12.1,12.0
2026-03-30 17:05:00,0.32589586,0.42632317,12.1,11.96
2026-03-30 17:10:00,0.32550796,0.42663349,12.1,11.94
2026-03-30 17:15:00,0.32512006,0.42682744,12.1,11.9
2026-03-30 17:20:00,0.32442184,0.42655591,12.1,11.9
2026-03-30 17:25:00,0.32411152,0.42686623,12.1,11.9
2026-03-30 17:30:00,0.32364604,0.42643954,12.1,11.9
2026-03-30 17:35:00,0.32345209,0.42651712,12.1,11.9
2026-03-30 17:40:00,0.32244355,0.42640075,12.04,11.9
2026-03-30 17:45:00,0.32182291,0.42636196,12.0,11.9
2026-03-30 17:50:00,0.32209444,0.42640075,12.0,11.9
2026-03-30 17:55:00,0.32174533,0.42655591,12.0,11.9
2026-03-30 18:00:00,0.32139622,0.42651712,12.0,11.9
2026-03-30 18:05:00,0.32120227,0.42636196,12.0,11.9
2026-03-30 18:10:00,0.32073679,0.42628438,12.0,11.9
2026-03-30 18:15:00,0.32034889,0.42601285,12.0,11.9
2026-03-30 18:20:00,0.31984462,0.42554737,12.0,11.9
2026-03-30 18:25:00,0.3195343,0.42519826,12.0,11.9
2026-03-30 18:30:00,0.31926277,0.42500431,12.0,11.9
2026-03-30 18:35:00,0.31906882,0.42461641,12.0,11.9
2026-03-30 18:40:00,0.31879729,0.42446125,12.0,11.9
2026-03-30 18:45:00,0.31868092,0.42438367,11.98,11.9
2026-03-30 18:50:00,0.31833181,0.42399577,11.98,11.9
2026-03-30 18:55:00,0.31813786,0.42399577,11.92,11.8
2026-03-30 19:00:00,0.31806028,0.42418972,11.9,11.8
2026-03-30 19:05:00,0.31782754,0.42407335,11.9,11.8
2026-03-30 19:10:00,0.31751722,0.42403456,11.9,11.8
2026-03-30 19:15:00,0.31705174,0.42380182,11.9,11.8
2026-03-30 19:20:00,0.31693537,0.42372424,11.9,11.8
2026-03-30 19:25:00,0.31685779,0.42384061,11.9,11.8
2026-03-30 19:30:00,0.31639231,0.42380182,11.9,11.8
2026-03-30 19:35:00,0.31553893,0.42391819,11.9,11.8
2026-03-30 19:40:00,0.3152674,0.42399577,11.9,11.8
2026-03-30 19:45:00,0.31507345,0.4238794,11.9,11.8
2026-03-30 19:50:00,0.31495708,0.42399577,11.9,11.8
2026-03-30 19:55:00,0.31422007,0.42391819,11.86,11.8
2026-03-30 20:00:00,0.31336669,0.42403456,11.8,11.78
2026-03-30 20:05:00,0.31317274,0.42384061,11.8,11.7
2026-03-30 20:10:00,0.31290121,0.42395698,11.8,11.7
2026-03-30 20:15:00,0.31294,0.42391819,11.8,11.7
2026-03-30 20:20:00,0.31270726,0.42418972,11.8,11.7
2026-03-30 20:25:00,0.31251331,0.4238794,11.8,11.7
2026-03-30 20:30:00,0.31224178,0.42395698,11.8,11.7
2026-03-30 20:35:00,0.3121642,0.42380182,11.74,11.7
2026-03-30 20:40:00,0.31197025,0.42399577,11.7,11.7
2026-03-30 20:45:00,0.31204783,0.4238794,11.7,11.7
2026-03-30 20:50:00,0.31189267,0.42407335,11.7,11.6
2026-03-30 20:55:00,0.31181509,0.42395698,11.62,11.6
2026-03-30 21:00:00,0.31162114,0.42403456,11.6,11.6
2026-03-30 21:05:00,0.31142719,0.42418972,11.6,11.6
2026-03-30 21:10:00,0.3113884,0.42430609,11.5,11.6
2026-03-30 21:15:00,0.31131082,0.42430609,11.5,11.52
2026-03-30 21:20:00,0.31131082,0.42407335,11.5,11.5
2026-03-30 21:25:00,0.3110005,0.42415093,11.4,11.5
2026-03-30 21:30:00,0.31092292,0.42407335,11.4,11.5
2026-03-30 21:35:00,0.31084534,0.42407335,11.4,11.42
2026-03-30 21:40:00,0.31069018,0.42399577,11.4,11.4
2026-03-30 21:45:00,0.31065139,0.4242673,11.4,11.4
2026-03-30 21:50:00,0.31041865,0.42403456,11.4,11.4
2026-03-30 21:55:00,0.31049623,0.42438367,11.4,11.4
2026-03-30 22:00:00,0.31026349,0.42407335,11.4,11.4
2026-03-30 22:05:00,0.31026349,0.42418972,11.4,11.36
2026-03-30 22:10:00,0.31006954,0.4242673,11.4,11.3
2026-03-30 22:15:00,0.30987559,0.42411214,11.48,11.3
2026-03-30 22:20:00,0.30987559,0.42306481,11.5,11.3
2026-03-30 22:25:00,0.30968164,0.42209506,11.58,11.3
2026-03-30 22:30:00,0.30952648,0.42197869,11.62,11.3
2026-03-30 22:35:00,0.3094489,0.42197869,11.7,11.3
2026-03-30 22:40:00,0.30929374,0.42221143,11.78,11.38
2026-03-30 22:45:00,0.30925495,0.4219399,11.84,11.4
2026-03-30 22:50:00,0.30902221,0.42201748,11.94,11.4
2026-03-30 22:55:00,0.30859552,0.42190111,12.04,11.4
2026-03-30 23:00:00,0.30847915,0.42178474,12.16,11.4
2026-03-30 23:05:00,0.30809125,0.42221143,12.32,11.48
2026-03-30 23:10:00,0.30781972,0.42178474,12.46,11.5
2026-03-30 23:15:00,0.30766456,0.42166837,12.62,11.5
2026-03-30 23:20:00,0.30766456,0.42159079,12.76,11.6
2026-03-30 23:25:00,0.30743182,0.42147442,12.88,11.6
2026-03-30 23:30:00,0.3071215,0.42135805,12.98,11.66
2026-03-30 23:35:00,0.30677239,0.42159079,13.08,11.7
2026-03-30 23:40:00,0.30646207,0.42135805,13.2,11.76
2026-03-30 23:45:00,0.30615175,0.42178474,13.34,11.8
2026-03-30 23:50:00,0.30599659,0.42128047,13.46,11.86
2026-03-30 23:55:00,0.30572506,0.42124168,13.6,11.9
2026-03-31 00:00:00,0.30537595,0.42131926,13.74,11.98
2026-03-31 00:05:00,0.30514321,0.42131926,13.88,12.0
2026-03-31 00:10:00,0.30494926,0.42143563,14.0,12.1
2026-03-31 00:15:00,0.30483289,0.42093136,14.0,12.14
2026-03-31 00:20:00,0.30487168,0.4207762,14.0,12.2
2026-03-31 00:25:00,0.30448378,0.42104773,14.0,12.24
2026-03-31 00:30:00,0.30448378,0.42065983,14.0,12.3
2026-03-31 00:35:00,0.30425104,0.42089257,14.04,12.32
2026-03-31 00:40:00,0.30413467,0.42054346,14.12,12.4
2026-03-31 00:45:00,0.30382435,0.42081499,14.24,12.4
2026-03-31 00:50:00,0.30378556,0.42065983,14.36,12.42
2026-03-31 00:55:00,0.30359161,0.42034951,14.46,12.5
2026-03-31 01:00:00,0.30335887,0.41988403,14.54,12.5
2026-03-31 01:05:00,0.30312613,0.4196125,14.6,12.6
2026-03-31 01:10:00,0.30293218,0.42166837,14.68,12.62
2026-03-31 01:15:00,0.30277702,0.42217264,14.7,12.7
2026-03-31 01:20:00,0.30266065,0.42197869,14.78,12.72
2026-03-31 01:25:00,0.30242791,0.42201748,14.88,12.8
2026-03-31 01:30:00,0.30235033,0.42197869,15.04,12.82
2026-03-31 01:35:00,0.30231154,0.42209506,15.2,12.9
2026-03-31 01:40:00,0.30204001,0.42128047,15.36,12.94
2026-03-31 01:45:00,0.3016909,0.42139684,15.54,13.0
2026-03-31 01:50:00,0.30153574,0.42108652,15.74,13.1
2026-03-31 01:55:00,0.301303,0.4207762,15.92,13.16
2026-03-31 02:00:00,0.30122542,0.4203883,16.06,13.2
2026-03-31 02:05:00,0.30118663,0.41972887,16.24,13.3
2026-03-31 02:10:00,0.30083752,0.41945734,16.36,13.36
2026-03-31 02:15:00,0.30083752,0.41903065,16.48,13.46
2026-03-31 02:20:00,0.3005272,0.4184488,16.58,13.52
2026-03-31 02:25:00,0.30025567,0.41868154,16.64,13.6
2026-03-31 02:30:00,0.30025567,0.41856517,16.7,13.68
2026-03-31 02:35:00,0.29998414,0.41860396,16.7,13.74
2026-03-31 02:40:00,0.29994535,0.41852638,16.78,13.82
2026-03-31 02:45:00,0.29963503,0.41841001,16.8,13.9
2026-03-31 02:50:00,0.29951866,0.41825485,16.82,13.9
2026-03-31 02:55:00,0.29932471,0.41813848,16.9,13.9
2026-03-31 03:00:00,0.29928592,0.41798332,16.9,13.98
2026-03-31 03:05:00,0.29913076,0.41794453,16.9,14.0
2026-03-31 03:10:00,0.29882044,0.41763421,16.9,14.1
2026-03-31 03:15:00,0.29889802,0.41732389,16.92,14.12
2026-03-31 03:20:00,0.29854891,0.41697478,17.0,14.2
2026-03-31 03:25:00,0.29835496,0.41685841,17.04,14.26
2026-03-31 03:30:00,0.29816101,0.41647051,17.16,14.32
2026-03-31 03:35:00,0.29792827,0.41592745,17.28,14.4
2026-03-31 03:40:00,0.29773432,0.41546197,17.42,14.48
2026-03-31 03:45:00,0.29750158,0.41488012,17.56,14.56
2026-03-31 03:50:00,0.29726884,0.41460859,17.66,14.62
2026-03-31 03:55:00,0.29699731,0.41480254,17.76,14.7
2026-03-31 04:00:00,0.29676457,0.41414311,17.86,14.8
2026-03-31 04:05:00,0.2966482,0.41321215,17.98,14.86
2026-03-31 04:10:00,0.29645425,0.41317336,18.08,14.9
2026-03-31 04:15:00,0.29610514,0.41297941,18.22,15.0
2026-03-31 04:20:00,0.29602756,0.4126303,18.34,15.08
2026-03-31 04:25:00,0.29579482,0.41247514,18.44,15.14
2026-03-31 04:30:00,0.29560087,0.41235877,18.5,15.2
2026-03-31 04:35:00,0.29529055,0.41247514,18.6,15.3
2026-03-31 04:40:00,0.2950966,0.41259151,18.62,15.4
2026-03-31 04:45:00,0.29498023,0.41274667,18.7,15.48
2026-03-31 04:50:00,0.29490265,0.4130182,18.7,15.6
2026-03-31 04:55:00,0.2947087,0.41274667,18.7,15.68
2026-03-31 05:00:00,0.29463112,0.41255272,18.7,15.76
2026-03-31 05:05:00,0.29447596,0.41247514,18.7,15.84
2026-03-31 05:10:00,0.29416564,0.41231998,18.7,15.9
2026-03-31 05:15:00,0.29404927,0.41220361,18.7,16.0
2026-03-31 05:20:00,0.29381653,0.41200966,18.7,16.04
2026-03-31 05:25:00,0.29377774,0.41193208,18.7,16.1
2026-03-31 05:30:00,0.29358379,0.41166055,18.7,16.18
2026-03-31 05:35:00,0.29335105,0.41150539,18.7,16.2
2026-03-31 05:40:00,0.29319589,0.41138902,18.62,16.3
2026-03-31 05:45:00,0.29311831,0.41123386,18.6,16.3
2026-03-31 05:50:00,0.29296315,0.41111749,18.6,16.4
2026-03-31 05:55:00,0.29300194,0.41076838,18.54,16.4
2026-03-31 06:00:00,0.29280799,0.41061322,18.5,16.46
2026-03-31 06:05:00,0.29257525,0.41034169,18.46,16.5
2026-03-31 06:10:00,0.29253646,0.41010895,18.4,16.5
2026-03-31 06:15:00,0.29245888,0.40987621,18.32,16.56
2026-03-31 06:20:00,0.29230372,0.40968226,18.28,16.6
2026-03-31 06:25:00,0.29218735,0.40960468,18.2,16.6
2026-03-31 06:30:00,0.29222614,0.4095271,18.12,16.6
2026-03-31 06:35:00,0.29214856,0.40944952,18.04,16.6
2026-03-31 06:40:00,0.29218735,0.40933315,17.98,16.6
2026-03-31 06:45:00,0.29203219,0.40948831,17.9,16.6
2026-03-31 06:50:00,0.29183824,0.40968226,17.82,16.6
2026-03-31 06:55:00,0.29172187,0.40948831,17.78,16.6
2026-03-31 07:00:00,0.29176066,0.40910041,17.7,16.6
2026-03-31 07:05:00,0.29164429,0.4083634,17.64,16.6
2026-03-31 07:10:00,0.29164429,0.40708333,17.58,16.6
2026-03-31 07:15:00,0.29152792,0.40650148,17.5,16.6
2026-03-31 07:20:00,0.29148913,0.40677301,17.42,16.6
2026-03-31 07:25:00,0.29145034,0.40669543,17.38,16.6
2026-03-31 07:30:00,0.29133397,0.40654027,17.3,16.5
2026-03-31 07:35:00,0.29125639,0.40607479,17.24,16.5
2026-03-31 07:40:00,0.2912176,0.40615237,17.2,16.5
2026-03-31 07:45:00,0.29114002,0.40588084,17.1,16.5
2026-03-31 07:50:00,0.29114002,0.40591963,17.06,16.48
2026-03-31 07:55:00,0.29106244,0.40529899,16.98,16.4
2026-03-31 08:00:00,0.29106244,0.40518262,16.9,16.4
2026-03-31 08:05:00,0.29098486,0.40529899,16.8,16.4
2026-03-31 08:10:00,0.2908297,0.40529899,16.72,16.4
2026-03-31 08:15:00,0.29075212,0.40518262,16.64,16.32
2026-03-31 08:20:00,0.29067454,0.40510504,16.58,16.3
2026-03-31 08:25:00,0.29067454,0.40514383,16.5,16.3
2026-03-31 08:30:00,0.29067454,0.40506625,16.4,16.28
2026-03-31 08:35:00,0.29040301,0.40537657,16.32,16.2
2026-03-31 08:40:00,0.29020906,0.40549294,16.24,16.2
2026-03-31 08:45:00,0.29036422,0.40549294,16.18,16.2
2026-03-31 08:50:00,0.29013148,0.40533778,16.1,16.1
2026-03-31 08:55:00,0.29009269,0.40514383,16.02,16.1
2026-03-31 09:00:00,0.29017027,0.40502746,15.96,16.08
2026-03-31 09:05:00,0.29009269,0.4048723,15.88,16.0
2026-03-31 09:10:00,0.29013148,0.40475593,15.8,16.0
2026-03-31 09:15:00,0.29009269,0.4048723,15.7,15.94
2026-03-31 09:20:00,0.28989874,0.40506625,15.62,15.9
2026-03-31 09:25:00,0.2900539,0.40518262,15.56,15.9
2026-03-31 09:30:00,0.2900539,0.40557052,15.48,15.8
2026-03-31 09:35:00,0.29001511,0.40580326,15.4,15.8
2026-03-31 09:40:00,0.2900539,0.40591963,15.3,15.74
2026-03-31 09:45:00,0.28993753,0.40607479,15.22,15.7
2026-03-31 09:50:00,0.28997632,0.40580326,15.14,15.68
2026-03-31 09:55:00,0.28989874,0.40557052,15.06,15.6
2026-03-31 10:00:00,0.28993753,0.4056481,14.98,15.6
2026-03-31 10:05:00,0.28989874,0.40568689,14.9,15.5
2026-03-31 10:10:00,0.28989874,0.40572568,14.8,15.5
2026-03-31 10:15:00,0.28985995,0.40568689,14.72,15.42
2026-03-31 10:20:00,0.29001511,0.4056481,14.64,15.4
2026-03-31 10:25:00,0.29009269,0.40557052,14.6,15.34
2026-03-31 10:30:00,0.2900539,0.40560931,14.52,15.3
2026-03-31 10:35:00,0.28997632,0.40557052,14.5,15.24
2026-03-31 10:40:00,0.28993753,0.40584205,14.44,15.2
2026-03-31 10:45:00,0.28993753,0.40584205,14.4,15.16
2026-03-31 10:50:00,0.28989874,0.406036,14.36,15.1
2026-03-31 10:55:00,0.28997632,0.40607479,14.3,15.08
2026-03-31 11:00:00,0.28997632,0.40580326,14.28,15.0
2026-03-31 11:05:00,0.29001511,0.40576447,14.2,15.0
2026-03-31 11:10:00,0.28989874,0.40634632,14.2,14.92
2026-03-31 11:15:00,0.28997632,0.40599721,14.1,14.9
2026-03-31 11:20:00,0.29001511,0.40630753,14.1,14.86
2026-03-31 11:25:00,0.28997632,0.40646269,14.08,14.8
2026-03-31 11:30:00,0.28993753,0.40654027,14.0,14.8
2026-03-31 11:35:00,0.29001511,0.40634632,14.0,14.72
2026-03-31 11:40:00,0.29001511,0.40638511,14.0,14.7
2026-03-31 11:45:00,0.28997632,0.40654027,13.9,14.68
2026-03-31 11:50:00,0.28997632,0.40638511,13.9,14.6
2026-03-31 11:55:00,0.28985995,0.40630753,13.9,14.6
2026-03-31 12:00:00,0.28993753,0.406036,13.88,14.56
2026-03-31 12:05:00,0.28993753,0.40626874,13.8,14.5
2026-03-31 12:10:00,0.2900539,0.40619116,13.8,14.5
2026-03-31 12:15:00,0.28989874,0.40615237,13.8,14.46
2026-03-31 12:20:00,0.28985995,0.40595842,13.8,14.4
2026-03-31 12:25:00,0.28989874,0.40630753,13.74,14.4
2026-03-31 12:30:00,0.28993753,0.40599721,13.7,14.36
2026-03-31 12:35:00,0.28989874,0.40591963,13.7,14.3
2026-03-31 12:40:00,0.28985995,0.406036,13.68,14.3
2026-03-31 12:45:00,0.28989874,0.40584205,13.6,14.3
2026-03-31 12:50:00,0.28985995,0.40584205,13.6,14.22
2026-03-31 12:55:00,0.28997632,0.40572568,13.5,14.2
2026-03-31 13:00:00,0.29001511,0.40591963,13.5,14.2
2026-03-31 13:05:00,0.28993753,0.40599721,13.42,14.18
2026-03-31 13:10:00,0.29001511,0.40607479,13.4,14.1
2026-03-31 13:15:00,0.28993753,0.40572568,13.36,14.1
2026-03-31 13:20:00,0.2900539,0.40591963,13.3,14.1
2026-03-31 13:25:00,0.29001511,0.40576447,13.26,14.04
2026-03-31 13:30:00,0.28997632,0.40630753,13.2,14.0
2026-03-31 13:35:00,0.29013148,0.40599721,13.2,14.0
2026-03-31 13:40:00,0.29009269,0.40607479,13.1,13.98
2026-03-31 13:45:00,0.29009269,0.40615237,13.1,13.9
2026-03-31 13:50:00,0.2900539,0.40657906,13.04,13.9
2026-03-31 13:55:00,0.29017027,0.40634632,13.0,13.9
2026-03-31 14:00:00,0.29009269,0.40630753,13.0,13.82
2026-03-31 14:05:00,0.28997632,0.40657906,12.92,13.8
2026-03-31 14:10:00,0.29009269,0.4064239,12.9,13.8
2026-03-31 14:15:00,0.29001511,0.40634632,12.9,13.74
2026-03-31 14:20:00,0.29009269,0.40646269,12.8,13.7
2026-03-31 14:25:00,0.29017027,0.40646269,12.8,13.7
2026-03-31 14:30:00,0.29028664,0.40622995,12.78,13.68
2026-03-31 14:35:00,0.29020906,0.40634632,12.7,13.6
2026-03-31 14:40:00,0.29024785,0.40634632,12.7,13.6
2026-03-31 14:45:00,0.29013148,0.40661785,12.68,13.6
2026-03-31 14:50:00,0.29017027,0.40654027,12.6,13.52
2026-03-31 14:55:00,0.29020906,0.40700575,12.6,13.5
2026-03-31 15:00:00,0.29028664,0.40665664,12.6,13.5
2026-03-31 15:05:00,0.29028664,0.40688938,12.5,13.46
2026-03-31 15:10:00,0.29032543,0.40704454,12.5,13.4
2026-03-31 15:15:00,0.29032543,0.40696696,12.5,13.4
2026-03-31 15:20:00,0.29028664,0.40708333,12.44,13.4
2026-03-31 15:25:00,0.29036422,0.40712212,12.4,13.3
2026-03-31 15:30:00,0.29017027,0.40696696,12.4,13.3
2026-03-31 15:35:00,0.29017027,0.40716091,12.4,13.3
2026-03-31 15:40:00,0.29009269,0.40685059,12.32,13.26
2026-03-31 15:45:00,0.29013148,0.40685059,12.3,13.2
2026-03-31 15:50:00,0.29013148,0.40669543,12.3,13.2
2026-03-31 15:55:00,0.29020906,0.40654027,12.28,13.2
2026-03-31 16:00:00,0.29024785,0.40650148,12.2,13.12
2026-03-31 16:05:00,0.29009269,0.40646269,12.2,13.1
2026-03-31 16:10:00,0.2900539,0.40654027,12.2,13.1
2026-03-31 16:15:00,0.29013148,0.40650148,12.2,13.1
2026-03-31 16:20:00,0.29017027,0.40634632,12.1,13.02
2026-03-31 16:25:00,0.29020906,0.4064239,12.1,13.0
2026-03-31 16:30:00,0.29009269,0.40622995,12.1,13.0
2026-03-31 16:35:00,0.29013148,0.40611358,12.1,13.0
2026-03-31 16:40:00,0.29020906,0.40607479,12.08,12.92
2026-03-31 16:45:00,0.29009269,0.40622995,12.0,12.9
2026-03-31 16:50:00,0.29017027,0.40619116,12.0,12.9
2026-03-31 16:55:00,0.29013148,0.4064239,12.0,12.9
2026-03-31 17:00:00,0.2900539,0.40599721,12.0,12.86
2026-03-31 17:05:00,0.28993753,0.40595842,12.0,12.8
2026-03-31 17:10:00,0.29017027,0.40591963,12.0,12.8
2026-03-31 17:15:00,0.29013148,0.406036,12.0,12.8
2026-03-31 17:20:00,0.29001511,0.40580326,12.0,12.8
2026-03-31 17:25:00,0.2900539,0.40591963,12.0,12.72
2026-03-31 17:30:00,0.29009269,0.40588084,12.0,12.7
2026-03-31 17:35:00,0.29017027,0.40591963,12.0,12.7
2026-03-31 17:40:00,0.29009269,0.40580326,12.0,12.7
2026-03-31 17:45:00,0.29013148,0.40588084,12.0,12.7
2026-03-31 17:50:00,0.28997632,0.40584205,12.0,12.64
2026-03-31 17:55:00,0.29001511,0.4056481,12.0,12.6
2026-03-31 18:00:00,0.29009269,0.40591963,12.0,12.6
2026-03-31 18:05:00,0.2900539,0.40576447,12.0,12.6
2026-03-31 18:10:00,0.29001511,0.40599721,12.0,12.6
2026-03-31 18:15:00,0.2900539,0.40568689,12.0,12.6
2026-03-31 18:20:00,0.28985995,0.40572568,12.0,12.6
2026-03-31 18:25:00,0.28989874,0.40553173,12.0,12.52
2026-03-31 18:30:00,0.28993753,0.40588084,12.0,12.5
2026-03-31 18:35:00,0.29001511,0.40580326,12.0,12.5
2026-03-31 18:40:00,0.28985995,0.4056481,12.0,12.5
2026-03-31 18:45:00,0.28997632,0.4056481,12.0,12.5
2026-03-31 18:50:00,0.28989874,0.40576447,12.0,12.5
2026-03-31 18:55:00,0.28982116,0.4056481,12.0,12.5
2026-03-31 19:00:00,0.28985995,0.40588084,12.0,12.5
2026-03-31 19:05:00,0.28985995,0.40580326,11.94,12.5
2026-03-31 19:10:00,0.28982116,0.40568689,11.9,12.44
2026-03-31 19:15:00,0.28982116,0.40553173,11.9,12.4
2026-03-31 19:20:00,0.29001511,0.40553173,11.9,12.4
2026-03-31 19:25:00,0.28985995,0.40568689,11.84,12.4
2026-03-31 19:30:00,0.28982116,0.40537657,11.8,12.4
2026-03-31 19:35:00,0.28982116,0.40549294,11.8,12.4
2026-03-31 19:40:00,0.28985995,0.40533778,11.8,12.4
2026-03-31 19:45:00,0.28985995,0.40549294,11.7,12.4
2026-03-31 19:50:00,0.28985995,0.40545415,11.7,12.36
2026-03-31 19:55:00,0.28974358,0.40560931,11.7,12.3
2026-03-31 20:00:00,0.28985995,0.40549294,11.7,12.3
2026-03-31 20:05:00,0.28982116,0.40533778,11.7,12.3
2026-03-31 20:10:00,0.28985995,0.40588084,11.7,12.3
2026-03-31 20:15:00,0.28978237,0.40553173,11.7,12.3
2026-03-31 20:20:00,0.28970479,0.40584205,11.7,12.28
2026-03-31 20:25:00,0.28989874,0.40533778,11.66,12.2
2026-03-31 20:30:00,0.28974358,0.40533778,11.6,12.2
2026-03-31 20:35:00,0.28974358,0.40541536,11.6,12.2
2026-03-31 20:40:00,0.28974358,0.40537657,11.6,12.2
2026-03-31 20:45:00,0.28978237,0.40580326,11.58,12.2
2026-03-31 20:50:00,0.28970479,0.40568689,11.5,12.2
2026-03-31 20:55:00,0.289666,0.40549294,11.5,12.18
2026-03-31 21:00:00,0.28970479,0.40557052,11.5,12.1
2026-03-31 21:05:00,0.28970479,0.4056481,11.5,12.1
2026-03-31 21:10:00,0.28962721,0.40557052,11.5,12.1
2026-03-31 21:15:00,0.289666,0.40568689,11.5,12.1
2026-03-31 21:20:00,0.28962721,0.40537657,11.5,12.1
2026-03-31 21:25:00,0.28962721,0.40537657,11.5,12.1
2026-03-31 21:30:00,0.289666,0.40557052,11.5,12.06
2026-03-31 21:35:00,0.28978237,0.40557052,11.6,12.0
2026-03-31 21:40:00,0.289666,0.40572568,11.6,12.0
2026-03-31 21:45:00,0.28970479,0.40545415,11.6,12.0
2026-03-31 21:50:00,0.289666,0.40533778,11.6,12.0
2026-03-31 21:55:00,0.289666,0.40560931,11.6,12.0
2026-03-31 22:00:00,0.28958842,0.40557052,11.6,12.0
2026-03-31 22:05:00,0.28958842,0.40560931,11.6,12.0
2026-03-31 22:10:00,0.28954963,0.4056481,11.6,12.0
2026-03-31 22:15:00,0.28962721,0.40545415,11.6,12.0
2026-03-31 22:20:00,0.28958842,0.40568689,11.6,12.0
2026-03-31 22:25:00,0.28951084,0.40549294,11.6,11.98
2026-03-31 22:30:00,0.28951084,0.40549294,11.6,11.9
2026-03-31 22:35:00,0.28939447,0.4056481,11.64,11.9
2026-03-31 22:40:00,0.28951084,0.40560931,11.7,11.9
2026-03-31 22:45:00,0.28951084,0.40572568,11.7,11.9
2026-03-31 22:50:00,0.28947205,0.40572568,11.78,11.9
2026-03-31 22:55:00,0.28939447,0.40584205,11.8,11.9
2026-03-31 23:00:00,0.28943326,0.40553173,11.9,11.9
2026-03-31 23:05:00,0.28939447,0.40553173,11.94,11.9
2026-03-31 23:10:00,0.2892781,0.40568689,12.0,11.9
2026-03-31 23:15:00,0.28931689,0.40572568,12.06,11.9
2026-03-31 23:20:00,0.28923931,0.40549294,12.14,11.9
2026-03-31 23:25:00,0.2892781,0.4056481,12.22,11.9
2026-03-31 23:30:00,0.28920052,0.40541536,12.3,11.9
2026-03-31 23:35:00,0.28904536,0.4056481,12.4,11.98
2026-03-31 23:40:00,0.28900657,0.40560931,12.5,12.0
2026-03-31 23:45:00,0.28900657,0.40549294,12.6,12.0
2026-03-31 23:50:00,0.28896778,0.40557052,12.68,12.0
2026-03-31 23:55:00,0.28885141,0.40541536,12.74,12.0
2026-04-01 00:00:00,0.28869625,0.40533778,12.8,12.0
2026-04-01 00:05:00,0.28869625,0.40572568,12.9,12.08
2026-04-01 00:10:00,0.28865746,0.40557052,12.98,12.1
2026-04-01 00:15:00,0.28861867,0.40541536,13.0,12.1
2026-04-01 00:20:00,0.28846351,0.40537657,13.1,12.1
2026-04-01 00:25:00,0.28826956,0.40572568,13.1,12.2
2026-04-01 00:30:00,0.28830835,0.40549294,13.1,12.2
2026-04-01 00:35:00,0.28830835,0.40510504,13.12,12.2
2026-04-01 00:40:00,0.28830835,0.40518262,13.2,12.24
2026-04-01 00:45:00,0.28830835,0.40529899,13.2,12.3
2026-04-01 00:50:00,0.28815319,0.40529899,13.24,12.3
2026-04-01 00:55:00,0.28815319,0.4052602,13.3,12.3
2026-04-01 01:00:00,0.2881144,0.40502746,13.4,12.38
2026-04-01 01:05:00,0.28803682,0.40545415,13.48,12.4
2026-04-01 01:10:00,0.28792045,0.40510504,13.54,12.4
2026-04-01 01:15:00,0.28788166,0.40491109,13.62,12.4
2026-04-01 01:20:00,0.28788166,0.40502746,13.7,12.5
2026-04-01 01:25:00,0.2877265,0.40498867,13.74,12.5
2026-04-01 01:30:00,0.2877265,0.40479472,13.8,12.5
2026-04-01 01:35:00,0.2877265,0.4052602,13.8,12.56
2026-04-01 01:40:00,0.28761013,0.40475593,13.88,12.6
2026-04-01 01:45:00,0.28761013,0.40514383,13.9,12.6
2026-04-01 01:50:00,0.28757134,0.40463956,13.94,12.64
2026-04-01 01:55:00,0.28753255,0.40456198,14.0,12.7
2026-04-01 02:00:00,0.28741618,0.40491109,14.04,12.7
2026-04-01 02:05:00,0.28741618,0.40463956,14.1,12.72
2026-04-01 02:10:00,0.33726133,0.40471714,14.16,12.8
2026-04-01 02:15:00,0.35956558,0.40483351,14.36,12.8
2026-04-01 02:20:00,0.35107057,0.40584205,14.4,12.8
2026-04-01 02:25:00,0.34660972,0.40712212,14.5,12.9
2026-04-01 02:30:00,0.3447478,0.41131144,14.58,12.9
2026-04-01 02:35:00,0.34335136,0.41437585,14.68,12.9
2026-04-01 02:40:00,0.34133428,0.41709115,14.78,12.98
2026-04-01 02:45:00,0.34017058,0.41678083,14.86,13.04
2026-04-01 02:50:00,0.33842503,0.41678083,14.96,13.12
2026-04-01 02:55:00,0.33706738,0.41658688,15.06,13.2
2026-04-01 03:00:00,0.33590368,0.4161214,15.14,13.28
2026-04-01 03:05:00,0.33528304,0.4157335,15.2,13.3
2026-04-01 03:10:00,0.33431329,0.41569471,15.3,13.36
2026-04-01 03:15:00,0.33330475,0.41600503,15.38,13.4
2026-04-01 03:20:00,0.33252895,0.41639293,15.46,13.4
2026-04-01 03:25:00,0.33190831,0.41666446,15.5,13.46
2026-04-01 03:30:00,0.33105493,0.41693599,15.56,13.5
2026-04-01 03:35:00,0.33024034,0.41716873,15.6,13.5
2026-04-01 03:40:00,0.32965849,0.41747905,15.6,13.56
2026-04-01 03:45:00,0.32899906,0.41775058,15.6,13.6
2026-04-01 03:50:00,0.32721472,0.41786695,15.6,13.6
2026-04-01 03:55:00,0.32550796,0.4180609,15.6,13.66
2026-04-01 04:00:00,0.32473216,0.41829364,15.6,13.7
2026-04-01 04:05:00,0.32426668,0.41841001,15.68,13.7
2026-04-01 04:10:00,0.32395636,0.41868154,15.7,13.7
2026-04-01 04:15:00,0.32310298,0.41848759,15.7,13.8
2026-04-01 04:20:00,0.32294782,0.41860396,15.64,13.8
2026-04-01 04:25:00,0.32259871,0.41891428,15.6,13.8
2026-04-01 04:30:00,0.3222496,0.41875912,15.6,13.8
2026-04-01 04:35:00,0.32201686,0.4188367,15.6,13.8
2026-04-01 04:40:00,0.32174533,0.41868154,15.6,13.86
2026-04-01 04:45:00,0.3214738,0.41887549,15.6,13.9
2026-04-01 04:50:00,0.32100832,0.4188367,15.6,13.9
2026-04-01 04:55:00,0.320698,0.4184488,15.6,13.9
2026-04-01 05:00:00,0.32042647,0.41864275,15.6,13.9
2026-04-01 05:05:00,0.3203101,0.41848759,15.6,13.9
2026-04-01 05:10:00,0.32027131,0.41829364,15.6,13.92
2026-04-01 05:15:00,0.31988341,0.41841001,15.6,14.0
2026-04-01 05:20:00,0.31961188,0.41833243,15.6,14.0
2026-04-01 05:25:00,0.31930156,0.41809969,15.6,14.0
2026-04-01 05:30:00,0.31906882,0.41848759,15.6,14.0
2026-04-01 05:35:00,0.31879729,0.41821606,15.6,14.0
2026-04-01 05:40:00,0.31852576,0.41817727,15.66,14.0
2026-04-01 05:45:00,0.31813786,0.41821606,15.7,14.0
2026-04-01 05:50:00,0.31771117,0.41759542,15.7,14.06
2026-04-01 05:55:00,0.3175948,0.41693599,15.72,14.1
2026-04-01 06:00:00,0.31736206,0.41674204,15.8,14.1
2026-04-01 06:05:00,0.31724569,0.41600503,15.8,14.1
2026-04-01 06:10:00,0.31712932,0.41569471,15.8,14.1
2026-04-01 06:15:00,0.31685779,0.41507407,15.8,14.12
2026-04-01 06:20:00,0.31662505,0.4141819,15.8,14.2
2026-04-01 06:25:00,0.31631473,0.41309578,15.8,14.2
2026-04-01 06:30:00,0.31615957,0.4130182,15.8,14.2
2026-04-01 06:35:00,0.31584925,0.41270788,15.8,14.2
2026-04-01 06:40:00,0.31557772,0.4122424,15.8,14.2
2026-04-01 06:45:00,0.31534498,0.41181571,15.8,14.26
2026-04-01 06:50:00,0.31522861,0.41162176,15.8,14.3
2026-04-01 06:55:00,0.31507345,0.41208724,15.8,14.3
2026-04-01 07:00:00,0.31468555,0.41235877,15.8,14.3
2026-04-01 07:05:00,0.31437523,0.41239756,15.8,14.4
2026-04-01 07:10:00,0.31398733,0.41231998,15.74,14.4
2026-04-01 07:15:00,0.31383217,0.41239756,15.7,14.4
2026-04-01 07:20:00,0.3137158,0.41216482,15.7,14.4
2026-04-01 07:25:00,0.31348306,0.41208724,15.7,14.4
2026-04-01 07:30:00,0.31290121,0.41189329,15.6,14.4
2026-04-01 07:35:00,0.31278484,0.41173813,15.6,14.4
2026-04-01 07:40:00,0.31259089,0.41135023,15.52,14.42
2026-04-01 07:45:00,0.31247452,0.41119507,15.5,14.5
2026-04-01 07:50:00,0.31220299,0.41088475,15.44,14.5
2026-04-01 07:55:00,0.31228057,0.41053564,15.4,14.5
2026-04-01 08:00:00,0.31220299,0.4103029,15.4,14.5
2026-04-01 08:05:00,0.31208662,0.41018653,15.3,14.5
2026-04-01 08:10:00,0.31204783,0.40979863,15.3,14.5
2026-04-01 08:15:00,0.31103929,0.40937194,15.24,14.44
2026-04-01 08:20:00,0.31072897,0.40929436,15.2,14.4
2026-04-01 08:25:00,0.3106126,0.40898404,15.18,14.4
2026-04-01 08:30:00,0.31030228,0.40863493,15.1,14.4
2026-04-01 08:35:00,0.31026349,0.40828582,15.04,14.4
2026-04-01 08:40:00,0.30999196,0.40801429,15.0,14.4
2026-04-01 08:45:00,0.30991438,0.40762639,14.9,14.4
2026-04-01 08:50:00,0.3098368,0.40735486,14.84,14.4
2026-04-01 08:55:00,0.30968164,0.40696696,14.8,14.4
2026-04-01 09:00:00,0.3094489,0.406036,14.7,14.3
2026-04-01 09:05:00,0.30948769,0.40572568,14.64,14.3
2026-04-01 09:10:00,0.3094489,0.40553173,14.58,14.3
2026-04-01 09:15:00,0.30941011,0.40568689,14.5,14.3
2026-04-01 09:20:00,0.30925495,0.40529899,14.44,14.3
2026-04-01 09:25:00,0.30929374,0.40541536,14.38,14.2
2026-04-01 09:30:00,0.30921616,0.40541536,14.3,14.2
2026-04-01 09:35:00,0.30886705,0.40506625,14.22,14.2
2026-04-01 09:40:00,0.30882826,0.40510504,14.18,14.18
2026-04-01 09:45:00,0.30878947,0.40494988,14.1,14.1
2026-04-01 09:50:00,0.30859552,0.40494988,14.02,14.1
2026-04-01 09:55:00,0.3086731,0.40467835,13.94,14.1
2026-04-01 10:00:00,0.30859552,0.40498867,13.88,14.04
2026-04-01 10:05:00,0.30859552,0.40463956,13.8,14.0
2026-04-01 10:10:00,0.30871189,0.40479472,13.72,14.0
2026-04-01 10:15:00,0.3086731,0.4048723,13.66,13.94
2026-04-01 10:20:00,0.3086731,0.40475593,13.6,13.9
2026-04-01 10:25:00,0.30871189,0.4044844,13.52,13.9
2026-04-01 10:30:00,0.30851794,0.40452319,13.5,13.82
2026-04-01 10:35:00,0.30855673,0.40494988,13.4,13.8
2026-04-01 10:40:00,0.30824641,0.40491109,13.36,13.8
2026-04-01 10:45:00,0.30813004,0.40475593,13.3,13.7
2026-04-01 10:50:00,0.30855673,0.40494988,13.24,13.7
2026-04-01 10:55:00,0.30847915,0.40479472,13.2,13.68
2026-04-01 11:00:00,0.30832399,0.40483351,13.12,13.6
2026-04-01 11:05:00,0.30832399,0.40514383,13.1,13.6
2026-04-01 11:10:00,0.30832399,0.40456198,13.04,13.54
2026-04-01 11:15:00,0.30832399,0.40494988,13.0,13.5
2026-04-01 11:20:00,0.30816883,0.40444561,12.96,13.5
2026-04-01 11:25:00,0.30824641,0.40429045,12.9,13.42
2026-04-01 11:30:00,0.30797488,0.40366981,12.86,13.4
2026-04-01 11:35:00,0.30809125,0.40301038,12.8,13.4
2026-04-01 11:40:00,0.30797488,0.40204063,12.72,13.3
2026-04-01 11:45:00,0.30801367,0.4009933,12.7,13.3
2026-04-01 11:50:00,0.30793609,0.3990538,12.6,13.24
2026-04-01 11:55:00,0.30793609,0.39501964,12.58,13.2
2026-04-01 12:00:00,0.30781972,0.39459295,12.5,13.2
2026-04-01 12:05:00,0.30793609,0.39420505,12.48,13.12
2026-04-01 12:10:00,0.30801367,0.39436021,12.4,13.1
2026-04-01 12:15:00,0.30793609,0.39451537,12.36,13.1
2026-04-01 12:20:00,0.3078973,0.39420505,12.3,13.02
2026-04-01 12:25:00,0.30770335,0.39451537,12.24,13.0
2026-04-01 12:30:00,0.3075094,0.39447658,12.2,12.98
2026-04-01 12:35:00,0.30743182,0.39467053,12.12,12.9
2026-04-01 12:40:00,0.30743182,0.39467053,12.08,12.9
2026-04-01 12:45:00,0.30735424,0.39490327,12.0,12.84
2026-04-01 12:50:00,0.30731545,0.39494206,12.0,12.8
2026-04-01 12:55:00,0.30739303,0.39529117,11.9,12.8
2026-04-01 13:00:00,0.30731545,0.39505843,11.86,12.7
2026-04-01 13:05:00,0.30727666,0.39498085,11.8,12.7
2026-04-01 13:10:00,0.30716029,0.39509722,11.74,12.68
2026-04-01 13:15:00,0.30708271,0.39505843,11.7,12.6
2026-04-01 13:20:00,0.30696634,0.39525238,11.64,12.6
2026-04-01 13:25:00,0.30684997,0.39505843,11.6,12.54
2026-04-01 13:30:00,0.30684997,0.39490327,11.58,12.5
2026-04-01 13:35:00,0.30688876,0.39532996,11.5,12.5
2026-04-01 13:40:00,0.3067336,0.3951748,11.5,12.4
2026-04-01 13:45:00,0.30677239,0.39529117,11.44,12.4
2026-04-01 13:50:00,0.30677239,0.39509722,11.4,12.38
2026-04-01 13:55:00,0.30677239,0.39525238,11.4,12.3
2026-04-01 14:00:00,0.3067336,0.39525238,11.3,12.3
2026-04-01 14:05:00,0.30665602,0.39513601,11.3,12.24
2026-04-01 14:10:00,0.30661723,0.39529117,11.22,12.2
2026-04-01 14:15:00,0.30661723,0.39567907,11.2,12.2
2026-04-01 14:20:00,0.30653965,0.39536875,11.12,12.12
2026-04-01 14:25:00,0.30661723,0.39513601,11.1,12.1
2026-04-01 14:30:00,0.30650086,0.39521359,11.02,12.1
2026-04-01 14:35:00,0.30650086,0.39525238,11.0,12.02
2026-04-01 14:40:00,0.30642328,0.3951748,10.92,12.0
2026-04-01 14:45:00,0.30650086,0.39513601,10.9,12.0
2026-04-01 14:50:00,0.30642328,0.39521359,10.82,11.92
2026-04-01 14:55:00,0.30650086,0.39544633,10.8,11.9
2026-04-01 15:00:00,0.30646207,0.39548512,10.74,11.9
2026-04-01 15:05:00,0.30642328,0.3951748,10.7,11.8
2026-04-01 15:10:00,0.30650086,0.39521359,10.64,11.8
2026-04-01 15:15:00,0.30642328,0.39532996,10.6,11.78
2026-04-01 15:20:00,0.30646207,0.39540754,10.54,11.7
2026-04-01 15:25:00,0.30642328,0.39532996,10.5,11.7
2026-04-01 15:30:00,0.3063457,0.39525238,10.44,11.66
2026-04-01 15:35:00,0.30630691,0.39552391,10.4,11.6
2026-04-01 15:40:00,0.30626812,0.39525238,10.36,11.6
2026-04-01 15:45:00,0.30622933,0.39532996,10.3,11.54
2026-04-01 15:50:00,0.30619054,0.39548512,10.28,11.5
2026-04-01 15:55:00,0.30630691,0.39560149,10.2,11.5
2026-04-01 16:00:00,0.30626812,0.39529117,10.2,11.42
2026-04-01 16:05:00,0.30611296,0.39564028,10.1,11.4
2026-04-01 16:10:00,0.30622933,0.39548512,10.1,11.38
2026-04-01 16:15:00,0.30619054,0.39548512,10.04,11.3
2026-04-01 16:20:00,0.30607417,0.39544633,10.0,11.3
2026-04-01 16:25:00,0.30611296,0.39540754,9.96,11.24
2026-04-01 16:30:00,0.30619054,0.39548512,9.9,11.2
2026-04-01 16:35:00,0.30603538,0.39548512,9.88,11.2
2026-04-01 16:40:00,0.30603538,0.39583423,9.8,11.12
2026-04-01 16:45:00,0.30603538,0.39548512,9.8,11.1
2026-04-01 16:50:00,0.30607417,0.39575665,9.72,11.1
2026-04-01 16:55:00,0.30599659,0.39591181,9.7,11.0
2026-04-01 17:00:00,0.30611296,0.39583423,9.68,11.0
2026-04-01 17:05:00,0.30599659,0.39560149,9.6,10.98
2026-04-01 17:10:00,0.30599659,0.39579544,9.6,10.9
2026-04-01 17:15:00,0.30588022,0.39575665,9.52,10.9
2026-04-01 17:20:00,0.3059578,0.39567907,9.5,10.88
2026-04-01 17:25:00,0.30591901,0.39567907,9.48,10.8
2026-04-01 17:30:00,0.30584143,0.39587302,9.4,10.8
2026-04-01 17:35:00,0.30568627,0.39602818,9.4,10.76
2026-04-01 17:40:00,0.30576385,0.39602818,9.36,10.7
2026-04-01 17:45:00,0.30572506,0.39610576,9.3,10.7
2026-04-01 17:50:00,0.30580264,0.39583423,9.3,10.66
2026-04-01 17:55:00,0.30568627,0.39583423,9.24,10.6
2026-04-01 18:00:00,0.30576385,0.39610576,9.2,10.6
2026-04-01 18:05:00,0.30568627,0.39645487,9.2,10.54
2026-04-01 18:10:00,0.30564748,0.39618334,9.12,10.5
2026-04-01 18:15:00,0.30564748,0.39622213,9.1,10.5
2026-04-01 18:20:00,0.30576385,0.39606697,9.1,10.44
2026-04-01 18:25:00,0.30560869,0.39629971,9.0,10.4
2026-04-01 18:30:00,0.30560869,0.39618334,9.0,10.4
2026-04-01 18:35:00,0.30564748,0.39629971,9.0,10.34
2026-04-01 18:40:00,0.3055699,0.39626092,8.92,10.3
2026-04-01 18:45:00,0.30568627,0.39637729,8.9,10.3
2026-04-01 18:50:00,0.30560869,0.39598939,8.9,10.26
2026-04-01 18:55:00,0.30560869,0.39618334,8.82,10.2
2026-04-01 19:00:00,0.30545353,0.39622213,8.8,10.2
2026-04-01 19:05:00,0.30549232,0.39622213,8.8,10.18
2026-04-01 19:10:00,0.30564748,0.39657124,8.76,10.1
2026-04-01 19:15:00,0.3055699,0.39657124,8.7,10.1
2026-04-01 19:20:00,0.30553111,0.39622213,8.7,10.1
2026-04-01 19:25:00,0.30553111,0.39649366,8.7,10.02
2026-04-01 19:30:00,0.3055699,0.39618334,8.6,10.0
2026-04-01 19:35:00,0.30549232,0.39618334,8.6,10.0
2026-04-01 19:40:00,0.30541474,0.39637729,8.6,9.94
2026-04-01 19:45:00,0.30553111,0.39645487,8.58,9.9
2026-04-01 19:50:00,0.30533716,0.39618334,8.5,9.9
2026-04-01 19:55:00,0.30537595,0.39649366,8.5,9.86
2026-04-01 20:00:00,0.30537595,0.39645487,8.5,9.8
2026-04-01 20:05:00,0.30545353,0.39626092,8.44,9.8
2026-04-01 20:10:00,0.30525958,0.39664882,8.4,9.8
2026-04-01 20:15:00,0.30541474,0.39649366,8.4,9.7
2026-04-01 20:20:00,0.30537595,0.39645487,8.4,9.7
2026-04-01 20:25:00,0.30529837,0.39641608,8.32,9.7
2026-04-01 20:30:00,0.30533716,0.39622213,8.3,9.66
2026-04-01 20:35:00,0.30533716,0.39661003,8.3,9.6
2026-04-01 20:40:00,0.30525958,0.39637729,8.3,9.6
2026-04-01 20:45:00,0.30522079,0.39657124,8.22,9.6
2026-04-01 20:50:00,0.305182,0.39661003,8.2,9.52
2026-04-01 20:55:00,0.30506563,0.39649366,8.2,9.5
2026-04-01 21:00:00,0.30514321,0.39688156,8.2,9.5
2026-04-01 21:05:00,0.30510442,0.39680398,8.16,9.48
2026-04-01 21:10:00,0.30510442,0.39676519,8.1,9.4
2026-04-01 21:15:00,0.30510442,0.39684277,8.1,9.4
2026-04-01 21:20:00,0.30510442,0.39680398,8.1,9.4
2026-04-01 21:25:00,0.305182,0.39692035,8.04,9.38
2026-04-01 21:30:00,0.30510442,0.39676519,8.0,9.3
2026-04-01 21:35:00,0.30498805,0.39688156,8.0,9.3
2026-04-01 21:40:00,0.30502684,0.39684277,8.0,9.3
2026-04-01 21:45:00,0.30514321,0.39680398,8.0,9.26
2026-04-01 21:50:00,0.30498805,0.39668761,7.92,9.2
2026-04-01 21:55:00,0.30483289,0.39695914,7.9,9.2
2026-04-01 22:00:00,0.30506563,0.39699793,7.9,9.2
2026-04-01 22:05:00,0.30494926,0.39719188,7.9,9.16
2026-04-01 22:10:00,0.30487168,0.39723067,7.96,9.1
2026-04-01 22:15:00,0.30498805,0.39703672,8.0,9.1
2026-04-01 22:20:00,0.30487168,0.39684277,8.0,9.1
2026-04-01 22:25:00,0.30487168,0.39695914,8.06,9.1
2026-04-01 22:30:00,0.30475531,0.3971143,8.12,9.02
2026-04-01 22:35:00,0.30475531,0.39688156,8.2,9.0
2026-04-01 22:40:00,0.30463894,0.39684277,8.3,9.0
2026-04-01 22:45:00,0.30460015,0.39688156,8.38,9.0
2026-04-01 22:50:00,0.30444499,0.39680398,8.48,9.0
2026-04-01 22:55:00,0.30444499,0.39726946,8.62,9.0
2026-04-01 23:00:00,0.30432862,0.39707551,8.74,9.0
2026-04-01 23:05:00,0.30428983,0.39707551,8.86,9.0
2026-04-01 23:10:00,0.30417346,0.39703672,9.0,9.0
2026-04-01 23:15:00,0.3040183,0.39715309,9.14,9.0
2026-04-01 23:20:00,0.30405709,0.39715309,9.28,9.0
2026-04-01 23:25:00,0.30378556,0.39765736,9.42,9.0
2026-04-01 23:30:00,0.30390193,0.39742462,9.56,9.0
2026-04-01 23:35:00,0.30359161,0.39742462,9.7,9.0
2026-04-01 23:40:00,0.30351403,0.39684277,9.86,9.0
2026-04-01 23:45:00,0.30351403,0.39734704,10.04,9.0
2026-04-01 23:50:00,0.30335887,0.39723067,10.22,9.08
2026-04-01 23:55:00,0.3032425,0.39726946,10.4,9.1
2026-04-02 00:00:00,0.30316492,0.39723067,10.62,9.1
2026-04-02 00:05:00,0.30312613,0.3975022,10.82,9.16
2026-04-02 00:10:00,0.30304855,0.39738583,11.02,9.2
2026-04-02 00:15:00,0.30289339,0.39742462,11.24,9.24
2026-04-02 00:20:00,0.30266065,0.39703672,11.48,9.3
2026-04-02 00:25:00,0.30254428,0.39703672,11.7,9.36
2026-04-02 00:30:00,0.30227275,0.39699793,11.9,9.4
2026-04-02 00:35:00,0.30219517,0.39676519,12.1,9.48
2026-04-02 00:40:00,0.30211759,0.39684277,12.28,9.54
2026-04-02 00:45:00,0.30192364,0.39703672,12.5,9.6
2026-04-02 00:50:00,0.3016909,0.39645487,12.7,9.68
2026-04-02 00:55:00,0.30145816,0.3967264,12.9,9.76
2026-04-02 01:00:00,0.30118663,0.39664882,13.12,9.84
2026-04-02 01:05:00,0.30103147,0.39637729,13.32,9.92
2026-04-02 01:10:00,0.30079873,0.39645487,13.52,10.0
2026-04-02 01:15:00,0.30056599,0.39653245,13.72,10.1
2026-04-02 01:20:00,0.30037204,0.39606697,13.92,10.18
2026-04-02 01:25:00,0.30021688,0.39587302,14.1,10.28
2026-04-02 01:30:00,0.30006172,0.39587302,14.3,10.38
2026-04-02 01:35:00,0.29990656,0.39602818,14.48,10.46
2026-04-02 01:40:00,0.29967382,0.39552391,14.66,10.56
2026-04-02 01:45:00,0.29940229,0.39560149,14.84,10.68
2026-04-02 01:50:00,0.2993635,0.39536875,15.0,10.78
2026-04-02 01:55:00,0.29913076,0.39544633,15.16,10.88
2026-04-02 02:00:00,0.29889802,0.39509722,15.34,10.98
2026-04-02 02:05:00,0.29874286,0.39498085,15.48,11.08
2026-04-02 02:10:00,0.29874286,0.39490327,15.64,11.2
2026-04-02 02:15:00,0.29843254,0.39470932,15.76,11.32
2026-04-02 02:20:00,0.29835496,0.39455416,15.86,11.42
2026-04-02 02:25:00,0.29843254,0.39467053,15.96,11.54
2026-04-02 02:30:00,0.2981998,0.39443779,16.0,11.64
2026-04-02 02:35:00,0.29800585,0.39412747,16.0,11.74
2026-04-02 02:40:00,0.29800585,0.39412747,16.0,11.84
2026-04-02 02:45:00,0.2978119,0.3940111,16.0,11.96
2026-04-02 02:50:00,0.29773432,0.39381715,15.92,12.06
2026-04-02 02:55:00,0.29769553,0.39385594,15.86,12.16
2026-04-02 03:00:00,0.29765674,0.39350683,15.8,12.28
2026-04-02 03:05:00,0.297424,0.39346804,15.74,12.38
2026-04-02 03:10:00,0.297424,0.39327409,15.7,12.5
2026-04-02 03:15:00,0.29723005,0.39304135,15.7,12.6
2026-04-02 03:20:00,0.29707489,0.39315772,15.74,12.7
2026-04-02 03:25:00,0.29695852,0.39265345,15.82,12.8
2026-04-02 03:30:00,0.29711368,0.39265345,15.92,12.9
2026-04-02 03:35:00,0.2966482,0.39249829,16.0,13.0
2026-04-02 03:40:00,0.2966482,0.39234313,16.1,13.1
2026-04-02 03:45:00,0.29649304,0.39238192,16.2,13.2
2026-04-02 03:50:00,0.29629909,0.39230434,16.3,13.3
2026-04-02 03:55:00,0.29598877,0.3920716,16.4,13.4
2026-04-02 04:00:00,0.29594998,0.39211039,16.48,13.5
2026-04-02 04:05:00,0.29618272,0.39176128,16.56,13.6
2026-04-02 04:10:00,0.29591119,0.39152854,16.6,13.68
2026-04-02 04:15:00,0.29575603,0.39164491,16.7,13.78
2026-04-02 04:20:00,0.29556208,0.39117943,16.7,13.86
2026-04-02 04:25:00,0.2954845,0.3912958,16.76,13.94
2026-04-02 04:30:00,0.29532934,0.39114064,16.8,14.02
2026-04-02 04:35:00,0.29529055,0.39117943,16.82,14.1
2026-04-02 04:40:00,0.29513539,0.39079153,16.9,14.2
2026-04-02 04:45:00,0.29494144,0.3912958,16.9,14.26
2026-04-02 04:50:00,0.29494144,0.39079153,16.96,14.34
2026-04-02 04:55:00,0.29474749,0.39055879,17.0,14.4
2026-04-02 05:00:00,0.29474749,0.39032605,17.0,14.5
2026-04-02 05:05:00,0.29463112,0.39044242,17.0,14.54
2026-04-02 05:10:00,0.29439838,0.39005452,17.06,14.6
2026-04-02 05:15:00,0.29435959,0.38986057,17.1,14.68
2026-04-02 05:20:00,0.29435959,0.38962783,17.1,14.7
2026-04-02 05:25:00,0.29408806,0.38958904,17.1,14.8
2026-04-02 05:30:00,0.2939329,0.3893563,17.1,14.82
2026-04-02 05:35:00,0.2939329,0.38916235,17.1,14.9
2026-04-02 05:40:00,0.29377774,0.38908477,17.1,14.94
2026-04-02 05:45:00,0.29370016,0.38892961,17.12,15.0
2026-04-02 05:50:00,0.29362258,0.38877445,17.1,15.04
2026-04-02 05:55:00,0.29350621,0.38865808,17.1,15.1
2026-04-02 06:00:00,0.29342863,0.38846413,17.1,15.14
2026-04-02 06:05:00,0.29331226,0.38842534,17.1,15.2
2026-04-02 06:10:00,0.29319589,0.38865808,17.1,15.22
2026-04-02 06:15:00,0.29307952,0.38834776,17.08,15.3
2026-04-02 06:20:00,0.29319589,0.3881926,17.0,15.3
2026-04-02 06:25:00,0.29300194,0.38815381,17.0,15.4
2026-04-02 06:30:00,0.29292436,0.38811502,16.96,15.4
2026-04-02 06:35:00,0.29284678,0.38788228,16.9,15.48
2026-04-02 06:40:00,0.2927692,0.38803744,16.88,15.5
2026-04-02 06:45:00,0.29265283,0.3878047,16.8,15.5
2026-04-02 06:50:00,0.2927692,0.3878047,16.78,15.58
2026-04-02 06:55:00,0.29257525,0.38737801,16.7,15.6
2026-04-02 07:00:00,0.29265283,0.38722285,16.66,15.6
2026-04-02 07:05:00,0.29249767,0.38706769,16.6,15.62
2026-04-02 07:10:00,0.2923813,0.38710648,16.54,15.7
2026-04-02 07:15:00,0.29242009,0.38695132,16.48,15.7
2026-04-02 07:20:00,0.29218735,0.3870289,16.4,15.7
2026-04-02 07:25:00,0.29203219,0.38671858,16.32,15.7
2026-04-02 07:30:00,0.29187703,0.386641,16.26,15.7
2026-04-02 07:35:00,0.29203219,0.38648584,16.2,15.7
2026-04-02 07:40:00,0.29187703,0.38640826,16.1,15.7
2026-04-02 07:45:00,0.29179945,0.38636947,16.04,15.74
2026-04-02 07:50:00,0.29179945,0.38636947,15.98,15.8
2026-04-02 07:55:00,0.29164429,0.38617552,15.9,15.8
2026-04-02 08:00:00,0.29168308,0.38613673,15.82,15.7
2026-04-02 08:05:00,0.29176066,0.38613673,15.78,15.7
2026-04-02 08:10:00,0.29172187,0.38605915,15.7,15.7
2026-04-02 08:15:00,0.29172187,0.38629189,15.62,15.7
2026-04-02 08:20:00,0.29164429,0.38602036,15.54,15.7
2026-04-02 08:25:00,0.29172187,0.38590399,15.48,15.7
2026-04-02 08:30:00,0.29156671,0.38609794,15.4,15.7
2026-04-02 08:35:00,0.2916055,0.38613673,15.3,15.68
2026-04-02 08:40:00,0.29148913,0.38590399,15.24,15.6
2026-04-02 08:45:00,0.29164429,0.3858652,15.2,15.6
2026-04-02 08:50:00,0.29156671,0.38590399,15.1,15.6
2026-04-02 08:55:00,0.29152792,0.38578762,15.04,15.54
2026-04-02 09:00:00,0.29148913,0.38574883,14.96,15.5
2026-04-02 09:05:00,0.29145034,0.38574883,14.9,15.5
2026-04-02 09:10:00,0.29133397,0.38567125,14.8,15.44
2026-04-02 09:15:00,0.29148913,0.38582641,14.74,15.4
2026-04-02 09:20:00,0.29137276,0.38605915,14.66,15.4
2026-04-02 09:25:00,0.29145034,0.38598157,14.6,15.3
2026-04-02 09:30:00,0.29137276,0.38582641,14.5,15.3
2026-04-02 09:35:00,0.29137276,0.38578762,14.42,15.22
2026-04-02 09:40:00,0.29141155,0.38578762,14.36,15.2
2026-04-02 09:45:00,0.29137276,0.38605915,14.28,15.16
2026-04-02 09:50:00,0.29133397,0.38590399,14.2,15.1
2026-04-02 09:55:00,0.29133397,0.3858652,14.12,15.08
2026-04-02 10:00:00,0.29141155,0.38602036,14.04,15.0
2026-04-02 10:05:00,0.29133397,0.38582641,13.96,15.0
2026-04-02 10:10:00,0.29141155,0.38590399,13.9,14.9
2026-04-02 10:15:00,0.29145034,0.38590399,13.8,14.9
2026-04-02 10:20:00,0.29145034,0.38613673,13.72,14.8
2026-04-02 10:25:00,0.29145034,0.38582641,13.66,14.8
2026-04-02 10:30:00,0.29145034,0.38574883,13.58,14.7
2026-04-02 10:35:00,0.2916055,0.3858652,13.5,14.68
2026-04-02 10:40:00,0.29156671,0.38563246,13.42,14.6
2026-04-02 10:45:00,0.2916055,0.38571004,13.38,14.58
2026-04-02 10:50:00,0.29156671,0.38563246,13.3,14.5
2026-04-02 10:55:00,0.29172187,0.38578762,13.2,14.48
2026-04-02 11:00:00,0.29168308,0.38551609,13.16,14.4
2026-04-02 11:05:00,0.29172187,0.38567125,13.1,14.36
2026-04-02 11:10:00,0.29164429,0.38648584,13.02,14.3
2026-04-02 11:15:00,0.29172187,0.38652463,13.0,14.26
2026-04-02 11:20:00,0.29172187,0.38633068,12.9,14.2
2026-04-02 11:25:00,0.29164429,0.38667979,12.88,14.16
2026-04-02 11:30:00,0.29164429,0.38648584,12.8,14.1
2026-04-02 11:35:00,0.29152792,0.38636947,12.74,14.08
2026-04-02 11:40:00,0.29168308,0.3862531,12.7,14.0
2026-04-02 11:45:00,0.29168308,0.38621431,12.62,13.98
2026-04-02 11:50:00,0.29168308,0.38617552,12.6,13.9
2026-04-02 11:55:00,0.29176066,0.3862531,12.5,13.9
2026-04-02 12:00:00,0.29164429,0.38609794,12.48,13.8
2026-04-02 12:05:00,0.29164429,0.38605915,12.4,13.8
2026-04-02 12:10:00,0.2916055,0.38636947,12.36,13.72
2026-04-02 12:15:00,0.29176066,0.38640826,12.3,13.7
2026-04-02 12:20:00,0.29172187,0.3862531,12.24,13.64
2026-04-02 12:25:00,0.29164429,0.38609794,12.2,13.6
2026-04-02 12:30:00,0.29168308,0.38652463,12.14,13.56
2026-04-02 12:35:00,0.2916055,0.38636947,12.1,13.5
2026-04-02 12:40:00,0.29176066,0.38644705,12.04,13.48
2026-04-02 12:45:00,0.2916055,0.3862531,12.0,13.4
2026-04-02 12:50:00,0.2916055,0.38644705,11.98,13.4
2026-04-02 12:55:00,0.29164429,0.38644705,11.9,13.32
2026-04-02 13:00:00,0.29164429,0.38648584,11.9,13.3
2026-04-02 13:05:00,0.29152792,0.38648584,11.8,13.22
2026-04-02 13:10:00,0.29168308,0.38648584,11.8,13.2
2026-04-02 13:15:00,0.29156671,0.38644705,11.72,13.16
2026-04-02 13:20:00,0.29168308,0.38617552,11.7,13.1
2026-04-02 13:25:00,0.2916055,0.38629189,11.62,13.1
2026-04-02 13:30:00,0.29152792,0.38633068,11.6,13.0
2026-04-02 13:35:00,0.29164429,0.38640826,11.56,13.0
2026-04-02 13:40:00,0.29156671,0.38633068,11.5,12.94
2026-04-02 13:45:00,0.29164429,0.38644705,11.5,12.9
2026-04-02 13:50:00,0.29164429,0.38609794,11.4,12.9
2026-04-02 13:55:00,0.2916055,0.38636947,11.4,12.8
2026-04-02 14:00:00,0.29152792,0.386641,11.3,12.8
2026-04-02 14:05:00,0.29156671,0.3862531,11.3,12.74
2026-04-02 14:10:00,0.29156671,0.38652463,11.26,12.7
2026-04-02 14:15:00,0.29152792,0.38636947,11.2,12.7
2026-04-02 14:20:00,0.29168308,0.38629189,11.2,12.6
2026-04-02 14:25:00,0.29156671,0.38636947,11.12,12.6
2026-04-02 14:30:00,0.29164429,0.386641,11.1,12.54
2026-04-02 14:35:00,0.29168308,0.38636947,11.1,12.5
2026-04-02 14:40:00,0.29156671,0.38629189,11.1,12.5
2026-04-02 14:45:00,0.29152792,0.38679616,11.0,12.42
2026-04-02 14:50:00,0.29148913,0.38648584,11.0,12.4
2026-04-02 14:55:00,0.29148913,0.38640826,11.0,12.4
2026-04-02 15:00:00,0.29164429,0.38640826,11.0,12.3
2026-04-02 15:05:00,0.29148913,0.38640826,11.0,12.3
2026-04-02 15:10:00,0.29145034,0.38667979,11.0,12.3
2026-04-02 15:15:00,0.29152792,0.38656342,11.0,12.2
2026-04-02 15:20:00,0.29148913,0.38640826,11.0,12.2
2026-04-02 15:25:00,0.29156671,0.38652463,11.0,12.2
2026-04-02 15:30:00,0.29145034,0.38652463,11.0,12.12
2026-04-02 15:35:00,0.29145034,0.386641,11.0,12.1
2026-04-02 15:40:00,0.29148913,0.38644705,11.0,12.1
2026-04-02 15:45:00,0.29141155,0.38605915,11.0,12.1
2026-04-02 15:50:00,0.29141155,0.38609794,11.0,12.04
2026-04-02 15:55:00,0.29125639,0.38602036,11.0,12.0
2026-04-02 16:00:00,0.29129518,0.38609794,11.0,12.0
2026-04-02 16:05:00,0.29125639,0.38598157,11.0,12.0
2026-04-02 16:10:00,0.2912176,0.38590399,11.0,12.0
2026-04-02 16:15:00,0.2912176,0.38598157,11.0,11.98
2026-04-02 16:20:00,0.2912176,0.38598157,11.0,11.9
2026-04-02 16:25:00,0.29125639,0.38594278,11.0,11.9
2026-04-02 16:30:00,0.29133397,0.38617552,11.0,11.9
2026-04-02 16:35:00,0.29125639,0.38594278,11.0,11.9
2026-04-02 16:40:00,0.29114002,0.38598157,11.0,11.9
2026-04-02 16:45:00,0.29117881,0.38598157,11.0,11.9
2026-04-02 16:50:00,0.29110123,0.38613673,11.0,11.84
2026-04-02 16:55:00,0.29114002,0.3862531,11.0,11.8
2026-04-02 17:00:00,0.2912176,0.38605915,11.0,11.8
2026-04-02 17:05:00,0.29110123,0.38609794,11.0,11.8
2026-04-02 17:10:00,0.29114002,0.38613673,11.0,11.8
2026-04-02 17:15:00,0.29110123,0.38636947,11.0,11.8
2026-04-02 17:20:00,0.29110123,0.38636947,10.94,11.8
2026-04-02 17:25:00,0.2912176,0.38621431,10.9,11.76
2026-04-02 17:30:00,0.29102365,0.3862531,10.9,11.7
2026-04-02 17:35:00,0.29106244,0.38636947,10.9,11.7
2026-04-02 17:40:00,0.29106244,0.38629189,10.9,11.7
2026-04-02 17:45:00,0.29102365,0.38598157,10.9,11.7
2026-04-02 17:50:00,0.29110123,0.3862531,10.88,11.7
2026-04-02 17:55:00,0.29106244,0.38644705,10.8,11.7
2026-04-02 18:00:00,0.29102365,0.38609794,10.8,11.7
2026-04-02 18:05:00,0.29106244,0.38640826,10.8,11.64
2026-04-02 18:10:00,0.29110123,0.38648584,10.8,11.6
2026-04-02 18:15:00,0.29106244,0.38598157,10.8,11.6
2026-04-02 18:20:00,0.29098486,0.38609794,10.7,11.6
2026-04-02 18:25:00,0.29114002,0.38594278,10.7,11.6
2026-04-02 18:30:00,0.29090728,0.38598157,10.7,11.6
2026-04-02 18:35:00,0.29090728,0.38582641,10.7,11.6
2026-04-02 18:40:00,0.29094607,0.38594278,10.7,11.5
2026-04-02 18:45:00,0.29110123,0.38602036,10.7,11.5
2026-04-02 18:50:00,0.29086849,0.38602036,10.7,11.5
2026-04-02 18:55:00,0.29090728,0.38598157,10.7,11.5
2026-04-02 19:00:00,0.29102365,0.38582641,10.7,11.5
2026-04-02 19:05:00,0.29094607,0.38590399,10.64,11.5
2026-04-02 19:10:00,0.29098486,0.38590399,10.6,11.46
2026-04-02 19:15:00,0.29102365,0.38582641,10.6,11.4
2026-04-02 19:20:00,0.29094607,0.38605915,10.6,11.4
2026-04-02 19:25:00,0.29090728,0.38590399,10.6,11.4
2026-04-02 19:30:00,0.2908297,0.38609794,10.6,11.4
2026-04-02 19:35:00,0.29094607,0.38609794,10.6,11.4
2026-04-02 19:40:00,0.29094607,0.38598157,10.58,11.4
2026-04-02 19:45:00,0.29079091,0.38602036,10.5,11.32
2026-04-02 19:50:00,0.2908297,0.38590399,10.5,11.3
2026-04-02 19:55:00,0.29098486,0.38594278,10.5,11.3
2026-04-02 20:00:00,0.29098486,0.38602036,10.5,11.3
2026-04-02 20:05:00,0.29098486,0.38617552,10.46,11.3
2026-04-02 20:10:00,0.29086849,0.38609794,10.4,11.3
2026-04-02 20:15:00,0.29086849,0.38594278,10.4,11.3
2026-04-02 20:20:00,0.2908297,0.38605915,10.4,11.2
2026-04-02 20:25:00,0.29090728,0.38590399,10.32,11.2
2026-04-02 20:30:00,0.29090728,0.38594278,10.3,11.2
2026-04-02 20:35:00,0.29090728,0.38590399,10.3,11.2
2026-04-02 20:40:00,0.29098486,0.38582641,10.26,11.2
2026-04-02 20:45:00,0.29086849,0.38590399,10.2,11.16
2026-04-02 20:50:00,0.29106244,0.38605915,10.2,11.1
2026-04-02 20:55:00,0.29090728,0.3862531,10.2,11.1
2026-04-02 21:00:00,0.29094607,0.38613673,10.2,11.1
2026-04-02 21:05:00,0.29094607,0.38598157,10.2,11.1
2026-04-02 21:10:00,0.29094607,0.38594278,10.2,11.1
2026-04-02 21:15:00,0.29079091,0.38602036,10.12,11.02
2026-04-02 21:20:00,0.29079091,0.38598157,10.1,11.0
2026-04-02 21:25:00,0.29079091,0.38590399,10.1,11.0
2026-04-02 21:30:00,0.29086849,0.38613673,10.1,11.0
2026-04-02 21:35:00,0.29079091,0.38598157,10.1,11.0
2026-04-02 21:40:00,0.2908297,0.38621431,10.1,11.0
2026-04-02 21:45:00,0.2908297,0.38621431,10.08,10.9
2026-04-02 21:50:00,0.29075212,0.38598157,10.0,10.9
2026-04-02 21:55:00,0.29079091,0.38613673,10.0,10.9
2026-04-02 22:00:00,0.29086849,0.38609794,10.0,10.9
2026-04-02 22:05:00,0.29086849,0.38602036,10.0,10.9
2026-04-02 22:10:00,0.29086849,0.38605915,10.0,10.9
2026-04-02 22:15:00,0.2908297,0.38629189,10.0,10.82
2026-04-02 22:20:00,0.29067454,0.38594278,10.0,10.8
2026-04-02 22:25:00,0.2908297,0.38598157,10.0,10.8
2026-04-02 22:30:00,0.29071333,0.38633068,10.1,10.8
2026-04-02 22:35:00,0.29075212,0.38617552,10.1,10.8
2026-04-02 22:40:00,0.29071333,0.38594278,10.1,10.8
2026-04-02 22:45:00,0.29063575,0.3862531,10.1,10.8
2026-04-02 22:50:00,0.29063575,0.38613673,10.16,10.78
2026-04-02 22:55:00,0.29063575,0.38609794,10.2,10.7
2026-04-02 23:00:00,0.29051938,0.3862531,10.26,10.7
2026-04-02 23:05:00,0.29040301,0.38594278,10.34,10.7
2026-04-02 23:10:00,0.29040301,0.38605915,10.42,10.7
2026-04-02 23:15:00,0.2904418,0.38613673,10.52,10.7
2026-04-02 23:20:00,0.29036422,0.38594278,10.62,10.7
2026-04-02 23:25:00,0.29032543,0.38636947,10.7,10.7
2026-04-02 23:30:00,0.29020906,0.38598157,10.8,10.7
2026-04-02 23:35:00,0.29020906,0.38609794,10.9,10.7
2026-04-02 23:40:00,0.29020906,0.38594278,10.96,10.7
2026-04-02 23:45:00,0.2900539,0.38598157,11.0,10.76
2026-04-02 23:50:00,0.28989874,0.38609794,11.1,10.8
2026-04-02 23:55:00,0.28997632,0.38617552,11.16,10.8
2026-04-03 00:00:00,0.28997632,0.38590399,11.24,10.8
2026-04-03 00:05:00,0.28982116,0.38594278,11.3,10.8
2026-04-03 00:10:00,0.28985995,0.38590399,11.4,10.86
2026-04-03 00:15:00,0.28993753,0.3858652,11.48,10.9
2026-04-03 00:20:00,0.28974358,0.3858652,11.56,10.9
2026-04-03 00:25:00,0.28974358,0.38582641,11.68,10.9
2026-04-03 00:30:00,0.28970479,0.3858652,11.84,10.98
2026-04-03 00:35:00,0.28954963,0.38590399,11.98,11.0
2026-04-03 00:40:00,0.28951084,0.38598157,12.14,11.0
2026-04-03 00:45:00,0.28943326,0.38574883,12.3,11.1
2026-04-03 00:50:00,0.2892781,0.38571004,12.44,11.1
2026-04-03 00:55:00,0.28908415,0.38602036,12.58,11.16
2026-04-03 01:00:00,0.28900657,0.38582641,12.72,11.2
2026-04-03 01:05:00,0.28896778,0.38571004,12.86,11.26
2026-04-03 01:10:00,0.28873504,0.38555488,13.04,11.3
2026-04-03 01:15:00,0.28846351,0.38578762,13.18,11.4
2026-04-03 01:20:00,0.28834714,0.38555488,13.34,11.44
2026-04-03 01:25:00,0.28823077,0.38567125,13.46,11.5
2026-04-03 01:30:00,0.28815319,0.38551609,13.62,11.58
2026-04-03 01:35:00,0.2881144,0.38536093,13.76,11.64
2026-04-03 01:40:00,0.28795924,0.38532214,13.88,11.7
2026-04-03 01:45:00,0.28788166,0.38555488,14.02,11.8
2026-04-03 01:50:00,0.28776529,0.38555488,14.16,11.86
2026-04-03 01:55:00,0.2877265,0.38524456,14.34,11.94
2026-04-03 02:00:00,0.28757134,0.38520577,14.5,12.0
2026-04-03 02:05:00,0.28737739,0.38520577,14.7,12.1
2026-04-03 02:10:00,0.28729981,0.38516698,14.9,12.18
2026-04-03 02:15:00,0.28718344,0.38528335,15.06,12.26
2026-04-03 02:20:00,0.28706707,0.38543851,15.18,12.36
2026-04-03 02:25:00,0.28702828,0.38512819,15.28,12.44
2026-04-03 02:30:00,0.28702828,0.38501182,15.38,12.54
2026-04-03 02:35:00,0.2869507,0.38489545,15.48,12.62
2026-04-03 02:40:00,0.28671796,0.38489545,15.58,12.72
2026-04-03 02:45:00,0.28683433,0.38489545,15.64,12.82
2026-04-03 02:50:00,0.2865628,0.3847015,15.7,12.92
2026-04-03 02:55:00,0.28644643,0.38458513,15.76,13.02
2026-04-03 03:00:00,0.2865628,0.38466271,15.8,13.12
2026-04-03 03:05:00,0.2865628,0.38442997,15.88,13.22
2026-04-03 03:10:00,0.28633006,0.3843136,15.96,13.34
2026-04-03 03:15:00,0.28648522,0.38415844,16.02,13.44
2026-04-03 03:20:00,0.28609732,0.38404207,16.1,13.54
2026-04-03 03:25:00,0.2861749,0.38427481,16.18,13.64
2026-04-03 03:30:00,0.28590337,0.38396449,16.24,13.74
2026-04-03 03:35:00,0.28605853,0.38411965,16.34,13.84
2026-04-03 03:40:00,0.28609732,0.38400328,16.42,13.92
2026-04-03 03:45:00,0.28605853,0.38377054,16.5,14.02
2026-04-03 03:50:00,0.285787,0.38357659,16.6,14.1
2026-04-03 03:55:00,0.28598095,0.38334385,16.66,14.2
2026-04-03 04:00:00,0.28574821,0.38349901,16.74,14.26
2026-04-03 04:05:00,0.28567063,0.38338264,16.8,14.32
2026-04-03 04:10:00,0.28559305,0.38311111,16.9,14.4
2026-04-03 04:15:00,0.28543789,0.38303353,16.96,14.5
2026-04-03 04:20:00,0.28536031,0.38291716,17.0,14.56
2026-04-03 04:25:00,0.28536031,0.38303353,17.1,14.6
2026-04-03 04:30:00,0.28524394,0.38283958,17.1,14.7
2026-04-03 04:35:00,0.28508878,0.38264563,17.18,14.76
2026-04-03 04:40:00,0.28512757,0.38256805,17.2,14.8
2026-04-03 04:45:00,0.28497241,0.38291716,17.28,14.9
2026-04-03 04:50:00,0.28493362,0.38241289,17.3,14.94
2026-04-03 04:55:00,0.28481725,0.38241289,17.3,15.0
2026-04-03 05:00:00,0.2846233,0.38241289,17.4,15.08
2026-04-03 05:05:00,0.28466209,0.38221894,17.44,15.12
2026-04-03 05:10:00,0.28470088,0.38214136,17.5,15.2
2026-04-03 05:15:00,0.28570942,0.38218015,17.58,15.24
2026-04-03 05:20:00,0.28729981,0.38194741,17.6,15.3
2026-04-03 05:25:00,0.28710586,0.38202499,17.64,15.36
2026-04-03 05:30:00,0.28698949,0.38183104,17.7,15.4
2026-04-03 05:35:00,0.28648522,0.38175346,17.7,15.5
2026-04-03 05:40:00,0.28598095,0.38175346,17.7,15.54
2026-04-03 05:45:00,0.28567063,0.3815983,17.7,15.6
2026-04-03 05:50:00,0.28528273,0.38175346,17.7,15.66
2026-04-03 05:55:00,0.28520515,0.3815983,17.7,15.7
2026-04-03 06:00:00,0.2850112,0.38136556,17.7,15.78
2026-04-03 06:05:00,0.28477846,0.38124919,17.7,15.8
2026-04-03 06:10:00,0.28442935,0.38136556,17.7,15.88
2026-04-03 06:15:00,0.28446814,0.38117161,17.68,15.9
2026-04-03 06:20:00,0.28450693,0.38124919,17.6,15.96
2026-04-03 06:25:00,0.28435177,0.38109403,17.6,16.0
2026-04-03 06:30:00,0.28439056,0.38117161,17.6,16.0
2026-04-03 06:35:00,0.28435177,0.38090008,17.58,16.1
2026-04-03 06:40:00,0.2842354,0.38086129,17.5,16.1
2026-04-03 06:45:00,0.28408024,0.38074492,17.5,16.1
2026-04-03 06:50:00,0.28392508,0.38074492,17.5,16.1
2026-04-03 06:55:00,0.28419661,0.38058976,17.46,16.16
2026-04-03 07:00:00,0.28450693,0.38066734,17.4,16.2
2026-04-03 07:05:00,0.28466209,0.38055097,17.34,16.2
2026-04-03 07:10:00,0.28450693,0.38058976,17.3,16.2
2026-04-03 07:15:00,0.28446814,0.38051218,17.2,16.2
2026-04-03 07:20:00,0.28435177,0.38047339,17.12,16.2
2026-04-03 07:25:00,0.28427419,0.38039581,17.04,16.2
2026-04-03 07:30:00,0.28411903,0.38031823,16.94,16.2
2026-04-03 07:35:00,0.2850112,0.38024065,16.84,16.2
2026-04-03 07:40:00,0.28466209,0.38016307,16.74,16.2
2026-04-03 07:45:00,0.2842354,0.38012428,16.66,16.2
2026-04-03 07:50:00,0.28419661,0.38000791,16.56,16.2
2026-04-03 07:55:00,0.28396387,0.38000791,16.5,16.18
2026-04-03 08:00:00,0.28396387,0.37996912,16.4,16.1
2026-04-03 08:05:00,0.28376992,0.38000791,16.32,16.1
2026-04-03 08:10:00,0.28396387,0.37985275,16.22,16.1
2026-04-03 08:15:00,0.2838475,0.37993033,16.14,16.1
2026-04-03 08:20:00,0.28439056,0.37996912,16.06,16.0
2026-04-03 08:25:00,0.28411903,0.37993033,15.98,16.0
2026-04-03 08:30:00,0.28365355,0.37981396,15.9,16.0
2026-04-03 08:35:00,0.28361476,0.37985275,15.8,15.94
2026-04-03 08:40:00,0.28361476,0.37985275,15.72,15.9
2026-04-03 08:45:00,0.28357597,0.37981396,15.64,15.9
2026-04-03 08:50:00,0.28365355,0.37977517,15.58,15.82
2026-04-03 08:55:00,0.28365355,0.37981396,15.5,15.8
2026-04-03 09:00:00,0.28508878,0.37973638,15.42,15.8
2026-04-03 09:05:00,0.28761013,0.37973638,15.38,15.7
2026-04-03 09:10:00,0.28830835,0.37977517,15.3,15.7
2026-04-03 09:15:00,0.28598095,0.37981396,15.26,15.68
2026-04-03 09:20:00,0.28594216,0.37993033,15.2,15.6
2026-04-03 09:25:00,0.28590337,0.37962001,15.14,15.6
2026-04-03 09:30:00,0.28570942,0.37969759,15.1,15.54
2026-04-03 09:35:00,0.28570942,0.3796588,15.0,15.5
2026-04-03 09:40:00,0.28574821,0.37958122,14.96,15.5
2026-04-03 09:45:00,0.28567063,0.37958122,14.9,15.42
2026-04-03 09:50:00,0.28559305,0.37958122,14.84,15.4
2026-04-03 09:55:00,0.28555426,0.37954243,14.8,15.4
2026-04-03 10:00:00,0.28547668,0.37950364,14.72,15.3
2026-04-03 10:05:00,0.28555426,0.37950364,14.7,15.3
2026-04-03 10:10:00,0.28559305,0.37919332,14.6,15.28
2026-04-03 10:15:00,0.28555426,0.37930969,14.58,15.2
2026-04-03 10:20:00,0.28563184,0.37923211,14.5,15.2
2026-04-03 10:25:00,0.28551547,0.37915453,14.5,15.16
2026-04-03 10:30:00,0.28586458,0.37919332,14.4,15.1
2026-04-03 10:35:00,0.28601974,0.37899937,14.4,15.1
2026-04-03 10:40:00,0.28586458,0.37892179,14.32,15.04
2026-04-03 10:45:00,0.285787,0.37903816,14.3,15.0
2026-04-03 10:50:00,0.28729981,0.378883,14.3,15.0
2026-04-03 10:55:00,0.28675675,0.37884421,14.2,14.92
2026-04-03 11:00:00,0.28667917,0.378883,14.2,14.9
2026-04-03 11:05:00,0.28644643,0.37872784,14.2,14.9
2026-04-03 11:10:00,0.28536031,0.37892179,14.14,14.82
2026-04-03 11:15:00,0.28536031,0.37892179,14.1,14.8
2026-04-03 11:20:00,0.28524394,0.378883,14.1,14.8
2026-04-03 11:25:00,0.28524394,0.37884421,14.1,14.72
2026-04-03 11:30:00,0.28528273,0.37884421,14.1,14.7
2026-04-03 11:35:00,0.28536031,0.37896058,14.0,14.7
2026-04-03 11:40:00,0.28512757,0.37861147,14.0,14.66
2026-04-03 11:45:00,0.28504999,0.37892179,14.0,14.6
2026-04-03 11:50:00,0.2850112,0.37861147,14.0,14.6
2026-04-03 11:55:00,0.2850112,0.37865026,14.0,14.6
2026-04-03 12:00:00,0.2850112,0.37880542,13.92,14.52
2026-04-03 12:05:00,0.2850112,0.37880542,13.9,14.5
2026-04-03 12:10:00,0.28493362,0.37872784,13.9,14.5
2026-04-03 12:15:00,0.28489483,0.37853389,13.9,14.5
2026-04-03 12:20:00,0.28493362,0.37853389,13.9,14.42
2026-04-03 12:25:00,0.28493362,0.37845631,13.88,14.4
2026-04-03 12:30:00,0.28489483,0.3784951,13.8,14.4
2026-04-03 12:35:00,0.28504999,0.37872784,13.8,14.4
2026-04-03 12:40:00,0.28489483,0.37857268,13.8,14.34
2026-04-03 12:45:00,0.28543789,0.37876663,13.8,14.3
2026-04-03 12:50:00,0.28567063,0.37853389,13.8,14.3
2026-04-03 12:55:00,0.2853991,0.37868905,13.8,14.3
2026-04-03 13:00:00,0.28520515,0.37872784,13.76,14.3
2026-04-03 13:05:00,0.28504999,0.378883,13.7,14.24
2026-04-03 13:10:00,0.28493362,0.37865026,13.7,14.2
2026-04-03 13:15:00,0.28489483,0.37903816,13.7,14.2
2026-04-03 13:20:00,0.28493362,0.37899937,13.7,14.2
2026-04-03 13:25:00,0.2850112,0.37942606,13.7,14.2
2026-04-03 13:30:00,0.28532152,0.37981396,13.64,14.18
2026-04-03 13:35:00,0.28567063,0.3804346,13.6,14.1
2026-04-03 13:40:00,0.28675675,0.38144314,13.6,14.1
2026-04-03 13:45:00,0.28780408,0.38869687,13.6,14.1
2026-04-03 13:50:00,0.28702828,0.39979081,13.6,14.1
2026-04-03 13:55:00,0.28761013,0.40312675,13.6,14.1
2026-04-03 14:00:00,0.28943326,0.40374739,13.58,14.04
2026-04-03 14:05:00,0.29300194,0.4037086,13.5,14.0
2026-04-03 14:10:00,0.2989756,0.40463956,13.5,14.0
2026-04-03 14:15:00,0.30584143,0.40584205,13.5,14.0
2026-04-03 14:20:00,0.3121642,0.40650148,13.5,14.0
2026-04-03 14:25:00,0.31817665,0.40704454,13.5,14.0
2026-04-03 14:30:00,0.32383999,0.40805308,13.4,13.94
2026-04-03 14:35:00,0.32981365,0.40933315,13.4,13.9
2026-04-03 14:40:00,0.3346624,0.41123386,13.4,13.9
2026-04-03 14:45:00,0.33807592,0.41158297,13.38,13.9
2026-04-03 14:50:00,0.34098517,0.41177692,13.3,13.9
2026-04-03 14:55:00,0.34265314,0.41255272,13.3,13.86
2026-04-03 15:00:00,0.34544602,0.41231998,13.3,13.8
2026-04-03 15:05:00,0.34839406,0.4122424,13.3,13.8
2026-04-03 15:10:00,0.35025598,0.41166055,13.2,13.8
2026-04-03 15:15:00,0.35161363,0.41026411,13.2,13.72
2026-04-03 15:20:00,0.35219548,0.40925557,13.2,13.7
2026-04-03 15:25:00,0.35332039,0.41115628,13.2,13.7
2026-04-03 15:30:00,0.35436772,0.41542318,13.14,13.68
2026-04-03 15:35:00,0.3544453,0.41813848,13.1,13.6
2026-04-03 15:40:00,0.35390224,0.4188367,13.1,13.6
2026-04-03 15:45:00,0.35347555,0.41941855,13.1,13.6
2026-04-03 15:50:00,0.35692786,0.42069862,13.06,13.6
2026-04-03 15:55:00,0.35921647,0.42120289,13.0,13.56
2026-04-03 16:00:00,0.3583243,0.42104773,13.0,13.5
2026-04-03 16:05:00,0.35805277,0.42062104,13.0,13.5
2026-04-03 16:10:00,0.35898373,0.4203883,13.0,13.46
2026-04-03 16:15:00,0.35844067,0.42019435,12.94,13.4
2026-04-03 16:20:00,0.35809156,0.42007798,12.9,13.4
2026-04-03 16:25:00,0.35758729,0.42015556,12.9,13.4
2026-04-03 16:30:00,0.35816914,0.42034951,12.9,13.34
2026-04-03 16:35:00,0.36274636,0.42112531,12.9,13.3
2026-04-03 16:40:00,0.36123355,0.42112531,12.9,13.3
2026-04-03 16:45:00,0.35999227,0.42139684,12.8,13.28
2026-04-03 16:50:00,0.36057412,0.42151321,12.8,13.2
2026-04-03 16:55:00,0.36162145,0.42178474,12.8,13.2
2026-04-03 17:00:00,0.36313426,0.42213385,12.8,13.12
2026-04-03 17:05:00,0.36550045,0.42287086,12.8,13.06
2026-04-03 17:10:00,0.36480223,0.42263812,12.8,13.0
2026-04-03 17:15:00,0.36266878,0.42279328,12.74,12.92
2026-04-03 17:20:00,0.36072928,0.42329755,12.7,12.9
2026-04-03 17:25:00,0.3602638,0.42341392,12.7,12.9
2026-04-03 17:30:00,0.36053533,0.42306481,12.7,12.9
2026-04-03 17:35:00,0.35983711,0.42345271,12.7,12.8
2026-04-03 17:40:00,0.35952679,0.42318118,12.7,12.8
2026-04-03 17:45:00,0.35964316,0.42318118,12.7,12.8
2026-04-03 17:50:00,0.35995348,0.42321997,12.7,12.8
2026-04-03 17:55:00,0.35863462,0.42356908,12.7,12.8
2026-04-03 18:00:00,0.35941042,0.42341392,12.7,12.8
2026-04-03 18:05:00,0.36328942,0.4234915,12.7,12.8
2026-04-03 18:10:00,0.36767269,0.42360787,12.7,12.8
2026-04-03 18:15:00,0.36856486,0.42372424,12.7,12.7
2026-04-03 18:20:00,0.37116379,0.4238794,12.7,12.7
2026-04-03 18:25:00,0.37252144,0.42461641,12.7,12.78
2026-04-03 18:30:00,0.37512037,0.42422851,12.7,12.88
2026-04-03 18:35:00,0.37651681,0.42453883,12.68,12.94
2026-04-03 18:40:00,0.37512037,0.42453883,12.6,13.0
2026-04-03 18:45:00,0.3742282,0.42434488,12.6,13.0
2026-04-03 18:50:00,0.37275418,0.42442246,12.6,13.0
2026-04-03 18:55:00,0.37128016,0.4242673,12.6,12.96
2026-04-03 19:00:00,0.37100863,0.42461641,12.6,12.9
2026-04-03 19:05:00,0.36992251,0.42430609,12.6,12.9
2026-04-03 19:10:00,0.36794422,0.42469399,12.6,12.9
2026-04-03 19:15:00,0.36817696,0.42438367,12.6,12.9
2026-04-03 19:20:00,0.36701326,0.42430609,12.6,12.9
2026-04-03 19:25:00,0.36650899,0.42430609,12.6,12.9
2026-04-03 19:30:00,0.36751753,0.42442246,12.6,12.96
2026-04-03 19:35:00,0.36678052,0.42453883,12.6,12.9
2026-04-03 19:40:00,0.36449191,0.42450004,12.6,12.9
2026-04-03 19:45:00,0.36309547,0.4246552,12.6,12.86
2026-04-03 19:50:00,0.36216451,0.42492673,12.6,12.8
2026-04-03 19:55:00,0.36224209,0.42481036,12.6,12.8
2026-04-03 20:00:00,0.35999227,0.42477157,12.6,12.7
2026-04-03 20:05:00,0.35902252,0.42496552,12.6,12.7
2026-04-03 20:10:00,0.35878978,0.42473278,12.6,12.7
2026-04-03 20:15:00,0.35774245,0.42481036,12.6,12.62
2026-04-03 20:20:00,0.35770366,0.42496552,12.6,12.6
2026-04-03 20:25:00,0.35906131,0.42484915,12.6,12.6
2026-04-03 20:30:00,0.36216451,0.42512068,12.6,12.6
2026-04-03 20:35:00,0.36460828,0.42500431,12.6,12.6
2026-04-03 20:40:00,0.3641428,0.4250431,12.6,12.6
2026-04-03 20:45:00,0.36332821,0.42527584,12.58,12.52
2026-04-03 20:50:00,0.36309547,0.42527584,12.5,12.5
2026-04-03 20:55:00,0.363367,0.42535342,12.5,12.5
2026-04-03 21:00:00,0.36371611,0.42531463,12.5,12.5
2026-04-03 21:05:00,0.36445312,0.425431,12.5,12.5
2026-04-03 21:10:00,0.36394885,0.42519826,12.5,12.5
2026-04-03 21:15:00,0.36243604,0.42558616,12.5,12.42
2026-04-03 21:20:00,0.36107839,0.42558616,12.5,12.4
2026-04-03 21:25:00,0.35960437,0.42558616,12.5,12.4
2026-04-03 21:30:00,0.35766487,0.42554737,12.5,12.4
2026-04-03 21:35:00,0.35607448,0.425431,12.46,12.4
2026-04-03 21:40:00,0.35386345,0.425431,12.4,12.4
2026-04-03 21:45:00,0.35281612,0.42554737,12.4,12.4
2026-04-03 21:50:00,0.35231185,0.42562495,12.4,12.4
2026-04-03 21:55:00,0.35118694,0.42558616,12.4,12.4
2026-04-03 22:00:00,0.35157484,0.4258189,12.4,12.4
2026-04-03 22:05:00,0.35277733,0.42550858,12.4,12.4
2026-04-03 22:10:00,0.35448409,0.42601285,12.4,12.4
2026-04-03 22:15:00,0.35588053,0.42554737,12.4,12.4
2026-04-03 22:20:00,0.35665633,0.42570253,12.4,12.4
2026-04-03 22:25:00,0.3567727,0.42558616,12.5,12.4
2026-04-03 22:30:00,0.35626843,0.42566374,12.5,12.44
2026-04-03 22:35:00,0.35557021,0.42578011,12.5,12.5
2026-04-03 22:40:00,0.35417377,0.42593527,12.5,12.5
2026-04-03 22:45:00,0.35258338,0.42574132,12.5,12.5
2026-04-03 22:50:00,0.35157484,0.42578011,12.5,12.5
2026-04-03 22:55:00,0.35060509,0.42578011,12.5,12.5
2026-04-03 23:00:00,0.34878196,0.42574132,12.5,12.54
2026-04-03 23:05:00,0.34765705,0.42597406,12.5,12.6
2026-04-03 23:10:00,0.34641577,0.42605164,12.5,12.6
2026-04-03 23:15:00,0.34583392,0.42593527,12.5,12.64
2026-04-03 23:20:00,0.3451357,0.42566374,12.5,12.74
2026-04-03 23:25:00,0.34463143,0.42593527,12.6,12.86
2026-04-03 23:30:00,0.34416595,0.42589648,12.6,13.0
2026-04-03 23:35:00,0.34323499,0.42578011,12.66,13.1
2026-04-03 23:40:00,0.34265314,0.42593527,12.7,13.1
2026-04-03 23:45:00,0.34172218,0.42566374,12.7,13.2
2026-04-03 23:50:00,0.34005421,0.42570253,12.76,13.3
2026-04-03 23:55:00,0.33935599,0.42535342,12.8,13.5
2026-04-04 00:00:00,0.33877414,0.42539221,12.88,13.72
2026-04-04 00:05:00,0.33788197,0.42554737,12.94,13.92
2026-04-04 00:10:00,0.33706738,0.42539221,13.02,14.1
2026-04-04 00:15:00,0.33640795,0.4250431,13.1,14.28
2026-04-04 00:20:00,0.33590368,0.42515947,13.2,14.46
2026-04-04 00:25:00,0.33524425,0.42512068,13.28,14.64
2026-04-04 00:30:00,0.3346624,0.42484915,13.38,14.82
2026-04-04 00:35:00,0.33419692,0.42461641,13.48,15.02
2026-04-04 00:40:00,0.33369265,0.42446125,13.62,15.2
2026-04-04 00:45:00,0.33322717,0.42457762,13.74,15.34
2026-04-04 00:50:00,0.33276169,0.42430609,13.86,15.4
2026-04-04 00:55:00,0.33214105,0.42395698,14.0,15.4
2026-04-04 01:00:00,0.33175315,0.42345271,14.22,15.44
2026-04-04 01:05:00,0.33121009,0.42267691,14.42,15.48
2026-04-04 01:10:00,0.33097735,0.42213385,14.64,15.4
2026-04-04 01:15:00,0.33031792,0.42174595,14.8,15.32
2026-04-04 01:20:00,0.32977486,0.41937976,14.94,15.34
2026-04-04 01:25:00,0.32915422,0.41918581,15.06,15.42
2026-04-04 01:30:00,0.32857237,0.41937976,15.16,15.52
2026-04-04 01:35:00,0.32818447,0.41903065,15.24,15.6
2026-04-04 01:40:00,0.32736988,0.41891428,15.36,15.6
2026-04-04 01:45:00,0.32678803,0.41887549,15.5,15.68
2026-04-04 01:50:00,0.32624497,0.41891428,15.66,15.7
2026-04-04 01:55:00,0.32539159,0.41887549,15.84,15.7
2026-04-04 02:00:00,0.3249649,0.41879791,16.0,15.7
2026-04-04 02:05:00,0.32438305,0.41872033,16.16,15.8
2026-04-04 02:10:00,0.32434426,0.41879791,16.24,15.82
2026-04-04 02:15:00,0.3238012,0.41852638,16.32,15.9
2026-04-04 02:20:00,0.32364604,0.41833243,16.4,15.92
2026-04-04 02:25:00,0.32287024,0.41837122,16.4,16.0
2026-04-04 02:30:00,0.32279266,0.41841001,16.48,16.06
2026-04-04 02:35:00,0.32201686,0.41829364,16.5,16.1
2026-04-04 02:40:00,0.3214738,0.41825485,16.5,16.1
2026-04-04 02:45:00,0.32124106,0.41829364,16.42,16.18
2026-04-04 02:50:00,0.32096953,0.41825485,16.4,16.2
2026-04-04 02:55:00,0.32065921,0.4180609,16.4,16.2
2026-04-04 03:00:00,0.32042647,0.41786695,16.4,16.2
2026-04-04 03:05:00,0.32027131,0.41759542,16.4,16.26
2026-04-04 03:10:00,0.31980583,0.41759542,16.4,16.3
2026-04-04 03:15:00,0.31957309,0.41740147,16.4,16.3
2026-04-04 03:20:00,0.31980583,0.41724631,16.4,16.4
2026-04-04 03:25:00,0.31934035,0.41697478,16.4,16.4
2026-04-04 03:30:00,0.31910761,0.4168972,16.42,16.4
2026-04-04 03:35:00,0.31887487,0.4168972,16.5,16.4
2026-04-04 03:40:00,0.31856455,0.41678083,16.56,16.48
2026-04-04 03:45:00,0.31840939,0.41693599,16.64,16.5
2026-04-04 03:50:00,0.31802149,0.41670325,16.7,16.5
2026-04-04 03:55:00,0.31771117,0.41643172,16.74,16.5
2026-04-04 04:00:00,0.31747843,0.41592745,16.8,16.5
2026-04-04 04:05:00,0.31732327,0.4157335,16.84,16.5
2026-04-04 04:10:00,0.31705174,0.41557834,16.9,16.5
2026-04-04 04:15:00,0.31685779,0.41530681,16.9,16.5
2026-04-04 04:20:00,0.31662505,0.41519044,16.9,16.5
2026-04-04 04:25:00,0.31627594,0.41515165,16.82,16.56
2026-04-04 04:30:00,0.31615957,0.41488012,16.74,16.58
2026-04-04 04:35:00,0.31608199,0.4141819,16.64,16.6
2026-04-04 04:40:00,0.31588804,0.41387158,16.54,16.5
2026-04-04 04:45:00,0.31546135,0.41356126,16.46,16.5
2026-04-04 04:50:00,0.31518982,0.41325094,16.38,16.5
2026-04-04 04:55:00,0.31495708,0.41270788,16.3,16.46
2026-04-04 05:00:00,0.31495708,0.41228119,16.2,16.4
2026-04-04 05:05:00,0.31484071,0.41200966,16.2,16.38
2026-04-04 05:10:00,0.31472434,0.41169934,16.1,16.3
2026-04-04 05:15:00,0.31456918,0.41162176,16.1,16.3
2026-04-04 05:20:00,0.31437523,0.41119507,16.1,16.24
2026-04-04 05:25:00,0.31406491,0.41080717,16.1,16.2
2026-04-04 05:30:00,0.31394854,0.41072959,16.1,16.12
2026-04-04 05:35:00,0.31363822,0.41061322,16.12,16.1
2026-04-04 05:40:00,0.31359943,0.41072959,16.2,16.06
2026-04-04 05:45:00,0.31336669,0.41065201,16.2,16.0
2026-04-04 05:50:00,0.31367701,0.41034169,16.2,16.0
2026-04-04 05:55:00,0.31340548,0.40975984,16.2,16.0
2026-04-04 06:00:00,0.3133279,0.40975984,16.24,15.96
2026-04-04 06:05:00,0.31321153,0.41003137,16.3,15.9
2026-04-04 06:10:00,0.31297879,0.41045806,16.32,15.9
2026-04-04 06:15:00,0.3125521,0.41084596,16.4,15.9
2026-04-04 06:20:00,0.31247452,0.41092354,16.4,15.9
2026-04-04 06:25:00,0.31231936,0.41084596,16.48,15.92
2026-04-04 06:30:00,0.31212541,0.41080717,16.5,16.0
2026-04-04 06:35:00,0.31197025,0.41080717,16.44,16.0
2026-04-04 06:40:00,0.31189267,0.41065201,16.4,16.0
2026-04-04 06:45:00,0.31158235,0.41061322,16.36,16.0
2026-04-04 06:50:00,0.3113884,0.41045806,16.3,16.0
2026-04-04 06:55:00,0.31131082,0.41026411,16.22,16.0
2026-04-04 07:00:00,0.31107808,0.41022532,16.16,16.0
2026-04-04 07:05:00,0.31092292,0.41003137,16.08,16.0
2026-04-04 07:10:00,0.31076776,0.40999258,16.0,16.0
2026-04-04 07:15:00,0.31080655,0.40975984,15.9,16.0
2026-04-04 07:20:00,0.31069018,0.40968226,15.8,16.0
2026-04-04 07:25:00,0.31049623,0.4095271,15.72,16.0
2026-04-04 07:30:00,0.31045744,0.40964347,15.64,15.92
2026-04-04 07:35:00,0.31057381,0.40956589,15.56,15.9
2026-04-04 07:40:00,0.31034107,0.40944952,15.48,15.9
2026-04-04 07:45:00,0.31014712,0.40925557,15.4,15.88
2026-04-04 07:50:00,0.30999196,0.40925557,15.3,15.8
2026-04-04 07:55:00,0.30999196,0.40906162,15.24,15.8
2026-04-04 08:00:00,0.30987559,0.40906162,15.2,15.78
2026-04-04 08:05:00,0.30968164,0.40886767,15.1,15.7
2026-04-04 08:10:00,0.30968164,0.40871251,15.04,15.7
2026-04-04 08:15:00,0.30964285,0.40847977,14.98,15.64
2026-04-04 08:20:00,0.30968164,0.40851856,14.9,15.6
2026-04-04 08:25:00,0.30960406,0.40847977,14.84,15.6
2026-04-04 08:30:00,0.30964285,0.40855735,14.8,15.5
2026-04-04 08:35:00,0.30952648,0.40847977,14.72,15.5
2026-04-04 08:40:00,0.3094489,0.40847977,14.7,15.46
2026-04-04 08:45:00,0.30941011,0.40844098,14.6,15.4
2026-04-04 08:50:00,0.30933253,0.40855735,14.6,15.4
2026-04-04 08:55:00,0.30941011,0.4083634,14.5,15.3
2026-04-04 09:00:00,0.30929374,0.40828582,14.5,15.3
2026-04-04 09:05:00,0.30925495,0.40828582,14.4,15.26
2026-04-04 09:10:00,0.30925495,0.40824703,14.4,15.2
2026-04-04 09:15:00,0.30921616,0.40816945,14.3,15.2
2026-04-04 09:20:00,0.30917737,0.40816945,14.3,15.14
2026-04-04 09:25:00,0.309061,0.40832461,14.2,15.1
2026-04-04 09:30:00,0.30921616,0.40847977,14.2,15.1
2026-04-04 09:35:00,0.30902221,0.40855735,14.1,15.0
2026-04-04 09:40:00,0.30894463,0.40847977,14.1,15.0
2026-04-04 09:45:00,0.30902221,0.40855735,14.02,15.0
2026-04-04 09:50:00,0.30882826,0.40851856,14.0,14.9
2026-04-04 09:55:00,0.30886705,0.40844098,13.9,14.9
2026-04-04 10:00:00,0.30871189,0.40847977,13.9,14.9
2026-04-04 10:05:00,0.30871189,0.40859614,13.8,14.84
2026-04-04 10:10:00,0.30859552,0.40859614,13.8,14.8
2026-04-04 10:15:00,0.3086731,0.40863493,13.7,14.8
2026-04-04 10:20:00,0.30863431,0.40859614,13.7,14.78
2026-04-04 10:25:00,0.3086731,0.40855735,13.6,14.7
2026-04-04 10:30:00,0.30847915,0.40859614,13.6,14.7
2026-04-04 10:35:00,0.30847915,0.4087513,13.52,14.7
2026-04-04 10:40:00,0.30859552,0.4087513,13.5,14.6
2026-04-04 10:45:00,0.30836278,0.40879009,13.46,14.6
2026-04-04 10:50:00,0.30847915,0.40898404,13.4,14.6
2026-04-04 10:55:00,0.30851794,0.40898404,13.4,14.52
2026-04-04 11:00:00,0.30844036,0.40898404,13.34,14.5
2026-04-04 11:05:00,0.30840157,0.40890646,13.3,14.5
2026-04-04 11:10:00,0.30844036,0.40902283,13.3,14.42
2026-04-04 11:15:00,0.30844036,0.4091392,13.2,14.4
2026-04-04 11:20:00,0.30844036,0.40906162,13.2,14.4
2026-04-04 11:25:00,0.30844036,0.40917799,13.16,14.32
2026-04-04 11:30:00,0.30836278,0.40921678,13.1,14.3
2026-04-04 11:35:00,0.30836278,0.40944952,13.1,14.3
2026-04-04 11:40:00,0.3082852,0.40933315,13.02,14.24
2026-04-04 11:45:00,0.30840157,0.40925557,13.0,14.2
2026-04-04 11:50:00,0.30847915,0.40929436,13.0,14.2
2026-04-04 11:55:00,0.30840157,0.40921678,12.9,14.18
2026-04-04 12:00:00,0.30840157,0.40925557,12.9,14.1
2026-04-04 12:05:00,0.30840157,0.40917799,12.88,14.1
2026-04-04 12:10:00,0.30836278,0.40917799,12.8,14.1
2026-04-04 12:15:00,0.3082852,0.40941073,12.8,14.0
2026-04-04 12:20:00,0.30813004,0.40929436,12.76,14.0
2026-04-04 12:25:00,0.30813004,0.4095271,12.7,14.0
2026-04-04 12:30:00,0.30820762,0.40902283,12.7,13.92
2026-04-04 12:35:00,0.30813004,0.40902283,12.7,13.9
2026-04-04 12:40:00,0.30816883,0.40917799,12.6,13.9
2026-04-04 12:45:00,0.30793609,0.40917799,12.6,13.86
2026-04-04 12:50:00,0.30781972,0.40890646,12.6,13.8
2026-04-04 12:55:00,0.30797488,0.40890646,12.6,13.8
2026-04-04 13:00:00,0.3078973,0.40917799,12.5,13.8
2026-04-04 13:05:00,0.3078973,0.40879009,12.5,13.7
2026-04-04 13:10:00,0.30797488,0.40894525,12.5,13.7
2026-04-04 13:15:00,0.30793609,0.40886767,12.5,13.7
2026-04-04 13:20:00,0.30781972,0.40882888,12.42,13.68
2026-04-04 13:25:00,0.3078973,0.40879009,12.4,13.6
2026-04-04 13:30:00,0.30781972,0.40902283,12.4,13.6
2026-04-04 13:35:00,0.30778093,0.40859614,12.38,13.6
2026-04-04 13:40:00,0.30785851,0.40879009,12.3,13.52
2026-04-04 13:45:00,0.30770335,0.40879009,12.3,13.5
2026-04-04 13:50:00,0.30770335,0.40867372,12.3,13.5
2026-04-04 13:55:00,0.30770335,0.40882888,12.26,13.5
2026-04-04 14:00:00,0.30762577,0.40898404,12.2,13.42
2026-04-04 14:05:00,0.30754819,0.40871251,12.2,13.4
2026-04-04 14:10:00,0.30758698,0.40871251,12.2,13.4
2026-04-04 14:15:00,0.30758698,0.4087513,12.12,13.4
2026-04-04 14:20:00,0.30762577,0.40859614,12.1,13.32
2026-04-04 14:25:00,0.30766456,0.40859614,12.1,13.3
2026-04-04 14:30:00,0.30766456,0.40859614,12.1,13.3
2026-04-04 14:35:00,0.30754819,0.40879009,12.0,13.28
2026-04-04 14:40:00,0.30762577,0.40863493,12.0,13.2
2026-04-04 14:45:00,0.30747061,0.40855735,12.0,13.2
2026-04-04 14:50:00,0.30747061,0.4087513,12.0,13.2
2026-04-04 14:55:00,0.30735424,0.40863493,11.94,13.18
2026-04-04 15:00:00,0.3075094,0.40879009,11.9,13.1
2026-04-04 15:05:00,0.30739303,0.40863493,11.9,13.1
2026-04-04 15:10:00,0.30731545,0.40859614,11.88,13.1
2026-04-04 15:15:00,0.30719908,0.40890646,11.8,13.1
2026-04-04 15:20:00,0.30727666,0.40886767,11.8,13.0
2026-04-04 15:25:00,0.30727666,0.4087513,11.78,13.0
2026-04-04 15:30:00,0.30719908,0.40824703,11.7,13.0
2026-04-04 15:35:00,0.30731545,0.40820824,11.7,13.0
2026-04-04 15:40:00,0.30727666,0.4083634,11.7,12.9
2026-04-04 15:45:00,0.30723787,0.40793671,11.66,12.9
2026-04-04 15:50:00,0.30723787,0.40855735,11.6,12.9
2026-04-04 15:55:00,0.30708271,0.40801429,11.6,12.9
2026-04-04 16:00:00,0.30700513,0.40813066,11.6,12.82
2026-04-04 16:05:00,0.30696634,0.40809187,11.58,12.8
2026-04-04 16:10:00,0.30688876,0.40832461,11.5,12.8
2026-04-04 16:15:00,0.30692755,0.40782034,11.5,12.8
2026-04-04 16:20:00,0.30692755,0.40813066,11.5,12.72
2026-04-04 16:25:00,0.30704392,0.40785913,11.42,12.7
2026-04-04 16:30:00,0.30692755,0.40801429,11.4,12.7
2026-04-04 16:35:00,0.30688876,0.40782034,11.4,12.7
2026-04-04 16:40:00,0.30684997,0.40801429,11.4,12.64
2026-04-04 16:45:00,0.30684997,0.40805308,11.36,12.6
2026-04-04 16:50:00,0.30669481,0.4079755,11.3,12.6
2026-04-04 16:55:00,0.30677239,0.40801429,11.3,12.6
2026-04-04 17:00:00,0.30669481,0.40770397,11.3,12.58
2026-04-04 17:05:00,0.30661723,0.40778155,11.3,12.5
2026-04-04 17:10:00,0.30669481,0.4075876,11.26,12.5
2026-04-04 17:15:00,0.30669481,0.40739365,11.2,12.5
2026-04-04 17:20:00,0.30665602,0.4075876,11.2,12.5
2026-04-04 17:25:00,0.30653965,0.40762639,11.2,12.4
2026-04-04 17:30:00,0.30653965,0.40766518,11.2,12.4
2026-04-04 17:35:00,0.30653965,0.40739365,11.2,12.4
2026-04-04 17:40:00,0.30657844,0.40770397,11.2,12.4
2026-04-04 17:45:00,0.30650086,0.40785913,11.2,12.38
2026-04-04 17:50:00,0.30661723,0.40766518,11.14,12.3
2026-04-04 17:55:00,0.30653965,0.40770397,11.1,12.3
2026-04-04 18:00:00,0.30646207,0.40762639,11.1,12.3
2026-04-04 18:05:00,0.30646207,0.40770397,11.1,12.3
2026-04-04 18:10:00,0.30650086,0.40762639,11.1,12.3
2026-04-04 18:15:00,0.30642328,0.40762639,11.1,12.2
2026-04-04 18:20:00,0.30642328,0.40770397,11.08,12.2
2026-04-04 18:25:00,0.3063457,0.40766518,11.0,12.2
2026-04-04 18:30:00,0.30642328,0.40770397,11.0,12.2
2026-04-04 18:35:00,0.3063457,0.40789792,11.0,12.2
2026-04-04 18:40:00,0.30630691,0.40766518,11.0,12.16
2026-04-04 18:45:00,0.30630691,0.40770397,10.94,12.1
2026-04-04 18:50:00,0.3063457,0.40770397,10.9,12.1
2026-04-04 18:55:00,0.30626812,0.40782034,10.9,12.1
2026-04-04 19:00:00,0.30630691,0.40754881,10.9,12.1
2026-04-04 19:05:00,0.30626812,0.40770397,10.9,12.1
2026-04-04 19:10:00,0.30619054,0.40793671,10.9,12.06
2026-04-04 19:15:00,0.30615175,0.40785913,10.8,12.0
2026-04-04 19:20:00,0.30615175,0.40774276,10.8,12.0
2026-04-04 19:25:00,0.30615175,0.40789792,10.8,12.0
2026-04-04 19:30:00,0.30603538,0.40766518,10.8,12.0
2026-04-04 19:35:00,0.30603538,0.40766518,10.8,12.0
2026-04-04 19:40:00,0.30607417,0.40813066,10.8,11.98
2026-04-04 19:45:00,0.3059578,0.40774276,10.78,11.9
2026-04-04 19:50:00,0.30599659,0.40774276,10.7,11.9
2026-04-04 19:55:00,0.3059578,0.40782034,10.7,11.9
2026-04-04 20:00:00,0.30599659,0.40782034,10.7,11.9
2026-04-04 20:05:00,0.30603538,0.40789792,10.7,11.9
2026-04-04 20:10:00,0.3059578,0.40774276,10.7,11.9
2026-04-04 20:15:00,0.30584143,0.40793671,10.7,11.82
2026-04-04 20:20:00,0.30591901,0.40809187,10.62,11.8
2026-04-04 20:25:00,0.30584143,0.40801429,10.6,11.8
2026-04-04 20:30:00,0.30588022,0.40766518,10.6,11.8
2026-04-04 20:35:00,0.3059578,0.40785913,10.6,11.8
2026-04-04 20:40:00,0.30588022,0.40770397,10.6,11.8
2026-04-04 20:45:00,0.30584143,0.40778155,10.6,11.8
2026-04-04 20:50:00,0.30576385,0.40774276,10.5,11.7
2026-04-04 20:55:00,0.30588022,0.40789792,10.5,11.7
2026-04-04 21:00:00,0.30576385,0.40782034,10.5,11.7
2026-04-04 21:05:00,0.30576385,0.40793671,10.5,11.7
2026-04-04 21:10:00,0.30576385,0.40793671,10.5,11.7
2026-04-04 21:15:00,0.30576385,0.40782034,10.5,11.7
2026-04-04 21:20:00,0.30568627,0.40754881,10.5,11.66
2026-04-04 21:25:00,0.30564748,0.40751002,10.48,11.6
2026-04-04 21:30:00,0.30560869,0.40774276,10.4,11.6
2026-04-04 21:35:00,0.30572506,0.40785913,10.4,11.6
2026-04-04 21:40:00,0.30572506,0.40747123,10.4,11.6
2026-04-04 21:45:00,0.30564748,0.40774276,10.4,11.6
2026-04-04 21:50:00,0.30568627,0.4075876,10.4,11.6
2026-04-04 21:55:00,0.30560869,0.40770397,10.4,11.58
2026-04-04 22:00:00,0.3055699,0.40754881,10.4,11.5
2026-04-04 22:05:00,0.3055699,0.40754881,10.4,11.5
2026-04-04 22:10:00,0.3055699,0.4075876,10.4,11.5
2026-04-04 22:15:00,0.3055699,0.40762639,10.5,11.5
2026-04-04 22:20:00,0.30545353,0.4075876,10.52,11.5
2026-04-04 22:25:00,0.30549232,0.40770397,10.6,11.5
2026-04-04 22:30:00,0.30525958,0.40778155,10.68,11.48
2026-04-04 22:35:00,0.30529837,0.4075876,10.76,11.4
2026-04-04 22:40:00,0.30510442,0.40782034,10.84,11.4
2026-04-04 22:45:00,0.30514321,0.40770397,10.92,11.4
2026-04-04 22:50:00,0.30514321,0.40774276,11.0,11.4
2026-04-04 22:55:00,0.30498805,0.40793671,11.08,11.4
2026-04-04 23:00:00,0.30498805,0.40778155,11.18,11.4
2026-04-04 23:05:00,0.30494926,0.40762639,11.26,11.4
2026-04-04 23:10:00,0.30475531,0.40782034,11.34,11.4
2026-04-04 23:15:00,0.30475531,0.40813066,11.44,11.4
2026-04-04 23:20:00,0.30456136,0.40766518,11.56,11.4
2026-04-04 23:25:00,0.30456136,0.40774276,11.7,11.4
2026-04-04 23:30:00,0.30444499,0.40774276,11.84,11.4
2026-04-04 23:35:00,0.30428983,0.40762639,11.98,11.4
2026-04-04 23:40:00,0.30428983,0.40785913,12.14,11.4
2026-04-04 23:45:00,0.30421225,0.40762639,12.26,11.48
2026-04-04 23:50:00,0.30405709,0.40754881,12.44,11.5
2026-04-04 23:55:00,0.30382435,0.4075876,12.6,11.5
2026-04-05 00:00:00,0.30366919,0.40751002,12.8,11.5
2026-04-05 00:05:00,0.30343645,0.40747123,13.0,11.5
2026-04-05 00:10:00,0.3032425,0.4075876,13.16,11.6
2026-04-05 00:15:00,0.30308734,0.40743244,13.34,11.6
2026-04-05 00:20:00,0.3028546,0.40754881,13.44,11.6
2026-04-05 00:25:00,0.30269944,0.40735486,13.5,11.7
2026-04-05 00:30:00,0.30262186,0.40731607,13.6,11.7
2026-04-05 00:35:00,0.30258307,0.40762639,13.64,11.74
2026-04-05 00:40:00,0.30258307,0.40712212,13.74,11.8
2026-04-05 00:45:00,0.30235033,0.4071997,13.86,11.8
2026-04-05 00:50:00,0.30219517,0.40708333,14.04,11.9
2026-04-05 00:55:00,0.30204001,0.40723849,14.2,11.9
2026-04-05 01:00:00,0.30188485,0.4068118,14.38,11.96
2026-04-05 01:05:00,0.30184606,0.40677301,14.56,12.0
2026-04-05 01:10:00,0.3016909,0.40673422,14.74,12.02
2026-04-05 01:15:00,0.30138058,0.4064239,14.9,12.1
2026-04-05 01:20:00,0.301303,0.40665664,15.06,12.12
2026-04-05 01:25:00,0.30126421,0.40654027,15.24,12.2
2026-04-05 01:30:00,0.30099268,0.40654027,15.42,12.22
2026-04-05 01:35:00,0.30087631,0.40615237,15.6,12.3
2026-04-05 01:40:00,0.30064357,0.40630753,15.82,12.36
2026-04-05 01:45:00,0.30048841,0.40595842,16.02,12.4
2026-04-05 01:50:00,0.30056599,0.406036,16.22,12.5
2026-04-05 01:55:00,0.30064357,0.40619116,16.4,12.54
2026-04-05 02:00:00,0.30044962,0.40595842,16.56,12.6
2026-04-05 02:05:00,0.30037204,0.40591963,16.74,12.68
2026-04-05 02:10:00,0.30021688,0.4056481,16.86,12.74
2026-04-05 02:15:00,0.30021688,0.40557052,17.04,12.82
2026-04-05 02:20:00,0.29990656,0.40560931,17.16,12.9
2026-04-05 02:25:00,0.29986777,0.40541536,17.26,12.98
2026-04-05 02:30:00,0.29979019,0.40529899,17.3,13.06
2026-04-05 02:35:00,0.2997514,0.4052602,17.3,13.12
2026-04-05 02:40:00,0.29959624,0.4048723,17.3,13.2
2026-04-05 02:45:00,0.2997514,0.40506625,17.2,13.3
2026-04-05 02:50:00,0.29959624,0.40506625,17.12,13.38
2026-04-05 02:55:00,0.29959624,0.40479472,17.02,13.46
2026-04-05 03:00:00,0.29963503,0.40475593,16.92,13.54
2026-04-05 03:05:00,0.29955745,0.40463956,16.84,13.62
2026-04-05 03:10:00,0.29955745,0.40452319,16.8,13.7
2026-04-05 03:15:00,0.29924713,0.40421287,16.8,13.8
2026-04-05 03:20:00,0.29932471,0.40436803,16.86,13.88
2026-04-05 03:25:00,0.29916955,0.40425166,16.94,13.96
2026-04-05 03:30:00,0.29905318,0.4040965,17.06,14.04
2026-04-05 03:35:00,0.29893681,0.40390255,17.18,14.1
2026-04-05 03:40:00,0.29878165,0.40374739,17.32,14.2
2026-04-05 03:45:00,0.29851012,0.40363102,17.4,14.28
2026-04-05 03:50:00,0.29847133,0.40363102,17.5,14.34
2026-04-05 03:55:00,0.29835496,0.40398013,17.6,14.42
2026-04-05 04:00:00,0.29823859,0.40366981,17.68,14.5
2026-04-05 04:05:00,0.29816101,0.40328191,17.76,14.6
2026-04-05 04:10:00,0.29796706,0.40308796,17.84,14.66
2026-04-05 04:15:00,0.29788948,0.40308796,17.9,14.72
2026-04-05 04:20:00,0.2978119,0.40320433,18.0,14.8
2026-04-05 04:25:00,0.29773432,0.40297159,18.02,14.86
2026-04-05 04:30:00,0.29769553,0.40266127,18.1,14.9
2026-04-05 04:35:00,0.297424,0.40266127,18.1,15.0
2026-04-05 04:40:00,0.297424,0.40235095,18.16,15.04
2026-04-05 04:45:00,0.29719126,0.402157,18.2,15.1
2026-04-05 04:50:00,0.29711368,0.40219579,18.2,15.18
2026-04-05 04:55:00,0.2970361,0.40200184,18.2,15.2
2026-04-05 05:00:00,0.29695852,0.40200184,18.2,15.28
2026-04-05 05:05:00,0.29688094,0.40204063,18.2,15.3
2026-04-05 05:10:00,0.29676457,0.40180789,18.3,15.4
2026-04-05 05:15:00,0.29676457,0.40165273,18.3,15.4
2026-04-05 05:20:00,0.29668699,0.40161394,18.3,15.5
2026-04-05 05:25:00,0.29660941,0.4017691,18.3,15.5
2026-04-05 05:30:00,0.2966482,0.40130362,18.3,15.58
2026-04-05 05:35:00,0.29649304,0.40114846,18.3,15.6
2026-04-05 05:40:00,0.29641546,0.4006054,18.3,15.66
2026-04-05 05:45:00,0.29633788,0.39645487,18.3,15.7
2026-04-05 05:50:00,0.2962603,0.39552391,18.28,15.72
2026-04-05 05:55:00,0.29622151,0.3951748,18.2,15.8
2026-04-05 06:00:00,0.29614393,0.39505843,18.2,15.8
2026-04-05 06:05:00,0.29618272,0.39490327,18.18,15.88
2026-04-05 06:10:00,0.29602756,0.3947869,18.1,15.9
2026-04-05 06:15:00,0.29598877,0.39470932,18.1,15.92
2026-04-05 06:20:00,0.29591119,0.39443779,18.04,16.0
2026-04-05 06:25:00,0.29602756,0.39443779,18.0,16.0
2026-04-05 06:30:00,0.29591119,0.39416626,17.96,16.02
2026-04-05 06:35:00,0.29591119,0.39412747,17.9,16.1
2026-04-05 06:40:00,0.29575603,0.39420505,17.84,16.1
2026-04-05 06:45:00,0.29579482,0.39424384,17.76,16.1
2026-04-05 06:50:00,0.29575603,0.39424384,17.68,16.18
2026-04-05 06:55:00,0.29575603,0.39385594,17.6,16.2
2026-04-05 07:00:00,0.29575603,0.39377836,17.5,16.2
2026-04-05 07:05:00,0.29556208,0.39358441,17.42,16.2
2026-04-05 07:10:00,0.2954845,0.39346804,17.32,16.28
2026-04-05 07:15:00,0.29556208,0.39331288,17.24,16.3
2026-04-05 07:20:00,0.29552329,0.39335167,17.14,16.3
2026-04-05 07:25:00,0.29552329,0.39327409,17.04,16.3
2026-04-05 07:30:00,0.29556208,0.39300256,16.94,16.3
2026-04-05 07:35:00,0.29552329,0.39276982,16.84,16.3
2026-04-05 07:40:00,0.29540692,0.39257587,16.74,16.3
2026-04-05 07:45:00,0.2950966,0.39253708,16.64,16.3
2026-04-05 07:50:00,0.29536813,0.39234313,16.52,16.3
2026-04-05 07:55:00,0.29521297,0.39222676,16.44,16.3
2026-04-05 08:00:00,0.29494144,0.39226555,16.32,16.3
2026-04-05 08:05:00,0.29490265,0.39203281,16.24,16.3
2026-04-05 08:10:00,0.29482507,0.39203281,16.14,16.3
2026-04-05 08:15:00,0.29494144,0.39211039,16.04,16.3
2026-04-05 08:20:00,0.29486386,0.39199402,15.96,16.3
2026-04-05 08:25:00,0.29490265,0.39187765,15.86,16.22
2026-04-05 08:30:00,0.29490265,0.39183886,15.78,16.2
2026-04-05 08:35:00,0.29482507,0.39183886,15.68,16.2
2026-04-05 08:40:00,0.2947087,0.39176128,15.6,16.2
2026-04-05 08:45:00,0.29478628,0.39172249,15.5,16.2
2026-04-05 08:50:00,0.29486386,0.39164491,15.4,16.12
2026-04-05 08:55:00,0.29478628,0.39141217,15.34,16.1
2026-04-05 09:00:00,0.2947087,0.39152854,15.26,16.1
2026-04-05 09:05:00,0.29478628,0.39148975,15.2,16.1
2026-04-05 09:10:00,0.2947087,0.39148975,15.12,16.02
2026-04-05 09:15:00,0.29463112,0.39145096,15.06,16.0
2026-04-05 09:20:00,0.2947087,0.39145096,15.0,16.0
2026-04-05 09:25:00,0.29478628,0.39133459,14.92,15.94
2026-04-05 09:30:00,0.29463112,0.39145096,14.86,15.9
2026-04-05 09:35:00,0.29459233,0.39137338,14.8,15.9
2026-04-05 09:40:00,0.29463112,0.39141217,14.7,15.84
2026-04-05 09:45:00,0.29459233,0.3912958,14.64,15.8
2026-04-05 09:50:00,0.29459233,0.3912958,14.58,15.8
2026-04-05 09:55:00,0.29459233,0.39117943,14.5,15.72
2026-04-05 10:00:00,0.29451475,0.3912958,14.4,15.7
2026-04-05 10:05:00,0.29455354,0.39125701,14.32,15.7
2026-04-05 10:10:00,0.29463112,0.39125701,14.24,15.62
2026-04-05 10:15:00,0.29463112,0.39125701,14.18,15.6
2026-04-05 10:20:00,0.29459233,0.3912958,14.1,15.58
2026-04-05 10:25:00,0.29463112,0.39121822,14.02,15.5
2026-04-05 10:30:00,0.29459233,0.39117943,13.96,15.5
2026-04-05 10:35:00,0.29447596,0.39117943,13.9,15.44
2026-04-05 10:40:00,0.29459233,0.3912958,13.8,15.4
2026-04-05 10:45:00,0.29466991,0.39125701,13.76,15.38
2026-04-05 10:50:00,0.29451475,0.39152854,13.7,15.3
2026-04-05 10:55:00,0.29459233,0.3912958,13.62,15.3
2026-04-05 11:00:00,0.29463112,0.3912958,13.56,15.24
2026-04-05 11:05:00,0.29459233,0.39156733,13.5,15.2
2026-04-05 11:10:00,0.29459233,0.39133459,13.42,15.18
2026-04-05 11:15:00,0.2947087,0.39133459,13.38,15.1
2026-04-05 11:20:00,0.29466991,0.39125701,13.3,15.1
2026-04-05 11:25:00,0.29474749,0.3912958,13.24,15.02
2026-04-05 11:30:00,0.2947087,0.39133459,13.2,15.0
2026-04-05 11:35:00,0.29474749,0.39137338,13.12,14.96
2026-04-05 11:40:00,0.29482507,0.39141217,13.1,14.9
2026-04-05 11:45:00,0.29486386,0.39156733,13.0,14.9
2026-04-05 11:50:00,0.29494144,0.39156733,13.0,14.8
2026-04-05 11:55:00,0.29478628,0.39141217,12.9,14.8
2026-04-05 12:00:00,0.29478628,0.39160612,12.9,14.72
2026-04-05 12:05:00,0.29478628,0.39152854,12.82,14.7
2026-04-05 12:10:00,0.2947087,0.39141217,12.8,14.66
2026-04-05 12:15:00,0.29478628,0.39164491,12.74,14.6
2026-04-05 12:20:00,0.29478628,0.39156733,12.7,14.6
2026-04-05 12:25:00,0.29486386,0.39172249,12.7,14.5
2026-04-05 12:30:00,0.29478628,0.39172249,12.6,14.5
2026-04-05 12:35:00,0.29482507,0.39176128,12.6,14.42
2026-04-05 12:40:00,0.2947087,0.39152854,12.6,14.4
2026-04-05 12:45:00,0.29466991,0.39156733,12.5,14.36
2026-04-05 12:50:00,0.29482507,0.39172249,12.5,14.3
2026-04-05 12:55:00,0.29466991,0.39195523,12.5,14.3
2026-04-05 13:00:00,0.29466991,0.39195523,12.46,14.22
2026-04-05 13:05:00,0.29466991,0.39222676,12.4,14.2
2026-04-05 13:10:00,0.29463112,0.39180007,12.4,14.2
2026-04-05 13:15:00,0.29466991,0.39187765,12.4,14.1
2026-04-05 13:20:00,0.29466991,0.39183886,12.4,14.1
2026-04-05 13:25:00,0.29459233,0.3920716,12.4,14.08
2026-04-05 13:30:00,0.29455354,0.39195523,12.4,14.0
2026-04-05 13:35:00,0.29455354,0.39230434,12.4,14.0
2026-04-05 13:40:00,0.29447596,0.39195523,12.4,14.0
2026-04-05 13:45:00,0.29447596,0.39222676,12.4,13.9
2026-04-05 13:50:00,0.29443717,0.39203281,12.4,13.9
2026-04-05 13:55:00,0.29447596,0.39218797,12.4,13.9
2026-04-05 14:00:00,0.29443717,0.39234313,12.4,13.84
2026-04-05 14:05:00,0.29443717,0.39214918,12.4,13.8
2026-04-05 14:10:00,0.29447596,0.39234313,12.4,13.8
2026-04-05 14:15:00,0.29435959,0.39238192,12.44,13.8
2026-04-05 14:20:00,0.2943208,0.39234313,12.5,13.76
2026-04-05 14:25:00,0.29428201,0.39238192,12.5,13.7
2026-04-05 14:30:00,0.29428201,0.39234313,12.5,13.7
2026-04-05 14:35:00,0.29424322,0.39234313,12.5,13.7
2026-04-05 14:40:00,0.29424322,0.39242071,12.5,13.7
2026-04-05 14:45:00,0.29424322,0.39226555,12.5,13.68
2026-04-05 14:50:00,0.29424322,0.39253708,12.5,13.6
2026-04-05 14:55:00,0.29408806,0.39257587,12.5,13.6
2026-04-05 15:00:00,0.29412685,0.39257587,12.5,13.6
2026-04-05 15:05:00,0.29408806,0.39261466,12.5,13.6
2026-04-05 15:10:00,0.29397169,0.39261466,12.5,13.6
2026-04-05 15:15:00,0.29408806,0.39249829,12.5,13.6
2026-04-05 15:20:00,0.29408806,0.39257587,12.5,13.5
2026-04-05 15:25:00,0.2939329,0.39249829,12.5,13.5
2026-04-05 15:30:00,0.29397169,0.3924595,12.5,13.5
2026-04-05 15:35:00,0.29389411,0.39261466,12.5,13.5
2026-04-05 15:40:00,0.29389411,0.39242071,12.5,13.5
2026-04-05 15:45:00,0.2939329,0.39238192,12.5,13.5
2026-04-05 15:50:00,0.29385532,0.3924595,12.5,13.5
2026-04-05 15:55:00,0.29381653,0.39242071,12.5,13.5
2026-04-05 16:00:00,0.29373895,0.39261466,12.5,13.4
2026-04-05 16:05:00,0.29381653,0.39253708,12.5,13.4
2026-04-05 16:10:00,0.29373895,0.39265345,12.5,13.4
2026-04-05 16:15:00,0.29373895,0.39253708,12.5,13.4
2026-04-05 16:20:00,0.29373895,0.39249829,12.5,13.4
2026-04-05 16:25:00,0.29366137,0.39273103,12.5,13.4
2026-04-05 16:30:00,0.29373895,0.39269224,12.5,13.4
2026-04-05 16:35:00,0.29366137,0.39276982,12.5,13.4
2026-04-05 16:40:00,0.29366137,0.39253708,12.4,13.4
2026-04-05 16:45:00,0.29362258,0.39296377,12.4,13.36
2026-04-05 16:50:00,0.29362258,0.39265345,12.4,13.3
2026-04-05 16:55:00,0.293545,0.39261466,12.4,13.3
2026-04-05 17:00:00,0.293545,0.39261466,12.4,13.3
2026-04-05 17:05:00,0.29350621,0.39261466,12.4,13.3
2026-04-05 17:10:00,0.29358379,0.39265345,12.4,13.3
2026-04-05 17:15:00,0.293545,0.39273103,12.4,13.3
2026-04-05 17:20:00,0.29338984,0.39265345,12.36,13.3
2026-04-05 17:25:00,0.293545,0.39265345,12.3,13.3
2026-04-05 17:30:00,0.29350621,0.3928474,12.3,13.24
2026-04-05 17:35:00,0.29362258,0.39273103,12.3,13.2
2026-04-05 17:40:00,0.29342863,0.39288619,12.3,13.2
2026-04-05 17:45:00,0.29342863,0.39269224,12.3,13.2
2026-04-05 17:50:00,0.29335105,0.39292498,12.3,13.2
2026-04-05 17:55:00,0.29342863,0.39273103,12.3,13.2
2026-04-05 18:00:00,0.29338984,0.39292498,12.3,13.2
2026-04-05 18:05:00,0.29338984,0.39292498,12.3,13.2
2026-04-05 18:10:00,0.29323468,0.39308014,12.3,13.2
2026-04-05 18:15:00,0.29327347,0.39300256,12.3,13.14
2026-04-05 18:20:00,0.29335105,0.39288619,12.3,13.1
2026-04-05 18:25:00,0.29323468,0.39308014,12.3,13.1
2026-04-05 18:30:00,0.29331226,0.39288619,12.3,13.1
2026-04-05 18:35:00,0.29331226,0.39300256,12.3,13.1
2026-04-05 18:40:00,0.29327347,0.39311893,12.3,13.1
2026-04-05 18:45:00,0.29346742,0.39331288,12.4,13.1
2026-04-05 18:50:00,0.29323468,0.39335167,12.4,13.1
2026-04-05 18:55:00,0.29331226,0.39350683,12.4,13.1
2026-04-05 19:00:00,0.29338984,0.39339046,12.4,13.1
2026-04-05 19:05:00,0.29327347,0.39358441,12.4,13.1
2026-04-05 19:10:00,0.29323468,0.39404989,12.4,13.1
2026-04-05 19:15:00,0.29327347,0.3940111,12.4,13.1
2026-04-05 19:20:00,0.29335105,0.39416626,12.4,13.04
2026-04-05 19:25:00,0.29335105,0.39470932,12.44,13.0
2026-04-05 19:30:00,0.29338984,0.39463174,12.5,13.0
2026-04-05 19:35:00,0.29335105,0.39463174,12.5,13.0
2026-04-05 19:40:00,0.29335105,0.39513601,12.5,13.0
2026-04-05 19:45:00,0.29342863,0.39540754,12.5,13.0
2026-04-05 19:50:00,0.29342863,0.39525238,12.5,13.0
2026-04-05 19:55:00,0.29350621,0.39560149,12.5,13.0
2026-04-05 20:00:00,0.29358379,0.39618334,12.5,13.0
2026-04-05 20:05:00,0.293545,0.39637729,12.5,13.0
2026-04-05 20:10:00,0.29358379,0.3967264,12.5,13.0
2026-04-05 20:15:00,0.29358379,0.39738583,12.5,13.0
2026-04-05 20:20:00,0.29370016,0.39769615,12.5,13.0
2026-04-05 20:25:00,0.29377774,0.39816163,12.5,13.0
2026-04-05 20:30:00,0.2939329,0.39851074,12.5,13.0
2026-04-05 20:35:00,0.2939329,0.39889864,12.5,13.0
2026-04-05 20:40:00,0.29401048,0.39940291,12.4,13.0
2026-04-05 20:45:00,0.29404927,0.39913138,12.4,13.0
2026-04-05 20:50:00,0.29412685,0.39940291,12.4,13.0
2026-04-05 20:55:00,0.29424322,0.3994417,12.4,13.0
2026-04-05 21:00:00,0.29420443,0.39963565,12.4,13.0
2026-04-05 21:05:00,0.29439838,0.3998296,12.4,13.0
2026-04-05 21:10:00,0.29443717,0.39920896,12.4,13.0
2026-04-05 21:15:00,0.29459233,0.3994417,12.4,13.0
2026-04-05 21:20:00,0.29466991,0.39909259,12.36,13.0
2026-04-05 21:25:00,0.29478628,0.39913138,12.3,12.9
2026-04-05 21:30:00,0.29494144,0.39955807,12.3,12.9
2026-04-05 21:35:00,0.29490265,0.39917017,12.3,12.9
2026-04-05 21:40:00,0.29501902,0.39893743,12.3,12.9
2026-04-05 21:45:00,0.2950966,0.39917017,12.3,12.9
2026-04-05 21:50:00,0.29525176,0.39913138,12.3,12.9
2026-04-05 21:55:00,0.29536813,0.39920896,12.3,12.9
2026-04-05 22:00:00,0.29536813,0.39851074,12.3,12.9
2026-04-05 22:05:00,0.29544571,0.39831679,12.3,12.9
2026-04-05 22:10:00,0.29563966,0.39804526,12.3,12.9
2026-04-05 22:15:00,0.29571724,0.39820042,12.32,12.9
2026-04-05 22:20:00,0.2958724,0.40114846,12.4,12.9
2026-04-05 22:25:00,0.29598877,0.40339828,12.4,12.9
2026-04-05 22:30:00,0.29598877,0.40401892,12.4,12.9
2026-04-05 22:35:00,0.29629909,0.40425166,12.42,12.9
2026-04-05 22:40:00,0.29660941,0.40498867,12.5,12.8
2026-04-05 22:45:00,0.2970361,0.40529899,12.5,12.8
2026-04-05 22:50:00,0.29769553,0.40591963,12.5,12.8
2026-04-05 22:55:00,0.29843254,0.40638511,12.56,12.8
2026-04-05 23:00:00,0.29909197,0.40654027,12.6,12.8
2026-04-05 23:05:00,0.29982898,0.40677301,12.66,12.8
2026-04-05 23:10:00,0.30068236,0.40692817,12.74,12.8
2026-04-05 23:15:00,0.30138058,0.40712212,12.82,12.8
2026-04-05 23:20:00,0.30184606,0.40708333,12.9,12.8
2026-04-05 23:25:00,0.30250549,0.40735486,13.0,12.8
2026-04-05 23:30:00,0.30289339,0.40708333,13.08,12.86
2026-04-05 23:35:00,0.3032425,0.40712212,13.14,12.9
2026-04-05 23:40:00,0.30351403,0.40696696,13.22,12.9
2026-04-05 23:45:00,0.30374677,0.40704454,13.32,12.9
2026-04-05 23:50:00,0.30390193,0.40688938,13.4,12.9
2026-04-05 23:55:00,0.30421225,0.40654027,13.48,12.9
2026-04-06 00:00:00,0.30436741,0.40688938,13.56,12.9
2026-04-06 00:05:00,0.30436741,0.40669543,13.68,12.92
2026-04-06 00:10:00,0.30448378,0.40650148,13.78,13.0
2026-04-06 00:15:00,0.30460015,0.40638511,13.92,13.0
2026-04-06 00:20:00,0.30467773,0.40650148,14.04,13.0
2026-04-06 00:25:00,0.30456136,0.40599721,14.18,13.0
2026-04-06 00:30:00,0.30467773,0.40611358,14.28,13.1
2026-04-06 00:35:00,0.30460015,0.40619116,14.38,13.1
2026-04-06 00:40:00,0.30463894,0.40595842,14.46,13.1
2026-04-06 00:45:00,0.30444499,0.40553173,14.5,13.18
2026-04-06 00:50:00,0.30467773,0.40533778,14.5,13.2
2026-04-06 00:55:00,0.30456136,0.40506625,14.5,13.2
2026-04-06 01:00:00,0.30452257,0.40533778,14.58,13.3
2026-04-06 01:05:00,0.30444499,0.40494988,14.6,13.3
2026-04-06 01:10:00,0.30452257,0.40475593,14.6,13.36
2026-04-06 01:15:00,0.30432862,0.40467835,14.62,13.4
2026-04-06 01:20:00,0.30436741,0.40413529,14.7,13.4
2026-04-06 01:25:00,0.30425104,0.40405771,14.78,13.46
2026-04-06 01:30:00,0.30421225,0.40374739,14.86,13.5
2026-04-06 01:35:00,0.30413467,0.40347586,14.9,13.5
2026-04-06 01:40:00,0.30405709,0.40351465,15.0,13.54
2026-04-06 01:45:00,0.3040183,0.40301038,15.02,13.6
2026-04-06 01:50:00,0.30394072,0.40304917,15.1,13.6
2026-04-06 01:55:00,0.30394072,0.40289401,15.12,13.64
2026-04-06 02:00:00,0.30390193,0.40266127,15.2,13.7
2026-04-06 02:05:00,0.30382435,0.40250611,15.2,13.7
2026-04-06 02:10:00,0.30374677,0.40246732,15.2,13.72
2026-04-06 02:15:00,0.30366919,0.40273885,15.2,13.8
2026-04-06 02:20:00,0.30359161,0.40227337,15.22,13.8
2026-04-06 02:25:00,0.30366919,0.40231216,15.24,13.8
2026-04-06 02:30:00,0.3036304,0.40227337,15.22,13.9
2026-04-06 02:35:00,0.30351403,0.402157,15.2,13.9
2026-04-06 02:40:00,0.30351403,0.40196305,15.2,13.9
2026-04-06 02:45:00,0.30351403,0.40211821,15.2,13.94
2026-04-06 02:50:00,0.30347524,0.40227337,15.2,14.0
2026-04-06 02:55:00,0.30343645,0.40231216,15.2,14.0
2026-04-06 03:00:00,0.30339766,0.40200184,15.24,14.0
2026-04-06 03:05:00,0.30351403,0.402157,15.3,14.02
2026-04-06 03:10:00,0.30351403,0.40231216,15.3,14.1
2026-04-06 03:15:00,0.30355282,0.40242853,15.3,14.1
2026-04-06 03:20:00,0.30370798,0.40270006,15.3,14.1
2026-04-06 03:25:00,0.30386314,0.4029328,15.32,14.1
2026-04-06 03:30:00,0.30405709,0.40285522,15.4,14.1
2026-04-06 03:35:00,0.30409588,0.4033207,15.4,14.2
2026-04-06 03:40:00,0.30432862,0.4037086,15.4,14.2
2026-04-06 03:45:00,0.30452257,0.40394134,15.44,14.2
2026-04-06 03:50:00,0.30460015,0.40417408,15.5,14.2
2026-04-06 03:55:00,0.30487168,0.40386376,15.5,14.2
2026-04-06 04:00:00,0.30494926,0.40417408,15.5,14.24
2026-04-06 04:05:00,0.30502684,0.40417408,15.56,14.3
2026-04-06 04:10:00,0.30541474,0.40467835,15.6,14.3
2026-04-06 04:15:00,0.30549232,0.40467835,15.66,14.3
2026-04-06 04:20:00,0.3055699,0.40436803,15.7,14.3
2026-04-06 04:25:00,0.30553111,0.40471714,15.74,14.32
2026-04-06 04:30:00,0.30564748,0.40452319,15.8,14.4
2026-04-06 04:35:00,0.30584143,0.40436803,15.8,14.4
2026-04-06 04:40:00,0.30599659,0.40440682,15.82,14.4
2026-04-06 04:45:00,0.30588022,0.40452319,15.9,14.4
2026-04-06 04:50:00,0.30591901,0.4044844,15.9,14.46
2026-04-06 04:55:00,0.3059578,0.40432924,15.9,14.5
2026-04-06 05:00:00,0.30599659,0.40421287,15.82,14.5
2026-04-06 05:05:00,0.30607417,0.40432924,15.8,14.5
2026-04-06 05:10:00,0.30611296,0.40401892,15.76,14.52
2026-04-06 05:15:00,0.30619054,0.40444561,15.7,14.6
2026-04-06 05:20:00,0.3063457,0.40421287,15.64,14.6
2026-04-06 05:25:00,0.30665602,0.40475593,15.6,14.6
2026-04-06 05:30:00,0.30696634,0.40498867,15.54,14.6
2026-04-06 05:35:00,0.30735424,0.4068118,15.5,14.6
2026-04-06 05:40:00,0.30844036,0.41065201,15.46,14.6
2026-04-06 05:45:00,0.31057381,0.41100112,15.4,14.64
2026-04-06 05:50:00,0.31294,0.41123386,15.4,14.7
2026-04-06 05:55:00,0.31480192,0.41072959,15.4,14.7
2026-04-06 06:00:00,0.31612078,0.4110787,15.4,14.7
2026-04-06 06:05:00,0.3172069,0.41057443,15.4,14.7
2026-04-06 06:10:00,0.3179827,0.41072959,15.4,14.7
2026-04-06 06:15:00,0.31833181,0.41022532,15.32,14.7
2026-04-06 06:20:00,0.31899124,0.4103029,15.3,14.7
2026-04-06 06:25:00,0.3191464,0.40983742,15.3,14.7
2026-04-06 06:30:00,0.3191464,0.40975984,15.3,14.7
2026-04-06 06:35:00,0.31930156,0.40960468,15.26,14.7
2026-04-06 06:40:00,0.31918519,0.40972105,15.2,14.7
2026-04-06 06:45:00,0.31934035,0.40948831,15.2,14.7
2026-04-06 06:50:00,0.31945672,0.40910041,15.2,14.7
2026-04-06 06:55:00,0.31941793,0.40894525,15.2,14.7
2026-04-06 07:00:00,0.31945672,0.40902283,15.14,14.7
2026-04-06 07:05:00,0.31957309,0.40890646,15.1,14.7
2026-04-06 07:10:00,0.3195343,0.40910041,15.1,14.64
2026-04-06 07:15:00,0.31957309,0.4087513,15.1,14.6
2026-04-06 07:20:00,0.31961188,0.40882888,15.1,14.6
2026-04-06 07:25:00,0.31957309,0.40867372,15.1,14.6
2026-04-06 07:30:00,0.3195343,0.40859614,15.0,14.6
2026-04-06 07:35:00,0.31957309,0.40847977,15.0,14.6
2026-04-06 07:40:00,0.3195343,0.40832461,15.0,14.6
2026-04-06 07:45:00,0.31961188,0.40859614,14.94,14.6
2026-04-06 07:50:00,0.31941793,0.40820824,14.9,14.6
2026-04-06 07:55:00,0.31926277,0.40782034,14.9,14.6
2026-04-06 08:00:00,0.31945672,0.40782034,14.9,14.6
2026-04-06 08:05:00,0.31922398,0.40789792,14.8,14.6
2026-04-06 08:10:00,0.31922398,0.40774276,14.8,14.6
2026-04-06 08:15:00,0.31910761,0.40778155,14.78,14.6
2026-04-06 08:20:00,0.31899124,0.40766518,14.7,14.5
2026-04-06 08:25:00,0.31899124,0.40754881,14.7,14.5
2026-04-06 08:30:00,0.31883608,0.40762639,14.68,14.5
2026-04-06 08:35:00,0.31883608,0.40778155,14.6,14.5
2026-04-06 08:40:00,0.31879729,0.40762639,14.6,14.5
2026-04-06 08:45:00,0.3187585,0.40778155,14.58,14.5
2026-04-06 08:50:00,0.3187585,0.40770397,14.5,14.5
2026-04-06 08:55:00,0.31856455,0.4075876,14.5,14.5
2026-04-06 09:00:00,0.31856455,0.40754881,14.5,14.42
2026-04-06 09:05:00,0.31848697,0.40766518,14.5,14.4
2026-04-06 09:10:00,0.31844818,0.40766518,14.48,14.4
2026-04-06 09:15:00,0.31844818,0.40751002,14.4,14.4
2026-04-06 09:20:00,0.31833181,0.40751002,14.4,14.4
2026-04-06 09:25:00,0.31817665,0.40751002,14.4,14.4
2026-04-06 09:30:00,0.31809907,0.4075876,14.32,14.4
2026-04-06 09:35:00,0.31782754,0.40731607,14.3,14.34
2026-04-06 09:40:00,0.31794391,0.40751002,14.22,14.3
2026-04-06 09:45:00,0.31786633,0.40735486,14.18,14.3
2026-04-06 09:50:00,0.31794391,0.40747123,14.1,14.3
2026-04-06 09:55:00,0.31771117,0.40739365,14.02,14.3
2026-04-06 10:00:00,0.31774996,0.40716091,13.96,14.3
2026-04-06 10:05:00,0.31771117,0.4071997,13.9,14.3
2026-04-06 10:10:00,0.31767238,0.40731607,13.8,14.2
2026-04-06 10:15:00,0.31767238,0.40708333,13.72,14.2
2026-04-06 10:20:00,0.3175948,0.40723849,13.64,14.2
2026-04-06 10:25:00,0.31751722,0.40731607,13.56,14.2
2026-04-06 10:30:00,0.31747843,0.40723849,13.5,14.18
2026-04-06 10:35:00,0.31755601,0.40708333,13.4,14.1
2026-04-06 10:40:00,0.31747843,0.40688938,13.32,14.1
2026-04-06 10:45:00,0.3175948,0.40677301,13.24,14.1
2026-04-06 10:50:00,0.31751722,0.40669543,13.16,14.06
2026-04-06 10:55:00,0.31755601,0.40634632,13.1,14.0
2026-04-06 11:00:00,0.31751722,0.40634632,13.0,14.0
2026-04-06 11:05:00,0.31751722,0.40615237,12.94,13.98
2026-04-06 11:10:00,0.31755601,0.40611358,12.9,13.9
2026-04-06 11:15:00,0.31743964,0.40595842,12.8,13.9
2026-04-06 11:20:00,0.31736206,0.40588084,12.74,13.88
2026-04-06 11:25:00,0.31732327,0.40584205,12.68,13.8
2026-04-06 11:30:00,0.31740085,0.40588084,12.6,13.8
2026-04-06 11:35:00,0.31732327,0.40599721,12.54,13.78
2026-04-06 11:40:00,0.31732327,0.40591963,12.5,13.7
2026-04-06 11:45:00,0.3172069,0.40572568,12.4,13.7
2026-04-06 11:50:00,0.31712932,0.40595842,12.38,13.64
2026-04-06 11:55:00,0.31728448,0.40572568,12.3,13.6
2026-04-06 12:00:00,0.31716811,0.40568689,12.26,13.6
2026-04-06 12:05:00,0.31716811,0.40545415,12.2,13.5
2026-04-06 12:10:00,0.31712932,0.40572568,12.14,13.5
2026-04-06 12:15:00,0.31705174,0.40560931,12.1,13.48
2026-04-06 12:20:00,0.31697416,0.40537657,12.02,13.4
2026-04-06 12:25:00,0.31701295,0.40541536,12.0,13.4
2026-04-06 12:30:00,0.31697416,0.40510504,11.96,13.36
2026-04-06 12:35:00,0.31685779,0.40518262,11.9,13.3
2026-04-06 12:40:00,0.31685779,0.4052602,11.86,13.3
2026-04-06 12:45:00,0.31693537,0.4056481,11.8,13.2
2026-04-06 12:50:00,0.31674142,0.40549294,11.76,13.2
2026-04-06 12:55:00,0.31674142,0.40502746,11.7,13.2
2026-04-06 13:00:00,0.31666384,0.40502746,11.66,13.1
2026-04-06 13:05:00,0.31662505,0.40529899,11.6,13.1
2026-04-06 13:10:00,0.31662505,0.40545415,11.6,13.08
2026-04-06 13:15:00,0.31662505,0.40537657,11.5,13.0
2026-04-06 13:20:00,0.31654747,0.40514383,11.5,13.0
2026-04-06 13:25:00,0.31674142,0.40541536,11.42,12.96
2026-04-06 13:30:00,0.31650868,0.40510504,11.4,12.9
2026-04-06 13:35:00,0.31650868,0.40522141,11.34,12.9
2026-04-06 13:40:00,0.31639231,0.4052602,11.3,12.84
2026-04-06 13:45:00,0.31635352,0.40522141,11.26,12.8
2026-04-06 13:50:00,0.31639231,0.4056481,11.2,12.8
2026-04-06 13:55:00,0.31631473,0.40553173,11.18,12.74
2026-04-06 14:00:00,0.31631473,0.40533778,11.1,12.7
2026-04-06 14:05:00,0.31631473,0.40518262,11.08,12.7
2026-04-06 14:10:00,0.31631473,0.40568689,11.0,12.64
2026-04-06 14:15:00,0.31627594,0.40545415,10.96,12.6
2026-04-06 14:20:00,0.31635352,0.40557052,10.9,12.6
2026-04-06 14:25:00,0.31635352,0.4056481,10.86,12.54
2026-04-06 14:30:00,0.31627594,0.40576447,10.8,12.5
2026-04-06 14:35:00,0.31631473,0.40595842,10.78,12.5
2026-04-06 14:40:00,0.31623715,0.40549294,10.7,12.44
2026-04-06 14:45:00,0.31615957,0.40572568,10.7,12.4
2026-04-06 14:50:00,0.31615957,0.40522141,10.6,12.4
2026-04-06 14:55:00,0.31623715,0.40560931,10.6,12.32
2026-04-06 15:00:00,0.31615957,0.40549294,10.5,12.3
2026-04-06 15:05:00,0.31615957,0.40584205,10.5,12.3
2026-04-06 15:10:00,0.31612078,0.40553173,10.42,12.2
2026-04-06 15:15:00,0.31612078,0.40595842,10.4,12.2
2026-04-06 15:20:00,0.3160432,0.40572568,10.36,12.2
2026-04-06 15:25:00,0.3160432,0.40572568,10.3,12.1
2026-04-06 15:30:00,0.31608199,0.4056481,10.3,12.1
2026-04-06 15:35:00,0.31596562,0.40545415,10.2,12.1
2026-04-06 15:40:00,0.31596562,0.40553173,10.2,12.0
2026-04-06 15:45:00,0.31588804,0.40560931,10.16,12.0
2026-04-06 15:50:00,0.31584925,0.40572568,10.1,12.0
2026-04-06 15:55:00,0.31581046,0.4056481,10.1,11.9
2026-04-06 16:00:00,0.31581046,0.40557052,10.0,11.9
2026-04-06 16:05:00,0.31592683,0.40580326,10.0,11.9
2026-04-06 16:10:00,0.31577167,0.40576447,9.96,11.8
2026-04-06 16:15:00,0.31588804,0.40553173,9.9,11.8
2026-04-06 16:20:00,0.31588804,0.40580326,9.86,11.8
2026-04-06 16:25:00,0.31573288,0.40557052,9.8,11.72
2026-04-06 16:30:00,0.31561651,0.40584205,9.78,11.7
2026-04-06 16:35:00,0.31569409,0.40572568,9.7,11.7
2026-04-06 16:40:00,0.31553893,0.4056481,9.7,11.62
2026-04-06 16:45:00,0.3156553,0.40584205,9.62,11.6
2026-04-06 16:50:00,0.31561651,0.40591963,9.6,11.6
2026-04-06 16:55:00,0.31550014,0.40568689,9.54,11.54
2026-04-06 17:00:00,0.31557772,0.40607479,9.5,11.5
2026-04-06 17:05:00,0.31546135,0.40572568,9.48,11.5
2026-04-06 17:10:00,0.31538377,0.406036,9.4,11.44
2026-04-06 17:15:00,0.31546135,0.40584205,9.4,11.4
2026-04-06 17:20:00,0.31538377,0.40572568,9.3,11.4
2026-04-06 17:25:00,0.31515103,0.40580326,9.3,11.32
2026-04-06 17:30:00,0.31522861,0.40572568,9.24,11.3
2026-04-06 17:35:00,0.31522861,0.40572568,9.2,11.3
2026-04-06 17:40:00,0.31518982,0.40591963,9.16,11.2
2026-04-06 17:45:00,0.31515103,0.40591963,9.1,11.2
2026-04-06 17:50:00,0.31511224,0.40584205,9.1,11.2
2026-04-06 17:55:00,0.31507345,0.40576447,9.02,11.1
2026-04-06 18:00:00,0.31511224,0.40572568,9.0,11.1
2026-04-06 18:05:00,0.31507345,0.40591963,9.0,11.1
2026-04-06 18:10:00,0.31503466,0.40584205,8.92,11.0
2026-04-06 18:15:00,0.31511224,0.40584205,8.9,11.0
2026-04-06 18:20:00,0.31511224,0.40611358,8.9,11.0
2026-04-06 18:25:00,0.31507345,0.40595842,8.8,10.92
2026-04-06 18:30:00,0.31495708,0.40615237,8.8,10.9
2026-04-06 18:35:00,0.31495708,0.40584205,8.8,10.9
2026-04-06 18:40:00,0.31503466,0.40611358,8.7,10.84
2026-04-06 18:45:00,0.31495708,0.40622995,8.7,10.8
2026-04-06 18:50:00,0.31507345,0.40584205,8.7,10.8
2026-04-06 18:55:00,0.31511224,0.40619116,8.6,10.76
2026-04-06 19:00:00,0.31495708,0.40615237,8.6,10.7
2026-04-06 19:05:00,0.3148795,0.406036,8.6,10.7
2026-04-06 19:10:00,0.31484071,0.40607479,8.5,10.7
2026-04-06 19:15:00,0.31480192,0.40638511,8.5,10.6
2026-04-06 19:20:00,0.3148795,0.40611358,8.5,10.6
2026-04-06 19:25:00,0.31495708,0.40630753,8.42,10.6
2026-04-06 19:30:00,0.31491829,0.40611358,8.4,10.5
2026-04-06 19:35:00,0.31476313,0.40607479,8.4,10.5
2026-04-06 19:40:00,0.31484071,0.40611358,8.36,10.5
2026-04-06 19:45:00,0.31476313,0.40607479,8.3,10.42
2026-04-06 19:50:00,0.31476313,0.40630753,8.3,10.4
2026-04-06 19:55:00,0.31460797,0.40615237,8.3,10.4
2026-04-06 20:00:00,0.31480192,0.40615237,8.2,10.38
2026-04-06 20:05:00,0.31472434,0.40638511,8.2,10.3
2026-04-06 20:10:00,0.31476313,0.40615237,8.2,10.3
2026-04-06 20:15:00,0.31456918,0.40626874,8.12,10.3
2026-04-06 20:20:00,0.31464676,0.40654027,8.1,10.22
2026-04-06 20:25:00,0.31460797,0.40654027,8.1,10.2
2026-04-06 20:30:00,0.31464676,0.40685059,8.0,10.2
2026-04-06 20:35:00,0.31460797,0.40665664,8.0,10.18
2026-04-06 20:40:00,0.31472434,0.40657906,8.0,10.1
2026-04-06 20:45:00,0.31460797,0.40650148,7.9,10.1
2026-04-06 20:50:00,0.31460797,0.40677301,7.9,10.1
2026-04-06 20:55:00,0.31468555,0.40665664,7.9,10.04
2026-04-06 21:00:00,0.31456918,0.40661785,7.82,10.0
2026-04-06 21:05:00,0.31468555,0.40654027,7.8,10.0
2026-04-06 21:10:00,0.31460797,0.40650148,7.8,10.0
2026-04-06 21:15:00,0.31464676,0.40665664,7.72,9.9
2026-04-06 21:20:00,0.3144916,0.40688938,7.7,9.9
2026-04-06 21:25:00,0.31453039,0.40661785,7.7,9.9
2026-04-06 21:30:00,0.31464676,0.40657906,7.66,9.82
2026-04-06 21:35:00,0.31460797,0.40700575,7.6,9.8
2026-04-06 21:40:00,0.31453039,0.40677301,7.6,9.8
2026-04-06 21:45:00,0.31445281,0.4068118,7.6,9.76
2026-04-06 21:50:00,0.3144916,0.40669543,7.6,9.7
2026-04-06 21:55:00,0.31437523,0.40708333,7.6,9.7
2026-04-06 22:00:00,0.3144916,0.40650148,7.6,9.7
2026-04-06 22:05:00,0.31445281,0.40708333,7.66,9.64
2026-04-06 22:10:00,0.31422007,0.40688938,7.74,9.6
2026-04-06 22:15:00,0.31422007,0.40716091,7.84,9.6
2026-04-06 22:20:00,0.31398733,0.40685059,7.96,9.6
2026-04-06 22:25:00,0.3141037,0.40688938,8.08,9.54
2026-04-06 22:30:00,0.31390975,0.40685059,8.24,9.5
2026-04-06 22:35:00,0.31379338,0.40685059,8.38,9.5
2026-04-06 22:40:00,0.31348306,0.40712212,8.54,9.5
2026-04-06 22:45:00,0.31352185,0.40696696,8.72,9.5
2026-04-06 22:50:00,0.31336669,0.40696696,8.9,9.5
2026-04-06 22:55:00,0.3133279,0.4068118,9.1,9.42
2026-04-06 23:00:00,0.31313395,0.40692817,9.3,9.4
2026-04-06 23:05:00,0.31290121,0.40696696,9.52,9.4
2026-04-06 23:10:00,0.31274605,0.40696696,9.72,9.4
2026-04-06 23:15:00,0.31259089,0.40669543,9.96,9.4
2026-04-06 23:20:00,0.31239694,0.40704454,10.16,9.5
2026-04-06 23:25:00,0.31243573,0.40696696,10.36,9.5
2026-04-06 23:30:00,0.31212541,0.40696696,10.56,9.5
2026-04-06 23:35:00,0.31204783,0.4068118,10.74,9.5
2026-04-06 23:40:00,0.31185388,0.4071997,10.9,9.5
2026-04-06 23:45:00,0.31165993,0.40673422,11.06,9.6
2026-04-06 23:50:00,0.31165993,0.4068118,11.24,9.6
2026-04-06 23:55:00,0.31150477,0.40688938,11.4,9.6
2026-04-07 00:00:00,0.31134961,0.40673422,11.56,9.7
2026-04-07 00:05:00,0.31111687,0.40731607,11.74,9.7
2026-04-07 00:10:00,0.3110005,0.40677301,11.9,9.76
2026-04-07 00:15:00,0.31088413,0.40692817,12.04,9.8
2026-04-07 00:20:00,0.31065139,0.40634632,12.2,9.84
2026-04-07 00:25:00,0.31041865,0.40661785,12.34,9.9
2026-04-07 00:30:00,0.31030228,0.40630753,12.46,9.96
2026-04-07 00:35:00,0.31003075,0.4064239,12.64,10.0
2026-04-07 00:40:00,0.30979801,0.40634632,12.76,10.08
2026-04-07 00:45:00,0.30956527,0.40611358,12.94,10.1
2026-04-07 00:50:00,0.309061,0.40626874,13.1,10.2
2026-04-07 00:55:00,0.30882826,0.40638511,13.26,10.24
2026-04-07 01:00:00,0.30875068,0.40588084,13.42,10.3
2026-04-07 01:05:00,0.30855673,0.40588084,13.54,10.38
2026-04-07 01:10:00,0.30840157,0.40533778,13.66,10.42
2026-04-07 01:15:00,0.30813004,0.40184668,13.72,10.5
2026-04-07 01:20:00,0.30797488,0.40103209,13.8,10.58
2026-04-07 01:25:00,0.30785851,0.40087693,13.86,10.64
2026-04-07 01:30:00,0.30766456,0.40064419,13.92,10.7
2026-04-07 01:35:00,0.30743182,0.40056661,14.0,10.8
2026-04-07 01:40:00,0.30731545,0.40017871,14.12,10.86
2026-04-07 01:45:00,0.30704392,0.40037266,14.24,10.9
2026-04-07 01:50:00,0.30684997,0.40025629,14.36,11.0
2026-04-07 01:55:00,0.30661723,0.40017871,14.54,11.06
2026-04-07 02:00:00,0.30650086,0.39994597,14.68,11.12
2026-04-07 02:05:00,0.30630691,0.40006234,14.84,11.2
2026-04-07 02:10:00,0.30607417,0.3998296,14.96,11.28
2026-04-07 02:15:00,0.3059578,0.39979081,15.06,11.34
2026-04-07 02:20:00,0.30580264,0.39955807,15.16,11.42
2026-04-07 02:25:00,0.30572506,0.39967444,15.2,11.5
2026-04-07 02:30:00,0.30549232,0.39940291,15.2,11.58
2026-04-07 02:35:00,0.30560869,0.39932533,15.2,11.64
2026-04-07 02:40:00,0.30541474,0.39932533,15.2,11.72
2026-04-07 02:45:00,0.30533716,0.39928654,15.1,11.8
2026-04-07 02:50:00,0.30525958,0.39897622,14.98,11.88
2026-04-07 02:55:00,0.30522079,0.3986659,14.86,11.96
2026-04-07 03:00:00,0.30514321,0.3986659,14.72,12.02
2026-04-07 03:05:00,0.30498805,0.39870469,14.58,12.1
2026-04-07 03:10:00,0.30494926,0.39847195,14.5,12.2
2026-04-07 03:15:00,0.3047941,0.39808405,14.44,12.26
2026-04-07 03:20:00,0.30471652,0.39823921,14.44,12.34
2026-04-07 03:25:00,0.30460015,0.39835558,14.5,12.4
2026-04-07 03:30:00,0.30436741,0.39804526,14.58,12.5
2026-04-07 03:35:00,0.30425104,0.39773494,14.68,12.58
2026-04-07 03:40:00,0.30405709,0.3978901,14.78,12.64
2026-04-07 03:45:00,0.30386314,0.3975022,14.9,12.72
2026-04-07 03:50:00,0.30378556,0.39757978,15.0,12.8
2026-04-07 03:55:00,0.30359161,0.39738583,15.06,12.88
2026-04-07 04:00:00,0.30351403,0.39688156,15.1,12.94
2026-04-07 04:05:00,0.30335887,0.39715309,15.2,13.0
2026-04-07 04:10:00,0.30320371,0.39684277,15.2,13.1
2026-04-07 04:15:00,0.30293218,0.39680398,15.26,13.16
2026-04-07 04:20:00,0.30359161,0.39645487,15.3,13.2
2026-04-07 04:25:00,0.30405709,0.39657124,15.36,13.3
2026-04-07 04:30:00,0.30359161,0.39606697,15.4,13.36
2026-04-07 04:35:00,0.30382435,0.39622213,15.4,13.4
2026-04-07 04:40:00,0.30300976,0.39610576,15.4,13.48
2026-04-07 04:45:00,0.30277702,0.39598939,15.4,13.5
2026-04-07 04:50:00,0.30273823,0.39583423,15.4,13.6
2026-04-07 04:55:00,0.30258307,0.39575665,15.4,13.6
2026-04-07 05:00:00,0.3024667,0.39579544,15.4,13.7
2026-04-07 05:05:00,0.30238912,0.39529117,15.4,13.7
2026-04-07 05:10:00,0.30227275,0.39532996,15.4,13.76
2026-04-07 05:15:00,0.30219517,0.39501964,15.4,13.8
2026-04-07 05:20:00,0.30215638,0.39513601,15.4,13.82
2026-04-07 05:25:00,0.30192364,0.39501964,15.4,13.9
2026-04-07 05:30:00,0.30196243,0.39459295,15.3,13.9
2026-04-07 05:35:00,0.30196243,0.39470932,15.3,13.94
2026-04-07 05:40:00,0.30180727,0.39436021,15.28,14.0
2026-04-07 05:45:00,0.30176848,0.39436021,15.2,14.0
2026-04-07 05:50:00,0.30161332,0.39436021,15.2,14.0
2026-04-07 05:55:00,0.30165211,0.39408868,15.2,14.08
2026-04-07 06:00:00,0.30149695,0.39424384,15.1,14.1
2026-04-07 06:05:00,0.30145816,0.39412747,15.1,14.1
2026-04-07 06:10:00,0.30134179,0.39397231,15.06,14.1
2026-04-07 06:15:00,0.30118663,0.39389473,15.0,14.16
2026-04-07 06:20:00,0.30122542,0.39373957,14.96,14.2
2026-04-07 06:25:00,0.30107026,0.39354562,14.9,14.2
2026-04-07 06:30:00,0.30099268,0.39377836,14.84,14.2
2026-04-07 06:35:00,0.30087631,0.39335167,14.78,14.2
2026-04-07 06:40:00,0.3009151,0.39350683,14.7,14.2
2026-04-07 06:45:00,0.30095389,0.39335167,14.62,14.2
2026-04-07 06:50:00,0.30083752,0.39308014,14.54,14.3
2026-04-07 06:55:00,0.30087631,0.39300256,14.46,14.3
2026-04-07 07:00:00,0.30072115,0.39304135,14.38,14.3
2026-04-07 07:05:00,0.30072115,0.39354562,14.3,14.3
2026-04-07 07:10:00,0.30072115,0.39296377,14.2,14.3
2026-04-07 07:15:00,0.30068236,0.3928474,14.12,14.3
2026-04-07 07:20:00,0.30064357,0.39276982,14.04,14.3
2026-04-07 07:25:00,0.30075994,0.39280861,13.94,14.3
2026-04-07 07:30:00,0.30060478,0.39273103,13.84,14.3
2026-04-07 07:35:00,0.30060478,0.39257587,13.74,14.3
2026-04-07 07:40:00,0.30056599,0.39276982,13.64,14.3
2026-04-07 07:45:00,0.30060478,0.39257587,13.54,14.24
2026-04-07 07:50:00,0.3005272,0.39265345,13.42,14.2
2026-04-07 07:55:00,0.30060478,0.39261466,13.32,14.2
2026-04-07 08:00:00,0.30060478,0.3924595,13.2,14.2
2026-04-07 08:05:00,0.30079873,0.39238192,13.1,14.2
2026-04-07 08:10:00,0.30068236,0.39230434,13.0,14.2
2026-04-07 08:15:00,0.30068236,0.39230434,12.9,14.16
2026-04-07 08:20:00,0.30072115,0.39218797,12.82,14.1
2026-04-07 08:25:00,0.30068236,0.39218797,12.72,14.1
2026-04-07 08:30:00,0.30056599,0.39203281,12.62,14.1
2026-04-07 08:35:00,0.30056599,0.39234313,12.54,14.1
2026-04-07 08:40:00,0.30060478,0.39211039,12.44,14.0
2026-04-07 08:45:00,0.30060478,0.39203281,12.36,14.0
2026-04-07 08:50:00,0.3005272,0.39211039,12.28,14.0
2026-04-07 08:55:00,0.3005272,0.39218797,12.2,13.96
2026-04-07 09:00:00,0.30056599,0.39195523,12.12,13.9
2026-04-07 09:05:00,0.30044962,0.39180007,12.04,13.9
2026-04-07 09:10:00,0.30041083,0.39187765,12.0,13.88
2026-04-07 09:15:00,0.30044962,0.39218797,11.9,13.8
2026-04-07 09:20:00,0.30017809,0.39199402,11.84,13.8
2026-04-07 09:25:00,0.30021688,0.39172249,11.76,13.74
2026-04-07 09:30:00,0.30029446,0.39183886,11.7,13.7
2026-04-07 09:35:00,0.30029446,0.39183886,11.6,13.7
2026-04-07 09:40:00,0.30021688,0.39222676,11.54,13.6
2026-04-07 09:45:00,0.30017809,0.39164491,11.48,13.6
2026-04-07 09:50:00,0.30017809,0.39191644,11.4,13.52
2026-04-07 09:55:00,0.30006172,0.39187765,11.3,13.5
2026-04-07 10:00:00,0.30002293,0.39187765,11.22,13.46
2026-04-07 10:05:00,0.30002293,0.39187765,11.16,13.4
2026-04-07 10:10:00,0.29998414,0.3916837,11.08,13.36
2026-04-07 10:15:00,0.29994535,0.3916837,11.0,13.3
2026-04-07 10:20:00,0.30006172,0.39160612,10.9,13.26
2026-04-07 10:25:00,0.30010051,0.39148975,10.84,13.2
2026-04-07 10:30:00,0.30010051,0.39148975,10.76,13.16
2026-04-07 10:35:00,0.30010051,0.3916837,10.7,13.1
2026-04-07 10:40:00,0.29990656,0.39160612,10.6,13.06
2026-04-07 10:45:00,0.29982898,0.39230434,10.52,13.0
2026-04-07 10:50:00,0.29994535,0.39203281,10.46,12.94
2026-04-07 10:55:00,0.30002293,0.39218797,10.4,12.9
2026-04-07 11:00:00,0.29998414,0.39180007,10.3,12.84
2026-04-07 11:05:00,0.29979019,0.39183886,10.24,12.8
2026-04-07 11:10:00,0.29982898,0.39195523,10.2,12.72
2026-04-07 11:15:00,0.29982898,0.3916837,10.1,12.7
2026-04-07 11:20:00,0.29979019,0.39183886,10.06,12.62
2026-04-07 11:25:00,0.2997514,0.39211039,10.0,12.6
2026-04-07 11:30:00,0.29982898,0.39164491,9.92,12.5
2026-04-07 11:35:00,0.29982898,0.39187765,9.86,12.5
2026-04-07 11:40:00,0.29979019,0.39191644,9.8,12.4
2026-04-07 11:45:00,0.29982898,0.39176128,9.74,12.38
2026-04-07 11:50:00,0.29982898,0.39164491,9.7,12.3
2026-04-07 11:55:00,0.29986777,0.39187765,9.6,12.28
2026-04-07 12:00:00,0.29979019,0.39164491,9.58,12.2
2026-04-07 12:05:00,0.29986777,0.39160612,9.5,12.16
2026-04-07 12:10:00,0.29971261,0.39148975,9.44,12.1
2026-04-07 12:15:00,0.29971261,0.3916837,9.4,12.06
2026-04-07 12:20:00,0.29967382,0.39164491,9.32,12.0
2026-04-07 12:25:00,0.29967382,0.39148975,9.3,11.96
2026-04-07 12:30:00,0.2997514,0.39160612,9.2,11.9
2026-04-07 12:35:00,0.29963503,0.39164491,9.18,11.86
2026-04-07 12:40:00,0.29967382,0.39160612,9.1,11.8
2026-04-07 12:45:00,0.29959624,0.39145096,9.06,11.78
2026-04-07 12:50:00,0.2997514,0.39164491,9.0,11.7
2026-04-07 12:55:00,0.29971261,0.39152854,8.94,11.68
2026-04-07 13:00:00,0.29979019,0.39172249,8.9,11.6
2026-04-07 13:05:00,0.29959624,0.39164491,8.84,11.58
2026-04-07 13:10:00,0.29955745,0.39145096,8.8,11.5
2026-04-07 13:15:00,0.29959624,0.39152854,8.74,11.5
2026-04-07 13:20:00,0.29955745,0.39145096,8.7,11.4
2026-04-07 13:25:00,0.29955745,0.39156733,8.66,11.38
2026-04-07 13:30:00,0.29967382,0.39145096,8.6,11.3
2026-04-07 13:35:00,0.29951866,0.39133459,8.58,11.3
2026-04-07 13:40:00,0.29951866,0.39145096,8.5,11.2
2026-04-07 13:45:00,0.29940229,0.39148975,8.5,11.2
2026-04-07 13:50:00,0.29951866,0.39141217,8.4,11.12
2026-04-07 13:55:00,0.29947987,0.39176128,8.4,11.1
2026-04-07 14:00:00,0.29955745,0.39156733,8.34,11.04
2026-04-07 14:05:00,0.29947987,0.39141217,8.3,11.0
2026-04-07 14:10:00,0.29947987,0.39148975,8.28,10.96
2026-04-07 14:15:00,0.29944108,0.39172249,8.2,10.9
2026-04-07 14:20:00,0.2993635,0.39141217,8.2,10.9
2026-04-07 14:25:00,0.29947987,0.39152854,8.14,10.8
2026-04-07 14:30:00,0.29928592,0.39152854,8.1,10.8
2026-04-07 14:35:00,0.29944108,0.39145096,8.08,10.74
2026-04-07 14:40:00,0.2993635,0.39148975,8.0,10.7
2026-04-07 14:45:00,0.29932471,0.39152854,8.0,10.66
2026-04-07 14:50:00,0.29940229,0.39152854,7.94,10.6
2026-04-07 14:55:00,0.29951866,0.39148975,7.9,10.6
2026-04-07 15:00:00,0.2993635,0.39148975,7.9,10.5
2026-04-07 15:05:00,0.29924713,0.39172249,7.82,10.5
2026-04-07 15:10:00,0.29924713,0.39164491,7.8,10.44
2026-04-07 15:15:00,0.29928592,0.39156733,7.8,10.4
2026-04-07 15:20:00,0.2993635,0.3916837,7.7,10.4
2026-04-07 15:25:00,0.2993635,0.39164491,7.7,10.3
2026-04-07 15:30:00,0.29940229,0.39187765,7.7,10.3
2026-04-07 15:35:00,0.29947987,0.39183886,7.6,10.26
2026-04-07 15:40:00,0.29944108,0.39222676,7.6,10.2
2026-04-07 15:45:00,0.29932471,0.39218797,7.58,10.2
2026-04-07 15:50:00,0.29932471,0.39180007,7.5,10.12
2026-04-07 15:55:00,0.29940229,0.39199402,7.5,10.1
2026-04-07 16:00:00,0.29924713,0.39191644,7.48,10.1
2026-04-07 16:05:00,0.2993635,0.39191644,7.4,10.0
2026-04-07 16:10:00,0.29909197,0.39172249,7.4,10.0
2026-04-07 16:15:00,0.29905318,0.39199402,7.4,10.0
2026-04-07 16:20:00,0.29909197,0.39195523,7.32,9.9
2026-04-07 16:25:00,0.29920834,0.3920716,7.3,9.9
2026-04-07 16:30:00,0.29913076,0.39230434,7.3,9.86
2026-04-07 16:35:00,0.29901439,0.39176128,7.28,9.8
2026-04-07 16:40:00,0.29905318,0.39195523,7.2,9.8
2026-04-07 16:45:00,0.29928592,0.39242071,7.2,9.76
2026-04-07 16:50:00,0.29909197,0.39214918,7.2,9.7
2026-04-07 16:55:00,0.29905318,0.39180007,7.16,9.7
2026-04-07 17:00:00,0.29909197,0.39199402,7.1,9.66
2026-04-07 17:05:00,0.29913076,0.39222676,7.1,9.6
2026-04-07 17:10:00,0.29909197,0.39203281,7.1,9.6
2026-04-07 17:15:00,0.29889802,0.39238192,7.0,9.6
2026-04-07 17:20:00,0.2989756,0.39211039,7.0,9.5
2026-04-07 17:25:00,0.29893681,0.39249829,7.0,9.5
2026-04-07 17:30:00,0.29893681,0.39230434,6.98,9.5
2026-04-07 17:35:00,0.29924713,0.39214918,6.9,9.42
2026-04-07 17:40:00,0.2989756,0.39199402,6.9,9.4
2026-04-07 17:45:00,0.29889802,0.39230434,6.9,9.4
2026-04-07 17:50:00,0.29916955,0.39234313,6.84,9.36
2026-04-07 17:55:00,0.29905318,0.39234313,6.8,9.3
2026-04-07 18:00:00,0.29920834,0.39234313,6.8,9.3
2026-04-07 18:05:00,0.29905318,0.39230434,6.8,9.3
2026-04-07 18:10:00,0.29901439,0.39214918,6.74,9.2
2026-04-07 18:15:00,0.29913076,0.39226555,6.7,9.2
2026-04-07 18:20:00,0.2989756,0.39238192,6.7,9.2
2026-04-07 18:25:00,0.29893681,0.39253708,6.68,9.14
2026-04-07 18:30:00,0.29909197,0.39249829,6.6,9.1
2026-04-07 18:35:00,0.29885923,0.39249829,6.6,9.1
2026-04-07 18:40:00,0.2989756,0.39261466,6.6,9.1
2026-04-07 18:45:00,0.29909197,0.39226555,6.58,9.0
2026-04-07 18:50:00,0.29905318,0.39238192,6.5,9.0
2026-04-07 18:55:00,0.29885923,0.39249829,6.5,9.0
2026-04-07 19:00:00,0.29905318,0.39226555,6.5,8.98
2026-04-07 19:05:00,0.29882044,0.39261466,6.5,8.9
2026-04-07 19:10:00,0.29905318,0.39253708,6.4,8.9
2026-04-07 19:15:00,0.29901439,0.39280861,6.4,8.9
2026-04-07 19:20:00,0.29901439,0.39261466,6.4,8.86
2026-04-07 19:25:00,0.29882044,0.39300256,6.4,8.8
2026-04-07 19:30:00,0.29893681,0.39288619,6.34,8.8
2026-04-07 19:35:00,0.2989756,0.39296377,6.3,8.8
2026-04-07 19:40:00,0.29878165,0.39288619,6.3,8.76
2026-04-07 19:45:00,0.29870407,0.39276982,6.3,8.7
2026-04-07 19:50:00,0.29878165,0.39261466,6.26,8.7
2026-04-07 19:55:00,0.29893681,0.39276982,6.2,8.7
2026-04-07 20:00:00,0.29905318,0.39288619,6.2,8.66
2026-04-07 20:05:00,0.29878165,0.39292498,6.2,8.6
2026-04-07 20:10:00,0.29878165,0.39265345,6.2,8.6
2026-04-07 20:15:00,0.29862649,0.39304135,6.1,8.6
2026-04-07 20:20:00,0.29874286,0.39308014,6.1,8.56
2026-04-07 20:25:00,0.29901439,0.39276982,6.1,8.5
2026-04-07 20:30:00,0.29889802,0.39265345,6.1,8.5
2026-04-07 20:35:00,0.29901439,0.39288619,6.06,8.5
2026-04-07 20:40:00,0.29870407,0.39308014,6.0,8.48
2026-04-07 20:45:00,0.29878165,0.39273103,6.0,8.4
2026-04-07 20:50:00,0.29870407,0.39327409,6.0,8.4
2026-04-07 20:55:00,0.29874286,0.39280861,6.0,8.4
2026-04-07 21:00:00,0.29874286,0.39308014,5.98,8.4
2026-04-07 21:05:00,0.29901439,0.3928474,5.9,8.3
2026-04-07 21:10:00,0.29882044,0.39304135,5.9,8.3
2026-04-07 21:15:00,0.29874286,0.39292498,5.9,8.3
2026-04-07 21:20:00,0.29878165,0.39339046,5.9,8.3
2026-04-07 21:25:00,0.29878165,0.39327409,5.88,8.24
2026-04-07 21:30:00,0.29870407,0.39304135,5.8,8.2
2026-04-07 21:35:00,0.29878165,0.3932353,5.8,8.2
2026-04-07 21:40:00,0.29874286,0.39331288,5.8,8.2
2026-04-07 21:45:00,0.29889802,0.39339046,5.8,8.2
2026-04-07 21:50:00,0.29874286,0.39308014,5.8,8.1
2026-04-07 21:55:00,0.29870407,0.39327409,5.8,8.1
2026-04-07 22:00:00,0.29878165,0.39304135,5.82,8.1
2026-04-07 22:05:00,0.2985877,0.39280861,5.9,8.1
2026-04-07 22:10:00,0.29878165,0.39331288,5.96,8.04
2026-04-07 22:15:00,0.29823859,0.39319651,6.04,8.0
2026-04-07 22:20:00,0.29835496,0.39331288,6.16,8.0
2026-04-07 22:25:00,0.2981998,0.39315772,6.32,8.0
2026-04-07 22:30:00,0.29827738,0.39350683,6.44,8.0
2026-04-07 22:35:00,0.29823859,0.39350683,6.6,7.98
2026-04-07 22:40:00,0.29777311,0.39331288,6.78,7.9
2026-04-07 22:45:00,0.29777311,0.39350683,6.96,7.9
2026-04-07 22:50:00,0.29769553,0.39358441,7.16,7.9
2026-04-07 22:55:00,0.29738521,0.39311893,7.34,7.9
2026-04-07 23:00:00,0.29726884,0.39354562,7.54,7.9
2026-04-07 23:05:00,0.2970361,0.39358441,7.76,7.9
2026-04-07 23:10:00,0.29699731,0.39416626,7.98,7.9
2026-04-07 23:15:00,0.2966482,0.39470932,8.18,7.9
2026-04-07 23:20:00,0.29649304,0.39463174,8.42,7.9
2026-04-07 23:25:00,0.29633788,0.39467053,8.62,7.9
2026-04-07 23:30:00,0.29614393,0.39447658,8.88,7.9
2026-04-07 23:35:00,0.29606635,0.39428263,9.08,7.98
2026-04-07 23:40:00,0.29583361,0.39408868,9.32,8.0
2026-04-07 23:45:00,0.29567845,0.39408868,9.58,8.0
2026-04-07 23:50:00,0.29529055,0.39393352,9.82,8.04
2026-04-07 23:55:00,0.29525176,0.39412747,10.08,8.1
2026-04-08 00:00:00,0.29513539,0.39404989,10.3,8.12
2026-04-08 00:05:00,0.29505781,0.39385594,10.52,8.2
2026-04-08 00:10:00,0.29486386,0.39420505,10.78,8.22
2026-04-08 00:15:00,0.29482507,0.39366199,11.0,8.3
2026-04-08 00:20:00,0.29451475,0.39327409,11.22,8.34
2026-04-08 00:25:00,0.29439838,0.39377836,11.48,8.4
2026-04-08 00:30:00,0.29424322,0.3936232,11.68,8.48
2026-04-08 00:35:00,0.29408806,0.39335167,11.9,8.54
2026-04-08 00:40:00,0.2939329,0.39366199,12.1,8.6
2026-04-08 00:45:00,0.29377774,0.39346804,12.32,8.7
2026-04-08 00:50:00,0.293545,0.39331288,12.54,8.78
2026-04-08 00:55:00,0.29331226,0.39331288,12.76,8.84
2026-04-08 01:00:00,0.29300194,0.39342925,12.98,8.92
2026-04-08 01:05:00,0.29296315,0.39288619,13.18,9.0
2026-04-08 01:10:00,0.29284678,0.39273103,13.4,9.1
2026-04-08 01:15:00,0.29265283,0.39296377,13.6,9.18
2026-04-08 01:20:00,0.29242009,0.3928474,13.82,9.28
2026-04-08 01:25:00,0.29230372,0.39249829,14.02,9.38
2026-04-08 01:30:00,0.29207098,0.39261466,14.2,9.46
2026-04-08 01:35:00,0.29207098,0.3928474,14.36,9.56
2026-04-08 01:40:00,0.29179945,0.3924595,14.54,9.66
2026-04-08 01:45:00,0.29172187,0.39280861,14.7,9.76
2026-04-08 01:50:00,0.29168308,0.39214918,14.86,9.86
2026-04-08 01:55:00,0.29152792,0.3920716,15.04,9.96
2026-04-08 02:00:00,0.29125639,0.39203281,15.16,10.06
2026-04-08 02:05:00,0.29125639,0.39230434,15.32,10.16
2026-04-08 02:10:00,0.29114002,0.39183886,15.46,10.26
2026-04-08 02:15:00,0.29102365,0.39195523,15.64,10.38
2026-04-08 02:20:00,0.29098486,0.39183886,15.76,10.48
2026-04-08 02:25:00,0.2908297,0.39172249,15.88,10.58
2026-04-08 02:30:00,0.29098486,0.39187765,15.98,10.7
2026-04-08 02:35:00,0.29086849,0.39148975,16.0,10.8
2026-04-08 02:40:00,0.29098486,0.39160612,15.92,10.92
2026-04-08 02:45:00,0.29086849,0.39148975,15.82,11.02
2026-04-08 02:50:00,0.29090728,0.39137338,15.68,11.12
2026-04-08 02:55:00,0.29086849,0.39121822,15.54,11.24
2026-04-08 03:00:00,0.29094607,0.39133459,15.38,11.34
2026-04-08 03:05:00,0.29090728,0.39110185,15.24,11.44
2026-04-08 03:10:00,0.29086849,0.39067516,15.14,11.56
2026-04-08 03:15:00,0.29086849,0.39079153,15.1,11.66
2026-04-08 03:20:00,0.29059696,0.39075274,15.1,11.76
2026-04-08 03:25:00,0.29071333,0.39071395,15.1,11.86
2026-04-08 03:30:00,0.29051938,0.39044242,15.2,11.96
2026-04-08 03:35:00,0.2904418,0.39028726,15.32,12.06
2026-04-08 03:40:00,0.29032543,0.39032605,15.44,12.16
2026-04-08 03:45:00,0.29024785,0.39048121,15.56,12.26
2026-04-08 03:50:00,0.29017027,0.3901321,15.7,12.36
2026-04-08 03:55:00,0.28989874,0.39005452,15.84,12.46
2026-04-08 04:00:00,0.28978237,0.39001573,15.98,12.56
2026-04-08 04:05:00,0.28978237,0.39009331,16.12,12.66
2026-04-08 04:10:00,0.28951084,0.38982178,16.24,12.76
2026-04-08 04:15:00,0.28958842,0.38958904,16.34,12.86
2026-04-08 04:20:00,0.28970479,0.38947267,16.46,12.94
2026-04-08 04:25:00,0.28943326,0.3893563,16.56,13.04
2026-04-08 04:30:00,0.28939447,0.38943388,16.68,13.14
2026-04-08 04:35:00,0.28916173,0.38923993,16.78,13.22
2026-04-08 04:40:00,0.28923931,0.38908477,16.86,13.32
2026-04-08 04:45:00,0.28908415,0.38904598,16.94,13.4
2026-04-08 04:50:00,0.2888902,0.38904598,17.0,13.5
2026-04-08 04:55:00,0.28885141,0.38865808,17.1,13.6
2026-04-08 05:00:00,0.28873504,0.3889684,17.1,13.68
2026-04-08 05:05:00,0.28861867,0.38873566,17.18,13.76
2026-04-08 05:10:00,0.28857988,0.38854171,17.2,13.84
2026-04-08 05:15:00,0.2885023,0.38834776,17.2,13.9
2026-04-08 05:20:00,0.28846351,0.38827018,17.2,14.0
2026-04-08 05:25:00,0.28830835,0.38823139,17.2,14.08
2026-04-08 05:30:00,0.28830835,0.38811502,17.2,14.14
2026-04-08 05:35:00,0.28819198,0.38815381,17.26,14.2
2026-04-08 05:40:00,0.28807561,0.38776591,17.28,14.3
2026-04-08 05:45:00,0.28807561,0.38776591,17.2,14.34
2026-04-08 05:50:00,0.28792045,0.38753317,17.2,14.4
2026-04-08 05:55:00,0.28799803,0.38753317,17.2,14.48
2026-04-08 06:00:00,0.28788166,0.38726164,17.2,14.54
2026-04-08 06:05:00,0.2877265,0.38726164,17.2,14.6
2026-04-08 06:10:00,0.28757134,0.38718406,17.16,14.66
2026-04-08 06:15:00,0.28764892,0.3870289,17.1,14.7
2026-04-08 06:20:00,0.28764892,0.3870289,17.1,14.78
2026-04-08 06:25:00,0.28749376,0.38687374,17.02,14.8
2026-04-08 06:30:00,0.28741618,0.38691253,17.0,14.88
2026-04-08 06:35:00,0.28745497,0.38675737,16.9,14.9
2026-04-08 06:40:00,0.28741618,0.38660221,16.88,14.98
2026-04-08 06:45:00,0.28737739,0.38636947,16.8,15.0
2026-04-08 06:50:00,0.28737739,0.38652463,16.74,15.04
2026-04-08 06:55:00,0.28702828,0.38652463,16.68,15.1
2026-04-08 07:00:00,0.28726102,0.38636947,16.6,15.1
2026-04-08 07:05:00,0.28687312,0.38656342,16.52,15.12
2026-04-08 07:10:00,0.28683433,0.3862531,16.42,15.2
2026-04-08 07:15:00,0.28660159,0.38609794,16.34,15.2
2026-04-08 07:20:00,0.28660159,0.38605915,16.26,15.2
2026-04-08 07:25:00,0.2865628,0.38594278,16.16,15.2
2026-04-08 07:30:00,0.2865628,0.38594278,16.06,15.2
2026-04-08 07:35:00,0.28660159,0.3858652,15.96,15.26
2026-04-08 07:40:00,0.28652401,0.38582641,15.84,15.3
2026-04-08 07:45:00,0.28652401,0.38578762,15.74,15.3
2026-04-08 07:50:00,0.28640764,0.38571004,15.64,15.3
2026-04-08 07:55:00,0.2865628,0.38555488,15.52,15.3
2026-04-08 08:00:00,0.28640764,0.38555488,15.42,15.3
2026-04-08 08:05:00,0.28652401,0.38551609,15.32,15.3
2026-04-08 08:10:00,0.28640764,0.38539972,15.22,15.3
2026-04-08 08:15:00,0.28636885,0.38536093,15.14,15.28
2026-04-08 08:20:00,0.28640764,0.38532214,15.04,15.2
2026-04-08 08:25:00,0.28629127,0.38536093,14.92,15.2
2026-04-08 08:30:00,0.28636885,0.38520577,14.82,15.2
2026-04-08 08:35:00,0.28629127,0.38536093,14.7,15.2
2026-04-08 08:40:00,0.28621369,0.38512819,14.6,15.2
2026-04-08 08:45:00,0.28609732,0.38505061,14.52,15.2
2026-04-08 08:50:00,0.28625248,0.38512819,14.42,15.2
2026-04-08 08:55:00,0.28621369,0.38505061,14.34,15.14
2026-04-08 09:00:00,0.28625248,0.38501182,14.26,15.1
2026-04-08 09:05:00,0.28613611,0.38501182,14.18,15.1
2026-04-08 09:10:00,0.28613611,0.38497303,14.1,15.08
2026-04-08 09:15:00,0.28609732,0.38481787,14.02,15.0
2026-04-08 09:20:00,0.28609732,0.38505061,13.96,15.0
2026-04-08 09:25:00,0.28609732,0.38489545,13.88,14.96
2026-04-08 09:30:00,0.28613611,0.38485666,13.8,14.9
2026-04-08 09:35:00,0.28598095,0.38481787,13.7,14.9
2026-04-08 09:40:00,0.28590337,0.3850894,13.62,14.82
2026-04-08 09:45:00,0.28609732,0.38477908,13.54,14.8
2026-04-08 09:50:00,0.28594216,0.38477908,13.46,14.76
2026-04-08 09:55:00,0.28590337,0.38501182,13.38,14.7
2026-04-08 10:00:00,0.28605853,0.38489545,13.28,14.7
2026-04-08 10:05:00,0.28601974,0.38458513,13.2,14.6
2026-04-08 10:10:00,0.2861749,0.38454634,13.1,14.6
2026-04-08 10:15:00,0.28613611,0.38446876,13.02,14.52
2026-04-08 10:20:00,0.28605853,0.38474029,12.92,14.5
2026-04-08 10:25:00,0.2861749,0.38442997,12.84,14.42
2026-04-08 10:30:00,0.28598095,0.38454634,12.76,14.4
2026-04-08 10:35:00,0.28613611,0.38446876,12.68,14.34
2026-04-08 10:40:00,0.28613611,0.38439118,12.6,14.3
2026-04-08 10:45:00,0.28605853,0.38450755,12.52,14.24
2026-04-08 10:50:00,0.28601974,0.38450755,12.46,14.2
2026-04-08 10:55:00,0.28594216,0.38462392,12.38,14.16
2026-04-08 11:00:00,0.28598095,0.38427481,12.3,14.1
2026-04-08 11:05:00,0.28582579,0.38435239,12.22,14.08
2026-04-08 11:10:00,0.28601974,0.38442997,12.16,14.0
2026-04-08 11:15:00,0.28590337,0.38419723,12.1,13.98
2026-04-08 11:20:00,0.285787,0.38435239,12.04,13.9
2026-04-08 11:25:00,0.28594216,0.38408086,12.0,13.88
2026-04-08 11:30:00,0.28582579,0.38411965,11.94,13.8
2026-04-08 11:35:00,0.285787,0.38411965,11.9,13.8
2026-04-08 11:40:00,0.28582579,0.38400328,11.82,13.7
2026-04-08 11:45:00,0.28574821,0.38396449,11.8,13.7
2026-04-08 11:50:00,0.28574821,0.38442997,11.72,13.6
2026-04-08 11:55:00,0.28567063,0.38435239,11.7,13.6
2026-04-08 12:00:00,0.28570942,0.3839257,11.6,13.5
2026-04-08 12:05:00,0.28567063,0.3843136,11.6,13.5
2026-04-08 12:10:00,0.28555426,0.38415844,11.5,13.42
2026-04-08 12:15:00,0.28559305,0.38411965,11.5,13.4
2026-04-08 12:20:00,0.28555426,0.38396449,11.4,13.34
2026-04-08 12:25:00,0.28559305,0.38388691,11.4,13.3
2026-04-08 12:30:00,0.28559305,0.38415844,11.3,13.24
2026-04-08 12:35:00,0.28547668,0.38419723,11.3,13.2
2026-04-08 12:40:00,0.28555426,0.3843136,11.22,13.18
2026-04-08 12:45:00,0.28551547,0.3839257,11.2,13.1
2026-04-08 12:50:00,0.28536031,0.38384812,11.18,13.1
2026-04-08 12:55:00,0.28536031,0.38411965,11.1,13.0
2026-04-08 13:00:00,0.28551547,0.38400328,11.1,13.0
2026-04-08 13:05:00,0.2853991,0.38388691,11.08,12.96
2026-04-08 13:10:00,0.28536031,0.38411965,11.0,12.9
2026-04-08 13:15:00,0.2853991,0.38419723,11.0,12.9
2026-04-08 13:20:00,0.28528273,0.3843136,10.98,12.8
2026-04-08 13:25:00,0.28536031,0.38423602,10.9,12.8
2026-04-08 13:30:00,0.28520515,0.38423602,10.9,12.74
2026-04-08 13:35:00,0.28512757,0.38419723,10.9,12.7
2026-04-08 13:40:00,0.28520515,0.38415844,10.84,12.7
2026-04-08 13:45:00,0.28520515,0.38384812,10.8,12.62
2026-04-08 13:50:00,0.28512757,0.38415844,10.8,12.6
2026-04-08 13:55:00,0.28512757,0.38411965,10.8,12.6
2026-04-08 14:00:00,0.2850112,0.38419723,10.76,12.5
2026-04-08 14:05:00,0.28497241,0.38400328,10.7,12.5
2026-04-08 14:10:00,0.28504999,0.38408086,10.7,12.5
2026-04-08 14:15:00,0.2850112,0.38411965,10.7,12.4
2026-04-08 14:20:00,0.28489483,0.38388691,10.7,12.4
2026-04-08 14:25:00,0.28497241,0.38408086,10.68,12.4
2026-04-08 14:30:00,0.2850112,0.38384812,10.6,12.32
2026-04-08 14:35:00,0.28493362,0.38377054,10.6,12.3
2026-04-08 14:40:00,0.28489483,0.38377054,10.6,12.3
2026-04-08 14:45:00,0.28481725,0.38369296,10.6,12.24
2026-04-08 14:50:00,0.28481725,0.38411965,10.6,12.2
2026-04-08 14:55:00,0.28477846,0.38400328,10.6,12.2
2026-04-08 15:00:00,0.28485604,0.38377054,10.54,12.2
2026-04-08 15:05:00,0.28477846,0.38365417,10.5,12.1
2026-04-08 15:10:00,0.28470088,0.38404207,10.5,12.1
2026-04-08 15:15:00,0.28485604,0.38415844,10.5,12.1
2026-04-08 15:20:00,0.28470088,0.38377054,10.5,12.1
2026-04-08 15:25:00,0.2846233,0.38388691,10.5,12.0
2026-04-08 15:30:00,0.28466209,0.38396449,10.5,12.0
2026-04-08 15:35:00,0.28466209,0.38365417,10.5,12.0
2026-04-08 15:40:00,0.28458451,0.38384812,10.5,12.0
2026-04-08 15:45:00,0.28446814,0.38361538,10.5,11.94
2026-04-08 15:50:00,0.28454572,0.38361538,10.5,11.9
2026-04-08 15:55:00,0.28446814,0.3839257,10.5,11.9
2026-04-08 16:00:00,0.28446814,0.38365417,10.5,11.9
2026-04-08 16:05:00,0.28454572,0.38369296,10.5,11.9
2026-04-08 16:10:00,0.28435177,0.38365417,10.5,11.82
2026-04-08 16:15:00,0.28439056,0.38373175,10.5,11.8
2026-04-08 16:20:00,0.28427419,0.38377054,10.5,11.8
2026-04-08 16:25:00,0.28435177,0.38396449,10.5,11.8
2026-04-08 16:30:00,0.2842354,0.38388691,10.5,11.8
2026-04-08 16:35:00,0.28419661,0.38365417,10.5,11.8
2026-04-08 16:40:00,0.28415782,0.38369296,10.5,11.72
2026-04-08 16:45:00,0.28431298,0.38384812,10.5,11.7
2026-04-08 16:50:00,0.28411903,0.38365417,10.5,11.7
2026-04-08 16:55:00,0.28408024,0.3835378,10.5,11.7
2026-04-08 17:00:00,0.28415782,0.38373175,10.5,11.7
2026-04-08 17:05:00,0.28408024,0.38365417,10.5,11.7
2026-04-08 17:10:00,0.28400266,0.38365417,10.5,11.7
2026-04-08 17:15:00,0.28404145,0.3835378,10.5,11.66
2026-04-08 17:20:00,0.28404145,0.38377054,10.5,11.6
2026-04-08 17:25:00,0.28400266,0.38346022,10.5,11.6
2026-04-08 17:30:00,0.28396387,0.38346022,10.5,11.6
2026-04-08 17:35:00,0.28400266,0.38361538,10.5,11.6
2026-04-08 17:40:00,0.28392508,0.38349901,10.5,11.6
2026-04-08 17:45:00,0.28392508,0.38346022,10.5,11.6
2026-04-08 17:50:00,0.28376992,0.38357659,10.5,11.6
2026-04-08 17:55:00,0.28392508,0.38377054,10.5,11.6
2026-04-08 18:00:00,0.28380871,0.38346022,10.5,11.6
2026-04-08 18:05:00,0.2838475,0.38361538,10.5,11.58
2026-04-08 18:10:00,0.28388629,0.38357659,10.5,11.5
2026-04-08 18:15:00,0.28376992,0.38334385,10.5,11.5
2026-04-08 18:20:00,0.28380871,0.3835378,10.5,11.5
2026-04-08 18:25:00,0.28380871,0.38346022,10.5,11.5
2026-04-08 18:30:00,0.28392508,0.38338264,10.5,11.5
2026-04-08 18:35:00,0.28373113,0.38342143,10.5,11.5
2026-04-08 18:40:00,0.28369234,0.38318869,10.5,11.5
2026-04-08 18:45:00,0.28369234,0.3831499,10.5,11.5
2026-04-08 18:50:00,0.28369234,0.38342143,10.5,11.5
2026-04-08 18:55:00,0.28369234,0.38307232,10.5,11.5
2026-04-08 19:00:00,0.28373113,0.3831499,10.5,11.5
2026-04-08 19:05:00,0.28373113,0.38322748,10.5,11.5
2026-04-08 19:10:00,0.28373113,0.38334385,10.5,11.46
2026-04-08 19:15:00,0.28349839,0.38326627,10.5,11.4
2026-04-08 19:20:00,0.28361476,0.3831499,10.5,11.4
2026-04-08 19:25:00,0.28376992,0.38330506,10.5,11.4
2026-04-08 19:30:00,0.28376992,0.38322748,10.5,11.4
2026-04-08 19:35:00,0.2838475,0.38330506,10.5,11.4
2026-04-08 19:40:00,0.28376992,0.38318869,10.5,11.4
2026-04-08 19:45:00,0.28388629,0.38318869,10.5,11.4
2026-04-08 19:50:00,0.28392508,0.3831499,10.5,11.4
2026-04-08 19:55:00,0.28380871,0.3831499,10.5,11.4
2026-04-08 20:00:00,0.28388629,0.38303353,10.5,11.4
2026-04-08 20:05:00,0.28396387,0.38318869,10.5,11.4
2026-04-08 20:10:00,0.28380871,0.3831499,10.5,11.4
2026-04-08 20:15:00,0.28396387,0.38330506,10.5,11.36
2026-04-08 20:20:00,0.2838475,0.38311111,10.5,11.3
2026-04-08 20:25:00,0.28396387,0.3831499,10.5,11.3
2026-04-08 20:30:00,0.28396387,0.38318869,10.5,11.3
2026-04-08 20:35:00,0.2838475,0.38334385,10.5,11.3
2026-04-08 20:40:00,0.28388629,0.38342143,10.5,11.3
2026-04-08 20:45:00,0.28396387,0.38330506,10.5,11.3
2026-04-08 20:50:00,0.28400266,0.38318869,10.5,11.3
2026-04-08 20:55:00,0.28400266,0.38318869,10.5,11.3
2026-04-08 21:00:00,0.28396387,0.3835378,10.5,11.3
2026-04-08 21:05:00,0.28400266,0.38330506,10.5,11.3
2026-04-08 21:10:00,0.28404145,0.38334385,10.5,11.3
2026-04-08 21:15:00,0.28396387,0.38330506,10.5,11.3
2026-04-08 21:20:00,0.28396387,0.38322748,10.5,11.3
2026-04-08 21:25:00,0.28404145,0.38334385,10.5,11.3
2026-04-08 21:30:00,0.28404145,0.38346022,10.5,11.3
2026-04-08 21:35:00,0.28408024,0.38338264,10.54,11.3
2026-04-08 21:40:00,0.28404145,0.38334385,10.6,11.3
2026-04-08 21:45:00,0.28400266,0.38346022,10.6,11.3
2026-04-08 21:50:00,0.28404145,0.38334385,10.6,11.26
2026-04-08 21:55:00,0.28411903,0.38349901,10.6,11.2
2026-04-08 22:00:00,0.28408024,0.3835378,10.6,11.2
2026-04-08 22:05:00,0.28415782,0.38338264,10.6,11.2
2026-04-08 22:10:00,0.28411903,0.38338264,10.6,11.2
2026-04-08 22:15:00,0.2842354,0.38334385,10.6,11.2
2026-04-08 22:20:00,0.2842354,0.38346022,10.64,11.2
2026-04-08 22:25:00,0.28431298,0.38361538,10.7,11.2
2026-04-08 22:30:00,0.28427419,0.38342143,10.7,11.2
2026-04-08 22:35:00,0.28435177,0.38357659,10.7,11.2
2026-04-08 22:40:00,0.28439056,0.38342143,10.7,11.2
2026-04-08 22:45:00,0.28435177,0.38342143,10.7,11.2
2026-04-08 22:50:00,0.28439056,0.38349901,10.7,11.2
2026-04-08 22:55:00,0.28442935,0.38357659,10.74,11.2
2026-04-08 23:00:00,0.28442935,0.38346022,10.8,11.2
2026-04-08 23:05:00,0.28446814,0.38380933,10.8,11.2
2026-04-08 23:10:00,0.28450693,0.38361538,10.8,11.2
2026-04-08 23:15:00,0.28446814,0.38377054,10.8,11.2
2026-04-08 23:20:00,0.2846233,0.38361538,10.86,11.2
2026-04-08 23:25:00,0.28450693,0.3835378,10.9,11.2
2026-04-08 23:30:00,0.28454572,0.38373175,10.9,11.24
2026-04-08 23:35:00,0.28450693,0.38369296,10.9,11.3
2026-04-08 23:40:00,0.28458451,0.3835378,10.98,11.3
2026-04-08 23:45:00,0.28470088,0.38369296,11.0,11.3
2026-04-08 23:50:00,0.2846233,0.38384812,11.0,11.3
2026-04-08 23:55:00,0.28458451,0.38361538,11.1,11.3
2026-04-09 00:00:00,0.28473967,0.38373175,11.1,11.3
2026-04-09 00:05:00,0.28466209,0.38377054,11.16,11.3
2026-04-09 00:10:00,0.28470088,0.38361538,11.2,11.3
2026-04-09 00:15:00,0.28473967,0.38365417,11.2,11.3
2026-04-09 00:20:00,0.28481725,0.3839257,11.22,11.3
2026-04-09 00:25:00,0.28489483,0.38365417,11.3,11.3
2026-04-09 00:30:00,0.28477846,0.38369296,11.3,11.3
2026-04-09 00:35:00,0.28485604,0.38373175,11.3,11.34
2026-04-09 00:40:00,0.2850112,0.38396449,11.3,11.4
2026-04-09 00:45:00,0.28493362,0.38384812,11.4,11.4
2026-04-09 00:50:00,0.2850112,0.3839257,11.4,11.4
2026-04-09 00:55:00,0.28504999,0.38373175,11.4,11.4
2026-04-09 01:00:00,0.28508878,0.38380933,11.4,11.4
2026-04-09 01:05:00,0.28524394,0.38462392,11.4,11.4
2026-04-09 01:10:00,0.28586458,0.38582641,11.48,11.4
2026-04-09 01:15:00,0.29106244,0.3975022,11.5,11.44
2026-04-09 01:20:00,0.32853358,0.41387158,11.5,11.5
2026-04-09 01:25:00,0.34253677,0.413794,11.56,11.5
2026-04-09 01:30:00,0.34463143,0.41371642,11.6,11.5
2026-04-09 01:35:00,0.34408837,0.41360005,11.64,11.5
2026-04-09 01:40:00,0.34292467,0.41356126,11.7,11.5
2026-04-09 01:45:00,0.34179976,0.41309578,11.76,11.5
2026-04-09 01:50:00,0.34075243,0.41317336,11.82,11.56
2026-04-09 01:55:00,0.340093,0.4130182,11.9,11.6
2026-04-09 02:00:00,0.33923962,0.41294062,12.0,11.6
2026-04-09 02:05:00,0.3385414,0.41274667,12.06,11.6
2026-04-09 02:10:00,0.33784318,0.41270788,12.1,11.6
2026-04-09 02:15:00,0.33753286,0.41270788,12.2,11.62
2026-04-09 02:20:00,0.33764923,0.41278546,12.2,11.7
2026-04-09 02:25:00,0.33850261,0.41332852,12.22,11.7
2026-04-09 02:30:00,0.34040332,0.41356126,12.3,11.7
2026-04-09 02:35:00,0.34168339,0.41375521,12.3,11.78
2026-04-09 02:40:00,0.34199371,0.413794,12.34,11.8
2026-04-09 02:45:00,0.34207129,0.41406553,12.4,11.8
2026-04-09 02:50:00,0.34253677,0.41422069,12.4,11.9
2026-04-09 02:55:00,0.34416595,0.41441464,12.46,11.9
2026-04-09 03:00:00,0.3466873,0.4145698,12.5,11.96
2026-04-09 03:05:00,0.34990687,0.41441464,12.5,12.0
2026-04-09 03:10:00,0.35479441,0.41406553,12.58,12.08
2026-04-09 03:15:00,0.35712181,0.41259151,12.6,12.18
2026-04-09 03:20:00,0.35692786,0.41278546,12.7,12.22
2026-04-09 03:25:00,0.35685028,0.41305699,12.72,12.3
2026-04-09 03:30:00,0.35642359,0.41363884,12.8,12.34
2026-04-09 03:35:00,0.35661754,0.4157335,12.84,12.4
2026-04-09 03:40:00,0.3563848,0.4180609,12.9,12.48
2026-04-09 03:45:00,0.35537626,0.4192246,12.94,12.56
2026-04-09 03:50:00,0.35417377,0.41969008,13.0,12.64
2026-04-09 03:55:00,0.35246701,0.41980645,13.02,12.7
2026-04-09 04:00:00,0.3509542,0.41899186,13.1,12.74
2026-04-09 04:05:00,0.34951897,0.41705236,13.1,12.8
2026-04-09 04:10:00,0.34804495,0.41550076,13.1,12.8
2026-04-09 04:15:00,0.34711399,0.41468617,13.16,12.8
2026-04-09 04:20:00,0.34723036,0.41460859,13.2,12.86
2026-04-09 04:25:00,0.34738552,0.41433706,13.2,12.9
2026-04-09 04:30:00,0.34847164,0.41480254,13.2,12.92
2026-04-09 04:35:00,0.35173,0.41526802,13.2,13.02
2026-04-09 04:40:00,0.35436772,0.41565592,13.24,13.12
2026-04-09 04:45:00,0.35917768,0.41879791,13.3,13.28
2026-04-09 04:50:00,0.3598759,0.42089257,13.34,13.58
2026-04-09 04:55:00,0.35770366,0.42190111,13.4,13.76
2026-04-09 05:00:00,0.35591932,0.42236659,13.48,13.84
2026-04-09 05:05:00,0.3548332,0.42259933,13.5,13.9
2026-04-09 05:10:00,0.35432893,0.42244417,13.56,13.9
2026-04-09 05:15:00,0.3544453,0.42190111,13.6,14.0
2026-04-09 05:20:00,0.3559969,0.42131926,13.62,14.0
2026-04-09 05:25:00,0.35634601,0.4207762,13.7,14.08
2026-04-09 05:30:00,0.35541505,0.42050467,13.7,14.12
2026-04-09 05:35:00,0.35429014,0.42015556,13.78,14.22
2026-04-09 05:40:00,0.35246701,0.42015556,13.8,14.3
2026-04-09 05:45:00,0.35076025,0.4200004,13.8,14.36
2026-04-09 05:50:00,0.34986808,0.41988403,13.84,14.4
2026-04-09 05:55:00,0.34932502,0.41903065,13.9,14.4
2026-04-09 06:00:00,0.34851043,0.41724631,13.9,14.4
2026-04-09 06:05:00,0.34738552,0.41519044,13.9,14.4
2026-04-09 06:10:00,0.34684246,0.41491891,13.9,14.4
2026-04-09 06:15:00,0.34738552,0.41499649,13.9,14.4
2026-04-09 06:20:00,0.34847164,0.41526802,13.98,14.4
2026-04-09 06:25:00,0.34928623,0.41499649,14.0,14.4
2026-04-09 06:30:00,0.34955776,0.41499649,14.0,14.4
2026-04-09 06:35:00,0.35010082,0.41511286,14.02,14.5
2026-04-09 06:40:00,0.3494026,0.41503528,14.1,14.5
2026-04-09 06:45:00,0.34820011,0.41472496,14.1,14.5
2026-04-09 06:50:00,0.34750189,0.4149577,14.1,14.5
2026-04-09 06:55:00,0.34955776,0.41519044,14.1,14.54
2026-04-09 07:00:00,0.35429014,0.41678083,14.1,14.6
2026-04-09 07:05:00,0.35925526,0.41969008,14.2,14.7
2026-04-09 07:10:00,0.36107839,0.4211641,14.2,14.78
2026-04-09 07:15:00,0.36069049,0.42178474,14.26,14.8
2026-04-09 07:20:00,0.36189298,0.42290965,14.3,14.78
2026-04-09 07:25:00,0.36546166,0.42399577,14.34,14.7
2026-04-09 07:30:00,0.36720721,0.42422851,14.44,14.6
2026-04-09 07:35:00,0.36817696,0.42450004,14.52,14.6
2026-04-09 07:40:00,0.36588835,0.42461641,14.6,14.6
2026-04-09 07:45:00,0.36709084,0.42477157,14.66,14.56
2026-04-09 07:50:00,0.36674173,0.42457762,14.7,14.5
2026-04-09 07:55:00,0.36693568,0.42477157,14.76,14.5
2026-04-09 08:00:00,0.36398764,0.42477157,14.8,14.54
2026-04-09 08:05:00,0.36538408,0.42508189,14.8,14.68
2026-04-09 08:10:00,0.36906913,0.42434488,14.86,14.66
2026-04-09 08:15:00,0.36899155,0.42422851,14.9,14.48
2026-04-09 08:20:00,0.36813817,0.42450004,14.96,14.26
2026-04-09 08:25:00,0.36239725,0.42442246,15.0,14.22
2026-04-09 08:30:00,0.3571606,0.42434488,15.0,14.42
2026-04-09 08:35:00,0.35634601,0.42434488,15.0,14.6
2026-04-09 08:40:00,0.3536695,0.42422851,15.0,14.7
2026-04-09 08:45:00,0.35048872,0.42415093,15.0,14.7
2026-04-09 08:50:00,0.34750189,0.4242673,14.92,14.7
2026-04-09 08:55:00,0.34622182,0.42457762,14.9,14.7
2026-04-09 09:00:00,0.34482538,0.42434488,14.9,14.7
2026-04-09 09:05:00,0.34346773,0.42434488,14.9,14.7
2026-04-09 09:10:00,0.34195492,0.42438367,14.9,14.7
2026-04-09 09:15:00,0.34090759,0.42450004,14.84,14.7
2026-04-09 09:20:00,0.340093,0.42450004,14.8,14.7
2026-04-09 09:25:00,0.33989905,0.42446125,14.8,14.7
2026-04-09 09:30:00,0.33873535,0.4246552,14.8,14.7
2026-04-09 09:35:00,0.33730012,0.42461641,14.8,14.7
2026-04-09 09:40:00,0.33633037,0.42469399,14.8,14.7
2026-04-09 09:45:00,0.33559336,0.42481036,14.76,14.78
2026-04-09 09:50:00,0.3350503,0.42508189,14.7,14.8
2026-04-09 09:55:00,0.33446845,0.42488794,14.7,14.8
2026-04-09 10:00:00,0.33357628,0.42484915,14.7,14.8
2026-04-09 10:05:00,0.33322717,0.42477157,14.7,14.8
2026-04-09 10:10:00,0.33280048,0.42488794,14.7,14.72
2026-04-09 10:15:00,0.33264532,0.42484915,14.7,14.7
2026-04-09 10:20:00,0.33237379,0.42477157,14.68,14.7
2026-04-09 10:25:00,0.33202468,0.42484915,14.6,14.7
2026-04-09 10:30:00,0.3315592,0.42488794,14.6,14.7
2026-04-09 10:35:00,0.3311713,0.4250431,14.6,14.7
2026-04-09 10:40:00,0.3307834,0.42492673,14.6,14.64
2026-04-09 10:45:00,0.33074461,0.4250431,14.6,14.6
2026-04-09 10:50:00,0.33058945,0.42508189,14.6,14.6
2026-04-09 10:55:00,0.33047308,0.42527584,14.6,14.6
2026-04-09 11:00:00,0.33051187,0.42500431,14.54,14.6
2026-04-09 11:05:00,0.33027913,0.42496552,14.5,14.6
2026-04-09 11:10:00,0.33016276,0.425431,14.5,14.58
2026-04-09 11:15:00,0.33024034,0.42515947,14.5,14.5
2026-04-09 11:20:00,0.33020155,0.42527584,14.5,14.5
2026-04-09 11:25:00,0.33020155,0.42531463,14.5,14.5
2026-04-09 11:30:00,0.32989123,0.42508189,14.5,14.5
2026-04-09 11:35:00,0.3296197,0.42512068,14.5,14.5
2026-04-09 11:40:00,0.32950333,0.425431,14.42,14.4
2026-04-09 11:45:00,0.32942575,0.42515947,14.4,14.4
2026-04-09 11:50:00,0.32930938,0.42531463,14.4,14.4
2026-04-09 11:55:00,0.32907664,0.42512068,14.4,14.4
2026-04-09 12:00:00,0.32907664,0.42430609,14.4,14.34
2026-04-09 12:05:00,0.32903785,0.42384061,14.4,14.3
2026-04-09 12:10:00,0.32911543,0.42360787,14.4,14.24
2026-04-09 12:15:00,0.3288439,0.42345271,14.4,14.2
2026-04-09 12:20:00,0.32853358,0.42290965,14.4,14.2
2026-04-09 12:25:00,0.32833963,0.42221143,14.4,14.2
2026-04-09 12:30:00,0.32810689,0.42069862,14.4,14.2
2026-04-09 12:35:00,0.32799052,0.41903065,14.34,14.2
2026-04-09 12:40:00,0.32787415,0.41763421,14.3,14.2
2026-04-09 12:45:00,0.32760262,0.41763421,14.3,14.2
2026-04-09 12:50:00,0.32764141,0.4172851,14.3,14.12
2026-04-09 12:55:00,0.32744746,0.41740147,14.3,14.1
2026-04-09 13:00:00,0.32736988,0.4172851,14.3,14.1
2026-04-09 13:05:00,0.32725351,0.41736268,14.3,14.1
2026-04-09 13:10:00,0.32721472,0.41716873,14.3,14.1
2026-04-09 13:15:00,0.32713714,0.41724631,14.3,14.1
2026-04-09 13:20:00,0.3269044,0.4172851,14.3,14.1
2026-04-09 13:25:00,0.32678803,0.41709115,14.3,14.1
2026-04-09 13:30:00,0.32663287,0.41709115,14.3,14.1
2026-04-09 13:35:00,0.32632255,0.41674204,14.3,14.0
2026-04-09 13:40:00,0.3261286,0.41654809,14.3,14.0
2026-04-09 13:45:00,0.32577949,0.41604382,14.3,14.0
2026-04-09 13:50:00,0.3257407,0.41550076,14.3,14.0
2026-04-09 13:55:00,0.32543038,0.41530681,14.3,14.0
2026-04-09 14:00:00,0.32512006,0.41507407,14.3,14.0
2026-04-09 14:05:00,0.32500369,0.4161214,14.3,14.0
2026-04-09 14:10:00,0.32484853,0.41639293,14.3,14.0
2026-04-09 14:15:00,0.32473216,0.41701357,14.3,14.0
2026-04-09 14:20:00,0.32473216,0.41693599,14.3,14.0
2026-04-09 14:25:00,0.32438305,0.41724631,14.3,14.0
2026-04-09 14:30:00,0.32430547,0.41732389,14.3,14.0
2026-04-09 14:35:00,0.32403394,0.41716873,14.3,14.0
2026-04-09 14:40:00,0.32399515,0.41724631,14.3,14.0
2026-04-09 14:45:00,0.3238012,0.41751784,14.3,14.0
2026-04-09 14:50:00,0.32360725,0.4172851,14.3,14.0
2026-04-09 14:55:00,0.32364604,0.41732389,14.3,14.0
2026-04-09 15:00:00,0.32333572,0.41724631,14.3,14.0
2026-04-09 15:05:00,0.32325814,0.41744026,14.3,14.0
2026-04-09 15:10:00,0.32314177,0.41732389,14.3,14.0
2026-04-09 15:15:00,0.32306419,0.41705236,14.3,14.0
2026-04-09 15:20:00,0.32290903,0.41685841,14.3,14.0
2026-04-09 15:25:00,0.32271508,0.41678083,14.3,14.0
2026-04-09 15:30:00,0.3226375,0.4165093,14.3,14.0
2026-04-09 15:35:00,0.32252113,0.41635414,14.3,14.0
2026-04-09 15:40:00,0.32240476,0.41662567,14.3,14.0
2026-04-09 15:45:00,0.32228839,0.41662567,14.3,14.0
2026-04-09 15:50:00,0.32217202,0.41643172,14.3,14.0
2026-04-09 15:55:00,0.32190049,0.41619898,14.28,14.0
2026-04-09 16:00:00,0.32178412,0.41592745,14.2,14.0
2026-04-09 16:05:00,0.3218617,0.4161214,14.2,14.0
2026-04-09 16:10:00,0.32221081,0.4168972,14.2,14.0
2026-04-09 16:15:00,0.3226375,0.41775058,14.2,14.0
2026-04-09 16:20:00,0.3234133,0.41852638,14.2,14.0
2026-04-09 16:25:00,0.32411152,0.41837122,14.2,14.0
2026-04-09 16:30:00,0.32453821,0.41825485,14.2,14.0
2026-04-09 16:35:00,0.32477095,0.41833243,14.2,14.0
2026-04-09 16:40:00,0.32477095,0.41759542,14.2,14.0
2026-04-09 16:45:00,0.32492611,0.41763421,14.2,14.0
2026-04-09 16:50:00,0.32504248,0.41732389,14.1,14.0
2026-04-09 16:55:00,0.3249649,0.41716873,14.1,14.0
2026-04-09 17:00:00,0.32500369,0.41712994,14.1,13.9
2026-04-09 17:05:00,0.32504248,0.41693599,14.1,13.9
2026-04-09 17:10:00,0.32508127,0.41662567,14.1,13.9
2026-04-09 17:15:00,0.3249649,0.4168972,14.1,13.9
2026-04-09 17:20:00,0.3249649,0.41662567,14.1,13.9
2026-04-09 17:25:00,0.32500369,0.41658688,14.1,13.9
2026-04-09 17:30:00,0.32504248,0.41674204,14.06,13.9
2026-04-09 17:35:00,0.3249649,0.41647051,14.0,13.9
2026-04-09 17:40:00,0.32480974,0.4165093,14.0,13.9
2026-04-09 17:45:00,0.32484853,0.41658688,14.0,13.9
2026-04-09 17:50:00,0.32480974,0.41619898,14.0,13.9
2026-04-09 17:55:00,0.32473216,0.41623777,14.0,13.9
2026-04-09 18:00:00,0.324577,0.41600503,14.0,13.9
2026-04-09 18:05:00,0.32453821,0.41596624,14.0,13.88
2026-04-09 18:10:00,0.32449942,0.41616019,13.96,13.8
2026-04-09 18:15:00,0.32446063,0.41616019,13.9,13.8
2026-04-09 18:20:00,0.32426668,0.41639293,13.9,13.8
2026-04-09 18:25:00,0.32426668,0.4145698,13.9,13.8
2026-04-09 18:30:00,0.32411152,0.4141819,13.9,13.8
2026-04-09 18:35:00,0.32391757,0.41363884,13.9,13.8
2026-04-09 18:40:00,0.3238012,0.41356126,13.9,13.8
2026-04-09 18:45:00,0.32376241,0.41336731,13.84,13.8
2026-04-09 18:50:00,0.32356846,0.41325094,13.8,13.8
2026-04-09 18:55:00,0.3234133,0.41348368,13.8,13.8
2026-04-09 19:00:00,0.32329693,0.41305699,13.8,13.8
2026-04-09 19:05:00,0.32314177,0.41294062,13.8,13.8
2026-04-09 19:10:00,0.32298661,0.41309578,13.8,13.76
2026-04-09 19:15:00,0.32290903,0.41294062,13.76,13.7
2026-04-09 19:20:00,0.32267629,0.41317336,13.7,13.7
2026-04-09 19:25:00,0.3226375,0.41328973,13.7,13.7
2026-04-09 19:30:00,0.32236597,0.41305699,13.7,13.7
2026-04-09 19:35:00,0.32248234,0.41309578,13.7,13.7
2026-04-09 19:40:00,0.32232718,0.41294062,13.66,13.7
2026-04-09 19:45:00,0.3222496,0.41278546,13.6,13.7
2026-04-09 19:50:00,0.32209444,0.41282425,13.6,13.7
2026-04-09 19:55:00,0.32197807,0.41278546,13.58,13.7
2026-04-09 20:00:00,0.32182291,0.41282425,13.5,13.7
2026-04-09 20:05:00,0.3218617,0.41247514,13.5,13.64
2026-04-09 20:10:00,0.32178412,0.41228119,13.48,13.6
2026-04-09 20:15:00,0.32170654,0.41200966,13.4,13.6
2026-04-09 20:20:00,0.32124106,0.41189329,13.4,13.6
2026-04-09 20:25:00,0.3210859,0.41193208,13.4,13.6
2026-04-09 20:30:00,0.32104711,0.41166055,13.32,13.6
2026-04-09 20:35:00,0.32104711,0.41166055,13.3,13.6
2026-04-09 20:40:00,0.32093074,0.41142781,13.3,13.58
2026-04-09 20:45:00,0.32093074,0.4114666,13.24,13.5
2026-04-09 20:50:00,0.32077558,0.41173813,13.2,13.5
2026-04-09 20:55:00,0.32054284,0.41162176,13.2,13.5
2026-04-09 21:00:00,0.32062042,0.41138902,13.2,13.5
2026-04-09 21:05:00,0.32046526,0.41131144,13.1,13.5
2026-04-09 21:10:00,0.32054284,0.41115628,13.1,13.5
2026-04-09 21:15:00,0.32023252,0.41034169,13.1,13.4
2026-04-09 21:20:00,0.32023252,0.4103029,13.1,13.4
2026-04-09 21:25:00,0.32019373,0.4103029,13.02,13.4
2026-04-09 21:30:00,0.32015494,0.41034169,13.0,13.4
2026-04-09 21:35:00,0.31988341,0.41053564,13.0,13.4
2026-04-09 21:40:00,0.31988341,0.41026411,13.0,13.38
2026-04-09 21:45:00,0.31980583,0.41014774,13.0,13.32
2026-04-09 21:50:00,0.31972825,0.41010895,13.0,13.3
2026-04-09 21:55:00,0.31965067,0.41003137,12.94,13.3
2026-04-09 22:00:00,0.31949551,0.4103029,12.9,13.3
2026-04-09 22:05:00,0.31957309,0.41018653,12.9,13.3
2026-04-09 22:10:00,0.31937914,0.40995379,12.9,13.28
2026-04-09 22:15:00,0.31926277,0.40987621,12.9,13.2
2026-04-09 22:20:00,0.31922398,0.41010895,12.9,13.2
2026-04-09 22:25:00,0.3191464,0.409915,12.9,13.2
2026-04-09 22:30:00,0.31903003,0.40983742,12.9,13.2
2026-04-09 22:35:00,0.31899124,0.40975984,12.9,13.2
2026-04-09 22:40:00,0.31871971,0.40968226,12.9,13.2
2026-04-09 22:45:00,0.31852576,0.40999258,12.9,13.2
2026-04-09 22:50:00,0.31840939,0.4103029,12.9,13.1
2026-04-09 22:55:00,0.31833181,0.41041927,12.9,13.1
2026-04-09 23:00:00,0.31840939,0.41065201,12.9,13.1
2026-04-09 23:05:00,0.31840939,0.41061322,12.9,13.1
2026-04-09 23:10:00,0.31833181,0.4106908,12.9,13.1
2026-04-09 23:15:00,0.31821544,0.41049685,12.9,13.1
2026-04-09 23:20:00,0.31806028,0.41049685,12.9,13.1
2026-04-09 23:25:00,0.31809907,0.41065201,12.9,13.1
2026-04-09 23:30:00,0.31806028,0.41041927,12.9,13.1
2026-04-09 23:35:00,0.31790512,0.41022532,12.9,13.08
2026-04-09 23:40:00,0.31774996,0.41053564,12.9,13.0
2026-04-09 23:45:00,0.31790512,0.41034169,12.9,13.0
2026-04-09 23:50:00,0.31778875,0.41072959,12.9,13.0
2026-04-09 23:55:00,0.31763359,0.41057443,12.92,13.0
2026-04-10 00:00:00,0.31763359,0.41049685,13.0,13.0
2026-04-10 00:05:00,0.31755601,0.41053564,13.0,13.0
2026-04-10 00:10:00,0.31740085,0.41053564,13.04,13.0
2026-04-10 00:15:00,0.3172069,0.41038048,13.1,13.0
2026-04-10 00:20:00,0.31705174,0.41045806,13.1,13.0
2026-04-10 00:25:00,0.31693537,0.41053564,13.18,13.0
2026-04-10 00:30:00,0.31685779,0.41057443,13.2,13.0
2026-04-10 00:35:00,0.31654747,0.41053564,13.2,13.0
2026-04-10 00:40:00,0.31646989,0.41038048,13.2,13.0
2026-04-10 00:45:00,0.31635352,0.41057443,13.2,13.0
2026-04-10 00:50:00,0.31635352,0.41026411,13.3,13.0
2026-04-10 00:55:00,0.31619836,0.41061322,13.3,13.0
2026-04-10 01:00:00,0.3160432,0.41014774,13.3,13.0
2026-04-10 01:05:00,0.31600441,0.41018653,13.3,13.0
2026-04-10 01:10:00,0.31584925,0.41026411,13.3,13.0
2026-04-10 01:15:00,0.31584925,0.41022532,13.3,13.0
2026-04-10 01:20:00,0.31588804,0.41018653,13.3,13.0
2026-04-10 01:25:00,0.31573288,0.41026411,13.3,13.0
2026-04-10 01:30:00,0.31569409,0.4103029,13.3,13.0
2026-04-10 01:35:00,0.31557772,0.41045806,13.3,13.0
2026-04-10 01:40:00,0.31561651,0.41026411,13.3,13.0
2026-04-10 01:45:00,0.31557772,0.41049685,13.3,13.0
2026-04-10 01:50:00,0.31561651,0.41057443,13.3,13.0
2026-04-10 01:55:00,0.31550014,0.41053564,13.4,13.0
2026-04-10 02:00:00,0.31557772,0.41065201,13.4,13.0
2026-04-10 02:05:00,0.31546135,0.41057443,13.4,13.02
2026-04-10 02:10:00,0.31530619,0.41034169,13.4,13.08
2026-04-10 02:15:00,0.31515103,0.41034169,13.44,13.1
2026-04-10 02:20:00,0.31495708,0.41045806,13.5,13.1
2026-04-10 02:25:00,0.31480192,0.41038048,13.5,13.1
2026-04-10 02:30:00,0.31476313,0.41041927,13.5,13.1
2026-04-10 02:35:00,0.31468555,0.41041927,13.5,13.1
2026-04-10 02:40:00,0.31453039,0.41026411,13.56,13.1
2026-04-10 02:45:00,0.31456918,0.41038048,13.6,13.1
2026-04-10 02:50:00,0.31441402,0.41041927,13.66,13.1
2026-04-10 02:55:00,0.31429765,0.41034169,13.7,13.1
2026-04-10 03:00:00,0.31406491,0.41034169,13.74,13.1
2026-04-10 03:05:00,0.31418128,0.4103029,13.8,13.1
2026-04-10 03:10:00,0.3141037,0.41034169,13.86,13.1
2026-04-10 03:15:00,0.31383217,0.41014774,13.9,13.1
2026-04-10 03:20:00,0.31363822,0.41034169,13.98,13.1
2026-04-10 03:25:00,0.31363822,0.41018653,14.0,13.12
2026-04-10 03:30:00,0.31348306,0.41022532,14.06,13.2
2026-04-10 03:35:00,0.31325032,0.41003137,14.1,13.2
2026-04-10 03:40:00,0.31309516,0.41026411,14.1,13.2
2026-04-10 03:45:00,0.31294,0.41003137,14.14,13.2
2026-04-10 03:50:00,0.31290121,0.40995379,14.2,13.2
2026-04-10 03:55:00,0.31290121,0.40995379,14.2,13.2
2026-04-10 04:00:00,0.31274605,0.41014774,14.28,13.28
2026-04-10 04:05:00,0.31247452,0.40979863,14.3,13.3
2026-04-10 04:10:00,0.31239694,0.41003137,14.38,13.3
2026-04-10 04:15:00,0.31228057,0.40956589,14.4,13.3
2026-04-10 04:20:00,0.31220299,0.40972105,14.4,13.3
2026-04-10 04:25:00,0.3121642,0.4095271,14.5,13.3
2026-04-10 04:30:00,0.31197025,0.40944952,14.5,13.4
2026-04-10 04:35:00,0.3117763,0.40921678,14.5,13.4
2026-04-10 04:40:00,0.31173751,0.40917799,14.42,13.4
2026-04-10 04:45:00,0.31150477,0.40906162,14.4,13.4
2026-04-10 04:50:00,0.31154356,0.40902283,14.4,13.4
2026-04-10 04:55:00,0.3113884,0.40917799,14.4,13.44
2026-04-10 05:00:00,0.31131082,0.40898404,14.4,13.5
2026-04-10 05:05:00,0.31123324,0.40879009,14.4,13.5
2026-04-10 05:10:00,0.31103929,0.40867372,14.4,13.5
2026-04-10 05:15:00,0.31096171,0.4087513,14.4,13.5
2026-04-10 05:20:00,0.31088413,0.40871251,14.4,13.5
2026-04-10 05:25:00,0.31076776,0.40855735,14.4,13.5
2026-04-10 05:30:00,0.31072897,0.40882888,14.38,13.5
2026-04-10 05:35:00,0.31065139,0.40855735,14.3,13.5
2026-04-10 05:40:00,0.31053502,0.40863493,14.38,13.52
2026-04-10 05:45:00,0.31049623,0.40851856,14.4,13.58
2026-04-10 05:50:00,0.31030228,0.4083634,14.4,13.6
2026-04-10 05:55:00,0.31030228,0.40820824,14.3,13.6
2026-04-10 06:00:00,0.3102247,0.40816945,14.3,13.6
2026-04-10 06:05:00,0.31003075,0.40782034,14.3,13.6
2026-04-10 06:10:00,0.31010833,0.4079755,14.3,13.6
2026-04-10 06:15:00,0.30999196,0.40774276,14.3,13.6
2026-04-10 06:20:00,0.3098368,0.40782034,14.24,13.6
2026-04-10 06:25:00,0.30979801,0.40754881,14.2,13.6
2026-04-10 06:30:00,0.30968164,0.40805308,14.2,13.6
2026-04-10 06:35:00,0.30960406,0.40785913,14.2,13.6
2026-04-10 06:40:00,0.30941011,0.40762639,14.2,13.6
2026-04-10 06:45:00,0.3094489,0.40778155,14.16,13.6
2026-04-10 06:50:00,0.30941011,0.40766518,14.1,13.6
2026-04-10 06:55:00,0.30933253,0.4075876,14.1,13.6
2026-04-10 07:00:00,0.30929374,0.4075876,14.1,13.6
2026-04-10 07:05:00,0.30921616,0.40747123,14.08,13.6
2026-04-10 07:10:00,0.30909979,0.40785913,14.0,13.6
2026-04-10 07:15:00,0.30898342,0.40754881,14.0,13.6
2026-04-10 07:20:00,0.30894463,0.40747123,14.0,13.6
2026-04-10 07:25:00,0.30890584,0.40751002,13.92,13.6
2026-04-10 07:30:00,0.30886705,0.40743244,13.9,13.6
2026-04-10 07:35:00,0.30878947,0.4075876,13.9,13.6
2026-04-10 07:40:00,0.30878947,0.40754881,13.86,13.6
2026-04-10 07:45:00,0.30878947,0.40754881,13.8,13.6
2026-04-10 07:50:00,0.30855673,0.40762639,13.8,13.52
2026-04-10 07:55:00,0.30847915,0.40762639,13.8,13.5
2026-04-10 08:00:00,0.30847915,0.40770397,13.76,13.5
2026-04-10 08:05:00,0.30836278,0.40762639,13.7,13.5
2026-04-10 08:10:00,0.30844036,0.40770397,13.7,13.5
2026-04-10 08:15:00,0.30840157,0.40770397,13.7,13.5
2026-04-10 08:20:00,0.30836278,0.40754881,13.7,13.5
2026-04-10 08:25:00,0.30832399,0.40747123,13.66,13.5
2026-04-10 08:30:00,0.30824641,0.40747123,13.6,13.5
2026-04-10 08:35:00,0.30824641,0.40766518,13.6,13.5
2026-04-10 08:40:00,0.30813004,0.40747123,13.6,13.5
2026-04-10 08:45:00,0.30820762,0.4075876,13.6,13.4
2026-04-10 08:50:00,0.30813004,0.40766518,13.52,13.4
2026-04-10 08:55:00,0.30809125,0.40762639,13.5,13.4
2026-04-10 09:00:00,0.30801367,0.40782034,13.5,13.4
2026-04-10 09:05:00,0.30793609,0.40747123,13.48,13.4
2026-04-10 09:10:00,0.30801367,0.40778155,13.4,13.4
2026-04-10 09:15:00,0.30797488,0.4075876,13.4,13.4
2026-04-10 09:20:00,0.30785851,0.40785913,13.34,13.4
2026-04-10 09:25:00,0.30793609,0.4075876,13.3,13.38
2026-04-10 09:30:00,0.30809125,0.40762639,13.28,13.3
2026-04-10 09:35:00,0.30785851,0.40754881,13.2,13.3
2026-04-10 09:40:00,0.30785851,0.40782034,13.2,13.3
2026-04-10 09:45:00,0.30793609,0.40747123,13.14,13.3
2026-04-10 09:50:00,0.30785851,0.40747123,13.1,13.3
2026-04-10 09:55:00,0.3078973,0.40762639,13.1,13.3
2026-04-10 10:00:00,0.30774214,0.40754881,13.02,13.24
2026-04-10 10:05:00,0.30781972,0.40789792,13.0,13.2
2026-04-10 10:10:00,0.30770335,0.40782034,12.98,13.2
2026-04-10 10:15:00,0.30785851,0.40782034,12.9,13.2
2026-04-10 10:20:00,0.30781972,0.40774276,12.9,13.2
2026-04-10 10:25:00,0.30770335,0.40778155,12.86,13.2
2026-04-10 10:30:00,0.30770335,0.40774276,12.8,13.14
2026-04-10 10:35:00,0.30766456,0.40770397,12.8,13.1
2026-04-10 10:40:00,0.30778093,0.40770397,12.74,13.1
2026-04-10 10:45:00,0.30758698,0.40778155,12.7,13.1
2026-04-10 10:50:00,0.30758698,0.40778155,12.7,13.1
2026-04-10 10:55:00,0.30743182,0.40762639,12.66,13.1
2026-04-10 11:00:00,0.30743182,0.40782034,12.6,13.0
2026-04-10 11:05:00,0.30747061,0.40789792,12.6,13.0
2026-04-10 11:10:00,0.30747061,0.40770397,12.6,13.0
2026-04-10 11:15:00,0.30747061,0.40766518,12.52,13.0
2026-04-10 11:20:00,0.30727666,0.40824703,12.5,13.0
2026-04-10 11:25:00,0.30723787,0.40801429,12.5,12.92
2026-04-10 11:30:00,0.30727666,0.40782034,12.5,12.9
2026-04-10 11:35:00,0.30716029,0.40816945,12.44,12.9
2026-04-10 11:40:00,0.30719908,0.40801429,12.4,12.9
2026-04-10 11:45:00,0.30719908,0.40785913,12.4,12.9
2026-04-10 11:50:00,0.3071215,0.40805308,12.4,12.86
2026-04-10 11:55:00,0.30716029,0.40789792,12.4,12.8
2026-04-10 12:00:00,0.3071215,0.40789792,12.3,12.8
2026-04-10 12:05:00,0.30704392,0.40824703,12.3,12.8
2026-04-10 12:10:00,0.30708271,0.40789792,12.3,12.8
2026-04-10 12:15:00,0.30704392,0.40793671,12.3,12.8
2026-04-10 12:20:00,0.30700513,0.40793671,12.3,12.72
2026-04-10 12:25:00,0.30700513,0.40801429,12.28,12.7
2026-04-10 12:30:00,0.30692755,0.40809187,12.2,12.7
2026-04-10 12:35:00,0.30692755,0.40801429,12.2,12.7
2026-04-10 12:40:00,0.30677239,0.40851856,12.2,12.7
2026-04-10 12:45:00,0.30684997,0.40801429,12.2,12.7
2026-04-10 12:50:00,0.30684997,0.40805308,12.2,12.64
2026-04-10 12:55:00,0.30681118,0.40793671,12.2,12.6
2026-04-10 13:00:00,0.30669481,0.40801429,12.2,12.6
2026-04-10 13:05:00,0.30669481,0.40747123,12.12,12.6
2026-04-10 13:10:00,0.30665602,0.40751002,12.1,12.6
2026-04-10 13:15:00,0.30661723,0.40739365,12.1,12.6
2026-04-10 13:20:00,0.30661723,0.40712212,12.1,12.6
2026-04-10 13:25:00,0.30669481,0.40716091,12.1,12.54
2026-04-10 13:30:00,0.30646207,0.40747123,12.1,12.5
2026-04-10 13:35:00,0.30653965,0.40731607,12.1,12.5
2026-04-10 13:40:00,0.30642328,0.40785913,12.1,12.5
2026-04-10 13:45:00,0.30653965,0.40735486,12.1,12.5
2026-04-10 13:50:00,0.30650086,0.40735486,12.0,12.5
2026-04-10 13:55:00,0.30642328,0.40770397,12.0,12.5
2026-04-10 14:00:00,0.30650086,0.40723849,12.0,12.5
2026-04-10 14:05:00,0.30642328,0.40727728,12.0,12.44
2026-04-10 14:10:00,0.30646207,0.4075876,12.0,12.4
2026-04-10 14:15:00,0.30642328,0.40739365,12.0,12.4
2026-04-10 14:20:00,0.3063457,0.4071997,12.0,12.4
2026-04-10 14:25:00,0.30638449,0.40743244,11.98,12.4
2026-04-10 14:30:00,0.30626812,0.40762639,11.98,12.4
2026-04-10 14:35:00,0.30626812,0.40727728,11.92,12.4
2026-04-10 14:40:00,0.30626812,0.40762639,11.9,12.4
2026-04-10 14:45:00,0.30638449,0.4075876,11.9,12.38
2026-04-10 14:50:00,0.30630691,0.4075876,11.9,12.3
2026-04-10 14:55:00,0.30619054,0.40743244,11.9,12.3
2026-04-10 15:00:00,0.30630691,0.40735486,11.9,12.3
2026-04-10 15:05:00,0.30626812,0.40747123,11.9,12.3
2026-04-10 15:10:00,0.30615175,0.40743244,11.9,12.3
2026-04-10 15:15:00,0.30615175,0.40743244,11.9,12.3
2026-04-10 15:20:00,0.30607417,0.40731607,11.9,12.3
2026-04-10 15:25:00,0.30615175,0.40727728,11.9,12.3
2026-04-10 15:30:00,0.30611296,0.40739365,11.9,12.28
2026-04-10 15:35:00,0.30615175,0.40754881,11.9,12.22
2026-04-10 15:40:00,0.30615175,0.40735486,11.9,12.2
2026-04-10 15:45:00,0.30603538,0.40747123,11.88,12.2
2026-04-10 15:50:00,0.30607417,0.40747123,11.8,12.2
2026-04-10 15:55:00,0.30603538,0.4075876,11.8,12.2
2026-04-10 16:00:00,0.30591901,0.40731607,11.8,12.2
2026-04-10 16:05:00,0.30599659,0.40754881,11.8,12.2
2026-04-10 16:10:00,0.30599659,0.40731607,11.8,12.2
2026-04-10 16:15:00,0.30588022,0.40770397,11.8,12.2
2026-04-10 16:20:00,0.30591901,0.40751002,11.8,12.2
2026-04-10 16:25:00,0.30588022,0.40766518,11.8,12.16
2026-04-10 16:30:00,0.30588022,0.40801429,11.8,12.1
2026-04-10 16:35:00,0.3059578,0.40762639,11.8,12.1
2026-04-10 16:40:00,0.30588022,0.40774276,11.74,12.1
2026-04-10 16:45:00,0.30588022,0.40774276,11.7,12.1
2026-04-10 16:50:00,0.30584143,0.40774276,11.7,12.1
2026-04-10 16:55:00,0.30580264,0.40762639,11.7,12.1
2026-04-10 17:00:00,0.30584143,0.4075876,11.7,12.1
2026-04-10 17:05:00,0.30568627,0.40770397,11.7,12.1
2026-04-10 17:10:00,0.30580264,0.40785913,11.7,12.1
2026-04-10 17:15:00,0.30580264,0.40766518,11.7,12.1
2026-04-10 17:20:00,0.30584143,0.40754881,11.7,12.1
2026-04-10 17:25:00,0.30588022,0.40770397,11.7,12.04
2026-04-10 17:30:00,0.30568627,0.40762639,11.7,12.0
2026-04-10 17:35:00,0.30568627,0.40747123,11.7,12.0
2026-04-10 17:40:00,0.30568627,0.40747123,11.7,12.0
2026-04-10 17:45:00,0.30564748,0.40751002,11.6,12.0
2026-04-10 17:50:00,0.30564748,0.40770397,11.6,12.0
2026-04-10 17:55:00,0.30560869,0.40762639,11.6,12.0
2026-04-10 18:00:00,0.30564748,0.40754881,11.6,12.0
2026-04-10 18:05:00,0.30560869,0.40751002,11.6,12.0
2026-04-10 18:10:00,0.30553111,0.40735486,11.6,12.0
2026-04-10 18:15:00,0.30549232,0.40778155,11.6,12.0
2026-04-10 18:20:00,0.30549232,0.40747123,11.6,12.0
2026-04-10 18:25:00,0.3055699,0.40751002,11.6,12.0
2026-04-10 18:30:00,0.30553111,0.40782034,11.6,11.94
2026-04-10 18:35:00,0.30545353,0.40766518,11.6,11.9
2026-04-10 18:40:00,0.3055699,0.40751002,11.6,11.9
2026-04-10 18:45:00,0.30553111,0.40743244,11.6,11.9
2026-04-10 18:50:00,0.30564748,0.40747123,11.6,11.9
2026-04-10 18:55:00,0.30553111,0.40751002,11.6,11.9
2026-04-10 19:00:00,0.30541474,0.40754881,11.6,11.9
2026-04-10 19:05:00,0.30537595,0.40751002,11.6,11.9
2026-04-10 19:10:00,0.30545353,0.40747123,11.6,11.9
2026-04-10 19:15:00,0.30529837,0.4075876,11.6,11.9
2026-04-10 19:20:00,0.30545353,0.40739365,11.6,11.9
2026-04-10 19:25:00,0.30529837,0.40739365,11.56,11.9
2026-04-10 19:30:00,0.30522079,0.40770397,11.5,11.9
2026-04-10 19:35:00,0.30533716,0.4075876,11.5,11.9
2026-04-10 19:40:00,0.30537595,0.40739365,11.5,11.9
2026-04-10 19:45:00,0.305182,0.40743244,11.5,11.86
2026-04-10 19:50:00,0.30522079,0.40762639,11.5,11.8
2026-04-10 19:55:00,0.30506563,0.40774276,11.5,11.8
2026-04-10 20:00:00,0.30514321,0.40739365,11.5,11.8
2026-04-10 20:05:00,0.30525958,0.40754881,11.5,11.8
2026-04-10 20:10:00,0.30510442,0.40770397,11.5,11.8
2026-04-10 20:15:00,0.30510442,0.40766518,11.5,11.8
2026-04-10 20:20:00,0.30506563,0.40743244,11.5,11.8
2026-04-10 20:25:00,0.30506563,0.40782034,11.5,11.8
2026-04-10 20:30:00,0.30506563,0.40754881,11.5,11.8
2026-04-10 20:35:00,0.30522079,0.40747123,11.5,11.8
2026-04-10 20:40:00,0.30514321,0.40754881,11.5,11.8
2026-04-10 20:45:00,0.30498805,0.40762639,11.5,11.8
2026-04-10 20:50:00,0.30510442,0.40754881,11.5,11.8
2026-04-10 20:55:00,0.30494926,0.40770397,11.5,11.8
2026-04-10 21:00:00,0.30494926,0.40751002,11.5,11.8
2026-04-10 21:05:00,0.30502684,0.40762639,11.5,11.8
2026-04-10 21:10:00,0.30498805,0.40754881,11.5,11.8
2026-04-10 21:15:00,0.30491047,0.40751002,11.5,11.8
2026-04-10 21:20:00,0.30491047,0.40754881,11.5,11.8
2026-04-10 21:25:00,0.30483289,0.40751002,11.5,11.8
2026-04-10 21:30:00,0.30487168,0.40747123,11.5,11.72
2026-04-10 21:35:00,0.30498805,0.40747123,11.5,11.7
2026-04-10 21:40:00,0.30491047,0.40751002,11.5,11.7
2026-04-10 21:45:00,0.30494926,0.4075876,11.5,11.7
2026-04-10 21:50:00,0.30491047,0.40766518,11.5,11.7
2026-04-10 21:55:00,0.30475531,0.40762639,11.5,11.7
2026-04-10 22:00:00,0.30475531,0.4075876,11.5,11.7
2026-04-10 22:05:00,0.30471652,0.40754881,11.5,11.7
2026-04-10 22:10:00,0.30471652,0.40747123,11.5,11.7
2026-04-10 22:15:00,0.30475531,0.40751002,11.5,11.7
2026-04-10 22:20:00,0.30471652,0.40754881,11.5,11.7
2026-04-10 22:25:00,0.30467773,0.40770397,11.58,11.7
2026-04-10 22:30:00,0.30460015,0.40770397,11.6,11.7
2026-04-10 22:35:00,0.30471652,0.40762639,11.6,11.7
2026-04-10 22:40:00,0.30460015,0.40774276,11.68,11.7
2026-04-10 22:45:00,0.30452257,0.40770397,11.7,11.7
2026-04-10 22:50:00,0.30460015,0.40770397,11.8,11.7
2026-04-10 22:55:00,0.30444499,0.40801429,11.82,11.7
2026-04-10 23:00:00,0.30432862,0.40774276,11.9,11.7
2026-04-10 23:05:00,0.3044062,0.40762639,11.94,11.7
2026-04-10 23:10:00,0.30428983,0.40754881,12.0,11.7
2026-04-10 23:15:00,0.30428983,0.40770397,12.06,11.7
2026-04-10 23:20:00,0.30417346,0.40739365,12.14,11.7
2026-04-10 23:25:00,0.30413467,0.40747123,12.24,11.7
2026-04-10 23:30:00,0.30405709,0.40747123,12.34,11.76
2026-04-10 23:35:00,0.30409588,0.40766518,12.42,11.8
2026-04-10 23:40:00,0.3040183,0.40785913,12.5,11.8
2026-04-10 23:45:00,0.30386314,0.40774276,12.6,11.8
2026-04-10 23:50:00,0.30382435,0.40751002,12.68,11.8
2026-04-10 23:55:00,0.30378556,0.4075876,12.74,11.8
2026-04-11 00:00:00,0.30343645,0.40739365,12.84,11.86
2026-04-11 00:05:00,0.30339766,0.40723849,12.92,11.9
2026-04-11 00:10:00,0.30308734,0.40712212,13.02,11.9
2026-04-11 00:15:00,0.30316492,0.40739365,13.12,11.9
2026-04-11 00:20:00,0.30297097,0.4071997,13.22,11.96
2026-04-11 00:25:00,0.30289339,0.40731607,13.34,12.0
2026-04-11 00:30:00,0.30277702,0.40743244,13.46,12.0
2026-04-11 00:35:00,0.30273823,0.40727728,13.56,12.02
2026-04-11 00:40:00,0.30258307,0.40700575,13.7,12.1
2026-04-11 00:45:00,0.30242791,0.4071997,13.86,12.1
2026-04-11 00:50:00,0.30231154,0.40704454,14.0,12.12
2026-04-11 00:55:00,0.30211759,0.40708333,14.18,12.2
2026-04-11 01:00:00,0.30215638,0.40700575,14.38,12.2
2026-04-11 01:05:00,0.30188485,0.40723849,14.62,12.28
2026-04-11 01:10:00,0.3016909,0.40708333,14.88,12.3
2026-04-11 01:15:00,0.30149695,0.40685059,15.1,12.36
2026-04-11 01:20:00,0.30141937,0.40677301,15.32,12.4
2026-04-11 01:25:00,0.30118663,0.40716091,15.54,12.46
2026-04-11 01:30:00,0.30095389,0.40700575,15.78,12.5
2026-04-11 01:35:00,0.30083752,0.4068118,16.02,12.6
2026-04-11 01:40:00,0.30079873,0.40669543,16.26,12.64
2026-04-11 01:45:00,0.30075994,0.40654027,16.46,12.7
2026-04-11 01:50:00,0.30060478,0.40650148,16.64,12.8
2026-04-11 01:55:00,0.30064357,0.40669543,16.82,12.88
2026-04-11 02:00:00,0.3005272,0.40626874,17.02,12.96
2026-04-11 02:05:00,0.30033325,0.40630753,17.2,13.04
2026-04-11 02:10:00,0.30025567,0.40607479,17.4,13.12
2026-04-11 02:15:00,0.3001393,0.40634632,17.58,13.2
2026-04-11 02:20:00,0.29998414,0.40599721,17.76,13.3
2026-04-11 02:25:00,0.29982898,0.40611358,17.94,13.4
2026-04-11 02:30:00,0.29967382,0.40622995,18.06,13.5
2026-04-11 02:35:00,0.29955745,0.40607479,18.16,13.58
2026-04-11 02:40:00,0.29955745,0.40572568,18.2,13.68
2026-04-11 02:45:00,0.29947987,0.40595842,18.2,13.78
2026-04-11 02:50:00,0.29940229,0.40545415,18.2,13.88
2026-04-11 02:55:00,0.29928592,0.40537657,18.12,13.98
2026-04-11 03:00:00,0.29920834,0.4056481,18.08,14.08
2026-04-11 03:05:00,0.29920834,0.40545415,18.0,14.18
2026-04-11 03:10:00,0.29909197,0.40510504,17.96,14.28
2026-04-11 03:15:00,0.29909197,0.40518262,17.9,14.36
2026-04-11 03:20:00,0.29893681,0.4052602,17.9,14.46
2026-04-11 03:25:00,0.29909197,0.40498867,18.0,14.56
2026-04-11 03:30:00,0.29882044,0.40471714,18.06,14.64
2026-04-11 03:35:00,0.29870407,0.40491109,18.16,14.72
2026-04-11 03:40:00,0.29862649,0.40467835,18.26,14.8
2026-04-11 03:45:00,0.29843254,0.4044844,18.3,14.9
2026-04-11 03:50:00,0.29835496,0.40266127,18.4,14.98
2026-04-11 03:55:00,0.29816101,0.39959686,18.44,15.04
2026-04-11 04:00:00,0.29816101,0.39847195,18.5,15.1
2026-04-11 04:05:00,0.29804464,0.39796768,18.6,15.2
2026-04-11 04:10:00,0.29777311,0.39785131,18.62,15.26
2026-04-11 04:15:00,0.29785069,0.39761857,18.7,15.3
2026-04-11 04:20:00,0.29777311,0.3975022,18.78,15.4
2026-04-11 04:25:00,0.29769553,0.39757978,18.8,15.44
2026-04-11 04:30:00,0.29765674,0.39723067,18.8,15.5
2026-04-11 04:35:00,0.297424,0.39719188,18.9,15.58
2026-04-11 04:40:00,0.29738521,0.39707551,18.94,15.6
2026-04-11 04:45:00,0.29726884,0.39703672,19.0,15.7
2026-04-11 04:50:00,0.29715247,0.39692035,19.04,15.72
2026-04-11 04:55:00,0.29707489,0.39684277,19.1,15.8
2026-04-11 05:00:00,0.29707489,0.39680398,19.1,15.84
2026-04-11 05:05:00,0.29691973,0.39661003,19.1,15.9
2026-04-11 05:10:00,0.29684215,0.39653245,19.1,15.96
2026-04-11 05:15:00,0.29684215,0.39653245,19.1,16.0
2026-04-11 05:20:00,0.29668699,0.39661003,19.1,16.08
2026-04-11 05:25:00,0.29657062,0.39637729,19.1,16.1
2026-04-11 05:30:00,0.29657062,0.39649366,19.08,16.18
2026-04-11 05:35:00,0.29653183,0.39622213,19.0,16.2
2026-04-11 05:40:00,0.29637667,0.39614455,19.0,16.28
2026-04-11 05:45:00,0.29641546,0.3959506,19.0,16.3
2026-04-11 05:50:00,0.29633788,0.3959506,18.96,16.3
2026-04-11 05:55:00,0.29618272,0.39591181,18.9,16.4
2026-04-11 06:00:00,0.29622151,0.39575665,18.9,16.4
2026-04-11 06:05:00,0.29618272,0.39571786,18.9,16.4
2026-04-11 06:10:00,0.29610514,0.39552391,18.86,16.48
2026-04-11 06:15:00,0.29602756,0.39536875,18.8,16.5
2026-04-11 06:20:00,0.29594998,0.39529117,18.8,16.5
2026-04-11 06:25:00,0.29602756,0.39521359,18.7,16.5
2026-04-11 06:30:00,0.2958724,0.39513601,18.7,16.58
2026-04-11 06:35:00,0.29579482,0.39521359,18.7,16.6
2026-04-11 06:40:00,0.29579482,0.39482569,18.68,16.6
2026-04-11 06:45:00,0.29567845,0.39482569,18.6,16.6
2026-04-11 06:50:00,0.29563966,0.3947869,18.6,16.6
2026-04-11 06:55:00,0.29567845,0.39467053,18.6,16.6
2026-04-11 07:00:00,0.29544571,0.39459295,18.54,16.62
2026-04-11 07:05:00,0.29544571,0.39455416,18.5,16.7
2026-04-11 07:10:00,0.29544571,0.39443779,18.5,16.7
2026-04-11 07:15:00,0.29536813,0.39436021,18.44,16.7
2026-04-11 07:20:00,0.29532934,0.39428263,18.4,16.7
2026-04-11 07:25:00,0.29536813,0.39420505,18.36,16.7
2026-04-11 07:30:00,0.29517418,0.39420505,18.3,16.7
2026-04-11 07:35:00,0.29525176,0.39420505,18.28,16.7
2026-04-11 07:40:00,0.29517418,0.39424384,18.2,16.7
2026-04-11 07:45:00,0.29505781,0.39412747,18.16,16.7
2026-04-11 07:50:00,0.29505781,0.39424384,18.1,16.7
2026-04-11 07:55:00,0.29498023,0.39393352,18.04,16.7
2026-04-11 08:00:00,0.29490265,0.39385594,18.0,16.7
2026-04-11 08:05:00,0.29482507,0.39389473,17.94,16.7
2026-04-11 08:10:00,0.29490265,0.39377836,17.9,16.7
2026-04-11 08:15:00,0.29490265,0.3936232,17.84,16.7
2026-04-11 08:20:00,0.29478628,0.3936232,17.8,16.7
2026-04-11 08:25:00,0.29466991,0.39354562,17.74,16.7
2026-04-11 08:30:00,0.29474749,0.39350683,17.7,16.7
2026-04-11 08:35:00,0.29451475,0.39342925,17.6,16.7
2026-04-11 08:40:00,0.29466991,0.39335167,17.56,16.7
2026-04-11 08:45:00,0.29466991,0.39335167,17.48,16.7
2026-04-11 08:50:00,0.29466991,0.39342925,17.4,16.68
2026-04-11 08:55:00,0.29455354,0.39354562,17.32,16.6
2026-04-11 09:00:00,0.29463112,0.39346804,17.26,16.6
2026-04-11 09:05:00,0.29463112,0.39335167,17.2,16.6
2026-04-11 09:10:00,0.29451475,0.3932353,17.1,16.6
2026-04-11 09:15:00,0.29466991,0.39335167,17.04,16.6
2026-04-11 09:20:00,0.29447596,0.39335167,16.96,16.54
2026-04-11 09:25:00,0.29466991,0.39327409,16.88,16.5
2026-04-11 09:30:00,0.29455354,0.39331288,16.8,16.5
2026-04-11 09:35:00,0.29412685,0.39354562,16.7,16.5
2026-04-11 09:40:00,0.2943208,0.39335167,16.62,16.46
2026-04-11 09:45:00,0.29428201,0.3932353,16.54,16.4
2026-04-11 09:50:00,0.29424322,0.39331288,16.48,16.4
2026-04-11 09:55:00,0.29412685,0.39327409,16.4,16.4
2026-04-11 10:00:00,0.29420443,0.39327409,16.3,16.32
2026-04-11 10:05:00,0.29408806,0.39327409,16.22,16.3
2026-04-11 10:10:00,0.29408806,0.39339046,16.14,16.3
2026-04-11 10:15:00,0.29412685,0.39335167,16.06,16.22
2026-04-11 10:20:00,0.29401048,0.3932353,15.98,16.2
2026-04-11 10:25:00,0.29408806,0.39331288,15.9,16.2
2026-04-11 10:30:00,0.29401048,0.3932353,15.8,16.12
2026-04-11 10:35:00,0.29424322,0.39350683,15.74,16.1
2026-04-11 10:40:00,0.29416564,0.3932353,15.68,16.08
2026-04-11 10:45:00,0.29408806,0.3932353,15.6,16.0
2026-04-11 10:50:00,0.29412685,0.39331288,15.52,16.0
2026-04-11 10:55:00,0.29404927,0.39319651,15.46,15.94
2026-04-11 11:00:00,0.29404927,0.39327409,15.4,15.9
2026-04-11 11:05:00,0.29412685,0.39331288,15.3,15.9
2026-04-11 11:10:00,0.29408806,0.39335167,15.26,15.8
2026-04-11 11:15:00,0.29404927,0.39331288,15.2,15.8
2026-04-11 11:20:00,0.29404927,0.39331288,15.16,15.76
2026-04-11 11:25:00,0.29416564,0.39342925,15.1,15.7
2026-04-11 11:30:00,0.29397169,0.39335167,15.04,15.7
2026-04-11 11:35:00,0.29412685,0.39335167,15.0,15.62
2026-04-11 11:40:00,0.29408806,0.39339046,14.92,15.6
2026-04-11 11:45:00,0.29408806,0.39350683,14.9,15.58
2026-04-11 11:50:00,0.29412685,0.39346804,14.8,15.5
2026-04-11 11:55:00,0.29404927,0.39339046,14.78,15.5
2026-04-11 12:00:00,0.29412685,0.39350683,14.7,15.46
2026-04-11 12:05:00,0.29404927,0.39346804,14.68,15.4
2026-04-11 12:10:00,0.29412685,0.39350683,14.6,15.4
2026-04-11 12:15:00,0.29401048,0.39342925,14.58,15.32
2026-04-11 12:20:00,0.29404927,0.39342925,14.5,15.3
2026-04-11 12:25:00,0.29404927,0.39346804,14.48,15.3
2026-04-11 12:30:00,0.2939329,0.39366199,14.4,15.22
2026-04-11 12:35:00,0.2939329,0.39342925,14.38,15.2
2026-04-11 12:40:00,0.2939329,0.3936232,14.3,15.2
2026-04-11 12:45:00,0.29408806,0.39385594,14.3,15.12
2026-04-11 12:50:00,0.2939329,0.39373957,14.2,15.1
2026-04-11 12:55:00,0.2939329,0.39373957,14.2,15.1
2026-04-11 13:00:00,0.29397169,0.39389473,14.12,15.0
2026-04-11 13:05:00,0.29408806,0.39358441,14.1,15.0
2026-04-11 13:10:00,0.2939329,0.39389473,14.04,15.0
2026-04-11 13:15:00,0.29401048,0.39370078,14.0,14.9
2026-04-11 13:20:00,0.2939329,0.39373957,13.98,14.9
2026-04-11 13:25:00,0.29389411,0.39377836,13.9,14.9
2026-04-11 13:30:00,0.2939329,0.3936232,13.9,14.8
2026-04-11 13:35:00,0.29397169,0.39377836,13.9,14.8
2026-04-11 13:40:00,0.29389411,0.39385594,13.8,14.8
2026-04-11 13:45:00,0.29389411,0.39389473,13.8,14.72
2026-04-11 13:50:00,0.29397169,0.39389473,13.8,14.7
2026-04-11 13:55:00,0.29389411,0.39385594,13.8,14.7
2026-04-11 14:00:00,0.29397169,0.39404989,13.78,14.64
2026-04-11 14:05:00,0.29389411,0.3940111,13.7,14.6
2026-04-11 14:10:00,0.29397169,0.39385594,13.7,14.6
2026-04-11 14:15:00,0.29377774,0.39389473,13.68,14.56
2026-04-11 14:20:00,0.29389411,0.39393352,13.6,14.5
2026-04-11 14:25:00,0.29397169,0.39393352,13.6,14.5
2026-04-11 14:30:00,0.29397169,0.39389473,13.54,14.5
2026-04-11 14:35:00,0.29385532,0.39404989,13.5,14.44
2026-04-11 14:40:00,0.29397169,0.3940111,13.5,14.4
2026-04-11 14:45:00,0.29389411,0.39416626,13.42,14.4
2026-04-11 14:50:00,0.29401048,0.39408868,13.4,14.38
2026-04-11 14:55:00,0.29397169,0.39412747,13.38,14.3
2026-04-11 15:00:00,0.29408806,0.39412747,13.3,14.3
2026-04-11 15:05:00,0.29381653,0.39412747,13.3,14.3
2026-04-11 15:10:00,0.29404927,0.39432142,13.3,14.26
2026-04-11 15:15:00,0.29397169,0.39416626,13.3,14.2
2026-04-11 15:20:00,0.29397169,0.39436021,13.2,14.2
2026-04-11 15:25:00,0.29401048,0.39432142,13.2,14.2
2026-04-11 15:30:00,0.2939329,0.39436021,13.2,14.14
2026-04-11 15:35:00,0.29385532,0.394399,13.2,14.1
2026-04-11 15:40:00,0.29381653,0.39424384,13.2,14.1
2026-04-11 15:45:00,0.29389411,0.39428263,13.2,14.1
2026-04-11 15:50:00,0.29385532,0.39451537,13.2,14.04
2026-04-11 15:55:00,0.29381653,0.394399,13.2,14.0
2026-04-11 16:00:00,0.29373895,0.39470932,13.2,14.0
2026-04-11 16:05:00,0.29381653,0.39455416,13.2,14.0
2026-04-11 16:10:00,0.29381653,0.39490327,13.2,14.0
2026-04-11 16:15:00,0.29362258,0.39463174,13.2,13.94
2026-04-11 16:20:00,0.29373895,0.39459295,13.22,13.9
2026-04-11 16:25:00,0.29370016,0.39482569,13.3,13.9
2026-04-11 16:30:00,0.29373895,0.39474811,13.3,13.9
2026-04-11 16:35:00,0.29389411,0.39482569,13.3,13.9
2026-04-11 16:40:00,0.29377774,0.39451537,13.3,13.9
2026-04-11 16:45:00,0.29373895,0.39474811,13.3,13.88
2026-04-11 16:50:00,0.29370016,0.39494206,13.3,13.8
2026-04-11 16:55:00,0.29362258,0.39470932,13.3,13.8
2026-04-11 17:00:00,0.29358379,0.39459295,13.3,13.8
2026-04-11 17:05:00,0.29362258,0.39459295,13.3,13.8
2026-04-11 17:10:00,0.29350621,0.3947869,13.3,13.8
2026-04-11 17:15:00,0.29350621,0.3947869,13.3,13.8
2026-04-11 17:20:00,0.293545,0.39467053,13.3,13.8
2026-04-11 17:25:00,0.293545,0.39482569,13.3,13.8
2026-04-11 17:30:00,0.29350621,0.39490327,13.3,13.8
2026-04-11 17:35:00,0.29358379,0.39474811,13.3,13.72
2026-04-11 17:40:00,0.293545,0.39459295,13.3,13.7
2026-04-11 17:45:00,0.29358379,0.39482569,13.2,13.7
2026-04-11 17:50:00,0.29350621,0.3947869,13.2,13.7
2026-04-11 17:55:00,0.29350621,0.39486448,13.2,13.7
2026-04-11 18:00:00,0.29338984,0.39490327,13.2,13.7
2026-04-11 18:05:00,0.29338984,0.3947869,13.2,13.7
2026-04-11 18:10:00,0.29350621,0.39490327,13.2,13.7
2026-04-11 18:15:00,0.29335105,0.39470932,13.2,13.7
2026-04-11 18:20:00,0.29338984,0.39490327,13.2,13.7
2026-04-11 18:25:00,0.29335105,0.39509722,13.2,13.7
2026-04-11 18:30:00,0.29327347,0.39494206,13.2,13.64
2026-04-11 18:35:00,0.29331226,0.3947869,13.2,13.6
2026-04-11 18:40:00,0.29331226,0.39474811,13.2,13.6
2026-04-11 18:45:00,0.29311831,0.39490327,13.14,13.6
2026-04-11 18:50:00,0.29327347,0.39490327,13.1,13.6
2026-04-11 18:55:00,0.29331226,0.39513601,13.1,13.6
2026-04-11 19:00:00,0.29319589,0.39501964,13.1,13.6
2026-04-11 19:05:00,0.29331226,0.39482569,13.1,13.6
2026-04-11 19:10:00,0.29327347,0.39486448,13.1,13.6
2026-04-11 19:15:00,0.29323468,0.39501964,13.1,13.6
2026-04-11 19:20:00,0.29327347,0.39482569,13.1,13.6
2026-04-11 19:25:00,0.29331226,0.3951748,13.02,13.5
2026-04-11 19:30:00,0.29323468,0.3951748,13.0,13.5
2026-04-11 19:35:00,0.29335105,0.39513601,13.0,13.5
2026-04-11 19:40:00,0.29323468,0.39505843,13.0,13.5
2026-04-11 19:45:00,0.29319589,0.39521359,13.0,13.5
2026-04-11 19:50:00,0.29331226,0.39498085,13.0,13.5
2026-04-11 19:55:00,0.29327347,0.39513601,13.0,13.5
2026-04-11 20:00:00,0.29319589,0.3951748,12.94,13.5
2026-04-11 20:05:00,0.29331226,0.39494206,12.9,13.5
2026-04-11 20:10:00,0.29323468,0.39505843,12.9,13.5
2026-04-11 20:15:00,0.29327347,0.39505843,12.9,13.4
2026-04-11 20:20:00,0.29323468,0.39529117,12.9,13.4
2026-04-11 20:25:00,0.29335105,0.39505843,12.9,13.4
2026-04-11 20:30:00,0.29323468,0.39509722,12.9,13.4
2026-04-11 20:35:00,0.29335105,0.39494206,12.9,13.4
2026-04-11 20:40:00,0.29331226,0.39509722,12.88,13.4
2026-04-11 20:45:00,0.29327347,0.39525238,12.8,13.4
2026-04-11 20:50:00,0.29327347,0.39509722,12.8,13.4
2026-04-11 20:55:00,0.29331226,0.3951748,12.8,13.4
2026-04-11 21:00:00,0.29338984,0.39501964,12.8,13.34
2026-04-11 21:05:00,0.29331226,0.39513601,12.8,13.3
2026-04-11 21:10:00,0.29335105,0.39513601,12.8,13.3
2026-04-11 21:15:00,0.29327347,0.39498085,12.8,13.3
2026-04-11 21:20:00,0.29335105,0.39505843,12.8,13.3
2026-04-11 21:25:00,0.29335105,0.39509722,12.8,13.3
2026-04-11 21:30:00,0.29331226,0.39509722,12.8,13.3
2026-04-11 21:35:00,0.29342863,0.39521359,12.7,13.3
2026-04-11 21:40:00,0.29331226,0.39513601,12.7,13.3
2026-04-11 21:45:00,0.29331226,0.39521359,12.7,13.22
2026-04-11 21:50:00,0.29335105,0.39501964,12.7,13.2
2026-04-11 21:55:00,0.29338984,0.39529117,12.7,13.2
2026-04-11 22:00:00,0.29331226,0.39521359,12.7,13.2
2026-04-11 22:05:00,0.29323468,0.39525238,12.7,13.2
2026-04-11 22:10:00,0.29331226,0.39540754,12.7,13.2
2026-04-11 22:15:00,0.29335105,0.39532996,12.74,13.2
2026-04-11 22:20:00,0.29327347,0.39540754,12.8,13.2
2026-04-11 22:25:00,0.29335105,0.39509722,12.8,13.2
2026-04-11 22:30:00,0.29319589,0.39509722,12.8,13.2
2026-04-11 22:35:00,0.29327347,0.39529117,12.8,13.2
2026-04-11 22:40:00,0.29319589,0.39521359,12.8,13.2
2026-04-11 22:45:00,0.2931571,0.39505843,12.8,13.18
2026-04-11 22:50:00,0.29307952,0.39544633,12.86,13.1
2026-04-11 22:55:00,0.29307952,0.39536875,12.9,13.1
2026-04-11 23:00:00,0.29300194,0.39525238,12.9,13.1
2026-04-11 23:05:00,0.2931571,0.39529117,12.9,13.1
2026-04-11 23:10:00,0.29296315,0.39521359,12.9,13.1
2026-04-11 23:15:00,0.29300194,0.39532996,12.98,13.1
2026-04-11 23:20:00,0.29288557,0.39529117,13.0,13.1
2026-04-11 23:25:00,0.29304073,0.39529117,13.0,13.1
2026-04-11 23:30:00,0.29292436,0.39529117,13.06,13.1
2026-04-11 23:35:00,0.29296315,0.3951748,13.1,13.1
2026-04-11 23:40:00,0.29273041,0.39529117,13.16,13.1
2026-04-11 23:45:00,0.29269162,0.39509722,13.2,13.1
2026-04-11 23:50:00,0.29261404,0.39544633,13.28,13.1
2026-04-11 23:55:00,0.29265283,0.39536875,13.3,13.1
2026-04-12 00:00:00,0.29245888,0.39544633,13.38,13.18
2026-04-12 00:05:00,0.29253646,0.39513601,13.44,13.2
2026-04-12 00:10:00,0.2923813,0.39513601,13.52,13.2
2026-04-12 00:15:00,0.29226493,0.39529117,13.64,13.2
2026-04-12 00:20:00,0.29222614,0.39525238,13.8,13.2
2026-04-12 00:25:00,0.29207098,0.3951748,13.98,13.2
2026-04-12 00:30:00,0.29195461,0.39536875,14.22,13.2
2026-04-12 00:35:00,0.29179945,0.39509722,14.44,13.2
2026-04-12 00:40:00,0.29168308,0.39525238,14.66,13.3
2026-04-12 00:45:00,0.29148913,0.39540754,14.86,13.3
2026-04-12 00:50:00,0.29141155,0.39525238,15.06,13.3
2026-04-12 00:55:00,0.29125639,0.39513601,15.24,13.38
2026-04-12 01:00:00,0.29117881,0.3951748,15.44,13.4
2026-04-12 01:05:00,0.29086849,0.39521359,15.64,13.46
2026-04-12 01:10:00,0.29090728,0.39501964,15.8,13.5
2026-04-12 01:15:00,0.29079091,0.39498085,15.96,13.56
2026-04-12 01:20:00,0.29059696,0.39501964,16.08,13.6
2026-04-12 01:25:00,0.29048059,0.39498085,16.22,13.68
2026-04-12 01:30:00,0.29051938,0.39490327,16.32,13.7
2026-04-12 01:35:00,0.29051938,0.39482569,16.44,13.8
2026-04-12 01:40:00,0.29071333,0.39474811,16.52,13.84
2026-04-12 01:45:00,0.29048059,0.39467053,16.6,13.9
2026-04-12 01:50:00,0.2904418,0.39482569,16.7,13.98
2026-04-12 01:55:00,0.29040301,0.39463174,16.74,14.02
2026-04-12 02:00:00,0.29040301,0.39459295,16.8,14.1
2026-04-12 02:05:00,0.29032543,0.39463174,16.8,14.16
2026-04-12 02:10:00,0.29032543,0.39455416,16.9,14.2
2026-04-12 02:15:00,0.29032543,0.39436021,16.9,14.3
2026-04-12 02:20:00,0.29013148,0.39443779,16.98,14.32
2026-04-12 02:25:00,0.2900539,0.39432142,17.0,14.4
2026-04-12 02:30:00,0.29009269,0.39420505,17.08,14.46
2026-04-12 02:35:00,0.2900539,0.39420505,17.1,14.5
2026-04-12 02:40:00,0.29013148,0.39408868,17.14,14.58
2026-04-12 02:45:00,0.28989874,0.39408868,17.2,14.6
2026-04-12 02:50:00,0.28993753,0.39416626,17.24,14.68
2026-04-12 02:55:00,0.28970479,0.39412747,17.3,14.7
2026-04-12 03:00:00,0.289666,0.39393352,17.36,14.8
2026-04-12 03:05:00,0.28962721,0.39377836,17.4,14.8
2026-04-12 03:10:00,0.28954963,0.39370078,17.48,14.88
2026-04-12 03:15:00,0.28943326,0.3936232,17.54,14.9
2026-04-12 03:20:00,0.28935568,0.39350683,17.6,14.98
2026-04-12 03:25:00,0.2892781,0.39354562,17.7,15.0
2026-04-12 03:30:00,0.28923931,0.39335167,17.78,15.08
2026-04-12 03:35:00,0.28920052,0.39339046,17.84,15.1
2026-04-12 03:40:00,0.28904536,0.39339046,17.9,15.18
2026-04-12 03:45:00,0.28904536,0.39342925,18.0,15.2
2026-04-12 03:50:00,0.28885141,0.3932353,18.04,15.28
2026-04-12 03:55:00,0.28877383,0.3932353,18.1,15.3
2026-04-12 04:00:00,0.28873504,0.39315772,18.14,15.38
2026-04-12 04:05:00,0.28861867,0.39300256,18.2,15.4
2026-04-12 04:10:00,0.28857988,0.39300256,18.22,15.48
2026-04-12 04:15:00,0.28865746,0.39296377,18.3,15.5
2026-04-12 04:20:00,0.28854109,0.39280861,18.34,15.58
2026-04-12 04:25:00,0.28842472,0.39300256,18.4,15.6
2026-04-12 04:30:00,0.28834714,0.39276982,18.5,15.68
2026-04-12 04:35:00,0.28830835,0.39276982,18.52,15.7
2026-04-12 04:40:00,0.2881144,0.39257587,18.6,15.78
2026-04-12 04:45:00,0.28803682,0.39265345,18.68,15.8
2026-04-12 04:50:00,0.28788166,0.39253708,18.76,15.88
2026-04-12 04:55:00,0.28780408,0.3924595,18.84,15.9
2026-04-12 05:00:00,0.28776529,0.39234313,18.9,15.98
2026-04-12 05:05:00,0.28768771,0.39242071,18.94,16.0
2026-04-12 05:10:00,0.28761013,0.39218797,19.0,16.1
2026-04-12 05:15:00,0.28753255,0.39211039,19.06,16.1
2026-04-12 05:20:00,0.28741618,0.39218797,19.1,16.2
2026-04-12 05:25:00,0.28749376,0.39199402,19.1,16.22
2026-04-12 05:30:00,0.28729981,0.39218797,19.1,16.3
2026-04-12 05:35:00,0.2873386,0.39191644,19.1,16.3
2026-04-12 05:40:00,0.28714465,0.39187765,19.1,16.4
2026-04-12 05:45:00,0.28729981,0.39183886,19.1,16.4
2026-04-12 05:50:00,0.28698949,0.39261466,19.1,16.5
2026-04-12 05:55:00,0.28687312,0.39265345,19.1,16.5
2026-04-12 06:00:00,0.28698949,0.39253708,19.1,16.58
2026-04-12 06:05:00,0.28679554,0.39234313,19.1,16.6
2026-04-12 06:10:00,0.28683433,0.39218797,19.1,16.6
2026-04-12 06:15:00,0.28667917,0.39211039,19.2,16.7
2026-04-12 06:20:00,0.28664038,0.39195523,19.2,16.7
2026-04-12 06:25:00,0.2865628,0.39191644,19.2,16.7
2026-04-12 06:30:00,0.2865628,0.39172249,19.2,16.8
2026-04-12 06:35:00,0.28648522,0.39176128,19.2,16.8
2026-04-12 06:40:00,0.28640764,0.39164491,19.2,16.8
2026-04-12 06:45:00,0.28636885,0.39160612,19.2,16.9
2026-04-12 06:50:00,0.28625248,0.39156733,19.2,16.9
2026-04-12 06:55:00,0.28625248,0.39164491,19.2,16.9
2026-04-12 07:00:00,0.28613611,0.39145096,19.2,16.96
2026-04-12 07:05:00,0.28613611,0.39133459,19.16,17.0
2026-04-12 07:10:00,0.28609732,0.39145096,19.1,17.0
2026-04-12 07:15:00,0.28601974,0.39133459,19.1,17.0
2026-04-12 07:20:00,0.28605853,0.39125701,19.02,17.1
2026-04-12 07:25:00,0.28598095,0.39125701,19.0,17.1
2026-04-12 07:30:00,0.28598095,0.39117943,18.92,17.1
2026-04-12 07:35:00,0.28590337,0.39114064,18.9,17.1
2026-04-12 07:40:00,0.28574821,0.39114064,18.8,17.1
2026-04-12 07:45:00,0.28586458,0.39125701,18.74,17.2
2026-04-12 07:50:00,0.28582579,0.39106306,18.66,17.2
2026-04-12 07:55:00,0.28567063,0.39106306,18.58,17.2
2026-04-12 08:00:00,0.28574821,0.39102427,18.5,17.2
2026-04-12 08:05:00,0.28563184,0.39098548,18.4,17.2
2026-04-12 08:10:00,0.28559305,0.39094669,18.32,17.2
2026-04-12 08:15:00,0.28559305,0.39110185,18.22,17.2
2026-04-12 08:20:00,0.28555426,0.3909079,18.14,17.2
2026-04-12 08:25:00,0.28563184,0.3909079,18.06,17.2
2026-04-12 08:30:00,0.28551547,0.39098548,17.98,17.14
2026-04-12 08:35:00,0.28555426,0.3909079,17.9,17.1
2026-04-12 08:40:00,0.28543789,0.39094669,17.8,17.1
2026-04-12 08:45:00,0.28547668,0.39094669,17.72,17.1
2026-04-12 08:50:00,0.28543789,0.39094669,17.64,17.1
2026-04-12 08:55:00,0.28555426,0.39086911,17.58,17.1
2026-04-12 09:00:00,0.28555426,0.3909079,17.5,17.02
2026-04-12 09:05:00,0.28547668,0.3909079,17.42,17.0
2026-04-12 09:10:00,0.2853991,0.3909079,17.36,17.0
2026-04-12 09:15:00,0.28536031,0.39083032,17.3,17.0
2026-04-12 09:20:00,0.2853991,0.39083032,17.22,16.94
2026-04-12 09:25:00,0.28543789,0.39098548,17.18,16.9
2026-04-12 09:30:00,0.28520515,0.39083032,17.1,16.9
2026-04-12 09:35:00,0.28516636,0.39079153,17.06,16.9
2026-04-12 09:40:00,0.28512757,0.39086911,17.0,16.8
2026-04-12 09:45:00,0.28508878,0.39086911,16.94,16.8
2026-04-12 09:50:00,0.2850112,0.3909079,16.9,16.8
2026-04-12 09:55:00,0.2850112,0.3909079,16.8,16.76
2026-04-12 10:00:00,0.28508878,0.39094669,16.78,16.7
2026-04-12 10:05:00,0.28504999,0.39083032,16.7,16.7
2026-04-12 10:10:00,0.28497241,0.39083032,16.64,16.7
2026-04-12 10:15:00,0.28470088,0.39110185,16.6,16.62
2026-04-12 10:20:00,0.28473967,0.3909079,16.5,16.6
2026-04-12 10:25:00,0.28481725,0.3909079,16.46,16.6
2026-04-12 10:30:00,0.28466209,0.3909079,16.4,16.58
2026-04-12 10:35:00,0.28466209,0.3909079,16.3,16.5
2026-04-12 10:40:00,0.28458451,0.39094669,16.28,16.5
2026-04-12 10:45:00,0.2846233,0.39102427,16.2,16.5
2026-04-12 10:50:00,0.2846233,0.3909079,16.14,16.44
2026-04-12 10:55:00,0.2846233,0.3909079,16.1,16.4
2026-04-12 11:00:00,0.28450693,0.39098548,16.0,16.4
2026-04-12 11:05:00,0.28466209,0.39102427,16.0,16.38
2026-04-12 11:10:00,0.28458451,0.39106306,15.9,16.3
2026-04-12 11:15:00,0.2846233,0.39102427,15.86,16.3
2026-04-12 11:20:00,0.28466209,0.39098548,15.8,16.3
2026-04-12 11:25:00,0.28458451,0.39094669,15.76,16.2
2026-04-12 11:30:00,0.28442935,0.39098548,15.7,16.2
2026-04-12 11:35:00,0.28454572,0.39098548,15.68,16.2
2026-04-12 11:40:00,0.28458451,0.39110185,15.6,16.14
2026-04-12 11:45:00,0.28446814,0.39094669,15.6,16.1
2026-04-12 11:50:00,0.28454572,0.39086911,15.52,16.1
2026-04-12 11:55:00,0.28454572,0.39083032,15.5,16.04
2026-04-12 12:00:00,0.28450693,0.3909079,15.46,16.0
2026-04-12 12:05:00,0.28435177,0.39086911,15.4,16.0
2026-04-12 12:10:00,0.28442935,0.3909079,15.4,16.0
2026-04-12 12:15:00,0.28435177,0.39079153,15.34,15.9
2026-04-12 12:20:00,0.28439056,0.3909079,15.3,15.9
2026-04-12 12:25:00,0.28435177,0.39086911,15.3,15.9
2026-04-12 12:30:00,0.28435177,0.39102427,15.22,15.82
2026-04-12 12:35:00,0.28442935,0.39079153,15.2,15.8
2026-04-12 12:40:00,0.28446814,0.39102427,15.2,15.8
2026-04-12 12:45:00,0.28431298,0.39079153,15.2,15.76
2026-04-12 12:50:00,0.28431298,0.39079153,15.1,15.7
2026-04-12 12:55:00,0.2842354,0.39086911,15.1,15.7
2026-04-12 13:00:00,0.28435177,0.39079153,15.1,15.7
2026-04-12 13:05:00,0.28415782,0.39102427,15.02,15.64
2026-04-12 13:10:00,0.28419661,0.3909079,15.0,15.6
2026-04-12 13:15:00,0.2842354,0.39075274,15.0,15.6
2026-04-12 13:20:00,0.2842354,0.39086911,14.96,15.6
2026-04-12 13:25:00,0.2842354,0.39083032,14.9,15.52
2026-04-12 13:30:00,0.2842354,0.39106306,14.9,15.5
2026-04-12 13:35:00,0.2842354,0.39094669,14.9,15.5
2026-04-12 13:40:00,0.28415782,0.3909079,14.86,15.5
2026-04-12 13:45:00,0.2842354,0.3909079,14.8,15.44
2026-04-12 13:50:00,0.28419661,0.39094669,14.8,15.4
2026-04-12 13:55:00,0.28415782,0.39094669,14.8,15.4
2026-04-12 14:00:00,0.28419661,0.39086911,14.76,15.4
2026-04-12 14:05:00,0.28415782,0.39094669,14.7,15.36
2026-04-12 14:10:00,0.28415782,0.39117943,14.7,15.3
2026-04-12 14:15:00,0.28411903,0.39094669,14.7,15.3
2026-04-12 14:20:00,0.28411903,0.39098548,14.66,15.3
2026-04-12 14:25:00,0.28408024,0.39114064,14.6,15.3
2026-04-12 14:30:00,0.28400266,0.39094669,14.6,15.22
2026-04-12 14:35:00,0.28404145,0.3909079,14.6,15.2
2026-04-12 14:40:00,0.28392508,0.39102427,14.58,15.2
2026-04-12 14:45:00,0.28408024,0.39106306,14.5,15.2
2026-04-12 14:50:00,0.28408024,0.39110185,14.5,15.2
2026-04-12 14:55:00,0.28411903,0.39110185,14.5,15.12
2026-04-12 15:00:00,0.28404145,0.39098548,14.48,15.1
2026-04-12 15:05:00,0.28408024,0.39106306,14.4,15.1
2026-04-12 15:10:00,0.28404145,0.39110185,14.4,15.1
2026-04-12 15:15:00,0.28392508,0.39094669,14.4,15.1
2026-04-12 15:20:00,0.28392508,0.39106306,14.38,15.0
2026-04-12 15:25:00,0.28396387,0.39098548,14.3,15.0
2026-04-12 15:30:00,0.28388629,0.39106306,14.3,15.0
2026-04-12 15:35:00,0.28396387,0.39121822,14.3,15.0
2026-04-12 15:40:00,0.28396387,0.39110185,14.3,15.0
2026-04-12 15:45:00,0.28388629,0.39098548,14.2,14.92
2026-04-12 15:50:00,0.28396387,0.39102427,14.2,14.9
2026-04-12 15:55:00,0.28404145,0.39137338,14.2,14.9
2026-04-12 16:00:00,0.28404145,0.3912958,14.2,14.9
2026-04-12 16:05:00,0.28388629,0.39110185,14.2,14.9
2026-04-12 16:10:00,0.28396387,0.39110185,14.12,14.82
2026-04-12 16:15:00,0.28392508,0.39141217,14.1,14.8
2026-04-12 16:20:00,0.28376992,0.39152854,14.1,14.8
2026-04-12 16:25:00,0.28376992,0.39137338,14.1,14.8
2026-04-12 16:30:00,0.2838475,0.39121822,14.08,14.8
2026-04-12 16:35:00,0.28392508,0.39133459,14.0,14.74
2026-04-12 16:40:00,0.2838475,0.39133459,14.0,14.7
2026-04-12 16:45:00,0.28392508,0.39133459,14.0,14.7
2026-04-12 16:50:00,0.28388629,0.3912958,14.0,14.7
2026-04-12 16:55:00,0.28388629,0.39133459,13.96,14.7
2026-04-12 17:00:00,0.28392508,0.39137338,13.9,14.68
2026-04-12 17:05:00,0.28392508,0.39133459,13.9,14.6
2026-04-12 17:10:00,0.28376992,0.39137338,13.9,14.6
2026-04-12 17:15:00,0.28376992,0.39137338,13.9,14.6
2026-04-12 17:20:00,0.2838475,0.39148975,13.9,14.6
2026-04-12 17:25:00,0.28376992,0.39152854,13.88,14.6
2026-04-12 17:30:00,0.28376992,0.39152854,13.8,14.52
2026-04-12 17:35:00,0.28373113,0.39141217,13.8,14.5
2026-04-12 17:40:00,0.28373113,0.39160612,13.8,14.5
2026-04-12 17:45:00,0.28376992,0.39145096,13.8,14.5
2026-04-12 17:50:00,0.28365355,0.39148975,13.74,14.5
2026-04-12 17:55:00,0.28373113,0.39172249,13.7,14.5
2026-04-12 18:00:00,0.28373113,0.39148975,13.7,14.4
2026-04-12 18:05:00,0.28361476,0.39160612,13.68,14.4
2026-04-12 18:10:00,0.28376992,0.39148975,13.6,14.4
2026-04-12 18:15:00,0.28380871,0.39156733,13.6,14.4
2026-04-12 18:20:00,0.28369234,0.39172249,13.6,14.4
2026-04-12 18:25:00,0.28376992,0.39156733,13.6,14.32
2026-04-12 18:30:00,0.28376992,0.39156733,13.6,14.3
2026-04-12 18:35:00,0.28380871,0.39148975,13.54,14.3
2026-04-12 18:40:00,0.28373113,0.39156733,13.5,14.3
2026-04-12 18:45:00,0.28376992,0.3916837,13.5,14.3
2026-04-12 18:50:00,0.28373113,0.39156733,13.5,14.3
2026-04-12 18:55:00,0.28380871,0.39160612,13.5,14.2
2026-04-12 19:00:00,0.28369234,0.39148975,13.5,14.2
2026-04-12 19:05:00,0.28365355,0.39180007,13.5,14.2
2026-04-12 19:10:00,0.28365355,0.3916837,13.5,14.2
2026-04-12 19:15:00,0.28369234,0.39191644,13.5,14.2
2026-04-12 19:20:00,0.28373113,0.3916837,13.5,14.2
2026-04-12 19:25:00,0.28369234,0.39164491,13.44,14.14
2026-04-12 19:30:00,0.28376992,0.3916837,13.4,14.1
2026-04-12 19:35:00,0.28365355,0.39172249,13.4,14.1
2026-04-12 19:40:00,0.28357597,0.39191644,13.4,14.1
2026-04-12 19:45:00,0.28373113,0.3916837,13.4,14.1
2026-04-12 19:50:00,0.28369234,0.39180007,13.4,14.1
2026-04-12 19:55:00,0.28373113,0.39176128,13.4,14.1
2026-04-12 20:00:00,0.28357597,0.39195523,13.3,14.04
2026-04-12 20:05:00,0.28376992,0.3920716,13.3,14.0
2026-04-12 20:10:00,0.28380871,0.39180007,13.3,14.0
2026-04-12 20:15:00,0.28380871,0.39180007,13.28,14.0
2026-04-12 20:20:00,0.28369234,0.39195523,13.2,14.0
2026-04-12 20:25:00,0.28365355,0.39211039,13.2,14.0
2026-04-12 20:30:00,0.28380871,0.39183886,13.2,14.0
2026-04-12 20:35:00,0.2838475,0.3920716,13.1,13.94
2026-04-12 20:40:00,0.28396387,0.39183886,13.1,13.9
2026-04-12 20:45:00,0.2838475,0.39203281,13.04,13.9
2026-04-12 20:50:00,0.28388629,0.39195523,13.0,13.9
2026-04-12 20:55:00,0.28388629,0.39222676,12.96,13.9
2026-04-12 21:00:00,0.28400266,0.39214918,12.9,13.9
2026-04-12 21:05:00,0.28388629,0.3920716,12.9,13.82
2026-04-12 21:10:00,0.28400266,0.39249829,12.8,13.8
2026-04-12 21:15:00,0.28404145,0.39195523,12.8,13.8
2026-04-12 21:20:00,0.28404145,0.39191644,12.76,13.8
2026-04-12 21:25:00,0.28404145,0.39218797,12.7,13.8
2026-04-12 21:30:00,0.28408024,0.39203281,12.7,13.72
2026-04-12 21:35:00,0.28411903,0.39218797,12.7,13.7
2026-04-12 21:40:00,0.28408024,0.39257587,12.62,13.7
2026-04-12 21:45:00,0.28408024,0.39214918,12.6,13.7
2026-04-12 21:50:00,0.28404145,0.39203281,12.6,13.66
2026-04-12 21:55:00,0.28392508,0.39222676,12.6,13.6
2026-04-12 22:00:00,0.28392508,0.39242071,12.7,13.6
2026-04-12 22:05:00,0.28388629,0.3920716,12.72,13.6
2026-04-12 22:10:00,0.28380871,0.39222676,12.82,13.6
2026-04-12 22:15:00,0.28369234,0.39230434,12.92,13.5
2026-04-12 22:20:00,0.28353718,0.39238192,13.04,13.5
2026-04-12 22:25:00,0.28338202,0.39234313,13.16,13.5
2026-04-12 22:30:00,0.28314928,0.39242071,13.34,13.5
2026-04-12 22:35:00,0.2830717,0.39234313,13.46,13.5
2026-04-12 22:40:00,0.28295533,0.39230434,13.64,13.5
2026-04-12 22:45:00,0.28283896,0.39238192,13.8,13.5
2026-04-12 22:50:00,0.28272259,0.39253708,13.96,13.46
2026-04-12 22:55:00,0.28260622,0.39261466,14.08,13.42
2026-04-12 23:00:00,0.28248985,0.39253708,14.22,13.48
2026-04-12 23:05:00,0.28237348,0.39214918,14.38,13.5
2026-04-12 23:10:00,0.28237348,0.39265345,14.6,13.5
2026-04-12 23:15:00,0.28217953,0.39214918,14.82,13.5
2026-04-12 23:20:00,0.28210195,0.39253708,15.04,13.5
2026-04-12 23:25:00,0.281908,0.39230434,15.18,13.5
2026-04-12 23:30:00,0.28186921,0.39211039,15.32,13.5
2026-04-12 23:35:00,0.28163647,0.39238192,15.44,13.58
2026-04-12 23:40:00,0.28148131,0.39265345,15.56,13.6
2026-04-12 23:45:00,0.2815201,0.39253708,15.74,13.6
2026-04-12 23:50:00,0.28136494,0.39218797,15.9,13.66
2026-04-12 23:55:00,0.28124857,0.39230434,16.06,13.7
2026-04-13 00:00:00,0.28117099,0.39234313,16.24,13.7
2026-04-13 00:05:00,0.28105462,0.39218797,16.44,13.8
2026-04-13 00:10:00,0.28120978,0.39211039,16.6,13.8
2026-04-13 00:15:00,0.28101583,0.39218797,16.76,13.86
2026-04-13 00:20:00,0.28101583,0.39195523,16.9,13.9
2026-04-13 00:25:00,0.28093825,0.3920716,17.04,13.94
2026-04-13 00:30:00,0.28086067,0.39211039,17.16,14.0
2026-04-13 00:35:00,0.28066672,0.39191644,17.34,14.04
2026-04-13 00:40:00,0.28055035,0.39218797,17.52,14.1
2026-04-13 00:45:00,0.28055035,0.39214918,17.74,14.16
2026-04-13 00:50:00,0.28027882,0.39191644,17.94,14.2
2026-04-13 00:55:00,0.28031761,0.39176128,18.14,14.28
2026-04-13 01:00:00,0.2799685,0.39180007,18.36,14.32
2026-04-13 01:05:00,0.27981334,0.39176128,18.54,14.4
2026-04-13 01:10:00,0.27965818,0.39156733,18.74,14.48
2026-04-13 01:15:00,0.27954181,0.39164491,18.94,14.54
2026-04-13 01:20:00,0.27942544,0.39164491,19.08,14.6
2026-04-13 01:25:00,0.27938665,0.39133459,19.18,14.7
2026-04-13 01:30:00,0.2791927,0.39141217,19.2,14.76
2026-04-13 01:35:00,0.27907633,0.39125701,19.22,14.84
2026-04-13 01:40:00,0.27899875,0.39110185,19.3,14.9
2026-04-13 01:45:00,0.27888238,0.39133459,19.34,15.0
2026-04-13 01:50:00,0.27884359,0.39110185,19.42,15.08
2026-04-13 01:55:00,0.27872722,0.39102427,19.5,15.14
2026-04-13 02:00:00,0.27853327,0.39079153,19.5,15.2
2026-04-13 02:05:00,0.27864964,0.39079153,19.52,15.3
2026-04-13 02:10:00,0.27837811,0.39075274,19.6,15.34
2026-04-13 02:15:00,0.2784169,0.39063637,19.62,15.4
2026-04-13 02:20:00,0.27818416,0.39052,19.72,15.5
2026-04-13 02:25:00,0.278029,0.39044242,19.86,15.54
2026-04-13 02:30:00,0.2776411,0.39044242,20.02,15.6
2026-04-13 02:35:00,0.27775747,0.39020968,20.14,15.7
2026-04-13 02:40:00,0.27729199,0.39032605,20.2,15.74
2026-04-13 02:45:00,0.2772532,0.38997694,20.28,15.8
2026-04-13 02:50:00,0.27705925,0.38978299,20.3,15.9
2026-04-13 02:55:00,0.27709804,0.3897442,20.3,15.96
2026-04-13 03:00:00,0.27702046,0.38966662,20.3,16.04
2026-04-13 03:05:00,0.27705925,0.38955025,20.3,16.1
2026-04-13 03:10:00,0.27671014,0.38947267,20.3,16.2
2026-04-13 03:15:00,0.27682651,0.38943388,20.3,16.28
2026-04-13 03:20:00,0.27659377,0.38923993,20.3,16.34
2026-04-13 03:25:00,0.27663256,0.38912356,20.3,16.4
2026-04-13 03:30:00,0.27632224,0.38908477,20.3,16.5
2026-04-13 03:35:00,0.27651619,0.38904598,20.3,16.56
2026-04-13 03:40:00,0.27639982,0.38900719,20.36,16.62
2026-04-13 03:45:00,0.27612829,0.38889082,20.4,16.7
2026-04-13 03:50:00,0.27620587,0.38904598,20.42,16.76
2026-04-13 03:55:00,0.27597313,0.38881324,20.5,16.8
2026-04-13 04:00:00,0.27585676,0.38889082,20.6,16.88
2026-04-13 04:05:00,0.27566281,0.38861929,20.7,16.9
2026-04-13 04:10:00,0.27554644,0.38854171,20.8,17.0
2026-04-13 04:15:00,0.27535249,0.3885805,20.88,17.02
2026-04-13 04:20:00,0.27519733,0.38842534,20.9,17.1
2026-04-13 04:25:00,0.27511975,0.38834776,20.96,17.12
2026-04-13 04:30:00,0.27508096,0.38827018,21.0,17.2
2026-04-13 04:35:00,0.27488701,0.38823139,21.0,17.22
2026-04-13 04:40:00,0.27484822,0.38811502,21.0,17.3
2026-04-13 04:45:00,0.27461548,0.38807623,21.08,17.32
2026-04-13 04:50:00,0.2745379,0.38803744,21.1,17.4
2026-04-13 04:55:00,0.27449911,0.38799865,21.1,17.4
2026-04-13 05:00:00,0.27426637,0.38792107,21.1,17.5
2026-04-13 05:05:00,0.27426637,0.38788228,21.12,17.5
2026-04-13 05:10:00,0.27399484,0.38784349,21.2,17.58
2026-04-13 05:15:00,0.27403363,0.3878047,21.16,17.6
2026-04-13 05:20:00,0.27383968,0.38768833,21.1,17.62
2026-04-13 05:25:00,0.27380089,0.38768833,21.1,17.7
2026-04-13 05:30:00,0.2737621,0.38784349,21.1,17.7
2026-04-13 05:35:00,0.27368452,0.38761075,21.1,17.72
2026-04-13 05:40:00,0.27356815,0.38745559,21.1,17.8
2026-04-13 05:45:00,0.27352936,0.38737801,21.1,17.8
2026-04-13 05:50:00,0.27329662,0.38733922,21.1,17.8
2026-04-13 05:55:00,0.27325783,0.38718406,21.1,17.86
2026-04-13 06:00:00,0.27314146,0.38726164,21.1,17.9
2026-04-13 06:05:00,0.2729863,0.38718406,21.06,17.9
2026-04-13 06:10:00,0.27294751,0.3870289,21.0,17.9
2026-04-13 06:15:00,0.27275356,0.38706769,21.0,17.9
2026-04-13 06:20:00,0.27267598,0.38695132,21.0,17.98
2026-04-13 06:25:00,0.27271477,0.38683495,20.9,18.0
2026-04-13 06:30:00,0.27252082,0.38667979,20.9,18.0
2026-04-13 06:35:00,0.27240445,0.38660221,20.82,18.0
2026-04-13 06:40:00,0.27236566,0.38660221,20.8,18.0
2026-04-13 06:45:00,0.2722105,0.38640826,20.7,18.0
2026-04-13 06:50:00,0.2722105,0.38640826,20.64,18.0
2026-04-13 06:55:00,0.27209413,0.38636947,20.58,18.08
2026-04-13 07:00:00,0.27217171,0.38640826,20.5,18.1
2026-04-13 07:05:00,0.27209413,0.38617552,20.42,18.1
2026-04-13 07:10:00,0.27186139,0.3862531,20.36,18.1
2026-04-13 07:15:00,0.2718226,0.38621431,20.3,18.1
2026-04-13 07:20:00,0.27186139,0.38621431,20.22,18.1
2026-04-13 07:25:00,0.27190018,0.38621431,20.2,18.0
2026-04-13 07:30:00,0.2718226,0.38605915,20.1,18.0
2026-04-13 07:35:00,0.27147349,0.38613673,20.08,18.0
2026-04-13 07:40:00,0.27186139,0.38613673,20.0,18.0
2026-04-13 07:45:00,0.27178381,0.38609794,19.98,18.0
2026-04-13 07:50:00,0.27151228,0.38602036,19.9,18.0
2026-04-13 07:55:00,0.27158986,0.38594278,19.86,18.0
2026-04-13 08:00:00,0.27147349,0.38590399,19.8,18.0
2026-04-13 08:05:00,0.27158986,0.3858652,19.72,18.0
2026-04-13 08:10:00,0.27147349,0.38578762,19.7,18.0
2026-04-13 08:15:00,0.27139591,0.38571004,19.6,17.9
2026-04-13 08:20:00,0.27135712,0.3854773,19.56,17.9
2026-04-13 08:25:00,0.27127954,0.38551609,19.5,17.9
2026-04-13 08:30:00,0.27108559,0.38528335,19.42,17.9
2026-04-13 08:35:00,0.27096922,0.38505061,19.36,17.9
2026-04-13 08:40:00,0.27085285,0.38505061,19.3,17.9
2026-04-13 08:45:00,0.27050374,0.38501182,19.2,17.88
2026-04-13 08:50:00,0.27019342,0.38501182,19.12,17.8
2026-04-13 08:55:00,0.26976673,0.38481787,19.06,17.8
2026-04-13 09:00:00,0.26965036,0.38477908,19.0,17.8
2026-04-13 09:05:00,0.26945641,0.38489545,18.9,17.8
2026-04-13 09:10:00,0.26926246,0.3847015,18.84,17.8
2026-04-13 09:15:00,0.26891335,0.38474029,18.78,17.7
2026-04-13 09:20:00,0.26868061,0.38474029,18.7,17.7
2026-04-13 09:25:00,0.26844787,0.38462392,18.62,17.7
2026-04-13 09:30:00,0.26837029,0.38462392,18.56,17.7
2026-04-13 09:35:00,0.26817634,0.38454634,18.5,17.6
2026-04-13 09:40:00,0.26809876,0.38462392,18.4,17.6
2026-04-13 09:45:00,0.26782723,0.38454634,18.34,17.6
2026-04-13 09:50:00,0.26771086,0.38458513,18.28,17.56
2026-04-13 09:55:00,0.2675557,0.38454634,18.2,17.5
2026-04-13 10:00:00,0.26747812,0.38439118,18.14,17.5
2026-04-13 10:05:00,0.26736175,0.38442997,18.08,17.5
2026-04-13 10:10:00,0.2671678,0.38435239,18.0,17.42
2026-04-13 10:15:00,0.26705143,0.38442997,17.92,17.4
2026-04-13 10:20:00,0.26693506,0.38442997,17.86,17.4
2026-04-13 10:25:00,0.26697385,0.3843136,17.8,17.34
2026-04-13 10:30:00,0.26681869,0.38439118,17.72,17.3
2026-04-13 10:35:00,0.26674111,0.38411965,17.66,17.3
2026-04-13 10:40:00,0.26681869,0.38423602,17.6,17.28
2026-04-13 10:45:00,0.26689627,0.3843136,17.52,17.2
2026-04-13 10:50:00,0.26681869,0.38373175,17.48,17.2
2026-04-13 10:55:00,0.26662474,0.38361538,17.4,17.2
2026-04-13 11:00:00,0.26666353,0.3835378,17.34,17.1
2026-04-13 11:05:00,0.26646958,0.38369296,17.3,17.1
2026-04-13 11:10:00,0.26646958,0.3835378,17.22,17.1
2026-04-13 11:15:00,0.26650837,0.3835378,17.18,17.04
2026-04-13 11:20:00,0.26643079,0.38349901,17.1,17.0
2026-04-13 11:25:00,0.26615926,0.38342143,17.06,17.0
2026-04-13 11:30:00,0.26635321,0.38349901,17.0,16.96
2026-04-13 11:35:00,0.26615926,0.38342143,16.94,16.9
2026-04-13 11:40:00,0.2660041,0.38338264,16.9,16.9
2026-04-13 11:45:00,0.26557741,0.38338264,16.82,16.88
2026-04-13 11:50:00,0.26546104,0.38342143,16.8,16.8
2026-04-13 11:55:00,0.26507314,0.38349901,16.7,16.8
2026-04-13 12:00:00,0.26546104,0.38330506,16.68,16.8
2026-04-13 12:05:00,0.26526709,0.38334385,16.6,16.7
2026-04-13 12:10:00,0.2652283,0.38334385,16.56,16.7
2026-04-13 12:15:00,0.26530588,0.38330506,16.5,16.7
2026-04-13 12:20:00,0.26476282,0.38334385,16.44,16.62
2026-04-13 12:25:00,0.26480161,0.38334385,16.4,16.6
2026-04-13 12:30:00,0.26487919,0.38334385,16.3,16.6
2026-04-13 12:35:00,0.26487919,0.38322748,16.24,16.54
2026-04-13 12:40:00,0.26487919,0.38338264,16.18,16.5
2026-04-13 12:45:00,0.26472403,0.38338264,16.1,16.5
2026-04-13 12:50:00,0.26491798,0.38318869,16.04,16.44
2026-04-13 12:55:00,0.26468524,0.38326627,16.0,16.4
2026-04-13 13:00:00,0.26476282,0.38326627,15.9,16.4
2026-04-13 13:05:00,0.26468524,0.38311111,15.9,16.34
2026-04-13 13:10:00,0.26453008,0.38322748,15.82,16.3
2026-04-13 13:15:00,0.26453008,0.3831499,15.8,16.3
2026-04-13 13:20:00,0.26456887,0.38322748,15.8,16.24
2026-04-13 13:25:00,0.26453008,0.38318869,15.72,16.2
2026-04-13 13:30:00,0.26468524,0.38318869,15.7,16.2
2026-04-13 13:35:00,0.26464645,0.38334385,15.7,16.14
2026-04-13 13:40:00,0.26453008,0.38326627,15.66,16.1
2026-04-13 13:45:00,0.2644525,0.38326627,15.6,16.1
2026-04-13 13:50:00,0.2644525,0.3831499,15.6,16.04
2026-04-13 13:55:00,0.2644525,0.38307232,15.6,16.0
2026-04-13 14:00:00,0.26437492,0.38318869,15.6,16.0
2026-04-13 14:05:00,0.26429734,0.38307232,15.5,15.94
2026-04-13 14:10:00,0.26449129,0.38322748,15.5,15.9
2026-04-13 14:15:00,0.2644525,0.3831499,15.5,15.9
2026-04-13 14:20:00,0.26433613,0.3831499,15.5,15.9
2026-04-13 14:25:00,0.26437492,0.38311111,15.5,15.8
2026-04-13 14:30:00,0.26449129,0.3831499,15.42,15.8
2026-04-13 14:35:00,0.26441371,0.38311111,15.4,15.8
2026-04-13 14:40:00,0.26429734,0.38334385,15.4,15.8
2026-04-13 14:45:00,0.26433613,0.38307232,15.4,15.7
2026-04-13 14:50:00,0.26425855,0.38311111,15.4,15.7
2026-04-13 14:55:00,0.26433613,0.38318869,15.34,15.7
2026-04-13 15:00:00,0.26418097,0.38311111,15.3,15.7
2026-04-13 15:05:00,0.26421976,0.38307232,15.3,15.66
2026-04-13 15:10:00,0.26425855,0.38311111,15.3,15.6
2026-04-13 15:15:00,0.26421976,0.38311111,15.3,15.6
2026-04-13 15:20:00,0.26421976,0.3831499,15.3,15.6
2026-04-13 15:25:00,0.26421976,0.38318869,15.2,15.6
2026-04-13 15:30:00,0.26418097,0.38307232,15.2,15.54
2026-04-13 15:35:00,0.26414218,0.38311111,15.2,15.5
2026-04-13 15:40:00,0.26414218,0.3831499,15.2,15.5
2026-04-13 15:45:00,0.2640646,0.38330506,15.2,15.5
2026-04-13 15:50:00,0.26414218,0.38318869,15.2,15.5
2026-04-13 15:55:00,0.26414218,0.38311111,15.14,15.44
2026-04-13 16:00:00,0.26410339,0.38307232,15.1,15.4
2026-04-13 16:05:00,0.26402581,0.3831499,15.1,15.4
2026-04-13 16:10:00,0.26394823,0.38311111,15.1,15.4
2026-04-13 16:15:00,0.26398702,0.3831499,15.1,15.4
2026-04-13 16:20:00,0.26394823,0.38326627,15.1,15.4
2026-04-13 16:25:00,0.26394823,0.38318869,15.02,15.32
2026-04-13 16:30:00,0.26394823,0.38299474,15.0,15.3
2026-04-13 16:35:00,0.26394823,0.38303353,15.0,15.3
2026-04-13 16:40:00,0.26394823,0.38307232,15.0,15.3
2026-04-13 16:45:00,0.26398702,0.38311111,15.0,15.3
2026-04-13 16:50:00,0.26390944,0.38318869,15.0,15.3
2026-04-13 16:55:00,0.26379307,0.3831499,14.98,15.22
2026-04-13 17:00:00,0.26394823,0.3831499,14.9,15.2
2026-04-13 17:05:00,0.26375428,0.38299474,14.9,15.2
2026-04-13 17:10:00,0.26371549,0.38318869,14.9,15.2
2026-04-13 17:15:00,0.2636767,0.38307232,14.9,15.2
2026-04-13 17:20:00,0.26371549,0.38303353,14.84,15.2
2026-04-13 17:25:00,0.26371549,0.38303353,14.8,15.18
2026-04-13 17:30:00,0.26363791,0.38307232,14.8,15.1
2026-04-13 17:35:00,0.26371549,0.38307232,14.8,15.1
2026-04-13 17:40:00,0.26363791,0.38307232,14.78,15.1
2026-04-13 17:45:00,0.26375428,0.38307232,14.7,15.1
2026-04-13 17:50:00,0.26371549,0.38307232,14.7,15.1
2026-04-13 17:55:00,0.26375428,0.38326627,14.7,15.1
2026-04-13 18:00:00,0.2636767,0.38299474,14.7,15.02
2026-04-13 18:05:00,0.26371549,0.38322748,14.7,15.0
2026-04-13 18:10:00,0.26375428,0.38303353,14.68,15.0
2026-04-13 18:15:00,0.26359912,0.3831499,14.6,15.0
2026-04-13 18:20:00,0.26375428,0.38318869,14.6,15.0
2026-04-13 18:25:00,0.26375428,0.38299474,14.6,15.0
2026-04-13 18:30:00,0.26379307,0.38307232,14.6,14.98
2026-04-13 18:35:00,0.26371549,0.38303353,14.6,14.9
2026-04-13 18:40:00,0.26379307,0.38307232,14.58,14.9
2026-04-13 18:45:00,0.26363791,0.38307232,14.52,14.9
2026-04-13 18:50:00,0.26363791,0.38318869,14.5,14.9
2026-04-13 18:55:00,0.26363791,0.38318869,14.5,14.9
2026-04-13 19:00:00,0.26363791,0.38318869,14.5,14.9
2026-04-13 19:05:00,0.26359912,0.38303353,14.5,14.84
2026-04-13 19:10:00,0.26363791,0.38311111,14.5,14.8
2026-04-13 19:15:00,0.26356033,0.38311111,14.46,14.8
2026-04-13 19:20:00,0.26356033,0.38322748,14.4,14.8
2026-04-13 19:25:00,0.26348275,0.38311111,14.4,14.8
2026-04-13 19:30:00,0.26356033,0.38322748,14.4,14.8
2026-04-13 19:35:00,0.26352154,0.38311111,14.4,14.8
2026-04-13 19:40:00,0.26356033,0.38311111,14.4,14.76
2026-04-13 19:45:00,0.26340517,0.38307232,14.4,14.7
2026-04-13 19:50:00,0.2636767,0.38318869,14.38,14.7
2026-04-13 19:55:00,0.26352154,0.38303353,14.3,14.7
2026-04-13 20:00:00,0.26348275,0.38322748,14.3,14.7
2026-04-13 20:05:00,0.26359912,0.38303353,14.3,14.7
2026-04-13 20:10:00,0.26352154,0.3831499,14.3,14.7
2026-04-13 20:15:00,0.26359912,0.38311111,14.3,14.68
2026-04-13 20:20:00,0.26356033,0.38326627,14.28,14.6
2026-04-13 20:25:00,0.26356033,0.38303353,14.2,14.6
2026-04-13 20:30:00,0.26359912,0.38303353,14.2,14.6
2026-04-13 20:35:00,0.26348275,0.38307232,14.2,14.6
2026-04-13 20:40:00,0.26348275,0.38299474,14.2,14.6
2026-04-13 20:45:00,0.26348275,0.38299474,14.2,14.6
2026-04-13 20:50:00,0.26363791,0.38322748,14.2,14.6
2026-04-13 20:55:00,0.26352154,0.38299474,14.16,14.56
2026-04-13 21:00:00,0.26352154,0.38326627,14.1,14.5
2026-04-13 21:05:00,0.26352154,0.38334385,14.1,14.5
2026-04-13 21:10:00,0.26352154,0.38291716,14.1,14.5
2026-04-13 21:15:00,0.26356033,0.38303353,14.1,14.5
2026-04-13 21:20:00,0.26356033,0.38311111,14.1,14.5
2026-04-13 21:25:00,0.26363791,0.38326627,14.1,14.5
2026-04-13 21:30:00,0.26363791,0.3831499,14.1,14.48
2026-04-13 21:35:00,0.26356033,0.38326627,14.1,14.4
2026-04-13 21:40:00,0.26356033,0.3831499,14.1,14.4
2026-04-13 21:45:00,0.26344396,0.38318869,14.1,14.4
2026-04-13 21:50:00,0.26344396,0.38307232,14.1,14.4
2026-04-13 21:55:00,0.26352154,0.3831499,14.1,14.4
2026-04-13 22:00:00,0.26359912,0.38338264,14.1,14.4
2026-04-13 22:05:00,0.26340517,0.38307232,14.18,14.4
2026-04-13 22:10:00,0.26332759,0.38311111,14.2,14.4
2026-04-13 22:15:00,0.26344396,0.38318869,14.2,14.32
2026-04-13 22:20:00,0.26332759,0.38299474,14.2,14.3
2026-04-13 22:25:00,0.26348275,0.38303353,14.28,14.3
2026-04-13 22:30:00,0.26332759,0.38326627,14.3,14.3
2026-04-13 22:35:00,0.26336638,0.38307232,14.3,14.3
2026-04-13 22:40:00,0.26344396,0.38303353,14.38,14.3
2026-04-13 22:45:00,0.2632888,0.38303353,14.4,14.3
2026-04-13 22:50:00,0.2632888,0.38299474,14.46,14.3
2026-04-13 22:55:00,0.2632888,0.38311111,14.5,14.3
2026-04-13 23:00:00,0.26325001,0.38311111,14.52,14.3
2026-04-13 23:05:00,0.26313364,0.38346022,14.6,14.3
2026-04-13 23:10:00,0.26309485,0.38295595,14.68,14.3
2026-04-13 23:15:00,0.26321122,0.38291716,14.74,14.3
2026-04-13 23:20:00,0.26309485,0.38299474,14.8,14.3
2026-04-13 23:25:00,0.26305606,0.38303353,14.86,14.3
2026-04-13 23:30:00,0.26301727,0.38287837,14.9,14.32
2026-04-13 23:35:00,0.26309485,0.38303353,14.94,14.4
2026-04-13 23:40:00,0.26313364,0.38291716,15.0,14.4
2026-04-13 23:45:00,0.26297848,0.38307232,15.0,14.4
2026-04-13 23:50:00,0.2629009,0.38283958,15.0,14.4
2026-04-13 23:55:00,0.2629009,0.38287837,15.0,14.4
2026-04-14 00:00:00,0.26293969,0.38291716,15.04,14.4
2026-04-14 00:05:00,0.26286211,0.38334385,15.1,14.42
2026-04-14 00:10:00,0.26282332,0.38283958,15.1,14.5
2026-04-14 00:15:00,0.26278453,0.38287837,15.14,14.5
2026-04-14 00:20:00,0.26286211,0.38295595,15.2,14.5
2026-04-14 00:25:00,0.26274574,0.38287837,15.2,14.5
2026-04-14 00:30:00,0.26278453,0.38283958,15.26,14.5
2026-04-14 00:35:00,0.26286211,0.38291716,15.3,14.5
2026-04-14 00:40:00,0.26270695,0.38287837,15.36,14.52
2026-04-14 00:45:00,0.26266816,0.38280079,15.42,14.6
2026-04-14 00:50:00,0.26262937,0.38291716,15.5,14.6
2026-04-14 00:55:00,0.26262937,0.38272321,15.58,14.6
2026-04-14 01:00:00,0.26255179,0.382762,15.64,14.6
2026-04-14 01:05:00,0.262513,0.38264563,15.7,14.6
2026-04-14 01:10:00,0.26247421,0.382762,15.8,14.66
2026-04-14 01:15:00,0.26235784,0.38280079,15.88,14.7
2026-04-14 01:20:00,0.26235784,0.38260684,15.96,14.7
2026-04-14 01:25:00,0.26239663,0.38268442,16.0,14.7
2026-04-14 01:30:00,0.26231905,0.38252926,16.08,14.72
2026-04-14 01:35:00,0.26224147,0.382762,16.1,14.8
2026-04-14 01:40:00,0.26231905,0.38252926,16.16,14.8
2026-04-14 01:45:00,0.26224147,0.38260684,16.2,14.8
2026-04-14 01:50:00,0.26204752,0.38252926,16.28,14.84
2026-04-14 01:55:00,0.26216389,0.38249047,16.34,14.9
2026-04-14 02:00:00,0.26224147,0.38249047,16.4,14.9
2026-04-14 02:05:00,0.2621251,0.38245168,16.5,14.9
2026-04-14 02:10:00,0.2621251,0.38249047,16.54,14.98
2026-04-14 02:15:00,0.26228026,0.38245168,16.6,15.0
2026-04-14 02:20:00,0.26216389,0.3823741,16.68,15.0
2026-04-14 02:25:00,0.26220268,0.38229652,16.72,15.06
2026-04-14 02:30:00,0.26200873,0.38241289,16.8,15.1
2026-04-14 02:35:00,0.26231905,0.38218015,16.88,15.1
2026-04-14 02:40:00,0.2621251,0.38229652,16.94,15.14
2026-04-14 02:45:00,0.2621251,0.38225773,17.0,15.2
2026-04-14 02:50:00,0.26220268,0.38225773,17.06,15.2
2026-04-14 02:55:00,0.26220268,0.38214136,17.1,15.22
2026-04-14 03:00:00,0.26208631,0.38218015,17.1,15.3
2026-04-14 03:05:00,0.26208631,0.38210257,17.1,15.3
2026-04-14 03:10:00,0.26204752,0.38218015,17.1,15.32
2026-04-14 03:15:00,0.26193115,0.38221894,17.1,15.4
2026-04-14 03:20:00,0.26196994,0.38206378,17.1,15.4
2026-04-14 03:25:00,0.26193115,0.38206378,17.2,15.42
2026-04-14 03:30:00,0.26181478,0.38194741,17.2,15.5
2026-04-14 03:35:00,0.26200873,0.3819862,17.2,15.5
2026-04-14 03:40:00,0.26177599,0.3819862,17.22,15.5
2026-04-14 03:45:00,0.26185357,0.38194741,17.3,15.56
2026-04-14 03:50:00,0.26177599,0.38183104,17.32,15.6
2026-04-14 03:55:00,0.26169841,0.38186983,17.4,15.6
2026-04-14 04:00:00,0.26169841,0.38183104,17.4,15.6
2026-04-14 04:05:00,0.26165962,0.38190862,17.5,15.7
2026-04-14 04:10:00,0.26162083,0.38183104,17.52,15.7
2026-04-14 04:15:00,0.26158204,0.38175346,17.6,15.7
2026-04-14 04:20:00,0.26150446,0.38179225,17.66,15.74
2026-04-14 04:25:00,0.26150446,0.38167588,17.74,15.8
2026-04-14 04:30:00,0.26131051,0.38167588,17.82,15.8
2026-04-14 04:35:00,0.26131051,0.38163709,17.9,15.82
2026-04-14 04:40:00,0.26131051,0.38155951,17.94,15.9
2026-04-14 04:45:00,0.26127172,0.38163709,18.0,15.9
2026-04-14 04:50:00,0.26123293,0.38140435,18.0,15.92
2026-04-14 04:55:00,0.26123293,0.38152072,18.0,16.0
2026-04-14 05:00:00,0.26107777,0.38148193,18.0,16.0
2026-04-14 05:05:00,0.26111656,0.38136556,18.0,16.04
2026-04-14 05:10:00,0.2609614,0.38144314,18.0,16.1
2026-04-14 05:15:00,0.26088382,0.38140435,17.9,16.1
2026-04-14 05:20:00,0.26092261,0.38128798,17.9,16.12
2026-04-14 05:25:00,0.26088382,0.38128798,17.9,16.2
2026-04-14 05:30:00,0.26088382,0.3812104,17.86,16.2
2026-04-14 05:35:00,0.26076745,0.38117161,17.8,16.2
2026-04-14 05:40:00,0.26068987,0.38128798,17.8,16.22
2026-04-14 05:45:00,0.26076745,0.38117161,17.8,16.3
2026-04-14 05:50:00,0.26053471,0.38105524,17.8,16.3
2026-04-14 05:55:00,0.26049592,0.38109403,17.8,16.3
2026-04-14 06:00:00,0.26049592,0.3812104,17.8,16.3
2026-04-14 06:05:00,0.26041834,0.38109403,17.8,16.3
2026-04-14 06:10:00,0.26037955,0.38117161,17.8,16.3
2026-04-14 06:15:00,0.26034076,0.38105524,17.8,16.38
2026-04-14 06:20:00,0.26030197,0.38105524,17.8,16.4
2026-04-14 06:25:00,0.26034076,0.38101645,17.86,16.4
2026-04-14 06:30:00,0.2601856,0.38097766,17.9,16.4
2026-04-14 06:35:00,0.26010802,0.38093887,17.9,16.4
2026-04-14 06:40:00,0.26010802,0.38101645,17.9,16.4
2026-04-14 06:45:00,0.25999165,0.38090008,17.9,16.4
2026-04-14 06:50:00,0.25987528,0.38093887,17.9,16.4
2026-04-14 06:55:00,0.25991407,0.38086129,17.9,16.4
2026-04-14 07:00:00,0.25983649,0.3808225,17.9,16.42
2026-04-14 07:05:00,0.25972012,0.38078371,17.9,16.5
2026-04-14 07:10:00,0.25975891,0.38070613,17.88,16.5
2026-04-14 07:15:00,0.25975891,0.38070613,17.8,16.5
2026-04-14 07:20:00,0.2597977,0.3808225,17.8,16.5
2026-04-14 07:25:00,0.25972012,0.38074492,17.8,16.5
2026-04-14 07:30:00,0.25960375,0.38062855,17.8,16.5
2026-04-14 07:35:00,0.25964254,0.38062855,17.8,16.5
2026-04-14 07:40:00,0.25968133,0.38078371,17.8,16.5
2026-04-14 07:45:00,0.25948738,0.38058976,17.8,16.5
2026-04-14 07:50:00,0.25944859,0.38062855,17.86,16.5
2026-04-14 07:55:00,0.2594098,0.38055097,17.9,16.5
2026-04-14 08:00:00,0.2594098,0.38058976,17.9,16.5
2026-04-14 08:05:00,0.25925464,0.38051218,17.9,16.5
2026-04-14 08:10:00,0.25933222,0.38055097,17.9,16.5
2026-04-14 08:15:00,0.25917706,0.38047339,17.9,16.5
2026-04-14 08:20:00,0.25917706,0.38039581,17.9,16.5
2026-04-14 08:25:00,0.25917706,0.38047339,17.9,16.5
2026-04-14 08:30:00,0.25906069,0.38039581,17.9,16.52
2026-04-14 08:35:00,0.25906069,0.38035702,17.9,16.6
2026-04-14 08:40:00,0.25898311,0.38039581,17.9,16.6
2026-04-14 08:45:00,0.25906069,0.38047339,17.9,16.6
2026-04-14 08:50:00,0.25894432,0.38039581,17.9,16.6
2026-04-14 08:55:00,0.2590219,0.38024065,17.9,16.6
2026-04-14 09:00:00,0.25894432,0.38031823,17.9,16.6
2026-04-14 09:05:00,0.25882795,0.38024065,17.86,16.6
2026-04-14 09:10:00,0.25886674,0.38031823,17.8,16.6
2026-04-14 09:15:00,0.25886674,0.38016307,17.8,16.6
2026-04-14 09:20:00,0.25882795,0.38020186,17.7,16.6
2026-04-14 09:25:00,0.25875037,0.38016307,17.7,16.6
2026-04-14 09:30:00,0.25882795,0.38020186,17.6,16.6
2026-04-14 09:35:00,0.25886674,0.3800467,17.56,16.6
2026-04-14 09:40:00,0.25875037,0.38008549,17.5,16.6
2026-04-14 09:45:00,0.25886674,0.38016307,17.4,16.6
2026-04-14 09:50:00,0.25871158,0.3800467,17.36,16.6
2026-04-14 09:55:00,0.25878916,0.3800467,17.3,16.6
2026-04-14 10:00:00,0.25875037,0.3800467,17.22,16.6
2026-04-14 10:05:00,0.25851763,0.38000791,17.2,16.6
2026-04-14 10:10:00,0.258634,0.38020186,17.1,16.6
2026-04-14 10:15:00,0.25855642,0.38000791,17.08,16.6
2026-04-14 10:20:00,0.25867279,0.37996912,17.0,16.5
2026-04-14 10:25:00,0.25859521,0.37993033,16.94,16.5
2026-04-14 10:30:00,0.25840126,0.3800467,16.9,16.5
2026-04-14 10:35:00,0.25832368,0.38000791,16.8,16.5
2026-04-14 10:40:00,0.25828489,0.37996912,16.76,16.5
2026-04-14 10:45:00,0.25828489,0.37996912,16.7,16.5
2026-04-14 10:50:00,0.25851763,0.38000791,16.64,16.4
2026-04-14 10:55:00,0.25828489,0.38000791,16.6,16.4
2026-04-14 11:00:00,0.2582461,0.38000791,16.54,16.4
2026-04-14 11:05:00,0.25828489,0.37985275,16.5,16.4
2026-04-14 11:10:00,0.25812973,0.37996912,16.46,16.38
2026-04-14 11:15:00,0.2582461,0.37996912,16.4,16.3
2026-04-14 11:20:00,0.25816852,0.37993033,16.4,16.3
2026-04-14 11:25:00,0.25809094,0.37993033,16.3,16.3
2026-04-14 11:30:00,0.25828489,0.37993033,16.3,16.3
2026-04-14 11:35:00,0.25812973,0.37989154,16.24,16.22
2026-04-14 11:40:00,0.25809094,0.37996912,16.2,16.2
2026-04-14 11:45:00,0.25809094,0.37989154,16.16,16.2
2026-04-14 11:50:00,0.25809094,0.3800467,16.1,16.2
2026-04-14 11:55:00,0.25809094,0.38016307,16.08,16.12
2026-04-14 12:00:00,0.25816852,0.37996912,16.0,16.1
2026-04-14 12:05:00,0.25812973,0.37989154,15.98,16.1
2026-04-14 12:10:00,0.25809094,0.37993033,15.9,16.1
2026-04-14 12:15:00,0.25809094,0.37985275,15.9,16.04
2026-04-14 12:20:00,0.25812973,0.37989154,15.8,16.0
2026-04-14 12:25:00,0.25809094,0.37996912,15.8,16.0
2026-04-14 12:30:00,0.25805215,0.37993033,15.72,16.0
2026-04-14 12:35:00,0.25797457,0.37996912,15.7,15.94
2026-04-14 12:40:00,0.25801336,0.37993033,15.64,15.9
2026-04-14 12:45:00,0.25809094,0.37993033,15.6,15.9
2026-04-14 12:50:00,0.25812973,0.38008549,15.58,15.9
2026-04-14 12:55:00,0.25805215,0.37985275,15.5,15.84
2026-04-14 13:00:00,0.25801336,0.37989154,15.46,15.8
2026-04-14 13:05:00,0.25805215,0.37981396,15.4,15.8
2026-04-14 13:10:00,0.25812973,0.38000791,15.34,15.8
2026-04-14 13:15:00,0.25816852,0.38000791,15.3,15.72
2026-04-14 13:20:00,0.25820731,0.37996912,15.2,15.7
2026-04-14 13:25:00,0.25812973,0.37993033,15.2,15.7
2026-04-14 13:30:00,0.2582461,0.38000791,15.12,15.7
2026-04-14 13:35:00,0.25816852,0.37993033,15.08,15.6
2026-04-14 13:40:00,0.25832368,0.38000791,15.0,15.6
2026-04-14 13:45:00,0.25836247,0.38000791,14.96,15.6
2026-04-14 13:50:00,0.25828489,0.37996912,14.9,15.54
2026-04-14 13:55:00,0.25832368,0.37996912,14.86,15.5
2026-04-14 14:00:00,0.25820731,0.37989154,14.8,15.5
2026-04-14 14:05:00,0.25836247,0.38000791,14.76,15.48
2026-04-14 14:10:00,0.25832368,0.37996912,14.7,15.4
2026-04-14 14:15:00,0.25836247,0.37985275,14.66,15.4
2026-04-14 14:20:00,0.25836247,0.37989154,14.6,15.38
2026-04-14 14:25:00,0.25840126,0.37985275,14.56,15.3
2026-04-14 14:30:00,0.25832368,0.37989154,14.5,15.3
2026-04-14 14:35:00,0.25836247,0.37996912,14.44,15.3
2026-04-14 14:40:00,0.25844005,0.37985275,14.4,15.22
2026-04-14 14:45:00,0.25851763,0.37996912,14.34,15.2
2026-04-14 14:50:00,0.25851763,0.37985275,14.3,15.2
2026-04-14 14:55:00,0.25851763,0.37993033,14.22,15.14
2026-04-14 15:00:00,0.25844005,0.37981396,14.2,15.1
2026-04-14 15:05:00,0.25844005,0.37981396,14.14,15.1
2026-04-14 15:10:00,0.25851763,0.37993033,14.1,15.06
2026-04-14 15:15:00,0.25847884,0.3800467,14.06,15.0
2026-04-14 15:20:00,0.258634,0.37985275,14.0,15.0
2026-04-14 15:25:00,0.25851763,0.37993033,13.98,14.96
2026-04-14 15:30:00,0.25851763,0.37993033,13.9,14.9
2026-04-14 15:35:00,0.25867279,0.37989154,13.9,14.9
2026-04-14 15:40:00,0.25867279,0.37993033,13.8,14.86
2026-04-14 15:45:00,0.258634,0.38024065,13.8,14.8
2026-04-14 15:50:00,0.25871158,0.38012428,13.74,14.8
2026-04-14 15:55:00,0.25875037,0.38012428,13.7,14.78
2026-04-14 16:00:00,0.25878916,0.37996912,13.7,14.7
2026-04-14 16:05:00,0.25894432,0.3800467,13.6,14.7
2026-04-14 16:10:00,0.25878916,0.38020186,13.6,14.68
2026-04-14 16:15:00,0.25890553,0.38000791,13.52,14.6
2026-04-14 16:20:00,0.25886674,0.38039581,13.5,14.6
2026-04-14 16:25:00,0.25894432,0.3800467,13.48,14.58
2026-04-14 16:30:00,0.25886674,0.38024065,13.4,14.5
2026-04-14 16:35:00,0.25898311,0.38008549,13.4,14.5
2026-04-14 16:40:00,0.25890553,0.38031823,13.34,14.48
2026-04-14 16:45:00,0.25906069,0.38020186,13.3,14.4
2026-04-14 16:50:00,0.25909948,0.38012428,13.28,14.4
2026-04-14 16:55:00,0.25906069,0.38012428,13.2,14.38
2026-04-14 17:00:00,0.25909948,0.38024065,13.2,14.3
2026-04-14 17:05:00,0.25909948,0.38062855,13.14,14.3
2026-04-14 17:10:00,0.25913827,0.38016307,13.1,14.3
2026-04-14 17:15:00,0.25913827,0.38035702,13.1,14.2
2026-04-14 17:20:00,0.25925464,0.38024065,13.0,14.2
2026-04-14 17:25:00,0.25921585,0.38016307,13.0,14.2
2026-04-14 17:30:00,0.25921585,0.3804346,12.98,14.14
2026-04-14 17:35:00,0.25929343,0.38055097,12.9,14.1
2026-04-14 17:40:00,0.25933222,0.3804346,12.9,14.1
2026-04-14 17:45:00,0.25937101,0.3804346,12.88,14.08
2026-04-14 17:50:00,0.2594098,0.38066734,12.8,14.0
2026-04-14 17:55:00,0.25948738,0.38027944,12.8,14.0
2026-04-14 18:00:00,0.25937101,0.38039581,12.8,14.0
2026-04-14 18:05:00,0.2594098,0.38047339,12.7,13.9
2026-04-14 18:10:00,0.25952617,0.3804346,12.7,13.9
2026-04-14 18:15:00,0.2594098,0.38047339,12.7,13.9
2026-04-14 18:20:00,0.25948738,0.38070613,12.66,13.86
2026-04-14 18:25:00,0.25952617,0.38035702,12.6,13.8
2026-04-14 18:30:00,0.2594098,0.38062855,12.6,13.8
2026-04-14 18:35:00,0.25952617,0.38055097,12.6,13.8
2026-04-14 18:40:00,0.25944859,0.38039581,12.5,13.72
2026-04-14 18:45:00,0.2594098,0.38074492,12.5,13.7
2026-04-14 18:50:00,0.2594098,0.38051218,12.5,13.7
2026-04-14 18:55:00,0.25944859,0.38055097,12.4,13.68
2026-04-14 19:00:00,0.25956496,0.38062855,12.4,13.6
2026-04-14 19:05:00,0.25960375,0.38066734,12.4,13.6
2026-04-14 19:10:00,0.25948738,0.38039581,12.32,13.6
2026-04-14 19:15:00,0.25960375,0.38074492,12.3,13.54
2026-04-14 19:20:00,0.25972012,0.3804346,12.3,13.5
2026-04-14 19:25:00,0.25975891,0.38055097,12.24,13.5
2026-04-14 19:30:00,0.25968133,0.38086129,12.2,13.5
2026-04-14 19:35:00,0.25960375,0.38070613,12.2,13.42
2026-04-14 19:40:00,0.25964254,0.38062855,12.2,13.4
2026-04-14 19:45:00,0.2597977,0.38074492,12.14,13.4
2026-04-14 19:50:00,0.25964254,0.38062855,12.1,13.38
2026-04-14 19:55:00,0.2597977,0.38078371,12.1,13.3
2026-04-14 20:00:00,0.25960375,0.3808225,12.1,13.3
2026-04-14 20:05:00,0.25964254,0.38062855,12.1,13.3
2026-04-14 20:10:00,0.25975891,0.38074492,12.1,13.24
2026-04-14 20:15:00,0.25968133,0.38086129,12.1,13.2
2026-04-14 20:20:00,0.25972012,0.38093887,12.1,13.2
2026-04-14 20:25:00,0.25975891,0.38101645,12.1,13.2
2026-04-14 20:30:00,0.25983649,0.38070613,12.1,13.16
2026-04-14 20:35:00,0.25968133,0.38101645,12.1,13.1
2026-04-14 20:40:00,0.2597977,0.38074492,12.04,13.1
2026-04-14 20:45:00,0.25972012,0.38078371,12.0,13.1
2026-04-14 20:50:00,0.2597977,0.38090008,12.0,13.1
2026-04-14 20:55:00,0.2597977,0.38078371,12.0,13.02
2026-04-14 21:00:00,0.25975891,0.3808225,12.0,13.0
2026-04-14 21:05:00,0.25968133,0.38101645,12.0,13.0
2026-04-14 21:10:00,0.2597977,0.38097766,12.0,13.0
2026-04-14 21:15:00,0.2597977,0.38070613,12.0,13.0
2026-04-14 21:20:00,0.25975891,0.38086129,12.0,13.0
2026-04-14 21:25:00,0.2597977,0.38058976,12.0,12.92
2026-04-14 21:30:00,0.25983649,0.38074492,12.0,12.9
2026-04-14 21:35:00,0.2597977,0.38086129,12.0,12.9
2026-04-14 21:40:00,0.25975891,0.38074492,12.0,12.9
2026-04-14 21:45:00,0.25983649,0.3808225,12.0,12.9
2026-04-14 21:50:00,0.2597977,0.38101645,12.0,12.9
2026-04-14 21:55:00,0.25987528,0.38086129,12.0,12.86
2026-04-14 22:00:00,0.25972012,0.38090008,12.0,12.8
2026-04-14 22:05:00,0.25983649,0.38090008,12.0,12.8
2026-04-14 22:10:00,0.25987528,0.38086129,12.0,12.8
2026-04-14 22:15:00,0.25975891,0.38090008,12.0,12.8
2026-04-14 22:20:00,0.25983649,0.38101645,12.0,12.8
2026-04-14 22:25:00,0.25987528,0.38105524,12.08,12.8
2026-04-14 22:30:00,0.25972012,0.38078371,12.1,12.8
2026-04-14 22:35:00,0.25972012,0.38090008,12.18,12.7
2026-04-14 22:40:00,0.25964254,0.38086129,12.2,12.7
2026-04-14 22:45:00,0.25960375,0.38078371,12.3,12.7
2026-04-14 22:50:00,0.25964254,0.38093887,12.42,12.7
2026-04-14 22:55:00,0.25956496,0.38097766,12.56,12.7
2026-04-14 23:00:00,0.25952617,0.38113282,12.7,12.7
2026-04-14 23:05:00,0.25913827,0.38101645,12.88,12.7
2026-04-14 23:10:00,0.25909948,0.38105524,13.1,12.7
2026-04-14 23:15:00,0.25890553,0.38070613,13.32,12.7
2026-04-14 23:20:00,0.25875037,0.38105524,13.58,12.7
2026-04-14 23:25:00,0.25851763,0.38090008,13.82,12.7
2026-04-14 23:30:00,0.25840126,0.38093887,14.08,12.78
2026-04-14 23:35:00,0.25832368,0.38090008,14.32,12.8
2026-04-14 23:40:00,0.25820731,0.3808225,14.58,12.8
2026-04-14 23:45:00,0.25809094,0.38097766,14.88,12.82
2026-04-14 23:50:00,0.25789699,0.3808225,15.12,12.9
2026-04-14 23:55:00,0.25770304,0.38066734,15.38,12.9
2026-04-15 00:00:00,0.25770304,0.38062855,15.62,12.98
2026-04-15 00:05:00,0.25750909,0.38058976,15.84,13.0
2026-04-15 00:10:00,0.2574703,0.38062855,16.04,13.08
2026-04-15 00:15:00,0.25743151,0.38074492,16.2,13.12
2026-04-15 00:20:00,0.25715998,0.38062855,16.4,13.2
2026-04-15 00:25:00,0.25754788,0.38066734,16.58,13.26
2026-04-15 00:30:00,0.25754788,0.3808225,16.78,13.32
2026-04-15 00:35:00,0.25731514,0.38070613,17.0,13.4
2026-04-15 00:40:00,0.25719877,0.38035702,17.22,13.48
2026-04-15 00:45:00,0.25727635,0.38031823,17.44,13.54
2026-04-15 00:50:00,0.25704361,0.38031823,17.68,13.62
2026-04-15 00:55:00,0.25696603,0.38024065,17.9,13.7
2026-04-15 01:00:00,0.25681087,0.3800467,18.12,13.78
2026-04-15 01:05:00,0.25653934,0.38020186,18.34,13.86
2026-04-15 01:10:00,0.25650055,0.38012428,18.54,13.94
2026-04-15 01:15:00,0.25642297,0.38016307,18.78,14.02
2026-04-15 01:20:00,0.25622902,0.37977517,19.0,14.1
2026-04-15 01:25:00,0.25603507,0.37993033,19.2,14.2
2026-04-15 01:30:00,0.25607386,0.37989154,19.42,14.28
2026-04-15 01:35:00,0.25580233,0.37973638,19.62,14.36
2026-04-15 01:40:00,0.25580233,0.37950364,19.8,14.46
2026-04-15 01:45:00,0.25525927,0.37950364,20.0,14.56
2026-04-15 01:50:00,0.25491016,0.37950364,20.2,14.66
2026-04-15 01:55:00,0.25463863,0.37946485,20.36,14.74
2026-04-15 02:00:00,0.25448347,0.37923211,20.54,14.84
2026-04-15 02:05:00,0.25432831,0.3792709,20.74,14.94
2026-04-15 02:10:00,0.25413436,0.37899937,20.86,15.04
2026-04-15 02:15:00,0.25405678,0.37892179,21.04,15.14
2026-04-15 02:20:00,0.25401799,0.37899937,21.18,15.22
2026-04-15 02:25:00,0.25390162,0.37872784,21.28,15.32
2026-04-15 02:30:00,0.25378525,0.37868905,21.4,15.42
2026-04-15 02:35:00,0.2535913,0.37857268,21.44,15.5
2026-04-15 02:40:00,0.25370767,0.37845631,21.5,15.6
2026-04-15 02:45:00,0.25347493,0.37853389,21.4,15.7
2026-04-15 02:50:00,0.25347493,0.37841752,21.34,15.8
2026-04-15 02:55:00,0.25339735,0.37826236,21.24,15.92
2026-04-15 03:00:00,0.25328098,0.37818478,21.14,16.02
2026-04-15 03:05:00,0.25308703,0.37806841,21.04,16.12
2026-04-15 03:10:00,0.25304824,0.37802962,20.96,16.22
2026-04-15 03:15:00,0.25304824,0.37799083,20.9,16.32
2026-04-15 03:20:00,0.25293187,0.37779688,20.9,16.42
2026-04-15 03:25:00,0.25277671,0.37775809,20.98,16.5
2026-04-15 03:30:00,0.25266034,0.37783567,21.08,16.6
2026-04-15 03:35:00,0.25250518,0.37756414,21.24,16.7
2026-04-15 03:40:00,0.25231123,0.37748656,21.36,16.8
2026-04-15 03:45:00,0.25223365,0.37752535,21.48,16.88
2026-04-15 03:50:00,0.25215607,0.3773314,21.58,16.98
2026-04-15 03:55:00,0.25200091,0.37725382,21.66,17.06
2026-04-15 04:00:00,0.25176817,0.37713745,21.7,17.16
2026-04-15 04:05:00,0.25172938,0.37702108,21.78,17.24
2026-04-15 04:10:00,0.2516518,0.37698229,21.8,17.32
2026-04-15 04:15:00,0.25145785,0.37705987,21.8,17.4
2026-04-15 04:20:00,0.25130269,0.37690471,21.88,17.48
2026-04-15 04:25:00,0.25118632,0.37678834,21.9,17.56
2026-04-15 04:30:00,0.2512639,0.37674955,21.92,17.62
2026-04-15 04:35:00,0.25114753,0.37659439,22.0,17.7
2026-04-15 04:40:00,0.25106995,0.37659439,22.0,17.8
2026-04-15 04:45:00,0.250876,0.37651681,22.0,17.84
2026-04-15 04:50:00,0.25068205,0.37671076,22.0,17.9
2026-04-15 04:55:00,0.25064326,0.37647802,22.0,17.98
2026-04-15 05:00:00,0.25064326,0.37628407,22.0,18.0
2026-04-15 05:05:00,0.25052689,0.37628407,22.0,18.1
2026-04-15 05:10:00,0.25029415,0.37620649,21.94,18.12
2026-04-15 05:15:00,0.25033294,0.3761677,21.9,18.2
2026-04-15 05:20:00,0.25025536,0.37612891,21.9,18.2
2026-04-15 05:25:00,0.2501002,0.37601254,21.9,18.3
2026-04-15 05:30:00,0.24986746,0.37601254,21.9,18.3
2026-04-15 05:35:00,0.24963472,0.37601254,21.88,18.34
2026-04-15 05:40:00,0.24955714,0.37585738,21.8,18.4
2026-04-15 05:45:00,0.24944077,0.37585738,21.8,18.4
2026-04-15 05:50:00,0.24940198,0.37570222,21.8,18.48
2026-04-15 05:55:00,0.2493244,0.37570222,21.74,18.5
2026-04-15 06:00:00,0.24901408,0.37562464,21.7,18.5
2026-04-15 06:05:00,0.24897529,0.37554706,21.66,18.6
2026-04-15 06:10:00,0.24889771,0.37558585,21.6,18.6
2026-04-15 06:15:00,0.24885892,0.37543069,21.54,18.6
2026-04-15 06:20:00,0.24870376,0.37531432,21.5,18.62
2026-04-15 06:25:00,0.24858739,0.37531432,21.46,18.7
2026-04-15 06:30:00,0.24862618,0.37543069,21.4,18.7
2026-04-15 06:35:00,0.24847102,0.37515916,21.36,18.7
2026-04-15 06:40:00,0.24847102,0.37519795,21.3,18.7
2026-04-15 06:45:00,0.24823828,0.37512037,21.24,18.72
2026-04-15 06:50:00,0.24819949,0.37504279,21.2,18.8
2026-04-15 06:55:00,0.24819949,0.37496521,21.1,18.8
2026-04-15 07:00:00,0.24804433,0.375004,21.06,18.8
2026-04-15 07:05:00,0.24796675,0.37484884,20.98,18.8
2026-04-15 07:10:00,0.24785038,0.37481005,20.9,18.8
2026-04-15 07:15:00,0.24788917,0.37477126,20.8,18.8
2026-04-15 07:20:00,0.24785038,0.37469368,20.72,18.84
2026-04-15 07:25:00,0.24765643,0.37465489,20.62,18.88
2026-04-15 07:30:00,0.24761764,0.37446094,20.54,18.9
2026-04-15 07:35:00,0.2477728,0.37453852,20.44,18.9
2026-04-15 07:40:00,0.24769522,0.37438336,20.36,18.9
2026-04-15 07:45:00,0.24765643,0.37446094,20.26,18.9
2026-04-15 07:50:00,0.24796675,0.37434457,20.16,18.9
2026-04-15 07:55:00,0.24785038,0.37442215,20.04,18.9
2026-04-15 08:00:00,0.24800554,0.37418941,19.94,18.82
2026-04-15 08:05:00,0.24796675,0.37407304,19.82,18.8
2026-04-15 08:10:00,0.24781159,0.37415062,19.72,18.8
2026-04-15 08:15:00,0.24769522,0.3742282,19.6,18.8
2026-04-15 08:20:00,0.24765643,0.37403425,19.5,18.8
2026-04-15 08:25:00,0.24742369,0.37403425,19.38,18.8
2026-04-15 08:30:00,0.24754006,0.37395667,19.28,18.8
2026-04-15 08:35:00,0.24761764,0.37391788,19.16,18.7
2026-04-15 08:40:00,0.24761764,0.37380151,19.06,18.7
2026-04-15 08:45:00,0.24769522,0.37387909,18.96,18.7
2026-04-15 08:50:00,0.24773401,0.3738403,18.86,18.7
2026-04-15 08:55:00,0.24761764,0.37360756,18.74,18.62
2026-04-15 09:00:00,0.24750127,0.37356877,18.62,18.6
2026-04-15 09:05:00,0.24750127,0.37352998,18.52,18.6
2026-04-15 09:10:00,0.24750127,0.37352998,18.44,18.54
2026-04-15 09:15:00,0.24761764,0.37337482,18.34,18.5
2026-04-15 09:20:00,0.24742369,0.3734524,18.24,18.5
2026-04-15 09:25:00,0.24754006,0.37349119,18.14,18.42
2026-04-15 09:30:00,0.24742369,0.37329724,18.04,18.4
2026-04-15 09:35:00,0.24754006,0.37333603,17.94,18.36
2026-04-15 09:40:00,0.24754006,0.37333603,17.84,18.3
2026-04-15 09:45:00,0.24734611,0.37325845,17.74,18.28
2026-04-15 09:50:00,0.24750127,0.37321966,17.64,18.2
2026-04-15 09:55:00,0.24750127,0.37314208,17.54,18.18
2026-04-15 10:00:00,0.24754006,0.37314208,17.44,18.1
2026-04-15 10:05:00,0.24750127,0.37318087,17.34,18.08
2026-04-15 10:10:00,0.24754006,0.37321966,17.24,18.0
2026-04-15 10:15:00,0.24722974,0.37321966,17.16,17.98
2026-04-15 10:20:00,0.24726853,0.37302571,17.06,17.9
2026-04-15 10:25:00,0.24726853,0.3730645,16.96,17.86
2026-04-15 10:30:00,0.24722974,0.37298692,16.86,17.8
2026-04-15 10:35:00,0.24715216,0.3730645,16.76,17.72
2026-04-15 10:40:00,0.24711337,0.37298692,16.68,17.7
2026-04-15 10:45:00,0.24691942,0.37302571,16.58,17.6
2026-04-15 10:50:00,0.24707458,0.37290934,16.5,17.58
2026-04-15 10:55:00,0.246997,0.37290934,16.4,17.5
2026-04-15 11:00:00,0.246997,0.37290934,16.32,17.44
2026-04-15 11:05:00,0.24703579,0.37287055,16.24,17.4
2026-04-15 11:10:00,0.246997,0.37287055,16.16,17.3
2026-04-15 11:15:00,0.24695821,0.37287055,16.08,17.28
2026-04-15 11:20:00,0.24703579,0.37290934,15.98,17.2
2026-04-15 11:25:00,0.246997,0.37287055,15.9,17.16
2026-04-15 11:30:00,0.24711337,0.37275418,15.82,17.1
2026-04-15 11:35:00,0.24719095,0.37283176,15.74,17.02
2026-04-15 11:40:00,0.24715216,0.37283176,15.68,17.0
2026-04-15 11:45:00,0.24707458,0.37294813,15.6,16.9
2026-04-15 11:50:00,0.24730732,0.3726766,15.52,16.88
2026-04-15 11:55:00,0.24726853,0.37271539,15.46,16.8
2026-04-15 12:00:00,0.24722974,0.3726766,15.38,16.76
2026-04-15 12:05:00,0.24730732,0.37271539,15.3,16.7
2026-04-15 12:10:00,0.24719095,0.3726766,15.24,16.64
2026-04-15 12:15:00,0.24730732,0.37275418,15.2,16.6
2026-04-15 12:20:00,0.24734611,0.37271539,15.1,16.52
2026-04-15 12:25:00,0.24734611,0.37275418,15.06,16.5
2026-04-15 12:30:00,0.24730732,0.3726766,15.0,16.42
2026-04-15 12:35:00,0.24730732,0.37263781,14.92,16.4
2026-04-15 12:40:00,0.2473849,0.37256023,14.88,16.3
2026-04-15 12:45:00,0.24726853,0.3726766,14.8,16.3
2026-04-15 12:50:00,0.2473849,0.37263781,14.76,16.2
2026-04-15 12:55:00,0.24726853,0.37256023,14.7,16.2
2026-04-15 13:00:00,0.24746248,0.37256023,14.62,16.1
2026-04-15 13:05:00,0.2473849,0.37259902,14.6,16.08
2026-04-15 13:10:00,0.24746248,0.37252144,14.52,16.0
2026-04-15 13:15:00,0.24742369,0.37263781,14.5,15.98
2026-04-15 13:20:00,0.24750127,0.3726766,14.4,15.9
2026-04-15 13:25:00,0.24746248,0.37256023,14.4,15.86
2026-04-15 13:30:00,0.24746248,0.37259902,14.3,15.8
2026-04-15 13:35:00,0.24757885,0.37256023,14.3,15.78
2026-04-15 13:40:00,0.24757885,0.37256023,14.22,15.7
2026-04-15 13:45:00,0.24754006,0.37259902,14.2,15.7
2026-04-15 13:50:00,0.24754006,0.37259902,14.14,15.6
2026-04-15 13:55:00,0.24757885,0.37263781,14.1,15.6
2026-04-15 14:00:00,0.24761764,0.37252144,14.08,15.52
2026-04-15 14:05:00,0.24761764,0.37256023,14.0,15.5
2026-04-15 14:10:00,0.24761764,0.37275418,14.0,15.46
2026-04-15 14:15:00,0.24761764,0.37256023,13.94,15.4
2026-04-15 14:20:00,0.24761764,0.37252144,13.9,15.38
2026-04-15 14:25:00,0.24765643,0.37252144,13.9,15.3
2026-04-15 14:30:00,0.24765643,0.37256023,13.8,15.3
2026-04-15 14:35:00,0.24761764,0.37256023,13.8,15.24
2026-04-15 14:40:00,0.24765643,0.37271539,13.78,15.2
2026-04-15 14:45:00,0.24769522,0.37248265,13.7,15.2
2026-04-15 14:50:00,0.2477728,0.37259902,13.7,15.1
2026-04-15 14:55:00,0.24769522,0.37244386,13.64,15.1
